0 5 pedestrian 0 0 -10 1130.09 159.17 1241.91 229.55 -10 -10 -10 -100    0 -1000 -1000 -10
0 4 pedestrian 0 0 -10 913.52 141.11 1059.69 206.40 -10 -10 -10 -100    0 -1000 -1000 -10
0 3 pedestrian 0 0 -10 805.57 159.03 959.53 261.60 -10 -10 -10 -100    0 -1000 -1000 -10
0 2 pedestrian 0 0 -10 69.35 179.86 271.55 257.84 -10 -10 -10 -100    0 -1000 -1000 -10
0 1 pedestrian 0 0 -10 429.70 169.92 576.29 226.20 -10 -10 -10 -100    0 -1000 -1000 -10
1 5 pedestrian 0 0 -10 1177.89 156.47 1241.67 228.80 -10 -10 -10 -100    0 -1000 -1000 -10
1 4 pedestrian 0 0 -10 916.10 139.81 1058.79 205.92 -10 -10 -10 -100    0 -1000 -1000 -10
1 3 pedestrian 0 0 -10 829.98 156.13 991.51 263.39 -10 -10 -10 -100    0 -1000 -1000 -10
1 2 pedestrian 0 0 -10 0.00 181.67 219.58 267.86 -10 -10 -10 -100    0 -1000 -1000 -10
1 1 pedestrian 0 0 -10 399.05 169.16 554.34 229.29 -10 -10 -10 -100    0 -1000 -1000 -10
2 6 pedestrian 0 0 -10 1226.81 150.80 1241.85 221.83 -10 -10 -10 -100    0 -1000 -1000 -10
2 5 pedestrian 0 0 -10 1203.38 144.25 1242.00 197.97 -10 -10 -10 -100    0 -1000 -1000 -10
2 4 pedestrian 0 0 -10 912.02 137.81 1053.59 205.58 -10 -10 -10 -100    0 -1000 -1000 -10
2 3 pedestrian 0 0 -10 855.90 153.73 1024.06 264.60 -10 -10 -10 -100    0 -1000 -1000 -10
2 2 pedestrian 0 0 -10 0.00 180.57 160.02 273.68 -10 -10 -10 -100    0 -1000 -1000 -10
2 1 pedestrian 0 0 -10 364.00 167.57 528.46 231.00 -10 -10 -10 -100    0 -1000 -1000 -10
3 5 pedestrian 0 0 -10 1205.46 143.46 1241.74 197.69 -10 -10 -10 -100    0 -1000 -1000 -10
3 4 pedestrian 0 0 -10 894.23 134.83 1045.29 205.85 -10 -10 -10 -100    0 -1000 -1000 -10
3 3 pedestrian 0 0 -10 882.30 151.76 1057.18 263.93 -10 -10 -10 -100    0 -1000 -1000 -10
3 2 pedestrian 0 0 -10 0.00 180.94 87.81 280.43 -10 -10 -10 -100    0 -1000 -1000 -10
3 1 pedestrian 0 0 -10 324.07 166.39 498.78 233.01 -10 -10 -10 -100    0 -1000 -1000 -10
4 5 pedestrian 0 0 -10 1203.56 141.59 1241.63 198.32 -10 -10 -10 -100    0 -1000 -1000 -10
4 4 pedestrian 0 0 -10 884.92 132.72 1036.24 208.18 -10 -10 -10 -100    0 -1000 -1000 -10
4 3 pedestrian 0 0 -10 909.60 150.98 1094.17 262.63 -10 -10 -10 -100    0 -1000 -1000 -10
4 1 pedestrian 0 0 -10 278.27 164.13 465.96 236.03 -10 -10 -10 -100    0 -1000 -1000 -10
5 5 pedestrian 0 0 -10 1197.42 144.18 1241.69 200.98 -10 -10 -10 -100    0 -1000 -1000 -10
5 4 pedestrian 0 0 -10 870.06 134.07 1023.32 210.47 -10 -10 -10 -100    0 -1000 -1000 -10
5 3 pedestrian 0 0 -10 937.73 148.10 1131.47 263.35 -10 -10 -10 -100    0 -1000 -1000 -10
5 1 pedestrian 0 0 -10 223.42 164.01 428.27 241.05 -10 -10 -10 -100    0 -1000 -1000 -10
6 5 pedestrian 0 0 -10 1188.67 145.97 1241.74 204.98 -10 -10 -10 -100    0 -1000 -1000 -10
6 4 pedestrian 0 0 -10 852.23 135.86 1009.74 214.57 -10 -10 -10 -100    0 -1000 -1000 -10
6 3 pedestrian 0 0 -10 966.97 146.83 1167.21 264.78 -10 -10 -10 -100    0 -1000 -1000 -10
6 1 pedestrian 0 0 -10 160.18 163.79 384.13 247.49 -10 -10 -10 -100    0 -1000 -1000 -10
7 5 pedestrian 0 0 -10 1177.00 150.53 1241.99 207.84 -10 -10 -10 -100    0 -1000 -1000 -10
7 4 pedestrian 0 0 -10 832.64 137.66 992.70 218.41 -10 -10 -10 -100    0 -1000 -1000 -10
7 3 pedestrian 0 0 -10 995.11 147.06 1203.62 266.75 -10 -10 -10 -100    0 -1000 -1000 -10
7 1 pedestrian 0 0 -10 84.25 166.60 333.61 257.78 -10 -10 -10 -100    0 -1000 -1000 -10
8 5 pedestrian 0 0 -10 1164.57 151.74 1241.94 211.21 -10 -10 -10 -100    0 -1000 -1000 -10
8 4 pedestrian 0 0 -10 806.06 138.60 972.99 222.49 -10 -10 -10 -100    0 -1000 -1000 -10
8 3 pedestrian 0 0 -10 1023.42 147.41 1237.45 269.32 -10 -10 -10 -100    0 -1000 -1000 -10
8 1 pedestrian 0 0 -10 1.29 166.35 275.13 268.04 -10 -10 -10 -100    0 -1000 -1000 -10
9 5 pedestrian 0 0 -10 1147.66 150.93 1241.80 211.26 -10 -10 -10 -100    0 -1000 -1000 -10
9 4 pedestrian 0 0 -10 777.56 138.60 946.60 225.33 -10 -10 -10 -100    0 -1000 -1000 -10
9 3 pedestrian 0 0 -10 1049.39 148.31 1242.00 270.70 -10 -10 -10 -100    0 -1000 -1000 -10
9 1 pedestrian 0 0 -10 0.00 165.94 204.15 274.35 -10 -10 -10 -100    0 -1000 -1000 -10
10 5 pedestrian 0 0 -10 1119.09 151.98 1240.47 210.63 -10 -10 -10 -100    0 -1000 -1000 -10
10 4 pedestrian 0 0 -10 745.69 138.19 916.84 228.48 -10 -10 -10 -100    0 -1000 -1000 -10
10 3 pedestrian 0 0 -10 1072.64 149.20 1241.43 271.44 -10 -10 -10 -100    0 -1000 -1000 -10
10 1 pedestrian 0 0 -10 0.00 167.67 119.89 281.69 -10 -10 -10 -100    0 -1000 -1000 -10
11 4 pedestrian 0 0 -10 709.07 138.88 884.76 231.77 -10 -10 -10 -100    0 -1000 -1000 -10
11 3 pedestrian 0 0 -10 1092.15 149.07 1242.00 274.73 -10 -10 -10 -100    0 -1000 -1000 -10
12 4 pedestrian 0 0 -10 668.67 141.64 847.48 239.33 -10 -10 -10 -100    0 -1000 -1000 -10
12 3 pedestrian 0 0 -10 1110.46 152.30 1242.00 278.53 -10 -10 -10 -100    0 -1000 -1000 -10
13 4 pedestrian 0 0 -10 620.22 146.85 807.79 248.99 -10 -10 -10 -100    0 -1000 -1000 -10
13 3 pedestrian 0 0 -10 1122.60 160.23 1241.83 285.55 -10 -10 -10 -100    0 -1000 -1000 -10
14 5 pedestrian 0 0 -10 983.94 169.30 1121.76 234.72 -10 -10 -10 -100    0 -1000 -1000 -10
14 4 pedestrian 0 0 -10 569.79 150.55 763.96 256.56 -10 -10 -10 -100    0 -1000 -1000 -10
14 3 pedestrian 0 0 -10 1131.05 166.21 1241.91 289.72 -10 -10 -10 -100    0 -1000 -1000 -10
15 5 pedestrian 0 0 -10 942.26 171.02 1078.96 237.60 -10 -10 -10 -100    0 -1000 -1000 -10
15 4 pedestrian 0 0 -10 514.00 150.45 716.95 263.84 -10 -10 -10 -100    0 -1000 -1000 -10
15 3 pedestrian 0 0 -10 1137.27 167.61 1241.84 289.95 -10 -10 -10 -100    0 -1000 -1000 -10
16 5 pedestrian 0 0 -10 900.85 172.93 1038.14 241.59 -10 -10 -10 -100    0 -1000 -1000 -10
16 4 pedestrian 0 0 -10 449.69 151.43 666.11 271.60 -10 -10 -10 -100    0 -1000 -1000 -10
16 3 pedestrian 0 0 -10 1140.03 170.06 1241.78 288.66 -10 -10 -10 -100    0 -1000 -1000 -10
17 5 pedestrian 0 0 -10 858.81 175.28 995.43 245.89 -10 -10 -10 -100    0 -1000 -1000 -10
17 4 pedestrian 0 0 -10 379.00 152.58 610.85 281.03 -10 -10 -10 -100    0 -1000 -1000 -10
17 3 pedestrian 0 0 -10 1139.18 172.79 1241.87 289.01 -10 -10 -10 -100    0 -1000 -1000 -10
18 5 pedestrian 0 0 -10 812.60 175.78 953.20 248.67 -10 -10 -10 -100    0 -1000 -1000 -10
18 4 pedestrian 0 0 -10 299.47 150.48 552.73 289.41 -10 -10 -10 -100    0 -1000 -1000 -10
18 3 pedestrian 0 0 -10 1132.89 174.65 1241.97 287.80 -10 -10 -10 -100    0 -1000 -1000 -10
19 7 pedestrian 0 0 -10 988.26 179.44 1093.75 232.42 -10 -10 -10 -100    0 -1000 -1000 -10
19 5 pedestrian 0 0 -10 769.75 175.94 910.85 251.25 -10 -10 -10 -100    0 -1000 -1000 -10
19 4 pedestrian 0 0 -10 203.35 147.68 485.33 303.77 -10 -10 -10 -100    0 -1000 -1000 -10
19 3 pedestrian 0 0 -10 1126.52 173.43 1242.00 284.89 -10 -10 -10 -100    0 -1000 -1000 -10
20 7 pedestrian 0 0 -10 950.08 178.46 1054.64 231.37 -10 -10 -10 -100    0 -1000 -1000 -10
20 5 pedestrian 0 0 -10 723.25 175.91 869.29 254.27 -10 -10 -10 -100    0 -1000 -1000 -10
20 4 pedestrian 0 0 -10 83.54 146.09 417.29 318.40 -10 -10 -10 -100    0 -1000 -1000 -10
20 3 pedestrian 0 0 -10 1118.77 171.91 1241.85 280.47 -10 -10 -10 -100    0 -1000 -1000 -10
21 7 pedestrian 0 0 -10 915.57 178.35 1016.47 232.81 -10 -10 -10 -100    0 -1000 -1000 -10
21 5 pedestrian 0 0 -10 674.87 176.49 825.23 260.26 -10 -10 -10 -100    0 -1000 -1000 -10
21 4 pedestrian 0 0 -10 0.00 145.13 331.40 339.98 -10 -10 -10 -100    0 -1000 -1000 -10
21 3 pedestrian 0 0 -10 1109.50 172.35 1242.00 276.83 -10 -10 -10 -100    0 -1000 -1000 -10
22 8 pedestrian 0 0 -10 1007.22 179.85 1086.51 220.33 -10 -10 -10 -100    0 -1000 -1000 -10
22 7 pedestrian 0 0 -10 877.08 179.86 980.67 234.44 -10 -10 -10 -100    0 -1000 -1000 -10
22 5 pedestrian 0 0 -10 622.63 177.63 782.84 267.73 -10 -10 -10 -100    0 -1000 -1000 -10
22 4 pedestrian 0 0 -10 0.00 144.23 230.27 351.28 -10 -10 -10 -100    0 -1000 -1000 -10
22 3 pedestrian 0 0 -10 1095.59 174.08 1232.97 274.83 -10 -10 -10 -100    0 -1000 -1000 -10
23 8 pedestrian 0 0 -10 970.18 181.89 1047.15 222.81 -10 -10 -10 -100    0 -1000 -1000 -10
23 7 pedestrian 0 0 -10 838.92 182.02 940.17 238.16 -10 -10 -10 -100    0 -1000 -1000 -10
23 5 pedestrian 0 0 -10 565.69 178.81 734.45 274.52 -10 -10 -10 -100    0 -1000 -1000 -10
23 4 pedestrian 0 0 -10 0.17 145.86 106.26 357.52 -10 -10 -10 -100    0 -1000 -1000 -10
23 3 pedestrian 0 0 -10 1077.95 177.23 1206.58 274.77 -10 -10 -10 -100    0 -1000 -1000 -10
24 8 pedestrian 0 0 -10 933.70 185.85 1007.94 226.42 -10 -10 -10 -100    0 -1000 -1000 -10
24 7 pedestrian 0 0 -10 798.44 185.13 900.76 242.53 -10 -10 -10 -100    0 -1000 -1000 -10
24 5 pedestrian 0 0 -10 500.87 180.80 685.80 282.42 -10 -10 -10 -100    0 -1000 -1000 -10
24 3 pedestrian 0 0 -10 1058.53 181.68 1177.67 275.84 -10 -10 -10 -100    0 -1000 -1000 -10
25 8 pedestrian 0 0 -10 895.81 186.82 967.99 227.47 -10 -10 -10 -100    0 -1000 -1000 -10
25 7 pedestrian 0 0 -10 756.04 185.78 861.75 245.13 -10 -10 -10 -100    0 -1000 -1000 -10
25 5 pedestrian 0 0 -10 427.55 179.66 632.41 292.20 -10 -10 -10 -100    0 -1000 -1000 -10
25 3 pedestrian 0 0 -10 1034.35 183.52 1146.87 274.19 -10 -10 -10 -100    0 -1000 -1000 -10
26 8 pedestrian 0 0 -10 857.11 184.93 927.42 225.61 -10 -10 -10 -100    0 -1000 -1000 -10
26 7 pedestrian 0 0 -10 715.38 183.71 819.44 245.90 -10 -10 -10 -100    0 -1000 -1000 -10
26 5 pedestrian 0 0 -10 341.56 177.78 573.77 304.68 -10 -10 -10 -100    0 -1000 -1000 -10
26 3 pedestrian 0 0 -10 1008.90 180.71 1111.86 267.83 -10 -10 -10 -100    0 -1000 -1000 -10
27 8 pedestrian 0 0 -10 816.19 182.95 886.43 224.59 -10 -10 -10 -100    0 -1000 -1000 -10
27 7 pedestrian 0 0 -10 665.94 183.18 777.45 246.76 -10 -10 -10 -100    0 -1000 -1000 -10
27 5 pedestrian 0 0 -10 232.19 176.26 504.36 319.23 -10 -10 -10 -100    0 -1000 -1000 -10
27 3 pedestrian 0 0 -10 979.76 179.63 1074.00 262.01 -10 -10 -10 -100    0 -1000 -1000 -10
28 8 pedestrian 0 0 -10 776.27 183.35 846.05 225.44 -10 -10 -10 -100    0 -1000 -1000 -10
28 7 pedestrian 0 0 -10 614.62 183.89 731.82 251.07 -10 -10 -10 -100    0 -1000 -1000 -10
28 5 pedestrian 0 0 -10 90.74 175.05 424.87 341.17 -10 -10 -10 -100    0 -1000 -1000 -10
28 3 pedestrian 0 0 -10 950.18 180.68 1035.38 258.86 -10 -10 -10 -100    0 -1000 -1000 -10
29 8 pedestrian 0 0 -10 736.26 183.81 806.16 226.80 -10 -10 -10 -100    0 -1000 -1000 -10
29 7 pedestrian 0 0 -10 560.98 183.57 685.80 256.15 -10 -10 -10 -100    0 -1000 -1000 -10
29 5 pedestrian 0 0 -10 0.00 172.79 329.44 368.80 -10 -10 -10 -100    0 -1000 -1000 -10
29 3 pedestrian 0 0 -10 918.97 181.19 997.62 257.15 -10 -10 -10 -100    0 -1000 -1000 -10
30 8 pedestrian 0 0 -10 694.03 182.94 766.13 227.00 -10 -10 -10 -100    0 -1000 -1000 -10
30 7 pedestrian 0 0 -10 503.41 182.75 638.20 260.31 -10 -10 -10 -100    0 -1000 -1000 -10
30 5 pedestrian 0 0 -10 0.00 169.15 206.24 375.00 -10 -10 -10 -100    0 -1000 -1000 -10
30 3 pedestrian 0 0 -10 886.56 181.57 959.96 253.86 -10 -10 -10 -100    0 -1000 -1000 -10
31 19 pedestrian 0 0 -10 815.69 178.11 840.22 194.13 -10 -10 -10 -100    0 -1000 -1000 -10
31 8 pedestrian 0 0 -10 653.22 182.91 723.75 227.48 -10 -10 -10 -100    0 -1000 -1000 -10
31 7 pedestrian 0 0 -10 439.63 181.48 587.72 265.64 -10 -10 -10 -100    0 -1000 -1000 -10
31 3 pedestrian 0 0 -10 854.06 180.77 922.15 251.16 -10 -10 -10 -100    0 -1000 -1000 -10
32 8 pedestrian 0 0 -10 610.26 182.67 683.89 228.37 -10 -10 -10 -100    0 -1000 -1000 -10
32 7 pedestrian 0 0 -10 362.53 181.41 534.28 273.76 -10 -10 -10 -100    0 -1000 -1000 -10
32 3 pedestrian 0 0 -10 819.75 180.13 884.38 247.69 -10 -10 -10 -100    0 -1000 -1000 -10
33 8 pedestrian 0 0 -10 565.46 181.65 643.18 229.22 -10 -10 -10 -100    0 -1000 -1000 -10
33 7 pedestrian 0 0 -10 274.48 180.29 473.60 285.45 -10 -10 -10 -100    0 -1000 -1000 -10
33 3 pedestrian 0 0 -10 786.70 179.02 846.26 244.24 -10 -10 -10 -100    0 -1000 -1000 -10
34 8 pedestrian 0 0 -10 518.09 180.70 599.32 230.94 -10 -10 -10 -100    0 -1000 -1000 -10
34 7 pedestrian 0 0 -10 163.26 180.64 406.05 301.91 -10 -10 -10 -100    0 -1000 -1000 -10
34 3 pedestrian 0 0 -10 751.48 178.10 809.10 241.21 -10 -10 -10 -100    0 -1000 -1000 -10
35 8 pedestrian 0 0 -10 470.04 181.12 557.39 233.09 -10 -10 -10 -100    0 -1000 -1000 -10
35 7 pedestrian 0 0 -10 18.66 181.08 328.86 328.40 -10 -10 -10 -100    0 -1000 -1000 -10
35 3 pedestrian 0 0 -10 718.72 177.93 773.72 238.83 -10 -10 -10 -100    0 -1000 -1000 -10
36 8 pedestrian 0 0 -10 423.04 180.51 520.22 236.87 -10 -10 -10 -100    0 -1000 -1000 -10
36 7 pedestrian 0 0 -10 0.00 181.41 237.38 352.23 -10 -10 -10 -100    0 -1000 -1000 -10
36 3 pedestrian 0 0 -10 688.40 177.73 741.94 237.06 -10 -10 -10 -100    0 -1000 -1000 -10
37 29 pedestrian 0 0 -10 574.30 178.56 600.42 201.82 -10 -10 -10 -100    0 -1000 -1000 -10
37 8 pedestrian 0 0 -10 376.65 181.83 481.22 242.08 -10 -10 -10 -100    0 -1000 -1000 -10
37 7 pedestrian 0 0 -10 0.00 186.94 132.50 361.27 -10 -10 -10 -100    0 -1000 -1000 -10
37 3 pedestrian 0 0 -10 662.81 177.06 714.73 235.82 -10 -10 -10 -100    0 -1000 -1000 -10
38 32 pedestrian 0 0 -10 547.95 179.78 574.10 203.10 -10 -10 -10 -100    0 -1000 -1000 -10
38 29 pedestrian 0 0 -10 572.99 174.16 596.69 189.69 -10 -10 -10 -100    0 -1000 -1000 -10
38 8 pedestrian 0 0 -10 331.50 184.09 445.58 248.28 -10 -10 -10 -100    0 -1000 -1000 -10
38 3 pedestrian 0 0 -10 640.15 177.30 691.43 234.74 -10 -10 -10 -100    0 -1000 -1000 -10
39 29 pedestrian 0 0 -10 553.67 175.11 576.51 188.89 -10 -10 -10 -100    0 -1000 -1000 -10
39 8 pedestrian 0 0 -10 282.70 185.82 412.99 255.85 -10 -10 -10 -100    0 -1000 -1000 -10
39 3 pedestrian 0 0 -10 621.74 177.62 671.39 234.12 -10 -10 -10 -100    0 -1000 -1000 -10
40 29 pedestrian 0 0 -10 538.02 175.31 563.40 190.50 -10 -10 -10 -100    0 -1000 -1000 -10
40 8 pedestrian 0 0 -10 231.75 186.33 379.92 262.65 -10 -10 -10 -100    0 -1000 -1000 -10
40 3 pedestrian 0 0 -10 606.31 177.39 654.39 233.41 -10 -10 -10 -100    0 -1000 -1000 -10
41 35 pedestrian 0 0 -10 490.93 180.50 520.40 204.00 -10 -10 -10 -100    0 -1000 -1000 -10
41 29 pedestrian 0 0 -10 523.58 174.85 544.35 189.43 -10 -10 -10 -100    0 -1000 -1000 -10
41 8 pedestrian 0 0 -10 175.82 187.34 345.67 271.33 -10 -10 -10 -100    0 -1000 -1000 -10
41 3 pedestrian 0 0 -10 593.03 177.64 640.10 232.29 -10 -10 -10 -100    0 -1000 -1000 -10
42 36 pedestrian 0 0 -10 454.13 181.27 490.67 213.05 -10 -10 -10 -100    0 -1000 -1000 -10
42 35 pedestrian 0 0 -10 480.24 182.06 508.50 205.40 -10 -10 -10 -100    0 -1000 -1000 -10
42 29 pedestrian 0 0 -10 511.58 176.36 534.05 190.04 -10 -10 -10 -100    0 -1000 -1000 -10
42 8 pedestrian 0 0 -10 110.28 188.99 310.56 284.29 -10 -10 -10 -100    0 -1000 -1000 -10
42 3 pedestrian 0 0 -10 582.43 178.82 629.02 232.55 -10 -10 -10 -100    0 -1000 -1000 -10
43 39 pedestrian 0 0 -10 538.67 177.90 571.02 192.09 -10 -10 -10 -100    0 -1000 -1000 -10
43 38 pedestrian 0 0 -10 322.99 186.46 408.23 243.43 -10 -10 -10 -100    0 -1000 -1000 -10
43 36 pedestrian 0 0 -10 467.50 183.11 499.19 208.82 -10 -10 -10 -100    0 -1000 -1000 -10
43 29 pedestrian 0 0 -10 504.48 178.08 524.96 191.34 -10 -10 -10 -100    0 -1000 -1000 -10
43 8 pedestrian 0 0 -10 39.42 192.37 280.47 300.97 -10 -10 -10 -100    0 -1000 -1000 -10
43 3 pedestrian 0 0 -10 576.12 179.37 621.63 232.78 -10 -10 -10 -100    0 -1000 -1000 -10
44 39 pedestrian 0 0 -10 535.83 178.82 564.69 192.76 -10 -10 -10 -100    0 -1000 -1000 -10
44 38 pedestrian 0 0 -10 300.35 187.46 394.76 247.96 -10 -10 -10 -100    0 -1000 -1000 -10
44 36 pedestrian 0 0 -10 462.28 185.33 494.62 210.91 -10 -10 -10 -100    0 -1000 -1000 -10
44 29 pedestrian 0 0 -10 499.71 178.77 521.03 192.50 -10 -10 -10 -100    0 -1000 -1000 -10
44 8 pedestrian 0 0 -10 0.00 194.54 240.19 319.18 -10 -10 -10 -100    0 -1000 -1000 -10
44 3 pedestrian 0 0 -10 571.75 180.04 617.04 232.65 -10 -10 -10 -100    0 -1000 -1000 -10
44 40 pedestrian 0 0 -10 384.80 183.88 445.05 227.94 -10 -10 -10 -100    0 -1000 -1000 -10
45 39 pedestrian 0 0 -10 533.51 179.19 564.81 193.32 -10 -10 -10 -100    0 -1000 -1000 -10
45 38 pedestrian 0 0 -10 277.09 188.74 380.15 253.11 -10 -10 -10 -100    0 -1000 -1000 -10
45 36 pedestrian 0 0 -10 457.70 184.71 491.04 211.56 -10 -10 -10 -100    0 -1000 -1000 -10
45 8 pedestrian 0 0 -10 0.04 197.81 197.74 343.61 -10 -10 -10 -100    0 -1000 -1000 -10
45 3 pedestrian 0 0 -10 569.86 180.10 614.13 231.64 -10 -10 -10 -100    0 -1000 -1000 -10
45 40 pedestrian 0 0 -10 371.46 185.32 436.57 231.73 -10 -10 -10 -100    0 -1000 -1000 -10
46 41 pedestrian 0 0 -10 422.66 184.35 463.03 219.25 -10 -10 -10 -100    0 -1000 -1000 -10
46 38 pedestrian 0 0 -10 249.41 189.77 365.63 259.19 -10 -10 -10 -100    0 -1000 -1000 -10
46 36 pedestrian 0 0 -10 452.37 185.88 487.48 213.38 -10 -10 -10 -100    0 -1000 -1000 -10
46 8 pedestrian 0 0 -10 0.00 202.02 143.37 351.66 -10 -10 -10 -100    0 -1000 -1000 -10
46 3 pedestrian 0 0 -10 568.38 180.51 612.52 231.10 -10 -10 -10 -100    0 -1000 -1000 -10
46 40 pedestrian 0 0 -10 357.86 186.26 426.99 235.72 -10 -10 -10 -100    0 -1000 -1000 -10
47 41 pedestrian 0 0 -10 415.88 184.46 459.87 221.59 -10 -10 -10 -100    0 -1000 -1000 -10
47 38 pedestrian 0 0 -10 217.94 189.67 348.93 265.97 -10 -10 -10 -100    0 -1000 -1000 -10
47 36 pedestrian 0 0 -10 448.96 186.31 485.28 213.57 -10 -10 -10 -100    0 -1000 -1000 -10
47 35 pedestrian 0 0 -10 494.02 179.42 514.49 192.67 -10 -10 -10 -100    0 -1000 -1000 -10
47 8 pedestrian 0 0 -10 0.14 190.57 74.86 375.00 -10 -10 -10 -100    0 -1000 -1000 -10
47 3 pedestrian 0 0 -10 567.78 180.05 611.56 230.11 -10 -10 -10 -100    0 -1000 -1000 -10
47 40 pedestrian 0 0 -10 345.84 187.76 418.82 239.59 -10 -10 -10 -100    0 -1000 -1000 -10
48 41 pedestrian 0 0 -10 409.92 183.99 454.76 222.80 -10 -10 -10 -100    0 -1000 -1000 -10
48 38 pedestrian 0 0 -10 180.33 190.91 327.57 273.62 -10 -10 -10 -100    0 -1000 -1000 -10
48 36 pedestrian 0 0 -10 446.45 187.41 484.04 213.88 -10 -10 -10 -100    0 -1000 -1000 -10
48 3 pedestrian 0 0 -10 567.68 179.69 610.59 229.18 -10 -10 -10 -100    0 -1000 -1000 -10
48 40 pedestrian 0 0 -10 330.38 187.88 409.53 243.61 -10 -10 -10 -100    0 -1000 -1000 -10
49 41 pedestrian 0 0 -10 402.34 184.22 450.57 225.22 -10 -10 -10 -100    0 -1000 -1000 -10
49 38 pedestrian 0 0 -10 134.99 190.13 304.18 282.37 -10 -10 -10 -100    0 -1000 -1000 -10
49 36 pedestrian 0 0 -10 445.75 187.39 483.10 213.61 -10 -10 -10 -100    0 -1000 -1000 -10
49 3 pedestrian 0 0 -10 567.86 179.26 610.19 227.74 -10 -10 -10 -100    0 -1000 -1000 -10
49 40 pedestrian 0 0 -10 315.66 189.08 400.05 247.52 -10 -10 -10 -100    0 -1000 -1000 -10
50 41 pedestrian 0 0 -10 394.46 184.40 444.51 227.45 -10 -10 -10 -100    0 -1000 -1000 -10
50 38 pedestrian 0 0 -10 79.91 192.16 276.61 296.29 -10 -10 -10 -100    0 -1000 -1000 -10
50 36 pedestrian 0 0 -10 443.27 188.25 480.94 215.33 -10 -10 -10 -100    0 -1000 -1000 -10
50 3 pedestrian 0 0 -10 568.35 179.94 610.09 228.07 -10 -10 -10 -100    0 -1000 -1000 -10
50 40 pedestrian 0 0 -10 297.48 190.11 388.14 252.60 -10 -10 -10 -100    0 -1000 -1000 -10
51 41 pedestrian 0 0 -10 386.43 185.74 438.92 229.60 -10 -10 -10 -100    0 -1000 -1000 -10
51 38 pedestrian 0 0 -10 4.26 194.71 243.16 312.98 -10 -10 -10 -100    0 -1000 -1000 -10
51 36 pedestrian 0 0 -10 439.85 188.44 478.66 217.48 -10 -10 -10 -100    0 -1000 -1000 -10
51 3 pedestrian 0 0 -10 568.41 180.90 609.88 228.92 -10 -10 -10 -100    0 -1000 -1000 -10
51 40 pedestrian 0 0 -10 276.76 191.61 376.72 258.20 -10 -10 -10 -100    0 -1000 -1000 -10
52 41 pedestrian 0 0 -10 375.55 185.94 432.07 232.22 -10 -10 -10 -100    0 -1000 -1000 -10
52 38 pedestrian 0 0 -10 0.00 197.16 200.94 333.48 -10 -10 -10 -100    0 -1000 -1000 -10
52 36 pedestrian 0 0 -10 434.49 188.94 477.22 218.98 -10 -10 -10 -100    0 -1000 -1000 -10
52 3 pedestrian 0 0 -10 568.97 181.10 609.92 228.11 -10 -10 -10 -100    0 -1000 -1000 -10
52 40 pedestrian 0 0 -10 251.62 191.26 361.86 265.40 -10 -10 -10 -100    0 -1000 -1000 -10
53 38 pedestrian 0 0 -10 0.00 198.58 148.17 354.64 -10 -10 -10 -100    0 -1000 -1000 -10
53 36 pedestrian 0 0 -10 431.79 189.13 474.40 218.41 -10 -10 -10 -100    0 -1000 -1000 -10
53 41 pedestrian 0 0 -10 365.88 184.85 424.59 233.15 -10 -10 -10 -100    0 -1000 -1000 -10
53 3 pedestrian 0 0 -10 569.94 180.05 610.14 225.95 -10 -10 -10 -100    0 -1000 -1000 -10
53 40 pedestrian 0 0 -10 221.80 191.75 344.28 272.06 -10 -10 -10 -100    0 -1000 -1000 -10
54 36 pedestrian 0 0 -10 427.04 188.59 470.91 218.92 -10 -10 -10 -100    0 -1000 -1000 -10
54 41 pedestrian 0 0 -10 353.86 183.60 417.25 234.93 -10 -10 -10 -100    0 -1000 -1000 -10
54 38 pedestrian 0 0 -10 0.14 205.44 79.50 355.64 -10 -10 -10 -100    0 -1000 -1000 -10
54 3 pedestrian 0 0 -10 570.10 179.05 610.17 223.92 -10 -10 -10 -100    0 -1000 -1000 -10
54 40 pedestrian 0 0 -10 181.66 191.64 326.96 280.57 -10 -10 -10 -100    0 -1000 -1000 -10
55 36 pedestrian 0 0 -10 422.35 188.49 468.01 220.80 -10 -10 -10 -100    0 -1000 -1000 -10
55 41 pedestrian 0 0 -10 340.87 183.33 410.08 238.08 -10 -10 -10 -100    0 -1000 -1000 -10
55 3 pedestrian 0 0 -10 570.76 179.23 610.99 224.13 -10 -10 -10 -100    0 -1000 -1000 -10
55 40 pedestrian 0 0 -10 136.23 192.55 303.07 292.06 -10 -10 -10 -100    0 -1000 -1000 -10
56 35 pedestrian 0 0 -10 496.58 179.30 518.41 193.78 -10 -10 -10 -100    0 -1000 -1000 -10
56 36 pedestrian 0 0 -10 418.09 188.83 463.83 222.79 -10 -10 -10 -100    0 -1000 -1000 -10
56 41 pedestrian 0 0 -10 325.37 186.19 400.89 243.62 -10 -10 -10 -100    0 -1000 -1000 -10
56 39 pedestrian 0 0 -10 533.25 179.05 566.25 193.68 -10 -10 -10 -100    0 -1000 -1000 -10
56 3 pedestrian 0 0 -10 571.46 181.18 610.99 226.47 -10 -10 -10 -100    0 -1000 -1000 -10
56 40 pedestrian 0 0 -10 75.77 195.69 274.97 307.51 -10 -10 -10 -100    0 -1000 -1000 -10
57 36 pedestrian 0 0 -10 411.47 190.19 462.14 224.39 -10 -10 -10 -100    0 -1000 -1000 -10
57 41 pedestrian 0 0 -10 307.50 188.40 390.70 249.11 -10 -10 -10 -100    0 -1000 -1000 -10
57 3 pedestrian 0 0 -10 572.59 183.62 611.10 228.39 -10 -10 -10 -100    0 -1000 -1000 -10
57 40 pedestrian 0 0 -10 1.12 195.50 240.75 323.79 -10 -10 -10 -100    0 -1000 -1000 -10
58 36 pedestrian 0 0 -10 404.83 189.44 458.30 227.35 -10 -10 -10 -100    0 -1000 -1000 -10
58 41 pedestrian 0 0 -10 286.69 189.40 379.14 255.88 -10 -10 -10 -100    0 -1000 -1000 -10
58 3 pedestrian 0 0 -10 573.71 184.79 611.75 229.41 -10 -10 -10 -100    0 -1000 -1000 -10
58 40 pedestrian 0 0 -10 0.00 195.53 198.37 344.27 -10 -10 -10 -100    0 -1000 -1000 -10
59 36 pedestrian 0 0 -10 398.61 188.21 454.67 227.14 -10 -10 -10 -100    0 -1000 -1000 -10
59 41 pedestrian 0 0 -10 263.38 188.35 364.73 260.44 -10 -10 -10 -100    0 -1000 -1000 -10
59 3 pedestrian 0 0 -10 574.99 183.91 612.59 227.95 -10 -10 -10 -100    0 -1000 -1000 -10
59 40 pedestrian 0 0 -10 0.00 194.09 142.60 352.86 -10 -10 -10 -100    0 -1000 -1000 -10
60 36 pedestrian 0 0 -10 390.36 190.20 450.32 227.36 -10 -10 -10 -100    0 -1000 -1000 -10
60 41 pedestrian 0 0 -10 234.31 187.62 348.66 265.87 -10 -10 -10 -100    0 -1000 -1000 -10
60 3 pedestrian 0 0 -10 576.52 182.49 613.64 225.66 -10 -10 -10 -100    0 -1000 -1000 -10
60 40 pedestrian 0 0 -10 0.19 193.37 65.90 351.63 -10 -10 -10 -100    0 -1000 -1000 -10
61 35 pedestrian 0 0 -10 503.45 176.42 525.50 190.64 -10 -10 -10 -100    0 -1000 -1000 -10
61 36 pedestrian 0 0 -10 383.19 187.34 445.11 227.20 -10 -10 -10 -100    0 -1000 -1000 -10
61 41 pedestrian 0 0 -10 199.89 186.59 328.29 272.01 -10 -10 -10 -100    0 -1000 -1000 -10
61 3 pedestrian 0 0 -10 578.28 180.06 615.06 222.21 -10 -10 -10 -100    0 -1000 -1000 -10
62 35 pedestrian 0 0 -10 504.80 174.96 527.38 189.37 -10 -10 -10 -100    0 -1000 -1000 -10
62 36 pedestrian 0 0 -10 373.33 185.57 440.30 227.66 -10 -10 -10 -100    0 -1000 -1000 -10
62 41 pedestrian 0 0 -10 157.51 185.93 305.17 281.40 -10 -10 -10 -100    0 -1000 -1000 -10
62 39 pedestrian 0 0 -10 542.04 175.55 574.58 189.09 -10 -10 -10 -100    0 -1000 -1000 -10
62 3 pedestrian 0 0 -10 580.17 179.33 616.49 220.77 -10 -10 -10 -100    0 -1000 -1000 -10
63 35 pedestrian 0 0 -10 507.59 172.80 530.87 187.75 -10 -10 -10 -100    0 -1000 -1000 -10
63 36 pedestrian 0 0 -10 363.53 184.48 434.22 230.13 -10 -10 -10 -100    0 -1000 -1000 -10
63 41 pedestrian 0 0 -10 101.70 186.58 277.87 294.14 -10 -10 -10 -100    0 -1000 -1000 -10
63 39 pedestrian 0 0 -10 544.00 174.63 574.60 188.29 -10 -10 -10 -100    0 -1000 -1000 -10
63 3 pedestrian 0 0 -10 581.57 177.56 617.58 218.84 -10 -10 -10 -100    0 -1000 -1000 -10
64 35 pedestrian 0 0 -10 505.99 172.14 532.56 187.61 -10 -10 -10 -100    0 -1000 -1000 -10
64 36 pedestrian 0 0 -10 351.35 185.43 428.35 234.06 -10 -10 -10 -100    0 -1000 -1000 -10
64 41 pedestrian 0 0 -10 27.27 188.92 242.72 310.19 -10 -10 -10 -100    0 -1000 -1000 -10
64 39 pedestrian 0 0 -10 545.50 174.37 577.66 188.68 -10 -10 -10 -100    0 -1000 -1000 -10
64 3 pedestrian 0 0 -10 583.53 178.31 618.95 219.01 -10 -10 -10 -100    0 -1000 -1000 -10
65 35 pedestrian 0 0 -10 504.96 173.97 532.14 190.59 -10 -10 -10 -100    0 -1000 -1000 -10
65 36 pedestrian 0 0 -10 337.23 190.60 420.17 239.94 -10 -10 -10 -100    0 -1000 -1000 -10
65 41 pedestrian 0 0 -10 0.00 191.35 199.87 336.08 -10 -10 -10 -100    0 -1000 -1000 -10
65 39 pedestrian 0 0 -10 546.83 176.16 579.00 190.30 -10 -10 -10 -100    0 -1000 -1000 -10
65 3 pedestrian 0 0 -10 585.89 179.69 620.32 220.46 -10 -10 -10 -100    0 -1000 -1000 -10
66 35 pedestrian 0 0 -10 508.02 174.60 533.20 191.15 -10 -10 -10 -100    0 -1000 -1000 -10
66 36 pedestrian 0 0 -10 319.86 192.56 412.58 247.03 -10 -10 -10 -100    0 -1000 -1000 -10
66 41 pedestrian 0 0 -10 0.00 192.81 144.44 361.33 -10 -10 -10 -100    0 -1000 -1000 -10
66 39 pedestrian 0 0 -10 548.73 178.24 582.16 192.29 -10 -10 -10 -100    0 -1000 -1000 -10
66 3 pedestrian 0 0 -10 587.55 180.94 621.52 220.68 -10 -10 -10 -100    0 -1000 -1000 -10
67 35 pedestrian 0 0 -10 509.13 172.81 535.07 189.08 -10 -10 -10 -100    0 -1000 -1000 -10
67 36 pedestrian 0 0 -10 299.66 190.30 402.29 249.40 -10 -10 -10 -100    0 -1000 -1000 -10
67 41 pedestrian 0 0 -10 0.15 195.06 69.31 357.30 -10 -10 -10 -100    0 -1000 -1000 -10
67 39 pedestrian 0 0 -10 549.73 175.33 582.75 189.76 -10 -10 -10 -100    0 -1000 -1000 -10
67 3 pedestrian 0 0 -10 588.66 178.45 622.55 218.14 -10 -10 -10 -100    0 -1000 -1000 -10
68 35 pedestrian 0 0 -10 509.58 168.36 535.12 185.18 -10 -10 -10 -100    0 -1000 -1000 -10
68 36 pedestrian 0 0 -10 274.98 187.97 389.58 250.67 -10 -10 -10 -100    0 -1000 -1000 -10
68 39 pedestrian 0 0 -10 550.93 170.96 582.18 185.14 -10 -10 -10 -100    0 -1000 -1000 -10
68 3 pedestrian 0 0 -10 590.02 173.53 623.01 212.30 -10 -10 -10 -100    0 -1000 -1000 -10
68 42 pedestrian 0 0 -10 457.16 163.29 483.84 186.50 -10 -10 -10 -100    0 -1000 -1000 -10
69 36 pedestrian 0 0 -10 244.30 185.42 374.43 253.78 -10 -10 -10 -100    0 -1000 -1000 -10
69 35 pedestrian 0 0 -10 512.08 165.14 536.49 181.89 -10 -10 -10 -100    0 -1000 -1000 -10
69 39 pedestrian 0 0 -10 552.80 167.75 585.44 183.32 -10 -10 -10 -100    0 -1000 -1000 -10
69 3 pedestrian 0 0 -10 590.54 170.12 623.74 208.70 -10 -10 -10 -100    0 -1000 -1000 -10
69 42 pedestrian 0 0 -10 456.97 158.96 482.67 184.06 -10 -10 -10 -100    0 -1000 -1000 -10
70 36 pedestrian 0 0 -10 206.94 189.07 356.28 264.90 -10 -10 -10 -100    0 -1000 -1000 -10
70 39 pedestrian 0 0 -10 551.68 168.46 580.41 183.56 -10 -10 -10 -100    0 -1000 -1000 -10
70 3 pedestrian 0 0 -10 590.80 171.15 623.83 209.54 -10 -10 -10 -100    0 -1000 -1000 -10
70 42 pedestrian 0 0 -10 455.88 160.43 482.89 185.18 -10 -10 -10 -100    0 -1000 -1000 -10
71 36 pedestrian 0 0 -10 160.56 196.07 333.05 282.65 -10 -10 -10 -100    0 -1000 -1000 -10
71 39 pedestrian 0 0 -10 552.89 174.75 577.16 189.18 -10 -10 -10 -100    0 -1000 -1000 -10
71 3 pedestrian 0 0 -10 590.73 176.55 623.87 214.77 -10 -10 -10 -100    0 -1000 -1000 -10
71 42 pedestrian 0 0 -10 452.74 165.15 481.62 190.66 -10 -10 -10 -100    0 -1000 -1000 -10
72 36 pedestrian 0 0 -10 99.70 200.76 305.77 300.58 -10 -10 -10 -100    0 -1000 -1000 -10
72 39 pedestrian 0 0 -10 552.81 178.77 573.50 193.40 -10 -10 -10 -100    0 -1000 -1000 -10
72 3 pedestrian 0 0 -10 591.20 180.97 623.77 218.21 -10 -10 -10 -100    0 -1000 -1000 -10
72 42 pedestrian 0 0 -10 451.67 169.35 481.91 194.34 -10 -10 -10 -100    0 -1000 -1000 -10
73 36 pedestrian 0 0 -10 17.62 204.70 271.09 320.45 -10 -10 -10 -100    0 -1000 -1000 -10
73 35 pedestrian 0 0 -10 515.19 178.62 536.29 193.90 -10 -10 -10 -100    0 -1000 -1000 -10
73 39 pedestrian 0 0 -10 552.67 178.92 572.53 193.75 -10 -10 -10 -100    0 -1000 -1000 -10
73 3 pedestrian 0 0 -10 590.72 181.23 623.10 218.38 -10 -10 -10 -100    0 -1000 -1000 -10
73 42 pedestrian 0 0 -10 447.98 168.89 479.00 195.08 -10 -10 -10 -100    0 -1000 -1000 -10
74 36 pedestrian 0 0 -10 0.00 205.38 224.80 345.30 -10 -10 -10 -100    0 -1000 -1000 -10
74 35 pedestrian 0 0 -10 512.81 176.26 536.47 193.30 -10 -10 -10 -100    0 -1000 -1000 -10
74 39 pedestrian 0 0 -10 552.20 177.09 572.74 192.61 -10 -10 -10 -100    0 -1000 -1000 -10
74 3 pedestrian 0 0 -10 590.41 179.78 622.04 216.18 -10 -10 -10 -100    0 -1000 -1000 -10
74 42 pedestrian 0 0 -10 446.70 166.54 478.40 193.90 -10 -10 -10 -100    0 -1000 -1000 -10
75 35 pedestrian 0 0 -10 511.44 174.50 534.71 191.31 -10 -10 -10 -100    0 -1000 -1000 -10
75 36 pedestrian 0 0 -10 0.00 209.25 166.57 359.85 -10 -10 -10 -100    0 -1000 -1000 -10
75 39 pedestrian 0 0 -10 552.09 175.52 570.50 190.87 -10 -10 -10 -100    0 -1000 -1000 -10
75 3 pedestrian 0 0 -10 589.62 178.10 620.63 214.17 -10 -10 -10 -100    0 -1000 -1000 -10
75 42 pedestrian 0 0 -10 443.27 164.02 476.32 192.78 -10 -10 -10 -100    0 -1000 -1000 -10
76 35 pedestrian 0 0 -10 509.69 174.24 534.99 191.95 -10 -10 -10 -100    0 -1000 -1000 -10
76 36 pedestrian 0 0 -10 0.00 210.74 82.40 355.51 -10 -10 -10 -100    0 -1000 -1000 -10
76 39 pedestrian 0 0 -10 551.58 175.56 570.65 190.57 -10 -10 -10 -100    0 -1000 -1000 -10
76 3 pedestrian 0 0 -10 588.44 178.39 619.12 213.78 -10 -10 -10 -100    0 -1000 -1000 -10
76 42 pedestrian 0 0 -10 440.20 164.47 474.30 192.64 -10 -10 -10 -100    0 -1000 -1000 -10
77 35 pedestrian 0 0 -10 508.53 175.55 534.34 193.59 -10 -10 -10 -100    0 -1000 -1000 -10
77 3 pedestrian 0 0 -10 587.83 179.75 618.73 214.67 -10 -10 -10 -100    0 -1000 -1000 -10
77 42 pedestrian 0 0 -10 437.51 164.90 473.20 193.91 -10 -10 -10 -100    0 -1000 -1000 -10
78 35 pedestrian 0 0 -10 508.63 174.92 533.71 192.12 -10 -10 -10 -100    0 -1000 -1000 -10
78 3 pedestrian 0 0 -10 586.45 178.50 617.00 214.04 -10 -10 -10 -100    0 -1000 -1000 -10
78 42 pedestrian 0 0 -10 432.65 165.06 472.71 193.70 -10 -10 -10 -100    0 -1000 -1000 -10
79 35 pedestrian 0 0 -10 505.67 174.68 531.17 190.56 -10 -10 -10 -100    0 -1000 -1000 -10
79 3 pedestrian 0 0 -10 584.89 178.46 615.76 213.90 -10 -10 -10 -100    0 -1000 -1000 -10
79 42 pedestrian 0 0 -10 428.43 163.63 470.21 193.37 -10 -10 -10 -100    0 -1000 -1000 -10
80 35 pedestrian 0 0 -10 504.91 174.47 529.81 190.03 -10 -10 -10 -100    0 -1000 -1000 -10
80 3 pedestrian 0 0 -10 583.44 177.95 614.04 213.28 -10 -10 -10 -100    0 -1000 -1000 -10
80 42 pedestrian 0 0 -10 424.65 162.41 466.09 193.25 -10 -10 -10 -100    0 -1000 -1000 -10
81 35 pedestrian 0 0 -10 502.50 172.06 529.69 187.79 -10 -10 -10 -100    0 -1000 -1000 -10
81 39 pedestrian 0 0 -10 546.37 172.43 563.03 186.85 -10 -10 -10 -100    0 -1000 -1000 -10
81 3 pedestrian 0 0 -10 582.57 175.29 612.51 209.92 -10 -10 -10 -100    0 -1000 -1000 -10
81 42 pedestrian 0 0 -10 421.02 159.57 464.56 191.36 -10 -10 -10 -100    0 -1000 -1000 -10
82 35 pedestrian 0 0 -10 501.17 167.08 527.92 183.92 -10 -10 -10 -100    0 -1000 -1000 -10
82 39 pedestrian 0 0 -10 544.64 169.25 560.41 182.53 -10 -10 -10 -100    0 -1000 -1000 -10
82 3 pedestrian 0 0 -10 580.74 171.22 610.19 204.84 -10 -10 -10 -100    0 -1000 -1000 -10
82 42 pedestrian 0 0 -10 416.52 156.19 463.63 188.27 -10 -10 -10 -100    0 -1000 -1000 -10
83 35 pedestrian 0 0 -10 500.15 164.61 527.36 181.79 -10 -10 -10 -100    0 -1000 -1000 -10
83 3 pedestrian 0 0 -10 579.47 168.69 608.98 202.41 -10 -10 -10 -100    0 -1000 -1000 -10
83 42 pedestrian 0 0 -10 409.91 154.55 460.61 187.47 -10 -10 -10 -100    0 -1000 -1000 -10
84 43 pedestrian 0 0 -10 614.44 160.17 630.96 189.58 -10 -10 -10 -100    0 -1000 -1000 -10
84 35 pedestrian 0 0 -10 498.28 164.19 526.29 183.02 -10 -10 -10 -100    0 -1000 -1000 -10
84 3 pedestrian 0 0 -10 578.40 168.30 607.29 201.65 -10 -10 -10 -100    0 -1000 -1000 -10
84 42 pedestrian 0 0 -10 405.25 154.26 459.07 188.63 -10 -10 -10 -100    0 -1000 -1000 -10
85 43 pedestrian 0 0 -10 614.11 161.49 631.20 193.83 -10 -10 -10 -100    0 -1000 -1000 -10
85 35 pedestrian 0 0 -10 496.87 164.82 528.04 185.39 -10 -10 -10 -100    0 -1000 -1000 -10
85 3 pedestrian 0 0 -10 577.95 169.55 605.99 202.50 -10 -10 -10 -100    0 -1000 -1000 -10
85 42 pedestrian 0 0 -10 398.12 155.27 454.57 191.75 -10 -10 -10 -100    0 -1000 -1000 -10
86 43 pedestrian 0 0 -10 614.77 162.81 631.46 195.61 -10 -10 -10 -100    0 -1000 -1000 -10
86 35 pedestrian 0 0 -10 494.08 166.46 526.57 187.97 -10 -10 -10 -100    0 -1000 -1000 -10
86 3 pedestrian 0 0 -10 576.88 171.31 604.99 203.91 -10 -10 -10 -100    0 -1000 -1000 -10
86 42 pedestrian 0 0 -10 391.94 157.59 452.36 195.64 -10 -10 -10 -100    0 -1000 -1000 -10
87 43 pedestrian 0 0 -10 614.84 166.57 632.79 199.84 -10 -10 -10 -100    0 -1000 -1000 -10
87 35 pedestrian 0 0 -10 495.20 169.54 527.26 190.66 -10 -10 -10 -100    0 -1000 -1000 -10
87 39 pedestrian 0 0 -10 543.77 172.11 559.30 187.31 -10 -10 -10 -100    0 -1000 -1000 -10
87 3 pedestrian 0 0 -10 576.77 174.31 604.80 206.26 -10 -10 -10 -100    0 -1000 -1000 -10
87 42 pedestrian 0 0 -10 388.47 159.19 450.18 198.98 -10 -10 -10 -100    0 -1000 -1000 -10
88 43 pedestrian 0 0 -10 615.09 167.85 633.71 202.61 -10 -10 -10 -100    0 -1000 -1000 -10
88 35 pedestrian 0 0 -10 493.60 172.78 528.55 194.81 -10 -10 -10 -100    0 -1000 -1000 -10
88 39 pedestrian 0 0 -10 543.98 173.87 560.13 190.32 -10 -10 -10 -100    0 -1000 -1000 -10
88 3 pedestrian 0 0 -10 576.71 176.55 604.43 208.46 -10 -10 -10 -100    0 -1000 -1000 -10
88 42 pedestrian 0 0 -10 384.63 160.31 446.44 201.54 -10 -10 -10 -100    0 -1000 -1000 -10
89 43 pedestrian 0 0 -10 614.95 170.71 634.17 206.62 -10 -10 -10 -100    0 -1000 -1000 -10
89 35 pedestrian 0 0 -10 492.82 174.38 528.40 196.20 -10 -10 -10 -100    0 -1000 -1000 -10
89 39 pedestrian 0 0 -10 543.00 175.76 558.23 192.07 -10 -10 -10 -100    0 -1000 -1000 -10
89 3 pedestrian 0 0 -10 576.60 178.76 604.31 209.78 -10 -10 -10 -100    0 -1000 -1000 -10
89 42 pedestrian 0 0 -10 380.33 162.78 446.38 204.04 -10 -10 -10 -100    0 -1000 -1000 -10
90 43 pedestrian 0 0 -10 616.86 169.89 635.34 207.06 -10 -10 -10 -100    0 -1000 -1000 -10
90 35 pedestrian 0 0 -10 489.70 173.58 527.68 196.34 -10 -10 -10 -100    0 -1000 -1000 -10
90 39 pedestrian 0 0 -10 543.01 175.47 558.63 192.14 -10 -10 -10 -100    0 -1000 -1000 -10
90 3 pedestrian 0 0 -10 576.14 178.15 603.88 209.83 -10 -10 -10 -100    0 -1000 -1000 -10
90 42 pedestrian 0 0 -10 370.25 160.60 445.12 204.28 -10 -10 -10 -100    0 -1000 -1000 -10
91 35 pedestrian 0 0 -10 489.88 174.00 527.49 196.61 -10 -10 -10 -100    0 -1000 -1000 -10
91 39 pedestrian 0 0 -10 543.01 175.23 558.74 192.18 -10 -10 -10 -100    0 -1000 -1000 -10
91 3 pedestrian 0 0 -10 576.04 178.19 603.74 210.64 -10 -10 -10 -100    0 -1000 -1000 -10
91 42 pedestrian 0 0 -10 363.89 159.26 441.76 204.95 -10 -10 -10 -100    0 -1000 -1000 -10
91 43 pedestrian 0 0 -10 618.85 169.07 635.90 206.83 -10 -10 -10 -100    0 -1000 -1000 -10
92 35 pedestrian 0 0 -10 490.41 175.06 527.11 196.95 -10 -10 -10 -100    0 -1000 -1000 -10
92 39 pedestrian 0 0 -10 543.30 176.45 558.54 193.11 -10 -10 -10 -100    0 -1000 -1000 -10
92 3 pedestrian 0 0 -10 576.36 180.07 603.41 211.50 -10 -10 -10 -100    0 -1000 -1000 -10
92 42 pedestrian 0 0 -10 354.69 158.89 439.60 207.22 -10 -10 -10 -100    0 -1000 -1000 -10
92 43 pedestrian 0 0 -10 620.09 169.79 636.91 208.71 -10 -10 -10 -100    0 -1000 -1000 -10
93 35 pedestrian 0 0 -10 490.25 176.18 527.97 198.18 -10 -10 -10 -100    0 -1000 -1000 -10
93 39 pedestrian 0 0 -10 542.98 177.40 558.91 194.44 -10 -10 -10 -100    0 -1000 -1000 -10
93 3 pedestrian 0 0 -10 577.21 180.61 604.06 212.41 -10 -10 -10 -100    0 -1000 -1000 -10
93 42 pedestrian 0 0 -10 347.00 158.56 438.22 209.07 -10 -10 -10 -100    0 -1000 -1000 -10
93 43 pedestrian 0 0 -10 621.82 170.89 639.14 210.85 -10 -10 -10 -100    0 -1000 -1000 -10
94 35 pedestrian 0 0 -10 488.17 178.13 527.55 200.98 -10 -10 -10 -100    0 -1000 -1000 -10
94 39 pedestrian 0 0 -10 544.58 180.12 560.18 197.27 -10 -10 -10 -100    0 -1000 -1000 -10
94 3 pedestrian 0 0 -10 577.60 182.40 605.07 213.87 -10 -10 -10 -100    0 -1000 -1000 -10
94 42 pedestrian 0 0 -10 338.36 157.99 434.47 211.42 -10 -10 -10 -100    0 -1000 -1000 -10
94 43 pedestrian 0 0 -10 624.01 173.10 642.92 212.31 -10 -10 -10 -100    0 -1000 -1000 -10
95 35 pedestrian 0 0 -10 488.60 179.51 525.70 201.88 -10 -10 -10 -100    0 -1000 -1000 -10
95 39 pedestrian 0 0 -10 545.83 181.23 560.94 197.85 -10 -10 -10 -100    0 -1000 -1000 -10
95 3 pedestrian 0 0 -10 577.61 183.03 605.45 214.83 -10 -10 -10 -100    0 -1000 -1000 -10
95 42 pedestrian 0 0 -10 328.24 155.17 432.02 212.18 -10 -10 -10 -100    0 -1000 -1000 -10
95 43 pedestrian 0 0 -10 625.33 175.33 644.75 213.44 -10 -10 -10 -100    0 -1000 -1000 -10
96 35 pedestrian 0 0 -10 488.13 179.31 525.22 201.19 -10 -10 -10 -100    0 -1000 -1000 -10
96 3 pedestrian 0 0 -10 578.25 181.43 606.23 213.14 -10 -10 -10 -100    0 -1000 -1000 -10
96 42 pedestrian 0 0 -10 315.74 156.12 428.69 212.60 -10 -10 -10 -100    0 -1000 -1000 -10
96 43 pedestrian 0 0 -10 627.74 173.01 648.67 213.39 -10 -10 -10 -100    0 -1000 -1000 -10
97 35 pedestrian 0 0 -10 489.04 178.53 525.47 200.63 -10 -10 -10 -100    0 -1000 -1000 -10
97 3 pedestrian 0 0 -10 578.53 180.12 605.73 211.23 -10 -10 -10 -100    0 -1000 -1000 -10
97 42 pedestrian 0 0 -10 303.55 154.02 425.63 213.06 -10 -10 -10 -100    0 -1000 -1000 -10
97 43 pedestrian 0 0 -10 631.02 172.10 652.83 212.29 -10 -10 -10 -100    0 -1000 -1000 -10
98 35 pedestrian 0 0 -10 487.45 177.71 525.56 201.02 -10 -10 -10 -100    0 -1000 -1000 -10
98 3 pedestrian 0 0 -10 579.32 180.03 606.46 211.22 -10 -10 -10 -100    0 -1000 -1000 -10
98 42 pedestrian 0 0 -10 288.34 150.86 422.45 214.94 -10 -10 -10 -100    0 -1000 -1000 -10
98 43 pedestrian 0 0 -10 632.49 170.64 657.71 212.34 -10 -10 -10 -100    0 -1000 -1000 -10
99 35 pedestrian 0 0 -10 487.71 176.32 526.86 201.21 -10 -10 -10 -100    0 -1000 -1000 -10
99 39 pedestrian 0 0 -10 547.63 177.18 563.01 194.85 -10 -10 -10 -100    0 -1000 -1000 -10
99 3 pedestrian 0 0 -10 580.08 179.52 606.96 210.50 -10 -10 -10 -100    0 -1000 -1000 -10
99 42 pedestrian 0 0 -10 272.40 148.70 418.43 217.15 -10 -10 -10 -100    0 -1000 -1000 -10
99 43 pedestrian 0 0 -10 633.36 169.34 662.53 213.04 -10 -10 -10 -100    0 -1000 -1000 -10
100 35 pedestrian 0 0 -10 486.35 174.99 528.13 201.25 -10 -10 -10 -100    0 -1000 -1000 -10
100 39 pedestrian 0 0 -10 548.11 176.44 563.33 194.38 -10 -10 -10 -100    0 -1000 -1000 -10
100 3 pedestrian 0 0 -10 580.79 178.34 607.96 209.26 -10 -10 -10 -100    0 -1000 -1000 -10
100 42 pedestrian 0 0 -10 253.32 147.06 413.65 218.46 -10 -10 -10 -100    0 -1000 -1000 -10
100 43 pedestrian 0 0 -10 637.26 167.56 665.74 214.74 -10 -10 -10 -100    0 -1000 -1000 -10
101 35 pedestrian 0 0 -10 484.26 173.59 528.59 200.22 -10 -10 -10 -100    0 -1000 -1000 -10
101 39 pedestrian 0 0 -10 548.04 174.71 563.52 192.28 -10 -10 -10 -100    0 -1000 -1000 -10
101 3 pedestrian 0 0 -10 581.69 176.89 608.55 207.58 -10 -10 -10 -100    0 -1000 -1000 -10
101 42 pedestrian 0 0 -10 232.17 143.64 408.62 219.23 -10 -10 -10 -100    0 -1000 -1000 -10
101 43 pedestrian 0 0 -10 640.95 165.80 670.51 215.29 -10 -10 -10 -100    0 -1000 -1000 -10
102 35 pedestrian 0 0 -10 483.04 172.50 530.10 200.15 -10 -10 -10 -100    0 -1000 -1000 -10
102 39 pedestrian 0 0 -10 548.71 174.67 564.49 192.30 -10 -10 -10 -100    0 -1000 -1000 -10
102 3 pedestrian 0 0 -10 582.27 176.27 609.38 207.00 -10 -10 -10 -100    0 -1000 -1000 -10
102 42 pedestrian 0 0 -10 205.61 140.72 404.32 221.72 -10 -10 -10 -100    0 -1000 -1000 -10
102 43 pedestrian 0 0 -10 646.35 164.17 674.72 217.48 -10 -10 -10 -100    0 -1000 -1000 -10
103 35 pedestrian 0 0 -10 482.46 172.85 531.78 200.26 -10 -10 -10 -100    0 -1000 -1000 -10
103 39 pedestrian 0 0 -10 548.92 174.83 564.32 192.05 -10 -10 -10 -100    0 -1000 -1000 -10
103 3 pedestrian 0 0 -10 582.89 176.05 609.67 207.36 -10 -10 -10 -100    0 -1000 -1000 -10
103 42 pedestrian 0 0 -10 176.47 137.16 398.77 224.38 -10 -10 -10 -100    0 -1000 -1000 -10
103 43 pedestrian 0 0 -10 651.40 163.76 680.34 217.99 -10 -10 -10 -100    0 -1000 -1000 -10
104 35 pedestrian 0 0 -10 480.79 172.82 535.05 200.01 -10 -10 -10 -100    0 -1000 -1000 -10
104 3 pedestrian 0 0 -10 584.26 175.72 609.96 205.83 -10 -10 -10 -100    0 -1000 -1000 -10
104 42 pedestrian 0 0 -10 140.67 132.08 392.67 228.15 -10 -10 -10 -100    0 -1000 -1000 -10
104 43 pedestrian 0 0 -10 666.88 162.74 682.39 215.10 -10 -10 -10 -100    0 -1000 -1000 -10
105 35 pedestrian 0 0 -10 479.15 172.51 533.50 198.99 -10 -10 -10 -100    0 -1000 -1000 -10
105 3 pedestrian 0 0 -10 584.45 174.70 610.70 204.43 -10 -10 -10 -100    0 -1000 -1000 -10
105 42 pedestrian 0 0 -10 95.88 125.90 385.82 232.45 -10 -10 -10 -100    0 -1000 -1000 -10
105 43 pedestrian 0 0 -10 673.20 161.92 690.50 215.98 -10 -10 -10 -100    0 -1000 -1000 -10
106 35 pedestrian 0 0 -10 478.11 171.37 533.88 198.16 -10 -10 -10 -100    0 -1000 -1000 -10
106 3 pedestrian 0 0 -10 585.19 173.06 612.23 203.93 -10 -10 -10 -100    0 -1000 -1000 -10
106 42 pedestrian 0 0 -10 40.80 118.44 377.08 240.21 -10 -10 -10 -100    0 -1000 -1000 -10
106 43 pedestrian 0 0 -10 678.83 161.09 697.63 217.39 -10 -10 -10 -100    0 -1000 -1000 -10
107 35 pedestrian 0 0 -10 475.46 169.88 533.71 197.96 -10 -10 -10 -100    0 -1000 -1000 -10
107 3 pedestrian 0 0 -10 585.35 172.22 612.21 202.40 -10 -10 -10 -100    0 -1000 -1000 -10
107 42 pedestrian 0 0 -10 0.25 110.07 367.79 250.17 -10 -10 -10 -100    0 -1000 -1000 -10
107 43 pedestrian 0 0 -10 685.26 157.69 706.62 221.06 -10 -10 -10 -100    0 -1000 -1000 -10
108 35 pedestrian 0 0 -10 472.74 168.00 534.26 197.99 -10 -10 -10 -100    0 -1000 -1000 -10
108 3 pedestrian 0 0 -10 585.41 171.04 612.60 201.73 -10 -10 -10 -100    0 -1000 -1000 -10
108 42 pedestrian 0 0 -10 0.00 105.65 358.96 255.43 -10 -10 -10 -100    0 -1000 -1000 -10
108 43 pedestrian 0 0 -10 693.17 156.73 715.26 223.26 -10 -10 -10 -100    0 -1000 -1000 -10
109 35 pedestrian 0 0 -10 469.43 166.64 532.99 197.88 -10 -10 -10 -100    0 -1000 -1000 -10
109 39 pedestrian 0 0 -10 554.09 170.04 568.94 187.06 -10 -10 -10 -100    0 -1000 -1000 -10
109 3 pedestrian 0 0 -10 585.74 170.83 612.35 201.07 -10 -10 -10 -100    0 -1000 -1000 -10
109 42 pedestrian 0 0 -10 0.00 104.95 346.86 257.92 -10 -10 -10 -100    0 -1000 -1000 -10
109 43 pedestrian 0 0 -10 701.73 153.33 727.57 226.91 -10 -10 -10 -100    0 -1000 -1000 -10
110 35 pedestrian 0 0 -10 466.22 165.65 533.12 198.83 -10 -10 -10 -100    0 -1000 -1000 -10
110 39 pedestrian 0 0 -10 554.58 170.02 569.20 187.07 -10 -10 -10 -100    0 -1000 -1000 -10
110 3 pedestrian 0 0 -10 585.85 171.04 612.45 201.28 -10 -10 -10 -100    0 -1000 -1000 -10
110 42 pedestrian 0 0 -10 0.48 103.87 332.20 259.74 -10 -10 -10 -100    0 -1000 -1000 -10
110 43 pedestrian 0 0 -10 713.41 150.38 741.04 233.06 -10 -10 -10 -100    0 -1000 -1000 -10
111 35 pedestrian 0 0 -10 462.29 164.91 531.18 199.33 -10 -10 -10 -100    0 -1000 -1000 -10
111 39 pedestrian 0 0 -10 554.67 171.38 569.24 187.76 -10 -10 -10 -100    0 -1000 -1000 -10
111 3 pedestrian 0 0 -10 585.58 171.35 612.87 201.87 -10 -10 -10 -100    0 -1000 -1000 -10
111 42 pedestrian 0 0 -10 0.05 103.77 320.91 262.81 -10 -10 -10 -100    0 -1000 -1000 -10
111 43 pedestrian 0 0 -10 723.52 147.03 758.25 241.95 -10 -10 -10 -100    0 -1000 -1000 -10
112 35 pedestrian 0 0 -10 457.68 165.35 531.15 200.55 -10 -10 -10 -100    0 -1000 -1000 -10
112 39 pedestrian 0 0 -10 555.10 172.71 569.24 188.26 -10 -10 -10 -100    0 -1000 -1000 -10
112 3 pedestrian 0 0 -10 586.06 172.70 613.04 203.13 -10 -10 -10 -100    0 -1000 -1000 -10
112 42 pedestrian 0 0 -10 0.00 106.86 305.37 260.37 -10 -10 -10 -100    0 -1000 -1000 -10
113 44 pedestrian 0 0 -10 334.41 177.65 368.62 199.78 -10 -10 -10 -100    0 -1000 -1000 -10
113 35 pedestrian 0 0 -10 453.89 166.93 533.42 201.88 -10 -10 -10 -100    0 -1000 -1000 -10
113 39 pedestrian 0 0 -10 556.22 173.37 570.43 189.22 -10 -10 -10 -100    0 -1000 -1000 -10
113 3 pedestrian 0 0 -10 585.93 173.18 613.10 203.98 -10 -10 -10 -100    0 -1000 -1000 -10
113 42 pedestrian 0 0 -10 0.00 107.39 286.12 259.46 -10 -10 -10 -100    0 -1000 -1000 -10
114 44 pedestrian 0 0 -10 323.67 182.54 360.91 200.81 -10 -10 -10 -100    0 -1000 -1000 -10
114 39 pedestrian 0 0 -10 556.37 175.27 571.29 190.96 -10 -10 -10 -100    0 -1000 -1000 -10
114 3 pedestrian 0 0 -10 585.86 175.22 612.38 204.77 -10 -10 -10 -100    0 -1000 -1000 -10
114 42 pedestrian 0 0 -10 0.00 109.06 265.06 261.34 -10 -10 -10 -100    0 -1000 -1000 -10
115 44 pedestrian 0 0 -10 322.80 185.53 360.98 204.20 -10 -10 -10 -100    0 -1000 -1000 -10
115 39 pedestrian 0 0 -10 556.35 177.20 571.23 193.56 -10 -10 -10 -100    0 -1000 -1000 -10
115 3 pedestrian 0 0 -10 585.95 177.91 612.57 207.94 -10 -10 -10 -100    0 -1000 -1000 -10
115 42 pedestrian 0 0 -10 0.00 110.22 240.48 265.06 -10 -10 -10 -100    0 -1000 -1000 -10
116 44 pedestrian 0 0 -10 328.79 187.18 361.31 204.77 -10 -10 -10 -100    0 -1000 -1000 -10
116 3 pedestrian 0 0 -10 585.88 180.15 612.18 209.49 -10 -10 -10 -100    0 -1000 -1000 -10
116 42 pedestrian 0 0 -10 0.00 110.82 213.99 266.82 -10 -10 -10 -100    0 -1000 -1000 -10
117 50 pedestrian 0 0 -10 501.22 176.01 537.14 198.24 -10 -10 -10 -100    0 -1000 -1000 -10
117 49 pedestrian 0 0 -10 459.08 182.14 492.45 210.00 -10 -10 -10 -100    0 -1000 -1000 -10
117 48 pedestrian 0 0 -10 432.63 178.19 464.44 209.60 -10 -10 -10 -100    0 -1000 -1000 -10
117 44 pedestrian 0 0 -10 326.74 185.02 359.12 202.95 -10 -10 -10 -100    0 -1000 -1000 -10
117 3 pedestrian 0 0 -10 585.70 179.18 611.62 208.40 -10 -10 -10 -100    0 -1000 -1000 -10
117 42 pedestrian 0 0 -10 0.00 111.38 181.69 266.93 -10 -10 -10 -100    0 -1000 -1000 -10
118 50 pedestrian 0 0 -10 509.02 175.17 542.80 195.29 -10 -10 -10 -100    0 -1000 -1000 -10
118 49 pedestrian 0 0 -10 450.68 180.87 486.90 210.57 -10 -10 -10 -100    0 -1000 -1000 -10
118 48 pedestrian 0 0 -10 426.11 177.37 460.69 209.18 -10 -10 -10 -100    0 -1000 -1000 -10
118 44 pedestrian 0 0 -10 322.06 183.90 358.49 200.88 -10 -10 -10 -100    0 -1000 -1000 -10
118 3 pedestrian 0 0 -10 585.23 177.69 611.93 207.59 -10 -10 -10 -100    0 -1000 -1000 -10
118 42 pedestrian 0 0 -10 0.04 110.16 138.89 272.41 -10 -10 -10 -100    0 -1000 -1000 -10
119 50 pedestrian 0 0 -10 513.60 175.47 542.03 195.18 -10 -10 -10 -100    0 -1000 -1000 -10
119 49 pedestrian 0 0 -10 441.79 179.86 481.77 212.89 -10 -10 -10 -100    0 -1000 -1000 -10
119 48 pedestrian 0 0 -10 418.12 176.35 456.54 208.89 -10 -10 -10 -100    0 -1000 -1000 -10
119 44 pedestrian 0 0 -10 319.10 183.27 357.85 199.30 -10 -10 -10 -100    0 -1000 -1000 -10
119 39 pedestrian 0 0 -10 555.88 178.46 569.59 192.73 -10 -10 -10 -100    0 -1000 -1000 -10
119 3 pedestrian 0 0 -10 585.29 177.67 611.75 207.79 -10 -10 -10 -100    0 -1000 -1000 -10
119 42 pedestrian 0 0 -10 0.00 106.85 86.95 275.91 -10 -10 -10 -100    0 -1000 -1000 -10
120 50 pedestrian 0 0 -10 509.27 174.89 539.75 196.21 -10 -10 -10 -100    0 -1000 -1000 -10
120 49 pedestrian 0 0 -10 430.74 180.88 475.31 215.46 -10 -10 -10 -100    0 -1000 -1000 -10
120 48 pedestrian 0 0 -10 411.09 175.87 449.89 211.29 -10 -10 -10 -100    0 -1000 -1000 -10
120 44 pedestrian 0 0 -10 317.60 184.33 355.80 199.54 -10 -10 -10 -100    0 -1000 -1000 -10
120 3 pedestrian 0 0 -10 585.61 178.95 611.60 208.27 -10 -10 -10 -100    0 -1000 -1000 -10
121 54 pedestrian 0 0 -10 489.24 172.19 513.66 201.17 -10 -10 -10 -100    0 -1000 -1000 -10
121 50 pedestrian 0 0 -10 509.97 175.27 539.58 196.55 -10 -10 -10 -100    0 -1000 -1000 -10
121 49 pedestrian 0 0 -10 421.65 180.81 467.31 218.53 -10 -10 -10 -100    0 -1000 -1000 -10
121 48 pedestrian 0 0 -10 401.14 174.32 442.42 213.54 -10 -10 -10 -100    0 -1000 -1000 -10
121 44 pedestrian 0 0 -10 317.35 184.52 356.05 199.31 -10 -10 -10 -100    0 -1000 -1000 -10
121 3 pedestrian 0 0 -10 586.12 178.75 611.89 208.39 -10 -10 -10 -100    0 -1000 -1000 -10
122 54 pedestrian 0 0 -10 485.59 171.43 511.61 200.19 -10 -10 -10 -100    0 -1000 -1000 -10
122 50 pedestrian 0 0 -10 507.95 174.41 538.27 195.50 -10 -10 -10 -100    0 -1000 -1000 -10
122 49 pedestrian 0 0 -10 409.80 180.05 458.33 220.58 -10 -10 -10 -100    0 -1000 -1000 -10
122 48 pedestrian 0 0 -10 390.11 173.91 434.36 214.51 -10 -10 -10 -100    0 -1000 -1000 -10
122 44 pedestrian 0 0 -10 315.21 183.76 352.52 200.13 -10 -10 -10 -100    0 -1000 -1000 -10
122 3 pedestrian 0 0 -10 586.19 177.01 611.93 207.24 -10 -10 -10 -100    0 -1000 -1000 -10
123 54 pedestrian 0 0 -10 482.46 168.20 508.91 197.73 -10 -10 -10 -100    0 -1000 -1000 -10
123 50 pedestrian 0 0 -10 506.78 172.65 539.35 194.02 -10 -10 -10 -100    0 -1000 -1000 -10
123 49 pedestrian 0 0 -10 391.54 176.53 447.75 220.95 -10 -10 -10 -100    0 -1000 -1000 -10
123 48 pedestrian 0 0 -10 377.90 167.69 426.10 212.98 -10 -10 -10 -100    0 -1000 -1000 -10
123 44 pedestrian 0 0 -10 310.73 179.43 353.37 198.66 -10 -10 -10 -100    0 -1000 -1000 -10
123 3 pedestrian 0 0 -10 586.77 174.26 612.80 204.47 -10 -10 -10 -100    0 -1000 -1000 -10
124 54 pedestrian 0 0 -10 478.93 165.61 506.88 197.08 -10 -10 -10 -100    0 -1000 -1000 -10
124 50 pedestrian 0 0 -10 503.79 169.65 538.89 192.29 -10 -10 -10 -100    0 -1000 -1000 -10
124 49 pedestrian 0 0 -10 371.94 175.76 435.30 223.98 -10 -10 -10 -100    0 -1000 -1000 -10
124 48 pedestrian 0 0 -10 364.34 168.04 416.27 213.33 -10 -10 -10 -100    0 -1000 -1000 -10
124 44 pedestrian 0 0 -10 310.59 177.10 346.27 196.05 -10 -10 -10 -100    0 -1000 -1000 -10
124 39 pedestrian 0 0 -10 557.94 172.69 571.84 187.50 -10 -10 -10 -100    0 -1000 -1000 -10
124 3 pedestrian 0 0 -10 586.98 172.38 613.33 202.85 -10 -10 -10 -100    0 -1000 -1000 -10
125 54 pedestrian 0 0 -10 473.92 167.41 504.61 199.95 -10 -10 -10 -100    0 -1000 -1000 -10
125 50 pedestrian 0 0 -10 503.02 171.12 539.95 194.45 -10 -10 -10 -100    0 -1000 -1000 -10
125 49 pedestrian 0 0 -10 345.83 176.84 420.36 231.89 -10 -10 -10 -100    0 -1000 -1000 -10
125 48 pedestrian 0 0 -10 349.17 171.01 408.26 219.73 -10 -10 -10 -100    0 -1000 -1000 -10
125 44 pedestrian 0 0 -10 302.85 179.24 333.47 199.65 -10 -10 -10 -100    0 -1000 -1000 -10
125 39 pedestrian 0 0 -10 557.72 174.71 571.57 189.57 -10 -10 -10 -100    0 -1000 -1000 -10
125 3 pedestrian 0 0 -10 587.47 173.88 613.77 203.84 -10 -10 -10 -100    0 -1000 -1000 -10
126 54 pedestrian 0 0 -10 470.05 168.49 502.97 202.85 -10 -10 -10 -100    0 -1000 -1000 -10
126 50 pedestrian 0 0 -10 505.55 172.39 539.78 195.22 -10 -10 -10 -100    0 -1000 -1000 -10
126 49 pedestrian 0 0 -10 316.36 179.36 400.88 239.57 -10 -10 -10 -100    0 -1000 -1000 -10
126 48 pedestrian 0 0 -10 331.93 171.29 397.12 225.42 -10 -10 -10 -100    0 -1000 -1000 -10
126 44 pedestrian 0 0 -10 302.83 179.56 332.51 202.77 -10 -10 -10 -100    0 -1000 -1000 -10
126 39 pedestrian 0 0 -10 558.03 174.98 572.11 189.94 -10 -10 -10 -100    0 -1000 -1000 -10
126 3 pedestrian 0 0 -10 588.19 174.44 613.96 203.91 -10 -10 -10 -100    0 -1000 -1000 -10
127 54 pedestrian 0 0 -10 464.98 167.13 499.49 203.40 -10 -10 -10 -100    0 -1000 -1000 -10
127 50 pedestrian 0 0 -10 501.09 171.74 540.91 195.64 -10 -10 -10 -100    0 -1000 -1000 -10
127 49 pedestrian 0 0 -10 275.77 179.52 378.45 248.48 -10 -10 -10 -100    0 -1000 -1000 -10
127 48 pedestrian 0 0 -10 311.54 169.01 379.25 226.69 -10 -10 -10 -100    0 -1000 -1000 -10
127 39 pedestrian 0 0 -10 558.32 174.79 572.72 190.03 -10 -10 -10 -100    0 -1000 -1000 -10
127 3 pedestrian 0 0 -10 588.22 173.77 614.71 203.77 -10 -10 -10 -100    0 -1000 -1000 -10
128 54 pedestrian 0 0 -10 459.15 166.19 497.10 205.80 -10 -10 -10 -100    0 -1000 -1000 -10
128 50 pedestrian 0 0 -10 498.12 172.06 543.42 196.21 -10 -10 -10 -100    0 -1000 -1000 -10
128 49 pedestrian 0 0 -10 219.98 180.00 348.74 260.76 -10 -10 -10 -100    0 -1000 -1000 -10
128 48 pedestrian 0 0 -10 284.46 168.79 361.80 231.18 -10 -10 -10 -100    0 -1000 -1000 -10
128 39 pedestrian 0 0 -10 557.67 175.32 573.32 190.68 -10 -10 -10 -100    0 -1000 -1000 -10
128 3 pedestrian 0 0 -10 588.91 173.64 615.53 204.24 -10 -10 -10 -100    0 -1000 -1000 -10
129 54 pedestrian 0 0 -10 451.77 165.90 491.76 207.22 -10 -10 -10 -100    0 -1000 -1000 -10
129 50 pedestrian 0 0 -10 494.25 171.23 545.74 196.13 -10 -10 -10 -100    0 -1000 -1000 -10
129 49 pedestrian 0 0 -10 142.19 180.28 307.79 275.92 -10 -10 -10 -100    0 -1000 -1000 -10
129 48 pedestrian 0 0 -10 250.47 166.84 342.08 237.36 -10 -10 -10 -100    0 -1000 -1000 -10
129 39 pedestrian 0 0 -10 558.61 174.38 574.59 190.03 -10 -10 -10 -100    0 -1000 -1000 -10
129 3 pedestrian 0 0 -10 589.38 173.51 616.28 204.03 -10 -10 -10 -100    0 -1000 -1000 -10
130 54 pedestrian 0 0 -10 443.40 165.32 485.39 208.88 -10 -10 -10 -100    0 -1000 -1000 -10
130 50 pedestrian 0 0 -10 493.10 171.39 546.26 196.84 -10 -10 -10 -100    0 -1000 -1000 -10
130 49 pedestrian 0 0 -10 20.88 181.05 250.93 306.32 -10 -10 -10 -100    0 -1000 -1000 -10
130 48 pedestrian 0 0 -10 209.52 166.05 317.63 243.47 -10 -10 -10 -100    0 -1000 -1000 -10
130 39 pedestrian 0 0 -10 559.09 173.45 575.72 189.76 -10 -10 -10 -100    0 -1000 -1000 -10
130 3 pedestrian 0 0 -10 590.37 173.72 616.63 202.91 -10 -10 -10 -100    0 -1000 -1000 -10
131 54 pedestrian 0 0 -10 434.42 164.40 481.47 211.50 -10 -10 -10 -100    0 -1000 -1000 -10
131 50 pedestrian 0 0 -10 491.10 170.92 549.65 196.83 -10 -10 -10 -100    0 -1000 -1000 -10
131 49 pedestrian 0 0 -10 0.00 185.06 167.63 344.50 -10 -10 -10 -100    0 -1000 -1000 -10
131 48 pedestrian 0 0 -10 154.76 165.23 287.83 252.81 -10 -10 -10 -100    0 -1000 -1000 -10
131 39 pedestrian 0 0 -10 559.09 173.40 575.76 189.62 -10 -10 -10 -100    0 -1000 -1000 -10
131 3 pedestrian 0 0 -10 590.30 172.52 617.06 202.57 -10 -10 -10 -100    0 -1000 -1000 -10
132 54 pedestrian 0 0 -10 423.90 163.96 474.42 214.05 -10 -10 -10 -100    0 -1000 -1000 -10
132 50 pedestrian 0 0 -10 489.23 170.59 548.62 197.85 -10 -10 -10 -100    0 -1000 -1000 -10
132 48 pedestrian 0 0 -10 85.44 164.94 247.62 267.64 -10 -10 -10 -100    0 -1000 -1000 -10
132 39 pedestrian 0 0 -10 559.90 172.71 576.97 189.87 -10 -10 -10 -100    0 -1000 -1000 -10
132 3 pedestrian 0 0 -10 590.49 172.07 617.26 202.81 -10 -10 -10 -100    0 -1000 -1000 -10
133 54 pedestrian 0 0 -10 411.19 162.21 467.54 216.42 -10 -10 -10 -100    0 -1000 -1000 -10
133 50 pedestrian 0 0 -10 485.19 170.90 544.43 200.01 -10 -10 -10 -100    0 -1000 -1000 -10
133 48 pedestrian 0 0 -10 0.00 165.34 198.50 286.05 -10 -10 -10 -100    0 -1000 -1000 -10
133 39 pedestrian 0 0 -10 559.84 172.31 578.15 190.68 -10 -10 -10 -100    0 -1000 -1000 -10
133 3 pedestrian 0 0 -10 590.86 172.04 617.35 201.23 -10 -10 -10 -100    0 -1000 -1000 -10
134 54 pedestrian 0 0 -10 396.11 161.19 458.82 220.36 -10 -10 -10 -100    0 -1000 -1000 -10
134 50 pedestrian 0 0 -10 483.46 173.36 539.80 201.67 -10 -10 -10 -100    0 -1000 -1000 -10
134 48 pedestrian 0 0 -10 0.00 165.96 131.93 313.59 -10 -10 -10 -100    0 -1000 -1000 -10
134 39 pedestrian 0 0 -10 559.71 173.33 577.89 191.26 -10 -10 -10 -100    0 -1000 -1000 -10
134 3 pedestrian 0 0 -10 591.33 172.46 618.18 201.95 -10 -10 -10 -100    0 -1000 -1000 -10
135 54 pedestrian 0 0 -10 377.65 163.30 448.86 227.38 -10 -10 -10 -100    0 -1000 -1000 -10
135 50 pedestrian 0 0 -10 503.42 175.86 541.87 201.95 -10 -10 -10 -100    0 -1000 -1000 -10
135 44 pedestrian 0 0 -10 285.59 183.07 325.85 204.91 -10 -10 -10 -100    0 -1000 -1000 -10
135 39 pedestrian 0 0 -10 560.71 177.58 578.14 194.39 -10 -10 -10 -100    0 -1000 -1000 -10
135 3 pedestrian 0 0 -10 592.34 175.52 618.57 204.73 -10 -10 -10 -100    0 -1000 -1000 -10
136 54 pedestrian 0 0 -10 355.02 163.44 437.05 235.66 -10 -10 -10 -100    0 -1000 -1000 -10
136 50 pedestrian 0 0 -10 502.67 177.86 545.30 203.31 -10 -10 -10 -100    0 -1000 -1000 -10
136 44 pedestrian 0 0 -10 282.66 185.11 325.17 208.76 -10 -10 -10 -100    0 -1000 -1000 -10
136 39 pedestrian 0 0 -10 561.44 180.46 577.95 196.85 -10 -10 -10 -100    0 -1000 -1000 -10
136 3 pedestrian 0 0 -10 592.64 179.01 618.40 207.75 -10 -10 -10 -100    0 -1000 -1000 -10
137 55 pedestrian 0 0 -10 177.95 190.92 196.35 220.79 -10 -10 -10 -100    0 -1000 -1000 -10
137 54 pedestrian 0 0 -10 325.68 162.29 420.13 242.74 -10 -10 -10 -100    0 -1000 -1000 -10
137 50 pedestrian 0 0 -10 500.62 179.18 543.84 202.98 -10 -10 -10 -100    0 -1000 -1000 -10
137 44 pedestrian 0 0 -10 278.33 186.25 312.26 210.27 -10 -10 -10 -100    0 -1000 -1000 -10
137 39 pedestrian 0 0 -10 561.34 181.45 577.64 197.60 -10 -10 -10 -100    0 -1000 -1000 -10
137 3 pedestrian 0 0 -10 592.33 179.89 618.83 208.88 -10 -10 -10 -100    0 -1000 -1000 -10
138 55 pedestrian 0 0 -10 170.85 190.60 189.52 219.93 -10 -10 -10 -100    0 -1000 -1000 -10
138 54 pedestrian 0 0 -10 287.47 159.81 401.51 249.76 -10 -10 -10 -100    0 -1000 -1000 -10
138 50 pedestrian 0 0 -10 497.88 178.87 543.31 203.08 -10 -10 -10 -100    0 -1000 -1000 -10
138 44 pedestrian 0 0 -10 270.59 186.64 299.16 212.40 -10 -10 -10 -100    0 -1000 -1000 -10
138 39 pedestrian 0 0 -10 561.28 181.89 577.80 197.84 -10 -10 -10 -100    0 -1000 -1000 -10
138 3 pedestrian 0 0 -10 592.39 180.24 619.04 209.24 -10 -10 -10 -100    0 -1000 -1000 -10
139 57 pedestrian 0 0 -10 460.18 186.36 490.28 211.45 -10 -10 -10 -100    0 -1000 -1000 -10
139 55 pedestrian 0 0 -10 163.36 190.70 182.20 219.20 -10 -10 -10 -100    0 -1000 -1000 -10
139 54 pedestrian 0 0 -10 238.75 157.07 378.41 261.65 -10 -10 -10 -100    0 -1000 -1000 -10
139 50 pedestrian 0 0 -10 494.24 179.97 538.24 203.76 -10 -10 -10 -100    0 -1000 -1000 -10
139 39 pedestrian 0 0 -10 561.42 181.61 577.95 198.21 -10 -10 -10 -100    0 -1000 -1000 -10
139 3 pedestrian 0 0 -10 591.95 179.78 618.97 210.06 -10 -10 -10 -100    0 -1000 -1000 -10
140 57 pedestrian 0 0 -10 450.81 185.52 485.09 212.03 -10 -10 -10 -100    0 -1000 -1000 -10
140 54 pedestrian 0 0 -10 168.38 151.40 347.66 276.23 -10 -10 -10 -100    0 -1000 -1000 -10
140 50 pedestrian 0 0 -10 491.67 180.19 541.07 204.05 -10 -10 -10 -100    0 -1000 -1000 -10
140 39 pedestrian 0 0 -10 560.33 180.92 576.67 197.30 -10 -10 -10 -100    0 -1000 -1000 -10
140 3 pedestrian 0 0 -10 591.44 178.78 618.48 208.96 -10 -10 -10 -100    0 -1000 -1000 -10
141 57 pedestrian 0 0 -10 441.75 184.70 478.59 213.80 -10 -10 -10 -100    0 -1000 -1000 -10
141 54 pedestrian 0 0 -10 67.01 142.43 307.50 299.49 -10 -10 -10 -100    0 -1000 -1000 -10
141 50 pedestrian 0 0 -10 485.76 179.72 538.92 206.00 -10 -10 -10 -100    0 -1000 -1000 -10
141 39 pedestrian 0 0 -10 559.95 180.65 576.51 197.84 -10 -10 -10 -100    0 -1000 -1000 -10
141 3 pedestrian 0 0 -10 591.32 179.06 618.04 208.87 -10 -10 -10 -100    0 -1000 -1000 -10
142 57 pedestrian 0 0 -10 431.48 184.45 471.24 215.64 -10 -10 -10 -100    0 -1000 -1000 -10
142 54 pedestrian 0 0 -10 0.00 125.32 251.47 334.52 -10 -10 -10 -100    0 -1000 -1000 -10
142 50 pedestrian 0 0 -10 482.19 177.31 541.98 206.12 -10 -10 -10 -100    0 -1000 -1000 -10
142 39 pedestrian 0 0 -10 559.20 179.72 578.05 198.22 -10 -10 -10 -100    0 -1000 -1000 -10
142 3 pedestrian 0 0 -10 591.06 178.89 617.49 208.21 -10 -10 -10 -100    0 -1000 -1000 -10
143 54 pedestrian 0 0 -10 0.06 111.69 165.56 354.56 -10 -10 -10 -100    0 -1000 -1000 -10
143 50 pedestrian 0 0 -10 475.83 175.49 541.53 205.21 -10 -10 -10 -100    0 -1000 -1000 -10
143 57 pedestrian 0 0 -10 419.38 182.99 462.73 215.69 -10 -10 -10 -100    0 -1000 -1000 -10
143 39 pedestrian 0 0 -10 557.54 176.70 578.25 196.36 -10 -10 -10 -100    0 -1000 -1000 -10
143 3 pedestrian 0 0 -10 590.70 177.15 617.69 207.00 -10 -10 -10 -100    0 -1000 -1000 -10
144 50 pedestrian 0 0 -10 471.97 172.44 535.78 202.46 -10 -10 -10 -100    0 -1000 -1000 -10
144 57 pedestrian 0 0 -10 406.82 181.00 454.83 215.68 -10 -10 -10 -100    0 -1000 -1000 -10
144 39 pedestrian 0 0 -10 556.70 173.89 579.72 193.98 -10 -10 -10 -100    0 -1000 -1000 -10
144 3 pedestrian 0 0 -10 590.08 173.80 617.60 203.76 -10 -10 -10 -100    0 -1000 -1000 -10
145 50 pedestrian 0 0 -10 467.86 171.09 531.68 201.17 -10 -10 -10 -100    0 -1000 -1000 -10
145 57 pedestrian 0 0 -10 391.30 181.18 442.56 217.07 -10 -10 -10 -100    0 -1000 -1000 -10
145 39 pedestrian 0 0 -10 555.19 171.56 579.30 191.99 -10 -10 -10 -100    0 -1000 -1000 -10
145 3 pedestrian 0 0 -10 590.03 172.34 616.83 201.90 -10 -10 -10 -100    0 -1000 -1000 -10
145 58 pedestrian 0 0 -10 233.83 173.99 313.55 199.06 -10 -10 -10 -100    0 -1000 -1000 -10
146 50 pedestrian 0 0 -10 461.44 169.26 529.61 202.30 -10 -10 -10 -100    0 -1000 -1000 -10
146 57 pedestrian 0 0 -10 370.37 181.50 430.59 221.43 -10 -10 -10 -100    0 -1000 -1000 -10
146 39 pedestrian 0 0 -10 554.16 170.95 579.81 192.04 -10 -10 -10 -100    0 -1000 -1000 -10
146 3 pedestrian 0 0 -10 589.88 171.86 616.76 201.90 -10 -10 -10 -100    0 -1000 -1000 -10
146 58 pedestrian 0 0 -10 229.02 172.70 309.21 201.07 -10 -10 -10 -100    0 -1000 -1000 -10
147 50 pedestrian 0 0 -10 454.25 170.19 527.87 204.93 -10 -10 -10 -100    0 -1000 -1000 -10
147 57 pedestrian 0 0 -10 347.48 183.06 415.98 227.40 -10 -10 -10 -100    0 -1000 -1000 -10
147 59 pedestrian 0 0 -10 92.22 182.63 111.86 217.65 -10 -10 -10 -100    0 -1000 -1000 -10
147 39 pedestrian 0 0 -10 554.34 172.07 580.73 193.99 -10 -10 -10 -100    0 -1000 -1000 -10
147 3 pedestrian 0 0 -10 589.37 172.08 616.80 202.53 -10 -10 -10 -100    0 -1000 -1000 -10
147 58 pedestrian 0 0 -10 222.65 174.04 304.30 203.83 -10 -10 -10 -100    0 -1000 -1000 -10
148 50 pedestrian 0 0 -10 446.35 171.13 528.39 206.94 -10 -10 -10 -100    0 -1000 -1000 -10
148 57 pedestrian 0 0 -10 318.17 184.97 399.76 235.19 -10 -10 -10 -100    0 -1000 -1000 -10
148 59 pedestrian 0 0 -10 83.88 185.53 104.40 220.68 -10 -10 -10 -100    0 -1000 -1000 -10
148 39 pedestrian 0 0 -10 553.28 172.28 579.64 195.23 -10 -10 -10 -100    0 -1000 -1000 -10
148 3 pedestrian 0 0 -10 589.49 172.72 616.54 202.84 -10 -10 -10 -100    0 -1000 -1000 -10
148 58 pedestrian 0 0 -10 216.17 175.12 305.33 207.34 -10 -10 -10 -100    0 -1000 -1000 -10
149 50 pedestrian 0 0 -10 478.02 173.25 530.21 199.48 -10 -10 -10 -100    0 -1000 -1000 -10
149 57 pedestrian 0 0 -10 281.88 187.87 377.27 245.60 -10 -10 -10 -100    0 -1000 -1000 -10
149 59 pedestrian 0 0 -10 72.97 191.62 92.77 225.38 -10 -10 -10 -100    0 -1000 -1000 -10
149 39 pedestrian 0 0 -10 553.21 173.18 578.72 196.07 -10 -10 -10 -100    0 -1000 -1000 -10
149 3 pedestrian 0 0 -10 588.69 173.80 615.47 203.94 -10 -10 -10 -100    0 -1000 -1000 -10
149 58 pedestrian 0 0 -10 241.99 181.47 296.26 204.00 -10 -10 -10 -100    0 -1000 -1000 -10
150 50 pedestrian 0 0 -10 475.75 174.67 527.83 200.48 -10 -10 -10 -100    0 -1000 -1000 -10
150 57 pedestrian 0 0 -10 234.54 191.92 351.46 259.18 -10 -10 -10 -100    0 -1000 -1000 -10
150 59 pedestrian 0 0 -10 63.70 195.46 82.98 226.74 -10 -10 -10 -100    0 -1000 -1000 -10
150 39 pedestrian 0 0 -10 553.63 174.08 577.10 198.18 -10 -10 -10 -100    0 -1000 -1000 -10
150 3 pedestrian 0 0 -10 589.21 175.00 616.34 205.70 -10 -10 -10 -100    0 -1000 -1000 -10
150 58 pedestrian 0 0 -10 238.38 184.70 295.84 205.71 -10 -10 -10 -100    0 -1000 -1000 -10
151 50 pedestrian 0 0 -10 471.95 172.89 530.43 200.95 -10 -10 -10 -100    0 -1000 -1000 -10
151 57 pedestrian 0 0 -10 171.73 195.00 317.81 275.39 -10 -10 -10 -100    0 -1000 -1000 -10
151 59 pedestrian 0 0 -10 49.57 195.71 70.35 225.59 -10 -10 -10 -100    0 -1000 -1000 -10
151 39 pedestrian 0 0 -10 551.80 172.53 576.86 198.12 -10 -10 -10 -100    0 -1000 -1000 -10
151 3 pedestrian 0 0 -10 588.75 174.34 615.28 204.25 -10 -10 -10 -100    0 -1000 -1000 -10
152 50 pedestrian 0 0 -10 485.09 168.06 539.13 193.65 -10 -10 -10 -100    0 -1000 -1000 -10
152 57 pedestrian 0 0 -10 80.56 195.58 269.24 290.50 -10 -10 -10 -100    0 -1000 -1000 -10
152 39 pedestrian 0 0 -10 551.09 166.48 575.62 193.36 -10 -10 -10 -100    0 -1000 -1000 -10
152 3 pedestrian 0 0 -10 586.76 169.69 614.90 200.44 -10 -10 -10 -100    0 -1000 -1000 -10
152 61 pedestrian 0 0 -10 399.59 179.60 449.57 215.71 -10 -10 -10 -100    0 -1000 -1000 -10
153 50 pedestrian 0 0 -10 489.40 164.85 538.73 189.71 -10 -10 -10 -100    0 -1000 -1000 -10
153 57 pedestrian 0 0 -10 0.00 196.86 206.92 317.89 -10 -10 -10 -100    0 -1000 -1000 -10
153 39 pedestrian 0 0 -10 550.81 164.96 574.48 192.18 -10 -10 -10 -100    0 -1000 -1000 -10
153 3 pedestrian 0 0 -10 586.80 167.64 613.92 197.88 -10 -10 -10 -100    0 -1000 -1000 -10
153 61 pedestrian 0 0 -10 382.64 178.53 439.45 216.62 -10 -10 -10 -100    0 -1000 -1000 -10
154 50 pedestrian 0 0 -10 486.14 164.87 538.16 190.09 -10 -10 -10 -100    0 -1000 -1000 -10
154 57 pedestrian 0 0 -10 0.00 200.63 113.90 340.23 -10 -10 -10 -100    0 -1000 -1000 -10
154 39 pedestrian 0 0 -10 550.31 165.67 573.08 192.62 -10 -10 -10 -100    0 -1000 -1000 -10
154 3 pedestrian 0 0 -10 585.94 168.29 613.60 199.99 -10 -10 -10 -100    0 -1000 -1000 -10
154 61 pedestrian 0 0 -10 362.62 181.29 427.59 223.15 -10 -10 -10 -100    0 -1000 -1000 -10
155 50 pedestrian 0 0 -10 486.20 168.07 537.47 194.10 -10 -10 -10 -100    0 -1000 -1000 -10
155 39 pedestrian 0 0 -10 550.43 167.64 573.38 195.18 -10 -10 -10 -100    0 -1000 -1000 -10
155 3 pedestrian 0 0 -10 586.31 170.34 614.11 201.72 -10 -10 -10 -100    0 -1000 -1000 -10
155 61 pedestrian 0 0 -10 338.70 184.87 410.87 232.17 -10 -10 -10 -100    0 -1000 -1000 -10
156 64 pedestrian 0 0 -10 441.86 177.72 474.79 208.39 -10 -10 -10 -100    0 -1000 -1000 -10
156 63 pedestrian 0 0 -10 209.48 187.94 229.75 206.31 -10 -10 -10 -100    0 -1000 -1000 -10
156 50 pedestrian 0 0 -10 480.04 169.98 537.06 195.27 -10 -10 -10 -100    0 -1000 -1000 -10
156 39 pedestrian 0 0 -10 550.58 170.10 574.52 195.63 -10 -10 -10 -100    0 -1000 -1000 -10
156 3 pedestrian 0 0 -10 586.79 170.37 614.52 201.25 -10 -10 -10 -100    0 -1000 -1000 -10
156 61 pedestrian 0 0 -10 310.03 187.22 392.41 239.73 -10 -10 -10 -100    0 -1000 -1000 -10
157 65 pedestrian 0 0 -10 148.90 191.13 180.25 219.62 -10 -10 -10 -100    0 -1000 -1000 -10
157 64 pedestrian 0 0 -10 434.51 180.83 470.65 212.77 -10 -10 -10 -100    0 -1000 -1000 -10
157 50 pedestrian 0 0 -10 478.61 174.09 528.94 198.51 -10 -10 -10 -100    0 -1000 -1000 -10
157 39 pedestrian 0 0 -10 552.13 174.22 573.98 198.44 -10 -10 -10 -100    0 -1000 -1000 -10
157 3 pedestrian 0 0 -10 589.11 173.70 616.00 203.80 -10 -10 -10 -100    0 -1000 -1000 -10
157 61 pedestrian 0 0 -10 270.79 190.88 371.90 251.88 -10 -10 -10 -100    0 -1000 -1000 -10
158 65 pedestrian 0 0 -10 141.42 196.87 173.75 225.89 -10 -10 -10 -100    0 -1000 -1000 -10
158 64 pedestrian 0 0 -10 426.17 183.60 463.62 217.12 -10 -10 -10 -100    0 -1000 -1000 -10
158 50 pedestrian 0 0 -10 477.01 177.80 533.54 204.50 -10 -10 -10 -100    0 -1000 -1000 -10
158 39 pedestrian 0 0 -10 551.98 178.02 572.25 201.51 -10 -10 -10 -100    0 -1000 -1000 -10
158 3 pedestrian 0 0 -10 589.49 176.18 615.96 206.54 -10 -10 -10 -100    0 -1000 -1000 -10
158 61 pedestrian 0 0 -10 223.88 196.45 343.44 267.70 -10 -10 -10 -100    0 -1000 -1000 -10
159 65 pedestrian 0 0 -10 133.06 196.15 166.72 226.63 -10 -10 -10 -100    0 -1000 -1000 -10
159 64 pedestrian 0 0 -10 416.72 182.56 457.56 217.91 -10 -10 -10 -100    0 -1000 -1000 -10
159 50 pedestrian 0 0 -10 473.08 175.34 537.84 204.65 -10 -10 -10 -100    0 -1000 -1000 -10
159 39 pedestrian 0 0 -10 552.33 177.84 573.00 201.77 -10 -10 -10 -100    0 -1000 -1000 -10
159 3 pedestrian 0 0 -10 589.57 176.68 616.59 206.99 -10 -10 -10 -100    0 -1000 -1000 -10
159 61 pedestrian 0 0 -10 156.77 197.55 306.59 282.01 -10 -10 -10 -100    0 -1000 -1000 -10
160 64 pedestrian 0 0 -10 404.96 181.24 450.46 219.94 -10 -10 -10 -100    0 -1000 -1000 -10
160 50 pedestrian 0 0 -10 469.69 174.57 540.14 204.56 -10 -10 -10 -100    0 -1000 -1000 -10
160 39 pedestrian 0 0 -10 551.76 176.62 573.18 201.13 -10 -10 -10 -100    0 -1000 -1000 -10
160 3 pedestrian 0 0 -10 589.67 175.77 617.17 206.09 -10 -10 -10 -100    0 -1000 -1000 -10
160 61 pedestrian 0 0 -10 59.06 199.47 257.58 303.50 -10 -10 -10 -100    0 -1000 -1000 -10
161 68 pedestrian 0 0 -10 618.40 171.30 638.88 198.19 -10 -10 -10 -100    0 -1000 -1000 -10
161 64 pedestrian 0 0 -10 391.46 179.09 442.35 220.64 -10 -10 -10 -100    0 -1000 -1000 -10
161 50 pedestrian 0 0 -10 464.02 171.21 542.35 202.52 -10 -10 -10 -100    0 -1000 -1000 -10
161 39 pedestrian 0 0 -10 552.15 174.89 573.88 199.05 -10 -10 -10 -100    0 -1000 -1000 -10
161 3 pedestrian 0 0 -10 589.66 173.82 617.21 204.18 -10 -10 -10 -100    0 -1000 -1000 -10
161 61 pedestrian 0 0 -10 0.00 201.88 193.94 332.70 -10 -10 -10 -100    0 -1000 -1000 -10
162 68 pedestrian 0 0 -10 619.18 171.34 640.20 198.51 -10 -10 -10 -100    0 -1000 -1000 -10
162 64 pedestrian 0 0 -10 377.42 179.56 432.06 224.57 -10 -10 -10 -100    0 -1000 -1000 -10
162 50 pedestrian 0 0 -10 458.20 173.08 493.39 203.17 -10 -10 -10 -100    0 -1000 -1000 -10
162 39 pedestrian 0 0 -10 551.38 175.48 573.20 199.95 -10 -10 -10 -100    0 -1000 -1000 -10
162 3 pedestrian 0 0 -10 590.05 174.21 617.40 204.88 -10 -10 -10 -100    0 -1000 -1000 -10
162 61 pedestrian 0 0 -10 0.00 208.16 98.95 350.82 -10 -10 -10 -100    0 -1000 -1000 -10
163 68 pedestrian 0 0 -10 618.63 172.06 642.05 201.06 -10 -10 -10 -100    0 -1000 -1000 -10
163 67 pedestrian 0 0 -10 207.16 185.47 233.62 207.79 -10 -10 -10 -100    0 -1000 -1000 -10
163 64 pedestrian 0 0 -10 357.79 182.02 420.38 230.95 -10 -10 -10 -100    0 -1000 -1000 -10
163 50 pedestrian 0 0 -10 452.46 175.35 488.27 205.47 -10 -10 -10 -100    0 -1000 -1000 -10
163 39 pedestrian 0 0 -10 550.77 177.32 573.23 202.16 -10 -10 -10 -100    0 -1000 -1000 -10
163 3 pedestrian 0 0 -10 589.94 176.13 617.14 207.44 -10 -10 -10 -100    0 -1000 -1000 -10
164 70 pedestrian 0 0 -10 492.95 177.85 517.04 202.57 -10 -10 -10 -100    0 -1000 -1000 -10
164 69 pedestrian 0 0 -10 168.96 189.86 195.05 211.43 -10 -10 -10 -100    0 -1000 -1000 -10
164 68 pedestrian 0 0 -10 618.37 172.11 644.35 203.18 -10 -10 -10 -100    0 -1000 -1000 -10
164 67 pedestrian 0 0 -10 200.75 186.44 227.17 207.89 -10 -10 -10 -100    0 -1000 -1000 -10
164 64 pedestrian 0 0 -10 333.28 182.47 405.20 235.82 -10 -10 -10 -100    0 -1000 -1000 -10
164 50 pedestrian 0 0 -10 447.24 175.33 486.38 207.58 -10 -10 -10 -100    0 -1000 -1000 -10
164 39 pedestrian 0 0 -10 549.99 177.62 573.39 203.46 -10 -10 -10 -100    0 -1000 -1000 -10
164 3 pedestrian 0 0 -10 589.70 177.02 617.59 208.40 -10 -10 -10 -100    0 -1000 -1000 -10
165 70 pedestrian 0 0 -10 490.05 177.50 515.52 203.65 -10 -10 -10 -100    0 -1000 -1000 -10
165 69 pedestrian 0 0 -10 164.19 188.41 190.65 210.09 -10 -10 -10 -100    0 -1000 -1000 -10
165 68 pedestrian 0 0 -10 618.34 170.70 644.30 203.14 -10 -10 -10 -100    0 -1000 -1000 -10
165 67 pedestrian 0 0 -10 195.89 185.78 219.97 206.53 -10 -10 -10 -100    0 -1000 -1000 -10
165 64 pedestrian 0 0 -10 304.22 181.11 388.51 241.39 -10 -10 -10 -100    0 -1000 -1000 -10
165 50 pedestrian 0 0 -10 440.75 174.30 481.10 208.07 -10 -10 -10 -100    0 -1000 -1000 -10
165 71 pedestrian 0 0 -10 67.94 185.89 111.22 221.55 -10 -10 -10 -100    0 -1000 -1000 -10
165 39 pedestrian 0 0 -10 548.68 176.95 572.72 203.17 -10 -10 -10 -100    0 -1000 -1000 -10
165 3 pedestrian 0 0 -10 589.47 176.21 616.64 207.85 -10 -10 -10 -100    0 -1000 -1000 -10
166 69 pedestrian 0 0 -10 157.63 188.94 181.60 210.39 -10 -10 -10 -100    0 -1000 -1000 -10
166 68 pedestrian 0 0 -10 617.87 170.12 644.68 202.95 -10 -10 -10 -100    0 -1000 -1000 -10
166 67 pedestrian 0 0 -10 191.65 186.35 214.66 206.45 -10 -10 -10 -100    0 -1000 -1000 -10
166 64 pedestrian 0 0 -10 267.49 183.07 366.14 249.99 -10 -10 -10 -100    0 -1000 -1000 -10
166 50 pedestrian 0 0 -10 433.54 173.90 476.26 209.11 -10 -10 -10 -100    0 -1000 -1000 -10
166 71 pedestrian 0 0 -10 56.13 185.66 99.29 222.15 -10 -10 -10 -100    0 -1000 -1000 -10
166 70 pedestrian 0 0 -10 488.03 178.34 513.62 203.74 -10 -10 -10 -100    0 -1000 -1000 -10
166 39 pedestrian 0 0 -10 547.54 176.91 572.62 204.09 -10 -10 -10 -100    0 -1000 -1000 -10
166 3 pedestrian 0 0 -10 589.33 176.05 616.83 207.75 -10 -10 -10 -100    0 -1000 -1000 -10
167 69 pedestrian 0 0 -10 151.36 189.51 175.40 211.25 -10 -10 -10 -100    0 -1000 -1000 -10
167 68 pedestrian 0 0 -10 617.65 169.13 645.25 202.87 -10 -10 -10 -100    0 -1000 -1000 -10
167 67 pedestrian 0 0 -10 186.13 187.70 209.00 209.28 -10 -10 -10 -100    0 -1000 -1000 -10
167 64 pedestrian 0 0 -10 219.62 183.27 339.49 260.26 -10 -10 -10 -100    0 -1000 -1000 -10
167 50 pedestrian 0 0 -10 424.40 173.59 471.92 210.81 -10 -10 -10 -100    0 -1000 -1000 -10
167 71 pedestrian 0 0 -10 44.00 185.46 88.85 224.58 -10 -10 -10 -100    0 -1000 -1000 -10
167 72 pedestrian 0 0 -10 517.17 175.88 537.22 201.38 -10 -10 -10 -100    0 -1000 -1000 -10
167 70 pedestrian 0 0 -10 485.50 179.27 510.91 204.25 -10 -10 -10 -100    0 -1000 -1000 -10
167 39 pedestrian 0 0 -10 546.80 176.40 572.55 204.35 -10 -10 -10 -100    0 -1000 -1000 -10
167 3 pedestrian 0 0 -10 589.53 175.85 617.38 207.40 -10 -10 -10 -100    0 -1000 -1000 -10
168 69 pedestrian 0 0 -10 145.27 187.80 169.66 209.49 -10 -10 -10 -100    0 -1000 -1000 -10
168 68 pedestrian 0 0 -10 616.24 165.11 646.00 199.90 -10 -10 -10 -100    0 -1000 -1000 -10
168 64 pedestrian 0 0 -10 155.33 182.31 304.04 272.26 -10 -10 -10 -100    0 -1000 -1000 -10
168 50 pedestrian 0 0 -10 415.39 169.95 465.34 210.84 -10 -10 -10 -100    0 -1000 -1000 -10
168 71 pedestrian 0 0 -10 29.21 184.10 76.37 223.05 -10 -10 -10 -100    0 -1000 -1000 -10
168 72 pedestrian 0 0 -10 516.29 173.33 535.75 197.72 -10 -10 -10 -100    0 -1000 -1000 -10
168 70 pedestrian 0 0 -10 482.18 176.34 508.77 200.48 -10 -10 -10 -100    0 -1000 -1000 -10
168 39 pedestrian 0 0 -10 545.09 174.33 571.44 203.29 -10 -10 -10 -100    0 -1000 -1000 -10
168 3 pedestrian 0 0 -10 589.11 173.72 616.18 204.23 -10 -10 -10 -100    0 -1000 -1000 -10
169 68 pedestrian 0 0 -10 614.95 158.62 649.92 194.99 -10 -10 -10 -100    0 -1000 -1000 -10
169 64 pedestrian 0 0 -10 65.13 180.04 257.25 288.60 -10 -10 -10 -100    0 -1000 -1000 -10
169 50 pedestrian 0 0 -10 405.35 167.56 454.19 208.61 -10 -10 -10 -100    0 -1000 -1000 -10
169 71 pedestrian 0 0 -10 13.24 183.63 62.75 219.72 -10 -10 -10 -100    0 -1000 -1000 -10
169 72 pedestrian 0 0 -10 513.48 169.60 534.98 195.39 -10 -10 -10 -100    0 -1000 -1000 -10
169 70 pedestrian 0 0 -10 478.32 173.38 504.37 197.06 -10 -10 -10 -100    0 -1000 -1000 -10
169 39 pedestrian 0 0 -10 544.23 170.16 571.09 200.06 -10 -10 -10 -100    0 -1000 -1000 -10
169 3 pedestrian 0 0 -10 588.36 170.10 614.61 200.22 -10 -10 -10 -100    0 -1000 -1000 -10
170 64 pedestrian 0 0 -10 0.00 177.96 195.09 314.40 -10 -10 -10 -100    0 -1000 -1000 -10
170 50 pedestrian 0 0 -10 391.92 166.61 445.42 211.09 -10 -10 -10 -100    0 -1000 -1000 -10
170 71 pedestrian 0 0 -10 0.08 181.73 57.21 223.33 -10 -10 -10 -100    0 -1000 -1000 -10
170 72 pedestrian 0 0 -10 510.61 167.51 532.85 194.97 -10 -10 -10 -100    0 -1000 -1000 -10
170 68 pedestrian 0 0 -10 615.05 157.33 649.76 194.33 -10 -10 -10 -100    0 -1000 -1000 -10
170 70 pedestrian 0 0 -10 473.53 172.93 500.56 196.25 -10 -10 -10 -100    0 -1000 -1000 -10
170 39 pedestrian 0 0 -10 541.82 169.15 569.81 200.21 -10 -10 -10 -100    0 -1000 -1000 -10
170 3 pedestrian 0 0 -10 587.82 168.71 614.61 199.43 -10 -10 -10 -100    0 -1000 -1000 -10
171 64 pedestrian 0 0 -10 0.00 182.09 103.90 338.87 -10 -10 -10 -100    0 -1000 -1000 -10
171 50 pedestrian 0 0 -10 378.34 167.41 435.98 214.72 -10 -10 -10 -100    0 -1000 -1000 -10
171 72 pedestrian 0 0 -10 508.85 170.07 531.65 197.86 -10 -10 -10 -100    0 -1000 -1000 -10
171 68 pedestrian 0 0 -10 614.35 157.97 648.83 196.25 -10 -10 -10 -100    0 -1000 -1000 -10
171 70 pedestrian 0 0 -10 469.09 175.46 496.30 197.84 -10 -10 -10 -100    0 -1000 -1000 -10
171 39 pedestrian 0 0 -10 539.85 171.24 569.02 202.36 -10 -10 -10 -100    0 -1000 -1000 -10
171 3 pedestrian 0 0 -10 586.32 170.30 613.26 201.16 -10 -10 -10 -100    0 -1000 -1000 -10
172 50 pedestrian 0 0 -10 361.41 170.06 424.88 221.22 -10 -10 -10 -100    0 -1000 -1000 -10
172 72 pedestrian 0 0 -10 504.98 172.06 529.33 201.63 -10 -10 -10 -100    0 -1000 -1000 -10
172 68 pedestrian 0 0 -10 615.42 161.82 652.64 201.27 -10 -10 -10 -100    0 -1000 -1000 -10
172 70 pedestrian 0 0 -10 464.22 179.54 492.30 201.55 -10 -10 -10 -100    0 -1000 -1000 -10
172 39 pedestrian 0 0 -10 537.53 174.30 568.74 206.80 -10 -10 -10 -100    0 -1000 -1000 -10
172 3 pedestrian 0 0 -10 585.93 173.41 613.43 204.31 -10 -10 -10 -100    0 -1000 -1000 -10
173 50 pedestrian 0 0 -10 341.35 171.83 412.70 227.33 -10 -10 -10 -100    0 -1000 -1000 -10
173 72 pedestrian 0 0 -10 502.18 174.83 524.90 207.08 -10 -10 -10 -100    0 -1000 -1000 -10
173 68 pedestrian 0 0 -10 615.32 165.32 652.27 205.53 -10 -10 -10 -100    0 -1000 -1000 -10
173 70 pedestrian 0 0 -10 458.25 182.41 485.98 205.01 -10 -10 -10 -100    0 -1000 -1000 -10
173 69 pedestrian 0 0 -10 106.32 192.04 134.79 215.63 -10 -10 -10 -100    0 -1000 -1000 -10
173 39 pedestrian 0 0 -10 535.22 176.41 567.30 210.91 -10 -10 -10 -100    0 -1000 -1000 -10
173 3 pedestrian 0 0 -10 584.15 174.90 611.89 205.98 -10 -10 -10 -100    0 -1000 -1000 -10
174 50 pedestrian 0 0 -10 317.98 171.51 398.63 232.03 -10 -10 -10 -100    0 -1000 -1000 -10
174 72 pedestrian 0 0 -10 501.01 172.72 523.47 208.57 -10 -10 -10 -100    0 -1000 -1000 -10
174 68 pedestrian 0 0 -10 616.33 165.66 652.31 208.28 -10 -10 -10 -100    0 -1000 -1000 -10
174 70 pedestrian 0 0 -10 451.80 182.43 482.07 206.90 -10 -10 -10 -100    0 -1000 -1000 -10
174 69 pedestrian 0 0 -10 97.31 191.97 127.51 216.08 -10 -10 -10 -100    0 -1000 -1000 -10
174 39 pedestrian 0 0 -10 533.33 176.11 566.50 211.63 -10 -10 -10 -100    0 -1000 -1000 -10
174 3 pedestrian 0 0 -10 584.29 174.59 611.80 205.61 -10 -10 -10 -100    0 -1000 -1000 -10
175 74 pedestrian 0 0 -10 401.83 169.60 432.76 202.94 -10 -10 -10 -100    0 -1000 -1000 -10
175 50 pedestrian 0 0 -10 288.08 171.22 381.64 237.14 -10 -10 -10 -100    0 -1000 -1000 -10
175 72 pedestrian 0 0 -10 498.59 169.97 521.75 208.16 -10 -10 -10 -100    0 -1000 -1000 -10
175 68 pedestrian 0 0 -10 618.95 165.61 654.83 207.06 -10 -10 -10 -100    0 -1000 -1000 -10
175 70 pedestrian 0 0 -10 445.29 180.79 476.71 205.81 -10 -10 -10 -100    0 -1000 -1000 -10
175 69 pedestrian 0 0 -10 88.38 190.58 118.54 214.25 -10 -10 -10 -100    0 -1000 -1000 -10
175 39 pedestrian 0 0 -10 530.61 174.10 565.16 211.43 -10 -10 -10 -100    0 -1000 -1000 -10
175 3 pedestrian 0 0 -10 583.29 172.86 610.11 203.45 -10 -10 -10 -100    0 -1000 -1000 -10
176 74 pedestrian 0 0 -10 402.64 171.53 435.43 199.97 -10 -10 -10 -100    0 -1000 -1000 -10
176 50 pedestrian 0 0 -10 252.80 170.32 360.72 244.06 -10 -10 -10 -100    0 -1000 -1000 -10
176 72 pedestrian 0 0 -10 496.52 170.16 517.59 205.50 -10 -10 -10 -100    0 -1000 -1000 -10
176 68 pedestrian 0 0 -10 618.97 165.40 654.43 208.05 -10 -10 -10 -100    0 -1000 -1000 -10
176 70 pedestrian 0 0 -10 436.69 179.71 472.56 206.24 -10 -10 -10 -100    0 -1000 -1000 -10
176 69 pedestrian 0 0 -10 77.94 190.36 111.36 213.68 -10 -10 -10 -100    0 -1000 -1000 -10
176 39 pedestrian 0 0 -10 527.87 173.31 563.52 211.70 -10 -10 -10 -100    0 -1000 -1000 -10
176 3 pedestrian 0 0 -10 582.57 172.07 609.68 203.52 -10 -10 -10 -100    0 -1000 -1000 -10
177 74 pedestrian 0 0 -10 394.75 172.53 427.05 199.07 -10 -10 -10 -100    0 -1000 -1000 -10
177 50 pedestrian 0 0 -10 205.53 170.25 334.75 254.87 -10 -10 -10 -100    0 -1000 -1000 -10
177 72 pedestrian 0 0 -10 494.78 174.22 516.59 207.16 -10 -10 -10 -100    0 -1000 -1000 -10
177 68 pedestrian 0 0 -10 617.77 167.46 661.33 210.63 -10 -10 -10 -100    0 -1000 -1000 -10
177 70 pedestrian 0 0 -10 426.86 180.26 467.02 208.39 -10 -10 -10 -100    0 -1000 -1000 -10
177 69 pedestrian 0 0 -10 67.47 191.04 100.46 217.34 -10 -10 -10 -100    0 -1000 -1000 -10
177 39 pedestrian 0 0 -10 524.28 173.41 561.77 213.07 -10 -10 -10 -100    0 -1000 -1000 -10
177 3 pedestrian 0 0 -10 581.44 171.78 609.06 202.53 -10 -10 -10 -100    0 -1000 -1000 -10
178 74 pedestrian 0 0 -10 388.61 174.72 418.37 201.44 -10 -10 -10 -100    0 -1000 -1000 -10
178 50 pedestrian 0 0 -10 146.88 168.96 306.26 266.03 -10 -10 -10 -100    0 -1000 -1000 -10
178 72 pedestrian 0 0 -10 491.44 178.16 512.22 210.54 -10 -10 -10 -100    0 -1000 -1000 -10
178 68 pedestrian 0 0 -10 617.70 168.10 665.24 212.68 -10 -10 -10 -100    0 -1000 -1000 -10
178 70 pedestrian 0 0 -10 416.79 181.64 456.81 211.55 -10 -10 -10 -100    0 -1000 -1000 -10
178 69 pedestrian 0 0 -10 55.69 194.51 87.00 220.24 -10 -10 -10 -100    0 -1000 -1000 -10
178 39 pedestrian 0 0 -10 520.89 174.24 559.86 215.38 -10 -10 -10 -100    0 -1000 -1000 -10
178 3 pedestrian 0 0 -10 580.79 173.07 608.13 203.23 -10 -10 -10 -100    0 -1000 -1000 -10
179 74 pedestrian 0 0 -10 384.27 177.03 410.96 204.69 -10 -10 -10 -100    0 -1000 -1000 -10
179 50 pedestrian 0 0 -10 66.37 168.13 264.93 282.76 -10 -10 -10 -100    0 -1000 -1000 -10
179 72 pedestrian 0 0 -10 487.83 179.68 508.32 213.52 -10 -10 -10 -100    0 -1000 -1000 -10
179 68 pedestrian 0 0 -10 617.56 169.01 666.54 216.09 -10 -10 -10 -100    0 -1000 -1000 -10
179 70 pedestrian 0 0 -10 405.53 184.48 446.88 216.34 -10 -10 -10 -100    0 -1000 -1000 -10
179 69 pedestrian 0 0 -10 46.30 195.29 77.10 224.05 -10 -10 -10 -100    0 -1000 -1000 -10
179 39 pedestrian 0 0 -10 517.26 175.84 557.91 218.59 -10 -10 -10 -100    0 -1000 -1000 -10
179 3 pedestrian 0 0 -10 580.57 174.84 607.75 204.56 -10 -10 -10 -100    0 -1000 -1000 -10
180 50 pedestrian 0 0 -10 0.00 168.17 214.42 309.46 -10 -10 -10 -100    0 -1000 -1000 -10
180 72 pedestrian 0 0 -10 481.98 183.19 504.07 216.76 -10 -10 -10 -100    0 -1000 -1000 -10
180 68 pedestrian 0 0 -10 618.60 172.37 669.18 219.74 -10 -10 -10 -100    0 -1000 -1000 -10
180 70 pedestrian 0 0 -10 392.35 186.88 440.34 222.45 -10 -10 -10 -100    0 -1000 -1000 -10
180 39 pedestrian 0 0 -10 513.18 178.99 555.66 223.04 -10 -10 -10 -100    0 -1000 -1000 -10
180 3 pedestrian 0 0 -10 580.12 176.62 607.26 206.94 -10 -10 -10 -100    0 -1000 -1000 -10
181 50 pedestrian 0 0 -10 0.00 170.70 143.09 332.10 -10 -10 -10 -100    0 -1000 -1000 -10
181 72 pedestrian 0 0 -10 477.74 189.36 501.75 223.95 -10 -10 -10 -100    0 -1000 -1000 -10
181 68 pedestrian 0 0 -10 618.37 178.50 673.05 228.82 -10 -10 -10 -100    0 -1000 -1000 -10
181 70 pedestrian 0 0 -10 377.59 191.62 429.62 230.90 -10 -10 -10 -100    0 -1000 -1000 -10
181 39 pedestrian 0 0 -10 508.99 183.18 554.17 230.52 -10 -10 -10 -100    0 -1000 -1000 -10
181 3 pedestrian 0 0 -10 579.41 180.85 607.23 212.48 -10 -10 -10 -100    0 -1000 -1000 -10
182 72 pedestrian 0 0 -10 472.17 191.28 497.00 230.76 -10 -10 -10 -100    0 -1000 -1000 -10
182 68 pedestrian 0 0 -10 619.91 181.77 676.82 234.38 -10 -10 -10 -100    0 -1000 -1000 -10
182 70 pedestrian 0 0 -10 360.14 193.61 417.06 234.72 -10 -10 -10 -100    0 -1000 -1000 -10
182 39 pedestrian 0 0 -10 503.96 184.89 552.04 234.72 -10 -10 -10 -100    0 -1000 -1000 -10
182 3 pedestrian 0 0 -10 578.96 182.89 606.93 214.31 -10 -10 -10 -100    0 -1000 -1000 -10
183 72 pedestrian 0 0 -10 468.51 191.85 493.47 230.56 -10 -10 -10 -100    0 -1000 -1000 -10
183 68 pedestrian 0 0 -10 620.75 184.20 684.38 243.53 -10 -10 -10 -100    0 -1000 -1000 -10
183 70 pedestrian 0 0 -10 340.87 195.04 406.32 238.58 -10 -10 -10 -100    0 -1000 -1000 -10
183 39 pedestrian 0 0 -10 500.58 185.99 550.69 237.01 -10 -10 -10 -100    0 -1000 -1000 -10
183 3 pedestrian 0 0 -10 579.87 184.14 607.71 215.28 -10 -10 -10 -100    0 -1000 -1000 -10
184 76 pedestrian 0 0 -10 398.12 184.50 434.78 219.36 -10 -10 -10 -100    0 -1000 -1000 -10
184 72 pedestrian 0 0 -10 465.41 183.50 489.10 224.11 -10 -10 -10 -100    0 -1000 -1000 -10
184 70 pedestrian 0 0 -10 317.24 194.08 391.42 241.64 -10 -10 -10 -100    0 -1000 -1000 -10
184 39 pedestrian 0 0 -10 496.40 183.60 549.94 238.13 -10 -10 -10 -100    0 -1000 -1000 -10
184 3 pedestrian 0 0 -10 580.03 181.10 608.42 213.06 -10 -10 -10 -100    0 -1000 -1000 -10
185 76 pedestrian 0 0 -10 381.56 184.58 422.75 216.85 -10 -10 -10 -100    0 -1000 -1000 -10
185 72 pedestrian 0 0 -10 462.47 180.55 484.16 221.02 -10 -10 -10 -100    0 -1000 -1000 -10
185 70 pedestrian 0 0 -10 289.06 192.20 373.94 243.77 -10 -10 -10 -100    0 -1000 -1000 -10
185 39 pedestrian 0 0 -10 490.91 179.53 548.14 238.00 -10 -10 -10 -100    0 -1000 -1000 -10
185 3 pedestrian 0 0 -10 580.58 178.67 608.11 209.57 -10 -10 -10 -100    0 -1000 -1000 -10
186 76 pedestrian 0 0 -10 366.91 183.57 412.35 216.15 -10 -10 -10 -100    0 -1000 -1000 -10
186 72 pedestrian 0 0 -10 457.67 178.26 480.38 221.19 -10 -10 -10 -100    0 -1000 -1000 -10
186 70 pedestrian 0 0 -10 252.38 190.38 351.78 248.90 -10 -10 -10 -100    0 -1000 -1000 -10
186 39 pedestrian 0 0 -10 485.34 177.30 545.87 238.39 -10 -10 -10 -100    0 -1000 -1000 -10
186 3 pedestrian 0 0 -10 580.39 175.97 608.19 206.45 -10 -10 -10 -100    0 -1000 -1000 -10
187 76 pedestrian 0 0 -10 352.72 184.62 402.63 219.74 -10 -10 -10 -100    0 -1000 -1000 -10
187 72 pedestrian 0 0 -10 450.76 179.83 476.03 223.76 -10 -10 -10 -100    0 -1000 -1000 -10
187 70 pedestrian 0 0 -10 208.90 191.75 327.83 258.97 -10 -10 -10 -100    0 -1000 -1000 -10
187 79 pedestrian 0 0 -10 645.37 165.33 685.10 215.63 -10 -10 -10 -100    0 -1000 -1000 -10
187 39 pedestrian 0 0 -10 479.60 177.66 544.26 242.20 -10 -10 -10 -100    0 -1000 -1000 -10
187 3 pedestrian 0 0 -10 582.08 175.95 608.95 205.79 -10 -10 -10 -100    0 -1000 -1000 -10
188 76 pedestrian 0 0 -10 338.70 186.37 392.30 223.64 -10 -10 -10 -100    0 -1000 -1000 -10
188 72 pedestrian 0 0 -10 445.59 182.56 472.17 229.25 -10 -10 -10 -100    0 -1000 -1000 -10
188 70 pedestrian 0 0 -10 149.76 195.87 294.95 274.30 -10 -10 -10 -100    0 -1000 -1000 -10
188 79 pedestrian 0 0 -10 649.84 164.56 690.55 218.52 -10 -10 -10 -100    0 -1000 -1000 -10
188 39 pedestrian 0 0 -10 471.90 177.80 542.29 247.15 -10 -10 -10 -100    0 -1000 -1000 -10
188 3 pedestrian 0 0 -10 582.77 176.92 610.58 207.83 -10 -10 -10 -100    0 -1000 -1000 -10
189 76 pedestrian 0 0 -10 320.18 187.39 379.10 227.82 -10 -10 -10 -100    0 -1000 -1000 -10
189 72 pedestrian 0 0 -10 436.91 183.11 465.76 231.17 -10 -10 -10 -100    0 -1000 -1000 -10
189 70 pedestrian 0 0 -10 68.43 199.54 254.01 293.25 -10 -10 -10 -100    0 -1000 -1000 -10
189 79 pedestrian 0 0 -10 653.64 163.82 697.60 220.29 -10 -10 -10 -100    0 -1000 -1000 -10
189 39 pedestrian 0 0 -10 462.15 176.66 539.71 251.26 -10 -10 -10 -100    0 -1000 -1000 -10
189 3 pedestrian 0 0 -10 584.26 176.55 611.12 207.48 -10 -10 -10 -100    0 -1000 -1000 -10
190 76 pedestrian 0 0 -10 296.14 186.83 364.49 231.42 -10 -10 -10 -100    0 -1000 -1000 -10
190 72 pedestrian 0 0 -10 431.67 181.66 462.03 233.11 -10 -10 -10 -100    0 -1000 -1000 -10
190 70 pedestrian 0 0 -10 0.00 201.26 199.08 318.98 -10 -10 -10 -100    0 -1000 -1000 -10
190 79 pedestrian 0 0 -10 656.56 162.04 703.28 221.40 -10 -10 -10 -100    0 -1000 -1000 -10
190 39 pedestrian 0 0 -10 452.00 175.25 537.41 256.40 -10 -10 -10 -100    0 -1000 -1000 -10
190 3 pedestrian 0 0 -10 585.20 175.05 612.60 206.62 -10 -10 -10 -100    0 -1000 -1000 -10
191 76 pedestrian 0 0 -10 270.23 185.91 344.31 234.27 -10 -10 -10 -100    0 -1000 -1000 -10
191 72 pedestrian 0 0 -10 421.40 179.86 451.82 233.68 -10 -10 -10 -100    0 -1000 -1000 -10
191 70 pedestrian 0 0 -10 0.00 201.49 123.38 338.43 -10 -10 -10 -100    0 -1000 -1000 -10
191 79 pedestrian 0 0 -10 661.23 158.45 711.40 222.99 -10 -10 -10 -100    0 -1000 -1000 -10
191 39 pedestrian 0 0 -10 440.46 174.89 533.80 262.77 -10 -10 -10 -100    0 -1000 -1000 -10
191 3 pedestrian 0 0 -10 586.40 172.93 613.37 204.61 -10 -10 -10 -100    0 -1000 -1000 -10
192 76 pedestrian 0 0 -10 235.74 185.29 320.06 238.61 -10 -10 -10 -100    0 -1000 -1000 -10
192 79 pedestrian 0 0 -10 665.48 157.21 717.60 224.27 -10 -10 -10 -100    0 -1000 -1000 -10
192 39 pedestrian 0 0 -10 425.87 175.26 529.20 271.86 -10 -10 -10 -100    0 -1000 -1000 -10
192 3 pedestrian 0 0 -10 586.38 171.31 614.33 202.73 -10 -10 -10 -100    0 -1000 -1000 -10
193 76 pedestrian 0 0 -10 192.41 187.00 292.38 246.64 -10 -10 -10 -100    0 -1000 -1000 -10
193 79 pedestrian 0 0 -10 670.07 157.22 726.39 228.71 -10 -10 -10 -100    0 -1000 -1000 -10
193 39 pedestrian 0 0 -10 406.95 175.76 524.15 282.41 -10 -10 -10 -100    0 -1000 -1000 -10
193 3 pedestrian 0 0 -10 586.47 170.83 614.71 201.65 -10 -10 -10 -100    0 -1000 -1000 -10
194 76 pedestrian 0 0 -10 138.50 192.14 256.73 259.51 -10 -10 -10 -100    0 -1000 -1000 -10
194 79 pedestrian 0 0 -10 676.03 157.76 735.60 234.34 -10 -10 -10 -100    0 -1000 -1000 -10
194 39 pedestrian 0 0 -10 384.01 176.65 518.16 296.30 -10 -10 -10 -100    0 -1000 -1000 -10
194 3 pedestrian 0 0 -10 588.53 172.57 615.86 203.20 -10 -10 -10 -100    0 -1000 -1000 -10
195 76 pedestrian 0 0 -10 67.05 197.04 214.51 275.90 -10 -10 -10 -100    0 -1000 -1000 -10
195 79 pedestrian 0 0 -10 680.65 161.47 733.70 233.22 -10 -10 -10 -100    0 -1000 -1000 -10
195 39 pedestrian 0 0 -10 356.41 179.10 511.60 315.44 -10 -10 -10 -100    0 -1000 -1000 -10
195 3 pedestrian 0 0 -10 589.78 176.35 617.15 207.08 -10 -10 -10 -100    0 -1000 -1000 -10
196 84 pedestrian 0 0 -10 239.51 186.35 291.77 225.65 -10 -10 -10 -100    0 -1000 -1000 -10
196 82 pedestrian 0 0 -10 517.69 176.82 551.35 196.34 -10 -10 -10 -100    0 -1000 -1000 -10
196 76 pedestrian 0 0 -10 0.08 201.29 160.18 295.19 -10 -10 -10 -100    0 -1000 -1000 -10
196 79 pedestrian 0 0 -10 685.21 160.81 748.90 236.59 -10 -10 -10 -100    0 -1000 -1000 -10
196 39 pedestrian 0 0 -10 316.43 179.26 502.44 336.64 -10 -10 -10 -100    0 -1000 -1000 -10
196 3 pedestrian 0 0 -10 591.32 175.96 618.99 207.27 -10 -10 -10 -100    0 -1000 -1000 -10
196 85 pedestrian 0 0 -10 673.72 173.46 690.18 236.68 -10 -10 -10 -100    0 -1000 -1000 -10
197 84 pedestrian 0 0 -10 223.39 179.46 278.74 223.01 -10 -10 -10 -100    0 -1000 -1000 -10
197 82 pedestrian 0 0 -10 517.20 174.20 555.93 193.74 -10 -10 -10 -100    0 -1000 -1000 -10
197 76 pedestrian 0 0 -10 0.04 199.10 91.70 304.84 -10 -10 -10 -100    0 -1000 -1000 -10
197 79 pedestrian 0 0 -10 690.07 158.45 762.54 236.90 -10 -10 -10 -100    0 -1000 -1000 -10
197 39 pedestrian 0 0 -10 263.21 178.35 491.06 367.17 -10 -10 -10 -100    0 -1000 -1000 -10
197 3 pedestrian 0 0 -10 592.19 172.04 619.65 203.25 -10 -10 -10 -100    0 -1000 -1000 -10
197 85 pedestrian 0 0 -10 680.37 170.02 697.30 238.06 -10 -10 -10 -100    0 -1000 -1000 -10
198 86 pedestrian 0 0 -10 710.48 148.55 796.54 258.79 -10 -10 -10 -100    0 -1000 -1000 -10
198 82 pedestrian 0 0 -10 514.62 169.88 558.56 189.86 -10 -10 -10 -100    0 -1000 -1000 -10
198 79 pedestrian 0 0 -10 705.64 150.55 780.14 241.05 -10 -10 -10 -100    0 -1000 -1000 -10
198 39 pedestrian 0 0 -10 182.07 180.02 474.86 375.00 -10 -10 -10 -100    0 -1000 -1000 -10
198 3 pedestrian 0 0 -10 593.70 169.37 620.88 199.87 -10 -10 -10 -100    0 -1000 -1000 -10
198 85 pedestrian 0 0 -10 687.95 166.54 707.25 240.31 -10 -10 -10 -100    0 -1000 -1000 -10
199 87 pedestrian 0 0 -10 730.39 158.39 754.17 256.63 -10 -10 -10 -100    0 -1000 -1000 -10
199 86 pedestrian 0 0 -10 723.05 143.28 823.52 267.47 -10 -10 -10 -100    0 -1000 -1000 -10
199 82 pedestrian 0 0 -10 511.10 169.72 562.81 189.47 -10 -10 -10 -100    0 -1000 -1000 -10
199 79 pedestrian 0 0 -10 714.26 150.54 794.51 245.95 -10 -10 -10 -100    0 -1000 -1000 -10
199 39 pedestrian 0 0 -10 55.13 184.54 455.81 375.00 -10 -10 -10 -100    0 -1000 -1000 -10
199 3 pedestrian 0 0 -10 595.38 169.33 622.77 200.01 -10 -10 -10 -100    0 -1000 -1000 -10
199 85 pedestrian 0 0 -10 697.93 167.07 718.47 248.81 -10 -10 -10 -100    0 -1000 -1000 -10
200 88 pedestrian 0 0 -10 644.04 162.47 658.63 193.33 -10 -10 -10 -100    0 -1000 -1000 -10
200 87 pedestrian 0 0 -10 744.02 160.01 770.97 268.96 -10 -10 -10 -100    0 -1000 -1000 -10
200 86 pedestrian 0 0 -10 740.50 141.55 855.22 282.18 -10 -10 -10 -100    0 -1000 -1000 -10
200 82 pedestrian 0 0 -10 509.55 173.13 562.82 193.26 -10 -10 -10 -100    0 -1000 -1000 -10
200 79 pedestrian 0 0 -10 729.15 147.40 815.17 258.18 -10 -10 -10 -100    0 -1000 -1000 -10
200 39 pedestrian 0 0 -10 1.11 183.08 431.91 375.00 -10 -10 -10 -100    0 -1000 -1000 -10
200 3 pedestrian 0 0 -10 597.08 171.54 624.64 202.23 -10 -10 -10 -100    0 -1000 -1000 -10
200 85 pedestrian 0 0 -10 708.98 170.19 732.45 257.59 -10 -10 -10 -100    0 -1000 -1000 -10
201 88 pedestrian 0 0 -10 646.38 165.97 660.45 194.54 -10 -10 -10 -100    0 -1000 -1000 -10
201 87 pedestrian 0 0 -10 763.21 158.95 796.85 282.78 -10 -10 -10 -100    0 -1000 -1000 -10
201 86 pedestrian 0 0 -10 760.07 138.83 894.12 301.32 -10 -10 -10 -100    0 -1000 -1000 -10
201 82 pedestrian 0 0 -10 508.75 176.38 559.51 199.98 -10 -10 -10 -100    0 -1000 -1000 -10
201 79 pedestrian 0 0 -10 736.02 145.59 841.32 268.34 -10 -10 -10 -100    0 -1000 -1000 -10
201 39 pedestrian 0 0 -10 0.72 184.28 393.41 375.00 -10 -10 -10 -100    0 -1000 -1000 -10
201 3 pedestrian 0 0 -10 599.27 173.65 626.84 204.63 -10 -10 -10 -100    0 -1000 -1000 -10
201 85 pedestrian 0 0 -10 721.56 170.86 748.04 268.90 -10 -10 -10 -100    0 -1000 -1000 -10
202 87 pedestrian 0 0 -10 786.65 156.01 821.93 297.85 -10 -10 -10 -100    0 -1000 -1000 -10
202 86 pedestrian 0 0 -10 786.61 130.52 949.06 326.10 -10 -10 -10 -100    0 -1000 -1000 -10
202 82 pedestrian 0 0 -10 507.94 175.89 560.71 200.63 -10 -10 -10 -100    0 -1000 -1000 -10
202 72 pedestrian 0 0 -10 406.22 185.08 455.78 218.54 -10 -10 -10 -100    0 -1000 -1000 -10
202 79 pedestrian 0 0 -10 758.21 142.31 869.89 283.62 -10 -10 -10 -100    0 -1000 -1000 -10
202 39 pedestrian 0 0 -10 0.59 187.04 338.34 375.00 -10 -10 -10 -100    0 -1000 -1000 -10
202 3 pedestrian 0 0 -10 601.19 173.39 628.87 203.60 -10 -10 -10 -100    0 -1000 -1000 -10
202 85 pedestrian 0 0 -10 738.50 169.16 769.77 278.45 -10 -10 -10 -100    0 -1000 -1000 -10
203 91 pedestrian 0 0 -10 699.28 162.73 715.05 201.84 -10 -10 -10 -100    0 -1000 -1000 -10
203 86 pedestrian 0 0 -10 824.14 121.44 1028.63 366.04 -10 -10 -10 -100    0 -1000 -1000 -10
203 82 pedestrian 0 0 -10 506.65 176.80 559.68 200.91 -10 -10 -10 -100    0 -1000 -1000 -10
203 72 pedestrian 0 0 -10 391.84 186.52 443.63 221.39 -10 -10 -10 -100    0 -1000 -1000 -10
203 79 pedestrian 0 0 -10 780.48 136.02 912.02 305.02 -10 -10 -10 -100    0 -1000 -1000 -10
203 39 pedestrian 0 0 -10 0.00 207.41 187.42 313.08 -10 -10 -10 -100    0 -1000 -1000 -10
203 3 pedestrian 0 0 -10 601.92 173.12 630.26 203.75 -10 -10 -10 -100    0 -1000 -1000 -10
203 85 pedestrian 0 0 -10 757.85 167.88 796.02 292.25 -10 -10 -10 -100    0 -1000 -1000 -10
204 91 pedestrian 0 0 -10 700.09 166.08 716.52 205.09 -10 -10 -10 -100    0 -1000 -1000 -10
204 86 pedestrian 0 0 -10 887.02 113.26 1146.60 375.00 -10 -10 -10 -100    0 -1000 -1000 -10
204 82 pedestrian 0 0 -10 501.36 179.90 537.72 200.97 -10 -10 -10 -100    0 -1000 -1000 -10
204 72 pedestrian 0 0 -10 373.31 189.23 430.88 227.77 -10 -10 -10 -100    0 -1000 -1000 -10
204 79 pedestrian 0 0 -10 807.62 136.03 971.83 335.74 -10 -10 -10 -100    0 -1000 -1000 -10
204 3 pedestrian 0 0 -10 602.89 175.49 630.29 206.37 -10 -10 -10 -100    0 -1000 -1000 -10
205 91 pedestrian 0 0 -10 702.40 171.16 720.72 213.88 -10 -10 -10 -100    0 -1000 -1000 -10
205 86 pedestrian 0 0 -10 974.01 84.78 1242.00 375.00 -10 -10 -10 -100    0 -1000 -1000 -10
205 82 pedestrian 0 0 -10 495.44 186.53 522.74 206.34 -10 -10 -10 -100    0 -1000 -1000 -10
205 72 pedestrian 0 0 -10 349.45 194.38 416.90 236.39 -10 -10 -10 -100    0 -1000 -1000 -10
205 79 pedestrian 0 0 -10 849.35 129.50 1048.29 375.00 -10 -10 -10 -100    0 -1000 -1000 -10
205 3 pedestrian 0 0 -10 603.97 180.42 631.40 211.61 -10 -10 -10 -100    0 -1000 -1000 -10
206 91 pedestrian 0 0 -10 707.44 174.63 726.40 217.64 -10 -10 -10 -100    0 -1000 -1000 -10
206 82 pedestrian 0 0 -10 490.51 187.87 515.80 208.47 -10 -10 -10 -100    0 -1000 -1000 -10
206 72 pedestrian 0 0 -10 320.81 200.06 398.27 245.82 -10 -10 -10 -100    0 -1000 -1000 -10
206 79 pedestrian 0 0 -10 919.57 122.82 1189.27 375.00 -10 -10 -10 -100    0 -1000 -1000 -10
206 3 pedestrian 0 0 -10 604.21 183.63 631.04 214.23 -10 -10 -10 -100    0 -1000 -1000 -10
207 97 pedestrian 0 0 -10 525.34 182.90 556.13 201.01 -10 -10 -10 -100    0 -1000 -1000 -10
207 91 pedestrian 0 0 -10 711.51 172.82 728.90 212.58 -10 -10 -10 -100    0 -1000 -1000 -10
207 82 pedestrian 0 0 -10 483.06 185.85 512.07 209.02 -10 -10 -10 -100    0 -1000 -1000 -10
207 72 pedestrian 0 0 -10 330.74 189.70 391.20 232.89 -10 -10 -10 -100    0 -1000 -1000 -10
207 3 pedestrian 0 0 -10 604.14 180.85 631.25 211.88 -10 -10 -10 -100    0 -1000 -1000 -10
208 97 pedestrian 0 0 -10 523.05 179.65 556.11 196.92 -10 -10 -10 -100    0 -1000 -1000 -10
208 91 pedestrian 0 0 -10 715.49 167.23 735.17 208.42 -10 -10 -10 -100    0 -1000 -1000 -10
208 88 pedestrian 0 0 -10 670.65 169.28 684.35 197.23 -10 -10 -10 -100    0 -1000 -1000 -10
208 72 pedestrian 0 0 -10 300.26 186.98 370.17 233.63 -10 -10 -10 -100    0 -1000 -1000 -10
208 3 pedestrian 0 0 -10 603.83 178.06 631.44 208.45 -10 -10 -10 -100    0 -1000 -1000 -10
209 97 pedestrian 0 0 -10 520.63 180.07 556.14 197.08 -10 -10 -10 -100    0 -1000 -1000 -10
209 72 pedestrian 0 0 -10 261.31 187.51 345.09 239.75 -10 -10 -10 -100    0 -1000 -1000 -10
209 3 pedestrian 0 0 -10 603.91 177.99 631.44 207.97 -10 -10 -10 -100    0 -1000 -1000 -10
210 97 pedestrian 0 0 -10 518.23 180.04 557.29 198.08 -10 -10 -10 -100    0 -1000 -1000 -10
210 103 pedestrian 0 0 -10 221.99 187.92 316.52 245.62 -10 -10 -10 -100    0 -1000 -1000 -10
210 3 pedestrian 0 0 -10 603.47 177.29 630.79 207.44 -10 -10 -10 -100    0 -1000 -1000 -10
211 97 pedestrian 0 0 -10 515.79 179.43 555.66 197.69 -10 -10 -10 -100    0 -1000 -1000 -10
211 82 pedestrian 0 0 -10 448.73 184.50 483.49 209.03 -10 -10 -10 -100    0 -1000 -1000 -10
211 94 pedestrian 0 0 -10 335.42 181.17 355.33 218.84 -10 -10 -10 -100    0 -1000 -1000 -10
211 103 pedestrian 0 0 -10 168.97 188.10 279.71 253.49 -10 -10 -10 -100    0 -1000 -1000 -10
211 3 pedestrian 0 0 -10 602.87 176.61 630.61 207.74 -10 -10 -10 -100    0 -1000 -1000 -10
212 97 pedestrian 0 0 -10 513.48 178.76 553.09 197.17 -10 -10 -10 -100    0 -1000 -1000 -10
212 91 pedestrian 0 0 -10 729.21 162.67 753.01 211.67 -10 -10 -10 -100    0 -1000 -1000 -10
212 82 pedestrian 0 0 -10 438.02 183.56 474.07 209.07 -10 -10 -10 -100    0 -1000 -1000 -10
212 94 pedestrian 0 0 -10 326.34 181.27 348.58 218.04 -10 -10 -10 -100    0 -1000 -1000 -10
212 103 pedestrian 0 0 -10 92.92 188.74 235.21 265.15 -10 -10 -10 -100    0 -1000 -1000 -10
212 3 pedestrian 0 0 -10 602.04 175.57 630.11 206.99 -10 -10 -10 -100    0 -1000 -1000 -10
213 97 pedestrian 0 0 -10 508.94 177.06 553.06 195.93 -10 -10 -10 -100    0 -1000 -1000 -10
213 82 pedestrian 0 0 -10 424.57 183.98 463.78 210.54 -10 -10 -10 -100    0 -1000 -1000 -10
213 104 pedestrian 0 0 -10 262.02 173.81 290.04 224.00 -10 -10 -10 -100    0 -1000 -1000 -10
213 3 pedestrian 0 0 -10 600.90 174.82 628.76 206.90 -10 -10 -10 -100    0 -1000 -1000 -10
214 97 pedestrian 0 0 -10 507.06 174.14 551.92 192.92 -10 -10 -10 -100    0 -1000 -1000 -10
214 88 pedestrian 0 0 -10 686.11 161.95 702.75 197.84 -10 -10 -10 -100    0 -1000 -1000 -10
214 82 pedestrian 0 0 -10 408.81 179.74 453.09 210.32 -10 -10 -10 -100    0 -1000 -1000 -10
214 104 pedestrian 0 0 -10 246.32 170.30 277.31 220.34 -10 -10 -10 -100    0 -1000 -1000 -10
214 3 pedestrian 0 0 -10 600.75 171.36 628.76 203.02 -10 -10 -10 -100    0 -1000 -1000 -10
215 97 pedestrian 0 0 -10 504.07 174.59 551.61 195.81 -10 -10 -10 -100    0 -1000 -1000 -10
215 88 pedestrian 0 0 -10 689.42 162.92 704.92 199.06 -10 -10 -10 -100    0 -1000 -1000 -10
215 82 pedestrian 0 0 -10 393.49 182.19 442.26 214.47 -10 -10 -10 -100    0 -1000 -1000 -10
215 104 pedestrian 0 0 -10 231.09 172.89 255.35 226.71 -10 -10 -10 -100    0 -1000 -1000 -10
215 3 pedestrian 0 0 -10 600.75 172.36 628.58 203.83 -10 -10 -10 -100    0 -1000 -1000 -10
216 97 pedestrian 0 0 -10 501.82 177.02 550.49 198.62 -10 -10 -10 -100    0 -1000 -1000 -10
216 91 pedestrian 0 0 -10 747.43 157.92 791.21 218.91 -10 -10 -10 -100    0 -1000 -1000 -10
216 88 pedestrian 0 0 -10 693.24 165.46 708.18 199.02 -10 -10 -10 -100    0 -1000 -1000 -10
216 82 pedestrian 0 0 -10 373.40 185.28 428.10 220.18 -10 -10 -10 -100    0 -1000 -1000 -10
216 104 pedestrian 0 0 -10 210.28 175.93 234.26 230.81 -10 -10 -10 -100    0 -1000 -1000 -10
216 105 pedestrian 0 0 -10 269.42 186.38 301.30 230.84 -10 -10 -10 -100    0 -1000 -1000 -10
216 3 pedestrian 0 0 -10 600.68 174.75 628.38 206.50 -10 -10 -10 -100    0 -1000 -1000 -10
217 91 pedestrian 0 0 -10 756.84 162.30 798.73 220.80 -10 -10 -10 -100    0 -1000 -1000 -10
217 88 pedestrian 0 0 -10 698.44 166.35 713.30 198.97 -10 -10 -10 -100    0 -1000 -1000 -10
217 82 pedestrian 0 0 -10 350.57 187.60 411.98 225.75 -10 -10 -10 -100    0 -1000 -1000 -10
217 104 pedestrian 0 0 -10 187.56 178.33 214.77 235.29 -10 -10 -10 -100    0 -1000 -1000 -10
217 105 pedestrian 0 0 -10 252.49 187.17 288.54 234.42 -10 -10 -10 -100    0 -1000 -1000 -10
217 3 pedestrian 0 0 -10 600.69 176.35 628.16 207.42 -10 -10 -10 -100    0 -1000 -1000 -10
218 91 pedestrian 0 0 -10 768.18 162.21 810.52 221.53 -10 -10 -10 -100    0 -1000 -1000 -10
218 88 pedestrian 0 0 -10 704.15 165.40 718.91 199.23 -10 -10 -10 -100    0 -1000 -1000 -10
218 82 pedestrian 0 0 -10 321.84 187.22 393.24 229.85 -10 -10 -10 -100    0 -1000 -1000 -10
218 104 pedestrian 0 0 -10 163.16 173.95 187.27 235.75 -10 -10 -10 -100    0 -1000 -1000 -10
218 105 pedestrian 0 0 -10 240.40 186.44 272.76 233.22 -10 -10 -10 -100    0 -1000 -1000 -10
218 3 pedestrian 0 0 -10 600.81 175.16 628.64 206.65 -10 -10 -10 -100    0 -1000 -1000 -10
219 91 pedestrian 0 0 -10 785.80 161.74 812.44 222.68 -10 -10 -10 -100    0 -1000 -1000 -10
219 88 pedestrian 0 0 -10 710.00 162.19 725.05 198.10 -10 -10 -10 -100    0 -1000 -1000 -10
219 82 pedestrian 0 0 -10 287.90 187.43 371.89 235.45 -10 -10 -10 -100    0 -1000 -1000 -10
219 106 pedestrian 0 0 -10 521.12 175.89 547.60 197.25 -10 -10 -10 -100    0 -1000 -1000 -10
219 105 pedestrian 0 0 -10 219.61 184.09 251.77 233.24 -10 -10 -10 -100    0 -1000 -1000 -10
219 3 pedestrian 0 0 -10 600.72 173.93 628.79 205.51 -10 -10 -10 -100    0 -1000 -1000 -10
220 91 pedestrian 0 0 -10 802.21 158.26 821.40 225.61 -10 -10 -10 -100    0 -1000 -1000 -10
220 88 pedestrian 0 0 -10 714.21 157.78 730.23 195.45 -10 -10 -10 -100    0 -1000 -1000 -10
220 82 pedestrian 0 0 -10 244.22 187.10 344.75 240.84 -10 -10 -10 -100    0 -1000 -1000 -10
220 106 pedestrian 0 0 -10 518.43 173.06 546.66 195.72 -10 -10 -10 -100    0 -1000 -1000 -10
220 107 pedestrian 0 0 -10 481.12 174.17 506.99 197.51 -10 -10 -10 -100    0 -1000 -1000 -10
220 105 pedestrian 0 0 -10 208.96 179.42 231.66 231.87 -10 -10 -10 -100    0 -1000 -1000 -10
220 3 pedestrian 0 0 -10 600.75 170.73 628.87 202.37 -10 -10 -10 -100    0 -1000 -1000 -10
221 91 pedestrian 0 0 -10 816.08 155.44 836.46 229.31 -10 -10 -10 -100    0 -1000 -1000 -10
221 88 pedestrian 0 0 -10 719.96 158.12 735.41 194.96 -10 -10 -10 -100    0 -1000 -1000 -10
221 82 pedestrian 0 0 -10 189.60 189.95 310.07 251.53 -10 -10 -10 -100    0 -1000 -1000 -10
221 106 pedestrian 0 0 -10 518.17 172.42 546.14 195.03 -10 -10 -10 -100    0 -1000 -1000 -10
221 107 pedestrian 0 0 -10 477.40 174.15 503.43 198.65 -10 -10 -10 -100    0 -1000 -1000 -10
221 105 pedestrian 0 0 -10 184.87 186.16 211.13 233.10 -10 -10 -10 -100    0 -1000 -1000 -10
221 3 pedestrian 0 0 -10 600.87 169.93 629.00 201.72 -10 -10 -10 -100    0 -1000 -1000 -10
222 91 pedestrian 0 0 -10 830.18 153.16 853.67 235.08 -10 -10 -10 -100    0 -1000 -1000 -10
222 88 pedestrian 0 0 -10 726.49 157.85 742.75 196.95 -10 -10 -10 -100    0 -1000 -1000 -10
222 106 pedestrian 0 0 -10 516.82 175.14 546.39 197.09 -10 -10 -10 -100    0 -1000 -1000 -10
222 107 pedestrian 0 0 -10 471.92 177.55 499.04 201.43 -10 -10 -10 -100    0 -1000 -1000 -10
222 3 pedestrian 0 0 -10 601.14 171.43 628.75 202.54 -10 -10 -10 -100    0 -1000 -1000 -10
223 88 pedestrian 0 0 -10 732.02 161.68 749.72 202.10 -10 -10 -10 -100    0 -1000 -1000 -10
223 106 pedestrian 0 0 -10 509.62 181.09 533.44 200.47 -10 -10 -10 -100    0 -1000 -1000 -10
223 107 pedestrian 0 0 -10 466.60 183.97 494.09 206.12 -10 -10 -10 -100    0 -1000 -1000 -10
223 3 pedestrian 0 0 -10 600.97 175.49 628.78 207.25 -10 -10 -10 -100    0 -1000 -1000 -10
224 88 pedestrian 0 0 -10 739.03 163.83 758.35 205.39 -10 -10 -10 -100    0 -1000 -1000 -10
224 106 pedestrian 0 0 -10 505.37 184.41 528.74 203.84 -10 -10 -10 -100    0 -1000 -1000 -10
224 107 pedestrian 0 0 -10 461.36 186.75 488.74 209.78 -10 -10 -10 -100    0 -1000 -1000 -10
224 72 pedestrian 0 0 -10 0.00 208.47 133.17 318.34 -10 -10 -10 -100    0 -1000 -1000 -10
224 3 pedestrian 0 0 -10 601.42 178.78 628.86 210.17 -10 -10 -10 -100    0 -1000 -1000 -10
225 88 pedestrian 0 0 -10 746.56 165.52 764.87 208.54 -10 -10 -10 -100    0 -1000 -1000 -10
225 106 pedestrian 0 0 -10 500.78 184.35 524.78 205.52 -10 -10 -10 -100    0 -1000 -1000 -10
225 107 pedestrian 0 0 -10 453.91 186.58 482.66 212.37 -10 -10 -10 -100    0 -1000 -1000 -10
225 3 pedestrian 0 0 -10 600.54 179.25 628.22 210.83 -10 -10 -10 -100    0 -1000 -1000 -10
226 97 pedestrian 0 0 -10 520.01 181.24 544.03 202.73 -10 -10 -10 -100    0 -1000 -1000 -10
226 88 pedestrian 0 0 -10 755.52 167.18 773.75 207.24 -10 -10 -10 -100    0 -1000 -1000 -10
226 106 pedestrian 0 0 -10 494.81 184.58 520.15 206.47 -10 -10 -10 -100    0 -1000 -1000 -10
226 107 pedestrian 0 0 -10 447.37 187.37 477.00 210.88 -10 -10 -10 -100    0 -1000 -1000 -10
226 3 pedestrian 0 0 -10 600.19 178.90 628.09 210.52 -10 -10 -10 -100    0 -1000 -1000 -10
227 97 pedestrian 0 0 -10 516.64 181.76 541.26 202.46 -10 -10 -10 -100    0 -1000 -1000 -10
227 88 pedestrian 0 0 -10 763.19 164.88 784.26 213.46 -10 -10 -10 -100    0 -1000 -1000 -10
227 106 pedestrian 0 0 -10 489.34 185.72 515.35 207.48 -10 -10 -10 -100    0 -1000 -1000 -10
227 107 pedestrian 0 0 -10 439.68 187.57 470.57 211.15 -10 -10 -10 -100    0 -1000 -1000 -10
227 105 pedestrian 0 0 -10 102.54 189.37 120.62 227.11 -10 -10 -10 -100    0 -1000 -1000 -10
227 3 pedestrian 0 0 -10 599.71 179.07 627.83 210.95 -10 -10 -10 -100    0 -1000 -1000 -10
228 97 pedestrian 0 0 -10 514.00 184.24 537.19 205.06 -10 -10 -10 -100    0 -1000 -1000 -10
228 88 pedestrian 0 0 -10 771.42 163.77 797.89 219.83 -10 -10 -10 -100    0 -1000 -1000 -10
228 106 pedestrian 0 0 -10 482.11 187.60 511.55 210.69 -10 -10 -10 -100    0 -1000 -1000 -10
228 107 pedestrian 0 0 -10 431.57 190.02 463.80 214.34 -10 -10 -10 -100    0 -1000 -1000 -10
228 105 pedestrian 0 0 -10 84.99 191.41 105.31 232.02 -10 -10 -10 -100    0 -1000 -1000 -10
228 3 pedestrian 0 0 -10 599.64 181.56 627.49 212.90 -10 -10 -10 -100    0 -1000 -1000 -10
229 97 pedestrian 0 0 -10 509.31 183.75 534.31 205.80 -10 -10 -10 -100    0 -1000 -1000 -10
229 88 pedestrian 0 0 -10 781.71 161.57 813.27 221.83 -10 -10 -10 -100    0 -1000 -1000 -10
229 106 pedestrian 0 0 -10 473.16 187.47 504.53 212.32 -10 -10 -10 -100    0 -1000 -1000 -10
229 107 pedestrian 0 0 -10 420.86 189.97 456.54 215.41 -10 -10 -10 -100    0 -1000 -1000 -10
229 105 pedestrian 0 0 -10 66.99 189.34 87.26 234.45 -10 -10 -10 -100    0 -1000 -1000 -10
229 3 pedestrian 0 0 -10 599.44 181.39 627.49 213.24 -10 -10 -10 -100    0 -1000 -1000 -10
230 97 pedestrian 0 0 -10 507.28 181.90 530.80 203.19 -10 -10 -10 -100    0 -1000 -1000 -10
230 88 pedestrian 0 0 -10 793.94 157.35 826.71 222.75 -10 -10 -10 -100    0 -1000 -1000 -10
230 106 pedestrian 0 0 -10 462.63 185.77 496.77 211.37 -10 -10 -10 -100    0 -1000 -1000 -10
230 107 pedestrian 0 0 -10 409.43 187.85 448.06 214.94 -10 -10 -10 -100    0 -1000 -1000 -10
230 105 pedestrian 0 0 -10 46.66 184.62 71.38 232.43 -10 -10 -10 -100    0 -1000 -1000 -10
230 3 pedestrian 0 0 -10 599.15 179.54 626.84 210.80 -10 -10 -10 -100    0 -1000 -1000 -10
231 97 pedestrian 0 0 -10 504.46 181.94 525.50 200.26 -10 -10 -10 -100    0 -1000 -1000 -10
231 88 pedestrian 0 0 -10 806.60 154.46 840.19 223.97 -10 -10 -10 -100    0 -1000 -1000 -10
231 106 pedestrian 0 0 -10 452.76 183.85 488.10 211.45 -10 -10 -10 -100    0 -1000 -1000 -10
231 107 pedestrian 0 0 -10 396.29 186.00 437.78 215.07 -10 -10 -10 -100    0 -1000 -1000 -10
231 105 pedestrian 0 0 -10 27.78 180.96 53.12 231.57 -10 -10 -10 -100    0 -1000 -1000 -10
231 3 pedestrian 0 0 -10 598.69 177.08 626.96 209.12 -10 -10 -10 -100    0 -1000 -1000 -10
232 97 pedestrian 0 0 -10 499.74 181.30 521.09 200.24 -10 -10 -10 -100    0 -1000 -1000 -10
232 88 pedestrian 0 0 -10 824.02 154.92 853.83 228.64 -10 -10 -10 -100    0 -1000 -1000 -10
232 106 pedestrian 0 0 -10 442.21 183.48 481.53 213.66 -10 -10 -10 -100    0 -1000 -1000 -10
232 107 pedestrian 0 0 -10 381.30 185.88 427.82 216.67 -10 -10 -10 -100    0 -1000 -1000 -10
232 105 pedestrian 0 0 -10 1.00 187.56 29.29 235.74 -10 -10 -10 -100    0 -1000 -1000 -10
232 3 pedestrian 0 0 -10 598.51 176.27 626.88 208.55 -10 -10 -10 -100    0 -1000 -1000 -10
233 97 pedestrian 0 0 -10 494.22 180.01 517.49 200.16 -10 -10 -10 -100    0 -1000 -1000 -10
233 106 pedestrian 0 0 -10 427.19 181.55 471.57 214.19 -10 -10 -10 -100    0 -1000 -1000 -10
233 107 pedestrian 0 0 -10 365.57 184.97 415.42 217.98 -10 -10 -10 -100    0 -1000 -1000 -10
233 3 pedestrian 0 0 -10 598.53 174.96 626.73 206.85 -10 -10 -10 -100    0 -1000 -1000 -10
234 97 pedestrian 0 0 -10 489.88 177.57 513.52 199.34 -10 -10 -10 -100    0 -1000 -1000 -10
234 106 pedestrian 0 0 -10 410.80 180.79 458.62 216.41 -10 -10 -10 -100    0 -1000 -1000 -10
234 107 pedestrian 0 0 -10 347.61 184.39 402.72 218.73 -10 -10 -10 -100    0 -1000 -1000 -10
234 3 pedestrian 0 0 -10 598.57 172.56 626.64 204.36 -10 -10 -10 -100    0 -1000 -1000 -10
235 97 pedestrian 0 0 -10 483.45 177.95 510.74 201.61 -10 -10 -10 -100    0 -1000 -1000 -10
235 106 pedestrian 0 0 -10 390.45 182.10 446.86 222.14 -10 -10 -10 -100    0 -1000 -1000 -10
235 107 pedestrian 0 0 -10 324.89 186.61 386.95 224.00 -10 -10 -10 -100    0 -1000 -1000 -10
235 3 pedestrian 0 0 -10 598.60 172.87 626.53 204.49 -10 -10 -10 -100    0 -1000 -1000 -10
236 97 pedestrian 0 0 -10 476.30 180.28 504.34 204.14 -10 -10 -10 -100    0 -1000 -1000 -10
236 106 pedestrian 0 0 -10 365.32 184.61 428.73 229.16 -10 -10 -10 -100    0 -1000 -1000 -10
236 107 pedestrian 0 0 -10 298.70 189.19 371.55 231.44 -10 -10 -10 -100    0 -1000 -1000 -10
236 3 pedestrian 0 0 -10 598.75 174.82 626.85 206.58 -10 -10 -10 -100    0 -1000 -1000 -10
237 97 pedestrian 0 0 -10 469.20 182.84 499.08 207.36 -10 -10 -10 -100    0 -1000 -1000 -10
237 106 pedestrian 0 0 -10 334.02 187.07 407.17 236.65 -10 -10 -10 -100    0 -1000 -1000 -10
237 107 pedestrian 0 0 -10 266.65 191.90 349.02 238.44 -10 -10 -10 -100    0 -1000 -1000 -10
237 3 pedestrian 0 0 -10 598.60 175.27 626.84 207.28 -10 -10 -10 -100    0 -1000 -1000 -10
238 97 pedestrian 0 0 -10 459.68 183.31 493.11 209.71 -10 -10 -10 -100    0 -1000 -1000 -10
238 106 pedestrian 0 0 -10 293.55 189.06 383.83 246.94 -10 -10 -10 -100    0 -1000 -1000 -10
238 107 pedestrian 0 0 -10 227.52 193.24 321.08 246.01 -10 -10 -10 -100    0 -1000 -1000 -10
238 3 pedestrian 0 0 -10 598.38 175.48 626.73 207.55 -10 -10 -10 -100    0 -1000 -1000 -10
239 97 pedestrian 0 0 -10 448.94 182.81 484.46 211.28 -10 -10 -10 -100    0 -1000 -1000 -10
239 107 pedestrian 0 0 -10 176.87 195.03 293.12 254.90 -10 -10 -10 -100    0 -1000 -1000 -10
239 3 pedestrian 0 0 -10 598.39 175.42 627.00 207.80 -10 -10 -10 -100    0 -1000 -1000 -10
240 97 pedestrian 0 0 -10 436.82 182.40 477.57 213.92 -10 -10 -10 -100    0 -1000 -1000 -10
240 107 pedestrian 0 0 -10 155.50 194.42 304.46 277.10 -10 -10 -10 -100    0 -1000 -1000 -10
240 3 pedestrian 0 0 -10 598.66 174.66 627.05 207.11 -10 -10 -10 -100    0 -1000 -1000 -10
241 97 pedestrian 0 0 -10 423.76 182.27 467.89 215.55 -10 -10 -10 -100    0 -1000 -1000 -10
241 3 pedestrian 0 0 -10 598.69 173.92 627.20 206.54 -10 -10 -10 -100    0 -1000 -1000 -10
242 97 pedestrian 0 0 -10 407.75 182.42 456.57 218.70 -10 -10 -10 -100    0 -1000 -1000 -10
242 3 pedestrian 0 0 -10 598.55 173.31 626.91 205.50 -10 -10 -10 -100    0 -1000 -1000 -10
243 97 pedestrian 0 0 -10 387.58 185.29 442.34 225.18 -10 -10 -10 -100    0 -1000 -1000 -10
243 3 pedestrian 0 0 -10 598.75 174.71 626.96 207.43 -10 -10 -10 -100    0 -1000 -1000 -10
244 97 pedestrian 0 0 -10 363.30 188.08 426.72 233.03 -10 -10 -10 -100    0 -1000 -1000 -10
244 3 pedestrian 0 0 -10 598.69 175.55 627.42 208.50 -10 -10 -10 -100    0 -1000 -1000 -10
245 97 pedestrian 0 0 -10 333.08 188.03 409.25 240.07 -10 -10 -10 -100    0 -1000 -1000 -10
245 3 pedestrian 0 0 -10 598.75 175.06 627.29 207.79 -10 -10 -10 -100    0 -1000 -1000 -10
246 97 pedestrian 0 0 -10 292.30 189.55 383.21 247.85 -10 -10 -10 -100    0 -1000 -1000 -10
246 3 pedestrian 0 0 -10 599.00 173.72 627.32 205.92 -10 -10 -10 -100    0 -1000 -1000 -10
247 3 pedestrian 0 0 -10 599.10 173.92 627.68 206.39 -10 -10 -10 -100    0 -1000 -1000 -10
248 3 pedestrian 0 0 -10 598.89 175.24 627.95 207.86 -10 -10 -10 -100    0 -1000 -1000 -10
249 3 pedestrian 0 0 -10 599.01 174.85 628.20 207.79 -10 -10 -10 -100    0 -1000 -1000 -10
250 3 pedestrian 0 0 -10 599.16 174.99 628.38 208.02 -10 -10 -10 -100    0 -1000 -1000 -10
251 3 pedestrian 0 0 -10 599.02 176.42 628.40 209.17 -10 -10 -10 -100    0 -1000 -1000 -10
252 3 pedestrian 0 0 -10 599.55 177.82 628.66 210.67 -10 -10 -10 -100    0 -1000 -1000 -10
253 3 pedestrian 0 0 -10 599.18 178.38 628.87 212.00 -10 -10 -10 -100    0 -1000 -1000 -10
254 3 pedestrian 0 0 -10 599.58 177.80 629.12 211.42 -10 -10 -10 -100    0 -1000 -1000 -10
255 3 pedestrian 0 0 -10 599.74 178.07 629.44 211.63 -10 -10 -10 -100    0 -1000 -1000 -10
256 3 pedestrian 0 0 -10 599.72 178.24 629.44 210.81 -10 -10 -10 -100    0 -1000 -1000 -10
257 3 pedestrian 0 0 -10 599.72 175.23 629.50 209.45 -10 -10 -10 -100    0 -1000 -1000 -10
258 3 pedestrian 0 0 -10 599.29 172.61 628.91 206.81 -10 -10 -10 -100    0 -1000 -1000 -10
259 3 pedestrian 0 0 -10 599.14 170.47 629.22 204.28 -10 -10 -10 -100    0 -1000 -1000 -10
260 119 pedestrian 0 0 -10 478.49 174.79 493.26 193.79 -10 -10 -10 -100    0 -1000 -1000 -10
260 3 pedestrian 0 0 -10 598.85 170.29 628.91 204.35 -10 -10 -10 -100    0 -1000 -1000 -10
261 119 pedestrian 0 0 -10 478.87 177.78 494.52 196.12 -10 -10 -10 -100    0 -1000 -1000 -10
261 3 pedestrian 0 0 -10 598.41 173.27 628.37 206.80 -10 -10 -10 -100    0 -1000 -1000 -10
262 3 pedestrian 0 0 -10 597.91 175.88 628.67 209.57 -10 -10 -10 -100    0 -1000 -1000 -10
263 3 pedestrian 0 0 -10 597.93 176.51 628.58 209.72 -10 -10 -10 -100    0 -1000 -1000 -10
264 3 pedestrian 0 0 -10 597.74 174.52 627.92 208.83 -10 -10 -10 -100    0 -1000 -1000 -10
265 3 pedestrian 0 0 -10 597.06 172.68 627.81 207.49 -10 -10 -10 -100    0 -1000 -1000 -10
266 119 pedestrian 0 0 -10 465.36 176.33 482.11 196.28 -10 -10 -10 -100    0 -1000 -1000 -10
266 3 pedestrian 0 0 -10 596.54 171.34 627.18 206.12 -10 -10 -10 -100    0 -1000 -1000 -10
267 119 pedestrian 0 0 -10 462.95 175.76 479.18 194.81 -10 -10 -10 -100    0 -1000 -1000 -10
267 3 pedestrian 0 0 -10 596.04 170.26 627.04 205.32 -10 -10 -10 -100    0 -1000 -1000 -10
268 119 pedestrian 0 0 -10 458.91 174.54 475.48 194.13 -10 -10 -10 -100    0 -1000 -1000 -10
268 3 pedestrian 0 0 -10 595.09 169.60 626.19 204.54 -10 -10 -10 -100    0 -1000 -1000 -10
269 119 pedestrian 0 0 -10 455.88 178.82 473.13 199.68 -10 -10 -10 -100    0 -1000 -1000 -10
269 3 pedestrian 0 0 -10 594.43 172.96 625.33 208.85 -10 -10 -10 -100    0 -1000 -1000 -10
270 119 pedestrian 0 0 -10 452.26 184.67 468.50 205.69 -10 -10 -10 -100    0 -1000 -1000 -10
270 120 pedestrian 0 0 -10 574.29 172.03 589.99 189.08 -10 -10 -10 -100    0 -1000 -1000 -10
270 3 pedestrian 0 0 -10 594.37 178.35 625.03 214.22 -10 -10 -10 -100    0 -1000 -1000 -10
271 119 pedestrian 0 0 -10 449.40 185.33 465.38 207.33 -10 -10 -10 -100    0 -1000 -1000 -10
271 120 pedestrian 0 0 -10 573.66 173.25 588.70 189.84 -10 -10 -10 -100    0 -1000 -1000 -10
271 3 pedestrian 0 0 -10 593.57 179.01 624.85 215.75 -10 -10 -10 -100    0 -1000 -1000 -10
272 119 pedestrian 0 0 -10 446.93 185.71 462.47 206.99 -10 -10 -10 -100    0 -1000 -1000 -10
272 120 pedestrian 0 0 -10 572.43 172.60 588.74 191.02 -10 -10 -10 -100    0 -1000 -1000 -10
272 3 pedestrian 0 0 -10 593.22 179.53 624.49 216.08 -10 -10 -10 -100    0 -1000 -1000 -10
273 121 pedestrian 0 0 -10 165.46 175.27 302.21 212.85 -10 -10 -10 -100    0 -1000 -1000 -10
273 119 pedestrian 0 0 -10 440.96 184.30 458.73 206.87 -10 -10 -10 -100    0 -1000 -1000 -10
273 120 pedestrian 0 0 -10 570.51 170.89 587.51 192.11 -10 -10 -10 -100    0 -1000 -1000 -10
273 3 pedestrian 0 0 -10 591.99 178.49 623.65 214.56 -10 -10 -10 -100    0 -1000 -1000 -10
274 121 pedestrian 0 0 -10 159.55 172.60 293.26 211.16 -10 -10 -10 -100    0 -1000 -1000 -10
274 119 pedestrian 0 0 -10 435.48 182.27 452.17 204.96 -10 -10 -10 -100    0 -1000 -1000 -10
274 120 pedestrian 0 0 -10 567.77 169.88 585.54 191.88 -10 -10 -10 -100    0 -1000 -1000 -10
274 3 pedestrian 0 0 -10 590.67 177.34 622.22 213.90 -10 -10 -10 -100    0 -1000 -1000 -10
275 121 pedestrian 0 0 -10 142.17 171.07 289.95 210.14 -10 -10 -10 -100    0 -1000 -1000 -10
275 119 pedestrian 0 0 -10 431.93 183.07 447.16 204.51 -10 -10 -10 -100    0 -1000 -1000 -10
275 120 pedestrian 0 0 -10 568.52 169.98 584.33 190.16 -10 -10 -10 -100    0 -1000 -1000 -10
275 3 pedestrian 0 0 -10 590.11 177.35 621.05 212.92 -10 -10 -10 -100    0 -1000 -1000 -10
276 121 pedestrian 0 0 -10 133.69 169.77 281.56 208.86 -10 -10 -10 -100    0 -1000 -1000 -10
276 119 pedestrian 0 0 -10 426.99 180.38 446.25 202.65 -10 -10 -10 -100    0 -1000 -1000 -10
276 120 pedestrian 0 0 -10 566.08 168.14 582.79 188.92 -10 -10 -10 -100    0 -1000 -1000 -10
276 3 pedestrian 0 0 -10 589.56 175.64 620.61 211.54 -10 -10 -10 -100    0 -1000 -1000 -10
277 121 pedestrian 0 0 -10 119.80 168.34 272.20 208.21 -10 -10 -10 -100    0 -1000 -1000 -10
277 119 pedestrian 0 0 -10 421.10 177.50 442.10 202.52 -10 -10 -10 -100    0 -1000 -1000 -10
277 120 pedestrian 0 0 -10 564.59 165.67 582.83 188.60 -10 -10 -10 -100    0 -1000 -1000 -10
277 3 pedestrian 0 0 -10 588.52 173.87 620.29 209.91 -10 -10 -10 -100    0 -1000 -1000 -10
278 121 pedestrian 0 0 -10 106.59 168.06 262.67 208.18 -10 -10 -10 -100    0 -1000 -1000 -10
278 119 pedestrian 0 0 -10 417.46 176.66 441.33 202.41 -10 -10 -10 -100    0 -1000 -1000 -10
278 120 pedestrian 0 0 -10 564.32 164.25 582.57 186.66 -10 -10 -10 -100    0 -1000 -1000 -10
278 3 pedestrian 0 0 -10 587.90 173.73 619.83 209.68 -10 -10 -10 -100    0 -1000 -1000 -10
279 122 pedestrian 0 0 -10 818.22 149.97 927.47 201.41 -10 -10 -10 -100    0 -1000 -1000 -10
279 121 pedestrian 0 0 -10 88.98 167.03 256.10 209.39 -10 -10 -10 -100    0 -1000 -1000 -10
279 119 pedestrian 0 0 -10 412.28 174.60 440.43 202.39 -10 -10 -10 -100    0 -1000 -1000 -10
279 120 pedestrian 0 0 -10 563.32 163.01 583.77 186.22 -10 -10 -10 -100    0 -1000 -1000 -10
279 3 pedestrian 0 0 -10 587.44 172.62 619.68 208.90 -10 -10 -10 -100    0 -1000 -1000 -10
280 121 pedestrian 0 0 -10 77.06 167.32 248.78 209.16 -10 -10 -10 -100    0 -1000 -1000 -10
280 119 pedestrian 0 0 -10 406.04 174.21 436.32 203.75 -10 -10 -10 -100    0 -1000 -1000 -10
280 120 pedestrian 0 0 -10 562.12 160.97 582.87 185.54 -10 -10 -10 -100    0 -1000 -1000 -10
280 3 pedestrian 0 0 -10 587.15 171.54 619.28 208.28 -10 -10 -10 -100    0 -1000 -1000 -10
280 122 pedestrian 0 0 -10 828.35 147.09 990.91 202.55 -10 -10 -10 -100    0 -1000 -1000 -10
281 121 pedestrian 0 0 -10 64.18 166.78 239.45 210.00 -10 -10 -10 -100    0 -1000 -1000 -10
281 119 pedestrian 0 0 -10 400.52 173.42 434.73 205.21 -10 -10 -10 -100    0 -1000 -1000 -10
281 120 pedestrian 0 0 -10 562.59 161.78 582.58 185.72 -10 -10 -10 -100    0 -1000 -1000 -10
281 3 pedestrian 0 0 -10 587.66 171.16 619.43 207.00 -10 -10 -10 -100    0 -1000 -1000 -10
281 122 pedestrian 0 0 -10 829.14 143.05 1039.48 203.16 -10 -10 -10 -100    0 -1000 -1000 -10
281 124 pedestrian 0 0 -10 311.80 175.95 328.39 201.81 -10 -10 -10 -100    0 -1000 -1000 -10
282 119 pedestrian 0 0 -10 395.00 175.78 426.61 207.53 -10 -10 -10 -100    0 -1000 -1000 -10
282 121 pedestrian 0 0 -10 44.28 165.80 228.67 210.98 -10 -10 -10 -100    0 -1000 -1000 -10
282 120 pedestrian 0 0 -10 562.16 160.45 582.19 185.29 -10 -10 -10 -100    0 -1000 -1000 -10
282 3 pedestrian 0 0 -10 587.68 170.43 619.45 207.11 -10 -10 -10 -100    0 -1000 -1000 -10
282 122 pedestrian 0 0 -10 828.15 141.68 1067.38 202.57 -10 -10 -10 -100    0 -1000 -1000 -10
282 124 pedestrian 0 0 -10 307.97 175.97 323.22 202.51 -10 -10 -10 -100    0 -1000 -1000 -10
283 119 pedestrian 0 0 -10 387.07 174.50 419.32 209.28 -10 -10 -10 -100    0 -1000 -1000 -10
283 121 pedestrian 0 0 -10 30.73 166.78 220.64 212.91 -10 -10 -10 -100    0 -1000 -1000 -10
283 120 pedestrian 0 0 -10 562.15 160.87 581.51 185.08 -10 -10 -10 -100    0 -1000 -1000 -10
283 3 pedestrian 0 0 -10 587.59 170.21 619.17 206.74 -10 -10 -10 -100    0 -1000 -1000 -10
283 122 pedestrian 0 0 -10 846.12 143.42 1114.29 201.53 -10 -10 -10 -100    0 -1000 -1000 -10
283 124 pedestrian 0 0 -10 300.04 178.42 316.63 203.95 -10 -10 -10 -100    0 -1000 -1000 -10
284 119 pedestrian 0 0 -10 382.01 172.60 415.40 206.32 -10 -10 -10 -100    0 -1000 -1000 -10
284 121 pedestrian 0 0 -10 17.10 166.49 210.14 213.34 -10 -10 -10 -100    0 -1000 -1000 -10
284 120 pedestrian 0 0 -10 561.75 161.34 581.13 184.33 -10 -10 -10 -100    0 -1000 -1000 -10
284 3 pedestrian 0 0 -10 587.50 169.15 619.19 205.02 -10 -10 -10 -100    0 -1000 -1000 -10
284 122 pedestrian 0 0 -10 863.44 146.48 1121.85 199.43 -10 -10 -10 -100    0 -1000 -1000 -10
284 124 pedestrian 0 0 -10 292.70 176.70 309.86 204.90 -10 -10 -10 -100    0 -1000 -1000 -10
285 119 pedestrian 0 0 -10 374.11 173.06 412.32 211.27 -10 -10 -10 -100    0 -1000 -1000 -10
285 121 pedestrian 0 0 -10 0.64 166.75 198.64 217.12 -10 -10 -10 -100    0 -1000 -1000 -10
285 120 pedestrian 0 0 -10 562.78 162.39 581.97 184.91 -10 -10 -10 -100    0 -1000 -1000 -10
285 3 pedestrian 0 0 -10 588.02 169.75 619.38 205.56 -10 -10 -10 -100    0 -1000 -1000 -10
285 122 pedestrian 0 0 -10 858.64 147.85 1144.10 201.17 -10 -10 -10 -100    0 -1000 -1000 -10
285 124 pedestrian 0 0 -10 283.90 178.02 302.46 205.82 -10 -10 -10 -100    0 -1000 -1000 -10
286 119 pedestrian 0 0 -10 367.77 172.11 408.07 212.99 -10 -10 -10 -100    0 -1000 -1000 -10
286 121 pedestrian 0 0 -10 0.26 167.22 188.49 219.05 -10 -10 -10 -100    0 -1000 -1000 -10
286 120 pedestrian 0 0 -10 562.84 162.58 582.12 185.83 -10 -10 -10 -100    0 -1000 -1000 -10
286 3 pedestrian 0 0 -10 588.15 170.03 619.33 206.15 -10 -10 -10 -100    0 -1000 -1000 -10
286 122 pedestrian 0 0 -10 858.40 147.18 1153.78 201.18 -10 -10 -10 -100    0 -1000 -1000 -10
286 124 pedestrian 0 0 -10 277.63 179.54 297.10 208.78 -10 -10 -10 -100    0 -1000 -1000 -10
287 119 pedestrian 0 0 -10 362.71 174.67 404.50 214.12 -10 -10 -10 -100    0 -1000 -1000 -10
287 121 pedestrian 0 0 -10 0.00 167.28 174.01 221.76 -10 -10 -10 -100    0 -1000 -1000 -10
287 120 pedestrian 0 0 -10 561.23 163.29 580.61 187.21 -10 -10 -10 -100    0 -1000 -1000 -10
287 3 pedestrian 0 0 -10 588.11 169.99 619.32 206.21 -10 -10 -10 -100    0 -1000 -1000 -10
287 122 pedestrian 0 0 -10 863.16 146.38 1168.45 201.06 -10 -10 -10 -100    0 -1000 -1000 -10
287 124 pedestrian 0 0 -10 269.83 179.62 290.44 212.57 -10 -10 -10 -100    0 -1000 -1000 -10
288 119 pedestrian 0 0 -10 354.63 177.62 395.91 216.10 -10 -10 -10 -100    0 -1000 -1000 -10
288 121 pedestrian 0 0 -10 0.17 166.80 165.68 223.27 -10 -10 -10 -100    0 -1000 -1000 -10
288 120 pedestrian 0 0 -10 560.71 164.26 580.23 189.88 -10 -10 -10 -100    0 -1000 -1000 -10
288 3 pedestrian 0 0 -10 587.61 170.57 619.82 207.72 -10 -10 -10 -100    0 -1000 -1000 -10
288 122 pedestrian 0 0 -10 879.08 139.72 1182.87 199.66 -10 -10 -10 -100    0 -1000 -1000 -10
288 124 pedestrian 0 0 -10 263.27 182.51 282.13 214.55 -10 -10 -10 -100    0 -1000 -1000 -10
289 119 pedestrian 0 0 -10 345.72 179.11 389.37 217.90 -10 -10 -10 -100    0 -1000 -1000 -10
289 121 pedestrian 0 0 -10 0.07 167.27 154.00 224.77 -10 -10 -10 -100    0 -1000 -1000 -10
289 120 pedestrian 0 0 -10 559.86 163.66 579.60 191.61 -10 -10 -10 -100    0 -1000 -1000 -10
289 3 pedestrian 0 0 -10 587.59 170.07 620.05 207.09 -10 -10 -10 -100    0 -1000 -1000 -10
289 124 pedestrian 0 0 -10 256.28 183.30 271.74 213.56 -10 -10 -10 -100    0 -1000 -1000 -10
290 119 pedestrian 0 0 -10 333.38 177.02 383.73 218.58 -10 -10 -10 -100    0 -1000 -1000 -10
290 121 pedestrian 0 0 -10 0.00 165.65 138.51 223.06 -10 -10 -10 -100    0 -1000 -1000 -10
290 120 pedestrian 0 0 -10 559.68 162.21 579.48 191.80 -10 -10 -10 -100    0 -1000 -1000 -10
290 3 pedestrian 0 0 -10 587.96 168.91 620.05 205.27 -10 -10 -10 -100    0 -1000 -1000 -10
290 124 pedestrian 0 0 -10 248.38 181.49 263.29 210.84 -10 -10 -10 -100    0 -1000 -1000 -10
291 125 pedestrian 0 0 -10 887.98 133.16 1203.56 197.68 -10 -10 -10 -100    0 -1000 -1000 -10
291 119 pedestrian 0 0 -10 327.38 177.13 378.08 218.34 -10 -10 -10 -100    0 -1000 -1000 -10
291 121 pedestrian 0 0 -10 0.07 164.80 123.07 222.84 -10 -10 -10 -100    0 -1000 -1000 -10
291 120 pedestrian 0 0 -10 559.18 161.28 578.96 190.63 -10 -10 -10 -100    0 -1000 -1000 -10
291 3 pedestrian 0 0 -10 588.71 167.87 620.14 203.19 -10 -10 -10 -100    0 -1000 -1000 -10
291 124 pedestrian 0 0 -10 237.41 181.43 256.71 209.23 -10 -10 -10 -100    0 -1000 -1000 -10
292 125 pedestrian 0 0 -10 874.61 134.28 1241.34 196.89 -10 -10 -10 -100    0 -1000 -1000 -10
292 119 pedestrian 0 0 -10 316.06 178.21 363.86 219.07 -10 -10 -10 -100    0 -1000 -1000 -10
292 121 pedestrian 0 0 -10 0.16 163.09 104.52 223.49 -10 -10 -10 -100    0 -1000 -1000 -10
292 120 pedestrian 0 0 -10 559.57 161.13 579.29 190.57 -10 -10 -10 -100    0 -1000 -1000 -10
292 3 pedestrian 0 0 -10 589.06 166.98 620.79 202.75 -10 -10 -10 -100    0 -1000 -1000 -10
292 124 pedestrian 0 0 -10 226.71 180.66 249.03 208.07 -10 -10 -10 -100    0 -1000 -1000 -10
293 125 pedestrian 0 0 -10 884.10 137.45 1242.00 202.64 -10 -10 -10 -100    0 -1000 -1000 -10
293 119 pedestrian 0 0 -10 302.45 178.80 356.90 222.77 -10 -10 -10 -100    0 -1000 -1000 -10
293 121 pedestrian 0 0 -10 0.00 163.22 85.00 225.54 -10 -10 -10 -100    0 -1000 -1000 -10
293 120 pedestrian 0 0 -10 560.63 162.73 580.25 191.85 -10 -10 -10 -100    0 -1000 -1000 -10
293 3 pedestrian 0 0 -10 589.05 168.03 621.19 203.83 -10 -10 -10 -100    0 -1000 -1000 -10
293 124 pedestrian 0 0 -10 218.95 183.25 238.26 209.85 -10 -10 -10 -100    0 -1000 -1000 -10
294 125 pedestrian 0 0 -10 908.59 140.32 1242.00 203.29 -10 -10 -10 -100    0 -1000 -1000 -10
294 119 pedestrian 0 0 -10 294.76 179.14 346.88 223.88 -10 -10 -10 -100    0 -1000 -1000 -10
294 121 pedestrian 0 0 -10 0.09 165.64 72.96 227.68 -10 -10 -10 -100    0 -1000 -1000 -10
294 120 pedestrian 0 0 -10 560.19 163.90 580.20 192.87 -10 -10 -10 -100    0 -1000 -1000 -10
294 3 pedestrian 0 0 -10 589.43 168.99 621.43 204.88 -10 -10 -10 -100    0 -1000 -1000 -10
294 124 pedestrian 0 0 -10 206.23 183.03 227.33 214.34 -10 -10 -10 -100    0 -1000 -1000 -10
295 125 pedestrian 0 0 -10 937.23 137.39 1241.96 204.44 -10 -10 -10 -100    0 -1000 -1000 -10
295 119 pedestrian 0 0 -10 295.71 177.66 338.83 223.73 -10 -10 -10 -100    0 -1000 -1000 -10
295 121 pedestrian 0 0 -10 0.05 163.79 47.42 227.93 -10 -10 -10 -100    0 -1000 -1000 -10
295 120 pedestrian 0 0 -10 559.56 163.81 579.87 192.39 -10 -10 -10 -100    0 -1000 -1000 -10
295 3 pedestrian 0 0 -10 589.91 169.56 621.91 205.39 -10 -10 -10 -100    0 -1000 -1000 -10
295 124 pedestrian 0 0 -10 193.76 182.67 218.75 214.94 -10 -10 -10 -100    0 -1000 -1000 -10
296 125 pedestrian 0 0 -10 950.67 137.50 1241.41 227.95 -10 -10 -10 -100    0 -1000 -1000 -10
296 119 pedestrian 0 0 -10 287.44 176.88 328.26 225.66 -10 -10 -10 -100    0 -1000 -1000 -10
296 121 pedestrian 0 0 -10 0.12 168.33 36.94 228.98 -10 -10 -10 -100    0 -1000 -1000 -10
296 120 pedestrian 0 0 -10 559.65 163.55 580.88 192.95 -10 -10 -10 -100    0 -1000 -1000 -10
296 3 pedestrian 0 0 -10 590.58 169.60 622.10 205.65 -10 -10 -10 -100    0 -1000 -1000 -10
296 124 pedestrian 0 0 -10 183.53 181.35 207.52 216.05 -10 -10 -10 -100    0 -1000 -1000 -10
297 125 pedestrian 0 0 -10 980.82 137.23 1242.00 241.91 -10 -10 -10 -100    0 -1000 -1000 -10
297 119 pedestrian 0 0 -10 274.86 175.76 316.93 226.89 -10 -10 -10 -100    0 -1000 -1000 -10
297 120 pedestrian 0 0 -10 559.97 163.38 581.46 192.51 -10 -10 -10 -100    0 -1000 -1000 -10
297 3 pedestrian 0 0 -10 590.97 170.38 622.73 206.13 -10 -10 -10 -100    0 -1000 -1000 -10
297 124 pedestrian 0 0 -10 172.93 182.08 195.02 215.90 -10 -10 -10 -100    0 -1000 -1000 -10
298 125 pedestrian 0 0 -10 994.83 133.14 1241.66 246.59 -10 -10 -10 -100    0 -1000 -1000 -10
298 119 pedestrian 0 0 -10 259.60 175.33 302.41 228.58 -10 -10 -10 -100    0 -1000 -1000 -10
298 120 pedestrian 0 0 -10 560.75 163.83 582.50 191.37 -10 -10 -10 -100    0 -1000 -1000 -10
298 3 pedestrian 0 0 -10 591.90 171.04 623.16 206.47 -10 -10 -10 -100    0 -1000 -1000 -10
298 124 pedestrian 0 0 -10 162.25 184.82 180.59 219.09 -10 -10 -10 -100    0 -1000 -1000 -10
299 119 pedestrian 0 0 -10 242.43 179.53 287.21 233.25 -10 -10 -10 -100    0 -1000 -1000 -10
299 120 pedestrian 0 0 -10 560.42 164.06 582.36 191.17 -10 -10 -10 -100    0 -1000 -1000 -10
299 3 pedestrian 0 0 -10 592.49 170.74 623.82 207.08 -10 -10 -10 -100    0 -1000 -1000 -10
299 124 pedestrian 0 0 -10 146.71 186.23 167.92 222.08 -10 -10 -10 -100    0 -1000 -1000 -10
300 119 pedestrian 0 0 -10 223.87 182.79 271.33 235.90 -10 -10 -10 -100    0 -1000 -1000 -10
300 120 pedestrian 0 0 -10 560.58 163.03 582.82 190.50 -10 -10 -10 -100    0 -1000 -1000 -10
300 3 pedestrian 0 0 -10 592.78 171.25 623.97 207.31 -10 -10 -10 -100    0 -1000 -1000 -10
300 122 pedestrian 0 0 -10 1036.81 127.96 1242.00 213.06 -10 -10 -10 -100    0 -1000 -1000 -10
300 124 pedestrian 0 0 -10 130.46 187.53 155.80 224.30 -10 -10 -10 -100    0 -1000 -1000 -10
301 131 pedestrian 0 0 -10 5.92 184.96 156.46 207.88 -10 -10 -10 -100    0 -1000 -1000 -10
301 130 pedestrian 0 0 -10 325.47 178.70 392.34 195.01 -10 -10 -10 -100    0 -1000 -1000 -10
301 119 pedestrian 0 0 -10 204.75 184.71 257.13 242.86 -10 -10 -10 -100    0 -1000 -1000 -10
301 120 pedestrian 0 0 -10 561.15 164.24 583.72 190.42 -10 -10 -10 -100    0 -1000 -1000 -10
301 3 pedestrian 0 0 -10 593.36 172.75 623.89 207.71 -10 -10 -10 -100    0 -1000 -1000 -10
301 122 pedestrian 0 0 -10 1089.90 127.33 1241.63 215.43 -10 -10 -10 -100    0 -1000 -1000 -10
301 124 pedestrian 0 0 -10 116.06 189.66 138.03 226.25 -10 -10 -10 -100    0 -1000 -1000 -10
302 131 pedestrian 0 0 -10 0.13 188.00 96.25 213.60 -10 -10 -10 -100    0 -1000 -1000 -10
302 130 pedestrian 0 0 -10 322.07 178.35 391.90 195.34 -10 -10 -10 -100    0 -1000 -1000 -10
302 119 pedestrian 0 0 -10 178.25 186.00 236.06 246.14 -10 -10 -10 -100    0 -1000 -1000 -10
302 120 pedestrian 0 0 -10 561.22 164.72 584.91 190.42 -10 -10 -10 -100    0 -1000 -1000 -10
302 3 pedestrian 0 0 -10 593.78 172.55 624.45 207.69 -10 -10 -10 -100    0 -1000 -1000 -10
302 122 pedestrian 0 0 -10 1119.99 126.89 1241.68 212.37 -10 -10 -10 -100    0 -1000 -1000 -10
302 124 pedestrian 0 0 -10 96.87 191.53 120.22 231.08 -10 -10 -10 -100    0 -1000 -1000 -10
303 130 pedestrian 0 0 -10 315.68 178.00 390.78 194.89 -10 -10 -10 -100    0 -1000 -1000 -10
303 119 pedestrian 0 0 -10 153.02 186.82 212.70 250.08 -10 -10 -10 -100    0 -1000 -1000 -10
303 120 pedestrian 0 0 -10 560.37 164.02 585.72 190.71 -10 -10 -10 -100    0 -1000 -1000 -10
303 3 pedestrian 0 0 -10 594.32 172.62 624.80 208.18 -10 -10 -10 -100    0 -1000 -1000 -10
303 124 pedestrian 0 0 -10 99.06 193.14 116.49 259.08 -10 -10 -10 -100    0 -1000 -1000 -10
304 130 pedestrian 0 0 -10 315.56 178.74 387.48 197.67 -10 -10 -10 -100    0 -1000 -1000 -10
304 119 pedestrian 0 0 -10 124.51 190.15 187.85 257.83 -10 -10 -10 -100    0 -1000 -1000 -10
304 120 pedestrian 0 0 -10 559.62 166.36 586.09 191.78 -10 -10 -10 -100    0 -1000 -1000 -10
304 3 pedestrian 0 0 -10 594.80 174.13 625.36 209.16 -10 -10 -10 -100    0 -1000 -1000 -10
305 130 pedestrian 0 0 -10 302.63 179.85 379.42 200.02 -10 -10 -10 -100    0 -1000 -1000 -10
305 119 pedestrian 0 0 -10 89.13 192.09 158.49 264.31 -10 -10 -10 -100    0 -1000 -1000 -10
305 120 pedestrian 0 0 -10 559.75 168.08 586.94 193.43 -10 -10 -10 -100    0 -1000 -1000 -10
305 3 pedestrian 0 0 -10 595.20 175.05 625.89 210.60 -10 -10 -10 -100    0 -1000 -1000 -10
306 119 pedestrian 0 0 -10 50.30 196.69 125.61 272.57 -10 -10 -10 -100    0 -1000 -1000 -10
306 120 pedestrian 0 0 -10 558.89 167.60 585.76 193.37 -10 -10 -10 -100    0 -1000 -1000 -10
306 3 pedestrian 0 0 -10 595.20 174.97 625.95 210.73 -10 -10 -10 -100    0 -1000 -1000 -10
307 119 pedestrian 0 0 -10 2.26 195.82 91.08 280.89 -10 -10 -10 -100    0 -1000 -1000 -10
307 120 pedestrian 0 0 -10 557.57 167.45 584.91 192.96 -10 -10 -10 -100    0 -1000 -1000 -10
307 3 pedestrian 0 0 -10 595.07 174.45 625.55 209.70 -10 -10 -10 -100    0 -1000 -1000 -10
308 119 pedestrian 0 0 -10 0.00 197.50 48.70 286.29 -10 -10 -10 -100    0 -1000 -1000 -10
308 120 pedestrian 0 0 -10 555.89 166.26 586.83 194.23 -10 -10 -10 -100    0 -1000 -1000 -10
308 3 pedestrian 0 0 -10 595.13 175.97 625.96 210.90 -10 -10 -10 -100    0 -1000 -1000 -10
309 130 pedestrian 0 0 -10 288.04 180.07 392.63 207.51 -10 -10 -10 -100    0 -1000 -1000 -10
309 120 pedestrian 0 0 -10 551.88 166.53 587.94 197.14 -10 -10 -10 -100    0 -1000 -1000 -10
309 3 pedestrian 0 0 -10 595.29 178.35 625.88 212.77 -10 -10 -10 -100    0 -1000 -1000 -10
310 136 pedestrian 0 0 -10 0.00 193.67 155.30 230.78 -10 -10 -10 -100    0 -1000 -1000 -10
310 130 pedestrian 0 0 -10 278.98 179.10 387.76 207.04 -10 -10 -10 -100    0 -1000 -1000 -10
310 120 pedestrian 0 0 -10 551.31 165.13 587.26 197.66 -10 -10 -10 -100    0 -1000 -1000 -10
310 3 pedestrian 0 0 -10 594.80 179.17 625.92 214.48 -10 -10 -10 -100    0 -1000 -1000 -10
311 136 pedestrian 0 0 -10 0.10 189.01 127.42 226.24 -10 -10 -10 -100    0 -1000 -1000 -10
311 130 pedestrian 0 0 -10 226.17 175.23 429.84 208.89 -10 -10 -10 -100    0 -1000 -1000 -10
311 120 pedestrian 0 0 -10 550.57 164.30 586.89 199.52 -10 -10 -10 -100    0 -1000 -1000 -10
311 3 pedestrian 0 0 -10 594.71 179.18 625.44 213.87 -10 -10 -10 -100    0 -1000 -1000 -10
312 130 pedestrian 0 0 -10 187.84 177.76 428.51 210.42 -10 -10 -10 -100    0 -1000 -1000 -10
312 120 pedestrian 0 0 -10 548.95 165.46 582.88 200.83 -10 -10 -10 -100    0 -1000 -1000 -10
312 3 pedestrian 0 0 -10 594.01 179.82 624.85 214.87 -10 -10 -10 -100    0 -1000 -1000 -10
313 130 pedestrian 0 0 -10 0.00 182.24 424.69 227.95 -10 -10 -10 -100    0 -1000 -1000 -10
313 120 pedestrian 0 0 -10 545.86 169.54 581.49 202.95 -10 -10 -10 -100    0 -1000 -1000 -10
313 3 pedestrian 0 0 -10 593.50 181.26 624.90 216.63 -10 -10 -10 -100    0 -1000 -1000 -10
