0 9 pedestrian 0 0 -10 575.82 156.27 604.60 202.43 -10 -10 -10 -100    0 -1000 -1000 -10
0 8 pedestrian 0 0 -10 371.66 171.16 398.10 226.19 -10 -10 -10 -100    0 -1000 -1000 -10
0 7 pedestrian 0 0 -10 656.44 164.10 680.40 237.14 -10 -10 -10 -100    0 -1000 -1000 -10
0 6 pedestrian 0 0 -10 455.89 158.26 554.54 201.68 -10 -10 -10 -100    0 -1000 -1000 -10
0 5 pedestrian 0 0 -10 537.73 140.31 583.72 204.19 -10 -10 -10 -100    0 -1000 -1000 -10
0 4 pedestrian 0 0 -10 452.19 165.57 486.71 233.49 -10 -10 -10 -100    0 -1000 -1000 -10
0 3 pedestrian 0 0 -10 410.80 165.08 448.87 243.73 -10 -10 -10 -100    0 -1000 -1000 -10
0 2 pedestrian 0 0 -10 773.44 168.36 840.14 315.15 -10 -10 -10 -100    0 -1000 -1000 -10
0 1 pedestrian 0 0 -10 0.00 226.30 286.30 374.00 -10 -10 -10 -100    0 -1000 -1000 -10
1 9 pedestrian 0 0 -10 575.96 155.24 604.27 201.48 -10 -10 -10 -100    0 -1000 -1000 -10
1 8 pedestrian 0 0 -10 371.49 170.03 398.16 226.06 -10 -10 -10 -100    0 -1000 -1000 -10
1 7 pedestrian 0 0 -10 655.68 162.27 678.43 235.79 -10 -10 -10 -100    0 -1000 -1000 -10
1 6 pedestrian 0 0 -10 456.20 158.17 554.12 201.40 -10 -10 -10 -100    0 -1000 -1000 -10
1 5 pedestrian 0 0 -10 537.23 138.99 583.21 202.85 -10 -10 -10 -100    0 -1000 -1000 -10
1 4 pedestrian 0 0 -10 450.54 164.81 485.56 233.84 -10 -10 -10 -100    0 -1000 -1000 -10
1 3 pedestrian 0 0 -10 406.74 164.13 446.19 244.12 -10 -10 -10 -100    0 -1000 -1000 -10
1 2 pedestrian 0 0 -10 770.83 168.25 833.29 312.62 -10 -10 -10 -100    0 -1000 -1000 -10
1 1 pedestrian 0 0 -10 0.00 229.83 267.65 374.00 -10 -10 -10 -100    0 -1000 -1000 -10
2 9 pedestrian 0 0 -10 576.17 152.92 605.50 199.87 -10 -10 -10 -100    0 -1000 -1000 -10
2 8 pedestrian 0 0 -10 372.39 168.29 398.54 224.52 -10 -10 -10 -100    0 -1000 -1000 -10
2 7 pedestrian 0 0 -10 656.41 161.74 678.47 233.88 -10 -10 -10 -100    0 -1000 -1000 -10
2 6 pedestrian 0 0 -10 456.73 156.79 554.22 201.20 -10 -10 -10 -100    0 -1000 -1000 -10
2 5 pedestrian 0 0 -10 537.93 139.10 583.80 202.47 -10 -10 -10 -100    0 -1000 -1000 -10
2 4 pedestrian 0 0 -10 449.35 164.20 485.02 234.24 -10 -10 -10 -100    0 -1000 -1000 -10
2 3 pedestrian 0 0 -10 404.16 163.37 444.40 245.19 -10 -10 -10 -100    0 -1000 -1000 -10
2 2 pedestrian 0 0 -10 771.29 166.18 826.41 309.76 -10 -10 -10 -100    0 -1000 -1000 -10
2 1 pedestrian 0 0 -10 0.00 232.94 250.89 374.00 -10 -10 -10 -100    0 -1000 -1000 -10
3 9 pedestrian 0 0 -10 576.74 151.04 605.90 199.53 -10 -10 -10 -100    0 -1000 -1000 -10
3 8 pedestrian 0 0 -10 371.47 167.15 398.04 225.39 -10 -10 -10 -100    0 -1000 -1000 -10
3 7 pedestrian 0 0 -10 654.84 160.86 677.15 232.88 -10 -10 -10 -100    0 -1000 -1000 -10
3 6 pedestrian 0 0 -10 457.12 156.17 554.01 201.08 -10 -10 -10 -100    0 -1000 -1000 -10
3 5 pedestrian 0 0 -10 538.69 138.54 584.25 201.36 -10 -10 -10 -100    0 -1000 -1000 -10
3 4 pedestrian 0 0 -10 447.81 164.65 484.61 235.24 -10 -10 -10 -100    0 -1000 -1000 -10
3 3 pedestrian 0 0 -10 401.35 162.72 442.98 246.46 -10 -10 -10 -100    0 -1000 -1000 -10
3 2 pedestrian 0 0 -10 768.73 163.61 823.51 309.73 -10 -10 -10 -100    0 -1000 -1000 -10
3 1 pedestrian 0 0 -10 0.00 236.30 233.99 374.00 -10 -10 -10 -100    0 -1000 -1000 -10
4 9 pedestrian 0 0 -10 576.44 149.50 606.38 199.96 -10 -10 -10 -100    0 -1000 -1000 -10
4 8 pedestrian 0 0 -10 370.31 165.41 397.33 224.20 -10 -10 -10 -100    0 -1000 -1000 -10
4 7 pedestrian 0 0 -10 652.75 159.11 674.79 231.28 -10 -10 -10 -100    0 -1000 -1000 -10
4 6 pedestrian 0 0 -10 457.84 154.37 554.00 199.69 -10 -10 -10 -100    0 -1000 -1000 -10
4 5 pedestrian 0 0 -10 538.27 135.28 584.84 200.46 -10 -10 -10 -100    0 -1000 -1000 -10
4 4 pedestrian 0 0 -10 445.72 163.24 483.46 234.95 -10 -10 -10 -100    0 -1000 -1000 -10
4 3 pedestrian 0 0 -10 399.53 161.92 441.69 245.61 -10 -10 -10 -100    0 -1000 -1000 -10
4 2 pedestrian 0 0 -10 765.84 162.78 821.73 307.45 -10 -10 -10 -100    0 -1000 -1000 -10
4 1 pedestrian 0 0 -10 0.00 242.73 209.11 374.00 -10 -10 -10 -100    0 -1000 -1000 -10
5 9 pedestrian 0 0 -10 578.19 148.63 605.69 199.24 -10 -10 -10 -100    0 -1000 -1000 -10
5 8 pedestrian 0 0 -10 371.36 164.43 398.33 222.07 -10 -10 -10 -100    0 -1000 -1000 -10
5 7 pedestrian 0 0 -10 652.42 157.73 674.94 230.81 -10 -10 -10 -100    0 -1000 -1000 -10
5 6 pedestrian 0 0 -10 457.96 153.03 553.67 199.72 -10 -10 -10 -100    0 -1000 -1000 -10
5 5 pedestrian 0 0 -10 539.42 133.79 585.51 199.49 -10 -10 -10 -100    0 -1000 -1000 -10
5 4 pedestrian 0 0 -10 444.52 160.96 484.12 235.07 -10 -10 -10 -100    0 -1000 -1000 -10
5 3 pedestrian 0 0 -10 397.07 161.06 440.15 247.19 -10 -10 -10 -100    0 -1000 -1000 -10
5 2 pedestrian 0 0 -10 762.66 162.87 823.00 305.55 -10 -10 -10 -100    0 -1000 -1000 -10
5 1 pedestrian 0 0 -10 0.00 245.42 186.41 374.00 -10 -10 -10 -100    0 -1000 -1000 -10
6 9 pedestrian 0 0 -10 580.40 149.09 609.38 200.96 -10 -10 -10 -100    0 -1000 -1000 -10
6 8 pedestrian 0 0 -10 372.24 163.98 399.11 220.88 -10 -10 -10 -100    0 -1000 -1000 -10
6 7 pedestrian 0 0 -10 650.83 156.77 674.22 229.96 -10 -10 -10 -100    0 -1000 -1000 -10
6 6 pedestrian 0 0 -10 459.47 152.68 553.97 200.03 -10 -10 -10 -100    0 -1000 -1000 -10
6 5 pedestrian 0 0 -10 540.58 132.99 587.42 199.67 -10 -10 -10 -100    0 -1000 -1000 -10
6 4 pedestrian 0 0 -10 443.83 160.47 483.38 235.74 -10 -10 -10 -100    0 -1000 -1000 -10
6 3 pedestrian 0 0 -10 394.95 160.04 438.34 249.62 -10 -10 -10 -100    0 -1000 -1000 -10
6 2 pedestrian 0 0 -10 761.33 162.57 820.22 302.40 -10 -10 -10 -100    0 -1000 -1000 -10
6 1 pedestrian 0 0 -10 0.00 246.01 159.26 374.00 -10 -10 -10 -100    0 -1000 -1000 -10
7 9 pedestrian 0 0 -10 581.77 147.65 610.86 203.15 -10 -10 -10 -100    0 -1000 -1000 -10
7 8 pedestrian 0 0 -10 372.56 162.70 399.75 219.83 -10 -10 -10 -100    0 -1000 -1000 -10
7 7 pedestrian 0 0 -10 647.49 155.74 672.93 227.79 -10 -10 -10 -100    0 -1000 -1000 -10
7 6 pedestrian 0 0 -10 459.12 149.93 554.02 199.68 -10 -10 -10 -100    0 -1000 -1000 -10
7 5 pedestrian 0 0 -10 541.61 131.34 588.03 198.97 -10 -10 -10 -100    0 -1000 -1000 -10
7 4 pedestrian 0 0 -10 442.05 158.94 483.35 237.50 -10 -10 -10 -100    0 -1000 -1000 -10
7 3 pedestrian 0 0 -10 390.32 158.52 435.74 249.13 -10 -10 -10 -100    0 -1000 -1000 -10
7 2 pedestrian 0 0 -10 759.16 162.98 817.88 300.41 -10 -10 -10 -100    0 -1000 -1000 -10
7 1 pedestrian 0 0 -10 0.00 267.68 126.09 374.00 -10 -10 -10 -100    0 -1000 -1000 -10
8 9 pedestrian 0 0 -10 585.42 147.42 612.74 206.06 -10 -10 -10 -100    0 -1000 -1000 -10
8 8 pedestrian 0 0 -10 374.49 161.57 401.07 219.30 -10 -10 -10 -100    0 -1000 -1000 -10
8 7 pedestrian 0 0 -10 644.42 154.51 671.93 226.15 -10 -10 -10 -100    0 -1000 -1000 -10
8 6 pedestrian 0 0 -10 463.33 149.52 554.76 200.64 -10 -10 -10 -100    0 -1000 -1000 -10
8 5 pedestrian 0 0 -10 545.08 130.69 590.55 198.04 -10 -10 -10 -100    0 -1000 -1000 -10
8 4 pedestrian 0 0 -10 441.77 159.70 483.98 237.40 -10 -10 -10 -100    0 -1000 -1000 -10
8 3 pedestrian 0 0 -10 385.83 157.04 434.97 250.85 -10 -10 -10 -100    0 -1000 -1000 -10
8 2 pedestrian 0 0 -10 756.90 159.91 820.30 300.60 -10 -10 -10 -100    0 -1000 -1000 -10
9 9 pedestrian 0 0 -10 586.51 147.55 613.87 203.84 -10 -10 -10 -100    0 -1000 -1000 -10
9 8 pedestrian 0 0 -10 376.38 160.88 402.88 219.47 -10 -10 -10 -100    0 -1000 -1000 -10
9 7 pedestrian 0 0 -10 648.96 154.60 676.17 225.31 -10 -10 -10 -100    0 -1000 -1000 -10
9 6 pedestrian 0 0 -10 466.45 148.81 558.70 201.11 -10 -10 -10 -100    0 -1000 -1000 -10
9 5 pedestrian 0 0 -10 547.21 131.13 593.29 197.86 -10 -10 -10 -100    0 -1000 -1000 -10
9 4 pedestrian 0 0 -10 441.01 159.12 484.56 239.32 -10 -10 -10 -100    0 -1000 -1000 -10
9 3 pedestrian 0 0 -10 383.51 156.97 434.25 252.84 -10 -10 -10 -100    0 -1000 -1000 -10
9 2 pedestrian 0 0 -10 755.85 160.90 820.81 299.64 -10 -10 -10 -100    0 -1000 -1000 -10
10 9 pedestrian 0 0 -10 589.09 148.77 616.51 202.71 -10 -10 -10 -100    0 -1000 -1000 -10
10 8 pedestrian 0 0 -10 376.77 160.90 404.14 218.62 -10 -10 -10 -100    0 -1000 -1000 -10
10 7 pedestrian 0 0 -10 650.34 154.64 674.96 226.43 -10 -10 -10 -100    0 -1000 -1000 -10
10 6 pedestrian 0 0 -10 467.71 148.08 560.49 200.94 -10 -10 -10 -100    0 -1000 -1000 -10
10 5 pedestrian 0 0 -10 549.59 130.16 596.44 197.79 -10 -10 -10 -100    0 -1000 -1000 -10
10 4 pedestrian 0 0 -10 441.05 159.67 485.04 240.89 -10 -10 -10 -100    0 -1000 -1000 -10
10 3 pedestrian 0 0 -10 380.93 157.45 433.32 255.48 -10 -10 -10 -100    0 -1000 -1000 -10
10 2 pedestrian 0 0 -10 756.87 160.48 818.88 298.13 -10 -10 -10 -100    0 -1000 -1000 -10
11 9 pedestrian 0 0 -10 594.26 148.13 620.34 204.93 -10 -10 -10 -100    0 -1000 -1000 -10
11 8 pedestrian 0 0 -10 380.15 160.68 407.42 217.76 -10 -10 -10 -100    0 -1000 -1000 -10
11 7 pedestrian 0 0 -10 651.34 153.67 676.69 225.46 -10 -10 -10 -100    0 -1000 -1000 -10
11 6 pedestrian 0 0 -10 470.56 147.82 561.81 200.03 -10 -10 -10 -100    0 -1000 -1000 -10
11 5 pedestrian 0 0 -10 551.91 129.27 599.31 196.02 -10 -10 -10 -100    0 -1000 -1000 -10
11 4 pedestrian 0 0 -10 440.87 159.36 485.96 241.65 -10 -10 -10 -100    0 -1000 -1000 -10
11 3 pedestrian 0 0 -10 379.57 157.09 432.88 256.56 -10 -10 -10 -100    0 -1000 -1000 -10
11 2 pedestrian 0 0 -10 758.14 160.02 811.85 294.80 -10 -10 -10 -100    0 -1000 -1000 -10
12 9 pedestrian 0 0 -10 595.94 147.27 621.93 202.01 -10 -10 -10 -100    0 -1000 -1000 -10
12 8 pedestrian 0 0 -10 381.82 158.74 409.33 216.36 -10 -10 -10 -100    0 -1000 -1000 -10
12 7 pedestrian 0 0 -10 653.99 152.71 678.48 223.82 -10 -10 -10 -100    0 -1000 -1000 -10
12 6 pedestrian 0 0 -10 472.50 146.68 565.47 198.96 -10 -10 -10 -100    0 -1000 -1000 -10
12 5 pedestrian 0 0 -10 553.51 127.12 601.41 194.68 -10 -10 -10 -100    0 -1000 -1000 -10
12 4 pedestrian 0 0 -10 440.24 158.22 486.84 241.51 -10 -10 -10 -100    0 -1000 -1000 -10
12 3 pedestrian 0 0 -10 377.29 154.47 432.50 257.82 -10 -10 -10 -100    0 -1000 -1000 -10
12 2 pedestrian 0 0 -10 757.16 157.10 810.39 294.73 -10 -10 -10 -100    0 -1000 -1000 -10
13 9 pedestrian 0 0 -10 598.05 146.46 624.05 200.77 -10 -10 -10 -100    0 -1000 -1000 -10
13 7 pedestrian 0 0 -10 653.24 151.56 679.03 223.86 -10 -10 -10 -100    0 -1000 -1000 -10
13 6 pedestrian 0 0 -10 472.74 144.94 567.02 197.88 -10 -10 -10 -100    0 -1000 -1000 -10
13 5 pedestrian 0 0 -10 555.96 126.24 602.73 195.59 -10 -10 -10 -100    0 -1000 -1000 -10
13 4 pedestrian 0 0 -10 438.59 156.63 487.17 242.74 -10 -10 -10 -100    0 -1000 -1000 -10
13 3 pedestrian 0 0 -10 374.39 152.60 431.51 259.70 -10 -10 -10 -100    0 -1000 -1000 -10
13 2 pedestrian 0 0 -10 755.70 156.69 809.98 293.40 -10 -10 -10 -100    0 -1000 -1000 -10
14 9 pedestrian 0 0 -10 599.63 146.71 625.11 198.76 -10 -10 -10 -100    0 -1000 -1000 -10
14 7 pedestrian 0 0 -10 654.82 152.07 681.57 223.47 -10 -10 -10 -100    0 -1000 -1000 -10
14 6 pedestrian 0 0 -10 475.65 145.46 569.21 198.04 -10 -10 -10 -100    0 -1000 -1000 -10
14 5 pedestrian 0 0 -10 557.87 125.55 604.76 195.51 -10 -10 -10 -100    0 -1000 -1000 -10
14 4 pedestrian 0 0 -10 437.92 156.76 487.90 245.14 -10 -10 -10 -100    0 -1000 -1000 -10
14 3 pedestrian 0 0 -10 371.41 153.04 430.07 262.61 -10 -10 -10 -100    0 -1000 -1000 -10
14 2 pedestrian 0 0 -10 754.96 157.76 809.51 291.42 -10 -10 -10 -100    0 -1000 -1000 -10
15 9 pedestrian 0 0 -10 602.39 147.49 628.50 202.03 -10 -10 -10 -100    0 -1000 -1000 -10
15 7 pedestrian 0 0 -10 656.54 152.91 683.27 223.03 -10 -10 -10 -100    0 -1000 -1000 -10
15 6 pedestrian 0 0 -10 478.33 146.41 571.36 198.89 -10 -10 -10 -100    0 -1000 -1000 -10
15 5 pedestrian 0 0 -10 561.48 128.17 606.91 194.68 -10 -10 -10 -100    0 -1000 -1000 -10
15 4 pedestrian 0 0 -10 437.28 157.47 488.49 247.56 -10 -10 -10 -100    0 -1000 -1000 -10
15 3 pedestrian 0 0 -10 367.65 154.09 428.56 266.19 -10 -10 -10 -100    0 -1000 -1000 -10
15 2 pedestrian 0 0 -10 755.34 157.29 806.02 289.15 -10 -10 -10 -100    0 -1000 -1000 -10
16 9 pedestrian 0 0 -10 603.57 147.89 628.76 200.76 -10 -10 -10 -100    0 -1000 -1000 -10
16 7 pedestrian 0 0 -10 657.60 152.43 683.84 223.68 -10 -10 -10 -100    0 -1000 -1000 -10
16 6 pedestrian 0 0 -10 481.08 147.06 573.34 198.19 -10 -10 -10 -100    0 -1000 -1000 -10
16 5 pedestrian 0 0 -10 563.23 128.27 610.03 195.65 -10 -10 -10 -100    0 -1000 -1000 -10
16 4 pedestrian 0 0 -10 435.71 157.39 488.60 249.97 -10 -10 -10 -100    0 -1000 -1000 -10
16 3 pedestrian 0 0 -10 363.68 154.85 426.76 269.43 -10 -10 -10 -100    0 -1000 -1000 -10
16 2 pedestrian 0 0 -10 755.27 157.64 804.41 287.58 -10 -10 -10 -100    0 -1000 -1000 -10
17 9 pedestrian 0 0 -10 606.32 147.16 632.34 199.88 -10 -10 -10 -100    0 -1000 -1000 -10
17 7 pedestrian 0 0 -10 661.17 152.39 687.42 223.00 -10 -10 -10 -100    0 -1000 -1000 -10
17 6 pedestrian 0 0 -10 484.39 146.61 575.72 198.12 -10 -10 -10 -100    0 -1000 -1000 -10
17 5 pedestrian 0 0 -10 566.14 127.76 613.58 195.25 -10 -10 -10 -100    0 -1000 -1000 -10
17 4 pedestrian 0 0 -10 434.60 156.50 489.73 252.58 -10 -10 -10 -100    0 -1000 -1000 -10
17 3 pedestrian 0 0 -10 359.88 153.24 426.33 272.04 -10 -10 -10 -100    0 -1000 -1000 -10
17 2 pedestrian 0 0 -10 755.35 155.91 803.76 286.60 -10 -10 -10 -100    0 -1000 -1000 -10
18 9 pedestrian 0 0 -10 611.61 145.77 636.81 198.67 -10 -10 -10 -100    0 -1000 -1000 -10
18 7 pedestrian 0 0 -10 663.19 151.42 690.94 222.35 -10 -10 -10 -100    0 -1000 -1000 -10
18 6 pedestrian 0 0 -10 487.28 145.50 578.42 198.53 -10 -10 -10 -100    0 -1000 -1000 -10
18 5 pedestrian 0 0 -10 569.23 126.44 618.38 194.87 -10 -10 -10 -100    0 -1000 -1000 -10
18 4 pedestrian 0 0 -10 434.25 156.62 490.68 254.46 -10 -10 -10 -100    0 -1000 -1000 -10
18 3 pedestrian 0 0 -10 356.94 153.27 425.46 273.27 -10 -10 -10 -100    0 -1000 -1000 -10
18 2 pedestrian 0 0 -10 756.42 155.21 806.63 284.49 -10 -10 -10 -100    0 -1000 -1000 -10
19 9 pedestrian 0 0 -10 615.37 145.27 640.24 197.79 -10 -10 -10 -100    0 -1000 -1000 -10
19 7 pedestrian 0 0 -10 668.26 149.89 695.25 221.16 -10 -10 -10 -100    0 -1000 -1000 -10
19 6 pedestrian 0 0 -10 490.55 144.07 582.87 196.11 -10 -10 -10 -100    0 -1000 -1000 -10
19 5 pedestrian 0 0 -10 572.65 125.37 621.21 194.33 -10 -10 -10 -100    0 -1000 -1000 -10
19 4 pedestrian 0 0 -10 433.13 155.11 490.83 256.96 -10 -10 -10 -100    0 -1000 -1000 -10
19 3 pedestrian 0 0 -10 353.93 152.38 425.03 275.89 -10 -10 -10 -100    0 -1000 -1000 -10
19 2 pedestrian 0 0 -10 761.17 154.54 810.32 282.83 -10 -10 -10 -100    0 -1000 -1000 -10
20 9 pedestrian 0 0 -10 618.27 143.21 644.34 195.63 -10 -10 -10 -100    0 -1000 -1000 -10
20 7 pedestrian 0 0 -10 672.92 149.36 698.24 220.24 -10 -10 -10 -100    0 -1000 -1000 -10
20 6 pedestrian 0 0 -10 492.29 142.95 588.86 194.55 -10 -10 -10 -100    0 -1000 -1000 -10
20 5 pedestrian 0 0 -10 577.53 124.14 626.27 192.56 -10 -10 -10 -100    0 -1000 -1000 -10
20 4 pedestrian 0 0 -10 431.42 155.11 492.26 257.91 -10 -10 -10 -100    0 -1000 -1000 -10
20 3 pedestrian 0 0 -10 349.67 150.53 422.98 279.89 -10 -10 -10 -100    0 -1000 -1000 -10
20 2 pedestrian 0 0 -10 765.71 153.19 812.70 278.48 -10 -10 -10 -100    0 -1000 -1000 -10
21 9 pedestrian 0 0 -10 625.24 144.64 649.08 196.54 -10 -10 -10 -100    0 -1000 -1000 -10
21 7 pedestrian 0 0 -10 678.04 149.20 702.74 220.33 -10 -10 -10 -100    0 -1000 -1000 -10
21 6 pedestrian 0 0 -10 496.17 142.57 593.10 193.85 -10 -10 -10 -100    0 -1000 -1000 -10
21 5 pedestrian 0 0 -10 582.59 123.32 630.11 190.83 -10 -10 -10 -100    0 -1000 -1000 -10
21 4 pedestrian 0 0 -10 430.46 154.88 493.33 259.78 -10 -10 -10 -100    0 -1000 -1000 -10
21 3 pedestrian 0 0 -10 345.40 149.17 421.31 283.27 -10 -10 -10 -100    0 -1000 -1000 -10
21 2 pedestrian 0 0 -10 770.86 152.56 819.98 279.71 -10 -10 -10 -100    0 -1000 -1000 -10
22 9 pedestrian 0 0 -10 627.40 142.56 653.20 194.58 -10 -10 -10 -100    0 -1000 -1000 -10
22 7 pedestrian 0 0 -10 680.31 148.99 705.04 219.75 -10 -10 -10 -100    0 -1000 -1000 -10
22 6 pedestrian 0 0 -10 498.00 140.95 597.26 192.26 -10 -10 -10 -100    0 -1000 -1000 -10
22 5 pedestrian 0 0 -10 586.53 121.92 634.37 190.22 -10 -10 -10 -100    0 -1000 -1000 -10
22 4 pedestrian 0 0 -10 427.27 153.95 493.64 262.73 -10 -10 -10 -100    0 -1000 -1000 -10
22 3 pedestrian 0 0 -10 339.38 148.00 418.87 288.26 -10 -10 -10 -100    0 -1000 -1000 -10
22 2 pedestrian 0 0 -10 775.16 151.74 824.24 280.21 -10 -10 -10 -100    0 -1000 -1000 -10
23 9 pedestrian 0 0 -10 631.39 143.53 658.17 194.57 -10 -10 -10 -100    0 -1000 -1000 -10
23 7 pedestrian 0 0 -10 683.43 148.38 707.49 218.23 -10 -10 -10 -100    0 -1000 -1000 -10
23 6 pedestrian 0 0 -10 498.74 141.73 601.40 191.89 -10 -10 -10 -100    0 -1000 -1000 -10
23 5 pedestrian 0 0 -10 590.72 121.35 637.81 190.36 -10 -10 -10 -100    0 -1000 -1000 -10
23 4 pedestrian 0 0 -10 425.34 155.62 492.82 266.54 -10 -10 -10 -100    0 -1000 -1000 -10
23 3 pedestrian 0 0 -10 333.41 149.54 418.59 294.24 -10 -10 -10 -100    0 -1000 -1000 -10
23 2 pedestrian 0 0 -10 779.39 152.49 828.38 280.15 -10 -10 -10 -100    0 -1000 -1000 -10
24 9 pedestrian 0 0 -10 634.92 142.52 661.97 191.08 -10 -10 -10 -100    0 -1000 -1000 -10
24 7 pedestrian 0 0 -10 687.32 147.07 711.26 219.60 -10 -10 -10 -100    0 -1000 -1000 -10
24 6 pedestrian 0 0 -10 501.99 142.88 605.20 192.37 -10 -10 -10 -100    0 -1000 -1000 -10
24 5 pedestrian 0 0 -10 595.93 121.03 642.87 190.89 -10 -10 -10 -100    0 -1000 -1000 -10
24 4 pedestrian 0 0 -10 422.57 155.34 493.34 270.25 -10 -10 -10 -100    0 -1000 -1000 -10
24 3 pedestrian 0 0 -10 327.62 150.07 416.67 300.46 -10 -10 -10 -100    0 -1000 -1000 -10
24 2 pedestrian 0 0 -10 784.70 152.25 833.07 279.07 -10 -10 -10 -100    0 -1000 -1000 -10
25 9 pedestrian 0 0 -10 639.72 143.30 666.51 192.60 -10 -10 -10 -100    0 -1000 -1000 -10
25 7 pedestrian 0 0 -10 693.25 148.33 716.32 219.46 -10 -10 -10 -100    0 -1000 -1000 -10
25 6 pedestrian 0 0 -10 507.01 144.17 607.67 191.68 -10 -10 -10 -100    0 -1000 -1000 -10
25 5 pedestrian 0 0 -10 599.92 121.93 648.56 191.86 -10 -10 -10 -100    0 -1000 -1000 -10
25 4 pedestrian 0 0 -10 419.60 155.65 492.56 273.60 -10 -10 -10 -100    0 -1000 -1000 -10
25 3 pedestrian 0 0 -10 320.54 147.83 414.18 306.45 -10 -10 -10 -100    0 -1000 -1000 -10
25 2 pedestrian 0 0 -10 789.81 150.98 836.75 278.66 -10 -10 -10 -100    0 -1000 -1000 -10
26 10 pedestrian 0 0 -10 557.98 155.06 586.45 181.67 -10 -10 -10 -100    0 -1000 -1000 -10
26 9 pedestrian 0 0 -10 643.08 143.06 669.43 191.48 -10 -10 -10 -100    0 -1000 -1000 -10
26 7 pedestrian 0 0 -10 697.83 147.92 717.42 216.39 -10 -10 -10 -100    0 -1000 -1000 -10
26 6 pedestrian 0 0 -10 510.04 144.31 612.87 192.84 -10 -10 -10 -100    0 -1000 -1000 -10
26 5 pedestrian 0 0 -10 603.31 122.60 651.50 192.04 -10 -10 -10 -100    0 -1000 -1000 -10
26 4 pedestrian 0 0 -10 415.55 154.70 491.55 277.85 -10 -10 -10 -100    0 -1000 -1000 -10
26 3 pedestrian 0 0 -10 314.32 148.42 412.02 313.58 -10 -10 -10 -100    0 -1000 -1000 -10
26 2 pedestrian 0 0 -10 792.57 151.47 840.03 279.73 -10 -10 -10 -100    0 -1000 -1000 -10
27 10 pedestrian 0 0 -10 560.72 155.77 589.63 181.73 -10 -10 -10 -100    0 -1000 -1000 -10
27 9 pedestrian 0 0 -10 646.34 144.39 672.60 191.44 -10 -10 -10 -100    0 -1000 -1000 -10
27 7 pedestrian 0 0 -10 699.54 148.93 718.73 216.44 -10 -10 -10 -100    0 -1000 -1000 -10
27 6 pedestrian 0 0 -10 512.81 143.72 617.38 193.01 -10 -10 -10 -100    0 -1000 -1000 -10
27 5 pedestrian 0 0 -10 606.39 123.35 655.93 192.15 -10 -10 -10 -100    0 -1000 -1000 -10
27 4 pedestrian 0 0 -10 409.61 154.06 490.23 282.73 -10 -10 -10 -100    0 -1000 -1000 -10
27 3 pedestrian 0 0 -10 302.97 147.91 409.00 321.58 -10 -10 -10 -100    0 -1000 -1000 -10
27 2 pedestrian 0 0 -10 795.84 151.74 844.28 279.94 -10 -10 -10 -100    0 -1000 -1000 -10
28 10 pedestrian 0 0 -10 562.77 156.69 590.78 181.82 -10 -10 -10 -100    0 -1000 -1000 -10
28 9 pedestrian 0 0 -10 650.06 145.13 676.01 190.29 -10 -10 -10 -100    0 -1000 -1000 -10
28 6 pedestrian 0 0 -10 514.30 144.76 619.81 194.42 -10 -10 -10 -100    0 -1000 -1000 -10
28 5 pedestrian 0 0 -10 610.21 120.74 659.59 192.44 -10 -10 -10 -100    0 -1000 -1000 -10
28 4 pedestrian 0 0 -10 402.64 154.65 486.89 287.47 -10 -10 -10 -100    0 -1000 -1000 -10
28 3 pedestrian 0 0 -10 291.95 147.80 402.93 332.21 -10 -10 -10 -100    0 -1000 -1000 -10
28 2 pedestrian 0 0 -10 798.60 153.26 848.00 279.23 -10 -10 -10 -100    0 -1000 -1000 -10
29 10 pedestrian 0 0 -10 564.97 155.62 594.41 181.96 -10 -10 -10 -100    0 -1000 -1000 -10
29 9 pedestrian 0 0 -10 654.55 145.46 678.33 190.24 -10 -10 -10 -100    0 -1000 -1000 -10
29 6 pedestrian 0 0 -10 518.11 144.24 623.75 193.26 -10 -10 -10 -100    0 -1000 -1000 -10
29 5 pedestrian 0 0 -10 614.18 121.03 663.92 191.74 -10 -10 -10 -100    0 -1000 -1000 -10
29 4 pedestrian 0 0 -10 397.98 155.31 485.52 291.48 -10 -10 -10 -100    0 -1000 -1000 -10
29 3 pedestrian 0 0 -10 275.68 147.69 397.91 341.67 -10 -10 -10 -100    0 -1000 -1000 -10
29 2 pedestrian 0 0 -10 804.41 152.96 853.07 277.67 -10 -10 -10 -100    0 -1000 -1000 -10
30 10 pedestrian 0 0 -10 569.62 153.41 599.15 181.80 -10 -10 -10 -100    0 -1000 -1000 -10
30 9 pedestrian 0 0 -10 657.59 143.58 683.02 190.34 -10 -10 -10 -100    0 -1000 -1000 -10
30 6 pedestrian 0 0 -10 523.74 143.20 627.11 192.27 -10 -10 -10 -100    0 -1000 -1000 -10
30 5 pedestrian 0 0 -10 617.58 121.25 666.73 191.04 -10 -10 -10 -100    0 -1000 -1000 -10
30 4 pedestrian 0 0 -10 389.32 155.28 481.64 297.62 -10 -10 -10 -100    0 -1000 -1000 -10
30 3 pedestrian 0 0 -10 257.03 147.11 392.07 355.99 -10 -10 -10 -100    0 -1000 -1000 -10
30 2 pedestrian 0 0 -10 809.21 149.34 858.78 276.33 -10 -10 -10 -100    0 -1000 -1000 -10
31 10 pedestrian 0 0 -10 572.02 153.45 602.26 182.32 -10 -10 -10 -100    0 -1000 -1000 -10
31 9 pedestrian 0 0 -10 661.41 143.85 685.68 190.56 -10 -10 -10 -100    0 -1000 -1000 -10
31 7 pedestrian 0 0 -10 710.92 148.87 732.11 217.90 -10 -10 -10 -100    0 -1000 -1000 -10
31 6 pedestrian 0 0 -10 524.68 142.52 631.39 192.07 -10 -10 -10 -100    0 -1000 -1000 -10
31 5 pedestrian 0 0 -10 620.68 120.07 671.48 191.34 -10 -10 -10 -100    0 -1000 -1000 -10
31 4 pedestrian 0 0 -10 379.59 153.60 477.15 305.34 -10 -10 -10 -100    0 -1000 -1000 -10
31 3 pedestrian 0 0 -10 237.23 146.40 384.52 369.22 -10 -10 -10 -100    0 -1000 -1000 -10
31 2 pedestrian 0 0 -10 813.76 149.49 866.85 278.42 -10 -10 -10 -100    0 -1000 -1000 -10
32 10 pedestrian 0 0 -10 572.40 154.44 603.88 183.46 -10 -10 -10 -100    0 -1000 -1000 -10
32 9 pedestrian 0 0 -10 666.53 144.61 689.85 190.58 -10 -10 -10 -100    0 -1000 -1000 -10
32 7 pedestrian 0 0 -10 714.02 149.33 735.39 218.61 -10 -10 -10 -100    0 -1000 -1000 -10
32 6 pedestrian 0 0 -10 527.73 143.48 634.69 192.40 -10 -10 -10 -100    0 -1000 -1000 -10
32 5 pedestrian 0 0 -10 624.80 119.29 675.83 192.61 -10 -10 -10 -100    0 -1000 -1000 -10
32 4 pedestrian 0 0 -10 369.49 154.36 473.40 314.91 -10 -10 -10 -100    0 -1000 -1000 -10
32 3 pedestrian 0 0 -10 213.29 145.35 376.38 374.00 -10 -10 -10 -100    0 -1000 -1000 -10
32 2 pedestrian 0 0 -10 820.01 150.37 872.61 280.45 -10 -10 -10 -100    0 -1000 -1000 -10
33 10 pedestrian 0 0 -10 575.49 155.87 607.38 185.57 -10 -10 -10 -100    0 -1000 -1000 -10
33 9 pedestrian 0 0 -10 673.70 146.81 694.13 193.73 -10 -10 -10 -100    0 -1000 -1000 -10
33 7 pedestrian 0 0 -10 720.01 150.39 743.21 220.91 -10 -10 -10 -100    0 -1000 -1000 -10
33 6 pedestrian 0 0 -10 530.11 145.07 638.15 193.78 -10 -10 -10 -100    0 -1000 -1000 -10
33 5 pedestrian 0 0 -10 628.73 120.87 679.72 194.20 -10 -10 -10 -100    0 -1000 -1000 -10
33 4 pedestrian 0 0 -10 358.51 155.63 469.10 326.31 -10 -10 -10 -100    0 -1000 -1000 -10
33 3 pedestrian 0 0 -10 185.29 145.87 364.68 374.00 -10 -10 -10 -100    0 -1000 -1000 -10
33 2 pedestrian 0 0 -10 824.39 151.57 877.28 282.48 -10 -10 -10 -100    0 -1000 -1000 -10
34 10 pedestrian 0 0 -10 578.82 157.68 609.62 187.25 -10 -10 -10 -100    0 -1000 -1000 -10
34 9 pedestrian 0 0 -10 679.62 147.48 700.05 192.83 -10 -10 -10 -100    0 -1000 -1000 -10
34 7 pedestrian 0 0 -10 723.20 150.14 748.38 222.09 -10 -10 -10 -100    0 -1000 -1000 -10
34 6 pedestrian 0 0 -10 535.49 145.93 640.99 193.45 -10 -10 -10 -100    0 -1000 -1000 -10
34 5 pedestrian 0 0 -10 631.81 119.86 684.26 194.82 -10 -10 -10 -100    0 -1000 -1000 -10
34 4 pedestrian 0 0 -10 343.25 154.36 464.64 338.29 -10 -10 -10 -100    0 -1000 -1000 -10
34 3 pedestrian 0 0 -10 142.00 144.16 352.01 374.00 -10 -10 -10 -100    0 -1000 -1000 -10
34 2 pedestrian 0 0 -10 833.00 151.13 883.78 282.02 -10 -10 -10 -100    0 -1000 -1000 -10
35 10 pedestrian 0 0 -10 581.16 157.56 614.37 189.27 -10 -10 -10 -100    0 -1000 -1000 -10
35 9 pedestrian 0 0 -10 682.40 147.31 702.16 193.56 -10 -10 -10 -100    0 -1000 -1000 -10
35 7 pedestrian 0 0 -10 727.95 149.38 753.87 225.12 -10 -10 -10 -100    0 -1000 -1000 -10
35 6 pedestrian 0 0 -10 537.84 146.44 645.52 194.25 -10 -10 -10 -100    0 -1000 -1000 -10
35 5 pedestrian 0 0 -10 636.19 122.78 688.95 195.45 -10 -10 -10 -100    0 -1000 -1000 -10
35 4 pedestrian 0 0 -10 327.28 154.39 458.78 352.89 -10 -10 -10 -100    0 -1000 -1000 -10
35 3 pedestrian 0 0 -10 100.09 143.64 335.93 374.00 -10 -10 -10 -100    0 -1000 -1000 -10
35 2 pedestrian 0 0 -10 840.14 149.44 892.24 283.03 -10 -10 -10 -100    0 -1000 -1000 -10
36 10 pedestrian 0 0 -10 585.60 159.20 618.37 190.82 -10 -10 -10 -100    0 -1000 -1000 -10
36 9 pedestrian 0 0 -10 688.52 149.62 707.38 194.36 -10 -10 -10 -100    0 -1000 -1000 -10
36 7 pedestrian 0 0 -10 735.05 150.70 760.52 226.71 -10 -10 -10 -100    0 -1000 -1000 -10
36 6 pedestrian 0 0 -10 543.41 147.95 652.85 195.61 -10 -10 -10 -100    0 -1000 -1000 -10
36 5 pedestrian 0 0 -10 642.08 122.18 694.77 196.87 -10 -10 -10 -100    0 -1000 -1000 -10
36 4 pedestrian 0 0 -10 311.34 152.98 455.49 368.18 -10 -10 -10 -100    0 -1000 -1000 -10
36 3 pedestrian 0 0 -10 42.89 143.01 314.68 374.00 -10 -10 -10 -100    0 -1000 -1000 -10
36 2 pedestrian 0 0 -10 850.38 148.35 904.31 285.19 -10 -10 -10 -100    0 -1000 -1000 -10
37 10 pedestrian 0 0 -10 589.27 161.22 623.41 194.48 -10 -10 -10 -100    0 -1000 -1000 -10
37 9 pedestrian 0 0 -10 693.78 151.10 714.72 196.65 -10 -10 -10 -100    0 -1000 -1000 -10
37 7 pedestrian 0 0 -10 739.25 152.35 766.62 228.05 -10 -10 -10 -100    0 -1000 -1000 -10
37 6 pedestrian 0 0 -10 547.25 150.95 657.35 198.85 -10 -10 -10 -100    0 -1000 -1000 -10
37 5 pedestrian 0 0 -10 646.41 124.17 700.14 199.78 -10 -10 -10 -100    0 -1000 -1000 -10
37 4 pedestrian 0 0 -10 288.39 153.93 448.15 374.00 -10 -10 -10 -100    0 -1000 -1000 -10
37 3 pedestrian 0 0 -10 0.00 141.92 289.02 374.00 -10 -10 -10 -100    0 -1000 -1000 -10
37 2 pedestrian 0 0 -10 863.72 150.41 917.75 288.44 -10 -10 -10 -100    0 -1000 -1000 -10
38 9 pedestrian 0 0 -10 698.38 153.40 717.03 197.09 -10 -10 -10 -100    0 -1000 -1000 -10
38 7 pedestrian 0 0 -10 746.08 156.57 771.89 229.52 -10 -10 -10 -100    0 -1000 -1000 -10
38 6 pedestrian 0 0 -10 551.18 155.95 663.00 202.64 -10 -10 -10 -100    0 -1000 -1000 -10
38 5 pedestrian 0 0 -10 652.17 128.52 705.33 203.09 -10 -10 -10 -100    0 -1000 -1000 -10
38 4 pedestrian 0 0 -10 263.29 157.60 441.23 374.00 -10 -10 -10 -100    0 -1000 -1000 -10
38 3 pedestrian 0 0 -10 0.50 139.88 258.24 374.00 -10 -10 -10 -100    0 -1000 -1000 -10
38 2 pedestrian 0 0 -10 876.53 153.31 930.06 292.74 -10 -10 -10 -100    0 -1000 -1000 -10
38 10 pedestrian 0 0 -10 592.86 166.55 626.89 198.36 -10 -10 -10 -100    0 -1000 -1000 -10
39 7 pedestrian 0 0 -10 753.56 159.04 779.38 234.02 -10 -10 -10 -100    0 -1000 -1000 -10
39 6 pedestrian 0 0 -10 556.07 157.38 669.47 204.66 -10 -10 -10 -100    0 -1000 -1000 -10
39 5 pedestrian 0 0 -10 657.09 131.38 711.43 206.58 -10 -10 -10 -100    0 -1000 -1000 -10
39 4 pedestrian 0 0 -10 232.21 157.27 434.38 374.00 -10 -10 -10 -100    0 -1000 -1000 -10
39 3 pedestrian 0 0 -10 0.08 141.31 214.61 374.00 -10 -10 -10 -100    0 -1000 -1000 -10
39 2 pedestrian 0 0 -10 887.27 156.12 942.88 295.87 -10 -10 -10 -100    0 -1000 -1000 -10
39 10 pedestrian 0 0 -10 596.79 166.86 632.98 201.22 -10 -10 -10 -100    0 -1000 -1000 -10
40 7 pedestrian 0 0 -10 763.88 157.40 789.92 234.66 -10 -10 -10 -100    0 -1000 -1000 -10
40 6 pedestrian 0 0 -10 560.65 156.12 677.55 203.69 -10 -10 -10 -100    0 -1000 -1000 -10
40 5 pedestrian 0 0 -10 662.69 129.39 718.40 207.59 -10 -10 -10 -100    0 -1000 -1000 -10
40 4 pedestrian 0 0 -10 196.57 159.09 422.02 374.00 -10 -10 -10 -100    0 -1000 -1000 -10
40 3 pedestrian 0 0 -10 0.04 136.92 165.95 374.00 -10 -10 -10 -100    0 -1000 -1000 -10
40 2 pedestrian 0 0 -10 901.31 153.29 959.08 299.00 -10 -10 -10 -100    0 -1000 -1000 -10
40 10 pedestrian 0 0 -10 600.74 165.66 636.94 200.48 -10 -10 -10 -100    0 -1000 -1000 -10
41 7 pedestrian 0 0 -10 772.93 153.00 796.33 230.94 -10 -10 -10 -100    0 -1000 -1000 -10
41 6 pedestrian 0 0 -10 566.55 153.49 681.93 202.31 -10 -10 -10 -100    0 -1000 -1000 -10
41 5 pedestrian 0 0 -10 666.86 127.36 724.16 206.48 -10 -10 -10 -100    0 -1000 -1000 -10
41 4 pedestrian 0 0 -10 142.19 156.54 405.36 374.00 -10 -10 -10 -100    0 -1000 -1000 -10
41 3 pedestrian 0 0 -10 0.04 140.34 155.78 374.00 -10 -10 -10 -100    0 -1000 -1000 -10
41 2 pedestrian 0 0 -10 912.89 149.15 972.73 300.23 -10 -10 -10 -100    0 -1000 -1000 -10
41 10 pedestrian 0 0 -10 603.95 163.77 641.58 199.23 -10 -10 -10 -100    0 -1000 -1000 -10
42 7 pedestrian 0 0 -10 782.64 150.55 805.92 232.18 -10 -10 -10 -100    0 -1000 -1000 -10
42 6 pedestrian 0 0 -10 569.99 151.61 686.42 201.64 -10 -10 -10 -100    0 -1000 -1000 -10
42 5 pedestrian 0 0 -10 670.81 126.83 728.61 206.82 -10 -10 -10 -100    0 -1000 -1000 -10
42 4 pedestrian 0 0 -10 60.18 151.93 380.79 374.00 -10 -10 -10 -100    0 -1000 -1000 -10
42 2 pedestrian 0 0 -10 924.64 147.18 985.23 300.96 -10 -10 -10 -100    0 -1000 -1000 -10
42 10 pedestrian 0 0 -10 607.36 161.57 645.64 198.88 -10 -10 -10 -100    0 -1000 -1000 -10
43 7 pedestrian 0 0 -10 788.85 149.46 812.53 229.62 -10 -10 -10 -100    0 -1000 -1000 -10
43 6 pedestrian 0 0 -10 573.76 149.56 691.97 200.35 -10 -10 -10 -100    0 -1000 -1000 -10
43 5 pedestrian 0 0 -10 675.40 125.02 735.29 206.93 -10 -10 -10 -100    0 -1000 -1000 -10
43 4 pedestrian 0 0 -10 0.00 148.57 350.93 374.00 -10 -10 -10 -100    0 -1000 -1000 -10
43 2 pedestrian 0 0 -10 935.73 144.76 999.49 302.67 -10 -10 -10 -100    0 -1000 -1000 -10
43 10 pedestrian 0 0 -10 609.90 159.68 649.46 198.28 -10 -10 -10 -100    0 -1000 -1000 -10
44 7 pedestrian 0 0 -10 796.71 149.13 820.20 232.45 -10 -10 -10 -100    0 -1000 -1000 -10
44 6 pedestrian 0 0 -10 576.67 148.62 696.55 200.66 -10 -10 -10 -100    0 -1000 -1000 -10
44 5 pedestrian 0 0 -10 679.46 123.14 739.63 207.47 -10 -10 -10 -100    0 -1000 -1000 -10
44 4 pedestrian 0 0 -10 0.53 139.84 318.81 374.00 -10 -10 -10 -100    0 -1000 -1000 -10
44 2 pedestrian 0 0 -10 947.67 144.07 1010.62 303.31 -10 -10 -10 -100    0 -1000 -1000 -10
44 10 pedestrian 0 0 -10 611.25 160.32 652.25 199.42 -10 -10 -10 -100    0 -1000 -1000 -10
45 7 pedestrian 0 0 -10 800.71 149.98 825.20 234.81 -10 -10 -10 -100    0 -1000 -1000 -10
45 6 pedestrian 0 0 -10 577.57 149.24 698.80 201.46 -10 -10 -10 -100    0 -1000 -1000 -10
45 5 pedestrian 0 0 -10 681.00 124.11 743.00 207.92 -10 -10 -10 -100    0 -1000 -1000 -10
45 4 pedestrian 0 0 -10 0.00 133.46 258.11 374.00 -10 -10 -10 -100    0 -1000 -1000 -10
45 2 pedestrian 0 0 -10 967.48 139.07 1021.45 304.01 -10 -10 -10 -100    0 -1000 -1000 -10
45 10 pedestrian 0 0 -10 612.09 160.63 654.21 201.43 -10 -10 -10 -100    0 -1000 -1000 -10
46 7 pedestrian 0 0 -10 803.05 148.97 828.88 237.03 -10 -10 -10 -100    0 -1000 -1000 -10
46 6 pedestrian 0 0 -10 577.82 149.12 701.67 202.38 -10 -10 -10 -100    0 -1000 -1000 -10
46 5 pedestrian 0 0 -10 683.24 123.79 745.90 208.16 -10 -10 -10 -100    0 -1000 -1000 -10
46 4 pedestrian 0 0 -10 0.00 134.28 199.19 374.00 -10 -10 -10 -100    0 -1000 -1000 -10
46 2 pedestrian 0 0 -10 980.17 141.05 1022.88 312.14 -10 -10 -10 -100    0 -1000 -1000 -10
46 10 pedestrian 0 0 -10 611.53 161.41 654.95 203.43 -10 -10 -10 -100    0 -1000 -1000 -10
47 11 pedestrian 0 0 -10 732.10 145.23 767.85 201.30 -10 -10 -10 -100    0 -1000 -1000 -10
47 7 pedestrian 0 0 -10 804.18 149.00 829.71 235.84 -10 -10 -10 -100    0 -1000 -1000 -10
47 6 pedestrian 0 0 -10 577.22 149.47 702.97 202.49 -10 -10 -10 -100    0 -1000 -1000 -10
47 5 pedestrian 0 0 -10 683.24 123.37 747.45 209.42 -10 -10 -10 -100    0 -1000 -1000 -10
47 4 pedestrian 0 0 -10 0.00 132.06 174.62 374.00 -10 -10 -10 -100    0 -1000 -1000 -10
47 2 pedestrian 0 0 -10 990.93 142.27 1036.02 314.80 -10 -10 -10 -100    0 -1000 -1000 -10
47 10 pedestrian 0 0 -10 610.21 161.80 654.59 205.13 -10 -10 -10 -100    0 -1000 -1000 -10
48 11 pedestrian 0 0 -10 729.81 146.14 765.03 202.47 -10 -10 -10 -100    0 -1000 -1000 -10
48 7 pedestrian 0 0 -10 804.08 150.08 829.89 236.54 -10 -10 -10 -100    0 -1000 -1000 -10
48 6 pedestrian 0 0 -10 575.77 149.58 702.55 203.49 -10 -10 -10 -100    0 -1000 -1000 -10
48 5 pedestrian 0 0 -10 681.62 124.23 747.18 210.73 -10 -10 -10 -100    0 -1000 -1000 -10
48 4 pedestrian 0 0 -10 0.00 128.77 144.80 374.00 -10 -10 -10 -100    0 -1000 -1000 -10
48 2 pedestrian 0 0 -10 996.91 140.94 1047.00 320.15 -10 -10 -10 -100    0 -1000 -1000 -10
48 10 pedestrian 0 0 -10 606.09 162.97 652.44 207.12 -10 -10 -10 -100    0 -1000 -1000 -10
49 11 pedestrian 0 0 -10 729.41 149.82 761.33 204.42 -10 -10 -10 -100    0 -1000 -1000 -10
49 7 pedestrian 0 0 -10 804.64 152.59 829.26 240.15 -10 -10 -10 -100    0 -1000 -1000 -10
49 6 pedestrian 0 0 -10 571.26 151.40 700.47 206.31 -10 -10 -10 -100    0 -1000 -1000 -10
49 5 pedestrian 0 0 -10 678.20 125.63 744.82 213.67 -10 -10 -10 -100    0 -1000 -1000 -10
49 2 pedestrian 0 0 -10 999.57 143.37 1058.55 330.10 -10 -10 -10 -100    0 -1000 -1000 -10
49 10 pedestrian 0 0 -10 600.84 165.66 648.47 211.21 -10 -10 -10 -100    0 -1000 -1000 -10
50 11 pedestrian 0 0 -10 733.57 152.51 758.72 206.31 -10 -10 -10 -100    0 -1000 -1000 -10
50 7 pedestrian 0 0 -10 804.50 153.64 829.18 243.28 -10 -10 -10 -100    0 -1000 -1000 -10
50 6 pedestrian 0 0 -10 567.09 152.01 696.27 207.98 -10 -10 -10 -100    0 -1000 -1000 -10
50 5 pedestrian 0 0 -10 674.30 126.02 742.61 215.38 -10 -10 -10 -100    0 -1000 -1000 -10
50 2 pedestrian 0 0 -10 1006.09 145.39 1065.38 336.24 -10 -10 -10 -100    0 -1000 -1000 -10
50 10 pedestrian 0 0 -10 594.78 166.18 644.27 214.17 -10 -10 -10 -100    0 -1000 -1000 -10
51 11 pedestrian 0 0 -10 725.39 151.50 753.01 208.32 -10 -10 -10 -100    0 -1000 -1000 -10
51 7 pedestrian 0 0 -10 803.51 153.43 829.55 244.52 -10 -10 -10 -100    0 -1000 -1000 -10
51 6 pedestrian 0 0 -10 560.43 152.76 693.43 208.62 -10 -10 -10 -100    0 -1000 -1000 -10
51 5 pedestrian 0 0 -10 670.08 125.73 740.24 217.19 -10 -10 -10 -100    0 -1000 -1000 -10
51 2 pedestrian 0 0 -10 1008.90 146.69 1074.98 336.44 -10 -10 -10 -100    0 -1000 -1000 -10
51 10 pedestrian 0 0 -10 588.81 167.73 640.09 216.66 -10 -10 -10 -100    0 -1000 -1000 -10
52 11 pedestrian 0 0 -10 724.55 150.62 750.54 210.28 -10 -10 -10 -100    0 -1000 -1000 -10
52 7 pedestrian 0 0 -10 802.47 153.90 831.31 247.28 -10 -10 -10 -100    0 -1000 -1000 -10
52 6 pedestrian 0 0 -10 555.59 152.26 690.65 209.57 -10 -10 -10 -100    0 -1000 -1000 -10
52 5 pedestrian 0 0 -10 666.51 125.72 736.43 218.22 -10 -10 -10 -100    0 -1000 -1000 -10
52 2 pedestrian 0 0 -10 1004.33 143.64 1086.08 342.87 -10 -10 -10 -100    0 -1000 -1000 -10
52 10 pedestrian 0 0 -10 581.79 168.29 636.22 219.01 -10 -10 -10 -100    0 -1000 -1000 -10
53 11 pedestrian 0 0 -10 718.95 150.73 747.70 209.61 -10 -10 -10 -100    0 -1000 -1000 -10
53 7 pedestrian 0 0 -10 801.25 152.05 831.25 248.29 -10 -10 -10 -100    0 -1000 -1000 -10
53 6 pedestrian 0 0 -10 550.46 152.34 685.66 210.05 -10 -10 -10 -100    0 -1000 -1000 -10
53 5 pedestrian 0 0 -10 662.63 124.97 732.88 218.12 -10 -10 -10 -100    0 -1000 -1000 -10
53 2 pedestrian 0 0 -10 1011.19 139.72 1092.43 347.10 -10 -10 -10 -100    0 -1000 -1000 -10
53 10 pedestrian 0 0 -10 575.00 168.28 631.36 221.58 -10 -10 -10 -100    0 -1000 -1000 -10
54 11 pedestrian 0 0 -10 716.51 150.35 743.07 211.84 -10 -10 -10 -100    0 -1000 -1000 -10
54 7 pedestrian 0 0 -10 798.33 151.20 830.78 250.29 -10 -10 -10 -100    0 -1000 -1000 -10
54 6 pedestrian 0 0 -10 545.40 152.36 683.84 210.90 -10 -10 -10 -100    0 -1000 -1000 -10
54 5 pedestrian 0 0 -10 658.41 124.71 729.88 218.87 -10 -10 -10 -100    0 -1000 -1000 -10
54 2 pedestrian 0 0 -10 1014.70 138.05 1095.28 349.18 -10 -10 -10 -100    0 -1000 -1000 -10
54 10 pedestrian 0 0 -10 567.99 168.75 626.70 224.34 -10 -10 -10 -100    0 -1000 -1000 -10
55 7 pedestrian 0 0 -10 794.38 152.90 829.64 251.49 -10 -10 -10 -100    0 -1000 -1000 -10
55 6 pedestrian 0 0 -10 539.79 152.36 677.84 212.73 -10 -10 -10 -100    0 -1000 -1000 -10
55 5 pedestrian 0 0 -10 653.69 124.05 726.33 219.76 -10 -10 -10 -100    0 -1000 -1000 -10
55 2 pedestrian 0 0 -10 1018.96 137.51 1113.80 357.56 -10 -10 -10 -100    0 -1000 -1000 -10
55 10 pedestrian 0 0 -10 559.51 168.40 622.10 227.28 -10 -10 -10 -100    0 -1000 -1000 -10
56 7 pedestrian 0 0 -10 789.86 151.83 826.44 250.40 -10 -10 -10 -100    0 -1000 -1000 -10
56 6 pedestrian 0 0 -10 534.18 151.85 673.38 212.51 -10 -10 -10 -100    0 -1000 -1000 -10
56 5 pedestrian 0 0 -10 648.48 124.04 723.51 221.63 -10 -10 -10 -100    0 -1000 -1000 -10
56 2 pedestrian 0 0 -10 1021.53 137.87 1130.57 364.10 -10 -10 -10 -100    0 -1000 -1000 -10
56 10 pedestrian 0 0 -10 552.56 169.53 616.69 230.52 -10 -10 -10 -100    0 -1000 -1000 -10
57 7 pedestrian 0 0 -10 787.96 151.94 823.12 252.01 -10 -10 -10 -100    0 -1000 -1000 -10
57 6 pedestrian 0 0 -10 529.59 152.21 671.24 214.42 -10 -10 -10 -100    0 -1000 -1000 -10
57 5 pedestrian 0 0 -10 645.94 125.17 720.81 222.79 -10 -10 -10 -100    0 -1000 -1000 -10
57 2 pedestrian 0 0 -10 1031.09 138.49 1140.44 370.80 -10 -10 -10 -100    0 -1000 -1000 -10
57 10 pedestrian 0 0 -10 544.67 169.53 611.80 233.87 -10 -10 -10 -100    0 -1000 -1000 -10
58 7 pedestrian 0 0 -10 787.74 150.94 822.45 253.10 -10 -10 -10 -100    0 -1000 -1000 -10
58 6 pedestrian 0 0 -10 524.81 151.88 668.10 214.72 -10 -10 -10 -100    0 -1000 -1000 -10
58 5 pedestrian 0 0 -10 641.56 122.88 719.40 223.40 -10 -10 -10 -100    0 -1000 -1000 -10
58 2 pedestrian 0 0 -10 1040.14 135.86 1139.20 373.16 -10 -10 -10 -100    0 -1000 -1000 -10
58 10 pedestrian 0 0 -10 536.56 169.69 607.51 237.13 -10 -10 -10 -100    0 -1000 -1000 -10
59 7 pedestrian 0 0 -10 786.63 150.83 820.44 255.80 -10 -10 -10 -100    0 -1000 -1000 -10
59 6 pedestrian 0 0 -10 519.56 151.96 665.90 215.24 -10 -10 -10 -100    0 -1000 -1000 -10
59 5 pedestrian 0 0 -10 638.68 121.32 716.92 223.71 -10 -10 -10 -100    0 -1000 -1000 -10
59 2 pedestrian 0 0 -10 1055.27 134.60 1157.19 374.00 -10 -10 -10 -100    0 -1000 -1000 -10
59 10 pedestrian 0 0 -10 529.38 169.08 603.59 240.44 -10 -10 -10 -100    0 -1000 -1000 -10
60 7 pedestrian 0 0 -10 786.37 150.56 820.21 255.59 -10 -10 -10 -100    0 -1000 -1000 -10
60 6 pedestrian 0 0 -10 514.58 151.57 663.40 215.45 -10 -10 -10 -100    0 -1000 -1000 -10
60 5 pedestrian 0 0 -10 635.31 119.64 715.53 224.23 -10 -10 -10 -100    0 -1000 -1000 -10
60 2 pedestrian 0 0 -10 1073.45 133.74 1180.04 374.00 -10 -10 -10 -100    0 -1000 -1000 -10
60 10 pedestrian 0 0 -10 521.11 169.42 599.99 244.88 -10 -10 -10 -100    0 -1000 -1000 -10
61 7 pedestrian 0 0 -10 786.17 149.48 818.47 256.69 -10 -10 -10 -100    0 -1000 -1000 -10
61 6 pedestrian 0 0 -10 509.93 151.94 659.58 215.40 -10 -10 -10 -100    0 -1000 -1000 -10
61 5 pedestrian 0 0 -10 632.44 118.27 714.78 224.63 -10 -10 -10 -100    0 -1000 -1000 -10
61 2 pedestrian 0 0 -10 1092.02 134.89 1202.56 374.00 -10 -10 -10 -100    0 -1000 -1000 -10
61 10 pedestrian 0 0 -10 512.85 169.89 596.35 250.15 -10 -10 -10 -100    0 -1000 -1000 -10
62 7 pedestrian 0 0 -10 781.84 147.70 816.16 257.66 -10 -10 -10 -100    0 -1000 -1000 -10
62 6 pedestrian 0 0 -10 506.22 151.72 658.87 216.28 -10 -10 -10 -100    0 -1000 -1000 -10
62 5 pedestrian 0 0 -10 630.75 117.81 713.39 224.97 -10 -10 -10 -100    0 -1000 -1000 -10
62 2 pedestrian 0 0 -10 1092.59 131.14 1210.85 374.00 -10 -10 -10 -100    0 -1000 -1000 -10
62 10 pedestrian 0 0 -10 503.57 170.16 593.36 255.17 -10 -10 -10 -100    0 -1000 -1000 -10
63 7 pedestrian 0 0 -10 781.33 145.81 816.69 257.36 -10 -10 -10 -100    0 -1000 -1000 -10
63 6 pedestrian 0 0 -10 502.45 151.12 658.33 217.02 -10 -10 -10 -100    0 -1000 -1000 -10
63 5 pedestrian 0 0 -10 628.82 116.48 712.73 224.96 -10 -10 -10 -100    0 -1000 -1000 -10
63 2 pedestrian 0 0 -10 1067.42 127.95 1237.16 374.00 -10 -10 -10 -100    0 -1000 -1000 -10
63 10 pedestrian 0 0 -10 493.81 170.03 589.67 260.46 -10 -10 -10 -100    0 -1000 -1000 -10
64 7 pedestrian 0 0 -10 779.07 145.36 818.35 260.86 -10 -10 -10 -100    0 -1000 -1000 -10
64 6 pedestrian 0 0 -10 499.46 151.02 658.41 218.32 -10 -10 -10 -100    0 -1000 -1000 -10
64 5 pedestrian 0 0 -10 626.98 115.52 712.83 225.80 -10 -10 -10 -100    0 -1000 -1000 -10
64 2 pedestrian 0 0 -10 1079.11 128.55 1238.00 374.00 -10 -10 -10 -100    0 -1000 -1000 -10
64 10 pedestrian 0 0 -10 483.55 170.69 587.96 267.87 -10 -10 -10 -100    0 -1000 -1000 -10
65 7 pedestrian 0 0 -10 776.42 145.91 819.20 261.79 -10 -10 -10 -100    0 -1000 -1000 -10
65 6 pedestrian 0 0 -10 495.07 150.89 655.69 218.74 -10 -10 -10 -100    0 -1000 -1000 -10
65 5 pedestrian 0 0 -10 624.59 114.24 711.97 226.70 -10 -10 -10 -100    0 -1000 -1000 -10
65 2 pedestrian 0 0 -10 1101.45 129.16 1238.00 374.00 -10 -10 -10 -100    0 -1000 -1000 -10
65 10 pedestrian 0 0 -10 472.24 171.04 584.32 276.30 -10 -10 -10 -100    0 -1000 -1000 -10
66 7 pedestrian 0 0 -10 773.86 146.67 817.49 265.88 -10 -10 -10 -100    0 -1000 -1000 -10
66 6 pedestrian 0 0 -10 493.12 151.93 653.07 219.09 -10 -10 -10 -100    0 -1000 -1000 -10
66 5 pedestrian 0 0 -10 622.87 114.80 710.66 228.86 -10 -10 -10 -100    0 -1000 -1000 -10
66 2 pedestrian 0 0 -10 1100.98 126.79 1237.95 374.00 -10 -10 -10 -100    0 -1000 -1000 -10
66 10 pedestrian 0 0 -10 457.36 171.54 580.16 285.22 -10 -10 -10 -100    0 -1000 -1000 -10
67 7 pedestrian 0 0 -10 772.68 148.10 816.31 268.27 -10 -10 -10 -100    0 -1000 -1000 -10
67 6 pedestrian 0 0 -10 487.65 151.11 647.82 219.05 -10 -10 -10 -100    0 -1000 -1000 -10
67 5 pedestrian 0 0 -10 619.83 114.09 709.55 230.33 -10 -10 -10 -100    0 -1000 -1000 -10
67 2 pedestrian 0 0 -10 1110.54 120.44 1238.00 374.00 -10 -10 -10 -100    0 -1000 -1000 -10
67 10 pedestrian 0 0 -10 440.25 172.22 576.49 294.64 -10 -10 -10 -100    0 -1000 -1000 -10
68 7 pedestrian 0 0 -10 768.41 148.39 813.11 270.72 -10 -10 -10 -100    0 -1000 -1000 -10
68 6 pedestrian 0 0 -10 479.88 153.19 634.48 215.06 -10 -10 -10 -100    0 -1000 -1000 -10
68 5 pedestrian 0 0 -10 616.64 114.34 706.17 232.13 -10 -10 -10 -100    0 -1000 -1000 -10
68 2 pedestrian 0 0 -10 1114.37 114.25 1237.99 374.00 -10 -10 -10 -100    0 -1000 -1000 -10
68 10 pedestrian 0 0 -10 420.22 174.31 572.10 305.25 -10 -10 -10 -100    0 -1000 -1000 -10
69 7 pedestrian 0 0 -10 766.30 147.78 811.33 271.00 -10 -10 -10 -100    0 -1000 -1000 -10
69 6 pedestrian 0 0 -10 472.41 154.30 625.96 214.17 -10 -10 -10 -100    0 -1000 -1000 -10
69 5 pedestrian 0 0 -10 611.72 114.75 702.99 234.29 -10 -10 -10 -100    0 -1000 -1000 -10
69 2 pedestrian 0 0 -10 1120.97 110.43 1237.83 374.00 -10 -10 -10 -100    0 -1000 -1000 -10
69 10 pedestrian 0 0 -10 399.37 177.55 565.23 317.21 -10 -10 -10 -100    0 -1000 -1000 -10
70 7 pedestrian 0 0 -10 764.12 148.10 809.93 272.79 -10 -10 -10 -100    0 -1000 -1000 -10
70 6 pedestrian 0 0 -10 468.06 155.24 622.57 217.19 -10 -10 -10 -100    0 -1000 -1000 -10
70 5 pedestrian 0 0 -10 608.37 114.48 701.46 236.00 -10 -10 -10 -100    0 -1000 -1000 -10
70 2 pedestrian 0 0 -10 1129.87 110.39 1237.78 374.00 -10 -10 -10 -100    0 -1000 -1000 -10
70 10 pedestrian 0 0 -10 378.76 178.99 559.53 330.40 -10 -10 -10 -100    0 -1000 -1000 -10
71 7 pedestrian 0 0 -10 761.17 148.48 809.30 276.25 -10 -10 -10 -100    0 -1000 -1000 -10
71 6 pedestrian 0 0 -10 464.44 157.12 619.42 220.93 -10 -10 -10 -100    0 -1000 -1000 -10
71 5 pedestrian 0 0 -10 605.22 114.96 700.36 238.40 -10 -10 -10 -100    0 -1000 -1000 -10
71 2 pedestrian 0 0 -10 1147.90 113.22 1237.81 374.00 -10 -10 -10 -100    0 -1000 -1000 -10
71 10 pedestrian 0 0 -10 353.16 180.95 553.88 346.16 -10 -10 -10 -100    0 -1000 -1000 -10
72 7 pedestrian 0 0 -10 759.02 150.46 805.77 278.90 -10 -10 -10 -100    0 -1000 -1000 -10
72 6 pedestrian 0 0 -10 462.16 157.10 618.06 223.89 -10 -10 -10 -100    0 -1000 -1000 -10
72 5 pedestrian 0 0 -10 602.10 115.37 697.70 239.56 -10 -10 -10 -100    0 -1000 -1000 -10
72 2 pedestrian 0 0 -10 1153.40 119.38 1237.84 374.00 -10 -10 -10 -100    0 -1000 -1000 -10
72 10 pedestrian 0 0 -10 323.56 181.53 546.45 364.87 -10 -10 -10 -100    0 -1000 -1000 -10
73 7 pedestrian 0 0 -10 754.59 152.48 803.13 281.64 -10 -10 -10 -100    0 -1000 -1000 -10
73 6 pedestrian 0 0 -10 460.83 157.14 616.91 226.98 -10 -10 -10 -100    0 -1000 -1000 -10
73 5 pedestrian 0 0 -10 599.87 115.15 696.02 240.50 -10 -10 -10 -100    0 -1000 -1000 -10
73 10 pedestrian 0 0 -10 289.26 181.19 538.48 374.00 -10 -10 -10 -100    0 -1000 -1000 -10
74 7 pedestrian 0 0 -10 751.00 153.12 801.22 283.95 -10 -10 -10 -100    0 -1000 -1000 -10
74 6 pedestrian 0 0 -10 469.08 154.67 616.98 227.38 -10 -10 -10 -100    0 -1000 -1000 -10
74 5 pedestrian 0 0 -10 598.12 115.27 695.05 241.46 -10 -10 -10 -100    0 -1000 -1000 -10
74 10 pedestrian 0 0 -10 246.98 181.72 530.29 374.00 -10 -10 -10 -100    0 -1000 -1000 -10
75 7 pedestrian 0 0 -10 747.73 153.87 798.32 284.12 -10 -10 -10 -100    0 -1000 -1000 -10
75 6 pedestrian 0 0 -10 475.08 154.19 615.83 225.73 -10 -10 -10 -100    0 -1000 -1000 -10
75 5 pedestrian 0 0 -10 596.44 115.13 693.63 242.49 -10 -10 -10 -100    0 -1000 -1000 -10
75 10 pedestrian 0 0 -10 190.88 183.02 521.56 374.00 -10 -10 -10 -100    0 -1000 -1000 -10
76 12 pedestrian 0 0 -10 512.13 167.87 526.47 216.00 -10 -10 -10 -100    0 -1000 -1000 -10
76 7 pedestrian 0 0 -10 745.92 153.65 797.12 285.11 -10 -10 -10 -100    0 -1000 -1000 -10
76 6 pedestrian 0 0 -10 471.96 153.66 613.66 224.55 -10 -10 -10 -100    0 -1000 -1000 -10
76 5 pedestrian 0 0 -10 593.52 115.23 691.85 243.94 -10 -10 -10 -100    0 -1000 -1000 -10
76 10 pedestrian 0 0 -10 132.89 183.71 511.65 374.00 -10 -10 -10 -100    0 -1000 -1000 -10
77 12 pedestrian 0 0 -10 512.15 166.49 525.91 214.88 -10 -10 -10 -100    0 -1000 -1000 -10
77 7 pedestrian 0 0 -10 743.85 155.72 797.27 286.01 -10 -10 -10 -100    0 -1000 -1000 -10
77 6 pedestrian 0 0 -10 467.71 151.84 612.32 223.55 -10 -10 -10 -100    0 -1000 -1000 -10
77 5 pedestrian 0 0 -10 591.95 114.86 691.05 244.24 -10 -10 -10 -100    0 -1000 -1000 -10
77 10 pedestrian 0 0 -10 62.32 186.04 501.82 374.00 -10 -10 -10 -100    0 -1000 -1000 -10
78 12 pedestrian 0 0 -10 511.35 166.63 525.19 215.45 -10 -10 -10 -100    0 -1000 -1000 -10
78 7 pedestrian 0 0 -10 742.05 157.37 796.77 287.00 -10 -10 -10 -100    0 -1000 -1000 -10
78 6 pedestrian 0 0 -10 465.11 151.21 609.39 223.80 -10 -10 -10 -100    0 -1000 -1000 -10
78 5 pedestrian 0 0 -10 590.75 114.86 690.30 245.45 -10 -10 -10 -100    0 -1000 -1000 -10
78 10 pedestrian 0 0 -10 3.74 188.03 492.33 374.00 -10 -10 -10 -100    0 -1000 -1000 -10
79 14 pedestrian 0 0 -10 439.02 166.96 459.58 232.05 -10 -10 -10 -100    0 -1000 -1000 -10
79 13 pedestrian 0 0 -10 1190.68 186.29 1237.46 374.00 -10 -10 -10 -100    0 -1000 -1000 -10
79 12 pedestrian 0 0 -10 511.17 168.50 525.37 218.19 -10 -10 -10 -100    0 -1000 -1000 -10
79 7 pedestrian 0 0 -10 739.63 158.97 794.91 288.69 -10 -10 -10 -100    0 -1000 -1000 -10
79 6 pedestrian 0 0 -10 465.55 152.67 609.57 227.15 -10 -10 -10 -100    0 -1000 -1000 -10
79 5 pedestrian 0 0 -10 589.69 116.48 689.76 248.05 -10 -10 -10 -100    0 -1000 -1000 -10
79 10 pedestrian 0 0 -10 1.85 190.67 479.72 374.00 -10 -10 -10 -100    0 -1000 -1000 -10
80 14 pedestrian 0 0 -10 437.95 168.97 457.25 234.52 -10 -10 -10 -100    0 -1000 -1000 -10
80 13 pedestrian 0 0 -10 1183.71 157.06 1237.87 374.00 -10 -10 -10 -100    0 -1000 -1000 -10
80 12 pedestrian 0 0 -10 510.71 171.22 524.80 219.92 -10 -10 -10 -100    0 -1000 -1000 -10
80 7 pedestrian 0 0 -10 737.80 159.82 793.06 289.82 -10 -10 -10 -100    0 -1000 -1000 -10
80 6 pedestrian 0 0 -10 464.24 155.58 609.50 229.93 -10 -10 -10 -100    0 -1000 -1000 -10
80 5 pedestrian 0 0 -10 589.03 117.80 690.11 250.43 -10 -10 -10 -100    0 -1000 -1000 -10
80 10 pedestrian 0 0 -10 0.00 195.25 464.44 374.00 -10 -10 -10 -100    0 -1000 -1000 -10
81 14 pedestrian 0 0 -10 434.51 172.31 453.05 238.15 -10 -10 -10 -100    0 -1000 -1000 -10
81 13 pedestrian 0 0 -10 1177.47 155.27 1238.00 374.00 -10 -10 -10 -100    0 -1000 -1000 -10
81 12 pedestrian 0 0 -10 511.03 174.68 524.90 219.48 -10 -10 -10 -100    0 -1000 -1000 -10
81 7 pedestrian 0 0 -10 736.28 161.44 790.59 291.23 -10 -10 -10 -100    0 -1000 -1000 -10
81 6 pedestrian 0 0 -10 463.43 157.37 608.59 232.24 -10 -10 -10 -100    0 -1000 -1000 -10
81 5 pedestrian 0 0 -10 588.51 118.53 690.36 253.52 -10 -10 -10 -100    0 -1000 -1000 -10
81 15 pedestrian 0 0 -10 403.99 176.37 423.82 238.33 -10 -10 -10 -100    0 -1000 -1000 -10
81 10 pedestrian 0 0 -10 1.33 198.64 453.57 374.00 -10 -10 -10 -100    0 -1000 -1000 -10
82 14 pedestrian 0 0 -10 433.50 173.84 451.03 239.87 -10 -10 -10 -100    0 -1000 -1000 -10
82 13 pedestrian 0 0 -10 1174.32 147.21 1238.00 374.00 -10 -10 -10 -100    0 -1000 -1000 -10
82 12 pedestrian 0 0 -10 511.88 175.42 525.63 220.43 -10 -10 -10 -100    0 -1000 -1000 -10
82 7 pedestrian 0 0 -10 735.06 162.03 789.14 291.62 -10 -10 -10 -100    0 -1000 -1000 -10
82 6 pedestrian 0 0 -10 461.80 158.35 608.94 233.63 -10 -10 -10 -100    0 -1000 -1000 -10
82 5 pedestrian 0 0 -10 588.03 119.10 690.54 254.90 -10 -10 -10 -100    0 -1000 -1000 -10
82 15 pedestrian 0 0 -10 405.17 176.67 424.43 239.31 -10 -10 -10 -100    0 -1000 -1000 -10
82 10 pedestrian 0 0 -10 0.00 199.66 442.04 374.00 -10 -10 -10 -100    0 -1000 -1000 -10
83 14 pedestrian 0 0 -10 432.64 174.08 450.28 241.19 -10 -10 -10 -100    0 -1000 -1000 -10
83 13 pedestrian 0 0 -10 1171.04 143.68 1238.00 374.00 -10 -10 -10 -100    0 -1000 -1000 -10
83 12 pedestrian 0 0 -10 512.64 175.32 526.20 220.91 -10 -10 -10 -100    0 -1000 -1000 -10
83 7 pedestrian 0 0 -10 734.56 163.35 787.60 292.94 -10 -10 -10 -100    0 -1000 -1000 -10
83 6 pedestrian 0 0 -10 461.75 158.29 610.43 234.48 -10 -10 -10 -100    0 -1000 -1000 -10
83 5 pedestrian 0 0 -10 588.52 118.83 691.17 255.79 -10 -10 -10 -100    0 -1000 -1000 -10
83 15 pedestrian 0 0 -10 405.01 177.12 423.85 240.82 -10 -10 -10 -100    0 -1000 -1000 -10
83 10 pedestrian 0 0 -10 1.79 201.22 420.34 374.00 -10 -10 -10 -100    0 -1000 -1000 -10
84 14 pedestrian 0 0 -10 431.46 173.11 449.87 242.09 -10 -10 -10 -100    0 -1000 -1000 -10
84 13 pedestrian 0 0 -10 1179.86 151.66 1238.00 374.00 -10 -10 -10 -100    0 -1000 -1000 -10
84 12 pedestrian 0 0 -10 514.93 175.01 527.77 221.65 -10 -10 -10 -100    0 -1000 -1000 -10
84 7 pedestrian 0 0 -10 733.40 163.65 787.02 293.91 -10 -10 -10 -100    0 -1000 -1000 -10
84 6 pedestrian 0 0 -10 463.44 158.31 610.86 235.34 -10 -10 -10 -100    0 -1000 -1000 -10
84 5 pedestrian 0 0 -10 589.59 118.60 693.37 256.03 -10 -10 -10 -100    0 -1000 -1000 -10
84 15 pedestrian 0 0 -10 405.63 176.85 424.41 241.27 -10 -10 -10 -100    0 -1000 -1000 -10
84 10 pedestrian 0 0 -10 0.05 205.35 403.61 374.00 -10 -10 -10 -100    0 -1000 -1000 -10
85 14 pedestrian 0 0 -10 430.56 174.09 449.11 242.95 -10 -10 -10 -100    0 -1000 -1000 -10
85 13 pedestrian 0 0 -10 1142.88 153.56 1237.88 374.00 -10 -10 -10 -100    0 -1000 -1000 -10
85 12 pedestrian 0 0 -10 516.88 175.86 529.75 221.10 -10 -10 -10 -100    0 -1000 -1000 -10
85 7 pedestrian 0 0 -10 733.71 163.41 788.20 294.27 -10 -10 -10 -100    0 -1000 -1000 -10
85 6 pedestrian 0 0 -10 466.29 161.76 612.86 234.67 -10 -10 -10 -100    0 -1000 -1000 -10
85 5 pedestrian 0 0 -10 591.49 118.94 695.15 256.83 -10 -10 -10 -100    0 -1000 -1000 -10
85 15 pedestrian 0 0 -10 410.36 178.03 427.47 240.44 -10 -10 -10 -100    0 -1000 -1000 -10
85 10 pedestrian 0 0 -10 0.00 211.30 382.59 374.00 -10 -10 -10 -100    0 -1000 -1000 -10
86 14 pedestrian 0 0 -10 430.12 174.60 449.75 244.29 -10 -10 -10 -100    0 -1000 -1000 -10
86 13 pedestrian 0 0 -10 1150.58 150.75 1238.00 374.00 -10 -10 -10 -100    0 -1000 -1000 -10
86 7 pedestrian 0 0 -10 735.10 162.57 790.98 292.37 -10 -10 -10 -100    0 -1000 -1000 -10
86 6 pedestrian 0 0 -10 469.78 164.71 613.30 230.10 -10 -10 -10 -100    0 -1000 -1000 -10
86 5 pedestrian 0 0 -10 593.49 119.04 699.55 257.53 -10 -10 -10 -100    0 -1000 -1000 -10
86 15 pedestrian 0 0 -10 416.15 177.86 431.59 240.29 -10 -10 -10 -100    0 -1000 -1000 -10
86 10 pedestrian 0 0 -10 0.00 216.45 345.86 374.00 -10 -10 -10 -100    0 -1000 -1000 -10
87 14 pedestrian 0 0 -10 429.71 174.77 450.47 246.20 -10 -10 -10 -100    0 -1000 -1000 -10
87 13 pedestrian 0 0 -10 1168.28 149.79 1237.75 374.00 -10 -10 -10 -100    0 -1000 -1000 -10
87 7 pedestrian 0 0 -10 739.24 162.90 794.07 292.84 -10 -10 -10 -100    0 -1000 -1000 -10
87 6 pedestrian 0 0 -10 474.88 165.45 614.43 227.38 -10 -10 -10 -100    0 -1000 -1000 -10
87 5 pedestrian 0 0 -10 597.61 118.47 702.65 258.16 -10 -10 -10 -100    0 -1000 -1000 -10
87 15 pedestrian 0 0 -10 418.14 177.19 435.58 241.39 -10 -10 -10 -100    0 -1000 -1000 -10
87 10 pedestrian 0 0 -10 0.42 218.25 305.45 374.00 -10 -10 -10 -100    0 -1000 -1000 -10
88 14 pedestrian 0 0 -10 429.12 174.60 451.68 247.24 -10 -10 -10 -100    0 -1000 -1000 -10
88 13 pedestrian 0 0 -10 1182.68 148.08 1238.00 374.00 -10 -10 -10 -100    0 -1000 -1000 -10
88 7 pedestrian 0 0 -10 743.63 164.49 799.82 292.79 -10 -10 -10 -100    0 -1000 -1000 -10
88 6 pedestrian 0 0 -10 476.84 165.13 618.32 225.78 -10 -10 -10 -100    0 -1000 -1000 -10
88 5 pedestrian 0 0 -10 600.91 118.33 707.34 258.83 -10 -10 -10 -100    0 -1000 -1000 -10
88 16 pedestrian 0 0 -10 268.17 183.54 303.09 284.44 -10 -10 -10 -100    0 -1000 -1000 -10
88 10 pedestrian 0 0 -10 0.00 227.53 259.96 374.00 -10 -10 -10 -100    0 -1000 -1000 -10
89 14 pedestrian 0 0 -10 430.09 175.07 453.19 247.94 -10 -10 -10 -100    0 -1000 -1000 -10
89 13 pedestrian 0 0 -10 1169.71 150.59 1238.00 374.00 -10 -10 -10 -100    0 -1000 -1000 -10
89 7 pedestrian 0 0 -10 748.03 164.52 805.04 293.66 -10 -10 -10 -100    0 -1000 -1000 -10
89 6 pedestrian 0 0 -10 480.67 166.23 623.57 227.22 -10 -10 -10 -100    0 -1000 -1000 -10
89 5 pedestrian 0 0 -10 605.05 119.03 711.95 258.94 -10 -10 -10 -100    0 -1000 -1000 -10
89 16 pedestrian 0 0 -10 266.46 183.45 300.81 287.62 -10 -10 -10 -100    0 -1000 -1000 -10
89 10 pedestrian 0 0 -10 0.00 235.88 193.45 374.00 -10 -10 -10 -100    0 -1000 -1000 -10
90 17 pedestrian 0 0 -10 538.88 174.76 550.48 220.90 -10 -10 -10 -100    0 -1000 -1000 -10
90 14 pedestrian 0 0 -10 431.97 174.20 454.29 247.92 -10 -10 -10 -100    0 -1000 -1000 -10
90 13 pedestrian 0 0 -10 1171.05 147.25 1238.00 374.00 -10 -10 -10 -100    0 -1000 -1000 -10
90 7 pedestrian 0 0 -10 753.76 164.02 809.81 294.21 -10 -10 -10 -100    0 -1000 -1000 -10
90 6 pedestrian 0 0 -10 484.07 165.73 628.35 227.33 -10 -10 -10 -100    0 -1000 -1000 -10
90 5 pedestrian 0 0 -10 610.01 117.74 717.65 260.06 -10 -10 -10 -100    0 -1000 -1000 -10
90 16 pedestrian 0 0 -10 264.61 187.05 300.62 289.33 -10 -10 -10 -100    0 -1000 -1000 -10
91 17 pedestrian 0 0 -10 542.89 175.66 556.13 221.49 -10 -10 -10 -100    0 -1000 -1000 -10
91 14 pedestrian 0 0 -10 434.51 175.45 457.01 249.07 -10 -10 -10 -100    0 -1000 -1000 -10
91 13 pedestrian 0 0 -10 1169.58 147.53 1238.00 374.00 -10 -10 -10 -100    0 -1000 -1000 -10
91 7 pedestrian 0 0 -10 760.33 163.33 814.16 294.06 -10 -10 -10 -100    0 -1000 -1000 -10
91 6 pedestrian 0 0 -10 487.99 165.73 632.70 227.72 -10 -10 -10 -100    0 -1000 -1000 -10
91 5 pedestrian 0 0 -10 614.42 117.81 722.82 261.27 -10 -10 -10 -100    0 -1000 -1000 -10
91 16 pedestrian 0 0 -10 263.99 187.29 301.04 291.86 -10 -10 -10 -100    0 -1000 -1000 -10
92 17 pedestrian 0 0 -10 547.38 176.91 560.22 222.39 -10 -10 -10 -100    0 -1000 -1000 -10
92 14 pedestrian 0 0 -10 436.37 176.14 459.54 250.09 -10 -10 -10 -100    0 -1000 -1000 -10
92 13 pedestrian 0 0 -10 1144.57 141.45 1237.96 374.00 -10 -10 -10 -100    0 -1000 -1000 -10
92 7 pedestrian 0 0 -10 765.17 162.75 819.70 293.90 -10 -10 -10 -100    0 -1000 -1000 -10
92 6 pedestrian 0 0 -10 491.57 166.98 637.31 229.44 -10 -10 -10 -100    0 -1000 -1000 -10
92 5 pedestrian 0 0 -10 618.31 117.93 728.42 262.83 -10 -10 -10 -100    0 -1000 -1000 -10
92 16 pedestrian 0 0 -10 264.12 187.39 301.08 294.33 -10 -10 -10 -100    0 -1000 -1000 -10
93 17 pedestrian 0 0 -10 553.25 176.25 565.77 222.66 -10 -10 -10 -100    0 -1000 -1000 -10
93 14 pedestrian 0 0 -10 438.67 176.27 461.66 250.81 -10 -10 -10 -100    0 -1000 -1000 -10
93 13 pedestrian 0 0 -10 1169.98 148.96 1237.88 374.00 -10 -10 -10 -100    0 -1000 -1000 -10
93 7 pedestrian 0 0 -10 772.05 163.62 826.32 294.88 -10 -10 -10 -100    0 -1000 -1000 -10
93 6 pedestrian 0 0 -10 496.33 166.65 644.42 230.26 -10 -10 -10 -100    0 -1000 -1000 -10
93 5 pedestrian 0 0 -10 623.14 117.52 734.79 263.57 -10 -10 -10 -100    0 -1000 -1000 -10
93 16 pedestrian 0 0 -10 261.97 187.13 301.18 296.72 -10 -10 -10 -100    0 -1000 -1000 -10
94 17 pedestrian 0 0 -10 558.78 177.63 572.42 222.42 -10 -10 -10 -100    0 -1000 -1000 -10
94 14 pedestrian 0 0 -10 440.49 175.59 462.86 252.75 -10 -10 -10 -100    0 -1000 -1000 -10
94 13 pedestrian 0 0 -10 1175.11 154.98 1238.00 374.00 -10 -10 -10 -100    0 -1000 -1000 -10
94 7 pedestrian 0 0 -10 777.93 164.30 832.89 296.03 -10 -10 -10 -100    0 -1000 -1000 -10
94 6 pedestrian 0 0 -10 500.93 166.70 650.83 230.55 -10 -10 -10 -100    0 -1000 -1000 -10
94 5 pedestrian 0 0 -10 628.84 117.11 741.35 264.31 -10 -10 -10 -100    0 -1000 -1000 -10
94 16 pedestrian 0 0 -10 261.04 186.92 300.68 298.90 -10 -10 -10 -100    0 -1000 -1000 -10
95 14 pedestrian 0 0 -10 441.68 176.02 464.85 253.58 -10 -10 -10 -100    0 -1000 -1000 -10
95 13 pedestrian 0 0 -10 1180.98 147.37 1237.81 374.00 -10 -10 -10 -100    0 -1000 -1000 -10
95 7 pedestrian 0 0 -10 785.01 165.20 841.11 297.27 -10 -10 -10 -100    0 -1000 -1000 -10
95 6 pedestrian 0 0 -10 506.59 166.83 655.89 231.97 -10 -10 -10 -100    0 -1000 -1000 -10
95 5 pedestrian 0 0 -10 634.64 116.87 748.71 265.69 -10 -10 -10 -100    0 -1000 -1000 -10
95 16 pedestrian 0 0 -10 259.56 188.21 298.94 302.69 -10 -10 -10 -100    0 -1000 -1000 -10
96 14 pedestrian 0 0 -10 444.41 176.77 467.92 254.89 -10 -10 -10 -100    0 -1000 -1000 -10
96 7 pedestrian 0 0 -10 794.70 164.84 850.22 298.80 -10 -10 -10 -100    0 -1000 -1000 -10
96 6 pedestrian 0 0 -10 511.78 167.00 665.03 232.60 -10 -10 -10 -100    0 -1000 -1000 -10
96 5 pedestrian 0 0 -10 642.72 114.69 756.87 266.91 -10 -10 -10 -100    0 -1000 -1000 -10
96 16 pedestrian 0 0 -10 257.87 189.86 298.42 304.09 -10 -10 -10 -100    0 -1000 -1000 -10
97 14 pedestrian 0 0 -10 448.36 176.82 472.32 257.24 -10 -10 -10 -100    0 -1000 -1000 -10
97 7 pedestrian 0 0 -10 805.24 164.56 861.75 298.98 -10 -10 -10 -100    0 -1000 -1000 -10
97 6 pedestrian 0 0 -10 518.67 166.37 672.09 233.71 -10 -10 -10 -100    0 -1000 -1000 -10
97 5 pedestrian 0 0 -10 648.60 115.20 765.80 268.46 -10 -10 -10 -100    0 -1000 -1000 -10
97 16 pedestrian 0 0 -10 255.11 189.04 295.05 306.35 -10 -10 -10 -100    0 -1000 -1000 -10
98 17 pedestrian 0 0 -10 585.32 177.22 599.21 225.34 -10 -10 -10 -100    0 -1000 -1000 -10
98 14 pedestrian 0 0 -10 450.72 177.95 476.47 258.81 -10 -10 -10 -100    0 -1000 -1000 -10
98 7 pedestrian 0 0 -10 813.53 163.10 872.83 300.38 -10 -10 -10 -100    0 -1000 -1000 -10
98 6 pedestrian 0 0 -10 525.78 167.25 677.73 233.95 -10 -10 -10 -100    0 -1000 -1000 -10
98 5 pedestrian 0 0 -10 654.51 114.54 774.31 269.22 -10 -10 -10 -100    0 -1000 -1000 -10
98 16 pedestrian 0 0 -10 251.62 187.87 289.06 308.71 -10 -10 -10 -100    0 -1000 -1000 -10
99 17 pedestrian 0 0 -10 591.68 176.68 605.53 223.94 -10 -10 -10 -100    0 -1000 -1000 -10
99 14 pedestrian 0 0 -10 451.99 176.78 477.44 260.01 -10 -10 -10 -100    0 -1000 -1000 -10
99 7 pedestrian 0 0 -10 825.21 163.81 884.32 301.81 -10 -10 -10 -100    0 -1000 -1000 -10
99 6 pedestrian 0 0 -10 539.05 167.08 684.32 233.36 -10 -10 -10 -100    0 -1000 -1000 -10
99 5 pedestrian 0 0 -10 661.10 112.82 784.84 269.55 -10 -10 -10 -100    0 -1000 -1000 -10
99 16 pedestrian 0 0 -10 245.80 188.61 286.57 314.17 -10 -10 -10 -100    0 -1000 -1000 -10
100 18 pedestrian 0 0 -10 496.26 180.48 511.73 240.66 -10 -10 -10 -100    0 -1000 -1000 -10
100 17 pedestrian 0 0 -10 597.75 176.96 612.44 224.69 -10 -10 -10 -100    0 -1000 -1000 -10
100 14 pedestrian 0 0 -10 453.71 175.18 478.56 261.40 -10 -10 -10 -100    0 -1000 -1000 -10
100 7 pedestrian 0 0 -10 837.01 163.52 896.63 303.73 -10 -10 -10 -100    0 -1000 -1000 -10
100 6 pedestrian 0 0 -10 554.02 167.29 686.98 232.04 -10 -10 -10 -100    0 -1000 -1000 -10
100 5 pedestrian 0 0 -10 667.42 110.99 795.63 270.69 -10 -10 -10 -100    0 -1000 -1000 -10
100 16 pedestrian 0 0 -10 238.98 187.83 281.88 317.53 -10 -10 -10 -100    0 -1000 -1000 -10
101 18 pedestrian 0 0 -10 502.59 181.28 518.29 241.09 -10 -10 -10 -100    0 -1000 -1000 -10
101 17 pedestrian 0 0 -10 603.23 176.38 618.14 223.73 -10 -10 -10 -100    0 -1000 -1000 -10
101 14 pedestrian 0 0 -10 455.18 176.33 480.45 261.72 -10 -10 -10 -100    0 -1000 -1000 -10
101 7 pedestrian 0 0 -10 845.89 164.21 906.73 305.80 -10 -10 -10 -100    0 -1000 -1000 -10
101 6 pedestrian 0 0 -10 575.04 168.71 690.33 230.09 -10 -10 -10 -100    0 -1000 -1000 -10
101 5 pedestrian 0 0 -10 674.10 108.36 803.99 271.56 -10 -10 -10 -100    0 -1000 -1000 -10
101 16 pedestrian 0 0 -10 233.13 188.28 278.17 320.41 -10 -10 -10 -100    0 -1000 -1000 -10
102 18 pedestrian 0 0 -10 507.63 179.07 524.38 240.64 -10 -10 -10 -100    0 -1000 -1000 -10
102 17 pedestrian 0 0 -10 609.19 176.12 624.37 223.77 -10 -10 -10 -100    0 -1000 -1000 -10
102 14 pedestrian 0 0 -10 455.79 174.87 481.54 262.43 -10 -10 -10 -100    0 -1000 -1000 -10
102 7 pedestrian 0 0 -10 856.19 163.96 916.02 307.08 -10 -10 -10 -100    0 -1000 -1000 -10
102 6 pedestrian 0 0 -10 582.39 167.65 692.59 227.93 -10 -10 -10 -100    0 -1000 -1000 -10
102 5 pedestrian 0 0 -10 679.08 108.15 815.17 272.78 -10 -10 -10 -100    0 -1000 -1000 -10
102 16 pedestrian 0 0 -10 225.89 185.85 272.50 322.68 -10 -10 -10 -100    0 -1000 -1000 -10
103 18 pedestrian 0 0 -10 512.20 179.62 528.91 240.56 -10 -10 -10 -100    0 -1000 -1000 -10
103 17 pedestrian 0 0 -10 615.84 176.91 630.65 223.66 -10 -10 -10 -100    0 -1000 -1000 -10
103 14 pedestrian 0 0 -10 456.91 174.22 482.91 263.68 -10 -10 -10 -100    0 -1000 -1000 -10
103 7 pedestrian 0 0 -10 867.57 162.56 924.61 308.77 -10 -10 -10 -100    0 -1000 -1000 -10
103 6 pedestrian 0 0 -10 589.25 167.88 701.93 225.71 -10 -10 -10 -100    0 -1000 -1000 -10
103 5 pedestrian 0 0 -10 683.60 106.60 824.88 274.88 -10 -10 -10 -100    0 -1000 -1000 -10
103 16 pedestrian 0 0 -10 220.98 187.29 267.60 329.36 -10 -10 -10 -100    0 -1000 -1000 -10
104 19 pedestrian 0 0 -10 577.35 175.19 596.91 223.91 -10 -10 -10 -100    0 -1000 -1000 -10
104 18 pedestrian 0 0 -10 518.41 179.44 535.09 240.97 -10 -10 -10 -100    0 -1000 -1000 -10
104 17 pedestrian 0 0 -10 620.19 175.66 635.08 223.79 -10 -10 -10 -100    0 -1000 -1000 -10
104 14 pedestrian 0 0 -10 457.47 172.69 485.48 265.51 -10 -10 -10 -100    0 -1000 -1000 -10
104 7 pedestrian 0 0 -10 880.03 162.12 938.37 310.80 -10 -10 -10 -100    0 -1000 -1000 -10
104 6 pedestrian 0 0 -10 590.91 167.21 708.87 223.43 -10 -10 -10 -100    0 -1000 -1000 -10
104 5 pedestrian 0 0 -10 689.57 104.04 833.88 276.92 -10 -10 -10 -100    0 -1000 -1000 -10
104 16 pedestrian 0 0 -10 210.78 187.15 261.51 336.41 -10 -10 -10 -100    0 -1000 -1000 -10
105 19 pedestrian 0 0 -10 577.70 176.00 597.85 223.56 -10 -10 -10 -100    0 -1000 -1000 -10
105 18 pedestrian 0 0 -10 522.79 178.96 539.46 240.29 -10 -10 -10 -100    0 -1000 -1000 -10
105 17 pedestrian 0 0 -10 626.32 176.40 640.64 223.66 -10 -10 -10 -100    0 -1000 -1000 -10
105 14 pedestrian 0 0 -10 456.45 171.45 485.98 268.01 -10 -10 -10 -100    0 -1000 -1000 -10
105 7 pedestrian 0 0 -10 891.51 165.36 952.33 315.32 -10 -10 -10 -100    0 -1000 -1000 -10
105 6 pedestrian 0 0 -10 593.60 166.43 714.32 221.92 -10 -10 -10 -100    0 -1000 -1000 -10
105 5 pedestrian 0 0 -10 694.41 102.79 844.33 279.05 -10 -10 -10 -100    0 -1000 -1000 -10
105 16 pedestrian 0 0 -10 199.98 187.53 250.79 345.48 -10 -10 -10 -100    0 -1000 -1000 -10
106 19 pedestrian 0 0 -10 581.14 175.21 599.78 223.47 -10 -10 -10 -100    0 -1000 -1000 -10
106 18 pedestrian 0 0 -10 525.68 178.69 542.51 240.99 -10 -10 -10 -100    0 -1000 -1000 -10
106 17 pedestrian 0 0 -10 629.01 176.08 643.50 224.76 -10 -10 -10 -100    0 -1000 -1000 -10
106 14 pedestrian 0 0 -10 454.72 172.54 484.87 270.60 -10 -10 -10 -100    0 -1000 -1000 -10
106 7 pedestrian 0 0 -10 901.43 165.28 964.64 319.93 -10 -10 -10 -100    0 -1000 -1000 -10
106 6 pedestrian 0 0 -10 596.79 166.33 717.80 222.29 -10 -10 -10 -100    0 -1000 -1000 -10
106 5 pedestrian 0 0 -10 698.09 100.49 851.35 281.73 -10 -10 -10 -100    0 -1000 -1000 -10
106 16 pedestrian 0 0 -10 181.84 186.05 232.46 351.02 -10 -10 -10 -100    0 -1000 -1000 -10
107 19 pedestrian 0 0 -10 582.03 175.51 600.65 224.52 -10 -10 -10 -100    0 -1000 -1000 -10
107 18 pedestrian 0 0 -10 526.49 178.61 543.76 241.67 -10 -10 -10 -100    0 -1000 -1000 -10
107 17 pedestrian 0 0 -10 631.72 175.68 646.50 225.58 -10 -10 -10 -100    0 -1000 -1000 -10
107 14 pedestrian 0 0 -10 450.54 172.37 482.39 273.63 -10 -10 -10 -100    0 -1000 -1000 -10
107 7 pedestrian 0 0 -10 911.36 166.72 976.74 324.29 -10 -10 -10 -100    0 -1000 -1000 -10
107 6 pedestrian 0 0 -10 598.74 166.31 721.58 222.51 -10 -10 -10 -100    0 -1000 -1000 -10
107 5 pedestrian 0 0 -10 701.07 99.47 858.43 283.70 -10 -10 -10 -100    0 -1000 -1000 -10
107 16 pedestrian 0 0 -10 150.18 183.84 209.34 363.33 -10 -10 -10 -100    0 -1000 -1000 -10
108 19 pedestrian 0 0 -10 582.52 175.46 601.16 225.25 -10 -10 -10 -100    0 -1000 -1000 -10
108 18 pedestrian 0 0 -10 526.30 178.43 543.62 242.21 -10 -10 -10 -100    0 -1000 -1000 -10
108 17 pedestrian 0 0 -10 632.91 174.70 647.71 225.44 -10 -10 -10 -100    0 -1000 -1000 -10
108 14 pedestrian 0 0 -10 443.55 172.64 477.76 274.91 -10 -10 -10 -100    0 -1000 -1000 -10
108 7 pedestrian 0 0 -10 919.53 167.95 989.35 328.39 -10 -10 -10 -100    0 -1000 -1000 -10
108 6 pedestrian 0 0 -10 597.80 166.29 722.68 222.43 -10 -10 -10 -100    0 -1000 -1000 -10
108 5 pedestrian 0 0 -10 702.40 97.77 863.64 287.39 -10 -10 -10 -100    0 -1000 -1000 -10
108 16 pedestrian 0 0 -10 113.22 186.65 184.92 374.00 -10 -10 -10 -100    0 -1000 -1000 -10
109 19 pedestrian 0 0 -10 581.10 176.18 601.08 226.55 -10 -10 -10 -100    0 -1000 -1000 -10
109 18 pedestrian 0 0 -10 525.43 178.99 542.76 243.07 -10 -10 -10 -100    0 -1000 -1000 -10
109 17 pedestrian 0 0 -10 632.72 175.66 648.51 226.86 -10 -10 -10 -100    0 -1000 -1000 -10
109 14 pedestrian 0 0 -10 434.81 174.66 470.85 280.10 -10 -10 -10 -100    0 -1000 -1000 -10
109 7 pedestrian 0 0 -10 929.14 167.51 999.72 332.43 -10 -10 -10 -100    0 -1000 -1000 -10
109 6 pedestrian 0 0 -10 595.20 167.20 724.75 222.78 -10 -10 -10 -100    0 -1000 -1000 -10
109 5 pedestrian 0 0 -10 703.08 97.20 868.44 291.38 -10 -10 -10 -100    0 -1000 -1000 -10
109 16 pedestrian 0 0 -10 81.70 189.31 161.83 374.00 -10 -10 -10 -100    0 -1000 -1000 -10
110 19 pedestrian 0 0 -10 579.91 177.99 599.12 227.41 -10 -10 -10 -100    0 -1000 -1000 -10
110 18 pedestrian 0 0 -10 525.23 180.02 543.64 245.37 -10 -10 -10 -100    0 -1000 -1000 -10
110 17 pedestrian 0 0 -10 633.54 177.18 648.61 227.52 -10 -10 -10 -100    0 -1000 -1000 -10
110 14 pedestrian 0 0 -10 427.28 174.62 463.12 283.32 -10 -10 -10 -100    0 -1000 -1000 -10
110 7 pedestrian 0 0 -10 936.40 167.38 1011.26 337.36 -10 -10 -10 -100    0 -1000 -1000 -10
110 6 pedestrian 0 0 -10 593.20 168.77 726.01 225.15 -10 -10 -10 -100    0 -1000 -1000 -10
110 5 pedestrian 0 0 -10 703.94 95.75 874.90 294.87 -10 -10 -10 -100    0 -1000 -1000 -10
110 16 pedestrian 0 0 -10 38.50 192.33 123.07 374.00 -10 -10 -10 -100    0 -1000 -1000 -10
111 18 pedestrian 0 0 -10 524.65 180.78 543.14 246.52 -10 -10 -10 -100    0 -1000 -1000 -10
111 17 pedestrian 0 0 -10 633.82 177.78 648.92 228.23 -10 -10 -10 -100    0 -1000 -1000 -10
111 14 pedestrian 0 0 -10 418.34 176.73 455.55 290.78 -10 -10 -10 -100    0 -1000 -1000 -10
111 7 pedestrian 0 0 -10 948.31 167.44 1026.97 343.26 -10 -10 -10 -100    0 -1000 -1000 -10
111 6 pedestrian 0 0 -10 591.51 168.70 726.35 226.23 -10 -10 -10 -100    0 -1000 -1000 -10
111 5 pedestrian 0 0 -10 706.54 92.98 882.05 299.31 -10 -10 -10 -100    0 -1000 -1000 -10
111 16 pedestrian 0 0 -10 0.22 195.29 110.84 374.00 -10 -10 -10 -100    0 -1000 -1000 -10
111 19 pedestrian 0 0 -10 579.30 178.18 599.25 229.69 -10 -10 -10 -100    0 -1000 -1000 -10
112 18 pedestrian 0 0 -10 523.60 180.16 542.19 245.95 -10 -10 -10 -100    0 -1000 -1000 -10
112 17 pedestrian 0 0 -10 633.71 176.44 647.32 227.22 -10 -10 -10 -100    0 -1000 -1000 -10
112 14 pedestrian 0 0 -10 410.39 176.85 446.77 292.13 -10 -10 -10 -100    0 -1000 -1000 -10
112 7 pedestrian 0 0 -10 960.56 166.15 1042.20 348.15 -10 -10 -10 -100    0 -1000 -1000 -10
112 6 pedestrian 0 0 -10 585.65 163.71 715.33 227.17 -10 -10 -10 -100    0 -1000 -1000 -10
112 5 pedestrian 0 0 -10 709.00 90.09 891.66 302.48 -10 -10 -10 -100    0 -1000 -1000 -10
112 16 pedestrian 0 0 -10 0.13 199.26 71.75 374.00 -10 -10 -10 -100    0 -1000 -1000 -10
112 19 pedestrian 0 0 -10 576.88 176.82 596.76 228.42 -10 -10 -10 -100    0 -1000 -1000 -10
113 18 pedestrian 0 0 -10 523.49 177.61 541.72 245.14 -10 -10 -10 -100    0 -1000 -1000 -10
113 17 pedestrian 0 0 -10 632.79 174.15 646.33 224.80 -10 -10 -10 -100    0 -1000 -1000 -10
113 14 pedestrian 0 0 -10 400.73 176.64 438.26 295.48 -10 -10 -10 -100    0 -1000 -1000 -10
113 7 pedestrian 0 0 -10 973.68 163.49 1054.98 351.04 -10 -10 -10 -100    0 -1000 -1000 -10
113 6 pedestrian 0 0 -10 580.48 156.27 709.86 225.66 -10 -10 -10 -100    0 -1000 -1000 -10
113 5 pedestrian 0 0 -10 711.14 83.48 902.42 304.84 -10 -10 -10 -100    0 -1000 -1000 -10
113 19 pedestrian 0 0 -10 576.60 174.13 594.63 226.25 -10 -10 -10 -100    0 -1000 -1000 -10
114 18 pedestrian 0 0 -10 523.45 174.42 542.16 242.86 -10 -10 -10 -100    0 -1000 -1000 -10
114 17 pedestrian 0 0 -10 632.69 172.79 646.78 223.04 -10 -10 -10 -100    0 -1000 -1000 -10
114 14 pedestrian 0 0 -10 387.32 170.96 425.60 298.61 -10 -10 -10 -100    0 -1000 -1000 -10
114 7 pedestrian 0 0 -10 990.78 158.14 1067.93 354.53 -10 -10 -10 -100    0 -1000 -1000 -10
114 6 pedestrian 0 0 -10 579.58 151.66 706.80 222.92 -10 -10 -10 -100    0 -1000 -1000 -10
114 5 pedestrian 0 0 -10 713.76 75.78 915.64 308.34 -10 -10 -10 -100    0 -1000 -1000 -10
114 19 pedestrian 0 0 -10 577.03 170.87 594.39 224.65 -10 -10 -10 -100    0 -1000 -1000 -10
115 18 pedestrian 0 0 -10 521.70 171.53 540.55 239.74 -10 -10 -10 -100    0 -1000 -1000 -10
115 17 pedestrian 0 0 -10 632.06 169.50 647.57 220.23 -10 -10 -10 -100    0 -1000 -1000 -10
115 14 pedestrian 0 0 -10 376.66 167.62 414.41 303.68 -10 -10 -10 -100    0 -1000 -1000 -10
115 7 pedestrian 0 0 -10 1004.85 151.68 1086.98 354.24 -10 -10 -10 -100    0 -1000 -1000 -10
115 6 pedestrian 0 0 -10 578.03 148.08 708.63 219.83 -10 -10 -10 -100    0 -1000 -1000 -10
115 5 pedestrian 0 0 -10 715.62 69.74 926.54 311.49 -10 -10 -10 -100    0 -1000 -1000 -10
115 19 pedestrian 0 0 -10 576.46 167.68 592.44 221.31 -10 -10 -10 -100    0 -1000 -1000 -10
116 20 pedestrian 0 0 -10 411.84 159.86 436.45 250.00 -10 -10 -10 -100    0 -1000 -1000 -10
116 18 pedestrian 0 0 -10 521.12 167.91 540.14 237.59 -10 -10 -10 -100    0 -1000 -1000 -10
116 17 pedestrian 0 0 -10 631.75 167.46 646.65 217.41 -10 -10 -10 -100    0 -1000 -1000 -10
116 14 pedestrian 0 0 -10 364.17 162.47 403.24 305.04 -10 -10 -10 -100    0 -1000 -1000 -10
116 21 pedestrian 0 0 -10 664.82 174.32 688.79 227.84 -10 -10 -10 -100    0 -1000 -1000 -10
116 7 pedestrian 0 0 -10 1017.37 146.62 1111.88 357.17 -10 -10 -10 -100    0 -1000 -1000 -10
116 6 pedestrian 0 0 -10 577.07 144.89 709.14 216.41 -10 -10 -10 -100    0 -1000 -1000 -10
116 5 pedestrian 0 0 -10 717.85 59.39 941.40 316.05 -10 -10 -10 -100    0 -1000 -1000 -10
116 19 pedestrian 0 0 -10 574.04 164.87 590.14 219.79 -10 -10 -10 -100    0 -1000 -1000 -10
117 20 pedestrian 0 0 -10 406.49 156.77 431.57 250.67 -10 -10 -10 -100    0 -1000 -1000 -10
117 18 pedestrian 0 0 -10 520.24 165.77 539.20 236.74 -10 -10 -10 -100    0 -1000 -1000 -10
117 17 pedestrian 0 0 -10 631.10 164.85 646.35 216.26 -10 -10 -10 -100    0 -1000 -1000 -10
117 14 pedestrian 0 0 -10 346.89 162.26 390.04 311.07 -10 -10 -10 -100    0 -1000 -1000 -10
117 21 pedestrian 0 0 -10 660.22 172.56 686.77 225.97 -10 -10 -10 -100    0 -1000 -1000 -10
117 7 pedestrian 0 0 -10 1035.08 144.73 1132.83 367.10 -10 -10 -10 -100    0 -1000 -1000 -10
117 6 pedestrian 0 0 -10 577.91 140.91 709.49 214.06 -10 -10 -10 -100    0 -1000 -1000 -10
117 5 pedestrian 0 0 -10 720.37 52.15 956.99 321.18 -10 -10 -10 -100    0 -1000 -1000 -10
117 19 pedestrian 0 0 -10 573.63 162.60 590.01 218.07 -10 -10 -10 -100    0 -1000 -1000 -10
118 18 pedestrian 0 0 -10 519.00 164.32 538.23 235.30 -10 -10 -10 -100    0 -1000 -1000 -10
118 17 pedestrian 0 0 -10 630.89 163.42 647.83 216.21 -10 -10 -10 -100    0 -1000 -1000 -10
118 14 pedestrian 0 0 -10 330.74 162.08 375.49 320.93 -10 -10 -10 -100    0 -1000 -1000 -10
118 21 pedestrian 0 0 -10 657.26 170.12 683.58 226.99 -10 -10 -10 -100    0 -1000 -1000 -10
118 7 pedestrian 0 0 -10 1050.51 144.00 1151.40 374.00 -10 -10 -10 -100    0 -1000 -1000 -10
118 6 pedestrian 0 0 -10 576.16 139.55 711.25 212.66 -10 -10 -10 -100    0 -1000 -1000 -10
118 5 pedestrian 0 0 -10 722.81 47.50 974.06 327.88 -10 -10 -10 -100    0 -1000 -1000 -10
118 20 pedestrian 0 0 -10 401.87 156.14 428.41 251.92 -10 -10 -10 -100    0 -1000 -1000 -10
118 19 pedestrian 0 0 -10 573.03 162.11 589.62 218.09 -10 -10 -10 -100    0 -1000 -1000 -10
119 18 pedestrian 0 0 -10 518.29 164.45 538.26 236.59 -10 -10 -10 -100    0 -1000 -1000 -10
119 17 pedestrian 0 0 -10 631.91 162.19 647.81 215.73 -10 -10 -10 -100    0 -1000 -1000 -10
119 14 pedestrian 0 0 -10 308.71 162.81 356.97 324.93 -10 -10 -10 -100    0 -1000 -1000 -10
119 21 pedestrian 0 0 -10 655.49 170.91 681.35 229.11 -10 -10 -10 -100    0 -1000 -1000 -10
119 7 pedestrian 0 0 -10 1081.89 141.42 1179.58 374.00 -10 -10 -10 -100    0 -1000 -1000 -10
119 6 pedestrian 0 0 -10 575.49 140.29 713.35 213.62 -10 -10 -10 -100    0 -1000 -1000 -10
119 5 pedestrian 0 0 -10 725.56 37.53 992.62 336.30 -10 -10 -10 -100    0 -1000 -1000 -10
119 20 pedestrian 0 0 -10 394.88 155.85 422.90 254.25 -10 -10 -10 -100    0 -1000 -1000 -10
119 19 pedestrian 0 0 -10 571.60 162.58 588.43 220.35 -10 -10 -10 -100    0 -1000 -1000 -10
120 17 pedestrian 0 0 -10 632.25 163.13 648.24 216.44 -10 -10 -10 -100    0 -1000 -1000 -10
120 14 pedestrian 0 0 -10 286.91 160.88 340.48 332.17 -10 -10 -10 -100    0 -1000 -1000 -10
120 21 pedestrian 0 0 -10 651.50 171.43 679.21 232.27 -10 -10 -10 -100    0 -1000 -1000 -10
120 7 pedestrian 0 0 -10 1123.59 140.49 1208.75 374.00 -10 -10 -10 -100    0 -1000 -1000 -10
120 6 pedestrian 0 0 -10 573.90 140.35 714.23 214.93 -10 -10 -10 -100    0 -1000 -1000 -10
120 5 pedestrian 0 0 -10 727.83 33.31 1015.91 345.06 -10 -10 -10 -100    0 -1000 -1000 -10
120 20 pedestrian 0 0 -10 388.48 156.22 418.09 257.58 -10 -10 -10 -100    0 -1000 -1000 -10
120 19 pedestrian 0 0 -10 570.90 162.95 588.16 221.96 -10 -10 -10 -100    0 -1000 -1000 -10
120 18 pedestrian 0 0 -10 518.52 165.79 538.23 238.37 -10 -10 -10 -100    0 -1000 -1000 -10
121 17 pedestrian 0 0 -10 631.58 166.01 647.60 219.99 -10 -10 -10 -100    0 -1000 -1000 -10
121 14 pedestrian 0 0 -10 262.57 158.56 323.13 343.79 -10 -10 -10 -100    0 -1000 -1000 -10
121 21 pedestrian 0 0 -10 647.41 172.10 676.14 232.90 -10 -10 -10 -100    0 -1000 -1000 -10
121 7 pedestrian 0 0 -10 1106.52 150.85 1184.64 374.00 -10 -10 -10 -100    0 -1000 -1000 -10
121 6 pedestrian 0 0 -10 570.14 140.67 715.60 216.66 -10 -10 -10 -100    0 -1000 -1000 -10
121 5 pedestrian 0 0 -10 731.68 21.89 1042.85 356.24 -10 -10 -10 -100    0 -1000 -1000 -10
121 20 pedestrian 0 0 -10 381.85 156.94 413.06 260.50 -10 -10 -10 -100    0 -1000 -1000 -10
121 19 pedestrian 0 0 -10 568.67 163.66 585.03 223.36 -10 -10 -10 -100    0 -1000 -1000 -10
121 18 pedestrian 0 0 -10 517.17 165.82 537.93 240.66 -10 -10 -10 -100    0 -1000 -1000 -10
122 17 pedestrian 0 0 -10 631.29 167.24 646.72 220.02 -10 -10 -10 -100    0 -1000 -1000 -10
122 14 pedestrian 0 0 -10 237.39 158.75 301.30 356.47 -10 -10 -10 -100    0 -1000 -1000 -10
122 21 pedestrian 0 0 -10 644.47 170.45 672.95 236.41 -10 -10 -10 -100    0 -1000 -1000 -10
122 7 pedestrian 0 0 -10 1142.83 136.23 1237.81 374.00 -10 -10 -10 -100    0 -1000 -1000 -10
122 6 pedestrian 0 0 -10 572.40 140.55 718.25 217.97 -10 -10 -10 -100    0 -1000 -1000 -10
122 5 pedestrian 0 0 -10 733.50 14.14 1068.62 367.63 -10 -10 -10 -100    0 -1000 -1000 -10
122 20 pedestrian 0 0 -10 374.50 157.01 407.00 263.78 -10 -10 -10 -100    0 -1000 -1000 -10
122 19 pedestrian 0 0 -10 567.82 163.83 584.33 225.23 -10 -10 -10 -100    0 -1000 -1000 -10
122 18 pedestrian 0 0 -10 516.21 167.31 536.88 242.70 -10 -10 -10 -100    0 -1000 -1000 -10
123 14 pedestrian 0 0 -10 205.82 156.07 277.42 372.43 -10 -10 -10 -100    0 -1000 -1000 -10
123 21 pedestrian 0 0 -10 638.46 172.68 670.11 238.50 -10 -10 -10 -100    0 -1000 -1000 -10
123 7 pedestrian 0 0 -10 1172.52 145.61 1237.84 374.00 -10 -10 -10 -100    0 -1000 -1000 -10
123 6 pedestrian 0 0 -10 569.42 141.93 719.10 221.39 -10 -10 -10 -100    0 -1000 -1000 -10
123 5 pedestrian 0 0 -10 737.80 3.35 1097.86 374.00 -10 -10 -10 -100    0 -1000 -1000 -10
123 20 pedestrian 0 0 -10 365.70 156.00 399.72 266.07 -10 -10 -10 -100    0 -1000 -1000 -10
123 19 pedestrian 0 0 -10 567.97 164.73 584.13 226.73 -10 -10 -10 -100    0 -1000 -1000 -10
123 18 pedestrian 0 0 -10 516.04 166.89 536.42 243.52 -10 -10 -10 -100    0 -1000 -1000 -10
124 14 pedestrian 0 0 -10 171.86 157.32 245.45 374.00 -10 -10 -10 -100    0 -1000 -1000 -10
124 21 pedestrian 0 0 -10 630.60 172.94 665.76 239.77 -10 -10 -10 -100    0 -1000 -1000 -10
124 7 pedestrian 0 0 -10 1208.39 140.87 1237.92 374.00 -10 -10 -10 -100    0 -1000 -1000 -10
124 6 pedestrian 0 0 -10 567.62 140.93 720.00 222.63 -10 -10 -10 -100    0 -1000 -1000 -10
124 5 pedestrian 0 0 -10 741.09 0.00 1132.05 374.00 -10 -10 -10 -100    0 -1000 -1000 -10
124 20 pedestrian 0 0 -10 357.16 156.76 391.89 270.00 -10 -10 -10 -100    0 -1000 -1000 -10
124 19 pedestrian 0 0 -10 567.38 164.25 583.47 227.75 -10 -10 -10 -100    0 -1000 -1000 -10
124 18 pedestrian 0 0 -10 514.07 166.56 534.92 245.58 -10 -10 -10 -100    0 -1000 -1000 -10
125 14 pedestrian 0 0 -10 129.27 152.90 209.70 374.00 -10 -10 -10 -100    0 -1000 -1000 -10
125 21 pedestrian 0 0 -10 626.91 172.79 662.00 241.54 -10 -10 -10 -100    0 -1000 -1000 -10
125 6 pedestrian 0 0 -10 563.68 139.06 721.79 224.22 -10 -10 -10 -100    0 -1000 -1000 -10
125 5 pedestrian 0 0 -10 744.43 0.00 1172.60 374.00 -10 -10 -10 -100    0 -1000 -1000 -10
125 20 pedestrian 0 0 -10 346.56 155.92 382.41 272.46 -10 -10 -10 -100    0 -1000 -1000 -10
125 19 pedestrian 0 0 -10 562.12 164.09 580.36 229.47 -10 -10 -10 -100    0 -1000 -1000 -10
125 18 pedestrian 0 0 -10 511.73 167.57 531.31 247.08 -10 -10 -10 -100    0 -1000 -1000 -10
126 21 pedestrian 0 0 -10 622.56 173.74 656.34 242.62 -10 -10 -10 -100    0 -1000 -1000 -10
126 6 pedestrian 0 0 -10 562.75 138.47 720.67 223.50 -10 -10 -10 -100    0 -1000 -1000 -10
126 5 pedestrian 0 0 -10 746.29 0.00 1219.42 374.00 -10 -10 -10 -100    0 -1000 -1000 -10
126 20 pedestrian 0 0 -10 334.90 154.05 372.61 274.70 -10 -10 -10 -100    0 -1000 -1000 -10
126 19 pedestrian 0 0 -10 558.58 164.24 577.30 229.39 -10 -10 -10 -100    0 -1000 -1000 -10
126 18 pedestrian 0 0 -10 509.10 165.76 528.73 248.14 -10 -10 -10 -100    0 -1000 -1000 -10
127 21 pedestrian 0 0 -10 616.89 171.99 646.97 243.12 -10 -10 -10 -100    0 -1000 -1000 -10
127 6 pedestrian 0 0 -10 561.08 137.84 720.77 225.51 -10 -10 -10 -100    0 -1000 -1000 -10
127 5 pedestrian 0 0 -10 749.72 0.00 1235.60 374.00 -10 -10 -10 -100    0 -1000 -1000 -10
127 20 pedestrian 0 0 -10 323.48 154.35 363.53 278.75 -10 -10 -10 -100    0 -1000 -1000 -10
127 19 pedestrian 0 0 -10 557.37 163.80 576.92 231.48 -10 -10 -10 -100    0 -1000 -1000 -10
127 18 pedestrian 0 0 -10 503.78 165.27 524.42 249.87 -10 -10 -10 -100    0 -1000 -1000 -10
128 21 pedestrian 0 0 -10 610.22 170.85 640.85 245.54 -10 -10 -10 -100    0 -1000 -1000 -10
128 6 pedestrian 0 0 -10 556.20 136.41 720.43 227.08 -10 -10 -10 -100    0 -1000 -1000 -10
128 5 pedestrian 0 0 -10 753.60 0.00 1235.82 374.00 -10 -10 -10 -100    0 -1000 -1000 -10
128 20 pedestrian 0 0 -10 310.99 152.94 352.00 281.17 -10 -10 -10 -100    0 -1000 -1000 -10
128 19 pedestrian 0 0 -10 555.90 163.15 574.39 231.30 -10 -10 -10 -100    0 -1000 -1000 -10
128 18 pedestrian 0 0 -10 498.19 165.43 520.66 251.79 -10 -10 -10 -100    0 -1000 -1000 -10
129 21 pedestrian 0 0 -10 602.89 172.97 635.74 247.65 -10 -10 -10 -100    0 -1000 -1000 -10
129 6 pedestrian 0 0 -10 554.82 137.63 719.95 227.74 -10 -10 -10 -100    0 -1000 -1000 -10
129 5 pedestrian 0 0 -10 758.02 0.00 1236.59 374.00 -10 -10 -10 -100    0 -1000 -1000 -10
129 20 pedestrian 0 0 -10 297.86 152.69 340.60 286.03 -10 -10 -10 -100    0 -1000 -1000 -10
129 19 pedestrian 0 0 -10 551.94 163.03 570.99 233.51 -10 -10 -10 -100    0 -1000 -1000 -10
129 18 pedestrian 0 0 -10 491.98 165.49 514.64 253.92 -10 -10 -10 -100    0 -1000 -1000 -10
130 21 pedestrian 0 0 -10 596.90 174.56 630.63 251.63 -10 -10 -10 -100    0 -1000 -1000 -10
130 6 pedestrian 0 0 -10 547.52 138.03 720.53 227.28 -10 -10 -10 -100    0 -1000 -1000 -10
130 5 pedestrian 0 0 -10 763.36 0.00 1237.13 374.00 -10 -10 -10 -100    0 -1000 -1000 -10
130 20 pedestrian 0 0 -10 284.31 151.03 327.74 290.53 -10 -10 -10 -100    0 -1000 -1000 -10
130 19 pedestrian 0 0 -10 551.03 164.23 570.28 235.04 -10 -10 -10 -100    0 -1000 -1000 -10
130 18 pedestrian 0 0 -10 486.61 165.93 510.37 256.24 -10 -10 -10 -100    0 -1000 -1000 -10
131 17 pedestrian 0 0 -10 623.85 163.35 640.76 226.99 -10 -10 -10 -100    0 -1000 -1000 -10
131 21 pedestrian 0 0 -10 588.03 174.38 625.47 257.89 -10 -10 -10 -100    0 -1000 -1000 -10
131 6 pedestrian 0 0 -10 541.25 145.17 717.98 222.12 -10 -10 -10 -100    0 -1000 -1000 -10
131 5 pedestrian 0 0 -10 766.41 0.00 1238.00 374.00 -10 -10 -10 -100    0 -1000 -1000 -10
131 20 pedestrian 0 0 -10 268.57 151.11 315.03 296.95 -10 -10 -10 -100    0 -1000 -1000 -10
131 19 pedestrian 0 0 -10 547.52 164.81 568.71 238.94 -10 -10 -10 -100    0 -1000 -1000 -10
131 18 pedestrian 0 0 -10 479.54 167.05 506.62 258.87 -10 -10 -10 -100    0 -1000 -1000 -10
132 17 pedestrian 0 0 -10 622.39 163.35 639.50 226.56 -10 -10 -10 -100    0 -1000 -1000 -10
132 21 pedestrian 0 0 -10 578.60 174.11 619.64 259.76 -10 -10 -10 -100    0 -1000 -1000 -10
132 6 pedestrian 0 0 -10 523.07 154.00 711.51 215.15 -10 -10 -10 -100    0 -1000 -1000 -10
132 5 pedestrian 0 0 -10 770.92 0.00 1238.00 374.00 -10 -10 -10 -100    0 -1000 -1000 -10
132 20 pedestrian 0 0 -10 252.57 150.65 300.80 301.64 -10 -10 -10 -100    0 -1000 -1000 -10
132 19 pedestrian 0 0 -10 543.30 166.18 567.21 241.36 -10 -10 -10 -100    0 -1000 -1000 -10
132 18 pedestrian 0 0 -10 473.53 167.15 499.45 261.17 -10 -10 -10 -100    0 -1000 -1000 -10
133 17 pedestrian 0 0 -10 619.85 163.85 637.02 227.02 -10 -10 -10 -100    0 -1000 -1000 -10
133 21 pedestrian 0 0 -10 569.00 178.02 611.60 264.60 -10 -10 -10 -100    0 -1000 -1000 -10
133 6 pedestrian 0 0 -10 519.51 155.37 708.43 215.86 -10 -10 -10 -100    0 -1000 -1000 -10
133 5 pedestrian 0 0 -10 777.67 0.00 1238.00 374.00 -10 -10 -10 -100    0 -1000 -1000 -10
133 20 pedestrian 0 0 -10 235.52 150.55 285.83 308.34 -10 -10 -10 -100    0 -1000 -1000 -10
133 19 pedestrian 0 0 -10 540.20 167.23 564.12 243.25 -10 -10 -10 -100    0 -1000 -1000 -10
133 18 pedestrian 0 0 -10 465.49 167.92 493.97 264.66 -10 -10 -10 -100    0 -1000 -1000 -10
134 17 pedestrian 0 0 -10 618.60 164.32 635.74 229.22 -10 -10 -10 -100    0 -1000 -1000 -10
134 21 pedestrian 0 0 -10 560.92 179.20 601.53 268.22 -10 -10 -10 -100    0 -1000 -1000 -10
134 6 pedestrian 0 0 -10 512.60 156.51 708.44 218.27 -10 -10 -10 -100    0 -1000 -1000 -10
134 5 pedestrian 0 0 -10 783.12 0.00 1237.72 374.00 -10 -10 -10 -100    0 -1000 -1000 -10
134 20 pedestrian 0 0 -10 215.91 151.73 267.97 315.23 -10 -10 -10 -100    0 -1000 -1000 -10
134 19 pedestrian 0 0 -10 535.98 167.94 561.84 247.58 -10 -10 -10 -100    0 -1000 -1000 -10
134 18 pedestrian 0 0 -10 459.11 169.50 487.64 267.91 -10 -10 -10 -100    0 -1000 -1000 -10
135 17 pedestrian 0 0 -10 613.83 166.23 631.35 231.98 -10 -10 -10 -100    0 -1000 -1000 -10
135 21 pedestrian 0 0 -10 552.40 180.21 590.94 273.64 -10 -10 -10 -100    0 -1000 -1000 -10
135 6 pedestrian 0 0 -10 506.77 157.46 705.75 220.70 -10 -10 -10 -100    0 -1000 -1000 -10
135 5 pedestrian 0 0 -10 791.02 0.00 1238.00 374.00 -10 -10 -10 -100    0 -1000 -1000 -10
135 20 pedestrian 0 0 -10 194.01 152.30 249.34 324.23 -10 -10 -10 -100    0 -1000 -1000 -10
135 19 pedestrian 0 0 -10 531.40 170.45 556.57 250.99 -10 -10 -10 -100    0 -1000 -1000 -10
135 18 pedestrian 0 0 -10 451.73 171.05 478.89 271.43 -10 -10 -10 -100    0 -1000 -1000 -10
136 17 pedestrian 0 0 -10 610.34 167.10 629.55 233.89 -10 -10 -10 -100    0 -1000 -1000 -10
136 21 pedestrian 0 0 -10 541.61 182.69 577.64 279.37 -10 -10 -10 -100    0 -1000 -1000 -10
136 6 pedestrian 0 0 -10 505.44 157.30 705.82 222.04 -10 -10 -10 -100    0 -1000 -1000 -10
136 5 pedestrian 0 0 -10 801.21 0.00 1238.00 374.00 -10 -10 -10 -100    0 -1000 -1000 -10
136 20 pedestrian 0 0 -10 171.09 154.19 231.57 332.25 -10 -10 -10 -100    0 -1000 -1000 -10
136 19 pedestrian 0 0 -10 524.81 170.69 550.00 253.15 -10 -10 -10 -100    0 -1000 -1000 -10
136 18 pedestrian 0 0 -10 444.09 172.19 471.28 274.88 -10 -10 -10 -100    0 -1000 -1000 -10
137 17 pedestrian 0 0 -10 607.91 166.74 627.10 234.01 -10 -10 -10 -100    0 -1000 -1000 -10
137 21 pedestrian 0 0 -10 528.88 181.24 568.07 283.91 -10 -10 -10 -100    0 -1000 -1000 -10
137 6 pedestrian 0 0 -10 501.89 157.11 705.45 223.77 -10 -10 -10 -100    0 -1000 -1000 -10
137 5 pedestrian 0 0 -10 811.53 0.00 1237.49 374.00 -10 -10 -10 -100    0 -1000 -1000 -10
137 20 pedestrian 0 0 -10 145.63 153.33 210.08 339.94 -10 -10 -10 -100    0 -1000 -1000 -10
137 19 pedestrian 0 0 -10 519.81 170.39 547.20 255.45 -10 -10 -10 -100    0 -1000 -1000 -10
137 18 pedestrian 0 0 -10 434.81 172.54 461.55 277.43 -10 -10 -10 -100    0 -1000 -1000 -10
138 17 pedestrian 0 0 -10 604.13 167.36 624.54 235.89 -10 -10 -10 -100    0 -1000 -1000 -10
138 21 pedestrian 0 0 -10 518.99 180.81 558.44 288.03 -10 -10 -10 -100    0 -1000 -1000 -10
138 6 pedestrian 0 0 -10 495.59 158.13 703.00 224.44 -10 -10 -10 -100    0 -1000 -1000 -10
138 5 pedestrian 0 0 -10 826.01 0.00 1238.00 374.00 -10 -10 -10 -100    0 -1000 -1000 -10
138 20 pedestrian 0 0 -10 118.39 154.98 187.17 350.98 -10 -10 -10 -100    0 -1000 -1000 -10
138 19 pedestrian 0 0 -10 516.58 171.30 543.83 256.40 -10 -10 -10 -100    0 -1000 -1000 -10
138 18 pedestrian 0 0 -10 426.45 172.18 452.90 280.61 -10 -10 -10 -100    0 -1000 -1000 -10
139 25 pedestrian 0 0 -10 774.30 155.59 810.24 245.28 -10 -10 -10 -100    0 -1000 -1000 -10
139 17 pedestrian 0 0 -10 601.62 167.81 621.71 238.12 -10 -10 -10 -100    0 -1000 -1000 -10
139 21 pedestrian 0 0 -10 508.77 182.04 551.76 292.97 -10 -10 -10 -100    0 -1000 -1000 -10
139 6 pedestrian 0 0 -10 492.29 158.13 702.59 227.44 -10 -10 -10 -100    0 -1000 -1000 -10
139 5 pedestrian 0 0 -10 838.00 0.00 1238.00 374.00 -10 -10 -10 -100    0 -1000 -1000 -10
139 19 pedestrian 0 0 -10 512.27 170.71 539.11 259.75 -10 -10 -10 -100    0 -1000 -1000 -10
139 18 pedestrian 0 0 -10 418.91 171.94 444.69 285.10 -10 -10 -10 -100    0 -1000 -1000 -10
140 25 pedestrian 0 0 -10 771.58 157.87 806.86 248.09 -10 -10 -10 -100    0 -1000 -1000 -10
140 17 pedestrian 0 0 -10 598.47 169.48 619.07 239.09 -10 -10 -10 -100    0 -1000 -1000 -10
140 21 pedestrian 0 0 -10 494.49 184.05 543.78 298.21 -10 -10 -10 -100    0 -1000 -1000 -10
140 6 pedestrian 0 0 -10 485.80 158.74 701.86 228.49 -10 -10 -10 -100    0 -1000 -1000 -10
140 5 pedestrian 0 0 -10 855.39 0.00 1237.01 374.00 -10 -10 -10 -100    0 -1000 -1000 -10
140 19 pedestrian 0 0 -10 509.87 170.90 538.55 266.00 -10 -10 -10 -100    0 -1000 -1000 -10
140 18 pedestrian 0 0 -10 410.55 174.37 436.63 287.51 -10 -10 -10 -100    0 -1000 -1000 -10
141 27 pedestrian 0 0 -10 858.61 162.34 891.70 262.16 -10 -10 -10 -100    0 -1000 -1000 -10
141 25 pedestrian 0 0 -10 771.74 157.23 807.23 247.06 -10 -10 -10 -100    0 -1000 -1000 -10
141 17 pedestrian 0 0 -10 595.61 167.77 617.50 240.00 -10 -10 -10 -100    0 -1000 -1000 -10
141 21 pedestrian 0 0 -10 479.54 184.01 534.96 303.78 -10 -10 -10 -100    0 -1000 -1000 -10
141 6 pedestrian 0 0 -10 482.52 157.80 701.70 229.30 -10 -10 -10 -100    0 -1000 -1000 -10
141 5 pedestrian 0 0 -10 869.82 0.00 1237.40 374.00 -10 -10 -10 -100    0 -1000 -1000 -10
141 19 pedestrian 0 0 -10 510.18 172.25 539.82 267.13 -10 -10 -10 -100    0 -1000 -1000 -10
141 18 pedestrian 0 0 -10 401.51 174.06 429.25 292.17 -10 -10 -10 -100    0 -1000 -1000 -10
142 27 pedestrian 0 0 -10 865.10 163.62 896.87 261.43 -10 -10 -10 -100    0 -1000 -1000 -10
142 26 pedestrian 0 0 -10 569.90 168.77 586.94 229.47 -10 -10 -10 -100    0 -1000 -1000 -10
142 25 pedestrian 0 0 -10 774.41 158.28 807.05 250.01 -10 -10 -10 -100    0 -1000 -1000 -10
142 17 pedestrian 0 0 -10 594.38 166.96 616.08 240.29 -10 -10 -10 -100    0 -1000 -1000 -10
142 21 pedestrian 0 0 -10 459.58 183.70 521.59 309.45 -10 -10 -10 -100    0 -1000 -1000 -10
142 6 pedestrian 0 0 -10 479.71 157.16 703.32 230.35 -10 -10 -10 -100    0 -1000 -1000 -10
142 5 pedestrian 0 0 -10 895.70 0.00 1238.00 374.00 -10 -10 -10 -100    0 -1000 -1000 -10
142 20 pedestrian 0 0 -10 0.08 147.12 77.32 374.00 -10 -10 -10 -100    0 -1000 -1000 -10
142 19 pedestrian 0 0 -10 503.21 169.48 534.53 271.12 -10 -10 -10 -100    0 -1000 -1000 -10
142 18 pedestrian 0 0 -10 393.63 172.74 422.34 295.44 -10 -10 -10 -100    0 -1000 -1000 -10
143 27 pedestrian 0 0 -10 871.47 161.91 904.94 264.63 -10 -10 -10 -100    0 -1000 -1000 -10
143 26 pedestrian 0 0 -10 567.77 169.60 584.54 230.73 -10 -10 -10 -100    0 -1000 -1000 -10
143 25 pedestrian 0 0 -10 778.69 158.59 812.35 252.04 -10 -10 -10 -100    0 -1000 -1000 -10
143 17 pedestrian 0 0 -10 593.12 168.44 615.04 240.79 -10 -10 -10 -100    0 -1000 -1000 -10
143 21 pedestrian 0 0 -10 446.26 182.43 508.32 319.22 -10 -10 -10 -100    0 -1000 -1000 -10
143 6 pedestrian 0 0 -10 475.26 158.59 699.38 230.49 -10 -10 -10 -100    0 -1000 -1000 -10
143 5 pedestrian 0 0 -10 921.38 0.00 1238.00 374.00 -10 -10 -10 -100    0 -1000 -1000 -10
143 20 pedestrian 0 0 -10 0.03 151.76 50.94 374.00 -10 -10 -10 -100    0 -1000 -1000 -10
143 19 pedestrian 0 0 -10 496.24 170.94 530.01 276.02 -10 -10 -10 -100    0 -1000 -1000 -10
143 18 pedestrian 0 0 -10 383.73 173.83 411.90 301.36 -10 -10 -10 -100    0 -1000 -1000 -10
144 27 pedestrian 0 0 -10 876.76 161.67 914.76 270.81 -10 -10 -10 -100    0 -1000 -1000 -10
144 26 pedestrian 0 0 -10 563.61 169.92 580.50 233.89 -10 -10 -10 -100    0 -1000 -1000 -10
144 25 pedestrian 0 0 -10 778.33 158.74 812.74 252.68 -10 -10 -10 -100    0 -1000 -1000 -10
144 17 pedestrian 0 0 -10 591.06 167.60 614.31 242.84 -10 -10 -10 -100    0 -1000 -1000 -10
144 21 pedestrian 0 0 -10 431.21 184.59 492.80 328.71 -10 -10 -10 -100    0 -1000 -1000 -10
144 6 pedestrian 0 0 -10 468.54 161.56 697.27 232.72 -10 -10 -10 -100    0 -1000 -1000 -10
144 5 pedestrian 0 0 -10 962.67 0.00 1238.00 374.00 -10 -10 -10 -100    0 -1000 -1000 -10
144 19 pedestrian 0 0 -10 488.88 171.73 525.82 277.40 -10 -10 -10 -100    0 -1000 -1000 -10
144 18 pedestrian 0 0 -10 372.20 174.73 403.46 304.98 -10 -10 -10 -100    0 -1000 -1000 -10
145 27 pedestrian 0 0 -10 882.34 163.37 923.12 274.57 -10 -10 -10 -100    0 -1000 -1000 -10
145 26 pedestrian 0 0 -10 560.05 169.50 578.06 232.94 -10 -10 -10 -100    0 -1000 -1000 -10
145 25 pedestrian 0 0 -10 779.50 161.05 817.17 255.54 -10 -10 -10 -100    0 -1000 -1000 -10
145 17 pedestrian 0 0 -10 589.66 167.49 613.41 244.12 -10 -10 -10 -100    0 -1000 -1000 -10
145 21 pedestrian 0 0 -10 414.60 187.50 477.47 334.52 -10 -10 -10 -100    0 -1000 -1000 -10
145 6 pedestrian 0 0 -10 461.30 163.05 693.72 234.75 -10 -10 -10 -100    0 -1000 -1000 -10
145 19 pedestrian 0 0 -10 483.43 172.58 520.74 277.26 -10 -10 -10 -100    0 -1000 -1000 -10
145 18 pedestrian 0 0 -10 361.08 174.88 395.21 311.63 -10 -10 -10 -100    0 -1000 -1000 -10
146 27 pedestrian 0 0 -10 889.60 164.27 932.28 279.93 -10 -10 -10 -100    0 -1000 -1000 -10
146 26 pedestrian 0 0 -10 555.62 169.88 574.91 234.88 -10 -10 -10 -100    0 -1000 -1000 -10
146 25 pedestrian 0 0 -10 783.21 161.16 820.44 259.18 -10 -10 -10 -100    0 -1000 -1000 -10
146 17 pedestrian 0 0 -10 588.44 167.85 611.98 244.77 -10 -10 -10 -100    0 -1000 -1000 -10
146 21 pedestrian 0 0 -10 394.97 187.56 460.79 345.58 -10 -10 -10 -100    0 -1000 -1000 -10
146 6 pedestrian 0 0 -10 447.28 165.02 692.30 239.47 -10 -10 -10 -100    0 -1000 -1000 -10
146 19 pedestrian 0 0 -10 476.80 173.48 515.41 281.38 -10 -10 -10 -100    0 -1000 -1000 -10
146 18 pedestrian 0 0 -10 348.66 176.44 384.44 315.31 -10 -10 -10 -100    0 -1000 -1000 -10
147 28 pedestrian 0 0 -10 694.93 167.22 712.46 229.42 -10 -10 -10 -100    0 -1000 -1000 -10
147 27 pedestrian 0 0 -10 897.70 167.10 941.74 285.65 -10 -10 -10 -100    0 -1000 -1000 -10
147 25 pedestrian 0 0 -10 773.22 165.94 800.62 261.01 -10 -10 -10 -100    0 -1000 -1000 -10
147 17 pedestrian 0 0 -10 586.37 168.34 611.87 247.03 -10 -10 -10 -100    0 -1000 -1000 -10
147 21 pedestrian 0 0 -10 382.09 190.36 442.18 357.72 -10 -10 -10 -100    0 -1000 -1000 -10
147 6 pedestrian 0 0 -10 435.20 165.45 696.44 245.17 -10 -10 -10 -100    0 -1000 -1000 -10
147 19 pedestrian 0 0 -10 466.85 173.29 511.73 285.16 -10 -10 -10 -100    0 -1000 -1000 -10
147 18 pedestrian 0 0 -10 336.25 176.03 372.53 321.57 -10 -10 -10 -100    0 -1000 -1000 -10
148 28 pedestrian 0 0 -10 694.69 167.93 711.59 231.54 -10 -10 -10 -100    0 -1000 -1000 -10
148 27 pedestrian 0 0 -10 905.80 166.69 952.69 290.87 -10 -10 -10 -100    0 -1000 -1000 -10
148 25 pedestrian 0 0 -10 778.44 164.28 805.73 266.41 -10 -10 -10 -100    0 -1000 -1000 -10
148 17 pedestrian 0 0 -10 586.72 169.15 611.25 248.28 -10 -10 -10 -100    0 -1000 -1000 -10
148 21 pedestrian 0 0 -10 362.18 191.39 421.09 370.03 -10 -10 -10 -100    0 -1000 -1000 -10
148 6 pedestrian 0 0 -10 426.28 167.25 695.10 251.08 -10 -10 -10 -100    0 -1000 -1000 -10
148 19 pedestrian 0 0 -10 461.50 174.40 507.26 288.47 -10 -10 -10 -100    0 -1000 -1000 -10
148 18 pedestrian 0 0 -10 323.21 175.28 358.09 329.21 -10 -10 -10 -100    0 -1000 -1000 -10
149 28 pedestrian 0 0 -10 697.23 169.58 714.03 235.17 -10 -10 -10 -100    0 -1000 -1000 -10
149 27 pedestrian 0 0 -10 916.23 169.02 964.34 297.45 -10 -10 -10 -100    0 -1000 -1000 -10
149 25 pedestrian 0 0 -10 784.57 166.19 812.57 269.36 -10 -10 -10 -100    0 -1000 -1000 -10
149 17 pedestrian 0 0 -10 586.97 170.80 610.76 250.52 -10 -10 -10 -100    0 -1000 -1000 -10
149 21 pedestrian 0 0 -10 335.07 190.80 407.76 374.00 -10 -10 -10 -100    0 -1000 -1000 -10
149 6 pedestrian 0 0 -10 419.74 169.26 694.01 253.86 -10 -10 -10 -100    0 -1000 -1000 -10
149 19 pedestrian 0 0 -10 454.14 175.67 505.00 292.97 -10 -10 -10 -100    0 -1000 -1000 -10
149 18 pedestrian 0 0 -10 306.42 177.36 343.19 337.29 -10 -10 -10 -100    0 -1000 -1000 -10
150 28 pedestrian 0 0 -10 699.05 167.44 717.34 236.32 -10 -10 -10 -100    0 -1000 -1000 -10
150 27 pedestrian 0 0 -10 926.20 168.15 977.57 302.09 -10 -10 -10 -100    0 -1000 -1000 -10
150 26 pedestrian 0 0 -10 537.63 174.71 558.44 245.15 -10 -10 -10 -100    0 -1000 -1000 -10
150 25 pedestrian 0 0 -10 793.08 164.39 819.48 272.22 -10 -10 -10 -100    0 -1000 -1000 -10
150 17 pedestrian 0 0 -10 589.23 172.11 610.73 252.22 -10 -10 -10 -100    0 -1000 -1000 -10
150 21 pedestrian 0 0 -10 302.45 193.51 385.31 374.00 -10 -10 -10 -100    0 -1000 -1000 -10
150 6 pedestrian 0 0 -10 423.36 171.83 536.32 250.27 -10 -10 -10 -100    0 -1000 -1000 -10
150 19 pedestrian 0 0 -10 448.88 172.72 498.47 296.85 -10 -10 -10 -100    0 -1000 -1000 -10
150 18 pedestrian 0 0 -10 293.98 176.13 331.82 343.74 -10 -10 -10 -100    0 -1000 -1000 -10
151 28 pedestrian 0 0 -10 701.78 163.65 719.84 236.44 -10 -10 -10 -100    0 -1000 -1000 -10
151 27 pedestrian 0 0 -10 937.63 164.80 991.22 303.40 -10 -10 -10 -100    0 -1000 -1000 -10
151 26 pedestrian 0 0 -10 534.85 171.69 556.76 244.37 -10 -10 -10 -100    0 -1000 -1000 -10
151 25 pedestrian 0 0 -10 803.53 158.31 830.51 271.12 -10 -10 -10 -100    0 -1000 -1000 -10
151 17 pedestrian 0 0 -10 589.42 168.92 611.39 251.52 -10 -10 -10 -100    0 -1000 -1000 -10
151 21 pedestrian 0 0 -10 265.07 191.55 356.11 374.00 -10 -10 -10 -100    0 -1000 -1000 -10
151 6 pedestrian 0 0 -10 420.89 168.80 536.70 251.35 -10 -10 -10 -100    0 -1000 -1000 -10
151 19 pedestrian 0 0 -10 435.67 173.14 494.09 300.80 -10 -10 -10 -100    0 -1000 -1000 -10
151 18 pedestrian 0 0 -10 278.44 173.76 324.19 345.82 -10 -10 -10 -100    0 -1000 -1000 -10
152 29 pedestrian 0 0 -10 559.32 166.32 577.92 233.66 -10 -10 -10 -100    0 -1000 -1000 -10
152 28 pedestrian 0 0 -10 704.33 157.72 724.65 228.98 -10 -10 -10 -100    0 -1000 -1000 -10
152 27 pedestrian 0 0 -10 950.62 159.35 1005.70 302.69 -10 -10 -10 -100    0 -1000 -1000 -10
152 26 pedestrian 0 0 -10 527.79 167.34 550.24 241.09 -10 -10 -10 -100    0 -1000 -1000 -10
152 25 pedestrian 0 0 -10 808.67 153.71 835.98 265.27 -10 -10 -10 -100    0 -1000 -1000 -10
152 17 pedestrian 0 0 -10 587.86 164.65 611.01 248.41 -10 -10 -10 -100    0 -1000 -1000 -10
152 21 pedestrian 0 0 -10 207.28 189.48 314.17 374.00 -10 -10 -10 -100    0 -1000 -1000 -10
152 6 pedestrian 0 0 -10 415.52 165.25 537.30 251.96 -10 -10 -10 -100    0 -1000 -1000 -10
152 19 pedestrian 0 0 -10 421.98 173.25 492.99 304.90 -10 -10 -10 -100    0 -1000 -1000 -10
152 18 pedestrian 0 0 -10 259.71 168.91 303.56 357.35 -10 -10 -10 -100    0 -1000 -1000 -10
153 30 pedestrian 0 0 -10 537.39 151.22 689.77 226.84 -10 -10 -10 -100    0 -1000 -1000 -10
153 29 pedestrian 0 0 -10 557.96 161.30 577.27 229.59 -10 -10 -10 -100    0 -1000 -1000 -10
153 28 pedestrian 0 0 -10 707.58 152.14 727.36 227.13 -10 -10 -10 -100    0 -1000 -1000 -10
153 27 pedestrian 0 0 -10 965.27 154.64 1023.49 303.78 -10 -10 -10 -100    0 -1000 -1000 -10
153 26 pedestrian 0 0 -10 524.27 162.52 548.78 238.60 -10 -10 -10 -100    0 -1000 -1000 -10
153 25 pedestrian 0 0 -10 811.02 148.65 841.83 258.44 -10 -10 -10 -100    0 -1000 -1000 -10
153 17 pedestrian 0 0 -10 586.79 159.42 610.97 246.28 -10 -10 -10 -100    0 -1000 -1000 -10
153 21 pedestrian 0 0 -10 90.61 190.10 333.57 374.00 -10 -10 -10 -100    0 -1000 -1000 -10
153 6 pedestrian 0 0 -10 408.56 159.50 535.50 248.83 -10 -10 -10 -100    0 -1000 -1000 -10
153 19 pedestrian 0 0 -10 411.71 167.75 489.64 307.38 -10 -10 -10 -100    0 -1000 -1000 -10
153 18 pedestrian 0 0 -10 238.17 166.75 288.02 362.93 -10 -10 -10 -100    0 -1000 -1000 -10
154 30 pedestrian 0 0 -10 534.45 148.24 691.51 222.89 -10 -10 -10 -100    0 -1000 -1000 -10
154 29 pedestrian 0 0 -10 557.03 158.87 576.47 227.65 -10 -10 -10 -100    0 -1000 -1000 -10
154 28 pedestrian 0 0 -10 709.98 148.89 730.41 226.29 -10 -10 -10 -100    0 -1000 -1000 -10
154 27 pedestrian 0 0 -10 981.61 150.67 1041.81 307.50 -10 -10 -10 -100    0 -1000 -1000 -10
154 26 pedestrian 0 0 -10 519.34 160.59 543.86 236.97 -10 -10 -10 -100    0 -1000 -1000 -10
154 25 pedestrian 0 0 -10 812.30 143.90 847.13 258.65 -10 -10 -10 -100    0 -1000 -1000 -10
154 17 pedestrian 0 0 -10 587.37 157.26 610.39 244.00 -10 -10 -10 -100    0 -1000 -1000 -10
154 21 pedestrian 0 0 -10 21.88 188.23 295.20 374.00 -10 -10 -10 -100    0 -1000 -1000 -10
154 6 pedestrian 0 0 -10 404.78 155.29 536.28 245.26 -10 -10 -10 -100    0 -1000 -1000 -10
154 19 pedestrian 0 0 -10 401.95 164.03 485.43 311.58 -10 -10 -10 -100    0 -1000 -1000 -10
154 18 pedestrian 0 0 -10 213.12 163.68 268.50 374.00 -10 -10 -10 -100    0 -1000 -1000 -10
155 29 pedestrian 0 0 -10 555.89 157.22 575.81 227.53 -10 -10 -10 -100    0 -1000 -1000 -10
155 28 pedestrian 0 0 -10 712.46 147.03 733.60 227.39 -10 -10 -10 -100    0 -1000 -1000 -10
155 27 pedestrian 0 0 -10 1000.14 149.30 1061.52 313.05 -10 -10 -10 -100    0 -1000 -1000 -10
155 26 pedestrian 0 0 -10 513.43 159.64 538.63 237.15 -10 -10 -10 -100    0 -1000 -1000 -10
155 25 pedestrian 0 0 -10 817.34 143.58 853.90 257.93 -10 -10 -10 -100    0 -1000 -1000 -10
155 17 pedestrian 0 0 -10 586.93 156.74 610.78 243.16 -10 -10 -10 -100    0 -1000 -1000 -10
155 21 pedestrian 0 0 -10 0.00 187.62 248.54 374.00 -10 -10 -10 -100    0 -1000 -1000 -10
155 30 pedestrian 0 0 -10 533.86 147.32 692.82 221.93 -10 -10 -10 -100    0 -1000 -1000 -10
155 6 pedestrian 0 0 -10 399.38 153.12 534.84 245.76 -10 -10 -10 -100    0 -1000 -1000 -10
155 19 pedestrian 0 0 -10 393.67 163.51 481.22 315.02 -10 -10 -10 -100    0 -1000 -1000 -10
155 18 pedestrian 0 0 -10 185.80 163.64 249.36 374.00 -10 -10 -10 -100    0 -1000 -1000 -10
156 27 pedestrian 0 0 -10 1022.88 147.12 1086.09 320.90 -10 -10 -10 -100    0 -1000 -1000 -10
156 26 pedestrian 0 0 -10 506.72 156.22 531.78 236.61 -10 -10 -10 -100    0 -1000 -1000 -10
156 25 pedestrian 0 0 -10 818.80 140.88 860.64 262.75 -10 -10 -10 -100    0 -1000 -1000 -10
156 28 pedestrian 0 0 -10 713.24 143.98 734.96 225.49 -10 -10 -10 -100    0 -1000 -1000 -10
156 17 pedestrian 0 0 -10 587.20 154.18 611.23 242.50 -10 -10 -10 -100    0 -1000 -1000 -10
156 29 pedestrian 0 0 -10 552.60 154.48 573.87 228.07 -10 -10 -10 -100    0 -1000 -1000 -10
156 21 pedestrian 0 0 -10 0.00 193.08 189.71 374.00 -10 -10 -10 -100    0 -1000 -1000 -10
156 30 pedestrian 0 0 -10 533.37 144.20 693.64 219.69 -10 -10 -10 -100    0 -1000 -1000 -10
156 6 pedestrian 0 0 -10 390.84 151.26 535.51 245.35 -10 -10 -10 -100    0 -1000 -1000 -10
156 19 pedestrian 0 0 -10 380.89 159.70 477.01 322.60 -10 -10 -10 -100    0 -1000 -1000 -10
156 18 pedestrian 0 0 -10 153.66 159.47 226.22 374.00 -10 -10 -10 -100    0 -1000 -1000 -10
157 27 pedestrian 0 0 -10 1040.05 145.16 1109.69 328.20 -10 -10 -10 -100    0 -1000 -1000 -10
157 26 pedestrian 0 0 -10 500.39 154.07 525.70 237.70 -10 -10 -10 -100    0 -1000 -1000 -10
157 25 pedestrian 0 0 -10 821.37 138.91 864.07 263.31 -10 -10 -10 -100    0 -1000 -1000 -10
157 28 pedestrian 0 0 -10 714.78 141.23 736.88 225.33 -10 -10 -10 -100    0 -1000 -1000 -10
157 17 pedestrian 0 0 -10 587.74 152.95 611.50 242.60 -10 -10 -10 -100    0 -1000 -1000 -10
157 29 pedestrian 0 0 -10 549.64 151.77 571.40 227.77 -10 -10 -10 -100    0 -1000 -1000 -10
157 30 pedestrian 0 0 -10 531.24 143.14 696.25 218.97 -10 -10 -10 -100    0 -1000 -1000 -10
157 6 pedestrian 0 0 -10 384.52 149.88 531.56 245.82 -10 -10 -10 -100    0 -1000 -1000 -10
157 19 pedestrian 0 0 -10 368.79 158.23 468.36 328.25 -10 -10 -10 -100    0 -1000 -1000 -10
157 18 pedestrian 0 0 -10 121.61 159.69 201.88 374.00 -10 -10 -10 -100    0 -1000 -1000 -10
158 27 pedestrian 0 0 -10 1054.83 141.27 1135.65 336.41 -10 -10 -10 -100    0 -1000 -1000 -10
158 26 pedestrian 0 0 -10 491.91 153.30 520.55 241.25 -10 -10 -10 -100    0 -1000 -1000 -10
158 25 pedestrian 0 0 -10 822.36 137.79 867.53 264.01 -10 -10 -10 -100    0 -1000 -1000 -10
158 28 pedestrian 0 0 -10 717.91 139.70 742.02 226.51 -10 -10 -10 -100    0 -1000 -1000 -10
158 17 pedestrian 0 0 -10 587.53 151.45 611.85 244.24 -10 -10 -10 -100    0 -1000 -1000 -10
158 29 pedestrian 0 0 -10 548.99 150.46 570.79 228.28 -10 -10 -10 -100    0 -1000 -1000 -10
158 30 pedestrian 0 0 -10 528.26 141.75 697.53 219.55 -10 -10 -10 -100    0 -1000 -1000 -10
158 6 pedestrian 0 0 -10 383.43 153.05 528.75 245.90 -10 -10 -10 -100    0 -1000 -1000 -10
158 19 pedestrian 0 0 -10 352.36 155.64 457.01 338.23 -10 -10 -10 -100    0 -1000 -1000 -10
159 26 pedestrian 0 0 -10 482.90 155.03 513.11 244.88 -10 -10 -10 -100    0 -1000 -1000 -10
159 25 pedestrian 0 0 -10 823.01 139.72 868.24 265.77 -10 -10 -10 -100    0 -1000 -1000 -10
159 28 pedestrian 0 0 -10 722.75 138.79 747.84 228.33 -10 -10 -10 -100    0 -1000 -1000 -10
159 17 pedestrian 0 0 -10 587.48 151.75 614.05 247.32 -10 -10 -10 -100    0 -1000 -1000 -10
159 29 pedestrian 0 0 -10 545.61 151.05 568.25 233.05 -10 -10 -10 -100    0 -1000 -1000 -10
159 30 pedestrian 0 0 -10 526.26 142.17 698.10 222.55 -10 -10 -10 -100    0 -1000 -1000 -10
159 6 pedestrian 0 0 -10 389.98 156.95 530.37 239.38 -10 -10 -10 -100    0 -1000 -1000 -10
159 27 pedestrian 0 0 -10 1078.61 139.91 1163.01 347.20 -10 -10 -10 -100    0 -1000 -1000 -10
159 19 pedestrian 0 0 -10 332.41 154.36 443.51 350.51 -10 -10 -10 -100    0 -1000 -1000 -10
160 26 pedestrian 0 0 -10 473.97 156.31 503.96 248.99 -10 -10 -10 -100    0 -1000 -1000 -10
160 25 pedestrian 0 0 -10 825.47 140.10 873.75 270.04 -10 -10 -10 -100    0 -1000 -1000 -10
160 28 pedestrian 0 0 -10 724.41 139.39 751.71 232.86 -10 -10 -10 -100    0 -1000 -1000 -10
160 17 pedestrian 0 0 -10 586.78 154.75 613.63 250.19 -10 -10 -10 -100    0 -1000 -1000 -10
160 29 pedestrian 0 0 -10 542.17 153.71 566.50 236.83 -10 -10 -10 -100    0 -1000 -1000 -10
160 23 pedestrian 0 0 -10 0.00 160.07 142.59 374.00 -10 -10 -10 -100    0 -1000 -1000 -10
160 30 pedestrian 0 0 -10 523.71 143.50 700.52 225.96 -10 -10 -10 -100    0 -1000 -1000 -10
160 6 pedestrian 0 0 -10 386.98 162.20 529.66 241.27 -10 -10 -10 -100    0 -1000 -1000 -10
160 27 pedestrian 0 0 -10 1103.34 137.12 1193.98 358.55 -10 -10 -10 -100    0 -1000 -1000 -10
160 19 pedestrian 0 0 -10 311.81 156.91 428.73 364.47 -10 -10 -10 -100    0 -1000 -1000 -10
161 26 pedestrian 0 0 -10 463.10 156.59 491.88 250.95 -10 -10 -10 -100    0 -1000 -1000 -10
161 25 pedestrian 0 0 -10 827.78 138.48 879.13 272.56 -10 -10 -10 -100    0 -1000 -1000 -10
161 28 pedestrian 0 0 -10 725.29 139.90 752.83 233.78 -10 -10 -10 -100    0 -1000 -1000 -10
161 17 pedestrian 0 0 -10 583.74 154.51 612.64 251.88 -10 -10 -10 -100    0 -1000 -1000 -10
161 29 pedestrian 0 0 -10 536.49 153.45 561.58 240.35 -10 -10 -10 -100    0 -1000 -1000 -10
161 23 pedestrian 0 0 -10 0.00 160.91 99.02 374.00 -10 -10 -10 -100    0 -1000 -1000 -10
161 30 pedestrian 0 0 -10 521.87 143.70 701.96 228.53 -10 -10 -10 -100    0 -1000 -1000 -10
161 6 pedestrian 0 0 -10 374.62 168.29 524.00 246.99 -10 -10 -10 -100    0 -1000 -1000 -10
161 27 pedestrian 0 0 -10 1134.82 132.48 1222.81 370.68 -10 -10 -10 -100    0 -1000 -1000 -10
161 19 pedestrian 0 0 -10 287.84 157.03 411.21 374.00 -10 -10 -10 -100    0 -1000 -1000 -10
162 26 pedestrian 0 0 -10 451.25 154.29 481.33 253.10 -10 -10 -10 -100    0 -1000 -1000 -10
162 25 pedestrian 0 0 -10 832.45 137.18 884.19 276.16 -10 -10 -10 -100    0 -1000 -1000 -10
162 28 pedestrian 0 0 -10 727.48 138.35 756.42 235.98 -10 -10 -10 -100    0 -1000 -1000 -10
162 17 pedestrian 0 0 -10 580.96 152.82 612.50 253.79 -10 -10 -10 -100    0 -1000 -1000 -10
162 29 pedestrian 0 0 -10 529.22 152.96 556.79 241.62 -10 -10 -10 -100    0 -1000 -1000 -10
162 30 pedestrian 0 0 -10 518.35 142.17 700.55 227.88 -10 -10 -10 -100    0 -1000 -1000 -10
162 6 pedestrian 0 0 -10 366.43 171.36 518.65 249.35 -10 -10 -10 -100    0 -1000 -1000 -10
162 27 pedestrian 0 0 -10 1159.77 129.67 1237.77 369.80 -10 -10 -10 -100    0 -1000 -1000 -10
162 19 pedestrian 0 0 -10 260.34 152.77 392.42 374.00 -10 -10 -10 -100    0 -1000 -1000 -10
163 26 pedestrian 0 0 -10 439.66 153.26 469.88 254.98 -10 -10 -10 -100    0 -1000 -1000 -10
163 25 pedestrian 0 0 -10 837.98 136.85 889.14 276.43 -10 -10 -10 -100    0 -1000 -1000 -10
163 28 pedestrian 0 0 -10 731.19 137.45 761.78 236.74 -10 -10 -10 -100    0 -1000 -1000 -10
163 17 pedestrian 0 0 -10 577.14 152.60 612.41 255.88 -10 -10 -10 -100    0 -1000 -1000 -10
163 29 pedestrian 0 0 -10 521.37 152.91 549.81 243.91 -10 -10 -10 -100    0 -1000 -1000 -10
163 30 pedestrian 0 0 -10 515.33 142.34 700.42 226.07 -10 -10 -10 -100    0 -1000 -1000 -10
163 6 pedestrian 0 0 -10 354.08 170.80 513.03 249.62 -10 -10 -10 -100    0 -1000 -1000 -10
163 27 pedestrian 0 0 -10 1192.86 124.32 1237.67 374.00 -10 -10 -10 -100    0 -1000 -1000 -10
163 19 pedestrian 0 0 -10 224.75 152.83 375.85 374.00 -10 -10 -10 -100    0 -1000 -1000 -10
164 26 pedestrian 0 0 -10 425.67 153.18 458.86 259.42 -10 -10 -10 -100    0 -1000 -1000 -10
164 25 pedestrian 0 0 -10 841.97 136.20 893.05 281.29 -10 -10 -10 -100    0 -1000 -1000 -10
164 28 pedestrian 0 0 -10 736.02 137.90 767.00 241.62 -10 -10 -10 -100    0 -1000 -1000 -10
164 17 pedestrian 0 0 -10 574.67 155.46 611.90 258.89 -10 -10 -10 -100    0 -1000 -1000 -10
164 29 pedestrian 0 0 -10 516.74 152.34 547.89 247.57 -10 -10 -10 -100    0 -1000 -1000 -10
164 30 pedestrian 0 0 -10 512.95 145.35 699.57 223.94 -10 -10 -10 -100    0 -1000 -1000 -10
164 6 pedestrian 0 0 -10 360.04 169.73 512.86 248.75 -10 -10 -10 -100    0 -1000 -1000 -10
164 19 pedestrian 0 0 -10 187.62 153.19 359.77 374.00 -10 -10 -10 -100    0 -1000 -1000 -10
165 26 pedestrian 0 0 -10 409.51 155.83 444.47 263.62 -10 -10 -10 -100    0 -1000 -1000 -10
165 25 pedestrian 0 0 -10 846.50 135.89 897.78 284.83 -10 -10 -10 -100    0 -1000 -1000 -10
165 28 pedestrian 0 0 -10 737.67 136.32 770.45 245.51 -10 -10 -10 -100    0 -1000 -1000 -10
165 17 pedestrian 0 0 -10 572.94 154.18 612.56 261.95 -10 -10 -10 -100    0 -1000 -1000 -10
165 29 pedestrian 0 0 -10 510.07 153.30 542.87 251.28 -10 -10 -10 -100    0 -1000 -1000 -10
165 30 pedestrian 0 0 -10 512.02 145.98 697.57 221.44 -10 -10 -10 -100    0 -1000 -1000 -10
165 6 pedestrian 0 0 -10 360.04 170.73 509.33 245.48 -10 -10 -10 -100    0 -1000 -1000 -10
165 19 pedestrian 0 0 -10 143.05 154.74 338.47 374.00 -10 -10 -10 -100    0 -1000 -1000 -10
166 26 pedestrian 0 0 -10 394.82 156.44 429.31 267.50 -10 -10 -10 -100    0 -1000 -1000 -10
166 25 pedestrian 0 0 -10 849.92 136.18 903.92 288.90 -10 -10 -10 -100    0 -1000 -1000 -10
166 31 pedestrian 0 0 -10 527.88 164.20 556.48 236.34 -10 -10 -10 -100    0 -1000 -1000 -10
166 28 pedestrian 0 0 -10 738.88 138.30 774.26 249.98 -10 -10 -10 -100    0 -1000 -1000 -10
166 17 pedestrian 0 0 -10 570.35 155.43 612.34 263.51 -10 -10 -10 -100    0 -1000 -1000 -10
166 29 pedestrian 0 0 -10 505.56 155.31 537.43 254.73 -10 -10 -10 -100    0 -1000 -1000 -10
166 30 pedestrian 0 0 -10 509.08 147.69 699.92 220.13 -10 -10 -10 -100    0 -1000 -1000 -10
166 6 pedestrian 0 0 -10 377.07 169.60 510.43 244.34 -10 -10 -10 -100    0 -1000 -1000 -10
166 19 pedestrian 0 0 -10 93.14 154.62 313.04 374.00 -10 -10 -10 -100    0 -1000 -1000 -10
167 26 pedestrian 0 0 -10 380.68 151.45 416.04 269.64 -10 -10 -10 -100    0 -1000 -1000 -10
167 25 pedestrian 0 0 -10 854.02 136.85 909.70 293.79 -10 -10 -10 -100    0 -1000 -1000 -10
167 31 pedestrian 0 0 -10 523.99 164.87 554.12 240.77 -10 -10 -10 -100    0 -1000 -1000 -10
167 28 pedestrian 0 0 -10 740.83 137.17 777.23 253.38 -10 -10 -10 -100    0 -1000 -1000 -10
167 17 pedestrian 0 0 -10 569.56 155.15 612.24 265.96 -10 -10 -10 -100    0 -1000 -1000 -10
167 29 pedestrian 0 0 -10 498.05 153.82 533.06 258.54 -10 -10 -10 -100    0 -1000 -1000 -10
167 30 pedestrian 0 0 -10 507.89 149.28 694.99 219.34 -10 -10 -10 -100    0 -1000 -1000 -10
167 6 pedestrian 0 0 -10 390.71 172.50 506.68 251.47 -10 -10 -10 -100    0 -1000 -1000 -10
167 19 pedestrian 0 0 -10 0.44 152.43 278.10 374.00 -10 -10 -10 -100    0 -1000 -1000 -10
168 26 pedestrian 0 0 -10 364.34 153.45 401.89 277.28 -10 -10 -10 -100    0 -1000 -1000 -10
168 25 pedestrian 0 0 -10 857.47 135.37 914.70 296.97 -10 -10 -10 -100    0 -1000 -1000 -10
168 31 pedestrian 0 0 -10 518.93 164.62 550.68 245.10 -10 -10 -10 -100    0 -1000 -1000 -10
168 28 pedestrian 0 0 -10 742.69 136.53 781.88 258.23 -10 -10 -10 -100    0 -1000 -1000 -10
168 17 pedestrian 0 0 -10 568.93 154.13 611.86 267.92 -10 -10 -10 -100    0 -1000 -1000 -10
168 29 pedestrian 0 0 -10 491.09 151.56 527.22 261.37 -10 -10 -10 -100    0 -1000 -1000 -10
168 30 pedestrian 0 0 -10 500.28 150.49 692.15 218.56 -10 -10 -10 -100    0 -1000 -1000 -10
168 6 pedestrian 0 0 -10 384.19 174.76 498.36 254.52 -10 -10 -10 -100    0 -1000 -1000 -10
168 19 pedestrian 0 0 -10 0.00 148.91 255.50 374.00 -10 -10 -10 -100    0 -1000 -1000 -10
169 26 pedestrian 0 0 -10 346.68 157.08 385.44 282.25 -10 -10 -10 -100    0 -1000 -1000 -10
169 25 pedestrian 0 0 -10 859.34 133.76 920.26 299.29 -10 -10 -10 -100    0 -1000 -1000 -10
169 31 pedestrian 0 0 -10 513.61 164.84 548.09 248.71 -10 -10 -10 -100    0 -1000 -1000 -10
169 28 pedestrian 0 0 -10 745.17 135.66 786.48 262.05 -10 -10 -10 -100    0 -1000 -1000 -10
169 17 pedestrian 0 0 -10 569.64 155.39 612.46 270.09 -10 -10 -10 -100    0 -1000 -1000 -10
169 29 pedestrian 0 0 -10 482.33 152.46 521.82 265.23 -10 -10 -10 -100    0 -1000 -1000 -10
169 30 pedestrian 0 0 -10 496.08 150.43 688.94 220.60 -10 -10 -10 -100    0 -1000 -1000 -10
169 6 pedestrian 0 0 -10 365.19 175.38 490.75 266.14 -10 -10 -10 -100    0 -1000 -1000 -10
169 19 pedestrian 0 0 -10 0.13 144.74 219.09 374.00 -10 -10 -10 -100    0 -1000 -1000 -10
170 26 pedestrian 0 0 -10 326.77 158.71 367.38 288.19 -10 -10 -10 -100    0 -1000 -1000 -10
170 25 pedestrian 0 0 -10 860.89 134.13 924.33 302.77 -10 -10 -10 -100    0 -1000 -1000 -10
170 31 pedestrian 0 0 -10 509.06 164.90 543.09 252.06 -10 -10 -10 -100    0 -1000 -1000 -10
170 28 pedestrian 0 0 -10 747.70 134.71 790.04 266.11 -10 -10 -10 -100    0 -1000 -1000 -10
170 17 pedestrian 0 0 -10 570.51 154.87 613.27 273.81 -10 -10 -10 -100    0 -1000 -1000 -10
170 29 pedestrian 0 0 -10 473.26 154.10 512.34 268.99 -10 -10 -10 -100    0 -1000 -1000 -10
170 30 pedestrian 0 0 -10 492.22 151.53 686.17 222.11 -10 -10 -10 -100    0 -1000 -1000 -10
170 6 pedestrian 0 0 -10 348.08 177.51 482.32 268.79 -10 -10 -10 -100    0 -1000 -1000 -10
170 19 pedestrian 0 0 -10 0.00 148.31 188.72 374.00 -10 -10 -10 -100    0 -1000 -1000 -10
171 26 pedestrian 0 0 -10 303.24 158.74 342.51 292.66 -10 -10 -10 -100    0 -1000 -1000 -10
171 25 pedestrian 0 0 -10 866.86 131.47 932.62 309.69 -10 -10 -10 -100    0 -1000 -1000 -10
171 31 pedestrian 0 0 -10 504.21 164.57 539.82 256.40 -10 -10 -10 -100    0 -1000 -1000 -10
171 28 pedestrian 0 0 -10 750.23 135.49 796.31 272.37 -10 -10 -10 -100    0 -1000 -1000 -10
171 17 pedestrian 0 0 -10 571.35 155.79 615.80 277.26 -10 -10 -10 -100    0 -1000 -1000 -10
171 29 pedestrian 0 0 -10 462.43 155.22 502.79 275.88 -10 -10 -10 -100    0 -1000 -1000 -10
171 30 pedestrian 0 0 -10 484.13 152.71 683.69 224.77 -10 -10 -10 -100    0 -1000 -1000 -10
171 6 pedestrian 0 0 -10 323.35 178.42 466.11 272.16 -10 -10 -10 -100    0 -1000 -1000 -10
171 19 pedestrian 0 0 -10 0.10 148.62 148.26 374.00 -10 -10 -10 -100    0 -1000 -1000 -10
172 26 pedestrian 0 0 -10 280.11 157.38 321.11 297.77 -10 -10 -10 -100    0 -1000 -1000 -10
172 25 pedestrian 0 0 -10 869.89 133.61 937.70 316.64 -10 -10 -10 -100    0 -1000 -1000 -10
172 31 pedestrian 0 0 -10 500.88 164.85 536.70 260.72 -10 -10 -10 -100    0 -1000 -1000 -10
172 28 pedestrian 0 0 -10 755.89 135.75 804.05 279.15 -10 -10 -10 -100    0 -1000 -1000 -10
172 17 pedestrian 0 0 -10 572.60 155.78 620.28 281.56 -10 -10 -10 -100    0 -1000 -1000 -10
172 29 pedestrian 0 0 -10 452.18 155.65 496.36 281.84 -10 -10 -10 -100    0 -1000 -1000 -10
172 30 pedestrian 0 0 -10 477.70 154.88 682.63 226.87 -10 -10 -10 -100    0 -1000 -1000 -10
172 6 pedestrian 0 0 -10 302.22 181.01 452.31 277.07 -10 -10 -10 -100    0 -1000 -1000 -10
173 32 pedestrian 0 0 -10 535.33 163.60 551.17 220.97 -10 -10 -10 -100    0 -1000 -1000 -10
173 26 pedestrian 0 0 -10 254.60 156.31 297.74 302.14 -10 -10 -10 -100    0 -1000 -1000 -10
173 25 pedestrian 0 0 -10 881.97 136.27 948.64 323.95 -10 -10 -10 -100    0 -1000 -1000 -10
173 31 pedestrian 0 0 -10 496.19 165.54 533.28 265.51 -10 -10 -10 -100    0 -1000 -1000 -10
173 28 pedestrian 0 0 -10 763.51 135.56 814.36 285.57 -10 -10 -10 -100    0 -1000 -1000 -10
173 17 pedestrian 0 0 -10 572.80 156.47 623.57 284.02 -10 -10 -10 -100    0 -1000 -1000 -10
173 29 pedestrian 0 0 -10 445.11 157.98 490.71 285.87 -10 -10 -10 -100    0 -1000 -1000 -10
173 30 pedestrian 0 0 -10 463.44 155.06 681.75 231.88 -10 -10 -10 -100    0 -1000 -1000 -10
173 6 pedestrian 0 0 -10 283.99 182.17 435.56 280.42 -10 -10 -10 -100    0 -1000 -1000 -10
174 33 pedestrian 0 0 -10 411.94 192.96 462.55 274.76 -10 -10 -10 -100    0 -1000 -1000 -10
174 32 pedestrian 0 0 -10 535.20 164.29 551.77 223.33 -10 -10 -10 -100    0 -1000 -1000 -10
174 26 pedestrian 0 0 -10 225.68 159.06 273.20 312.75 -10 -10 -10 -100    0 -1000 -1000 -10
174 25 pedestrian 0 0 -10 896.98 135.64 960.10 327.46 -10 -10 -10 -100    0 -1000 -1000 -10
174 31 pedestrian 0 0 -10 491.72 166.80 529.18 271.73 -10 -10 -10 -100    0 -1000 -1000 -10
174 28 pedestrian 0 0 -10 772.98 134.49 823.63 289.21 -10 -10 -10 -100    0 -1000 -1000 -10
174 17 pedestrian 0 0 -10 574.80 157.51 626.57 288.31 -10 -10 -10 -100    0 -1000 -1000 -10
174 29 pedestrian 0 0 -10 433.82 156.77 483.96 291.30 -10 -10 -10 -100    0 -1000 -1000 -10
174 30 pedestrian 0 0 -10 452.94 157.50 681.83 236.84 -10 -10 -10 -100    0 -1000 -1000 -10
174 6 pedestrian 0 0 -10 268.82 183.92 431.00 283.08 -10 -10 -10 -100    0 -1000 -1000 -10
175 33 pedestrian 0 0 -10 408.72 193.78 461.92 281.12 -10 -10 -10 -100    0 -1000 -1000 -10
175 32 pedestrian 0 0 -10 533.52 166.33 551.59 228.39 -10 -10 -10 -100    0 -1000 -1000 -10
175 26 pedestrian 0 0 -10 197.20 163.94 249.78 318.29 -10 -10 -10 -100    0 -1000 -1000 -10
175 25 pedestrian 0 0 -10 903.81 134.50 972.22 332.75 -10 -10 -10 -100    0 -1000 -1000 -10
175 31 pedestrian 0 0 -10 486.30 167.90 527.71 278.71 -10 -10 -10 -100    0 -1000 -1000 -10
175 28 pedestrian 0 0 -10 780.76 133.86 835.47 299.81 -10 -10 -10 -100    0 -1000 -1000 -10
175 17 pedestrian 0 0 -10 580.18 157.80 630.93 292.01 -10 -10 -10 -100    0 -1000 -1000 -10
175 29 pedestrian 0 0 -10 425.99 153.97 476.41 299.40 -10 -10 -10 -100    0 -1000 -1000 -10
175 30 pedestrian 0 0 -10 446.53 159.13 679.32 240.42 -10 -10 -10 -100    0 -1000 -1000 -10
175 6 pedestrian 0 0 -10 275.98 184.18 432.23 290.62 -10 -10 -10 -100    0 -1000 -1000 -10
175 34 pedestrian 0 0 -10 557.53 165.03 576.21 229.61 -10 -10 -10 -100    0 -1000 -1000 -10
176 33 pedestrian 0 0 -10 402.95 193.89 455.59 285.40 -10 -10 -10 -100    0 -1000 -1000 -10
176 32 pedestrian 0 0 -10 531.30 166.87 548.34 229.00 -10 -10 -10 -100    0 -1000 -1000 -10
176 26 pedestrian 0 0 -10 168.08 165.03 225.26 325.02 -10 -10 -10 -100    0 -1000 -1000 -10
176 25 pedestrian 0 0 -10 915.47 131.37 985.82 338.71 -10 -10 -10 -100    0 -1000 -1000 -10
176 31 pedestrian 0 0 -10 480.43 167.90 524.05 283.83 -10 -10 -10 -100    0 -1000 -1000 -10
176 28 pedestrian 0 0 -10 789.97 133.14 848.43 308.41 -10 -10 -10 -100    0 -1000 -1000 -10
176 17 pedestrian 0 0 -10 583.90 158.31 635.41 296.62 -10 -10 -10 -100    0 -1000 -1000 -10
176 29 pedestrian 0 0 -10 414.24 158.02 469.10 309.91 -10 -10 -10 -100    0 -1000 -1000 -10
176 30 pedestrian 0 0 -10 442.12 159.99 678.96 246.35 -10 -10 -10 -100    0 -1000 -1000 -10
176 6 pedestrian 0 0 -10 264.91 184.02 429.46 297.58 -10 -10 -10 -100    0 -1000 -1000 -10
176 34 pedestrian 0 0 -10 557.15 165.12 576.20 231.37 -10 -10 -10 -100    0 -1000 -1000 -10
177 33 pedestrian 0 0 -10 401.90 196.96 455.95 290.12 -10 -10 -10 -100    0 -1000 -1000 -10
177 32 pedestrian 0 0 -10 530.24 166.13 547.84 229.97 -10 -10 -10 -100    0 -1000 -1000 -10
177 26 pedestrian 0 0 -10 134.76 161.61 198.80 336.46 -10 -10 -10 -100    0 -1000 -1000 -10
177 25 pedestrian 0 0 -10 926.76 131.76 999.10 343.61 -10 -10 -10 -100    0 -1000 -1000 -10
177 31 pedestrian 0 0 -10 472.79 168.71 520.56 290.49 -10 -10 -10 -100    0 -1000 -1000 -10
177 28 pedestrian 0 0 -10 798.51 130.05 862.25 317.24 -10 -10 -10 -100    0 -1000 -1000 -10
177 17 pedestrian 0 0 -10 587.87 160.38 640.16 299.61 -10 -10 -10 -100    0 -1000 -1000 -10
177 29 pedestrian 0 0 -10 403.12 156.49 460.40 315.98 -10 -10 -10 -100    0 -1000 -1000 -10
177 30 pedestrian 0 0 -10 436.56 160.00 680.55 249.93 -10 -10 -10 -100    0 -1000 -1000 -10
177 6 pedestrian 0 0 -10 255.79 183.77 421.38 303.04 -10 -10 -10 -100    0 -1000 -1000 -10
177 34 pedestrian 0 0 -10 557.96 165.63 576.76 232.12 -10 -10 -10 -100    0 -1000 -1000 -10
178 33 pedestrian 0 0 -10 389.47 196.52 443.58 291.84 -10 -10 -10 -100    0 -1000 -1000 -10
178 32 pedestrian 0 0 -10 527.92 164.74 545.92 229.22 -10 -10 -10 -100    0 -1000 -1000 -10
178 26 pedestrian 0 0 -10 98.17 161.85 169.46 341.58 -10 -10 -10 -100    0 -1000 -1000 -10
178 25 pedestrian 0 0 -10 931.69 131.11 1011.19 351.11 -10 -10 -10 -100    0 -1000 -1000 -10
178 31 pedestrian 0 0 -10 464.38 165.64 516.77 296.30 -10 -10 -10 -100    0 -1000 -1000 -10
178 28 pedestrian 0 0 -10 810.34 124.85 875.99 319.82 -10 -10 -10 -100    0 -1000 -1000 -10
178 17 pedestrian 0 0 -10 590.65 158.28 645.69 301.96 -10 -10 -10 -100    0 -1000 -1000 -10
178 29 pedestrian 0 0 -10 392.31 154.25 451.10 320.34 -10 -10 -10 -100    0 -1000 -1000 -10
178 30 pedestrian 0 0 -10 424.79 158.96 679.46 252.47 -10 -10 -10 -100    0 -1000 -1000 -10
178 6 pedestrian 0 0 -10 230.39 183.19 407.25 309.54 -10 -10 -10 -100    0 -1000 -1000 -10
178 34 pedestrian 0 0 -10 557.97 164.90 576.42 231.90 -10 -10 -10 -100    0 -1000 -1000 -10
179 33 pedestrian 0 0 -10 389.12 199.07 445.93 291.63 -10 -10 -10 -100    0 -1000 -1000 -10
179 32 pedestrian 0 0 -10 525.90 164.03 543.84 226.81 -10 -10 -10 -100    0 -1000 -1000 -10
179 26 pedestrian 0 0 -10 62.68 159.56 141.84 349.21 -10 -10 -10 -100    0 -1000 -1000 -10
179 25 pedestrian 0 0 -10 944.26 127.31 1028.26 356.80 -10 -10 -10 -100    0 -1000 -1000 -10
179 31 pedestrian 0 0 -10 455.92 165.03 512.57 303.98 -10 -10 -10 -100    0 -1000 -1000 -10
179 28 pedestrian 0 0 -10 824.03 122.91 894.51 331.80 -10 -10 -10 -100    0 -1000 -1000 -10
179 17 pedestrian 0 0 -10 594.73 155.89 650.31 305.76 -10 -10 -10 -100    0 -1000 -1000 -10
179 29 pedestrian 0 0 -10 380.40 151.11 438.94 328.76 -10 -10 -10 -100    0 -1000 -1000 -10
179 30 pedestrian 0 0 -10 417.27 158.22 679.22 258.12 -10 -10 -10 -100    0 -1000 -1000 -10
179 6 pedestrian 0 0 -10 205.07 185.74 394.13 317.40 -10 -10 -10 -100    0 -1000 -1000 -10
179 34 pedestrian 0 0 -10 557.22 164.65 576.07 232.22 -10 -10 -10 -100    0 -1000 -1000 -10
180 33 pedestrian 0 0 -10 381.73 197.19 444.84 295.64 -10 -10 -10 -100    0 -1000 -1000 -10
180 32 pedestrian 0 0 -10 524.29 164.26 542.98 230.43 -10 -10 -10 -100    0 -1000 -1000 -10
180 26 pedestrian 0 0 -10 25.30 160.03 108.00 355.89 -10 -10 -10 -100    0 -1000 -1000 -10
180 25 pedestrian 0 0 -10 954.26 125.05 1040.49 361.28 -10 -10 -10 -100    0 -1000 -1000 -10
180 31 pedestrian 0 0 -10 444.86 165.64 507.65 312.95 -10 -10 -10 -100    0 -1000 -1000 -10
180 28 pedestrian 0 0 -10 839.65 121.52 911.34 340.21 -10 -10 -10 -100    0 -1000 -1000 -10
180 17 pedestrian 0 0 -10 599.91 157.78 654.39 308.85 -10 -10 -10 -100    0 -1000 -1000 -10
180 29 pedestrian 0 0 -10 369.29 152.22 428.54 335.78 -10 -10 -10 -100    0 -1000 -1000 -10
180 30 pedestrian 0 0 -10 413.70 156.66 676.58 257.15 -10 -10 -10 -100    0 -1000 -1000 -10
180 6 pedestrian 0 0 -10 175.74 186.31 387.16 326.72 -10 -10 -10 -100    0 -1000 -1000 -10
180 34 pedestrian 0 0 -10 557.40 164.09 576.12 232.85 -10 -10 -10 -100    0 -1000 -1000 -10
181 35 pedestrian 0 0 -10 586.03 165.07 602.99 231.30 -10 -10 -10 -100    0 -1000 -1000 -10
181 33 pedestrian 0 0 -10 378.53 197.40 441.50 301.70 -10 -10 -10 -100    0 -1000 -1000 -10
181 32 pedestrian 0 0 -10 523.60 164.39 542.29 230.17 -10 -10 -10 -100    0 -1000 -1000 -10
181 26 pedestrian 0 0 -10 0.00 160.01 72.61 364.06 -10 -10 -10 -100    0 -1000 -1000 -10
181 25 pedestrian 0 0 -10 965.79 125.57 1059.54 367.96 -10 -10 -10 -100    0 -1000 -1000 -10
181 31 pedestrian 0 0 -10 435.55 165.32 502.92 323.54 -10 -10 -10 -100    0 -1000 -1000 -10
181 28 pedestrian 0 0 -10 858.06 121.58 937.59 351.22 -10 -10 -10 -100    0 -1000 -1000 -10
181 17 pedestrian 0 0 -10 606.07 157.46 660.00 312.18 -10 -10 -10 -100    0 -1000 -1000 -10
181 29 pedestrian 0 0 -10 349.64 150.43 414.67 346.86 -10 -10 -10 -100    0 -1000 -1000 -10
181 30 pedestrian 0 0 -10 411.12 156.95 675.04 258.98 -10 -10 -10 -100    0 -1000 -1000 -10
181 6 pedestrian 0 0 -10 171.80 185.60 377.04 331.07 -10 -10 -10 -100    0 -1000 -1000 -10
181 34 pedestrian 0 0 -10 557.53 164.05 576.47 232.99 -10 -10 -10 -100    0 -1000 -1000 -10
182 35 pedestrian 0 0 -10 585.35 164.45 602.26 232.19 -10 -10 -10 -100    0 -1000 -1000 -10
182 33 pedestrian 0 0 -10 376.48 197.67 440.47 302.81 -10 -10 -10 -100    0 -1000 -1000 -10
182 32 pedestrian 0 0 -10 521.40 164.36 540.89 230.14 -10 -10 -10 -100    0 -1000 -1000 -10
182 26 pedestrian 0 0 -10 0.12 170.76 30.10 372.55 -10 -10 -10 -100    0 -1000 -1000 -10
182 25 pedestrian 0 0 -10 981.08 127.31 1075.46 373.01 -10 -10 -10 -100    0 -1000 -1000 -10
182 31 pedestrian 0 0 -10 424.65 166.02 497.55 336.01 -10 -10 -10 -100    0 -1000 -1000 -10
182 28 pedestrian 0 0 -10 877.23 115.39 964.25 371.15 -10 -10 -10 -100    0 -1000 -1000 -10
182 17 pedestrian 0 0 -10 609.66 155.29 665.94 315.91 -10 -10 -10 -100    0 -1000 -1000 -10
182 29 pedestrian 0 0 -10 332.67 151.96 403.58 360.44 -10 -10 -10 -100    0 -1000 -1000 -10
182 30 pedestrian 0 0 -10 400.47 157.14 671.73 260.46 -10 -10 -10 -100    0 -1000 -1000 -10
182 6 pedestrian 0 0 -10 179.97 188.58 361.37 332.22 -10 -10 -10 -100    0 -1000 -1000 -10
182 34 pedestrian 0 0 -10 557.74 163.56 576.93 234.97 -10 -10 -10 -100    0 -1000 -1000 -10
183 35 pedestrian 0 0 -10 588.70 164.86 604.63 233.04 -10 -10 -10 -100    0 -1000 -1000 -10
183 32 pedestrian 0 0 -10 519.93 165.28 538.88 230.75 -10 -10 -10 -100    0 -1000 -1000 -10
183 25 pedestrian 0 0 -10 986.87 123.88 1085.18 374.00 -10 -10 -10 -100    0 -1000 -1000 -10
183 31 pedestrian 0 0 -10 408.08 166.48 491.27 348.98 -10 -10 -10 -100    0 -1000 -1000 -10
183 28 pedestrian 0 0 -10 900.53 108.41 996.79 374.00 -10 -10 -10 -100    0 -1000 -1000 -10
183 17 pedestrian 0 0 -10 612.65 155.83 671.79 322.90 -10 -10 -10 -100    0 -1000 -1000 -10
183 29 pedestrian 0 0 -10 316.34 151.85 392.14 372.87 -10 -10 -10 -100    0 -1000 -1000 -10
183 30 pedestrian 0 0 -10 415.03 154.72 660.52 254.78 -10 -10 -10 -100    0 -1000 -1000 -10
183 6 pedestrian 0 0 -10 163.27 190.30 351.03 337.83 -10 -10 -10 -100    0 -1000 -1000 -10
183 34 pedestrian 0 0 -10 557.91 164.67 576.95 235.11 -10 -10 -10 -100    0 -1000 -1000 -10
184 36 pedestrian 0 0 -10 493.50 166.20 509.72 229.75 -10 -10 -10 -100    0 -1000 -1000 -10
184 35 pedestrian 0 0 -10 589.60 165.20 604.94 233.43 -10 -10 -10 -100    0 -1000 -1000 -10
184 32 pedestrian 0 0 -10 519.15 165.66 538.10 233.02 -10 -10 -10 -100    0 -1000 -1000 -10
184 25 pedestrian 0 0 -10 987.09 121.31 1077.86 374.00 -10 -10 -10 -100    0 -1000 -1000 -10
184 31 pedestrian 0 0 -10 397.18 166.33 484.60 365.22 -10 -10 -10 -100    0 -1000 -1000 -10
184 28 pedestrian 0 0 -10 926.75 102.16 1029.33 374.00 -10 -10 -10 -100    0 -1000 -1000 -10
184 17 pedestrian 0 0 -10 618.78 158.00 675.84 327.02 -10 -10 -10 -100    0 -1000 -1000 -10
184 29 pedestrian 0 0 -10 298.30 147.22 379.39 374.00 -10 -10 -10 -100    0 -1000 -1000 -10
184 6 pedestrian 0 0 -10 143.20 191.98 337.19 345.62 -10 -10 -10 -100    0 -1000 -1000 -10
184 34 pedestrian 0 0 -10 557.48 164.82 576.72 235.88 -10 -10 -10 -100    0 -1000 -1000 -10
185 37 pedestrian 0 0 -10 349.09 206.78 415.78 320.96 -10 -10 -10 -100    0 -1000 -1000 -10
185 36 pedestrian 0 0 -10 493.03 168.85 508.49 231.94 -10 -10 -10 -100    0 -1000 -1000 -10
185 35 pedestrian 0 0 -10 590.21 165.75 605.04 235.27 -10 -10 -10 -100    0 -1000 -1000 -10
185 32 pedestrian 0 0 -10 517.08 167.00 536.96 234.23 -10 -10 -10 -100    0 -1000 -1000 -10
185 25 pedestrian 0 0 -10 1021.63 111.69 1119.98 374.00 -10 -10 -10 -100    0 -1000 -1000 -10
185 31 pedestrian 0 0 -10 377.13 167.30 479.14 374.00 -10 -10 -10 -100    0 -1000 -1000 -10
185 28 pedestrian 0 0 -10 961.41 99.91 1086.69 374.00 -10 -10 -10 -100    0 -1000 -1000 -10
185 17 pedestrian 0 0 -10 622.11 158.12 685.11 331.39 -10 -10 -10 -100    0 -1000 -1000 -10
185 29 pedestrian 0 0 -10 274.95 147.60 367.41 374.00 -10 -10 -10 -100    0 -1000 -1000 -10
185 6 pedestrian 0 0 -10 111.46 193.92 333.12 357.36 -10 -10 -10 -100    0 -1000 -1000 -10
185 34 pedestrian 0 0 -10 557.17 165.40 577.25 237.24 -10 -10 -10 -100    0 -1000 -1000 -10
186 39 pedestrian 0 0 -10 472.65 172.34 491.16 235.91 -10 -10 -10 -100    0 -1000 -1000 -10
186 38 pedestrian 0 0 -10 409.72 154.89 652.76 224.10 -10 -10 -10 -100    0 -1000 -1000 -10
186 37 pedestrian 0 0 -10 338.02 208.44 409.37 327.10 -10 -10 -10 -100    0 -1000 -1000 -10
186 36 pedestrian 0 0 -10 491.16 169.39 507.22 234.39 -10 -10 -10 -100    0 -1000 -1000 -10
186 35 pedestrian 0 0 -10 591.41 168.22 606.87 237.74 -10 -10 -10 -100    0 -1000 -1000 -10
186 32 pedestrian 0 0 -10 512.20 168.38 532.86 235.88 -10 -10 -10 -100    0 -1000 -1000 -10
186 25 pedestrian 0 0 -10 1002.38 94.25 1116.87 374.00 -10 -10 -10 -100    0 -1000 -1000 -10
186 31 pedestrian 0 0 -10 354.30 167.35 469.75 374.00 -10 -10 -10 -100    0 -1000 -1000 -10
186 17 pedestrian 0 0 -10 631.24 159.64 705.65 335.93 -10 -10 -10 -100    0 -1000 -1000 -10
186 29 pedestrian 0 0 -10 240.62 144.13 351.59 374.00 -10 -10 -10 -100    0 -1000 -1000 -10
186 6 pedestrian 0 0 -10 83.65 196.75 327.35 368.52 -10 -10 -10 -100    0 -1000 -1000 -10
186 34 pedestrian 0 0 -10 557.11 167.32 578.15 240.33 -10 -10 -10 -100    0 -1000 -1000 -10
187 39 pedestrian 0 0 -10 472.50 173.85 491.59 238.14 -10 -10 -10 -100    0 -1000 -1000 -10
187 38 pedestrian 0 0 -10 398.37 154.87 652.58 227.10 -10 -10 -10 -100    0 -1000 -1000 -10
187 37 pedestrian 0 0 -10 330.57 209.63 404.03 334.91 -10 -10 -10 -100    0 -1000 -1000 -10
187 36 pedestrian 0 0 -10 490.93 171.74 509.18 237.44 -10 -10 -10 -100    0 -1000 -1000 -10
187 35 pedestrian 0 0 -10 591.31 168.30 607.19 239.42 -10 -10 -10 -100    0 -1000 -1000 -10
187 32 pedestrian 0 0 -10 509.26 170.30 530.97 237.20 -10 -10 -10 -100    0 -1000 -1000 -10
187 25 pedestrian 0 0 -10 1060.04 112.09 1181.97 374.00 -10 -10 -10 -100    0 -1000 -1000 -10
187 31 pedestrian 0 0 -10 335.66 168.03 461.19 374.00 -10 -10 -10 -100    0 -1000 -1000 -10
187 17 pedestrian 0 0 -10 646.92 160.32 712.89 340.90 -10 -10 -10 -100    0 -1000 -1000 -10
187 29 pedestrian 0 0 -10 205.54 150.85 331.22 374.00 -10 -10 -10 -100    0 -1000 -1000 -10
187 6 pedestrian 0 0 -10 52.54 198.11 323.50 374.00 -10 -10 -10 -100    0 -1000 -1000 -10
187 34 pedestrian 0 0 -10 556.85 168.73 578.93 242.76 -10 -10 -10 -100    0 -1000 -1000 -10
188 40 pedestrian 0 0 -10 921.15 123.59 970.67 281.22 -10 -10 -10 -100    0 -1000 -1000 -10
188 39 pedestrian 0 0 -10 472.54 175.49 491.95 240.75 -10 -10 -10 -100    0 -1000 -1000 -10
188 38 pedestrian 0 0 -10 382.88 154.11 654.26 228.62 -10 -10 -10 -100    0 -1000 -1000 -10
188 37 pedestrian 0 0 -10 320.62 209.97 397.33 339.66 -10 -10 -10 -100    0 -1000 -1000 -10
188 36 pedestrian 0 0 -10 492.30 172.09 510.91 239.75 -10 -10 -10 -100    0 -1000 -1000 -10
188 35 pedestrian 0 0 -10 591.45 168.83 607.28 240.00 -10 -10 -10 -100    0 -1000 -1000 -10
188 25 pedestrian 0 0 -10 1105.57 119.28 1238.00 374.00 -10 -10 -10 -100    0 -1000 -1000 -10
188 31 pedestrian 0 0 -10 311.81 170.46 454.75 374.00 -10 -10 -10 -100    0 -1000 -1000 -10
188 17 pedestrian 0 0 -10 658.68 162.09 717.07 345.84 -10 -10 -10 -100    0 -1000 -1000 -10
188 29 pedestrian 0 0 -10 171.39 152.09 310.25 374.00 -10 -10 -10 -100    0 -1000 -1000 -10
188 6 pedestrian 0 0 -10 21.53 197.57 314.05 374.00 -10 -10 -10 -100    0 -1000 -1000 -10
188 34 pedestrian 0 0 -10 557.69 169.68 579.77 242.68 -10 -10 -10 -100    0 -1000 -1000 -10
189 40 pedestrian 0 0 -10 928.92 120.91 975.41 282.99 -10 -10 -10 -100    0 -1000 -1000 -10
189 39 pedestrian 0 0 -10 475.23 173.91 493.97 242.01 -10 -10 -10 -100    0 -1000 -1000 -10
189 38 pedestrian 0 0 -10 368.75 151.34 655.03 228.92 -10 -10 -10 -100    0 -1000 -1000 -10
189 37 pedestrian 0 0 -10 311.30 214.03 390.53 351.43 -10 -10 -10 -100    0 -1000 -1000 -10
189 36 pedestrian 0 0 -10 492.45 171.12 511.48 241.53 -10 -10 -10 -100    0 -1000 -1000 -10
189 35 pedestrian 0 0 -10 595.49 169.14 611.83 240.16 -10 -10 -10 -100    0 -1000 -1000 -10
189 33 pedestrian 0 0 -10 398.15 200.11 457.92 275.28 -10 -10 -10 -100    0 -1000 -1000 -10
189 25 pedestrian 0 0 -10 1093.99 56.18 1237.67 374.00 -10 -10 -10 -100    0 -1000 -1000 -10
189 31 pedestrian 0 0 -10 271.11 166.00 440.78 374.00 -10 -10 -10 -100    0 -1000 -1000 -10
189 28 pedestrian 0 0 -10 1036.32 109.68 1237.80 374.00 -10 -10 -10 -100    0 -1000 -1000 -10
189 17 pedestrian 0 0 -10 663.54 162.92 727.83 352.21 -10 -10 -10 -100    0 -1000 -1000 -10
189 29 pedestrian 0 0 -10 108.75 146.32 312.33 374.00 -10 -10 -10 -100    0 -1000 -1000 -10
189 6 pedestrian 0 0 -10 1.68 197.76 309.00 374.00 -10 -10 -10 -100    0 -1000 -1000 -10
189 34 pedestrian 0 0 -10 558.97 168.43 580.62 242.11 -10 -10 -10 -100    0 -1000 -1000 -10
190 40 pedestrian 0 0 -10 936.66 119.81 979.98 287.69 -10 -10 -10 -100    0 -1000 -1000 -10
190 39 pedestrian 0 0 -10 475.73 175.63 494.87 244.10 -10 -10 -10 -100    0 -1000 -1000 -10
190 38 pedestrian 0 0 -10 397.28 149.99 655.93 227.12 -10 -10 -10 -100    0 -1000 -1000 -10
190 37 pedestrian 0 0 -10 291.91 216.94 378.84 360.16 -10 -10 -10 -100    0 -1000 -1000 -10
190 36 pedestrian 0 0 -10 494.26 171.48 512.94 242.29 -10 -10 -10 -100    0 -1000 -1000 -10
190 35 pedestrian 0 0 -10 595.66 169.18 612.48 241.30 -10 -10 -10 -100    0 -1000 -1000 -10
190 33 pedestrian 0 0 -10 395.62 199.93 456.12 277.48 -10 -10 -10 -100    0 -1000 -1000 -10
190 25 pedestrian 0 0 -10 1164.69 78.88 1237.86 374.00 -10 -10 -10 -100    0 -1000 -1000 -10
190 31 pedestrian 0 0 -10 226.99 167.82 428.16 374.00 -10 -10 -10 -100    0 -1000 -1000 -10
190 28 pedestrian 0 0 -10 1051.39 115.91 1236.85 374.00 -10 -10 -10 -100    0 -1000 -1000 -10
190 17 pedestrian 0 0 -10 669.45 162.47 736.37 358.34 -10 -10 -10 -100    0 -1000 -1000 -10
190 29 pedestrian 0 0 -10 62.25 142.20 283.19 374.00 -10 -10 -10 -100    0 -1000 -1000 -10
190 6 pedestrian 0 0 -10 0.00 202.54 301.80 374.00 -10 -10 -10 -100    0 -1000 -1000 -10
190 34 pedestrian 0 0 -10 559.72 168.14 580.99 243.68 -10 -10 -10 -100    0 -1000 -1000 -10
191 40 pedestrian 0 0 -10 942.78 121.36 983.26 289.87 -10 -10 -10 -100    0 -1000 -1000 -10
191 39 pedestrian 0 0 -10 476.90 176.48 494.74 244.28 -10 -10 -10 -100    0 -1000 -1000 -10
191 38 pedestrian 0 0 -10 397.05 148.91 657.19 227.65 -10 -10 -10 -100    0 -1000 -1000 -10
191 37 pedestrian 0 0 -10 275.48 219.66 366.91 371.03 -10 -10 -10 -100    0 -1000 -1000 -10
191 36 pedestrian 0 0 -10 495.43 171.19 514.46 243.52 -10 -10 -10 -100    0 -1000 -1000 -10
191 35 pedestrian 0 0 -10 596.41 168.82 613.61 243.34 -10 -10 -10 -100    0 -1000 -1000 -10
191 33 pedestrian 0 0 -10 393.74 200.17 455.36 279.61 -10 -10 -10 -100    0 -1000 -1000 -10
191 31 pedestrian 0 0 -10 169.13 168.62 409.48 374.00 -10 -10 -10 -100    0 -1000 -1000 -10
191 28 pedestrian 0 0 -10 1073.96 111.01 1237.79 374.00 -10 -10 -10 -100    0 -1000 -1000 -10
191 17 pedestrian 0 0 -10 678.95 164.15 744.24 361.92 -10 -10 -10 -100    0 -1000 -1000 -10
191 29 pedestrian 0 0 -10 3.74 138.65 256.76 374.00 -10 -10 -10 -100    0 -1000 -1000 -10
191 6 pedestrian 0 0 -10 0.09 198.85 296.08 374.00 -10 -10 -10 -100    0 -1000 -1000 -10
191 34 pedestrian 0 0 -10 560.41 168.85 580.57 243.55 -10 -10 -10 -100    0 -1000 -1000 -10
192 40 pedestrian 0 0 -10 947.38 119.87 991.14 293.60 -10 -10 -10 -100    0 -1000 -1000 -10
192 39 pedestrian 0 0 -10 476.57 175.26 495.97 244.93 -10 -10 -10 -100    0 -1000 -1000 -10
192 38 pedestrian 0 0 -10 397.08 149.38 655.82 227.55 -10 -10 -10 -100    0 -1000 -1000 -10
192 37 pedestrian 0 0 -10 268.08 223.29 364.36 374.00 -10 -10 -10 -100    0 -1000 -1000 -10
192 36 pedestrian 0 0 -10 496.79 170.04 516.44 244.31 -10 -10 -10 -100    0 -1000 -1000 -10
192 35 pedestrian 0 0 -10 597.32 168.81 614.16 242.79 -10 -10 -10 -100    0 -1000 -1000 -10
192 33 pedestrian 0 0 -10 391.73 201.10 454.74 280.68 -10 -10 -10 -100    0 -1000 -1000 -10
192 31 pedestrian 0 0 -10 87.73 161.54 393.12 374.00 -10 -10 -10 -100    0 -1000 -1000 -10
192 28 pedestrian 0 0 -10 1090.03 113.48 1237.90 374.00 -10 -10 -10 -100    0 -1000 -1000 -10
192 17 pedestrian 0 0 -10 689.57 160.63 752.57 362.09 -10 -10 -10 -100    0 -1000 -1000 -10
192 29 pedestrian 0 0 -10 0.07 130.57 225.21 374.00 -10 -10 -10 -100    0 -1000 -1000 -10
192 6 pedestrian 0 0 -10 0.00 198.08 284.49 374.00 -10 -10 -10 -100    0 -1000 -1000 -10
192 34 pedestrian 0 0 -10 560.38 169.78 580.71 244.36 -10 -10 -10 -100    0 -1000 -1000 -10
193 40 pedestrian 0 0 -10 949.98 118.83 1001.56 299.01 -10 -10 -10 -100    0 -1000 -1000 -10
193 39 pedestrian 0 0 -10 478.00 174.92 497.38 243.31 -10 -10 -10 -100    0 -1000 -1000 -10
193 38 pedestrian 0 0 -10 441.82 155.70 646.30 227.58 -10 -10 -10 -100    0 -1000 -1000 -10
193 37 pedestrian 0 0 -10 260.38 224.56 360.20 374.00 -10 -10 -10 -100    0 -1000 -1000 -10
193 35 pedestrian 0 0 -10 599.77 168.79 617.07 242.19 -10 -10 -10 -100    0 -1000 -1000 -10
193 33 pedestrian 0 0 -10 389.66 201.52 451.84 282.24 -10 -10 -10 -100    0 -1000 -1000 -10
193 31 pedestrian 0 0 -10 0.00 158.32 371.91 374.00 -10 -10 -10 -100    0 -1000 -1000 -10
193 28 pedestrian 0 0 -10 1106.52 113.56 1237.60 374.00 -10 -10 -10 -100    0 -1000 -1000 -10
193 17 pedestrian 0 0 -10 701.45 158.27 765.70 365.27 -10 -10 -10 -100    0 -1000 -1000 -10
193 29 pedestrian 0 0 -10 0.00 113.14 189.12 374.00 -10 -10 -10 -100    0 -1000 -1000 -10
193 6 pedestrian 0 0 -10 0.00 197.40 286.92 374.00 -10 -10 -10 -100    0 -1000 -1000 -10
193 34 pedestrian 0 0 -10 560.45 168.34 582.07 244.11 -10 -10 -10 -100    0 -1000 -1000 -10
194 40 pedestrian 0 0 -10 953.08 118.27 1007.88 302.42 -10 -10 -10 -100    0 -1000 -1000 -10
194 39 pedestrian 0 0 -10 478.35 172.53 498.96 245.51 -10 -10 -10 -100    0 -1000 -1000 -10
194 38 pedestrian 0 0 -10 443.23 158.28 648.64 226.50 -10 -10 -10 -100    0 -1000 -1000 -10
194 37 pedestrian 0 0 -10 245.85 227.99 348.62 374.00 -10 -10 -10 -100    0 -1000 -1000 -10
194 35 pedestrian 0 0 -10 601.57 166.89 619.63 241.24 -10 -10 -10 -100    0 -1000 -1000 -10
194 33 pedestrian 0 0 -10 385.81 201.64 449.54 284.84 -10 -10 -10 -100    0 -1000 -1000 -10
194 31 pedestrian 0 0 -10 0.00 158.52 319.54 374.00 -10 -10 -10 -100    0 -1000 -1000 -10
194 28 pedestrian 0 0 -10 1130.76 110.61 1238.00 374.00 -10 -10 -10 -100    0 -1000 -1000 -10
194 17 pedestrian 0 0 -10 712.92 155.54 779.51 372.60 -10 -10 -10 -100    0 -1000 -1000 -10
194 43 pedestrian 0 0 -10 1009.50 129.29 1059.37 295.09 -10 -10 -10 -100    0 -1000 -1000 -10
194 6 pedestrian 0 0 -10 0.03 205.07 256.06 374.00 -10 -10 -10 -100    0 -1000 -1000 -10
194 34 pedestrian 0 0 -10 560.68 166.27 583.35 243.06 -10 -10 -10 -100    0 -1000 -1000 -10
195 40 pedestrian 0 0 -10 949.64 114.25 1012.51 304.71 -10 -10 -10 -100    0 -1000 -1000 -10
195 39 pedestrian 0 0 -10 478.33 171.79 498.92 245.73 -10 -10 -10 -100    0 -1000 -1000 -10
195 38 pedestrian 0 0 -10 440.94 156.78 652.04 225.99 -10 -10 -10 -100    0 -1000 -1000 -10
195 37 pedestrian 0 0 -10 232.56 229.81 340.02 374.00 -10 -10 -10 -100    0 -1000 -1000 -10
195 35 pedestrian 0 0 -10 603.19 166.04 621.69 239.95 -10 -10 -10 -100    0 -1000 -1000 -10
195 33 pedestrian 0 0 -10 382.13 201.61 449.03 286.89 -10 -10 -10 -100    0 -1000 -1000 -10
195 31 pedestrian 0 0 -10 0.15 138.85 290.78 374.00 -10 -10 -10 -100    0 -1000 -1000 -10
195 28 pedestrian 0 0 -10 1154.62 107.85 1238.00 374.00 -10 -10 -10 -100    0 -1000 -1000 -10
195 17 pedestrian 0 0 -10 728.16 152.52 798.70 373.46 -10 -10 -10 -100    0 -1000 -1000 -10
195 41 pedestrian 0 0 -10 585.72 162.68 601.69 223.22 -10 -10 -10 -100    0 -1000 -1000 -10
195 43 pedestrian 0 0 -10 1030.39 126.83 1081.52 298.57 -10 -10 -10 -100    0 -1000 -1000 -10
195 6 pedestrian 0 0 -10 0.03 191.23 358.13 374.00 -10 -10 -10 -100    0 -1000 -1000 -10
195 34 pedestrian 0 0 -10 560.97 164.85 584.03 242.24 -10 -10 -10 -100    0 -1000 -1000 -10
195 44 pedestrian 0 0 -10 302.91 224.78 389.08 361.19 -10 -10 -10 -100    0 -1000 -1000 -10
196 45 pedestrian 0 0 -10 345.39 186.10 475.52 256.55 -10 -10 -10 -100    0 -1000 -1000 -10
196 40 pedestrian 0 0 -10 955.90 114.15 1016.35 308.98 -10 -10 -10 -100    0 -1000 -1000 -10
196 39 pedestrian 0 0 -10 478.03 170.57 499.24 245.42 -10 -10 -10 -100    0 -1000 -1000 -10
196 38 pedestrian 0 0 -10 442.75 155.98 652.52 226.14 -10 -10 -10 -100    0 -1000 -1000 -10
196 37 pedestrian 0 0 -10 218.66 231.63 331.69 374.00 -10 -10 -10 -100    0 -1000 -1000 -10
196 35 pedestrian 0 0 -10 605.11 165.22 623.81 239.81 -10 -10 -10 -100    0 -1000 -1000 -10
196 33 pedestrian 0 0 -10 378.39 201.89 447.58 289.89 -10 -10 -10 -100    0 -1000 -1000 -10
196 31 pedestrian 0 0 -10 0.00 137.82 238.52 374.00 -10 -10 -10 -100    0 -1000 -1000 -10
196 28 pedestrian 0 0 -10 1174.75 105.09 1237.82 374.00 -10 -10 -10 -100    0 -1000 -1000 -10
196 17 pedestrian 0 0 -10 739.83 153.44 813.31 374.00 -10 -10 -10 -100    0 -1000 -1000 -10
196 41 pedestrian 0 0 -10 586.75 162.44 602.90 221.38 -10 -10 -10 -100    0 -1000 -1000 -10
196 43 pedestrian 0 0 -10 1053.09 123.34 1104.28 302.22 -10 -10 -10 -100    0 -1000 -1000 -10
196 6 pedestrian 0 0 -10 0.00 190.68 342.56 374.00 -10 -10 -10 -100    0 -1000 -1000 -10
196 34 pedestrian 0 0 -10 562.21 164.53 584.75 241.65 -10 -10 -10 -100    0 -1000 -1000 -10
196 44 pedestrian 0 0 -10 294.54 227.10 382.65 366.76 -10 -10 -10 -100    0 -1000 -1000 -10
196 42 pedestrian 0 0 -10 498.48 164.52 518.48 244.58 -10 -10 -10 -100    0 -1000 -1000 -10
197 46 pedestrian 0 0 -10 266.00 230.35 353.67 374.00 -10 -10 -10 -100    0 -1000 -1000 -10
197 45 pedestrian 0 0 -10 336.41 183.64 474.88 259.68 -10 -10 -10 -100    0 -1000 -1000 -10
197 40 pedestrian 0 0 -10 962.76 113.07 1023.95 311.69 -10 -10 -10 -100    0 -1000 -1000 -10
197 39 pedestrian 0 0 -10 477.29 166.76 499.67 246.23 -10 -10 -10 -100    0 -1000 -1000 -10
197 38 pedestrian 0 0 -10 448.21 153.27 658.43 224.84 -10 -10 -10 -100    0 -1000 -1000 -10
197 37 pedestrian 0 0 -10 203.03 232.83 322.46 374.00 -10 -10 -10 -100    0 -1000 -1000 -10
197 35 pedestrian 0 0 -10 605.52 164.77 624.62 237.97 -10 -10 -10 -100    0 -1000 -1000 -10
197 33 pedestrian 0 0 -10 374.71 202.11 446.08 292.86 -10 -10 -10 -100    0 -1000 -1000 -10
197 31 pedestrian 0 0 -10 0.68 141.18 218.49 374.00 -10 -10 -10 -100    0 -1000 -1000 -10
197 28 pedestrian 0 0 -10 1205.76 105.70 1237.94 374.00 -10 -10 -10 -100    0 -1000 -1000 -10
197 17 pedestrian 0 0 -10 752.30 148.02 828.15 374.00 -10 -10 -10 -100    0 -1000 -1000 -10
197 41 pedestrian 0 0 -10 588.55 162.17 605.72 221.60 -10 -10 -10 -100    0 -1000 -1000 -10
197 43 pedestrian 0 0 -10 1071.22 121.01 1120.99 304.56 -10 -10 -10 -100    0 -1000 -1000 -10
197 6 pedestrian 0 0 -10 0.00 189.44 336.66 374.00 -10 -10 -10 -100    0 -1000 -1000 -10
197 34 pedestrian 0 0 -10 565.28 164.31 586.20 241.06 -10 -10 -10 -100    0 -1000 -1000 -10
197 44 pedestrian 0 0 -10 281.51 228.83 376.67 374.00 -10 -10 -10 -100    0 -1000 -1000 -10
197 47 pedestrian 0 0 -10 523.21 169.07 552.94 196.75 -10 -10 -10 -100    0 -1000 -1000 -10
197 42 pedestrian 0 0 -10 498.46 163.11 519.47 246.85 -10 -10 -10 -100    0 -1000 -1000 -10
198 46 pedestrian 0 0 -10 258.50 235.07 350.43 374.00 -10 -10 -10 -100    0 -1000 -1000 -10
198 45 pedestrian 0 0 -10 328.78 179.98 476.56 262.89 -10 -10 -10 -100    0 -1000 -1000 -10
198 40 pedestrian 0 0 -10 968.37 110.42 1027.33 313.60 -10 -10 -10 -100    0 -1000 -1000 -10
198 39 pedestrian 0 0 -10 476.79 165.40 500.84 247.73 -10 -10 -10 -100    0 -1000 -1000 -10
198 38 pedestrian 0 0 -10 451.52 152.46 666.47 223.86 -10 -10 -10 -100    0 -1000 -1000 -10
198 37 pedestrian 0 0 -10 191.51 232.28 318.12 374.00 -10 -10 -10 -100    0 -1000 -1000 -10
198 35 pedestrian 0 0 -10 609.79 163.93 628.69 238.92 -10 -10 -10 -100    0 -1000 -1000 -10
198 33 pedestrian 0 0 -10 371.33 203.36 444.32 295.68 -10 -10 -10 -100    0 -1000 -1000 -10
198 17 pedestrian 0 0 -10 764.35 147.19 843.32 374.00 -10 -10 -10 -100    0 -1000 -1000 -10
198 41 pedestrian 0 0 -10 590.98 161.27 609.53 223.03 -10 -10 -10 -100    0 -1000 -1000 -10
198 43 pedestrian 0 0 -10 1089.69 120.86 1138.74 310.48 -10 -10 -10 -100    0 -1000 -1000 -10
198 6 pedestrian 0 0 -10 0.00 189.17 331.58 374.00 -10 -10 -10 -100    0 -1000 -1000 -10
198 34 pedestrian 0 0 -10 566.43 164.56 588.05 241.03 -10 -10 -10 -100    0 -1000 -1000 -10
198 44 pedestrian 0 0 -10 273.71 231.50 370.46 374.00 -10 -10 -10 -100    0 -1000 -1000 -10
198 47 pedestrian 0 0 -10 525.70 168.99 554.97 196.41 -10 -10 -10 -100    0 -1000 -1000 -10
199 46 pedestrian 0 0 -10 247.77 232.34 343.47 374.00 -10 -10 -10 -100    0 -1000 -1000 -10
199 45 pedestrian 0 0 -10 322.61 175.51 476.96 265.56 -10 -10 -10 -100    0 -1000 -1000 -10
199 40 pedestrian 0 0 -10 974.22 109.82 1034.20 317.46 -10 -10 -10 -100    0 -1000 -1000 -10
199 39 pedestrian 0 0 -10 477.97 165.64 502.98 249.32 -10 -10 -10 -100    0 -1000 -1000 -10
199 38 pedestrian 0 0 -10 454.52 150.85 671.08 217.12 -10 -10 -10 -100    0 -1000 -1000 -10
199 37 pedestrian 0 0 -10 174.35 234.11 304.52 374.00 -10 -10 -10 -100    0 -1000 -1000 -10
199 35 pedestrian 0 0 -10 612.25 163.54 630.49 239.02 -10 -10 -10 -100    0 -1000 -1000 -10
199 33 pedestrian 0 0 -10 367.48 203.77 441.30 298.53 -10 -10 -10 -100    0 -1000 -1000 -10
199 17 pedestrian 0 0 -10 779.71 143.95 860.32 374.00 -10 -10 -10 -100    0 -1000 -1000 -10
199 41 pedestrian 0 0 -10 592.71 159.86 611.09 222.41 -10 -10 -10 -100    0 -1000 -1000 -10
199 43 pedestrian 0 0 -10 1113.86 119.01 1162.14 315.66 -10 -10 -10 -100    0 -1000 -1000 -10
199 6 pedestrian 0 0 -10 0.00 189.12 328.33 374.00 -10 -10 -10 -100    0 -1000 -1000 -10
199 34 pedestrian 0 0 -10 567.88 162.84 590.29 241.08 -10 -10 -10 -100    0 -1000 -1000 -10
199 44 pedestrian 0 0 -10 263.70 233.56 366.86 374.00 -10 -10 -10 -100    0 -1000 -1000 -10
199 47 pedestrian 0 0 -10 528.12 167.83 558.30 195.84 -10 -10 -10 -100    0 -1000 -1000 -10
200 48 pedestrian 0 0 -10 686.54 153.06 706.15 219.98 -10 -10 -10 -100    0 -1000 -1000 -10
200 46 pedestrian 0 0 -10 226.35 237.86 337.64 374.00 -10 -10 -10 -100    0 -1000 -1000 -10
200 45 pedestrian 0 0 -10 320.02 169.50 477.84 269.11 -10 -10 -10 -100    0 -1000 -1000 -10
200 40 pedestrian 0 0 -10 979.84 106.23 1042.58 322.01 -10 -10 -10 -100    0 -1000 -1000 -10
200 39 pedestrian 0 0 -10 479.18 164.56 505.66 252.57 -10 -10 -10 -100    0 -1000 -1000 -10
200 38 pedestrian 0 0 -10 459.81 149.71 676.58 210.42 -10 -10 -10 -100    0 -1000 -1000 -10
200 37 pedestrian 0 0 -10 158.85 237.78 297.66 374.00 -10 -10 -10 -100    0 -1000 -1000 -10
200 36 pedestrian 0 0 -10 506.69 162.22 528.80 249.84 -10 -10 -10 -100    0 -1000 -1000 -10
200 35 pedestrian 0 0 -10 615.09 162.41 634.27 238.46 -10 -10 -10 -100    0 -1000 -1000 -10
200 33 pedestrian 0 0 -10 360.05 203.79 436.66 302.97 -10 -10 -10 -100    0 -1000 -1000 -10
200 17 pedestrian 0 0 -10 793.89 144.39 877.09 374.00 -10 -10 -10 -100    0 -1000 -1000 -10
200 41 pedestrian 0 0 -10 596.42 158.09 614.76 219.53 -10 -10 -10 -100    0 -1000 -1000 -10
200 43 pedestrian 0 0 -10 1138.35 118.05 1184.01 323.86 -10 -10 -10 -100    0 -1000 -1000 -10
200 6 pedestrian 0 0 -10 0.00 187.09 324.03 374.00 -10 -10 -10 -100    0 -1000 -1000 -10
200 34 pedestrian 0 0 -10 569.56 160.79 593.07 240.73 -10 -10 -10 -100    0 -1000 -1000 -10
200 44 pedestrian 0 0 -10 250.12 233.79 360.99 374.00 -10 -10 -10 -100    0 -1000 -1000 -10
200 47 pedestrian 0 0 -10 531.97 167.56 561.29 195.30 -10 -10 -10 -100    0 -1000 -1000 -10
201 48 pedestrian 0 0 -10 689.80 152.57 710.04 221.46 -10 -10 -10 -100    0 -1000 -1000 -10
201 46 pedestrian 0 0 -10 218.03 235.57 331.17 374.00 -10 -10 -10 -100    0 -1000 -1000 -10
201 45 pedestrian 0 0 -10 311.66 163.95 479.03 270.16 -10 -10 -10 -100    0 -1000 -1000 -10
201 40 pedestrian 0 0 -10 979.41 104.98 1053.86 326.76 -10 -10 -10 -100    0 -1000 -1000 -10
201 39 pedestrian 0 0 -10 481.61 163.78 507.92 251.94 -10 -10 -10 -100    0 -1000 -1000 -10
201 38 pedestrian 0 0 -10 464.46 146.28 677.07 207.85 -10 -10 -10 -100    0 -1000 -1000 -10
201 37 pedestrian 0 0 -10 134.51 237.82 283.63 374.00 -10 -10 -10 -100    0 -1000 -1000 -10
201 36 pedestrian 0 0 -10 509.29 160.82 532.94 251.43 -10 -10 -10 -100    0 -1000 -1000 -10
201 35 pedestrian 0 0 -10 617.99 159.97 637.86 238.04 -10 -10 -10 -100    0 -1000 -1000 -10
201 33 pedestrian 0 0 -10 356.91 202.27 433.52 303.66 -10 -10 -10 -100    0 -1000 -1000 -10
201 17 pedestrian 0 0 -10 805.85 143.15 895.08 374.00 -10 -10 -10 -100    0 -1000 -1000 -10
201 41 pedestrian 0 0 -10 599.14 156.79 616.83 217.10 -10 -10 -10 -100    0 -1000 -1000 -10
201 43 pedestrian 0 0 -10 1165.50 116.89 1207.51 328.11 -10 -10 -10 -100    0 -1000 -1000 -10
201 6 pedestrian 0 0 -10 0.00 184.37 319.32 374.00 -10 -10 -10 -100    0 -1000 -1000 -10
201 34 pedestrian 0 0 -10 570.89 159.14 594.35 239.20 -10 -10 -10 -100    0 -1000 -1000 -10
201 44 pedestrian 0 0 -10 238.19 233.30 353.15 374.00 -10 -10 -10 -100    0 -1000 -1000 -10
201 47 pedestrian 0 0 -10 533.66 165.45 563.65 194.17 -10 -10 -10 -100    0 -1000 -1000 -10
202 49 pedestrian 0 0 -10 647.13 160.43 665.68 231.12 -10 -10 -10 -100    0 -1000 -1000 -10
202 48 pedestrian 0 0 -10 693.14 151.49 714.17 221.21 -10 -10 -10 -100    0 -1000 -1000 -10
202 46 pedestrian 0 0 -10 204.86 237.85 318.70 374.00 -10 -10 -10 -100    0 -1000 -1000 -10
202 45 pedestrian 0 0 -10 307.13 164.63 481.02 271.61 -10 -10 -10 -100    0 -1000 -1000 -10
202 40 pedestrian 0 0 -10 975.66 102.02 1070.10 330.99 -10 -10 -10 -100    0 -1000 -1000 -10
202 39 pedestrian 0 0 -10 482.02 162.89 508.68 252.49 -10 -10 -10 -100    0 -1000 -1000 -10
202 38 pedestrian 0 0 -10 466.93 146.17 677.99 207.73 -10 -10 -10 -100    0 -1000 -1000 -10
202 37 pedestrian 0 0 -10 114.39 242.16 272.30 374.00 -10 -10 -10 -100    0 -1000 -1000 -10
202 36 pedestrian 0 0 -10 510.55 159.28 534.90 252.31 -10 -10 -10 -100    0 -1000 -1000 -10
202 35 pedestrian 0 0 -10 621.85 158.93 641.45 236.51 -10 -10 -10 -100    0 -1000 -1000 -10
202 33 pedestrian 0 0 -10 351.88 201.80 431.11 307.05 -10 -10 -10 -100    0 -1000 -1000 -10
202 17 pedestrian 0 0 -10 820.00 138.33 914.35 374.00 -10 -10 -10 -100    0 -1000 -1000 -10
202 41 pedestrian 0 0 -10 603.23 156.28 620.83 215.41 -10 -10 -10 -100    0 -1000 -1000 -10
202 43 pedestrian 0 0 -10 1187.23 110.78 1237.10 333.02 -10 -10 -10 -100    0 -1000 -1000 -10
202 6 pedestrian 0 0 -10 0.00 182.48 317.18 374.00 -10 -10 -10 -100    0 -1000 -1000 -10
202 34 pedestrian 0 0 -10 571.96 158.70 595.23 238.86 -10 -10 -10 -100    0 -1000 -1000 -10
202 44 pedestrian 0 0 -10 226.46 236.73 348.12 374.00 -10 -10 -10 -100    0 -1000 -1000 -10
202 47 pedestrian 0 0 -10 535.90 165.41 565.35 193.17 -10 -10 -10 -100    0 -1000 -1000 -10
203 49 pedestrian 0 0 -10 653.08 158.65 672.03 230.08 -10 -10 -10 -100    0 -1000 -1000 -10
203 48 pedestrian 0 0 -10 694.69 150.41 715.63 219.99 -10 -10 -10 -100    0 -1000 -1000 -10
203 46 pedestrian 0 0 -10 184.65 242.30 309.90 374.00 -10 -10 -10 -100    0 -1000 -1000 -10
203 45 pedestrian 0 0 -10 301.03 162.62 483.20 273.77 -10 -10 -10 -100    0 -1000 -1000 -10
203 40 pedestrian 0 0 -10 989.78 103.78 1083.61 337.63 -10 -10 -10 -100    0 -1000 -1000 -10
203 39 pedestrian 0 0 -10 483.24 162.10 510.81 253.91 -10 -10 -10 -100    0 -1000 -1000 -10
203 38 pedestrian 0 0 -10 470.58 147.79 678.99 205.18 -10 -10 -10 -100    0 -1000 -1000 -10
203 37 pedestrian 0 0 -10 87.70 244.15 255.98 374.00 -10 -10 -10 -100    0 -1000 -1000 -10
203 36 pedestrian 0 0 -10 511.04 156.72 536.99 255.74 -10 -10 -10 -100    0 -1000 -1000 -10
203 35 pedestrian 0 0 -10 625.16 159.32 645.02 237.70 -10 -10 -10 -100    0 -1000 -1000 -10
203 33 pedestrian 0 0 -10 348.84 202.36 429.85 310.08 -10 -10 -10 -100    0 -1000 -1000 -10
203 17 pedestrian 0 0 -10 835.05 131.56 935.06 374.00 -10 -10 -10 -100    0 -1000 -1000 -10
203 41 pedestrian 0 0 -10 606.66 156.03 623.93 218.32 -10 -10 -10 -100    0 -1000 -1000 -10
203 43 pedestrian 0 0 -10 1203.46 102.77 1238.00 340.17 -10 -10 -10 -100    0 -1000 -1000 -10
203 6 pedestrian 0 0 -10 0.07 180.79 312.83 374.00 -10 -10 -10 -100    0 -1000 -1000 -10
203 34 pedestrian 0 0 -10 574.02 158.14 598.22 240.04 -10 -10 -10 -100    0 -1000 -1000 -10
203 44 pedestrian 0 0 -10 213.25 237.54 343.33 374.00 -10 -10 -10 -100    0 -1000 -1000 -10
203 47 pedestrian 0 0 -10 539.06 164.63 568.45 192.55 -10 -10 -10 -100    0 -1000 -1000 -10
204 49 pedestrian 0 0 -10 657.75 158.59 676.42 231.10 -10 -10 -10 -100    0 -1000 -1000 -10
204 48 pedestrian 0 0 -10 697.71 150.83 720.03 220.26 -10 -10 -10 -100    0 -1000 -1000 -10
204 46 pedestrian 0 0 -10 166.57 244.77 295.61 374.00 -10 -10 -10 -100    0 -1000 -1000 -10
204 45 pedestrian 0 0 -10 295.44 165.03 484.88 274.87 -10 -10 -10 -100    0 -1000 -1000 -10
204 40 pedestrian 0 0 -10 1002.51 102.20 1083.28 341.48 -10 -10 -10 -100    0 -1000 -1000 -10
204 39 pedestrian 0 0 -10 483.18 161.60 512.70 255.61 -10 -10 -10 -100    0 -1000 -1000 -10
204 38 pedestrian 0 0 -10 472.34 147.66 681.06 205.58 -10 -10 -10 -100    0 -1000 -1000 -10
204 37 pedestrian 0 0 -10 60.53 247.01 235.16 374.00 -10 -10 -10 -100    0 -1000 -1000 -10
204 36 pedestrian 0 0 -10 510.47 158.09 537.04 257.36 -10 -10 -10 -100    0 -1000 -1000 -10
204 35 pedestrian 0 0 -10 629.79 159.35 649.32 237.10 -10 -10 -10 -100    0 -1000 -1000 -10
204 33 pedestrian 0 0 -10 345.53 204.00 428.57 313.50 -10 -10 -10 -100    0 -1000 -1000 -10
204 17 pedestrian 0 0 -10 855.08 128.41 958.26 374.00 -10 -10 -10 -100    0 -1000 -1000 -10
204 41 pedestrian 0 0 -10 608.66 156.49 627.41 219.02 -10 -10 -10 -100    0 -1000 -1000 -10
204 6 pedestrian 0 0 -10 0.00 183.01 309.03 374.00 -10 -10 -10 -100    0 -1000 -1000 -10
204 34 pedestrian 0 0 -10 575.72 158.66 601.66 240.53 -10 -10 -10 -100    0 -1000 -1000 -10
204 44 pedestrian 0 0 -10 198.01 240.05 332.95 374.00 -10 -10 -10 -100    0 -1000 -1000 -10
204 47 pedestrian 0 0 -10 542.16 165.21 571.99 193.20 -10 -10 -10 -100    0 -1000 -1000 -10
205 49 pedestrian 0 0 -10 663.83 158.51 683.07 231.31 -10 -10 -10 -100    0 -1000 -1000 -10
205 48 pedestrian 0 0 -10 701.82 152.99 723.21 222.07 -10 -10 -10 -100    0 -1000 -1000 -10
205 46 pedestrian 0 0 -10 141.08 250.33 287.26 374.00 -10 -10 -10 -100    0 -1000 -1000 -10
205 45 pedestrian 0 0 -10 293.77 169.40 485.36 276.43 -10 -10 -10 -100    0 -1000 -1000 -10
205 40 pedestrian 0 0 -10 1011.01 102.41 1088.47 344.53 -10 -10 -10 -100    0 -1000 -1000 -10
205 39 pedestrian 0 0 -10 481.32 162.68 512.87 260.76 -10 -10 -10 -100    0 -1000 -1000 -10
205 38 pedestrian 0 0 -10 475.46 148.52 678.82 208.64 -10 -10 -10 -100    0 -1000 -1000 -10
205 37 pedestrian 0 0 -10 21.98 252.02 213.71 374.00 -10 -10 -10 -100    0 -1000 -1000 -10
205 36 pedestrian 0 0 -10 507.75 159.84 536.79 258.33 -10 -10 -10 -100    0 -1000 -1000 -10
205 35 pedestrian 0 0 -10 633.63 158.39 653.53 238.56 -10 -10 -10 -100    0 -1000 -1000 -10
205 33 pedestrian 0 0 -10 338.51 205.19 427.97 317.83 -10 -10 -10 -100    0 -1000 -1000 -10
205 17 pedestrian 0 0 -10 878.92 123.41 984.53 374.00 -10 -10 -10 -100    0 -1000 -1000 -10
205 41 pedestrian 0 0 -10 609.71 156.60 628.45 218.54 -10 -10 -10 -100    0 -1000 -1000 -10
205 6 pedestrian 0 0 -10 0.00 181.98 311.13 374.00 -10 -10 -10 -100    0 -1000 -1000 -10
205 34 pedestrian 0 0 -10 578.57 158.50 604.52 240.01 -10 -10 -10 -100    0 -1000 -1000 -10
205 44 pedestrian 0 0 -10 180.82 244.10 325.48 374.00 -10 -10 -10 -100    0 -1000 -1000 -10
205 47 pedestrian 0 0 -10 545.21 165.95 574.97 193.90 -10 -10 -10 -100    0 -1000 -1000 -10
206 49 pedestrian 0 0 -10 668.95 159.05 688.11 233.62 -10 -10 -10 -100    0 -1000 -1000 -10
206 48 pedestrian 0 0 -10 705.35 151.90 727.32 224.75 -10 -10 -10 -100    0 -1000 -1000 -10
206 46 pedestrian 0 0 -10 122.87 254.00 269.71 374.00 -10 -10 -10 -100    0 -1000 -1000 -10
206 45 pedestrian 0 0 -10 290.89 174.74 483.30 277.25 -10 -10 -10 -100    0 -1000 -1000 -10
206 40 pedestrian 0 0 -10 1013.00 100.13 1102.76 348.41 -10 -10 -10 -100    0 -1000 -1000 -10
206 39 pedestrian 0 0 -10 480.17 163.43 512.52 262.68 -10 -10 -10 -100    0 -1000 -1000 -10
206 38 pedestrian 0 0 -10 475.83 148.96 678.65 211.31 -10 -10 -10 -100    0 -1000 -1000 -10
206 37 pedestrian 0 0 -10 0.00 256.83 196.13 374.00 -10 -10 -10 -100    0 -1000 -1000 -10
206 36 pedestrian 0 0 -10 506.42 159.76 537.26 260.96 -10 -10 -10 -100    0 -1000 -1000 -10
206 35 pedestrian 0 0 -10 634.95 158.71 656.34 239.00 -10 -10 -10 -100    0 -1000 -1000 -10
206 33 pedestrian 0 0 -10 335.81 207.84 426.04 322.17 -10 -10 -10 -100    0 -1000 -1000 -10
206 17 pedestrian 0 0 -10 902.36 120.45 1010.18 374.00 -10 -10 -10 -100    0 -1000 -1000 -10
206 41 pedestrian 0 0 -10 613.28 156.34 630.73 217.51 -10 -10 -10 -100    0 -1000 -1000 -10
206 6 pedestrian 0 0 -10 0.00 183.61 307.54 374.00 -10 -10 -10 -100    0 -1000 -1000 -10
206 34 pedestrian 0 0 -10 581.80 158.74 607.28 239.45 -10 -10 -10 -100    0 -1000 -1000 -10
206 44 pedestrian 0 0 -10 169.42 250.31 316.37 374.00 -10 -10 -10 -100    0 -1000 -1000 -10
206 47 pedestrian 0 0 -10 547.98 166.22 578.33 194.86 -10 -10 -10 -100    0 -1000 -1000 -10
207 49 pedestrian 0 0 -10 670.27 159.12 690.23 233.58 -10 -10 -10 -100    0 -1000 -1000 -10
207 48 pedestrian 0 0 -10 710.22 152.14 730.40 224.31 -10 -10 -10 -100    0 -1000 -1000 -10
207 46 pedestrian 0 0 -10 89.64 259.06 253.79 374.00 -10 -10 -10 -100    0 -1000 -1000 -10
207 45 pedestrian 0 0 -10 287.67 176.50 481.91 282.69 -10 -10 -10 -100    0 -1000 -1000 -10
207 40 pedestrian 0 0 -10 1014.41 94.79 1098.66 353.37 -10 -10 -10 -100    0 -1000 -1000 -10
207 39 pedestrian 0 0 -10 479.80 162.60 512.79 263.93 -10 -10 -10 -100    0 -1000 -1000 -10
207 38 pedestrian 0 0 -10 475.53 149.77 683.42 213.82 -10 -10 -10 -100    0 -1000 -1000 -10
207 37 pedestrian 0 0 -10 0.00 265.03 170.07 374.00 -10 -10 -10 -100    0 -1000 -1000 -10
207 36 pedestrian 0 0 -10 506.56 159.41 536.32 264.80 -10 -10 -10 -100    0 -1000 -1000 -10
207 35 pedestrian 0 0 -10 637.68 157.56 659.46 239.58 -10 -10 -10 -100    0 -1000 -1000 -10
207 33 pedestrian 0 0 -10 331.41 209.82 424.72 326.60 -10 -10 -10 -100    0 -1000 -1000 -10
207 17 pedestrian 0 0 -10 921.88 119.76 1031.26 374.00 -10 -10 -10 -100    0 -1000 -1000 -10
207 41 pedestrian 0 0 -10 614.85 155.98 633.52 217.76 -10 -10 -10 -100    0 -1000 -1000 -10
207 6 pedestrian 0 0 -10 0.00 184.42 303.95 374.00 -10 -10 -10 -100    0 -1000 -1000 -10
207 34 pedestrian 0 0 -10 584.57 157.76 610.43 240.19 -10 -10 -10 -100    0 -1000 -1000 -10
207 44 pedestrian 0 0 -10 146.30 256.92 307.95 374.00 -10 -10 -10 -100    0 -1000 -1000 -10
207 47 pedestrian 0 0 -10 549.41 166.14 580.27 195.10 -10 -10 -10 -100    0 -1000 -1000 -10
208 49 pedestrian 0 0 -10 675.92 159.09 695.28 232.96 -10 -10 -10 -100    0 -1000 -1000 -10
208 48 pedestrian 0 0 -10 711.58 151.20 732.28 223.39 -10 -10 -10 -100    0 -1000 -1000 -10
208 46 pedestrian 0 0 -10 57.22 266.84 234.05 374.00 -10 -10 -10 -100    0 -1000 -1000 -10
208 45 pedestrian 0 0 -10 280.35 178.92 482.41 287.07 -10 -10 -10 -100    0 -1000 -1000 -10
208 40 pedestrian 0 0 -10 1019.27 99.76 1097.47 355.56 -10 -10 -10 -100    0 -1000 -1000 -10
208 39 pedestrian 0 0 -10 477.26 160.75 511.44 265.60 -10 -10 -10 -100    0 -1000 -1000 -10
208 38 pedestrian 0 0 -10 475.33 149.86 681.91 216.25 -10 -10 -10 -100    0 -1000 -1000 -10
208 37 pedestrian 0 0 -10 0.00 271.08 133.05 374.00 -10 -10 -10 -100    0 -1000 -1000 -10
208 36 pedestrian 0 0 -10 507.59 157.99 538.14 268.08 -10 -10 -10 -100    0 -1000 -1000 -10
208 35 pedestrian 0 0 -10 641.17 158.52 663.56 239.68 -10 -10 -10 -100    0 -1000 -1000 -10
208 33 pedestrian 0 0 -10 326.45 211.69 422.93 330.20 -10 -10 -10 -100    0 -1000 -1000 -10
208 17 pedestrian 0 0 -10 940.32 113.73 1047.40 374.00 -10 -10 -10 -100    0 -1000 -1000 -10
208 41 pedestrian 0 0 -10 616.19 156.03 635.14 216.81 -10 -10 -10 -100    0 -1000 -1000 -10
208 6 pedestrian 0 0 -10 0.00 184.48 293.93 374.00 -10 -10 -10 -100    0 -1000 -1000 -10
208 34 pedestrian 0 0 -10 586.54 157.18 613.62 241.36 -10 -10 -10 -100    0 -1000 -1000 -10
208 44 pedestrian 0 0 -10 126.00 260.55 292.80 374.00 -10 -10 -10 -100    0 -1000 -1000 -10
208 47 pedestrian 0 0 -10 550.36 166.02 581.67 194.89 -10 -10 -10 -100    0 -1000 -1000 -10
208 50 pedestrian 0 0 -10 475.69 158.77 502.05 243.68 -10 -10 -10 -100    0 -1000 -1000 -10
209 49 pedestrian 0 0 -10 678.50 158.39 698.11 232.82 -10 -10 -10 -100    0 -1000 -1000 -10
209 48 pedestrian 0 0 -10 712.15 151.43 733.26 224.90 -10 -10 -10 -100    0 -1000 -1000 -10
209 46 pedestrian 0 0 -10 24.44 274.53 208.56 374.00 -10 -10 -10 -100    0 -1000 -1000 -10
209 45 pedestrian 0 0 -10 272.56 180.34 480.62 290.93 -10 -10 -10 -100    0 -1000 -1000 -10
209 40 pedestrian 0 0 -10 1031.81 95.72 1115.98 362.18 -10 -10 -10 -100    0 -1000 -1000 -10
209 39 pedestrian 0 0 -10 474.66 160.07 510.59 269.03 -10 -10 -10 -100    0 -1000 -1000 -10
209 38 pedestrian 0 0 -10 473.41 150.32 682.20 217.51 -10 -10 -10 -100    0 -1000 -1000 -10
209 37 pedestrian 0 0 -10 0.11 275.96 95.84 374.00 -10 -10 -10 -100    0 -1000 -1000 -10
209 36 pedestrian 0 0 -10 507.22 157.67 538.86 271.83 -10 -10 -10 -100    0 -1000 -1000 -10
209 35 pedestrian 0 0 -10 641.35 157.93 665.37 240.87 -10 -10 -10 -100    0 -1000 -1000 -10
209 33 pedestrian 0 0 -10 320.24 213.37 419.33 334.99 -10 -10 -10 -100    0 -1000 -1000 -10
209 17 pedestrian 0 0 -10 957.74 110.45 1075.76 374.00 -10 -10 -10 -100    0 -1000 -1000 -10
209 41 pedestrian 0 0 -10 616.36 156.08 635.57 217.27 -10 -10 -10 -100    0 -1000 -1000 -10
209 6 pedestrian 0 0 -10 0.00 183.43 287.38 374.00 -10 -10 -10 -100    0 -1000 -1000 -10
209 34 pedestrian 0 0 -10 590.16 157.37 617.39 242.37 -10 -10 -10 -100    0 -1000 -1000 -10
209 44 pedestrian 0 0 -10 96.73 263.92 277.93 374.00 -10 -10 -10 -100    0 -1000 -1000 -10
209 47 pedestrian 0 0 -10 551.05 165.77 583.03 194.55 -10 -10 -10 -100    0 -1000 -1000 -10
210 49 pedestrian 0 0 -10 679.85 158.96 698.88 231.58 -10 -10 -10 -100    0 -1000 -1000 -10
210 48 pedestrian 0 0 -10 713.33 152.29 733.84 222.95 -10 -10 -10 -100    0 -1000 -1000 -10
210 46 pedestrian 0 0 -10 0.00 282.73 180.93 374.00 -10 -10 -10 -100    0 -1000 -1000 -10
210 45 pedestrian 0 0 -10 255.94 181.84 479.71 292.39 -10 -10 -10 -100    0 -1000 -1000 -10
210 40 pedestrian 0 0 -10 1042.67 94.39 1134.77 367.12 -10 -10 -10 -100    0 -1000 -1000 -10
210 39 pedestrian 0 0 -10 471.86 159.93 508.41 271.40 -10 -10 -10 -100    0 -1000 -1000 -10
210 38 pedestrian 0 0 -10 474.07 149.51 684.90 218.52 -10 -10 -10 -100    0 -1000 -1000 -10
210 36 pedestrian 0 0 -10 506.32 158.24 537.88 273.42 -10 -10 -10 -100    0 -1000 -1000 -10
210 35 pedestrian 0 0 -10 643.85 157.35 666.81 240.62 -10 -10 -10 -100    0 -1000 -1000 -10
210 33 pedestrian 0 0 -10 312.64 213.82 416.22 340.87 -10 -10 -10 -100    0 -1000 -1000 -10
210 17 pedestrian 0 0 -10 975.56 105.83 1100.69 374.00 -10 -10 -10 -100    0 -1000 -1000 -10
210 41 pedestrian 0 0 -10 615.91 155.38 635.61 217.79 -10 -10 -10 -100    0 -1000 -1000 -10
210 6 pedestrian 0 0 -10 0.00 183.33 279.87 374.00 -10 -10 -10 -100    0 -1000 -1000 -10
210 34 pedestrian 0 0 -10 591.20 156.81 619.72 241.90 -10 -10 -10 -100    0 -1000 -1000 -10
210 44 pedestrian 0 0 -10 65.53 269.61 260.58 374.00 -10 -10 -10 -100    0 -1000 -1000 -10
210 47 pedestrian 0 0 -10 551.45 165.32 583.72 194.20 -10 -10 -10 -100    0 -1000 -1000 -10
211 49 pedestrian 0 0 -10 682.27 158.80 702.10 232.32 -10 -10 -10 -100    0 -1000 -1000 -10
211 48 pedestrian 0 0 -10 713.77 151.32 735.30 224.00 -10 -10 -10 -100    0 -1000 -1000 -10
211 46 pedestrian 0 0 -10 0.00 290.52 149.91 374.00 -10 -10 -10 -100    0 -1000 -1000 -10
211 45 pedestrian 0 0 -10 243.46 183.07 476.52 298.33 -10 -10 -10 -100    0 -1000 -1000 -10
211 39 pedestrian 0 0 -10 470.23 159.59 506.38 275.07 -10 -10 -10 -100    0 -1000 -1000 -10
211 38 pedestrian 0 0 -10 472.24 148.40 688.16 218.75 -10 -10 -10 -100    0 -1000 -1000 -10
211 36 pedestrian 0 0 -10 502.99 155.73 534.88 274.58 -10 -10 -10 -100    0 -1000 -1000 -10
211 35 pedestrian 0 0 -10 646.31 157.69 667.91 238.98 -10 -10 -10 -100    0 -1000 -1000 -10
211 33 pedestrian 0 0 -10 305.65 214.19 410.12 345.92 -10 -10 -10 -100    0 -1000 -1000 -10
211 32 pedestrian 0 0 -10 463.23 159.95 485.72 241.38 -10 -10 -10 -100    0 -1000 -1000 -10
211 17 pedestrian 0 0 -10 997.16 103.29 1132.34 374.00 -10 -10 -10 -100    0 -1000 -1000 -10
211 41 pedestrian 0 0 -10 613.53 154.47 633.96 215.68 -10 -10 -10 -100    0 -1000 -1000 -10
211 6 pedestrian 0 0 -10 0.00 181.79 273.61 374.00 -10 -10 -10 -100    0 -1000 -1000 -10
211 34 pedestrian 0 0 -10 593.20 155.69 621.87 241.71 -10 -10 -10 -100    0 -1000 -1000 -10
211 44 pedestrian 0 0 -10 29.84 278.07 237.23 374.00 -10 -10 -10 -100    0 -1000 -1000 -10
211 47 pedestrian 0 0 -10 551.23 165.05 583.82 194.20 -10 -10 -10 -100    0 -1000 -1000 -10
212 49 pedestrian 0 0 -10 682.89 157.89 703.09 232.19 -10 -10 -10 -100    0 -1000 -1000 -10
212 48 pedestrian 0 0 -10 714.25 150.55 735.57 224.15 -10 -10 -10 -100    0 -1000 -1000 -10
212 46 pedestrian 0 0 -10 0.12 278.25 114.88 374.00 -10 -10 -10 -100    0 -1000 -1000 -10
212 45 pedestrian 0 0 -10 230.02 182.72 478.08 303.69 -10 -10 -10 -100    0 -1000 -1000 -10
212 39 pedestrian 0 0 -10 467.28 160.80 504.14 278.81 -10 -10 -10 -100    0 -1000 -1000 -10
212 38 pedestrian 0 0 -10 468.87 148.86 685.84 220.54 -10 -10 -10 -100    0 -1000 -1000 -10
212 36 pedestrian 0 0 -10 500.98 156.32 532.62 278.41 -10 -10 -10 -100    0 -1000 -1000 -10
212 35 pedestrian 0 0 -10 650.25 157.53 670.35 239.63 -10 -10 -10 -100    0 -1000 -1000 -10
212 33 pedestrian 0 0 -10 296.08 215.52 405.33 353.43 -10 -10 -10 -100    0 -1000 -1000 -10
212 32 pedestrian 0 0 -10 457.25 159.98 481.19 243.99 -10 -10 -10 -100    0 -1000 -1000 -10
212 17 pedestrian 0 0 -10 1017.21 98.44 1151.28 374.00 -10 -10 -10 -100    0 -1000 -1000 -10
212 41 pedestrian 0 0 -10 612.36 154.26 632.82 215.74 -10 -10 -10 -100    0 -1000 -1000 -10
212 6 pedestrian 0 0 -10 0.00 182.95 264.81 374.00 -10 -10 -10 -100    0 -1000 -1000 -10
212 34 pedestrian 0 0 -10 594.78 155.10 623.43 242.15 -10 -10 -10 -100    0 -1000 -1000 -10
212 44 pedestrian 0 0 -10 0.00 284.09 217.74 374.00 -10 -10 -10 -100    0 -1000 -1000 -10
212 47 pedestrian 0 0 -10 550.85 165.01 583.97 194.54 -10 -10 -10 -100    0 -1000 -1000 -10
213 48 pedestrian 0 0 -10 714.42 149.87 735.72 224.22 -10 -10 -10 -100    0 -1000 -1000 -10
213 45 pedestrian 0 0 -10 209.56 183.07 476.67 308.85 -10 -10 -10 -100    0 -1000 -1000 -10
213 39 pedestrian 0 0 -10 462.87 162.72 503.44 282.21 -10 -10 -10 -100    0 -1000 -1000 -10
213 38 pedestrian 0 0 -10 468.92 148.41 688.93 221.88 -10 -10 -10 -100    0 -1000 -1000 -10
213 36 pedestrian 0 0 -10 496.81 156.04 527.42 280.91 -10 -10 -10 -100    0 -1000 -1000 -10
213 35 pedestrian 0 0 -10 653.37 157.60 673.58 240.24 -10 -10 -10 -100    0 -1000 -1000 -10
213 33 pedestrian 0 0 -10 289.93 217.35 399.33 358.94 -10 -10 -10 -100    0 -1000 -1000 -10
213 32 pedestrian 0 0 -10 452.39 159.37 473.24 242.59 -10 -10 -10 -100    0 -1000 -1000 -10
213 49 pedestrian 0 0 -10 684.57 157.63 705.02 232.25 -10 -10 -10 -100    0 -1000 -1000 -10
213 17 pedestrian 0 0 -10 1010.62 95.60 1232.50 374.00 -10 -10 -10 -100    0 -1000 -1000 -10
213 41 pedestrian 0 0 -10 611.90 154.37 632.04 216.05 -10 -10 -10 -100    0 -1000 -1000 -10
213 6 pedestrian 0 0 -10 0.00 184.51 251.58 374.00 -10 -10 -10 -100    0 -1000 -1000 -10
213 34 pedestrian 0 0 -10 595.61 154.93 626.30 243.44 -10 -10 -10 -100    0 -1000 -1000 -10
213 44 pedestrian 0 0 -10 0.00 288.82 192.92 374.00 -10 -10 -10 -100    0 -1000 -1000 -10
213 47 pedestrian 0 0 -10 550.47 165.02 584.06 194.67 -10 -10 -10 -100    0 -1000 -1000 -10
214 45 pedestrian 0 0 -10 190.16 181.90 476.97 318.26 -10 -10 -10 -100    0 -1000 -1000 -10
214 39 pedestrian 0 0 -10 460.46 159.55 503.43 287.56 -10 -10 -10 -100    0 -1000 -1000 -10
214 38 pedestrian 0 0 -10 466.38 148.04 686.74 223.50 -10 -10 -10 -100    0 -1000 -1000 -10
214 36 pedestrian 0 0 -10 487.82 156.84 520.93 286.77 -10 -10 -10 -100    0 -1000 -1000 -10
214 35 pedestrian 0 0 -10 655.84 156.78 675.73 239.56 -10 -10 -10 -100    0 -1000 -1000 -10
214 33 pedestrian 0 0 -10 280.08 218.15 395.00 365.54 -10 -10 -10 -100    0 -1000 -1000 -10
214 32 pedestrian 0 0 -10 444.96 158.40 469.29 242.61 -10 -10 -10 -100    0 -1000 -1000 -10
214 49 pedestrian 0 0 -10 687.47 156.00 707.31 231.83 -10 -10 -10 -100    0 -1000 -1000 -10
214 17 pedestrian 0 0 -10 1027.88 91.83 1238.00 374.00 -10 -10 -10 -100    0 -1000 -1000 -10
214 41 pedestrian 0 0 -10 612.26 153.13 633.25 216.56 -10 -10 -10 -100    0 -1000 -1000 -10
214 48 pedestrian 0 0 -10 715.49 149.37 737.28 221.77 -10 -10 -10 -100    0 -1000 -1000 -10
214 6 pedestrian 0 0 -10 0.00 186.89 241.90 374.00 -10 -10 -10 -100    0 -1000 -1000 -10
214 34 pedestrian 0 0 -10 597.45 154.39 628.64 244.82 -10 -10 -10 -100    0 -1000 -1000 -10
214 44 pedestrian 0 0 -10 0.00 295.27 158.36 374.00 -10 -10 -10 -100    0 -1000 -1000 -10
214 47 pedestrian 0 0 -10 551.89 164.72 585.20 194.57 -10 -10 -10 -100    0 -1000 -1000 -10
215 45 pedestrian 0 0 -10 172.59 181.67 476.40 321.61 -10 -10 -10 -100    0 -1000 -1000 -10
215 40 pedestrian 0 0 -10 1087.10 78.65 1184.59 374.00 -10 -10 -10 -100    0 -1000 -1000 -10
215 39 pedestrian 0 0 -10 456.47 158.98 497.84 290.36 -10 -10 -10 -100    0 -1000 -1000 -10
215 38 pedestrian 0 0 -10 464.02 146.74 689.70 223.76 -10 -10 -10 -100    0 -1000 -1000 -10
215 36 pedestrian 0 0 -10 483.37 156.28 517.48 290.19 -10 -10 -10 -100    0 -1000 -1000 -10
215 35 pedestrian 0 0 -10 657.03 156.20 676.90 239.86 -10 -10 -10 -100    0 -1000 -1000 -10
215 33 pedestrian 0 0 -10 268.45 219.00 389.69 371.45 -10 -10 -10 -100    0 -1000 -1000 -10
215 32 pedestrian 0 0 -10 438.37 160.97 463.28 243.29 -10 -10 -10 -100    0 -1000 -1000 -10
215 49 pedestrian 0 0 -10 688.94 154.76 709.11 231.64 -10 -10 -10 -100    0 -1000 -1000 -10
215 17 pedestrian 0 0 -10 1053.86 88.77 1237.50 374.00 -10 -10 -10 -100    0 -1000 -1000 -10
215 41 pedestrian 0 0 -10 612.86 153.62 634.84 220.36 -10 -10 -10 -100    0 -1000 -1000 -10
215 48 pedestrian 0 0 -10 718.09 147.81 740.78 221.79 -10 -10 -10 -100    0 -1000 -1000 -10
215 6 pedestrian 0 0 -10 0.00 188.37 232.33 374.00 -10 -10 -10 -100    0 -1000 -1000 -10
215 34 pedestrian 0 0 -10 599.84 154.00 631.20 245.38 -10 -10 -10 -100    0 -1000 -1000 -10
215 47 pedestrian 0 0 -10 553.00 163.64 585.97 193.99 -10 -10 -10 -100    0 -1000 -1000 -10
216 45 pedestrian 0 0 -10 153.72 180.21 479.83 328.81 -10 -10 -10 -100    0 -1000 -1000 -10
216 40 pedestrian 0 0 -10 1099.55 77.26 1208.58 374.00 -10 -10 -10 -100    0 -1000 -1000 -10
216 39 pedestrian 0 0 -10 452.52 161.55 494.19 295.38 -10 -10 -10 -100    0 -1000 -1000 -10
216 38 pedestrian 0 0 -10 465.78 147.20 690.63 222.22 -10 -10 -10 -100    0 -1000 -1000 -10
216 36 pedestrian 0 0 -10 482.90 156.10 517.75 293.90 -10 -10 -10 -100    0 -1000 -1000 -10
216 35 pedestrian 0 0 -10 660.12 156.59 681.36 239.46 -10 -10 -10 -100    0 -1000 -1000 -10
216 33 pedestrian 0 0 -10 260.90 221.11 383.48 374.00 -10 -10 -10 -100    0 -1000 -1000 -10
216 32 pedestrian 0 0 -10 434.73 161.55 459.90 243.58 -10 -10 -10 -100    0 -1000 -1000 -10
216 49 pedestrian 0 0 -10 691.57 155.99 712.23 231.32 -10 -10 -10 -100    0 -1000 -1000 -10
216 17 pedestrian 0 0 -10 1080.33 88.30 1238.00 374.00 -10 -10 -10 -100    0 -1000 -1000 -10
216 41 pedestrian 0 0 -10 612.21 153.21 636.19 222.59 -10 -10 -10 -100    0 -1000 -1000 -10
216 48 pedestrian 0 0 -10 723.21 147.51 745.06 220.95 -10 -10 -10 -100    0 -1000 -1000 -10
216 6 pedestrian 0 0 -10 0.00 188.56 221.95 374.00 -10 -10 -10 -100    0 -1000 -1000 -10
216 34 pedestrian 0 0 -10 603.99 151.99 633.25 242.50 -10 -10 -10 -100    0 -1000 -1000 -10
216 47 pedestrian 0 0 -10 554.15 163.92 587.24 194.13 -10 -10 -10 -100    0 -1000 -1000 -10
217 45 pedestrian 0 0 -10 127.37 181.46 479.88 341.18 -10 -10 -10 -100    0 -1000 -1000 -10
217 40 pedestrian 0 0 -10 1107.12 79.47 1237.71 374.00 -10 -10 -10 -100    0 -1000 -1000 -10
217 39 pedestrian 0 0 -10 448.07 162.55 491.71 301.05 -10 -10 -10 -100    0 -1000 -1000 -10
217 38 pedestrian 0 0 -10 466.94 147.77 693.19 222.78 -10 -10 -10 -100    0 -1000 -1000 -10
217 36 pedestrian 0 0 -10 480.59 156.18 517.93 296.44 -10 -10 -10 -100    0 -1000 -1000 -10
217 35 pedestrian 0 0 -10 663.54 156.17 685.21 242.03 -10 -10 -10 -100    0 -1000 -1000 -10
217 33 pedestrian 0 0 -10 248.95 222.76 379.03 374.00 -10 -10 -10 -100    0 -1000 -1000 -10
217 32 pedestrian 0 0 -10 429.82 162.84 456.20 245.83 -10 -10 -10 -100    0 -1000 -1000 -10
217 49 pedestrian 0 0 -10 693.35 156.88 714.98 232.04 -10 -10 -10 -100    0 -1000 -1000 -10
217 17 pedestrian 0 0 -10 1055.08 76.47 1237.32 374.00 -10 -10 -10 -100    0 -1000 -1000 -10
217 41 pedestrian 0 0 -10 613.03 153.18 639.68 225.59 -10 -10 -10 -100    0 -1000 -1000 -10
217 48 pedestrian 0 0 -10 723.55 147.63 745.86 218.15 -10 -10 -10 -100    0 -1000 -1000 -10
217 6 pedestrian 0 0 -10 0.00 191.15 208.13 374.00 -10 -10 -10 -100    0 -1000 -1000 -10
217 34 pedestrian 0 0 -10 607.03 151.05 636.92 242.84 -10 -10 -10 -100    0 -1000 -1000 -10
217 47 pedestrian 0 0 -10 555.49 164.28 588.99 194.05 -10 -10 -10 -100    0 -1000 -1000 -10
218 45 pedestrian 0 0 -10 103.92 180.59 480.98 347.45 -10 -10 -10 -100    0 -1000 -1000 -10
218 40 pedestrian 0 0 -10 1134.13 81.71 1237.85 374.00 -10 -10 -10 -100    0 -1000 -1000 -10
218 39 pedestrian 0 0 -10 441.30 161.95 489.62 305.08 -10 -10 -10 -100    0 -1000 -1000 -10
218 38 pedestrian 0 0 -10 472.74 149.23 695.00 222.42 -10 -10 -10 -100    0 -1000 -1000 -10
218 36 pedestrian 0 0 -10 480.36 155.95 517.55 299.32 -10 -10 -10 -100    0 -1000 -1000 -10
218 35 pedestrian 0 0 -10 666.34 155.55 688.84 241.65 -10 -10 -10 -100    0 -1000 -1000 -10
218 33 pedestrian 0 0 -10 233.89 226.02 371.84 374.00 -10 -10 -10 -100    0 -1000 -1000 -10
218 32 pedestrian 0 0 -10 426.28 161.19 453.64 251.02 -10 -10 -10 -100    0 -1000 -1000 -10
218 49 pedestrian 0 0 -10 695.46 157.88 717.27 233.14 -10 -10 -10 -100    0 -1000 -1000 -10
218 17 pedestrian 0 0 -10 1066.92 79.68 1238.00 374.00 -10 -10 -10 -100    0 -1000 -1000 -10
218 41 pedestrian 0 0 -10 613.12 154.16 641.50 224.35 -10 -10 -10 -100    0 -1000 -1000 -10
218 48 pedestrian 0 0 -10 727.53 147.81 750.76 217.80 -10 -10 -10 -100    0 -1000 -1000 -10
218 6 pedestrian 0 0 -10 0.00 192.15 200.97 374.00 -10 -10 -10 -100    0 -1000 -1000 -10
218 34 pedestrian 0 0 -10 610.58 151.81 640.20 242.70 -10 -10 -10 -100    0 -1000 -1000 -10
218 47 pedestrian 0 0 -10 557.47 164.15 590.44 194.02 -10 -10 -10 -100    0 -1000 -1000 -10
219 45 pedestrian 0 0 -10 83.18 181.00 483.06 353.41 -10 -10 -10 -100    0 -1000 -1000 -10
219 40 pedestrian 0 0 -10 1158.30 99.26 1237.35 374.00 -10 -10 -10 -100    0 -1000 -1000 -10
219 39 pedestrian 0 0 -10 435.99 160.61 486.37 310.36 -10 -10 -10 -100    0 -1000 -1000 -10
219 38 pedestrian 0 0 -10 584.74 151.21 689.13 209.49 -10 -10 -10 -100    0 -1000 -1000 -10
219 36 pedestrian 0 0 -10 478.59 155.06 519.18 304.80 -10 -10 -10 -100    0 -1000 -1000 -10
219 35 pedestrian 0 0 -10 668.82 156.60 691.69 242.23 -10 -10 -10 -100    0 -1000 -1000 -10
219 33 pedestrian 0 0 -10 221.47 230.29 364.69 374.00 -10 -10 -10 -100    0 -1000 -1000 -10
219 32 pedestrian 0 0 -10 419.82 159.89 448.41 251.11 -10 -10 -10 -100    0 -1000 -1000 -10
219 49 pedestrian 0 0 -10 697.90 156.44 720.14 233.77 -10 -10 -10 -100    0 -1000 -1000 -10
219 17 pedestrian 0 0 -10 1077.39 72.28 1237.84 374.00 -10 -10 -10 -100    0 -1000 -1000 -10
219 48 pedestrian 0 0 -10 727.54 147.91 752.04 217.08 -10 -10 -10 -100    0 -1000 -1000 -10
219 6 pedestrian 0 0 -10 0.00 196.50 190.77 374.00 -10 -10 -10 -100    0 -1000 -1000 -10
219 34 pedestrian 0 0 -10 614.88 153.13 643.95 242.99 -10 -10 -10 -100    0 -1000 -1000 -10
219 47 pedestrian 0 0 -10 558.85 164.57 591.72 194.09 -10 -10 -10 -100    0 -1000 -1000 -10
220 45 pedestrian 0 0 -10 48.71 180.38 481.49 365.26 -10 -10 -10 -100    0 -1000 -1000 -10
220 40 pedestrian 0 0 -10 1177.87 102.13 1237.15 374.00 -10 -10 -10 -100    0 -1000 -1000 -10
220 39 pedestrian 0 0 -10 429.32 161.86 481.95 318.07 -10 -10 -10 -100    0 -1000 -1000 -10
220 38 pedestrian 0 0 -10 588.14 151.78 687.36 210.14 -10 -10 -10 -100    0 -1000 -1000 -10
220 36 pedestrian 0 0 -10 475.09 155.52 516.47 313.85 -10 -10 -10 -100    0 -1000 -1000 -10
220 35 pedestrian 0 0 -10 672.46 157.34 694.34 244.22 -10 -10 -10 -100    0 -1000 -1000 -10
220 33 pedestrian 0 0 -10 208.27 230.78 356.63 374.00 -10 -10 -10 -100    0 -1000 -1000 -10
220 32 pedestrian 0 0 -10 417.53 160.38 445.08 251.33 -10 -10 -10 -100    0 -1000 -1000 -10
220 49 pedestrian 0 0 -10 701.12 156.33 723.60 233.45 -10 -10 -10 -100    0 -1000 -1000 -10
220 17 pedestrian 0 0 -10 1090.17 62.67 1237.56 374.00 -10 -10 -10 -100    0 -1000 -1000 -10
220 48 pedestrian 0 0 -10 727.67 147.48 753.03 216.56 -10 -10 -10 -100    0 -1000 -1000 -10
220 6 pedestrian 0 0 -10 0.00 198.53 169.79 374.00 -10 -10 -10 -100    0 -1000 -1000 -10
220 34 pedestrian 0 0 -10 619.15 154.02 648.50 244.36 -10 -10 -10 -100    0 -1000 -1000 -10
220 47 pedestrian 0 0 -10 560.08 164.57 593.94 194.80 -10 -10 -10 -100    0 -1000 -1000 -10
221 45 pedestrian 0 0 -10 14.21 178.49 481.82 374.00 -10 -10 -10 -100    0 -1000 -1000 -10
221 40 pedestrian 0 0 -10 1193.20 99.14 1237.56 374.00 -10 -10 -10 -100    0 -1000 -1000 -10
221 39 pedestrian 0 0 -10 420.18 161.02 479.38 326.34 -10 -10 -10 -100    0 -1000 -1000 -10
221 38 pedestrian 0 0 -10 588.75 151.60 690.03 209.78 -10 -10 -10 -100    0 -1000 -1000 -10
221 36 pedestrian 0 0 -10 471.42 153.88 516.20 321.15 -10 -10 -10 -100    0 -1000 -1000 -10
221 35 pedestrian 0 0 -10 673.95 156.58 697.23 243.21 -10 -10 -10 -100    0 -1000 -1000 -10
221 33 pedestrian 0 0 -10 194.70 233.09 349.44 374.00 -10 -10 -10 -100    0 -1000 -1000 -10
221 32 pedestrian 0 0 -10 410.10 160.12 439.74 250.82 -10 -10 -10 -100    0 -1000 -1000 -10
221 49 pedestrian 0 0 -10 703.36 155.99 726.08 233.81 -10 -10 -10 -100    0 -1000 -1000 -10
221 17 pedestrian 0 0 -10 1109.78 60.34 1237.79 374.00 -10 -10 -10 -100    0 -1000 -1000 -10
221 48 pedestrian 0 0 -10 731.44 146.13 755.21 215.21 -10 -10 -10 -100    0 -1000 -1000 -10
221 6 pedestrian 0 0 -10 0.00 189.73 155.27 374.00 -10 -10 -10 -100    0 -1000 -1000 -10
221 34 pedestrian 0 0 -10 624.35 152.85 652.82 245.71 -10 -10 -10 -100    0 -1000 -1000 -10
221 47 pedestrian 0 0 -10 561.89 164.93 595.93 194.99 -10 -10 -10 -100    0 -1000 -1000 -10
221 50 pedestrian 0 0 -10 485.50 152.89 540.65 223.00 -10 -10 -10 -100    0 -1000 -1000 -10
222 45 pedestrian 0 0 -10 0.00 178.61 482.42 374.00 -10 -10 -10 -100    0 -1000 -1000 -10
222 39 pedestrian 0 0 -10 411.70 160.24 475.78 335.09 -10 -10 -10 -100    0 -1000 -1000 -10
222 38 pedestrian 0 0 -10 589.87 151.21 691.74 208.44 -10 -10 -10 -100    0 -1000 -1000 -10
222 36 pedestrian 0 0 -10 468.90 153.05 515.77 326.38 -10 -10 -10 -100    0 -1000 -1000 -10
222 35 pedestrian 0 0 -10 677.74 156.03 701.14 245.06 -10 -10 -10 -100    0 -1000 -1000 -10
222 33 pedestrian 0 0 -10 179.60 234.51 340.06 374.00 -10 -10 -10 -100    0 -1000 -1000 -10
222 32 pedestrian 0 0 -10 402.50 160.78 433.80 250.91 -10 -10 -10 -100    0 -1000 -1000 -10
222 49 pedestrian 0 0 -10 706.38 156.91 727.90 233.97 -10 -10 -10 -100    0 -1000 -1000 -10
222 17 pedestrian 0 0 -10 1123.00 60.34 1237.95 374.00 -10 -10 -10 -100    0 -1000 -1000 -10
222 48 pedestrian 0 0 -10 726.52 148.28 749.43 224.66 -10 -10 -10 -100    0 -1000 -1000 -10
222 34 pedestrian 0 0 -10 628.80 151.56 657.29 244.87 -10 -10 -10 -100    0 -1000 -1000 -10
222 47 pedestrian 0 0 -10 563.11 164.88 596.59 195.46 -10 -10 -10 -100    0 -1000 -1000 -10
222 50 pedestrian 0 0 -10 483.59 154.55 537.06 225.68 -10 -10 -10 -100    0 -1000 -1000 -10
223 45 pedestrian 0 0 -10 0.00 178.96 484.23 374.00 -10 -10 -10 -100    0 -1000 -1000 -10
223 39 pedestrian 0 0 -10 405.10 160.68 469.64 342.36 -10 -10 -10 -100    0 -1000 -1000 -10
223 38 pedestrian 0 0 -10 592.41 151.53 691.13 209.71 -10 -10 -10 -100    0 -1000 -1000 -10
223 36 pedestrian 0 0 -10 465.53 152.98 510.36 334.60 -10 -10 -10 -100    0 -1000 -1000 -10
223 35 pedestrian 0 0 -10 679.77 156.13 703.98 246.19 -10 -10 -10 -100    0 -1000 -1000 -10
223 33 pedestrian 0 0 -10 159.89 239.22 329.19 374.00 -10 -10 -10 -100    0 -1000 -1000 -10
223 32 pedestrian 0 0 -10 396.53 161.29 426.67 253.67 -10 -10 -10 -100    0 -1000 -1000 -10
223 49 pedestrian 0 0 -10 708.32 158.34 729.77 234.83 -10 -10 -10 -100    0 -1000 -1000 -10
223 17 pedestrian 0 0 -10 1137.97 58.14 1238.00 374.00 -10 -10 -10 -100    0 -1000 -1000 -10
223 48 pedestrian 0 0 -10 735.46 147.65 757.13 216.65 -10 -10 -10 -100    0 -1000 -1000 -10
223 34 pedestrian 0 0 -10 632.05 151.12 661.27 245.29 -10 -10 -10 -100    0 -1000 -1000 -10
223 47 pedestrian 0 0 -10 563.55 164.83 597.90 196.18 -10 -10 -10 -100    0 -1000 -1000 -10
223 50 pedestrian 0 0 -10 480.08 156.21 532.82 227.00 -10 -10 -10 -100    0 -1000 -1000 -10
224 45 pedestrian 0 0 -10 0.00 180.12 483.21 374.00 -10 -10 -10 -100    0 -1000 -1000 -10
224 39 pedestrian 0 0 -10 398.87 160.15 464.63 353.03 -10 -10 -10 -100    0 -1000 -1000 -10
224 38 pedestrian 0 0 -10 591.17 152.18 690.56 210.15 -10 -10 -10 -100    0 -1000 -1000 -10
224 36 pedestrian 0 0 -10 459.35 151.88 504.40 342.94 -10 -10 -10 -100    0 -1000 -1000 -10
224 35 pedestrian 0 0 -10 680.97 156.43 705.52 247.86 -10 -10 -10 -100    0 -1000 -1000 -10
224 33 pedestrian 0 0 -10 140.11 244.47 318.45 374.00 -10 -10 -10 -100    0 -1000 -1000 -10
224 32 pedestrian 0 0 -10 386.19 162.33 420.96 256.09 -10 -10 -10 -100    0 -1000 -1000 -10
224 49 pedestrian 0 0 -10 708.85 159.67 730.82 236.70 -10 -10 -10 -100    0 -1000 -1000 -10
224 17 pedestrian 0 0 -10 1156.75 56.56 1237.99 374.00 -10 -10 -10 -100    0 -1000 -1000 -10
224 34 pedestrian 0 0 -10 635.39 152.33 663.95 247.78 -10 -10 -10 -100    0 -1000 -1000 -10
224 47 pedestrian 0 0 -10 563.96 165.31 598.93 196.46 -10 -10 -10 -100    0 -1000 -1000 -10
224 50 pedestrian 0 0 -10 479.49 157.10 525.00 222.91 -10 -10 -10 -100    0 -1000 -1000 -10
225 45 pedestrian 0 0 -10 0.00 180.64 481.35 374.00 -10 -10 -10 -100    0 -1000 -1000 -10
225 39 pedestrian 0 0 -10 388.73 159.74 456.44 363.06 -10 -10 -10 -100    0 -1000 -1000 -10
225 38 pedestrian 0 0 -10 591.39 151.84 691.30 209.13 -10 -10 -10 -100    0 -1000 -1000 -10
225 36 pedestrian 0 0 -10 453.09 152.12 498.65 351.37 -10 -10 -10 -100    0 -1000 -1000 -10
225 35 pedestrian 0 0 -10 683.09 156.98 708.16 249.12 -10 -10 -10 -100    0 -1000 -1000 -10
225 33 pedestrian 0 0 -10 115.74 245.09 306.99 374.00 -10 -10 -10 -100    0 -1000 -1000 -10
225 32 pedestrian 0 0 -10 378.86 163.04 414.99 257.52 -10 -10 -10 -100    0 -1000 -1000 -10
225 49 pedestrian 0 0 -10 710.32 158.85 731.61 237.02 -10 -10 -10 -100    0 -1000 -1000 -10
225 17 pedestrian 0 0 -10 1175.41 55.91 1237.89 374.00 -10 -10 -10 -100    0 -1000 -1000 -10
225 34 pedestrian 0 0 -10 637.89 152.55 666.36 249.07 -10 -10 -10 -100    0 -1000 -1000 -10
225 47 pedestrian 0 0 -10 564.23 164.98 599.68 197.05 -10 -10 -10 -100    0 -1000 -1000 -10
225 50 pedestrian 0 0 -10 489.20 160.47 515.74 221.58 -10 -10 -10 -100    0 -1000 -1000 -10
226 45 pedestrian 0 0 -10 0.00 181.58 478.25 374.00 -10 -10 -10 -100    0 -1000 -1000 -10
226 39 pedestrian 0 0 -10 379.01 159.53 448.19 374.00 -10 -10 -10 -100    0 -1000 -1000 -10
226 38 pedestrian 0 0 -10 591.79 152.82 694.46 209.64 -10 -10 -10 -100    0 -1000 -1000 -10
226 36 pedestrian 0 0 -10 441.60 154.48 490.93 359.49 -10 -10 -10 -100    0 -1000 -1000 -10
226 35 pedestrian 0 0 -10 684.84 157.12 709.32 248.64 -10 -10 -10 -100    0 -1000 -1000 -10
226 33 pedestrian 0 0 -10 91.80 252.89 290.76 374.00 -10 -10 -10 -100    0 -1000 -1000 -10
226 32 pedestrian 0 0 -10 369.08 163.71 410.83 260.34 -10 -10 -10 -100    0 -1000 -1000 -10
226 49 pedestrian 0 0 -10 711.46 158.84 733.00 237.91 -10 -10 -10 -100    0 -1000 -1000 -10
226 17 pedestrian 0 0 -10 1197.43 58.44 1237.62 374.00 -10 -10 -10 -100    0 -1000 -1000 -10
226 34 pedestrian 0 0 -10 641.61 153.92 670.25 249.23 -10 -10 -10 -100    0 -1000 -1000 -10
226 47 pedestrian 0 0 -10 563.99 165.26 599.82 197.64 -10 -10 -10 -100    0 -1000 -1000 -10
226 50 pedestrian 0 0 -10 491.67 160.96 513.94 221.83 -10 -10 -10 -100    0 -1000 -1000 -10
227 45 pedestrian 0 0 -10 0.00 180.87 477.77 374.00 -10 -10 -10 -100    0 -1000 -1000 -10
227 39 pedestrian 0 0 -10 367.10 160.81 441.27 374.00 -10 -10 -10 -100    0 -1000 -1000 -10
227 38 pedestrian 0 0 -10 590.20 152.50 693.40 209.07 -10 -10 -10 -100    0 -1000 -1000 -10
227 36 pedestrian 0 0 -10 434.19 153.85 487.17 371.54 -10 -10 -10 -100    0 -1000 -1000 -10
227 35 pedestrian 0 0 -10 685.80 157.73 711.31 250.03 -10 -10 -10 -100    0 -1000 -1000 -10
227 33 pedestrian 0 0 -10 65.64 256.41 276.20 374.00 -10 -10 -10 -100    0 -1000 -1000 -10
227 32 pedestrian 0 0 -10 358.53 162.11 406.14 258.86 -10 -10 -10 -100    0 -1000 -1000 -10
227 49 pedestrian 0 0 -10 713.16 159.01 734.64 238.61 -10 -10 -10 -100    0 -1000 -1000 -10
227 41 pedestrian 0 0 -10 633.64 153.43 652.03 219.35 -10 -10 -10 -100    0 -1000 -1000 -10
227 34 pedestrian 0 0 -10 643.35 154.14 672.38 249.72 -10 -10 -10 -100    0 -1000 -1000 -10
227 47 pedestrian 0 0 -10 564.00 164.90 599.73 197.51 -10 -10 -10 -100    0 -1000 -1000 -10
227 50 pedestrian 0 0 -10 489.53 160.59 511.62 222.69 -10 -10 -10 -100    0 -1000 -1000 -10
228 39 pedestrian 0 0 -10 344.95 160.92 429.84 374.00 -10 -10 -10 -100    0 -1000 -1000 -10
228 38 pedestrian 0 0 -10 585.51 151.48 679.16 202.09 -10 -10 -10 -100    0 -1000 -1000 -10
228 36 pedestrian 0 0 -10 423.77 148.97 479.19 374.00 -10 -10 -10 -100    0 -1000 -1000 -10
228 35 pedestrian 0 0 -10 686.48 158.35 712.07 249.33 -10 -10 -10 -100    0 -1000 -1000 -10
228 33 pedestrian 0 0 -10 26.75 264.22 254.04 374.00 -10 -10 -10 -100    0 -1000 -1000 -10
228 32 pedestrian 0 0 -10 344.43 163.11 402.34 262.28 -10 -10 -10 -100    0 -1000 -1000 -10
228 49 pedestrian 0 0 -10 714.83 159.04 735.89 239.32 -10 -10 -10 -100    0 -1000 -1000 -10
228 45 pedestrian 0 0 -10 0.00 180.43 480.19 374.00 -10 -10 -10 -100    0 -1000 -1000 -10
228 41 pedestrian 0 0 -10 634.49 153.79 655.11 220.68 -10 -10 -10 -100    0 -1000 -1000 -10
228 34 pedestrian 0 0 -10 643.72 153.27 673.89 250.94 -10 -10 -10 -100    0 -1000 -1000 -10
228 47 pedestrian 0 0 -10 563.11 165.10 598.69 196.89 -10 -10 -10 -100    0 -1000 -1000 -10
228 50 pedestrian 0 0 -10 487.66 160.91 509.19 223.29 -10 -10 -10 -100    0 -1000 -1000 -10
229 39 pedestrian 0 0 -10 327.18 159.60 418.57 374.00 -10 -10 -10 -100    0 -1000 -1000 -10
229 36 pedestrian 0 0 -10 410.13 145.46 471.13 374.00 -10 -10 -10 -100    0 -1000 -1000 -10
229 35 pedestrian 0 0 -10 688.19 156.37 713.55 249.55 -10 -10 -10 -100    0 -1000 -1000 -10
229 33 pedestrian 0 0 -10 1.65 272.32 225.86 374.00 -10 -10 -10 -100    0 -1000 -1000 -10
229 32 pedestrian 0 0 -10 328.33 163.22 386.83 262.51 -10 -10 -10 -100    0 -1000 -1000 -10
229 49 pedestrian 0 0 -10 716.18 157.05 736.93 239.42 -10 -10 -10 -100    0 -1000 -1000 -10
229 45 pedestrian 0 0 -10 0.00 181.17 475.66 374.00 -10 -10 -10 -100    0 -1000 -1000 -10
229 51 pedestrian 0 0 -10 732.22 151.11 754.89 229.26 -10 -10 -10 -100    0 -1000 -1000 -10
229 41 pedestrian 0 0 -10 634.88 153.21 655.57 221.66 -10 -10 -10 -100    0 -1000 -1000 -10
229 34 pedestrian 0 0 -10 643.94 152.61 675.40 251.46 -10 -10 -10 -100    0 -1000 -1000 -10
229 47 pedestrian 0 0 -10 562.17 164.50 597.91 196.92 -10 -10 -10 -100    0 -1000 -1000 -10
229 50 pedestrian 0 0 -10 486.47 160.66 506.79 223.67 -10 -10 -10 -100    0 -1000 -1000 -10
230 39 pedestrian 0 0 -10 303.30 154.35 406.95 374.00 -10 -10 -10 -100    0 -1000 -1000 -10
230 36 pedestrian 0 0 -10 392.06 142.85 459.11 374.00 -10 -10 -10 -100    0 -1000 -1000 -10
230 35 pedestrian 0 0 -10 688.26 155.95 714.09 250.22 -10 -10 -10 -100    0 -1000 -1000 -10
230 33 pedestrian 0 0 -10 0.00 281.20 195.68 374.00 -10 -10 -10 -100    0 -1000 -1000 -10
230 32 pedestrian 0 0 -10 319.49 157.85 374.75 261.08 -10 -10 -10 -100    0 -1000 -1000 -10
230 49 pedestrian 0 0 -10 715.54 156.91 736.86 239.76 -10 -10 -10 -100    0 -1000 -1000 -10
230 45 pedestrian 0 0 -10 0.00 180.64 472.39 374.00 -10 -10 -10 -100    0 -1000 -1000 -10
230 51 pedestrian 0 0 -10 731.63 151.41 755.87 230.54 -10 -10 -10 -100    0 -1000 -1000 -10
230 41 pedestrian 0 0 -10 633.25 153.72 654.41 219.46 -10 -10 -10 -100    0 -1000 -1000 -10
230 34 pedestrian 0 0 -10 645.31 153.23 677.03 251.54 -10 -10 -10 -100    0 -1000 -1000 -10
230 47 pedestrian 0 0 -10 560.84 164.23 596.89 196.47 -10 -10 -10 -100    0 -1000 -1000 -10
230 50 pedestrian 0 0 -10 484.22 159.47 505.65 224.53 -10 -10 -10 -100    0 -1000 -1000 -10
230 52 pedestrian 0 0 -10 583.82 151.22 662.01 187.61 -10 -10 -10 -100    0 -1000 -1000 -10
231 39 pedestrian 0 0 -10 258.23 158.83 386.79 374.00 -10 -10 -10 -100    0 -1000 -1000 -10
231 36 pedestrian 0 0 -10 367.37 146.11 445.54 374.00 -10 -10 -10 -100    0 -1000 -1000 -10
231 35 pedestrian 0 0 -10 688.64 156.14 714.78 252.08 -10 -10 -10 -100    0 -1000 -1000 -10
231 33 pedestrian 0 0 -10 0.00 280.72 160.03 374.00 -10 -10 -10 -100    0 -1000 -1000 -10
231 32 pedestrian 0 0 -10 303.58 161.58 361.02 270.65 -10 -10 -10 -100    0 -1000 -1000 -10
231 49 pedestrian 0 0 -10 716.87 156.09 738.07 240.37 -10 -10 -10 -100    0 -1000 -1000 -10
231 45 pedestrian 0 0 -10 0.00 181.68 469.27 374.00 -10 -10 -10 -100    0 -1000 -1000 -10
231 51 pedestrian 0 0 -10 731.00 150.84 757.09 230.20 -10 -10 -10 -100    0 -1000 -1000 -10
231 41 pedestrian 0 0 -10 631.98 153.88 653.23 220.64 -10 -10 -10 -100    0 -1000 -1000 -10
231 34 pedestrian 0 0 -10 646.27 153.90 678.56 253.07 -10 -10 -10 -100    0 -1000 -1000 -10
231 47 pedestrian 0 0 -10 558.44 163.80 595.47 196.82 -10 -10 -10 -100    0 -1000 -1000 -10
231 50 pedestrian 0 0 -10 483.97 160.47 503.33 225.02 -10 -10 -10 -100    0 -1000 -1000 -10
231 52 pedestrian 0 0 -10 582.49 150.97 659.37 186.54 -10 -10 -10 -100    0 -1000 -1000 -10
232 53 pedestrian 0 0 -10 467.45 162.08 486.05 225.53 -10 -10 -10 -100    0 -1000 -1000 -10
232 39 pedestrian 0 0 -10 217.30 162.10 387.68 374.00 -10 -10 -10 -100    0 -1000 -1000 -10
232 36 pedestrian 0 0 -10 337.80 147.27 418.35 374.00 -10 -10 -10 -100    0 -1000 -1000 -10
232 35 pedestrian 0 0 -10 688.33 157.51 714.34 255.07 -10 -10 -10 -100    0 -1000 -1000 -10
232 32 pedestrian 0 0 -10 300.82 164.19 355.36 270.23 -10 -10 -10 -100    0 -1000 -1000 -10
232 49 pedestrian 0 0 -10 718.64 157.50 737.94 242.06 -10 -10 -10 -100    0 -1000 -1000 -10
232 45 pedestrian 0 0 -10 0.00 186.62 465.64 374.00 -10 -10 -10 -100    0 -1000 -1000 -10
232 51 pedestrian 0 0 -10 729.39 151.10 756.32 232.44 -10 -10 -10 -100    0 -1000 -1000 -10
232 41 pedestrian 0 0 -10 630.56 154.44 651.33 224.32 -10 -10 -10 -100    0 -1000 -1000 -10
232 34 pedestrian 0 0 -10 647.37 154.94 678.08 255.31 -10 -10 -10 -100    0 -1000 -1000 -10
232 47 pedestrian 0 0 -10 556.63 164.51 593.32 198.35 -10 -10 -10 -100    0 -1000 -1000 -10
232 50 pedestrian 0 0 -10 480.87 161.02 501.80 227.01 -10 -10 -10 -100    0 -1000 -1000 -10
232 52 pedestrian 0 0 -10 579.14 150.95 658.82 187.17 -10 -10 -10 -100    0 -1000 -1000 -10
233 54 pedestrian 0 0 -10 761.22 148.95 781.38 217.73 -10 -10 -10 -100    0 -1000 -1000 -10
233 53 pedestrian 0 0 -10 461.14 163.40 480.57 227.24 -10 -10 -10 -100    0 -1000 -1000 -10
233 39 pedestrian 0 0 -10 183.17 166.69 363.28 374.00 -10 -10 -10 -100    0 -1000 -1000 -10
233 36 pedestrian 0 0 -10 307.71 145.56 391.74 374.00 -10 -10 -10 -100    0 -1000 -1000 -10
233 35 pedestrian 0 0 -10 687.46 158.67 712.94 255.93 -10 -10 -10 -100    0 -1000 -1000 -10
233 32 pedestrian 0 0 -10 297.40 162.73 342.94 266.31 -10 -10 -10 -100    0 -1000 -1000 -10
233 49 pedestrian 0 0 -10 718.57 159.50 737.00 243.72 -10 -10 -10 -100    0 -1000 -1000 -10
233 45 pedestrian 0 0 -10 0.00 187.09 464.04 374.00 -10 -10 -10 -100    0 -1000 -1000 -10
233 51 pedestrian 0 0 -10 727.61 151.40 755.14 233.92 -10 -10 -10 -100    0 -1000 -1000 -10
233 41 pedestrian 0 0 -10 626.94 155.19 648.56 225.87 -10 -10 -10 -100    0 -1000 -1000 -10
233 34 pedestrian 0 0 -10 647.63 155.46 677.68 257.17 -10 -10 -10 -100    0 -1000 -1000 -10
233 47 pedestrian 0 0 -10 554.06 165.68 591.76 200.05 -10 -10 -10 -100    0 -1000 -1000 -10
233 50 pedestrian 0 0 -10 477.85 162.47 498.16 229.02 -10 -10 -10 -100    0 -1000 -1000 -10
233 52 pedestrian 0 0 -10 577.63 151.91 652.34 187.85 -10 -10 -10 -100    0 -1000 -1000 -10
234 55 pedestrian 0 0 -10 715.85 161.10 736.53 244.10 -10 -10 -10 -100    0 -1000 -1000 -10
234 54 pedestrian 0 0 -10 760.85 149.52 780.55 218.53 -10 -10 -10 -100    0 -1000 -1000 -10
234 53 pedestrian 0 0 -10 453.10 163.32 472.46 230.64 -10 -10 -10 -100    0 -1000 -1000 -10
234 39 pedestrian 0 0 -10 142.96 166.40 340.95 374.00 -10 -10 -10 -100    0 -1000 -1000 -10
234 35 pedestrian 0 0 -10 685.95 159.59 710.85 258.16 -10 -10 -10 -100    0 -1000 -1000 -10
234 32 pedestrian 0 0 -10 287.77 162.25 329.94 271.26 -10 -10 -10 -100    0 -1000 -1000 -10
234 49 pedestrian 0 0 -10 719.70 158.42 739.50 243.08 -10 -10 -10 -100    0 -1000 -1000 -10
234 45 pedestrian 0 0 -10 0.00 187.38 454.43 374.00 -10 -10 -10 -100    0 -1000 -1000 -10
234 51 pedestrian 0 0 -10 724.35 152.82 749.62 234.97 -10 -10 -10 -100    0 -1000 -1000 -10
234 41 pedestrian 0 0 -10 623.82 156.87 646.35 227.60 -10 -10 -10 -100    0 -1000 -1000 -10
234 34 pedestrian 0 0 -10 644.61 154.96 675.87 258.94 -10 -10 -10 -100    0 -1000 -1000 -10
234 47 pedestrian 0 0 -10 550.70 166.86 588.20 200.36 -10 -10 -10 -100    0 -1000 -1000 -10
234 50 pedestrian 0 0 -10 472.52 162.14 493.83 231.62 -10 -10 -10 -100    0 -1000 -1000 -10
234 52 pedestrian 0 0 -10 575.21 153.25 652.10 188.70 -10 -10 -10 -100    0 -1000 -1000 -10
235 55 pedestrian 0 0 -10 714.43 161.80 736.81 245.18 -10 -10 -10 -100    0 -1000 -1000 -10
235 54 pedestrian 0 0 -10 759.05 149.01 779.61 219.41 -10 -10 -10 -100    0 -1000 -1000 -10
235 53 pedestrian 0 0 -10 447.64 165.21 467.41 232.30 -10 -10 -10 -100    0 -1000 -1000 -10
235 39 pedestrian 0 0 -10 85.93 163.04 316.66 374.00 -10 -10 -10 -100    0 -1000 -1000 -10
235 35 pedestrian 0 0 -10 683.97 161.36 709.44 260.21 -10 -10 -10 -100    0 -1000 -1000 -10
235 32 pedestrian 0 0 -10 264.37 166.25 313.70 275.39 -10 -10 -10 -100    0 -1000 -1000 -10
235 49 pedestrian 0 0 -10 719.95 158.15 742.23 240.38 -10 -10 -10 -100    0 -1000 -1000 -10
235 45 pedestrian 0 0 -10 0.00 189.69 449.29 374.00 -10 -10 -10 -100    0 -1000 -1000 -10
235 51 pedestrian 0 0 -10 723.65 154.20 747.13 236.29 -10 -10 -10 -100    0 -1000 -1000 -10
235 41 pedestrian 0 0 -10 621.29 157.27 643.98 228.47 -10 -10 -10 -100    0 -1000 -1000 -10
235 34 pedestrian 0 0 -10 641.74 157.12 671.94 261.06 -10 -10 -10 -100    0 -1000 -1000 -10
235 47 pedestrian 0 0 -10 547.87 168.62 585.03 201.95 -10 -10 -10 -100    0 -1000 -1000 -10
235 50 pedestrian 0 0 -10 467.18 163.21 488.43 233.35 -10 -10 -10 -100    0 -1000 -1000 -10
235 52 pedestrian 0 0 -10 576.27 154.40 650.70 188.60 -10 -10 -10 -100    0 -1000 -1000 -10
236 55 pedestrian 0 0 -10 712.26 163.45 735.27 248.53 -10 -10 -10 -100    0 -1000 -1000 -10
236 54 pedestrian 0 0 -10 757.00 149.88 777.36 221.70 -10 -10 -10 -100    0 -1000 -1000 -10
236 53 pedestrian 0 0 -10 441.58 165.58 462.93 233.24 -10 -10 -10 -100    0 -1000 -1000 -10
236 39 pedestrian 0 0 -10 20.17 160.67 285.22 374.00 -10 -10 -10 -100    0 -1000 -1000 -10
236 35 pedestrian 0 0 -10 682.02 163.97 707.46 262.59 -10 -10 -10 -100    0 -1000 -1000 -10
236 32 pedestrian 0 0 -10 237.78 163.50 300.34 277.64 -10 -10 -10 -100    0 -1000 -1000 -10
236 45 pedestrian 0 0 -10 0.32 178.49 349.60 374.00 -10 -10 -10 -100    0 -1000 -1000 -10
236 51 pedestrian 0 0 -10 720.78 155.78 747.22 232.42 -10 -10 -10 -100    0 -1000 -1000 -10
236 41 pedestrian 0 0 -10 619.02 159.71 641.88 230.65 -10 -10 -10 -100    0 -1000 -1000 -10
236 34 pedestrian 0 0 -10 638.68 159.52 668.82 263.81 -10 -10 -10 -100    0 -1000 -1000 -10
236 47 pedestrian 0 0 -10 544.76 169.40 582.22 203.47 -10 -10 -10 -100    0 -1000 -1000 -10
236 50 pedestrian 0 0 -10 460.84 165.37 484.32 235.89 -10 -10 -10 -100    0 -1000 -1000 -10
236 52 pedestrian 0 0 -10 575.19 156.99 650.65 187.97 -10 -10 -10 -100    0 -1000 -1000 -10
237 55 pedestrian 0 0 -10 710.71 163.03 734.68 249.28 -10 -10 -10 -100    0 -1000 -1000 -10
237 53 pedestrian 0 0 -10 436.93 167.21 457.90 235.92 -10 -10 -10 -100    0 -1000 -1000 -10
237 39 pedestrian 0 0 -10 0.00 158.86 241.16 374.00 -10 -10 -10 -100    0 -1000 -1000 -10
237 35 pedestrian 0 0 -10 680.95 164.95 707.41 265.83 -10 -10 -10 -100    0 -1000 -1000 -10
237 32 pedestrian 0 0 -10 235.43 168.95 280.53 272.73 -10 -10 -10 -100    0 -1000 -1000 -10
237 45 pedestrian 0 0 -10 0.00 168.50 338.51 374.00 -10 -10 -10 -100    0 -1000 -1000 -10
237 51 pedestrian 0 0 -10 719.47 155.78 746.29 232.10 -10 -10 -10 -100    0 -1000 -1000 -10
237 41 pedestrian 0 0 -10 617.32 161.13 640.16 232.98 -10 -10 -10 -100    0 -1000 -1000 -10
237 56 pedestrian 0 0 -10 104.12 147.87 338.55 374.00 -10 -10 -10 -100    0 -1000 -1000 -10
237 34 pedestrian 0 0 -10 635.97 161.71 666.34 265.72 -10 -10 -10 -100    0 -1000 -1000 -10
237 47 pedestrian 0 0 -10 541.10 170.30 579.37 204.93 -10 -10 -10 -100    0 -1000 -1000 -10
237 50 pedestrian 0 0 -10 455.15 165.70 480.30 237.15 -10 -10 -10 -100    0 -1000 -1000 -10
237 52 pedestrian 0 0 -10 574.41 158.57 648.49 188.08 -10 -10 -10 -100    0 -1000 -1000 -10
238 53 pedestrian 0 0 -10 432.30 168.90 454.48 237.62 -10 -10 -10 -100    0 -1000 -1000 -10
238 39 pedestrian 0 0 -10 0.00 158.18 199.83 374.00 -10 -10 -10 -100    0 -1000 -1000 -10
238 35 pedestrian 0 0 -10 679.84 165.47 706.61 266.11 -10 -10 -10 -100    0 -1000 -1000 -10
238 32 pedestrian 0 0 -10 224.65 167.14 267.21 278.11 -10 -10 -10 -100    0 -1000 -1000 -10
238 45 pedestrian 0 0 -10 0.25 164.33 335.10 374.00 -10 -10 -10 -100    0 -1000 -1000 -10
238 41 pedestrian 0 0 -10 615.26 160.85 638.20 233.32 -10 -10 -10 -100    0 -1000 -1000 -10
238 56 pedestrian 0 0 -10 36.54 149.09 287.76 374.00 -10 -10 -10 -100    0 -1000 -1000 -10
238 34 pedestrian 0 0 -10 634.44 161.63 665.58 266.97 -10 -10 -10 -100    0 -1000 -1000 -10
238 47 pedestrian 0 0 -10 537.83 172.16 576.25 206.08 -10 -10 -10 -100    0 -1000 -1000 -10
238 50 pedestrian 0 0 -10 449.28 167.13 476.00 240.25 -10 -10 -10 -100    0 -1000 -1000 -10
238 52 pedestrian 0 0 -10 572.59 160.21 643.89 188.68 -10 -10 -10 -100    0 -1000 -1000 -10
239 57 pedestrian 0 0 -10 175.05 243.19 313.88 374.00 -10 -10 -10 -100    0 -1000 -1000 -10
239 53 pedestrian 0 0 -10 425.80 169.57 450.42 240.60 -10 -10 -10 -100    0 -1000 -1000 -10
239 35 pedestrian 0 0 -10 679.54 165.92 706.13 267.90 -10 -10 -10 -100    0 -1000 -1000 -10
239 32 pedestrian 0 0 -10 212.34 167.67 256.56 283.81 -10 -10 -10 -100    0 -1000 -1000 -10
239 49 pedestrian 0 0 -10 709.22 157.81 736.57 242.46 -10 -10 -10 -100    0 -1000 -1000 -10
239 45 pedestrian 0 0 -10 0.01 160.43 329.76 374.00 -10 -10 -10 -100    0 -1000 -1000 -10
239 41 pedestrian 0 0 -10 614.51 162.02 637.73 235.00 -10 -10 -10 -100    0 -1000 -1000 -10
239 56 pedestrian 0 0 -10 0.00 142.22 257.09 374.00 -10 -10 -10 -100    0 -1000 -1000 -10
239 48 pedestrian 0 0 -10 749.20 154.44 770.80 227.82 -10 -10 -10 -100    0 -1000 -1000 -10
239 34 pedestrian 0 0 -10 632.89 161.98 665.29 270.32 -10 -10 -10 -100    0 -1000 -1000 -10
239 47 pedestrian 0 0 -10 535.91 173.09 574.96 207.98 -10 -10 -10 -100    0 -1000 -1000 -10
239 50 pedestrian 0 0 -10 444.48 167.82 472.15 242.40 -10 -10 -10 -100    0 -1000 -1000 -10
239 52 pedestrian 0 0 -10 571.78 161.58 642.14 189.69 -10 -10 -10 -100    0 -1000 -1000 -10
240 53 pedestrian 0 0 -10 421.58 170.26 446.08 242.71 -10 -10 -10 -100    0 -1000 -1000 -10
240 57 pedestrian 0 0 -10 143.46 243.33 298.95 374.00 -10 -10 -10 -100    0 -1000 -1000 -10
240 35 pedestrian 0 0 -10 679.73 166.08 706.58 270.73 -10 -10 -10 -100    0 -1000 -1000 -10
240 32 pedestrian 0 0 -10 196.31 171.88 243.40 287.75 -10 -10 -10 -100    0 -1000 -1000 -10
240 49 pedestrian 0 0 -10 707.24 159.30 734.82 243.06 -10 -10 -10 -100    0 -1000 -1000 -10
240 45 pedestrian 0 0 -10 0.31 163.12 324.50 374.00 -10 -10 -10 -100    0 -1000 -1000 -10
240 41 pedestrian 0 0 -10 613.69 162.50 637.07 236.65 -10 -10 -10 -100    0 -1000 -1000 -10
240 56 pedestrian 0 0 -10 0.00 141.31 209.00 374.00 -10 -10 -10 -100    0 -1000 -1000 -10
240 48 pedestrian 0 0 -10 744.13 157.53 765.91 229.63 -10 -10 -10 -100    0 -1000 -1000 -10
240 34 pedestrian 0 0 -10 631.45 162.66 665.47 272.05 -10 -10 -10 -100    0 -1000 -1000 -10
240 47 pedestrian 0 0 -10 533.94 175.11 573.34 209.55 -10 -10 -10 -100    0 -1000 -1000 -10
240 50 pedestrian 0 0 -10 440.29 168.73 467.98 245.82 -10 -10 -10 -100    0 -1000 -1000 -10
240 52 pedestrian 0 0 -10 571.30 162.39 639.62 189.91 -10 -10 -10 -100    0 -1000 -1000 -10
241 53 pedestrian 0 0 -10 418.12 171.72 440.05 244.00 -10 -10 -10 -100    0 -1000 -1000 -10
241 57 pedestrian 0 0 -10 120.12 250.69 281.92 374.00 -10 -10 -10 -100    0 -1000 -1000 -10
241 35 pedestrian 0 0 -10 678.95 167.94 707.18 272.87 -10 -10 -10 -100    0 -1000 -1000 -10
241 32 pedestrian 0 0 -10 184.67 176.70 232.26 295.99 -10 -10 -10 -100    0 -1000 -1000 -10
241 49 pedestrian 0 0 -10 710.05 163.47 737.86 245.89 -10 -10 -10 -100    0 -1000 -1000 -10
241 45 pedestrian 0 0 -10 0.19 164.73 322.12 374.00 -10 -10 -10 -100    0 -1000 -1000 -10
241 41 pedestrian 0 0 -10 613.64 165.11 637.75 238.33 -10 -10 -10 -100    0 -1000 -1000 -10
241 48 pedestrian 0 0 -10 741.98 158.70 766.30 234.20 -10 -10 -10 -100    0 -1000 -1000 -10
241 34 pedestrian 0 0 -10 632.37 164.36 666.97 275.39 -10 -10 -10 -100    0 -1000 -1000 -10
241 47 pedestrian 0 0 -10 532.87 175.79 572.81 211.38 -10 -10 -10 -100    0 -1000 -1000 -10
241 50 pedestrian 0 0 -10 437.84 170.67 465.45 248.90 -10 -10 -10 -100    0 -1000 -1000 -10
241 52 pedestrian 0 0 -10 571.10 163.03 640.04 191.62 -10 -10 -10 -100    0 -1000 -1000 -10
242 53 pedestrian 0 0 -10 415.84 172.28 436.58 244.72 -10 -10 -10 -100    0 -1000 -1000 -10
242 57 pedestrian 0 0 -10 101.54 253.86 267.66 374.00 -10 -10 -10 -100    0 -1000 -1000 -10
242 35 pedestrian 0 0 -10 679.01 170.58 707.93 275.77 -10 -10 -10 -100    0 -1000 -1000 -10
242 32 pedestrian 0 0 -10 168.52 177.44 214.24 297.69 -10 -10 -10 -100    0 -1000 -1000 -10
242 49 pedestrian 0 0 -10 710.06 163.54 738.34 247.83 -10 -10 -10 -100    0 -1000 -1000 -10
242 45 pedestrian 0 0 -10 0.19 162.71 323.97 374.00 -10 -10 -10 -100    0 -1000 -1000 -10
242 41 pedestrian 0 0 -10 614.16 164.57 637.99 237.00 -10 -10 -10 -100    0 -1000 -1000 -10
242 48 pedestrian 0 0 -10 738.22 161.93 761.87 235.71 -10 -10 -10 -100    0 -1000 -1000 -10
242 34 pedestrian 0 0 -10 634.37 165.43 668.78 276.89 -10 -10 -10 -100    0 -1000 -1000 -10
242 47 pedestrian 0 0 -10 532.76 176.51 572.79 212.12 -10 -10 -10 -100    0 -1000 -1000 -10
242 50 pedestrian 0 0 -10 436.14 171.93 464.06 251.01 -10 -10 -10 -100    0 -1000 -1000 -10
242 52 pedestrian 0 0 -10 571.29 163.63 640.07 191.96 -10 -10 -10 -100    0 -1000 -1000 -10
243 53 pedestrian 0 0 -10 413.88 171.88 435.24 247.06 -10 -10 -10 -100    0 -1000 -1000 -10
243 57 pedestrian 0 0 -10 74.99 256.97 249.66 374.00 -10 -10 -10 -100    0 -1000 -1000 -10
243 35 pedestrian 0 0 -10 679.84 171.72 709.25 276.81 -10 -10 -10 -100    0 -1000 -1000 -10
243 32 pedestrian 0 0 -10 156.88 176.49 201.13 301.33 -10 -10 -10 -100    0 -1000 -1000 -10
243 49 pedestrian 0 0 -10 712.19 163.79 739.53 246.99 -10 -10 -10 -100    0 -1000 -1000 -10
243 45 pedestrian 0 0 -10 0.23 163.05 322.71 374.00 -10 -10 -10 -100    0 -1000 -1000 -10
243 41 pedestrian 0 0 -10 615.22 166.03 639.88 240.23 -10 -10 -10 -100    0 -1000 -1000 -10
243 48 pedestrian 0 0 -10 741.35 163.88 764.86 238.17 -10 -10 -10 -100    0 -1000 -1000 -10
243 34 pedestrian 0 0 -10 637.19 166.29 671.20 277.35 -10 -10 -10 -100    0 -1000 -1000 -10
243 47 pedestrian 0 0 -10 533.02 177.92 573.36 212.68 -10 -10 -10 -100    0 -1000 -1000 -10
243 50 pedestrian 0 0 -10 434.84 172.03 463.50 254.11 -10 -10 -10 -100    0 -1000 -1000 -10
243 52 pedestrian 0 0 -10 571.77 163.83 638.21 192.83 -10 -10 -10 -100    0 -1000 -1000 -10
244 53 pedestrian 0 0 -10 412.18 172.01 434.35 248.84 -10 -10 -10 -100    0 -1000 -1000 -10
244 57 pedestrian 0 0 -10 46.05 258.25 232.39 374.00 -10 -10 -10 -100    0 -1000 -1000 -10
244 35 pedestrian 0 0 -10 682.85 172.74 711.21 278.74 -10 -10 -10 -100    0 -1000 -1000 -10
244 32 pedestrian 0 0 -10 143.85 176.14 188.50 304.70 -10 -10 -10 -100    0 -1000 -1000 -10
244 49 pedestrian 0 0 -10 715.57 163.32 743.73 249.79 -10 -10 -10 -100    0 -1000 -1000 -10
244 45 pedestrian 0 0 -10 0.44 162.06 319.34 374.00 -10 -10 -10 -100    0 -1000 -1000 -10
244 41 pedestrian 0 0 -10 615.76 166.51 640.62 240.67 -10 -10 -10 -100    0 -1000 -1000 -10
244 48 pedestrian 0 0 -10 745.58 163.32 772.25 240.10 -10 -10 -10 -100    0 -1000 -1000 -10
244 34 pedestrian 0 0 -10 640.89 166.13 675.32 278.63 -10 -10 -10 -100    0 -1000 -1000 -10
244 47 pedestrian 0 0 -10 533.86 177.74 574.76 213.63 -10 -10 -10 -100    0 -1000 -1000 -10
244 50 pedestrian 0 0 -10 434.32 171.37 463.74 256.09 -10 -10 -10 -100    0 -1000 -1000 -10
244 52 pedestrian 0 0 -10 573.05 163.96 641.47 192.60 -10 -10 -10 -100    0 -1000 -1000 -10
245 53 pedestrian 0 0 -10 410.66 172.32 432.78 248.95 -10 -10 -10 -100    0 -1000 -1000 -10
245 57 pedestrian 0 0 -10 13.11 261.84 214.93 374.00 -10 -10 -10 -100    0 -1000 -1000 -10
245 35 pedestrian 0 0 -10 685.00 168.43 716.10 279.56 -10 -10 -10 -100    0 -1000 -1000 -10
245 32 pedestrian 0 0 -10 132.70 178.54 176.92 302.18 -10 -10 -10 -100    0 -1000 -1000 -10
245 49 pedestrian 0 0 -10 718.09 161.69 746.69 250.97 -10 -10 -10 -100    0 -1000 -1000 -10
245 45 pedestrian 0 0 -10 0.23 159.97 314.48 374.00 -10 -10 -10 -100    0 -1000 -1000 -10
245 41 pedestrian 0 0 -10 617.68 165.62 643.43 240.36 -10 -10 -10 -100    0 -1000 -1000 -10
245 48 pedestrian 0 0 -10 749.96 164.30 775.88 240.62 -10 -10 -10 -100    0 -1000 -1000 -10
245 34 pedestrian 0 0 -10 644.41 165.20 680.37 279.69 -10 -10 -10 -100    0 -1000 -1000 -10
245 58 pedestrian 0 0 -10 156.02 215.97 262.29 366.28 -10 -10 -10 -100    0 -1000 -1000 -10
245 47 pedestrian 0 0 -10 535.57 177.46 576.38 213.12 -10 -10 -10 -100    0 -1000 -1000 -10
245 50 pedestrian 0 0 -10 434.68 170.51 463.70 255.72 -10 -10 -10 -100    0 -1000 -1000 -10
245 52 pedestrian 0 0 -10 573.92 163.67 643.20 191.91 -10 -10 -10 -100    0 -1000 -1000 -10
246 53 pedestrian 0 0 -10 408.63 172.45 431.01 251.60 -10 -10 -10 -100    0 -1000 -1000 -10
246 57 pedestrian 0 0 -10 0.00 267.68 197.75 374.00 -10 -10 -10 -100    0 -1000 -1000 -10
246 35 pedestrian 0 0 -10 690.08 169.46 721.32 279.77 -10 -10 -10 -100    0 -1000 -1000 -10
246 32 pedestrian 0 0 -10 117.23 179.34 162.83 302.88 -10 -10 -10 -100    0 -1000 -1000 -10
246 49 pedestrian 0 0 -10 722.12 159.99 750.77 248.58 -10 -10 -10 -100    0 -1000 -1000 -10
246 45 pedestrian 0 0 -10 0.00 159.84 314.63 374.00 -10 -10 -10 -100    0 -1000 -1000 -10
246 41 pedestrian 0 0 -10 620.23 165.06 647.47 239.43 -10 -10 -10 -100    0 -1000 -1000 -10
246 48 pedestrian 0 0 -10 747.92 156.76 779.66 231.78 -10 -10 -10 -100    0 -1000 -1000 -10
246 34 pedestrian 0 0 -10 646.85 164.75 683.15 282.43 -10 -10 -10 -100    0 -1000 -1000 -10
246 58 pedestrian 0 0 -10 145.59 213.48 255.50 371.26 -10 -10 -10 -100    0 -1000 -1000 -10
246 47 pedestrian 0 0 -10 537.11 175.60 578.08 212.19 -10 -10 -10 -100    0 -1000 -1000 -10
246 50 pedestrian 0 0 -10 436.17 170.08 465.93 255.69 -10 -10 -10 -100    0 -1000 -1000 -10
246 52 pedestrian 0 0 -10 575.88 162.28 647.15 191.50 -10 -10 -10 -100    0 -1000 -1000 -10
247 53 pedestrian 0 0 -10 407.96 171.54 430.88 253.67 -10 -10 -10 -100    0 -1000 -1000 -10
247 57 pedestrian 0 0 -10 0.00 279.53 178.14 374.00 -10 -10 -10 -100    0 -1000 -1000 -10
247 35 pedestrian 0 0 -10 694.47 171.67 726.13 281.36 -10 -10 -10 -100    0 -1000 -1000 -10
247 32 pedestrian 0 0 -10 104.44 177.16 152.05 309.86 -10 -10 -10 -100    0 -1000 -1000 -10
247 49 pedestrian 0 0 -10 726.24 160.90 757.58 252.06 -10 -10 -10 -100    0 -1000 -1000 -10
247 45 pedestrian 0 0 -10 0.00 161.05 313.03 374.00 -10 -10 -10 -100    0 -1000 -1000 -10
247 41 pedestrian 0 0 -10 624.29 165.64 650.47 240.08 -10 -10 -10 -100    0 -1000 -1000 -10
247 48 pedestrian 0 0 -10 753.84 156.27 784.94 233.41 -10 -10 -10 -100    0 -1000 -1000 -10
247 34 pedestrian 0 0 -10 654.17 165.71 690.98 282.84 -10 -10 -10 -100    0 -1000 -1000 -10
247 58 pedestrian 0 0 -10 133.71 219.89 250.72 374.00 -10 -10 -10 -100    0 -1000 -1000 -10
247 47 pedestrian 0 0 -10 540.07 175.57 581.34 212.71 -10 -10 -10 -100    0 -1000 -1000 -10
247 50 pedestrian 0 0 -10 438.12 170.02 468.69 258.03 -10 -10 -10 -100    0 -1000 -1000 -10
247 52 pedestrian 0 0 -10 579.25 162.08 648.91 191.02 -10 -10 -10 -100    0 -1000 -1000 -10
248 54 pedestrian 0 0 -10 773.71 163.67 801.18 242.96 -10 -10 -10 -100    0 -1000 -1000 -10
248 53 pedestrian 0 0 -10 407.24 171.84 430.29 254.65 -10 -10 -10 -100    0 -1000 -1000 -10
248 57 pedestrian 0 0 -10 0.00 287.99 154.28 374.00 -10 -10 -10 -100    0 -1000 -1000 -10
248 35 pedestrian 0 0 -10 700.47 173.16 731.16 282.10 -10 -10 -10 -100    0 -1000 -1000 -10
248 32 pedestrian 0 0 -10 91.16 177.83 144.30 314.16 -10 -10 -10 -100    0 -1000 -1000 -10
248 49 pedestrian 0 0 -10 730.74 163.50 762.14 253.67 -10 -10 -10 -100    0 -1000 -1000 -10
248 45 pedestrian 0 0 -10 0.00 161.47 257.36 374.00 -10 -10 -10 -100    0 -1000 -1000 -10
248 41 pedestrian 0 0 -10 629.23 167.52 655.88 241.61 -10 -10 -10 -100    0 -1000 -1000 -10
248 48 pedestrian 0 0 -10 756.04 158.98 783.09 232.90 -10 -10 -10 -100    0 -1000 -1000 -10
248 34 pedestrian 0 0 -10 659.97 165.85 697.45 284.69 -10 -10 -10 -100    0 -1000 -1000 -10
248 58 pedestrian 0 0 -10 119.35 223.67 240.45 374.00 -10 -10 -10 -100    0 -1000 -1000 -10
248 47 pedestrian 0 0 -10 543.85 176.92 585.10 213.59 -10 -10 -10 -100    0 -1000 -1000 -10
248 50 pedestrian 0 0 -10 439.88 170.44 470.98 260.16 -10 -10 -10 -100    0 -1000 -1000 -10
248 52 pedestrian 0 0 -10 584.99 163.57 651.15 191.67 -10 -10 -10 -100    0 -1000 -1000 -10
249 54 pedestrian 0 0 -10 784.98 163.05 812.75 245.90 -10 -10 -10 -100    0 -1000 -1000 -10
249 53 pedestrian 0 0 -10 407.44 172.32 431.16 256.40 -10 -10 -10 -100    0 -1000 -1000 -10
249 57 pedestrian 0 0 -10 0.00 290.77 137.05 374.00 -10 -10 -10 -100    0 -1000 -1000 -10
249 35 pedestrian 0 0 -10 707.32 173.29 737.64 284.82 -10 -10 -10 -100    0 -1000 -1000 -10
249 32 pedestrian 0 0 -10 76.72 177.18 134.25 316.92 -10 -10 -10 -100    0 -1000 -1000 -10
249 49 pedestrian 0 0 -10 735.89 163.31 766.78 253.17 -10 -10 -10 -100    0 -1000 -1000 -10
249 45 pedestrian 0 0 -10 0.00 165.30 248.98 374.00 -10 -10 -10 -100    0 -1000 -1000 -10
249 41 pedestrian 0 0 -10 633.12 167.27 659.76 242.50 -10 -10 -10 -100    0 -1000 -1000 -10
249 48 pedestrian 0 0 -10 762.97 157.75 793.50 238.72 -10 -10 -10 -100    0 -1000 -1000 -10
249 34 pedestrian 0 0 -10 665.70 166.67 702.68 287.32 -10 -10 -10 -100    0 -1000 -1000 -10
249 58 pedestrian 0 0 -10 107.62 223.99 234.52 374.00 -10 -10 -10 -100    0 -1000 -1000 -10
249 47 pedestrian 0 0 -10 547.15 177.34 588.84 214.19 -10 -10 -10 -100    0 -1000 -1000 -10
249 50 pedestrian 0 0 -10 441.07 170.58 472.42 261.55 -10 -10 -10 -100    0 -1000 -1000 -10
249 52 pedestrian 0 0 -10 589.46 164.60 651.48 191.69 -10 -10 -10 -100    0 -1000 -1000 -10
250 54 pedestrian 0 0 -10 792.72 165.84 821.79 247.87 -10 -10 -10 -100    0 -1000 -1000 -10
250 53 pedestrian 0 0 -10 407.34 173.42 430.77 257.42 -10 -10 -10 -100    0 -1000 -1000 -10
250 57 pedestrian 0 0 -10 0.18 300.90 107.67 374.00 -10 -10 -10 -100    0 -1000 -1000 -10
250 35 pedestrian 0 0 -10 713.34 174.56 741.92 288.36 -10 -10 -10 -100    0 -1000 -1000 -10
250 32 pedestrian 0 0 -10 66.57 178.58 123.96 319.50 -10 -10 -10 -100    0 -1000 -1000 -10
250 49 pedestrian 0 0 -10 742.74 163.19 773.91 255.05 -10 -10 -10 -100    0 -1000 -1000 -10
250 45 pedestrian 0 0 -10 0.00 166.16 244.31 374.00 -10 -10 -10 -100    0 -1000 -1000 -10
250 41 pedestrian 0 0 -10 636.99 167.85 663.83 243.91 -10 -10 -10 -100    0 -1000 -1000 -10
250 48 pedestrian 0 0 -10 771.68 163.84 798.98 240.02 -10 -10 -10 -100    0 -1000 -1000 -10
250 34 pedestrian 0 0 -10 672.71 166.07 710.72 290.87 -10 -10 -10 -100    0 -1000 -1000 -10
250 58 pedestrian 0 0 -10 89.49 224.12 226.41 374.00 -10 -10 -10 -100    0 -1000 -1000 -10
250 47 pedestrian 0 0 -10 550.09 177.68 592.10 215.02 -10 -10 -10 -100    0 -1000 -1000 -10
250 50 pedestrian 0 0 -10 441.39 171.15 474.26 263.43 -10 -10 -10 -100    0 -1000 -1000 -10
250 52 pedestrian 0 0 -10 592.60 165.36 656.11 193.08 -10 -10 -10 -100    0 -1000 -1000 -10
251 54 pedestrian 0 0 -10 798.97 164.36 828.41 250.53 -10 -10 -10 -100    0 -1000 -1000 -10
251 53 pedestrian 0 0 -10 406.27 172.55 430.09 258.89 -10 -10 -10 -100    0 -1000 -1000 -10
251 35 pedestrian 0 0 -10 718.88 175.55 748.52 289.75 -10 -10 -10 -100    0 -1000 -1000 -10
251 32 pedestrian 0 0 -10 54.00 180.03 113.78 321.67 -10 -10 -10 -100    0 -1000 -1000 -10
251 49 pedestrian 0 0 -10 748.64 163.44 780.19 256.34 -10 -10 -10 -100    0 -1000 -1000 -10
251 45 pedestrian 0 0 -10 0.00 162.06 244.78 374.00 -10 -10 -10 -100    0 -1000 -1000 -10
251 41 pedestrian 0 0 -10 640.76 167.44 667.48 244.58 -10 -10 -10 -100    0 -1000 -1000 -10
251 34 pedestrian 0 0 -10 678.75 170.81 717.15 294.43 -10 -10 -10 -100    0 -1000 -1000 -10
251 58 pedestrian 0 0 -10 75.20 226.84 214.61 374.00 -10 -10 -10 -100    0 -1000 -1000 -10
251 47 pedestrian 0 0 -10 552.81 177.90 595.23 215.70 -10 -10 -10 -100    0 -1000 -1000 -10
251 50 pedestrian 0 0 -10 441.65 171.09 475.82 264.76 -10 -10 -10 -100    0 -1000 -1000 -10
251 52 pedestrian 0 0 -10 595.37 165.53 657.82 193.16 -10 -10 -10 -100    0 -1000 -1000 -10
252 53 pedestrian 0 0 -10 405.61 173.31 430.22 259.77 -10 -10 -10 -100    0 -1000 -1000 -10
252 35 pedestrian 0 0 -10 721.81 175.39 754.37 294.96 -10 -10 -10 -100    0 -1000 -1000 -10
252 32 pedestrian 0 0 -10 39.59 179.16 97.45 322.84 -10 -10 -10 -100    0 -1000 -1000 -10
252 49 pedestrian 0 0 -10 755.17 163.24 786.02 258.16 -10 -10 -10 -100    0 -1000 -1000 -10
252 45 pedestrian 0 0 -10 0.00 164.10 242.12 374.00 -10 -10 -10 -100    0 -1000 -1000 -10
252 41 pedestrian 0 0 -10 643.81 169.03 670.26 245.62 -10 -10 -10 -100    0 -1000 -1000 -10
252 54 pedestrian 0 0 -10 804.38 164.29 834.31 252.39 -10 -10 -10 -100    0 -1000 -1000 -10
252 34 pedestrian 0 0 -10 683.35 171.59 721.18 296.73 -10 -10 -10 -100    0 -1000 -1000 -10
252 58 pedestrian 0 0 -10 55.05 227.08 200.98 374.00 -10 -10 -10 -100    0 -1000 -1000 -10
252 47 pedestrian 0 0 -10 555.50 178.42 598.23 216.29 -10 -10 -10 -100    0 -1000 -1000 -10
252 50 pedestrian 0 0 -10 441.14 170.89 476.89 266.31 -10 -10 -10 -100    0 -1000 -1000 -10
252 52 pedestrian 0 0 -10 600.08 167.45 660.33 194.73 -10 -10 -10 -100    0 -1000 -1000 -10
253 53 pedestrian 0 0 -10 403.40 172.95 428.43 261.15 -10 -10 -10 -100    0 -1000 -1000 -10
253 35 pedestrian 0 0 -10 724.93 176.45 756.99 296.80 -10 -10 -10 -100    0 -1000 -1000 -10
253 32 pedestrian 0 0 -10 26.43 176.42 84.67 322.49 -10 -10 -10 -100    0 -1000 -1000 -10
253 49 pedestrian 0 0 -10 757.89 165.54 788.87 260.67 -10 -10 -10 -100    0 -1000 -1000 -10
253 45 pedestrian 0 0 -10 0.00 164.25 236.26 374.00 -10 -10 -10 -100    0 -1000 -1000 -10
253 41 pedestrian 0 0 -10 645.90 169.39 672.76 246.02 -10 -10 -10 -100    0 -1000 -1000 -10
253 54 pedestrian 0 0 -10 811.94 164.97 841.80 255.43 -10 -10 -10 -100    0 -1000 -1000 -10
253 34 pedestrian 0 0 -10 690.62 172.73 727.82 301.04 -10 -10 -10 -100    0 -1000 -1000 -10
253 58 pedestrian 0 0 -10 31.03 224.61 181.13 374.00 -10 -10 -10 -100    0 -1000 -1000 -10
253 47 pedestrian 0 0 -10 558.18 179.07 600.14 216.87 -10 -10 -10 -100    0 -1000 -1000 -10
253 50 pedestrian 0 0 -10 439.82 170.66 476.28 267.53 -10 -10 -10 -100    0 -1000 -1000 -10
253 52 pedestrian 0 0 -10 601.70 168.28 663.46 195.78 -10 -10 -10 -100    0 -1000 -1000 -10
254 53 pedestrian 0 0 -10 401.11 171.09 426.84 262.28 -10 -10 -10 -100    0 -1000 -1000 -10
254 35 pedestrian 0 0 -10 726.13 173.77 757.78 296.36 -10 -10 -10 -100    0 -1000 -1000 -10
254 32 pedestrian 0 0 -10 9.33 172.75 70.46 322.32 -10 -10 -10 -100    0 -1000 -1000 -10
254 49 pedestrian 0 0 -10 761.77 164.79 791.92 261.29 -10 -10 -10 -100    0 -1000 -1000 -10
254 45 pedestrian 0 0 -10 0.00 172.96 119.19 374.00 -10 -10 -10 -100    0 -1000 -1000 -10
254 41 pedestrian 0 0 -10 648.04 168.58 674.57 245.97 -10 -10 -10 -100    0 -1000 -1000 -10
254 54 pedestrian 0 0 -10 818.52 164.44 848.69 257.75 -10 -10 -10 -100    0 -1000 -1000 -10
254 34 pedestrian 0 0 -10 696.86 171.70 734.10 300.78 -10 -10 -10 -100    0 -1000 -1000 -10
254 58 pedestrian 0 0 -10 0.74 216.23 149.64 374.00 -10 -10 -10 -100    0 -1000 -1000 -10
254 47 pedestrian 0 0 -10 558.75 177.98 601.32 216.16 -10 -10 -10 -100    0 -1000 -1000 -10
254 50 pedestrian 0 0 -10 437.22 169.10 474.97 268.27 -10 -10 -10 -100    0 -1000 -1000 -10
254 52 pedestrian 0 0 -10 604.16 167.82 667.76 196.02 -10 -10 -10 -100    0 -1000 -1000 -10
255 53 pedestrian 0 0 -10 397.34 171.41 424.34 265.23 -10 -10 -10 -100    0 -1000 -1000 -10
255 35 pedestrian 0 0 -10 724.15 172.20 758.14 296.25 -10 -10 -10 -100    0 -1000 -1000 -10
255 32 pedestrian 0 0 -10 0.00 177.69 51.17 327.31 -10 -10 -10 -100    0 -1000 -1000 -10
255 49 pedestrian 0 0 -10 757.94 162.79 791.95 262.10 -10 -10 -10 -100    0 -1000 -1000 -10
255 41 pedestrian 0 0 -10 648.86 168.51 676.21 246.50 -10 -10 -10 -100    0 -1000 -1000 -10
255 48 pedestrian 0 0 -10 796.81 163.15 825.89 257.23 -10 -10 -10 -100    0 -1000 -1000 -10
255 54 pedestrian 0 0 -10 826.62 164.06 858.18 258.72 -10 -10 -10 -100    0 -1000 -1000 -10
255 34 pedestrian 0 0 -10 702.21 169.70 740.77 301.67 -10 -10 -10 -100    0 -1000 -1000 -10
255 58 pedestrian 0 0 -10 0.00 202.04 121.25 374.00 -10 -10 -10 -100    0 -1000 -1000 -10
255 47 pedestrian 0 0 -10 559.02 178.00 602.10 216.70 -10 -10 -10 -100    0 -1000 -1000 -10
255 50 pedestrian 0 0 -10 434.55 170.04 471.51 270.57 -10 -10 -10 -100    0 -1000 -1000 -10
255 52 pedestrian 0 0 -10 603.53 167.40 670.27 196.27 -10 -10 -10 -100    0 -1000 -1000 -10
256 53 pedestrian 0 0 -10 393.35 173.58 422.09 268.67 -10 -10 -10 -100    0 -1000 -1000 -10
256 35 pedestrian 0 0 -10 722.53 171.60 758.56 299.88 -10 -10 -10 -100    0 -1000 -1000 -10
256 32 pedestrian 0 0 -10 0.10 180.45 32.17 313.42 -10 -10 -10 -100    0 -1000 -1000 -10
256 49 pedestrian 0 0 -10 760.63 162.57 795.64 262.46 -10 -10 -10 -100    0 -1000 -1000 -10
256 41 pedestrian 0 0 -10 649.03 167.76 676.87 247.47 -10 -10 -10 -100    0 -1000 -1000 -10
256 48 pedestrian 0 0 -10 798.93 162.77 829.72 260.17 -10 -10 -10 -100    0 -1000 -1000 -10
256 54 pedestrian 0 0 -10 835.93 164.82 868.08 260.94 -10 -10 -10 -100    0 -1000 -1000 -10
256 34 pedestrian 0 0 -10 704.61 168.82 745.03 304.35 -10 -10 -10 -100    0 -1000 -1000 -10
256 58 pedestrian 0 0 -10 0.00 180.25 86.09 374.00 -10 -10 -10 -100    0 -1000 -1000 -10
256 47 pedestrian 0 0 -10 558.38 178.32 602.68 217.61 -10 -10 -10 -100    0 -1000 -1000 -10
256 50 pedestrian 0 0 -10 431.11 170.46 467.97 273.32 -10 -10 -10 -100    0 -1000 -1000 -10
256 52 pedestrian 0 0 -10 602.25 167.88 672.04 196.61 -10 -10 -10 -100    0 -1000 -1000 -10
257 53 pedestrian 0 0 -10 387.74 172.19 417.13 271.54 -10 -10 -10 -100    0 -1000 -1000 -10
257 35 pedestrian 0 0 -10 727.06 175.06 762.66 300.28 -10 -10 -10 -100    0 -1000 -1000 -10
257 49 pedestrian 0 0 -10 762.81 161.96 797.18 262.65 -10 -10 -10 -100    0 -1000 -1000 -10
257 59 pedestrian 0 0 -10 692.94 174.61 724.06 272.59 -10 -10 -10 -100    0 -1000 -1000 -10
257 41 pedestrian 0 0 -10 649.11 167.67 676.83 247.57 -10 -10 -10 -100    0 -1000 -1000 -10
257 48 pedestrian 0 0 -10 805.75 163.17 836.28 261.44 -10 -10 -10 -100    0 -1000 -1000 -10
257 54 pedestrian 0 0 -10 839.33 164.95 872.93 263.21 -10 -10 -10 -100    0 -1000 -1000 -10
257 34 pedestrian 0 0 -10 706.51 170.70 747.10 305.56 -10 -10 -10 -100    0 -1000 -1000 -10
257 58 pedestrian 0 0 -10 0.10 204.13 59.38 374.00 -10 -10 -10 -100    0 -1000 -1000 -10
257 47 pedestrian 0 0 -10 558.07 178.83 602.32 217.79 -10 -10 -10 -100    0 -1000 -1000 -10
257 50 pedestrian 0 0 -10 427.37 170.17 464.79 275.98 -10 -10 -10 -100    0 -1000 -1000 -10
257 52 pedestrian 0 0 -10 602.09 167.89 673.18 197.23 -10 -10 -10 -100    0 -1000 -1000 -10
258 53 pedestrian 0 0 -10 382.17 170.82 410.11 271.96 -10 -10 -10 -100    0 -1000 -1000 -10
258 35 pedestrian 0 0 -10 729.25 171.64 764.97 298.42 -10 -10 -10 -100    0 -1000 -1000 -10
258 49 pedestrian 0 0 -10 766.43 161.19 800.72 261.52 -10 -10 -10 -100    0 -1000 -1000 -10
258 59 pedestrian 0 0 -10 693.64 175.98 723.36 272.89 -10 -10 -10 -100    0 -1000 -1000 -10
258 41 pedestrian 0 0 -10 649.15 167.27 676.61 246.48 -10 -10 -10 -100    0 -1000 -1000 -10
258 48 pedestrian 0 0 -10 811.33 161.50 842.88 263.08 -10 -10 -10 -100    0 -1000 -1000 -10
258 54 pedestrian 0 0 -10 843.79 162.19 879.70 265.56 -10 -10 -10 -100    0 -1000 -1000 -10
258 34 pedestrian 0 0 -10 709.73 169.31 749.57 306.69 -10 -10 -10 -100    0 -1000 -1000 -10
258 47 pedestrian 0 0 -10 557.88 178.04 601.84 216.83 -10 -10 -10 -100    0 -1000 -1000 -10
258 50 pedestrian 0 0 -10 423.58 168.67 461.28 276.13 -10 -10 -10 -100    0 -1000 -1000 -10
258 52 pedestrian 0 0 -10 602.31 167.25 678.86 197.17 -10 -10 -10 -100    0 -1000 -1000 -10
259 53 pedestrian 0 0 -10 375.72 169.18 404.58 272.37 -10 -10 -10 -100    0 -1000 -1000 -10
259 35 pedestrian 0 0 -10 729.41 170.81 767.34 299.49 -10 -10 -10 -100    0 -1000 -1000 -10
259 49 pedestrian 0 0 -10 768.44 160.75 802.07 262.37 -10 -10 -10 -100    0 -1000 -1000 -10
259 59 pedestrian 0 0 -10 694.19 173.93 724.19 273.39 -10 -10 -10 -100    0 -1000 -1000 -10
259 41 pedestrian 0 0 -10 649.48 166.84 676.95 245.65 -10 -10 -10 -100    0 -1000 -1000 -10
259 48 pedestrian 0 0 -10 814.61 160.44 848.48 264.63 -10 -10 -10 -100    0 -1000 -1000 -10
259 54 pedestrian 0 0 -10 848.43 161.00 885.57 266.57 -10 -10 -10 -100    0 -1000 -1000 -10
259 34 pedestrian 0 0 -10 713.39 168.52 755.38 306.51 -10 -10 -10 -100    0 -1000 -1000 -10
259 47 pedestrian 0 0 -10 556.47 176.28 601.83 215.87 -10 -10 -10 -100    0 -1000 -1000 -10
259 50 pedestrian 0 0 -10 419.46 165.53 457.58 275.97 -10 -10 -10 -100    0 -1000 -1000 -10
259 52 pedestrian 0 0 -10 600.30 167.32 681.92 197.20 -10 -10 -10 -100    0 -1000 -1000 -10
260 53 pedestrian 0 0 -10 369.12 169.69 399.32 274.53 -10 -10 -10 -100    0 -1000 -1000 -10
260 35 pedestrian 0 0 -10 729.20 169.16 769.60 301.52 -10 -10 -10 -100    0 -1000 -1000 -10
260 49 pedestrian 0 0 -10 774.13 159.56 805.95 256.78 -10 -10 -10 -100    0 -1000 -1000 -10
260 59 pedestrian 0 0 -10 693.79 173.45 723.34 274.73 -10 -10 -10 -100    0 -1000 -1000 -10
260 41 pedestrian 0 0 -10 649.47 167.05 677.19 246.83 -10 -10 -10 -100    0 -1000 -1000 -10
260 48 pedestrian 0 0 -10 819.61 161.00 854.81 268.00 -10 -10 -10 -100    0 -1000 -1000 -10
260 54 pedestrian 0 0 -10 853.91 160.81 893.45 270.05 -10 -10 -10 -100    0 -1000 -1000 -10
260 34 pedestrian 0 0 -10 716.00 166.49 758.09 306.19 -10 -10 -10 -100    0 -1000 -1000 -10
260 47 pedestrian 0 0 -10 555.21 176.87 601.42 216.54 -10 -10 -10 -100    0 -1000 -1000 -10
260 50 pedestrian 0 0 -10 415.25 166.26 453.37 278.76 -10 -10 -10 -100    0 -1000 -1000 -10
260 52 pedestrian 0 0 -10 600.43 167.14 683.80 198.19 -10 -10 -10 -100    0 -1000 -1000 -10
261 53 pedestrian 0 0 -10 361.78 170.40 391.71 277.60 -10 -10 -10 -100    0 -1000 -1000 -10
261 35 pedestrian 0 0 -10 734.21 172.22 772.29 305.59 -10 -10 -10 -100    0 -1000 -1000 -10
261 60 pedestrian 0 0 -10 781.70 158.48 809.91 245.94 -10 -10 -10 -100    0 -1000 -1000 -10
261 59 pedestrian 0 0 -10 694.23 172.94 724.88 276.81 -10 -10 -10 -100    0 -1000 -1000 -10
261 41 pedestrian 0 0 -10 649.97 167.19 677.09 247.29 -10 -10 -10 -100    0 -1000 -1000 -10
261 48 pedestrian 0 0 -10 825.92 160.00 861.67 268.73 -10 -10 -10 -100    0 -1000 -1000 -10
261 54 pedestrian 0 0 -10 858.22 162.45 899.16 273.61 -10 -10 -10 -100    0 -1000 -1000 -10
261 34 pedestrian 0 0 -10 717.55 168.34 761.19 311.20 -10 -10 -10 -100    0 -1000 -1000 -10
261 47 pedestrian 0 0 -10 554.71 177.11 600.79 217.44 -10 -10 -10 -100    0 -1000 -1000 -10
261 50 pedestrian 0 0 -10 412.40 167.47 451.18 280.85 -10 -10 -10 -100    0 -1000 -1000 -10
261 52 pedestrian 0 0 -10 601.07 168.02 686.13 199.20 -10 -10 -10 -100    0 -1000 -1000 -10
262 53 pedestrian 0 0 -10 353.59 169.45 384.60 279.00 -10 -10 -10 -100    0 -1000 -1000 -10
262 35 pedestrian 0 0 -10 734.98 170.24 773.54 307.47 -10 -10 -10 -100    0 -1000 -1000 -10
262 60 pedestrian 0 0 -10 781.97 158.94 811.38 246.44 -10 -10 -10 -100    0 -1000 -1000 -10
262 59 pedestrian 0 0 -10 694.35 173.15 726.12 278.25 -10 -10 -10 -100    0 -1000 -1000 -10
262 41 pedestrian 0 0 -10 649.95 165.72 677.00 247.37 -10 -10 -10 -100    0 -1000 -1000 -10
262 48 pedestrian 0 0 -10 828.33 160.25 867.78 270.03 -10 -10 -10 -100    0 -1000 -1000 -10
262 54 pedestrian 0 0 -10 863.90 162.62 904.70 276.11 -10 -10 -10 -100    0 -1000 -1000 -10
262 34 pedestrian 0 0 -10 719.14 167.68 763.86 313.31 -10 -10 -10 -100    0 -1000 -1000 -10
262 47 pedestrian 0 0 -10 553.10 176.71 599.49 217.03 -10 -10 -10 -100    0 -1000 -1000 -10
262 50 pedestrian 0 0 -10 408.28 167.55 447.95 282.69 -10 -10 -10 -100    0 -1000 -1000 -10
262 52 pedestrian 0 0 -10 597.65 167.70 688.61 198.86 -10 -10 -10 -100    0 -1000 -1000 -10
263 53 pedestrian 0 0 -10 345.78 167.64 377.47 279.98 -10 -10 -10 -100    0 -1000 -1000 -10
263 35 pedestrian 0 0 -10 736.29 167.37 777.03 307.40 -10 -10 -10 -100    0 -1000 -1000 -10
263 61 pedestrian 0 0 -10 770.91 160.55 804.85 268.32 -10 -10 -10 -100    0 -1000 -1000 -10
263 60 pedestrian 0 0 -10 783.04 158.02 813.12 245.52 -10 -10 -10 -100    0 -1000 -1000 -10
263 59 pedestrian 0 0 -10 695.04 172.98 726.98 279.56 -10 -10 -10 -100    0 -1000 -1000 -10
263 41 pedestrian 0 0 -10 650.82 165.36 678.26 246.48 -10 -10 -10 -100    0 -1000 -1000 -10
263 48 pedestrian 0 0 -10 833.59 159.16 874.48 273.57 -10 -10 -10 -100    0 -1000 -1000 -10
263 54 pedestrian 0 0 -10 871.71 162.57 911.25 278.25 -10 -10 -10 -100    0 -1000 -1000 -10
263 34 pedestrian 0 0 -10 724.18 168.05 766.64 315.19 -10 -10 -10 -100    0 -1000 -1000 -10
263 47 pedestrian 0 0 -10 552.12 175.07 599.18 216.56 -10 -10 -10 -100    0 -1000 -1000 -10
263 50 pedestrian 0 0 -10 405.09 165.71 446.07 284.46 -10 -10 -10 -100    0 -1000 -1000 -10
263 52 pedestrian 0 0 -10 595.71 166.63 665.59 195.04 -10 -10 -10 -100    0 -1000 -1000 -10
264 53 pedestrian 0 0 -10 338.96 166.85 371.84 280.81 -10 -10 -10 -100    0 -1000 -1000 -10
264 35 pedestrian 0 0 -10 727.95 166.75 780.37 319.36 -10 -10 -10 -100    0 -1000 -1000 -10
264 60 pedestrian 0 0 -10 785.18 159.01 814.92 245.96 -10 -10 -10 -100    0 -1000 -1000 -10
264 59 pedestrian 0 0 -10 697.89 175.54 728.75 280.90 -10 -10 -10 -100    0 -1000 -1000 -10
264 41 pedestrian 0 0 -10 651.01 164.57 679.71 246.95 -10 -10 -10 -100    0 -1000 -1000 -10
264 48 pedestrian 0 0 -10 838.77 159.82 881.53 278.43 -10 -10 -10 -100    0 -1000 -1000 -10
264 54 pedestrian 0 0 -10 881.24 162.24 920.71 280.27 -10 -10 -10 -100    0 -1000 -1000 -10
264 34 pedestrian 0 0 -10 712.43 172.80 754.75 287.71 -10 -10 -10 -100    0 -1000 -1000 -10
264 47 pedestrian 0 0 -10 551.85 174.30 599.31 216.56 -10 -10 -10 -100    0 -1000 -1000 -10
264 50 pedestrian 0 0 -10 402.54 164.43 445.30 285.56 -10 -10 -10 -100    0 -1000 -1000 -10
264 52 pedestrian 0 0 -10 593.90 164.99 655.20 193.84 -10 -10 -10 -100    0 -1000 -1000 -10
265 53 pedestrian 0 0 -10 330.96 166.28 364.89 284.71 -10 -10 -10 -100    0 -1000 -1000 -10
265 35 pedestrian 0 0 -10 733.31 166.09 787.87 321.01 -10 -10 -10 -100    0 -1000 -1000 -10
265 60 pedestrian 0 0 -10 788.73 158.00 817.14 246.94 -10 -10 -10 -100    0 -1000 -1000 -10
265 59 pedestrian 0 0 -10 697.55 175.46 729.27 280.35 -10 -10 -10 -100    0 -1000 -1000 -10
265 41 pedestrian 0 0 -10 650.43 163.91 680.14 247.39 -10 -10 -10 -100    0 -1000 -1000 -10
265 48 pedestrian 0 0 -10 844.00 157.73 889.95 281.35 -10 -10 -10 -100    0 -1000 -1000 -10
265 54 pedestrian 0 0 -10 891.50 159.15 930.00 282.28 -10 -10 -10 -100    0 -1000 -1000 -10
265 34 pedestrian 0 0 -10 712.97 176.21 749.53 286.66 -10 -10 -10 -100    0 -1000 -1000 -10
265 47 pedestrian 0 0 -10 551.59 173.09 598.77 216.05 -10 -10 -10 -100    0 -1000 -1000 -10
265 50 pedestrian 0 0 -10 399.77 163.40 442.03 288.13 -10 -10 -10 -100    0 -1000 -1000 -10
265 52 pedestrian 0 0 -10 594.64 163.57 655.94 192.58 -10 -10 -10 -100    0 -1000 -1000 -10
266 53 pedestrian 0 0 -10 322.89 166.82 358.18 288.50 -10 -10 -10 -100    0 -1000 -1000 -10
266 35 pedestrian 0 0 -10 737.82 165.08 791.90 322.16 -10 -10 -10 -100    0 -1000 -1000 -10
266 60 pedestrian 0 0 -10 790.08 158.82 818.75 247.60 -10 -10 -10 -100    0 -1000 -1000 -10
266 59 pedestrian 0 0 -10 695.37 174.43 729.64 282.82 -10 -10 -10 -100    0 -1000 -1000 -10
266 51 pedestrian 0 0 -10 667.90 168.00 730.19 240.83 -10 -10 -10 -100    0 -1000 -1000 -10
266 41 pedestrian 0 0 -10 649.92 164.13 679.82 247.99 -10 -10 -10 -100    0 -1000 -1000 -10
266 48 pedestrian 0 0 -10 850.31 158.27 897.04 283.11 -10 -10 -10 -100    0 -1000 -1000 -10
266 54 pedestrian 0 0 -10 897.95 157.38 938.26 287.45 -10 -10 -10 -100    0 -1000 -1000 -10
266 34 pedestrian 0 0 -10 715.89 174.22 751.73 290.18 -10 -10 -10 -100    0 -1000 -1000 -10
266 47 pedestrian 0 0 -10 550.60 172.92 598.72 216.26 -10 -10 -10 -100    0 -1000 -1000 -10
266 50 pedestrian 0 0 -10 394.46 163.59 438.25 292.08 -10 -10 -10 -100    0 -1000 -1000 -10
266 52 pedestrian 0 0 -10 594.30 163.29 656.21 191.99 -10 -10 -10 -100    0 -1000 -1000 -10
267 53 pedestrian 0 0 -10 315.57 166.90 349.90 292.26 -10 -10 -10 -100    0 -1000 -1000 -10
267 35 pedestrian 0 0 -10 740.72 164.70 795.13 325.58 -10 -10 -10 -100    0 -1000 -1000 -10
267 60 pedestrian 0 0 -10 791.24 160.17 820.03 249.04 -10 -10 -10 -100    0 -1000 -1000 -10
267 59 pedestrian 0 0 -10 692.66 174.52 729.64 284.79 -10 -10 -10 -100    0 -1000 -1000 -10
267 51 pedestrian 0 0 -10 668.48 167.85 730.56 242.47 -10 -10 -10 -100    0 -1000 -1000 -10
267 41 pedestrian 0 0 -10 649.93 164.45 679.58 248.93 -10 -10 -10 -100    0 -1000 -1000 -10
267 48 pedestrian 0 0 -10 858.01 158.15 904.78 289.22 -10 -10 -10 -100    0 -1000 -1000 -10
267 54 pedestrian 0 0 -10 907.42 159.66 948.12 293.60 -10 -10 -10 -100    0 -1000 -1000 -10
267 34 pedestrian 0 0 -10 713.73 174.07 748.36 294.77 -10 -10 -10 -100    0 -1000 -1000 -10
267 47 pedestrian 0 0 -10 549.61 174.27 598.40 217.29 -10 -10 -10 -100    0 -1000 -1000 -10
267 50 pedestrian 0 0 -10 389.29 164.30 433.47 296.27 -10 -10 -10 -100    0 -1000 -1000 -10
267 52 pedestrian 0 0 -10 592.74 163.78 655.95 192.56 -10 -10 -10 -100    0 -1000 -1000 -10
268 35 pedestrian 0 0 -10 742.97 163.40 797.43 327.61 -10 -10 -10 -100    0 -1000 -1000 -10
268 53 pedestrian 0 0 -10 308.72 168.00 344.01 296.66 -10 -10 -10 -100    0 -1000 -1000 -10
268 60 pedestrian 0 0 -10 792.77 160.46 821.93 250.33 -10 -10 -10 -100    0 -1000 -1000 -10
268 59 pedestrian 0 0 -10 692.57 174.92 729.47 286.96 -10 -10 -10 -100    0 -1000 -1000 -10
268 51 pedestrian 0 0 -10 667.18 170.05 732.04 245.05 -10 -10 -10 -100    0 -1000 -1000 -10
268 41 pedestrian 0 0 -10 650.24 165.67 678.93 250.05 -10 -10 -10 -100    0 -1000 -1000 -10
268 48 pedestrian 0 0 -10 864.75 157.92 913.34 293.36 -10 -10 -10 -100    0 -1000 -1000 -10
268 54 pedestrian 0 0 -10 918.63 162.43 958.83 299.35 -10 -10 -10 -100    0 -1000 -1000 -10
268 34 pedestrian 0 0 -10 716.33 175.27 752.44 296.34 -10 -10 -10 -100    0 -1000 -1000 -10
268 47 pedestrian 0 0 -10 549.53 175.41 598.56 218.18 -10 -10 -10 -100    0 -1000 -1000 -10
268 50 pedestrian 0 0 -10 383.65 165.81 428.08 300.45 -10 -10 -10 -100    0 -1000 -1000 -10
268 52 pedestrian 0 0 -10 593.17 164.19 656.09 192.59 -10 -10 -10 -100    0 -1000 -1000 -10
269 35 pedestrian 0 0 -10 744.29 165.76 799.70 333.38 -10 -10 -10 -100    0 -1000 -1000 -10
269 53 pedestrian 0 0 -10 298.81 170.23 336.35 303.22 -10 -10 -10 -100    0 -1000 -1000 -10
269 60 pedestrian 0 0 -10 793.51 162.81 822.75 252.31 -10 -10 -10 -100    0 -1000 -1000 -10
269 59 pedestrian 0 0 -10 692.19 176.60 727.79 288.40 -10 -10 -10 -100    0 -1000 -1000 -10
269 51 pedestrian 0 0 -10 665.87 171.45 736.13 247.30 -10 -10 -10 -100    0 -1000 -1000 -10
269 41 pedestrian 0 0 -10 650.34 168.49 677.89 252.21 -10 -10 -10 -100    0 -1000 -1000 -10
269 48 pedestrian 0 0 -10 870.29 159.05 921.46 302.49 -10 -10 -10 -100    0 -1000 -1000 -10
269 54 pedestrian 0 0 -10 927.09 162.73 968.78 306.11 -10 -10 -10 -100    0 -1000 -1000 -10
269 34 pedestrian 0 0 -10 715.42 176.34 753.08 299.94 -10 -10 -10 -100    0 -1000 -1000 -10
269 47 pedestrian 0 0 -10 548.76 177.80 597.67 220.84 -10 -10 -10 -100    0 -1000 -1000 -10
269 50 pedestrian 0 0 -10 376.72 167.60 421.38 306.65 -10 -10 -10 -100    0 -1000 -1000 -10
269 52 pedestrian 0 0 -10 592.35 165.26 655.60 194.10 -10 -10 -10 -100    0 -1000 -1000 -10
270 35 pedestrian 0 0 -10 748.01 168.43 804.49 338.56 -10 -10 -10 -100    0 -1000 -1000 -10
270 61 pedestrian 0 0 -10 762.77 167.34 817.30 278.50 -10 -10 -10 -100    0 -1000 -1000 -10
270 53 pedestrian 0 0 -10 290.27 171.75 328.59 308.70 -10 -10 -10 -100    0 -1000 -1000 -10
270 60 pedestrian 0 0 -10 795.64 162.96 825.32 253.77 -10 -10 -10 -100    0 -1000 -1000 -10
270 59 pedestrian 0 0 -10 694.31 179.34 730.25 292.10 -10 -10 -10 -100    0 -1000 -1000 -10
270 51 pedestrian 0 0 -10 665.36 174.50 740.97 254.59 -10 -10 -10 -100    0 -1000 -1000 -10
270 41 pedestrian 0 0 -10 649.84 171.40 676.96 253.46 -10 -10 -10 -100    0 -1000 -1000 -10
270 48 pedestrian 0 0 -10 877.17 162.39 930.58 306.28 -10 -10 -10 -100    0 -1000 -1000 -10
270 54 pedestrian 0 0 -10 936.27 162.74 982.12 310.53 -10 -10 -10 -100    0 -1000 -1000 -10
270 34 pedestrian 0 0 -10 716.36 178.10 757.17 304.92 -10 -10 -10 -100    0 -1000 -1000 -10
270 47 pedestrian 0 0 -10 547.95 179.91 597.06 223.38 -10 -10 -10 -100    0 -1000 -1000 -10
270 50 pedestrian 0 0 -10 369.35 170.26 415.87 313.47 -10 -10 -10 -100    0 -1000 -1000 -10
270 52 pedestrian 0 0 -10 593.37 165.29 656.11 194.20 -10 -10 -10 -100    0 -1000 -1000 -10
271 35 pedestrian 0 0 -10 752.15 168.83 809.20 341.40 -10 -10 -10 -100    0 -1000 -1000 -10
271 61 pedestrian 0 0 -10 763.22 167.63 821.87 282.95 -10 -10 -10 -100    0 -1000 -1000 -10
271 53 pedestrian 0 0 -10 281.87 172.11 320.68 311.26 -10 -10 -10 -100    0 -1000 -1000 -10
271 60 pedestrian 0 0 -10 797.58 162.16 827.64 253.02 -10 -10 -10 -100    0 -1000 -1000 -10
271 59 pedestrian 0 0 -10 697.70 179.50 733.11 294.83 -10 -10 -10 -100    0 -1000 -1000 -10
271 51 pedestrian 0 0 -10 665.64 172.91 745.57 257.27 -10 -10 -10 -100    0 -1000 -1000 -10
271 41 pedestrian 0 0 -10 649.52 170.30 677.16 254.03 -10 -10 -10 -100    0 -1000 -1000 -10
271 48 pedestrian 0 0 -10 886.52 161.33 943.57 311.10 -10 -10 -10 -100    0 -1000 -1000 -10
271 54 pedestrian 0 0 -10 947.18 159.91 998.03 312.99 -10 -10 -10 -100    0 -1000 -1000 -10
271 34 pedestrian 0 0 -10 718.70 179.02 758.29 307.11 -10 -10 -10 -100    0 -1000 -1000 -10
271 47 pedestrian 0 0 -10 547.90 179.50 597.27 223.56 -10 -10 -10 -100    0 -1000 -1000 -10
271 50 pedestrian 0 0 -10 362.24 170.34 410.61 316.18 -10 -10 -10 -100    0 -1000 -1000 -10
271 52 pedestrian 0 0 -10 593.74 163.81 656.54 192.46 -10 -10 -10 -100    0 -1000 -1000 -10
272 35 pedestrian 0 0 -10 756.14 168.85 813.47 344.13 -10 -10 -10 -100    0 -1000 -1000 -10
272 61 pedestrian 0 0 -10 765.22 167.33 825.10 281.51 -10 -10 -10 -100    0 -1000 -1000 -10
272 53 pedestrian 0 0 -10 271.79 175.45 312.73 318.51 -10 -10 -10 -100    0 -1000 -1000 -10
272 60 pedestrian 0 0 -10 792.85 162.09 829.13 256.20 -10 -10 -10 -100    0 -1000 -1000 -10
272 59 pedestrian 0 0 -10 697.79 181.52 733.24 298.04 -10 -10 -10 -100    0 -1000 -1000 -10
272 51 pedestrian 0 0 -10 665.49 174.52 745.68 258.62 -10 -10 -10 -100    0 -1000 -1000 -10
272 41 pedestrian 0 0 -10 648.09 171.40 676.64 255.81 -10 -10 -10 -100    0 -1000 -1000 -10
272 48 pedestrian 0 0 -10 898.42 159.13 956.92 319.00 -10 -10 -10 -100    0 -1000 -1000 -10
272 54 pedestrian 0 0 -10 959.71 160.40 1011.84 319.03 -10 -10 -10 -100    0 -1000 -1000 -10
272 34 pedestrian 0 0 -10 720.69 180.66 758.64 310.06 -10 -10 -10 -100    0 -1000 -1000 -10
272 47 pedestrian 0 0 -10 547.18 180.70 596.52 226.04 -10 -10 -10 -100    0 -1000 -1000 -10
272 50 pedestrian 0 0 -10 353.48 170.92 404.78 326.18 -10 -10 -10 -100    0 -1000 -1000 -10
272 52 pedestrian 0 0 -10 593.17 164.00 655.16 193.06 -10 -10 -10 -100    0 -1000 -1000 -10
273 35 pedestrian 0 0 -10 761.23 170.19 820.07 350.08 -10 -10 -10 -100    0 -1000 -1000 -10
273 61 pedestrian 0 0 -10 771.99 167.09 827.11 271.74 -10 -10 -10 -100    0 -1000 -1000 -10
273 53 pedestrian 0 0 -10 262.28 178.91 304.82 325.44 -10 -10 -10 -100    0 -1000 -1000 -10
273 60 pedestrian 0 0 -10 785.49 163.68 830.42 258.72 -10 -10 -10 -100    0 -1000 -1000 -10
273 59 pedestrian 0 0 -10 700.56 181.80 733.25 300.15 -10 -10 -10 -100    0 -1000 -1000 -10
273 51 pedestrian 0 0 -10 661.55 177.69 744.35 265.40 -10 -10 -10 -100    0 -1000 -1000 -10
273 41 pedestrian 0 0 -10 646.12 172.07 676.68 258.91 -10 -10 -10 -100    0 -1000 -1000 -10
273 48 pedestrian 0 0 -10 907.65 159.02 971.21 326.47 -10 -10 -10 -100    0 -1000 -1000 -10
273 54 pedestrian 0 0 -10 971.70 158.83 1031.42 327.77 -10 -10 -10 -100    0 -1000 -1000 -10
273 34 pedestrian 0 0 -10 718.85 181.20 757.21 310.92 -10 -10 -10 -100    0 -1000 -1000 -10
273 47 pedestrian 0 0 -10 546.37 182.65 596.20 228.49 -10 -10 -10 -100    0 -1000 -1000 -10
273 50 pedestrian 0 0 -10 347.10 173.50 399.83 333.18 -10 -10 -10 -100    0 -1000 -1000 -10
273 52 pedestrian 0 0 -10 592.84 164.94 656.31 194.35 -10 -10 -10 -100    0 -1000 -1000 -10
274 35 pedestrian 0 0 -10 765.54 169.45 826.15 353.76 -10 -10 -10 -100    0 -1000 -1000 -10
274 61 pedestrian 0 0 -10 771.32 168.68 829.38 274.41 -10 -10 -10 -100    0 -1000 -1000 -10
274 53 pedestrian 0 0 -10 250.89 178.88 294.47 330.69 -10 -10 -10 -100    0 -1000 -1000 -10
274 60 pedestrian 0 0 -10 788.38 161.17 832.43 256.69 -10 -10 -10 -100    0 -1000 -1000 -10
274 59 pedestrian 0 0 -10 700.73 182.30 732.88 297.75 -10 -10 -10 -100    0 -1000 -1000 -10
274 51 pedestrian 0 0 -10 660.82 177.37 745.24 270.31 -10 -10 -10 -100    0 -1000 -1000 -10
274 41 pedestrian 0 0 -10 645.08 171.56 677.53 259.76 -10 -10 -10 -100    0 -1000 -1000 -10
274 48 pedestrian 0 0 -10 922.23 158.72 985.84 330.48 -10 -10 -10 -100    0 -1000 -1000 -10
274 54 pedestrian 0 0 -10 984.37 158.23 1047.56 332.22 -10 -10 -10 -100    0 -1000 -1000 -10
274 34 pedestrian 0 0 -10 716.29 179.62 757.49 313.58 -10 -10 -10 -100    0 -1000 -1000 -10
274 47 pedestrian 0 0 -10 545.47 182.67 596.28 228.99 -10 -10 -10 -100    0 -1000 -1000 -10
274 50 pedestrian 0 0 -10 340.20 175.56 394.64 338.70 -10 -10 -10 -100    0 -1000 -1000 -10
274 52 pedestrian 0 0 -10 592.91 165.09 654.91 194.36 -10 -10 -10 -100    0 -1000 -1000 -10
275 35 pedestrian 0 0 -10 771.06 168.66 832.48 358.12 -10 -10 -10 -100    0 -1000 -1000 -10
275 61 pedestrian 0 0 -10 770.26 170.97 828.08 285.37 -10 -10 -10 -100    0 -1000 -1000 -10
275 53 pedestrian 0 0 -10 238.26 177.76 285.39 337.17 -10 -10 -10 -100    0 -1000 -1000 -10
275 60 pedestrian 0 0 -10 789.87 160.55 835.43 257.85 -10 -10 -10 -100    0 -1000 -1000 -10
275 59 pedestrian 0 0 -10 701.60 181.52 733.01 300.83 -10 -10 -10 -100    0 -1000 -1000 -10
275 51 pedestrian 0 0 -10 660.23 175.50 745.98 272.63 -10 -10 -10 -100    0 -1000 -1000 -10
275 41 pedestrian 0 0 -10 643.15 170.59 676.78 259.42 -10 -10 -10 -100    0 -1000 -1000 -10
275 48 pedestrian 0 0 -10 936.70 157.13 1002.46 337.18 -10 -10 -10 -100    0 -1000 -1000 -10
275 54 pedestrian 0 0 -10 997.35 156.62 1068.35 340.48 -10 -10 -10 -100    0 -1000 -1000 -10
275 34 pedestrian 0 0 -10 715.88 181.12 758.70 314.90 -10 -10 -10 -100    0 -1000 -1000 -10
275 47 pedestrian 0 0 -10 544.89 182.59 595.97 228.94 -10 -10 -10 -100    0 -1000 -1000 -10
275 50 pedestrian 0 0 -10 332.16 173.46 390.16 344.42 -10 -10 -10 -100    0 -1000 -1000 -10
275 52 pedestrian 0 0 -10 592.98 164.62 654.59 193.80 -10 -10 -10 -100    0 -1000 -1000 -10
276 35 pedestrian 0 0 -10 775.85 170.04 835.80 363.90 -10 -10 -10 -100    0 -1000 -1000 -10
276 61 pedestrian 0 0 -10 769.21 170.96 829.01 290.78 -10 -10 -10 -100    0 -1000 -1000 -10
276 53 pedestrian 0 0 -10 223.58 175.58 271.42 340.32 -10 -10 -10 -100    0 -1000 -1000 -10
276 60 pedestrian 0 0 -10 786.27 162.99 834.68 260.86 -10 -10 -10 -100    0 -1000 -1000 -10
276 59 pedestrian 0 0 -10 700.50 182.42 734.19 302.06 -10 -10 -10 -100    0 -1000 -1000 -10
276 51 pedestrian 0 0 -10 659.42 175.04 742.33 272.94 -10 -10 -10 -100    0 -1000 -1000 -10
276 41 pedestrian 0 0 -10 642.16 170.03 675.47 260.06 -10 -10 -10 -100    0 -1000 -1000 -10
276 48 pedestrian 0 0 -10 949.94 158.39 1017.62 347.17 -10 -10 -10 -100    0 -1000 -1000 -10
276 54 pedestrian 0 0 -10 1010.83 155.65 1086.48 350.41 -10 -10 -10 -100    0 -1000 -1000 -10
276 34 pedestrian 0 0 -10 715.65 179.36 759.63 318.18 -10 -10 -10 -100    0 -1000 -1000 -10
276 47 pedestrian 0 0 -10 543.59 181.96 595.46 229.06 -10 -10 -10 -100    0 -1000 -1000 -10
276 50 pedestrian 0 0 -10 325.34 172.62 385.02 348.28 -10 -10 -10 -100    0 -1000 -1000 -10
276 52 pedestrian 0 0 -10 591.95 164.44 654.93 193.54 -10 -10 -10 -100    0 -1000 -1000 -10
277 35 pedestrian 0 0 -10 781.21 170.78 844.37 365.86 -10 -10 -10 -100    0 -1000 -1000 -10
277 61 pedestrian 0 0 -10 771.18 171.81 832.05 293.80 -10 -10 -10 -100    0 -1000 -1000 -10
277 53 pedestrian 0 0 -10 208.17 172.79 264.35 345.80 -10 -10 -10 -100    0 -1000 -1000 -10
277 60 pedestrian 0 0 -10 787.72 163.30 837.65 259.28 -10 -10 -10 -100    0 -1000 -1000 -10
277 59 pedestrian 0 0 -10 699.00 181.94 735.67 301.09 -10 -10 -10 -100    0 -1000 -1000 -10
277 51 pedestrian 0 0 -10 662.86 172.10 735.81 265.42 -10 -10 -10 -100    0 -1000 -1000 -10
277 41 pedestrian 0 0 -10 641.58 170.05 675.21 261.73 -10 -10 -10 -100    0 -1000 -1000 -10
277 48 pedestrian 0 0 -10 965.83 159.69 1039.42 361.85 -10 -10 -10 -100    0 -1000 -1000 -10
277 54 pedestrian 0 0 -10 1030.77 156.38 1115.31 361.08 -10 -10 -10 -100    0 -1000 -1000 -10
277 34 pedestrian 0 0 -10 719.03 180.86 761.64 321.31 -10 -10 -10 -100    0 -1000 -1000 -10
277 47 pedestrian 0 0 -10 543.07 181.18 595.52 228.91 -10 -10 -10 -100    0 -1000 -1000 -10
277 50 pedestrian 0 0 -10 315.69 169.81 379.35 353.05 -10 -10 -10 -100    0 -1000 -1000 -10
277 52 pedestrian 0 0 -10 592.59 162.74 655.50 193.04 -10 -10 -10 -100    0 -1000 -1000 -10
278 35 pedestrian 0 0 -10 786.86 171.75 847.49 370.63 -10 -10 -10 -100    0 -1000 -1000 -10
278 61 pedestrian 0 0 -10 771.66 171.74 833.21 289.58 -10 -10 -10 -100    0 -1000 -1000 -10
278 53 pedestrian 0 0 -10 189.81 169.50 254.55 350.50 -10 -10 -10 -100    0 -1000 -1000 -10
278 60 pedestrian 0 0 -10 789.58 163.10 837.69 258.38 -10 -10 -10 -100    0 -1000 -1000 -10
278 59 pedestrian 0 0 -10 699.41 181.38 737.23 304.00 -10 -10 -10 -100    0 -1000 -1000 -10
278 51 pedestrian 0 0 -10 665.31 169.60 725.16 251.98 -10 -10 -10 -100    0 -1000 -1000 -10
278 41 pedestrian 0 0 -10 640.56 169.29 674.03 262.11 -10 -10 -10 -100    0 -1000 -1000 -10
278 48 pedestrian 0 0 -10 984.25 159.77 1062.93 373.65 -10 -10 -10 -100    0 -1000 -1000 -10
278 54 pedestrian 0 0 -10 1058.07 156.21 1144.79 374.00 -10 -10 -10 -100    0 -1000 -1000 -10
278 34 pedestrian 0 0 -10 722.10 183.21 763.95 326.38 -10 -10 -10 -100    0 -1000 -1000 -10
278 47 pedestrian 0 0 -10 543.00 181.00 595.49 228.71 -10 -10 -10 -100    0 -1000 -1000 -10
278 50 pedestrian 0 0 -10 306.04 168.73 371.63 360.07 -10 -10 -10 -100    0 -1000 -1000 -10
278 52 pedestrian 0 0 -10 593.05 162.90 656.10 193.91 -10 -10 -10 -100    0 -1000 -1000 -10
279 63 pedestrian 0 0 -10 736.34 180.66 771.17 303.34 -10 -10 -10 -100    0 -1000 -1000 -10
279 62 pedestrian 0 0 -10 772.67 177.02 841.27 349.94 -10 -10 -10 -100    0 -1000 -1000 -10
279 35 pedestrian 0 0 -10 792.47 169.50 854.75 373.62 -10 -10 -10 -100    0 -1000 -1000 -10
279 61 pedestrian 0 0 -10 771.05 168.00 833.50 289.08 -10 -10 -10 -100    0 -1000 -1000 -10
279 53 pedestrian 0 0 -10 173.59 168.13 240.19 356.37 -10 -10 -10 -100    0 -1000 -1000 -10
279 60 pedestrian 0 0 -10 792.83 159.76 842.15 254.89 -10 -10 -10 -100    0 -1000 -1000 -10
279 59 pedestrian 0 0 -10 701.80 179.01 739.09 303.78 -10 -10 -10 -100    0 -1000 -1000 -10
279 51 pedestrian 0 0 -10 666.06 166.84 723.84 242.36 -10 -10 -10 -100    0 -1000 -1000 -10
279 41 pedestrian 0 0 -10 639.93 166.73 672.41 260.02 -10 -10 -10 -100    0 -1000 -1000 -10
279 48 pedestrian 0 0 -10 1010.21 156.23 1088.64 374.00 -10 -10 -10 -100    0 -1000 -1000 -10
279 54 pedestrian 0 0 -10 1086.96 154.52 1184.56 374.00 -10 -10 -10 -100    0 -1000 -1000 -10
279 34 pedestrian 0 0 -10 724.43 176.82 765.50 321.03 -10 -10 -10 -100    0 -1000 -1000 -10
279 47 pedestrian 0 0 -10 541.86 178.99 595.79 226.91 -10 -10 -10 -100    0 -1000 -1000 -10
279 50 pedestrian 0 0 -10 294.54 167.44 365.08 366.16 -10 -10 -10 -100    0 -1000 -1000 -10
279 52 pedestrian 0 0 -10 592.63 162.64 655.23 193.05 -10 -10 -10 -100    0 -1000 -1000 -10
280 63 pedestrian 0 0 -10 737.41 177.24 770.28 301.83 -10 -10 -10 -100    0 -1000 -1000 -10
280 62 pedestrian 0 0 -10 776.32 172.31 842.10 349.62 -10 -10 -10 -100    0 -1000 -1000 -10
280 35 pedestrian 0 0 -10 797.91 163.33 862.10 374.00 -10 -10 -10 -100    0 -1000 -1000 -10
280 61 pedestrian 0 0 -10 770.51 162.43 833.94 286.11 -10 -10 -10 -100    0 -1000 -1000 -10
280 53 pedestrian 0 0 -10 151.29 166.55 225.46 360.55 -10 -10 -10 -100    0 -1000 -1000 -10
280 60 pedestrian 0 0 -10 795.41 155.76 844.19 254.65 -10 -10 -10 -100    0 -1000 -1000 -10
280 59 pedestrian 0 0 -10 704.49 173.75 739.99 300.97 -10 -10 -10 -100    0 -1000 -1000 -10
280 51 pedestrian 0 0 -10 666.34 163.95 721.56 236.05 -10 -10 -10 -100    0 -1000 -1000 -10
280 41 pedestrian 0 0 -10 637.81 162.00 669.33 255.85 -10 -10 -10 -100    0 -1000 -1000 -10
280 48 pedestrian 0 0 -10 1041.09 147.50 1116.92 374.00 -10 -10 -10 -100    0 -1000 -1000 -10
280 54 pedestrian 0 0 -10 1116.68 150.62 1211.87 374.00 -10 -10 -10 -100    0 -1000 -1000 -10
280 34 pedestrian 0 0 -10 726.42 170.70 768.37 317.94 -10 -10 -10 -100    0 -1000 -1000 -10
280 47 pedestrian 0 0 -10 541.26 174.05 595.14 222.70 -10 -10 -10 -100    0 -1000 -1000 -10
280 50 pedestrian 0 0 -10 280.92 164.31 357.19 372.35 -10 -10 -10 -100    0 -1000 -1000 -10
280 52 pedestrian 0 0 -10 593.00 161.97 655.06 192.22 -10 -10 -10 -100    0 -1000 -1000 -10
281 62 pedestrian 0 0 -10 780.88 170.20 853.37 346.59 -10 -10 -10 -100    0 -1000 -1000 -10
281 35 pedestrian 0 0 -10 805.49 160.28 873.38 374.00 -10 -10 -10 -100    0 -1000 -1000 -10
281 61 pedestrian 0 0 -10 772.81 159.21 837.10 281.47 -10 -10 -10 -100    0 -1000 -1000 -10
281 53 pedestrian 0 0 -10 133.48 163.58 204.64 368.34 -10 -10 -10 -100    0 -1000 -1000 -10
281 60 pedestrian 0 0 -10 795.84 152.58 845.51 252.48 -10 -10 -10 -100    0 -1000 -1000 -10
281 59 pedestrian 0 0 -10 708.64 167.91 745.07 301.43 -10 -10 -10 -100    0 -1000 -1000 -10
281 51 pedestrian 0 0 -10 668.70 162.69 722.05 230.73 -10 -10 -10 -100    0 -1000 -1000 -10
281 41 pedestrian 0 0 -10 629.62 160.27 661.35 254.95 -10 -10 -10 -100    0 -1000 -1000 -10
281 63 pedestrian 0 0 -10 739.88 173.23 774.51 303.03 -10 -10 -10 -100    0 -1000 -1000 -10
281 48 pedestrian 0 0 -10 1068.74 140.57 1156.67 374.00 -10 -10 -10 -100    0 -1000 -1000 -10
281 54 pedestrian 0 0 -10 1140.95 143.19 1237.02 374.00 -10 -10 -10 -100    0 -1000 -1000 -10
281 34 pedestrian 0 0 -10 734.06 167.92 772.29 319.18 -10 -10 -10 -100    0 -1000 -1000 -10
281 47 pedestrian 0 0 -10 540.90 171.00 595.07 219.74 -10 -10 -10 -100    0 -1000 -1000 -10
281 50 pedestrian 0 0 -10 264.77 161.85 349.90 374.00 -10 -10 -10 -100    0 -1000 -1000 -10
281 52 pedestrian 0 0 -10 592.87 165.85 654.18 195.78 -10 -10 -10 -100    0 -1000 -1000 -10
282 62 pedestrian 0 0 -10 785.19 166.67 861.23 350.71 -10 -10 -10 -100    0 -1000 -1000 -10
282 35 pedestrian 0 0 -10 815.45 159.25 881.01 374.00 -10 -10 -10 -100    0 -1000 -1000 -10
282 61 pedestrian 0 0 -10 774.74 157.17 840.51 280.40 -10 -10 -10 -100    0 -1000 -1000 -10
282 53 pedestrian 0 0 -10 114.65 160.69 186.14 374.00 -10 -10 -10 -100    0 -1000 -1000 -10
282 60 pedestrian 0 0 -10 797.97 151.07 848.45 251.35 -10 -10 -10 -100    0 -1000 -1000 -10
282 59 pedestrian 0 0 -10 710.37 163.75 747.81 297.20 -10 -10 -10 -100    0 -1000 -1000 -10
282 51 pedestrian 0 0 -10 670.39 160.62 725.87 227.10 -10 -10 -10 -100    0 -1000 -1000 -10
282 41 pedestrian 0 0 -10 625.77 156.51 659.12 251.63 -10 -10 -10 -100    0 -1000 -1000 -10
282 63 pedestrian 0 0 -10 742.71 169.42 778.96 298.95 -10 -10 -10 -100    0 -1000 -1000 -10
282 48 pedestrian 0 0 -10 1099.97 137.63 1195.74 374.00 -10 -10 -10 -100    0 -1000 -1000 -10
282 54 pedestrian 0 0 -10 1144.10 140.37 1237.98 374.00 -10 -10 -10 -100    0 -1000 -1000 -10
282 34 pedestrian 0 0 -10 736.89 163.99 776.52 320.44 -10 -10 -10 -100    0 -1000 -1000 -10
282 47 pedestrian 0 0 -10 541.46 166.02 596.10 215.76 -10 -10 -10 -100    0 -1000 -1000 -10
282 50 pedestrian 0 0 -10 244.36 157.93 339.81 374.00 -10 -10 -10 -100    0 -1000 -1000 -10
282 52 pedestrian 0 0 -10 593.62 163.54 656.54 194.85 -10 -10 -10 -100    0 -1000 -1000 -10
283 62 pedestrian 0 0 -10 795.58 163.47 864.11 347.95 -10 -10 -10 -100    0 -1000 -1000 -10
283 35 pedestrian 0 0 -10 823.20 155.49 886.59 374.00 -10 -10 -10 -100    0 -1000 -1000 -10
283 61 pedestrian 0 0 -10 776.59 153.28 842.02 280.49 -10 -10 -10 -100    0 -1000 -1000 -10
283 53 pedestrian 0 0 -10 90.09 158.10 165.82 374.00 -10 -10 -10 -100    0 -1000 -1000 -10
283 60 pedestrian 0 0 -10 786.00 149.38 842.22 253.70 -10 -10 -10 -100    0 -1000 -1000 -10
283 59 pedestrian 0 0 -10 711.63 159.00 749.40 295.54 -10 -10 -10 -100    0 -1000 -1000 -10
283 51 pedestrian 0 0 -10 669.94 156.91 728.47 225.39 -10 -10 -10 -100    0 -1000 -1000 -10
283 41 pedestrian 0 0 -10 622.94 153.17 655.53 249.06 -10 -10 -10 -100    0 -1000 -1000 -10
283 63 pedestrian 0 0 -10 745.60 166.56 781.39 296.44 -10 -10 -10 -100    0 -1000 -1000 -10
283 48 pedestrian 0 0 -10 1104.91 131.86 1238.00 374.00 -10 -10 -10 -100    0 -1000 -1000 -10
283 54 pedestrian 0 0 -10 1174.36 135.40 1237.95 374.00 -10 -10 -10 -100    0 -1000 -1000 -10
283 34 pedestrian 0 0 -10 738.41 160.90 780.23 318.54 -10 -10 -10 -100    0 -1000 -1000 -10
283 47 pedestrian 0 0 -10 540.55 162.87 595.19 213.30 -10 -10 -10 -100    0 -1000 -1000 -10
283 50 pedestrian 0 0 -10 224.92 154.32 329.11 374.00 -10 -10 -10 -100    0 -1000 -1000 -10
283 52 pedestrian 0 0 -10 592.91 161.82 654.59 192.23 -10 -10 -10 -100    0 -1000 -1000 -10
284 62 pedestrian 0 0 -10 806.48 163.33 861.65 348.18 -10 -10 -10 -100    0 -1000 -1000 -10
284 35 pedestrian 0 0 -10 829.59 153.71 896.82 374.00 -10 -10 -10 -100    0 -1000 -1000 -10
284 61 pedestrian 0 0 -10 780.30 150.42 846.86 276.01 -10 -10 -10 -100    0 -1000 -1000 -10
284 53 pedestrian 0 0 -10 63.12 158.63 140.90 374.00 -10 -10 -10 -100    0 -1000 -1000 -10
284 60 pedestrian 0 0 -10 796.68 145.16 845.27 251.03 -10 -10 -10 -100    0 -1000 -1000 -10
284 59 pedestrian 0 0 -10 712.38 157.99 750.61 295.77 -10 -10 -10 -100    0 -1000 -1000 -10
284 51 pedestrian 0 0 -10 670.07 155.02 730.54 224.65 -10 -10 -10 -100    0 -1000 -1000 -10
284 41 pedestrian 0 0 -10 619.94 148.81 654.68 248.47 -10 -10 -10 -100    0 -1000 -1000 -10
284 63 pedestrian 0 0 -10 754.61 165.03 788.21 296.08 -10 -10 -10 -100    0 -1000 -1000 -10
284 48 pedestrian 0 0 -10 1125.35 127.74 1238.00 374.00 -10 -10 -10 -100    0 -1000 -1000 -10
284 34 pedestrian 0 0 -10 738.55 159.03 782.98 317.28 -10 -10 -10 -100    0 -1000 -1000 -10
284 47 pedestrian 0 0 -10 539.36 161.18 595.56 212.73 -10 -10 -10 -100    0 -1000 -1000 -10
284 50 pedestrian 0 0 -10 202.09 154.18 309.24 374.00 -10 -10 -10 -100    0 -1000 -1000 -10
284 52 pedestrian 0 0 -10 592.54 158.37 655.25 188.54 -10 -10 -10 -100    0 -1000 -1000 -10
285 35 pedestrian 0 0 -10 830.83 149.86 907.95 374.00 -10 -10 -10 -100    0 -1000 -1000 -10
285 61 pedestrian 0 0 -10 782.42 147.98 851.20 276.29 -10 -10 -10 -100    0 -1000 -1000 -10
285 53 pedestrian 0 0 -10 25.60 157.60 106.85 374.00 -10 -10 -10 -100    0 -1000 -1000 -10
285 62 pedestrian 0 0 -10 812.97 157.91 868.02 347.81 -10 -10 -10 -100    0 -1000 -1000 -10
285 60 pedestrian 0 0 -10 794.79 143.60 844.98 251.05 -10 -10 -10 -100    0 -1000 -1000 -10
285 59 pedestrian 0 0 -10 712.22 158.28 751.47 295.07 -10 -10 -10 -100    0 -1000 -1000 -10
285 51 pedestrian 0 0 -10 669.12 153.20 733.07 223.18 -10 -10 -10 -100    0 -1000 -1000 -10
285 41 pedestrian 0 0 -10 613.06 148.11 651.19 248.65 -10 -10 -10 -100    0 -1000 -1000 -10
285 63 pedestrian 0 0 -10 756.26 162.98 790.46 299.55 -10 -10 -10 -100    0 -1000 -1000 -10
285 48 pedestrian 0 0 -10 1161.80 121.61 1237.80 374.00 -10 -10 -10 -100    0 -1000 -1000 -10
285 34 pedestrian 0 0 -10 736.82 157.32 783.68 316.57 -10 -10 -10 -100    0 -1000 -1000 -10
285 47 pedestrian 0 0 -10 537.77 160.01 595.15 211.56 -10 -10 -10 -100    0 -1000 -1000 -10
285 50 pedestrian 0 0 -10 178.91 150.59 284.11 374.00 -10 -10 -10 -100    0 -1000 -1000 -10
285 52 pedestrian 0 0 -10 591.70 154.65 656.11 182.83 -10 -10 -10 -100    0 -1000 -1000 -10
286 35 pedestrian 0 0 -10 834.56 148.54 920.96 374.00 -10 -10 -10 -100    0 -1000 -1000 -10
286 61 pedestrian 0 0 -10 785.98 144.66 854.63 277.26 -10 -10 -10 -100    0 -1000 -1000 -10
286 53 pedestrian 0 0 -10 0.00 149.53 112.30 374.00 -10 -10 -10 -100    0 -1000 -1000 -10
286 62 pedestrian 0 0 -10 818.56 155.19 868.60 352.99 -10 -10 -10 -100    0 -1000 -1000 -10
286 60 pedestrian 0 0 -10 794.12 141.33 843.59 254.39 -10 -10 -10 -100    0 -1000 -1000 -10
286 59 pedestrian 0 0 -10 713.82 154.23 754.11 291.91 -10 -10 -10 -100    0 -1000 -1000 -10
286 51 pedestrian 0 0 -10 669.42 151.60 732.97 220.90 -10 -10 -10 -100    0 -1000 -1000 -10
286 41 pedestrian 0 0 -10 605.73 143.41 645.93 245.19 -10 -10 -10 -100    0 -1000 -1000 -10
286 63 pedestrian 0 0 -10 755.38 158.82 791.65 297.80 -10 -10 -10 -100    0 -1000 -1000 -10
286 34 pedestrian 0 0 -10 736.67 154.34 784.49 317.54 -10 -10 -10 -100    0 -1000 -1000 -10
286 47 pedestrian 0 0 -10 537.04 157.44 594.26 209.35 -10 -10 -10 -100    0 -1000 -1000 -10
286 50 pedestrian 0 0 -10 146.69 147.41 256.79 374.00 -10 -10 -10 -100    0 -1000 -1000 -10
286 52 pedestrian 0 0 -10 593.65 151.76 659.29 178.71 -10 -10 -10 -100    0 -1000 -1000 -10
287 35 pedestrian 0 0 -10 841.15 146.87 930.19 374.00 -10 -10 -10 -100    0 -1000 -1000 -10
287 61 pedestrian 0 0 -10 789.48 143.29 859.45 277.78 -10 -10 -10 -100    0 -1000 -1000 -10
287 53 pedestrian 0 0 -10 0.00 153.68 83.62 374.00 -10 -10 -10 -100    0 -1000 -1000 -10
287 62 pedestrian 0 0 -10 820.04 154.82 867.13 357.99 -10 -10 -10 -100    0 -1000 -1000 -10
287 60 pedestrian 0 0 -10 789.93 141.59 842.57 251.94 -10 -10 -10 -100    0 -1000 -1000 -10
287 59 pedestrian 0 0 -10 715.27 153.54 757.51 294.62 -10 -10 -10 -100    0 -1000 -1000 -10
287 51 pedestrian 0 0 -10 669.30 151.05 733.58 220.74 -10 -10 -10 -100    0 -1000 -1000 -10
287 41 pedestrian 0 0 -10 601.48 144.58 643.28 245.52 -10 -10 -10 -100    0 -1000 -1000 -10
287 63 pedestrian 0 0 -10 759.78 160.81 798.34 300.50 -10 -10 -10 -100    0 -1000 -1000 -10
287 34 pedestrian 0 0 -10 737.86 154.29 786.87 321.09 -10 -10 -10 -100    0 -1000 -1000 -10
287 47 pedestrian 0 0 -10 535.89 155.78 594.30 208.28 -10 -10 -10 -100    0 -1000 -1000 -10
287 50 pedestrian 0 0 -10 115.77 143.42 231.80 374.00 -10 -10 -10 -100    0 -1000 -1000 -10
287 52 pedestrian 0 0 -10 594.18 149.23 659.47 177.28 -10 -10 -10 -100    0 -1000 -1000 -10
288 35 pedestrian 0 0 -10 849.33 146.04 937.61 374.00 -10 -10 -10 -100    0 -1000 -1000 -10
288 61 pedestrian 0 0 -10 792.27 142.13 867.64 280.19 -10 -10 -10 -100    0 -1000 -1000 -10
288 62 pedestrian 0 0 -10 830.72 154.47 875.57 359.21 -10 -10 -10 -100    0 -1000 -1000 -10
288 60 pedestrian 0 0 -10 790.24 141.22 840.65 249.19 -10 -10 -10 -100    0 -1000 -1000 -10
288 59 pedestrian 0 0 -10 714.91 151.93 758.09 295.56 -10 -10 -10 -100    0 -1000 -1000 -10
288 51 pedestrian 0 0 -10 668.70 148.23 733.69 219.06 -10 -10 -10 -100    0 -1000 -1000 -10
288 41 pedestrian 0 0 -10 596.38 142.12 635.93 244.05 -10 -10 -10 -100    0 -1000 -1000 -10
288 63 pedestrian 0 0 -10 764.99 158.70 806.73 301.85 -10 -10 -10 -100    0 -1000 -1000 -10
288 34 pedestrian 0 0 -10 739.06 152.24 788.69 323.04 -10 -10 -10 -100    0 -1000 -1000 -10
288 47 pedestrian 0 0 -10 534.38 153.54 594.75 205.90 -10 -10 -10 -100    0 -1000 -1000 -10
288 50 pedestrian 0 0 -10 85.84 140.04 211.08 374.00 -10 -10 -10 -100    0 -1000 -1000 -10
288 52 pedestrian 0 0 -10 592.67 146.66 658.98 175.21 -10 -10 -10 -100    0 -1000 -1000 -10
289 35 pedestrian 0 0 -10 857.17 143.26 942.60 374.00 -10 -10 -10 -100    0 -1000 -1000 -10
289 61 pedestrian 0 0 -10 796.02 139.91 873.91 280.24 -10 -10 -10 -100    0 -1000 -1000 -10
289 62 pedestrian 0 0 -10 831.35 151.27 880.80 359.87 -10 -10 -10 -100    0 -1000 -1000 -10
289 60 pedestrian 0 0 -10 790.93 140.41 838.75 250.56 -10 -10 -10 -100    0 -1000 -1000 -10
289 59 pedestrian 0 0 -10 713.95 151.13 758.33 296.47 -10 -10 -10 -100    0 -1000 -1000 -10
289 51 pedestrian 0 0 -10 665.32 145.93 735.10 220.18 -10 -10 -10 -100    0 -1000 -1000 -10
289 41 pedestrian 0 0 -10 593.17 140.85 631.28 244.38 -10 -10 -10 -100    0 -1000 -1000 -10
289 63 pedestrian 0 0 -10 768.52 157.63 813.45 300.58 -10 -10 -10 -100    0 -1000 -1000 -10
289 34 pedestrian 0 0 -10 741.37 150.36 789.09 324.11 -10 -10 -10 -100    0 -1000 -1000 -10
289 47 pedestrian 0 0 -10 533.44 151.71 594.06 205.19 -10 -10 -10 -100    0 -1000 -1000 -10
289 50 pedestrian 0 0 -10 51.21 137.10 188.35 374.00 -10 -10 -10 -100    0 -1000 -1000 -10
289 52 pedestrian 0 0 -10 593.49 145.51 658.39 174.63 -10 -10 -10 -100    0 -1000 -1000 -10
290 35 pedestrian 0 0 -10 864.20 141.35 946.48 374.00 -10 -10 -10 -100    0 -1000 -1000 -10
290 61 pedestrian 0 0 -10 799.18 138.86 880.25 280.15 -10 -10 -10 -100    0 -1000 -1000 -10
290 62 pedestrian 0 0 -10 833.80 152.04 889.39 361.45 -10 -10 -10 -100    0 -1000 -1000 -10
290 60 pedestrian 0 0 -10 792.40 138.92 835.84 248.61 -10 -10 -10 -100    0 -1000 -1000 -10
290 59 pedestrian 0 0 -10 713.24 151.91 757.97 297.45 -10 -10 -10 -100    0 -1000 -1000 -10
290 51 pedestrian 0 0 -10 664.36 146.78 735.54 220.99 -10 -10 -10 -100    0 -1000 -1000 -10
290 41 pedestrian 0 0 -10 590.33 140.14 626.38 246.97 -10 -10 -10 -100    0 -1000 -1000 -10
290 63 pedestrian 0 0 -10 770.88 156.72 814.09 302.36 -10 -10 -10 -100    0 -1000 -1000 -10
290 34 pedestrian 0 0 -10 743.52 149.40 791.37 323.39 -10 -10 -10 -100    0 -1000 -1000 -10
290 47 pedestrian 0 0 -10 532.61 152.39 593.75 206.34 -10 -10 -10 -100    0 -1000 -1000 -10
290 50 pedestrian 0 0 -10 1.22 132.52 194.40 374.00 -10 -10 -10 -100    0 -1000 -1000 -10
290 52 pedestrian 0 0 -10 592.76 146.47 659.79 177.07 -10 -10 -10 -100    0 -1000 -1000 -10
291 35 pedestrian 0 0 -10 866.49 139.90 953.29 374.00 -10 -10 -10 -100    0 -1000 -1000 -10
291 61 pedestrian 0 0 -10 802.19 138.31 882.06 281.11 -10 -10 -10 -100    0 -1000 -1000 -10
291 62 pedestrian 0 0 -10 841.39 148.53 899.34 367.40 -10 -10 -10 -100    0 -1000 -1000 -10
291 60 pedestrian 0 0 -10 795.06 138.44 833.89 251.37 -10 -10 -10 -100    0 -1000 -1000 -10
291 59 pedestrian 0 0 -10 711.81 151.08 757.01 300.60 -10 -10 -10 -100    0 -1000 -1000 -10
291 51 pedestrian 0 0 -10 664.06 147.42 734.58 222.73 -10 -10 -10 -100    0 -1000 -1000 -10
291 41 pedestrian 0 0 -10 583.07 140.58 618.94 247.09 -10 -10 -10 -100    0 -1000 -1000 -10
291 63 pedestrian 0 0 -10 773.00 155.21 818.75 305.15 -10 -10 -10 -100    0 -1000 -1000 -10
291 34 pedestrian 0 0 -10 744.00 148.74 794.58 324.15 -10 -10 -10 -100    0 -1000 -1000 -10
291 47 pedestrian 0 0 -10 531.08 152.99 593.02 206.89 -10 -10 -10 -100    0 -1000 -1000 -10
291 50 pedestrian 0 0 -10 0.00 128.29 166.29 374.00 -10 -10 -10 -100    0 -1000 -1000 -10
291 52 pedestrian 0 0 -10 590.98 146.63 660.25 177.70 -10 -10 -10 -100    0 -1000 -1000 -10
292 35 pedestrian 0 0 -10 873.31 140.48 962.55 374.00 -10 -10 -10 -100    0 -1000 -1000 -10
292 61 pedestrian 0 0 -10 807.05 139.64 886.27 288.45 -10 -10 -10 -100    0 -1000 -1000 -10
292 62 pedestrian 0 0 -10 843.52 152.91 901.32 374.00 -10 -10 -10 -100    0 -1000 -1000 -10
292 60 pedestrian 0 0 -10 799.83 137.47 837.91 256.98 -10 -10 -10 -100    0 -1000 -1000 -10
292 59 pedestrian 0 0 -10 712.23 152.49 757.97 303.83 -10 -10 -10 -100    0 -1000 -1000 -10
292 51 pedestrian 0 0 -10 662.71 148.23 736.39 224.96 -10 -10 -10 -100    0 -1000 -1000 -10
292 41 pedestrian 0 0 -10 579.03 141.98 614.08 249.34 -10 -10 -10 -100    0 -1000 -1000 -10
292 63 pedestrian 0 0 -10 776.04 154.88 826.03 306.83 -10 -10 -10 -100    0 -1000 -1000 -10
292 34 pedestrian 0 0 -10 744.38 151.64 797.47 330.41 -10 -10 -10 -100    0 -1000 -1000 -10
292 47 pedestrian 0 0 -10 528.73 153.60 589.60 208.72 -10 -10 -10 -100    0 -1000 -1000 -10
292 50 pedestrian 0 0 -10 0.00 123.09 141.39 374.00 -10 -10 -10 -100    0 -1000 -1000 -10
292 52 pedestrian 0 0 -10 588.99 147.19 661.60 177.92 -10 -10 -10 -100    0 -1000 -1000 -10
293 35 pedestrian 0 0 -10 881.82 140.23 971.06 374.00 -10 -10 -10 -100    0 -1000 -1000 -10
293 61 pedestrian 0 0 -10 808.14 141.85 890.95 290.19 -10 -10 -10 -100    0 -1000 -1000 -10
293 62 pedestrian 0 0 -10 837.83 158.10 893.80 374.00 -10 -10 -10 -100    0 -1000 -1000 -10
293 60 pedestrian 0 0 -10 798.51 139.73 838.23 254.05 -10 -10 -10 -100    0 -1000 -1000 -10
293 59 pedestrian 0 0 -10 714.25 153.18 760.24 308.46 -10 -10 -10 -100    0 -1000 -1000 -10
293 51 pedestrian 0 0 -10 664.05 150.08 737.19 225.98 -10 -10 -10 -100    0 -1000 -1000 -10
293 41 pedestrian 0 0 -10 574.78 143.28 609.24 251.42 -10 -10 -10 -100    0 -1000 -1000 -10
293 63 pedestrian 0 0 -10 784.44 155.10 835.76 312.19 -10 -10 -10 -100    0 -1000 -1000 -10
293 34 pedestrian 0 0 -10 747.34 151.72 798.86 334.97 -10 -10 -10 -100    0 -1000 -1000 -10
293 58 pedestrian 0 0 -10 0.00 116.76 113.61 374.00 -10 -10 -10 -100    0 -1000 -1000 -10
293 47 pedestrian 0 0 -10 528.34 154.32 589.94 210.59 -10 -10 -10 -100    0 -1000 -1000 -10
293 52 pedestrian 0 0 -10 588.35 147.99 661.12 178.40 -10 -10 -10 -100    0 -1000 -1000 -10
294 35 pedestrian 0 0 -10 888.80 143.03 981.56 374.00 -10 -10 -10 -100    0 -1000 -1000 -10
294 61 pedestrian 0 0 -10 808.05 142.76 894.42 294.15 -10 -10 -10 -100    0 -1000 -1000 -10
294 62 pedestrian 0 0 -10 835.06 155.89 892.86 374.00 -10 -10 -10 -100    0 -1000 -1000 -10
294 60 pedestrian 0 0 -10 797.63 141.29 843.20 258.01 -10 -10 -10 -100    0 -1000 -1000 -10
294 59 pedestrian 0 0 -10 716.18 155.76 762.80 310.16 -10 -10 -10 -100    0 -1000 -1000 -10
294 51 pedestrian 0 0 -10 663.81 150.26 739.18 225.92 -10 -10 -10 -100    0 -1000 -1000 -10
294 41 pedestrian 0 0 -10 569.98 144.60 604.94 254.45 -10 -10 -10 -100    0 -1000 -1000 -10
294 63 pedestrian 0 0 -10 790.92 159.34 838.55 312.16 -10 -10 -10 -100    0 -1000 -1000 -10
294 34 pedestrian 0 0 -10 747.34 152.41 801.28 342.19 -10 -10 -10 -100    0 -1000 -1000 -10
294 58 pedestrian 0 0 -10 1.21 117.64 95.10 374.00 -10 -10 -10 -100    0 -1000 -1000 -10
294 47 pedestrian 0 0 -10 527.60 155.93 587.55 212.02 -10 -10 -10 -100    0 -1000 -1000 -10
294 52 pedestrian 0 0 -10 589.24 148.37 660.05 177.64 -10 -10 -10 -100    0 -1000 -1000 -10
295 65 pedestrian 0 0 -10 424.59 151.59 491.88 209.52 -10 -10 -10 -100    0 -1000 -1000 -10
295 35 pedestrian 0 0 -10 897.95 140.12 995.94 374.00 -10 -10 -10 -100    0 -1000 -1000 -10
295 61 pedestrian 0 0 -10 809.33 142.64 899.44 295.68 -10 -10 -10 -100    0 -1000 -1000 -10
295 64 pedestrian 0 0 -10 766.27 153.52 808.65 299.87 -10 -10 -10 -100    0 -1000 -1000 -10
295 62 pedestrian 0 0 -10 835.66 155.70 901.96 374.00 -10 -10 -10 -100    0 -1000 -1000 -10
295 60 pedestrian 0 0 -10 795.25 142.83 855.15 259.48 -10 -10 -10 -100    0 -1000 -1000 -10
295 59 pedestrian 0 0 -10 716.63 157.89 764.56 315.16 -10 -10 -10 -100    0 -1000 -1000 -10
295 51 pedestrian 0 0 -10 664.38 152.52 743.07 229.21 -10 -10 -10 -100    0 -1000 -1000 -10
295 41 pedestrian 0 0 -10 563.33 144.28 600.03 256.94 -10 -10 -10 -100    0 -1000 -1000 -10
295 63 pedestrian 0 0 -10 797.03 162.55 843.40 319.26 -10 -10 -10 -100    0 -1000 -1000 -10
295 34 pedestrian 0 0 -10 748.11 153.44 802.06 343.00 -10 -10 -10 -100    0 -1000 -1000 -10
295 58 pedestrian 0 0 -10 0.18 122.25 79.50 374.00 -10 -10 -10 -100    0 -1000 -1000 -10
295 47 pedestrian 0 0 -10 526.71 157.26 590.15 214.27 -10 -10 -10 -100    0 -1000 -1000 -10
295 52 pedestrian 0 0 -10 588.39 149.24 661.38 179.59 -10 -10 -10 -100    0 -1000 -1000 -10
296 35 pedestrian 0 0 -10 906.38 143.94 1013.41 374.00 -10 -10 -10 -100    0 -1000 -1000 -10
296 61 pedestrian 0 0 -10 816.15 145.71 906.63 299.39 -10 -10 -10 -100    0 -1000 -1000 -10
296 64 pedestrian 0 0 -10 768.07 157.64 811.71 302.93 -10 -10 -10 -100    0 -1000 -1000 -10
296 65 pedestrian 0 0 -10 425.70 153.85 494.54 214.60 -10 -10 -10 -100    0 -1000 -1000 -10
296 62 pedestrian 0 0 -10 841.15 157.14 906.97 374.00 -10 -10 -10 -100    0 -1000 -1000 -10
296 60 pedestrian 0 0 -10 794.18 146.41 861.93 267.03 -10 -10 -10 -100    0 -1000 -1000 -10
296 59 pedestrian 0 0 -10 717.72 159.70 765.23 319.28 -10 -10 -10 -100    0 -1000 -1000 -10
296 51 pedestrian 0 0 -10 663.59 155.77 747.19 233.39 -10 -10 -10 -100    0 -1000 -1000 -10
296 41 pedestrian 0 0 -10 560.23 147.99 596.65 261.29 -10 -10 -10 -100    0 -1000 -1000 -10
296 63 pedestrian 0 0 -10 800.52 167.18 847.56 326.18 -10 -10 -10 -100    0 -1000 -1000 -10
296 34 pedestrian 0 0 -10 748.57 155.40 804.50 349.08 -10 -10 -10 -100    0 -1000 -1000 -10
296 58 pedestrian 0 0 -10 0.19 120.64 64.49 374.00 -10 -10 -10 -100    0 -1000 -1000 -10
296 47 pedestrian 0 0 -10 526.07 160.31 591.53 217.48 -10 -10 -10 -100    0 -1000 -1000 -10
296 52 pedestrian 0 0 -10 587.41 152.81 661.29 182.65 -10 -10 -10 -100    0 -1000 -1000 -10
297 35 pedestrian 0 0 -10 918.51 147.39 1033.39 374.00 -10 -10 -10 -100    0 -1000 -1000 -10
297 61 pedestrian 0 0 -10 821.48 148.52 910.67 305.48 -10 -10 -10 -100    0 -1000 -1000 -10
297 64 pedestrian 0 0 -10 768.29 158.08 815.83 305.07 -10 -10 -10 -100    0 -1000 -1000 -10
297 65 pedestrian 0 0 -10 423.44 157.66 494.77 220.23 -10 -10 -10 -100    0 -1000 -1000 -10
297 62 pedestrian 0 0 -10 846.27 162.90 913.99 374.00 -10 -10 -10 -100    0 -1000 -1000 -10
297 60 pedestrian 0 0 -10 795.16 147.90 864.30 265.69 -10 -10 -10 -100    0 -1000 -1000 -10
297 59 pedestrian 0 0 -10 718.14 158.43 769.74 323.23 -10 -10 -10 -100    0 -1000 -1000 -10
297 51 pedestrian 0 0 -10 664.47 158.38 754.39 239.74 -10 -10 -10 -100    0 -1000 -1000 -10
297 41 pedestrian 0 0 -10 555.95 150.06 593.82 263.64 -10 -10 -10 -100    0 -1000 -1000 -10
297 63 pedestrian 0 0 -10 805.38 165.28 856.93 331.24 -10 -10 -10 -100    0 -1000 -1000 -10
297 34 pedestrian 0 0 -10 752.19 158.63 811.00 356.49 -10 -10 -10 -100    0 -1000 -1000 -10
297 58 pedestrian 0 0 -10 0.03 120.29 47.09 374.00 -10 -10 -10 -100    0 -1000 -1000 -10
297 47 pedestrian 0 0 -10 526.01 163.86 592.72 221.05 -10 -10 -10 -100    0 -1000 -1000 -10
297 52 pedestrian 0 0 -10 576.27 156.28 666.21 187.74 -10 -10 -10 -100    0 -1000 -1000 -10
298 35 pedestrian 0 0 -10 930.42 146.06 1047.30 374.00 -10 -10 -10 -100    0 -1000 -1000 -10
298 61 pedestrian 0 0 -10 830.76 149.66 909.20 306.55 -10 -10 -10 -100    0 -1000 -1000 -10
298 64 pedestrian 0 0 -10 771.47 161.75 819.70 307.40 -10 -10 -10 -100    0 -1000 -1000 -10
298 65 pedestrian 0 0 -10 419.95 159.05 493.50 219.64 -10 -10 -10 -100    0 -1000 -1000 -10
298 62 pedestrian 0 0 -10 847.85 159.76 921.34 374.00 -10 -10 -10 -100    0 -1000 -1000 -10
298 60 pedestrian 0 0 -10 797.19 149.88 869.60 270.59 -10 -10 -10 -100    0 -1000 -1000 -10
298 59 pedestrian 0 0 -10 718.86 160.18 773.73 324.80 -10 -10 -10 -100    0 -1000 -1000 -10
298 51 pedestrian 0 0 -10 663.51 159.93 758.24 240.97 -10 -10 -10 -100    0 -1000 -1000 -10
298 41 pedestrian 0 0 -10 552.06 150.49 591.60 265.40 -10 -10 -10 -100    0 -1000 -1000 -10
298 63 pedestrian 0 0 -10 807.71 168.19 861.01 332.45 -10 -10 -10 -100    0 -1000 -1000 -10
298 34 pedestrian 0 0 -10 758.11 160.93 816.86 363.33 -10 -10 -10 -100    0 -1000 -1000 -10
298 58 pedestrian 0 0 -10 0.00 117.96 30.58 374.00 -10 -10 -10 -100    0 -1000 -1000 -10
298 47 pedestrian 0 0 -10 526.30 166.33 592.10 222.97 -10 -10 -10 -100    0 -1000 -1000 -10
298 52 pedestrian 0 0 -10 571.15 156.57 670.09 190.08 -10 -10 -10 -100    0 -1000 -1000 -10
299 35 pedestrian 0 0 -10 946.24 149.21 1057.27 374.00 -10 -10 -10 -100    0 -1000 -1000 -10
299 61 pedestrian 0 0 -10 842.66 152.24 903.58 306.94 -10 -10 -10 -100    0 -1000 -1000 -10
299 64 pedestrian 0 0 -10 776.65 163.03 827.38 313.27 -10 -10 -10 -100    0 -1000 -1000 -10
299 65 pedestrian 0 0 -10 417.17 164.39 492.68 223.59 -10 -10 -10 -100    0 -1000 -1000 -10
299 62 pedestrian 0 0 -10 861.07 162.26 932.82 374.00 -10 -10 -10 -100    0 -1000 -1000 -10
299 60 pedestrian 0 0 -10 797.92 151.65 872.13 271.62 -10 -10 -10 -100    0 -1000 -1000 -10
299 59 pedestrian 0 0 -10 718.90 161.52 776.82 330.91 -10 -10 -10 -100    0 -1000 -1000 -10
299 51 pedestrian 0 0 -10 664.29 162.78 752.14 244.08 -10 -10 -10 -100    0 -1000 -1000 -10
299 41 pedestrian 0 0 -10 547.98 152.22 589.17 270.03 -10 -10 -10 -100    0 -1000 -1000 -10
299 63 pedestrian 0 0 -10 812.58 170.42 868.69 333.48 -10 -10 -10 -100    0 -1000 -1000 -10
299 34 pedestrian 0 0 -10 763.90 164.74 822.03 368.76 -10 -10 -10 -100    0 -1000 -1000 -10
299 47 pedestrian 0 0 -10 528.36 169.55 593.54 226.86 -10 -10 -10 -100    0 -1000 -1000 -10
299 52 pedestrian 0 0 -10 569.93 159.55 674.90 192.95 -10 -10 -10 -100    0 -1000 -1000 -10
300 35 pedestrian 0 0 -10 895.72 149.62 1083.39 374.00 -10 -10 -10 -100    0 -1000 -1000 -10
300 64 pedestrian 0 0 -10 780.61 163.02 842.76 317.84 -10 -10 -10 -100    0 -1000 -1000 -10
300 65 pedestrian 0 0 -10 418.37 166.80 491.82 226.12 -10 -10 -10 -100    0 -1000 -1000 -10
300 62 pedestrian 0 0 -10 871.65 166.95 941.81 374.00 -10 -10 -10 -100    0 -1000 -1000 -10
300 60 pedestrian 0 0 -10 799.97 156.31 874.34 276.04 -10 -10 -10 -100    0 -1000 -1000 -10
300 59 pedestrian 0 0 -10 718.66 163.79 779.70 336.68 -10 -10 -10 -100    0 -1000 -1000 -10
300 51 pedestrian 0 0 -10 663.62 167.14 739.40 245.10 -10 -10 -10 -100    0 -1000 -1000 -10
300 41 pedestrian 0 0 -10 545.50 154.65 587.24 272.05 -10 -10 -10 -100    0 -1000 -1000 -10
300 63 pedestrian 0 0 -10 815.33 170.50 875.63 337.45 -10 -10 -10 -100    0 -1000 -1000 -10
300 34 pedestrian 0 0 -10 767.45 164.52 829.24 373.31 -10 -10 -10 -100    0 -1000 -1000 -10
300 47 pedestrian 0 0 -10 529.43 172.54 595.48 230.35 -10 -10 -10 -100    0 -1000 -1000 -10
300 52 pedestrian 0 0 -10 572.59 162.75 678.28 196.47 -10 -10 -10 -100    0 -1000 -1000 -10
301 35 pedestrian 0 0 -10 906.90 150.45 1111.05 374.00 -10 -10 -10 -100    0 -1000 -1000 -10
301 64 pedestrian 0 0 -10 785.05 165.35 856.05 321.11 -10 -10 -10 -100    0 -1000 -1000 -10
301 65 pedestrian 0 0 -10 419.08 167.72 495.67 228.71 -10 -10 -10 -100    0 -1000 -1000 -10
301 62 pedestrian 0 0 -10 889.12 171.10 955.59 374.00 -10 -10 -10 -100    0 -1000 -1000 -10
301 60 pedestrian 0 0 -10 799.37 157.06 873.70 275.02 -10 -10 -10 -100    0 -1000 -1000 -10
301 59 pedestrian 0 0 -10 720.48 164.96 781.75 339.03 -10 -10 -10 -100    0 -1000 -1000 -10
301 51 pedestrian 0 0 -10 665.12 168.56 738.88 248.10 -10 -10 -10 -100    0 -1000 -1000 -10
301 41 pedestrian 0 0 -10 544.87 157.43 585.89 273.31 -10 -10 -10 -100    0 -1000 -1000 -10
301 63 pedestrian 0 0 -10 823.43 174.34 884.43 345.62 -10 -10 -10 -100    0 -1000 -1000 -10
301 34 pedestrian 0 0 -10 776.69 166.92 835.97 373.14 -10 -10 -10 -100    0 -1000 -1000 -10
301 47 pedestrian 0 0 -10 531.18 174.04 599.02 232.19 -10 -10 -10 -100    0 -1000 -1000 -10
301 52 pedestrian 0 0 -10 574.85 163.63 680.01 198.08 -10 -10 -10 -100    0 -1000 -1000 -10
302 35 pedestrian 0 0 -10 914.08 154.57 1132.30 374.00 -10 -10 -10 -100    0 -1000 -1000 -10
302 64 pedestrian 0 0 -10 787.19 166.18 863.44 323.83 -10 -10 -10 -100    0 -1000 -1000 -10
302 65 pedestrian 0 0 -10 419.05 168.91 499.01 228.52 -10 -10 -10 -100    0 -1000 -1000 -10
302 62 pedestrian 0 0 -10 902.74 172.57 975.07 374.00 -10 -10 -10 -100    0 -1000 -1000 -10
302 60 pedestrian 0 0 -10 796.92 159.81 872.56 282.56 -10 -10 -10 -100    0 -1000 -1000 -10
302 59 pedestrian 0 0 -10 722.54 166.29 785.44 344.84 -10 -10 -10 -100    0 -1000 -1000 -10
302 51 pedestrian 0 0 -10 668.83 171.65 742.74 250.04 -10 -10 -10 -100    0 -1000 -1000 -10
302 41 pedestrian 0 0 -10 544.16 159.75 584.69 274.31 -10 -10 -10 -100    0 -1000 -1000 -10
302 63 pedestrian 0 0 -10 828.23 174.66 885.44 348.76 -10 -10 -10 -100    0 -1000 -1000 -10
302 34 pedestrian 0 0 -10 784.56 167.67 842.09 374.00 -10 -10 -10 -100    0 -1000 -1000 -10
302 47 pedestrian 0 0 -10 534.24 175.91 603.42 235.02 -10 -10 -10 -100    0 -1000 -1000 -10
302 52 pedestrian 0 0 -10 577.08 165.07 687.05 199.76 -10 -10 -10 -100    0 -1000 -1000 -10
303 35 pedestrian 0 0 -10 922.09 156.48 1150.48 374.00 -10 -10 -10 -100    0 -1000 -1000 -10
303 61 pedestrian 0 0 -10 860.26 155.54 909.21 321.44 -10 -10 -10 -100    0 -1000 -1000 -10
303 64 pedestrian 0 0 -10 796.97 165.61 871.63 325.85 -10 -10 -10 -100    0 -1000 -1000 -10
303 65 pedestrian 0 0 -10 419.87 173.28 501.91 231.89 -10 -10 -10 -100    0 -1000 -1000 -10
303 62 pedestrian 0 0 -10 910.08 175.06 991.93 374.00 -10 -10 -10 -100    0 -1000 -1000 -10
303 60 pedestrian 0 0 -10 797.94 160.97 875.86 287.36 -10 -10 -10 -100    0 -1000 -1000 -10
303 59 pedestrian 0 0 -10 723.55 167.38 786.03 351.47 -10 -10 -10 -100    0 -1000 -1000 -10
303 51 pedestrian 0 0 -10 671.23 173.15 750.09 252.30 -10 -10 -10 -100    0 -1000 -1000 -10
303 41 pedestrian 0 0 -10 540.56 162.36 583.69 279.24 -10 -10 -10 -100    0 -1000 -1000 -10
303 63 pedestrian 0 0 -10 837.02 172.53 895.40 352.81 -10 -10 -10 -100    0 -1000 -1000 -10
303 34 pedestrian 0 0 -10 794.26 168.71 851.77 374.00 -10 -10 -10 -100    0 -1000 -1000 -10
303 47 pedestrian 0 0 -10 535.59 178.22 605.51 240.07 -10 -10 -10 -100    0 -1000 -1000 -10
303 52 pedestrian 0 0 -10 578.28 167.14 686.65 202.16 -10 -10 -10 -100    0 -1000 -1000 -10
304 35 pedestrian 0 0 -10 931.09 154.69 1166.08 374.00 -10 -10 -10 -100    0 -1000 -1000 -10
304 61 pedestrian 0 0 -10 867.10 159.82 920.44 326.18 -10 -10 -10 -100    0 -1000 -1000 -10
304 64 pedestrian 0 0 -10 801.32 167.72 877.52 329.95 -10 -10 -10 -100    0 -1000 -1000 -10
304 65 pedestrian 0 0 -10 420.41 174.18 504.56 231.77 -10 -10 -10 -100    0 -1000 -1000 -10
304 62 pedestrian 0 0 -10 915.36 172.74 1005.54 374.00 -10 -10 -10 -100    0 -1000 -1000 -10
304 60 pedestrian 0 0 -10 800.56 163.93 878.51 283.38 -10 -10 -10 -100    0 -1000 -1000 -10
304 59 pedestrian 0 0 -10 719.08 171.04 784.57 353.64 -10 -10 -10 -100    0 -1000 -1000 -10
304 51 pedestrian 0 0 -10 672.61 174.25 754.30 252.81 -10 -10 -10 -100    0 -1000 -1000 -10
304 41 pedestrian 0 0 -10 538.27 163.57 583.25 281.94 -10 -10 -10 -100    0 -1000 -1000 -10
304 63 pedestrian 0 0 -10 840.55 175.56 894.26 355.41 -10 -10 -10 -100    0 -1000 -1000 -10
304 34 pedestrian 0 0 -10 795.93 172.43 853.84 374.00 -10 -10 -10 -100    0 -1000 -1000 -10
304 47 pedestrian 0 0 -10 538.87 179.51 607.57 242.76 -10 -10 -10 -100    0 -1000 -1000 -10
304 52 pedestrian 0 0 -10 579.29 166.98 688.53 203.07 -10 -10 -10 -100    0 -1000 -1000 -10
305 35 pedestrian 0 0 -10 944.94 150.23 1192.50 374.00 -10 -10 -10 -100    0 -1000 -1000 -10
305 61 pedestrian 0 0 -10 875.81 159.00 932.37 330.01 -10 -10 -10 -100    0 -1000 -1000 -10
305 64 pedestrian 0 0 -10 802.52 167.62 882.62 330.51 -10 -10 -10 -100    0 -1000 -1000 -10
305 65 pedestrian 0 0 -10 420.59 170.48 509.15 231.59 -10 -10 -10 -100    0 -1000 -1000 -10
305 62 pedestrian 0 0 -10 927.04 171.05 1024.28 374.00 -10 -10 -10 -100    0 -1000 -1000 -10
305 60 pedestrian 0 0 -10 799.51 163.31 879.52 291.51 -10 -10 -10 -100    0 -1000 -1000 -10
305 59 pedestrian 0 0 -10 714.08 169.81 781.89 354.67 -10 -10 -10 -100    0 -1000 -1000 -10
305 51 pedestrian 0 0 -10 675.58 174.79 758.99 256.19 -10 -10 -10 -100    0 -1000 -1000 -10
305 41 pedestrian 0 0 -10 536.01 161.51 581.01 283.00 -10 -10 -10 -100    0 -1000 -1000 -10
305 63 pedestrian 0 0 -10 850.43 175.42 900.21 357.34 -10 -10 -10 -100    0 -1000 -1000 -10
305 34 pedestrian 0 0 -10 793.89 169.64 856.75 374.00 -10 -10 -10 -100    0 -1000 -1000 -10
305 47 pedestrian 0 0 -10 539.13 178.41 609.19 243.26 -10 -10 -10 -100    0 -1000 -1000 -10
305 52 pedestrian 0 0 -10 580.14 167.12 689.11 202.81 -10 -10 -10 -100    0 -1000 -1000 -10
306 66 pedestrian 0 0 -10 783.15 162.24 826.70 303.75 -10 -10 -10 -100    0 -1000 -1000 -10
306 35 pedestrian 0 0 -10 957.72 147.07 1223.12 374.00 -10 -10 -10 -100    0 -1000 -1000 -10
306 61 pedestrian 0 0 -10 882.22 156.42 941.56 333.62 -10 -10 -10 -100    0 -1000 -1000 -10
306 64 pedestrian 0 0 -10 805.85 165.75 888.68 332.90 -10 -10 -10 -100    0 -1000 -1000 -10
306 65 pedestrian 0 0 -10 419.72 167.10 512.87 231.01 -10 -10 -10 -100    0 -1000 -1000 -10
306 62 pedestrian 0 0 -10 939.00 169.86 1036.02 374.00 -10 -10 -10 -100    0 -1000 -1000 -10
306 60 pedestrian 0 0 -10 803.33 162.53 883.97 291.89 -10 -10 -10 -100    0 -1000 -1000 -10
306 59 pedestrian 0 0 -10 711.65 166.97 780.20 353.81 -10 -10 -10 -100    0 -1000 -1000 -10
306 51 pedestrian 0 0 -10 678.02 173.40 761.58 242.24 -10 -10 -10 -100    0 -1000 -1000 -10
306 41 pedestrian 0 0 -10 530.89 159.99 577.54 281.96 -10 -10 -10 -100    0 -1000 -1000 -10
306 63 pedestrian 0 0 -10 855.99 177.01 904.85 358.58 -10 -10 -10 -100    0 -1000 -1000 -10
306 34 pedestrian 0 0 -10 794.93 167.31 860.28 374.00 -10 -10 -10 -100    0 -1000 -1000 -10
306 47 pedestrian 0 0 -10 539.29 176.90 610.46 242.13 -10 -10 -10 -100    0 -1000 -1000 -10
306 52 pedestrian 0 0 -10 580.20 165.34 689.60 201.56 -10 -10 -10 -100    0 -1000 -1000 -10
307 66 pedestrian 0 0 -10 780.74 162.63 826.27 303.82 -10 -10 -10 -100    0 -1000 -1000 -10
307 35 pedestrian 0 0 -10 966.12 146.64 1233.01 374.00 -10 -10 -10 -100    0 -1000 -1000 -10
307 61 pedestrian 0 0 -10 882.97 155.26 947.34 332.28 -10 -10 -10 -100    0 -1000 -1000 -10
307 64 pedestrian 0 0 -10 806.46 166.39 887.66 329.98 -10 -10 -10 -100    0 -1000 -1000 -10
307 65 pedestrian 0 0 -10 412.89 162.93 511.06 232.03 -10 -10 -10 -100    0 -1000 -1000 -10
307 62 pedestrian 0 0 -10 945.57 173.33 1049.03 374.00 -10 -10 -10 -100    0 -1000 -1000 -10
307 60 pedestrian 0 0 -10 799.89 162.39 880.23 292.76 -10 -10 -10 -100    0 -1000 -1000 -10
307 59 pedestrian 0 0 -10 705.89 168.68 777.19 356.16 -10 -10 -10 -100    0 -1000 -1000 -10
307 51 pedestrian 0 0 -10 680.16 171.60 760.19 228.77 -10 -10 -10 -100    0 -1000 -1000 -10
307 41 pedestrian 0 0 -10 523.47 158.96 571.67 282.84 -10 -10 -10 -100    0 -1000 -1000 -10
307 63 pedestrian 0 0 -10 854.97 173.46 907.78 360.06 -10 -10 -10 -100    0 -1000 -1000 -10
307 34 pedestrian 0 0 -10 797.93 166.84 863.67 374.00 -10 -10 -10 -100    0 -1000 -1000 -10
307 47 pedestrian 0 0 -10 536.98 176.04 609.24 240.49 -10 -10 -10 -100    0 -1000 -1000 -10
307 52 pedestrian 0 0 -10 577.47 164.87 687.50 200.94 -10 -10 -10 -100    0 -1000 -1000 -10
308 66 pedestrian 0 0 -10 773.82 160.91 823.08 305.20 -10 -10 -10 -100    0 -1000 -1000 -10
308 35 pedestrian 0 0 -10 967.26 147.84 1237.32 374.00 -10 -10 -10 -100    0 -1000 -1000 -10
308 61 pedestrian 0 0 -10 888.46 154.24 951.45 331.10 -10 -10 -10 -100    0 -1000 -1000 -10
308 64 pedestrian 0 0 -10 807.32 162.68 890.14 331.93 -10 -10 -10 -100    0 -1000 -1000 -10
308 65 pedestrian 0 0 -10 408.00 160.08 506.70 229.61 -10 -10 -10 -100    0 -1000 -1000 -10
308 62 pedestrian 0 0 -10 953.22 169.09 1059.59 374.00 -10 -10 -10 -100    0 -1000 -1000 -10
308 60 pedestrian 0 0 -10 794.18 160.47 875.71 291.90 -10 -10 -10 -100    0 -1000 -1000 -10
308 59 pedestrian 0 0 -10 707.30 168.01 771.78 357.12 -10 -10 -10 -100    0 -1000 -1000 -10
308 51 pedestrian 0 0 -10 680.91 170.15 759.39 226.77 -10 -10 -10 -100    0 -1000 -1000 -10
308 41 pedestrian 0 0 -10 518.13 156.32 566.15 280.79 -10 -10 -10 -100    0 -1000 -1000 -10
308 63 pedestrian 0 0 -10 854.91 175.89 912.48 363.65 -10 -10 -10 -100    0 -1000 -1000 -10
308 34 pedestrian 0 0 -10 803.19 162.81 869.36 374.00 -10 -10 -10 -100    0 -1000 -1000 -10
308 47 pedestrian 0 0 -10 536.17 174.15 607.49 238.35 -10 -10 -10 -100    0 -1000 -1000 -10
308 52 pedestrian 0 0 -10 578.09 161.76 684.74 197.14 -10 -10 -10 -100    0 -1000 -1000 -10
309 66 pedestrian 0 0 -10 768.78 159.76 820.38 304.59 -10 -10 -10 -100    0 -1000 -1000 -10
309 35 pedestrian 0 0 -10 968.81 144.77 1238.00 374.00 -10 -10 -10 -100    0 -1000 -1000 -10
309 61 pedestrian 0 0 -10 887.38 153.63 950.10 334.56 -10 -10 -10 -100    0 -1000 -1000 -10
309 64 pedestrian 0 0 -10 806.10 161.50 893.57 333.01 -10 -10 -10 -100    0 -1000 -1000 -10
309 65 pedestrian 0 0 -10 407.36 157.22 502.33 231.54 -10 -10 -10 -100    0 -1000 -1000 -10
309 62 pedestrian 0 0 -10 965.15 168.37 1063.44 374.00 -10 -10 -10 -100    0 -1000 -1000 -10
309 60 pedestrian 0 0 -10 794.76 158.55 875.34 291.53 -10 -10 -10 -100    0 -1000 -1000 -10
309 59 pedestrian 0 0 -10 703.75 167.77 767.89 357.39 -10 -10 -10 -100    0 -1000 -1000 -10
309 51 pedestrian 0 0 -10 678.60 168.66 760.26 227.29 -10 -10 -10 -100    0 -1000 -1000 -10
309 41 pedestrian 0 0 -10 513.36 155.49 558.71 280.74 -10 -10 -10 -100    0 -1000 -1000 -10
309 63 pedestrian 0 0 -10 847.87 169.17 898.93 362.55 -10 -10 -10 -100    0 -1000 -1000 -10
309 34 pedestrian 0 0 -10 806.45 162.33 872.12 374.00 -10 -10 -10 -100    0 -1000 -1000 -10
309 47 pedestrian 0 0 -10 534.30 172.27 606.15 237.49 -10 -10 -10 -100    0 -1000 -1000 -10
309 52 pedestrian 0 0 -10 578.47 160.72 681.80 195.53 -10 -10 -10 -100    0 -1000 -1000 -10
310 66 pedestrian 0 0 -10 763.58 158.11 816.02 303.24 -10 -10 -10 -100    0 -1000 -1000 -10
310 35 pedestrian 0 0 -10 969.76 140.95 1238.00 374.00 -10 -10 -10 -100    0 -1000 -1000 -10
310 61 pedestrian 0 0 -10 884.88 151.68 947.41 336.25 -10 -10 -10 -100    0 -1000 -1000 -10
310 64 pedestrian 0 0 -10 802.20 159.78 889.94 332.53 -10 -10 -10 -100    0 -1000 -1000 -10
310 65 pedestrian 0 0 -10 403.16 154.59 496.45 234.69 -10 -10 -10 -100    0 -1000 -1000 -10
310 62 pedestrian 0 0 -10 973.24 167.64 1065.44 374.00 -10 -10 -10 -100    0 -1000 -1000 -10
310 60 pedestrian 0 0 -10 790.81 157.50 870.34 292.08 -10 -10 -10 -100    0 -1000 -1000 -10
310 59 pedestrian 0 0 -10 696.21 166.21 764.26 354.53 -10 -10 -10 -100    0 -1000 -1000 -10
310 51 pedestrian 0 0 -10 676.85 166.89 759.97 226.49 -10 -10 -10 -100    0 -1000 -1000 -10
310 41 pedestrian 0 0 -10 506.08 154.51 552.44 281.13 -10 -10 -10 -100    0 -1000 -1000 -10
310 63 pedestrian 0 0 -10 824.09 169.58 879.47 364.68 -10 -10 -10 -100    0 -1000 -1000 -10
310 34 pedestrian 0 0 -10 805.49 159.98 873.20 374.00 -10 -10 -10 -100    0 -1000 -1000 -10
310 47 pedestrian 0 0 -10 530.20 171.38 603.87 237.21 -10 -10 -10 -100    0 -1000 -1000 -10
310 52 pedestrian 0 0 -10 578.31 159.83 683.01 194.76 -10 -10 -10 -100    0 -1000 -1000 -10
311 67 pedestrian 0 0 -10 667.67 171.52 716.09 278.65 -10 -10 -10 -100    0 -1000 -1000 -10
311 66 pedestrian 0 0 -10 758.50 157.02 812.38 302.48 -10 -10 -10 -100    0 -1000 -1000 -10
311 35 pedestrian 0 0 -10 971.40 139.92 1237.83 374.00 -10 -10 -10 -100    0 -1000 -1000 -10
311 61 pedestrian 0 0 -10 879.65 150.76 944.21 336.03 -10 -10 -10 -100    0 -1000 -1000 -10
311 64 pedestrian 0 0 -10 800.86 159.36 888.59 333.23 -10 -10 -10 -100    0 -1000 -1000 -10
311 65 pedestrian 0 0 -10 398.36 154.47 491.24 235.12 -10 -10 -10 -100    0 -1000 -1000 -10
311 62 pedestrian 0 0 -10 975.45 167.96 1065.67 374.00 -10 -10 -10 -100    0 -1000 -1000 -10
311 60 pedestrian 0 0 -10 786.66 157.35 863.53 297.08 -10 -10 -10 -100    0 -1000 -1000 -10
311 59 pedestrian 0 0 -10 687.20 165.19 754.11 355.18 -10 -10 -10 -100    0 -1000 -1000 -10
311 51 pedestrian 0 0 -10 674.92 166.13 758.97 225.52 -10 -10 -10 -100    0 -1000 -1000 -10
311 41 pedestrian 0 0 -10 499.29 152.43 545.39 280.81 -10 -10 -10 -100    0 -1000 -1000 -10
311 63 pedestrian 0 0 -10 822.12 168.95 879.73 364.71 -10 -10 -10 -100    0 -1000 -1000 -10
311 34 pedestrian 0 0 -10 805.24 159.52 873.66 374.00 -10 -10 -10 -100    0 -1000 -1000 -10
311 47 pedestrian 0 0 -10 528.37 170.25 602.35 236.69 -10 -10 -10 -100    0 -1000 -1000 -10
311 52 pedestrian 0 0 -10 577.62 159.18 680.47 193.69 -10 -10 -10 -100    0 -1000 -1000 -10
312 67 pedestrian 0 0 -10 660.45 173.85 709.57 278.48 -10 -10 -10 -100    0 -1000 -1000 -10
312 66 pedestrian 0 0 -10 752.25 155.65 804.94 302.89 -10 -10 -10 -100    0 -1000 -1000 -10
312 35 pedestrian 0 0 -10 972.19 140.67 1236.76 374.00 -10 -10 -10 -100    0 -1000 -1000 -10
312 61 pedestrian 0 0 -10 875.45 149.62 943.69 335.90 -10 -10 -10 -100    0 -1000 -1000 -10
312 64 pedestrian 0 0 -10 798.57 157.63 887.14 333.22 -10 -10 -10 -100    0 -1000 -1000 -10
312 65 pedestrian 0 0 -10 394.77 152.40 488.88 235.55 -10 -10 -10 -100    0 -1000 -1000 -10
312 62 pedestrian 0 0 -10 976.52 166.84 1066.06 374.00 -10 -10 -10 -100    0 -1000 -1000 -10
312 60 pedestrian 0 0 -10 786.25 156.74 860.59 298.62 -10 -10 -10 -100    0 -1000 -1000 -10
312 59 pedestrian 0 0 -10 675.59 163.23 742.68 354.11 -10 -10 -10 -100    0 -1000 -1000 -10
312 51 pedestrian 0 0 -10 673.36 165.69 756.22 225.54 -10 -10 -10 -100    0 -1000 -1000 -10
312 41 pedestrian 0 0 -10 494.92 150.93 541.01 278.71 -10 -10 -10 -100    0 -1000 -1000 -10
312 63 pedestrian 0 0 -10 823.75 167.78 882.09 365.12 -10 -10 -10 -100    0 -1000 -1000 -10
312 34 pedestrian 0 0 -10 805.40 158.26 874.83 374.00 -10 -10 -10 -100    0 -1000 -1000 -10
312 47 pedestrian 0 0 -10 527.36 169.31 601.32 236.54 -10 -10 -10 -100    0 -1000 -1000 -10
312 52 pedestrian 0 0 -10 578.42 159.28 681.95 194.00 -10 -10 -10 -100    0 -1000 -1000 -10
313 67 pedestrian 0 0 -10 652.01 179.70 703.83 276.30 -10 -10 -10 -100    0 -1000 -1000 -10
313 66 pedestrian 0 0 -10 745.43 156.14 799.10 303.27 -10 -10 -10 -100    0 -1000 -1000 -10
313 35 pedestrian 0 0 -10 969.71 143.03 1236.54 374.00 -10 -10 -10 -100    0 -1000 -1000 -10
313 61 pedestrian 0 0 -10 867.46 150.01 932.52 332.37 -10 -10 -10 -100    0 -1000 -1000 -10
313 64 pedestrian 0 0 -10 794.95 157.88 883.73 332.61 -10 -10 -10 -100    0 -1000 -1000 -10
313 65 pedestrian 0 0 -10 390.44 151.21 484.61 237.37 -10 -10 -10 -100    0 -1000 -1000 -10
313 62 pedestrian 0 0 -10 971.24 163.78 1059.49 374.00 -10 -10 -10 -100    0 -1000 -1000 -10
313 60 pedestrian 0 0 -10 783.27 156.54 856.47 295.77 -10 -10 -10 -100    0 -1000 -1000 -10
313 59 pedestrian 0 0 -10 668.06 163.95 735.18 354.30 -10 -10 -10 -100    0 -1000 -1000 -10
313 51 pedestrian 0 0 -10 672.73 164.74 754.98 226.39 -10 -10 -10 -100    0 -1000 -1000 -10
313 41 pedestrian 0 0 -10 488.48 151.60 534.02 278.61 -10 -10 -10 -100    0 -1000 -1000 -10
313 63 pedestrian 0 0 -10 826.89 167.06 883.02 367.58 -10 -10 -10 -100    0 -1000 -1000 -10
313 34 pedestrian 0 0 -10 805.80 158.07 878.04 374.00 -10 -10 -10 -100    0 -1000 -1000 -10
313 47 pedestrian 0 0 -10 523.50 169.16 599.47 236.38 -10 -10 -10 -100    0 -1000 -1000 -10
313 52 pedestrian 0 0 -10 577.10 159.12 681.28 194.06 -10 -10 -10 -100    0 -1000 -1000 -10
314 66 pedestrian 0 0 -10 737.11 155.10 791.45 304.05 -10 -10 -10 -100    0 -1000 -1000 -10
314 35 pedestrian 0 0 -10 968.41 143.73 1235.46 374.00 -10 -10 -10 -100    0 -1000 -1000 -10
314 61 pedestrian 0 0 -10 855.27 150.35 909.43 332.07 -10 -10 -10 -100    0 -1000 -1000 -10
314 64 pedestrian 0 0 -10 791.65 158.21 880.90 332.35 -10 -10 -10 -100    0 -1000 -1000 -10
314 65 pedestrian 0 0 -10 387.19 151.93 477.16 236.29 -10 -10 -10 -100    0 -1000 -1000 -10
314 62 pedestrian 0 0 -10 965.50 163.95 1055.17 374.00 -10 -10 -10 -100    0 -1000 -1000 -10
314 60 pedestrian 0 0 -10 782.44 155.64 854.28 289.52 -10 -10 -10 -100    0 -1000 -1000 -10
314 59 pedestrian 0 0 -10 663.12 163.09 730.03 353.19 -10 -10 -10 -100    0 -1000 -1000 -10
314 51 pedestrian 0 0 -10 668.52 164.14 751.22 226.91 -10 -10 -10 -100    0 -1000 -1000 -10
314 41 pedestrian 0 0 -10 483.17 151.31 526.73 276.90 -10 -10 -10 -100    0 -1000 -1000 -10
314 63 pedestrian 0 0 -10 825.51 167.27 883.43 368.89 -10 -10 -10 -100    0 -1000 -1000 -10
314 67 pedestrian 0 0 -10 647.14 175.90 694.96 277.07 -10 -10 -10 -100    0 -1000 -1000 -10
314 34 pedestrian 0 0 -10 805.53 157.85 879.32 374.00 -10 -10 -10 -100    0 -1000 -1000 -10
314 47 pedestrian 0 0 -10 519.41 168.36 597.44 236.51 -10 -10 -10 -100    0 -1000 -1000 -10
314 52 pedestrian 0 0 -10 576.90 159.41 680.04 193.74 -10 -10 -10 -100    0 -1000 -1000 -10
315 66 pedestrian 0 0 -10 732.20 154.97 786.90 303.30 -10 -10 -10 -100    0 -1000 -1000 -10
315 35 pedestrian 0 0 -10 965.58 142.10 1233.54 374.00 -10 -10 -10 -100    0 -1000 -1000 -10
315 61 pedestrian 0 0 -10 849.37 150.27 904.70 334.36 -10 -10 -10 -100    0 -1000 -1000 -10
315 64 pedestrian 0 0 -10 789.10 158.84 877.39 331.12 -10 -10 -10 -100    0 -1000 -1000 -10
315 65 pedestrian 0 0 -10 382.21 151.46 473.11 235.61 -10 -10 -10 -100    0 -1000 -1000 -10
315 62 pedestrian 0 0 -10 960.48 164.52 1051.27 374.00 -10 -10 -10 -100    0 -1000 -1000 -10
315 60 pedestrian 0 0 -10 781.16 156.51 851.20 288.89 -10 -10 -10 -100    0 -1000 -1000 -10
315 59 pedestrian 0 0 -10 658.03 162.99 719.83 350.65 -10 -10 -10 -100    0 -1000 -1000 -10
315 51 pedestrian 0 0 -10 666.68 163.81 748.57 227.42 -10 -10 -10 -100    0 -1000 -1000 -10
315 41 pedestrian 0 0 -10 479.80 151.01 521.49 276.70 -10 -10 -10 -100    0 -1000 -1000 -10
315 63 pedestrian 0 0 -10 819.54 167.60 882.17 367.69 -10 -10 -10 -100    0 -1000 -1000 -10
315 67 pedestrian 0 0 -10 644.74 173.91 696.89 275.37 -10 -10 -10 -100    0 -1000 -1000 -10
315 34 pedestrian 0 0 -10 802.60 158.24 878.17 374.00 -10 -10 -10 -100    0 -1000 -1000 -10
315 47 pedestrian 0 0 -10 518.26 168.10 595.56 236.56 -10 -10 -10 -100    0 -1000 -1000 -10
315 52 pedestrian 0 0 -10 576.34 159.53 678.98 194.34 -10 -10 -10 -100    0 -1000 -1000 -10
316 35 pedestrian 0 0 -10 963.44 140.24 1233.12 374.00 -10 -10 -10 -100    0 -1000 -1000 -10
316 61 pedestrian 0 0 -10 843.02 150.65 910.73 333.02 -10 -10 -10 -100    0 -1000 -1000 -10
316 64 pedestrian 0 0 -10 785.73 158.28 872.82 327.95 -10 -10 -10 -100    0 -1000 -1000 -10
316 65 pedestrian 0 0 -10 377.09 149.57 469.81 236.33 -10 -10 -10 -100    0 -1000 -1000 -10
316 62 pedestrian 0 0 -10 958.74 166.00 1049.48 374.00 -10 -10 -10 -100    0 -1000 -1000 -10
316 60 pedestrian 0 0 -10 785.97 156.57 845.31 294.55 -10 -10 -10 -100    0 -1000 -1000 -10
316 59 pedestrian 0 0 -10 650.40 162.90 711.11 349.40 -10 -10 -10 -100    0 -1000 -1000 -10
316 51 pedestrian 0 0 -10 664.80 164.84 747.62 226.66 -10 -10 -10 -100    0 -1000 -1000 -10
316 41 pedestrian 0 0 -10 472.48 150.13 515.42 276.73 -10 -10 -10 -100    0 -1000 -1000 -10
316 63 pedestrian 0 0 -10 798.34 156.61 873.05 374.00 -10 -10 -10 -100    0 -1000 -1000 -10
316 66 pedestrian 0 0 -10 727.93 154.05 781.30 302.34 -10 -10 -10 -100    0 -1000 -1000 -10
316 67 pedestrian 0 0 -10 638.48 172.30 691.87 276.06 -10 -10 -10 -100    0 -1000 -1000 -10
316 34 pedestrian 0 0 -10 812.78 166.68 879.15 365.61 -10 -10 -10 -100    0 -1000 -1000 -10
316 47 pedestrian 0 0 -10 515.73 167.78 593.29 236.95 -10 -10 -10 -100    0 -1000 -1000 -10
316 52 pedestrian 0 0 -10 576.19 159.25 678.59 194.05 -10 -10 -10 -100    0 -1000 -1000 -10
317 35 pedestrian 0 0 -10 963.03 141.72 1236.00 374.00 -10 -10 -10 -100    0 -1000 -1000 -10
317 61 pedestrian 0 0 -10 824.72 148.66 932.35 332.40 -10 -10 -10 -100    0 -1000 -1000 -10
317 64 pedestrian 0 0 -10 778.08 157.46 863.69 328.45 -10 -10 -10 -100    0 -1000 -1000 -10
317 65 pedestrian 0 0 -10 374.42 150.26 467.41 235.94 -10 -10 -10 -100    0 -1000 -1000 -10
317 62 pedestrian 0 0 -10 960.64 167.76 1047.49 374.00 -10 -10 -10 -100    0 -1000 -1000 -10
317 60 pedestrian 0 0 -10 779.21 155.99 829.95 290.06 -10 -10 -10 -100    0 -1000 -1000 -10
317 59 pedestrian 0 0 -10 639.43 162.05 702.93 349.34 -10 -10 -10 -100    0 -1000 -1000 -10
317 51 pedestrian 0 0 -10 663.31 163.95 747.43 227.76 -10 -10 -10 -100    0 -1000 -1000 -10
317 41 pedestrian 0 0 -10 466.23 149.39 509.37 275.49 -10 -10 -10 -100    0 -1000 -1000 -10
317 63 pedestrian 0 0 -10 803.85 166.07 874.50 367.55 -10 -10 -10 -100    0 -1000 -1000 -10
317 66 pedestrian 0 0 -10 723.14 153.48 775.49 301.79 -10 -10 -10 -100    0 -1000 -1000 -10
317 67 pedestrian 0 0 -10 627.44 171.35 682.23 274.37 -10 -10 -10 -100    0 -1000 -1000 -10
317 34 pedestrian 0 0 -10 793.65 155.86 868.23 374.00 -10 -10 -10 -100    0 -1000 -1000 -10
317 47 pedestrian 0 0 -10 513.26 167.67 591.16 237.10 -10 -10 -10 -100    0 -1000 -1000 -10
317 52 pedestrian 0 0 -10 576.08 159.17 677.42 194.65 -10 -10 -10 -100    0 -1000 -1000 -10
318 61 pedestrian 0 0 -10 820.00 149.42 923.82 332.77 -10 -10 -10 -100    0 -1000 -1000 -10
318 64 pedestrian 0 0 -10 777.33 157.22 862.28 326.76 -10 -10 -10 -100    0 -1000 -1000 -10
318 65 pedestrian 0 0 -10 371.47 149.12 463.92 236.23 -10 -10 -10 -100    0 -1000 -1000 -10
318 35 pedestrian 0 0 -10 956.63 144.17 1234.10 374.00 -10 -10 -10 -100    0 -1000 -1000 -10
318 62 pedestrian 0 0 -10 952.06 165.35 1041.68 374.00 -10 -10 -10 -100    0 -1000 -1000 -10
318 60 pedestrian 0 0 -10 776.70 155.85 823.05 289.67 -10 -10 -10 -100    0 -1000 -1000 -10
318 59 pedestrian 0 0 -10 628.30 161.19 696.59 349.19 -10 -10 -10 -100    0 -1000 -1000 -10
318 51 pedestrian 0 0 -10 662.62 164.14 746.06 227.47 -10 -10 -10 -100    0 -1000 -1000 -10
318 41 pedestrian 0 0 -10 460.64 148.67 504.61 273.63 -10 -10 -10 -100    0 -1000 -1000 -10
318 63 pedestrian 0 0 -10 802.19 166.76 872.33 367.49 -10 -10 -10 -100    0 -1000 -1000 -10
318 66 pedestrian 0 0 -10 718.79 154.56 769.07 301.86 -10 -10 -10 -100    0 -1000 -1000 -10
318 34 pedestrian 0 0 -10 792.70 155.75 863.57 374.00 -10 -10 -10 -100    0 -1000 -1000 -10
318 47 pedestrian 0 0 -10 510.34 167.64 589.46 237.13 -10 -10 -10 -100    0 -1000 -1000 -10
318 52 pedestrian 0 0 -10 576.14 158.82 678.39 195.00 -10 -10 -10 -100    0 -1000 -1000 -10
319 61 pedestrian 0 0 -10 811.09 150.52 917.88 330.07 -10 -10 -10 -100    0 -1000 -1000 -10
319 64 pedestrian 0 0 -10 770.61 156.91 855.18 327.46 -10 -10 -10 -100    0 -1000 -1000 -10
319 65 pedestrian 0 0 -10 368.65 150.06 460.13 236.26 -10 -10 -10 -100    0 -1000 -1000 -10
319 35 pedestrian 0 0 -10 946.45 143.36 1221.60 374.00 -10 -10 -10 -100    0 -1000 -1000 -10
319 62 pedestrian 0 0 -10 950.04 162.25 1037.64 374.00 -10 -10 -10 -100    0 -1000 -1000 -10
319 60 pedestrian 0 0 -10 770.18 154.13 816.26 288.59 -10 -10 -10 -100    0 -1000 -1000 -10
319 59 pedestrian 0 0 -10 621.10 162.81 685.89 348.41 -10 -10 -10 -100    0 -1000 -1000 -10
319 51 pedestrian 0 0 -10 661.29 164.21 743.15 227.30 -10 -10 -10 -100    0 -1000 -1000 -10
319 41 pedestrian 0 0 -10 454.71 149.99 500.12 274.39 -10 -10 -10 -100    0 -1000 -1000 -10
319 63 pedestrian 0 0 -10 800.32 168.78 868.90 369.20 -10 -10 -10 -100    0 -1000 -1000 -10
319 66 pedestrian 0 0 -10 712.84 154.74 760.65 300.72 -10 -10 -10 -100    0 -1000 -1000 -10
319 34 pedestrian 0 0 -10 791.89 156.30 857.16 374.00 -10 -10 -10 -100    0 -1000 -1000 -10
319 47 pedestrian 0 0 -10 508.56 167.08 587.57 237.61 -10 -10 -10 -100    0 -1000 -1000 -10
319 52 pedestrian 0 0 -10 576.12 158.49 679.77 194.61 -10 -10 -10 -100    0 -1000 -1000 -10
320 61 pedestrian 0 0 -10 808.80 150.79 911.26 332.27 -10 -10 -10 -100    0 -1000 -1000 -10
320 64 pedestrian 0 0 -10 763.45 156.90 849.23 327.19 -10 -10 -10 -100    0 -1000 -1000 -10
320 65 pedestrian 0 0 -10 363.34 150.61 455.54 236.53 -10 -10 -10 -100    0 -1000 -1000 -10
320 35 pedestrian 0 0 -10 939.43 142.48 1201.89 374.00 -10 -10 -10 -100    0 -1000 -1000 -10
320 62 pedestrian 0 0 -10 945.08 160.90 1032.23 374.00 -10 -10 -10 -100    0 -1000 -1000 -10
320 60 pedestrian 0 0 -10 764.76 153.92 809.21 288.81 -10 -10 -10 -100    0 -1000 -1000 -10
320 59 pedestrian 0 0 -10 612.91 163.17 676.17 344.57 -10 -10 -10 -100    0 -1000 -1000 -10
320 51 pedestrian 0 0 -10 657.64 164.11 740.13 227.01 -10 -10 -10 -100    0 -1000 -1000 -10
320 41 pedestrian 0 0 -10 448.42 151.36 493.54 275.91 -10 -10 -10 -100    0 -1000 -1000 -10
320 63 pedestrian 0 0 -10 799.34 171.69 871.51 369.50 -10 -10 -10 -100    0 -1000 -1000 -10
320 66 pedestrian 0 0 -10 705.36 156.91 754.07 299.90 -10 -10 -10 -100    0 -1000 -1000 -10
320 34 pedestrian 0 0 -10 788.35 155.76 854.32 374.00 -10 -10 -10 -100    0 -1000 -1000 -10
320 47 pedestrian 0 0 -10 505.98 166.72 585.95 238.01 -10 -10 -10 -100    0 -1000 -1000 -10
320 52 pedestrian 0 0 -10 575.96 158.56 679.31 194.53 -10 -10 -10 -100    0 -1000 -1000 -10
321 61 pedestrian 0 0 -10 801.39 152.87 906.97 331.39 -10 -10 -10 -100    0 -1000 -1000 -10
321 64 pedestrian 0 0 -10 755.66 158.16 841.42 328.16 -10 -10 -10 -100    0 -1000 -1000 -10
321 65 pedestrian 0 0 -10 360.22 149.82 453.95 236.14 -10 -10 -10 -100    0 -1000 -1000 -10
321 35 pedestrian 0 0 -10 932.59 140.81 1195.41 374.00 -10 -10 -10 -100    0 -1000 -1000 -10
321 62 pedestrian 0 0 -10 937.85 164.26 1019.29 374.00 -10 -10 -10 -100    0 -1000 -1000 -10
321 60 pedestrian 0 0 -10 753.75 154.07 799.71 287.38 -10 -10 -10 -100    0 -1000 -1000 -10
321 59 pedestrian 0 0 -10 603.65 161.30 666.71 344.17 -10 -10 -10 -100    0 -1000 -1000 -10
321 51 pedestrian 0 0 -10 653.56 163.30 736.12 226.53 -10 -10 -10 -100    0 -1000 -1000 -10
321 41 pedestrian 0 0 -10 443.16 150.65 488.50 277.45 -10 -10 -10 -100    0 -1000 -1000 -10
321 63 pedestrian 0 0 -10 793.59 172.40 866.24 369.79 -10 -10 -10 -100    0 -1000 -1000 -10
321 66 pedestrian 0 0 -10 702.29 156.17 749.50 297.61 -10 -10 -10 -100    0 -1000 -1000 -10
321 34 pedestrian 0 0 -10 780.83 155.33 849.68 374.00 -10 -10 -10 -100    0 -1000 -1000 -10
321 47 pedestrian 0 0 -10 502.78 166.92 583.87 238.56 -10 -10 -10 -100    0 -1000 -1000 -10
321 52 pedestrian 0 0 -10 575.37 159.08 677.79 195.53 -10 -10 -10 -100    0 -1000 -1000 -10
322 61 pedestrian 0 0 -10 792.60 152.42 899.30 328.91 -10 -10 -10 -100    0 -1000 -1000 -10
322 64 pedestrian 0 0 -10 748.77 158.21 836.04 325.51 -10 -10 -10 -100    0 -1000 -1000 -10
322 65 pedestrian 0 0 -10 357.63 150.02 452.25 236.95 -10 -10 -10 -100    0 -1000 -1000 -10
322 35 pedestrian 0 0 -10 925.14 142.09 1183.31 374.00 -10 -10 -10 -100    0 -1000 -1000 -10
322 62 pedestrian 0 0 -10 933.85 166.09 1011.03 374.00 -10 -10 -10 -100    0 -1000 -1000 -10
322 60 pedestrian 0 0 -10 744.60 154.29 792.86 285.42 -10 -10 -10 -100    0 -1000 -1000 -10
322 59 pedestrian 0 0 -10 592.90 161.82 656.80 344.01 -10 -10 -10 -100    0 -1000 -1000 -10
322 51 pedestrian 0 0 -10 652.48 163.57 734.60 226.11 -10 -10 -10 -100    0 -1000 -1000 -10
322 41 pedestrian 0 0 -10 438.62 150.91 484.11 277.60 -10 -10 -10 -100    0 -1000 -1000 -10
322 63 pedestrian 0 0 -10 796.19 168.38 856.78 364.92 -10 -10 -10 -100    0 -1000 -1000 -10
322 66 pedestrian 0 0 -10 694.46 154.88 743.96 298.06 -10 -10 -10 -100    0 -1000 -1000 -10
322 34 pedestrian 0 0 -10 772.93 155.36 842.99 374.00 -10 -10 -10 -100    0 -1000 -1000 -10
322 47 pedestrian 0 0 -10 500.49 167.20 582.02 239.16 -10 -10 -10 -100    0 -1000 -1000 -10
322 52 pedestrian 0 0 -10 576.57 158.82 681.04 194.97 -10 -10 -10 -100    0 -1000 -1000 -10
323 64 pedestrian 0 0 -10 743.27 156.93 828.96 320.76 -10 -10 -10 -100    0 -1000 -1000 -10
323 65 pedestrian 0 0 -10 351.45 149.86 448.95 237.36 -10 -10 -10 -100    0 -1000 -1000 -10
323 35 pedestrian 0 0 -10 918.55 143.64 1169.99 374.00 -10 -10 -10 -100    0 -1000 -1000 -10
323 62 pedestrian 0 0 -10 927.54 165.25 1003.58 374.00 -10 -10 -10 -100    0 -1000 -1000 -10
323 60 pedestrian 0 0 -10 737.84 153.04 782.58 286.78 -10 -10 -10 -100    0 -1000 -1000 -10
323 59 pedestrian 0 0 -10 583.03 162.06 649.57 342.56 -10 -10 -10 -100    0 -1000 -1000 -10
323 51 pedestrian 0 0 -10 649.76 162.85 735.06 226.83 -10 -10 -10 -100    0 -1000 -1000 -10
323 41 pedestrian 0 0 -10 433.90 151.06 477.66 275.48 -10 -10 -10 -100    0 -1000 -1000 -10
323 63 pedestrian 0 0 -10 788.74 169.09 849.89 360.32 -10 -10 -10 -100    0 -1000 -1000 -10
323 66 pedestrian 0 0 -10 685.39 155.33 734.62 296.26 -10 -10 -10 -100    0 -1000 -1000 -10
323 34 pedestrian 0 0 -10 765.45 155.54 835.47 374.00 -10 -10 -10 -100    0 -1000 -1000 -10
323 47 pedestrian 0 0 -10 498.50 168.51 579.78 240.02 -10 -10 -10 -100    0 -1000 -1000 -10
323 61 pedestrian 0 0 -10 786.73 152.87 891.47 327.55 -10 -10 -10 -100    0 -1000 -1000 -10
323 52 pedestrian 0 0 -10 576.14 158.57 681.51 194.16 -10 -10 -10 -100    0 -1000 -1000 -10
324 64 pedestrian 0 0 -10 738.33 156.20 825.23 320.75 -10 -10 -10 -100    0 -1000 -1000 -10
324 65 pedestrian 0 0 -10 346.49 150.72 446.23 237.52 -10 -10 -10 -100    0 -1000 -1000 -10
324 35 pedestrian 0 0 -10 910.28 143.51 1155.52 374.00 -10 -10 -10 -100    0 -1000 -1000 -10
324 62 pedestrian 0 0 -10 913.16 160.65 996.13 374.00 -10 -10 -10 -100    0 -1000 -1000 -10
324 60 pedestrian 0 0 -10 730.80 154.93 778.02 286.62 -10 -10 -10 -100    0 -1000 -1000 -10
324 59 pedestrian 0 0 -10 575.46 160.39 641.55 340.33 -10 -10 -10 -100    0 -1000 -1000 -10
324 51 pedestrian 0 0 -10 649.15 163.88 732.28 227.54 -10 -10 -10 -100    0 -1000 -1000 -10
324 41 pedestrian 0 0 -10 430.05 152.22 472.99 274.58 -10 -10 -10 -100    0 -1000 -1000 -10
324 63 pedestrian 0 0 -10 782.66 169.25 841.09 360.20 -10 -10 -10 -100    0 -1000 -1000 -10
324 66 pedestrian 0 0 -10 674.68 156.61 726.83 296.65 -10 -10 -10 -100    0 -1000 -1000 -10
324 34 pedestrian 0 0 -10 762.71 155.14 828.57 374.00 -10 -10 -10 -100    0 -1000 -1000 -10
324 47 pedestrian 0 0 -10 496.26 168.25 577.36 240.74 -10 -10 -10 -100    0 -1000 -1000 -10
324 61 pedestrian 0 0 -10 781.10 151.90 883.77 325.94 -10 -10 -10 -100    0 -1000 -1000 -10
324 52 pedestrian 0 0 -10 575.45 158.45 678.69 194.06 -10 -10 -10 -100    0 -1000 -1000 -10
325 64 pedestrian 0 0 -10 730.99 156.83 818.36 320.43 -10 -10 -10 -100    0 -1000 -1000 -10
325 65 pedestrian 0 0 -10 342.47 151.68 441.35 238.77 -10 -10 -10 -100    0 -1000 -1000 -10
325 35 pedestrian 0 0 -10 903.24 141.95 1143.40 374.00 -10 -10 -10 -100    0 -1000 -1000 -10
325 62 pedestrian 0 0 -10 903.25 161.31 988.96 374.00 -10 -10 -10 -100    0 -1000 -1000 -10
325 60 pedestrian 0 0 -10 722.23 155.43 771.53 284.49 -10 -10 -10 -100    0 -1000 -1000 -10
325 59 pedestrian 0 0 -10 569.94 159.51 636.25 338.36 -10 -10 -10 -100    0 -1000 -1000 -10
325 51 pedestrian 0 0 -10 645.48 163.36 730.95 227.13 -10 -10 -10 -100    0 -1000 -1000 -10
325 41 pedestrian 0 0 -10 425.75 154.87 469.35 274.65 -10 -10 -10 -100    0 -1000 -1000 -10
325 63 pedestrian 0 0 -10 772.27 173.01 835.12 365.20 -10 -10 -10 -100    0 -1000 -1000 -10
325 66 pedestrian 0 0 -10 668.58 156.99 719.28 295.25 -10 -10 -10 -100    0 -1000 -1000 -10
325 34 pedestrian 0 0 -10 753.94 155.52 822.00 374.00 -10 -10 -10 -100    0 -1000 -1000 -10
325 47 pedestrian 0 0 -10 493.70 168.88 575.37 241.51 -10 -10 -10 -100    0 -1000 -1000 -10
325 61 pedestrian 0 0 -10 777.05 151.32 878.29 324.05 -10 -10 -10 -100    0 -1000 -1000 -10
325 52 pedestrian 0 0 -10 576.83 157.80 678.37 193.77 -10 -10 -10 -100    0 -1000 -1000 -10
326 64 pedestrian 0 0 -10 723.93 157.44 811.19 322.67 -10 -10 -10 -100    0 -1000 -1000 -10
326 65 pedestrian 0 0 -10 339.31 151.46 436.80 239.13 -10 -10 -10 -100    0 -1000 -1000 -10
326 35 pedestrian 0 0 -10 897.46 139.26 1131.02 374.00 -10 -10 -10 -100    0 -1000 -1000 -10
326 62 pedestrian 0 0 -10 893.63 160.83 979.07 374.00 -10 -10 -10 -100    0 -1000 -1000 -10
326 60 pedestrian 0 0 -10 715.25 156.00 762.34 283.96 -10 -10 -10 -100    0 -1000 -1000 -10
326 59 pedestrian 0 0 -10 564.98 160.23 629.90 335.94 -10 -10 -10 -100    0 -1000 -1000 -10
326 51 pedestrian 0 0 -10 643.77 163.25 729.17 227.83 -10 -10 -10 -100    0 -1000 -1000 -10
326 41 pedestrian 0 0 -10 420.77 153.82 463.09 274.07 -10 -10 -10 -100    0 -1000 -1000 -10
326 63 pedestrian 0 0 -10 758.75 169.14 826.42 366.28 -10 -10 -10 -100    0 -1000 -1000 -10
326 66 pedestrian 0 0 -10 662.84 156.64 714.71 295.64 -10 -10 -10 -100    0 -1000 -1000 -10
326 34 pedestrian 0 0 -10 747.24 156.97 816.09 374.00 -10 -10 -10 -100    0 -1000 -1000 -10
326 47 pedestrian 0 0 -10 492.29 169.40 573.28 241.78 -10 -10 -10 -100    0 -1000 -1000 -10
326 61 pedestrian 0 0 -10 769.00 151.64 872.57 323.44 -10 -10 -10 -100    0 -1000 -1000 -10
326 52 pedestrian 0 0 -10 575.88 158.35 679.87 194.11 -10 -10 -10 -100    0 -1000 -1000 -10
327 64 pedestrian 0 0 -10 715.55 156.64 804.57 320.29 -10 -10 -10 -100    0 -1000 -1000 -10
327 65 pedestrian 0 0 -10 334.82 151.21 435.94 239.36 -10 -10 -10 -100    0 -1000 -1000 -10
327 35 pedestrian 0 0 -10 889.21 140.35 1114.21 374.00 -10 -10 -10 -100    0 -1000 -1000 -10
327 62 pedestrian 0 0 -10 894.19 159.04 973.38 374.00 -10 -10 -10 -100    0 -1000 -1000 -10
327 60 pedestrian 0 0 -10 708.25 152.62 754.76 283.61 -10 -10 -10 -100    0 -1000 -1000 -10
327 59 pedestrian 0 0 -10 559.19 160.04 622.71 336.61 -10 -10 -10 -100    0 -1000 -1000 -10
327 51 pedestrian 0 0 -10 641.29 162.77 727.42 226.30 -10 -10 -10 -100    0 -1000 -1000 -10
327 41 pedestrian 0 0 -10 416.83 153.75 459.36 273.92 -10 -10 -10 -100    0 -1000 -1000 -10
327 63 pedestrian 0 0 -10 747.48 171.05 818.06 362.34 -10 -10 -10 -100    0 -1000 -1000 -10
327 66 pedestrian 0 0 -10 660.59 157.42 709.20 294.32 -10 -10 -10 -100    0 -1000 -1000 -10
327 34 pedestrian 0 0 -10 740.78 157.16 807.85 374.00 -10 -10 -10 -100    0 -1000 -1000 -10
327 47 pedestrian 0 0 -10 489.16 169.35 570.90 242.20 -10 -10 -10 -100    0 -1000 -1000 -10
327 61 pedestrian 0 0 -10 760.71 151.25 863.11 322.90 -10 -10 -10 -100    0 -1000 -1000 -10
327 52 pedestrian 0 0 -10 574.54 158.29 677.34 195.04 -10 -10 -10 -100    0 -1000 -1000 -10
328 64 pedestrian 0 0 -10 712.15 156.87 797.08 315.82 -10 -10 -10 -100    0 -1000 -1000 -10
328 65 pedestrian 0 0 -10 331.78 149.84 432.61 239.34 -10 -10 -10 -100    0 -1000 -1000 -10
328 35 pedestrian 0 0 -10 886.52 141.72 1107.28 374.00 -10 -10 -10 -100    0 -1000 -1000 -10
328 62 pedestrian 0 0 -10 894.50 158.72 967.16 374.00 -10 -10 -10 -100    0 -1000 -1000 -10
328 60 pedestrian 0 0 -10 700.55 153.78 743.37 281.41 -10 -10 -10 -100    0 -1000 -1000 -10
328 59 pedestrian 0 0 -10 554.29 158.75 615.71 336.37 -10 -10 -10 -100    0 -1000 -1000 -10
328 51 pedestrian 0 0 -10 639.26 162.57 725.07 227.71 -10 -10 -10 -100    0 -1000 -1000 -10
328 41 pedestrian 0 0 -10 409.33 152.93 452.46 274.70 -10 -10 -10 -100    0 -1000 -1000 -10
328 63 pedestrian 0 0 -10 741.09 168.20 808.32 353.24 -10 -10 -10 -100    0 -1000 -1000 -10
328 66 pedestrian 0 0 -10 657.26 156.82 701.76 295.19 -10 -10 -10 -100    0 -1000 -1000 -10
328 34 pedestrian 0 0 -10 734.56 156.57 799.01 370.51 -10 -10 -10 -100    0 -1000 -1000 -10
328 47 pedestrian 0 0 -10 486.85 170.15 568.26 242.75 -10 -10 -10 -100    0 -1000 -1000 -10
328 52 pedestrian 0 0 -10 577.61 158.62 679.49 194.15 -10 -10 -10 -100    0 -1000 -1000 -10
329 64 pedestrian 0 0 -10 706.05 156.57 793.83 322.34 -10 -10 -10 -100    0 -1000 -1000 -10
329 65 pedestrian 0 0 -10 325.52 149.64 427.99 238.41 -10 -10 -10 -100    0 -1000 -1000 -10
329 35 pedestrian 0 0 -10 913.45 143.47 1078.55 374.00 -10 -10 -10 -100    0 -1000 -1000 -10
329 62 pedestrian 0 0 -10 889.85 159.28 964.98 374.00 -10 -10 -10 -100    0 -1000 -1000 -10
329 60 pedestrian 0 0 -10 692.25 154.96 735.67 281.99 -10 -10 -10 -100    0 -1000 -1000 -10
329 59 pedestrian 0 0 -10 546.07 159.58 608.55 336.18 -10 -10 -10 -100    0 -1000 -1000 -10
329 51 pedestrian 0 0 -10 635.58 163.67 722.18 228.17 -10 -10 -10 -100    0 -1000 -1000 -10
329 41 pedestrian 0 0 -10 403.08 151.53 447.24 274.43 -10 -10 -10 -100    0 -1000 -1000 -10
329 63 pedestrian 0 0 -10 729.09 167.00 800.84 354.36 -10 -10 -10 -100    0 -1000 -1000 -10
329 66 pedestrian 0 0 -10 649.92 154.95 694.46 294.26 -10 -10 -10 -100    0 -1000 -1000 -10
329 34 pedestrian 0 0 -10 720.41 155.90 788.36 372.97 -10 -10 -10 -100    0 -1000 -1000 -10
329 68 pedestrian 0 0 -10 602.46 165.11 629.20 228.10 -10 -10 -10 -100    0 -1000 -1000 -10
329 47 pedestrian 0 0 -10 484.21 170.41 568.69 243.17 -10 -10 -10 -100    0 -1000 -1000 -10
329 52 pedestrian 0 0 -10 580.04 158.68 679.91 195.24 -10 -10 -10 -100    0 -1000 -1000 -10
330 64 pedestrian 0 0 -10 698.01 157.20 781.47 318.22 -10 -10 -10 -100    0 -1000 -1000 -10
330 65 pedestrian 0 0 -10 320.98 149.08 425.31 238.66 -10 -10 -10 -100    0 -1000 -1000 -10
330 35 pedestrian 0 0 -10 934.39 143.89 1054.97 374.00 -10 -10 -10 -100    0 -1000 -1000 -10
330 62 pedestrian 0 0 -10 885.85 159.34 959.79 374.00 -10 -10 -10 -100    0 -1000 -1000 -10
330 60 pedestrian 0 0 -10 684.90 154.10 726.98 283.59 -10 -10 -10 -100    0 -1000 -1000 -10
330 59 pedestrian 0 0 -10 540.10 160.44 601.04 333.95 -10 -10 -10 -100    0 -1000 -1000 -10
330 51 pedestrian 0 0 -10 632.42 164.67 718.95 228.98 -10 -10 -10 -100    0 -1000 -1000 -10
330 41 pedestrian 0 0 -10 397.32 152.29 441.65 274.47 -10 -10 -10 -100    0 -1000 -1000 -10
330 63 pedestrian 0 0 -10 716.59 170.14 787.25 354.19 -10 -10 -10 -100    0 -1000 -1000 -10
330 66 pedestrian 0 0 -10 640.39 155.12 688.36 293.71 -10 -10 -10 -100    0 -1000 -1000 -10
330 34 pedestrian 0 0 -10 704.85 157.02 778.49 368.60 -10 -10 -10 -100    0 -1000 -1000 -10
330 68 pedestrian 0 0 -10 597.19 166.83 624.40 229.08 -10 -10 -10 -100    0 -1000 -1000 -10
330 47 pedestrian 0 0 -10 482.29 170.39 565.37 243.22 -10 -10 -10 -100    0 -1000 -1000 -10
330 52 pedestrian 0 0 -10 577.57 160.41 677.24 196.63 -10 -10 -10 -100    0 -1000 -1000 -10
331 64 pedestrian 0 0 -10 691.20 156.39 779.17 314.37 -10 -10 -10 -100    0 -1000 -1000 -10
331 65 pedestrian 0 0 -10 316.43 149.90 421.94 238.86 -10 -10 -10 -100    0 -1000 -1000 -10
331 35 pedestrian 0 0 -10 922.04 143.95 1036.89 374.00 -10 -10 -10 -100    0 -1000 -1000 -10
331 62 pedestrian 0 0 -10 880.88 162.63 956.66 374.00 -10 -10 -10 -100    0 -1000 -1000 -10
331 60 pedestrian 0 0 -10 675.77 154.72 717.97 280.45 -10 -10 -10 -100    0 -1000 -1000 -10
331 59 pedestrian 0 0 -10 530.98 160.34 593.18 331.02 -10 -10 -10 -100    0 -1000 -1000 -10
331 51 pedestrian 0 0 -10 631.63 163.77 716.49 227.61 -10 -10 -10 -100    0 -1000 -1000 -10
331 41 pedestrian 0 0 -10 393.29 153.99 434.41 273.25 -10 -10 -10 -100    0 -1000 -1000 -10
331 63 pedestrian 0 0 -10 707.89 170.33 777.91 351.35 -10 -10 -10 -100    0 -1000 -1000 -10
331 66 pedestrian 0 0 -10 633.99 154.12 682.72 294.00 -10 -10 -10 -100    0 -1000 -1000 -10
331 34 pedestrian 0 0 -10 699.42 157.27 770.49 367.10 -10 -10 -10 -100    0 -1000 -1000 -10
331 68 pedestrian 0 0 -10 592.00 165.91 619.67 229.35 -10 -10 -10 -100    0 -1000 -1000 -10
331 47 pedestrian 0 0 -10 479.74 170.19 563.89 243.64 -10 -10 -10 -100    0 -1000 -1000 -10
331 52 pedestrian 0 0 -10 573.98 159.45 677.26 196.42 -10 -10 -10 -100    0 -1000 -1000 -10
332 64 pedestrian 0 0 -10 688.39 154.62 772.74 311.63 -10 -10 -10 -100    0 -1000 -1000 -10
332 65 pedestrian 0 0 -10 313.24 150.66 420.30 239.55 -10 -10 -10 -100    0 -1000 -1000 -10
332 35 pedestrian 0 0 -10 912.15 142.41 1025.28 374.00 -10 -10 -10 -100    0 -1000 -1000 -10
332 62 pedestrian 0 0 -10 877.13 159.72 953.86 374.00 -10 -10 -10 -100    0 -1000 -1000 -10
332 60 pedestrian 0 0 -10 664.52 153.33 709.85 280.07 -10 -10 -10 -100    0 -1000 -1000 -10
332 59 pedestrian 0 0 -10 525.82 159.35 586.55 329.27 -10 -10 -10 -100    0 -1000 -1000 -10
332 51 pedestrian 0 0 -10 630.46 162.66 715.89 226.63 -10 -10 -10 -100    0 -1000 -1000 -10
332 41 pedestrian 0 0 -10 391.54 154.87 430.49 273.40 -10 -10 -10 -100    0 -1000 -1000 -10
332 63 pedestrian 0 0 -10 699.80 166.77 769.03 348.14 -10 -10 -10 -100    0 -1000 -1000 -10
332 66 pedestrian 0 0 -10 627.90 156.50 671.43 291.56 -10 -10 -10 -100    0 -1000 -1000 -10
332 34 pedestrian 0 0 -10 692.26 157.21 758.27 365.99 -10 -10 -10 -100    0 -1000 -1000 -10
332 68 pedestrian 0 0 -10 586.44 166.63 616.08 228.83 -10 -10 -10 -100    0 -1000 -1000 -10
332 47 pedestrian 0 0 -10 477.73 170.28 565.11 244.07 -10 -10 -10 -100    0 -1000 -1000 -10
332 61 pedestrian 0 0 -10 769.83 151.22 816.77 318.98 -10 -10 -10 -100    0 -1000 -1000 -10
332 52 pedestrian 0 0 -10 578.03 158.93 677.58 195.78 -10 -10 -10 -100    0 -1000 -1000 -10
333 64 pedestrian 0 0 -10 680.96 154.63 767.52 316.30 -10 -10 -10 -100    0 -1000 -1000 -10
333 65 pedestrian 0 0 -10 307.54 150.09 415.20 239.10 -10 -10 -10 -100    0 -1000 -1000 -10
333 35 pedestrian 0 0 -10 908.97 143.47 1017.34 374.00 -10 -10 -10 -100    0 -1000 -1000 -10
333 62 pedestrian 0 0 -10 870.15 159.39 946.78 374.00 -10 -10 -10 -100    0 -1000 -1000 -10
333 60 pedestrian 0 0 -10 658.00 153.69 702.05 280.61 -10 -10 -10 -100    0 -1000 -1000 -10
333 59 pedestrian 0 0 -10 521.89 160.16 579.73 329.19 -10 -10 -10 -100    0 -1000 -1000 -10
333 51 pedestrian 0 0 -10 629.56 162.91 714.49 226.42 -10 -10 -10 -100    0 -1000 -1000 -10
333 41 pedestrian 0 0 -10 386.02 153.19 425.96 273.22 -10 -10 -10 -100    0 -1000 -1000 -10
333 63 pedestrian 0 0 -10 693.86 171.45 757.66 344.85 -10 -10 -10 -100    0 -1000 -1000 -10
333 66 pedestrian 0 0 -10 617.75 155.01 661.48 290.92 -10 -10 -10 -100    0 -1000 -1000 -10
333 34 pedestrian 0 0 -10 686.49 157.62 747.72 363.83 -10 -10 -10 -100    0 -1000 -1000 -10
333 68 pedestrian 0 0 -10 581.08 167.54 610.71 229.70 -10 -10 -10 -100    0 -1000 -1000 -10
333 47 pedestrian 0 0 -10 475.48 169.74 562.67 244.10 -10 -10 -10 -100    0 -1000 -1000 -10
333 61 pedestrian 0 0 -10 762.25 153.59 810.93 318.72 -10 -10 -10 -100    0 -1000 -1000 -10
333 52 pedestrian 0 0 -10 575.35 158.31 674.28 194.65 -10 -10 -10 -100    0 -1000 -1000 -10
334 64 pedestrian 0 0 -10 675.28 153.67 762.29 315.00 -10 -10 -10 -100    0 -1000 -1000 -10
334 65 pedestrian 0 0 -10 304.48 150.14 412.42 239.13 -10 -10 -10 -100    0 -1000 -1000 -10
334 35 pedestrian 0 0 -10 907.33 145.65 1012.08 374.00 -10 -10 -10 -100    0 -1000 -1000 -10
334 62 pedestrian 0 0 -10 861.52 157.55 938.51 374.00 -10 -10 -10 -100    0 -1000 -1000 -10
334 60 pedestrian 0 0 -10 654.64 152.01 698.74 280.38 -10 -10 -10 -100    0 -1000 -1000 -10
334 59 pedestrian 0 0 -10 516.37 159.63 573.82 327.89 -10 -10 -10 -100    0 -1000 -1000 -10
334 51 pedestrian 0 0 -10 628.72 164.09 711.50 227.29 -10 -10 -10 -100    0 -1000 -1000 -10
334 41 pedestrian 0 0 -10 379.90 153.19 419.85 273.51 -10 -10 -10 -100    0 -1000 -1000 -10
334 63 pedestrian 0 0 -10 685.96 166.65 750.81 336.87 -10 -10 -10 -100    0 -1000 -1000 -10
334 66 pedestrian 0 0 -10 606.39 156.52 650.76 290.73 -10 -10 -10 -100    0 -1000 -1000 -10
334 34 pedestrian 0 0 -10 681.72 156.23 742.55 363.04 -10 -10 -10 -100    0 -1000 -1000 -10
334 68 pedestrian 0 0 -10 576.98 167.55 608.09 229.77 -10 -10 -10 -100    0 -1000 -1000 -10
334 47 pedestrian 0 0 -10 472.37 169.76 558.91 244.10 -10 -10 -10 -100    0 -1000 -1000 -10
334 61 pedestrian 0 0 -10 753.46 152.36 804.25 316.88 -10 -10 -10 -100    0 -1000 -1000 -10
334 52 pedestrian 0 0 -10 571.51 158.63 674.46 195.31 -10 -10 -10 -100    0 -1000 -1000 -10
335 64 pedestrian 0 0 -10 669.56 157.96 755.99 309.44 -10 -10 -10 -100    0 -1000 -1000 -10
335 65 pedestrian 0 0 -10 298.52 149.89 410.93 239.14 -10 -10 -10 -100    0 -1000 -1000 -10
335 35 pedestrian 0 0 -10 898.09 144.05 1000.72 374.00 -10 -10 -10 -100    0 -1000 -1000 -10
335 62 pedestrian 0 0 -10 842.99 159.59 926.91 374.00 -10 -10 -10 -100    0 -1000 -1000 -10
335 60 pedestrian 0 0 -10 649.07 150.46 693.25 274.21 -10 -10 -10 -100    0 -1000 -1000 -10
335 59 pedestrian 0 0 -10 511.65 159.84 570.07 325.74 -10 -10 -10 -100    0 -1000 -1000 -10
335 51 pedestrian 0 0 -10 621.28 162.97 706.48 223.27 -10 -10 -10 -100    0 -1000 -1000 -10
335 41 pedestrian 0 0 -10 375.97 153.08 415.27 272.36 -10 -10 -10 -100    0 -1000 -1000 -10
335 66 pedestrian 0 0 -10 597.74 155.22 643.77 290.78 -10 -10 -10 -100    0 -1000 -1000 -10
335 34 pedestrian 0 0 -10 675.64 166.08 736.71 347.59 -10 -10 -10 -100    0 -1000 -1000 -10
335 68 pedestrian 0 0 -10 569.36 165.66 601.53 228.25 -10 -10 -10 -100    0 -1000 -1000 -10
335 47 pedestrian 0 0 -10 469.57 170.14 556.32 244.74 -10 -10 -10 -100    0 -1000 -1000 -10
335 61 pedestrian 0 0 -10 743.59 152.99 796.36 316.28 -10 -10 -10 -100    0 -1000 -1000 -10
335 52 pedestrian 0 0 -10 565.72 156.83 673.80 193.67 -10 -10 -10 -100    0 -1000 -1000 -10
336 64 pedestrian 0 0 -10 665.29 157.77 747.95 310.18 -10 -10 -10 -100    0 -1000 -1000 -10
336 65 pedestrian 0 0 -10 295.62 149.46 407.40 240.30 -10 -10 -10 -100    0 -1000 -1000 -10
336 35 pedestrian 0 0 -10 892.10 141.32 997.16 374.00 -10 -10 -10 -100    0 -1000 -1000 -10
336 62 pedestrian 0 0 -10 835.55 155.61 914.27 374.00 -10 -10 -10 -100    0 -1000 -1000 -10
336 60 pedestrian 0 0 -10 641.88 152.41 689.98 274.57 -10 -10 -10 -100    0 -1000 -1000 -10
336 59 pedestrian 0 0 -10 506.04 159.21 564.77 322.57 -10 -10 -10 -100    0 -1000 -1000 -10
336 51 pedestrian 0 0 -10 620.61 162.86 706.78 221.28 -10 -10 -10 -100    0 -1000 -1000 -10
336 41 pedestrian 0 0 -10 371.17 152.57 411.41 273.32 -10 -10 -10 -100    0 -1000 -1000 -10
336 66 pedestrian 0 0 -10 588.79 157.77 637.68 289.89 -10 -10 -10 -100    0 -1000 -1000 -10
336 34 pedestrian 0 0 -10 653.43 156.42 722.92 359.75 -10 -10 -10 -100    0 -1000 -1000 -10
336 47 pedestrian 0 0 -10 467.84 169.82 556.21 244.84 -10 -10 -10 -100    0 -1000 -1000 -10
336 61 pedestrian 0 0 -10 733.42 152.34 790.14 311.68 -10 -10 -10 -100    0 -1000 -1000 -10
336 52 pedestrian 0 0 -10 563.40 157.75 671.54 195.25 -10 -10 -10 -100    0 -1000 -1000 -10
337 64 pedestrian 0 0 -10 659.92 157.60 738.87 304.33 -10 -10 -10 -100    0 -1000 -1000 -10
337 65 pedestrian 0 0 -10 287.93 148.92 403.28 240.80 -10 -10 -10 -100    0 -1000 -1000 -10
337 35 pedestrian 0 0 -10 884.79 141.97 992.56 374.00 -10 -10 -10 -100    0 -1000 -1000 -10
337 62 pedestrian 0 0 -10 822.88 157.48 898.08 374.00 -10 -10 -10 -100    0 -1000 -1000 -10
337 60 pedestrian 0 0 -10 636.51 152.81 684.83 270.46 -10 -10 -10 -100    0 -1000 -1000 -10
337 59 pedestrian 0 0 -10 500.54 159.58 558.44 322.33 -10 -10 -10 -100    0 -1000 -1000 -10
337 41 pedestrian 0 0 -10 367.26 153.49 405.00 273.30 -10 -10 -10 -100    0 -1000 -1000 -10
337 66 pedestrian 0 0 -10 582.76 155.34 633.11 289.70 -10 -10 -10 -100    0 -1000 -1000 -10
337 34 pedestrian 0 0 -10 647.74 157.42 714.43 358.88 -10 -10 -10 -100    0 -1000 -1000 -10
337 47 pedestrian 0 0 -10 465.22 169.94 553.89 244.63 -10 -10 -10 -100    0 -1000 -1000 -10
337 61 pedestrian 0 0 -10 724.73 152.05 781.27 315.11 -10 -10 -10 -100    0 -1000 -1000 -10
337 52 pedestrian 0 0 -10 561.09 156.14 671.93 196.61 -10 -10 -10 -100    0 -1000 -1000 -10
338 64 pedestrian 0 0 -10 649.94 157.19 732.22 309.17 -10 -10 -10 -100    0 -1000 -1000 -10
338 65 pedestrian 0 0 -10 284.15 149.10 401.21 240.45 -10 -10 -10 -100    0 -1000 -1000 -10
338 35 pedestrian 0 0 -10 877.68 144.47 985.14 374.00 -10 -10 -10 -100    0 -1000 -1000 -10
338 62 pedestrian 0 0 -10 816.84 158.92 886.25 374.00 -10 -10 -10 -100    0 -1000 -1000 -10
338 60 pedestrian 0 0 -10 625.94 153.71 671.64 274.18 -10 -10 -10 -100    0 -1000 -1000 -10
338 59 pedestrian 0 0 -10 496.62 158.53 553.87 322.47 -10 -10 -10 -100    0 -1000 -1000 -10
338 41 pedestrian 0 0 -10 363.78 153.51 400.75 272.91 -10 -10 -10 -100    0 -1000 -1000 -10
338 66 pedestrian 0 0 -10 578.39 153.97 627.29 289.28 -10 -10 -10 -100    0 -1000 -1000 -10
338 34 pedestrian 0 0 -10 638.35 157.06 700.90 357.46 -10 -10 -10 -100    0 -1000 -1000 -10
338 47 pedestrian 0 0 -10 463.07 169.59 549.27 245.66 -10 -10 -10 -100    0 -1000 -1000 -10
338 61 pedestrian 0 0 -10 715.12 152.28 775.72 314.95 -10 -10 -10 -100    0 -1000 -1000 -10
338 52 pedestrian 0 0 -10 554.35 156.80 665.33 196.55 -10 -10 -10 -100    0 -1000 -1000 -10
339 64 pedestrian 0 0 -10 643.21 156.20 724.32 304.04 -10 -10 -10 -100    0 -1000 -1000 -10
339 65 pedestrian 0 0 -10 277.07 147.76 398.34 238.38 -10 -10 -10 -100    0 -1000 -1000 -10
339 35 pedestrian 0 0 -10 867.00 143.42 976.86 374.00 -10 -10 -10 -100    0 -1000 -1000 -10
339 62 pedestrian 0 0 -10 810.41 159.21 879.58 374.00 -10 -10 -10 -100    0 -1000 -1000 -10
339 60 pedestrian 0 0 -10 616.40 151.35 667.69 273.92 -10 -10 -10 -100    0 -1000 -1000 -10
339 59 pedestrian 0 0 -10 488.75 154.52 548.41 323.35 -10 -10 -10 -100    0 -1000 -1000 -10
339 41 pedestrian 0 0 -10 359.10 152.30 398.13 274.30 -10 -10 -10 -100    0 -1000 -1000 -10
339 66 pedestrian 0 0 -10 572.48 153.84 619.53 288.84 -10 -10 -10 -100    0 -1000 -1000 -10
339 34 pedestrian 0 0 -10 629.84 155.37 690.65 356.22 -10 -10 -10 -100    0 -1000 -1000 -10
339 47 pedestrian 0 0 -10 460.69 169.14 549.34 246.33 -10 -10 -10 -100    0 -1000 -1000 -10
339 61 pedestrian 0 0 -10 709.97 152.96 769.77 313.47 -10 -10 -10 -100    0 -1000 -1000 -10
339 52 pedestrian 0 0 -10 553.88 156.19 664.70 197.33 -10 -10 -10 -100    0 -1000 -1000 -10
340 64 pedestrian 0 0 -10 636.40 155.69 714.58 307.43 -10 -10 -10 -100    0 -1000 -1000 -10
340 65 pedestrian 0 0 -10 272.42 147.54 394.91 240.17 -10 -10 -10 -100    0 -1000 -1000 -10
340 35 pedestrian 0 0 -10 857.25 142.81 956.62 374.00 -10 -10 -10 -100    0 -1000 -1000 -10
340 62 pedestrian 0 0 -10 791.26 156.91 871.70 374.00 -10 -10 -10 -100    0 -1000 -1000 -10
340 60 pedestrian 0 0 -10 606.32 152.12 659.40 271.55 -10 -10 -10 -100    0 -1000 -1000 -10
340 59 pedestrian 0 0 -10 478.54 156.80 540.50 321.53 -10 -10 -10 -100    0 -1000 -1000 -10
340 41 pedestrian 0 0 -10 354.79 151.54 395.57 274.32 -10 -10 -10 -100    0 -1000 -1000 -10
340 66 pedestrian 0 0 -10 564.43 153.46 612.77 288.19 -10 -10 -10 -100    0 -1000 -1000 -10
340 34 pedestrian 0 0 -10 616.36 155.83 680.22 358.28 -10 -10 -10 -100    0 -1000 -1000 -10
340 47 pedestrian 0 0 -10 458.13 167.92 546.93 244.28 -10 -10 -10 -100    0 -1000 -1000 -10
340 61 pedestrian 0 0 -10 703.47 150.80 763.35 312.65 -10 -10 -10 -100    0 -1000 -1000 -10
340 52 pedestrian 0 0 -10 534.25 151.98 659.42 197.67 -10 -10 -10 -100    0 -1000 -1000 -10
341 64 pedestrian 0 0 -10 629.41 153.76 698.82 313.40 -10 -10 -10 -100    0 -1000 -1000 -10
341 65 pedestrian 0 0 -10 267.51 147.15 391.66 240.89 -10 -10 -10 -100    0 -1000 -1000 -10
341 35 pedestrian 0 0 -10 847.65 142.49 944.26 374.00 -10 -10 -10 -100    0 -1000 -1000 -10
341 62 pedestrian 0 0 -10 778.66 158.17 859.33 374.00 -10 -10 -10 -100    0 -1000 -1000 -10
341 60 pedestrian 0 0 -10 594.47 151.62 655.88 270.67 -10 -10 -10 -100    0 -1000 -1000 -10
341 59 pedestrian 0 0 -10 469.46 159.39 533.80 319.53 -10 -10 -10 -100    0 -1000 -1000 -10
341 41 pedestrian 0 0 -10 349.69 151.59 391.28 273.79 -10 -10 -10 -100    0 -1000 -1000 -10
341 63 pedestrian 0 0 -10 617.04 159.57 683.75 332.15 -10 -10 -10 -100    0 -1000 -1000 -10
341 66 pedestrian 0 0 -10 556.26 151.04 606.14 288.72 -10 -10 -10 -100    0 -1000 -1000 -10
341 34 pedestrian 0 0 -10 604.82 156.12 672.47 354.78 -10 -10 -10 -100    0 -1000 -1000 -10
341 47 pedestrian 0 0 -10 455.90 168.96 545.59 244.10 -10 -10 -10 -100    0 -1000 -1000 -10
341 61 pedestrian 0 0 -10 697.91 153.93 754.56 312.04 -10 -10 -10 -100    0 -1000 -1000 -10
341 52 pedestrian 0 0 -10 534.00 152.40 656.69 196.76 -10 -10 -10 -100    0 -1000 -1000 -10
342 65 pedestrian 0 0 -10 266.89 148.38 388.28 241.15 -10 -10 -10 -100    0 -1000 -1000 -10
342 35 pedestrian 0 0 -10 831.27 144.56 938.03 374.00 -10 -10 -10 -100    0 -1000 -1000 -10
342 62 pedestrian 0 0 -10 773.27 164.58 847.46 374.00 -10 -10 -10 -100    0 -1000 -1000 -10
342 60 pedestrian 0 0 -10 577.90 152.17 645.94 271.67 -10 -10 -10 -100    0 -1000 -1000 -10
342 59 pedestrian 0 0 -10 461.34 159.37 528.18 320.02 -10 -10 -10 -100    0 -1000 -1000 -10
342 41 pedestrian 0 0 -10 346.08 153.17 387.26 270.39 -10 -10 -10 -100    0 -1000 -1000 -10
342 63 pedestrian 0 0 -10 610.65 161.23 670.39 321.92 -10 -10 -10 -100    0 -1000 -1000 -10
342 66 pedestrian 0 0 -10 548.85 153.18 598.65 288.44 -10 -10 -10 -100    0 -1000 -1000 -10
342 34 pedestrian 0 0 -10 595.90 158.11 662.30 354.57 -10 -10 -10 -100    0 -1000 -1000 -10
342 47 pedestrian 0 0 -10 453.40 167.57 543.30 244.81 -10 -10 -10 -100    0 -1000 -1000 -10
342 61 pedestrian 0 0 -10 689.27 152.19 746.79 310.26 -10 -10 -10 -100    0 -1000 -1000 -10
342 52 pedestrian 0 0 -10 534.68 152.54 660.32 199.96 -10 -10 -10 -100    0 -1000 -1000 -10
343 65 pedestrian 0 0 -10 264.23 149.19 385.50 241.88 -10 -10 -10 -100    0 -1000 -1000 -10
343 35 pedestrian 0 0 -10 814.69 147.90 930.61 374.00 -10 -10 -10 -100    0 -1000 -1000 -10
343 62 pedestrian 0 0 -10 761.66 163.07 829.93 374.00 -10 -10 -10 -100    0 -1000 -1000 -10
343 60 pedestrian 0 0 -10 572.38 150.55 640.26 271.73 -10 -10 -10 -100    0 -1000 -1000 -10
343 59 pedestrian 0 0 -10 459.70 157.95 520.87 319.42 -10 -10 -10 -100    0 -1000 -1000 -10
343 41 pedestrian 0 0 -10 340.58 153.42 385.09 269.70 -10 -10 -10 -100    0 -1000 -1000 -10
343 63 pedestrian 0 0 -10 595.36 164.64 657.97 321.77 -10 -10 -10 -100    0 -1000 -1000 -10
343 66 pedestrian 0 0 -10 541.32 153.29 593.40 287.78 -10 -10 -10 -100    0 -1000 -1000 -10
343 34 pedestrian 0 0 -10 590.12 156.13 652.34 354.90 -10 -10 -10 -100    0 -1000 -1000 -10
343 47 pedestrian 0 0 -10 450.98 167.58 541.06 245.62 -10 -10 -10 -100    0 -1000 -1000 -10
343 61 pedestrian 0 0 -10 680.42 153.20 738.17 309.89 -10 -10 -10 -100    0 -1000 -1000 -10
343 52 pedestrian 0 0 -10 531.45 149.60 656.80 197.30 -10 -10 -10 -100    0 -1000 -1000 -10
344 65 pedestrian 0 0 -10 262.42 149.19 386.55 248.81 -10 -10 -10 -100    0 -1000 -1000 -10
344 35 pedestrian 0 0 -10 802.47 150.40 906.35 374.00 -10 -10 -10 -100    0 -1000 -1000 -10
344 62 pedestrian 0 0 -10 747.91 160.52 818.62 373.05 -10 -10 -10 -100    0 -1000 -1000 -10
344 60 pedestrian 0 0 -10 566.29 148.71 635.52 270.75 -10 -10 -10 -100    0 -1000 -1000 -10
344 59 pedestrian 0 0 -10 454.15 158.77 512.23 319.72 -10 -10 -10 -100    0 -1000 -1000 -10
344 41 pedestrian 0 0 -10 327.72 153.43 388.52 266.45 -10 -10 -10 -100    0 -1000 -1000 -10
344 66 pedestrian 0 0 -10 533.77 151.55 583.66 288.64 -10 -10 -10 -100    0 -1000 -1000 -10
344 34 pedestrian 0 0 -10 581.36 155.96 640.00 352.28 -10 -10 -10 -100    0 -1000 -1000 -10
344 47 pedestrian 0 0 -10 448.93 167.93 539.71 247.02 -10 -10 -10 -100    0 -1000 -1000 -10
344 61 pedestrian 0 0 -10 673.07 155.58 729.33 312.24 -10 -10 -10 -100    0 -1000 -1000 -10
344 52 pedestrian 0 0 -10 523.73 146.98 653.67 195.58 -10 -10 -10 -100    0 -1000 -1000 -10
345 64 pedestrian 0 0 -10 619.50 155.70 663.38 304.80 -10 -10 -10 -100    0 -1000 -1000 -10
345 65 pedestrian 0 0 -10 282.23 150.94 391.51 260.82 -10 -10 -10 -100    0 -1000 -1000 -10
345 35 pedestrian 0 0 -10 787.55 148.24 879.39 374.00 -10 -10 -10 -100    0 -1000 -1000 -10
345 62 pedestrian 0 0 -10 737.55 160.42 805.55 368.41 -10 -10 -10 -100    0 -1000 -1000 -10
345 60 pedestrian 0 0 -10 559.69 149.63 625.77 269.09 -10 -10 -10 -100    0 -1000 -1000 -10
345 59 pedestrian 0 0 -10 449.01 159.94 501.28 317.82 -10 -10 -10 -100    0 -1000 -1000 -10
345 66 pedestrian 0 0 -10 526.48 155.24 574.68 288.38 -10 -10 -10 -100    0 -1000 -1000 -10
345 34 pedestrian 0 0 -10 570.23 157.84 629.88 352.29 -10 -10 -10 -100    0 -1000 -1000 -10
345 47 pedestrian 0 0 -10 444.97 168.53 536.82 247.12 -10 -10 -10 -100    0 -1000 -1000 -10
345 61 pedestrian 0 0 -10 665.14 157.82 721.25 311.89 -10 -10 -10 -100    0 -1000 -1000 -10
345 52 pedestrian 0 0 -10 520.87 148.37 648.91 193.09 -10 -10 -10 -100    0 -1000 -1000 -10
346 64 pedestrian 0 0 -10 613.21 156.10 661.06 305.40 -10 -10 -10 -100    0 -1000 -1000 -10
346 65 pedestrian 0 0 -10 278.22 151.41 387.87 259.36 -10 -10 -10 -100    0 -1000 -1000 -10
346 35 pedestrian 0 0 -10 767.54 147.91 850.25 374.00 -10 -10 -10 -100    0 -1000 -1000 -10
346 62 pedestrian 0 0 -10 723.03 161.54 794.68 370.50 -10 -10 -10 -100    0 -1000 -1000 -10
346 60 pedestrian 0 0 -10 550.37 150.22 618.28 269.39 -10 -10 -10 -100    0 -1000 -1000 -10
346 59 pedestrian 0 0 -10 440.57 159.92 492.69 315.54 -10 -10 -10 -100    0 -1000 -1000 -10
346 66 pedestrian 0 0 -10 519.53 155.20 569.27 288.46 -10 -10 -10 -100    0 -1000 -1000 -10
346 34 pedestrian 0 0 -10 559.98 157.83 622.85 352.48 -10 -10 -10 -100    0 -1000 -1000 -10
346 47 pedestrian 0 0 -10 442.37 168.93 533.13 246.92 -10 -10 -10 -100    0 -1000 -1000 -10
346 61 pedestrian 0 0 -10 659.72 156.99 714.77 312.12 -10 -10 -10 -100    0 -1000 -1000 -10
346 52 pedestrian 0 0 -10 518.41 148.40 646.23 190.16 -10 -10 -10 -100    0 -1000 -1000 -10
347 64 pedestrian 0 0 -10 599.36 156.72 648.23 304.22 -10 -10 -10 -100    0 -1000 -1000 -10
347 65 pedestrian 0 0 -10 272.51 151.82 384.78 260.17 -10 -10 -10 -100    0 -1000 -1000 -10
347 35 pedestrian 0 0 -10 755.68 148.58 845.24 374.00 -10 -10 -10 -100    0 -1000 -1000 -10
347 62 pedestrian 0 0 -10 716.18 161.32 783.09 368.00 -10 -10 -10 -100    0 -1000 -1000 -10
347 60 pedestrian 0 0 -10 542.48 149.92 608.30 272.32 -10 -10 -10 -100    0 -1000 -1000 -10
347 59 pedestrian 0 0 -10 432.91 163.65 485.11 317.68 -10 -10 -10 -100    0 -1000 -1000 -10
347 66 pedestrian 0 0 -10 513.79 154.79 560.63 288.03 -10 -10 -10 -100    0 -1000 -1000 -10
347 34 pedestrian 0 0 -10 547.76 157.66 611.75 353.64 -10 -10 -10 -100    0 -1000 -1000 -10
347 47 pedestrian 0 0 -10 440.69 168.63 528.85 247.76 -10 -10 -10 -100    0 -1000 -1000 -10
347 61 pedestrian 0 0 -10 650.77 156.74 705.62 311.46 -10 -10 -10 -100    0 -1000 -1000 -10
347 52 pedestrian 0 0 -10 516.43 148.42 646.35 189.06 -10 -10 -10 -100    0 -1000 -1000 -10
348 65 pedestrian 0 0 -10 267.39 151.76 381.27 261.11 -10 -10 -10 -100    0 -1000 -1000 -10
348 35 pedestrian 0 0 -10 741.83 150.25 841.59 374.00 -10 -10 -10 -100    0 -1000 -1000 -10
348 62 pedestrian 0 0 -10 707.40 160.94 768.52 366.00 -10 -10 -10 -100    0 -1000 -1000 -10
348 60 pedestrian 0 0 -10 536.12 150.89 603.27 269.36 -10 -10 -10 -100    0 -1000 -1000 -10
348 59 pedestrian 0 0 -10 424.49 160.78 478.72 319.76 -10 -10 -10 -100    0 -1000 -1000 -10
348 66 pedestrian 0 0 -10 508.85 156.11 553.55 288.85 -10 -10 -10 -100    0 -1000 -1000 -10
348 64 pedestrian 0 0 -10 587.31 154.82 639.45 300.67 -10 -10 -10 -100    0 -1000 -1000 -10
348 34 pedestrian 0 0 -10 541.14 160.03 602.16 352.23 -10 -10 -10 -100    0 -1000 -1000 -10
348 47 pedestrian 0 0 -10 434.29 168.64 526.92 248.35 -10 -10 -10 -100    0 -1000 -1000 -10
348 61 pedestrian 0 0 -10 642.80 156.90 696.80 309.49 -10 -10 -10 -100    0 -1000 -1000 -10
348 52 pedestrian 0 0 -10 513.99 147.66 645.23 188.78 -10 -10 -10 -100    0 -1000 -1000 -10
349 65 pedestrian 0 0 -10 262.56 151.62 377.01 261.86 -10 -10 -10 -100    0 -1000 -1000 -10
349 35 pedestrian 0 0 -10 725.07 147.68 818.03 374.00 -10 -10 -10 -100    0 -1000 -1000 -10
349 62 pedestrian 0 0 -10 685.90 160.16 751.91 360.76 -10 -10 -10 -100    0 -1000 -1000 -10
349 60 pedestrian 0 0 -10 532.23 150.80 599.08 271.30 -10 -10 -10 -100    0 -1000 -1000 -10
349 59 pedestrian 0 0 -10 415.59 163.23 467.26 318.54 -10 -10 -10 -100    0 -1000 -1000 -10
349 63 pedestrian 0 0 -10 535.04 166.89 590.79 324.28 -10 -10 -10 -100    0 -1000 -1000 -10
349 66 pedestrian 0 0 -10 502.87 155.69 545.09 288.79 -10 -10 -10 -100    0 -1000 -1000 -10
349 64 pedestrian 0 0 -10 583.51 153.83 630.13 300.16 -10 -10 -10 -100    0 -1000 -1000 -10
349 34 pedestrian 0 0 -10 529.06 158.95 587.21 352.07 -10 -10 -10 -100    0 -1000 -1000 -10
349 47 pedestrian 0 0 -10 429.51 169.12 529.22 249.20 -10 -10 -10 -100    0 -1000 -1000 -10
349 61 pedestrian 0 0 -10 636.32 156.41 689.97 309.15 -10 -10 -10 -100    0 -1000 -1000 -10
349 52 pedestrian 0 0 -10 511.77 147.89 644.85 188.43 -10 -10 -10 -100    0 -1000 -1000 -10
350 65 pedestrian 0 0 -10 256.48 151.00 372.81 264.22 -10 -10 -10 -100    0 -1000 -1000 -10
350 35 pedestrian 0 0 -10 716.02 148.45 802.90 374.00 -10 -10 -10 -100    0 -1000 -1000 -10
350 62 pedestrian 0 0 -10 671.43 155.56 740.66 361.12 -10 -10 -10 -100    0 -1000 -1000 -10
350 60 pedestrian 0 0 -10 520.25 151.97 591.23 270.69 -10 -10 -10 -100    0 -1000 -1000 -10
350 59 pedestrian 0 0 -10 404.96 164.01 456.96 319.13 -10 -10 -10 -100    0 -1000 -1000 -10
350 66 pedestrian 0 0 -10 494.72 156.47 536.19 287.78 -10 -10 -10 -100    0 -1000 -1000 -10
350 64 pedestrian 0 0 -10 576.50 153.02 626.77 305.89 -10 -10 -10 -100    0 -1000 -1000 -10
350 34 pedestrian 0 0 -10 517.98 157.26 576.70 350.80 -10 -10 -10 -100    0 -1000 -1000 -10
350 47 pedestrian 0 0 -10 427.60 169.16 523.16 250.65 -10 -10 -10 -100    0 -1000 -1000 -10
350 61 pedestrian 0 0 -10 626.54 156.37 681.47 308.92 -10 -10 -10 -100    0 -1000 -1000 -10
350 52 pedestrian 0 0 -10 509.68 147.96 640.39 188.28 -10 -10 -10 -100    0 -1000 -1000 -10
351 65 pedestrian 0 0 -10 249.06 151.05 367.99 264.22 -10 -10 -10 -100    0 -1000 -1000 -10
351 35 pedestrian 0 0 -10 706.87 149.05 783.36 374.00 -10 -10 -10 -100    0 -1000 -1000 -10
351 62 pedestrian 0 0 -10 658.24 161.73 718.93 357.74 -10 -10 -10 -100    0 -1000 -1000 -10
351 60 pedestrian 0 0 -10 507.07 149.61 580.17 274.41 -10 -10 -10 -100    0 -1000 -1000 -10
351 59 pedestrian 0 0 -10 393.87 161.92 447.41 321.14 -10 -10 -10 -100    0 -1000 -1000 -10
351 66 pedestrian 0 0 -10 483.81 157.89 525.20 286.24 -10 -10 -10 -100    0 -1000 -1000 -10
351 64 pedestrian 0 0 -10 568.52 154.39 618.09 305.50 -10 -10 -10 -100    0 -1000 -1000 -10
351 34 pedestrian 0 0 -10 504.82 160.03 568.50 352.92 -10 -10 -10 -100    0 -1000 -1000 -10
351 47 pedestrian 0 0 -10 418.33 169.45 515.55 251.06 -10 -10 -10 -100    0 -1000 -1000 -10
351 61 pedestrian 0 0 -10 617.79 157.27 674.81 309.74 -10 -10 -10 -100    0 -1000 -1000 -10
351 52 pedestrian 0 0 -10 506.08 147.67 637.02 190.39 -10 -10 -10 -100    0 -1000 -1000 -10
352 65 pedestrian 0 0 -10 239.36 151.63 363.34 266.29 -10 -10 -10 -100    0 -1000 -1000 -10
352 35 pedestrian 0 0 -10 689.04 149.30 779.09 374.00 -10 -10 -10 -100    0 -1000 -1000 -10
352 62 pedestrian 0 0 -10 652.59 161.04 726.51 372.32 -10 -10 -10 -100    0 -1000 -1000 -10
352 60 pedestrian 0 0 -10 500.54 150.67 575.17 275.49 -10 -10 -10 -100    0 -1000 -1000 -10
352 59 pedestrian 0 0 -10 384.68 161.54 439.57 321.85 -10 -10 -10 -100    0 -1000 -1000 -10
352 66 pedestrian 0 0 -10 477.22 158.87 520.09 286.33 -10 -10 -10 -100    0 -1000 -1000 -10
352 64 pedestrian 0 0 -10 559.39 153.54 611.30 305.72 -10 -10 -10 -100    0 -1000 -1000 -10
352 34 pedestrian 0 0 -10 492.86 158.82 556.59 352.60 -10 -10 -10 -100    0 -1000 -1000 -10
352 47 pedestrian 0 0 -10 417.02 170.58 510.58 249.87 -10 -10 -10 -100    0 -1000 -1000 -10
352 61 pedestrian 0 0 -10 608.76 156.80 666.12 309.46 -10 -10 -10 -100    0 -1000 -1000 -10
352 52 pedestrian 0 0 -10 502.51 148.03 631.87 188.80 -10 -10 -10 -100    0 -1000 -1000 -10
353 65 pedestrian 0 0 -10 233.15 152.55 359.26 267.62 -10 -10 -10 -100    0 -1000 -1000 -10
353 35 pedestrian 0 0 -10 666.42 149.84 768.88 374.00 -10 -10 -10 -100    0 -1000 -1000 -10
353 62 pedestrian 0 0 -10 625.47 164.03 722.03 372.84 -10 -10 -10 -100    0 -1000 -1000 -10
353 60 pedestrian 0 0 -10 494.71 152.83 566.69 275.71 -10 -10 -10 -100    0 -1000 -1000 -10
353 59 pedestrian 0 0 -10 374.51 163.70 425.68 321.70 -10 -10 -10 -100    0 -1000 -1000 -10
353 63 pedestrian 0 0 -10 489.66 166.80 548.82 324.28 -10 -10 -10 -100    0 -1000 -1000 -10
353 64 pedestrian 0 0 -10 551.42 154.44 601.44 304.59 -10 -10 -10 -100    0 -1000 -1000 -10
353 34 pedestrian 0 0 -10 481.05 158.66 544.51 354.55 -10 -10 -10 -100    0 -1000 -1000 -10
353 47 pedestrian 0 0 -10 414.69 171.04 510.61 251.40 -10 -10 -10 -100    0 -1000 -1000 -10
353 61 pedestrian 0 0 -10 599.11 157.16 653.24 309.97 -10 -10 -10 -100    0 -1000 -1000 -10
353 52 pedestrian 0 0 -10 498.30 148.21 625.82 188.78 -10 -10 -10 -100    0 -1000 -1000 -10
354 65 pedestrian 0 0 -10 225.19 152.63 353.74 268.36 -10 -10 -10 -100    0 -1000 -1000 -10
354 35 pedestrian 0 0 -10 653.92 148.81 747.77 374.00 -10 -10 -10 -100    0 -1000 -1000 -10
354 62 pedestrian 0 0 -10 617.58 163.54 705.93 363.58 -10 -10 -10 -100    0 -1000 -1000 -10
354 60 pedestrian 0 0 -10 495.47 154.34 562.98 276.73 -10 -10 -10 -100    0 -1000 -1000 -10
354 59 pedestrian 0 0 -10 365.32 165.57 416.91 322.33 -10 -10 -10 -100    0 -1000 -1000 -10
354 63 pedestrian 0 0 -10 479.83 170.56 537.20 324.76 -10 -10 -10 -100    0 -1000 -1000 -10
354 64 pedestrian 0 0 -10 540.81 157.63 590.95 300.21 -10 -10 -10 -100    0 -1000 -1000 -10
354 34 pedestrian 0 0 -10 471.82 160.88 530.46 353.43 -10 -10 -10 -100    0 -1000 -1000 -10
354 68 pedestrian 0 0 -10 454.29 157.07 497.77 293.25 -10 -10 -10 -100    0 -1000 -1000 -10
354 47 pedestrian 0 0 -10 413.44 171.01 513.12 251.52 -10 -10 -10 -100    0 -1000 -1000 -10
354 61 pedestrian 0 0 -10 591.79 157.66 641.41 306.65 -10 -10 -10 -100    0 -1000 -1000 -10
354 52 pedestrian 0 0 -10 494.28 148.56 621.82 187.47 -10 -10 -10 -100    0 -1000 -1000 -10
355 65 pedestrian 0 0 -10 215.43 150.44 348.30 269.99 -10 -10 -10 -100    0 -1000 -1000 -10
355 35 pedestrian 0 0 -10 646.36 148.17 724.96 374.00 -10 -10 -10 -100    0 -1000 -1000 -10
355 62 pedestrian 0 0 -10 600.10 158.17 701.39 363.06 -10 -10 -10 -100    0 -1000 -1000 -10
355 60 pedestrian 0 0 -10 484.14 154.17 555.11 273.94 -10 -10 -10 -100    0 -1000 -1000 -10
355 59 pedestrian 0 0 -10 357.14 164.20 408.21 321.46 -10 -10 -10 -100    0 -1000 -1000 -10
355 63 pedestrian 0 0 -10 471.36 169.05 525.93 324.13 -10 -10 -10 -100    0 -1000 -1000 -10
355 64 pedestrian 0 0 -10 530.93 156.80 582.88 303.90 -10 -10 -10 -100    0 -1000 -1000 -10
355 34 pedestrian 0 0 -10 459.77 158.04 519.39 353.02 -10 -10 -10 -100    0 -1000 -1000 -10
355 68 pedestrian 0 0 -10 436.82 156.01 480.41 290.13 -10 -10 -10 -100    0 -1000 -1000 -10
355 47 pedestrian 0 0 -10 409.00 170.66 510.28 254.15 -10 -10 -10 -100    0 -1000 -1000 -10
355 61 pedestrian 0 0 -10 583.70 156.06 633.73 307.48 -10 -10 -10 -100    0 -1000 -1000 -10
355 52 pedestrian 0 0 -10 490.97 147.27 617.16 185.15 -10 -10 -10 -100    0 -1000 -1000 -10
356 65 pedestrian 0 0 -10 206.68 151.10 341.24 271.26 -10 -10 -10 -100    0 -1000 -1000 -10
356 35 pedestrian 0 0 -10 626.52 147.61 702.70 374.00 -10 -10 -10 -100    0 -1000 -1000 -10
356 62 pedestrian 0 0 -10 579.51 154.34 685.27 364.23 -10 -10 -10 -100    0 -1000 -1000 -10
356 60 pedestrian 0 0 -10 474.27 153.16 549.30 274.10 -10 -10 -10 -100    0 -1000 -1000 -10
356 59 pedestrian 0 0 -10 346.40 163.05 398.01 322.21 -10 -10 -10 -100    0 -1000 -1000 -10
356 63 pedestrian 0 0 -10 458.68 167.38 515.76 324.26 -10 -10 -10 -100    0 -1000 -1000 -10
356 64 pedestrian 0 0 -10 521.50 154.71 573.92 303.46 -10 -10 -10 -100    0 -1000 -1000 -10
356 34 pedestrian 0 0 -10 448.05 158.94 512.04 353.63 -10 -10 -10 -100    0 -1000 -1000 -10
356 68 pedestrian 0 0 -10 425.52 157.76 471.47 290.81 -10 -10 -10 -100    0 -1000 -1000 -10
356 47 pedestrian 0 0 -10 403.42 170.96 507.85 256.82 -10 -10 -10 -100    0 -1000 -1000 -10
356 61 pedestrian 0 0 -10 574.22 156.32 622.05 308.32 -10 -10 -10 -100    0 -1000 -1000 -10
356 52 pedestrian 0 0 -10 490.38 146.92 614.93 185.02 -10 -10 -10 -100    0 -1000 -1000 -10
357 65 pedestrian 0 0 -10 196.43 151.67 336.82 272.95 -10 -10 -10 -100    0 -1000 -1000 -10
357 35 pedestrian 0 0 -10 606.37 148.96 691.73 374.00 -10 -10 -10 -100    0 -1000 -1000 -10
357 62 pedestrian 0 0 -10 568.41 161.26 681.43 374.00 -10 -10 -10 -100    0 -1000 -1000 -10
357 60 pedestrian 0 0 -10 469.50 153.72 535.10 273.85 -10 -10 -10 -100    0 -1000 -1000 -10
357 59 pedestrian 0 0 -10 334.98 161.91 387.72 321.97 -10 -10 -10 -100    0 -1000 -1000 -10
357 63 pedestrian 0 0 -10 447.52 169.77 507.54 322.74 -10 -10 -10 -100    0 -1000 -1000 -10
357 64 pedestrian 0 0 -10 513.54 155.87 566.58 305.00 -10 -10 -10 -100    0 -1000 -1000 -10
357 34 pedestrian 0 0 -10 436.69 163.51 501.06 355.13 -10 -10 -10 -100    0 -1000 -1000 -10
357 68 pedestrian 0 0 -10 419.26 159.33 462.96 294.77 -10 -10 -10 -100    0 -1000 -1000 -10
357 47 pedestrian 0 0 -10 399.35 171.64 503.04 257.69 -10 -10 -10 -100    0 -1000 -1000 -10
357 61 pedestrian 0 0 -10 565.44 157.50 616.68 311.41 -10 -10 -10 -100    0 -1000 -1000 -10
357 52 pedestrian 0 0 -10 488.12 147.52 614.12 187.31 -10 -10 -10 -100    0 -1000 -1000 -10
358 65 pedestrian 0 0 -10 187.02 153.12 327.31 274.52 -10 -10 -10 -100    0 -1000 -1000 -10
358 35 pedestrian 0 0 -10 585.45 151.95 675.35 374.00 -10 -10 -10 -100    0 -1000 -1000 -10
358 62 pedestrian 0 0 -10 552.91 164.47 656.28 368.00 -10 -10 -10 -100    0 -1000 -1000 -10
358 60 pedestrian 0 0 -10 465.63 156.98 523.40 275.02 -10 -10 -10 -100    0 -1000 -1000 -10
358 59 pedestrian 0 0 -10 320.39 163.07 375.57 321.60 -10 -10 -10 -100    0 -1000 -1000 -10
358 63 pedestrian 0 0 -10 437.78 170.59 491.39 328.08 -10 -10 -10 -100    0 -1000 -1000 -10
358 64 pedestrian 0 0 -10 503.40 156.49 554.21 304.88 -10 -10 -10 -100    0 -1000 -1000 -10
358 34 pedestrian 0 0 -10 426.13 160.18 487.90 357.20 -10 -10 -10 -100    0 -1000 -1000 -10
358 47 pedestrian 0 0 -10 391.11 171.57 501.35 262.12 -10 -10 -10 -100    0 -1000 -1000 -10
358 61 pedestrian 0 0 -10 554.29 156.92 609.38 310.64 -10 -10 -10 -100    0 -1000 -1000 -10
358 52 pedestrian 0 0 -10 486.07 148.91 610.55 187.96 -10 -10 -10 -100    0 -1000 -1000 -10
359 65 pedestrian 0 0 -10 178.06 154.21 320.26 278.67 -10 -10 -10 -100    0 -1000 -1000 -10
359 35 pedestrian 0 0 -10 569.13 151.89 655.23 374.00 -10 -10 -10 -100    0 -1000 -1000 -10
359 62 pedestrian 0 0 -10 536.86 165.59 642.30 363.81 -10 -10 -10 -100    0 -1000 -1000 -10
359 60 pedestrian 0 0 -10 461.63 161.84 509.02 274.79 -10 -10 -10 -100    0 -1000 -1000 -10
359 59 pedestrian 0 0 -10 309.72 165.45 364.63 325.19 -10 -10 -10 -100    0 -1000 -1000 -10
359 63 pedestrian 0 0 -10 421.27 172.00 478.14 333.69 -10 -10 -10 -100    0 -1000 -1000 -10
359 64 pedestrian 0 0 -10 495.70 157.14 544.74 304.99 -10 -10 -10 -100    0 -1000 -1000 -10
359 34 pedestrian 0 0 -10 411.36 163.04 471.81 357.13 -10 -10 -10 -100    0 -1000 -1000 -10
359 47 pedestrian 0 0 -10 391.35 172.50 498.43 260.63 -10 -10 -10 -100    0 -1000 -1000 -10
359 61 pedestrian 0 0 -10 542.00 157.08 604.24 314.97 -10 -10 -10 -100    0 -1000 -1000 -10
359 52 pedestrian 0 0 -10 483.10 148.03 607.49 190.11 -10 -10 -10 -100    0 -1000 -1000 -10
360 65 pedestrian 0 0 -10 168.49 153.71 315.14 281.34 -10 -10 -10 -100    0 -1000 -1000 -10
360 35 pedestrian 0 0 -10 556.82 152.81 633.82 374.00 -10 -10 -10 -100    0 -1000 -1000 -10
360 59 pedestrian 0 0 -10 296.86 164.64 353.47 326.24 -10 -10 -10 -100    0 -1000 -1000 -10
360 63 pedestrian 0 0 -10 411.43 172.48 466.44 334.12 -10 -10 -10 -100    0 -1000 -1000 -10
360 64 pedestrian 0 0 -10 486.86 157.93 537.40 308.02 -10 -10 -10 -100    0 -1000 -1000 -10
360 34 pedestrian 0 0 -10 395.95 162.03 456.99 359.35 -10 -10 -10 -100    0 -1000 -1000 -10
360 47 pedestrian 0 0 -10 391.28 173.25 497.64 261.61 -10 -10 -10 -100    0 -1000 -1000 -10
360 61 pedestrian 0 0 -10 526.94 156.09 610.18 327.40 -10 -10 -10 -100    0 -1000 -1000 -10
360 52 pedestrian 0 0 -10 480.42 147.07 604.01 193.91 -10 -10 -10 -100    0 -1000 -1000 -10
361 65 pedestrian 0 0 -10 155.61 155.38 314.11 284.80 -10 -10 -10 -100    0 -1000 -1000 -10
361 35 pedestrian 0 0 -10 536.50 154.29 622.12 374.00 -10 -10 -10 -100    0 -1000 -1000 -10
361 59 pedestrian 0 0 -10 285.15 166.59 339.88 325.49 -10 -10 -10 -100    0 -1000 -1000 -10
361 63 pedestrian 0 0 -10 400.81 174.34 454.47 333.14 -10 -10 -10 -100    0 -1000 -1000 -10
361 64 pedestrian 0 0 -10 477.48 158.58 527.10 311.25 -10 -10 -10 -100    0 -1000 -1000 -10
361 34 pedestrian 0 0 -10 382.63 165.41 445.72 364.03 -10 -10 -10 -100    0 -1000 -1000 -10
361 47 pedestrian 0 0 -10 385.08 173.76 492.15 264.03 -10 -10 -10 -100    0 -1000 -1000 -10
361 61 pedestrian 0 0 -10 512.73 155.68 595.90 308.87 -10 -10 -10 -100    0 -1000 -1000 -10
361 52 pedestrian 0 0 -10 477.45 146.40 603.26 198.56 -10 -10 -10 -100    0 -1000 -1000 -10
362 65 pedestrian 0 0 -10 146.23 156.07 309.59 285.95 -10 -10 -10 -100    0 -1000 -1000 -10
362 35 pedestrian 0 0 -10 517.87 152.78 611.49 374.00 -10 -10 -10 -100    0 -1000 -1000 -10
362 59 pedestrian 0 0 -10 275.01 166.67 329.82 330.07 -10 -10 -10 -100    0 -1000 -1000 -10
362 63 pedestrian 0 0 -10 390.37 170.66 442.81 332.26 -10 -10 -10 -100    0 -1000 -1000 -10
362 64 pedestrian 0 0 -10 465.18 161.26 519.71 312.84 -10 -10 -10 -100    0 -1000 -1000 -10
362 34 pedestrian 0 0 -10 371.91 167.14 434.28 367.78 -10 -10 -10 -100    0 -1000 -1000 -10
362 47 pedestrian 0 0 -10 377.99 174.57 492.46 264.56 -10 -10 -10 -100    0 -1000 -1000 -10
362 61 pedestrian 0 0 -10 499.62 156.11 587.34 309.86 -10 -10 -10 -100    0 -1000 -1000 -10
362 52 pedestrian 0 0 -10 476.47 144.79 600.48 199.40 -10 -10 -10 -100    0 -1000 -1000 -10
363 65 pedestrian 0 0 -10 135.76 157.10 303.18 287.66 -10 -10 -10 -100    0 -1000 -1000 -10
363 35 pedestrian 0 0 -10 503.23 155.26 598.10 374.00 -10 -10 -10 -100    0 -1000 -1000 -10
363 60 pedestrian 0 0 -10 439.91 165.33 472.16 284.09 -10 -10 -10 -100    0 -1000 -1000 -10
363 59 pedestrian 0 0 -10 263.51 167.70 319.22 332.06 -10 -10 -10 -100    0 -1000 -1000 -10
363 63 pedestrian 0 0 -10 379.87 175.14 430.99 333.83 -10 -10 -10 -100    0 -1000 -1000 -10
363 64 pedestrian 0 0 -10 454.89 163.00 508.21 313.69 -10 -10 -10 -100    0 -1000 -1000 -10
363 34 pedestrian 0 0 -10 361.41 170.16 422.65 368.86 -10 -10 -10 -100    0 -1000 -1000 -10
363 47 pedestrian 0 0 -10 374.44 175.17 488.36 260.93 -10 -10 -10 -100    0 -1000 -1000 -10
363 61 pedestrian 0 0 -10 488.67 159.64 576.01 309.77 -10 -10 -10 -100    0 -1000 -1000 -10
363 52 pedestrian 0 0 -10 477.16 145.71 600.93 200.42 -10 -10 -10 -100    0 -1000 -1000 -10
364 65 pedestrian 0 0 -10 124.72 155.47 297.30 290.46 -10 -10 -10 -100    0 -1000 -1000 -10
364 35 pedestrian 0 0 -10 489.52 152.52 579.68 374.00 -10 -10 -10 -100    0 -1000 -1000 -10
364 60 pedestrian 0 0 -10 431.05 161.40 461.06 283.96 -10 -10 -10 -100    0 -1000 -1000 -10
364 59 pedestrian 0 0 -10 254.71 169.66 308.33 334.63 -10 -10 -10 -100    0 -1000 -1000 -10
364 63 pedestrian 0 0 -10 361.54 173.36 418.38 337.90 -10 -10 -10 -100    0 -1000 -1000 -10
364 64 pedestrian 0 0 -10 447.14 161.59 499.56 313.80 -10 -10 -10 -100    0 -1000 -1000 -10
364 34 pedestrian 0 0 -10 350.31 168.46 411.16 371.31 -10 -10 -10 -100    0 -1000 -1000 -10
364 47 pedestrian 0 0 -10 369.53 176.49 482.80 267.24 -10 -10 -10 -100    0 -1000 -1000 -10
364 61 pedestrian 0 0 -10 481.95 154.68 568.84 312.73 -10 -10 -10 -100    0 -1000 -1000 -10
364 52 pedestrian 0 0 -10 478.02 146.08 601.64 199.84 -10 -10 -10 -100    0 -1000 -1000 -10
365 65 pedestrian 0 0 -10 115.76 157.16 293.84 292.88 -10 -10 -10 -100    0 -1000 -1000 -10
365 35 pedestrian 0 0 -10 475.80 150.26 565.14 374.00 -10 -10 -10 -100    0 -1000 -1000 -10
365 59 pedestrian 0 0 -10 245.55 171.47 299.05 333.73 -10 -10 -10 -100    0 -1000 -1000 -10
365 63 pedestrian 0 0 -10 347.28 175.03 406.82 340.67 -10 -10 -10 -100    0 -1000 -1000 -10
365 64 pedestrian 0 0 -10 437.49 160.16 489.80 315.43 -10 -10 -10 -100    0 -1000 -1000 -10
365 34 pedestrian 0 0 -10 341.36 168.31 401.05 371.22 -10 -10 -10 -100    0 -1000 -1000 -10
365 47 pedestrian 0 0 -10 365.41 176.04 482.21 269.27 -10 -10 -10 -100    0 -1000 -1000 -10
365 61 pedestrian 0 0 -10 471.41 154.16 560.43 314.75 -10 -10 -10 -100    0 -1000 -1000 -10
365 52 pedestrian 0 0 -10 479.00 145.58 602.49 199.63 -10 -10 -10 -100    0 -1000 -1000 -10
366 71 pedestrian 0 0 -10 653.27 156.88 675.38 220.22 -10 -10 -10 -100    0 -1000 -1000 -10
366 65 pedestrian 0 0 -10 107.12 155.95 290.46 292.88 -10 -10 -10 -100    0 -1000 -1000 -10
366 35 pedestrian 0 0 -10 459.50 147.93 553.16 374.00 -10 -10 -10 -100    0 -1000 -1000 -10
366 59 pedestrian 0 0 -10 235.45 170.34 291.69 334.28 -10 -10 -10 -100    0 -1000 -1000 -10
366 64 pedestrian 0 0 -10 426.36 160.40 479.58 319.07 -10 -10 -10 -100    0 -1000 -1000 -10
366 34 pedestrian 0 0 -10 329.75 169.24 389.46 373.75 -10 -10 -10 -100    0 -1000 -1000 -10
366 47 pedestrian 0 0 -10 360.37 177.94 478.96 271.00 -10 -10 -10 -100    0 -1000 -1000 -10
366 61 pedestrian 0 0 -10 462.70 152.80 550.26 317.27 -10 -10 -10 -100    0 -1000 -1000 -10
366 52 pedestrian 0 0 -10 477.64 145.44 601.55 198.82 -10 -10 -10 -100    0 -1000 -1000 -10
367 71 pedestrian 0 0 -10 653.49 158.34 675.63 221.20 -10 -10 -10 -100    0 -1000 -1000 -10
367 65 pedestrian 0 0 -10 90.27 156.47 285.42 298.66 -10 -10 -10 -100    0 -1000 -1000 -10
367 35 pedestrian 0 0 -10 445.22 149.16 541.97 374.00 -10 -10 -10 -100    0 -1000 -1000 -10
367 59 pedestrian 0 0 -10 225.16 172.21 282.19 338.92 -10 -10 -10 -100    0 -1000 -1000 -10
367 72 pedestrian 0 0 -10 552.82 166.70 568.28 221.78 -10 -10 -10 -100    0 -1000 -1000 -10
367 64 pedestrian 0 0 -10 418.34 160.98 469.35 321.04 -10 -10 -10 -100    0 -1000 -1000 -10
367 34 pedestrian 0 0 -10 317.36 169.42 379.11 374.00 -10 -10 -10 -100    0 -1000 -1000 -10
367 47 pedestrian 0 0 -10 357.70 178.50 476.78 271.95 -10 -10 -10 -100    0 -1000 -1000 -10
367 61 pedestrian 0 0 -10 457.09 155.94 545.48 312.62 -10 -10 -10 -100    0 -1000 -1000 -10
367 52 pedestrian 0 0 -10 478.13 145.18 601.93 198.52 -10 -10 -10 -100    0 -1000 -1000 -10
368 71 pedestrian 0 0 -10 653.53 158.35 675.70 221.28 -10 -10 -10 -100    0 -1000 -1000 -10
368 65 pedestrian 0 0 -10 80.71 157.46 280.73 298.69 -10 -10 -10 -100    0 -1000 -1000 -10
368 35 pedestrian 0 0 -10 430.97 150.93 522.01 374.00 -10 -10 -10 -100    0 -1000 -1000 -10
368 59 pedestrian 0 0 -10 212.06 174.23 271.35 339.56 -10 -10 -10 -100    0 -1000 -1000 -10
368 72 pedestrian 0 0 -10 551.87 167.62 567.00 221.37 -10 -10 -10 -100    0 -1000 -1000 -10
368 64 pedestrian 0 0 -10 408.46 162.42 456.42 321.38 -10 -10 -10 -100    0 -1000 -1000 -10
368 34 pedestrian 0 0 -10 305.57 169.15 367.91 374.00 -10 -10 -10 -100    0 -1000 -1000 -10
368 47 pedestrian 0 0 -10 351.74 179.31 471.18 274.07 -10 -10 -10 -100    0 -1000 -1000 -10
368 61 pedestrian 0 0 -10 447.23 155.94 536.85 329.77 -10 -10 -10 -100    0 -1000 -1000 -10
368 52 pedestrian 0 0 -10 476.40 144.81 601.26 199.14 -10 -10 -10 -100    0 -1000 -1000 -10
369 71 pedestrian 0 0 -10 654.89 158.80 676.90 221.90 -10 -10 -10 -100    0 -1000 -1000 -10
369 65 pedestrian 0 0 -10 67.04 156.78 277.75 301.82 -10 -10 -10 -100    0 -1000 -1000 -10
369 35 pedestrian 0 0 -10 411.42 151.30 497.19 374.00 -10 -10 -10 -100    0 -1000 -1000 -10
369 59 pedestrian 0 0 -10 199.77 173.87 262.16 341.66 -10 -10 -10 -100    0 -1000 -1000 -10
369 64 pedestrian 0 0 -10 392.90 162.41 453.18 323.60 -10 -10 -10 -100    0 -1000 -1000 -10
369 34 pedestrian 0 0 -10 291.52 171.46 358.01 374.00 -10 -10 -10 -100    0 -1000 -1000 -10
369 47 pedestrian 0 0 -10 345.45 180.48 470.21 275.91 -10 -10 -10 -100    0 -1000 -1000 -10
369 61 pedestrian 0 0 -10 438.21 157.87 532.68 323.02 -10 -10 -10 -100    0 -1000 -1000 -10
369 52 pedestrian 0 0 -10 478.05 145.71 601.58 199.30 -10 -10 -10 -100    0 -1000 -1000 -10
370 71 pedestrian 0 0 -10 656.19 158.49 678.07 221.95 -10 -10 -10 -100    0 -1000 -1000 -10
370 65 pedestrian 0 0 -10 55.16 154.03 274.93 305.04 -10 -10 -10 -100    0 -1000 -1000 -10
370 35 pedestrian 0 0 -10 397.64 153.96 475.95 374.00 -10 -10 -10 -100    0 -1000 -1000 -10
370 59 pedestrian 0 0 -10 187.66 172.54 254.32 344.75 -10 -10 -10 -100    0 -1000 -1000 -10
370 66 pedestrian 0 0 -10 484.55 163.49 509.98 230.66 -10 -10 -10 -100    0 -1000 -1000 -10
370 64 pedestrian 0 0 -10 389.03 166.02 456.09 326.21 -10 -10 -10 -100    0 -1000 -1000 -10
370 34 pedestrian 0 0 -10 273.91 170.03 343.71 374.00 -10 -10 -10 -100    0 -1000 -1000 -10
370 47 pedestrian 0 0 -10 341.78 179.95 465.22 279.00 -10 -10 -10 -100    0 -1000 -1000 -10
370 61 pedestrian 0 0 -10 431.20 160.27 523.82 325.92 -10 -10 -10 -100    0 -1000 -1000 -10
370 52 pedestrian 0 0 -10 478.21 146.11 601.15 199.59 -10 -10 -10 -100    0 -1000 -1000 -10
371 73 pedestrian 0 0 -10 535.59 169.70 550.50 218.98 -10 -10 -10 -100    0 -1000 -1000 -10
371 71 pedestrian 0 0 -10 656.99 159.57 678.65 223.13 -10 -10 -10 -100    0 -1000 -1000 -10
371 65 pedestrian 0 0 -10 43.48 154.89 268.02 307.57 -10 -10 -10 -100    0 -1000 -1000 -10
371 35 pedestrian 0 0 -10 368.12 154.53 463.90 374.00 -10 -10 -10 -100    0 -1000 -1000 -10
371 59 pedestrian 0 0 -10 173.83 171.83 243.86 345.65 -10 -10 -10 -100    0 -1000 -1000 -10
371 63 pedestrian 0 0 -10 267.39 178.13 330.11 354.74 -10 -10 -10 -100    0 -1000 -1000 -10
371 66 pedestrian 0 0 -10 482.92 164.15 509.08 229.66 -10 -10 -10 -100    0 -1000 -1000 -10
371 64 pedestrian 0 0 -10 380.34 167.79 451.47 330.79 -10 -10 -10 -100    0 -1000 -1000 -10
371 34 pedestrian 0 0 -10 257.56 170.30 328.53 374.00 -10 -10 -10 -100    0 -1000 -1000 -10
371 47 pedestrian 0 0 -10 339.71 180.22 463.20 276.39 -10 -10 -10 -100    0 -1000 -1000 -10
371 61 pedestrian 0 0 -10 447.10 159.54 505.18 323.17 -10 -10 -10 -100    0 -1000 -1000 -10
371 52 pedestrian 0 0 -10 477.42 145.26 600.25 199.76 -10 -10 -10 -100    0 -1000 -1000 -10
372 73 pedestrian 0 0 -10 536.91 170.26 551.49 219.80 -10 -10 -10 -100    0 -1000 -1000 -10
372 71 pedestrian 0 0 -10 656.22 158.86 678.34 224.76 -10 -10 -10 -100    0 -1000 -1000 -10
372 65 pedestrian 0 0 -10 30.35 153.94 264.39 308.51 -10 -10 -10 -100    0 -1000 -1000 -10
372 35 pedestrian 0 0 -10 349.80 153.56 456.97 374.00 -10 -10 -10 -100    0 -1000 -1000 -10
372 59 pedestrian 0 0 -10 162.04 172.14 234.13 346.63 -10 -10 -10 -100    0 -1000 -1000 -10
372 63 pedestrian 0 0 -10 255.47 179.93 314.96 353.35 -10 -10 -10 -100    0 -1000 -1000 -10
372 66 pedestrian 0 0 -10 480.98 164.70 509.14 231.69 -10 -10 -10 -100    0 -1000 -1000 -10
372 64 pedestrian 0 0 -10 364.01 167.72 436.28 332.77 -10 -10 -10 -100    0 -1000 -1000 -10
372 34 pedestrian 0 0 -10 243.50 171.57 314.96 374.00 -10 -10 -10 -100    0 -1000 -1000 -10
372 47 pedestrian 0 0 -10 338.31 178.45 466.46 279.34 -10 -10 -10 -100    0 -1000 -1000 -10
372 61 pedestrian 0 0 -10 456.25 159.10 489.55 326.56 -10 -10 -10 -100    0 -1000 -1000 -10
372 52 pedestrian 0 0 -10 477.32 146.40 599.82 201.22 -10 -10 -10 -100    0 -1000 -1000 -10
373 73 pedestrian 0 0 -10 536.86 170.88 550.04 218.32 -10 -10 -10 -100    0 -1000 -1000 -10
373 71 pedestrian 0 0 -10 655.94 158.83 678.26 225.21 -10 -10 -10 -100    0 -1000 -1000 -10
373 35 pedestrian 0 0 -10 338.54 151.35 433.45 374.00 -10 -10 -10 -100    0 -1000 -1000 -10
373 62 pedestrian 0 0 -10 364.90 163.61 433.95 374.00 -10 -10 -10 -100    0 -1000 -1000 -10
373 59 pedestrian 0 0 -10 150.67 171.43 227.29 350.28 -10 -10 -10 -100    0 -1000 -1000 -10
373 63 pedestrian 0 0 -10 241.19 179.61 301.54 357.63 -10 -10 -10 -100    0 -1000 -1000 -10
373 66 pedestrian 0 0 -10 481.01 165.13 508.60 233.68 -10 -10 -10 -100    0 -1000 -1000 -10
373 64 pedestrian 0 0 -10 362.81 164.52 434.90 332.07 -10 -10 -10 -100    0 -1000 -1000 -10
373 34 pedestrian 0 0 -10 228.91 172.28 299.38 374.00 -10 -10 -10 -100    0 -1000 -1000 -10
373 47 pedestrian 0 0 -10 335.26 177.78 464.26 281.30 -10 -10 -10 -100    0 -1000 -1000 -10
373 61 pedestrian 0 0 -10 437.54 155.27 481.81 333.78 -10 -10 -10 -100    0 -1000 -1000 -10
373 52 pedestrian 0 0 -10 417.79 146.18 593.48 208.65 -10 -10 -10 -100    0 -1000 -1000 -10
374 73 pedestrian 0 0 -10 536.11 170.37 548.88 218.51 -10 -10 -10 -100    0 -1000 -1000 -10
374 71 pedestrian 0 0 -10 658.20 157.65 680.64 225.02 -10 -10 -10 -100    0 -1000 -1000 -10
374 35 pedestrian 0 0 -10 319.89 157.36 407.28 374.00 -10 -10 -10 -100    0 -1000 -1000 -10
374 62 pedestrian 0 0 -10 349.90 166.14 413.10 374.00 -10 -10 -10 -100    0 -1000 -1000 -10
374 59 pedestrian 0 0 -10 142.90 171.68 218.55 353.21 -10 -10 -10 -100    0 -1000 -1000 -10
374 63 pedestrian 0 0 -10 229.55 180.76 285.34 362.73 -10 -10 -10 -100    0 -1000 -1000 -10
374 66 pedestrian 0 0 -10 480.69 163.80 508.58 234.92 -10 -10 -10 -100    0 -1000 -1000 -10
374 64 pedestrian 0 0 -10 353.85 165.38 423.76 335.76 -10 -10 -10 -100    0 -1000 -1000 -10
374 34 pedestrian 0 0 -10 215.04 173.36 285.37 374.00 -10 -10 -10 -100    0 -1000 -1000 -10
374 47 pedestrian 0 0 -10 330.08 178.97 464.53 285.46 -10 -10 -10 -100    0 -1000 -1000 -10
374 61 pedestrian 0 0 -10 419.62 157.04 476.92 335.04 -10 -10 -10 -100    0 -1000 -1000 -10
374 52 pedestrian 0 0 -10 414.02 147.01 589.81 210.52 -10 -10 -10 -100    0 -1000 -1000 -10
375 71 pedestrian 0 0 -10 660.62 157.28 683.12 226.16 -10 -10 -10 -100    0 -1000 -1000 -10
375 35 pedestrian 0 0 -10 303.09 154.27 396.88 374.00 -10 -10 -10 -100    0 -1000 -1000 -10
375 62 pedestrian 0 0 -10 334.62 171.28 405.14 374.00 -10 -10 -10 -100    0 -1000 -1000 -10
375 59 pedestrian 0 0 -10 136.00 171.65 209.50 355.39 -10 -10 -10 -100    0 -1000 -1000 -10
375 73 pedestrian 0 0 -10 536.37 169.63 550.14 220.61 -10 -10 -10 -100    0 -1000 -1000 -10
375 63 pedestrian 0 0 -10 215.37 179.96 270.45 363.76 -10 -10 -10 -100    0 -1000 -1000 -10
375 66 pedestrian 0 0 -10 479.97 163.09 508.47 235.99 -10 -10 -10 -100    0 -1000 -1000 -10
375 64 pedestrian 0 0 -10 345.95 166.08 417.62 335.62 -10 -10 -10 -100    0 -1000 -1000 -10
375 34 pedestrian 0 0 -10 201.14 172.45 270.68 374.00 -10 -10 -10 -100    0 -1000 -1000 -10
375 47 pedestrian 0 0 -10 326.71 179.25 463.39 286.24 -10 -10 -10 -100    0 -1000 -1000 -10
375 61 pedestrian 0 0 -10 410.10 159.74 471.36 337.99 -10 -10 -10 -100    0 -1000 -1000 -10
375 52 pedestrian 0 0 -10 408.31 146.56 586.90 211.81 -10 -10 -10 -100    0 -1000 -1000 -10
376 71 pedestrian 0 0 -10 663.11 157.35 686.29 226.52 -10 -10 -10 -100    0 -1000 -1000 -10
376 65 pedestrian 0 0 -10 5.63 134.24 265.48 289.69 -10 -10 -10 -100    0 -1000 -1000 -10
376 35 pedestrian 0 0 -10 277.17 154.57 383.46 374.00 -10 -10 -10 -100    0 -1000 -1000 -10
376 62 pedestrian 0 0 -10 318.06 163.24 393.65 374.00 -10 -10 -10 -100    0 -1000 -1000 -10
376 59 pedestrian 0 0 -10 131.54 173.34 202.59 355.99 -10 -10 -10 -100    0 -1000 -1000 -10
376 73 pedestrian 0 0 -10 537.00 169.53 550.92 219.16 -10 -10 -10 -100    0 -1000 -1000 -10
376 63 pedestrian 0 0 -10 201.76 178.98 257.06 365.07 -10 -10 -10 -100    0 -1000 -1000 -10
376 66 pedestrian 0 0 -10 479.19 163.15 509.45 238.58 -10 -10 -10 -100    0 -1000 -1000 -10
376 64 pedestrian 0 0 -10 337.58 163.29 410.85 339.36 -10 -10 -10 -100    0 -1000 -1000 -10
376 34 pedestrian 0 0 -10 186.78 171.35 254.55 374.00 -10 -10 -10 -100    0 -1000 -1000 -10
376 68 pedestrian 0 0 -10 219.17 150.41 385.66 316.51 -10 -10 -10 -100    0 -1000 -1000 -10
376 47 pedestrian 0 0 -10 321.69 178.26 462.04 286.69 -10 -10 -10 -100    0 -1000 -1000 -10
376 61 pedestrian 0 0 -10 398.06 160.70 464.93 341.79 -10 -10 -10 -100    0 -1000 -1000 -10
376 52 pedestrian 0 0 -10 402.09 146.81 588.34 214.44 -10 -10 -10 -100    0 -1000 -1000 -10
377 71 pedestrian 0 0 -10 665.90 156.95 689.84 227.23 -10 -10 -10 -100    0 -1000 -1000 -10
377 65 pedestrian 0 0 -10 1.71 134.88 260.01 297.95 -10 -10 -10 -100    0 -1000 -1000 -10
377 35 pedestrian 0 0 -10 258.48 156.68 372.66 374.00 -10 -10 -10 -100    0 -1000 -1000 -10
377 62 pedestrian 0 0 -10 302.27 169.72 379.21 374.00 -10 -10 -10 -100    0 -1000 -1000 -10
377 59 pedestrian 0 0 -10 123.75 173.79 191.35 361.46 -10 -10 -10 -100    0 -1000 -1000 -10
377 73 pedestrian 0 0 -10 537.32 167.86 550.99 217.83 -10 -10 -10 -100    0 -1000 -1000 -10
377 63 pedestrian 0 0 -10 182.34 178.29 241.24 365.21 -10 -10 -10 -100    0 -1000 -1000 -10
377 66 pedestrian 0 0 -10 480.02 163.27 510.73 240.34 -10 -10 -10 -100    0 -1000 -1000 -10
377 64 pedestrian 0 0 -10 329.05 162.03 407.85 344.37 -10 -10 -10 -100    0 -1000 -1000 -10
377 34 pedestrian 0 0 -10 166.81 171.24 238.14 374.00 -10 -10 -10 -100    0 -1000 -1000 -10
377 68 pedestrian 0 0 -10 207.95 149.46 385.40 321.46 -10 -10 -10 -100    0 -1000 -1000 -10
377 47 pedestrian 0 0 -10 320.02 178.57 460.56 290.42 -10 -10 -10 -100    0 -1000 -1000 -10
377 61 pedestrian 0 0 -10 389.96 160.24 455.24 343.01 -10 -10 -10 -100    0 -1000 -1000 -10
377 52 pedestrian 0 0 -10 399.41 146.11 589.09 214.46 -10 -10 -10 -100    0 -1000 -1000 -10
378 71 pedestrian 0 0 -10 667.88 155.17 693.24 226.48 -10 -10 -10 -100    0 -1000 -1000 -10
378 65 pedestrian 0 0 -10 1.90 134.70 258.95 304.52 -10 -10 -10 -100    0 -1000 -1000 -10
378 35 pedestrian 0 0 -10 234.25 156.26 350.73 374.00 -10 -10 -10 -100    0 -1000 -1000 -10
378 62 pedestrian 0 0 -10 283.64 166.04 363.08 374.00 -10 -10 -10 -100    0 -1000 -1000 -10
378 59 pedestrian 0 0 -10 118.41 173.36 183.10 364.96 -10 -10 -10 -100    0 -1000 -1000 -10
378 73 pedestrian 0 0 -10 536.95 165.95 553.66 219.77 -10 -10 -10 -100    0 -1000 -1000 -10
378 63 pedestrian 0 0 -10 164.01 177.97 221.27 370.25 -10 -10 -10 -100    0 -1000 -1000 -10
378 66 pedestrian 0 0 -10 479.67 162.03 511.04 241.41 -10 -10 -10 -100    0 -1000 -1000 -10
378 64 pedestrian 0 0 -10 319.71 164.11 396.71 342.04 -10 -10 -10 -100    0 -1000 -1000 -10
378 34 pedestrian 0 0 -10 147.01 169.33 220.06 374.00 -10 -10 -10 -100    0 -1000 -1000 -10
378 68 pedestrian 0 0 -10 191.23 149.47 384.99 331.38 -10 -10 -10 -100    0 -1000 -1000 -10
378 47 pedestrian 0 0 -10 316.04 177.22 459.29 291.55 -10 -10 -10 -100    0 -1000 -1000 -10
378 61 pedestrian 0 0 -10 381.83 158.65 443.07 344.92 -10 -10 -10 -100    0 -1000 -1000 -10
378 52 pedestrian 0 0 -10 393.80 146.07 588.78 215.36 -10 -10 -10 -100    0 -1000 -1000 -10
379 71 pedestrian 0 0 -10 669.28 153.99 693.60 226.06 -10 -10 -10 -100    0 -1000 -1000 -10
379 65 pedestrian 0 0 -10 1.01 134.09 251.11 311.91 -10 -10 -10 -100    0 -1000 -1000 -10
379 35 pedestrian 0 0 -10 162.34 152.13 344.05 374.00 -10 -10 -10 -100    0 -1000 -1000 -10
379 62 pedestrian 0 0 -10 274.49 164.76 360.40 374.00 -10 -10 -10 -100    0 -1000 -1000 -10
379 59 pedestrian 0 0 -10 111.08 176.55 180.41 366.79 -10 -10 -10 -100    0 -1000 -1000 -10
379 73 pedestrian 0 0 -10 537.19 166.00 553.72 219.88 -10 -10 -10 -100    0 -1000 -1000 -10
379 63 pedestrian 0 0 -10 149.42 178.89 209.45 374.00 -10 -10 -10 -100    0 -1000 -1000 -10
379 66 pedestrian 0 0 -10 479.05 160.89 511.03 242.71 -10 -10 -10 -100    0 -1000 -1000 -10
379 64 pedestrian 0 0 -10 305.86 164.58 385.24 346.36 -10 -10 -10 -100    0 -1000 -1000 -10
379 34 pedestrian 0 0 -10 126.02 171.27 203.07 374.00 -10 -10 -10 -100    0 -1000 -1000 -10
379 68 pedestrian 0 0 -10 168.05 146.46 377.28 342.57 -10 -10 -10 -100    0 -1000 -1000 -10
379 47 pedestrian 0 0 -10 307.99 175.86 456.28 294.70 -10 -10 -10 -100    0 -1000 -1000 -10
379 61 pedestrian 0 0 -10 373.37 151.24 437.34 349.93 -10 -10 -10 -100    0 -1000 -1000 -10
379 52 pedestrian 0 0 -10 386.40 145.50 588.24 216.48 -10 -10 -10 -100    0 -1000 -1000 -10
380 71 pedestrian 0 0 -10 671.02 154.60 696.35 228.54 -10 -10 -10 -100    0 -1000 -1000 -10
380 65 pedestrian 0 0 -10 0.00 131.62 246.88 320.88 -10 -10 -10 -100    0 -1000 -1000 -10
380 35 pedestrian 0 0 -10 132.43 150.19 329.00 374.00 -10 -10 -10 -100    0 -1000 -1000 -10
380 62 pedestrian 0 0 -10 259.30 161.96 348.94 374.00 -10 -10 -10 -100    0 -1000 -1000 -10
380 59 pedestrian 0 0 -10 100.56 179.20 174.03 369.46 -10 -10 -10 -100    0 -1000 -1000 -10
380 73 pedestrian 0 0 -10 538.03 165.36 554.17 220.58 -10 -10 -10 -100    0 -1000 -1000 -10
380 66 pedestrian 0 0 -10 479.35 160.26 512.34 245.84 -10 -10 -10 -100    0 -1000 -1000 -10
380 64 pedestrian 0 0 -10 290.00 163.66 371.18 356.90 -10 -10 -10 -100    0 -1000 -1000 -10
380 34 pedestrian 0 0 -10 108.58 171.54 179.97 374.00 -10 -10 -10 -100    0 -1000 -1000 -10
380 68 pedestrian 0 0 -10 145.94 145.42 375.94 353.02 -10 -10 -10 -100    0 -1000 -1000 -10
380 47 pedestrian 0 0 -10 304.89 177.82 453.64 297.41 -10 -10 -10 -100    0 -1000 -1000 -10
380 61 pedestrian 0 0 -10 363.48 153.50 430.54 354.49 -10 -10 -10 -100    0 -1000 -1000 -10
380 52 pedestrian 0 0 -10 385.06 148.35 589.66 214.14 -10 -10 -10 -100    0 -1000 -1000 -10
381 71 pedestrian 0 0 -10 673.28 155.26 697.35 228.83 -10 -10 -10 -100    0 -1000 -1000 -10
381 65 pedestrian 0 0 -10 0.34 130.31 238.51 332.34 -10 -10 -10 -100    0 -1000 -1000 -10
381 35 pedestrian 0 0 -10 106.70 154.05 297.57 374.00 -10 -10 -10 -100    0 -1000 -1000 -10
381 62 pedestrian 0 0 -10 245.04 168.29 330.27 374.00 -10 -10 -10 -100    0 -1000 -1000 -10
381 59 pedestrian 0 0 -10 78.88 171.36 158.76 374.00 -10 -10 -10 -100    0 -1000 -1000 -10
381 73 pedestrian 0 0 -10 539.18 166.34 553.85 221.57 -10 -10 -10 -100    0 -1000 -1000 -10
381 66 pedestrian 0 0 -10 477.90 160.61 511.55 248.60 -10 -10 -10 -100    0 -1000 -1000 -10
381 64 pedestrian 0 0 -10 298.07 165.61 355.15 351.26 -10 -10 -10 -100    0 -1000 -1000 -10
381 68 pedestrian 0 0 -10 123.17 148.07 374.34 362.40 -10 -10 -10 -100    0 -1000 -1000 -10
381 47 pedestrian 0 0 -10 296.50 179.71 450.61 300.20 -10 -10 -10 -100    0 -1000 -1000 -10
381 61 pedestrian 0 0 -10 349.21 157.20 419.23 358.45 -10 -10 -10 -100    0 -1000 -1000 -10
381 52 pedestrian 0 0 -10 414.64 154.34 592.75 205.87 -10 -10 -10 -100    0 -1000 -1000 -10
382 71 pedestrian 0 0 -10 672.81 154.56 696.56 229.36 -10 -10 -10 -100    0 -1000 -1000 -10
382 65 pedestrian 0 0 -10 0.75 128.14 231.52 340.35 -10 -10 -10 -100    0 -1000 -1000 -10
382 35 pedestrian 0 0 -10 76.39 153.51 273.02 374.00 -10 -10 -10 -100    0 -1000 -1000 -10
382 62 pedestrian 0 0 -10 221.19 170.14 302.83 374.00 -10 -10 -10 -100    0 -1000 -1000 -10
382 59 pedestrian 0 0 -10 52.71 170.82 135.14 374.00 -10 -10 -10 -100    0 -1000 -1000 -10
382 73 pedestrian 0 0 -10 539.26 165.66 554.42 220.95 -10 -10 -10 -100    0 -1000 -1000 -10
382 66 pedestrian 0 0 -10 473.84 160.65 509.24 249.96 -10 -10 -10 -100    0 -1000 -1000 -10
382 64 pedestrian 0 0 -10 282.29 164.68 341.84 361.00 -10 -10 -10 -100    0 -1000 -1000 -10
382 68 pedestrian 0 0 -10 91.94 146.71 369.78 374.00 -10 -10 -10 -100    0 -1000 -1000 -10
382 47 pedestrian 0 0 -10 286.15 179.71 446.91 304.23 -10 -10 -10 -100    0 -1000 -1000 -10
382 61 pedestrian 0 0 -10 332.80 153.86 407.46 363.97 -10 -10 -10 -100    0 -1000 -1000 -10
382 52 pedestrian 0 0 -10 438.61 156.64 598.67 202.93 -10 -10 -10 -100    0 -1000 -1000 -10
383 71 pedestrian 0 0 -10 673.95 154.49 697.87 230.55 -10 -10 -10 -100    0 -1000 -1000 -10
383 65 pedestrian 0 0 -10 0.00 127.50 221.47 359.69 -10 -10 -10 -100    0 -1000 -1000 -10
383 35 pedestrian 0 0 -10 30.53 148.80 237.79 374.00 -10 -10 -10 -100    0 -1000 -1000 -10
383 62 pedestrian 0 0 -10 192.49 170.84 280.08 374.00 -10 -10 -10 -100    0 -1000 -1000 -10
383 59 pedestrian 0 0 -10 7.63 168.07 113.27 374.00 -10 -10 -10 -100    0 -1000 -1000 -10
383 73 pedestrian 0 0 -10 538.14 165.10 554.64 220.90 -10 -10 -10 -100    0 -1000 -1000 -10
383 66 pedestrian 0 0 -10 469.34 160.12 506.18 255.36 -10 -10 -10 -100    0 -1000 -1000 -10
383 64 pedestrian 0 0 -10 262.85 164.87 325.44 359.93 -10 -10 -10 -100    0 -1000 -1000 -10
383 68 pedestrian 0 0 -10 42.76 147.29 365.14 374.00 -10 -10 -10 -100    0 -1000 -1000 -10
383 47 pedestrian 0 0 -10 279.62 180.22 442.49 304.12 -10 -10 -10 -100    0 -1000 -1000 -10
383 61 pedestrian 0 0 -10 316.11 154.50 392.18 366.60 -10 -10 -10 -100    0 -1000 -1000 -10
383 52 pedestrian 0 0 -10 448.37 158.97 601.98 202.00 -10 -10 -10 -100    0 -1000 -1000 -10
384 71 pedestrian 0 0 -10 671.32 155.20 695.10 231.68 -10 -10 -10 -100    0 -1000 -1000 -10
384 65 pedestrian 0 0 -10 0.00 125.82 213.35 374.00 -10 -10 -10 -100    0 -1000 -1000 -10
384 35 pedestrian 0 0 -10 0.00 152.16 204.76 374.00 -10 -10 -10 -100    0 -1000 -1000 -10
384 62 pedestrian 0 0 -10 159.78 171.28 250.92 374.00 -10 -10 -10 -100    0 -1000 -1000 -10
384 59 pedestrian 0 0 -10 0.18 166.42 80.24 374.00 -10 -10 -10 -100    0 -1000 -1000 -10
384 72 pedestrian 0 0 -10 528.94 166.28 544.41 220.28 -10 -10 -10 -100    0 -1000 -1000 -10
384 73 pedestrian 0 0 -10 537.22 165.16 552.81 220.66 -10 -10 -10 -100    0 -1000 -1000 -10
384 66 pedestrian 0 0 -10 463.25 159.36 501.26 259.69 -10 -10 -10 -100    0 -1000 -1000 -10
384 64 pedestrian 0 0 -10 241.95 163.51 307.47 367.43 -10 -10 -10 -100    0 -1000 -1000 -10
384 68 pedestrian 0 0 -10 5.51 147.09 359.55 374.00 -10 -10 -10 -100    0 -1000 -1000 -10
384 47 pedestrian 0 0 -10 269.53 179.88 436.04 307.71 -10 -10 -10 -100    0 -1000 -1000 -10
384 61 pedestrian 0 0 -10 300.52 154.57 380.91 366.39 -10 -10 -10 -100    0 -1000 -1000 -10
384 52 pedestrian 0 0 -10 446.21 159.82 602.88 202.73 -10 -10 -10 -100    0 -1000 -1000 -10
385 71 pedestrian 0 0 -10 669.13 156.15 694.45 232.91 -10 -10 -10 -100    0 -1000 -1000 -10
385 65 pedestrian 0 0 -10 0.19 125.35 200.68 374.00 -10 -10 -10 -100    0 -1000 -1000 -10
385 35 pedestrian 0 0 -10 0.00 151.48 162.40 374.00 -10 -10 -10 -100    0 -1000 -1000 -10
385 62 pedestrian 0 0 -10 126.78 171.22 225.09 374.00 -10 -10 -10 -100    0 -1000 -1000 -10
385 72 pedestrian 0 0 -10 522.89 166.11 536.86 219.72 -10 -10 -10 -100    0 -1000 -1000 -10
385 73 pedestrian 0 0 -10 531.93 165.47 548.88 219.55 -10 -10 -10 -100    0 -1000 -1000 -10
385 66 pedestrian 0 0 -10 455.40 160.58 495.45 263.23 -10 -10 -10 -100    0 -1000 -1000 -10
385 64 pedestrian 0 0 -10 219.84 163.76 288.72 373.15 -10 -10 -10 -100    0 -1000 -1000 -10
385 68 pedestrian 0 0 -10 0.00 145.71 347.56 374.00 -10 -10 -10 -100    0 -1000 -1000 -10
385 47 pedestrian 0 0 -10 252.79 181.12 429.68 312.84 -10 -10 -10 -100    0 -1000 -1000 -10
385 61 pedestrian 0 0 -10 280.64 153.59 363.86 371.93 -10 -10 -10 -100    0 -1000 -1000 -10
385 52 pedestrian 0 0 -10 444.56 159.86 600.45 202.81 -10 -10 -10 -100    0 -1000 -1000 -10
386 71 pedestrian 0 0 -10 665.98 153.36 692.16 232.94 -10 -10 -10 -100    0 -1000 -1000 -10
386 65 pedestrian 0 0 -10 0.00 122.17 188.99 374.00 -10 -10 -10 -100    0 -1000 -1000 -10
386 35 pedestrian 0 0 -10 0.07 155.08 124.65 374.00 -10 -10 -10 -100    0 -1000 -1000 -10
386 62 pedestrian 0 0 -10 82.76 178.72 199.02 374.00 -10 -10 -10 -100    0 -1000 -1000 -10
386 72 pedestrian 0 0 -10 517.02 166.68 532.57 220.27 -10 -10 -10 -100    0 -1000 -1000 -10
386 73 pedestrian 0 0 -10 526.43 165.69 541.68 220.93 -10 -10 -10 -100    0 -1000 -1000 -10
386 66 pedestrian 0 0 -10 445.16 159.72 488.11 266.94 -10 -10 -10 -100    0 -1000 -1000 -10
386 64 pedestrian 0 0 -10 197.20 166.78 265.26 374.00 -10 -10 -10 -100    0 -1000 -1000 -10
386 68 pedestrian 0 0 -10 0.00 149.48 333.98 374.00 -10 -10 -10 -100    0 -1000 -1000 -10
386 47 pedestrian 0 0 -10 238.13 181.38 419.77 316.12 -10 -10 -10 -100    0 -1000 -1000 -10
386 61 pedestrian 0 0 -10 260.44 155.66 348.31 374.00 -10 -10 -10 -100    0 -1000 -1000 -10
386 52 pedestrian 0 0 -10 439.10 160.07 597.00 203.13 -10 -10 -10 -100    0 -1000 -1000 -10
387 71 pedestrian 0 0 -10 660.91 154.08 688.52 235.06 -10 -10 -10 -100    0 -1000 -1000 -10
387 65 pedestrian 0 0 -10 0.00 120.60 170.44 374.00 -10 -10 -10 -100    0 -1000 -1000 -10
387 62 pedestrian 0 0 -10 27.24 176.99 174.52 374.00 -10 -10 -10 -100    0 -1000 -1000 -10
387 72 pedestrian 0 0 -10 511.70 166.13 525.92 220.14 -10 -10 -10 -100    0 -1000 -1000 -10
387 73 pedestrian 0 0 -10 520.71 165.31 538.85 221.01 -10 -10 -10 -100    0 -1000 -1000 -10
387 66 pedestrian 0 0 -10 436.89 158.08 480.18 270.64 -10 -10 -10 -100    0 -1000 -1000 -10
387 64 pedestrian 0 0 -10 171.74 165.07 243.77 374.00 -10 -10 -10 -100    0 -1000 -1000 -10
387 47 pedestrian 0 0 -10 221.04 181.59 412.17 320.66 -10 -10 -10 -100    0 -1000 -1000 -10
387 61 pedestrian 0 0 -10 238.94 155.87 325.35 374.00 -10 -10 -10 -100    0 -1000 -1000 -10
387 52 pedestrian 0 0 -10 431.51 159.44 591.30 203.04 -10 -10 -10 -100    0 -1000 -1000 -10
388 71 pedestrian 0 0 -10 657.89 152.05 684.71 234.50 -10 -10 -10 -100    0 -1000 -1000 -10
388 65 pedestrian 0 0 -10 0.00 119.25 154.23 374.00 -10 -10 -10 -100    0 -1000 -1000 -10
388 62 pedestrian 0 0 -10 0.00 177.84 134.82 374.00 -10 -10 -10 -100    0 -1000 -1000 -10
388 72 pedestrian 0 0 -10 507.04 166.98 521.29 220.06 -10 -10 -10 -100    0 -1000 -1000 -10
388 66 pedestrian 0 0 -10 425.22 157.85 471.15 275.91 -10 -10 -10 -100    0 -1000 -1000 -10
388 64 pedestrian 0 0 -10 145.97 165.00 220.22 374.00 -10 -10 -10 -100    0 -1000 -1000 -10
388 47 pedestrian 0 0 -10 205.85 181.91 402.37 324.98 -10 -10 -10 -100    0 -1000 -1000 -10
388 61 pedestrian 0 0 -10 215.74 158.39 300.49 374.00 -10 -10 -10 -100    0 -1000 -1000 -10
388 52 pedestrian 0 0 -10 426.94 158.99 588.18 204.19 -10 -10 -10 -100    0 -1000 -1000 -10
389 71 pedestrian 0 0 -10 652.74 149.58 681.41 236.63 -10 -10 -10 -100    0 -1000 -1000 -10
389 65 pedestrian 0 0 -10 0.00 119.45 136.66 374.00 -10 -10 -10 -100    0 -1000 -1000 -10
389 72 pedestrian 0 0 -10 498.24 165.73 512.96 219.42 -10 -10 -10 -100    0 -1000 -1000 -10
389 66 pedestrian 0 0 -10 412.11 156.70 462.79 280.76 -10 -10 -10 -100    0 -1000 -1000 -10
389 64 pedestrian 0 0 -10 117.87 165.30 197.81 374.00 -10 -10 -10 -100    0 -1000 -1000 -10
389 47 pedestrian 0 0 -10 187.51 183.04 392.13 330.90 -10 -10 -10 -100    0 -1000 -1000 -10
389 61 pedestrian 0 0 -10 190.43 159.74 276.96 374.00 -10 -10 -10 -100    0 -1000 -1000 -10
389 52 pedestrian 0 0 -10 419.10 159.44 581.70 206.00 -10 -10 -10 -100    0 -1000 -1000 -10
390 74 pedestrian 0 0 -10 372.51 161.47 394.62 225.29 -10 -10 -10 -100    0 -1000 -1000 -10
390 71 pedestrian 0 0 -10 647.04 149.14 676.82 236.33 -10 -10 -10 -100    0 -1000 -1000 -10
390 65 pedestrian 0 0 -10 0.00 116.29 119.70 374.00 -10 -10 -10 -100    0 -1000 -1000 -10
390 72 pedestrian 0 0 -10 493.47 165.83 506.72 220.90 -10 -10 -10 -100    0 -1000 -1000 -10
390 66 pedestrian 0 0 -10 398.79 155.80 453.95 285.45 -10 -10 -10 -100    0 -1000 -1000 -10
390 64 pedestrian 0 0 -10 87.26 167.79 168.56 374.00 -10 -10 -10 -100    0 -1000 -1000 -10
390 47 pedestrian 0 0 -10 172.47 183.72 381.68 335.83 -10 -10 -10 -100    0 -1000 -1000 -10
390 61 pedestrian 0 0 -10 158.47 158.69 249.31 374.00 -10 -10 -10 -100    0 -1000 -1000 -10
390 52 pedestrian 0 0 -10 408.77 159.26 580.39 206.43 -10 -10 -10 -100    0 -1000 -1000 -10
391 75 pedestrian 0 0 -10 497.26 162.19 514.50 221.40 -10 -10 -10 -100    0 -1000 -1000 -10
391 74 pedestrian 0 0 -10 364.92 160.52 387.42 225.92 -10 -10 -10 -100    0 -1000 -1000 -10
391 71 pedestrian 0 0 -10 642.95 148.01 673.17 236.38 -10 -10 -10 -100    0 -1000 -1000 -10
391 65 pedestrian 0 0 -10 0.12 115.04 96.95 374.00 -10 -10 -10 -100    0 -1000 -1000 -10
391 72 pedestrian 0 0 -10 485.48 164.49 500.78 220.79 -10 -10 -10 -100    0 -1000 -1000 -10
391 66 pedestrian 0 0 -10 380.82 152.72 443.39 290.42 -10 -10 -10 -100    0 -1000 -1000 -10
391 64 pedestrian 0 0 -10 53.87 166.23 137.94 374.00 -10 -10 -10 -100    0 -1000 -1000 -10
391 47 pedestrian 0 0 -10 150.81 184.06 372.35 340.17 -10 -10 -10 -100    0 -1000 -1000 -10
391 61 pedestrian 0 0 -10 127.33 159.41 222.22 374.00 -10 -10 -10 -100    0 -1000 -1000 -10
391 52 pedestrian 0 0 -10 397.20 157.32 570.53 207.92 -10 -10 -10 -100    0 -1000 -1000 -10
392 75 pedestrian 0 0 -10 491.54 162.31 510.59 219.82 -10 -10 -10 -100    0 -1000 -1000 -10
392 74 pedestrian 0 0 -10 356.44 160.45 378.25 226.34 -10 -10 -10 -100    0 -1000 -1000 -10
392 71 pedestrian 0 0 -10 637.98 145.91 670.40 237.45 -10 -10 -10 -100    0 -1000 -1000 -10
392 65 pedestrian 0 0 -10 0.16 109.02 84.70 374.00 -10 -10 -10 -100    0 -1000 -1000 -10
392 72 pedestrian 0 0 -10 480.69 164.37 495.38 219.26 -10 -10 -10 -100    0 -1000 -1000 -10
392 66 pedestrian 0 0 -10 363.24 151.29 432.60 296.32 -10 -10 -10 -100    0 -1000 -1000 -10
392 64 pedestrian 0 0 -10 23.60 169.52 107.91 374.00 -10 -10 -10 -100    0 -1000 -1000 -10
392 47 pedestrian 0 0 -10 133.61 183.15 362.25 344.40 -10 -10 -10 -100    0 -1000 -1000 -10
392 61 pedestrian 0 0 -10 95.44 158.35 196.70 374.00 -10 -10 -10 -100    0 -1000 -1000 -10
392 52 pedestrian 0 0 -10 389.48 156.51 568.14 209.83 -10 -10 -10 -100    0 -1000 -1000 -10
393 75 pedestrian 0 0 -10 487.48 160.30 505.93 219.44 -10 -10 -10 -100    0 -1000 -1000 -10
393 74 pedestrian 0 0 -10 349.77 160.84 372.32 224.12 -10 -10 -10 -100    0 -1000 -1000 -10
393 71 pedestrian 0 0 -10 636.46 144.47 668.85 237.53 -10 -10 -10 -100    0 -1000 -1000 -10
393 65 pedestrian 0 0 -10 0.06 123.36 77.02 369.96 -10 -10 -10 -100    0 -1000 -1000 -10
393 72 pedestrian 0 0 -10 474.86 163.34 489.99 218.51 -10 -10 -10 -100    0 -1000 -1000 -10
393 66 pedestrian 0 0 -10 348.52 150.27 421.84 303.76 -10 -10 -10 -100    0 -1000 -1000 -10
393 64 pedestrian 0 0 -10 0.00 170.28 79.82 374.00 -10 -10 -10 -100    0 -1000 -1000 -10
393 47 pedestrian 0 0 -10 109.54 183.02 354.40 350.75 -10 -10 -10 -100    0 -1000 -1000 -10
393 61 pedestrian 0 0 -10 64.94 160.42 173.85 374.00 -10 -10 -10 -100    0 -1000 -1000 -10
393 52 pedestrian 0 0 -10 388.28 155.02 564.25 205.45 -10 -10 -10 -100    0 -1000 -1000 -10
394 75 pedestrian 0 0 -10 484.36 161.41 500.20 217.74 -10 -10 -10 -100    0 -1000 -1000 -10
394 74 pedestrian 0 0 -10 340.43 160.48 365.14 226.76 -10 -10 -10 -100    0 -1000 -1000 -10
394 71 pedestrian 0 0 -10 636.59 143.34 669.46 237.43 -10 -10 -10 -100    0 -1000 -1000 -10
394 65 pedestrian 0 0 -10 0.09 147.58 60.41 374.00 -10 -10 -10 -100    0 -1000 -1000 -10
394 72 pedestrian 0 0 -10 470.72 163.05 486.15 218.17 -10 -10 -10 -100    0 -1000 -1000 -10
394 66 pedestrian 0 0 -10 328.13 149.87 413.53 313.89 -10 -10 -10 -100    0 -1000 -1000 -10
394 64 pedestrian 0 0 -10 0.06 171.49 62.76 374.00 -10 -10 -10 -100    0 -1000 -1000 -10
394 47 pedestrian 0 0 -10 88.01 183.77 347.64 358.11 -10 -10 -10 -100    0 -1000 -1000 -10
394 61 pedestrian 0 0 -10 27.31 160.81 158.12 374.00 -10 -10 -10 -100    0 -1000 -1000 -10
394 52 pedestrian 0 0 -10 394.73 152.70 563.82 197.54 -10 -10 -10 -100    0 -1000 -1000 -10
395 75 pedestrian 0 0 -10 479.39 160.95 496.26 217.38 -10 -10 -10 -100    0 -1000 -1000 -10
395 74 pedestrian 0 0 -10 332.05 161.34 362.74 225.98 -10 -10 -10 -100    0 -1000 -1000 -10
395 71 pedestrian 0 0 -10 637.44 142.83 670.59 238.07 -10 -10 -10 -100    0 -1000 -1000 -10
395 66 pedestrian 0 0 -10 310.11 147.22 403.89 323.63 -10 -10 -10 -100    0 -1000 -1000 -10
395 64 pedestrian 0 0 -10 0.13 149.12 48.32 374.00 -10 -10 -10 -100    0 -1000 -1000 -10
395 47 pedestrian 0 0 -10 72.13 184.27 337.69 363.07 -10 -10 -10 -100    0 -1000 -1000 -10
395 61 pedestrian 0 0 -10 0.00 159.83 149.24 374.00 -10 -10 -10 -100    0 -1000 -1000 -10
395 52 pedestrian 0 0 -10 402.92 150.72 567.04 193.44 -10 -10 -10 -100    0 -1000 -1000 -10
396 75 pedestrian 0 0 -10 477.31 160.97 494.88 217.47 -10 -10 -10 -100    0 -1000 -1000 -10
396 74 pedestrian 0 0 -10 325.35 162.03 363.12 224.69 -10 -10 -10 -100    0 -1000 -1000 -10
396 71 pedestrian 0 0 -10 637.67 142.44 671.74 239.00 -10 -10 -10 -100    0 -1000 -1000 -10
396 66 pedestrian 0 0 -10 292.57 146.93 392.66 335.41 -10 -10 -10 -100    0 -1000 -1000 -10
396 64 pedestrian 0 0 -10 0.15 147.43 33.26 374.00 -10 -10 -10 -100    0 -1000 -1000 -10
396 47 pedestrian 0 0 -10 51.66 183.72 335.89 369.32 -10 -10 -10 -100    0 -1000 -1000 -10
396 61 pedestrian 0 0 -10 0.00 160.16 128.02 374.00 -10 -10 -10 -100    0 -1000 -1000 -10
396 52 pedestrian 0 0 -10 401.93 150.99 564.85 193.47 -10 -10 -10 -100    0 -1000 -1000 -10
397 75 pedestrian 0 0 -10 477.63 161.08 495.55 217.55 -10 -10 -10 -100    0 -1000 -1000 -10
397 74 pedestrian 0 0 -10 328.42 161.36 359.44 225.78 -10 -10 -10 -100    0 -1000 -1000 -10
397 71 pedestrian 0 0 -10 640.26 142.62 673.85 240.44 -10 -10 -10 -100    0 -1000 -1000 -10
397 66 pedestrian 0 0 -10 270.78 142.95 383.06 352.88 -10 -10 -10 -100    0 -1000 -1000 -10
397 47 pedestrian 0 0 -10 32.02 183.43 328.05 374.00 -10 -10 -10 -100    0 -1000 -1000 -10
397 61 pedestrian 0 0 -10 0.00 163.57 110.85 374.00 -10 -10 -10 -100    0 -1000 -1000 -10
397 52 pedestrian 0 0 -10 402.41 150.67 562.31 194.26 -10 -10 -10 -100    0 -1000 -1000 -10
398 75 pedestrian 0 0 -10 480.87 160.73 499.08 219.51 -10 -10 -10 -100    0 -1000 -1000 -10
398 74 pedestrian 0 0 -10 327.18 164.18 356.90 225.85 -10 -10 -10 -100    0 -1000 -1000 -10
398 71 pedestrian 0 0 -10 642.69 141.85 677.74 240.51 -10 -10 -10 -100    0 -1000 -1000 -10
398 72 pedestrian 0 0 -10 463.90 162.92 482.41 220.31 -10 -10 -10 -100    0 -1000 -1000 -10
398 66 pedestrian 0 0 -10 242.80 146.03 371.60 368.23 -10 -10 -10 -100    0 -1000 -1000 -10
398 47 pedestrian 0 0 -10 19.14 183.26 326.41 374.00 -10 -10 -10 -100    0 -1000 -1000 -10
398 61 pedestrian 0 0 -10 0.12 161.10 91.30 374.00 -10 -10 -10 -100    0 -1000 -1000 -10
398 52 pedestrian 0 0 -10 409.56 150.94 553.81 197.61 -10 -10 -10 -100    0 -1000 -1000 -10
399 75 pedestrian 0 0 -10 484.00 161.87 501.99 220.31 -10 -10 -10 -100    0 -1000 -1000 -10
399 74 pedestrian 0 0 -10 338.32 165.63 361.57 226.91 -10 -10 -10 -100    0 -1000 -1000 -10
399 71 pedestrian 0 0 -10 647.28 139.79 683.49 242.86 -10 -10 -10 -100    0 -1000 -1000 -10
399 72 pedestrian 0 0 -10 466.75 162.80 485.60 221.12 -10 -10 -10 -100    0 -1000 -1000 -10
399 66 pedestrian 0 0 -10 214.51 145.46 360.78 374.00 -10 -10 -10 -100    0 -1000 -1000 -10
399 47 pedestrian 0 0 -10 5.21 183.07 322.76 374.00 -10 -10 -10 -100    0 -1000 -1000 -10
399 61 pedestrian 0 0 -10 0.00 161.62 83.01 374.00 -10 -10 -10 -100    0 -1000 -1000 -10
399 52 pedestrian 0 0 -10 410.65 151.65 551.40 200.50 -10 -10 -10 -100    0 -1000 -1000 -10
400 75 pedestrian 0 0 -10 488.11 161.55 507.42 221.14 -10 -10 -10 -100    0 -1000 -1000 -10
400 74 pedestrian 0 0 -10 342.67 164.30 366.76 227.27 -10 -10 -10 -100    0 -1000 -1000 -10
400 71 pedestrian 0 0 -10 651.43 140.44 689.85 245.71 -10 -10 -10 -100    0 -1000 -1000 -10
400 76 pedestrian 0 0 -10 641.74 170.94 695.67 234.00 -10 -10 -10 -100    0 -1000 -1000 -10
400 72 pedestrian 0 0 -10 472.30 163.50 490.51 222.32 -10 -10 -10 -100    0 -1000 -1000 -10
400 66 pedestrian 0 0 -10 182.89 148.58 350.67 374.00 -10 -10 -10 -100    0 -1000 -1000 -10
400 47 pedestrian 0 0 -10 0.33 184.35 322.77 374.00 -10 -10 -10 -100    0 -1000 -1000 -10
400 61 pedestrian 0 0 -10 0.00 158.45 67.98 374.00 -10 -10 -10 -100    0 -1000 -1000 -10
400 52 pedestrian 0 0 -10 413.88 151.96 555.82 202.66 -10 -10 -10 -100    0 -1000 -1000 -10
401 75 pedestrian 0 0 -10 477.81 164.63 494.61 221.09 -10 -10 -10 -100    0 -1000 -1000 -10
401 74 pedestrian 0 0 -10 348.08 165.40 371.92 229.63 -10 -10 -10 -100    0 -1000 -1000 -10
401 71 pedestrian 0 0 -10 659.10 142.93 698.57 247.92 -10 -10 -10 -100    0 -1000 -1000 -10
401 76 pedestrian 0 0 -10 644.86 172.37 703.71 237.91 -10 -10 -10 -100    0 -1000 -1000 -10
401 66 pedestrian 0 0 -10 145.57 145.94 339.56 374.00 -10 -10 -10 -100    0 -1000 -1000 -10
401 47 pedestrian 0 0 -10 0.00 187.35 322.36 374.00 -10 -10 -10 -100    0 -1000 -1000 -10
401 52 pedestrian 0 0 -10 421.07 155.18 559.59 207.03 -10 -10 -10 -100    0 -1000 -1000 -10
402 75 pedestrian 0 0 -10 483.80 164.53 500.41 219.70 -10 -10 -10 -100    0 -1000 -1000 -10
402 74 pedestrian 0 0 -10 353.83 167.06 377.49 230.32 -10 -10 -10 -100    0 -1000 -1000 -10
402 71 pedestrian 0 0 -10 667.22 144.35 708.48 251.45 -10 -10 -10 -100    0 -1000 -1000 -10
402 76 pedestrian 0 0 -10 654.24 174.66 714.89 241.78 -10 -10 -10 -100    0 -1000 -1000 -10
402 66 pedestrian 0 0 -10 98.57 145.80 328.44 374.00 -10 -10 -10 -100    0 -1000 -1000 -10
402 47 pedestrian 0 0 -10 0.00 189.85 328.48 374.00 -10 -10 -10 -100    0 -1000 -1000 -10
402 52 pedestrian 0 0 -10 430.16 156.66 565.96 208.72 -10 -10 -10 -100    0 -1000 -1000 -10
403 74 pedestrian 0 0 -10 360.65 167.62 383.74 230.42 -10 -10 -10 -100    0 -1000 -1000 -10
403 71 pedestrian 0 0 -10 674.47 143.67 718.88 253.71 -10 -10 -10 -100    0 -1000 -1000 -10
403 76 pedestrian 0 0 -10 660.90 172.53 728.39 242.26 -10 -10 -10 -100    0 -1000 -1000 -10
403 66 pedestrian 0 0 -10 41.63 140.64 312.05 374.00 -10 -10 -10 -100    0 -1000 -1000 -10
403 47 pedestrian 0 0 -10 0.00 191.06 328.49 374.00 -10 -10 -10 -100    0 -1000 -1000 -10
403 52 pedestrian 0 0 -10 434.46 158.75 572.26 208.37 -10 -10 -10 -100    0 -1000 -1000 -10
404 74 pedestrian 0 0 -10 368.56 166.93 392.41 231.55 -10 -10 -10 -100    0 -1000 -1000 -10
404 71 pedestrian 0 0 -10 685.88 144.98 730.15 256.53 -10 -10 -10 -100    0 -1000 -1000 -10
404 76 pedestrian 0 0 -10 671.62 173.69 742.55 246.67 -10 -10 -10 -100    0 -1000 -1000 -10
404 73 pedestrian 0 0 -10 500.13 167.92 517.44 226.81 -10 -10 -10 -100    0 -1000 -1000 -10
404 66 pedestrian 0 0 -10 0.00 138.19 290.05 374.00 -10 -10 -10 -100    0 -1000 -1000 -10
404 47 pedestrian 0 0 -10 1.86 189.76 332.70 374.00 -10 -10 -10 -100    0 -1000 -1000 -10
404 52 pedestrian 0 0 -10 438.53 160.09 579.49 208.32 -10 -10 -10 -100    0 -1000 -1000 -10
405 74 pedestrian 0 0 -10 380.85 167.71 402.49 231.92 -10 -10 -10 -100    0 -1000 -1000 -10
405 71 pedestrian 0 0 -10 696.74 144.63 743.32 258.92 -10 -10 -10 -100    0 -1000 -1000 -10
405 76 pedestrian 0 0 -10 679.47 175.12 748.64 248.01 -10 -10 -10 -100    0 -1000 -1000 -10
405 73 pedestrian 0 0 -10 508.57 167.55 524.21 224.20 -10 -10 -10 -100    0 -1000 -1000 -10
405 66 pedestrian 0 0 -10 0.23 137.79 262.01 374.00 -10 -10 -10 -100    0 -1000 -1000 -10
405 47 pedestrian 0 0 -10 0.00 191.73 337.28 374.00 -10 -10 -10 -100    0 -1000 -1000 -10
405 52 pedestrian 0 0 -10 442.26 161.59 588.57 208.57 -10 -10 -10 -100    0 -1000 -1000 -10
406 74 pedestrian 0 0 -10 391.75 167.77 412.45 233.40 -10 -10 -10 -100    0 -1000 -1000 -10
406 71 pedestrian 0 0 -10 709.46 144.76 757.19 262.31 -10 -10 -10 -100    0 -1000 -1000 -10
406 76 pedestrian 0 0 -10 691.64 173.89 762.90 245.80 -10 -10 -10 -100    0 -1000 -1000 -10
406 66 pedestrian 0 0 -10 0.01 132.70 229.43 374.00 -10 -10 -10 -100    0 -1000 -1000 -10
406 47 pedestrian 0 0 -10 0.00 193.08 342.59 374.00 -10 -10 -10 -100    0 -1000 -1000 -10
406 52 pedestrian 0 0 -10 446.62 163.46 605.88 208.93 -10 -10 -10 -100    0 -1000 -1000 -10
407 74 pedestrian 0 0 -10 402.29 168.29 421.71 232.47 -10 -10 -10 -100    0 -1000 -1000 -10
407 71 pedestrian 0 0 -10 724.99 144.97 772.88 264.77 -10 -10 -10 -100    0 -1000 -1000 -10
407 76 pedestrian 0 0 -10 703.50 174.39 774.74 244.69 -10 -10 -10 -100    0 -1000 -1000 -10
407 47 pedestrian 0 0 -10 0.00 192.89 348.85 374.00 -10 -10 -10 -100    0 -1000 -1000 -10
407 52 pedestrian 0 0 -10 454.01 164.81 617.39 209.99 -10 -10 -10 -100    0 -1000 -1000 -10
408 71 pedestrian 0 0 -10 740.77 143.54 789.20 267.97 -10 -10 -10 -100    0 -1000 -1000 -10
408 76 pedestrian 0 0 -10 712.34 163.72 785.11 245.98 -10 -10 -10 -100    0 -1000 -1000 -10
408 47 pedestrian 0 0 -10 0.00 193.28 356.98 374.00 -10 -10 -10 -100    0 -1000 -1000 -10
408 52 pedestrian 0 0 -10 464.94 164.93 630.08 210.84 -10 -10 -10 -100    0 -1000 -1000 -10
409 80 pedestrian 0 0 -10 629.66 175.47 676.24 242.23 -10 -10 -10 -100    0 -1000 -1000 -10
409 71 pedestrian 0 0 -10 759.92 144.01 807.54 271.76 -10 -10 -10 -100    0 -1000 -1000 -10
409 76 pedestrian 0 0 -10 719.76 166.22 794.13 248.12 -10 -10 -10 -100    0 -1000 -1000 -10
409 47 pedestrian 0 0 -10 0.00 194.93 362.69 374.00 -10 -10 -10 -100    0 -1000 -1000 -10
409 52 pedestrian 0 0 -10 476.48 165.72 643.54 211.61 -10 -10 -10 -100    0 -1000 -1000 -10
410 80 pedestrian 0 0 -10 640.01 176.84 691.02 244.17 -10 -10 -10 -100    0 -1000 -1000 -10
410 71 pedestrian 0 0 -10 776.31 142.85 824.91 275.02 -10 -10 -10 -100    0 -1000 -1000 -10
410 76 pedestrian 0 0 -10 734.45 162.95 810.32 252.93 -10 -10 -10 -100    0 -1000 -1000 -10
410 47 pedestrian 0 0 -10 0.00 197.34 370.11 374.00 -10 -10 -10 -100    0 -1000 -1000 -10
410 52 pedestrian 0 0 -10 484.49 167.33 655.49 214.61 -10 -10 -10 -100    0 -1000 -1000 -10
411 80 pedestrian 0 0 -10 653.63 177.73 707.45 247.97 -10 -10 -10 -100    0 -1000 -1000 -10
411 71 pedestrian 0 0 -10 795.90 143.92 844.52 280.78 -10 -10 -10 -100    0 -1000 -1000 -10
411 76 pedestrian 0 0 -10 747.76 164.71 826.07 255.35 -10 -10 -10 -100    0 -1000 -1000 -10
411 47 pedestrian 0 0 -10 0.81 198.84 378.27 374.00 -10 -10 -10 -100    0 -1000 -1000 -10
411 52 pedestrian 0 0 -10 496.54 169.19 665.82 215.80 -10 -10 -10 -100    0 -1000 -1000 -10
412 80 pedestrian 0 0 -10 666.49 177.60 726.54 251.78 -10 -10 -10 -100    0 -1000 -1000 -10
412 71 pedestrian 0 0 -10 817.20 143.15 865.70 285.67 -10 -10 -10 -100    0 -1000 -1000 -10
412 76 pedestrian 0 0 -10 760.57 161.15 846.06 259.20 -10 -10 -10 -100    0 -1000 -1000 -10
412 47 pedestrian 0 0 -10 0.14 200.10 385.70 374.00 -10 -10 -10 -100    0 -1000 -1000 -10
412 52 pedestrian 0 0 -10 508.42 170.05 678.20 216.86 -10 -10 -10 -100    0 -1000 -1000 -10
413 80 pedestrian 0 0 -10 680.22 177.46 741.85 256.87 -10 -10 -10 -100    0 -1000 -1000 -10
413 71 pedestrian 0 0 -10 834.97 142.81 885.89 288.50 -10 -10 -10 -100    0 -1000 -1000 -10
413 76 pedestrian 0 0 -10 773.88 163.79 865.48 265.72 -10 -10 -10 -100    0 -1000 -1000 -10
413 47 pedestrian 0 0 -10 0.00 198.37 392.41 374.00 -10 -10 -10 -100    0 -1000 -1000 -10
413 52 pedestrian 0 0 -10 520.16 170.29 689.59 215.45 -10 -10 -10 -100    0 -1000 -1000 -10
414 80 pedestrian 0 0 -10 690.67 175.50 758.48 256.80 -10 -10 -10 -100    0 -1000 -1000 -10
414 71 pedestrian 0 0 -10 853.41 142.31 907.93 293.50 -10 -10 -10 -100    0 -1000 -1000 -10
414 76 pedestrian 0 0 -10 791.15 162.25 886.93 266.66 -10 -10 -10 -100    0 -1000 -1000 -10
414 47 pedestrian 0 0 -10 0.00 199.05 400.02 374.00 -10 -10 -10 -100    0 -1000 -1000 -10
414 52 pedestrian 0 0 -10 527.55 170.37 699.07 215.58 -10 -10 -10 -100    0 -1000 -1000 -10
415 80 pedestrian 0 0 -10 706.66 171.33 776.74 263.44 -10 -10 -10 -100    0 -1000 -1000 -10
415 71 pedestrian 0 0 -10 874.55 140.11 931.57 296.20 -10 -10 -10 -100    0 -1000 -1000 -10
415 76 pedestrian 0 0 -10 808.52 165.03 899.16 269.14 -10 -10 -10 -100    0 -1000 -1000 -10
415 47 pedestrian 0 0 -10 0.00 198.64 408.17 374.00 -10 -10 -10 -100    0 -1000 -1000 -10
415 52 pedestrian 0 0 -10 534.47 170.58 706.61 217.90 -10 -10 -10 -100    0 -1000 -1000 -10
416 80 pedestrian 0 0 -10 714.55 170.01 791.87 269.83 -10 -10 -10 -100    0 -1000 -1000 -10
416 71 pedestrian 0 0 -10 897.28 140.20 957.39 300.84 -10 -10 -10 -100    0 -1000 -1000 -10
416 76 pedestrian 0 0 -10 827.28 165.39 919.93 269.12 -10 -10 -10 -100    0 -1000 -1000 -10
416 47 pedestrian 0 0 -10 0.00 198.29 414.54 374.00 -10 -10 -10 -100    0 -1000 -1000 -10
416 52 pedestrian 0 0 -10 540.36 170.86 715.83 218.53 -10 -10 -10 -100    0 -1000 -1000 -10
417 80 pedestrian 0 0 -10 728.78 166.91 805.76 273.73 -10 -10 -10 -100    0 -1000 -1000 -10
417 71 pedestrian 0 0 -10 925.65 140.20 985.87 306.34 -10 -10 -10 -100    0 -1000 -1000 -10
417 76 pedestrian 0 0 -10 845.17 165.74 936.12 274.83 -10 -10 -10 -100    0 -1000 -1000 -10
417 93 pedestrian 0 0 -10 665.07 168.13 683.78 231.81 -10 -10 -10 -100    0 -1000 -1000 -10
417 47 pedestrian 0 0 -10 0.79 198.40 418.76 374.00 -10 -10 -10 -100    0 -1000 -1000 -10
417 52 pedestrian 0 0 -10 551.40 170.89 728.18 218.40 -10 -10 -10 -100    0 -1000 -1000 -10
418 80 pedestrian 0 0 -10 738.03 165.46 816.74 283.82 -10 -10 -10 -100    0 -1000 -1000 -10
418 71 pedestrian 0 0 -10 948.61 136.18 1014.64 314.62 -10 -10 -10 -100    0 -1000 -1000 -10
418 76 pedestrian 0 0 -10 859.12 166.77 952.70 274.55 -10 -10 -10 -100    0 -1000 -1000 -10
418 93 pedestrian 0 0 -10 674.04 167.95 692.74 230.53 -10 -10 -10 -100    0 -1000 -1000 -10
418 47 pedestrian 0 0 -10 0.00 197.95 421.80 374.00 -10 -10 -10 -100    0 -1000 -1000 -10
418 52 pedestrian 0 0 -10 555.52 171.50 736.57 222.71 -10 -10 -10 -100    0 -1000 -1000 -10
419 80 pedestrian 0 0 -10 744.03 164.25 830.09 289.48 -10 -10 -10 -100    0 -1000 -1000 -10
419 79 pedestrian 0 0 -10 530.63 166.85 554.51 231.59 -10 -10 -10 -100    0 -1000 -1000 -10
419 71 pedestrian 0 0 -10 967.96 134.55 1041.38 319.69 -10 -10 -10 -100    0 -1000 -1000 -10
419 76 pedestrian 0 0 -10 874.72 167.06 968.96 277.44 -10 -10 -10 -100    0 -1000 -1000 -10
419 93 pedestrian 0 0 -10 680.72 168.20 700.08 231.22 -10 -10 -10 -100    0 -1000 -1000 -10
419 47 pedestrian 0 0 -10 0.00 197.29 421.77 374.00 -10 -10 -10 -100    0 -1000 -1000 -10
419 52 pedestrian 0 0 -10 560.56 170.83 746.14 223.69 -10 -10 -10 -100    0 -1000 -1000 -10
420 80 pedestrian 0 0 -10 749.57 165.37 842.42 293.46 -10 -10 -10 -100    0 -1000 -1000 -10
420 79 pedestrian 0 0 -10 535.19 166.74 558.94 231.49 -10 -10 -10 -100    0 -1000 -1000 -10
420 71 pedestrian 0 0 -10 988.93 133.16 1066.14 326.27 -10 -10 -10 -100    0 -1000 -1000 -10
420 76 pedestrian 0 0 -10 887.98 162.17 981.52 274.19 -10 -10 -10 -100    0 -1000 -1000 -10
420 93 pedestrian 0 0 -10 684.54 168.58 705.87 231.47 -10 -10 -10 -100    0 -1000 -1000 -10
420 95 pedestrian 0 0 -10 668.91 169.85 687.27 231.54 -10 -10 -10 -100    0 -1000 -1000 -10
420 47 pedestrian 0 0 -10 3.28 197.17 419.57 374.00 -10 -10 -10 -100    0 -1000 -1000 -10
420 52 pedestrian 0 0 -10 562.40 170.14 751.79 223.27 -10 -10 -10 -100    0 -1000 -1000 -10
421 80 pedestrian 0 0 -10 755.25 164.33 853.72 297.81 -10 -10 -10 -100    0 -1000 -1000 -10
421 79 pedestrian 0 0 -10 538.12 166.42 561.12 231.32 -10 -10 -10 -100    0 -1000 -1000 -10
421 71 pedestrian 0 0 -10 1022.79 124.93 1099.87 337.65 -10 -10 -10 -100    0 -1000 -1000 -10
421 76 pedestrian 0 0 -10 900.13 149.74 987.23 272.69 -10 -10 -10 -100    0 -1000 -1000 -10
421 93 pedestrian 0 0 -10 691.31 164.94 712.63 231.64 -10 -10 -10 -100    0 -1000 -1000 -10
421 95 pedestrian 0 0 -10 672.82 169.51 690.41 230.74 -10 -10 -10 -100    0 -1000 -1000 -10
421 47 pedestrian 0 0 -10 3.35 196.73 415.30 374.00 -10 -10 -10 -100    0 -1000 -1000 -10
421 52 pedestrian 0 0 -10 564.21 169.36 757.58 222.44 -10 -10 -10 -100    0 -1000 -1000 -10
422 80 pedestrian 0 0 -10 758.30 165.02 863.78 300.29 -10 -10 -10 -100    0 -1000 -1000 -10
422 79 pedestrian 0 0 -10 541.11 166.41 563.97 230.34 -10 -10 -10 -100    0 -1000 -1000 -10
422 71 pedestrian 0 0 -10 1055.37 122.35 1131.73 342.85 -10 -10 -10 -100    0 -1000 -1000 -10
422 76 pedestrian 0 0 -10 915.24 140.37 999.75 271.50 -10 -10 -10 -100    0 -1000 -1000 -10
422 93 pedestrian 0 0 -10 696.69 165.66 716.54 229.83 -10 -10 -10 -100    0 -1000 -1000 -10
422 95 pedestrian 0 0 -10 676.90 169.84 693.86 229.88 -10 -10 -10 -100    0 -1000 -1000 -10
422 47 pedestrian 0 0 -10 0.08 196.54 408.97 374.00 -10 -10 -10 -100    0 -1000 -1000 -10
422 52 pedestrian 0 0 -10 564.75 169.64 759.76 222.34 -10 -10 -10 -100    0 -1000 -1000 -10
423 80 pedestrian 0 0 -10 765.91 163.59 870.00 300.46 -10 -10 -10 -100    0 -1000 -1000 -10
423 79 pedestrian 0 0 -10 542.64 165.53 565.49 230.30 -10 -10 -10 -100    0 -1000 -1000 -10
423 71 pedestrian 0 0 -10 1084.15 117.96 1167.04 355.49 -10 -10 -10 -100    0 -1000 -1000 -10
423 76 pedestrian 0 0 -10 922.08 146.47 1010.59 277.75 -10 -10 -10 -100    0 -1000 -1000 -10
423 93 pedestrian 0 0 -10 697.58 165.22 717.89 230.37 -10 -10 -10 -100    0 -1000 -1000 -10
423 95 pedestrian 0 0 -10 679.25 168.77 696.82 230.75 -10 -10 -10 -100    0 -1000 -1000 -10
423 47 pedestrian 0 0 -10 1.48 196.65 401.51 374.00 -10 -10 -10 -100    0 -1000 -1000 -10
423 52 pedestrian 0 0 -10 567.63 169.71 761.56 221.04 -10 -10 -10 -100    0 -1000 -1000 -10
424 80 pedestrian 0 0 -10 777.90 168.06 874.94 293.18 -10 -10 -10 -100    0 -1000 -1000 -10
424 79 pedestrian 0 0 -10 544.74 167.29 567.25 231.88 -10 -10 -10 -100    0 -1000 -1000 -10
424 71 pedestrian 0 0 -10 1108.04 115.49 1195.35 373.77 -10 -10 -10 -100    0 -1000 -1000 -10
424 76 pedestrian 0 0 -10 929.51 153.07 1019.30 289.29 -10 -10 -10 -100    0 -1000 -1000 -10
424 93 pedestrian 0 0 -10 700.85 166.68 719.43 232.08 -10 -10 -10 -100    0 -1000 -1000 -10
424 95 pedestrian 0 0 -10 680.97 169.26 698.22 231.13 -10 -10 -10 -100    0 -1000 -1000 -10
424 47 pedestrian 0 0 -10 0.00 198.45 391.07 374.00 -10 -10 -10 -100    0 -1000 -1000 -10
424 52 pedestrian 0 0 -10 569.15 171.33 761.66 219.54 -10 -10 -10 -100    0 -1000 -1000 -10
425 80 pedestrian 0 0 -10 783.25 169.75 881.36 294.43 -10 -10 -10 -100    0 -1000 -1000 -10
425 79 pedestrian 0 0 -10 544.19 167.00 566.79 234.36 -10 -10 -10 -100    0 -1000 -1000 -10
425 71 pedestrian 0 0 -10 1134.85 112.99 1224.30 374.00 -10 -10 -10 -100    0 -1000 -1000 -10
425 76 pedestrian 0 0 -10 932.35 158.25 1031.73 299.33 -10 -10 -10 -100    0 -1000 -1000 -10
425 93 pedestrian 0 0 -10 701.24 168.25 719.99 233.99 -10 -10 -10 -100    0 -1000 -1000 -10
425 95 pedestrian 0 0 -10 680.61 170.75 698.48 233.72 -10 -10 -10 -100    0 -1000 -1000 -10
425 47 pedestrian 0 0 -10 0.00 200.32 371.34 374.00 -10 -10 -10 -100    0 -1000 -1000 -10
425 52 pedestrian 0 0 -10 568.30 171.77 761.84 219.17 -10 -10 -10 -100    0 -1000 -1000 -10
426 80 pedestrian 0 0 -10 785.35 171.40 887.83 297.71 -10 -10 -10 -100    0 -1000 -1000 -10
426 79 pedestrian 0 0 -10 541.63 165.89 564.31 233.64 -10 -10 -10 -100    0 -1000 -1000 -10
426 71 pedestrian 0 0 -10 1123.60 108.20 1238.00 374.00 -10 -10 -10 -100    0 -1000 -1000 -10
426 76 pedestrian 0 0 -10 943.96 160.68 1045.73 302.90 -10 -10 -10 -100    0 -1000 -1000 -10
426 93 pedestrian 0 0 -10 701.19 167.15 720.85 233.24 -10 -10 -10 -100    0 -1000 -1000 -10
426 95 pedestrian 0 0 -10 679.33 170.04 696.50 232.28 -10 -10 -10 -100    0 -1000 -1000 -10
426 47 pedestrian 0 0 -10 0.08 201.82 348.51 374.00 -10 -10 -10 -100    0 -1000 -1000 -10
426 52 pedestrian 0 0 -10 564.78 171.53 760.42 218.23 -10 -10 -10 -100    0 -1000 -1000 -10
427 80 pedestrian 0 0 -10 784.60 172.41 896.07 302.91 -10 -10 -10 -100    0 -1000 -1000 -10
427 79 pedestrian 0 0 -10 538.97 166.70 561.02 234.93 -10 -10 -10 -100    0 -1000 -1000 -10
427 71 pedestrian 0 0 -10 1148.29 110.12 1237.96 374.00 -10 -10 -10 -100    0 -1000 -1000 -10
427 76 pedestrian 0 0 -10 949.38 163.41 1058.43 309.73 -10 -10 -10 -100    0 -1000 -1000 -10
427 93 pedestrian 0 0 -10 701.93 168.08 721.45 234.03 -10 -10 -10 -100    0 -1000 -1000 -10
427 95 pedestrian 0 0 -10 677.32 171.20 694.58 234.00 -10 -10 -10 -100    0 -1000 -1000 -10
427 47 pedestrian 0 0 -10 0.48 203.12 325.47 374.00 -10 -10 -10 -100    0 -1000 -1000 -10
427 52 pedestrian 0 0 -10 565.39 171.45 758.29 217.19 -10 -10 -10 -100    0 -1000 -1000 -10
428 80 pedestrian 0 0 -10 780.53 173.44 905.32 307.10 -10 -10 -10 -100    0 -1000 -1000 -10
428 79 pedestrian 0 0 -10 533.78 167.86 557.60 237.23 -10 -10 -10 -100    0 -1000 -1000 -10
428 96 pedestrian 0 0 -10 411.94 175.11 513.96 229.45 -10 -10 -10 -100    0 -1000 -1000 -10
428 76 pedestrian 0 0 -10 947.86 158.30 1073.00 310.93 -10 -10 -10 -100    0 -1000 -1000 -10
428 93 pedestrian 0 0 -10 700.81 169.98 720.61 235.78 -10 -10 -10 -100    0 -1000 -1000 -10
428 95 pedestrian 0 0 -10 675.05 173.15 693.93 235.93 -10 -10 -10 -100    0 -1000 -1000 -10
428 47 pedestrian 0 0 -10 0.03 206.84 294.73 374.00 -10 -10 -10 -100    0 -1000 -1000 -10
428 52 pedestrian 0 0 -10 575.38 171.41 753.67 214.81 -10 -10 -10 -100    0 -1000 -1000 -10
429 80 pedestrian 0 0 -10 777.98 172.59 915.81 313.21 -10 -10 -10 -100    0 -1000 -1000 -10
429 79 pedestrian 0 0 -10 531.08 168.26 555.22 236.63 -10 -10 -10 -100    0 -1000 -1000 -10
429 96 pedestrian 0 0 -10 406.74 174.29 510.35 232.67 -10 -10 -10 -100    0 -1000 -1000 -10
429 76 pedestrian 0 0 -10 949.61 155.70 1091.82 282.73 -10 -10 -10 -100    0 -1000 -1000 -10
429 93 pedestrian 0 0 -10 698.85 169.94 718.84 236.07 -10 -10 -10 -100    0 -1000 -1000 -10
429 95 pedestrian 0 0 -10 673.65 171.54 692.77 235.55 -10 -10 -10 -100    0 -1000 -1000 -10
429 47 pedestrian 0 0 -10 0.00 210.86 254.66 374.00 -10 -10 -10 -100    0 -1000 -1000 -10
429 52 pedestrian 0 0 -10 587.72 169.12 748.70 211.58 -10 -10 -10 -100    0 -1000 -1000 -10
430 80 pedestrian 0 0 -10 778.20 171.63 922.76 319.91 -10 -10 -10 -100    0 -1000 -1000 -10
430 79 pedestrian 0 0 -10 526.84 168.75 551.78 237.46 -10 -10 -10 -100    0 -1000 -1000 -10
430 96 pedestrian 0 0 -10 398.53 172.76 506.08 234.25 -10 -10 -10 -100    0 -1000 -1000 -10
430 76 pedestrian 0 0 -10 959.88 152.88 1114.97 293.60 -10 -10 -10 -100    0 -1000 -1000 -10
430 93 pedestrian 0 0 -10 698.85 170.64 718.07 235.90 -10 -10 -10 -100    0 -1000 -1000 -10
430 95 pedestrian 0 0 -10 672.61 173.73 692.50 236.19 -10 -10 -10 -100    0 -1000 -1000 -10
430 47 pedestrian 0 0 -10 0.00 215.32 207.83 374.00 -10 -10 -10 -100    0 -1000 -1000 -10
430 52 pedestrian 0 0 -10 586.90 169.00 747.69 211.68 -10 -10 -10 -100    0 -1000 -1000 -10
431 80 pedestrian 0 0 -10 776.29 172.88 935.44 329.05 -10 -10 -10 -100    0 -1000 -1000 -10
431 79 pedestrian 0 0 -10 523.33 168.11 548.06 237.57 -10 -10 -10 -100    0 -1000 -1000 -10
431 96 pedestrian 0 0 -10 392.78 172.09 504.56 235.60 -10 -10 -10 -100    0 -1000 -1000 -10
431 76 pedestrian 0 0 -10 966.58 151.30 1127.40 297.05 -10 -10 -10 -100    0 -1000 -1000 -10
431 93 pedestrian 0 0 -10 696.28 167.69 715.35 237.05 -10 -10 -10 -100    0 -1000 -1000 -10
431 95 pedestrian 0 0 -10 670.78 171.16 690.65 236.59 -10 -10 -10 -100    0 -1000 -1000 -10
431 47 pedestrian 0 0 -10 0.00 237.03 134.41 374.00 -10 -10 -10 -100    0 -1000 -1000 -10
431 52 pedestrian 0 0 -10 585.24 168.53 746.37 212.30 -10 -10 -10 -100    0 -1000 -1000 -10
432 80 pedestrian 0 0 -10 774.83 173.93 947.55 338.78 -10 -10 -10 -100    0 -1000 -1000 -10
432 79 pedestrian 0 0 -10 519.18 168.62 544.01 239.34 -10 -10 -10 -100    0 -1000 -1000 -10
432 96 pedestrian 0 0 -10 380.28 171.60 501.27 235.46 -10 -10 -10 -100    0 -1000 -1000 -10
432 76 pedestrian 0 0 -10 988.76 151.05 1111.70 315.91 -10 -10 -10 -100    0 -1000 -1000 -10
432 93 pedestrian 0 0 -10 694.26 168.19 713.94 237.51 -10 -10 -10 -100    0 -1000 -1000 -10
432 95 pedestrian 0 0 -10 669.89 172.01 689.92 238.32 -10 -10 -10 -100    0 -1000 -1000 -10
432 52 pedestrian 0 0 -10 579.53 169.67 743.67 214.46 -10 -10 -10 -100    0 -1000 -1000 -10
433 80 pedestrian 0 0 -10 775.39 166.67 911.27 306.75 -10 -10 -10 -100    0 -1000 -1000 -10
433 79 pedestrian 0 0 -10 514.94 168.22 539.71 239.38 -10 -10 -10 -100    0 -1000 -1000 -10
433 96 pedestrian 0 0 -10 372.49 170.24 494.33 232.28 -10 -10 -10 -100    0 -1000 -1000 -10
433 76 pedestrian 0 0 -10 1001.53 145.50 1122.92 323.96 -10 -10 -10 -100    0 -1000 -1000 -10
433 93 pedestrian 0 0 -10 690.55 169.75 710.84 237.94 -10 -10 -10 -100    0 -1000 -1000 -10
433 95 pedestrian 0 0 -10 667.21 173.19 688.46 239.88 -10 -10 -10 -100    0 -1000 -1000 -10
433 52 pedestrian 0 0 -10 571.89 168.87 741.37 218.16 -10 -10 -10 -100    0 -1000 -1000 -10
434 80 pedestrian 0 0 -10 781.28 167.85 931.47 324.05 -10 -10 -10 -100    0 -1000 -1000 -10
434 79 pedestrian 0 0 -10 510.15 166.94 536.14 240.41 -10 -10 -10 -100    0 -1000 -1000 -10
434 96 pedestrian 0 0 -10 358.29 169.64 486.76 232.51 -10 -10 -10 -100    0 -1000 -1000 -10
434 76 pedestrian 0 0 -10 1006.99 143.18 1141.93 332.17 -10 -10 -10 -100    0 -1000 -1000 -10
434 93 pedestrian 0 0 -10 686.64 167.83 707.90 238.78 -10 -10 -10 -100    0 -1000 -1000 -10
434 95 pedestrian 0 0 -10 664.49 171.06 686.53 240.54 -10 -10 -10 -100    0 -1000 -1000 -10
434 52 pedestrian 0 0 -10 567.25 168.34 739.16 220.62 -10 -10 -10 -100    0 -1000 -1000 -10
435 80 pedestrian 0 0 -10 783.97 167.34 946.02 337.03 -10 -10 -10 -100    0 -1000 -1000 -10
435 79 pedestrian 0 0 -10 506.96 165.36 532.92 239.89 -10 -10 -10 -100    0 -1000 -1000 -10
435 96 pedestrian 0 0 -10 344.86 168.30 484.18 233.89 -10 -10 -10 -100    0 -1000 -1000 -10
435 76 pedestrian 0 0 -10 1017.51 142.68 1166.19 341.04 -10 -10 -10 -100    0 -1000 -1000 -10
435 93 pedestrian 0 0 -10 685.05 168.03 707.19 239.52 -10 -10 -10 -100    0 -1000 -1000 -10
435 95 pedestrian 0 0 -10 663.02 172.29 685.27 240.57 -10 -10 -10 -100    0 -1000 -1000 -10
435 52 pedestrian 0 0 -10 564.59 167.90 740.42 221.15 -10 -10 -10 -100    0 -1000 -1000 -10
436 80 pedestrian 0 0 -10 783.84 166.83 960.92 349.66 -10 -10 -10 -100    0 -1000 -1000 -10
436 79 pedestrian 0 0 -10 502.35 164.75 528.89 239.90 -10 -10 -10 -100    0 -1000 -1000 -10
436 96 pedestrian 0 0 -10 335.05 167.68 480.65 234.98 -10 -10 -10 -100    0 -1000 -1000 -10
436 76 pedestrian 0 0 -10 1033.52 145.52 1187.91 346.06 -10 -10 -10 -100    0 -1000 -1000 -10
436 93 pedestrian 0 0 -10 681.74 165.86 705.60 241.16 -10 -10 -10 -100    0 -1000 -1000 -10
436 95 pedestrian 0 0 -10 661.21 171.85 684.34 240.83 -10 -10 -10 -100    0 -1000 -1000 -10
436 52 pedestrian 0 0 -10 562.24 167.37 741.45 220.94 -10 -10 -10 -100    0 -1000 -1000 -10
437 80 pedestrian 0 0 -10 787.38 168.38 974.98 357.17 -10 -10 -10 -100    0 -1000 -1000 -10
437 79 pedestrian 0 0 -10 498.85 164.21 525.66 240.61 -10 -10 -10 -100    0 -1000 -1000 -10
437 96 pedestrian 0 0 -10 326.16 168.56 477.06 235.27 -10 -10 -10 -100    0 -1000 -1000 -10
437 76 pedestrian 0 0 -10 1048.10 149.08 1216.86 352.70 -10 -10 -10 -100    0 -1000 -1000 -10
437 93 pedestrian 0 0 -10 680.14 167.32 704.56 241.73 -10 -10 -10 -100    0 -1000 -1000 -10
437 95 pedestrian 0 0 -10 659.91 170.62 683.15 241.69 -10 -10 -10 -100    0 -1000 -1000 -10
437 52 pedestrian 0 0 -10 556.73 167.21 737.84 221.51 -10 -10 -10 -100    0 -1000 -1000 -10
438 80 pedestrian 0 0 -10 784.36 168.70 995.21 370.29 -10 -10 -10 -100    0 -1000 -1000 -10
438 79 pedestrian 0 0 -10 494.23 163.31 522.25 241.06 -10 -10 -10 -100    0 -1000 -1000 -10
438 96 pedestrian 0 0 -10 307.15 168.48 471.62 237.73 -10 -10 -10 -100    0 -1000 -1000 -10
438 76 pedestrian 0 0 -10 1087.61 152.05 1237.64 356.93 -10 -10 -10 -100    0 -1000 -1000 -10
438 93 pedestrian 0 0 -10 678.84 167.11 703.77 241.13 -10 -10 -10 -100    0 -1000 -1000 -10
438 95 pedestrian 0 0 -10 659.24 171.42 682.25 240.85 -10 -10 -10 -100    0 -1000 -1000 -10
438 52 pedestrian 0 0 -10 547.71 165.78 746.16 219.42 -10 -10 -10 -100    0 -1000 -1000 -10
439 80 pedestrian 0 0 -10 783.44 165.58 1013.20 374.00 -10 -10 -10 -100    0 -1000 -1000 -10
439 79 pedestrian 0 0 -10 492.24 163.02 519.68 239.11 -10 -10 -10 -100    0 -1000 -1000 -10
439 96 pedestrian 0 0 -10 295.15 168.96 466.85 238.98 -10 -10 -10 -100    0 -1000 -1000 -10
439 76 pedestrian 0 0 -10 1079.66 152.05 1184.41 334.76 -10 -10 -10 -100    0 -1000 -1000 -10
439 93 pedestrian 0 0 -10 677.16 165.52 701.96 240.58 -10 -10 -10 -100    0 -1000 -1000 -10
439 95 pedestrian 0 0 -10 659.12 169.59 682.25 240.80 -10 -10 -10 -100    0 -1000 -1000 -10
439 52 pedestrian 0 0 -10 542.59 163.94 752.55 217.81 -10 -10 -10 -100    0 -1000 -1000 -10
440 80 pedestrian 0 0 -10 783.68 163.89 1039.55 374.00 -10 -10 -10 -100    0 -1000 -1000 -10
440 79 pedestrian 0 0 -10 488.52 162.61 515.97 240.66 -10 -10 -10 -100    0 -1000 -1000 -10
440 96 pedestrian 0 0 -10 276.44 170.21 462.88 242.86 -10 -10 -10 -100    0 -1000 -1000 -10
440 76 pedestrian 0 0 -10 1094.00 150.55 1209.55 342.51 -10 -10 -10 -100    0 -1000 -1000 -10
440 93 pedestrian 0 0 -10 675.35 164.12 700.88 241.16 -10 -10 -10 -100    0 -1000 -1000 -10
440 95 pedestrian 0 0 -10 658.54 168.56 683.22 242.31 -10 -10 -10 -100    0 -1000 -1000 -10
440 52 pedestrian 0 0 -10 535.47 163.02 764.88 218.18 -10 -10 -10 -100    0 -1000 -1000 -10
441 80 pedestrian 0 0 -10 783.04 163.20 1069.88 374.00 -10 -10 -10 -100    0 -1000 -1000 -10
441 79 pedestrian 0 0 -10 484.44 159.91 511.93 241.34 -10 -10 -10 -100    0 -1000 -1000 -10
441 96 pedestrian 0 0 -10 254.67 169.99 456.38 244.85 -10 -10 -10 -100    0 -1000 -1000 -10
441 76 pedestrian 0 0 -10 1109.88 148.94 1235.66 348.80 -10 -10 -10 -100    0 -1000 -1000 -10
441 93 pedestrian 0 0 -10 674.37 164.23 701.13 241.59 -10 -10 -10 -100    0 -1000 -1000 -10
441 95 pedestrian 0 0 -10 656.46 168.22 680.46 242.49 -10 -10 -10 -100    0 -1000 -1000 -10
441 52 pedestrian 0 0 -10 529.58 161.56 769.47 218.48 -10 -10 -10 -100    0 -1000 -1000 -10
442 96 pedestrian 0 0 -10 235.07 170.09 449.12 245.96 -10 -10 -10 -100    0 -1000 -1000 -10
442 76 pedestrian 0 0 -10 1135.50 147.67 1237.48 362.04 -10 -10 -10 -100    0 -1000 -1000 -10
442 93 pedestrian 0 0 -10 673.99 163.80 700.89 242.06 -10 -10 -10 -100    0 -1000 -1000 -10
442 79 pedestrian 0 0 -10 480.90 159.56 507.72 241.05 -10 -10 -10 -100    0 -1000 -1000 -10
442 95 pedestrian 0 0 -10 655.37 166.13 679.79 242.88 -10 -10 -10 -100    0 -1000 -1000 -10
442 80 pedestrian 0 0 -10 781.39 162.22 1107.48 374.00 -10 -10 -10 -100    0 -1000 -1000 -10
442 52 pedestrian 0 0 -10 525.90 159.91 771.14 219.42 -10 -10 -10 -100    0 -1000 -1000 -10
443 96 pedestrian 0 0 -10 208.92 167.37 440.20 248.85 -10 -10 -10 -100    0 -1000 -1000 -10
443 76 pedestrian 0 0 -10 1164.00 140.15 1237.61 374.00 -10 -10 -10 -100    0 -1000 -1000 -10
443 93 pedestrian 0 0 -10 675.64 161.11 703.34 241.30 -10 -10 -10 -100    0 -1000 -1000 -10
443 79 pedestrian 0 0 -10 478.75 158.67 504.22 240.64 -10 -10 -10 -100    0 -1000 -1000 -10
443 95 pedestrian 0 0 -10 655.98 166.69 679.78 241.72 -10 -10 -10 -100    0 -1000 -1000 -10
443 80 pedestrian 0 0 -10 777.34 158.97 1157.95 374.00 -10 -10 -10 -100    0 -1000 -1000 -10
443 52 pedestrian 0 0 -10 526.44 158.08 772.02 217.79 -10 -10 -10 -100    0 -1000 -1000 -10
444 96 pedestrian 0 0 -10 182.65 167.66 436.71 253.77 -10 -10 -10 -100    0 -1000 -1000 -10
444 76 pedestrian 0 0 -10 1186.66 137.82 1238.00 374.00 -10 -10 -10 -100    0 -1000 -1000 -10
444 93 pedestrian 0 0 -10 679.96 159.78 705.18 241.12 -10 -10 -10 -100    0 -1000 -1000 -10
444 79 pedestrian 0 0 -10 476.10 159.86 501.89 240.78 -10 -10 -10 -100    0 -1000 -1000 -10
444 95 pedestrian 0 0 -10 656.06 164.56 680.07 242.46 -10 -10 -10 -100    0 -1000 -1000 -10
444 80 pedestrian 0 0 -10 779.02 152.88 1215.33 374.00 -10 -10 -10 -100    0 -1000 -1000 -10
444 52 pedestrian 0 0 -10 532.09 156.28 741.06 211.09 -10 -10 -10 -100    0 -1000 -1000 -10
445 93 pedestrian 0 0 -10 680.71 158.56 706.07 241.84 -10 -10 -10 -100    0 -1000 -1000 -10
445 79 pedestrian 0 0 -10 470.68 158.57 497.90 243.15 -10 -10 -10 -100    0 -1000 -1000 -10
445 96 pedestrian 0 0 -10 155.31 166.74 432.05 259.32 -10 -10 -10 -100    0 -1000 -1000 -10
445 95 pedestrian 0 0 -10 655.96 164.05 679.83 243.46 -10 -10 -10 -100    0 -1000 -1000 -10
445 80 pedestrian 0 0 -10 778.29 150.70 1237.21 374.00 -10 -10 -10 -100    0 -1000 -1000 -10
445 52 pedestrian 0 0 -10 534.17 156.34 734.96 210.41 -10 -10 -10 -100    0 -1000 -1000 -10
446 93 pedestrian 0 0 -10 681.29 158.25 708.08 242.97 -10 -10 -10 -100    0 -1000 -1000 -10
446 79 pedestrian 0 0 -10 465.50 157.31 495.97 245.11 -10 -10 -10 -100    0 -1000 -1000 -10
446 96 pedestrian 0 0 -10 128.11 167.29 427.62 267.03 -10 -10 -10 -100    0 -1000 -1000 -10
446 95 pedestrian 0 0 -10 655.44 163.68 679.46 243.64 -10 -10 -10 -100    0 -1000 -1000 -10
446 80 pedestrian 0 0 -10 782.08 154.87 1232.66 374.00 -10 -10 -10 -100    0 -1000 -1000 -10
446 52 pedestrian 0 0 -10 534.63 156.26 733.59 210.13 -10 -10 -10 -100    0 -1000 -1000 -10
447 93 pedestrian 0 0 -10 680.82 157.30 708.49 244.21 -10 -10 -10 -100    0 -1000 -1000 -10
447 79 pedestrian 0 0 -10 459.69 157.73 491.93 247.36 -10 -10 -10 -100    0 -1000 -1000 -10
447 96 pedestrian 0 0 -10 68.64 169.12 422.15 275.71 -10 -10 -10 -100    0 -1000 -1000 -10
447 95 pedestrian 0 0 -10 655.27 163.44 679.75 245.09 -10 -10 -10 -100    0 -1000 -1000 -10
447 80 pedestrian 0 0 -10 788.95 155.92 1238.00 374.00 -10 -10 -10 -100    0 -1000 -1000 -10
447 52 pedestrian 0 0 -10 531.22 155.83 738.80 210.75 -10 -10 -10 -100    0 -1000 -1000 -10
448 93 pedestrian 0 0 -10 680.32 156.20 709.33 244.09 -10 -10 -10 -100    0 -1000 -1000 -10
448 79 pedestrian 0 0 -10 457.26 157.80 489.37 249.31 -10 -10 -10 -100    0 -1000 -1000 -10
448 96 pedestrian 0 0 -10 26.61 170.02 412.91 288.20 -10 -10 -10 -100    0 -1000 -1000 -10
448 95 pedestrian 0 0 -10 655.83 161.34 680.84 244.66 -10 -10 -10 -100    0 -1000 -1000 -10
448 80 pedestrian 0 0 -10 782.07 153.13 1237.20 374.00 -10 -10 -10 -100    0 -1000 -1000 -10
448 52 pedestrian 0 0 -10 525.97 155.89 744.92 212.09 -10 -10 -10 -100    0 -1000 -1000 -10
449 93 pedestrian 0 0 -10 678.26 155.54 708.64 245.84 -10 -10 -10 -100    0 -1000 -1000 -10
449 79 pedestrian 0 0 -10 456.60 158.04 486.61 249.77 -10 -10 -10 -100    0 -1000 -1000 -10
449 96 pedestrian 0 0 -10 2.23 170.36 413.29 299.11 -10 -10 -10 -100    0 -1000 -1000 -10
449 95 pedestrian 0 0 -10 657.54 159.42 685.34 247.27 -10 -10 -10 -100    0 -1000 -1000 -10
449 80 pedestrian 0 0 -10 784.43 148.23 1236.92 374.00 -10 -10 -10 -100    0 -1000 -1000 -10
449 52 pedestrian 0 0 -10 521.19 155.90 750.11 216.73 -10 -10 -10 -100    0 -1000 -1000 -10
450 93 pedestrian 0 0 -10 678.82 155.82 709.55 244.36 -10 -10 -10 -100    0 -1000 -1000 -10
450 79 pedestrian 0 0 -10 455.63 156.88 485.89 249.50 -10 -10 -10 -100    0 -1000 -1000 -10
450 96 pedestrian 0 0 -10 0.00 169.87 409.72 306.95 -10 -10 -10 -100    0 -1000 -1000 -10
450 98 pedestrian 0 0 -10 601.60 162.17 623.97 210.90 -10 -10 -10 -100    0 -1000 -1000 -10
450 95 pedestrian 0 0 -10 657.88 159.10 684.82 245.18 -10 -10 -10 -100    0 -1000 -1000 -10
450 80 pedestrian 0 0 -10 785.25 148.66 1237.92 374.00 -10 -10 -10 -100    0 -1000 -1000 -10
450 52 pedestrian 0 0 -10 516.52 155.29 754.38 219.30 -10 -10 -10 -100    0 -1000 -1000 -10
451 93 pedestrian 0 0 -10 680.99 154.27 711.83 244.04 -10 -10 -10 -100    0 -1000 -1000 -10
451 79 pedestrian 0 0 -10 453.57 156.79 483.09 250.25 -10 -10 -10 -100    0 -1000 -1000 -10
451 96 pedestrian 0 0 -10 0.00 167.73 404.61 318.35 -10 -10 -10 -100    0 -1000 -1000 -10
451 98 pedestrian 0 0 -10 599.67 158.89 621.56 210.41 -10 -10 -10 -100    0 -1000 -1000 -10
451 95 pedestrian 0 0 -10 660.05 157.41 687.09 244.68 -10 -10 -10 -100    0 -1000 -1000 -10
451 80 pedestrian 0 0 -10 790.50 147.59 1237.73 374.00 -10 -10 -10 -100    0 -1000 -1000 -10
451 52 pedestrian 0 0 -10 513.34 153.38 758.53 219.27 -10 -10 -10 -100    0 -1000 -1000 -10
452 93 pedestrian 0 0 -10 685.30 151.58 716.98 245.73 -10 -10 -10 -100    0 -1000 -1000 -10
452 79 pedestrian 0 0 -10 450.93 155.41 479.37 250.10 -10 -10 -10 -100    0 -1000 -1000 -10
452 96 pedestrian 0 0 -10 0.00 166.96 396.77 331.50 -10 -10 -10 -100    0 -1000 -1000 -10
452 98 pedestrian 0 0 -10 597.54 157.11 619.93 210.64 -10 -10 -10 -100    0 -1000 -1000 -10
452 95 pedestrian 0 0 -10 662.42 154.79 690.64 245.27 -10 -10 -10 -100    0 -1000 -1000 -10
452 80 pedestrian 0 0 -10 842.25 168.61 1238.00 374.00 -10 -10 -10 -100    0 -1000 -1000 -10
452 52 pedestrian 0 0 -10 511.51 151.16 760.36 221.04 -10 -10 -10 -100    0 -1000 -1000 -10
453 93 pedestrian 0 0 -10 688.44 149.18 720.99 244.06 -10 -10 -10 -100    0 -1000 -1000 -10
453 79 pedestrian 0 0 -10 447.57 153.41 477.71 251.05 -10 -10 -10 -100    0 -1000 -1000 -10
453 96 pedestrian 0 0 -10 0.00 162.83 393.46 344.48 -10 -10 -10 -100    0 -1000 -1000 -10
453 98 pedestrian 0 0 -10 596.03 155.52 619.58 209.60 -10 -10 -10 -100    0 -1000 -1000 -10
453 95 pedestrian 0 0 -10 663.77 152.66 693.30 245.59 -10 -10 -10 -100    0 -1000 -1000 -10
453 80 pedestrian 0 0 -10 874.38 172.05 1238.00 374.00 -10 -10 -10 -100    0 -1000 -1000 -10
453 52 pedestrian 0 0 -10 512.16 149.41 767.94 221.07 -10 -10 -10 -100    0 -1000 -1000 -10
454 93 pedestrian 0 0 -10 692.99 149.00 726.60 245.89 -10 -10 -10 -100    0 -1000 -1000 -10
454 79 pedestrian 0 0 -10 445.61 153.55 477.25 252.44 -10 -10 -10 -100    0 -1000 -1000 -10
454 96 pedestrian 0 0 -10 0.00 163.76 388.95 373.44 -10 -10 -10 -100    0 -1000 -1000 -10
454 98 pedestrian 0 0 -10 593.67 155.84 617.56 211.18 -10 -10 -10 -100    0 -1000 -1000 -10
454 95 pedestrian 0 0 -10 666.32 153.11 696.45 247.28 -10 -10 -10 -100    0 -1000 -1000 -10
454 80 pedestrian 0 0 -10 900.78 175.59 1237.98 374.00 -10 -10 -10 -100    0 -1000 -1000 -10
454 52 pedestrian 0 0 -10 511.05 149.81 773.66 222.70 -10 -10 -10 -100    0 -1000 -1000 -10
455 93 pedestrian 0 0 -10 696.24 150.17 728.58 249.00 -10 -10 -10 -100    0 -1000 -1000 -10
455 79 pedestrian 0 0 -10 441.19 154.92 476.04 255.87 -10 -10 -10 -100    0 -1000 -1000 -10
455 96 pedestrian 0 0 -10 0.17 165.65 387.34 374.00 -10 -10 -10 -100    0 -1000 -1000 -10
455 98 pedestrian 0 0 -10 591.23 157.07 615.13 215.12 -10 -10 -10 -100    0 -1000 -1000 -10
455 95 pedestrian 0 0 -10 668.30 155.72 697.70 250.25 -10 -10 -10 -100    0 -1000 -1000 -10
455 80 pedestrian 0 0 -10 929.43 185.11 1238.00 374.00 -10 -10 -10 -100    0 -1000 -1000 -10
455 52 pedestrian 0 0 -10 508.45 150.58 773.05 225.56 -10 -10 -10 -100    0 -1000 -1000 -10
456 93 pedestrian 0 0 -10 700.30 153.11 732.99 253.34 -10 -10 -10 -100    0 -1000 -1000 -10
456 79 pedestrian 0 0 -10 439.23 157.89 475.43 259.62 -10 -10 -10 -100    0 -1000 -1000 -10
456 96 pedestrian 0 0 -10 0.02 167.70 379.85 374.00 -10 -10 -10 -100    0 -1000 -1000 -10
456 98 pedestrian 0 0 -10 589.95 159.09 613.81 217.40 -10 -10 -10 -100    0 -1000 -1000 -10
456 95 pedestrian 0 0 -10 670.77 157.62 699.89 254.93 -10 -10 -10 -100    0 -1000 -1000 -10
456 80 pedestrian 0 0 -10 935.74 183.77 1238.00 374.00 -10 -10 -10 -100    0 -1000 -1000 -10
456 52 pedestrian 0 0 -10 516.18 153.93 783.54 225.12 -10 -10 -10 -100    0 -1000 -1000 -10
457 93 pedestrian 0 0 -10 704.91 152.99 737.95 256.65 -10 -10 -10 -100    0 -1000 -1000 -10
457 79 pedestrian 0 0 -10 435.02 160.26 473.37 263.47 -10 -10 -10 -100    0 -1000 -1000 -10
457 96 pedestrian 0 0 -10 0.62 169.57 380.13 374.00 -10 -10 -10 -100    0 -1000 -1000 -10
457 98 pedestrian 0 0 -10 586.89 159.12 611.39 220.00 -10 -10 -10 -100    0 -1000 -1000 -10
457 95 pedestrian 0 0 -10 672.52 159.31 701.46 257.36 -10 -10 -10 -100    0 -1000 -1000 -10
457 80 pedestrian 0 0 -10 946.03 202.65 1178.22 374.00 -10 -10 -10 -100    0 -1000 -1000 -10
457 52 pedestrian 0 0 -10 520.52 155.82 786.34 219.81 -10 -10 -10 -100    0 -1000 -1000 -10
458 93 pedestrian 0 0 -10 710.02 152.54 743.75 257.34 -10 -10 -10 -100    0 -1000 -1000 -10
458 79 pedestrian 0 0 -10 434.22 161.01 472.68 265.98 -10 -10 -10 -100    0 -1000 -1000 -10
458 96 pedestrian 0 0 -10 3.18 172.36 375.63 374.00 -10 -10 -10 -100    0 -1000 -1000 -10
458 98 pedestrian 0 0 -10 583.51 160.60 609.49 224.50 -10 -10 -10 -100    0 -1000 -1000 -10
458 95 pedestrian 0 0 -10 675.58 159.52 704.81 259.50 -10 -10 -10 -100    0 -1000 -1000 -10
458 80 pedestrian 0 0 -10 969.23 204.22 1238.00 374.00 -10 -10 -10 -100    0 -1000 -1000 -10
458 52 pedestrian 0 0 -10 522.31 157.30 788.67 219.65 -10 -10 -10 -100    0 -1000 -1000 -10
459 93 pedestrian 0 0 -10 711.35 154.28 746.92 260.76 -10 -10 -10 -100    0 -1000 -1000 -10
459 79 pedestrian 0 0 -10 432.94 160.82 472.09 268.64 -10 -10 -10 -100    0 -1000 -1000 -10
459 96 pedestrian 0 0 -10 0.23 174.28 372.07 374.00 -10 -10 -10 -100    0 -1000 -1000 -10
459 98 pedestrian 0 0 -10 582.46 162.16 607.72 225.93 -10 -10 -10 -100    0 -1000 -1000 -10
459 95 pedestrian 0 0 -10 677.07 160.98 707.55 262.76 -10 -10 -10 -100    0 -1000 -1000 -10
459 80 pedestrian 0 0 -10 985.05 212.10 1237.89 374.00 -10 -10 -10 -100    0 -1000 -1000 -10
459 52 pedestrian 0 0 -10 519.51 159.07 791.40 221.94 -10 -10 -10 -100    0 -1000 -1000 -10
460 93 pedestrian 0 0 -10 712.25 154.68 750.96 265.67 -10 -10 -10 -100    0 -1000 -1000 -10
460 79 pedestrian 0 0 -10 431.35 160.03 469.85 271.14 -10 -10 -10 -100    0 -1000 -1000 -10
460 96 pedestrian 0 0 -10 0.00 173.04 364.54 374.00 -10 -10 -10 -100    0 -1000 -1000 -10
460 98 pedestrian 0 0 -10 579.76 161.55 607.45 228.55 -10 -10 -10 -100    0 -1000 -1000 -10
460 95 pedestrian 0 0 -10 678.04 160.65 709.16 266.72 -10 -10 -10 -100    0 -1000 -1000 -10
460 52 pedestrian 0 0 -10 515.20 159.65 793.79 226.27 -10 -10 -10 -100    0 -1000 -1000 -10
461 93 pedestrian 0 0 -10 713.17 154.89 753.16 268.02 -10 -10 -10 -100    0 -1000 -1000 -10
461 79 pedestrian 0 0 -10 429.78 159.36 470.41 274.63 -10 -10 -10 -100    0 -1000 -1000 -10
461 96 pedestrian 0 0 -10 0.29 173.07 362.36 374.00 -10 -10 -10 -100    0 -1000 -1000 -10
461 99 pedestrian 0 0 -10 610.77 168.54 634.18 217.03 -10 -10 -10 -100    0 -1000 -1000 -10
461 98 pedestrian 0 0 -10 578.93 162.39 606.68 231.67 -10 -10 -10 -100    0 -1000 -1000 -10
461 95 pedestrian 0 0 -10 679.41 163.94 711.79 270.12 -10 -10 -10 -100    0 -1000 -1000 -10
461 52 pedestrian 0 0 -10 513.01 159.90 796.28 228.83 -10 -10 -10 -100    0 -1000 -1000 -10
462 93 pedestrian 0 0 -10 716.07 155.46 757.02 268.71 -10 -10 -10 -100    0 -1000 -1000 -10
462 79 pedestrian 0 0 -10 427.98 160.79 468.65 275.63 -10 -10 -10 -100    0 -1000 -1000 -10
462 96 pedestrian 0 0 -10 0.00 171.51 368.16 374.00 -10 -10 -10 -100    0 -1000 -1000 -10
462 99 pedestrian 0 0 -10 611.91 167.71 634.67 218.07 -10 -10 -10 -100    0 -1000 -1000 -10
462 98 pedestrian 0 0 -10 576.30 161.72 604.93 233.20 -10 -10 -10 -100    0 -1000 -1000 -10
462 95 pedestrian 0 0 -10 681.23 164.06 714.15 271.36 -10 -10 -10 -100    0 -1000 -1000 -10
462 52 pedestrian 0 0 -10 511.78 159.67 798.37 233.85 -10 -10 -10 -100    0 -1000 -1000 -10
463 93 pedestrian 0 0 -10 716.36 154.47 759.13 269.26 -10 -10 -10 -100    0 -1000 -1000 -10
463 79 pedestrian 0 0 -10 425.77 160.00 467.29 275.61 -10 -10 -10 -100    0 -1000 -1000 -10
463 96 pedestrian 0 0 -10 0.00 168.45 369.28 373.06 -10 -10 -10 -100    0 -1000 -1000 -10
463 99 pedestrian 0 0 -10 612.30 166.78 634.61 218.40 -10 -10 -10 -100    0 -1000 -1000 -10
463 98 pedestrian 0 0 -10 571.53 160.75 601.35 234.58 -10 -10 -10 -100    0 -1000 -1000 -10
463 95 pedestrian 0 0 -10 681.29 161.37 715.76 271.64 -10 -10 -10 -100    0 -1000 -1000 -10
463 100 pedestrian 0 0 -10 759.35 163.02 773.32 218.08 -10 -10 -10 -100    0 -1000 -1000 -10
463 52 pedestrian 0 0 -10 508.29 158.06 800.26 234.15 -10 -10 -10 -100    0 -1000 -1000 -10
464 93 pedestrian 0 0 -10 717.69 153.80 761.13 271.63 -10 -10 -10 -100    0 -1000 -1000 -10
464 79 pedestrian 0 0 -10 421.83 160.19 463.00 279.40 -10 -10 -10 -100    0 -1000 -1000 -10
464 96 pedestrian 0 0 -10 0.00 166.40 362.77 348.82 -10 -10 -10 -100    0 -1000 -1000 -10
464 99 pedestrian 0 0 -10 611.45 166.59 633.40 219.68 -10 -10 -10 -100    0 -1000 -1000 -10
464 98 pedestrian 0 0 -10 564.33 161.50 595.44 235.98 -10 -10 -10 -100    0 -1000 -1000 -10
464 95 pedestrian 0 0 -10 680.62 160.43 716.18 273.36 -10 -10 -10 -100    0 -1000 -1000 -10
464 100 pedestrian 0 0 -10 759.48 163.90 773.35 219.42 -10 -10 -10 -100    0 -1000 -1000 -10
464 52 pedestrian 0 0 -10 504.93 158.24 804.57 236.33 -10 -10 -10 -100    0 -1000 -1000 -10
465 93 pedestrian 0 0 -10 719.61 154.45 764.25 275.09 -10 -10 -10 -100    0 -1000 -1000 -10
465 79 pedestrian 0 0 -10 417.48 160.10 459.32 282.32 -10 -10 -10 -100    0 -1000 -1000 -10
465 96 pedestrian 0 0 -10 0.00 162.98 348.91 350.46 -10 -10 -10 -100    0 -1000 -1000 -10
465 99 pedestrian 0 0 -10 608.76 167.48 631.12 219.70 -10 -10 -10 -100    0 -1000 -1000 -10
465 98 pedestrian 0 0 -10 557.90 162.37 590.59 240.04 -10 -10 -10 -100    0 -1000 -1000 -10
465 95 pedestrian 0 0 -10 678.74 162.81 716.81 276.57 -10 -10 -10 -100    0 -1000 -1000 -10
465 100 pedestrian 0 0 -10 761.14 163.62 773.94 219.34 -10 -10 -10 -100    0 -1000 -1000 -10
465 52 pedestrian 0 0 -10 498.52 159.05 805.32 235.75 -10 -10 -10 -100    0 -1000 -1000 -10
466 93 pedestrian 0 0 -10 720.85 156.28 766.27 278.00 -10 -10 -10 -100    0 -1000 -1000 -10
466 79 pedestrian 0 0 -10 412.81 159.59 455.51 284.87 -10 -10 -10 -100    0 -1000 -1000 -10
466 96 pedestrian 0 0 -10 0.00 165.01 334.82 342.49 -10 -10 -10 -100    0 -1000 -1000 -10
466 99 pedestrian 0 0 -10 602.10 166.43 627.58 222.16 -10 -10 -10 -100    0 -1000 -1000 -10
466 98 pedestrian 0 0 -10 550.76 162.92 584.96 243.46 -10 -10 -10 -100    0 -1000 -1000 -10
466 95 pedestrian 0 0 -10 675.99 162.47 717.02 280.57 -10 -10 -10 -100    0 -1000 -1000 -10
466 100 pedestrian 0 0 -10 761.70 163.36 774.54 219.65 -10 -10 -10 -100    0 -1000 -1000 -10
466 52 pedestrian 0 0 -10 492.73 160.73 804.63 236.36 -10 -10 -10 -100    0 -1000 -1000 -10
467 93 pedestrian 0 0 -10 721.68 155.99 765.89 280.58 -10 -10 -10 -100    0 -1000 -1000 -10
467 79 pedestrian 0 0 -10 402.80 160.61 448.08 287.65 -10 -10 -10 -100    0 -1000 -1000 -10
467 96 pedestrian 0 0 -10 0.40 168.59 324.33 323.99 -10 -10 -10 -100    0 -1000 -1000 -10
467 99 pedestrian 0 0 -10 596.04 166.33 623.98 224.16 -10 -10 -10 -100    0 -1000 -1000 -10
467 98 pedestrian 0 0 -10 543.34 162.67 578.57 246.60 -10 -10 -10 -100    0 -1000 -1000 -10
467 95 pedestrian 0 0 -10 674.11 163.00 715.70 283.39 -10 -10 -10 -100    0 -1000 -1000 -10
467 100 pedestrian 0 0 -10 761.66 163.80 773.65 220.30 -10 -10 -10 -100    0 -1000 -1000 -10
467 52 pedestrian 0 0 -10 443.11 163.82 793.97 225.90 -10 -10 -10 -100    0 -1000 -1000 -10
468 93 pedestrian 0 0 -10 720.39 155.85 765.21 282.03 -10 -10 -10 -100    0 -1000 -1000 -10
468 79 pedestrian 0 0 -10 395.19 159.46 437.45 289.14 -10 -10 -10 -100    0 -1000 -1000 -10
468 96 pedestrian 0 0 -10 0.56 169.55 309.72 333.06 -10 -10 -10 -100    0 -1000 -1000 -10
468 99 pedestrian 0 0 -10 588.05 168.05 619.54 226.68 -10 -10 -10 -100    0 -1000 -1000 -10
468 98 pedestrian 0 0 -10 532.38 161.79 571.77 252.03 -10 -10 -10 -100    0 -1000 -1000 -10
468 95 pedestrian 0 0 -10 670.84 162.89 711.98 286.37 -10 -10 -10 -100    0 -1000 -1000 -10
468 100 pedestrian 0 0 -10 757.97 163.55 772.15 222.64 -10 -10 -10 -100    0 -1000 -1000 -10
468 52 pedestrian 0 0 -10 421.91 166.97 791.08 223.15 -10 -10 -10 -100    0 -1000 -1000 -10
469 79 pedestrian 0 0 -10 384.41 158.78 427.86 291.50 -10 -10 -10 -100    0 -1000 -1000 -10
469 93 pedestrian 0 0 -10 716.08 158.20 761.62 284.84 -10 -10 -10 -100    0 -1000 -1000 -10
469 96 pedestrian 0 0 -10 0.97 171.75 298.61 343.78 -10 -10 -10 -100    0 -1000 -1000 -10
469 99 pedestrian 0 0 -10 580.61 168.61 613.09 229.75 -10 -10 -10 -100    0 -1000 -1000 -10
469 98 pedestrian 0 0 -10 523.16 162.45 564.72 252.99 -10 -10 -10 -100    0 -1000 -1000 -10
469 95 pedestrian 0 0 -10 668.41 164.36 706.74 287.70 -10 -10 -10 -100    0 -1000 -1000 -10
469 100 pedestrian 0 0 -10 755.03 164.98 769.48 223.56 -10 -10 -10 -100    0 -1000 -1000 -10
469 52 pedestrian 0 0 -10 414.22 168.02 786.45 227.45 -10 -10 -10 -100    0 -1000 -1000 -10
470 79 pedestrian 0 0 -10 374.34 157.18 418.32 293.14 -10 -10 -10 -100    0 -1000 -1000 -10
470 93 pedestrian 0 0 -10 711.11 157.51 758.03 287.08 -10 -10 -10 -100    0 -1000 -1000 -10
470 96 pedestrian 0 0 -10 0.93 166.87 289.19 309.57 -10 -10 -10 -100    0 -1000 -1000 -10
470 99 pedestrian 0 0 -10 573.09 167.16 606.05 232.82 -10 -10 -10 -100    0 -1000 -1000 -10
470 98 pedestrian 0 0 -10 512.26 161.67 556.17 259.20 -10 -10 -10 -100    0 -1000 -1000 -10
470 95 pedestrian 0 0 -10 665.74 163.59 703.82 290.95 -10 -10 -10 -100    0 -1000 -1000 -10
470 100 pedestrian 0 0 -10 752.40 164.31 766.61 224.76 -10 -10 -10 -100    0 -1000 -1000 -10
470 52 pedestrian 0 0 -10 408.00 167.69 787.20 230.46 -10 -10 -10 -100    0 -1000 -1000 -10
471 79 pedestrian 0 0 -10 362.75 156.40 409.35 296.55 -10 -10 -10 -100    0 -1000 -1000 -10
471 93 pedestrian 0 0 -10 708.57 156.34 757.40 289.32 -10 -10 -10 -100    0 -1000 -1000 -10
471 96 pedestrian 0 0 -10 0.80 159.59 274.33 306.19 -10 -10 -10 -100    0 -1000 -1000 -10
471 99 pedestrian 0 0 -10 564.31 166.89 599.04 234.60 -10 -10 -10 -100    0 -1000 -1000 -10
471 98 pedestrian 0 0 -10 500.82 161.34 548.77 264.32 -10 -10 -10 -100    0 -1000 -1000 -10
471 95 pedestrian 0 0 -10 662.45 161.64 701.75 294.38 -10 -10 -10 -100    0 -1000 -1000 -10
471 100 pedestrian 0 0 -10 748.42 163.85 763.36 225.02 -10 -10 -10 -100    0 -1000 -1000 -10
471 52 pedestrian 0 0 -10 395.23 166.46 777.64 232.21 -10 -10 -10 -100    0 -1000 -1000 -10
472 79 pedestrian 0 0 -10 353.60 156.94 401.24 298.30 -10 -10 -10 -100    0 -1000 -1000 -10
472 93 pedestrian 0 0 -10 704.20 155.06 754.17 291.07 -10 -10 -10 -100    0 -1000 -1000 -10
472 96 pedestrian 0 0 -10 0.00 155.92 265.74 314.81 -10 -10 -10 -100    0 -1000 -1000 -10
472 99 pedestrian 0 0 -10 555.71 165.66 591.10 235.95 -10 -10 -10 -100    0 -1000 -1000 -10
472 98 pedestrian 0 0 -10 487.06 160.35 536.09 268.39 -10 -10 -10 -100    0 -1000 -1000 -10
472 95 pedestrian 0 0 -10 658.15 160.64 698.30 294.09 -10 -10 -10 -100    0 -1000 -1000 -10
472 100 pedestrian 0 0 -10 746.24 163.06 760.82 225.23 -10 -10 -10 -100    0 -1000 -1000 -10
472 52 pedestrian 0 0 -10 380.72 166.29 777.30 231.28 -10 -10 -10 -100    0 -1000 -1000 -10
473 79 pedestrian 0 0 -10 342.64 155.03 391.26 300.27 -10 -10 -10 -100    0 -1000 -1000 -10
473 93 pedestrian 0 0 -10 701.12 153.49 752.69 294.15 -10 -10 -10 -100    0 -1000 -1000 -10
473 96 pedestrian 0 0 -10 0.00 154.62 246.16 320.37 -10 -10 -10 -100    0 -1000 -1000 -10
473 99 pedestrian 0 0 -10 546.81 164.59 585.57 237.21 -10 -10 -10 -100    0 -1000 -1000 -10
473 98 pedestrian 0 0 -10 472.34 160.91 528.13 273.91 -10 -10 -10 -100    0 -1000 -1000 -10
473 95 pedestrian 0 0 -10 653.60 159.31 696.16 296.76 -10 -10 -10 -100    0 -1000 -1000 -10
473 100 pedestrian 0 0 -10 742.38 161.30 757.90 226.31 -10 -10 -10 -100    0 -1000 -1000 -10
473 52 pedestrian 0 0 -10 373.29 165.43 775.21 233.29 -10 -10 -10 -100    0 -1000 -1000 -10
474 79 pedestrian 0 0 -10 331.87 154.67 383.66 305.24 -10 -10 -10 -100    0 -1000 -1000 -10
474 93 pedestrian 0 0 -10 699.84 152.15 752.23 297.28 -10 -10 -10 -100    0 -1000 -1000 -10
474 96 pedestrian 0 0 -10 0.00 158.45 232.78 317.53 -10 -10 -10 -100    0 -1000 -1000 -10
474 99 pedestrian 0 0 -10 536.48 164.07 575.89 239.98 -10 -10 -10 -100    0 -1000 -1000 -10
474 98 pedestrian 0 0 -10 460.36 160.75 516.95 279.05 -10 -10 -10 -100    0 -1000 -1000 -10
474 95 pedestrian 0 0 -10 649.84 159.88 693.39 299.72 -10 -10 -10 -100    0 -1000 -1000 -10
474 100 pedestrian 0 0 -10 739.17 159.89 755.23 227.26 -10 -10 -10 -100    0 -1000 -1000 -10
474 52 pedestrian 0 0 -10 364.32 165.18 774.66 235.87 -10 -10 -10 -100    0 -1000 -1000 -10
475 101 pedestrian 0 0 -10 503.19 162.33 533.82 235.32 -10 -10 -10 -100    0 -1000 -1000 -10
475 79 pedestrian 0 0 -10 321.79 155.82 376.73 308.68 -10 -10 -10 -100    0 -1000 -1000 -10
475 93 pedestrian 0 0 -10 697.55 152.82 751.04 300.20 -10 -10 -10 -100    0 -1000 -1000 -10
475 96 pedestrian 0 0 -10 0.00 155.60 215.56 320.92 -10 -10 -10 -100    0 -1000 -1000 -10
475 99 pedestrian 0 0 -10 526.86 163.78 569.03 242.66 -10 -10 -10 -100    0 -1000 -1000 -10
475 98 pedestrian 0 0 -10 446.66 160.90 505.44 286.79 -10 -10 -10 -100    0 -1000 -1000 -10
475 95 pedestrian 0 0 -10 645.24 158.86 690.68 304.08 -10 -10 -10 -100    0 -1000 -1000 -10
475 100 pedestrian 0 0 -10 737.26 160.32 753.83 228.51 -10 -10 -10 -100    0 -1000 -1000 -10
475 52 pedestrian 0 0 -10 356.02 164.51 772.49 235.87 -10 -10 -10 -100    0 -1000 -1000 -10
476 101 pedestrian 0 0 -10 496.03 162.99 526.43 236.93 -10 -10 -10 -100    0 -1000 -1000 -10
476 79 pedestrian 0 0 -10 310.93 155.81 368.55 313.66 -10 -10 -10 -100    0 -1000 -1000 -10
476 93 pedestrian 0 0 -10 694.94 151.51 750.81 304.41 -10 -10 -10 -100    0 -1000 -1000 -10
476 96 pedestrian 0 0 -10 0.14 156.94 198.06 329.35 -10 -10 -10 -100    0 -1000 -1000 -10
476 99 pedestrian 0 0 -10 517.68 163.72 559.80 247.16 -10 -10 -10 -100    0 -1000 -1000 -10
476 98 pedestrian 0 0 -10 432.88 160.35 494.61 293.10 -10 -10 -10 -100    0 -1000 -1000 -10
476 95 pedestrian 0 0 -10 641.72 158.14 686.76 307.13 -10 -10 -10 -100    0 -1000 -1000 -10
476 100 pedestrian 0 0 -10 736.33 160.22 752.95 228.26 -10 -10 -10 -100    0 -1000 -1000 -10
476 52 pedestrian 0 0 -10 343.43 163.55 773.54 238.42 -10 -10 -10 -100    0 -1000 -1000 -10
477 101 pedestrian 0 0 -10 488.01 163.68 520.14 238.87 -10 -10 -10 -100    0 -1000 -1000 -10
477 79 pedestrian 0 0 -10 300.63 156.43 357.79 317.19 -10 -10 -10 -100    0 -1000 -1000 -10
477 93 pedestrian 0 0 -10 693.19 152.76 746.87 303.80 -10 -10 -10 -100    0 -1000 -1000 -10
477 96 pedestrian 0 0 -10 0.00 158.71 183.89 336.07 -10 -10 -10 -100    0 -1000 -1000 -10
477 99 pedestrian 0 0 -10 507.85 163.69 553.52 250.89 -10 -10 -10 -100    0 -1000 -1000 -10
477 98 pedestrian 0 0 -10 417.50 161.82 482.97 303.49 -10 -10 -10 -100    0 -1000 -1000 -10
477 95 pedestrian 0 0 -10 638.26 158.20 682.86 307.86 -10 -10 -10 -100    0 -1000 -1000 -10
477 100 pedestrian 0 0 -10 734.04 159.67 750.97 229.83 -10 -10 -10 -100    0 -1000 -1000 -10
477 52 pedestrian 0 0 -10 332.10 163.21 771.34 241.01 -10 -10 -10 -100    0 -1000 -1000 -10
478 101 pedestrian 0 0 -10 479.58 162.58 511.57 239.07 -10 -10 -10 -100    0 -1000 -1000 -10
478 79 pedestrian 0 0 -10 291.03 155.36 346.11 319.99 -10 -10 -10 -100    0 -1000 -1000 -10
478 93 pedestrian 0 0 -10 691.21 151.99 744.18 306.87 -10 -10 -10 -100    0 -1000 -1000 -10
478 96 pedestrian 0 0 -10 0.00 160.48 164.59 338.80 -10 -10 -10 -100    0 -1000 -1000 -10
478 99 pedestrian 0 0 -10 497.05 164.73 544.22 254.78 -10 -10 -10 -100    0 -1000 -1000 -10
478 98 pedestrian 0 0 -10 397.82 158.41 468.92 311.81 -10 -10 -10 -100    0 -1000 -1000 -10
478 95 pedestrian 0 0 -10 633.92 156.72 678.46 311.12 -10 -10 -10 -100    0 -1000 -1000 -10
478 100 pedestrian 0 0 -10 732.30 159.91 749.53 231.01 -10 -10 -10 -100    0 -1000 -1000 -10
478 52 pedestrian 0 0 -10 319.72 161.85 770.72 241.78 -10 -10 -10 -100    0 -1000 -1000 -10
479 102 pedestrian 0 0 -10 489.09 164.71 533.48 207.51 -10 -10 -10 -100    0 -1000 -1000 -10
479 101 pedestrian 0 0 -10 472.38 162.27 505.88 242.33 -10 -10 -10 -100    0 -1000 -1000 -10
479 79 pedestrian 0 0 -10 281.39 153.64 335.98 322.80 -10 -10 -10 -100    0 -1000 -1000 -10
479 93 pedestrian 0 0 -10 687.75 152.21 740.78 310.21 -10 -10 -10 -100    0 -1000 -1000 -10
479 96 pedestrian 0 0 -10 0.00 158.53 153.37 356.67 -10 -10 -10 -100    0 -1000 -1000 -10
479 99 pedestrian 0 0 -10 483.26 164.90 535.88 259.59 -10 -10 -10 -100    0 -1000 -1000 -10
479 98 pedestrian 0 0 -10 381.39 159.67 455.24 320.62 -10 -10 -10 -100    0 -1000 -1000 -10
479 95 pedestrian 0 0 -10 630.03 157.07 675.30 312.80 -10 -10 -10 -100    0 -1000 -1000 -10
479 100 pedestrian 0 0 -10 730.24 159.50 747.41 230.81 -10 -10 -10 -100    0 -1000 -1000 -10
479 52 pedestrian 0 0 -10 311.03 162.18 765.08 243.15 -10 -10 -10 -100    0 -1000 -1000 -10
480 102 pedestrian 0 0 -10 489.97 164.53 531.74 206.19 -10 -10 -10 -100    0 -1000 -1000 -10
480 101 pedestrian 0 0 -10 467.01 162.94 502.55 249.75 -10 -10 -10 -100    0 -1000 -1000 -10
480 79 pedestrian 0 0 -10 271.19 152.38 328.31 324.96 -10 -10 -10 -100    0 -1000 -1000 -10
480 93 pedestrian 0 0 -10 682.56 150.92 736.29 311.14 -10 -10 -10 -100    0 -1000 -1000 -10
480 96 pedestrian 0 0 -10 0.00 157.98 137.47 360.48 -10 -10 -10 -100    0 -1000 -1000 -10
480 99 pedestrian 0 0 -10 474.90 164.30 529.10 264.96 -10 -10 -10 -100    0 -1000 -1000 -10
480 98 pedestrian 0 0 -10 360.99 157.82 444.21 330.39 -10 -10 -10 -100    0 -1000 -1000 -10
480 95 pedestrian 0 0 -10 626.96 156.88 672.78 315.63 -10 -10 -10 -100    0 -1000 -1000 -10
480 100 pedestrian 0 0 -10 727.04 158.95 745.36 231.98 -10 -10 -10 -100    0 -1000 -1000 -10
480 52 pedestrian 0 0 -10 325.00 158.59 754.80 237.85 -10 -10 -10 -100    0 -1000 -1000 -10
481 102 pedestrian 0 0 -10 487.84 164.32 527.53 207.54 -10 -10 -10 -100    0 -1000 -1000 -10
481 101 pedestrian 0 0 -10 462.96 162.96 497.56 247.81 -10 -10 -10 -100    0 -1000 -1000 -10
481 79 pedestrian 0 0 -10 263.03 154.34 321.49 329.22 -10 -10 -10 -100    0 -1000 -1000 -10
481 93 pedestrian 0 0 -10 676.02 151.08 729.55 313.73 -10 -10 -10 -100    0 -1000 -1000 -10
481 96 pedestrian 0 0 -10 0.00 161.75 128.77 367.42 -10 -10 -10 -100    0 -1000 -1000 -10
481 99 pedestrian 0 0 -10 463.82 164.56 519.40 268.69 -10 -10 -10 -100    0 -1000 -1000 -10
481 98 pedestrian 0 0 -10 335.58 156.30 430.84 345.77 -10 -10 -10 -100    0 -1000 -1000 -10
481 95 pedestrian 0 0 -10 621.87 157.82 667.36 318.54 -10 -10 -10 -100    0 -1000 -1000 -10
481 100 pedestrian 0 0 -10 724.70 157.86 745.50 235.42 -10 -10 -10 -100    0 -1000 -1000 -10
481 52 pedestrian 0 0 -10 328.26 156.64 746.50 238.82 -10 -10 -10 -100    0 -1000 -1000 -10
482 102 pedestrian 0 0 -10 483.33 164.05 524.21 208.63 -10 -10 -10 -100    0 -1000 -1000 -10
482 101 pedestrian 0 0 -10 455.81 163.96 493.79 248.62 -10 -10 -10 -100    0 -1000 -1000 -10
482 79 pedestrian 0 0 -10 250.76 153.75 316.41 334.02 -10 -10 -10 -100    0 -1000 -1000 -10
482 93 pedestrian 0 0 -10 669.52 148.71 725.27 314.74 -10 -10 -10 -100    0 -1000 -1000 -10
482 96 pedestrian 0 0 -10 0.00 160.15 113.28 374.00 -10 -10 -10 -100    0 -1000 -1000 -10
482 99 pedestrian 0 0 -10 451.57 164.72 510.74 274.60 -10 -10 -10 -100    0 -1000 -1000 -10
482 98 pedestrian 0 0 -10 309.98 154.56 416.99 359.77 -10 -10 -10 -100    0 -1000 -1000 -10
482 95 pedestrian 0 0 -10 617.99 157.05 666.35 319.86 -10 -10 -10 -100    0 -1000 -1000 -10
482 100 pedestrian 0 0 -10 724.85 156.38 745.46 235.32 -10 -10 -10 -100    0 -1000 -1000 -10
482 52 pedestrian 0 0 -10 322.58 156.39 745.39 239.11 -10 -10 -10 -100    0 -1000 -1000 -10
483 102 pedestrian 0 0 -10 483.44 164.59 523.34 207.74 -10 -10 -10 -100    0 -1000 -1000 -10
483 101 pedestrian 0 0 -10 447.61 162.75 486.11 255.09 -10 -10 -10 -100    0 -1000 -1000 -10
483 79 pedestrian 0 0 -10 241.68 153.71 307.15 333.60 -10 -10 -10 -100    0 -1000 -1000 -10
483 93 pedestrian 0 0 -10 667.19 145.82 726.28 317.74 -10 -10 -10 -100    0 -1000 -1000 -10
483 96 pedestrian 0 0 -10 0.00 160.05 87.72 372.39 -10 -10 -10 -100    0 -1000 -1000 -10
483 99 pedestrian 0 0 -10 439.71 163.67 502.79 282.97 -10 -10 -10 -100    0 -1000 -1000 -10
483 98 pedestrian 0 0 -10 278.14 152.09 400.51 374.00 -10 -10 -10 -100    0 -1000 -1000 -10
483 95 pedestrian 0 0 -10 615.08 158.21 665.97 321.27 -10 -10 -10 -100    0 -1000 -1000 -10
483 100 pedestrian 0 0 -10 724.08 156.46 745.27 234.99 -10 -10 -10 -100    0 -1000 -1000 -10
483 52 pedestrian 0 0 -10 316.10 156.61 747.18 241.14 -10 -10 -10 -100    0 -1000 -1000 -10
484 102 pedestrian 0 0 -10 481.04 164.15 521.98 207.71 -10 -10 -10 -100    0 -1000 -1000 -10
484 101 pedestrian 0 0 -10 440.04 162.55 480.49 256.85 -10 -10 -10 -100    0 -1000 -1000 -10
484 79 pedestrian 0 0 -10 232.97 154.14 299.61 341.20 -10 -10 -10 -100    0 -1000 -1000 -10
484 93 pedestrian 0 0 -10 668.58 147.42 728.77 321.24 -10 -10 -10 -100    0 -1000 -1000 -10
484 96 pedestrian 0 0 -10 0.04 160.31 70.86 374.00 -10 -10 -10 -100    0 -1000 -1000 -10
484 99 pedestrian 0 0 -10 425.98 163.41 492.41 289.09 -10 -10 -10 -100    0 -1000 -1000 -10
484 98 pedestrian 0 0 -10 239.01 152.61 382.54 374.00 -10 -10 -10 -100    0 -1000 -1000 -10
484 95 pedestrian 0 0 -10 613.06 157.54 668.28 326.57 -10 -10 -10 -100    0 -1000 -1000 -10
484 100 pedestrian 0 0 -10 726.07 156.70 746.52 235.90 -10 -10 -10 -100    0 -1000 -1000 -10
484 52 pedestrian 0 0 -10 312.91 156.19 758.74 242.04 -10 -10 -10 -100    0 -1000 -1000 -10
485 102 pedestrian 0 0 -10 479.22 164.84 520.84 208.52 -10 -10 -10 -100    0 -1000 -1000 -10
485 101 pedestrian 0 0 -10 437.73 163.43 478.71 263.99 -10 -10 -10 -100    0 -1000 -1000 -10
485 79 pedestrian 0 0 -10 221.41 157.13 294.70 343.99 -10 -10 -10 -100    0 -1000 -1000 -10
485 93 pedestrian 0 0 -10 668.57 146.55 732.78 326.80 -10 -10 -10 -100    0 -1000 -1000 -10
485 96 pedestrian 0 0 -10 0.00 160.50 61.39 374.00 -10 -10 -10 -100    0 -1000 -1000 -10
485 99 pedestrian 0 0 -10 413.39 164.87 485.37 297.72 -10 -10 -10 -100    0 -1000 -1000 -10
485 98 pedestrian 0 0 -10 197.90 151.40 362.28 374.00 -10 -10 -10 -100    0 -1000 -1000 -10
485 95 pedestrian 0 0 -10 614.05 158.87 669.16 332.75 -10 -10 -10 -100    0 -1000 -1000 -10
485 100 pedestrian 0 0 -10 727.92 158.77 749.19 241.20 -10 -10 -10 -100    0 -1000 -1000 -10
485 52 pedestrian 0 0 -10 302.91 156.59 764.28 243.29 -10 -10 -10 -100    0 -1000 -1000 -10
486 102 pedestrian 0 0 -10 478.23 164.53 520.73 209.35 -10 -10 -10 -100    0 -1000 -1000 -10
486 93 pedestrian 0 0 -10 670.83 146.93 735.62 327.28 -10 -10 -10 -100    0 -1000 -1000 -10
486 96 pedestrian 0 0 -10 0.00 157.30 46.34 374.00 -10 -10 -10 -100    0 -1000 -1000 -10
486 99 pedestrian 0 0 -10 397.07 164.86 476.59 309.17 -10 -10 -10 -100    0 -1000 -1000 -10
486 98 pedestrian 0 0 -10 156.72 152.17 338.78 374.00 -10 -10 -10 -100    0 -1000 -1000 -10
486 95 pedestrian 0 0 -10 614.04 158.50 668.74 337.16 -10 -10 -10 -100    0 -1000 -1000 -10
486 100 pedestrian 0 0 -10 731.33 158.87 752.86 242.58 -10 -10 -10 -100    0 -1000 -1000 -10
486 52 pedestrian 0 0 -10 322.02 157.28 775.88 236.61 -10 -10 -10 -100    0 -1000 -1000 -10
487 102 pedestrian 0 0 -10 477.99 164.64 520.70 209.92 -10 -10 -10 -100    0 -1000 -1000 -10
487 93 pedestrian 0 0 -10 671.42 146.93 738.30 332.50 -10 -10 -10 -100    0 -1000 -1000 -10
487 99 pedestrian 0 0 -10 381.09 164.02 466.91 317.48 -10 -10 -10 -100    0 -1000 -1000 -10
487 98 pedestrian 0 0 -10 84.56 150.17 312.72 374.00 -10 -10 -10 -100    0 -1000 -1000 -10
487 95 pedestrian 0 0 -10 613.46 157.53 668.69 338.53 -10 -10 -10 -100    0 -1000 -1000 -10
487 100 pedestrian 0 0 -10 735.99 159.96 757.17 242.23 -10 -10 -10 -100    0 -1000 -1000 -10
487 52 pedestrian 0 0 -10 367.00 157.83 783.70 232.29 -10 -10 -10 -100    0 -1000 -1000 -10
488 102 pedestrian 0 0 -10 478.58 165.30 521.54 210.80 -10 -10 -10 -100    0 -1000 -1000 -10
488 93 pedestrian 0 0 -10 671.89 146.91 735.24 335.93 -10 -10 -10 -100    0 -1000 -1000 -10
488 99 pedestrian 0 0 -10 362.76 164.28 457.37 328.59 -10 -10 -10 -100    0 -1000 -1000 -10
488 98 pedestrian 0 0 -10 1.69 144.45 287.48 374.00 -10 -10 -10 -100    0 -1000 -1000 -10
488 95 pedestrian 0 0 -10 613.75 159.33 666.91 341.49 -10 -10 -10 -100    0 -1000 -1000 -10
488 100 pedestrian 0 0 -10 741.48 160.61 763.07 244.01 -10 -10 -10 -100    0 -1000 -1000 -10
488 52 pedestrian 0 0 -10 367.76 158.25 794.79 229.48 -10 -10 -10 -100    0 -1000 -1000 -10
489 102 pedestrian 0 0 -10 478.51 165.74 522.20 212.00 -10 -10 -10 -100    0 -1000 -1000 -10
489 101 pedestrian 0 0 -10 416.92 162.18 467.21 281.69 -10 -10 -10 -100    0 -1000 -1000 -10
489 79 pedestrian 0 0 -10 200.91 156.20 269.70 358.44 -10 -10 -10 -100    0 -1000 -1000 -10
489 93 pedestrian 0 0 -10 671.30 151.88 734.13 339.49 -10 -10 -10 -100    0 -1000 -1000 -10
489 99 pedestrian 0 0 -10 345.81 166.43 450.23 339.40 -10 -10 -10 -100    0 -1000 -1000 -10
489 98 pedestrian 0 0 -10 0.00 136.98 230.17 374.00 -10 -10 -10 -100    0 -1000 -1000 -10
489 95 pedestrian 0 0 -10 614.05 160.70 667.10 344.26 -10 -10 -10 -100    0 -1000 -1000 -10
489 100 pedestrian 0 0 -10 747.99 161.53 770.34 245.48 -10 -10 -10 -100    0 -1000 -1000 -10
489 52 pedestrian 0 0 -10 375.16 158.63 809.54 230.31 -10 -10 -10 -100    0 -1000 -1000 -10
490 102 pedestrian 0 0 -10 479.83 166.13 523.49 212.68 -10 -10 -10 -100    0 -1000 -1000 -10
490 101 pedestrian 0 0 -10 409.16 162.26 465.00 286.89 -10 -10 -10 -100    0 -1000 -1000 -10
490 79 pedestrian 0 0 -10 196.34 158.86 266.10 361.05 -10 -10 -10 -100    0 -1000 -1000 -10
490 93 pedestrian 0 0 -10 670.84 152.02 735.23 343.55 -10 -10 -10 -100    0 -1000 -1000 -10
490 99 pedestrian 0 0 -10 321.88 169.00 438.47 357.41 -10 -10 -10 -100    0 -1000 -1000 -10
490 98 pedestrian 0 0 -10 0.00 135.17 193.80 374.00 -10 -10 -10 -100    0 -1000 -1000 -10
490 95 pedestrian 0 0 -10 615.38 161.79 669.76 348.75 -10 -10 -10 -100    0 -1000 -1000 -10
490 100 pedestrian 0 0 -10 752.77 162.68 775.43 250.13 -10 -10 -10 -100    0 -1000 -1000 -10
490 52 pedestrian 0 0 -10 371.59 158.71 815.31 232.97 -10 -10 -10 -100    0 -1000 -1000 -10
491 102 pedestrian 0 0 -10 481.39 167.35 524.93 213.26 -10 -10 -10 -100    0 -1000 -1000 -10
491 101 pedestrian 0 0 -10 401.98 163.40 462.79 292.41 -10 -10 -10 -100    0 -1000 -1000 -10
491 79 pedestrian 0 0 -10 194.92 158.54 266.25 364.01 -10 -10 -10 -100    0 -1000 -1000 -10
491 93 pedestrian 0 0 -10 670.93 151.44 740.35 347.10 -10 -10 -10 -100    0 -1000 -1000 -10
491 99 pedestrian 0 0 -10 294.90 169.16 428.40 374.00 -10 -10 -10 -100    0 -1000 -1000 -10
491 98 pedestrian 0 0 -10 0.02 135.29 137.57 374.00 -10 -10 -10 -100    0 -1000 -1000 -10
491 95 pedestrian 0 0 -10 617.57 160.88 673.09 351.09 -10 -10 -10 -100    0 -1000 -1000 -10
491 100 pedestrian 0 0 -10 756.91 162.60 779.21 250.93 -10 -10 -10 -100    0 -1000 -1000 -10
491 52 pedestrian 0 0 -10 368.53 157.45 820.98 232.97 -10 -10 -10 -100    0 -1000 -1000 -10
492 102 pedestrian 0 0 -10 483.21 166.78 527.46 213.59 -10 -10 -10 -100    0 -1000 -1000 -10
492 101 pedestrian 0 0 -10 393.58 161.18 460.77 297.86 -10 -10 -10 -100    0 -1000 -1000 -10
492 79 pedestrian 0 0 -10 193.86 157.83 267.23 364.34 -10 -10 -10 -100    0 -1000 -1000 -10
492 93 pedestrian 0 0 -10 675.95 150.11 741.33 347.92 -10 -10 -10 -100    0 -1000 -1000 -10
492 99 pedestrian 0 0 -10 265.21 171.48 415.33 374.00 -10 -10 -10 -100    0 -1000 -1000 -10
492 95 pedestrian 0 0 -10 620.98 160.40 678.87 353.56 -10 -10 -10 -100    0 -1000 -1000 -10
492 100 pedestrian 0 0 -10 761.85 163.30 785.08 251.11 -10 -10 -10 -100    0 -1000 -1000 -10
492 104 pedestrian 0 0 -10 735.31 160.46 760.07 241.18 -10 -10 -10 -100    0 -1000 -1000 -10
492 52 pedestrian 0 0 -10 360.81 155.13 831.41 233.04 -10 -10 -10 -100    0 -1000 -1000 -10
493 102 pedestrian 0 0 -10 485.79 166.94 529.81 214.27 -10 -10 -10 -100    0 -1000 -1000 -10
493 101 pedestrian 0 0 -10 381.79 162.58 457.38 304.72 -10 -10 -10 -100    0 -1000 -1000 -10
493 79 pedestrian 0 0 -10 192.52 156.91 266.10 364.77 -10 -10 -10 -100    0 -1000 -1000 -10
493 93 pedestrian 0 0 -10 679.56 150.92 749.57 351.94 -10 -10 -10 -100    0 -1000 -1000 -10
493 99 pedestrian 0 0 -10 230.13 169.79 401.71 374.00 -10 -10 -10 -100    0 -1000 -1000 -10
493 95 pedestrian 0 0 -10 622.62 161.46 684.22 355.67 -10 -10 -10 -100    0 -1000 -1000 -10
493 100 pedestrian 0 0 -10 768.54 162.91 791.25 252.56 -10 -10 -10 -100    0 -1000 -1000 -10
493 104 pedestrian 0 0 -10 737.67 160.84 765.49 240.94 -10 -10 -10 -100    0 -1000 -1000 -10
493 52 pedestrian 0 0 -10 355.76 153.89 841.50 233.43 -10 -10 -10 -100    0 -1000 -1000 -10
494 102 pedestrian 0 0 -10 488.42 166.80 533.96 214.82 -10 -10 -10 -100    0 -1000 -1000 -10
494 101 pedestrian 0 0 -10 372.28 161.57 452.53 313.01 -10 -10 -10 -100    0 -1000 -1000 -10
494 79 pedestrian 0 0 -10 190.26 158.18 263.87 369.01 -10 -10 -10 -100    0 -1000 -1000 -10
494 93 pedestrian 0 0 -10 682.60 152.91 755.22 355.15 -10 -10 -10 -100    0 -1000 -1000 -10
494 99 pedestrian 0 0 -10 189.99 172.76 386.02 374.00 -10 -10 -10 -100    0 -1000 -1000 -10
494 95 pedestrian 0 0 -10 626.82 161.77 690.73 360.13 -10 -10 -10 -100    0 -1000 -1000 -10
494 100 pedestrian 0 0 -10 774.91 162.47 799.18 254.74 -10 -10 -10 -100    0 -1000 -1000 -10
494 104 pedestrian 0 0 -10 741.61 161.84 771.16 242.76 -10 -10 -10 -100    0 -1000 -1000 -10
494 52 pedestrian 0 0 -10 358.65 153.85 850.49 235.84 -10 -10 -10 -100    0 -1000 -1000 -10
495 102 pedestrian 0 0 -10 491.99 167.31 537.26 214.58 -10 -10 -10 -100    0 -1000 -1000 -10
495 101 pedestrian 0 0 -10 362.60 160.88 448.35 319.88 -10 -10 -10 -100    0 -1000 -1000 -10
495 79 pedestrian 0 0 -10 184.67 159.19 253.13 366.83 -10 -10 -10 -100    0 -1000 -1000 -10
495 93 pedestrian 0 0 -10 686.91 154.82 755.31 358.23 -10 -10 -10 -100    0 -1000 -1000 -10
495 99 pedestrian 0 0 -10 135.55 171.75 371.13 374.00 -10 -10 -10 -100    0 -1000 -1000 -10
495 95 pedestrian 0 0 -10 631.96 162.72 694.00 362.57 -10 -10 -10 -100    0 -1000 -1000 -10
495 100 pedestrian 0 0 -10 781.29 163.10 806.60 256.44 -10 -10 -10 -100    0 -1000 -1000 -10
495 104 pedestrian 0 0 -10 746.49 160.72 774.93 244.20 -10 -10 -10 -100    0 -1000 -1000 -10
495 52 pedestrian 0 0 -10 358.70 153.38 858.43 237.73 -10 -10 -10 -100    0 -1000 -1000 -10
496 102 pedestrian 0 0 -10 495.28 166.56 540.52 214.35 -10 -10 -10 -100    0 -1000 -1000 -10
496 101 pedestrian 0 0 -10 349.84 160.35 442.90 329.51 -10 -10 -10 -100    0 -1000 -1000 -10
496 79 pedestrian 0 0 -10 171.41 160.16 237.17 365.18 -10 -10 -10 -100    0 -1000 -1000 -10
496 93 pedestrian 0 0 -10 691.75 153.36 760.22 360.98 -10 -10 -10 -100    0 -1000 -1000 -10
496 99 pedestrian 0 0 -10 65.55 169.85 347.10 374.00 -10 -10 -10 -100    0 -1000 -1000 -10
496 95 pedestrian 0 0 -10 636.88 161.62 697.80 366.04 -10 -10 -10 -100    0 -1000 -1000 -10
496 100 pedestrian 0 0 -10 786.97 162.29 813.24 255.57 -10 -10 -10 -100    0 -1000 -1000 -10
496 104 pedestrian 0 0 -10 751.39 162.07 780.08 242.19 -10 -10 -10 -100    0 -1000 -1000 -10
496 52 pedestrian 0 0 -10 357.60 153.95 865.86 237.15 -10 -10 -10 -100    0 -1000 -1000 -10
497 102 pedestrian 0 0 -10 498.37 166.67 543.51 214.05 -10 -10 -10 -100    0 -1000 -1000 -10
497 101 pedestrian 0 0 -10 335.48 159.76 437.21 338.12 -10 -10 -10 -100    0 -1000 -1000 -10
497 79 pedestrian 0 0 -10 178.46 157.95 249.51 362.49 -10 -10 -10 -100    0 -1000 -1000 -10
497 93 pedestrian 0 0 -10 694.75 150.33 763.72 363.38 -10 -10 -10 -100    0 -1000 -1000 -10
497 99 pedestrian 0 0 -10 0.00 171.46 314.69 374.00 -10 -10 -10 -100    0 -1000 -1000 -10
497 95 pedestrian 0 0 -10 639.82 160.10 700.11 367.04 -10 -10 -10 -100    0 -1000 -1000 -10
497 100 pedestrian 0 0 -10 794.15 161.93 821.90 257.11 -10 -10 -10 -100    0 -1000 -1000 -10
497 104 pedestrian 0 0 -10 755.75 160.85 783.96 244.31 -10 -10 -10 -100    0 -1000 -1000 -10
497 52 pedestrian 0 0 -10 360.20 153.51 873.05 236.30 -10 -10 -10 -100    0 -1000 -1000 -10
498 102 pedestrian 0 0 -10 501.31 166.09 547.04 214.14 -10 -10 -10 -100    0 -1000 -1000 -10
498 101 pedestrian 0 0 -10 320.34 156.72 430.17 349.29 -10 -10 -10 -100    0 -1000 -1000 -10
498 79 pedestrian 0 0 -10 187.61 155.43 269.61 369.41 -10 -10 -10 -100    0 -1000 -1000 -10
498 93 pedestrian 0 0 -10 699.02 151.72 765.53 367.07 -10 -10 -10 -100    0 -1000 -1000 -10
498 99 pedestrian 0 0 -10 0.00 161.97 256.30 374.00 -10 -10 -10 -100    0 -1000 -1000 -10
498 95 pedestrian 0 0 -10 643.83 162.60 701.35 369.54 -10 -10 -10 -100    0 -1000 -1000 -10
498 100 pedestrian 0 0 -10 801.36 162.73 828.30 258.91 -10 -10 -10 -100    0 -1000 -1000 -10
498 104 pedestrian 0 0 -10 760.19 161.11 788.38 244.22 -10 -10 -10 -100    0 -1000 -1000 -10
498 52 pedestrian 0 0 -10 365.72 155.34 871.62 234.46 -10 -10 -10 -100    0 -1000 -1000 -10
499 102 pedestrian 0 0 -10 504.82 166.62 550.72 214.66 -10 -10 -10 -100    0 -1000 -1000 -10
499 101 pedestrian 0 0 -10 302.64 155.99 421.32 364.22 -10 -10 -10 -100    0 -1000 -1000 -10
499 79 pedestrian 0 0 -10 193.37 154.63 271.68 372.12 -10 -10 -10 -100    0 -1000 -1000 -10
499 93 pedestrian 0 0 -10 703.49 149.99 771.89 369.08 -10 -10 -10 -100    0 -1000 -1000 -10
499 99 pedestrian 0 0 -10 0.00 171.09 239.80 374.00 -10 -10 -10 -100    0 -1000 -1000 -10
499 95 pedestrian 0 0 -10 647.63 162.08 706.11 371.50 -10 -10 -10 -100    0 -1000 -1000 -10
499 100 pedestrian 0 0 -10 805.22 160.85 834.42 263.58 -10 -10 -10 -100    0 -1000 -1000 -10
499 104 pedestrian 0 0 -10 765.88 161.64 793.93 243.04 -10 -10 -10 -100    0 -1000 -1000 -10
499 52 pedestrian 0 0 -10 370.90 156.37 871.14 233.50 -10 -10 -10 -100    0 -1000 -1000 -10
500 102 pedestrian 0 0 -10 507.26 165.64 553.62 214.34 -10 -10 -10 -100    0 -1000 -1000 -10
500 101 pedestrian 0 0 -10 284.93 153.53 410.25 374.00 -10 -10 -10 -100    0 -1000 -1000 -10
500 79 pedestrian 0 0 -10 194.10 155.31 274.31 371.67 -10 -10 -10 -100    0 -1000 -1000 -10
500 93 pedestrian 0 0 -10 706.06 148.97 777.22 371.35 -10 -10 -10 -100    0 -1000 -1000 -10
500 99 pedestrian 0 0 -10 0.00 162.21 139.23 374.00 -10 -10 -10 -100    0 -1000 -1000 -10
500 95 pedestrian 0 0 -10 649.65 162.28 709.27 374.00 -10 -10 -10 -100    0 -1000 -1000 -10
500 100 pedestrian 0 0 -10 813.62 160.78 841.17 259.46 -10 -10 -10 -100    0 -1000 -1000 -10
500 104 pedestrian 0 0 -10 769.83 160.69 799.01 245.35 -10 -10 -10 -100    0 -1000 -1000 -10
500 52 pedestrian 0 0 -10 375.73 156.05 879.15 234.25 -10 -10 -10 -100    0 -1000 -1000 -10
501 102 pedestrian 0 0 -10 510.12 165.04 556.43 213.93 -10 -10 -10 -100    0 -1000 -1000 -10
501 101 pedestrian 0 0 -10 267.10 151.46 398.06 374.00 -10 -10 -10 -100    0 -1000 -1000 -10
501 79 pedestrian 0 0 -10 196.23 153.49 276.11 372.37 -10 -10 -10 -100    0 -1000 -1000 -10
501 93 pedestrian 0 0 -10 711.93 148.07 782.97 370.60 -10 -10 -10 -100    0 -1000 -1000 -10
501 99 pedestrian 0 0 -10 0.00 160.69 135.02 374.00 -10 -10 -10 -100    0 -1000 -1000 -10
501 95 pedestrian 0 0 -10 654.50 159.32 714.87 374.00 -10 -10 -10 -100    0 -1000 -1000 -10
501 100 pedestrian 0 0 -10 821.13 159.11 849.68 261.37 -10 -10 -10 -100    0 -1000 -1000 -10
501 104 pedestrian 0 0 -10 774.32 158.67 804.30 243.11 -10 -10 -10 -100    0 -1000 -1000 -10
501 52 pedestrian 0 0 -10 379.60 153.59 898.52 233.59 -10 -10 -10 -100    0 -1000 -1000 -10
502 102 pedestrian 0 0 -10 513.31 163.62 559.60 213.67 -10 -10 -10 -100    0 -1000 -1000 -10
502 101 pedestrian 0 0 -10 238.05 149.28 384.04 374.00 -10 -10 -10 -100    0 -1000 -1000 -10
502 79 pedestrian 0 0 -10 202.14 150.72 278.20 373.31 -10 -10 -10 -100    0 -1000 -1000 -10
502 93 pedestrian 0 0 -10 715.34 147.85 794.57 371.93 -10 -10 -10 -100    0 -1000 -1000 -10
502 99 pedestrian 0 0 -10 0.08 161.02 138.71 374.00 -10 -10 -10 -100    0 -1000 -1000 -10
502 95 pedestrian 0 0 -10 658.22 158.79 723.49 373.78 -10 -10 -10 -100    0 -1000 -1000 -10
502 100 pedestrian 0 0 -10 830.83 158.04 859.62 265.01 -10 -10 -10 -100    0 -1000 -1000 -10
502 104 pedestrian 0 0 -10 776.37 157.89 806.27 242.58 -10 -10 -10 -100    0 -1000 -1000 -10
502 52 pedestrian 0 0 -10 388.99 151.65 914.99 232.93 -10 -10 -10 -100    0 -1000 -1000 -10
503 102 pedestrian 0 0 -10 516.36 163.81 562.83 213.49 -10 -10 -10 -100    0 -1000 -1000 -10
503 101 pedestrian 0 0 -10 209.95 148.84 366.70 374.00 -10 -10 -10 -100    0 -1000 -1000 -10
503 79 pedestrian 0 0 -10 205.73 149.57 288.30 372.41 -10 -10 -10 -100    0 -1000 -1000 -10
503 93 pedestrian 0 0 -10 722.59 146.32 804.06 374.00 -10 -10 -10 -100    0 -1000 -1000 -10
503 95 pedestrian 0 0 -10 661.47 156.70 730.90 374.00 -10 -10 -10 -100    0 -1000 -1000 -10
503 100 pedestrian 0 0 -10 841.61 158.93 872.55 267.68 -10 -10 -10 -100    0 -1000 -1000 -10
503 104 pedestrian 0 0 -10 780.07 156.86 811.52 243.50 -10 -10 -10 -100    0 -1000 -1000 -10
503 52 pedestrian 0 0 -10 392.92 150.75 930.50 235.25 -10 -10 -10 -100    0 -1000 -1000 -10
504 102 pedestrian 0 0 -10 519.01 164.12 566.18 213.96 -10 -10 -10 -100    0 -1000 -1000 -10
504 101 pedestrian 0 0 -10 166.81 148.88 349.21 374.00 -10 -10 -10 -100    0 -1000 -1000 -10
504 79 pedestrian 0 0 -10 205.31 150.28 297.86 373.74 -10 -10 -10 -100    0 -1000 -1000 -10
504 93 pedestrian 0 0 -10 727.01 145.17 811.70 374.00 -10 -10 -10 -100    0 -1000 -1000 -10
504 95 pedestrian 0 0 -10 666.13 154.43 741.17 374.00 -10 -10 -10 -100    0 -1000 -1000 -10
504 100 pedestrian 0 0 -10 850.06 156.75 881.58 269.37 -10 -10 -10 -100    0 -1000 -1000 -10
504 104 pedestrian 0 0 -10 783.05 157.24 815.16 245.75 -10 -10 -10 -100    0 -1000 -1000 -10
504 52 pedestrian 0 0 -10 394.49 148.31 947.62 236.97 -10 -10 -10 -100    0 -1000 -1000 -10
505 102 pedestrian 0 0 -10 521.95 163.48 569.29 214.02 -10 -10 -10 -100    0 -1000 -1000 -10
505 101 pedestrian 0 0 -10 109.51 146.42 333.19 374.00 -10 -10 -10 -100    0 -1000 -1000 -10
505 79 pedestrian 0 0 -10 199.99 148.48 295.64 374.00 -10 -10 -10 -100    0 -1000 -1000 -10
505 93 pedestrian 0 0 -10 734.88 147.62 818.47 374.00 -10 -10 -10 -100    0 -1000 -1000 -10
505 95 pedestrian 0 0 -10 671.45 158.37 743.29 374.00 -10 -10 -10 -100    0 -1000 -1000 -10
505 100 pedestrian 0 0 -10 858.76 156.62 890.50 268.96 -10 -10 -10 -100    0 -1000 -1000 -10
505 104 pedestrian 0 0 -10 784.01 157.65 818.61 247.36 -10 -10 -10 -100    0 -1000 -1000 -10
505 52 pedestrian 0 0 -10 397.02 147.32 962.19 236.41 -10 -10 -10 -100    0 -1000 -1000 -10
506 106 pedestrian 0 0 -10 831.02 156.83 848.91 220.28 -10 -10 -10 -100    0 -1000 -1000 -10
506 102 pedestrian 0 0 -10 524.99 163.17 572.60 213.98 -10 -10 -10 -100    0 -1000 -1000 -10
506 101 pedestrian 0 0 -10 59.64 141.51 305.39 374.00 -10 -10 -10 -100    0 -1000 -1000 -10
506 79 pedestrian 0 0 -10 155.28 150.80 260.46 374.00 -10 -10 -10 -100    0 -1000 -1000 -10
506 93 pedestrian 0 0 -10 741.68 145.28 822.73 374.00 -10 -10 -10 -100    0 -1000 -1000 -10
506 95 pedestrian 0 0 -10 675.75 156.43 748.24 374.00 -10 -10 -10 -100    0 -1000 -1000 -10
506 100 pedestrian 0 0 -10 866.20 155.65 899.11 270.42 -10 -10 -10 -100    0 -1000 -1000 -10
506 104 pedestrian 0 0 -10 780.91 156.09 818.51 243.51 -10 -10 -10 -100    0 -1000 -1000 -10
506 52 pedestrian 0 0 -10 397.47 144.83 967.42 235.52 -10 -10 -10 -100    0 -1000 -1000 -10
507 106 pedestrian 0 0 -10 836.87 155.52 855.50 221.10 -10 -10 -10 -100    0 -1000 -1000 -10
507 102 pedestrian 0 0 -10 528.20 162.94 576.02 213.48 -10 -10 -10 -100    0 -1000 -1000 -10
507 101 pedestrian 0 0 -10 0.92 131.72 278.56 374.00 -10 -10 -10 -100    0 -1000 -1000 -10
507 79 pedestrian 0 0 -10 195.53 152.29 292.77 374.00 -10 -10 -10 -100    0 -1000 -1000 -10
507 93 pedestrian 0 0 -10 749.39 143.51 829.25 374.00 -10 -10 -10 -100    0 -1000 -1000 -10
507 95 pedestrian 0 0 -10 679.16 155.24 749.68 374.00 -10 -10 -10 -100    0 -1000 -1000 -10
507 100 pedestrian 0 0 -10 874.81 155.32 908.23 272.89 -10 -10 -10 -100    0 -1000 -1000 -10
507 104 pedestrian 0 0 -10 783.03 155.72 819.79 243.75 -10 -10 -10 -100    0 -1000 -1000 -10
508 106 pedestrian 0 0 -10 843.68 155.17 862.18 221.25 -10 -10 -10 -100    0 -1000 -1000 -10
508 102 pedestrian 0 0 -10 530.25 162.64 578.59 213.68 -10 -10 -10 -100    0 -1000 -1000 -10
508 101 pedestrian 0 0 -10 0.00 129.58 232.56 374.00 -10 -10 -10 -100    0 -1000 -1000 -10
508 79 pedestrian 0 0 -10 203.03 151.59 290.80 374.00 -10 -10 -10 -100    0 -1000 -1000 -10
508 93 pedestrian 0 0 -10 754.76 143.43 834.31 374.00 -10 -10 -10 -100    0 -1000 -1000 -10
508 95 pedestrian 0 0 -10 683.34 153.85 752.85 374.00 -10 -10 -10 -100    0 -1000 -1000 -10
508 100 pedestrian 0 0 -10 883.66 155.53 917.94 274.19 -10 -10 -10 -100    0 -1000 -1000 -10
508 104 pedestrian 0 0 -10 787.73 156.56 826.83 247.21 -10 -10 -10 -100    0 -1000 -1000 -10
509 106 pedestrian 0 0 -10 849.42 156.59 867.71 221.90 -10 -10 -10 -100    0 -1000 -1000 -10
509 102 pedestrian 0 0 -10 533.23 162.98 582.37 214.09 -10 -10 -10 -100    0 -1000 -1000 -10
509 101 pedestrian 0 0 -10 0.00 120.88 184.64 374.00 -10 -10 -10 -100    0 -1000 -1000 -10
509 79 pedestrian 0 0 -10 205.79 151.53 292.51 374.00 -10 -10 -10 -100    0 -1000 -1000 -10
509 93 pedestrian 0 0 -10 758.91 142.57 841.16 374.00 -10 -10 -10 -100    0 -1000 -1000 -10
509 103 pedestrian 0 0 -10 418.34 166.02 498.36 259.39 -10 -10 -10 -100    0 -1000 -1000 -10
509 95 pedestrian 0 0 -10 691.63 154.18 759.59 374.00 -10 -10 -10 -100    0 -1000 -1000 -10
509 100 pedestrian 0 0 -10 891.82 155.44 928.88 277.31 -10 -10 -10 -100    0 -1000 -1000 -10
509 104 pedestrian 0 0 -10 793.03 156.57 831.21 246.75 -10 -10 -10 -100    0 -1000 -1000 -10
510 107 pedestrian 0 0 -10 526.89 152.93 694.82 216.52 -10 -10 -10 -100    0 -1000 -1000 -10
510 106 pedestrian 0 0 -10 853.54 155.50 873.17 222.17 -10 -10 -10 -100    0 -1000 -1000 -10
510 102 pedestrian 0 0 -10 535.91 163.27 585.29 214.88 -10 -10 -10 -100    0 -1000 -1000 -10
510 79 pedestrian 0 0 -10 208.01 152.98 296.19 374.00 -10 -10 -10 -100    0 -1000 -1000 -10
510 93 pedestrian 0 0 -10 762.86 142.81 844.34 374.00 -10 -10 -10 -100    0 -1000 -1000 -10
510 103 pedestrian 0 0 -10 425.08 165.14 503.55 261.48 -10 -10 -10 -100    0 -1000 -1000 -10
510 95 pedestrian 0 0 -10 697.72 154.20 768.61 374.00 -10 -10 -10 -100    0 -1000 -1000 -10
510 100 pedestrian 0 0 -10 902.14 157.38 938.89 281.54 -10 -10 -10 -100    0 -1000 -1000 -10
510 104 pedestrian 0 0 -10 795.12 156.69 834.85 247.03 -10 -10 -10 -100    0 -1000 -1000 -10
511 107 pedestrian 0 0 -10 527.04 153.36 692.55 214.30 -10 -10 -10 -100    0 -1000 -1000 -10
511 106 pedestrian 0 0 -10 855.14 155.26 876.47 224.26 -10 -10 -10 -100    0 -1000 -1000 -10
511 102 pedestrian 0 0 -10 538.00 162.97 589.24 215.48 -10 -10 -10 -100    0 -1000 -1000 -10
511 79 pedestrian 0 0 -10 209.98 152.36 300.17 374.00 -10 -10 -10 -100    0 -1000 -1000 -10
511 93 pedestrian 0 0 -10 768.59 142.61 850.84 374.00 -10 -10 -10 -100    0 -1000 -1000 -10
511 103 pedestrian 0 0 -10 423.85 162.27 507.97 260.61 -10 -10 -10 -100    0 -1000 -1000 -10
511 95 pedestrian 0 0 -10 704.24 152.88 778.69 374.00 -10 -10 -10 -100    0 -1000 -1000 -10
511 100 pedestrian 0 0 -10 911.45 155.77 950.71 284.78 -10 -10 -10 -100    0 -1000 -1000 -10
511 104 pedestrian 0 0 -10 795.19 155.99 844.95 249.21 -10 -10 -10 -100    0 -1000 -1000 -10
512 107 pedestrian 0 0 -10 530.35 155.79 686.65 210.87 -10 -10 -10 -100    0 -1000 -1000 -10
512 106 pedestrian 0 0 -10 858.11 155.38 881.32 223.24 -10 -10 -10 -100    0 -1000 -1000 -10
512 102 pedestrian 0 0 -10 540.37 163.43 590.96 216.06 -10 -10 -10 -100    0 -1000 -1000 -10
512 79 pedestrian 0 0 -10 211.10 150.41 305.58 374.00 -10 -10 -10 -100    0 -1000 -1000 -10
512 93 pedestrian 0 0 -10 773.45 143.58 860.40 374.00 -10 -10 -10 -100    0 -1000 -1000 -10
512 103 pedestrian 0 0 -10 419.64 160.75 508.80 257.65 -10 -10 -10 -100    0 -1000 -1000 -10
512 95 pedestrian 0 0 -10 711.14 153.43 786.17 374.00 -10 -10 -10 -100    0 -1000 -1000 -10
512 100 pedestrian 0 0 -10 921.62 154.70 962.35 288.96 -10 -10 -10 -100    0 -1000 -1000 -10
512 104 pedestrian 0 0 -10 792.37 156.06 850.82 247.85 -10 -10 -10 -100    0 -1000 -1000 -10
513 107 pedestrian 0 0 -10 536.29 156.23 689.80 211.47 -10 -10 -10 -100    0 -1000 -1000 -10
513 106 pedestrian 0 0 -10 867.48 155.42 890.04 225.47 -10 -10 -10 -100    0 -1000 -1000 -10
513 102 pedestrian 0 0 -10 543.02 164.07 592.83 216.82 -10 -10 -10 -100    0 -1000 -1000 -10
513 79 pedestrian 0 0 -10 208.62 151.15 309.20 374.00 -10 -10 -10 -100    0 -1000 -1000 -10
513 93 pedestrian 0 0 -10 782.40 143.03 876.07 374.00 -10 -10 -10 -100    0 -1000 -1000 -10
513 103 pedestrian 0 0 -10 423.51 161.21 513.99 259.95 -10 -10 -10 -100    0 -1000 -1000 -10
513 95 pedestrian 0 0 -10 718.17 154.65 796.72 374.00 -10 -10 -10 -100    0 -1000 -1000 -10
513 100 pedestrian 0 0 -10 932.99 155.60 974.02 290.46 -10 -10 -10 -100    0 -1000 -1000 -10
513 104 pedestrian 0 0 -10 802.28 156.82 856.22 250.85 -10 -10 -10 -100    0 -1000 -1000 -10
514 107 pedestrian 0 0 -10 541.85 156.91 693.71 212.96 -10 -10 -10 -100    0 -1000 -1000 -10
514 106 pedestrian 0 0 -10 873.18 156.96 895.01 227.04 -10 -10 -10 -100    0 -1000 -1000 -10
514 102 pedestrian 0 0 -10 544.56 164.85 595.61 217.51 -10 -10 -10 -100    0 -1000 -1000 -10
514 79 pedestrian 0 0 -10 209.85 152.29 315.04 374.00 -10 -10 -10 -100    0 -1000 -1000 -10
514 93 pedestrian 0 0 -10 788.63 145.09 882.38 374.00 -10 -10 -10 -100    0 -1000 -1000 -10
514 103 pedestrian 0 0 -10 422.90 163.86 516.71 262.01 -10 -10 -10 -100    0 -1000 -1000 -10
514 95 pedestrian 0 0 -10 726.31 156.47 804.20 374.00 -10 -10 -10 -100    0 -1000 -1000 -10
514 100 pedestrian 0 0 -10 943.58 156.23 985.16 293.21 -10 -10 -10 -100    0 -1000 -1000 -10
514 104 pedestrian 0 0 -10 810.98 159.53 855.98 251.93 -10 -10 -10 -100    0 -1000 -1000 -10
515 108 pedestrian 0 0 -10 713.36 173.64 755.78 227.37 -10 -10 -10 -100    0 -1000 -1000 -10
515 107 pedestrian 0 0 -10 553.95 157.79 693.04 211.26 -10 -10 -10 -100    0 -1000 -1000 -10
515 106 pedestrian 0 0 -10 876.12 157.18 899.72 227.75 -10 -10 -10 -100    0 -1000 -1000 -10
515 102 pedestrian 0 0 -10 545.33 164.72 596.28 218.12 -10 -10 -10 -100    0 -1000 -1000 -10
515 79 pedestrian 0 0 -10 208.75 153.37 314.33 374.00 -10 -10 -10 -100    0 -1000 -1000 -10
515 93 pedestrian 0 0 -10 794.54 143.69 889.84 374.00 -10 -10 -10 -100    0 -1000 -1000 -10
515 103 pedestrian 0 0 -10 411.52 170.32 461.72 257.41 -10 -10 -10 -100    0 -1000 -1000 -10
515 95 pedestrian 0 0 -10 733.39 154.94 805.15 374.00 -10 -10 -10 -100    0 -1000 -1000 -10
515 100 pedestrian 0 0 -10 952.68 157.06 995.67 295.14 -10 -10 -10 -100    0 -1000 -1000 -10
515 104 pedestrian 0 0 -10 806.53 161.12 857.29 253.84 -10 -10 -10 -100    0 -1000 -1000 -10
516 108 pedestrian 0 0 -10 715.19 170.50 751.63 222.63 -10 -10 -10 -100    0 -1000 -1000 -10
516 107 pedestrian 0 0 -10 559.22 155.26 693.39 210.75 -10 -10 -10 -100    0 -1000 -1000 -10
516 106 pedestrian 0 0 -10 873.70 157.48 901.18 229.06 -10 -10 -10 -100    0 -1000 -1000 -10
516 102 pedestrian 0 0 -10 545.96 164.97 598.04 218.46 -10 -10 -10 -100    0 -1000 -1000 -10
516 79 pedestrian 0 0 -10 208.83 154.34 312.39 374.00 -10 -10 -10 -100    0 -1000 -1000 -10
516 93 pedestrian 0 0 -10 797.94 143.32 886.63 374.00 -10 -10 -10 -100    0 -1000 -1000 -10
516 103 pedestrian 0 0 -10 401.70 168.45 455.84 252.84 -10 -10 -10 -100    0 -1000 -1000 -10
516 95 pedestrian 0 0 -10 739.41 155.62 808.02 374.00 -10 -10 -10 -100    0 -1000 -1000 -10
516 100 pedestrian 0 0 -10 959.05 155.72 1006.93 300.13 -10 -10 -10 -100    0 -1000 -1000 -10
516 104 pedestrian 0 0 -10 803.74 159.91 857.84 254.87 -10 -10 -10 -100    0 -1000 -1000 -10
517 108 pedestrian 0 0 -10 718.43 169.98 756.28 222.39 -10 -10 -10 -100    0 -1000 -1000 -10
517 107 pedestrian 0 0 -10 560.52 155.32 695.50 210.27 -10 -10 -10 -100    0 -1000 -1000 -10
517 106 pedestrian 0 0 -10 890.49 158.11 910.51 227.88 -10 -10 -10 -100    0 -1000 -1000 -10
517 102 pedestrian 0 0 -10 547.54 165.30 600.10 218.83 -10 -10 -10 -100    0 -1000 -1000 -10
517 79 pedestrian 0 0 -10 218.39 151.22 308.00 374.00 -10 -10 -10 -100    0 -1000 -1000 -10
517 93 pedestrian 0 0 -10 805.54 143.46 890.06 374.00 -10 -10 -10 -100    0 -1000 -1000 -10
517 103 pedestrian 0 0 -10 401.79 167.52 457.46 254.48 -10 -10 -10 -100    0 -1000 -1000 -10
517 95 pedestrian 0 0 -10 744.66 157.95 811.77 374.00 -10 -10 -10 -100    0 -1000 -1000 -10
517 100 pedestrian 0 0 -10 968.36 156.11 1019.19 302.85 -10 -10 -10 -100    0 -1000 -1000 -10
517 104 pedestrian 0 0 -10 807.96 161.74 856.79 253.94 -10 -10 -10 -100    0 -1000 -1000 -10
518 109 pedestrian 0 0 -10 1032.26 173.10 1094.82 237.90 -10 -10 -10 -100    0 -1000 -1000 -10
518 108 pedestrian 0 0 -10 722.51 169.69 759.03 222.97 -10 -10 -10 -100    0 -1000 -1000 -10
518 107 pedestrian 0 0 -10 561.99 155.09 697.96 210.62 -10 -10 -10 -100    0 -1000 -1000 -10
518 106 pedestrian 0 0 -10 897.95 159.77 918.13 232.78 -10 -10 -10 -100    0 -1000 -1000 -10
518 102 pedestrian 0 0 -10 548.25 165.48 600.66 219.52 -10 -10 -10 -100    0 -1000 -1000 -10
518 79 pedestrian 0 0 -10 230.20 154.68 303.94 374.00 -10 -10 -10 -100    0 -1000 -1000 -10
518 93 pedestrian 0 0 -10 808.20 144.86 893.78 374.00 -10 -10 -10 -100    0 -1000 -1000 -10
518 110 pedestrian 0 0 -10 478.90 162.58 526.88 231.66 -10 -10 -10 -100    0 -1000 -1000 -10
518 103 pedestrian 0 0 -10 409.64 172.01 460.99 268.96 -10 -10 -10 -100    0 -1000 -1000 -10
518 95 pedestrian 0 0 -10 750.43 159.90 816.95 374.00 -10 -10 -10 -100    0 -1000 -1000 -10
518 100 pedestrian 0 0 -10 978.67 155.86 1030.10 306.70 -10 -10 -10 -100    0 -1000 -1000 -10
518 104 pedestrian 0 0 -10 811.15 163.52 857.48 256.72 -10 -10 -10 -100    0 -1000 -1000 -10
519 109 pedestrian 0 0 -10 1039.45 173.19 1103.74 240.38 -10 -10 -10 -100    0 -1000 -1000 -10
519 108 pedestrian 0 0 -10 723.91 170.91 763.95 225.59 -10 -10 -10 -100    0 -1000 -1000 -10
519 107 pedestrian 0 0 -10 564.02 154.73 702.94 211.68 -10 -10 -10 -100    0 -1000 -1000 -10
519 106 pedestrian 0 0 -10 902.14 160.53 922.76 234.55 -10 -10 -10 -100    0 -1000 -1000 -10
519 102 pedestrian 0 0 -10 548.65 165.57 601.30 220.23 -10 -10 -10 -100    0 -1000 -1000 -10
519 79 pedestrian 0 0 -10 226.93 156.89 307.72 374.00 -10 -10 -10 -100    0 -1000 -1000 -10
519 93 pedestrian 0 0 -10 813.93 148.13 898.43 374.00 -10 -10 -10 -100    0 -1000 -1000 -10
519 110 pedestrian 0 0 -10 481.28 162.66 527.82 233.28 -10 -10 -10 -100    0 -1000 -1000 -10
519 103 pedestrian 0 0 -10 405.10 170.65 458.75 262.24 -10 -10 -10 -100    0 -1000 -1000 -10
519 95 pedestrian 0 0 -10 747.86 161.40 816.96 374.00 -10 -10 -10 -100    0 -1000 -1000 -10
519 100 pedestrian 0 0 -10 987.30 155.23 1040.25 309.59 -10 -10 -10 -100    0 -1000 -1000 -10
519 104 pedestrian 0 0 -10 813.11 164.62 856.56 258.83 -10 -10 -10 -100    0 -1000 -1000 -10
520 109 pedestrian 0 0 -10 1043.77 171.96 1122.22 241.11 -10 -10 -10 -100    0 -1000 -1000 -10
520 108 pedestrian 0 0 -10 721.69 171.98 788.93 234.29 -10 -10 -10 -100    0 -1000 -1000 -10
520 107 pedestrian 0 0 -10 567.59 156.80 707.25 213.48 -10 -10 -10 -100    0 -1000 -1000 -10
520 106 pedestrian 0 0 -10 907.10 159.85 925.73 234.26 -10 -10 -10 -100    0 -1000 -1000 -10
520 102 pedestrian 0 0 -10 549.26 164.81 603.06 220.10 -10 -10 -10 -100    0 -1000 -1000 -10
520 79 pedestrian 0 0 -10 222.66 158.17 310.07 374.00 -10 -10 -10 -100    0 -1000 -1000 -10
520 93 pedestrian 0 0 -10 818.59 145.49 900.87 374.00 -10 -10 -10 -100    0 -1000 -1000 -10
520 110 pedestrian 0 0 -10 486.28 164.81 533.07 235.52 -10 -10 -10 -100    0 -1000 -1000 -10
520 95 pedestrian 0 0 -10 737.75 159.94 817.52 374.00 -10 -10 -10 -100    0 -1000 -1000 -10
520 100 pedestrian 0 0 -10 995.63 157.22 1050.73 313.82 -10 -10 -10 -100    0 -1000 -1000 -10
520 104 pedestrian 0 0 -10 814.48 164.13 858.59 259.15 -10 -10 -10 -100    0 -1000 -1000 -10
521 109 pedestrian 0 0 -10 1045.93 172.17 1143.88 244.76 -10 -10 -10 -100    0 -1000 -1000 -10
521 108 pedestrian 0 0 -10 722.89 174.44 796.93 238.56 -10 -10 -10 -100    0 -1000 -1000 -10
521 107 pedestrian 0 0 -10 568.72 157.26 709.87 213.97 -10 -10 -10 -100    0 -1000 -1000 -10
521 106 pedestrian 0 0 -10 909.28 160.66 929.01 235.21 -10 -10 -10 -100    0 -1000 -1000 -10
521 102 pedestrian 0 0 -10 549.16 165.19 602.93 220.55 -10 -10 -10 -100    0 -1000 -1000 -10
521 79 pedestrian 0 0 -10 224.59 155.63 309.87 374.00 -10 -10 -10 -100    0 -1000 -1000 -10
521 93 pedestrian 0 0 -10 823.92 147.02 902.63 374.00 -10 -10 -10 -100    0 -1000 -1000 -10
521 110 pedestrian 0 0 -10 488.11 165.22 536.15 236.23 -10 -10 -10 -100    0 -1000 -1000 -10
521 95 pedestrian 0 0 -10 739.45 160.12 823.81 374.00 -10 -10 -10 -100    0 -1000 -1000 -10
521 100 pedestrian 0 0 -10 1003.13 157.12 1058.81 317.17 -10 -10 -10 -100    0 -1000 -1000 -10
521 104 pedestrian 0 0 -10 819.33 164.36 861.42 260.65 -10 -10 -10 -100    0 -1000 -1000 -10
522 111 pedestrian 0 0 -10 419.02 179.07 471.55 293.17 -10 -10 -10 -100    0 -1000 -1000 -10
522 109 pedestrian 0 0 -10 1051.86 171.96 1170.64 245.07 -10 -10 -10 -100    0 -1000 -1000 -10
522 108 pedestrian 0 0 -10 723.78 176.83 780.72 235.97 -10 -10 -10 -100    0 -1000 -1000 -10
522 107 pedestrian 0 0 -10 568.60 157.75 710.58 214.68 -10 -10 -10 -100    0 -1000 -1000 -10
522 106 pedestrian 0 0 -10 911.21 161.12 931.87 237.20 -10 -10 -10 -100    0 -1000 -1000 -10
522 102 pedestrian 0 0 -10 547.79 165.68 602.64 221.51 -10 -10 -10 -100    0 -1000 -1000 -10
522 79 pedestrian 0 0 -10 226.92 154.04 306.70 374.00 -10 -10 -10 -100    0 -1000 -1000 -10
522 93 pedestrian 0 0 -10 826.75 149.82 907.48 374.00 -10 -10 -10 -100    0 -1000 -1000 -10
522 110 pedestrian 0 0 -10 487.88 164.69 537.10 236.89 -10 -10 -10 -100    0 -1000 -1000 -10
522 95 pedestrian 0 0 -10 743.21 160.23 831.76 374.00 -10 -10 -10 -100    0 -1000 -1000 -10
522 100 pedestrian 0 0 -10 1011.60 156.92 1067.67 321.13 -10 -10 -10 -100    0 -1000 -1000 -10
522 104 pedestrian 0 0 -10 819.56 167.01 859.04 262.32 -10 -10 -10 -100    0 -1000 -1000 -10
523 111 pedestrian 0 0 -10 413.89 176.95 469.50 289.73 -10 -10 -10 -100    0 -1000 -1000 -10
523 109 pedestrian 0 0 -10 1056.64 171.05 1178.50 243.04 -10 -10 -10 -100    0 -1000 -1000 -10
523 108 pedestrian 0 0 -10 723.61 176.28 776.07 233.51 -10 -10 -10 -100    0 -1000 -1000 -10
523 107 pedestrian 0 0 -10 566.96 157.18 709.47 214.66 -10 -10 -10 -100    0 -1000 -1000 -10
523 106 pedestrian 0 0 -10 912.34 160.37 933.68 238.80 -10 -10 -10 -100    0 -1000 -1000 -10
523 102 pedestrian 0 0 -10 545.78 165.27 600.29 221.75 -10 -10 -10 -100    0 -1000 -1000 -10
523 79 pedestrian 0 0 -10 221.25 156.31 308.70 374.00 -10 -10 -10 -100    0 -1000 -1000 -10
523 93 pedestrian 0 0 -10 829.51 149.87 912.12 374.00 -10 -10 -10 -100    0 -1000 -1000 -10
523 110 pedestrian 0 0 -10 488.06 165.02 535.81 236.69 -10 -10 -10 -100    0 -1000 -1000 -10
523 112 pedestrian 0 0 -10 620.29 168.87 645.91 201.83 -10 -10 -10 -100    0 -1000 -1000 -10
523 95 pedestrian 0 0 -10 746.55 159.52 834.84 374.00 -10 -10 -10 -100    0 -1000 -1000 -10
523 100 pedestrian 0 0 -10 1018.18 157.19 1074.81 323.55 -10 -10 -10 -100    0 -1000 -1000 -10
523 104 pedestrian 0 0 -10 816.57 167.55 851.92 264.30 -10 -10 -10 -100    0 -1000 -1000 -10
524 109 pedestrian 0 0 -10 1060.95 169.55 1187.64 241.30 -10 -10 -10 -100    0 -1000 -1000 -10
524 108 pedestrian 0 0 -10 725.93 174.76 770.22 229.42 -10 -10 -10 -100    0 -1000 -1000 -10
524 107 pedestrian 0 0 -10 566.90 156.12 709.02 212.77 -10 -10 -10 -100    0 -1000 -1000 -10
524 106 pedestrian 0 0 -10 912.27 160.22 933.97 238.75 -10 -10 -10 -100    0 -1000 -1000 -10
524 102 pedestrian 0 0 -10 543.69 165.76 598.17 221.96 -10 -10 -10 -100    0 -1000 -1000 -10
524 79 pedestrian 0 0 -10 214.11 158.78 311.02 374.00 -10 -10 -10 -100    0 -1000 -1000 -10
524 93 pedestrian 0 0 -10 832.71 149.42 916.23 374.00 -10 -10 -10 -100    0 -1000 -1000 -10
524 110 pedestrian 0 0 -10 485.77 163.76 534.27 235.92 -10 -10 -10 -100    0 -1000 -1000 -10
524 103 pedestrian 0 0 -10 396.13 168.18 454.54 266.66 -10 -10 -10 -100    0 -1000 -1000 -10
524 112 pedestrian 0 0 -10 617.88 168.46 643.52 200.81 -10 -10 -10 -100    0 -1000 -1000 -10
524 95 pedestrian 0 0 -10 750.61 159.40 837.78 374.00 -10 -10 -10 -100    0 -1000 -1000 -10
524 100 pedestrian 0 0 -10 1023.16 157.32 1082.67 328.11 -10 -10 -10 -100    0 -1000 -1000 -10
524 104 pedestrian 0 0 -10 811.88 166.92 847.79 267.35 -10 -10 -10 -100    0 -1000 -1000 -10
525 109 pedestrian 0 0 -10 1071.42 160.71 1199.06 237.16 -10 -10 -10 -100    0 -1000 -1000 -10
525 108 pedestrian 0 0 -10 727.47 171.31 765.68 227.98 -10 -10 -10 -100    0 -1000 -1000 -10
525 107 pedestrian 0 0 -10 563.93 155.18 711.33 212.86 -10 -10 -10 -100    0 -1000 -1000 -10
525 106 pedestrian 0 0 -10 911.22 161.60 934.41 239.56 -10 -10 -10 -100    0 -1000 -1000 -10
525 102 pedestrian 0 0 -10 541.57 166.62 595.73 222.43 -10 -10 -10 -100    0 -1000 -1000 -10
525 79 pedestrian 0 0 -10 202.51 159.36 306.43 374.00 -10 -10 -10 -100    0 -1000 -1000 -10
525 93 pedestrian 0 0 -10 837.29 148.03 921.19 374.00 -10 -10 -10 -100    0 -1000 -1000 -10
525 110 pedestrian 0 0 -10 480.61 160.51 532.58 235.13 -10 -10 -10 -100    0 -1000 -1000 -10
525 103 pedestrian 0 0 -10 391.44 165.94 451.65 262.81 -10 -10 -10 -100    0 -1000 -1000 -10
525 112 pedestrian 0 0 -10 615.63 169.13 641.82 202.37 -10 -10 -10 -100    0 -1000 -1000 -10
525 95 pedestrian 0 0 -10 758.53 156.25 841.72 374.00 -10 -10 -10 -100    0 -1000 -1000 -10
525 100 pedestrian 0 0 -10 1028.69 157.82 1089.07 333.18 -10 -10 -10 -100    0 -1000 -1000 -10
525 104 pedestrian 0 0 -10 805.79 167.13 845.12 265.38 -10 -10 -10 -100    0 -1000 -1000 -10
526 109 pedestrian 0 0 -10 1079.13 154.27 1209.00 238.23 -10 -10 -10 -100    0 -1000 -1000 -10
526 108 pedestrian 0 0 -10 726.77 169.88 765.41 227.28 -10 -10 -10 -100    0 -1000 -1000 -10
526 107 pedestrian 0 0 -10 559.42 154.76 707.63 212.80 -10 -10 -10 -100    0 -1000 -1000 -10
526 106 pedestrian 0 0 -10 909.94 162.35 933.67 241.08 -10 -10 -10 -100    0 -1000 -1000 -10
526 102 pedestrian 0 0 -10 537.93 166.72 592.58 223.21 -10 -10 -10 -100    0 -1000 -1000 -10
526 79 pedestrian 0 0 -10 200.13 158.61 301.06 374.00 -10 -10 -10 -100    0 -1000 -1000 -10
526 93 pedestrian 0 0 -10 839.20 147.26 924.50 374.00 -10 -10 -10 -100    0 -1000 -1000 -10
526 110 pedestrian 0 0 -10 475.60 158.84 530.01 236.02 -10 -10 -10 -100    0 -1000 -1000 -10
526 103 pedestrian 0 0 -10 385.32 165.82 446.78 263.39 -10 -10 -10 -100    0 -1000 -1000 -10
526 112 pedestrian 0 0 -10 612.33 169.68 639.09 203.33 -10 -10 -10 -100    0 -1000 -1000 -10
526 95 pedestrian 0 0 -10 764.36 158.82 840.12 374.00 -10 -10 -10 -100    0 -1000 -1000 -10
526 100 pedestrian 0 0 -10 1034.60 159.05 1094.74 337.08 -10 -10 -10 -100    0 -1000 -1000 -10
526 104 pedestrian 0 0 -10 790.48 168.09 838.77 265.24 -10 -10 -10 -100    0 -1000 -1000 -10
527 109 pedestrian 0 0 -10 1091.00 149.41 1215.92 238.67 -10 -10 -10 -100    0 -1000 -1000 -10
527 108 pedestrian 0 0 -10 725.22 169.97 764.72 227.80 -10 -10 -10 -100    0 -1000 -1000 -10
527 107 pedestrian 0 0 -10 557.04 155.47 706.67 213.11 -10 -10 -10 -100    0 -1000 -1000 -10
527 106 pedestrian 0 0 -10 909.39 161.63 933.79 241.59 -10 -10 -10 -100    0 -1000 -1000 -10
527 102 pedestrian 0 0 -10 534.09 166.67 590.37 224.19 -10 -10 -10 -100    0 -1000 -1000 -10
527 79 pedestrian 0 0 -10 203.19 158.62 291.28 374.00 -10 -10 -10 -100    0 -1000 -1000 -10
527 93 pedestrian 0 0 -10 839.45 146.85 925.61 374.00 -10 -10 -10 -100    0 -1000 -1000 -10
527 110 pedestrian 0 0 -10 474.11 161.72 527.85 237.37 -10 -10 -10 -100    0 -1000 -1000 -10
527 103 pedestrian 0 0 -10 377.11 165.35 442.77 266.05 -10 -10 -10 -100    0 -1000 -1000 -10
527 112 pedestrian 0 0 -10 608.39 170.21 636.15 203.65 -10 -10 -10 -100    0 -1000 -1000 -10
527 95 pedestrian 0 0 -10 766.19 159.90 839.90 374.00 -10 -10 -10 -100    0 -1000 -1000 -10
527 100 pedestrian 0 0 -10 1041.05 158.98 1101.89 341.67 -10 -10 -10 -100    0 -1000 -1000 -10
527 104 pedestrian 0 0 -10 782.01 169.48 836.21 267.02 -10 -10 -10 -100    0 -1000 -1000 -10
528 109 pedestrian 0 0 -10 1097.33 147.00 1226.40 242.00 -10 -10 -10 -100    0 -1000 -1000 -10
528 108 pedestrian 0 0 -10 723.65 169.22 761.75 229.18 -10 -10 -10 -100    0 -1000 -1000 -10
528 107 pedestrian 0 0 -10 555.73 155.74 706.80 213.81 -10 -10 -10 -100    0 -1000 -1000 -10
528 106 pedestrian 0 0 -10 909.08 161.96 933.85 242.78 -10 -10 -10 -100    0 -1000 -1000 -10
528 102 pedestrian 0 0 -10 530.74 167.36 588.14 225.40 -10 -10 -10 -100    0 -1000 -1000 -10
528 79 pedestrian 0 0 -10 209.54 162.04 287.60 374.00 -10 -10 -10 -100    0 -1000 -1000 -10
528 93 pedestrian 0 0 -10 838.92 148.49 928.56 374.00 -10 -10 -10 -100    0 -1000 -1000 -10
528 110 pedestrian 0 0 -10 474.18 163.36 526.50 237.64 -10 -10 -10 -100    0 -1000 -1000 -10
528 103 pedestrian 0 0 -10 372.51 165.50 437.18 266.22 -10 -10 -10 -100    0 -1000 -1000 -10
528 112 pedestrian 0 0 -10 604.88 170.71 632.95 205.32 -10 -10 -10 -100    0 -1000 -1000 -10
528 95 pedestrian 0 0 -10 767.76 161.51 840.59 374.00 -10 -10 -10 -100    0 -1000 -1000 -10
528 100 pedestrian 0 0 -10 1046.89 157.78 1112.23 347.95 -10 -10 -10 -100    0 -1000 -1000 -10
528 104 pedestrian 0 0 -10 774.88 170.19 833.46 270.78 -10 -10 -10 -100    0 -1000 -1000 -10
529 109 pedestrian 0 0 -10 1099.77 148.40 1221.68 236.71 -10 -10 -10 -100    0 -1000 -1000 -10
529 108 pedestrian 0 0 -10 722.81 170.20 760.93 230.41 -10 -10 -10 -100    0 -1000 -1000 -10
529 107 pedestrian 0 0 -10 553.71 156.45 706.34 214.24 -10 -10 -10 -100    0 -1000 -1000 -10
529 106 pedestrian 0 0 -10 908.64 162.62 933.80 243.09 -10 -10 -10 -100    0 -1000 -1000 -10
529 102 pedestrian 0 0 -10 527.91 168.44 584.46 225.52 -10 -10 -10 -100    0 -1000 -1000 -10
529 79 pedestrian 0 0 -10 201.86 164.57 286.88 374.00 -10 -10 -10 -100    0 -1000 -1000 -10
529 93 pedestrian 0 0 -10 839.85 148.15 933.55 374.00 -10 -10 -10 -100    0 -1000 -1000 -10
529 110 pedestrian 0 0 -10 475.46 166.15 523.35 237.03 -10 -10 -10 -100    0 -1000 -1000 -10
529 103 pedestrian 0 0 -10 367.64 165.46 432.29 269.63 -10 -10 -10 -100    0 -1000 -1000 -10
529 112 pedestrian 0 0 -10 602.13 171.18 630.75 206.47 -10 -10 -10 -100    0 -1000 -1000 -10
529 95 pedestrian 0 0 -10 764.68 162.43 839.74 374.00 -10 -10 -10 -100    0 -1000 -1000 -10
529 100 pedestrian 0 0 -10 1052.98 158.09 1120.79 352.91 -10 -10 -10 -100    0 -1000 -1000 -10
529 104 pedestrian 0 0 -10 772.28 171.68 829.44 271.84 -10 -10 -10 -100    0 -1000 -1000 -10
530 109 pedestrian 0 0 -10 1097.73 148.72 1208.90 235.39 -10 -10 -10 -100    0 -1000 -1000 -10
530 108 pedestrian 0 0 -10 721.89 171.34 758.38 231.85 -10 -10 -10 -100    0 -1000 -1000 -10
530 107 pedestrian 0 0 -10 550.55 157.05 704.01 215.34 -10 -10 -10 -100    0 -1000 -1000 -10
530 106 pedestrian 0 0 -10 908.79 161.89 932.58 242.28 -10 -10 -10 -100    0 -1000 -1000 -10
530 102 pedestrian 0 0 -10 523.82 167.35 581.54 226.45 -10 -10 -10 -100    0 -1000 -1000 -10
530 79 pedestrian 0 0 -10 195.19 164.21 282.06 374.00 -10 -10 -10 -100    0 -1000 -1000 -10
530 93 pedestrian 0 0 -10 839.22 147.99 939.22 374.00 -10 -10 -10 -100    0 -1000 -1000 -10
530 110 pedestrian 0 0 -10 482.09 174.83 519.88 235.94 -10 -10 -10 -100    0 -1000 -1000 -10
530 103 pedestrian 0 0 -10 362.49 172.19 406.56 280.40 -10 -10 -10 -100    0 -1000 -1000 -10
530 112 pedestrian 0 0 -10 597.98 170.82 627.48 205.97 -10 -10 -10 -100    0 -1000 -1000 -10
530 95 pedestrian 0 0 -10 763.63 160.26 846.26 374.00 -10 -10 -10 -100    0 -1000 -1000 -10
530 100 pedestrian 0 0 -10 1060.16 158.39 1126.39 353.71 -10 -10 -10 -100    0 -1000 -1000 -10
530 104 pedestrian 0 0 -10 772.84 169.84 822.37 270.13 -10 -10 -10 -100    0 -1000 -1000 -10
531 109 pedestrian 0 0 -10 1095.87 148.42 1211.40 236.72 -10 -10 -10 -100    0 -1000 -1000 -10
531 108 pedestrian 0 0 -10 720.99 171.39 757.62 231.88 -10 -10 -10 -100    0 -1000 -1000 -10
531 107 pedestrian 0 0 -10 547.66 157.29 701.85 215.44 -10 -10 -10 -100    0 -1000 -1000 -10
531 106 pedestrian 0 0 -10 904.70 161.70 930.41 242.06 -10 -10 -10 -100    0 -1000 -1000 -10
531 102 pedestrian 0 0 -10 521.11 167.76 578.10 226.46 -10 -10 -10 -100    0 -1000 -1000 -10
531 79 pedestrian 0 0 -10 188.41 163.99 279.13 374.00 -10 -10 -10 -100    0 -1000 -1000 -10
531 93 pedestrian 0 0 -10 843.79 147.04 953.84 374.00 -10 -10 -10 -100    0 -1000 -1000 -10
531 110 pedestrian 0 0 -10 479.38 173.32 516.72 235.49 -10 -10 -10 -100    0 -1000 -1000 -10
531 103 pedestrian 0 0 -10 358.68 173.22 402.43 282.47 -10 -10 -10 -100    0 -1000 -1000 -10
531 112 pedestrian 0 0 -10 594.30 170.95 624.59 207.15 -10 -10 -10 -100    0 -1000 -1000 -10
531 95 pedestrian 0 0 -10 764.72 159.90 850.12 374.00 -10 -10 -10 -100    0 -1000 -1000 -10
531 100 pedestrian 0 0 -10 1067.43 158.94 1134.28 359.78 -10 -10 -10 -100    0 -1000 -1000 -10
531 104 pedestrian 0 0 -10 771.19 169.86 818.56 270.68 -10 -10 -10 -100    0 -1000 -1000 -10
532 113 pedestrian 0 0 -10 1183.42 143.18 1228.18 250.68 -10 -10 -10 -100    0 -1000 -1000 -10
532 109 pedestrian 0 0 -10 1096.65 147.46 1212.70 234.95 -10 -10 -10 -100    0 -1000 -1000 -10
532 108 pedestrian 0 0 -10 719.11 171.49 757.82 232.81 -10 -10 -10 -100    0 -1000 -1000 -10
532 107 pedestrian 0 0 -10 543.43 157.15 699.08 215.77 -10 -10 -10 -100    0 -1000 -1000 -10
532 106 pedestrian 0 0 -10 902.61 161.28 930.13 246.31 -10 -10 -10 -100    0 -1000 -1000 -10
532 102 pedestrian 0 0 -10 517.95 167.38 575.34 226.99 -10 -10 -10 -100    0 -1000 -1000 -10
532 79 pedestrian 0 0 -10 185.54 159.89 277.12 374.00 -10 -10 -10 -100    0 -1000 -1000 -10
532 93 pedestrian 0 0 -10 845.95 147.04 960.61 374.00 -10 -10 -10 -100    0 -1000 -1000 -10
532 110 pedestrian 0 0 -10 476.07 172.16 513.48 236.97 -10 -10 -10 -100    0 -1000 -1000 -10
532 103 pedestrian 0 0 -10 351.32 173.52 393.59 282.35 -10 -10 -10 -100    0 -1000 -1000 -10
532 112 pedestrian 0 0 -10 590.16 170.88 622.25 207.51 -10 -10 -10 -100    0 -1000 -1000 -10
532 95 pedestrian 0 0 -10 764.74 161.41 854.54 374.00 -10 -10 -10 -100    0 -1000 -1000 -10
532 100 pedestrian 0 0 -10 1073.56 160.14 1142.56 362.43 -10 -10 -10 -100    0 -1000 -1000 -10
532 104 pedestrian 0 0 -10 769.64 171.31 815.13 271.58 -10 -10 -10 -100    0 -1000 -1000 -10
533 109 pedestrian 0 0 -10 1100.47 146.71 1219.01 234.20 -10 -10 -10 -100    0 -1000 -1000 -10
533 108 pedestrian 0 0 -10 715.70 170.86 754.19 233.45 -10 -10 -10 -100    0 -1000 -1000 -10
533 107 pedestrian 0 0 -10 540.21 156.81 697.69 215.31 -10 -10 -10 -100    0 -1000 -1000 -10
533 106 pedestrian 0 0 -10 901.73 158.89 930.95 248.45 -10 -10 -10 -100    0 -1000 -1000 -10
533 102 pedestrian 0 0 -10 514.84 167.92 573.03 226.97 -10 -10 -10 -100    0 -1000 -1000 -10
533 79 pedestrian 0 0 -10 183.45 161.02 279.43 374.00 -10 -10 -10 -100    0 -1000 -1000 -10
533 93 pedestrian 0 0 -10 849.10 145.95 962.74 374.00 -10 -10 -10 -100    0 -1000 -1000 -10
533 110 pedestrian 0 0 -10 473.52 173.18 511.59 236.35 -10 -10 -10 -100    0 -1000 -1000 -10
533 103 pedestrian 0 0 -10 346.24 174.94 389.35 285.65 -10 -10 -10 -100    0 -1000 -1000 -10
533 113 pedestrian 0 0 -10 1180.07 143.32 1226.02 252.63 -10 -10 -10 -100    0 -1000 -1000 -10
533 112 pedestrian 0 0 -10 586.82 170.36 618.80 206.94 -10 -10 -10 -100    0 -1000 -1000 -10
533 95 pedestrian 0 0 -10 765.32 162.29 856.56 374.00 -10 -10 -10 -100    0 -1000 -1000 -10
533 100 pedestrian 0 0 -10 1083.05 156.56 1151.54 367.60 -10 -10 -10 -100    0 -1000 -1000 -10
533 104 pedestrian 0 0 -10 756.20 171.77 789.63 267.35 -10 -10 -10 -100    0 -1000 -1000 -10
534 109 pedestrian 0 0 -10 1099.89 145.11 1222.33 237.86 -10 -10 -10 -100    0 -1000 -1000 -10
534 108 pedestrian 0 0 -10 713.88 170.40 754.26 234.25 -10 -10 -10 -100    0 -1000 -1000 -10
534 107 pedestrian 0 0 -10 537.29 156.66 696.94 216.95 -10 -10 -10 -100    0 -1000 -1000 -10
534 106 pedestrian 0 0 -10 905.29 159.03 932.75 245.79 -10 -10 -10 -100    0 -1000 -1000 -10
534 102 pedestrian 0 0 -10 511.59 167.54 569.84 226.93 -10 -10 -10 -100    0 -1000 -1000 -10
534 79 pedestrian 0 0 -10 181.77 163.81 282.73 374.00 -10 -10 -10 -100    0 -1000 -1000 -10
534 93 pedestrian 0 0 -10 853.88 145.98 961.75 374.00 -10 -10 -10 -100    0 -1000 -1000 -10
534 110 pedestrian 0 0 -10 470.75 172.84 508.06 235.77 -10 -10 -10 -100    0 -1000 -1000 -10
534 103 pedestrian 0 0 -10 340.06 173.66 384.21 286.34 -10 -10 -10 -100    0 -1000 -1000 -10
534 113 pedestrian 0 0 -10 1174.37 142.61 1224.19 253.51 -10 -10 -10 -100    0 -1000 -1000 -10
534 112 pedestrian 0 0 -10 581.91 169.91 616.18 207.17 -10 -10 -10 -100    0 -1000 -1000 -10
534 95 pedestrian 0 0 -10 762.85 162.70 857.72 374.00 -10 -10 -10 -100    0 -1000 -1000 -10
534 100 pedestrian 0 0 -10 1095.59 156.36 1161.82 366.06 -10 -10 -10 -100    0 -1000 -1000 -10
534 104 pedestrian 0 0 -10 752.31 171.26 784.47 266.85 -10 -10 -10 -100    0 -1000 -1000 -10
535 109 pedestrian 0 0 -10 1100.14 142.87 1226.52 243.13 -10 -10 -10 -100    0 -1000 -1000 -10
535 108 pedestrian 0 0 -10 712.36 170.07 752.50 234.70 -10 -10 -10 -100    0 -1000 -1000 -10
535 107 pedestrian 0 0 -10 536.91 155.88 694.61 217.25 -10 -10 -10 -100    0 -1000 -1000 -10
535 106 pedestrian 0 0 -10 907.57 159.67 935.12 245.73 -10 -10 -10 -100    0 -1000 -1000 -10
535 102 pedestrian 0 0 -10 508.51 167.36 567.95 227.34 -10 -10 -10 -100    0 -1000 -1000 -10
535 79 pedestrian 0 0 -10 175.25 163.91 276.44 374.00 -10 -10 -10 -100    0 -1000 -1000 -10
535 93 pedestrian 0 0 -10 854.80 146.88 962.12 374.00 -10 -10 -10 -100    0 -1000 -1000 -10
535 110 pedestrian 0 0 -10 467.85 173.07 505.73 236.65 -10 -10 -10 -100    0 -1000 -1000 -10
535 103 pedestrian 0 0 -10 334.76 175.46 377.48 288.21 -10 -10 -10 -100    0 -1000 -1000 -10
535 113 pedestrian 0 0 -10 1172.96 140.89 1223.46 254.17 -10 -10 -10 -100    0 -1000 -1000 -10
535 112 pedestrian 0 0 -10 579.31 169.21 614.42 207.07 -10 -10 -10 -100    0 -1000 -1000 -10
535 95 pedestrian 0 0 -10 763.21 161.32 852.82 374.00 -10 -10 -10 -100    0 -1000 -1000 -10
535 100 pedestrian 0 0 -10 1096.66 153.93 1171.44 371.75 -10 -10 -10 -100    0 -1000 -1000 -10
535 104 pedestrian 0 0 -10 750.79 169.61 781.58 269.62 -10 -10 -10 -100    0 -1000 -1000 -10
536 109 pedestrian 0 0 -10 1098.92 141.54 1225.91 244.83 -10 -10 -10 -100    0 -1000 -1000 -10
536 108 pedestrian 0 0 -10 712.02 171.18 752.97 235.65 -10 -10 -10 -100    0 -1000 -1000 -10
536 107 pedestrian 0 0 -10 535.73 156.55 690.77 216.90 -10 -10 -10 -100    0 -1000 -1000 -10
536 106 pedestrian 0 0 -10 907.67 160.01 933.96 246.00 -10 -10 -10 -100    0 -1000 -1000 -10
536 102 pedestrian 0 0 -10 506.15 166.85 565.10 227.57 -10 -10 -10 -100    0 -1000 -1000 -10
536 79 pedestrian 0 0 -10 175.23 164.73 271.71 374.00 -10 -10 -10 -100    0 -1000 -1000 -10
536 93 pedestrian 0 0 -10 853.43 149.40 962.45 374.00 -10 -10 -10 -100    0 -1000 -1000 -10
536 110 pedestrian 0 0 -10 465.93 174.39 503.42 237.30 -10 -10 -10 -100    0 -1000 -1000 -10
536 103 pedestrian 0 0 -10 330.95 176.53 375.32 291.97 -10 -10 -10 -100    0 -1000 -1000 -10
536 113 pedestrian 0 0 -10 1174.93 142.94 1224.16 255.49 -10 -10 -10 -100    0 -1000 -1000 -10
536 112 pedestrian 0 0 -10 574.76 169.58 611.37 207.05 -10 -10 -10 -100    0 -1000 -1000 -10
536 95 pedestrian 0 0 -10 767.34 163.11 848.57 374.00 -10 -10 -10 -100    0 -1000 -1000 -10
536 100 pedestrian 0 0 -10 1091.49 156.80 1176.56 374.00 -10 -10 -10 -100    0 -1000 -1000 -10
536 104 pedestrian 0 0 -10 748.54 169.17 780.78 272.67 -10 -10 -10 -100    0 -1000 -1000 -10
537 109 pedestrian 0 0 -10 1099.03 140.51 1231.93 252.41 -10 -10 -10 -100    0 -1000 -1000 -10
537 108 pedestrian 0 0 -10 708.48 171.19 749.82 237.36 -10 -10 -10 -100    0 -1000 -1000 -10
537 107 pedestrian 0 0 -10 533.31 156.80 690.33 218.60 -10 -10 -10 -100    0 -1000 -1000 -10
537 106 pedestrian 0 0 -10 906.07 160.05 934.03 249.15 -10 -10 -10 -100    0 -1000 -1000 -10
537 102 pedestrian 0 0 -10 503.12 167.49 562.19 227.81 -10 -10 -10 -100    0 -1000 -1000 -10
537 79 pedestrian 0 0 -10 176.69 161.44 265.96 374.00 -10 -10 -10 -100    0 -1000 -1000 -10
537 93 pedestrian 0 0 -10 857.97 151.08 961.45 374.00 -10 -10 -10 -100    0 -1000 -1000 -10
537 110 pedestrian 0 0 -10 461.32 172.17 501.79 237.45 -10 -10 -10 -100    0 -1000 -1000 -10
537 103 pedestrian 0 0 -10 326.67 175.77 371.00 295.54 -10 -10 -10 -100    0 -1000 -1000 -10
537 113 pedestrian 0 0 -10 1168.97 141.89 1219.83 258.31 -10 -10 -10 -100    0 -1000 -1000 -10
537 112 pedestrian 0 0 -10 570.08 169.55 609.04 207.16 -10 -10 -10 -100    0 -1000 -1000 -10
537 95 pedestrian 0 0 -10 767.64 164.42 847.24 374.00 -10 -10 -10 -100    0 -1000 -1000 -10
537 100 pedestrian 0 0 -10 1101.33 151.48 1172.58 374.00 -10 -10 -10 -100    0 -1000 -1000 -10
537 104 pedestrian 0 0 -10 737.65 169.28 775.27 271.51 -10 -10 -10 -100    0 -1000 -1000 -10
538 109 pedestrian 0 0 -10 1099.11 143.76 1234.19 265.41 -10 -10 -10 -100    0 -1000 -1000 -10
538 108 pedestrian 0 0 -10 706.50 172.43 748.46 239.84 -10 -10 -10 -100    0 -1000 -1000 -10
538 107 pedestrian 0 0 -10 530.71 156.39 689.76 220.29 -10 -10 -10 -100    0 -1000 -1000 -10
538 106 pedestrian 0 0 -10 908.08 159.89 934.60 248.07 -10 -10 -10 -100    0 -1000 -1000 -10
538 102 pedestrian 0 0 -10 500.27 167.47 559.99 228.19 -10 -10 -10 -100    0 -1000 -1000 -10
538 79 pedestrian 0 0 -10 175.54 162.47 263.74 374.00 -10 -10 -10 -100    0 -1000 -1000 -10
538 93 pedestrian 0 0 -10 859.08 150.46 962.77 374.00 -10 -10 -10 -100    0 -1000 -1000 -10
538 110 pedestrian 0 0 -10 457.30 174.57 497.51 239.92 -10 -10 -10 -100    0 -1000 -1000 -10
538 103 pedestrian 0 0 -10 323.57 177.16 368.07 299.64 -10 -10 -10 -100    0 -1000 -1000 -10
538 112 pedestrian 0 0 -10 565.13 169.43 606.13 207.35 -10 -10 -10 -100    0 -1000 -1000 -10
538 95 pedestrian 0 0 -10 769.11 165.30 846.92 374.00 -10 -10 -10 -100    0 -1000 -1000 -10
538 100 pedestrian 0 0 -10 1118.35 153.89 1187.33 374.00 -10 -10 -10 -100    0 -1000 -1000 -10
538 104 pedestrian 0 0 -10 730.75 169.53 772.96 271.14 -10 -10 -10 -100    0 -1000 -1000 -10
539 109 pedestrian 0 0 -10 1096.17 145.14 1233.18 268.87 -10 -10 -10 -100    0 -1000 -1000 -10
539 108 pedestrian 0 0 -10 704.71 172.29 748.50 241.26 -10 -10 -10 -100    0 -1000 -1000 -10
539 107 pedestrian 0 0 -10 527.01 156.37 688.69 220.92 -10 -10 -10 -100    0 -1000 -1000 -10
539 106 pedestrian 0 0 -10 908.31 158.85 933.03 245.40 -10 -10 -10 -100    0 -1000 -1000 -10
539 102 pedestrian 0 0 -10 497.80 166.94 558.02 228.31 -10 -10 -10 -100    0 -1000 -1000 -10
539 79 pedestrian 0 0 -10 175.08 165.03 267.11 374.00 -10 -10 -10 -100    0 -1000 -1000 -10
539 93 pedestrian 0 0 -10 862.36 146.92 964.77 374.00 -10 -10 -10 -100    0 -1000 -1000 -10
539 110 pedestrian 0 0 -10 456.28 174.78 495.96 241.96 -10 -10 -10 -100    0 -1000 -1000 -10
539 103 pedestrian 0 0 -10 319.90 178.98 364.12 302.36 -10 -10 -10 -100    0 -1000 -1000 -10
539 112 pedestrian 0 0 -10 559.26 168.88 603.83 207.31 -10 -10 -10 -100    0 -1000 -1000 -10
539 95 pedestrian 0 0 -10 768.50 162.12 850.00 374.00 -10 -10 -10 -100    0 -1000 -1000 -10
539 100 pedestrian 0 0 -10 1130.03 149.52 1205.91 374.00 -10 -10 -10 -100    0 -1000 -1000 -10
539 104 pedestrian 0 0 -10 728.20 168.85 769.40 271.30 -10 -10 -10 -100    0 -1000 -1000 -10
540 109 pedestrian 0 0 -10 1097.48 148.28 1237.63 274.01 -10 -10 -10 -100    0 -1000 -1000 -10
540 108 pedestrian 0 0 -10 702.76 175.36 748.03 245.05 -10 -10 -10 -100    0 -1000 -1000 -10
540 107 pedestrian 0 0 -10 524.84 157.74 687.15 223.88 -10 -10 -10 -100    0 -1000 -1000 -10
540 106 pedestrian 0 0 -10 906.79 157.52 933.61 246.26 -10 -10 -10 -100    0 -1000 -1000 -10
540 102 pedestrian 0 0 -10 494.63 166.33 555.31 227.20 -10 -10 -10 -100    0 -1000 -1000 -10
540 79 pedestrian 0 0 -10 174.73 165.67 267.20 374.00 -10 -10 -10 -100    0 -1000 -1000 -10
540 93 pedestrian 0 0 -10 864.31 147.31 970.19 374.00 -10 -10 -10 -100    0 -1000 -1000 -10
540 110 pedestrian 0 0 -10 452.58 178.78 491.93 243.86 -10 -10 -10 -100    0 -1000 -1000 -10
540 103 pedestrian 0 0 -10 311.77 182.28 358.23 306.86 -10 -10 -10 -100    0 -1000 -1000 -10
540 112 pedestrian 0 0 -10 554.25 168.73 601.76 208.65 -10 -10 -10 -100    0 -1000 -1000 -10
540 95 pedestrian 0 0 -10 766.31 162.32 855.33 374.00 -10 -10 -10 -100    0 -1000 -1000 -10
540 100 pedestrian 0 0 -10 1141.18 145.95 1221.92 374.00 -10 -10 -10 -100    0 -1000 -1000 -10
540 104 pedestrian 0 0 -10 726.90 169.06 762.65 271.11 -10 -10 -10 -100    0 -1000 -1000 -10
540 114 pedestrian 0 0 -10 742.24 169.33 773.99 262.76 -10 -10 -10 -100    0 -1000 -1000 -10
541 109 pedestrian 0 0 -10 1100.73 151.13 1237.60 250.19 -10 -10 -10 -100    0 -1000 -1000 -10
541 108 pedestrian 0 0 -10 700.58 176.21 748.39 250.92 -10 -10 -10 -100    0 -1000 -1000 -10
541 107 pedestrian 0 0 -10 523.26 159.32 686.31 228.02 -10 -10 -10 -100    0 -1000 -1000 -10
541 106 pedestrian 0 0 -10 904.31 157.50 933.60 248.23 -10 -10 -10 -100    0 -1000 -1000 -10
541 102 pedestrian 0 0 -10 491.96 165.26 552.86 227.11 -10 -10 -10 -100    0 -1000 -1000 -10
541 115 pedestrian 0 0 -10 1152.51 141.23 1211.72 255.36 -10 -10 -10 -100    0 -1000 -1000 -10
541 79 pedestrian 0 0 -10 179.03 164.27 266.89 374.00 -10 -10 -10 -100    0 -1000 -1000 -10
541 93 pedestrian 0 0 -10 862.56 146.71 979.83 374.00 -10 -10 -10 -100    0 -1000 -1000 -10
541 110 pedestrian 0 0 -10 447.23 179.64 487.03 247.61 -10 -10 -10 -100    0 -1000 -1000 -10
541 103 pedestrian 0 0 -10 308.11 185.04 357.33 317.22 -10 -10 -10 -100    0 -1000 -1000 -10
541 112 pedestrian 0 0 -10 548.77 168.26 600.27 208.98 -10 -10 -10 -100    0 -1000 -1000 -10
541 95 pedestrian 0 0 -10 764.18 161.79 856.31 374.00 -10 -10 -10 -100    0 -1000 -1000 -10
541 100 pedestrian 0 0 -10 1151.58 149.25 1236.60 374.00 -10 -10 -10 -100    0 -1000 -1000 -10
541 104 pedestrian 0 0 -10 722.43 168.55 754.07 269.62 -10 -10 -10 -100    0 -1000 -1000 -10
541 114 pedestrian 0 0 -10 747.68 169.23 776.59 263.71 -10 -10 -10 -100    0 -1000 -1000 -10
542 109 pedestrian 0 0 -10 1103.53 152.34 1238.00 243.84 -10 -10 -10 -100    0 -1000 -1000 -10
542 108 pedestrian 0 0 -10 699.23 174.97 745.85 255.82 -10 -10 -10 -100    0 -1000 -1000 -10
542 107 pedestrian 0 0 -10 519.88 159.62 686.40 229.56 -10 -10 -10 -100    0 -1000 -1000 -10
542 106 pedestrian 0 0 -10 901.87 156.99 933.26 249.99 -10 -10 -10 -100    0 -1000 -1000 -10
542 102 pedestrian 0 0 -10 489.92 165.31 551.14 226.63 -10 -10 -10 -100    0 -1000 -1000 -10
542 79 pedestrian 0 0 -10 183.91 164.12 267.71 374.00 -10 -10 -10 -100    0 -1000 -1000 -10
542 93 pedestrian 0 0 -10 860.81 147.32 984.09 374.00 -10 -10 -10 -100    0 -1000 -1000 -10
542 110 pedestrian 0 0 -10 444.62 180.48 484.66 251.93 -10 -10 -10 -100    0 -1000 -1000 -10
542 103 pedestrian 0 0 -10 302.81 181.80 352.69 323.31 -10 -10 -10 -100    0 -1000 -1000 -10
542 112 pedestrian 0 0 -10 542.48 167.50 596.29 208.04 -10 -10 -10 -100    0 -1000 -1000 -10
542 95 pedestrian 0 0 -10 764.28 162.53 856.88 374.00 -10 -10 -10 -100    0 -1000 -1000 -10
542 100 pedestrian 0 0 -10 1152.83 148.58 1237.72 374.00 -10 -10 -10 -100    0 -1000 -1000 -10
542 104 pedestrian 0 0 -10 713.86 169.19 747.49 270.32 -10 -10 -10 -100    0 -1000 -1000 -10
542 114 pedestrian 0 0 -10 748.53 168.18 779.15 260.84 -10 -10 -10 -100    0 -1000 -1000 -10
543 109 pedestrian 0 0 -10 1105.44 154.51 1238.00 251.43 -10 -10 -10 -100    0 -1000 -1000 -10
543 108 pedestrian 0 0 -10 699.21 176.26 746.40 258.44 -10 -10 -10 -100    0 -1000 -1000 -10
543 107 pedestrian 0 0 -10 517.53 160.99 685.51 230.27 -10 -10 -10 -100    0 -1000 -1000 -10
543 106 pedestrian 0 0 -10 903.84 157.18 936.01 249.78 -10 -10 -10 -100    0 -1000 -1000 -10
543 102 pedestrian 0 0 -10 487.56 164.99 548.70 226.60 -10 -10 -10 -100    0 -1000 -1000 -10
543 79 pedestrian 0 0 -10 182.35 163.15 274.29 374.00 -10 -10 -10 -100    0 -1000 -1000 -10
543 93 pedestrian 0 0 -10 863.12 146.86 982.23 374.00 -10 -10 -10 -100    0 -1000 -1000 -10
543 110 pedestrian 0 0 -10 441.74 180.38 481.53 253.71 -10 -10 -10 -100    0 -1000 -1000 -10
543 103 pedestrian 0 0 -10 296.03 181.20 347.62 328.53 -10 -10 -10 -100    0 -1000 -1000 -10
543 112 pedestrian 0 0 -10 539.12 167.39 593.41 208.15 -10 -10 -10 -100    0 -1000 -1000 -10
543 95 pedestrian 0 0 -10 765.28 161.45 858.83 374.00 -10 -10 -10 -100    0 -1000 -1000 -10
543 100 pedestrian 0 0 -10 1158.53 151.43 1237.70 374.00 -10 -10 -10 -100    0 -1000 -1000 -10
543 104 pedestrian 0 0 -10 704.29 169.25 744.18 268.10 -10 -10 -10 -100    0 -1000 -1000 -10
543 114 pedestrian 0 0 -10 744.80 166.54 776.44 259.49 -10 -10 -10 -100    0 -1000 -1000 -10
544 109 pedestrian 0 0 -10 1103.68 154.99 1238.00 248.11 -10 -10 -10 -100    0 -1000 -1000 -10
544 108 pedestrian 0 0 -10 696.36 175.25 744.31 256.08 -10 -10 -10 -100    0 -1000 -1000 -10
544 107 pedestrian 0 0 -10 517.14 160.26 684.61 230.39 -10 -10 -10 -100    0 -1000 -1000 -10
544 106 pedestrian 0 0 -10 904.65 156.60 938.15 249.64 -10 -10 -10 -100    0 -1000 -1000 -10
544 102 pedestrian 0 0 -10 484.21 164.01 544.81 227.11 -10 -10 -10 -100    0 -1000 -1000 -10
544 79 pedestrian 0 0 -10 178.83 165.37 278.23 374.00 -10 -10 -10 -100    0 -1000 -1000 -10
544 93 pedestrian 0 0 -10 871.06 145.22 977.96 374.00 -10 -10 -10 -100    0 -1000 -1000 -10
544 110 pedestrian 0 0 -10 440.39 179.91 479.93 254.39 -10 -10 -10 -100    0 -1000 -1000 -10
544 103 pedestrian 0 0 -10 274.58 175.45 327.56 293.12 -10 -10 -10 -100    0 -1000 -1000 -10
544 113 pedestrian 0 0 -10 1148.80 142.68 1203.26 260.15 -10 -10 -10 -100    0 -1000 -1000 -10
544 112 pedestrian 0 0 -10 534.08 166.80 590.36 209.02 -10 -10 -10 -100    0 -1000 -1000 -10
544 95 pedestrian 0 0 -10 767.33 159.72 853.82 374.00 -10 -10 -10 -100    0 -1000 -1000 -10
544 100 pedestrian 0 0 -10 1157.34 151.20 1237.89 374.00 -10 -10 -10 -100    0 -1000 -1000 -10
544 104 pedestrian 0 0 -10 698.13 166.27 738.35 270.10 -10 -10 -10 -100    0 -1000 -1000 -10
544 114 pedestrian 0 0 -10 744.19 168.73 774.19 258.88 -10 -10 -10 -100    0 -1000 -1000 -10
545 109 pedestrian 0 0 -10 1104.99 152.37 1238.00 246.44 -10 -10 -10 -100    0 -1000 -1000 -10
545 107 pedestrian 0 0 -10 502.95 153.94 647.40 205.71 -10 -10 -10 -100    0 -1000 -1000 -10
545 106 pedestrian 0 0 -10 907.32 157.17 940.95 250.57 -10 -10 -10 -100    0 -1000 -1000 -10
545 102 pedestrian 0 0 -10 482.51 163.46 543.61 227.18 -10 -10 -10 -100    0 -1000 -1000 -10
545 79 pedestrian 0 0 -10 185.19 166.81 272.49 374.00 -10 -10 -10 -100    0 -1000 -1000 -10
545 93 pedestrian 0 0 -10 876.14 145.12 961.76 374.00 -10 -10 -10 -100    0 -1000 -1000 -10
545 110 pedestrian 0 0 -10 439.85 163.49 474.04 234.06 -10 -10 -10 -100    0 -1000 -1000 -10
545 103 pedestrian 0 0 -10 258.63 172.04 321.66 292.16 -10 -10 -10 -100    0 -1000 -1000 -10
545 113 pedestrian 0 0 -10 1144.71 140.28 1198.49 259.23 -10 -10 -10 -100    0 -1000 -1000 -10
545 112 pedestrian 0 0 -10 530.49 167.40 588.30 207.48 -10 -10 -10 -100    0 -1000 -1000 -10
545 95 pedestrian 0 0 -10 774.10 158.99 850.29 374.00 -10 -10 -10 -100    0 -1000 -1000 -10
545 100 pedestrian 0 0 -10 1158.64 149.88 1237.81 374.00 -10 -10 -10 -100    0 -1000 -1000 -10
545 104 pedestrian 0 0 -10 690.76 164.43 725.07 266.11 -10 -10 -10 -100    0 -1000 -1000 -10
545 114 pedestrian 0 0 -10 742.72 164.92 773.16 256.68 -10 -10 -10 -100    0 -1000 -1000 -10
546 109 pedestrian 0 0 -10 1105.80 148.61 1238.00 249.76 -10 -10 -10 -100    0 -1000 -1000 -10
546 107 pedestrian 0 0 -10 501.07 153.33 645.02 206.05 -10 -10 -10 -100    0 -1000 -1000 -10
546 106 pedestrian 0 0 -10 905.99 155.63 940.19 250.13 -10 -10 -10 -100    0 -1000 -1000 -10
546 102 pedestrian 0 0 -10 480.43 163.10 541.93 227.46 -10 -10 -10 -100    0 -1000 -1000 -10
546 115 pedestrian 0 0 -10 1165.50 152.12 1222.25 278.90 -10 -10 -10 -100    0 -1000 -1000 -10
546 79 pedestrian 0 0 -10 188.64 164.25 268.10 374.00 -10 -10 -10 -100    0 -1000 -1000 -10
546 93 pedestrian 0 0 -10 873.49 145.12 958.37 374.00 -10 -10 -10 -100    0 -1000 -1000 -10
546 110 pedestrian 0 0 -10 437.11 161.90 471.82 233.72 -10 -10 -10 -100    0 -1000 -1000 -10
546 103 pedestrian 0 0 -10 245.44 171.02 315.51 292.69 -10 -10 -10 -100    0 -1000 -1000 -10
546 113 pedestrian 0 0 -10 1142.66 141.53 1190.42 258.71 -10 -10 -10 -100    0 -1000 -1000 -10
546 112 pedestrian 0 0 -10 526.42 166.64 584.67 208.40 -10 -10 -10 -100    0 -1000 -1000 -10
546 95 pedestrian 0 0 -10 775.09 161.37 846.92 374.00 -10 -10 -10 -100    0 -1000 -1000 -10
546 100 pedestrian 0 0 -10 1170.98 154.74 1237.46 374.00 -10 -10 -10 -100    0 -1000 -1000 -10
546 104 pedestrian 0 0 -10 683.14 163.45 714.46 267.41 -10 -10 -10 -100    0 -1000 -1000 -10
546 114 pedestrian 0 0 -10 742.10 164.74 771.94 255.52 -10 -10 -10 -100    0 -1000 -1000 -10
547 109 pedestrian 0 0 -10 1107.92 146.76 1238.00 242.44 -10 -10 -10 -100    0 -1000 -1000 -10
547 107 pedestrian 0 0 -10 498.80 152.03 643.91 205.82 -10 -10 -10 -100    0 -1000 -1000 -10
547 106 pedestrian 0 0 -10 904.57 154.80 940.95 250.41 -10 -10 -10 -100    0 -1000 -1000 -10
547 102 pedestrian 0 0 -10 478.16 163.10 540.46 227.16 -10 -10 -10 -100    0 -1000 -1000 -10
547 115 pedestrian 0 0 -10 1148.66 151.08 1212.71 276.35 -10 -10 -10 -100    0 -1000 -1000 -10
547 79 pedestrian 0 0 -10 186.39 160.43 268.37 374.00 -10 -10 -10 -100    0 -1000 -1000 -10
547 93 pedestrian 0 0 -10 832.91 147.51 997.97 374.00 -10 -10 -10 -100    0 -1000 -1000 -10
547 110 pedestrian 0 0 -10 434.34 161.27 469.48 234.09 -10 -10 -10 -100    0 -1000 -1000 -10
547 103 pedestrian 0 0 -10 234.58 168.58 311.32 292.66 -10 -10 -10 -100    0 -1000 -1000 -10
547 113 pedestrian 0 0 -10 1144.57 141.80 1191.52 259.00 -10 -10 -10 -100    0 -1000 -1000 -10
547 112 pedestrian 0 0 -10 522.36 166.12 581.10 209.21 -10 -10 -10 -100    0 -1000 -1000 -10
547 95 pedestrian 0 0 -10 777.76 161.80 849.66 374.00 -10 -10 -10 -100    0 -1000 -1000 -10
547 100 pedestrian 0 0 -10 1179.55 155.34 1237.75 374.00 -10 -10 -10 -100    0 -1000 -1000 -10
547 104 pedestrian 0 0 -10 670.52 162.08 709.84 265.21 -10 -10 -10 -100    0 -1000 -1000 -10
547 114 pedestrian 0 0 -10 735.96 164.62 765.84 253.46 -10 -10 -10 -100    0 -1000 -1000 -10
548 109 pedestrian 0 0 -10 1109.44 145.52 1238.00 243.90 -10 -10 -10 -100    0 -1000 -1000 -10
548 107 pedestrian 0 0 -10 496.23 151.67 642.30 206.35 -10 -10 -10 -100    0 -1000 -1000 -10
548 106 pedestrian 0 0 -10 904.14 154.14 941.61 248.46 -10 -10 -10 -100    0 -1000 -1000 -10
548 102 pedestrian 0 0 -10 476.70 162.51 538.69 226.79 -10 -10 -10 -100    0 -1000 -1000 -10
548 115 pedestrian 0 0 -10 1152.57 149.70 1224.22 282.62 -10 -10 -10 -100    0 -1000 -1000 -10
548 79 pedestrian 0 0 -10 186.11 160.83 270.72 374.00 -10 -10 -10 -100    0 -1000 -1000 -10
548 93 pedestrian 0 0 -10 830.66 147.86 998.81 374.00 -10 -10 -10 -100    0 -1000 -1000 -10
548 110 pedestrian 0 0 -10 432.92 159.50 467.72 233.86 -10 -10 -10 -100    0 -1000 -1000 -10
548 103 pedestrian 0 0 -10 225.43 167.28 309.12 293.72 -10 -10 -10 -100    0 -1000 -1000 -10
548 113 pedestrian 0 0 -10 1149.34 142.30 1198.83 256.75 -10 -10 -10 -100    0 -1000 -1000 -10
548 112 pedestrian 0 0 -10 518.41 166.00 577.56 209.12 -10 -10 -10 -100    0 -1000 -1000 -10
548 95 pedestrian 0 0 -10 775.93 161.22 848.26 374.00 -10 -10 -10 -100    0 -1000 -1000 -10
548 100 pedestrian 0 0 -10 1191.84 157.63 1237.78 374.00 -10 -10 -10 -100    0 -1000 -1000 -10
548 104 pedestrian 0 0 -10 658.70 161.82 706.66 267.05 -10 -10 -10 -100    0 -1000 -1000 -10
548 114 pedestrian 0 0 -10 731.57 163.36 761.24 253.27 -10 -10 -10 -100    0 -1000 -1000 -10
549 109 pedestrian 0 0 -10 1114.29 146.52 1237.87 245.27 -10 -10 -10 -100    0 -1000 -1000 -10
549 108 pedestrian 0 0 -10 690.21 173.67 744.82 235.97 -10 -10 -10 -100    0 -1000 -1000 -10
549 107 pedestrian 0 0 -10 494.60 151.53 641.62 206.51 -10 -10 -10 -100    0 -1000 -1000 -10
549 106 pedestrian 0 0 -10 904.19 153.11 941.86 247.49 -10 -10 -10 -100    0 -1000 -1000 -10
549 102 pedestrian 0 0 -10 475.40 162.37 537.87 226.93 -10 -10 -10 -100    0 -1000 -1000 -10
549 115 pedestrian 0 0 -10 1152.21 147.05 1209.82 281.80 -10 -10 -10 -100    0 -1000 -1000 -10
549 79 pedestrian 0 0 -10 188.11 164.03 272.46 374.00 -10 -10 -10 -100    0 -1000 -1000 -10
549 93 pedestrian 0 0 -10 833.47 146.90 1000.32 374.00 -10 -10 -10 -100    0 -1000 -1000 -10
549 110 pedestrian 0 0 -10 430.86 159.22 466.18 234.70 -10 -10 -10 -100    0 -1000 -1000 -10
549 103 pedestrian 0 0 -10 218.35 167.20 304.07 294.83 -10 -10 -10 -100    0 -1000 -1000 -10
549 113 pedestrian 0 0 -10 1152.34 143.94 1197.17 258.76 -10 -10 -10 -100    0 -1000 -1000 -10
549 112 pedestrian 0 0 -10 512.30 165.24 574.86 208.92 -10 -10 -10 -100    0 -1000 -1000 -10
549 95 pedestrian 0 0 -10 772.32 158.56 849.14 374.00 -10 -10 -10 -100    0 -1000 -1000 -10
549 100 pedestrian 0 0 -10 1208.74 150.00 1237.91 374.00 -10 -10 -10 -100    0 -1000 -1000 -10
549 104 pedestrian 0 0 -10 656.67 160.94 701.94 266.40 -10 -10 -10 -100    0 -1000 -1000 -10
549 114 pedestrian 0 0 -10 729.19 162.89 760.22 253.90 -10 -10 -10 -100    0 -1000 -1000 -10
550 109 pedestrian 0 0 -10 1116.51 145.74 1238.00 248.56 -10 -10 -10 -100    0 -1000 -1000 -10
550 108 pedestrian 0 0 -10 690.90 175.16 748.82 238.64 -10 -10 -10 -100    0 -1000 -1000 -10
550 107 pedestrian 0 0 -10 493.71 151.50 640.61 206.62 -10 -10 -10 -100    0 -1000 -1000 -10
550 106 pedestrian 0 0 -10 904.49 152.86 941.68 248.57 -10 -10 -10 -100    0 -1000 -1000 -10
550 102 pedestrian 0 0 -10 473.08 162.40 537.72 227.41 -10 -10 -10 -100    0 -1000 -1000 -10
550 79 pedestrian 0 0 -10 190.10 164.22 275.25 374.00 -10 -10 -10 -100    0 -1000 -1000 -10
550 93 pedestrian 0 0 -10 847.44 144.67 963.58 374.00 -10 -10 -10 -100    0 -1000 -1000 -10
550 110 pedestrian 0 0 -10 429.11 159.91 464.34 235.35 -10 -10 -10 -100    0 -1000 -1000 -10
550 103 pedestrian 0 0 -10 209.78 169.35 302.81 296.93 -10 -10 -10 -100    0 -1000 -1000 -10
550 113 pedestrian 0 0 -10 1139.20 147.32 1191.51 275.19 -10 -10 -10 -100    0 -1000 -1000 -10
550 112 pedestrian 0 0 -10 509.53 164.91 572.28 208.17 -10 -10 -10 -100    0 -1000 -1000 -10
550 95 pedestrian 0 0 -10 769.43 157.22 852.88 374.00 -10 -10 -10 -100    0 -1000 -1000 -10
550 104 pedestrian 0 0 -10 653.98 162.01 691.70 265.62 -10 -10 -10 -100    0 -1000 -1000 -10
550 114 pedestrian 0 0 -10 728.40 162.18 758.54 254.33 -10 -10 -10 -100    0 -1000 -1000 -10
551 109 pedestrian 0 0 -10 1121.52 147.32 1237.54 247.97 -10 -10 -10 -100    0 -1000 -1000 -10
551 108 pedestrian 0 0 -10 690.93 175.04 749.50 241.51 -10 -10 -10 -100    0 -1000 -1000 -10
551 107 pedestrian 0 0 -10 493.31 151.58 641.44 207.00 -10 -10 -10 -100    0 -1000 -1000 -10
551 106 pedestrian 0 0 -10 904.01 152.21 941.79 250.45 -10 -10 -10 -100    0 -1000 -1000 -10
551 102 pedestrian 0 0 -10 471.37 162.25 537.45 227.75 -10 -10 -10 -100    0 -1000 -1000 -10
551 79 pedestrian 0 0 -10 197.49 162.88 275.63 374.00 -10 -10 -10 -100    0 -1000 -1000 -10
551 93 pedestrian 0 0 -10 856.45 143.94 964.19 374.00 -10 -10 -10 -100    0 -1000 -1000 -10
551 110 pedestrian 0 0 -10 427.90 160.25 462.44 235.74 -10 -10 -10 -100    0 -1000 -1000 -10
551 103 pedestrian 0 0 -10 200.01 168.78 303.06 301.27 -10 -10 -10 -100    0 -1000 -1000 -10
551 113 pedestrian 0 0 -10 1131.31 148.76 1190.48 280.62 -10 -10 -10 -100    0 -1000 -1000 -10
551 112 pedestrian 0 0 -10 507.50 164.69 570.41 209.10 -10 -10 -10 -100    0 -1000 -1000 -10
551 95 pedestrian 0 0 -10 770.04 157.07 854.16 374.00 -10 -10 -10 -100    0 -1000 -1000 -10
551 104 pedestrian 0 0 -10 650.91 160.54 682.35 265.83 -10 -10 -10 -100    0 -1000 -1000 -10
551 114 pedestrian 0 0 -10 726.41 161.67 755.44 253.11 -10 -10 -10 -100    0 -1000 -1000 -10
552 109 pedestrian 0 0 -10 1124.08 147.57 1237.54 246.05 -10 -10 -10 -100    0 -1000 -1000 -10
552 108 pedestrian 0 0 -10 690.69 174.48 749.80 241.55 -10 -10 -10 -100    0 -1000 -1000 -10
552 107 pedestrian 0 0 -10 492.88 151.91 641.61 207.25 -10 -10 -10 -100    0 -1000 -1000 -10
552 106 pedestrian 0 0 -10 904.44 152.16 942.98 248.80 -10 -10 -10 -100    0 -1000 -1000 -10
552 102 pedestrian 0 0 -10 470.62 162.14 536.54 227.96 -10 -10 -10 -100    0 -1000 -1000 -10
552 79 pedestrian 0 0 -10 199.85 162.64 274.29 374.00 -10 -10 -10 -100    0 -1000 -1000 -10
552 93 pedestrian 0 0 -10 859.97 144.36 969.41 374.00 -10 -10 -10 -100    0 -1000 -1000 -10
552 110 pedestrian 0 0 -10 427.12 161.81 461.95 236.30 -10 -10 -10 -100    0 -1000 -1000 -10
552 103 pedestrian 0 0 -10 195.79 168.78 301.19 306.25 -10 -10 -10 -100    0 -1000 -1000 -10
552 113 pedestrian 0 0 -10 1124.01 141.02 1189.11 256.06 -10 -10 -10 -100    0 -1000 -1000 -10
552 112 pedestrian 0 0 -10 505.43 164.88 567.83 210.17 -10 -10 -10 -100    0 -1000 -1000 -10
552 95 pedestrian 0 0 -10 771.21 159.05 855.07 374.00 -10 -10 -10 -100    0 -1000 -1000 -10
552 104 pedestrian 0 0 -10 644.72 160.63 674.89 266.64 -10 -10 -10 -100    0 -1000 -1000 -10
552 114 pedestrian 0 0 -10 724.68 161.40 754.86 253.78 -10 -10 -10 -100    0 -1000 -1000 -10
553 109 pedestrian 0 0 -10 1132.99 146.72 1237.67 246.58 -10 -10 -10 -100    0 -1000 -1000 -10
553 108 pedestrian 0 0 -10 689.82 174.75 751.55 240.66 -10 -10 -10 -100    0 -1000 -1000 -10
553 107 pedestrian 0 0 -10 491.91 151.89 640.28 207.03 -10 -10 -10 -100    0 -1000 -1000 -10
553 106 pedestrian 0 0 -10 905.76 152.25 945.25 251.57 -10 -10 -10 -100    0 -1000 -1000 -10
553 102 pedestrian 0 0 -10 469.81 161.79 537.56 228.08 -10 -10 -10 -100    0 -1000 -1000 -10
553 79 pedestrian 0 0 -10 199.33 162.84 279.66 374.00 -10 -10 -10 -100    0 -1000 -1000 -10
553 93 pedestrian 0 0 -10 862.16 143.96 960.85 374.00 -10 -10 -10 -100    0 -1000 -1000 -10
553 110 pedestrian 0 0 -10 427.00 161.29 461.84 236.90 -10 -10 -10 -100    0 -1000 -1000 -10
553 103 pedestrian 0 0 -10 189.85 169.53 300.84 308.96 -10 -10 -10 -100    0 -1000 -1000 -10
553 113 pedestrian 0 0 -10 1124.52 138.50 1181.15 257.15 -10 -10 -10 -100    0 -1000 -1000 -10
553 112 pedestrian 0 0 -10 503.36 164.56 565.02 211.14 -10 -10 -10 -100    0 -1000 -1000 -10
553 95 pedestrian 0 0 -10 770.73 156.99 854.33 374.00 -10 -10 -10 -100    0 -1000 -1000 -10
553 104 pedestrian 0 0 -10 636.57 161.13 672.66 266.81 -10 -10 -10 -100    0 -1000 -1000 -10
553 114 pedestrian 0 0 -10 727.05 161.09 757.34 255.14 -10 -10 -10 -100    0 -1000 -1000 -10
554 109 pedestrian 0 0 -10 1137.24 149.09 1237.74 251.28 -10 -10 -10 -100    0 -1000 -1000 -10
554 108 pedestrian 0 0 -10 689.27 175.44 751.29 240.49 -10 -10 -10 -100    0 -1000 -1000 -10
554 107 pedestrian 0 0 -10 491.53 151.91 641.60 208.27 -10 -10 -10 -100    0 -1000 -1000 -10
554 106 pedestrian 0 0 -10 908.74 152.12 948.46 253.13 -10 -10 -10 -100    0 -1000 -1000 -10
554 102 pedestrian 0 0 -10 469.06 161.75 535.41 228.33 -10 -10 -10 -100    0 -1000 -1000 -10
554 115 pedestrian 0 0 -10 1112.34 145.38 1164.54 282.20 -10 -10 -10 -100    0 -1000 -1000 -10
554 79 pedestrian 0 0 -10 197.59 162.85 282.43 374.00 -10 -10 -10 -100    0 -1000 -1000 -10
554 93 pedestrian 0 0 -10 865.10 144.10 952.04 374.00 -10 -10 -10 -100    0 -1000 -1000 -10
554 110 pedestrian 0 0 -10 426.76 162.11 461.43 238.17 -10 -10 -10 -100    0 -1000 -1000 -10
554 103 pedestrian 0 0 -10 183.86 170.52 300.39 311.84 -10 -10 -10 -100    0 -1000 -1000 -10
554 113 pedestrian 0 0 -10 1127.10 137.66 1175.75 263.27 -10 -10 -10 -100    0 -1000 -1000 -10
554 112 pedestrian 0 0 -10 501.96 164.36 562.89 211.50 -10 -10 -10 -100    0 -1000 -1000 -10
554 95 pedestrian 0 0 -10 771.55 156.30 851.36 374.00 -10 -10 -10 -100    0 -1000 -1000 -10
554 104 pedestrian 0 0 -10 628.66 161.37 670.93 268.04 -10 -10 -10 -100    0 -1000 -1000 -10
554 114 pedestrian 0 0 -10 731.45 160.93 761.26 253.05 -10 -10 -10 -100    0 -1000 -1000 -10
555 109 pedestrian 0 0 -10 1137.76 147.68 1237.68 252.23 -10 -10 -10 -100    0 -1000 -1000 -10
555 108 pedestrian 0 0 -10 690.95 176.33 752.56 239.46 -10 -10 -10 -100    0 -1000 -1000 -10
555 107 pedestrian 0 0 -10 491.09 152.23 642.86 209.16 -10 -10 -10 -100    0 -1000 -1000 -10
555 106 pedestrian 0 0 -10 910.44 151.20 951.05 251.22 -10 -10 -10 -100    0 -1000 -1000 -10
555 102 pedestrian 0 0 -10 468.01 161.66 535.11 228.02 -10 -10 -10 -100    0 -1000 -1000 -10
555 115 pedestrian 0 0 -10 1101.65 143.04 1159.28 283.03 -10 -10 -10 -100    0 -1000 -1000 -10
555 79 pedestrian 0 0 -10 201.47 163.43 285.32 374.00 -10 -10 -10 -100    0 -1000 -1000 -10
555 93 pedestrian 0 0 -10 865.48 143.19 950.84 374.00 -10 -10 -10 -100    0 -1000 -1000 -10
555 110 pedestrian 0 0 -10 425.68 163.23 461.11 239.36 -10 -10 -10 -100    0 -1000 -1000 -10
555 103 pedestrian 0 0 -10 174.71 171.21 300.24 320.19 -10 -10 -10 -100    0 -1000 -1000 -10
555 113 pedestrian 0 0 -10 1125.19 135.68 1174.87 266.65 -10 -10 -10 -100    0 -1000 -1000 -10
555 112 pedestrian 0 0 -10 500.63 164.14 561.62 211.38 -10 -10 -10 -100    0 -1000 -1000 -10
555 95 pedestrian 0 0 -10 772.16 158.52 846.33 374.00 -10 -10 -10 -100    0 -1000 -1000 -10
555 104 pedestrian 0 0 -10 624.68 161.58 662.90 267.24 -10 -10 -10 -100    0 -1000 -1000 -10
555 114 pedestrian 0 0 -10 734.23 160.83 763.71 252.71 -10 -10 -10 -100    0 -1000 -1000 -10
556 117 pedestrian 0 0 -10 525.20 198.43 546.74 229.66 -10 -10 -10 -100    0 -1000 -1000 -10
556 109 pedestrian 0 0 -10 1141.20 147.69 1237.69 254.62 -10 -10 -10 -100    0 -1000 -1000 -10
556 108 pedestrian 0 0 -10 687.88 176.29 748.30 237.56 -10 -10 -10 -100    0 -1000 -1000 -10
556 107 pedestrian 0 0 -10 490.46 152.93 640.91 209.67 -10 -10 -10 -100    0 -1000 -1000 -10
556 106 pedestrian 0 0 -10 916.84 151.19 952.58 252.03 -10 -10 -10 -100    0 -1000 -1000 -10
556 118 pedestrian 0 0 -10 563.60 166.72 588.82 196.29 -10 -10 -10 -100    0 -1000 -1000 -10
556 102 pedestrian 0 0 -10 467.02 161.25 534.90 227.70 -10 -10 -10 -100    0 -1000 -1000 -10
556 115 pedestrian 0 0 -10 1083.51 143.82 1153.10 283.11 -10 -10 -10 -100    0 -1000 -1000 -10
556 79 pedestrian 0 0 -10 202.76 163.41 285.89 374.00 -10 -10 -10 -100    0 -1000 -1000 -10
556 93 pedestrian 0 0 -10 865.98 143.34 950.62 374.00 -10 -10 -10 -100    0 -1000 -1000 -10
556 110 pedestrian 0 0 -10 425.39 164.22 461.26 240.59 -10 -10 -10 -100    0 -1000 -1000 -10
556 103 pedestrian 0 0 -10 167.87 173.64 299.32 322.40 -10 -10 -10 -100    0 -1000 -1000 -10
556 113 pedestrian 0 0 -10 1123.25 134.11 1177.96 266.83 -10 -10 -10 -100    0 -1000 -1000 -10
556 112 pedestrian 0 0 -10 497.67 163.42 560.05 211.29 -10 -10 -10 -100    0 -1000 -1000 -10
556 95 pedestrian 0 0 -10 771.79 159.47 842.78 374.00 -10 -10 -10 -100    0 -1000 -1000 -10
556 104 pedestrian 0 0 -10 619.48 162.88 654.15 269.27 -10 -10 -10 -100    0 -1000 -1000 -10
556 114 pedestrian 0 0 -10 733.76 160.85 763.76 252.88 -10 -10 -10 -100    0 -1000 -1000 -10
557 117 pedestrian 0 0 -10 523.41 198.31 546.63 231.08 -10 -10 -10 -100    0 -1000 -1000 -10
557 109 pedestrian 0 0 -10 1145.95 147.13 1237.76 255.95 -10 -10 -10 -100    0 -1000 -1000 -10
557 108 pedestrian 0 0 -10 688.18 175.38 744.56 236.10 -10 -10 -10 -100    0 -1000 -1000 -10
557 107 pedestrian 0 0 -10 490.53 153.15 643.37 210.67 -10 -10 -10 -100    0 -1000 -1000 -10
557 106 pedestrian 0 0 -10 925.20 151.31 958.87 253.79 -10 -10 -10 -100    0 -1000 -1000 -10
557 118 pedestrian 0 0 -10 563.59 166.34 588.61 196.33 -10 -10 -10 -100    0 -1000 -1000 -10
557 102 pedestrian 0 0 -10 466.42 161.03 533.27 227.73 -10 -10 -10 -100    0 -1000 -1000 -10
557 115 pedestrian 0 0 -10 1077.23 146.18 1148.91 283.20 -10 -10 -10 -100    0 -1000 -1000 -10
557 79 pedestrian 0 0 -10 205.19 162.99 283.00 374.00 -10 -10 -10 -100    0 -1000 -1000 -10
557 93 pedestrian 0 0 -10 865.79 142.25 953.74 374.00 -10 -10 -10 -100    0 -1000 -1000 -10
557 110 pedestrian 0 0 -10 425.08 165.49 461.51 242.56 -10 -10 -10 -100    0 -1000 -1000 -10
557 103 pedestrian 0 0 -10 159.47 167.04 296.36 351.64 -10 -10 -10 -100    0 -1000 -1000 -10
557 113 pedestrian 0 0 -10 1127.34 134.15 1193.73 266.78 -10 -10 -10 -100    0 -1000 -1000 -10
557 112 pedestrian 0 0 -10 495.41 163.07 559.32 213.96 -10 -10 -10 -100    0 -1000 -1000 -10
557 95 pedestrian 0 0 -10 771.13 158.83 843.28 374.00 -10 -10 -10 -100    0 -1000 -1000 -10
557 104 pedestrian 0 0 -10 612.72 162.43 646.30 270.29 -10 -10 -10 -100    0 -1000 -1000 -10
557 114 pedestrian 0 0 -10 731.82 161.20 762.18 252.42 -10 -10 -10 -100    0 -1000 -1000 -10
558 117 pedestrian 0 0 -10 521.30 197.33 545.21 231.78 -10 -10 -10 -100    0 -1000 -1000 -10
558 109 pedestrian 0 0 -10 1155.33 147.48 1237.82 259.73 -10 -10 -10 -100    0 -1000 -1000 -10
558 108 pedestrian 0 0 -10 688.70 174.79 743.81 235.33 -10 -10 -10 -100    0 -1000 -1000 -10
558 107 pedestrian 0 0 -10 491.32 152.73 645.65 210.75 -10 -10 -10 -100    0 -1000 -1000 -10
558 106 pedestrian 0 0 -10 930.75 149.73 963.74 253.48 -10 -10 -10 -100    0 -1000 -1000 -10
558 118 pedestrian 0 0 -10 562.92 165.65 588.52 196.38 -10 -10 -10 -100    0 -1000 -1000 -10
558 102 pedestrian 0 0 -10 465.29 160.47 533.40 227.93 -10 -10 -10 -100    0 -1000 -1000 -10
558 115 pedestrian 0 0 -10 1075.63 146.49 1140.99 283.25 -10 -10 -10 -100    0 -1000 -1000 -10
558 79 pedestrian 0 0 -10 205.56 163.37 281.25 374.00 -10 -10 -10 -100    0 -1000 -1000 -10
558 93 pedestrian 0 0 -10 864.31 141.38 953.83 374.00 -10 -10 -10 -100    0 -1000 -1000 -10
558 110 pedestrian 0 0 -10 424.86 166.41 461.34 244.13 -10 -10 -10 -100    0 -1000 -1000 -10
558 103 pedestrian 0 0 -10 160.84 160.33 277.66 374.00 -10 -10 -10 -100    0 -1000 -1000 -10
558 113 pedestrian 0 0 -10 1134.97 133.60 1203.07 269.55 -10 -10 -10 -100    0 -1000 -1000 -10
558 112 pedestrian 0 0 -10 495.92 163.07 558.33 213.51 -10 -10 -10 -100    0 -1000 -1000 -10
558 95 pedestrian 0 0 -10 771.14 158.32 843.11 374.00 -10 -10 -10 -100    0 -1000 -1000 -10
558 104 pedestrian 0 0 -10 601.41 161.05 640.87 271.20 -10 -10 -10 -100    0 -1000 -1000 -10
558 114 pedestrian 0 0 -10 729.73 160.61 760.22 252.15 -10 -10 -10 -100    0 -1000 -1000 -10
559 117 pedestrian 0 0 -10 519.28 197.40 543.50 232.26 -10 -10 -10 -100    0 -1000 -1000 -10
559 109 pedestrian 0 0 -10 1161.01 151.58 1237.75 262.52 -10 -10 -10 -100    0 -1000 -1000 -10
559 108 pedestrian 0 0 -10 689.39 174.01 743.80 233.89 -10 -10 -10 -100    0 -1000 -1000 -10
559 107 pedestrian 0 0 -10 492.88 152.76 647.78 211.11 -10 -10 -10 -100    0 -1000 -1000 -10
559 106 pedestrian 0 0 -10 936.85 149.53 969.94 255.24 -10 -10 -10 -100    0 -1000 -1000 -10
559 118 pedestrian 0 0 -10 563.06 166.14 588.30 196.22 -10 -10 -10 -100    0 -1000 -1000 -10
559 102 pedestrian 0 0 -10 465.01 160.11 532.67 228.06 -10 -10 -10 -100    0 -1000 -1000 -10
559 115 pedestrian 0 0 -10 1074.61 147.25 1122.40 280.35 -10 -10 -10 -100    0 -1000 -1000 -10
559 79 pedestrian 0 0 -10 207.94 163.88 283.63 374.00 -10 -10 -10 -100    0 -1000 -1000 -10
559 93 pedestrian 0 0 -10 864.47 142.93 961.77 374.00 -10 -10 -10 -100    0 -1000 -1000 -10
559 110 pedestrian 0 0 -10 424.95 166.68 461.86 245.47 -10 -10 -10 -100    0 -1000 -1000 -10
559 103 pedestrian 0 0 -10 161.91 158.10 270.14 374.00 -10 -10 -10 -100    0 -1000 -1000 -10
559 113 pedestrian 0 0 -10 1138.69 133.06 1204.31 269.75 -10 -10 -10 -100    0 -1000 -1000 -10
559 112 pedestrian 0 0 -10 496.45 163.00 557.30 212.58 -10 -10 -10 -100    0 -1000 -1000 -10
559 95 pedestrian 0 0 -10 770.81 156.39 848.93 374.00 -10 -10 -10 -100    0 -1000 -1000 -10
559 104 pedestrian 0 0 -10 593.23 161.13 638.66 271.26 -10 -10 -10 -100    0 -1000 -1000 -10
559 114 pedestrian 0 0 -10 728.77 160.49 759.66 250.67 -10 -10 -10 -100    0 -1000 -1000 -10
560 117 pedestrian 0 0 -10 516.51 191.98 541.42 233.31 -10 -10 -10 -100    0 -1000 -1000 -10
560 109 pedestrian 0 0 -10 1167.82 155.84 1237.74 268.24 -10 -10 -10 -100    0 -1000 -1000 -10
560 108 pedestrian 0 0 -10 690.49 173.30 743.94 233.23 -10 -10 -10 -100    0 -1000 -1000 -10
560 107 pedestrian 0 0 -10 492.57 153.33 648.70 212.79 -10 -10 -10 -100    0 -1000 -1000 -10
560 106 pedestrian 0 0 -10 941.23 149.58 974.44 255.09 -10 -10 -10 -100    0 -1000 -1000 -10
560 118 pedestrian 0 0 -10 562.80 166.47 587.93 196.53 -10 -10 -10 -100    0 -1000 -1000 -10
560 102 pedestrian 0 0 -10 463.75 159.64 531.76 227.96 -10 -10 -10 -100    0 -1000 -1000 -10
560 115 pedestrian 0 0 -10 1065.91 147.40 1114.72 282.12 -10 -10 -10 -100    0 -1000 -1000 -10
560 79 pedestrian 0 0 -10 205.04 163.53 288.55 374.00 -10 -10 -10 -100    0 -1000 -1000 -10
560 93 pedestrian 0 0 -10 863.89 143.61 973.09 374.00 -10 -10 -10 -100    0 -1000 -1000 -10
560 110 pedestrian 0 0 -10 424.50 167.66 461.24 245.81 -10 -10 -10 -100    0 -1000 -1000 -10
560 103 pedestrian 0 0 -10 156.48 156.32 262.20 374.00 -10 -10 -10 -100    0 -1000 -1000 -10
560 113 pedestrian 0 0 -10 1141.16 133.22 1207.40 270.41 -10 -10 -10 -100    0 -1000 -1000 -10
560 112 pedestrian 0 0 -10 495.30 162.62 555.26 213.08 -10 -10 -10 -100    0 -1000 -1000 -10
560 95 pedestrian 0 0 -10 771.87 156.27 852.73 374.00 -10 -10 -10 -100    0 -1000 -1000 -10
560 104 pedestrian 0 0 -10 590.30 160.82 634.57 271.72 -10 -10 -10 -100    0 -1000 -1000 -10
560 114 pedestrian 0 0 -10 728.50 160.50 759.19 251.05 -10 -10 -10 -100    0 -1000 -1000 -10
561 117 pedestrian 0 0 -10 512.68 193.31 537.02 236.19 -10 -10 -10 -100    0 -1000 -1000 -10
561 109 pedestrian 0 0 -10 1172.53 158.27 1237.88 270.26 -10 -10 -10 -100    0 -1000 -1000 -10
561 108 pedestrian 0 0 -10 691.26 173.25 741.75 232.32 -10 -10 -10 -100    0 -1000 -1000 -10
561 107 pedestrian 0 0 -10 492.62 153.33 647.63 211.71 -10 -10 -10 -100    0 -1000 -1000 -10
561 106 pedestrian 0 0 -10 944.28 148.98 976.90 254.06 -10 -10 -10 -100    0 -1000 -1000 -10
561 118 pedestrian 0 0 -10 563.38 166.23 587.73 195.54 -10 -10 -10 -100    0 -1000 -1000 -10
561 102 pedestrian 0 0 -10 463.48 159.37 532.46 227.80 -10 -10 -10 -100    0 -1000 -1000 -10
561 115 pedestrian 0 0 -10 1060.12 146.35 1109.72 284.70 -10 -10 -10 -100    0 -1000 -1000 -10
561 79 pedestrian 0 0 -10 204.27 162.46 293.65 374.00 -10 -10 -10 -100    0 -1000 -1000 -10
561 93 pedestrian 0 0 -10 866.99 144.45 974.72 374.00 -10 -10 -10 -100    0 -1000 -1000 -10
561 110 pedestrian 0 0 -10 425.07 167.40 461.40 246.40 -10 -10 -10 -100    0 -1000 -1000 -10
561 103 pedestrian 0 0 -10 151.35 154.46 260.80 374.00 -10 -10 -10 -100    0 -1000 -1000 -10
561 113 pedestrian 0 0 -10 1142.04 134.17 1205.74 271.07 -10 -10 -10 -100    0 -1000 -1000 -10
561 112 pedestrian 0 0 -10 495.34 161.87 554.65 212.62 -10 -10 -10 -100    0 -1000 -1000 -10
561 95 pedestrian 0 0 -10 772.59 159.03 855.56 374.00 -10 -10 -10 -100    0 -1000 -1000 -10
561 104 pedestrian 0 0 -10 588.98 162.22 626.91 273.11 -10 -10 -10 -100    0 -1000 -1000 -10
561 114 pedestrian 0 0 -10 728.17 160.89 758.50 249.77 -10 -10 -10 -100    0 -1000 -1000 -10
562 117 pedestrian 0 0 -10 510.94 195.43 536.51 236.94 -10 -10 -10 -100    0 -1000 -1000 -10
562 109 pedestrian 0 0 -10 1180.97 158.02 1237.94 270.21 -10 -10 -10 -100    0 -1000 -1000 -10
562 108 pedestrian 0 0 -10 692.09 171.75 742.98 231.61 -10 -10 -10 -100    0 -1000 -1000 -10
562 107 pedestrian 0 0 -10 493.06 152.81 647.44 211.47 -10 -10 -10 -100    0 -1000 -1000 -10
562 106 pedestrian 0 0 -10 945.84 146.82 980.42 254.20 -10 -10 -10 -100    0 -1000 -1000 -10
562 118 pedestrian 0 0 -10 562.78 165.36 586.86 194.82 -10 -10 -10 -100    0 -1000 -1000 -10
562 102 pedestrian 0 0 -10 462.41 159.51 530.63 227.05 -10 -10 -10 -100    0 -1000 -1000 -10
562 115 pedestrian 0 0 -10 1048.89 146.74 1099.31 285.29 -10 -10 -10 -100    0 -1000 -1000 -10
562 79 pedestrian 0 0 -10 200.68 160.66 296.89 374.00 -10 -10 -10 -100    0 -1000 -1000 -10
562 93 pedestrian 0 0 -10 867.06 141.98 975.61 374.00 -10 -10 -10 -100    0 -1000 -1000 -10
562 110 pedestrian 0 0 -10 424.76 166.31 461.58 245.53 -10 -10 -10 -100    0 -1000 -1000 -10
562 103 pedestrian 0 0 -10 147.05 153.60 260.59 374.00 -10 -10 -10 -100    0 -1000 -1000 -10
562 113 pedestrian 0 0 -10 1144.07 133.19 1205.01 271.00 -10 -10 -10 -100    0 -1000 -1000 -10
562 112 pedestrian 0 0 -10 496.49 161.71 554.38 212.85 -10 -10 -10 -100    0 -1000 -1000 -10
562 95 pedestrian 0 0 -10 773.90 156.91 854.11 374.00 -10 -10 -10 -100    0 -1000 -1000 -10
562 104 pedestrian 0 0 -10 587.50 161.28 617.23 272.22 -10 -10 -10 -100    0 -1000 -1000 -10
562 114 pedestrian 0 0 -10 728.46 158.90 759.07 250.16 -10 -10 -10 -100    0 -1000 -1000 -10
563 117 pedestrian 0 0 -10 509.12 196.50 534.02 236.09 -10 -10 -10 -100    0 -1000 -1000 -10
563 109 pedestrian 0 0 -10 1188.97 156.21 1237.96 270.34 -10 -10 -10 -100    0 -1000 -1000 -10
563 108 pedestrian 0 0 -10 691.37 171.31 744.20 230.90 -10 -10 -10 -100    0 -1000 -1000 -10
563 107 pedestrian 0 0 -10 493.35 151.70 647.66 211.57 -10 -10 -10 -100    0 -1000 -1000 -10
563 106 pedestrian 0 0 -10 946.55 145.97 984.41 255.47 -10 -10 -10 -100    0 -1000 -1000 -10
563 118 pedestrian 0 0 -10 560.40 165.32 583.52 193.74 -10 -10 -10 -100    0 -1000 -1000 -10
563 102 pedestrian 0 0 -10 461.78 158.02 530.55 226.57 -10 -10 -10 -100    0 -1000 -1000 -10
563 115 pedestrian 0 0 -10 1034.50 145.40 1091.80 286.04 -10 -10 -10 -100    0 -1000 -1000 -10
563 79 pedestrian 0 0 -10 206.83 159.93 298.64 374.00 -10 -10 -10 -100    0 -1000 -1000 -10
563 93 pedestrian 0 0 -10 874.35 140.74 968.99 374.00 -10 -10 -10 -100    0 -1000 -1000 -10
563 110 pedestrian 0 0 -10 425.20 165.98 460.83 245.42 -10 -10 -10 -100    0 -1000 -1000 -10
563 103 pedestrian 0 0 -10 147.62 155.70 254.86 374.00 -10 -10 -10 -100    0 -1000 -1000 -10
563 113 pedestrian 0 0 -10 1145.09 132.47 1203.95 270.02 -10 -10 -10 -100    0 -1000 -1000 -10
563 112 pedestrian 0 0 -10 496.31 161.34 553.68 212.77 -10 -10 -10 -100    0 -1000 -1000 -10
563 95 pedestrian 0 0 -10 772.52 155.12 851.98 374.00 -10 -10 -10 -100    0 -1000 -1000 -10
563 104 pedestrian 0 0 -10 581.08 162.12 610.69 272.97 -10 -10 -10 -100    0 -1000 -1000 -10
563 114 pedestrian 0 0 -10 728.53 158.07 758.51 247.95 -10 -10 -10 -100    0 -1000 -1000 -10
564 119 pedestrian 0 0 -10 520.09 167.97 540.72 232.74 -10 -10 -10 -100    0 -1000 -1000 -10
564 117 pedestrian 0 0 -10 507.10 198.54 531.35 234.27 -10 -10 -10 -100    0 -1000 -1000 -10
564 109 pedestrian 0 0 -10 1193.61 156.40 1237.87 273.12 -10 -10 -10 -100    0 -1000 -1000 -10
564 108 pedestrian 0 0 -10 693.17 171.49 744.29 231.01 -10 -10 -10 -100    0 -1000 -1000 -10
564 107 pedestrian 0 0 -10 493.86 151.33 649.39 211.52 -10 -10 -10 -100    0 -1000 -1000 -10
564 106 pedestrian 0 0 -10 947.56 146.05 988.42 256.66 -10 -10 -10 -100    0 -1000 -1000 -10
564 118 pedestrian 0 0 -10 559.41 165.01 585.50 195.66 -10 -10 -10 -100    0 -1000 -1000 -10
564 102 pedestrian 0 0 -10 459.86 155.07 528.98 226.51 -10 -10 -10 -100    0 -1000 -1000 -10
564 115 pedestrian 0 0 -10 1025.14 146.54 1084.11 285.91 -10 -10 -10 -100    0 -1000 -1000 -10
564 79 pedestrian 0 0 -10 211.89 162.00 297.42 374.00 -10 -10 -10 -100    0 -1000 -1000 -10
564 93 pedestrian 0 0 -10 878.35 139.89 965.56 374.00 -10 -10 -10 -100    0 -1000 -1000 -10
564 110 pedestrian 0 0 -10 424.76 165.33 460.71 245.02 -10 -10 -10 -100    0 -1000 -1000 -10
564 103 pedestrian 0 0 -10 153.47 159.62 243.97 338.76 -10 -10 -10 -100    0 -1000 -1000 -10
564 113 pedestrian 0 0 -10 1146.46 133.02 1202.96 272.26 -10 -10 -10 -100    0 -1000 -1000 -10
564 112 pedestrian 0 0 -10 495.87 161.34 553.06 211.90 -10 -10 -10 -100    0 -1000 -1000 -10
564 95 pedestrian 0 0 -10 773.89 154.39 848.08 374.00 -10 -10 -10 -100    0 -1000 -1000 -10
564 104 pedestrian 0 0 -10 568.77 161.56 604.79 273.89 -10 -10 -10 -100    0 -1000 -1000 -10
564 114 pedestrian 0 0 -10 727.45 157.09 758.22 247.70 -10 -10 -10 -100    0 -1000 -1000 -10
565 119 pedestrian 0 0 -10 519.00 167.12 539.42 232.43 -10 -10 -10 -100    0 -1000 -1000 -10
565 117 pedestrian 0 0 -10 501.77 198.24 527.04 234.79 -10 -10 -10 -100    0 -1000 -1000 -10
565 109 pedestrian 0 0 -10 1201.39 161.34 1237.97 276.45 -10 -10 -10 -100    0 -1000 -1000 -10
565 108 pedestrian 0 0 -10 693.91 171.69 746.55 231.47 -10 -10 -10 -100    0 -1000 -1000 -10
565 107 pedestrian 0 0 -10 493.93 151.01 649.01 211.54 -10 -10 -10 -100    0 -1000 -1000 -10
565 106 pedestrian 0 0 -10 951.95 146.84 992.56 257.68 -10 -10 -10 -100    0 -1000 -1000 -10
565 118 pedestrian 0 0 -10 562.27 164.75 585.89 195.12 -10 -10 -10 -100    0 -1000 -1000 -10
565 102 pedestrian 0 0 -10 458.76 155.28 530.37 226.70 -10 -10 -10 -100    0 -1000 -1000 -10
565 115 pedestrian 0 0 -10 1013.72 146.13 1075.69 286.52 -10 -10 -10 -100    0 -1000 -1000 -10
565 79 pedestrian 0 0 -10 209.75 160.33 293.35 374.00 -10 -10 -10 -100    0 -1000 -1000 -10
565 93 pedestrian 0 0 -10 877.45 142.19 965.31 374.00 -10 -10 -10 -100    0 -1000 -1000 -10
565 110 pedestrian 0 0 -10 424.76 164.36 460.55 245.48 -10 -10 -10 -100    0 -1000 -1000 -10
565 103 pedestrian 0 0 -10 147.07 157.50 228.82 327.11 -10 -10 -10 -100    0 -1000 -1000 -10
565 113 pedestrian 0 0 -10 1145.67 133.68 1207.10 274.24 -10 -10 -10 -100    0 -1000 -1000 -10
565 112 pedestrian 0 0 -10 496.97 160.89 552.10 212.72 -10 -10 -10 -100    0 -1000 -1000 -10
565 95 pedestrian 0 0 -10 775.28 156.12 846.48 374.00 -10 -10 -10 -100    0 -1000 -1000 -10
565 104 pedestrian 0 0 -10 562.45 161.31 602.24 272.67 -10 -10 -10 -100    0 -1000 -1000 -10
565 114 pedestrian 0 0 -10 726.86 157.58 757.62 247.54 -10 -10 -10 -100    0 -1000 -1000 -10
566 117 pedestrian 0 0 -10 500.81 198.44 528.10 235.24 -10 -10 -10 -100    0 -1000 -1000 -10
566 109 pedestrian 0 0 -10 1204.04 143.28 1238.00 274.78 -10 -10 -10 -100    0 -1000 -1000 -10
566 108 pedestrian 0 0 -10 693.26 172.45 746.08 231.72 -10 -10 -10 -100    0 -1000 -1000 -10
566 107 pedestrian 0 0 -10 493.69 151.86 647.63 210.53 -10 -10 -10 -100    0 -1000 -1000 -10
566 106 pedestrian 0 0 -10 957.92 146.34 994.81 257.90 -10 -10 -10 -100    0 -1000 -1000 -10
566 118 pedestrian 0 0 -10 559.40 164.85 585.33 195.82 -10 -10 -10 -100    0 -1000 -1000 -10
566 102 pedestrian 0 0 -10 458.28 155.15 530.77 227.29 -10 -10 -10 -100    0 -1000 -1000 -10
566 115 pedestrian 0 0 -10 1006.28 146.47 1064.67 286.41 -10 -10 -10 -100    0 -1000 -1000 -10
566 79 pedestrian 0 0 -10 208.65 159.26 289.82 374.00 -10 -10 -10 -100    0 -1000 -1000 -10
566 93 pedestrian 0 0 -10 877.00 142.86 967.55 374.00 -10 -10 -10 -100    0 -1000 -1000 -10
566 110 pedestrian 0 0 -10 424.30 164.46 460.17 245.85 -10 -10 -10 -100    0 -1000 -1000 -10
566 103 pedestrian 0 0 -10 135.61 153.48 227.25 337.66 -10 -10 -10 -100    0 -1000 -1000 -10
566 113 pedestrian 0 0 -10 1147.51 132.68 1211.23 276.47 -10 -10 -10 -100    0 -1000 -1000 -10
566 112 pedestrian 0 0 -10 497.03 161.12 548.48 213.14 -10 -10 -10 -100    0 -1000 -1000 -10
566 95 pedestrian 0 0 -10 778.53 158.06 846.76 374.00 -10 -10 -10 -100    0 -1000 -1000 -10
566 104 pedestrian 0 0 -10 557.88 161.47 596.23 272.73 -10 -10 -10 -100    0 -1000 -1000 -10
566 114 pedestrian 0 0 -10 725.75 157.33 755.93 247.68 -10 -10 -10 -100    0 -1000 -1000 -10
567 117 pedestrian 0 0 -10 496.31 198.64 522.56 235.83 -10 -10 -10 -100    0 -1000 -1000 -10
567 108 pedestrian 0 0 -10 693.19 172.47 745.46 231.43 -10 -10 -10 -100    0 -1000 -1000 -10
567 107 pedestrian 0 0 -10 491.89 151.54 645.94 209.59 -10 -10 -10 -100    0 -1000 -1000 -10
567 106 pedestrian 0 0 -10 959.48 145.98 996.65 258.30 -10 -10 -10 -100    0 -1000 -1000 -10
567 118 pedestrian 0 0 -10 559.89 164.17 585.19 194.44 -10 -10 -10 -100    0 -1000 -1000 -10
567 102 pedestrian 0 0 -10 456.99 155.52 529.67 227.28 -10 -10 -10 -100    0 -1000 -1000 -10
567 115 pedestrian 0 0 -10 1001.96 148.70 1060.99 285.59 -10 -10 -10 -100    0 -1000 -1000 -10
567 79 pedestrian 0 0 -10 207.90 157.76 280.24 374.00 -10 -10 -10 -100    0 -1000 -1000 -10
567 93 pedestrian 0 0 -10 877.87 143.00 967.48 374.00 -10 -10 -10 -100    0 -1000 -1000 -10
567 110 pedestrian 0 0 -10 424.30 163.48 459.99 245.17 -10 -10 -10 -100    0 -1000 -1000 -10
567 103 pedestrian 0 0 -10 130.21 152.19 227.15 336.04 -10 -10 -10 -100    0 -1000 -1000 -10
567 113 pedestrian 0 0 -10 1149.91 133.59 1212.97 279.00 -10 -10 -10 -100    0 -1000 -1000 -10
567 112 pedestrian 0 0 -10 495.26 160.91 546.92 213.32 -10 -10 -10 -100    0 -1000 -1000 -10
567 95 pedestrian 0 0 -10 778.93 156.95 846.83 374.00 -10 -10 -10 -100    0 -1000 -1000 -10
567 104 pedestrian 0 0 -10 553.70 161.67 589.51 273.09 -10 -10 -10 -100    0 -1000 -1000 -10
567 114 pedestrian 0 0 -10 725.40 157.04 755.83 247.19 -10 -10 -10 -100    0 -1000 -1000 -10
568 117 pedestrian 0 0 -10 494.24 199.10 522.58 237.02 -10 -10 -10 -100    0 -1000 -1000 -10
568 108 pedestrian 0 0 -10 693.74 172.64 745.56 231.66 -10 -10 -10 -100    0 -1000 -1000 -10
568 107 pedestrian 0 0 -10 491.28 150.61 643.67 206.49 -10 -10 -10 -100    0 -1000 -1000 -10
568 106 pedestrian 0 0 -10 963.49 146.28 1000.37 261.24 -10 -10 -10 -100    0 -1000 -1000 -10
568 118 pedestrian 0 0 -10 560.31 163.65 585.48 193.64 -10 -10 -10 -100    0 -1000 -1000 -10
568 102 pedestrian 0 0 -10 456.54 155.70 528.70 227.20 -10 -10 -10 -100    0 -1000 -1000 -10
568 115 pedestrian 0 0 -10 1002.36 149.83 1057.96 288.83 -10 -10 -10 -100    0 -1000 -1000 -10
568 79 pedestrian 0 0 -10 207.70 159.76 276.04 374.00 -10 -10 -10 -100    0 -1000 -1000 -10
568 93 pedestrian 0 0 -10 877.03 142.24 976.52 374.00 -10 -10 -10 -100    0 -1000 -1000 -10
568 110 pedestrian 0 0 -10 424.87 162.81 461.15 244.34 -10 -10 -10 -100    0 -1000 -1000 -10
568 103 pedestrian 0 0 -10 126.67 151.67 227.54 337.27 -10 -10 -10 -100    0 -1000 -1000 -10
568 113 pedestrian 0 0 -10 1151.51 135.01 1210.07 284.63 -10 -10 -10 -100    0 -1000 -1000 -10
568 112 pedestrian 0 0 -10 494.79 160.93 545.96 213.98 -10 -10 -10 -100    0 -1000 -1000 -10
568 95 pedestrian 0 0 -10 779.66 154.71 850.53 374.00 -10 -10 -10 -100    0 -1000 -1000 -10
568 104 pedestrian 0 0 -10 548.72 160.54 580.87 273.85 -10 -10 -10 -100    0 -1000 -1000 -10
568 114 pedestrian 0 0 -10 723.36 156.04 754.26 247.12 -10 -10 -10 -100    0 -1000 -1000 -10
569 117 pedestrian 0 0 -10 492.66 200.55 521.78 236.75 -10 -10 -10 -100    0 -1000 -1000 -10
569 108 pedestrian 0 0 -10 694.85 172.37 746.05 231.84 -10 -10 -10 -100    0 -1000 -1000 -10
569 107 pedestrian 0 0 -10 491.61 150.00 642.57 202.74 -10 -10 -10 -100    0 -1000 -1000 -10
569 106 pedestrian 0 0 -10 969.11 146.10 1003.59 262.52 -10 -10 -10 -100    0 -1000 -1000 -10
569 118 pedestrian 0 0 -10 559.37 163.09 585.25 193.81 -10 -10 -10 -100    0 -1000 -1000 -10
569 102 pedestrian 0 0 -10 456.16 155.68 530.15 228.18 -10 -10 -10 -100    0 -1000 -1000 -10
569 115 pedestrian 0 0 -10 994.03 149.44 1045.68 288.68 -10 -10 -10 -100    0 -1000 -1000 -10
569 79 pedestrian 0 0 -10 205.09 162.05 273.74 374.00 -10 -10 -10 -100    0 -1000 -1000 -10
569 93 pedestrian 0 0 -10 879.54 143.23 978.83 374.00 -10 -10 -10 -100    0 -1000 -1000 -10
569 110 pedestrian 0 0 -10 425.98 161.41 462.52 243.70 -10 -10 -10 -100    0 -1000 -1000 -10
569 103 pedestrian 0 0 -10 126.40 153.18 220.94 336.34 -10 -10 -10 -100    0 -1000 -1000 -10
569 113 pedestrian 0 0 -10 1149.90 133.89 1200.27 286.57 -10 -10 -10 -100    0 -1000 -1000 -10
569 112 pedestrian 0 0 -10 494.79 160.48 544.89 213.73 -10 -10 -10 -100    0 -1000 -1000 -10
569 95 pedestrian 0 0 -10 782.80 153.22 859.20 374.00 -10 -10 -10 -100    0 -1000 -1000 -10
569 104 pedestrian 0 0 -10 538.93 160.99 574.90 274.84 -10 -10 -10 -100    0 -1000 -1000 -10
569 114 pedestrian 0 0 -10 723.58 156.74 754.82 248.09 -10 -10 -10 -100    0 -1000 -1000 -10
570 117 pedestrian 0 0 -10 487.27 200.57 517.17 239.26 -10 -10 -10 -100    0 -1000 -1000 -10
570 108 pedestrian 0 0 -10 696.33 170.80 750.15 230.92 -10 -10 -10 -100    0 -1000 -1000 -10
570 107 pedestrian 0 0 -10 494.63 150.12 641.41 197.27 -10 -10 -10 -100    0 -1000 -1000 -10
570 106 pedestrian 0 0 -10 974.97 147.42 1006.28 260.20 -10 -10 -10 -100    0 -1000 -1000 -10
570 118 pedestrian 0 0 -10 557.50 163.82 584.10 194.10 -10 -10 -10 -100    0 -1000 -1000 -10
570 102 pedestrian 0 0 -10 457.24 155.19 530.29 227.00 -10 -10 -10 -100    0 -1000 -1000 -10
570 115 pedestrian 0 0 -10 985.84 149.35 1042.98 287.99 -10 -10 -10 -100    0 -1000 -1000 -10
570 79 pedestrian 0 0 -10 200.10 159.18 270.71 374.00 -10 -10 -10 -100    0 -1000 -1000 -10
570 93 pedestrian 0 0 -10 881.74 144.28 981.70 374.00 -10 -10 -10 -100    0 -1000 -1000 -10
570 110 pedestrian 0 0 -10 427.70 157.59 465.43 241.99 -10 -10 -10 -100    0 -1000 -1000 -10
570 103 pedestrian 0 0 -10 122.73 154.50 206.52 335.73 -10 -10 -10 -100    0 -1000 -1000 -10
570 113 pedestrian 0 0 -10 1149.23 134.22 1197.94 290.46 -10 -10 -10 -100    0 -1000 -1000 -10
570 112 pedestrian 0 0 -10 496.07 160.47 544.25 215.44 -10 -10 -10 -100    0 -1000 -1000 -10
570 95 pedestrian 0 0 -10 784.94 156.50 862.81 374.00 -10 -10 -10 -100    0 -1000 -1000 -10
570 104 pedestrian 0 0 -10 519.14 160.98 567.55 274.70 -10 -10 -10 -100    0 -1000 -1000 -10
570 114 pedestrian 0 0 -10 721.30 156.88 752.88 247.46 -10 -10 -10 -100    0 -1000 -1000 -10
571 117 pedestrian 0 0 -10 484.13 201.75 514.27 242.39 -10 -10 -10 -100    0 -1000 -1000 -10
571 108 pedestrian 0 0 -10 696.72 169.86 753.06 231.78 -10 -10 -10 -100    0 -1000 -1000 -10
571 107 pedestrian 0 0 -10 494.54 150.19 641.43 197.30 -10 -10 -10 -100    0 -1000 -1000 -10
571 106 pedestrian 0 0 -10 977.52 147.56 1006.33 258.01 -10 -10 -10 -100    0 -1000 -1000 -10
571 118 pedestrian 0 0 -10 557.86 164.12 584.36 195.12 -10 -10 -10 -100    0 -1000 -1000 -10
571 102 pedestrian 0 0 -10 457.13 155.60 529.71 227.49 -10 -10 -10 -100    0 -1000 -1000 -10
571 115 pedestrian 0 0 -10 975.26 148.68 1040.82 287.86 -10 -10 -10 -100    0 -1000 -1000 -10
571 79 pedestrian 0 0 -10 196.85 157.72 270.97 372.74 -10 -10 -10 -100    0 -1000 -1000 -10
571 93 pedestrian 0 0 -10 882.84 144.85 984.21 374.00 -10 -10 -10 -100    0 -1000 -1000 -10
571 110 pedestrian 0 0 -10 427.72 157.51 465.60 241.91 -10 -10 -10 -100    0 -1000 -1000 -10
571 103 pedestrian 0 0 -10 113.92 155.30 197.99 346.06 -10 -10 -10 -100    0 -1000 -1000 -10
571 113 pedestrian 0 0 -10 1148.24 134.12 1203.37 292.42 -10 -10 -10 -100    0 -1000 -1000 -10
571 112 pedestrian 0 0 -10 496.66 161.46 547.19 215.75 -10 -10 -10 -100    0 -1000 -1000 -10
571 95 pedestrian 0 0 -10 785.37 159.44 867.22 374.00 -10 -10 -10 -100    0 -1000 -1000 -10
571 104 pedestrian 0 0 -10 514.32 162.86 566.22 276.80 -10 -10 -10 -100    0 -1000 -1000 -10
571 114 pedestrian 0 0 -10 720.59 157.87 751.28 249.44 -10 -10 -10 -100    0 -1000 -1000 -10
572 117 pedestrian 0 0 -10 486.19 202.57 521.59 244.37 -10 -10 -10 -100    0 -1000 -1000 -10
572 108 pedestrian 0 0 -10 699.28 168.16 755.11 233.87 -10 -10 -10 -100    0 -1000 -1000 -10
572 107 pedestrian 0 0 -10 494.49 149.32 641.55 196.00 -10 -10 -10 -100    0 -1000 -1000 -10
572 106 pedestrian 0 0 -10 979.84 147.71 1009.48 257.00 -10 -10 -10 -100    0 -1000 -1000 -10
572 118 pedestrian 0 0 -10 557.21 164.08 584.23 195.15 -10 -10 -10 -100    0 -1000 -1000 -10
572 102 pedestrian 0 0 -10 456.50 154.88 529.59 227.35 -10 -10 -10 -100    0 -1000 -1000 -10
572 115 pedestrian 0 0 -10 969.83 150.43 1032.02 290.01 -10 -10 -10 -100    0 -1000 -1000 -10
572 79 pedestrian 0 0 -10 193.60 156.50 270.91 372.74 -10 -10 -10 -100    0 -1000 -1000 -10
572 93 pedestrian 0 0 -10 884.75 143.14 976.73 374.00 -10 -10 -10 -100    0 -1000 -1000 -10
572 110 pedestrian 0 0 -10 427.15 155.76 467.75 241.32 -10 -10 -10 -100    0 -1000 -1000 -10
572 103 pedestrian 0 0 -10 106.20 156.64 185.20 355.74 -10 -10 -10 -100    0 -1000 -1000 -10
572 113 pedestrian 0 0 -10 1147.34 134.72 1208.14 289.06 -10 -10 -10 -100    0 -1000 -1000 -10
572 112 pedestrian 0 0 -10 497.04 161.02 544.92 212.55 -10 -10 -10 -100    0 -1000 -1000 -10
572 95 pedestrian 0 0 -10 788.53 157.48 867.36 374.00 -10 -10 -10 -100    0 -1000 -1000 -10
572 104 pedestrian 0 0 -10 500.10 161.27 559.81 277.85 -10 -10 -10 -100    0 -1000 -1000 -10
572 114 pedestrian 0 0 -10 720.19 157.80 752.23 248.88 -10 -10 -10 -100    0 -1000 -1000 -10
573 117 pedestrian 0 0 -10 486.39 201.73 517.52 243.28 -10 -10 -10 -100    0 -1000 -1000 -10
573 108 pedestrian 0 0 -10 700.62 164.86 758.48 226.58 -10 -10 -10 -100    0 -1000 -1000 -10
573 107 pedestrian 0 0 -10 494.67 148.90 641.33 194.78 -10 -10 -10 -100    0 -1000 -1000 -10
573 106 pedestrian 0 0 -10 985.34 146.16 1019.56 264.06 -10 -10 -10 -100    0 -1000 -1000 -10
573 118 pedestrian 0 0 -10 557.39 164.05 583.99 194.72 -10 -10 -10 -100    0 -1000 -1000 -10
573 102 pedestrian 0 0 -10 455.81 153.77 529.45 228.22 -10 -10 -10 -100    0 -1000 -1000 -10
573 115 pedestrian 0 0 -10 968.67 149.16 1023.35 288.90 -10 -10 -10 -100    0 -1000 -1000 -10
573 79 pedestrian 0 0 -10 187.36 156.37 267.38 373.31 -10 -10 -10 -100    0 -1000 -1000 -10
573 93 pedestrian 0 0 -10 885.93 142.71 968.48 374.00 -10 -10 -10 -100    0 -1000 -1000 -10
573 110 pedestrian 0 0 -10 427.26 154.31 467.74 240.05 -10 -10 -10 -100    0 -1000 -1000 -10
573 103 pedestrian 0 0 -10 99.08 158.31 172.71 362.15 -10 -10 -10 -100    0 -1000 -1000 -10
573 113 pedestrian 0 0 -10 1149.42 134.50 1211.98 291.22 -10 -10 -10 -100    0 -1000 -1000 -10
573 112 pedestrian 0 0 -10 495.18 160.47 546.04 213.76 -10 -10 -10 -100    0 -1000 -1000 -10
573 95 pedestrian 0 0 -10 791.85 154.84 865.97 374.00 -10 -10 -10 -100    0 -1000 -1000 -10
573 104 pedestrian 0 0 -10 492.90 161.29 554.10 276.78 -10 -10 -10 -100    0 -1000 -1000 -10
573 114 pedestrian 0 0 -10 719.08 156.41 750.39 248.81 -10 -10 -10 -100    0 -1000 -1000 -10
574 108 pedestrian 0 0 -10 701.12 165.12 761.94 223.60 -10 -10 -10 -100    0 -1000 -1000 -10
574 107 pedestrian 0 0 -10 494.57 148.77 641.64 193.60 -10 -10 -10 -100    0 -1000 -1000 -10
574 106 pedestrian 0 0 -10 989.03 145.17 1024.54 267.06 -10 -10 -10 -100    0 -1000 -1000 -10
574 118 pedestrian 0 0 -10 557.56 164.54 583.58 194.83 -10 -10 -10 -100    0 -1000 -1000 -10
574 102 pedestrian 0 0 -10 454.36 153.17 529.54 229.37 -10 -10 -10 -100    0 -1000 -1000 -10
574 115 pedestrian 0 0 -10 961.97 152.12 1010.23 288.08 -10 -10 -10 -100    0 -1000 -1000 -10
574 79 pedestrian 0 0 -10 182.75 157.29 262.89 374.00 -10 -10 -10 -100    0 -1000 -1000 -10
574 93 pedestrian 0 0 -10 884.86 142.32 964.54 374.00 -10 -10 -10 -100    0 -1000 -1000 -10
574 110 pedestrian 0 0 -10 426.71 153.35 466.77 239.12 -10 -10 -10 -100    0 -1000 -1000 -10
574 103 pedestrian 0 0 -10 92.65 156.67 170.14 363.45 -10 -10 -10 -100    0 -1000 -1000 -10
574 113 pedestrian 0 0 -10 1149.19 135.04 1211.52 294.72 -10 -10 -10 -100    0 -1000 -1000 -10
574 112 pedestrian 0 0 -10 492.72 160.76 542.38 217.33 -10 -10 -10 -100    0 -1000 -1000 -10
574 95 pedestrian 0 0 -10 790.14 153.96 860.45 374.00 -10 -10 -10 -100    0 -1000 -1000 -10
574 104 pedestrian 0 0 -10 480.62 162.15 546.87 276.64 -10 -10 -10 -100    0 -1000 -1000 -10
574 114 pedestrian 0 0 -10 714.61 158.46 746.44 248.04 -10 -10 -10 -100    0 -1000 -1000 -10
575 122 pedestrian 0 0 -10 466.40 172.18 484.28 239.49 -10 -10 -10 -100    0 -1000 -1000 -10
575 108 pedestrian 0 0 -10 699.65 166.31 762.96 220.89 -10 -10 -10 -100    0 -1000 -1000 -10
575 107 pedestrian 0 0 -10 494.73 148.23 641.91 193.00 -10 -10 -10 -100    0 -1000 -1000 -10
575 106 pedestrian 0 0 -10 990.27 144.99 1028.54 268.16 -10 -10 -10 -100    0 -1000 -1000 -10
575 118 pedestrian 0 0 -10 556.06 164.38 583.19 195.16 -10 -10 -10 -100    0 -1000 -1000 -10
575 102 pedestrian 0 0 -10 453.15 154.53 528.93 228.62 -10 -10 -10 -100    0 -1000 -1000 -10
575 115 pedestrian 0 0 -10 952.65 150.39 1009.10 288.90 -10 -10 -10 -100    0 -1000 -1000 -10
575 79 pedestrian 0 0 -10 178.30 158.93 250.32 374.00 -10 -10 -10 -100    0 -1000 -1000 -10
575 93 pedestrian 0 0 -10 882.18 143.46 959.38 374.00 -10 -10 -10 -100    0 -1000 -1000 -10
575 110 pedestrian 0 0 -10 427.59 151.82 467.10 238.23 -10 -10 -10 -100    0 -1000 -1000 -10
575 103 pedestrian 0 0 -10 84.01 156.27 169.03 363.64 -10 -10 -10 -100    0 -1000 -1000 -10
575 113 pedestrian 0 0 -10 1145.84 133.82 1209.76 296.17 -10 -10 -10 -100    0 -1000 -1000 -10
575 112 pedestrian 0 0 -10 491.11 160.44 540.81 218.51 -10 -10 -10 -100    0 -1000 -1000 -10
575 95 pedestrian 0 0 -10 788.70 154.77 858.64 374.00 -10 -10 -10 -100    0 -1000 -1000 -10
575 104 pedestrian 0 0 -10 473.85 162.08 541.66 279.56 -10 -10 -10 -100    0 -1000 -1000 -10
575 114 pedestrian 0 0 -10 712.35 157.86 745.76 247.91 -10 -10 -10 -100    0 -1000 -1000 -10
576 122 pedestrian 0 0 -10 466.76 174.22 485.05 241.77 -10 -10 -10 -100    0 -1000 -1000 -10
576 108 pedestrian 0 0 -10 695.92 166.00 760.61 222.55 -10 -10 -10 -100    0 -1000 -1000 -10
576 107 pedestrian 0 0 -10 494.64 147.86 643.07 192.23 -10 -10 -10 -100    0 -1000 -1000 -10
576 106 pedestrian 0 0 -10 993.65 144.12 1033.24 269.70 -10 -10 -10 -100    0 -1000 -1000 -10
576 118 pedestrian 0 0 -10 555.45 164.61 582.21 195.99 -10 -10 -10 -100    0 -1000 -1000 -10
576 102 pedestrian 0 0 -10 452.38 154.82 528.76 230.14 -10 -10 -10 -100    0 -1000 -1000 -10
576 115 pedestrian 0 0 -10 945.68 148.41 1007.31 288.75 -10 -10 -10 -100    0 -1000 -1000 -10
576 79 pedestrian 0 0 -10 170.62 157.71 238.30 374.00 -10 -10 -10 -100    0 -1000 -1000 -10
576 93 pedestrian 0 0 -10 884.29 144.34 967.84 374.00 -10 -10 -10 -100    0 -1000 -1000 -10
576 110 pedestrian 0 0 -10 425.34 150.98 465.56 236.65 -10 -10 -10 -100    0 -1000 -1000 -10
576 103 pedestrian 0 0 -10 76.60 154.73 168.61 368.36 -10 -10 -10 -100    0 -1000 -1000 -10
576 113 pedestrian 0 0 -10 1142.17 133.94 1205.09 293.29 -10 -10 -10 -100    0 -1000 -1000 -10
576 112 pedestrian 0 0 -10 489.72 160.73 540.24 219.24 -10 -10 -10 -100    0 -1000 -1000 -10
576 95 pedestrian 0 0 -10 788.75 153.60 856.41 374.00 -10 -10 -10 -100    0 -1000 -1000 -10
576 104 pedestrian 0 0 -10 482.37 162.24 532.42 281.61 -10 -10 -10 -100    0 -1000 -1000 -10
576 114 pedestrian 0 0 -10 709.81 159.17 744.10 248.09 -10 -10 -10 -100    0 -1000 -1000 -10
577 108 pedestrian 0 0 -10 681.15 173.60 744.35 223.16 -10 -10 -10 -100    0 -1000 -1000 -10
577 107 pedestrian 0 0 -10 492.41 147.08 642.27 190.63 -10 -10 -10 -100    0 -1000 -1000 -10
577 106 pedestrian 0 0 -10 995.40 142.98 1035.76 270.09 -10 -10 -10 -100    0 -1000 -1000 -10
577 118 pedestrian 0 0 -10 554.53 164.55 581.32 196.12 -10 -10 -10 -100    0 -1000 -1000 -10
577 102 pedestrian 0 0 -10 451.16 154.27 527.04 228.85 -10 -10 -10 -100    0 -1000 -1000 -10
577 115 pedestrian 0 0 -10 941.61 150.64 997.63 290.16 -10 -10 -10 -100    0 -1000 -1000 -10
577 79 pedestrian 0 0 -10 164.24 158.46 229.74 372.24 -10 -10 -10 -100    0 -1000 -1000 -10
577 93 pedestrian 0 0 -10 881.07 145.54 964.42 374.00 -10 -10 -10 -100    0 -1000 -1000 -10
577 110 pedestrian 0 0 -10 423.71 148.98 463.58 235.17 -10 -10 -10 -100    0 -1000 -1000 -10
577 103 pedestrian 0 0 -10 66.08 153.43 162.98 368.06 -10 -10 -10 -100    0 -1000 -1000 -10
577 113 pedestrian 0 0 -10 1138.52 133.61 1199.35 292.94 -10 -10 -10 -100    0 -1000 -1000 -10
577 112 pedestrian 0 0 -10 488.33 161.47 538.54 219.23 -10 -10 -10 -100    0 -1000 -1000 -10
577 95 pedestrian 0 0 -10 788.13 153.41 853.06 374.00 -10 -10 -10 -100    0 -1000 -1000 -10
577 104 pedestrian 0 0 -10 478.33 162.72 527.44 283.06 -10 -10 -10 -100    0 -1000 -1000 -10
577 114 pedestrian 0 0 -10 705.94 160.36 738.00 248.34 -10 -10 -10 -100    0 -1000 -1000 -10
578 108 pedestrian 0 0 -10 671.66 173.06 734.37 222.88 -10 -10 -10 -100    0 -1000 -1000 -10
578 107 pedestrian 0 0 -10 490.08 145.56 641.60 189.09 -10 -10 -10 -100    0 -1000 -1000 -10
578 106 pedestrian 0 0 -10 997.02 141.89 1039.75 271.44 -10 -10 -10 -100    0 -1000 -1000 -10
578 118 pedestrian 0 0 -10 552.64 164.05 579.86 196.58 -10 -10 -10 -100    0 -1000 -1000 -10
578 102 pedestrian 0 0 -10 449.03 154.97 522.43 227.82 -10 -10 -10 -100    0 -1000 -1000 -10
578 115 pedestrian 0 0 -10 934.96 147.56 981.77 286.09 -10 -10 -10 -100    0 -1000 -1000 -10
578 79 pedestrian 0 0 -10 151.30 158.17 220.79 374.00 -10 -10 -10 -100    0 -1000 -1000 -10
578 93 pedestrian 0 0 -10 879.55 147.03 970.20 373.54 -10 -10 -10 -100    0 -1000 -1000 -10
578 110 pedestrian 0 0 -10 421.38 146.11 461.67 234.27 -10 -10 -10 -100    0 -1000 -1000 -10
578 103 pedestrian 0 0 -10 56.01 155.40 153.39 371.63 -10 -10 -10 -100    0 -1000 -1000 -10
578 113 pedestrian 0 0 -10 1136.92 130.86 1200.93 294.33 -10 -10 -10 -100    0 -1000 -1000 -10
578 112 pedestrian 0 0 -10 486.82 160.94 537.19 219.47 -10 -10 -10 -100    0 -1000 -1000 -10
578 95 pedestrian 0 0 -10 786.96 153.53 852.37 374.00 -10 -10 -10 -100    0 -1000 -1000 -10
578 104 pedestrian 0 0 -10 472.46 163.79 515.52 284.41 -10 -10 -10 -100    0 -1000 -1000 -10
578 114 pedestrian 0 0 -10 703.56 160.45 734.42 247.59 -10 -10 -10 -100    0 -1000 -1000 -10
579 108 pedestrian 0 0 -10 667.38 172.38 731.12 223.18 -10 -10 -10 -100    0 -1000 -1000 -10
579 107 pedestrian 0 0 -10 488.05 143.75 639.85 187.76 -10 -10 -10 -100    0 -1000 -1000 -10
579 106 pedestrian 0 0 -10 998.85 142.81 1042.06 271.20 -10 -10 -10 -100    0 -1000 -1000 -10
579 118 pedestrian 0 0 -10 550.18 163.71 578.15 197.05 -10 -10 -10 -100    0 -1000 -1000 -10
579 102 pedestrian 0 0 -10 445.13 154.18 519.10 228.45 -10 -10 -10 -100    0 -1000 -1000 -10
579 115 pedestrian 0 0 -10 916.82 148.95 972.57 287.13 -10 -10 -10 -100    0 -1000 -1000 -10
579 79 pedestrian 0 0 -10 138.01 160.25 210.78 374.00 -10 -10 -10 -100    0 -1000 -1000 -10
579 93 pedestrian 0 0 -10 874.60 150.37 965.28 374.00 -10 -10 -10 -100    0 -1000 -1000 -10
579 110 pedestrian 0 0 -10 416.35 145.94 459.50 231.01 -10 -10 -10 -100    0 -1000 -1000 -10
579 103 pedestrian 0 0 -10 39.44 153.70 147.99 371.56 -10 -10 -10 -100    0 -1000 -1000 -10
579 113 pedestrian 0 0 -10 1135.36 131.39 1198.85 295.27 -10 -10 -10 -100    0 -1000 -1000 -10
579 112 pedestrian 0 0 -10 484.77 161.02 534.51 218.71 -10 -10 -10 -100    0 -1000 -1000 -10
579 95 pedestrian 0 0 -10 786.37 155.51 855.02 374.00 -10 -10 -10 -100    0 -1000 -1000 -10
579 104 pedestrian 0 0 -10 461.81 162.23 500.15 281.90 -10 -10 -10 -100    0 -1000 -1000 -10
579 114 pedestrian 0 0 -10 699.26 160.81 730.40 248.46 -10 -10 -10 -100    0 -1000 -1000 -10
580 108 pedestrian 0 0 -10 666.79 173.47 729.46 222.75 -10 -10 -10 -100    0 -1000 -1000 -10
580 107 pedestrian 0 0 -10 484.10 141.99 638.35 187.07 -10 -10 -10 -100    0 -1000 -1000 -10
580 106 pedestrian 0 0 -10 1000.59 143.64 1044.67 271.83 -10 -10 -10 -100    0 -1000 -1000 -10
580 118 pedestrian 0 0 -10 548.32 163.76 576.87 197.97 -10 -10 -10 -100    0 -1000 -1000 -10
580 102 pedestrian 0 0 -10 440.51 153.41 517.01 231.06 -10 -10 -10 -100    0 -1000 -1000 -10
580 115 pedestrian 0 0 -10 885.20 151.57 970.36 287.21 -10 -10 -10 -100    0 -1000 -1000 -10
580 79 pedestrian 0 0 -10 124.87 159.57 197.79 374.00 -10 -10 -10 -100    0 -1000 -1000 -10
580 93 pedestrian 0 0 -10 866.90 150.74 959.00 374.00 -10 -10 -10 -100    0 -1000 -1000 -10
580 110 pedestrian 0 0 -10 413.19 144.62 454.50 233.94 -10 -10 -10 -100    0 -1000 -1000 -10
580 103 pedestrian 0 0 -10 29.77 149.84 144.24 369.68 -10 -10 -10 -100    0 -1000 -1000 -10
580 113 pedestrian 0 0 -10 1132.89 132.37 1198.21 294.74 -10 -10 -10 -100    0 -1000 -1000 -10
580 112 pedestrian 0 0 -10 482.97 161.19 532.55 218.53 -10 -10 -10 -100    0 -1000 -1000 -10
580 95 pedestrian 0 0 -10 784.91 157.47 859.30 374.00 -10 -10 -10 -100    0 -1000 -1000 -10
580 104 pedestrian 0 0 -10 453.64 164.36 488.78 283.64 -10 -10 -10 -100    0 -1000 -1000 -10
580 114 pedestrian 0 0 -10 695.72 161.72 726.72 249.26 -10 -10 -10 -100    0 -1000 -1000 -10
581 108 pedestrian 0 0 -10 666.81 172.08 728.27 220.76 -10 -10 -10 -100    0 -1000 -1000 -10
581 107 pedestrian 0 0 -10 481.86 141.50 635.06 186.33 -10 -10 -10 -100    0 -1000 -1000 -10
581 106 pedestrian 0 0 -10 1003.70 144.94 1047.16 273.15 -10 -10 -10 -100    0 -1000 -1000 -10
581 118 pedestrian 0 0 -10 545.75 163.45 575.19 198.40 -10 -10 -10 -100    0 -1000 -1000 -10
581 102 pedestrian 0 0 -10 439.46 154.86 515.69 230.36 -10 -10 -10 -100    0 -1000 -1000 -10
581 115 pedestrian 0 0 -10 871.43 151.90 967.97 289.57 -10 -10 -10 -100    0 -1000 -1000 -10
581 79 pedestrian 0 0 -10 109.52 157.87 183.61 374.00 -10 -10 -10 -100    0 -1000 -1000 -10
581 93 pedestrian 0 0 -10 863.29 153.40 948.94 371.50 -10 -10 -10 -100    0 -1000 -1000 -10
581 110 pedestrian 0 0 -10 412.74 146.58 451.27 229.59 -10 -10 -10 -100    0 -1000 -1000 -10
581 103 pedestrian 0 0 -10 14.99 145.19 134.81 371.88 -10 -10 -10 -100    0 -1000 -1000 -10
581 113 pedestrian 0 0 -10 1127.78 133.49 1194.73 297.72 -10 -10 -10 -100    0 -1000 -1000 -10
581 112 pedestrian 0 0 -10 480.20 160.89 529.51 218.93 -10 -10 -10 -100    0 -1000 -1000 -10
581 95 pedestrian 0 0 -10 783.21 158.85 857.72 374.00 -10 -10 -10 -100    0 -1000 -1000 -10
581 104 pedestrian 0 0 -10 437.28 163.45 485.13 284.77 -10 -10 -10 -100    0 -1000 -1000 -10
581 114 pedestrian 0 0 -10 689.35 162.52 720.83 250.07 -10 -10 -10 -100    0 -1000 -1000 -10
582 108 pedestrian 0 0 -10 667.80 171.66 727.07 219.55 -10 -10 -10 -100    0 -1000 -1000 -10
582 107 pedestrian 0 0 -10 479.82 141.52 633.26 186.64 -10 -10 -10 -100    0 -1000 -1000 -10
582 106 pedestrian 0 0 -10 1005.17 146.25 1051.10 276.19 -10 -10 -10 -100    0 -1000 -1000 -10
582 118 pedestrian 0 0 -10 543.22 163.21 573.49 199.12 -10 -10 -10 -100    0 -1000 -1000 -10
582 102 pedestrian 0 0 -10 437.36 153.12 514.01 231.42 -10 -10 -10 -100    0 -1000 -1000 -10
582 115 pedestrian 0 0 -10 864.76 152.65 960.68 290.15 -10 -10 -10 -100    0 -1000 -1000 -10
582 79 pedestrian 0 0 -10 92.45 159.13 168.10 374.00 -10 -10 -10 -100    0 -1000 -1000 -10
582 93 pedestrian 0 0 -10 866.03 153.51 943.25 369.70 -10 -10 -10 -100    0 -1000 -1000 -10
582 110 pedestrian 0 0 -10 410.18 147.78 446.65 229.71 -10 -10 -10 -100    0 -1000 -1000 -10
582 103 pedestrian 0 0 -10 0.08 143.49 130.07 373.99 -10 -10 -10 -100    0 -1000 -1000 -10
582 113 pedestrian 0 0 -10 1122.25 133.89 1193.30 299.56 -10 -10 -10 -100    0 -1000 -1000 -10
582 112 pedestrian 0 0 -10 477.88 160.27 527.88 219.56 -10 -10 -10 -100    0 -1000 -1000 -10
582 95 pedestrian 0 0 -10 780.97 158.14 850.42 374.00 -10 -10 -10 -100    0 -1000 -1000 -10
582 104 pedestrian 0 0 -10 426.81 163.09 478.65 285.33 -10 -10 -10 -100    0 -1000 -1000 -10
582 114 pedestrian 0 0 -10 685.38 164.04 716.37 249.57 -10 -10 -10 -100    0 -1000 -1000 -10
583 123 pedestrian 0 0 -10 458.02 171.62 485.34 255.14 -10 -10 -10 -100    0 -1000 -1000 -10
583 108 pedestrian 0 0 -10 663.39 171.79 726.05 219.07 -10 -10 -10 -100    0 -1000 -1000 -10
583 107 pedestrian 0 0 -10 478.99 142.23 630.98 186.63 -10 -10 -10 -100    0 -1000 -1000 -10
583 106 pedestrian 0 0 -10 1006.74 145.48 1052.95 278.85 -10 -10 -10 -100    0 -1000 -1000 -10
583 118 pedestrian 0 0 -10 541.55 164.00 571.91 200.05 -10 -10 -10 -100    0 -1000 -1000 -10
583 102 pedestrian 0 0 -10 433.98 154.43 512.06 234.22 -10 -10 -10 -100    0 -1000 -1000 -10
583 115 pedestrian 0 0 -10 859.64 152.23 949.61 288.11 -10 -10 -10 -100    0 -1000 -1000 -10
583 79 pedestrian 0 0 -10 72.62 162.56 162.32 374.00 -10 -10 -10 -100    0 -1000 -1000 -10
583 93 pedestrian 0 0 -10 864.65 155.30 938.07 370.73 -10 -10 -10 -100    0 -1000 -1000 -10
583 110 pedestrian 0 0 -10 407.44 153.33 444.10 226.40 -10 -10 -10 -100    0 -1000 -1000 -10
583 103 pedestrian 0 0 -10 0.32 164.07 86.20 374.00 -10 -10 -10 -100    0 -1000 -1000 -10
583 113 pedestrian 0 0 -10 1117.69 133.65 1192.49 302.01 -10 -10 -10 -100    0 -1000 -1000 -10
583 112 pedestrian 0 0 -10 475.26 160.37 525.31 220.88 -10 -10 -10 -100    0 -1000 -1000 -10
583 95 pedestrian 0 0 -10 778.38 158.26 845.12 374.00 -10 -10 -10 -100    0 -1000 -1000 -10
583 104 pedestrian 0 0 -10 419.47 164.83 468.90 286.20 -10 -10 -10 -100    0 -1000 -1000 -10
583 114 pedestrian 0 0 -10 682.32 163.53 712.31 250.50 -10 -10 -10 -100    0 -1000 -1000 -10
584 123 pedestrian 0 0 -10 455.10 171.13 482.20 255.64 -10 -10 -10 -100    0 -1000 -1000 -10
584 108 pedestrian 0 0 -10 658.85 171.21 724.34 219.35 -10 -10 -10 -100    0 -1000 -1000 -10
584 107 pedestrian 0 0 -10 475.24 142.90 628.04 187.21 -10 -10 -10 -100    0 -1000 -1000 -10
584 106 pedestrian 0 0 -10 1008.35 145.62 1054.64 280.23 -10 -10 -10 -100    0 -1000 -1000 -10
584 118 pedestrian 0 0 -10 539.70 164.81 570.18 200.54 -10 -10 -10 -100    0 -1000 -1000 -10
584 102 pedestrian 0 0 -10 430.90 154.38 509.19 231.10 -10 -10 -10 -100    0 -1000 -1000 -10
584 115 pedestrian 0 0 -10 856.07 153.98 942.36 289.17 -10 -10 -10 -100    0 -1000 -1000 -10
584 79 pedestrian 0 0 -10 56.82 165.82 146.52 374.00 -10 -10 -10 -100    0 -1000 -1000 -10
584 93 pedestrian 0 0 -10 858.19 155.63 933.06 369.28 -10 -10 -10 -100    0 -1000 -1000 -10
584 110 pedestrian 0 0 -10 405.09 156.46 441.22 229.33 -10 -10 -10 -100    0 -1000 -1000 -10
584 103 pedestrian 0 0 -10 0.23 165.73 72.43 374.00 -10 -10 -10 -100    0 -1000 -1000 -10
584 113 pedestrian 0 0 -10 1113.67 133.58 1189.59 303.20 -10 -10 -10 -100    0 -1000 -1000 -10
584 112 pedestrian 0 0 -10 472.27 161.15 523.74 220.83 -10 -10 -10 -100    0 -1000 -1000 -10
584 95 pedestrian 0 0 -10 776.45 160.22 842.00 374.00 -10 -10 -10 -100    0 -1000 -1000 -10
584 104 pedestrian 0 0 -10 412.65 162.58 453.41 288.46 -10 -10 -10 -100    0 -1000 -1000 -10
584 114 pedestrian 0 0 -10 677.12 164.12 708.06 250.97 -10 -10 -10 -100    0 -1000 -1000 -10
585 123 pedestrian 0 0 -10 450.43 172.96 479.15 255.44 -10 -10 -10 -100    0 -1000 -1000 -10
585 108 pedestrian 0 0 -10 654.08 171.86 722.61 222.41 -10 -10 -10 -100    0 -1000 -1000 -10
585 107 pedestrian 0 0 -10 473.10 143.91 626.24 188.46 -10 -10 -10 -100    0 -1000 -1000 -10
585 106 pedestrian 0 0 -10 1009.59 144.76 1056.31 280.40 -10 -10 -10 -100    0 -1000 -1000 -10
585 118 pedestrian 0 0 -10 537.44 164.58 568.17 200.86 -10 -10 -10 -100    0 -1000 -1000 -10
585 102 pedestrian 0 0 -10 427.33 154.74 507.79 236.68 -10 -10 -10 -100    0 -1000 -1000 -10
585 115 pedestrian 0 0 -10 852.03 155.53 935.09 289.23 -10 -10 -10 -100    0 -1000 -1000 -10
585 79 pedestrian 0 0 -10 45.49 164.72 124.52 374.00 -10 -10 -10 -100    0 -1000 -1000 -10
585 93 pedestrian 0 0 -10 852.29 156.16 927.86 368.00 -10 -10 -10 -100    0 -1000 -1000 -10
585 110 pedestrian 0 0 -10 402.61 156.77 440.07 229.21 -10 -10 -10 -100    0 -1000 -1000 -10
585 103 pedestrian 0 0 -10 0.09 161.49 59.65 374.00 -10 -10 -10 -100    0 -1000 -1000 -10
585 113 pedestrian 0 0 -10 1109.77 135.71 1184.52 305.03 -10 -10 -10 -100    0 -1000 -1000 -10
585 112 pedestrian 0 0 -10 469.65 161.92 522.06 221.42 -10 -10 -10 -100    0 -1000 -1000 -10
585 95 pedestrian 0 0 -10 772.83 161.17 838.93 372.73 -10 -10 -10 -100    0 -1000 -1000 -10
585 104 pedestrian 0 0 -10 402.05 163.09 439.95 288.40 -10 -10 -10 -100    0 -1000 -1000 -10
585 114 pedestrian 0 0 -10 673.50 165.44 704.37 251.31 -10 -10 -10 -100    0 -1000 -1000 -10
586 123 pedestrian 0 0 -10 444.94 172.68 476.06 256.81 -10 -10 -10 -100    0 -1000 -1000 -10
586 108 pedestrian 0 0 -10 650.20 172.03 725.30 221.73 -10 -10 -10 -100    0 -1000 -1000 -10
586 107 pedestrian 0 0 -10 471.46 146.49 621.21 190.43 -10 -10 -10 -100    0 -1000 -1000 -10
586 106 pedestrian 0 0 -10 1009.30 144.48 1057.12 280.81 -10 -10 -10 -100    0 -1000 -1000 -10
586 118 pedestrian 0 0 -10 535.76 165.86 566.69 201.05 -10 -10 -10 -100    0 -1000 -1000 -10
586 102 pedestrian 0 0 -10 425.10 154.55 503.64 236.10 -10 -10 -10 -100    0 -1000 -1000 -10
586 115 pedestrian 0 0 -10 843.39 154.03 928.70 288.59 -10 -10 -10 -100    0 -1000 -1000 -10
586 79 pedestrian 0 0 -10 31.86 164.53 104.14 374.00 -10 -10 -10 -100    0 -1000 -1000 -10
586 93 pedestrian 0 0 -10 848.49 155.02 920.22 364.66 -10 -10 -10 -100    0 -1000 -1000 -10
586 110 pedestrian 0 0 -10 413.54 170.68 440.36 252.73 -10 -10 -10 -100    0 -1000 -1000 -10
586 103 pedestrian 0 0 -10 0.00 157.26 60.36 374.00 -10 -10 -10 -100    0 -1000 -1000 -10
586 113 pedestrian 0 0 -10 1108.57 132.64 1181.14 306.39 -10 -10 -10 -100    0 -1000 -1000 -10
586 112 pedestrian 0 0 -10 467.83 161.90 519.07 221.77 -10 -10 -10 -100    0 -1000 -1000 -10
586 95 pedestrian 0 0 -10 770.20 162.63 835.44 373.94 -10 -10 -10 -100    0 -1000 -1000 -10
586 122 pedestrian 0 0 -10 416.18 195.91 451.74 257.63 -10 -10 -10 -100    0 -1000 -1000 -10
586 104 pedestrian 0 0 -10 388.88 164.00 430.50 290.35 -10 -10 -10 -100    0 -1000 -1000 -10
586 114 pedestrian 0 0 -10 668.72 165.93 696.38 250.47 -10 -10 -10 -100    0 -1000 -1000 -10
587 117 pedestrian 0 0 -10 418.93 210.25 460.94 262.12 -10 -10 -10 -100    0 -1000 -1000 -10
587 123 pedestrian 0 0 -10 440.34 172.75 470.80 258.17 -10 -10 -10 -100    0 -1000 -1000 -10
587 107 pedestrian 0 0 -10 468.42 151.54 614.66 195.40 -10 -10 -10 -100    0 -1000 -1000 -10
587 106 pedestrian 0 0 -10 1009.70 144.64 1058.49 282.76 -10 -10 -10 -100    0 -1000 -1000 -10
587 118 pedestrian 0 0 -10 533.94 165.75 565.34 201.07 -10 -10 -10 -100    0 -1000 -1000 -10
587 102 pedestrian 0 0 -10 422.90 154.50 502.13 235.35 -10 -10 -10 -100    0 -1000 -1000 -10
587 115 pedestrian 0 0 -10 839.53 154.72 924.56 286.28 -10 -10 -10 -100    0 -1000 -1000 -10
587 79 pedestrian 0 0 -10 17.63 163.79 91.54 374.00 -10 -10 -10 -100    0 -1000 -1000 -10
587 93 pedestrian 0 0 -10 837.88 154.26 917.34 365.77 -10 -10 -10 -100    0 -1000 -1000 -10
587 110 pedestrian 0 0 -10 408.30 168.03 435.31 257.66 -10 -10 -10 -100    0 -1000 -1000 -10
587 113 pedestrian 0 0 -10 1101.38 133.02 1177.54 307.59 -10 -10 -10 -100    0 -1000 -1000 -10
587 112 pedestrian 0 0 -10 464.43 161.80 517.45 221.26 -10 -10 -10 -100    0 -1000 -1000 -10
587 95 pedestrian 0 0 -10 765.86 163.05 830.34 367.59 -10 -10 -10 -100    0 -1000 -1000 -10
587 104 pedestrian 0 0 -10 375.46 164.40 423.26 290.15 -10 -10 -10 -100    0 -1000 -1000 -10
587 114 pedestrian 0 0 -10 663.34 163.98 693.09 252.08 -10 -10 -10 -100    0 -1000 -1000 -10
588 117 pedestrian 0 0 -10 414.50 207.86 456.12 263.99 -10 -10 -10 -100    0 -1000 -1000 -10
588 123 pedestrian 0 0 -10 436.89 171.74 467.63 259.16 -10 -10 -10 -100    0 -1000 -1000 -10
588 109 pedestrian 0 0 -10 1155.24 135.43 1232.36 303.61 -10 -10 -10 -100    0 -1000 -1000 -10
588 107 pedestrian 0 0 -10 465.71 152.54 611.98 196.90 -10 -10 -10 -100    0 -1000 -1000 -10
588 106 pedestrian 0 0 -10 1011.95 146.16 1060.87 285.15 -10 -10 -10 -100    0 -1000 -1000 -10
588 118 pedestrian 0 0 -10 532.46 165.46 564.24 201.81 -10 -10 -10 -100    0 -1000 -1000 -10
588 102 pedestrian 0 0 -10 416.67 154.27 500.55 234.81 -10 -10 -10 -100    0 -1000 -1000 -10
588 115 pedestrian 0 0 -10 834.52 154.33 917.09 285.54 -10 -10 -10 -100    0 -1000 -1000 -10
588 79 pedestrian 0 0 -10 2.37 164.59 75.98 374.00 -10 -10 -10 -100    0 -1000 -1000 -10
588 93 pedestrian 0 0 -10 828.46 154.46 911.78 365.76 -10 -10 -10 -100    0 -1000 -1000 -10
588 110 pedestrian 0 0 -10 403.09 170.59 432.93 260.12 -10 -10 -10 -100    0 -1000 -1000 -10
588 113 pedestrian 0 0 -10 1094.59 135.05 1178.55 310.83 -10 -10 -10 -100    0 -1000 -1000 -10
588 112 pedestrian 0 0 -10 461.51 161.76 514.83 220.54 -10 -10 -10 -100    0 -1000 -1000 -10
588 95 pedestrian 0 0 -10 762.66 162.35 830.97 366.82 -10 -10 -10 -100    0 -1000 -1000 -10
588 104 pedestrian 0 0 -10 366.73 165.36 414.47 290.16 -10 -10 -10 -100    0 -1000 -1000 -10
588 114 pedestrian 0 0 -10 659.26 165.72 688.28 252.77 -10 -10 -10 -100    0 -1000 -1000 -10
589 124 pedestrian 0 0 -10 647.29 175.43 741.21 242.77 -10 -10 -10 -100    0 -1000 -1000 -10
589 117 pedestrian 0 0 -10 410.76 210.17 449.97 265.16 -10 -10 -10 -100    0 -1000 -1000 -10
589 123 pedestrian 0 0 -10 432.77 170.35 463.47 260.44 -10 -10 -10 -100    0 -1000 -1000 -10
589 109 pedestrian 0 0 -10 1145.85 133.73 1222.33 305.85 -10 -10 -10 -100    0 -1000 -1000 -10
589 107 pedestrian 0 0 -10 462.82 150.79 611.77 197.66 -10 -10 -10 -100    0 -1000 -1000 -10
589 106 pedestrian 0 0 -10 1013.88 147.09 1064.14 286.83 -10 -10 -10 -100    0 -1000 -1000 -10
589 118 pedestrian 0 0 -10 530.73 164.98 563.08 202.18 -10 -10 -10 -100    0 -1000 -1000 -10
589 102 pedestrian 0 0 -10 414.50 154.25 496.95 234.99 -10 -10 -10 -100    0 -1000 -1000 -10
589 115 pedestrian 0 0 -10 830.45 154.19 910.09 287.38 -10 -10 -10 -100    0 -1000 -1000 -10
589 79 pedestrian 0 0 -10 0.09 165.12 70.14 374.00 -10 -10 -10 -100    0 -1000 -1000 -10
589 93 pedestrian 0 0 -10 825.60 154.81 908.07 365.31 -10 -10 -10 -100    0 -1000 -1000 -10
589 110 pedestrian 0 0 -10 398.38 171.21 429.25 260.03 -10 -10 -10 -100    0 -1000 -1000 -10
589 113 pedestrian 0 0 -10 1094.44 134.71 1184.20 314.48 -10 -10 -10 -100    0 -1000 -1000 -10
589 112 pedestrian 0 0 -10 459.61 161.32 512.68 221.15 -10 -10 -10 -100    0 -1000 -1000 -10
589 95 pedestrian 0 0 -10 758.25 162.87 830.06 367.62 -10 -10 -10 -100    0 -1000 -1000 -10
589 104 pedestrian 0 0 -10 359.47 165.83 402.95 290.83 -10 -10 -10 -100    0 -1000 -1000 -10
589 114 pedestrian 0 0 -10 656.07 166.74 684.07 254.82 -10 -10 -10 -100    0 -1000 -1000 -10
590 124 pedestrian 0 0 -10 641.94 175.85 740.03 243.55 -10 -10 -10 -100    0 -1000 -1000 -10
590 117 pedestrian 0 0 -10 403.46 210.28 445.05 266.20 -10 -10 -10 -100    0 -1000 -1000 -10
590 123 pedestrian 0 0 -10 428.10 172.09 458.52 260.19 -10 -10 -10 -100    0 -1000 -1000 -10
590 109 pedestrian 0 0 -10 1134.69 135.34 1200.70 309.52 -10 -10 -10 -100    0 -1000 -1000 -10
590 107 pedestrian 0 0 -10 460.19 149.16 609.16 197.14 -10 -10 -10 -100    0 -1000 -1000 -10
590 106 pedestrian 0 0 -10 1014.99 146.96 1067.42 289.14 -10 -10 -10 -100    0 -1000 -1000 -10
590 118 pedestrian 0 0 -10 529.30 164.09 562.08 202.47 -10 -10 -10 -100    0 -1000 -1000 -10
590 102 pedestrian 0 0 -10 411.60 153.67 496.31 235.43 -10 -10 -10 -100    0 -1000 -1000 -10
590 115 pedestrian 0 0 -10 823.46 154.49 904.14 285.77 -10 -10 -10 -100    0 -1000 -1000 -10
590 79 pedestrian 0 0 -10 0.08 164.65 54.39 372.99 -10 -10 -10 -100    0 -1000 -1000 -10
590 93 pedestrian 0 0 -10 826.31 155.00 906.28 360.70 -10 -10 -10 -100    0 -1000 -1000 -10
590 110 pedestrian 0 0 -10 395.36 172.07 424.27 262.49 -10 -10 -10 -100    0 -1000 -1000 -10
590 113 pedestrian 0 0 -10 1097.38 135.10 1185.94 317.42 -10 -10 -10 -100    0 -1000 -1000 -10
590 112 pedestrian 0 0 -10 457.54 159.94 510.63 221.89 -10 -10 -10 -100    0 -1000 -1000 -10
590 95 pedestrian 0 0 -10 753.57 164.80 827.01 367.75 -10 -10 -10 -100    0 -1000 -1000 -10
590 104 pedestrian 0 0 -10 350.36 165.79 387.31 291.50 -10 -10 -10 -100    0 -1000 -1000 -10
590 114 pedestrian 0 0 -10 651.30 165.23 679.09 255.06 -10 -10 -10 -100    0 -1000 -1000 -10
591 124 pedestrian 0 0 -10 641.93 175.51 739.38 244.27 -10 -10 -10 -100    0 -1000 -1000 -10
591 117 pedestrian 0 0 -10 397.97 212.01 443.20 269.29 -10 -10 -10 -100    0 -1000 -1000 -10
591 123 pedestrian 0 0 -10 422.58 170.73 452.49 263.63 -10 -10 -10 -100    0 -1000 -1000 -10
591 109 pedestrian 0 0 -10 1132.50 135.14 1213.01 310.45 -10 -10 -10 -100    0 -1000 -1000 -10
591 107 pedestrian 0 0 -10 457.01 149.68 608.68 199.04 -10 -10 -10 -100    0 -1000 -1000 -10
591 106 pedestrian 0 0 -10 1012.60 146.51 1069.29 291.47 -10 -10 -10 -100    0 -1000 -1000 -10
591 118 pedestrian 0 0 -10 527.72 163.92 561.22 202.87 -10 -10 -10 -100    0 -1000 -1000 -10
591 102 pedestrian 0 0 -10 409.75 152.90 494.57 235.35 -10 -10 -10 -100    0 -1000 -1000 -10
591 115 pedestrian 0 0 -10 814.08 153.88 897.36 285.90 -10 -10 -10 -100    0 -1000 -1000 -10
591 79 pedestrian 0 0 -10 0.15 165.38 41.35 374.00 -10 -10 -10 -100    0 -1000 -1000 -10
591 93 pedestrian 0 0 -10 823.26 153.99 899.79 358.87 -10 -10 -10 -100    0 -1000 -1000 -10
591 110 pedestrian 0 0 -10 387.67 169.24 418.48 265.82 -10 -10 -10 -100    0 -1000 -1000 -10
591 113 pedestrian 0 0 -10 1100.07 134.65 1184.45 319.01 -10 -10 -10 -100    0 -1000 -1000 -10
591 112 pedestrian 0 0 -10 454.84 159.66 509.02 222.06 -10 -10 -10 -100    0 -1000 -1000 -10
591 95 pedestrian 0 0 -10 750.25 165.61 821.46 368.52 -10 -10 -10 -100    0 -1000 -1000 -10
591 104 pedestrian 0 0 -10 335.36 165.19 377.65 294.92 -10 -10 -10 -100    0 -1000 -1000 -10
591 114 pedestrian 0 0 -10 647.93 165.60 675.89 253.46 -10 -10 -10 -100    0 -1000 -1000 -10
592 124 pedestrian 0 0 -10 642.08 173.96 739.64 243.46 -10 -10 -10 -100    0 -1000 -1000 -10
592 117 pedestrian 0 0 -10 395.81 210.99 439.68 271.17 -10 -10 -10 -100    0 -1000 -1000 -10
592 123 pedestrian 0 0 -10 417.74 173.81 448.46 264.77 -10 -10 -10 -100    0 -1000 -1000 -10
592 109 pedestrian 0 0 -10 1131.45 134.01 1216.55 309.87 -10 -10 -10 -100    0 -1000 -1000 -10
592 107 pedestrian 0 0 -10 453.76 150.43 607.14 200.65 -10 -10 -10 -100    0 -1000 -1000 -10
592 106 pedestrian 0 0 -10 1009.81 146.52 1071.02 292.60 -10 -10 -10 -100    0 -1000 -1000 -10
592 118 pedestrian 0 0 -10 526.71 163.21 560.89 203.26 -10 -10 -10 -100    0 -1000 -1000 -10
592 102 pedestrian 0 0 -10 406.90 152.02 493.61 235.45 -10 -10 -10 -100    0 -1000 -1000 -10
592 115 pedestrian 0 0 -10 807.17 152.70 888.82 286.01 -10 -10 -10 -100    0 -1000 -1000 -10
592 93 pedestrian 0 0 -10 822.74 153.17 894.18 357.98 -10 -10 -10 -100    0 -1000 -1000 -10
592 110 pedestrian 0 0 -10 382.69 169.78 415.14 264.63 -10 -10 -10 -100    0 -1000 -1000 -10
592 113 pedestrian 0 0 -10 1097.96 135.48 1177.26 321.03 -10 -10 -10 -100    0 -1000 -1000 -10
592 112 pedestrian 0 0 -10 454.24 159.40 508.17 221.25 -10 -10 -10 -100    0 -1000 -1000 -10
592 95 pedestrian 0 0 -10 747.84 162.51 807.52 364.18 -10 -10 -10 -100    0 -1000 -1000 -10
592 104 pedestrian 0 0 -10 318.39 165.48 368.62 294.46 -10 -10 -10 -100    0 -1000 -1000 -10
592 114 pedestrian 0 0 -10 645.38 165.18 673.70 251.88 -10 -10 -10 -100    0 -1000 -1000 -10
593 124 pedestrian 0 0 -10 642.06 174.11 739.93 243.16 -10 -10 -10 -100    0 -1000 -1000 -10
593 117 pedestrian 0 0 -10 388.61 212.37 434.68 273.94 -10 -10 -10 -100    0 -1000 -1000 -10
593 123 pedestrian 0 0 -10 412.99 173.20 445.11 266.90 -10 -10 -10 -100    0 -1000 -1000 -10
593 109 pedestrian 0 0 -10 1129.84 135.70 1207.29 306.78 -10 -10 -10 -100    0 -1000 -1000 -10
593 107 pedestrian 0 0 -10 450.40 150.68 606.73 201.83 -10 -10 -10 -100    0 -1000 -1000 -10
593 106 pedestrian 0 0 -10 1011.52 144.89 1075.83 293.83 -10 -10 -10 -100    0 -1000 -1000 -10
593 118 pedestrian 0 0 -10 525.44 162.25 560.67 203.56 -10 -10 -10 -100    0 -1000 -1000 -10
593 102 pedestrian 0 0 -10 403.16 152.13 491.37 235.08 -10 -10 -10 -100    0 -1000 -1000 -10
593 115 pedestrian 0 0 -10 802.35 153.43 881.35 283.12 -10 -10 -10 -100    0 -1000 -1000 -10
593 93 pedestrian 0 0 -10 822.72 154.02 893.52 355.90 -10 -10 -10 -100    0 -1000 -1000 -10
593 110 pedestrian 0 0 -10 379.30 168.95 409.89 265.09 -10 -10 -10 -100    0 -1000 -1000 -10
593 113 pedestrian 0 0 -10 1100.08 135.23 1170.68 323.51 -10 -10 -10 -100    0 -1000 -1000 -10
593 112 pedestrian 0 0 -10 452.38 159.30 506.78 221.93 -10 -10 -10 -100    0 -1000 -1000 -10
593 95 pedestrian 0 0 -10 742.43 163.11 802.33 364.48 -10 -10 -10 -100    0 -1000 -1000 -10
593 104 pedestrian 0 0 -10 309.80 165.30 362.93 294.43 -10 -10 -10 -100    0 -1000 -1000 -10
593 114 pedestrian 0 0 -10 641.76 165.92 670.34 252.36 -10 -10 -10 -100    0 -1000 -1000 -10
594 124 pedestrian 0 0 -10 641.22 173.50 741.03 242.62 -10 -10 -10 -100    0 -1000 -1000 -10
594 117 pedestrian 0 0 -10 384.29 211.54 432.01 275.90 -10 -10 -10 -100    0 -1000 -1000 -10
594 123 pedestrian 0 0 -10 408.34 173.18 440.07 268.32 -10 -10 -10 -100    0 -1000 -1000 -10
594 109 pedestrian 0 0 -10 1130.13 136.07 1193.61 302.42 -10 -10 -10 -100    0 -1000 -1000 -10
594 107 pedestrian 0 0 -10 446.12 150.33 606.43 202.72 -10 -10 -10 -100    0 -1000 -1000 -10
594 106 pedestrian 0 0 -10 1025.37 145.50 1083.16 294.87 -10 -10 -10 -100    0 -1000 -1000 -10
594 118 pedestrian 0 0 -10 523.97 161.65 559.98 203.35 -10 -10 -10 -100    0 -1000 -1000 -10
594 102 pedestrian 0 0 -10 402.53 151.21 487.80 234.85 -10 -10 -10 -100    0 -1000 -1000 -10
594 115 pedestrian 0 0 -10 796.15 154.14 874.10 282.36 -10 -10 -10 -100    0 -1000 -1000 -10
594 93 pedestrian 0 0 -10 822.22 153.09 893.79 355.92 -10 -10 -10 -100    0 -1000 -1000 -10
594 110 pedestrian 0 0 -10 377.45 168.09 407.37 266.62 -10 -10 -10 -100    0 -1000 -1000 -10
594 113 pedestrian 0 0 -10 1095.07 136.29 1162.37 324.87 -10 -10 -10 -100    0 -1000 -1000 -10
594 112 pedestrian 0 0 -10 450.16 158.04 505.03 221.10 -10 -10 -10 -100    0 -1000 -1000 -10
594 95 pedestrian 0 0 -10 736.48 160.48 799.59 363.09 -10 -10 -10 -100    0 -1000 -1000 -10
594 104 pedestrian 0 0 -10 303.66 165.35 356.25 295.30 -10 -10 -10 -100    0 -1000 -1000 -10
594 114 pedestrian 0 0 -10 637.56 164.41 667.26 253.41 -10 -10 -10 -100    0 -1000 -1000 -10
595 124 pedestrian 0 0 -10 643.30 173.14 743.17 243.89 -10 -10 -10 -100    0 -1000 -1000 -10
595 117 pedestrian 0 0 -10 379.31 210.67 427.90 277.71 -10 -10 -10 -100    0 -1000 -1000 -10
595 123 pedestrian 0 0 -10 403.28 171.08 437.51 267.87 -10 -10 -10 -100    0 -1000 -1000 -10
595 109 pedestrian 0 0 -10 1125.21 134.93 1186.57 302.79 -10 -10 -10 -100    0 -1000 -1000 -10
595 107 pedestrian 0 0 -10 444.25 148.91 605.57 202.30 -10 -10 -10 -100    0 -1000 -1000 -10
595 106 pedestrian 0 0 -10 1033.39 143.75 1087.81 296.72 -10 -10 -10 -100    0 -1000 -1000 -10
595 118 pedestrian 0 0 -10 523.24 160.38 559.94 202.76 -10 -10 -10 -100    0 -1000 -1000 -10
595 102 pedestrian 0 0 -10 400.70 150.36 486.72 233.66 -10 -10 -10 -100    0 -1000 -1000 -10
595 115 pedestrian 0 0 -10 795.49 153.05 872.06 284.02 -10 -10 -10 -100    0 -1000 -1000 -10
595 93 pedestrian 0 0 -10 820.62 151.49 887.70 351.35 -10 -10 -10 -100    0 -1000 -1000 -10
595 110 pedestrian 0 0 -10 374.52 166.03 401.91 266.71 -10 -10 -10 -100    0 -1000 -1000 -10
595 113 pedestrian 0 0 -10 1083.99 137.10 1155.69 328.49 -10 -10 -10 -100    0 -1000 -1000 -10
595 112 pedestrian 0 0 -10 448.67 156.97 503.47 220.44 -10 -10 -10 -100    0 -1000 -1000 -10
595 95 pedestrian 0 0 -10 734.34 159.21 795.77 358.39 -10 -10 -10 -100    0 -1000 -1000 -10
595 104 pedestrian 0 0 -10 297.43 162.85 346.93 295.24 -10 -10 -10 -100    0 -1000 -1000 -10
595 114 pedestrian 0 0 -10 635.34 163.29 663.03 250.84 -10 -10 -10 -100    0 -1000 -1000 -10
596 124 pedestrian 0 0 -10 643.46 172.30 746.23 244.76 -10 -10 -10 -100    0 -1000 -1000 -10
596 117 pedestrian 0 0 -10 371.67 211.01 422.82 280.36 -10 -10 -10 -100    0 -1000 -1000 -10
596 123 pedestrian 0 0 -10 399.65 169.69 433.70 270.19 -10 -10 -10 -100    0 -1000 -1000 -10
596 109 pedestrian 0 0 -10 1114.09 133.33 1185.10 302.59 -10 -10 -10 -100    0 -1000 -1000 -10
596 107 pedestrian 0 0 -10 441.91 146.56 606.30 202.26 -10 -10 -10 -100    0 -1000 -1000 -10
596 106 pedestrian 0 0 -10 1039.54 143.58 1091.27 296.65 -10 -10 -10 -100    0 -1000 -1000 -10
596 118 pedestrian 0 0 -10 522.14 159.01 559.73 202.44 -10 -10 -10 -100    0 -1000 -1000 -10
596 102 pedestrian 0 0 -10 398.95 149.44 486.55 232.24 -10 -10 -10 -100    0 -1000 -1000 -10
596 115 pedestrian 0 0 -10 808.80 152.63 873.31 286.47 -10 -10 -10 -100    0 -1000 -1000 -10
596 93 pedestrian 0 0 -10 819.85 150.81 887.41 352.79 -10 -10 -10 -100    0 -1000 -1000 -10
596 110 pedestrian 0 0 -10 371.21 164.30 399.22 270.60 -10 -10 -10 -100    0 -1000 -1000 -10
596 113 pedestrian 0 0 -10 1073.89 135.65 1148.51 330.19 -10 -10 -10 -100    0 -1000 -1000 -10
596 112 pedestrian 0 0 -10 447.11 155.51 502.92 219.93 -10 -10 -10 -100    0 -1000 -1000 -10
596 95 pedestrian 0 0 -10 732.45 158.08 792.10 357.84 -10 -10 -10 -100    0 -1000 -1000 -10
596 104 pedestrian 0 0 -10 287.86 160.67 338.11 295.34 -10 -10 -10 -100    0 -1000 -1000 -10
596 114 pedestrian 0 0 -10 630.81 162.58 659.50 251.12 -10 -10 -10 -100    0 -1000 -1000 -10
597 124 pedestrian 0 0 -10 643.45 171.16 748.02 245.44 -10 -10 -10 -100    0 -1000 -1000 -10
597 117 pedestrian 0 0 -10 366.31 212.06 417.35 281.19 -10 -10 -10 -100    0 -1000 -1000 -10
597 123 pedestrian 0 0 -10 393.80 170.07 430.34 269.78 -10 -10 -10 -100    0 -1000 -1000 -10
597 109 pedestrian 0 0 -10 1084.41 130.62 1204.88 301.47 -10 -10 -10 -100    0 -1000 -1000 -10
597 107 pedestrian 0 0 -10 440.72 145.02 606.16 201.77 -10 -10 -10 -100    0 -1000 -1000 -10
597 106 pedestrian 0 0 -10 1044.13 140.21 1096.22 295.35 -10 -10 -10 -100    0 -1000 -1000 -10
597 118 pedestrian 0 0 -10 520.96 156.37 559.51 201.41 -10 -10 -10 -100    0 -1000 -1000 -10
597 102 pedestrian 0 0 -10 393.79 148.17 485.00 232.09 -10 -10 -10 -100    0 -1000 -1000 -10
597 115 pedestrian 0 0 -10 807.08 150.23 859.78 284.73 -10 -10 -10 -100    0 -1000 -1000 -10
597 93 pedestrian 0 0 -10 814.32 148.70 887.72 349.98 -10 -10 -10 -100    0 -1000 -1000 -10
597 110 pedestrian 0 0 -10 365.29 164.05 394.14 270.80 -10 -10 -10 -100    0 -1000 -1000 -10
597 113 pedestrian 0 0 -10 1077.22 132.53 1149.84 329.50 -10 -10 -10 -100    0 -1000 -1000 -10
597 112 pedestrian 0 0 -10 445.19 153.36 501.37 218.96 -10 -10 -10 -100    0 -1000 -1000 -10
597 95 pedestrian 0 0 -10 730.70 155.24 789.22 354.01 -10 -10 -10 -100    0 -1000 -1000 -10
597 104 pedestrian 0 0 -10 278.08 160.77 328.67 295.12 -10 -10 -10 -100    0 -1000 -1000 -10
597 114 pedestrian 0 0 -10 628.46 161.74 657.25 249.20 -10 -10 -10 -100    0 -1000 -1000 -10
598 124 pedestrian 0 0 -10 644.32 169.86 748.37 244.93 -10 -10 -10 -100    0 -1000 -1000 -10
598 117 pedestrian 0 0 -10 360.66 210.99 411.62 281.63 -10 -10 -10 -100    0 -1000 -1000 -10
598 123 pedestrian 0 0 -10 388.38 167.21 426.78 270.01 -10 -10 -10 -100    0 -1000 -1000 -10
598 109 pedestrian 0 0 -10 1079.42 128.31 1196.16 291.71 -10 -10 -10 -100    0 -1000 -1000 -10
598 107 pedestrian 0 0 -10 438.84 144.77 606.51 202.09 -10 -10 -10 -100    0 -1000 -1000 -10
598 106 pedestrian 0 0 -10 1049.01 138.05 1102.36 295.92 -10 -10 -10 -100    0 -1000 -1000 -10
598 118 pedestrian 0 0 -10 520.74 154.81 559.95 201.24 -10 -10 -10 -100    0 -1000 -1000 -10
598 102 pedestrian 0 0 -10 392.96 147.39 483.81 232.30 -10 -10 -10 -100    0 -1000 -1000 -10
598 115 pedestrian 0 0 -10 799.58 148.76 837.53 282.21 -10 -10 -10 -100    0 -1000 -1000 -10
598 93 pedestrian 0 0 -10 814.98 146.12 889.80 346.73 -10 -10 -10 -100    0 -1000 -1000 -10
598 110 pedestrian 0 0 -10 357.95 163.19 388.68 271.17 -10 -10 -10 -100    0 -1000 -1000 -10
598 113 pedestrian 0 0 -10 1084.24 130.19 1152.84 328.35 -10 -10 -10 -100    0 -1000 -1000 -10
598 112 pedestrian 0 0 -10 443.92 152.98 501.16 217.59 -10 -10 -10 -100    0 -1000 -1000 -10
598 95 pedestrian 0 0 -10 729.04 152.86 791.13 352.24 -10 -10 -10 -100    0 -1000 -1000 -10
598 104 pedestrian 0 0 -10 266.61 161.56 322.21 294.82 -10 -10 -10 -100    0 -1000 -1000 -10
598 114 pedestrian 0 0 -10 627.53 161.25 656.83 250.85 -10 -10 -10 -100    0 -1000 -1000 -10
599 124 pedestrian 0 0 -10 645.34 169.24 750.39 245.75 -10 -10 -10 -100    0 -1000 -1000 -10
599 117 pedestrian 0 0 -10 356.12 211.11 408.54 282.78 -10 -10 -10 -100    0 -1000 -1000 -10
599 123 pedestrian 0 0 -10 383.17 167.01 422.31 273.77 -10 -10 -10 -100    0 -1000 -1000 -10
599 109 pedestrian 0 0 -10 1079.11 126.56 1191.77 292.10 -10 -10 -10 -100    0 -1000 -1000 -10
599 107 pedestrian 0 0 -10 438.59 144.74 606.76 201.99 -10 -10 -10 -100    0 -1000 -1000 -10
599 106 pedestrian 0 0 -10 1054.27 134.90 1107.23 296.67 -10 -10 -10 -100    0 -1000 -1000 -10
599 118 pedestrian 0 0 -10 520.68 154.49 560.35 201.62 -10 -10 -10 -100    0 -1000 -1000 -10
599 102 pedestrian 0 0 -10 393.45 147.70 483.31 233.06 -10 -10 -10 -100    0 -1000 -1000 -10
599 115 pedestrian 0 0 -10 794.47 147.77 837.17 282.04 -10 -10 -10 -100    0 -1000 -1000 -10
599 93 pedestrian 0 0 -10 810.29 145.21 885.70 342.72 -10 -10 -10 -100    0 -1000 -1000 -10
599 110 pedestrian 0 0 -10 352.53 163.29 383.44 271.07 -10 -10 -10 -100    0 -1000 -1000 -10
599 113 pedestrian 0 0 -10 1092.79 128.87 1158.02 329.96 -10 -10 -10 -100    0 -1000 -1000 -10
599 112 pedestrian 0 0 -10 443.81 152.70 500.42 218.00 -10 -10 -10 -100    0 -1000 -1000 -10
599 95 pedestrian 0 0 -10 727.19 154.63 788.73 353.21 -10 -10 -10 -100    0 -1000 -1000 -10
599 104 pedestrian 0 0 -10 258.79 161.31 315.66 296.26 -10 -10 -10 -100    0 -1000 -1000 -10
599 114 pedestrian 0 0 -10 626.44 159.67 653.91 249.04 -10 -10 -10 -100    0 -1000 -1000 -10
600 124 pedestrian 0 0 -10 645.13 170.62 752.01 248.78 -10 -10 -10 -100    0 -1000 -1000 -10
600 117 pedestrian 0 0 -10 349.65 211.85 401.74 287.45 -10 -10 -10 -100    0 -1000 -1000 -10
600 123 pedestrian 0 0 -10 376.96 165.43 415.78 277.33 -10 -10 -10 -100    0 -1000 -1000 -10
600 109 pedestrian 0 0 -10 1082.88 127.88 1180.26 294.11 -10 -10 -10 -100    0 -1000 -1000 -10
600 107 pedestrian 0 0 -10 437.30 145.35 607.75 204.51 -10 -10 -10 -100    0 -1000 -1000 -10
600 106 pedestrian 0 0 -10 1062.54 134.82 1116.66 299.45 -10 -10 -10 -100    0 -1000 -1000 -10
600 118 pedestrian 0 0 -10 521.19 154.91 561.04 202.63 -10 -10 -10 -100    0 -1000 -1000 -10
600 102 pedestrian 0 0 -10 391.62 147.74 483.42 233.29 -10 -10 -10 -100    0 -1000 -1000 -10
600 115 pedestrian 0 0 -10 787.67 148.46 835.29 280.56 -10 -10 -10 -100    0 -1000 -1000 -10
600 93 pedestrian 0 0 -10 807.30 143.82 881.29 339.90 -10 -10 -10 -100    0 -1000 -1000 -10
600 110 pedestrian 0 0 -10 346.70 164.22 379.02 278.13 -10 -10 -10 -100    0 -1000 -1000 -10
600 113 pedestrian 0 0 -10 1092.54 129.05 1168.58 335.21 -10 -10 -10 -100    0 -1000 -1000 -10
600 112 pedestrian 0 0 -10 443.30 152.70 500.54 218.43 -10 -10 -10 -100    0 -1000 -1000 -10
600 95 pedestrian 0 0 -10 725.41 153.89 788.00 354.93 -10 -10 -10 -100    0 -1000 -1000 -10
600 104 pedestrian 0 0 -10 255.92 163.04 308.32 298.36 -10 -10 -10 -100    0 -1000 -1000 -10
600 114 pedestrian 0 0 -10 626.84 160.16 654.58 248.99 -10 -10 -10 -100    0 -1000 -1000 -10
601 124 pedestrian 0 0 -10 645.54 172.79 754.66 251.43 -10 -10 -10 -100    0 -1000 -1000 -10
601 117 pedestrian 0 0 -10 344.37 212.06 400.66 288.72 -10 -10 -10 -100    0 -1000 -1000 -10
601 123 pedestrian 0 0 -10 373.23 165.15 411.38 280.20 -10 -10 -10 -100    0 -1000 -1000 -10
601 107 pedestrian 0 0 -10 437.13 146.63 608.80 206.30 -10 -10 -10 -100    0 -1000 -1000 -10
601 106 pedestrian 0 0 -10 1072.54 134.13 1119.67 302.43 -10 -10 -10 -100    0 -1000 -1000 -10
601 118 pedestrian 0 0 -10 522.21 155.47 562.71 203.61 -10 -10 -10 -100    0 -1000 -1000 -10
601 102 pedestrian 0 0 -10 392.93 147.13 484.36 233.74 -10 -10 -10 -100    0 -1000 -1000 -10
601 115 pedestrian 0 0 -10 788.11 149.63 831.16 282.42 -10 -10 -10 -100    0 -1000 -1000 -10
601 93 pedestrian 0 0 -10 811.10 143.34 879.74 338.71 -10 -10 -10 -100    0 -1000 -1000 -10
601 110 pedestrian 0 0 -10 341.55 163.16 375.11 280.29 -10 -10 -10 -100    0 -1000 -1000 -10
601 113 pedestrian 0 0 -10 1097.81 130.57 1176.85 339.78 -10 -10 -10 -100    0 -1000 -1000 -10
601 112 pedestrian 0 0 -10 443.64 152.23 502.19 219.43 -10 -10 -10 -100    0 -1000 -1000 -10
601 95 pedestrian 0 0 -10 725.12 155.72 789.28 350.40 -10 -10 -10 -100    0 -1000 -1000 -10
601 104 pedestrian 0 0 -10 251.74 162.77 302.81 298.43 -10 -10 -10 -100    0 -1000 -1000 -10
601 114 pedestrian 0 0 -10 627.23 160.40 654.14 249.57 -10 -10 -10 -100    0 -1000 -1000 -10
602 124 pedestrian 0 0 -10 648.42 175.31 757.27 254.39 -10 -10 -10 -100    0 -1000 -1000 -10
602 117 pedestrian 0 0 -10 337.72 211.70 395.50 291.35 -10 -10 -10 -100    0 -1000 -1000 -10
602 123 pedestrian 0 0 -10 370.78 168.19 408.13 279.89 -10 -10 -10 -100    0 -1000 -1000 -10
602 107 pedestrian 0 0 -10 437.96 147.99 610.93 207.10 -10 -10 -10 -100    0 -1000 -1000 -10
602 106 pedestrian 0 0 -10 1081.05 135.45 1130.11 303.38 -10 -10 -10 -100    0 -1000 -1000 -10
602 118 pedestrian 0 0 -10 523.09 156.67 564.28 204.88 -10 -10 -10 -100    0 -1000 -1000 -10
602 102 pedestrian 0 0 -10 392.73 147.56 485.00 234.42 -10 -10 -10 -100    0 -1000 -1000 -10
602 115 pedestrian 0 0 -10 788.67 149.88 828.86 283.93 -10 -10 -10 -100    0 -1000 -1000 -10
602 93 pedestrian 0 0 -10 809.94 144.22 879.67 338.68 -10 -10 -10 -100    0 -1000 -1000 -10
602 110 pedestrian 0 0 -10 338.12 163.63 370.51 280.98 -10 -10 -10 -100    0 -1000 -1000 -10
602 113 pedestrian 0 0 -10 1099.24 131.28 1189.90 346.68 -10 -10 -10 -100    0 -1000 -1000 -10
602 112 pedestrian 0 0 -10 444.24 152.57 502.98 219.66 -10 -10 -10 -100    0 -1000 -1000 -10
602 95 pedestrian 0 0 -10 723.48 155.53 786.48 347.22 -10 -10 -10 -100    0 -1000 -1000 -10
602 104 pedestrian 0 0 -10 247.35 163.23 296.79 299.56 -10 -10 -10 -100    0 -1000 -1000 -10
602 114 pedestrian 0 0 -10 628.47 162.32 655.53 250.46 -10 -10 -10 -100    0 -1000 -1000 -10
603 124 pedestrian 0 0 -10 649.24 175.21 760.13 258.54 -10 -10 -10 -100    0 -1000 -1000 -10
603 117 pedestrian 0 0 -10 330.91 213.16 389.85 292.49 -10 -10 -10 -100    0 -1000 -1000 -10
603 123 pedestrian 0 0 -10 365.99 168.47 405.09 281.96 -10 -10 -10 -100    0 -1000 -1000 -10
603 107 pedestrian 0 0 -10 437.84 148.72 612.72 207.65 -10 -10 -10 -100    0 -1000 -1000 -10
603 106 pedestrian 0 0 -10 1091.67 137.12 1145.71 305.28 -10 -10 -10 -100    0 -1000 -1000 -10
603 118 pedestrian 0 0 -10 523.72 156.39 565.58 205.88 -10 -10 -10 -100    0 -1000 -1000 -10
603 102 pedestrian 0 0 -10 392.20 147.40 485.38 234.85 -10 -10 -10 -100    0 -1000 -1000 -10
603 115 pedestrian 0 0 -10 782.13 149.77 823.50 286.12 -10 -10 -10 -100    0 -1000 -1000 -10
603 93 pedestrian 0 0 -10 810.89 145.63 878.57 336.98 -10 -10 -10 -100    0 -1000 -1000 -10
603 110 pedestrian 0 0 -10 334.74 163.59 369.63 285.61 -10 -10 -10 -100    0 -1000 -1000 -10
603 113 pedestrian 0 0 -10 1093.14 131.29 1199.86 349.19 -10 -10 -10 -100    0 -1000 -1000 -10
603 112 pedestrian 0 0 -10 443.78 152.21 502.85 220.38 -10 -10 -10 -100    0 -1000 -1000 -10
603 95 pedestrian 0 0 -10 724.01 156.20 782.96 348.91 -10 -10 -10 -100    0 -1000 -1000 -10
603 104 pedestrian 0 0 -10 243.11 163.24 291.97 299.24 -10 -10 -10 -100    0 -1000 -1000 -10
603 114 pedestrian 0 0 -10 627.96 162.33 653.67 250.19 -10 -10 -10 -100    0 -1000 -1000 -10
604 124 pedestrian 0 0 -10 650.05 175.84 763.66 263.99 -10 -10 -10 -100    0 -1000 -1000 -10
604 117 pedestrian 0 0 -10 324.93 215.32 384.50 293.94 -10 -10 -10 -100    0 -1000 -1000 -10
604 123 pedestrian 0 0 -10 360.46 165.58 401.01 284.92 -10 -10 -10 -100    0 -1000 -1000 -10
604 109 pedestrian 0 0 -10 1061.42 132.14 1174.65 300.90 -10 -10 -10 -100    0 -1000 -1000 -10
604 107 pedestrian 0 0 -10 439.02 149.87 613.34 207.60 -10 -10 -10 -100    0 -1000 -1000 -10
604 106 pedestrian 0 0 -10 1098.62 134.44 1154.10 305.82 -10 -10 -10 -100    0 -1000 -1000 -10
604 118 pedestrian 0 0 -10 524.89 157.22 567.64 206.34 -10 -10 -10 -100    0 -1000 -1000 -10
604 102 pedestrian 0 0 -10 392.19 146.79 486.10 234.88 -10 -10 -10 -100    0 -1000 -1000 -10
604 115 pedestrian 0 0 -10 778.50 149.37 820.13 283.67 -10 -10 -10 -100    0 -1000 -1000 -10
604 93 pedestrian 0 0 -10 810.70 143.24 876.28 337.68 -10 -10 -10 -100    0 -1000 -1000 -10
604 110 pedestrian 0 0 -10 329.98 163.56 366.98 287.34 -10 -10 -10 -100    0 -1000 -1000 -10
604 113 pedestrian 0 0 -10 1090.57 129.18 1213.72 351.33 -10 -10 -10 -100    0 -1000 -1000 -10
604 112 pedestrian 0 0 -10 445.21 152.33 504.35 220.05 -10 -10 -10 -100    0 -1000 -1000 -10
604 95 pedestrian 0 0 -10 723.61 155.32 781.82 347.98 -10 -10 -10 -100    0 -1000 -1000 -10
604 104 pedestrian 0 0 -10 240.00 164.26 288.36 299.52 -10 -10 -10 -100    0 -1000 -1000 -10
604 114 pedestrian 0 0 -10 627.82 161.89 653.12 248.98 -10 -10 -10 -100    0 -1000 -1000 -10
605 124 pedestrian 0 0 -10 652.02 176.97 764.76 266.69 -10 -10 -10 -100    0 -1000 -1000 -10
605 117 pedestrian 0 0 -10 319.88 214.43 381.16 296.91 -10 -10 -10 -100    0 -1000 -1000 -10
605 123 pedestrian 0 0 -10 354.52 164.25 397.46 288.29 -10 -10 -10 -100    0 -1000 -1000 -10
605 109 pedestrian 0 0 -10 1068.57 131.60 1174.04 299.74 -10 -10 -10 -100    0 -1000 -1000 -10
605 107 pedestrian 0 0 -10 439.23 150.23 614.20 207.78 -10 -10 -10 -100    0 -1000 -1000 -10
605 118 pedestrian 0 0 -10 525.61 156.02 569.64 206.99 -10 -10 -10 -100    0 -1000 -1000 -10
605 102 pedestrian 0 0 -10 392.90 145.84 486.99 235.11 -10 -10 -10 -100    0 -1000 -1000 -10
605 115 pedestrian 0 0 -10 772.93 148.79 819.81 281.26 -10 -10 -10 -100    0 -1000 -1000 -10
605 93 pedestrian 0 0 -10 807.20 141.75 876.40 333.92 -10 -10 -10 -100    0 -1000 -1000 -10
605 110 pedestrian 0 0 -10 322.90 164.04 360.37 290.17 -10 -10 -10 -100    0 -1000 -1000 -10
605 113 pedestrian 0 0 -10 1098.24 128.39 1220.40 355.18 -10 -10 -10 -100    0 -1000 -1000 -10
605 112 pedestrian 0 0 -10 445.52 151.42 505.21 219.77 -10 -10 -10 -100    0 -1000 -1000 -10
605 95 pedestrian 0 0 -10 725.23 153.23 782.04 347.83 -10 -10 -10 -100    0 -1000 -1000 -10
605 104 pedestrian 0 0 -10 235.81 163.34 283.99 299.67 -10 -10 -10 -100    0 -1000 -1000 -10
605 114 pedestrian 0 0 -10 626.87 161.27 652.99 248.52 -10 -10 -10 -100    0 -1000 -1000 -10
606 125 pedestrian 0 0 -10 1103.08 132.63 1171.28 308.08 -10 -10 -10 -100    0 -1000 -1000 -10
606 124 pedestrian 0 0 -10 653.77 177.04 769.31 271.45 -10 -10 -10 -100    0 -1000 -1000 -10
606 117 pedestrian 0 0 -10 309.25 216.30 371.25 301.98 -10 -10 -10 -100    0 -1000 -1000 -10
606 123 pedestrian 0 0 -10 347.08 163.72 393.80 290.56 -10 -10 -10 -100    0 -1000 -1000 -10
606 109 pedestrian 0 0 -10 1073.75 131.36 1178.11 303.97 -10 -10 -10 -100    0 -1000 -1000 -10
606 107 pedestrian 0 0 -10 439.18 151.21 615.63 206.67 -10 -10 -10 -100    0 -1000 -1000 -10
606 118 pedestrian 0 0 -10 525.31 156.06 570.03 209.09 -10 -10 -10 -100    0 -1000 -1000 -10
606 102 pedestrian 0 0 -10 391.82 145.29 486.65 235.69 -10 -10 -10 -100    0 -1000 -1000 -10
606 115 pedestrian 0 0 -10 771.33 150.13 815.40 284.56 -10 -10 -10 -100    0 -1000 -1000 -10
606 93 pedestrian 0 0 -10 804.44 141.95 876.52 331.77 -10 -10 -10 -100    0 -1000 -1000 -10
606 110 pedestrian 0 0 -10 316.29 163.51 353.44 294.16 -10 -10 -10 -100    0 -1000 -1000 -10
606 113 pedestrian 0 0 -10 1095.10 126.58 1220.39 358.19 -10 -10 -10 -100    0 -1000 -1000 -10
606 112 pedestrian 0 0 -10 445.29 151.56 504.96 220.25 -10 -10 -10 -100    0 -1000 -1000 -10
606 95 pedestrian 0 0 -10 724.12 154.49 779.82 345.24 -10 -10 -10 -100    0 -1000 -1000 -10
606 104 pedestrian 0 0 -10 230.67 162.96 278.15 298.47 -10 -10 -10 -100    0 -1000 -1000 -10
606 114 pedestrian 0 0 -10 624.75 160.25 653.05 248.15 -10 -10 -10 -100    0 -1000 -1000 -10
607 125 pedestrian 0 0 -10 1102.02 130.59 1156.44 304.20 -10 -10 -10 -100    0 -1000 -1000 -10
607 124 pedestrian 0 0 -10 655.34 178.62 773.98 274.71 -10 -10 -10 -100    0 -1000 -1000 -10
607 117 pedestrian 0 0 -10 300.40 219.68 368.33 305.13 -10 -10 -10 -100    0 -1000 -1000 -10
607 123 pedestrian 0 0 -10 341.05 165.41 391.44 291.86 -10 -10 -10 -100    0 -1000 -1000 -10
607 107 pedestrian 0 0 -10 438.37 152.96 615.71 206.71 -10 -10 -10 -100    0 -1000 -1000 -10
607 118 pedestrian 0 0 -10 524.96 157.43 571.00 210.99 -10 -10 -10 -100    0 -1000 -1000 -10
607 102 pedestrian 0 0 -10 389.96 145.84 486.31 236.36 -10 -10 -10 -100    0 -1000 -1000 -10
607 115 pedestrian 0 0 -10 766.04 149.45 810.85 282.97 -10 -10 -10 -100    0 -1000 -1000 -10
607 93 pedestrian 0 0 -10 798.58 141.35 875.89 331.81 -10 -10 -10 -100    0 -1000 -1000 -10
607 110 pedestrian 0 0 -10 309.37 165.83 347.66 296.42 -10 -10 -10 -100    0 -1000 -1000 -10
607 113 pedestrian 0 0 -10 1108.05 125.43 1225.26 361.17 -10 -10 -10 -100    0 -1000 -1000 -10
607 112 pedestrian 0 0 -10 445.03 152.27 505.63 220.58 -10 -10 -10 -100    0 -1000 -1000 -10
607 95 pedestrian 0 0 -10 723.55 153.27 784.17 343.43 -10 -10 -10 -100    0 -1000 -1000 -10
607 104 pedestrian 0 0 -10 227.38 162.58 273.98 299.32 -10 -10 -10 -100    0 -1000 -1000 -10
607 114 pedestrian 0 0 -10 623.41 161.18 653.46 249.89 -10 -10 -10 -100    0 -1000 -1000 -10
608 125 pedestrian 0 0 -10 1101.28 131.18 1150.31 303.95 -10 -10 -10 -100    0 -1000 -1000 -10
608 124 pedestrian 0 0 -10 654.05 179.34 773.88 275.76 -10 -10 -10 -100    0 -1000 -1000 -10
608 117 pedestrian 0 0 -10 290.40 219.28 359.38 309.76 -10 -10 -10 -100    0 -1000 -1000 -10
608 123 pedestrian 0 0 -10 328.95 165.95 388.08 296.10 -10 -10 -10 -100    0 -1000 -1000 -10
608 107 pedestrian 0 0 -10 436.22 153.32 614.48 206.57 -10 -10 -10 -100    0 -1000 -1000 -10
608 118 pedestrian 0 0 -10 522.69 156.98 569.89 212.05 -10 -10 -10 -100    0 -1000 -1000 -10
608 102 pedestrian 0 0 -10 386.54 144.83 485.07 236.70 -10 -10 -10 -100    0 -1000 -1000 -10
608 115 pedestrian 0 0 -10 765.03 149.06 808.82 282.43 -10 -10 -10 -100    0 -1000 -1000 -10
608 93 pedestrian 0 0 -10 791.33 141.45 872.08 330.98 -10 -10 -10 -100    0 -1000 -1000 -10
608 110 pedestrian 0 0 -10 298.04 165.74 337.92 299.89 -10 -10 -10 -100    0 -1000 -1000 -10
608 113 pedestrian 0 0 -10 1110.94 124.69 1215.92 363.89 -10 -10 -10 -100    0 -1000 -1000 -10
608 112 pedestrian 0 0 -10 443.66 151.47 503.79 220.79 -10 -10 -10 -100    0 -1000 -1000 -10
608 95 pedestrian 0 0 -10 721.03 152.85 784.82 345.68 -10 -10 -10 -100    0 -1000 -1000 -10
608 104 pedestrian 0 0 -10 220.30 163.40 268.38 300.35 -10 -10 -10 -100    0 -1000 -1000 -10
608 114 pedestrian 0 0 -10 621.32 160.61 650.99 247.67 -10 -10 -10 -100    0 -1000 -1000 -10
609 125 pedestrian 0 0 -10 1082.49 127.55 1141.17 304.44 -10 -10 -10 -100    0 -1000 -1000 -10
609 124 pedestrian 0 0 -10 654.45 179.27 775.91 279.47 -10 -10 -10 -100    0 -1000 -1000 -10
609 117 pedestrian 0 0 -10 279.56 219.71 353.22 311.49 -10 -10 -10 -100    0 -1000 -1000 -10
609 123 pedestrian 0 0 -10 321.62 163.77 379.94 298.64 -10 -10 -10 -100    0 -1000 -1000 -10
609 107 pedestrian 0 0 -10 432.88 152.52 613.31 205.50 -10 -10 -10 -100    0 -1000 -1000 -10
609 106 pedestrian 0 0 -10 1136.20 129.00 1208.31 315.43 -10 -10 -10 -100    0 -1000 -1000 -10
609 118 pedestrian 0 0 -10 520.64 155.47 569.78 212.17 -10 -10 -10 -100    0 -1000 -1000 -10
609 102 pedestrian 0 0 -10 384.10 142.05 483.57 235.06 -10 -10 -10 -100    0 -1000 -1000 -10
609 115 pedestrian 0 0 -10 740.98 147.77 799.28 281.31 -10 -10 -10 -100    0 -1000 -1000 -10
609 93 pedestrian 0 0 -10 788.35 140.42 862.03 328.59 -10 -10 -10 -100    0 -1000 -1000 -10
609 110 pedestrian 0 0 -10 286.44 162.44 329.61 303.75 -10 -10 -10 -100    0 -1000 -1000 -10
609 113 pedestrian 0 0 -10 1111.61 124.53 1207.93 364.43 -10 -10 -10 -100    0 -1000 -1000 -10
609 112 pedestrian 0 0 -10 441.67 150.31 502.37 219.79 -10 -10 -10 -100    0 -1000 -1000 -10
609 95 pedestrian 0 0 -10 718.99 152.11 776.98 344.88 -10 -10 -10 -100    0 -1000 -1000 -10
609 104 pedestrian 0 0 -10 216.50 163.68 264.56 299.47 -10 -10 -10 -100    0 -1000 -1000 -10
609 114 pedestrian 0 0 -10 619.33 159.23 648.70 246.30 -10 -10 -10 -100    0 -1000 -1000 -10
610 124 pedestrian 0 0 -10 654.10 178.43 777.36 280.47 -10 -10 -10 -100    0 -1000 -1000 -10
610 117 pedestrian 0 0 -10 270.82 220.42 343.54 315.79 -10 -10 -10 -100    0 -1000 -1000 -10
610 123 pedestrian 0 0 -10 314.41 164.33 368.12 301.38 -10 -10 -10 -100    0 -1000 -1000 -10
610 107 pedestrian 0 0 -10 432.65 152.33 612.62 206.00 -10 -10 -10 -100    0 -1000 -1000 -10
610 106 pedestrian 0 0 -10 1134.08 127.43 1213.75 316.69 -10 -10 -10 -100    0 -1000 -1000 -10
610 118 pedestrian 0 0 -10 520.01 154.95 570.24 212.82 -10 -10 -10 -100    0 -1000 -1000 -10
610 102 pedestrian 0 0 -10 383.45 142.27 482.08 234.96 -10 -10 -10 -100    0 -1000 -1000 -10
610 115 pedestrian 0 0 -10 734.07 147.58 784.49 281.08 -10 -10 -10 -100    0 -1000 -1000 -10
610 93 pedestrian 0 0 -10 785.42 137.49 852.51 327.71 -10 -10 -10 -100    0 -1000 -1000 -10
610 110 pedestrian 0 0 -10 277.19 161.81 321.31 308.21 -10 -10 -10 -100    0 -1000 -1000 -10
610 113 pedestrian 0 0 -10 1115.69 123.27 1197.73 367.02 -10 -10 -10 -100    0 -1000 -1000 -10
610 112 pedestrian 0 0 -10 440.89 149.75 502.35 219.68 -10 -10 -10 -100    0 -1000 -1000 -10
610 95 pedestrian 0 0 -10 718.54 152.19 775.30 342.53 -10 -10 -10 -100    0 -1000 -1000 -10
610 104 pedestrian 0 0 -10 213.60 165.84 260.85 299.16 -10 -10 -10 -100    0 -1000 -1000 -10
610 114 pedestrian 0 0 -10 618.03 158.80 647.00 246.54 -10 -10 -10 -100    0 -1000 -1000 -10
611 124 pedestrian 0 0 -10 650.31 178.24 778.58 281.80 -10 -10 -10 -100    0 -1000 -1000 -10
611 117 pedestrian 0 0 -10 260.06 221.46 338.20 320.13 -10 -10 -10 -100    0 -1000 -1000 -10
611 123 pedestrian 0 0 -10 304.64 162.09 356.99 304.45 -10 -10 -10 -100    0 -1000 -1000 -10
611 107 pedestrian 0 0 -10 430.96 152.36 611.98 207.30 -10 -10 -10 -100    0 -1000 -1000 -10
611 106 pedestrian 0 0 -10 1141.28 126.27 1217.60 318.61 -10 -10 -10 -100    0 -1000 -1000 -10
611 118 pedestrian 0 0 -10 518.21 154.12 569.02 213.77 -10 -10 -10 -100    0 -1000 -1000 -10
611 102 pedestrian 0 0 -10 381.73 142.35 480.68 235.77 -10 -10 -10 -100    0 -1000 -1000 -10
611 115 pedestrian 0 0 -10 724.71 150.84 767.68 285.50 -10 -10 -10 -100    0 -1000 -1000 -10
611 93 pedestrian 0 0 -10 776.92 138.59 842.49 325.82 -10 -10 -10 -100    0 -1000 -1000 -10
611 110 pedestrian 0 0 -10 269.16 162.28 318.55 309.55 -10 -10 -10 -100    0 -1000 -1000 -10
611 113 pedestrian 0 0 -10 1113.09 122.47 1200.22 369.14 -10 -10 -10 -100    0 -1000 -1000 -10
611 112 pedestrian 0 0 -10 439.97 150.24 500.85 219.84 -10 -10 -10 -100    0 -1000 -1000 -10
611 95 pedestrian 0 0 -10 715.73 151.83 770.42 335.27 -10 -10 -10 -100    0 -1000 -1000 -10
611 104 pedestrian 0 0 -10 209.92 162.99 257.83 298.65 -10 -10 -10 -100    0 -1000 -1000 -10
611 114 pedestrian 0 0 -10 615.07 158.96 643.58 246.52 -10 -10 -10 -100    0 -1000 -1000 -10
612 124 pedestrian 0 0 -10 650.10 177.13 780.60 281.38 -10 -10 -10 -100    0 -1000 -1000 -10
612 117 pedestrian 0 0 -10 248.61 224.54 331.49 325.70 -10 -10 -10 -100    0 -1000 -1000 -10
612 123 pedestrian 0 0 -10 295.56 164.69 349.76 308.81 -10 -10 -10 -100    0 -1000 -1000 -10
612 109 pedestrian 0 0 -10 1037.08 127.52 1115.63 301.16 -10 -10 -10 -100    0 -1000 -1000 -10
612 107 pedestrian 0 0 -10 428.14 153.02 611.97 208.69 -10 -10 -10 -100    0 -1000 -1000 -10
612 106 pedestrian 0 0 -10 1152.21 126.20 1219.12 321.36 -10 -10 -10 -100    0 -1000 -1000 -10
612 118 pedestrian 0 0 -10 515.27 154.24 567.76 214.61 -10 -10 -10 -100    0 -1000 -1000 -10
612 102 pedestrian 0 0 -10 379.26 143.18 478.84 236.45 -10 -10 -10 -100    0 -1000 -1000 -10
612 115 pedestrian 0 0 -10 723.55 148.65 767.73 281.15 -10 -10 -10 -100    0 -1000 -1000 -10
612 93 pedestrian 0 0 -10 772.33 136.92 834.71 324.95 -10 -10 -10 -100    0 -1000 -1000 -10
612 110 pedestrian 0 0 -10 260.28 162.71 311.76 316.55 -10 -10 -10 -100    0 -1000 -1000 -10
612 113 pedestrian 0 0 -10 1098.64 120.77 1202.64 369.31 -10 -10 -10 -100    0 -1000 -1000 -10
612 112 pedestrian 0 0 -10 438.39 150.63 498.86 220.05 -10 -10 -10 -100    0 -1000 -1000 -10
612 95 pedestrian 0 0 -10 707.13 149.13 764.30 333.26 -10 -10 -10 -100    0 -1000 -1000 -10
612 104 pedestrian 0 0 -10 207.47 162.27 254.96 298.64 -10 -10 -10 -100    0 -1000 -1000 -10
612 114 pedestrian 0 0 -10 612.41 158.29 640.24 245.68 -10 -10 -10 -100    0 -1000 -1000 -10
613 124 pedestrian 0 0 -10 650.82 176.58 781.55 280.43 -10 -10 -10 -100    0 -1000 -1000 -10
613 117 pedestrian 0 0 -10 237.94 225.75 322.51 329.85 -10 -10 -10 -100    0 -1000 -1000 -10
613 123 pedestrian 0 0 -10 283.91 164.43 343.76 312.47 -10 -10 -10 -100    0 -1000 -1000 -10
613 109 pedestrian 0 0 -10 1028.22 127.80 1094.64 299.38 -10 -10 -10 -100    0 -1000 -1000 -10
613 107 pedestrian 0 0 -10 427.11 153.28 613.43 210.27 -10 -10 -10 -100    0 -1000 -1000 -10
613 106 pedestrian 0 0 -10 1154.20 126.49 1221.68 321.31 -10 -10 -10 -100    0 -1000 -1000 -10
613 118 pedestrian 0 0 -10 514.10 154.26 567.36 215.88 -10 -10 -10 -100    0 -1000 -1000 -10
613 102 pedestrian 0 0 -10 377.51 144.45 478.02 237.72 -10 -10 -10 -100    0 -1000 -1000 -10
613 115 pedestrian 0 0 -10 720.38 147.49 765.42 279.71 -10 -10 -10 -100    0 -1000 -1000 -10
613 93 pedestrian 0 0 -10 766.21 136.15 831.00 324.71 -10 -10 -10 -100    0 -1000 -1000 -10
613 110 pedestrian 0 0 -10 250.08 165.02 298.30 317.73 -10 -10 -10 -100    0 -1000 -1000 -10
613 113 pedestrian 0 0 -10 1098.69 120.73 1206.52 370.51 -10 -10 -10 -100    0 -1000 -1000 -10
613 112 pedestrian 0 0 -10 436.85 151.64 499.17 221.55 -10 -10 -10 -100    0 -1000 -1000 -10
613 95 pedestrian 0 0 -10 701.80 150.13 760.66 331.38 -10 -10 -10 -100    0 -1000 -1000 -10
613 104 pedestrian 0 0 -10 206.90 163.47 253.80 297.85 -10 -10 -10 -100    0 -1000 -1000 -10
613 114 pedestrian 0 0 -10 609.42 158.20 637.14 243.78 -10 -10 -10 -100    0 -1000 -1000 -10
614 124 pedestrian 0 0 -10 649.30 177.97 778.49 282.08 -10 -10 -10 -100    0 -1000 -1000 -10
614 117 pedestrian 0 0 -10 228.39 226.48 313.76 333.35 -10 -10 -10 -100    0 -1000 -1000 -10
614 123 pedestrian 0 0 -10 273.84 164.04 334.52 314.97 -10 -10 -10 -100    0 -1000 -1000 -10
614 109 pedestrian 0 0 -10 1015.93 127.13 1069.53 300.40 -10 -10 -10 -100    0 -1000 -1000 -10
614 107 pedestrian 0 0 -10 424.93 153.65 611.80 210.84 -10 -10 -10 -100    0 -1000 -1000 -10
614 106 pedestrian 0 0 -10 1154.81 125.36 1222.73 323.32 -10 -10 -10 -100    0 -1000 -1000 -10
614 118 pedestrian 0 0 -10 512.50 154.79 565.99 216.72 -10 -10 -10 -100    0 -1000 -1000 -10
614 102 pedestrian 0 0 -10 375.86 144.37 476.84 237.93 -10 -10 -10 -100    0 -1000 -1000 -10
614 115 pedestrian 0 0 -10 721.80 149.08 764.37 280.18 -10 -10 -10 -100    0 -1000 -1000 -10
614 93 pedestrian 0 0 -10 762.33 136.83 826.95 322.18 -10 -10 -10 -100    0 -1000 -1000 -10
614 113 pedestrian 0 0 -10 1102.58 120.55 1209.94 371.92 -10 -10 -10 -100    0 -1000 -1000 -10
614 112 pedestrian 0 0 -10 435.26 151.90 497.55 221.76 -10 -10 -10 -100    0 -1000 -1000 -10
614 95 pedestrian 0 0 -10 696.45 150.77 758.19 331.82 -10 -10 -10 -100    0 -1000 -1000 -10
614 104 pedestrian 0 0 -10 205.66 164.79 252.55 299.70 -10 -10 -10 -100    0 -1000 -1000 -10
614 114 pedestrian 0 0 -10 607.39 158.04 636.42 243.67 -10 -10 -10 -100    0 -1000 -1000 -10
615 124 pedestrian 0 0 -10 649.33 177.87 780.68 283.35 -10 -10 -10 -100    0 -1000 -1000 -10
615 117 pedestrian 0 0 -10 219.06 228.59 309.93 338.18 -10 -10 -10 -100    0 -1000 -1000 -10
615 123 pedestrian 0 0 -10 265.35 163.55 325.75 320.03 -10 -10 -10 -100    0 -1000 -1000 -10
615 109 pedestrian 0 0 -10 992.47 126.84 1065.57 297.45 -10 -10 -10 -100    0 -1000 -1000 -10
615 107 pedestrian 0 0 -10 425.07 152.53 610.50 210.13 -10 -10 -10 -100    0 -1000 -1000 -10
615 106 pedestrian 0 0 -10 1159.57 123.73 1227.17 323.38 -10 -10 -10 -100    0 -1000 -1000 -10
615 118 pedestrian 0 0 -10 510.60 153.88 565.23 217.12 -10 -10 -10 -100    0 -1000 -1000 -10
615 102 pedestrian 0 0 -10 373.70 143.60 475.81 238.03 -10 -10 -10 -100    0 -1000 -1000 -10
615 115 pedestrian 0 0 -10 715.04 147.91 758.61 277.86 -10 -10 -10 -100    0 -1000 -1000 -10
615 93 pedestrian 0 0 -10 757.22 135.77 821.73 319.39 -10 -10 -10 -100    0 -1000 -1000 -10
615 113 pedestrian 0 0 -10 1098.11 120.46 1204.81 370.62 -10 -10 -10 -100    0 -1000 -1000 -10
615 112 pedestrian 0 0 -10 434.50 151.68 496.52 220.98 -10 -10 -10 -100    0 -1000 -1000 -10
615 95 pedestrian 0 0 -10 693.72 151.36 754.59 330.37 -10 -10 -10 -100    0 -1000 -1000 -10
615 104 pedestrian 0 0 -10 204.49 162.64 252.93 295.19 -10 -10 -10 -100    0 -1000 -1000 -10
615 114 pedestrian 0 0 -10 605.15 157.71 632.91 241.61 -10 -10 -10 -100    0 -1000 -1000 -10
616 124 pedestrian 0 0 -10 648.58 177.92 778.69 282.72 -10 -10 -10 -100    0 -1000 -1000 -10
616 117 pedestrian 0 0 -10 212.40 229.78 306.05 342.06 -10 -10 -10 -100    0 -1000 -1000 -10
616 123 pedestrian 0 0 -10 257.92 164.38 318.11 321.42 -10 -10 -10 -100    0 -1000 -1000 -10
616 109 pedestrian 0 0 -10 979.32 126.80 1060.48 297.51 -10 -10 -10 -100    0 -1000 -1000 -10
616 107 pedestrian 0 0 -10 426.18 151.60 610.05 209.70 -10 -10 -10 -100    0 -1000 -1000 -10
616 106 pedestrian 0 0 -10 1164.68 122.40 1231.46 322.74 -10 -10 -10 -100    0 -1000 -1000 -10
616 118 pedestrian 0 0 -10 509.66 152.50 565.05 217.68 -10 -10 -10 -100    0 -1000 -1000 -10
616 102 pedestrian 0 0 -10 372.93 143.42 475.13 238.24 -10 -10 -10 -100    0 -1000 -1000 -10
616 115 pedestrian 0 0 -10 699.88 146.14 747.17 281.21 -10 -10 -10 -100    0 -1000 -1000 -10
616 93 pedestrian 0 0 -10 751.57 136.50 813.65 315.46 -10 -10 -10 -100    0 -1000 -1000 -10
616 113 pedestrian 0 0 -10 1095.39 118.92 1200.74 370.80 -10 -10 -10 -100    0 -1000 -1000 -10
616 112 pedestrian 0 0 -10 434.17 151.14 496.08 220.35 -10 -10 -10 -100    0 -1000 -1000 -10
616 95 pedestrian 0 0 -10 692.54 147.18 747.78 322.19 -10 -10 -10 -100    0 -1000 -1000 -10
616 104 pedestrian 0 0 -10 204.16 162.12 251.99 291.39 -10 -10 -10 -100    0 -1000 -1000 -10
616 114 pedestrian 0 0 -10 604.26 156.72 630.67 242.78 -10 -10 -10 -100    0 -1000 -1000 -10
617 117 pedestrian 0 0 -10 202.08 230.43 298.30 347.71 -10 -10 -10 -100    0 -1000 -1000 -10
617 123 pedestrian 0 0 -10 250.14 164.00 313.98 326.25 -10 -10 -10 -100    0 -1000 -1000 -10
617 109 pedestrian 0 0 -10 974.80 126.98 1044.78 296.25 -10 -10 -10 -100    0 -1000 -1000 -10
617 124 pedestrian 0 0 -10 649.81 173.91 777.06 275.88 -10 -10 -10 -100    0 -1000 -1000 -10
617 107 pedestrian 0 0 -10 428.10 151.58 609.48 209.42 -10 -10 -10 -100    0 -1000 -1000 -10
617 106 pedestrian 0 0 -10 1165.84 122.50 1235.49 322.85 -10 -10 -10 -100    0 -1000 -1000 -10
617 118 pedestrian 0 0 -10 507.43 152.41 564.87 218.81 -10 -10 -10 -100    0 -1000 -1000 -10
617 102 pedestrian 0 0 -10 372.11 143.22 474.64 238.88 -10 -10 -10 -100    0 -1000 -1000 -10
617 115 pedestrian 0 0 -10 700.23 146.92 743.34 278.35 -10 -10 -10 -100    0 -1000 -1000 -10
617 93 pedestrian 0 0 -10 741.86 137.22 803.96 312.92 -10 -10 -10 -100    0 -1000 -1000 -10
617 113 pedestrian 0 0 -10 1092.09 118.77 1184.78 372.20 -10 -10 -10 -100    0 -1000 -1000 -10
617 112 pedestrian 0 0 -10 433.14 151.09 496.01 220.47 -10 -10 -10 -100    0 -1000 -1000 -10
617 95 pedestrian 0 0 -10 690.67 147.72 737.83 320.85 -10 -10 -10 -100    0 -1000 -1000 -10
617 104 pedestrian 0 0 -10 201.21 158.86 253.24 286.75 -10 -10 -10 -100    0 -1000 -1000 -10
617 114 pedestrian 0 0 -10 604.45 156.43 632.15 242.79 -10 -10 -10 -100    0 -1000 -1000 -10
618 117 pedestrian 0 0 -10 193.68 233.05 292.77 350.19 -10 -10 -10 -100    0 -1000 -1000 -10
618 123 pedestrian 0 0 -10 242.33 163.71 309.54 331.66 -10 -10 -10 -100    0 -1000 -1000 -10
618 109 pedestrian 0 0 -10 971.05 128.14 1024.94 293.74 -10 -10 -10 -100    0 -1000 -1000 -10
618 124 pedestrian 0 0 -10 647.45 166.58 765.68 268.56 -10 -10 -10 -100    0 -1000 -1000 -10
618 107 pedestrian 0 0 -10 429.88 150.89 608.31 208.06 -10 -10 -10 -100    0 -1000 -1000 -10
618 106 pedestrian 0 0 -10 1164.30 122.63 1234.64 324.55 -10 -10 -10 -100    0 -1000 -1000 -10
618 118 pedestrian 0 0 -10 506.18 152.41 564.35 219.70 -10 -10 -10 -100    0 -1000 -1000 -10
618 102 pedestrian 0 0 -10 371.77 143.76 474.24 238.88 -10 -10 -10 -100    0 -1000 -1000 -10
618 115 pedestrian 0 0 -10 693.06 147.37 739.74 275.95 -10 -10 -10 -100    0 -1000 -1000 -10
618 93 pedestrian 0 0 -10 736.25 138.00 792.35 307.52 -10 -10 -10 -100    0 -1000 -1000 -10
618 113 pedestrian 0 0 -10 1083.75 118.02 1171.71 373.95 -10 -10 -10 -100    0 -1000 -1000 -10
618 112 pedestrian 0 0 -10 433.07 150.62 496.37 219.77 -10 -10 -10 -100    0 -1000 -1000 -10
618 95 pedestrian 0 0 -10 688.14 149.80 734.57 317.89 -10 -10 -10 -100    0 -1000 -1000 -10
618 104 pedestrian 0 0 -10 200.71 159.10 253.26 286.40 -10 -10 -10 -100    0 -1000 -1000 -10
618 114 pedestrian 0 0 -10 604.19 156.05 630.17 240.83 -10 -10 -10 -100    0 -1000 -1000 -10
619 117 pedestrian 0 0 -10 184.51 232.96 284.90 353.78 -10 -10 -10 -100    0 -1000 -1000 -10
619 123 pedestrian 0 0 -10 237.07 164.31 305.00 334.13 -10 -10 -10 -100    0 -1000 -1000 -10
619 109 pedestrian 0 0 -10 950.25 127.24 1011.70 292.47 -10 -10 -10 -100    0 -1000 -1000 -10
619 124 pedestrian 0 0 -10 648.89 161.12 761.09 261.47 -10 -10 -10 -100    0 -1000 -1000 -10
619 107 pedestrian 0 0 -10 437.92 148.29 607.01 198.82 -10 -10 -10 -100    0 -1000 -1000 -10
619 106 pedestrian 0 0 -10 1170.23 123.36 1236.66 323.43 -10 -10 -10 -100    0 -1000 -1000 -10
619 118 pedestrian 0 0 -10 503.69 153.19 564.27 221.26 -10 -10 -10 -100    0 -1000 -1000 -10
619 102 pedestrian 0 0 -10 372.06 144.56 474.60 239.58 -10 -10 -10 -100    0 -1000 -1000 -10
619 115 pedestrian 0 0 -10 700.42 148.26 740.14 272.87 -10 -10 -10 -100    0 -1000 -1000 -10
619 93 pedestrian 0 0 -10 734.46 137.09 789.29 306.52 -10 -10 -10 -100    0 -1000 -1000 -10
619 110 pedestrian 0 0 -10 196.83 161.64 250.58 335.80 -10 -10 -10 -100    0 -1000 -1000 -10
619 113 pedestrian 0 0 -10 1055.21 116.81 1165.99 374.00 -10 -10 -10 -100    0 -1000 -1000 -10
619 112 pedestrian 0 0 -10 433.07 150.77 495.60 219.21 -10 -10 -10 -100    0 -1000 -1000 -10
619 95 pedestrian 0 0 -10 684.50 150.12 728.70 319.32 -10 -10 -10 -100    0 -1000 -1000 -10
619 104 pedestrian 0 0 -10 208.39 157.93 253.42 288.19 -10 -10 -10 -100    0 -1000 -1000 -10
619 114 pedestrian 0 0 -10 603.83 157.18 628.93 240.71 -10 -10 -10 -100    0 -1000 -1000 -10
620 117 pedestrian 0 0 -10 177.02 236.05 280.52 358.45 -10 -10 -10 -100    0 -1000 -1000 -10
620 123 pedestrian 0 0 -10 227.96 165.40 297.47 336.10 -10 -10 -10 -100    0 -1000 -1000 -10
620 109 pedestrian 0 0 -10 927.75 127.15 999.13 291.41 -10 -10 -10 -100    0 -1000 -1000 -10
620 124 pedestrian 0 0 -10 649.51 163.06 765.02 262.59 -10 -10 -10 -100    0 -1000 -1000 -10
620 107 pedestrian 0 0 -10 439.54 149.53 608.25 199.12 -10 -10 -10 -100    0 -1000 -1000 -10
620 106 pedestrian 0 0 -10 1170.99 126.01 1236.42 326.48 -10 -10 -10 -100    0 -1000 -1000 -10
620 118 pedestrian 0 0 -10 502.02 154.42 564.51 224.55 -10 -10 -10 -100    0 -1000 -1000 -10
620 102 pedestrian 0 0 -10 371.93 145.88 474.56 240.91 -10 -10 -10 -100    0 -1000 -1000 -10
620 115 pedestrian 0 0 -10 698.89 152.75 740.12 272.41 -10 -10 -10 -100    0 -1000 -1000 -10
620 93 pedestrian 0 0 -10 728.81 136.56 786.68 305.76 -10 -10 -10 -100    0 -1000 -1000 -10
620 110 pedestrian 0 0 -10 189.59 163.37 246.11 341.73 -10 -10 -10 -100    0 -1000 -1000 -10
620 113 pedestrian 0 0 -10 1029.01 118.75 1161.33 374.00 -10 -10 -10 -100    0 -1000 -1000 -10
620 112 pedestrian 0 0 -10 433.03 152.21 495.28 220.05 -10 -10 -10 -100    0 -1000 -1000 -10
620 95 pedestrian 0 0 -10 680.19 150.74 724.69 319.64 -10 -10 -10 -100    0 -1000 -1000 -10
620 126 pedestrian 0 0 -10 791.19 140.65 830.94 238.88 -10 -10 -10 -100    0 -1000 -1000 -10
620 104 pedestrian 0 0 -10 213.03 160.49 253.44 286.35 -10 -10 -10 -100    0 -1000 -1000 -10
620 114 pedestrian 0 0 -10 602.87 158.94 627.66 241.89 -10 -10 -10 -100    0 -1000 -1000 -10
621 117 pedestrian 0 0 -10 165.07 235.48 274.78 364.93 -10 -10 -10 -100    0 -1000 -1000 -10
621 123 pedestrian 0 0 -10 222.68 166.15 287.09 342.42 -10 -10 -10 -100    0 -1000 -1000 -10
621 109 pedestrian 0 0 -10 924.32 129.58 993.92 292.24 -10 -10 -10 -100    0 -1000 -1000 -10
621 124 pedestrian 0 0 -10 649.53 165.65 763.55 264.00 -10 -10 -10 -100    0 -1000 -1000 -10
621 107 pedestrian 0 0 -10 439.44 150.33 608.06 199.72 -10 -10 -10 -100    0 -1000 -1000 -10
621 106 pedestrian 0 0 -10 1170.81 126.29 1236.69 326.43 -10 -10 -10 -100    0 -1000 -1000 -10
621 118 pedestrian 0 0 -10 500.23 155.47 564.46 227.18 -10 -10 -10 -100    0 -1000 -1000 -10
621 102 pedestrian 0 0 -10 372.29 147.38 474.17 242.16 -10 -10 -10 -100    0 -1000 -1000 -10
621 115 pedestrian 0 0 -10 692.47 154.15 733.10 274.92 -10 -10 -10 -100    0 -1000 -1000 -10
621 93 pedestrian 0 0 -10 726.85 140.16 781.91 303.80 -10 -10 -10 -100    0 -1000 -1000 -10
621 110 pedestrian 0 0 -10 191.74 161.82 245.99 343.46 -10 -10 -10 -100    0 -1000 -1000 -10
621 113 pedestrian 0 0 -10 1021.63 121.09 1156.39 374.00 -10 -10 -10 -100    0 -1000 -1000 -10
621 112 pedestrian 0 0 -10 432.69 153.04 494.29 221.45 -10 -10 -10 -100    0 -1000 -1000 -10
621 95 pedestrian 0 0 -10 674.45 151.71 722.48 315.12 -10 -10 -10 -100    0 -1000 -1000 -10
621 126 pedestrian 0 0 -10 792.93 142.69 832.88 239.69 -10 -10 -10 -100    0 -1000 -1000 -10
621 104 pedestrian 0 0 -10 212.78 162.11 253.21 288.37 -10 -10 -10 -100    0 -1000 -1000 -10
621 114 pedestrian 0 0 -10 602.03 159.38 626.51 243.15 -10 -10 -10 -100    0 -1000 -1000 -10
622 123 pedestrian 0 0 -10 217.43 166.53 281.95 345.84 -10 -10 -10 -100    0 -1000 -1000 -10
622 109 pedestrian 0 0 -10 918.95 129.38 981.94 289.61 -10 -10 -10 -100    0 -1000 -1000 -10
622 124 pedestrian 0 0 -10 652.09 164.49 768.59 265.26 -10 -10 -10 -100    0 -1000 -1000 -10
622 107 pedestrian 0 0 -10 440.28 149.38 609.32 199.32 -10 -10 -10 -100    0 -1000 -1000 -10
622 106 pedestrian 0 0 -10 1170.36 126.63 1236.65 327.64 -10 -10 -10 -100    0 -1000 -1000 -10
622 118 pedestrian 0 0 -10 498.48 154.29 564.59 228.12 -10 -10 -10 -100    0 -1000 -1000 -10
622 102 pedestrian 0 0 -10 371.95 146.73 474.23 241.66 -10 -10 -10 -100    0 -1000 -1000 -10
622 115 pedestrian 0 0 -10 691.78 153.85 731.75 272.03 -10 -10 -10 -100    0 -1000 -1000 -10
622 117 pedestrian 0 0 -10 156.76 238.13 270.33 366.63 -10 -10 -10 -100    0 -1000 -1000 -10
622 93 pedestrian 0 0 -10 718.50 140.15 778.66 301.94 -10 -10 -10 -100    0 -1000 -1000 -10
622 110 pedestrian 0 0 -10 181.31 163.43 238.70 347.14 -10 -10 -10 -100    0 -1000 -1000 -10
622 113 pedestrian 0 0 -10 1017.88 123.02 1147.27 372.57 -10 -10 -10 -100    0 -1000 -1000 -10
622 112 pedestrian 0 0 -10 432.79 152.57 494.33 220.56 -10 -10 -10 -100    0 -1000 -1000 -10
622 95 pedestrian 0 0 -10 667.47 151.54 717.37 310.56 -10 -10 -10 -100    0 -1000 -1000 -10
622 126 pedestrian 0 0 -10 794.11 141.03 833.84 240.04 -10 -10 -10 -100    0 -1000 -1000 -10
622 104 pedestrian 0 0 -10 212.90 162.68 255.16 287.37 -10 -10 -10 -100    0 -1000 -1000 -10
622 114 pedestrian 0 0 -10 600.49 158.61 623.87 240.76 -10 -10 -10 -100    0 -1000 -1000 -10
623 123 pedestrian 0 0 -10 210.18 166.32 278.43 349.81 -10 -10 -10 -100    0 -1000 -1000 -10
623 109 pedestrian 0 0 -10 909.69 130.20 965.09 287.92 -10 -10 -10 -100    0 -1000 -1000 -10
623 124 pedestrian 0 0 -10 651.21 164.20 769.00 264.74 -10 -10 -10 -100    0 -1000 -1000 -10
623 107 pedestrian 0 0 -10 440.62 149.36 609.47 198.98 -10 -10 -10 -100    0 -1000 -1000 -10
623 106 pedestrian 0 0 -10 1168.61 126.48 1236.52 327.92 -10 -10 -10 -100    0 -1000 -1000 -10
623 118 pedestrian 0 0 -10 496.14 154.99 564.24 229.21 -10 -10 -10 -100    0 -1000 -1000 -10
623 102 pedestrian 0 0 -10 371.69 146.22 473.99 241.44 -10 -10 -10 -100    0 -1000 -1000 -10
623 115 pedestrian 0 0 -10 681.74 152.27 725.08 275.63 -10 -10 -10 -100    0 -1000 -1000 -10
623 117 pedestrian 0 0 -10 148.30 241.33 260.60 369.26 -10 -10 -10 -100    0 -1000 -1000 -10
623 93 pedestrian 0 0 -10 712.23 140.65 769.06 297.05 -10 -10 -10 -100    0 -1000 -1000 -10
623 110 pedestrian 0 0 -10 175.40 163.77 232.42 357.33 -10 -10 -10 -100    0 -1000 -1000 -10
623 113 pedestrian 0 0 -10 1014.58 122.27 1139.90 371.09 -10 -10 -10 -100    0 -1000 -1000 -10
623 112 pedestrian 0 0 -10 432.84 152.18 494.74 220.56 -10 -10 -10 -100    0 -1000 -1000 -10
623 95 pedestrian 0 0 -10 663.74 152.25 713.35 307.40 -10 -10 -10 -100    0 -1000 -1000 -10
623 126 pedestrian 0 0 -10 794.51 141.80 834.31 240.18 -10 -10 -10 -100    0 -1000 -1000 -10
623 104 pedestrian 0 0 -10 216.45 161.14 259.49 281.16 -10 -10 -10 -100    0 -1000 -1000 -10
623 114 pedestrian 0 0 -10 599.23 158.79 622.36 240.27 -10 -10 -10 -100    0 -1000 -1000 -10
624 123 pedestrian 0 0 -10 203.69 164.93 273.18 354.11 -10 -10 -10 -100    0 -1000 -1000 -10
624 109 pedestrian 0 0 -10 894.77 130.87 953.26 287.97 -10 -10 -10 -100    0 -1000 -1000 -10
624 124 pedestrian 0 0 -10 651.42 162.99 773.82 268.85 -10 -10 -10 -100    0 -1000 -1000 -10
624 107 pedestrian 0 0 -10 441.09 150.09 610.00 199.60 -10 -10 -10 -100    0 -1000 -1000 -10
624 106 pedestrian 0 0 -10 1167.49 127.07 1236.69 329.06 -10 -10 -10 -100    0 -1000 -1000 -10
624 118 pedestrian 0 0 -10 493.90 155.28 564.65 230.91 -10 -10 -10 -100    0 -1000 -1000 -10
624 102 pedestrian 0 0 -10 372.00 146.13 473.82 241.64 -10 -10 -10 -100    0 -1000 -1000 -10
624 115 pedestrian 0 0 -10 677.35 152.95 719.52 273.08 -10 -10 -10 -100    0 -1000 -1000 -10
624 117 pedestrian 0 0 -10 139.43 240.45 254.63 373.80 -10 -10 -10 -100    0 -1000 -1000 -10
624 93 pedestrian 0 0 -10 704.75 138.04 761.64 296.50 -10 -10 -10 -100    0 -1000 -1000 -10
624 110 pedestrian 0 0 -10 157.34 163.67 223.36 357.40 -10 -10 -10 -100    0 -1000 -1000 -10
624 113 pedestrian 0 0 -10 1005.18 122.85 1130.23 371.79 -10 -10 -10 -100    0 -1000 -1000 -10
624 112 pedestrian 0 0 -10 432.86 152.51 494.71 220.90 -10 -10 -10 -100    0 -1000 -1000 -10
624 95 pedestrian 0 0 -10 659.46 152.25 711.16 306.96 -10 -10 -10 -100    0 -1000 -1000 -10
624 126 pedestrian 0 0 -10 796.29 142.26 834.96 240.83 -10 -10 -10 -100    0 -1000 -1000 -10
624 104 pedestrian 0 0 -10 218.52 160.24 262.85 281.38 -10 -10 -10 -100    0 -1000 -1000 -10
624 114 pedestrian 0 0 -10 599.26 160.39 622.29 240.13 -10 -10 -10 -100    0 -1000 -1000 -10
625 123 pedestrian 0 0 -10 198.37 165.49 265.77 356.63 -10 -10 -10 -100    0 -1000 -1000 -10
625 109 pedestrian 0 0 -10 881.47 131.63 947.29 285.47 -10 -10 -10 -100    0 -1000 -1000 -10
625 124 pedestrian 0 0 -10 650.84 164.49 776.02 271.05 -10 -10 -10 -100    0 -1000 -1000 -10
625 107 pedestrian 0 0 -10 440.43 150.19 610.28 199.90 -10 -10 -10 -100    0 -1000 -1000 -10
625 106 pedestrian 0 0 -10 1166.56 125.99 1235.69 326.16 -10 -10 -10 -100    0 -1000 -1000 -10
625 118 pedestrian 0 0 -10 492.80 156.02 564.92 231.52 -10 -10 -10 -100    0 -1000 -1000 -10
625 102 pedestrian 0 0 -10 371.70 145.73 473.82 240.99 -10 -10 -10 -100    0 -1000 -1000 -10
625 115 pedestrian 0 0 -10 677.91 151.00 720.07 273.71 -10 -10 -10 -100    0 -1000 -1000 -10
625 117 pedestrian 0 0 -10 130.56 241.65 250.71 374.00 -10 -10 -10 -100    0 -1000 -1000 -10
625 93 pedestrian 0 0 -10 698.18 137.58 756.14 295.31 -10 -10 -10 -100    0 -1000 -1000 -10
625 110 pedestrian 0 0 -10 151.43 164.23 216.66 361.53 -10 -10 -10 -100    0 -1000 -1000 -10
625 113 pedestrian 0 0 -10 997.15 124.26 1106.08 371.63 -10 -10 -10 -100    0 -1000 -1000 -10
625 112 pedestrian 0 0 -10 432.69 151.89 494.74 220.60 -10 -10 -10 -100    0 -1000 -1000 -10
625 95 pedestrian 0 0 -10 655.40 152.53 704.37 303.25 -10 -10 -10 -100    0 -1000 -1000 -10
625 126 pedestrian 0 0 -10 796.41 141.91 835.37 240.22 -10 -10 -10 -100    0 -1000 -1000 -10
625 104 pedestrian 0 0 -10 221.24 161.27 262.50 279.28 -10 -10 -10 -100    0 -1000 -1000 -10
625 114 pedestrian 0 0 -10 598.89 160.79 622.06 239.68 -10 -10 -10 -100    0 -1000 -1000 -10
626 123 pedestrian 0 0 -10 189.89 165.28 259.77 360.52 -10 -10 -10 -100    0 -1000 -1000 -10
626 109 pedestrian 0 0 -10 873.35 131.87 939.33 285.32 -10 -10 -10 -100    0 -1000 -1000 -10
626 124 pedestrian 0 0 -10 650.32 165.89 775.11 270.91 -10 -10 -10 -100    0 -1000 -1000 -10
626 107 pedestrian 0 0 -10 439.84 150.68 611.16 200.30 -10 -10 -10 -100    0 -1000 -1000 -10
626 106 pedestrian 0 0 -10 1165.87 124.47 1234.65 327.33 -10 -10 -10 -100    0 -1000 -1000 -10
626 118 pedestrian 0 0 -10 491.90 156.13 564.58 232.74 -10 -10 -10 -100    0 -1000 -1000 -10
626 102 pedestrian 0 0 -10 371.61 145.68 473.92 240.90 -10 -10 -10 -100    0 -1000 -1000 -10
626 115 pedestrian 0 0 -10 677.46 152.20 719.60 272.96 -10 -10 -10 -100    0 -1000 -1000 -10
626 117 pedestrian 0 0 -10 120.22 243.70 244.17 374.00 -10 -10 -10 -100    0 -1000 -1000 -10
626 93 pedestrian 0 0 -10 696.33 140.33 750.06 292.97 -10 -10 -10 -100    0 -1000 -1000 -10
626 110 pedestrian 0 0 -10 141.09 164.61 210.60 368.33 -10 -10 -10 -100    0 -1000 -1000 -10
626 113 pedestrian 0 0 -10 986.31 126.69 1082.81 374.00 -10 -10 -10 -100    0 -1000 -1000 -10
626 112 pedestrian 0 0 -10 432.66 151.87 494.78 220.55 -10 -10 -10 -100    0 -1000 -1000 -10
626 95 pedestrian 0 0 -10 650.11 154.82 697.34 300.57 -10 -10 -10 -100    0 -1000 -1000 -10
626 126 pedestrian 0 0 -10 797.32 142.63 836.40 240.42 -10 -10 -10 -100    0 -1000 -1000 -10
626 104 pedestrian 0 0 -10 225.44 163.38 267.51 279.95 -10 -10 -10 -100    0 -1000 -1000 -10
626 114 pedestrian 0 0 -10 599.47 161.23 621.50 237.25 -10 -10 -10 -100    0 -1000 -1000 -10
627 123 pedestrian 0 0 -10 183.00 166.80 252.39 367.27 -10 -10 -10 -100    0 -1000 -1000 -10
627 109 pedestrian 0 0 -10 867.30 131.58 928.39 282.79 -10 -10 -10 -100    0 -1000 -1000 -10
627 124 pedestrian 0 0 -10 650.47 167.26 774.14 270.68 -10 -10 -10 -100    0 -1000 -1000 -10
627 107 pedestrian 0 0 -10 439.71 151.04 612.33 200.77 -10 -10 -10 -100    0 -1000 -1000 -10
627 106 pedestrian 0 0 -10 1165.45 126.48 1231.73 325.39 -10 -10 -10 -100    0 -1000 -1000 -10
627 118 pedestrian 0 0 -10 489.75 156.72 564.67 234.59 -10 -10 -10 -100    0 -1000 -1000 -10
627 102 pedestrian 0 0 -10 371.97 145.88 473.71 241.02 -10 -10 -10 -100    0 -1000 -1000 -10
627 115 pedestrian 0 0 -10 674.91 155.23 717.93 273.60 -10 -10 -10 -100    0 -1000 -1000 -10
627 117 pedestrian 0 0 -10 112.58 247.52 236.51 374.00 -10 -10 -10 -100    0 -1000 -1000 -10
627 93 pedestrian 0 0 -10 693.71 138.84 748.63 291.65 -10 -10 -10 -100    0 -1000 -1000 -10
627 110 pedestrian 0 0 -10 133.57 167.35 202.79 370.68 -10 -10 -10 -100    0 -1000 -1000 -10
627 113 pedestrian 0 0 -10 971.87 127.83 1072.06 371.92 -10 -10 -10 -100    0 -1000 -1000 -10
627 112 pedestrian 0 0 -10 432.91 152.23 494.82 221.09 -10 -10 -10 -100    0 -1000 -1000 -10
627 95 pedestrian 0 0 -10 646.70 155.04 692.03 300.84 -10 -10 -10 -100    0 -1000 -1000 -10
627 126 pedestrian 0 0 -10 798.59 142.77 837.78 241.10 -10 -10 -10 -100    0 -1000 -1000 -10
627 104 pedestrian 0 0 -10 221.48 162.29 264.54 285.90 -10 -10 -10 -100    0 -1000 -1000 -10
627 114 pedestrian 0 0 -10 600.50 160.45 621.97 237.74 -10 -10 -10 -100    0 -1000 -1000 -10
628 127 pedestrian 0 0 -10 237.70 163.74 280.19 277.32 -10 -10 -10 -100    0 -1000 -1000 -10
628 123 pedestrian 0 0 -10 176.23 169.57 248.71 369.28 -10 -10 -10 -100    0 -1000 -1000 -10
628 109 pedestrian 0 0 -10 858.01 133.34 915.79 281.10 -10 -10 -10 -100    0 -1000 -1000 -10
628 124 pedestrian 0 0 -10 650.75 166.42 774.31 268.27 -10 -10 -10 -100    0 -1000 -1000 -10
628 107 pedestrian 0 0 -10 439.53 150.91 612.82 200.69 -10 -10 -10 -100    0 -1000 -1000 -10
628 106 pedestrian 0 0 -10 1162.92 125.29 1234.34 322.27 -10 -10 -10 -100    0 -1000 -1000 -10
628 118 pedestrian 0 0 -10 487.04 156.41 564.70 236.11 -10 -10 -10 -100    0 -1000 -1000 -10
628 102 pedestrian 0 0 -10 371.70 145.75 473.68 240.72 -10 -10 -10 -100    0 -1000 -1000 -10
628 115 pedestrian 0 0 -10 674.46 154.63 715.65 267.19 -10 -10 -10 -100    0 -1000 -1000 -10
628 117 pedestrian 0 0 -10 103.31 248.64 231.51 374.00 -10 -10 -10 -100    0 -1000 -1000 -10
628 93 pedestrian 0 0 -10 691.80 139.69 746.95 288.49 -10 -10 -10 -100    0 -1000 -1000 -10
628 110 pedestrian 0 0 -10 123.72 167.36 194.99 373.75 -10 -10 -10 -100    0 -1000 -1000 -10
628 113 pedestrian 0 0 -10 954.98 126.65 1062.15 369.24 -10 -10 -10 -100    0 -1000 -1000 -10
628 112 pedestrian 0 0 -10 432.85 151.85 494.90 220.32 -10 -10 -10 -100    0 -1000 -1000 -10
628 95 pedestrian 0 0 -10 643.35 156.60 689.18 297.88 -10 -10 -10 -100    0 -1000 -1000 -10
628 126 pedestrian 0 0 -10 798.16 142.76 838.32 241.42 -10 -10 -10 -100    0 -1000 -1000 -10
628 114 pedestrian 0 0 -10 600.94 160.12 622.16 237.03 -10 -10 -10 -100    0 -1000 -1000 -10
629 128 pedestrian 0 0 -10 1144.42 143.24 1238.00 369.35 -10 -10 -10 -100    0 -1000 -1000 -10
629 127 pedestrian 0 0 -10 243.84 163.85 283.92 276.64 -10 -10 -10 -100    0 -1000 -1000 -10
629 123 pedestrian 0 0 -10 168.17 168.78 245.21 373.35 -10 -10 -10 -100    0 -1000 -1000 -10
629 109 pedestrian 0 0 -10 842.63 133.71 898.45 280.83 -10 -10 -10 -100    0 -1000 -1000 -10
629 124 pedestrian 0 0 -10 650.49 167.19 775.35 268.97 -10 -10 -10 -100    0 -1000 -1000 -10
629 107 pedestrian 0 0 -10 440.35 151.31 613.93 200.84 -10 -10 -10 -100    0 -1000 -1000 -10
629 106 pedestrian 0 0 -10 1156.36 125.95 1236.39 323.90 -10 -10 -10 -100    0 -1000 -1000 -10
629 118 pedestrian 0 0 -10 484.40 156.81 564.34 237.91 -10 -10 -10 -100    0 -1000 -1000 -10
629 102 pedestrian 0 0 -10 371.77 145.86 473.56 240.72 -10 -10 -10 -100    0 -1000 -1000 -10
629 115 pedestrian 0 0 -10 667.76 154.12 712.14 272.99 -10 -10 -10 -100    0 -1000 -1000 -10
629 117 pedestrian 0 0 -10 91.50 247.18 226.42 374.00 -10 -10 -10 -100    0 -1000 -1000 -10
629 93 pedestrian 0 0 -10 688.74 139.91 741.87 287.43 -10 -10 -10 -100    0 -1000 -1000 -10
629 110 pedestrian 0 0 -10 114.12 164.02 188.14 374.00 -10 -10 -10 -100    0 -1000 -1000 -10
629 113 pedestrian 0 0 -10 948.49 127.34 1056.87 369.24 -10 -10 -10 -100    0 -1000 -1000 -10
629 112 pedestrian 0 0 -10 432.92 152.02 495.14 220.36 -10 -10 -10 -100    0 -1000 -1000 -10
629 95 pedestrian 0 0 -10 639.06 154.92 686.85 297.23 -10 -10 -10 -100    0 -1000 -1000 -10
629 126 pedestrian 0 0 -10 799.33 144.57 841.04 242.19 -10 -10 -10 -100    0 -1000 -1000 -10
629 114 pedestrian 0 0 -10 600.73 159.34 621.86 235.95 -10 -10 -10 -100    0 -1000 -1000 -10
630 128 pedestrian 0 0 -10 1129.45 141.75 1237.09 367.57 -10 -10 -10 -100    0 -1000 -1000 -10
630 127 pedestrian 0 0 -10 246.91 163.48 287.72 275.76 -10 -10 -10 -100    0 -1000 -1000 -10
630 123 pedestrian 0 0 -10 159.15 168.48 239.55 374.00 -10 -10 -10 -100    0 -1000 -1000 -10
630 109 pedestrian 0 0 -10 831.94 135.73 890.50 280.88 -10 -10 -10 -100    0 -1000 -1000 -10
630 124 pedestrian 0 0 -10 650.98 166.87 776.53 269.59 -10 -10 -10 -100    0 -1000 -1000 -10
630 107 pedestrian 0 0 -10 441.10 151.92 614.65 201.21 -10 -10 -10 -100    0 -1000 -1000 -10
630 106 pedestrian 0 0 -10 1154.67 132.18 1233.46 330.49 -10 -10 -10 -100    0 -1000 -1000 -10
630 118 pedestrian 0 0 -10 481.44 156.27 563.70 239.40 -10 -10 -10 -100    0 -1000 -1000 -10
630 102 pedestrian 0 0 -10 371.83 146.09 473.64 240.61 -10 -10 -10 -100    0 -1000 -1000 -10
630 115 pedestrian 0 0 -10 662.50 153.24 708.88 272.61 -10 -10 -10 -100    0 -1000 -1000 -10
630 117 pedestrian 0 0 -10 78.72 248.49 220.48 374.00 -10 -10 -10 -100    0 -1000 -1000 -10
630 93 pedestrian 0 0 -10 688.38 139.23 738.55 284.63 -10 -10 -10 -100    0 -1000 -1000 -10
630 110 pedestrian 0 0 -10 103.36 161.89 180.49 374.00 -10 -10 -10 -100    0 -1000 -1000 -10
630 113 pedestrian 0 0 -10 949.09 128.90 1053.08 371.28 -10 -10 -10 -100    0 -1000 -1000 -10
630 112 pedestrian 0 0 -10 433.03 152.34 495.34 220.79 -10 -10 -10 -100    0 -1000 -1000 -10
630 95 pedestrian 0 0 -10 635.54 154.88 684.61 292.18 -10 -10 -10 -100    0 -1000 -1000 -10
630 126 pedestrian 0 0 -10 798.29 145.00 840.36 242.25 -10 -10 -10 -100    0 -1000 -1000 -10
630 114 pedestrian 0 0 -10 601.28 158.86 622.72 237.54 -10 -10 -10 -100    0 -1000 -1000 -10
631 128 pedestrian 0 0 -10 1131.03 139.11 1230.43 364.80 -10 -10 -10 -100    0 -1000 -1000 -10
631 127 pedestrian 0 0 -10 249.30 163.77 290.47 273.86 -10 -10 -10 -100    0 -1000 -1000 -10
631 123 pedestrian 0 0 -10 152.81 164.40 230.18 374.00 -10 -10 -10 -100    0 -1000 -1000 -10
631 109 pedestrian 0 0 -10 824.53 136.15 886.88 279.13 -10 -10 -10 -100    0 -1000 -1000 -10
631 124 pedestrian 0 0 -10 650.28 168.34 776.77 270.59 -10 -10 -10 -100    0 -1000 -1000 -10
631 107 pedestrian 0 0 -10 440.17 152.19 616.12 202.21 -10 -10 -10 -100    0 -1000 -1000 -10
631 106 pedestrian 0 0 -10 1149.06 128.05 1225.17 322.90 -10 -10 -10 -100    0 -1000 -1000 -10
631 118 pedestrian 0 0 -10 478.54 155.66 563.67 240.61 -10 -10 -10 -100    0 -1000 -1000 -10
631 102 pedestrian 0 0 -10 371.69 145.96 473.86 240.59 -10 -10 -10 -100    0 -1000 -1000 -10
631 115 pedestrian 0 0 -10 664.67 153.33 707.33 273.29 -10 -10 -10 -100    0 -1000 -1000 -10
631 117 pedestrian 0 0 -10 66.00 248.49 215.56 374.00 -10 -10 -10 -100    0 -1000 -1000 -10
631 93 pedestrian 0 0 -10 685.47 142.15 733.52 282.57 -10 -10 -10 -100    0 -1000 -1000 -10
631 110 pedestrian 0 0 -10 96.00 162.34 173.95 374.00 -10 -10 -10 -100    0 -1000 -1000 -10
631 113 pedestrian 0 0 -10 933.99 129.83 1038.19 368.38 -10 -10 -10 -100    0 -1000 -1000 -10
631 112 pedestrian 0 0 -10 432.98 152.40 495.85 221.50 -10 -10 -10 -100    0 -1000 -1000 -10
631 95 pedestrian 0 0 -10 631.88 154.81 677.72 289.18 -10 -10 -10 -100    0 -1000 -1000 -10
631 126 pedestrian 0 0 -10 799.86 146.88 840.67 241.37 -10 -10 -10 -100    0 -1000 -1000 -10
631 114 pedestrian 0 0 -10 602.32 158.49 623.86 237.12 -10 -10 -10 -100    0 -1000 -1000 -10
632 128 pedestrian 0 0 -10 1126.25 139.52 1201.65 364.19 -10 -10 -10 -100    0 -1000 -1000 -10
632 127 pedestrian 0 0 -10 253.85 163.52 294.19 273.02 -10 -10 -10 -100    0 -1000 -1000 -10
632 123 pedestrian 0 0 -10 146.49 165.83 221.33 374.00 -10 -10 -10 -100    0 -1000 -1000 -10
632 109 pedestrian 0 0 -10 814.61 138.34 878.86 279.09 -10 -10 -10 -100    0 -1000 -1000 -10
632 124 pedestrian 0 0 -10 651.25 170.47 779.03 272.43 -10 -10 -10 -100    0 -1000 -1000 -10
632 107 pedestrian 0 0 -10 439.07 152.60 616.31 203.80 -10 -10 -10 -100    0 -1000 -1000 -10
632 106 pedestrian 0 0 -10 1154.26 126.17 1227.83 324.92 -10 -10 -10 -100    0 -1000 -1000 -10
632 118 pedestrian 0 0 -10 475.28 156.31 563.91 242.10 -10 -10 -10 -100    0 -1000 -1000 -10
632 102 pedestrian 0 0 -10 371.83 146.09 473.10 240.42 -10 -10 -10 -100    0 -1000 -1000 -10
632 115 pedestrian 0 0 -10 664.05 153.77 702.06 275.19 -10 -10 -10 -100    0 -1000 -1000 -10
632 117 pedestrian 0 0 -10 58.06 251.81 208.11 374.00 -10 -10 -10 -100    0 -1000 -1000 -10
632 93 pedestrian 0 0 -10 684.10 145.77 729.41 280.94 -10 -10 -10 -100    0 -1000 -1000 -10
632 110 pedestrian 0 0 -10 91.96 164.52 167.23 374.00 -10 -10 -10 -100    0 -1000 -1000 -10
632 113 pedestrian 0 0 -10 922.62 132.64 1017.06 367.65 -10 -10 -10 -100    0 -1000 -1000 -10
632 112 pedestrian 0 0 -10 432.84 152.45 495.05 220.99 -10 -10 -10 -100    0 -1000 -1000 -10
632 95 pedestrian 0 0 -10 629.14 155.65 674.27 288.53 -10 -10 -10 -100    0 -1000 -1000 -10
632 126 pedestrian 0 0 -10 801.40 146.69 842.61 244.05 -10 -10 -10 -100    0 -1000 -1000 -10
632 114 pedestrian 0 0 -10 603.48 158.94 626.12 237.73 -10 -10 -10 -100    0 -1000 -1000 -10
633 128 pedestrian 0 0 -10 1103.26 141.71 1185.37 364.55 -10 -10 -10 -100    0 -1000 -1000 -10
633 127 pedestrian 0 0 -10 257.26 162.75 296.88 272.86 -10 -10 -10 -100    0 -1000 -1000 -10
633 123 pedestrian 0 0 -10 139.19 169.08 216.73 374.00 -10 -10 -10 -100    0 -1000 -1000 -10
633 109 pedestrian 0 0 -10 806.06 138.44 867.12 278.77 -10 -10 -10 -100    0 -1000 -1000 -10
633 124 pedestrian 0 0 -10 652.35 168.02 781.30 272.49 -10 -10 -10 -100    0 -1000 -1000 -10
633 107 pedestrian 0 0 -10 439.92 152.91 616.93 204.71 -10 -10 -10 -100    0 -1000 -1000 -10
633 106 pedestrian 0 0 -10 1156.07 126.15 1227.55 326.76 -10 -10 -10 -100    0 -1000 -1000 -10
633 118 pedestrian 0 0 -10 472.06 155.85 563.65 243.81 -10 -10 -10 -100    0 -1000 -1000 -10
633 102 pedestrian 0 0 -10 371.83 145.97 473.51 240.48 -10 -10 -10 -100    0 -1000 -1000 -10
633 115 pedestrian 0 0 -10 643.74 157.93 688.53 275.53 -10 -10 -10 -100    0 -1000 -1000 -10
633 117 pedestrian 0 0 -10 47.20 254.21 201.56 374.00 -10 -10 -10 -100    0 -1000 -1000 -10
633 93 pedestrian 0 0 -10 680.64 144.56 727.01 278.71 -10 -10 -10 -100    0 -1000 -1000 -10
633 110 pedestrian 0 0 -10 87.76 165.41 165.15 374.00 -10 -10 -10 -100    0 -1000 -1000 -10
633 113 pedestrian 0 0 -10 910.01 132.24 1002.81 370.09 -10 -10 -10 -100    0 -1000 -1000 -10
633 112 pedestrian 0 0 -10 432.63 152.71 494.51 221.22 -10 -10 -10 -100    0 -1000 -1000 -10
633 95 pedestrian 0 0 -10 625.52 154.71 672.05 287.96 -10 -10 -10 -100    0 -1000 -1000 -10
633 126 pedestrian 0 0 -10 802.57 146.93 843.71 246.08 -10 -10 -10 -100    0 -1000 -1000 -10
633 114 pedestrian 0 0 -10 604.20 160.30 628.55 239.84 -10 -10 -10 -100    0 -1000 -1000 -10
634 128 pedestrian 0 0 -10 1078.49 149.28 1174.36 364.78 -10 -10 -10 -100    0 -1000 -1000 -10
634 127 pedestrian 0 0 -10 261.43 162.56 300.50 271.85 -10 -10 -10 -100    0 -1000 -1000 -10
634 123 pedestrian 0 0 -10 128.10 168.68 212.17 374.00 -10 -10 -10 -100    0 -1000 -1000 -10
634 109 pedestrian 0 0 -10 799.35 141.36 856.85 276.32 -10 -10 -10 -100    0 -1000 -1000 -10
634 124 pedestrian 0 0 -10 653.62 169.23 782.29 273.25 -10 -10 -10 -100    0 -1000 -1000 -10
634 107 pedestrian 0 0 -10 440.37 153.04 617.21 204.46 -10 -10 -10 -100    0 -1000 -1000 -10
634 106 pedestrian 0 0 -10 1164.37 125.93 1231.46 328.66 -10 -10 -10 -100    0 -1000 -1000 -10
634 118 pedestrian 0 0 -10 468.46 156.16 563.10 245.24 -10 -10 -10 -100    0 -1000 -1000 -10
634 102 pedestrian 0 0 -10 372.07 145.97 473.86 240.47 -10 -10 -10 -100    0 -1000 -1000 -10
634 115 pedestrian 0 0 -10 645.98 157.89 688.49 274.65 -10 -10 -10 -100    0 -1000 -1000 -10
634 117 pedestrian 0 0 -10 34.86 255.83 194.60 374.00 -10 -10 -10 -100    0 -1000 -1000 -10
634 93 pedestrian 0 0 -10 676.69 144.28 725.29 278.99 -10 -10 -10 -100    0 -1000 -1000 -10
634 110 pedestrian 0 0 -10 82.55 163.64 160.32 374.00 -10 -10 -10 -100    0 -1000 -1000 -10
634 113 pedestrian 0 0 -10 894.75 131.35 998.46 368.59 -10 -10 -10 -100    0 -1000 -1000 -10
634 112 pedestrian 0 0 -10 432.71 152.72 492.97 220.97 -10 -10 -10 -100    0 -1000 -1000 -10
634 95 pedestrian 0 0 -10 621.31 156.73 667.59 287.61 -10 -10 -10 -100    0 -1000 -1000 -10
634 126 pedestrian 0 0 -10 801.62 146.41 844.66 246.05 -10 -10 -10 -100    0 -1000 -1000 -10
634 114 pedestrian 0 0 -10 604.67 160.76 629.70 240.85 -10 -10 -10 -100    0 -1000 -1000 -10
635 128 pedestrian 0 0 -10 1063.10 149.85 1159.81 361.07 -10 -10 -10 -100    0 -1000 -1000 -10
635 127 pedestrian 0 0 -10 264.59 162.85 303.21 269.46 -10 -10 -10 -100    0 -1000 -1000 -10
635 123 pedestrian 0 0 -10 123.36 168.37 203.24 374.00 -10 -10 -10 -100    0 -1000 -1000 -10
635 109 pedestrian 0 0 -10 795.43 140.78 851.79 275.21 -10 -10 -10 -100    0 -1000 -1000 -10
635 124 pedestrian 0 0 -10 652.21 168.69 783.56 274.27 -10 -10 -10 -100    0 -1000 -1000 -10
635 107 pedestrian 0 0 -10 442.52 152.51 614.36 203.67 -10 -10 -10 -100    0 -1000 -1000 -10
635 106 pedestrian 0 0 -10 1168.41 126.26 1235.16 328.55 -10 -10 -10 -100    0 -1000 -1000 -10
635 118 pedestrian 0 0 -10 465.85 155.72 562.52 246.82 -10 -10 -10 -100    0 -1000 -1000 -10
635 102 pedestrian 0 0 -10 371.82 146.02 474.15 240.38 -10 -10 -10 -100    0 -1000 -1000 -10
635 115 pedestrian 0 0 -10 644.24 157.38 684.81 272.94 -10 -10 -10 -100    0 -1000 -1000 -10
635 117 pedestrian 0 0 -10 20.90 258.46 189.77 374.00 -10 -10 -10 -100    0 -1000 -1000 -10
635 93 pedestrian 0 0 -10 674.63 144.29 724.50 279.03 -10 -10 -10 -100    0 -1000 -1000 -10
635 110 pedestrian 0 0 -10 72.60 160.44 156.06 374.00 -10 -10 -10 -100    0 -1000 -1000 -10
635 113 pedestrian 0 0 -10 887.27 131.49 999.30 367.26 -10 -10 -10 -100    0 -1000 -1000 -10
635 112 pedestrian 0 0 -10 432.62 152.73 494.15 221.88 -10 -10 -10 -100    0 -1000 -1000 -10
635 95 pedestrian 0 0 -10 617.40 155.58 661.90 285.77 -10 -10 -10 -100    0 -1000 -1000 -10
635 126 pedestrian 0 0 -10 803.03 145.87 843.45 248.15 -10 -10 -10 -100    0 -1000 -1000 -10
636 128 pedestrian 0 0 -10 1045.88 146.52 1151.30 357.21 -10 -10 -10 -100    0 -1000 -1000 -10
636 127 pedestrian 0 0 -10 267.66 164.04 306.94 269.69 -10 -10 -10 -100    0 -1000 -1000 -10
636 123 pedestrian 0 0 -10 114.39 168.58 195.74 374.00 -10 -10 -10 -100    0 -1000 -1000 -10
636 109 pedestrian 0 0 -10 791.44 142.79 847.22 273.66 -10 -10 -10 -100    0 -1000 -1000 -10
636 124 pedestrian 0 0 -10 652.18 169.64 783.96 273.66 -10 -10 -10 -100    0 -1000 -1000 -10
636 107 pedestrian 0 0 -10 443.20 152.11 613.61 201.76 -10 -10 -10 -100    0 -1000 -1000 -10
636 106 pedestrian 0 0 -10 1166.99 126.68 1236.10 328.68 -10 -10 -10 -100    0 -1000 -1000 -10
636 118 pedestrian 0 0 -10 462.82 155.51 562.46 248.68 -10 -10 -10 -100    0 -1000 -1000 -10
636 102 pedestrian 0 0 -10 371.75 145.83 474.51 240.46 -10 -10 -10 -100    0 -1000 -1000 -10
636 115 pedestrian 0 0 -10 648.52 158.08 689.52 272.91 -10 -10 -10 -100    0 -1000 -1000 -10
636 117 pedestrian 0 0 -10 6.20 258.14 179.55 374.00 -10 -10 -10 -100    0 -1000 -1000 -10
636 93 pedestrian 0 0 -10 674.90 145.79 723.31 277.12 -10 -10 -10 -100    0 -1000 -1000 -10
636 110 pedestrian 0 0 -10 63.53 162.01 147.33 374.00 -10 -10 -10 -100    0 -1000 -1000 -10
636 113 pedestrian 0 0 -10 877.42 132.04 995.07 366.73 -10 -10 -10 -100    0 -1000 -1000 -10
636 112 pedestrian 0 0 -10 432.71 152.82 494.68 222.27 -10 -10 -10 -100    0 -1000 -1000 -10
636 95 pedestrian 0 0 -10 612.72 155.25 656.15 283.82 -10 -10 -10 -100    0 -1000 -1000 -10
636 126 pedestrian 0 0 -10 801.19 146.86 843.23 249.25 -10 -10 -10 -100    0 -1000 -1000 -10
637 128 pedestrian 0 0 -10 1038.73 145.55 1120.75 355.00 -10 -10 -10 -100    0 -1000 -1000 -10
637 127 pedestrian 0 0 -10 270.72 163.36 310.01 269.38 -10 -10 -10 -100    0 -1000 -1000 -10
637 123 pedestrian 0 0 -10 101.72 168.22 191.45 374.00 -10 -10 -10 -100    0 -1000 -1000 -10
637 109 pedestrian 0 0 -10 784.19 141.93 833.06 273.93 -10 -10 -10 -100    0 -1000 -1000 -10
637 124 pedestrian 0 0 -10 653.45 170.01 784.20 272.41 -10 -10 -10 -100    0 -1000 -1000 -10
637 107 pedestrian 0 0 -10 448.47 152.21 610.72 199.60 -10 -10 -10 -100    0 -1000 -1000 -10
637 106 pedestrian 0 0 -10 1163.25 126.21 1237.03 330.12 -10 -10 -10 -100    0 -1000 -1000 -10
637 118 pedestrian 0 0 -10 459.58 155.89 562.19 250.66 -10 -10 -10 -100    0 -1000 -1000 -10
637 102 pedestrian 0 0 -10 371.64 145.76 474.79 240.57 -10 -10 -10 -100    0 -1000 -1000 -10
637 117 pedestrian 0 0 -10 0.00 259.90 165.75 374.00 -10 -10 -10 -100    0 -1000 -1000 -10
637 93 pedestrian 0 0 -10 676.40 144.85 723.58 276.34 -10 -10 -10 -100    0 -1000 -1000 -10
637 110 pedestrian 0 0 -10 56.15 164.88 142.75 374.00 -10 -10 -10 -100    0 -1000 -1000 -10
637 113 pedestrian 0 0 -10 878.28 132.03 989.31 365.78 -10 -10 -10 -100    0 -1000 -1000 -10
637 112 pedestrian 0 0 -10 433.23 152.91 494.83 220.53 -10 -10 -10 -100    0 -1000 -1000 -10
637 95 pedestrian 0 0 -10 610.26 156.64 652.17 283.05 -10 -10 -10 -100    0 -1000 -1000 -10
637 126 pedestrian 0 0 -10 802.13 146.06 843.01 245.62 -10 -10 -10 -100    0 -1000 -1000 -10
638 128 pedestrian 0 0 -10 1023.17 147.98 1100.89 352.63 -10 -10 -10 -100    0 -1000 -1000 -10
638 127 pedestrian 0 0 -10 273.99 163.70 312.64 267.59 -10 -10 -10 -100    0 -1000 -1000 -10
638 123 pedestrian 0 0 -10 89.43 168.40 187.43 374.00 -10 -10 -10 -100    0 -1000 -1000 -10
638 109 pedestrian 0 0 -10 778.19 141.38 824.48 273.38 -10 -10 -10 -100    0 -1000 -1000 -10
638 124 pedestrian 0 0 -10 656.72 169.98 785.06 272.76 -10 -10 -10 -100    0 -1000 -1000 -10
638 107 pedestrian 0 0 -10 457.10 151.31 606.65 195.34 -10 -10 -10 -100    0 -1000 -1000 -10
638 106 pedestrian 0 0 -10 1161.53 126.40 1237.09 328.82 -10 -10 -10 -100    0 -1000 -1000 -10
638 118 pedestrian 0 0 -10 455.19 155.70 560.84 252.97 -10 -10 -10 -100    0 -1000 -1000 -10
638 102 pedestrian 0 0 -10 371.53 145.79 474.00 240.50 -10 -10 -10 -100    0 -1000 -1000 -10
638 117 pedestrian 0 0 -10 0.00 262.07 157.89 374.00 -10 -10 -10 -100    0 -1000 -1000 -10
638 93 pedestrian 0 0 -10 677.70 144.38 722.53 272.79 -10 -10 -10 -100    0 -1000 -1000 -10
638 110 pedestrian 0 0 -10 48.36 166.25 138.58 374.00 -10 -10 -10 -100    0 -1000 -1000 -10
638 113 pedestrian 0 0 -10 876.57 132.62 982.45 365.72 -10 -10 -10 -100    0 -1000 -1000 -10
638 112 pedestrian 0 0 -10 433.26 153.16 494.91 221.42 -10 -10 -10 -100    0 -1000 -1000 -10
638 95 pedestrian 0 0 -10 606.20 159.67 647.08 281.61 -10 -10 -10 -100    0 -1000 -1000 -10
638 126 pedestrian 0 0 -10 804.15 147.49 844.36 243.88 -10 -10 -10 -100    0 -1000 -1000 -10
639 130 pedestrian 0 0 -10 651.08 159.19 682.13 271.86 -10 -10 -10 -100    0 -1000 -1000 -10
639 128 pedestrian 0 0 -10 1005.05 151.11 1092.99 350.39 -10 -10 -10 -100    0 -1000 -1000 -10
639 127 pedestrian 0 0 -10 277.23 162.98 314.80 264.95 -10 -10 -10 -100    0 -1000 -1000 -10
639 123 pedestrian 0 0 -10 76.66 169.41 184.49 374.00 -10 -10 -10 -100    0 -1000 -1000 -10
639 109 pedestrian 0 0 -10 771.63 143.14 819.57 271.78 -10 -10 -10 -100    0 -1000 -1000 -10
639 124 pedestrian 0 0 -10 659.97 170.14 787.62 274.67 -10 -10 -10 -100    0 -1000 -1000 -10
639 107 pedestrian 0 0 -10 461.28 150.18 602.08 192.29 -10 -10 -10 -100    0 -1000 -1000 -10
639 106 pedestrian 0 0 -10 1164.33 127.22 1237.02 327.76 -10 -10 -10 -100    0 -1000 -1000 -10
639 118 pedestrian 0 0 -10 450.95 155.49 560.26 254.57 -10 -10 -10 -100    0 -1000 -1000 -10
639 102 pedestrian 0 0 -10 371.56 145.82 473.40 240.63 -10 -10 -10 -100    0 -1000 -1000 -10
639 117 pedestrian 0 0 -10 0.00 264.35 147.25 374.00 -10 -10 -10 -100    0 -1000 -1000 -10
639 93 pedestrian 0 0 -10 676.14 145.26 720.90 272.67 -10 -10 -10 -100    0 -1000 -1000 -10
639 110 pedestrian 0 0 -10 22.10 164.84 128.41 374.00 -10 -10 -10 -100    0 -1000 -1000 -10
639 113 pedestrian 0 0 -10 869.28 131.83 969.86 366.94 -10 -10 -10 -100    0 -1000 -1000 -10
639 112 pedestrian 0 0 -10 432.82 153.16 495.00 221.32 -10 -10 -10 -100    0 -1000 -1000 -10
639 95 pedestrian 0 0 -10 604.15 159.64 643.22 279.54 -10 -10 -10 -100    0 -1000 -1000 -10
639 126 pedestrian 0 0 -10 806.07 148.47 845.02 243.58 -10 -10 -10 -100    0 -1000 -1000 -10
640 128 pedestrian 0 0 -10 992.14 146.23 1084.18 350.14 -10 -10 -10 -100    0 -1000 -1000 -10
640 127 pedestrian 0 0 -10 279.97 161.91 317.50 265.67 -10 -10 -10 -100    0 -1000 -1000 -10
640 123 pedestrian 0 0 -10 62.20 166.87 176.92 374.00 -10 -10 -10 -100    0 -1000 -1000 -10
640 109 pedestrian 0 0 -10 765.47 144.18 815.09 272.79 -10 -10 -10 -100    0 -1000 -1000 -10
640 124 pedestrian 0 0 -10 659.58 171.14 784.22 274.88 -10 -10 -10 -100    0 -1000 -1000 -10
640 107 pedestrian 0 0 -10 462.01 150.00 601.06 191.67 -10 -10 -10 -100    0 -1000 -1000 -10
640 106 pedestrian 0 0 -10 1164.60 127.23 1237.13 327.69 -10 -10 -10 -100    0 -1000 -1000 -10
640 118 pedestrian 0 0 -10 446.94 155.66 559.15 256.45 -10 -10 -10 -100    0 -1000 -1000 -10
640 102 pedestrian 0 0 -10 371.87 146.39 473.15 240.59 -10 -10 -10 -100    0 -1000 -1000 -10
640 117 pedestrian 0 0 -10 0.00 266.64 138.94 374.00 -10 -10 -10 -100    0 -1000 -1000 -10
640 93 pedestrian 0 0 -10 674.39 147.24 718.91 272.18 -10 -10 -10 -100    0 -1000 -1000 -10
640 110 pedestrian 0 0 -10 0.00 160.67 128.37 374.00 -10 -10 -10 -100    0 -1000 -1000 -10
640 130 pedestrian 0 0 -10 647.74 162.57 677.51 268.93 -10 -10 -10 -100    0 -1000 -1000 -10
640 113 pedestrian 0 0 -10 862.23 132.53 951.83 366.44 -10 -10 -10 -100    0 -1000 -1000 -10
640 112 pedestrian 0 0 -10 432.05 153.18 495.14 220.97 -10 -10 -10 -100    0 -1000 -1000 -10
640 95 pedestrian 0 0 -10 600.01 159.64 640.15 278.94 -10 -10 -10 -100    0 -1000 -1000 -10
640 126 pedestrian 0 0 -10 805.94 147.72 846.44 243.81 -10 -10 -10 -100    0 -1000 -1000 -10
641 128 pedestrian 0 0 -10 986.04 150.38 1064.29 346.34 -10 -10 -10 -100    0 -1000 -1000 -10
641 127 pedestrian 0 0 -10 284.76 163.38 321.10 264.93 -10 -10 -10 -100    0 -1000 -1000 -10
641 123 pedestrian 0 0 -10 46.35 164.53 166.53 374.00 -10 -10 -10 -100    0 -1000 -1000 -10
641 109 pedestrian 0 0 -10 759.78 144.20 805.29 269.90 -10 -10 -10 -100    0 -1000 -1000 -10
641 124 pedestrian 0 0 -10 658.17 172.00 790.25 276.03 -10 -10 -10 -100    0 -1000 -1000 -10
641 107 pedestrian 0 0 -10 463.57 150.69 599.43 191.74 -10 -10 -10 -100    0 -1000 -1000 -10
641 106 pedestrian 0 0 -10 1164.61 127.37 1237.11 327.40 -10 -10 -10 -100    0 -1000 -1000 -10
641 118 pedestrian 0 0 -10 442.40 155.74 558.42 258.70 -10 -10 -10 -100    0 -1000 -1000 -10
641 102 pedestrian 0 0 -10 371.81 146.55 473.11 240.69 -10 -10 -10 -100    0 -1000 -1000 -10
641 117 pedestrian 0 0 -10 0.00 269.28 131.12 374.00 -10 -10 -10 -100    0 -1000 -1000 -10
641 93 pedestrian 0 0 -10 673.15 147.53 716.79 270.54 -10 -10 -10 -100    0 -1000 -1000 -10
641 110 pedestrian 0 0 -10 0.00 162.97 116.87 374.00 -10 -10 -10 -100    0 -1000 -1000 -10
641 130 pedestrian 0 0 -10 646.10 162.15 675.08 269.87 -10 -10 -10 -100    0 -1000 -1000 -10
641 113 pedestrian 0 0 -10 851.98 133.75 934.89 366.38 -10 -10 -10 -100    0 -1000 -1000 -10
641 112 pedestrian 0 0 -10 432.21 153.28 495.47 219.71 -10 -10 -10 -100    0 -1000 -1000 -10
641 95 pedestrian 0 0 -10 597.01 159.87 636.30 277.52 -10 -10 -10 -100    0 -1000 -1000 -10
641 126 pedestrian 0 0 -10 804.82 148.71 848.82 247.01 -10 -10 -10 -100    0 -1000 -1000 -10
642 128 pedestrian 0 0 -10 973.92 149.99 1039.62 342.72 -10 -10 -10 -100    0 -1000 -1000 -10
642 127 pedestrian 0 0 -10 287.62 164.50 323.95 263.59 -10 -10 -10 -100    0 -1000 -1000 -10
642 123 pedestrian 0 0 -10 29.82 165.97 152.70 374.00 -10 -10 -10 -100    0 -1000 -1000 -10
642 109 pedestrian 0 0 -10 754.46 144.00 796.06 269.42 -10 -10 -10 -100    0 -1000 -1000 -10
642 124 pedestrian 0 0 -10 659.11 172.14 791.45 276.08 -10 -10 -10 -100    0 -1000 -1000 -10
642 107 pedestrian 0 0 -10 464.43 151.26 599.27 192.15 -10 -10 -10 -100    0 -1000 -1000 -10
642 106 pedestrian 0 0 -10 1164.41 126.66 1237.12 327.77 -10 -10 -10 -100    0 -1000 -1000 -10
642 118 pedestrian 0 0 -10 437.20 155.11 556.27 260.88 -10 -10 -10 -100    0 -1000 -1000 -10
642 102 pedestrian 0 0 -10 371.91 146.32 473.01 240.36 -10 -10 -10 -100    0 -1000 -1000 -10
642 117 pedestrian 0 0 -10 0.00 272.39 116.29 374.00 -10 -10 -10 -100    0 -1000 -1000 -10
642 93 pedestrian 0 0 -10 672.69 147.90 714.02 268.68 -10 -10 -10 -100    0 -1000 -1000 -10
642 110 pedestrian 0 0 -10 0.00 165.03 108.25 374.00 -10 -10 -10 -100    0 -1000 -1000 -10
642 130 pedestrian 0 0 -10 642.32 160.82 671.64 270.46 -10 -10 -10 -100    0 -1000 -1000 -10
642 113 pedestrian 0 0 -10 841.35 135.21 927.94 365.77 -10 -10 -10 -100    0 -1000 -1000 -10
642 112 pedestrian 0 0 -10 432.26 152.99 495.22 219.80 -10 -10 -10 -100    0 -1000 -1000 -10
642 95 pedestrian 0 0 -10 594.01 160.28 632.86 277.26 -10 -10 -10 -100    0 -1000 -1000 -10
642 126 pedestrian 0 0 -10 803.89 150.06 848.57 246.26 -10 -10 -10 -100    0 -1000 -1000 -10
643 128 pedestrian 0 0 -10 960.45 152.01 1032.68 343.82 -10 -10 -10 -100    0 -1000 -1000 -10
643 127 pedestrian 0 0 -10 291.88 163.76 326.90 261.94 -10 -10 -10 -100    0 -1000 -1000 -10
643 123 pedestrian 0 0 -10 3.36 164.78 180.13 374.00 -10 -10 -10 -100    0 -1000 -1000 -10
643 109 pedestrian 0 0 -10 746.98 145.60 792.40 271.82 -10 -10 -10 -100    0 -1000 -1000 -10
643 124 pedestrian 0 0 -10 657.43 170.69 792.76 285.11 -10 -10 -10 -100    0 -1000 -1000 -10
643 107 pedestrian 0 0 -10 463.63 151.61 597.87 194.24 -10 -10 -10 -100    0 -1000 -1000 -10
643 106 pedestrian 0 0 -10 1164.85 127.08 1237.18 327.33 -10 -10 -10 -100    0 -1000 -1000 -10
643 118 pedestrian 0 0 -10 433.20 155.36 554.93 262.81 -10 -10 -10 -100    0 -1000 -1000 -10
643 102 pedestrian 0 0 -10 371.91 146.49 472.25 240.08 -10 -10 -10 -100    0 -1000 -1000 -10
643 117 pedestrian 0 0 -10 0.09 280.54 101.59 374.00 -10 -10 -10 -100    0 -1000 -1000 -10
643 93 pedestrian 0 0 -10 672.29 147.81 713.96 266.78 -10 -10 -10 -100    0 -1000 -1000 -10
643 110 pedestrian 0 0 -10 0.03 167.12 97.66 374.00 -10 -10 -10 -100    0 -1000 -1000 -10
643 130 pedestrian 0 0 -10 639.03 162.60 666.83 269.82 -10 -10 -10 -100    0 -1000 -1000 -10
643 113 pedestrian 0 0 -10 826.50 134.58 917.77 364.89 -10 -10 -10 -100    0 -1000 -1000 -10
643 112 pedestrian 0 0 -10 432.43 153.17 495.19 220.19 -10 -10 -10 -100    0 -1000 -1000 -10
643 95 pedestrian 0 0 -10 592.31 161.56 630.41 275.95 -10 -10 -10 -100    0 -1000 -1000 -10
643 126 pedestrian 0 0 -10 804.09 150.29 847.71 246.63 -10 -10 -10 -100    0 -1000 -1000 -10
644 128 pedestrian 0 0 -10 941.80 152.34 1025.63 344.04 -10 -10 -10 -100    0 -1000 -1000 -10
644 127 pedestrian 0 0 -10 297.10 163.89 330.45 261.40 -10 -10 -10 -100    0 -1000 -1000 -10
644 123 pedestrian 0 0 -10 0.00 167.68 171.63 374.00 -10 -10 -10 -100    0 -1000 -1000 -10
644 109 pedestrian 0 0 -10 738.10 147.12 787.52 270.59 -10 -10 -10 -100    0 -1000 -1000 -10
644 124 pedestrian 0 0 -10 656.09 172.05 792.88 284.81 -10 -10 -10 -100    0 -1000 -1000 -10
644 107 pedestrian 0 0 -10 463.13 151.78 596.86 194.50 -10 -10 -10 -100    0 -1000 -1000 -10
644 106 pedestrian 0 0 -10 1164.87 126.93 1237.18 327.23 -10 -10 -10 -100    0 -1000 -1000 -10
644 118 pedestrian 0 0 -10 426.95 155.32 553.73 265.10 -10 -10 -10 -100    0 -1000 -1000 -10
644 102 pedestrian 0 0 -10 372.24 145.82 474.41 240.30 -10 -10 -10 -100    0 -1000 -1000 -10
644 117 pedestrian 0 0 -10 0.03 277.58 88.32 374.00 -10 -10 -10 -100    0 -1000 -1000 -10
644 93 pedestrian 0 0 -10 670.06 147.98 713.79 266.93 -10 -10 -10 -100    0 -1000 -1000 -10
644 110 pedestrian 0 0 -10 0.05 166.41 85.72 374.00 -10 -10 -10 -100    0 -1000 -1000 -10
644 130 pedestrian 0 0 -10 635.82 160.37 664.83 268.14 -10 -10 -10 -100    0 -1000 -1000 -10
644 113 pedestrian 0 0 -10 818.59 131.63 913.22 364.68 -10 -10 -10 -100    0 -1000 -1000 -10
644 112 pedestrian 0 0 -10 433.95 153.06 495.35 220.64 -10 -10 -10 -100    0 -1000 -1000 -10
644 95 pedestrian 0 0 -10 588.91 160.34 627.02 274.79 -10 -10 -10 -100    0 -1000 -1000 -10
644 126 pedestrian 0 0 -10 804.27 150.13 846.41 247.55 -10 -10 -10 -100    0 -1000 -1000 -10
645 128 pedestrian 0 0 -10 930.61 153.22 1013.67 340.69 -10 -10 -10 -100    0 -1000 -1000 -10
645 127 pedestrian 0 0 -10 301.82 163.55 334.86 260.59 -10 -10 -10 -100    0 -1000 -1000 -10
645 123 pedestrian 0 0 -10 0.00 167.37 161.80 374.00 -10 -10 -10 -100    0 -1000 -1000 -10
645 109 pedestrian 0 0 -10 733.45 147.59 783.06 268.40 -10 -10 -10 -100    0 -1000 -1000 -10
645 124 pedestrian 0 0 -10 656.00 173.37 793.16 283.61 -10 -10 -10 -100    0 -1000 -1000 -10
645 107 pedestrian 0 0 -10 463.53 151.99 599.05 194.30 -10 -10 -10 -100    0 -1000 -1000 -10
645 106 pedestrian 0 0 -10 1164.08 127.03 1237.25 327.32 -10 -10 -10 -100    0 -1000 -1000 -10
645 118 pedestrian 0 0 -10 422.50 154.89 552.37 267.31 -10 -10 -10 -100    0 -1000 -1000 -10
645 102 pedestrian 0 0 -10 372.22 146.05 473.87 240.38 -10 -10 -10 -100    0 -1000 -1000 -10
645 117 pedestrian 0 0 -10 0.05 283.36 78.00 374.00 -10 -10 -10 -100    0 -1000 -1000 -10
645 93 pedestrian 0 0 -10 669.45 149.11 712.11 265.71 -10 -10 -10 -100    0 -1000 -1000 -10
645 110 pedestrian 0 0 -10 0.03 162.98 70.16 374.00 -10 -10 -10 -100    0 -1000 -1000 -10
645 130 pedestrian 0 0 -10 632.83 160.59 663.60 268.08 -10 -10 -10 -100    0 -1000 -1000 -10
645 113 pedestrian 0 0 -10 812.78 132.04 906.93 365.61 -10 -10 -10 -100    0 -1000 -1000 -10
645 112 pedestrian 0 0 -10 433.35 152.67 495.50 220.50 -10 -10 -10 -100    0 -1000 -1000 -10
645 95 pedestrian 0 0 -10 585.16 158.56 624.25 273.03 -10 -10 -10 -100    0 -1000 -1000 -10
645 126 pedestrian 0 0 -10 806.42 151.20 848.75 250.14 -10 -10 -10 -100    0 -1000 -1000 -10
646 128 pedestrian 0 0 -10 922.48 150.51 994.72 336.73 -10 -10 -10 -100    0 -1000 -1000 -10
646 127 pedestrian 0 0 -10 304.75 163.45 337.84 259.77 -10 -10 -10 -100    0 -1000 -1000 -10
646 123 pedestrian 0 0 -10 0.00 166.55 147.79 374.00 -10 -10 -10 -100    0 -1000 -1000 -10
646 109 pedestrian 0 0 -10 730.99 147.68 775.17 267.49 -10 -10 -10 -100    0 -1000 -1000 -10
646 124 pedestrian 0 0 -10 654.23 174.78 789.54 282.68 -10 -10 -10 -100    0 -1000 -1000 -10
646 107 pedestrian 0 0 -10 463.65 152.88 599.89 195.73 -10 -10 -10 -100    0 -1000 -1000 -10
646 106 pedestrian 0 0 -10 1163.34 126.64 1237.26 327.49 -10 -10 -10 -100    0 -1000 -1000 -10
646 118 pedestrian 0 0 -10 417.72 154.83 550.94 269.53 -10 -10 -10 -100    0 -1000 -1000 -10
646 102 pedestrian 0 0 -10 372.19 145.88 473.72 240.81 -10 -10 -10 -100    0 -1000 -1000 -10
646 93 pedestrian 0 0 -10 669.42 151.22 709.66 264.54 -10 -10 -10 -100    0 -1000 -1000 -10
646 130 pedestrian 0 0 -10 629.77 162.32 661.82 266.75 -10 -10 -10 -100    0 -1000 -1000 -10
646 113 pedestrian 0 0 -10 810.12 136.50 895.89 365.32 -10 -10 -10 -100    0 -1000 -1000 -10
646 112 pedestrian 0 0 -10 433.57 152.53 494.53 220.75 -10 -10 -10 -100    0 -1000 -1000 -10
646 95 pedestrian 0 0 -10 583.24 161.25 622.37 271.30 -10 -10 -10 -100    0 -1000 -1000 -10
646 126 pedestrian 0 0 -10 805.19 155.34 849.42 251.74 -10 -10 -10 -100    0 -1000 -1000 -10
647 128 pedestrian 0 0 -10 912.64 148.46 980.18 336.32 -10 -10 -10 -100    0 -1000 -1000 -10
647 127 pedestrian 0 0 -10 308.06 164.45 340.89 259.79 -10 -10 -10 -100    0 -1000 -1000 -10
647 123 pedestrian 0 0 -10 0.00 165.57 138.28 374.00 -10 -10 -10 -100    0 -1000 -1000 -10
647 109 pedestrian 0 0 -10 725.51 147.68 766.36 267.76 -10 -10 -10 -100    0 -1000 -1000 -10
647 124 pedestrian 0 0 -10 655.26 173.36 799.18 285.77 -10 -10 -10 -100    0 -1000 -1000 -10
647 107 pedestrian 0 0 -10 463.60 152.84 599.60 195.36 -10 -10 -10 -100    0 -1000 -1000 -10
647 106 pedestrian 0 0 -10 1162.85 126.25 1237.22 327.65 -10 -10 -10 -100    0 -1000 -1000 -10
647 118 pedestrian 0 0 -10 412.01 154.87 549.59 271.64 -10 -10 -10 -100    0 -1000 -1000 -10
647 102 pedestrian 0 0 -10 371.72 146.04 472.79 240.92 -10 -10 -10 -100    0 -1000 -1000 -10
647 93 pedestrian 0 0 -10 666.32 149.47 708.57 262.59 -10 -10 -10 -100    0 -1000 -1000 -10
647 130 pedestrian 0 0 -10 627.64 162.18 660.89 266.08 -10 -10 -10 -100    0 -1000 -1000 -10
647 113 pedestrian 0 0 -10 806.31 135.48 882.71 363.77 -10 -10 -10 -100    0 -1000 -1000 -10
647 112 pedestrian 0 0 -10 433.33 152.49 494.52 220.21 -10 -10 -10 -100    0 -1000 -1000 -10
647 95 pedestrian 0 0 -10 580.22 161.41 620.43 270.23 -10 -10 -10 -100    0 -1000 -1000 -10
647 126 pedestrian 0 0 -10 806.38 153.51 852.20 255.01 -10 -10 -10 -100    0 -1000 -1000 -10
648 128 pedestrian 0 0 -10 902.90 152.20 962.56 335.64 -10 -10 -10 -100    0 -1000 -1000 -10
648 127 pedestrian 0 0 -10 310.22 164.79 343.13 259.00 -10 -10 -10 -100    0 -1000 -1000 -10
648 123 pedestrian 0 0 -10 0.00 168.03 131.27 374.00 -10 -10 -10 -100    0 -1000 -1000 -10
648 109 pedestrian 0 0 -10 721.85 149.63 758.73 267.30 -10 -10 -10 -100    0 -1000 -1000 -10
648 124 pedestrian 0 0 -10 654.37 174.93 794.26 278.74 -10 -10 -10 -100    0 -1000 -1000 -10
648 107 pedestrian 0 0 -10 463.15 152.90 600.81 196.37 -10 -10 -10 -100    0 -1000 -1000 -10
648 106 pedestrian 0 0 -10 1162.32 126.44 1237.32 327.75 -10 -10 -10 -100    0 -1000 -1000 -10
648 118 pedestrian 0 0 -10 406.84 154.88 548.21 273.94 -10 -10 -10 -100    0 -1000 -1000 -10
648 102 pedestrian 0 0 -10 371.57 145.94 472.77 241.15 -10 -10 -10 -100    0 -1000 -1000 -10
648 93 pedestrian 0 0 -10 662.25 150.45 704.20 261.10 -10 -10 -10 -100    0 -1000 -1000 -10
648 130 pedestrian 0 0 -10 623.70 162.25 657.33 265.21 -10 -10 -10 -100    0 -1000 -1000 -10
648 113 pedestrian 0 0 -10 799.70 135.07 868.57 362.83 -10 -10 -10 -100    0 -1000 -1000 -10
648 112 pedestrian 0 0 -10 433.36 152.42 494.34 219.92 -10 -10 -10 -100    0 -1000 -1000 -10
648 95 pedestrian 0 0 -10 580.47 160.34 618.14 268.36 -10 -10 -10 -100    0 -1000 -1000 -10
648 126 pedestrian 0 0 -10 804.71 155.50 850.37 253.75 -10 -10 -10 -100    0 -1000 -1000 -10
649 128 pedestrian 0 0 -10 884.10 152.72 958.85 334.37 -10 -10 -10 -100    0 -1000 -1000 -10
649 127 pedestrian 0 0 -10 313.25 164.08 344.99 257.67 -10 -10 -10 -100    0 -1000 -1000 -10
649 123 pedestrian 0 0 -10 0.00 168.88 120.32 374.00 -10 -10 -10 -100    0 -1000 -1000 -10
649 109 pedestrian 0 0 -10 714.04 148.42 754.30 265.11 -10 -10 -10 -100    0 -1000 -1000 -10
649 124 pedestrian 0 0 -10 655.03 175.67 777.69 256.17 -10 -10 -10 -100    0 -1000 -1000 -10
649 107 pedestrian 0 0 -10 462.79 153.06 601.13 197.50 -10 -10 -10 -100    0 -1000 -1000 -10
649 106 pedestrian 0 0 -10 1162.38 126.58 1237.40 327.90 -10 -10 -10 -100    0 -1000 -1000 -10
649 118 pedestrian 0 0 -10 402.08 154.93 547.05 276.61 -10 -10 -10 -100    0 -1000 -1000 -10
649 102 pedestrian 0 0 -10 372.03 146.33 472.91 240.68 -10 -10 -10 -100    0 -1000 -1000 -10
649 93 pedestrian 0 0 -10 659.05 152.24 699.44 259.81 -10 -10 -10 -100    0 -1000 -1000 -10
649 130 pedestrian 0 0 -10 619.99 162.56 656.53 265.42 -10 -10 -10 -100    0 -1000 -1000 -10
649 113 pedestrian 0 0 -10 790.92 133.82 863.34 361.12 -10 -10 -10 -100    0 -1000 -1000 -10
649 112 pedestrian 0 0 -10 433.09 152.92 494.10 219.78 -10 -10 -10 -100    0 -1000 -1000 -10
649 95 pedestrian 0 0 -10 578.93 160.45 615.02 266.88 -10 -10 -10 -100    0 -1000 -1000 -10
649 126 pedestrian 0 0 -10 807.29 155.48 851.64 254.67 -10 -10 -10 -100    0 -1000 -1000 -10
650 128 pedestrian 0 0 -10 869.15 153.01 954.76 333.92 -10 -10 -10 -100    0 -1000 -1000 -10
650 127 pedestrian 0 0 -10 315.31 163.41 346.46 255.97 -10 -10 -10 -100    0 -1000 -1000 -10
650 123 pedestrian 0 0 -10 0.00 168.27 103.43 374.00 -10 -10 -10 -100    0 -1000 -1000 -10
650 109 pedestrian 0 0 -10 708.27 148.38 749.44 266.80 -10 -10 -10 -100    0 -1000 -1000 -10
650 124 pedestrian 0 0 -10 654.11 174.77 771.59 250.87 -10 -10 -10 -100    0 -1000 -1000 -10
650 107 pedestrian 0 0 -10 462.72 152.97 601.55 197.99 -10 -10 -10 -100    0 -1000 -1000 -10
650 106 pedestrian 0 0 -10 1162.42 126.86 1237.39 327.76 -10 -10 -10 -100    0 -1000 -1000 -10
650 118 pedestrian 0 0 -10 395.69 154.64 545.32 278.85 -10 -10 -10 -100    0 -1000 -1000 -10
650 102 pedestrian 0 0 -10 372.44 145.52 473.62 240.67 -10 -10 -10 -100    0 -1000 -1000 -10
650 93 pedestrian 0 0 -10 656.36 152.25 697.10 260.41 -10 -10 -10 -100    0 -1000 -1000 -10
650 110 pedestrian 0 0 -10 0.10 184.73 82.71 374.00 -10 -10 -10 -100    0 -1000 -1000 -10
650 130 pedestrian 0 0 -10 618.23 161.74 654.64 265.75 -10 -10 -10 -100    0 -1000 -1000 -10
650 113 pedestrian 0 0 -10 783.10 134.00 858.23 360.58 -10 -10 -10 -100    0 -1000 -1000 -10
650 112 pedestrian 0 0 -10 432.60 153.09 494.33 220.08 -10 -10 -10 -100    0 -1000 -1000 -10
650 95 pedestrian 0 0 -10 576.96 161.50 612.18 266.19 -10 -10 -10 -100    0 -1000 -1000 -10
650 126 pedestrian 0 0 -10 808.41 157.03 851.78 257.00 -10 -10 -10 -100    0 -1000 -1000 -10
651 128 pedestrian 0 0 -10 867.02 154.15 944.84 333.72 -10 -10 -10 -100    0 -1000 -1000 -10
651 127 pedestrian 0 0 -10 317.58 163.57 348.76 256.26 -10 -10 -10 -100    0 -1000 -1000 -10
651 123 pedestrian 0 0 -10 0.00 201.95 59.03 374.00 -10 -10 -10 -100    0 -1000 -1000 -10
651 109 pedestrian 0 0 -10 704.66 150.89 741.26 265.66 -10 -10 -10 -100    0 -1000 -1000 -10
651 124 pedestrian 0 0 -10 652.25 175.04 770.15 249.64 -10 -10 -10 -100    0 -1000 -1000 -10
651 107 pedestrian 0 0 -10 461.73 152.62 602.96 199.41 -10 -10 -10 -100    0 -1000 -1000 -10
651 106 pedestrian 0 0 -10 1162.07 126.68 1237.40 327.64 -10 -10 -10 -100    0 -1000 -1000 -10
651 118 pedestrian 0 0 -10 389.11 154.49 543.09 281.30 -10 -10 -10 -100    0 -1000 -1000 -10
651 102 pedestrian 0 0 -10 373.20 145.36 474.39 240.37 -10 -10 -10 -100    0 -1000 -1000 -10
651 93 pedestrian 0 0 -10 654.67 152.09 694.21 260.05 -10 -10 -10 -100    0 -1000 -1000 -10
651 110 pedestrian 0 0 -10 0.00 172.26 85.91 374.00 -10 -10 -10 -100    0 -1000 -1000 -10
651 130 pedestrian 0 0 -10 616.73 162.45 651.56 266.05 -10 -10 -10 -100    0 -1000 -1000 -10
651 113 pedestrian 0 0 -10 764.85 135.38 854.82 359.85 -10 -10 -10 -100    0 -1000 -1000 -10
651 112 pedestrian 0 0 -10 432.85 153.25 494.93 219.72 -10 -10 -10 -100    0 -1000 -1000 -10
651 95 pedestrian 0 0 -10 575.55 160.76 609.70 267.22 -10 -10 -10 -100    0 -1000 -1000 -10
651 126 pedestrian 0 0 -10 804.87 160.61 851.10 257.92 -10 -10 -10 -100    0 -1000 -1000 -10
652 128 pedestrian 0 0 -10 868.10 152.42 939.03 331.08 -10 -10 -10 -100    0 -1000 -1000 -10
652 127 pedestrian 0 0 -10 320.44 163.38 351.41 255.67 -10 -10 -10 -100    0 -1000 -1000 -10
652 109 pedestrian 0 0 -10 698.18 151.16 732.40 264.71 -10 -10 -10 -100    0 -1000 -1000 -10
652 124 pedestrian 0 0 -10 649.48 175.37 770.05 252.70 -10 -10 -10 -100    0 -1000 -1000 -10
652 107 pedestrian 0 0 -10 461.90 153.89 603.36 201.86 -10 -10 -10 -100    0 -1000 -1000 -10
652 106 pedestrian 0 0 -10 1161.83 126.32 1237.41 327.91 -10 -10 -10 -100    0 -1000 -1000 -10
652 118 pedestrian 0 0 -10 384.51 153.83 541.18 283.57 -10 -10 -10 -100    0 -1000 -1000 -10
652 102 pedestrian 0 0 -10 372.86 145.30 474.44 240.45 -10 -10 -10 -100    0 -1000 -1000 -10
652 93 pedestrian 0 0 -10 650.39 151.52 688.58 259.27 -10 -10 -10 -100    0 -1000 -1000 -10
652 110 pedestrian 0 0 -10 0.00 170.59 74.43 374.00 -10 -10 -10 -100    0 -1000 -1000 -10
652 130 pedestrian 0 0 -10 615.28 162.59 649.16 266.34 -10 -10 -10 -100    0 -1000 -1000 -10
652 113 pedestrian 0 0 -10 749.85 134.28 852.05 359.68 -10 -10 -10 -100    0 -1000 -1000 -10
652 112 pedestrian 0 0 -10 433.84 153.24 495.37 219.42 -10 -10 -10 -100    0 -1000 -1000 -10
652 95 pedestrian 0 0 -10 573.66 161.27 606.15 263.54 -10 -10 -10 -100    0 -1000 -1000 -10
653 128 pedestrian 0 0 -10 860.63 155.34 918.75 333.28 -10 -10 -10 -100    0 -1000 -1000 -10
653 127 pedestrian 0 0 -10 320.26 163.31 352.42 255.78 -10 -10 -10 -100    0 -1000 -1000 -10
653 109 pedestrian 0 0 -10 683.91 150.86 718.00 264.25 -10 -10 -10 -100    0 -1000 -1000 -10
653 124 pedestrian 0 0 -10 645.79 170.90 767.90 250.89 -10 -10 -10 -100    0 -1000 -1000 -10
653 107 pedestrian 0 0 -10 463.01 155.11 603.04 203.85 -10 -10 -10 -100    0 -1000 -1000 -10
653 106 pedestrian 0 0 -10 1161.36 126.43 1237.45 327.85 -10 -10 -10 -100    0 -1000 -1000 -10
653 118 pedestrian 0 0 -10 377.61 153.29 538.60 286.04 -10 -10 -10 -100    0 -1000 -1000 -10
653 102 pedestrian 0 0 -10 373.41 145.59 474.15 238.46 -10 -10 -10 -100    0 -1000 -1000 -10
653 93 pedestrian 0 0 -10 646.90 152.63 683.94 258.23 -10 -10 -10 -100    0 -1000 -1000 -10
653 130 pedestrian 0 0 -10 612.83 161.45 645.62 264.70 -10 -10 -10 -100    0 -1000 -1000 -10
653 113 pedestrian 0 0 -10 740.19 134.36 845.65 358.57 -10 -10 -10 -100    0 -1000 -1000 -10
653 112 pedestrian 0 0 -10 434.29 153.22 495.31 219.96 -10 -10 -10 -100    0 -1000 -1000 -10
653 95 pedestrian 0 0 -10 571.40 160.98 604.13 260.41 -10 -10 -10 -100    0 -1000 -1000 -10
654 128 pedestrian 0 0 -10 849.87 156.02 912.09 331.24 -10 -10 -10 -100    0 -1000 -1000 -10
654 127 pedestrian 0 0 -10 321.67 163.18 354.00 254.78 -10 -10 -10 -100    0 -1000 -1000 -10
654 109 pedestrian 0 0 -10 670.55 153.13 713.33 264.37 -10 -10 -10 -100    0 -1000 -1000 -10
654 124 pedestrian 0 0 -10 643.96 164.97 764.17 246.67 -10 -10 -10 -100    0 -1000 -1000 -10
654 107 pedestrian 0 0 -10 463.98 155.40 603.45 205.10 -10 -10 -10 -100    0 -1000 -1000 -10
654 106 pedestrian 0 0 -10 1161.53 125.78 1237.45 327.70 -10 -10 -10 -100    0 -1000 -1000 -10
654 118 pedestrian 0 0 -10 371.19 153.19 536.65 289.06 -10 -10 -10 -100    0 -1000 -1000 -10
654 102 pedestrian 0 0 -10 373.91 145.33 474.36 237.30 -10 -10 -10 -100    0 -1000 -1000 -10
654 93 pedestrian 0 0 -10 643.12 153.11 678.10 256.03 -10 -10 -10 -100    0 -1000 -1000 -10
654 130 pedestrian 0 0 -10 604.72 159.29 642.21 265.57 -10 -10 -10 -100    0 -1000 -1000 -10
654 113 pedestrian 0 0 -10 733.87 135.98 834.27 357.90 -10 -10 -10 -100    0 -1000 -1000 -10
654 112 pedestrian 0 0 -10 434.14 153.20 495.02 219.94 -10 -10 -10 -100    0 -1000 -1000 -10
654 95 pedestrian 0 0 -10 569.57 159.94 601.48 259.99 -10 -10 -10 -100    0 -1000 -1000 -10
655 128 pedestrian 0 0 -10 836.60 154.97 905.66 328.10 -10 -10 -10 -100    0 -1000 -1000 -10
655 127 pedestrian 0 0 -10 326.20 162.68 356.64 252.23 -10 -10 -10 -100    0 -1000 -1000 -10
655 109 pedestrian 0 0 -10 669.18 154.38 713.00 263.98 -10 -10 -10 -100    0 -1000 -1000 -10
655 124 pedestrian 0 0 -10 639.92 163.67 759.24 244.27 -10 -10 -10 -100    0 -1000 -1000 -10
655 107 pedestrian 0 0 -10 465.14 156.41 603.72 206.23 -10 -10 -10 -100    0 -1000 -1000 -10
655 106 pedestrian 0 0 -10 1162.01 125.68 1237.42 327.81 -10 -10 -10 -100    0 -1000 -1000 -10
655 118 pedestrian 0 0 -10 364.63 152.37 535.15 291.69 -10 -10 -10 -100    0 -1000 -1000 -10
655 102 pedestrian 0 0 -10 373.12 145.06 474.08 237.45 -10 -10 -10 -100    0 -1000 -1000 -10
655 93 pedestrian 0 0 -10 641.71 152.51 676.13 255.97 -10 -10 -10 -100    0 -1000 -1000 -10
655 130 pedestrian 0 0 -10 596.16 161.05 633.16 261.15 -10 -10 -10 -100    0 -1000 -1000 -10
655 113 pedestrian 0 0 -10 733.44 136.07 819.91 358.16 -10 -10 -10 -100    0 -1000 -1000 -10
655 112 pedestrian 0 0 -10 434.28 153.01 495.24 219.81 -10 -10 -10 -100    0 -1000 -1000 -10
655 95 pedestrian 0 0 -10 569.09 159.53 602.14 258.74 -10 -10 -10 -100    0 -1000 -1000 -10
656 128 pedestrian 0 0 -10 824.86 154.28 898.78 327.33 -10 -10 -10 -100    0 -1000 -1000 -10
656 127 pedestrian 0 0 -10 328.69 161.60 358.71 251.59 -10 -10 -10 -100    0 -1000 -1000 -10
656 109 pedestrian 0 0 -10 669.53 155.93 710.66 263.90 -10 -10 -10 -100    0 -1000 -1000 -10
656 124 pedestrian 0 0 -10 638.51 162.41 756.65 245.25 -10 -10 -10 -100    0 -1000 -1000 -10
656 107 pedestrian 0 0 -10 465.14 156.60 604.31 207.36 -10 -10 -10 -100    0 -1000 -1000 -10
656 106 pedestrian 0 0 -10 1162.72 125.97 1237.35 327.92 -10 -10 -10 -100    0 -1000 -1000 -10
656 118 pedestrian 0 0 -10 357.48 152.17 532.53 294.28 -10 -10 -10 -100    0 -1000 -1000 -10
656 102 pedestrian 0 0 -10 373.62 144.78 474.04 238.00 -10 -10 -10 -100    0 -1000 -1000 -10
656 93 pedestrian 0 0 -10 638.31 153.33 673.55 255.57 -10 -10 -10 -100    0 -1000 -1000 -10
656 113 pedestrian 0 0 -10 731.92 137.48 812.93 357.96 -10 -10 -10 -100    0 -1000 -1000 -10
656 112 pedestrian 0 0 -10 433.91 152.89 495.02 220.48 -10 -10 -10 -100    0 -1000 -1000 -10
656 95 pedestrian 0 0 -10 569.28 159.75 603.89 259.22 -10 -10 -10 -100    0 -1000 -1000 -10
657 128 pedestrian 0 0 -10 820.33 156.30 888.74 325.99 -10 -10 -10 -100    0 -1000 -1000 -10
657 127 pedestrian 0 0 -10 332.72 161.82 362.80 250.82 -10 -10 -10 -100    0 -1000 -1000 -10
657 109 pedestrian 0 0 -10 661.30 154.60 702.80 263.10 -10 -10 -10 -100    0 -1000 -1000 -10
657 124 pedestrian 0 0 -10 645.02 163.42 755.92 250.16 -10 -10 -10 -100    0 -1000 -1000 -10
657 107 pedestrian 0 0 -10 465.13 156.76 604.29 209.16 -10 -10 -10 -100    0 -1000 -1000 -10
657 106 pedestrian 0 0 -10 1162.41 125.83 1237.31 327.31 -10 -10 -10 -100    0 -1000 -1000 -10
657 118 pedestrian 0 0 -10 351.22 151.52 528.96 296.67 -10 -10 -10 -100    0 -1000 -1000 -10
657 102 pedestrian 0 0 -10 373.60 144.46 473.63 239.70 -10 -10 -10 -100    0 -1000 -1000 -10
657 93 pedestrian 0 0 -10 635.76 153.86 669.07 253.91 -10 -10 -10 -100    0 -1000 -1000 -10
657 113 pedestrian 0 0 -10 724.07 138.24 800.73 361.01 -10 -10 -10 -100    0 -1000 -1000 -10
657 112 pedestrian 0 0 -10 433.29 152.44 494.74 220.49 -10 -10 -10 -100    0 -1000 -1000 -10
657 95 pedestrian 0 0 -10 569.75 160.37 603.44 258.39 -10 -10 -10 -100    0 -1000 -1000 -10
658 127 pedestrian 0 0 -10 334.42 162.12 364.57 250.52 -10 -10 -10 -100    0 -1000 -1000 -10
658 109 pedestrian 0 0 -10 651.02 156.07 690.04 262.31 -10 -10 -10 -100    0 -1000 -1000 -10
658 124 pedestrian 0 0 -10 646.95 163.50 754.23 258.14 -10 -10 -10 -100    0 -1000 -1000 -10
658 107 pedestrian 0 0 -10 465.39 155.68 606.10 211.69 -10 -10 -10 -100    0 -1000 -1000 -10
658 106 pedestrian 0 0 -10 1162.15 125.97 1237.18 327.24 -10 -10 -10 -100    0 -1000 -1000 -10
658 118 pedestrian 0 0 -10 343.29 150.98 527.58 300.38 -10 -10 -10 -100    0 -1000 -1000 -10
658 102 pedestrian 0 0 -10 373.47 144.68 473.10 239.11 -10 -10 -10 -100    0 -1000 -1000 -10
658 93 pedestrian 0 0 -10 632.05 154.97 664.01 252.03 -10 -10 -10 -100    0 -1000 -1000 -10
658 113 pedestrian 0 0 -10 715.68 139.02 792.49 356.74 -10 -10 -10 -100    0 -1000 -1000 -10
658 112 pedestrian 0 0 -10 433.17 152.42 494.65 220.70 -10 -10 -10 -100    0 -1000 -1000 -10
658 95 pedestrian 0 0 -10 570.22 160.93 604.42 257.43 -10 -10 -10 -100    0 -1000 -1000 -10
658 128 pedestrian 0 0 -10 812.25 155.24 874.01 325.24 -10 -10 -10 -100    0 -1000 -1000 -10
659 127 pedestrian 0 0 -10 335.57 163.03 366.64 249.28 -10 -10 -10 -100    0 -1000 -1000 -10
659 109 pedestrian 0 0 -10 645.65 155.94 685.59 261.68 -10 -10 -10 -100    0 -1000 -1000 -10
659 124 pedestrian 0 0 -10 643.56 164.34 755.93 260.30 -10 -10 -10 -100    0 -1000 -1000 -10
659 107 pedestrian 0 0 -10 464.61 154.34 608.87 210.84 -10 -10 -10 -100    0 -1000 -1000 -10
659 106 pedestrian 0 0 -10 1162.16 125.58 1237.21 326.93 -10 -10 -10 -100    0 -1000 -1000 -10
659 118 pedestrian 0 0 -10 336.66 150.42 525.22 303.35 -10 -10 -10 -100    0 -1000 -1000 -10
659 102 pedestrian 0 0 -10 372.58 144.80 474.13 238.70 -10 -10 -10 -100    0 -1000 -1000 -10
659 93 pedestrian 0 0 -10 628.10 157.45 660.73 251.31 -10 -10 -10 -100    0 -1000 -1000 -10
659 113 pedestrian 0 0 -10 703.13 141.15 787.53 353.59 -10 -10 -10 -100    0 -1000 -1000 -10
659 112 pedestrian 0 0 -10 433.54 152.59 495.16 220.68 -10 -10 -10 -100    0 -1000 -1000 -10
659 128 pedestrian 0 0 -10 796.92 154.97 862.28 326.74 -10 -10 -10 -100    0 -1000 -1000 -10
660 127 pedestrian 0 0 -10 337.62 162.57 368.56 249.33 -10 -10 -10 -100    0 -1000 -1000 -10
660 109 pedestrian 0 0 -10 639.29 155.27 678.61 261.86 -10 -10 -10 -100    0 -1000 -1000 -10
660 124 pedestrian 0 0 -10 640.56 169.18 758.27 266.05 -10 -10 -10 -100    0 -1000 -1000 -10
660 107 pedestrian 0 0 -10 461.68 151.42 614.15 212.02 -10 -10 -10 -100    0 -1000 -1000 -10
660 106 pedestrian 0 0 -10 1163.11 125.87 1236.95 327.29 -10 -10 -10 -100    0 -1000 -1000 -10
660 118 pedestrian 0 0 -10 329.75 149.37 522.38 305.58 -10 -10 -10 -100    0 -1000 -1000 -10
660 102 pedestrian 0 0 -10 372.51 144.60 474.87 239.61 -10 -10 -10 -100    0 -1000 -1000 -10
660 93 pedestrian 0 0 -10 625.30 154.87 656.91 251.02 -10 -10 -10 -100    0 -1000 -1000 -10
660 113 pedestrian 0 0 -10 697.40 139.71 784.01 353.10 -10 -10 -10 -100    0 -1000 -1000 -10
660 112 pedestrian 0 0 -10 433.04 152.29 494.58 221.04 -10 -10 -10 -100    0 -1000 -1000 -10
660 128 pedestrian 0 0 -10 779.84 158.08 853.02 322.94 -10 -10 -10 -100    0 -1000 -1000 -10
661 127 pedestrian 0 0 -10 339.25 161.66 370.06 248.16 -10 -10 -10 -100    0 -1000 -1000 -10
661 109 pedestrian 0 0 -10 633.67 155.35 669.75 259.34 -10 -10 -10 -100    0 -1000 -1000 -10
661 124 pedestrian 0 0 -10 638.66 171.63 756.46 267.16 -10 -10 -10 -100    0 -1000 -1000 -10
661 107 pedestrian 0 0 -10 462.15 151.07 615.51 212.79 -10 -10 -10 -100    0 -1000 -1000 -10
661 106 pedestrian 0 0 -10 1163.11 126.22 1236.92 327.16 -10 -10 -10 -100    0 -1000 -1000 -10
661 118 pedestrian 0 0 -10 323.71 148.79 519.93 308.86 -10 -10 -10 -100    0 -1000 -1000 -10
661 102 pedestrian 0 0 -10 373.19 144.82 474.41 238.30 -10 -10 -10 -100    0 -1000 -1000 -10
661 115 pedestrian 0 0 -10 564.16 161.59 605.23 263.28 -10 -10 -10 -100    0 -1000 -1000 -10
661 93 pedestrian 0 0 -10 620.74 154.31 651.70 249.99 -10 -10 -10 -100    0 -1000 -1000 -10
661 113 pedestrian 0 0 -10 694.25 137.98 778.47 353.70 -10 -10 -10 -100    0 -1000 -1000 -10
661 112 pedestrian 0 0 -10 432.87 152.34 494.17 220.68 -10 -10 -10 -100    0 -1000 -1000 -10
661 128 pedestrian 0 0 -10 774.43 158.35 848.99 320.71 -10 -10 -10 -100    0 -1000 -1000 -10
662 127 pedestrian 0 0 -10 341.16 161.04 369.78 247.39 -10 -10 -10 -100    0 -1000 -1000 -10
662 109 pedestrian 0 0 -10 629.11 156.17 664.45 261.44 -10 -10 -10 -100    0 -1000 -1000 -10
662 124 pedestrian 0 0 -10 632.11 172.52 757.08 270.95 -10 -10 -10 -100    0 -1000 -1000 -10
662 107 pedestrian 0 0 -10 463.50 151.18 616.30 213.57 -10 -10 -10 -100    0 -1000 -1000 -10
662 106 pedestrian 0 0 -10 1163.35 126.22 1236.84 327.00 -10 -10 -10 -100    0 -1000 -1000 -10
662 118 pedestrian 0 0 -10 316.97 148.41 517.97 311.59 -10 -10 -10 -100    0 -1000 -1000 -10
662 102 pedestrian 0 0 -10 372.32 144.48 473.18 237.92 -10 -10 -10 -100    0 -1000 -1000 -10
662 115 pedestrian 0 0 -10 557.22 162.06 595.57 262.66 -10 -10 -10 -100    0 -1000 -1000 -10
662 93 pedestrian 0 0 -10 616.44 155.59 646.30 250.97 -10 -10 -10 -100    0 -1000 -1000 -10
662 113 pedestrian 0 0 -10 690.87 140.88 769.47 353.74 -10 -10 -10 -100    0 -1000 -1000 -10
662 112 pedestrian 0 0 -10 432.28 152.07 494.37 220.26 -10 -10 -10 -100    0 -1000 -1000 -10
662 128 pedestrian 0 0 -10 770.95 157.66 838.13 321.51 -10 -10 -10 -100    0 -1000 -1000 -10
663 127 pedestrian 0 0 -10 343.53 162.07 369.54 246.78 -10 -10 -10 -100    0 -1000 -1000 -10
663 109 pedestrian 0 0 -10 622.92 156.64 661.67 259.86 -10 -10 -10 -100    0 -1000 -1000 -10
663 124 pedestrian 0 0 -10 626.27 171.31 751.36 265.42 -10 -10 -10 -100    0 -1000 -1000 -10
663 107 pedestrian 0 0 -10 463.43 151.54 613.33 213.49 -10 -10 -10 -100    0 -1000 -1000 -10
663 106 pedestrian 0 0 -10 1163.45 126.45 1236.81 326.91 -10 -10 -10 -100    0 -1000 -1000 -10
663 118 pedestrian 0 0 -10 309.35 147.35 514.87 315.60 -10 -10 -10 -100    0 -1000 -1000 -10
663 102 pedestrian 0 0 -10 371.37 144.35 472.70 237.72 -10 -10 -10 -100    0 -1000 -1000 -10
663 115 pedestrian 0 0 -10 553.83 161.97 589.44 262.42 -10 -10 -10 -100    0 -1000 -1000 -10
663 93 pedestrian 0 0 -10 613.41 156.89 642.49 250.83 -10 -10 -10 -100    0 -1000 -1000 -10
663 113 pedestrian 0 0 -10 685.92 143.04 759.69 354.06 -10 -10 -10 -100    0 -1000 -1000 -10
663 112 pedestrian 0 0 -10 432.76 151.84 494.37 220.06 -10 -10 -10 -100    0 -1000 -1000 -10
663 128 pedestrian 0 0 -10 762.47 158.16 822.41 322.57 -10 -10 -10 -100    0 -1000 -1000 -10
664 127 pedestrian 0 0 -10 343.11 164.21 368.71 245.80 -10 -10 -10 -100    0 -1000 -1000 -10
664 109 pedestrian 0 0 -10 621.05 156.76 659.43 259.83 -10 -10 -10 -100    0 -1000 -1000 -10
664 124 pedestrian 0 0 -10 624.53 173.38 746.07 263.90 -10 -10 -10 -100    0 -1000 -1000 -10
664 107 pedestrian 0 0 -10 463.28 151.17 611.96 212.90 -10 -10 -10 -100    0 -1000 -1000 -10
664 106 pedestrian 0 0 -10 1163.26 126.12 1236.82 326.79 -10 -10 -10 -100    0 -1000 -1000 -10
664 118 pedestrian 0 0 -10 300.96 146.16 512.74 319.61 -10 -10 -10 -100    0 -1000 -1000 -10
664 102 pedestrian 0 0 -10 369.94 144.31 473.15 238.26 -10 -10 -10 -100    0 -1000 -1000 -10
664 115 pedestrian 0 0 -10 543.93 163.76 580.35 263.07 -10 -10 -10 -100    0 -1000 -1000 -10
664 93 pedestrian 0 0 -10 611.34 156.85 641.01 250.48 -10 -10 -10 -100    0 -1000 -1000 -10
664 113 pedestrian 0 0 -10 674.32 143.15 745.81 354.02 -10 -10 -10 -100    0 -1000 -1000 -10
664 112 pedestrian 0 0 -10 433.61 151.93 494.52 219.71 -10 -10 -10 -100    0 -1000 -1000 -10
664 95 pedestrian 0 0 -10 565.78 160.52 594.49 247.29 -10 -10 -10 -100    0 -1000 -1000 -10
664 128 pedestrian 0 0 -10 750.16 157.93 810.51 322.24 -10 -10 -10 -100    0 -1000 -1000 -10
665 127 pedestrian 0 0 -10 343.58 163.94 369.36 244.93 -10 -10 -10 -100    0 -1000 -1000 -10
665 109 pedestrian 0 0 -10 614.20 156.69 646.94 256.58 -10 -10 -10 -100    0 -1000 -1000 -10
665 124 pedestrian 0 0 -10 625.07 176.23 742.51 264.22 -10 -10 -10 -100    0 -1000 -1000 -10
665 107 pedestrian 0 0 -10 463.82 151.67 611.12 214.37 -10 -10 -10 -100    0 -1000 -1000 -10
665 106 pedestrian 0 0 -10 1163.43 126.18 1236.75 326.72 -10 -10 -10 -100    0 -1000 -1000 -10
665 118 pedestrian 0 0 -10 293.80 145.66 510.36 322.95 -10 -10 -10 -100    0 -1000 -1000 -10
665 102 pedestrian 0 0 -10 370.38 143.75 473.08 238.38 -10 -10 -10 -100    0 -1000 -1000 -10
665 115 pedestrian 0 0 -10 535.87 163.31 577.48 262.53 -10 -10 -10 -100    0 -1000 -1000 -10
665 93 pedestrian 0 0 -10 608.42 156.41 638.00 250.29 -10 -10 -10 -100    0 -1000 -1000 -10
665 113 pedestrian 0 0 -10 667.05 140.70 740.50 353.82 -10 -10 -10 -100    0 -1000 -1000 -10
665 112 pedestrian 0 0 -10 433.98 151.82 494.58 219.69 -10 -10 -10 -100    0 -1000 -1000 -10
665 95 pedestrian 0 0 -10 565.47 161.34 594.51 247.35 -10 -10 -10 -100    0 -1000 -1000 -10
665 128 pedestrian 0 0 -10 741.45 158.71 803.77 318.51 -10 -10 -10 -100    0 -1000 -1000 -10
666 127 pedestrian 0 0 -10 343.36 161.91 372.20 243.41 -10 -10 -10 -100    0 -1000 -1000 -10
666 109 pedestrian 0 0 -10 610.14 157.22 644.08 256.69 -10 -10 -10 -100    0 -1000 -1000 -10
666 124 pedestrian 0 0 -10 624.28 175.34 739.92 261.49 -10 -10 -10 -100    0 -1000 -1000 -10
666 107 pedestrian 0 0 -10 464.12 152.00 612.38 215.74 -10 -10 -10 -100    0 -1000 -1000 -10
666 106 pedestrian 0 0 -10 1163.68 126.29 1236.79 326.69 -10 -10 -10 -100    0 -1000 -1000 -10
666 118 pedestrian 0 0 -10 284.38 145.26 508.34 325.98 -10 -10 -10 -100    0 -1000 -1000 -10
666 102 pedestrian 0 0 -10 371.83 143.61 473.78 238.23 -10 -10 -10 -100    0 -1000 -1000 -10
666 115 pedestrian 0 0 -10 529.68 165.32 570.69 261.94 -10 -10 -10 -100    0 -1000 -1000 -10
666 93 pedestrian 0 0 -10 605.18 156.25 634.12 248.08 -10 -10 -10 -100    0 -1000 -1000 -10
666 113 pedestrian 0 0 -10 658.88 139.88 736.12 350.96 -10 -10 -10 -100    0 -1000 -1000 -10
666 112 pedestrian 0 0 -10 433.82 152.20 494.73 220.02 -10 -10 -10 -100    0 -1000 -1000 -10
666 128 pedestrian 0 0 -10 736.80 159.66 797.75 317.22 -10 -10 -10 -100    0 -1000 -1000 -10
667 127 pedestrian 0 0 -10 337.93 164.42 370.95 246.59 -10 -10 -10 -100    0 -1000 -1000 -10
667 109 pedestrian 0 0 -10 603.09 157.31 635.43 252.39 -10 -10 -10 -100    0 -1000 -1000 -10
667 124 pedestrian 0 0 -10 626.66 178.53 733.13 259.98 -10 -10 -10 -100    0 -1000 -1000 -10
667 107 pedestrian 0 0 -10 463.94 151.88 612.03 216.02 -10 -10 -10 -100    0 -1000 -1000 -10
667 106 pedestrian 0 0 -10 1163.87 126.27 1236.80 326.52 -10 -10 -10 -100    0 -1000 -1000 -10
667 118 pedestrian 0 0 -10 276.97 145.22 505.19 328.59 -10 -10 -10 -100    0 -1000 -1000 -10
667 102 pedestrian 0 0 -10 372.43 143.57 472.88 238.05 -10 -10 -10 -100    0 -1000 -1000 -10
667 115 pedestrian 0 0 -10 521.38 164.86 556.73 262.46 -10 -10 -10 -100    0 -1000 -1000 -10
667 113 pedestrian 0 0 -10 648.26 141.47 732.54 351.26 -10 -10 -10 -100    0 -1000 -1000 -10
667 112 pedestrian 0 0 -10 433.24 152.57 494.45 219.92 -10 -10 -10 -100    0 -1000 -1000 -10
667 128 pedestrian 0 0 -10 731.28 160.76 783.63 316.24 -10 -10 -10 -100    0 -1000 -1000 -10
668 127 pedestrian 0 0 -10 329.39 162.08 371.40 247.29 -10 -10 -10 -100    0 -1000 -1000 -10
668 109 pedestrian 0 0 -10 602.65 158.54 637.04 255.90 -10 -10 -10 -100    0 -1000 -1000 -10
668 124 pedestrian 0 0 -10 628.43 180.13 728.91 261.52 -10 -10 -10 -100    0 -1000 -1000 -10
668 107 pedestrian 0 0 -10 464.52 152.51 613.77 218.05 -10 -10 -10 -100    0 -1000 -1000 -10
668 106 pedestrian 0 0 -10 1164.39 126.32 1235.72 326.06 -10 -10 -10 -100    0 -1000 -1000 -10
668 118 pedestrian 0 0 -10 267.10 145.53 502.49 332.54 -10 -10 -10 -100    0 -1000 -1000 -10
668 102 pedestrian 0 0 -10 372.66 143.35 472.90 237.30 -10 -10 -10 -100    0 -1000 -1000 -10
668 115 pedestrian 0 0 -10 515.25 165.13 546.08 261.77 -10 -10 -10 -100    0 -1000 -1000 -10
668 130 pedestrian 0 0 -10 565.84 160.28 595.01 244.83 -10 -10 -10 -100    0 -1000 -1000 -10
668 113 pedestrian 0 0 -10 640.55 143.47 726.92 350.80 -10 -10 -10 -100    0 -1000 -1000 -10
668 112 pedestrian 0 0 -10 434.39 152.73 495.05 219.53 -10 -10 -10 -100    0 -1000 -1000 -10
668 128 pedestrian 0 0 -10 721.60 160.57 770.39 314.77 -10 -10 -10 -100    0 -1000 -1000 -10
669 127 pedestrian 0 0 -10 321.21 164.60 362.09 249.66 -10 -10 -10 -100    0 -1000 -1000 -10
669 109 pedestrian 0 0 -10 600.42 158.16 632.95 253.59 -10 -10 -10 -100    0 -1000 -1000 -10
669 124 pedestrian 0 0 -10 627.90 181.04 726.28 259.89 -10 -10 -10 -100    0 -1000 -1000 -10
669 107 pedestrian 0 0 -10 465.48 152.46 613.87 220.02 -10 -10 -10 -100    0 -1000 -1000 -10
669 106 pedestrian 0 0 -10 1166.46 126.88 1232.18 324.75 -10 -10 -10 -100    0 -1000 -1000 -10
669 118 pedestrian 0 0 -10 258.59 144.84 500.23 337.02 -10 -10 -10 -100    0 -1000 -1000 -10
669 102 pedestrian 0 0 -10 372.63 143.35 472.92 237.11 -10 -10 -10 -100    0 -1000 -1000 -10
669 115 pedestrian 0 0 -10 506.23 163.60 541.93 261.23 -10 -10 -10 -100    0 -1000 -1000 -10
669 130 pedestrian 0 0 -10 565.72 159.94 595.42 244.41 -10 -10 -10 -100    0 -1000 -1000 -10
669 113 pedestrian 0 0 -10 631.56 142.80 724.42 350.40 -10 -10 -10 -100    0 -1000 -1000 -10
669 112 pedestrian 0 0 -10 434.85 152.60 495.01 219.79 -10 -10 -10 -100    0 -1000 -1000 -10
669 128 pedestrian 0 0 -10 711.03 160.78 761.74 313.05 -10 -10 -10 -100    0 -1000 -1000 -10
670 109 pedestrian 0 0 -10 596.73 158.29 627.48 248.88 -10 -10 -10 -100    0 -1000 -1000 -10
670 124 pedestrian 0 0 -10 633.21 180.41 736.95 262.38 -10 -10 -10 -100    0 -1000 -1000 -10
670 107 pedestrian 0 0 -10 465.27 152.27 613.96 221.62 -10 -10 -10 -100    0 -1000 -1000 -10
670 106 pedestrian 0 0 -10 1166.55 123.84 1229.25 322.11 -10 -10 -10 -100    0 -1000 -1000 -10
670 118 pedestrian 0 0 -10 249.93 144.07 497.71 342.75 -10 -10 -10 -100    0 -1000 -1000 -10
670 102 pedestrian 0 0 -10 372.41 143.98 472.42 236.49 -10 -10 -10 -100    0 -1000 -1000 -10
670 115 pedestrian 0 0 -10 500.87 162.38 537.89 259.75 -10 -10 -10 -100    0 -1000 -1000 -10
670 130 pedestrian 0 0 -10 565.24 160.50 592.93 243.08 -10 -10 -10 -100    0 -1000 -1000 -10
670 113 pedestrian 0 0 -10 620.03 139.83 720.51 353.30 -10 -10 -10 -100    0 -1000 -1000 -10
670 112 pedestrian 0 0 -10 434.24 152.22 494.70 219.73 -10 -10 -10 -100    0 -1000 -1000 -10
670 128 pedestrian 0 0 -10 698.03 158.43 757.75 312.79 -10 -10 -10 -100    0 -1000 -1000 -10
671 109 pedestrian 0 0 -10 596.38 157.48 629.01 253.32 -10 -10 -10 -100    0 -1000 -1000 -10
671 124 pedestrian 0 0 -10 631.31 176.58 750.74 267.53 -10 -10 -10 -100    0 -1000 -1000 -10
671 107 pedestrian 0 0 -10 465.25 152.82 615.01 224.16 -10 -10 -10 -100    0 -1000 -1000 -10
671 106 pedestrian 0 0 -10 1152.91 118.08 1237.97 321.02 -10 -10 -10 -100    0 -1000 -1000 -10
671 118 pedestrian 0 0 -10 240.91 144.08 493.10 346.44 -10 -10 -10 -100    0 -1000 -1000 -10
671 102 pedestrian 0 0 -10 372.32 143.53 474.51 238.54 -10 -10 -10 -100    0 -1000 -1000 -10
671 115 pedestrian 0 0 -10 494.46 161.93 531.07 259.59 -10 -10 -10 -100    0 -1000 -1000 -10
671 130 pedestrian 0 0 -10 565.59 161.29 592.12 241.88 -10 -10 -10 -100    0 -1000 -1000 -10
671 113 pedestrian 0 0 -10 616.94 142.02 711.93 351.79 -10 -10 -10 -100    0 -1000 -1000 -10
671 112 pedestrian 0 0 -10 434.17 152.43 495.16 219.89 -10 -10 -10 -100    0 -1000 -1000 -10
671 128 pedestrian 0 0 -10 688.74 157.27 750.22 311.65 -10 -10 -10 -100    0 -1000 -1000 -10
672 109 pedestrian 0 0 -10 592.70 157.14 627.57 250.94 -10 -10 -10 -100    0 -1000 -1000 -10
672 124 pedestrian 0 0 -10 627.38 172.96 753.22 267.88 -10 -10 -10 -100    0 -1000 -1000 -10
672 107 pedestrian 0 0 -10 465.51 153.16 615.97 227.07 -10 -10 -10 -100    0 -1000 -1000 -10
672 106 pedestrian 0 0 -10 1162.61 123.28 1232.53 320.92 -10 -10 -10 -100    0 -1000 -1000 -10
672 118 pedestrian 0 0 -10 231.04 142.56 490.17 351.79 -10 -10 -10 -100    0 -1000 -1000 -10
672 102 pedestrian 0 0 -10 372.49 143.58 474.76 237.72 -10 -10 -10 -100    0 -1000 -1000 -10
672 115 pedestrian 0 0 -10 488.62 163.73 521.98 258.71 -10 -10 -10 -100    0 -1000 -1000 -10
672 130 pedestrian 0 0 -10 565.21 161.06 591.33 241.15 -10 -10 -10 -100    0 -1000 -1000 -10
672 113 pedestrian 0 0 -10 612.42 142.24 698.90 352.37 -10 -10 -10 -100    0 -1000 -1000 -10
672 112 pedestrian 0 0 -10 434.12 152.57 495.08 220.15 -10 -10 -10 -100    0 -1000 -1000 -10
672 128 pedestrian 0 0 -10 677.94 159.23 738.02 311.73 -10 -10 -10 -100    0 -1000 -1000 -10
673 132 pedestrian 0 0 -10 1112.87 119.82 1238.00 368.92 -10 -10 -10 -100    0 -1000 -1000 -10
673 109 pedestrian 0 0 -10 589.25 156.69 624.10 248.72 -10 -10 -10 -100    0 -1000 -1000 -10
673 124 pedestrian 0 0 -10 626.00 172.19 756.56 269.96 -10 -10 -10 -100    0 -1000 -1000 -10
673 107 pedestrian 0 0 -10 465.01 153.37 615.64 227.89 -10 -10 -10 -100    0 -1000 -1000 -10
673 106 pedestrian 0 0 -10 1149.76 119.61 1228.46 332.95 -10 -10 -10 -100    0 -1000 -1000 -10
673 118 pedestrian 0 0 -10 220.73 141.87 487.06 358.92 -10 -10 -10 -100    0 -1000 -1000 -10
673 102 pedestrian 0 0 -10 371.55 144.23 474.59 237.13 -10 -10 -10 -100    0 -1000 -1000 -10
673 115 pedestrian 0 0 -10 482.37 163.34 514.02 256.70 -10 -10 -10 -100    0 -1000 -1000 -10
673 130 pedestrian 0 0 -10 565.27 160.90 590.62 240.88 -10 -10 -10 -100    0 -1000 -1000 -10
673 113 pedestrian 0 0 -10 608.71 143.34 684.67 354.36 -10 -10 -10 -100    0 -1000 -1000 -10
673 112 pedestrian 0 0 -10 433.12 152.62 495.05 220.91 -10 -10 -10 -100    0 -1000 -1000 -10
673 128 pedestrian 0 0 -10 670.71 159.00 726.52 311.16 -10 -10 -10 -100    0 -1000 -1000 -10
674 132 pedestrian 0 0 -10 1120.90 117.42 1214.14 365.42 -10 -10 -10 -100    0 -1000 -1000 -10
674 109 pedestrian 0 0 -10 586.13 156.69 622.35 248.43 -10 -10 -10 -100    0 -1000 -1000 -10
674 124 pedestrian 0 0 -10 631.38 173.22 756.11 274.30 -10 -10 -10 -100    0 -1000 -1000 -10
674 107 pedestrian 0 0 -10 465.29 153.69 613.65 228.48 -10 -10 -10 -100    0 -1000 -1000 -10
674 106 pedestrian 0 0 -10 1140.51 122.88 1223.42 325.32 -10 -10 -10 -100    0 -1000 -1000 -10
674 118 pedestrian 0 0 -10 209.72 141.29 484.75 364.78 -10 -10 -10 -100    0 -1000 -1000 -10
674 102 pedestrian 0 0 -10 372.09 144.27 475.22 237.46 -10 -10 -10 -100    0 -1000 -1000 -10
674 115 pedestrian 0 0 -10 476.03 161.38 510.11 256.70 -10 -10 -10 -100    0 -1000 -1000 -10
674 130 pedestrian 0 0 -10 563.57 160.54 589.29 240.03 -10 -10 -10 -100    0 -1000 -1000 -10
674 113 pedestrian 0 0 -10 603.43 144.47 677.58 349.33 -10 -10 -10 -100    0 -1000 -1000 -10
674 112 pedestrian 0 0 -10 434.02 152.32 495.53 221.32 -10 -10 -10 -100    0 -1000 -1000 -10
674 128 pedestrian 0 0 -10 663.33 159.27 720.08 310.71 -10 -10 -10 -100    0 -1000 -1000 -10
675 132 pedestrian 0 0 -10 1098.32 114.59 1207.22 365.59 -10 -10 -10 -100    0 -1000 -1000 -10
675 109 pedestrian 0 0 -10 588.09 157.15 622.90 246.42 -10 -10 -10 -100    0 -1000 -1000 -10
675 124 pedestrian 0 0 -10 627.45 173.22 753.94 273.78 -10 -10 -10 -100    0 -1000 -1000 -10
675 107 pedestrian 0 0 -10 465.10 152.87 616.12 228.04 -10 -10 -10 -100    0 -1000 -1000 -10
675 106 pedestrian 0 0 -10 1143.45 124.16 1224.04 323.89 -10 -10 -10 -100    0 -1000 -1000 -10
675 118 pedestrian 0 0 -10 197.51 140.47 483.42 370.02 -10 -10 -10 -100    0 -1000 -1000 -10
675 102 pedestrian 0 0 -10 372.75 144.07 475.12 238.20 -10 -10 -10 -100    0 -1000 -1000 -10
675 115 pedestrian 0 0 -10 470.86 159.26 508.04 257.52 -10 -10 -10 -100    0 -1000 -1000 -10
675 130 pedestrian 0 0 -10 564.26 160.88 590.22 239.17 -10 -10 -10 -100    0 -1000 -1000 -10
675 113 pedestrian 0 0 -10 593.70 145.59 674.64 348.18 -10 -10 -10 -100    0 -1000 -1000 -10
675 112 pedestrian 0 0 -10 434.92 152.18 494.76 219.01 -10 -10 -10 -100    0 -1000 -1000 -10
675 128 pedestrian 0 0 -10 658.16 160.21 714.23 308.82 -10 -10 -10 -100    0 -1000 -1000 -10
676 109 pedestrian 0 0 -10 590.70 157.32 631.40 249.32 -10 -10 -10 -100    0 -1000 -1000 -10
676 124 pedestrian 0 0 -10 623.76 170.24 752.11 268.87 -10 -10 -10 -100    0 -1000 -1000 -10
676 107 pedestrian 0 0 -10 464.67 151.66 614.76 225.05 -10 -10 -10 -100    0 -1000 -1000 -10
676 106 pedestrian 0 0 -10 1153.42 125.15 1226.81 325.10 -10 -10 -10 -100    0 -1000 -1000 -10
676 118 pedestrian 0 0 -10 184.91 140.06 479.02 374.00 -10 -10 -10 -100    0 -1000 -1000 -10
676 102 pedestrian 0 0 -10 372.96 144.31 475.78 239.67 -10 -10 -10 -100    0 -1000 -1000 -10
676 115 pedestrian 0 0 -10 465.50 162.73 501.42 256.18 -10 -10 -10 -100    0 -1000 -1000 -10
676 132 pedestrian 0 0 -10 1079.79 117.88 1199.36 361.21 -10 -10 -10 -100    0 -1000 -1000 -10
676 130 pedestrian 0 0 -10 564.72 160.48 591.04 237.04 -10 -10 -10 -100    0 -1000 -1000 -10
676 113 pedestrian 0 0 -10 587.87 144.67 670.65 348.08 -10 -10 -10 -100    0 -1000 -1000 -10
676 112 pedestrian 0 0 -10 433.80 152.16 494.21 220.46 -10 -10 -10 -100    0 -1000 -1000 -10
676 128 pedestrian 0 0 -10 655.16 162.24 708.79 309.45 -10 -10 -10 -100    0 -1000 -1000 -10
677 109 pedestrian 0 0 -10 587.61 157.83 627.20 248.34 -10 -10 -10 -100    0 -1000 -1000 -10
677 124 pedestrian 0 0 -10 620.32 167.68 752.75 264.09 -10 -10 -10 -100    0 -1000 -1000 -10
677 107 pedestrian 0 0 -10 464.11 151.06 613.50 222.86 -10 -10 -10 -100    0 -1000 -1000 -10
677 106 pedestrian 0 0 -10 1167.96 124.40 1235.10 324.99 -10 -10 -10 -100    0 -1000 -1000 -10
677 118 pedestrian 0 0 -10 171.19 138.79 476.32 374.00 -10 -10 -10 -100    0 -1000 -1000 -10
677 102 pedestrian 0 0 -10 373.59 144.72 473.75 239.39 -10 -10 -10 -100    0 -1000 -1000 -10
677 115 pedestrian 0 0 -10 455.55 162.98 489.84 257.44 -10 -10 -10 -100    0 -1000 -1000 -10
677 132 pedestrian 0 0 -10 1071.63 119.17 1183.58 361.19 -10 -10 -10 -100    0 -1000 -1000 -10
677 130 pedestrian 0 0 -10 563.95 158.86 589.96 236.85 -10 -10 -10 -100    0 -1000 -1000 -10
677 113 pedestrian 0 0 -10 581.18 143.97 662.40 349.06 -10 -10 -10 -100    0 -1000 -1000 -10
677 112 pedestrian 0 0 -10 433.40 152.06 494.18 219.71 -10 -10 -10 -100    0 -1000 -1000 -10
677 128 pedestrian 0 0 -10 647.66 162.43 699.07 305.85 -10 -10 -10 -100    0 -1000 -1000 -10
678 109 pedestrian 0 0 -10 585.83 156.33 627.02 247.61 -10 -10 -10 -100    0 -1000 -1000 -10
678 124 pedestrian 0 0 -10 619.75 166.81 753.26 263.46 -10 -10 -10 -100    0 -1000 -1000 -10
678 107 pedestrian 0 0 -10 463.41 150.56 613.64 222.58 -10 -10 -10 -100    0 -1000 -1000 -10
678 106 pedestrian 0 0 -10 1170.36 124.80 1236.91 324.91 -10 -10 -10 -100    0 -1000 -1000 -10
678 118 pedestrian 0 0 -10 156.84 137.47 472.95 374.00 -10 -10 -10 -100    0 -1000 -1000 -10
678 102 pedestrian 0 0 -10 374.36 144.40 473.44 238.93 -10 -10 -10 -100    0 -1000 -1000 -10
678 115 pedestrian 0 0 -10 450.66 164.73 483.52 257.01 -10 -10 -10 -100    0 -1000 -1000 -10
678 132 pedestrian 0 0 -10 1068.97 122.43 1156.32 358.51 -10 -10 -10 -100    0 -1000 -1000 -10
678 130 pedestrian 0 0 -10 564.53 158.85 590.31 237.95 -10 -10 -10 -100    0 -1000 -1000 -10
678 113 pedestrian 0 0 -10 574.54 144.31 652.05 346.53 -10 -10 -10 -100    0 -1000 -1000 -10
678 112 pedestrian 0 0 -10 433.25 151.84 494.29 219.80 -10 -10 -10 -100    0 -1000 -1000 -10
678 128 pedestrian 0 0 -10 637.79 162.73 687.16 306.34 -10 -10 -10 -100    0 -1000 -1000 -10
679 109 pedestrian 0 0 -10 579.44 156.80 625.42 246.38 -10 -10 -10 -100    0 -1000 -1000 -10
679 124 pedestrian 0 0 -10 621.97 167.70 754.12 261.73 -10 -10 -10 -100    0 -1000 -1000 -10
679 107 pedestrian 0 0 -10 463.36 150.86 614.66 222.01 -10 -10 -10 -100    0 -1000 -1000 -10
679 106 pedestrian 0 0 -10 1168.04 124.37 1236.94 326.37 -10 -10 -10 -100    0 -1000 -1000 -10
679 118 pedestrian 0 0 -10 142.37 136.69 469.82 374.00 -10 -10 -10 -100    0 -1000 -1000 -10
679 102 pedestrian 0 0 -10 374.09 144.45 474.24 237.67 -10 -10 -10 -100    0 -1000 -1000 -10
679 115 pedestrian 0 0 -10 447.61 163.73 482.00 258.15 -10 -10 -10 -100    0 -1000 -1000 -10
679 132 pedestrian 0 0 -10 1040.58 119.51 1132.89 358.55 -10 -10 -10 -100    0 -1000 -1000 -10
679 113 pedestrian 0 0 -10 560.79 144.32 638.91 347.75 -10 -10 -10 -100    0 -1000 -1000 -10
679 112 pedestrian 0 0 -10 433.25 151.88 493.92 219.78 -10 -10 -10 -100    0 -1000 -1000 -10
679 128 pedestrian 0 0 -10 628.89 163.90 680.95 305.58 -10 -10 -10 -100    0 -1000 -1000 -10
680 109 pedestrian 0 0 -10 577.23 157.34 620.16 246.72 -10 -10 -10 -100    0 -1000 -1000 -10
680 124 pedestrian 0 0 -10 622.17 167.79 752.93 260.96 -10 -10 -10 -100    0 -1000 -1000 -10
680 107 pedestrian 0 0 -10 462.97 150.73 617.56 223.16 -10 -10 -10 -100    0 -1000 -1000 -10
680 106 pedestrian 0 0 -10 1167.49 125.53 1236.64 325.94 -10 -10 -10 -100    0 -1000 -1000 -10
680 118 pedestrian 0 0 -10 129.65 136.37 467.18 374.00 -10 -10 -10 -100    0 -1000 -1000 -10
680 102 pedestrian 0 0 -10 373.96 144.91 475.72 239.67 -10 -10 -10 -100    0 -1000 -1000 -10
680 115 pedestrian 0 0 -10 444.62 161.16 479.19 256.59 -10 -10 -10 -100    0 -1000 -1000 -10
680 132 pedestrian 0 0 -10 1017.68 122.13 1119.82 356.59 -10 -10 -10 -100    0 -1000 -1000 -10
680 113 pedestrian 0 0 -10 547.10 145.95 628.52 348.63 -10 -10 -10 -100    0 -1000 -1000 -10
680 112 pedestrian 0 0 -10 433.92 152.30 493.97 219.41 -10 -10 -10 -100    0 -1000 -1000 -10
680 128 pedestrian 0 0 -10 622.96 163.95 676.67 305.64 -10 -10 -10 -100    0 -1000 -1000 -10
681 109 pedestrian 0 0 -10 566.84 159.07 612.32 245.33 -10 -10 -10 -100    0 -1000 -1000 -10
681 124 pedestrian 0 0 -10 623.74 165.49 751.50 251.64 -10 -10 -10 -100    0 -1000 -1000 -10
681 107 pedestrian 0 0 -10 462.67 149.93 621.53 225.46 -10 -10 -10 -100    0 -1000 -1000 -10
681 106 pedestrian 0 0 -10 1167.28 125.71 1236.73 326.01 -10 -10 -10 -100    0 -1000 -1000 -10
681 118 pedestrian 0 0 -10 111.88 135.34 463.47 374.00 -10 -10 -10 -100    0 -1000 -1000 -10
681 102 pedestrian 0 0 -10 372.40 144.61 474.73 237.79 -10 -10 -10 -100    0 -1000 -1000 -10
681 115 pedestrian 0 0 -10 439.68 161.03 471.03 252.09 -10 -10 -10 -100    0 -1000 -1000 -10
681 132 pedestrian 0 0 -10 1001.26 124.65 1109.28 353.03 -10 -10 -10 -100    0 -1000 -1000 -10
681 93 pedestrian 0 0 -10 565.13 157.97 601.39 240.19 -10 -10 -10 -100    0 -1000 -1000 -10
681 113 pedestrian 0 0 -10 544.50 145.19 622.06 346.64 -10 -10 -10 -100    0 -1000 -1000 -10
681 112 pedestrian 0 0 -10 433.73 152.10 493.55 219.69 -10 -10 -10 -100    0 -1000 -1000 -10
681 128 pedestrian 0 0 -10 610.30 164.86 665.56 304.79 -10 -10 -10 -100    0 -1000 -1000 -10
682 109 pedestrian 0 0 -10 556.67 159.00 603.95 247.14 -10 -10 -10 -100    0 -1000 -1000 -10
682 124 pedestrian 0 0 -10 627.14 164.20 752.14 244.76 -10 -10 -10 -100    0 -1000 -1000 -10
682 107 pedestrian 0 0 -10 463.31 149.78 622.87 223.64 -10 -10 -10 -100    0 -1000 -1000 -10
682 106 pedestrian 0 0 -10 1167.59 125.59 1236.87 326.07 -10 -10 -10 -100    0 -1000 -1000 -10
682 118 pedestrian 0 0 -10 93.79 134.26 459.98 374.00 -10 -10 -10 -100    0 -1000 -1000 -10
682 102 pedestrian 0 0 -10 372.63 143.95 475.14 236.60 -10 -10 -10 -100    0 -1000 -1000 -10
682 115 pedestrian 0 0 -10 432.96 162.00 464.38 252.13 -10 -10 -10 -100    0 -1000 -1000 -10
682 132 pedestrian 0 0 -10 992.80 125.31 1099.82 348.83 -10 -10 -10 -100    0 -1000 -1000 -10
682 113 pedestrian 0 0 -10 538.71 145.98 618.35 344.22 -10 -10 -10 -100    0 -1000 -1000 -10
682 112 pedestrian 0 0 -10 433.44 151.97 493.82 220.10 -10 -10 -10 -100    0 -1000 -1000 -10
682 128 pedestrian 0 0 -10 597.62 164.19 654.48 303.15 -10 -10 -10 -100    0 -1000 -1000 -10
683 124 pedestrian 0 0 -10 631.73 163.74 752.11 242.52 -10 -10 -10 -100    0 -1000 -1000 -10
683 107 pedestrian 0 0 -10 462.72 149.44 621.68 220.96 -10 -10 -10 -100    0 -1000 -1000 -10
683 106 pedestrian 0 0 -10 1167.29 125.44 1236.94 325.93 -10 -10 -10 -100    0 -1000 -1000 -10
683 118 pedestrian 0 0 -10 76.76 133.70 456.54 374.00 -10 -10 -10 -100    0 -1000 -1000 -10
683 102 pedestrian 0 0 -10 371.88 143.90 475.16 236.78 -10 -10 -10 -100    0 -1000 -1000 -10
683 115 pedestrian 0 0 -10 431.41 162.62 460.15 251.67 -10 -10 -10 -100    0 -1000 -1000 -10
683 132 pedestrian 0 0 -10 989.03 122.91 1079.77 346.77 -10 -10 -10 -100    0 -1000 -1000 -10
683 109 pedestrian 0 0 -10 552.62 159.51 599.66 248.00 -10 -10 -10 -100    0 -1000 -1000 -10
683 113 pedestrian 0 0 -10 531.46 145.65 616.45 344.20 -10 -10 -10 -100    0 -1000 -1000 -10
683 112 pedestrian 0 0 -10 433.84 152.07 494.04 220.34 -10 -10 -10 -100    0 -1000 -1000 -10
683 128 pedestrian 0 0 -10 588.97 164.84 643.14 302.39 -10 -10 -10 -100    0 -1000 -1000 -10
684 124 pedestrian 0 0 -10 635.29 163.61 752.34 242.05 -10 -10 -10 -100    0 -1000 -1000 -10
684 107 pedestrian 0 0 -10 462.56 149.62 620.34 213.10 -10 -10 -10 -100    0 -1000 -1000 -10
684 106 pedestrian 0 0 -10 1166.54 125.20 1237.01 326.27 -10 -10 -10 -100    0 -1000 -1000 -10
684 118 pedestrian 0 0 -10 56.53 133.23 453.95 374.00 -10 -10 -10 -100    0 -1000 -1000 -10
684 102 pedestrian 0 0 -10 372.81 143.88 474.96 235.72 -10 -10 -10 -100    0 -1000 -1000 -10
684 115 pedestrian 0 0 -10 423.95 161.36 448.87 254.21 -10 -10 -10 -100    0 -1000 -1000 -10
684 132 pedestrian 0 0 -10 988.34 124.74 1057.18 342.51 -10 -10 -10 -100    0 -1000 -1000 -10
684 109 pedestrian 0 0 -10 551.41 161.24 592.09 246.50 -10 -10 -10 -100    0 -1000 -1000 -10
684 113 pedestrian 0 0 -10 526.34 146.08 614.35 343.27 -10 -10 -10 -100    0 -1000 -1000 -10
684 112 pedestrian 0 0 -10 434.08 152.20 494.23 220.49 -10 -10 -10 -100    0 -1000 -1000 -10
684 128 pedestrian 0 0 -10 577.45 165.60 631.03 302.82 -10 -10 -10 -100    0 -1000 -1000 -10
685 124 pedestrian 0 0 -10 636.87 163.90 753.00 242.10 -10 -10 -10 -100    0 -1000 -1000 -10
685 107 pedestrian 0 0 -10 460.61 149.74 619.57 204.63 -10 -10 -10 -100    0 -1000 -1000 -10
685 106 pedestrian 0 0 -10 1167.21 125.09 1237.02 326.63 -10 -10 -10 -100    0 -1000 -1000 -10
685 118 pedestrian 0 0 -10 30.14 130.96 450.66 374.00 -10 -10 -10 -100    0 -1000 -1000 -10
685 102 pedestrian 0 0 -10 372.18 143.97 474.19 237.23 -10 -10 -10 -100    0 -1000 -1000 -10
685 115 pedestrian 0 0 -10 417.63 163.50 439.81 252.32 -10 -10 -10 -100    0 -1000 -1000 -10
685 132 pedestrian 0 0 -10 972.52 124.67 1049.97 340.95 -10 -10 -10 -100    0 -1000 -1000 -10
685 109 pedestrian 0 0 -10 545.15 160.35 582.23 245.59 -10 -10 -10 -100    0 -1000 -1000 -10
685 113 pedestrian 0 0 -10 516.08 145.53 608.36 340.98 -10 -10 -10 -100    0 -1000 -1000 -10
685 112 pedestrian 0 0 -10 434.47 151.91 494.18 219.61 -10 -10 -10 -100    0 -1000 -1000 -10
685 128 pedestrian 0 0 -10 570.62 165.10 624.49 301.44 -10 -10 -10 -100    0 -1000 -1000 -10
686 124 pedestrian 0 0 -10 637.65 164.37 753.28 242.47 -10 -10 -10 -100    0 -1000 -1000 -10
686 107 pedestrian 0 0 -10 461.83 150.41 616.08 201.99 -10 -10 -10 -100    0 -1000 -1000 -10
686 106 pedestrian 0 0 -10 1168.07 125.56 1236.87 326.85 -10 -10 -10 -100    0 -1000 -1000 -10
686 118 pedestrian 0 0 -10 13.39 130.34 447.69 374.00 -10 -10 -10 -100    0 -1000 -1000 -10
686 102 pedestrian 0 0 -10 372.54 144.12 474.21 237.88 -10 -10 -10 -100    0 -1000 -1000 -10
686 115 pedestrian 0 0 -10 411.29 163.77 433.74 251.99 -10 -10 -10 -100    0 -1000 -1000 -10
686 132 pedestrian 0 0 -10 955.63 126.70 1039.84 337.25 -10 -10 -10 -100    0 -1000 -1000 -10
686 109 pedestrian 0 0 -10 544.93 160.02 575.55 242.59 -10 -10 -10 -100    0 -1000 -1000 -10
686 113 pedestrian 0 0 -10 513.66 144.45 598.90 339.68 -10 -10 -10 -100    0 -1000 -1000 -10
686 112 pedestrian 0 0 -10 434.63 152.10 494.34 219.51 -10 -10 -10 -100    0 -1000 -1000 -10
686 128 pedestrian 0 0 -10 562.39 163.27 617.78 301.84 -10 -10 -10 -100    0 -1000 -1000 -10
687 133 pedestrian 0 0 -10 597.31 156.28 621.35 234.19 -10 -10 -10 -100    0 -1000 -1000 -10
687 124 pedestrian 0 0 -10 639.05 165.06 754.96 243.79 -10 -10 -10 -100    0 -1000 -1000 -10
687 107 pedestrian 0 0 -10 462.63 150.64 615.57 201.14 -10 -10 -10 -100    0 -1000 -1000 -10
687 106 pedestrian 0 0 -10 1167.94 125.80 1236.76 326.30 -10 -10 -10 -100    0 -1000 -1000 -10
687 118 pedestrian 0 0 -10 0.00 130.13 444.35 374.00 -10 -10 -10 -100    0 -1000 -1000 -10
687 102 pedestrian 0 0 -10 372.88 143.93 474.23 237.93 -10 -10 -10 -100    0 -1000 -1000 -10
687 115 pedestrian 0 0 -10 407.74 163.07 430.74 252.54 -10 -10 -10 -100    0 -1000 -1000 -10
687 132 pedestrian 0 0 -10 949.91 127.12 1034.73 333.42 -10 -10 -10 -100    0 -1000 -1000 -10
687 109 pedestrian 0 0 -10 539.98 159.81 571.57 245.40 -10 -10 -10 -100    0 -1000 -1000 -10
687 113 pedestrian 0 0 -10 509.71 144.94 583.01 338.54 -10 -10 -10 -100    0 -1000 -1000 -10
687 112 pedestrian 0 0 -10 434.35 152.05 494.32 219.64 -10 -10 -10 -100    0 -1000 -1000 -10
687 128 pedestrian 0 0 -10 560.20 164.75 608.48 300.61 -10 -10 -10 -100    0 -1000 -1000 -10
688 133 pedestrian 0 0 -10 598.63 157.41 622.63 233.15 -10 -10 -10 -100    0 -1000 -1000 -10
688 124 pedestrian 0 0 -10 641.80 165.92 756.49 245.34 -10 -10 -10 -100    0 -1000 -1000 -10
688 107 pedestrian 0 0 -10 462.76 152.85 618.06 203.73 -10 -10 -10 -100    0 -1000 -1000 -10
688 106 pedestrian 0 0 -10 1167.27 125.40 1236.68 326.79 -10 -10 -10 -100    0 -1000 -1000 -10
688 118 pedestrian 0 0 -10 0.25 129.21 441.14 374.00 -10 -10 -10 -100    0 -1000 -1000 -10
688 102 pedestrian 0 0 -10 373.71 143.81 474.24 237.77 -10 -10 -10 -100    0 -1000 -1000 -10
688 132 pedestrian 0 0 -10 947.60 127.35 1020.00 329.80 -10 -10 -10 -100    0 -1000 -1000 -10
688 109 pedestrian 0 0 -10 533.58 159.62 564.17 245.99 -10 -10 -10 -100    0 -1000 -1000 -10
688 113 pedestrian 0 0 -10 503.59 143.80 568.44 344.22 -10 -10 -10 -100    0 -1000 -1000 -10
688 112 pedestrian 0 0 -10 434.01 152.14 494.41 220.18 -10 -10 -10 -100    0 -1000 -1000 -10
688 128 pedestrian 0 0 -10 551.85 165.69 600.38 303.30 -10 -10 -10 -100    0 -1000 -1000 -10
689 133 pedestrian 0 0 -10 600.30 157.91 623.93 233.93 -10 -10 -10 -100    0 -1000 -1000 -10
689 124 pedestrian 0 0 -10 641.87 165.96 756.65 245.70 -10 -10 -10 -100    0 -1000 -1000 -10
689 107 pedestrian 0 0 -10 463.04 152.82 618.21 203.98 -10 -10 -10 -100    0 -1000 -1000 -10
689 106 pedestrian 0 0 -10 1165.51 125.16 1236.70 327.07 -10 -10 -10 -100    0 -1000 -1000 -10
689 118 pedestrian 0 0 -10 0.03 128.40 438.12 374.00 -10 -10 -10 -100    0 -1000 -1000 -10
689 102 pedestrian 0 0 -10 373.78 143.83 474.54 237.21 -10 -10 -10 -100    0 -1000 -1000 -10
689 132 pedestrian 0 0 -10 925.72 127.55 1001.44 325.79 -10 -10 -10 -100    0 -1000 -1000 -10
689 109 pedestrian 0 0 -10 532.18 161.35 559.30 245.92 -10 -10 -10 -100    0 -1000 -1000 -10
689 113 pedestrian 0 0 -10 495.95 146.14 565.45 340.48 -10 -10 -10 -100    0 -1000 -1000 -10
689 112 pedestrian 0 0 -10 434.41 152.23 494.45 220.17 -10 -10 -10 -100    0 -1000 -1000 -10
689 128 pedestrian 0 0 -10 547.20 165.38 597.39 301.92 -10 -10 -10 -100    0 -1000 -1000 -10
690 133 pedestrian 0 0 -10 599.93 157.91 622.47 232.81 -10 -10 -10 -100    0 -1000 -1000 -10
690 124 pedestrian 0 0 -10 642.92 165.86 757.24 246.54 -10 -10 -10 -100    0 -1000 -1000 -10
690 107 pedestrian 0 0 -10 463.66 152.69 617.94 203.44 -10 -10 -10 -100    0 -1000 -1000 -10
690 106 pedestrian 0 0 -10 1164.77 125.42 1236.81 327.26 -10 -10 -10 -100    0 -1000 -1000 -10
690 118 pedestrian 0 0 -10 1.71 127.00 435.99 374.00 -10 -10 -10 -100    0 -1000 -1000 -10
690 102 pedestrian 0 0 -10 372.60 143.66 474.55 237.88 -10 -10 -10 -100    0 -1000 -1000 -10
690 132 pedestrian 0 0 -10 908.67 128.88 987.37 322.67 -10 -10 -10 -100    0 -1000 -1000 -10
690 109 pedestrian 0 0 -10 522.80 158.82 550.04 243.68 -10 -10 -10 -100    0 -1000 -1000 -10
690 113 pedestrian 0 0 -10 483.32 146.24 564.25 339.81 -10 -10 -10 -100    0 -1000 -1000 -10
690 112 pedestrian 0 0 -10 434.52 152.12 495.26 220.22 -10 -10 -10 -100    0 -1000 -1000 -10
690 128 pedestrian 0 0 -10 537.26 163.54 592.31 298.46 -10 -10 -10 -100    0 -1000 -1000 -10
691 133 pedestrian 0 0 -10 598.57 158.30 620.88 231.53 -10 -10 -10 -100    0 -1000 -1000 -10
691 124 pedestrian 0 0 -10 644.82 166.48 758.85 247.93 -10 -10 -10 -100    0 -1000 -1000 -10
691 107 pedestrian 0 0 -10 463.81 152.68 618.24 202.64 -10 -10 -10 -100    0 -1000 -1000 -10
691 106 pedestrian 0 0 -10 1164.51 125.22 1236.80 327.04 -10 -10 -10 -100    0 -1000 -1000 -10
691 118 pedestrian 0 0 -10 0.00 127.00 432.32 374.00 -10 -10 -10 -100    0 -1000 -1000 -10
691 102 pedestrian 0 0 -10 373.00 143.61 472.96 238.27 -10 -10 -10 -100    0 -1000 -1000 -10
691 132 pedestrian 0 0 -10 899.48 128.28 983.25 320.93 -10 -10 -10 -100    0 -1000 -1000 -10
691 93 pedestrian 0 0 -10 573.98 161.17 595.48 229.01 -10 -10 -10 -100    0 -1000 -1000 -10
691 109 pedestrian 0 0 -10 516.39 160.65 544.89 245.12 -10 -10 -10 -100    0 -1000 -1000 -10
691 113 pedestrian 0 0 -10 475.89 148.00 559.27 340.53 -10 -10 -10 -100    0 -1000 -1000 -10
691 112 pedestrian 0 0 -10 434.59 152.22 496.30 221.29 -10 -10 -10 -100    0 -1000 -1000 -10
691 128 pedestrian 0 0 -10 521.59 164.95 577.99 297.77 -10 -10 -10 -100    0 -1000 -1000 -10
692 124 pedestrian 0 0 -10 646.93 167.35 760.19 249.57 -10 -10 -10 -100    0 -1000 -1000 -10
692 107 pedestrian 0 0 -10 463.87 153.19 619.50 203.26 -10 -10 -10 -100    0 -1000 -1000 -10
692 106 pedestrian 0 0 -10 1164.64 125.50 1236.72 327.07 -10 -10 -10 -100    0 -1000 -1000 -10
692 118 pedestrian 0 0 -10 0.77 126.61 428.11 374.00 -10 -10 -10 -100    0 -1000 -1000 -10
692 102 pedestrian 0 0 -10 373.12 143.40 472.75 238.54 -10 -10 -10 -100    0 -1000 -1000 -10
692 132 pedestrian 0 0 -10 896.97 127.08 980.26 318.94 -10 -10 -10 -100    0 -1000 -1000 -10
692 93 pedestrian 0 0 -10 575.32 161.50 595.90 229.11 -10 -10 -10 -100    0 -1000 -1000 -10
692 109 pedestrian 0 0 -10 510.40 162.87 543.90 247.95 -10 -10 -10 -100    0 -1000 -1000 -10
692 113 pedestrian 0 0 -10 475.87 149.27 552.61 340.44 -10 -10 -10 -100    0 -1000 -1000 -10
692 112 pedestrian 0 0 -10 434.43 151.96 497.09 222.27 -10 -10 -10 -100    0 -1000 -1000 -10
692 128 pedestrian 0 0 -10 505.90 166.59 563.99 298.13 -10 -10 -10 -100    0 -1000 -1000 -10
692 133 pedestrian 0 0 -10 597.09 158.21 619.80 231.15 -10 -10 -10 -100    0 -1000 -1000 -10
693 124 pedestrian 0 0 -10 647.67 168.09 761.30 250.95 -10 -10 -10 -100    0 -1000 -1000 -10
693 107 pedestrian 0 0 -10 464.82 153.15 620.43 204.26 -10 -10 -10 -100    0 -1000 -1000 -10
693 106 pedestrian 0 0 -10 1164.69 125.60 1236.43 327.16 -10 -10 -10 -100    0 -1000 -1000 -10
693 118 pedestrian 0 0 -10 0.00 125.80 425.62 374.00 -10 -10 -10 -100    0 -1000 -1000 -10
693 102 pedestrian 0 0 -10 373.23 143.81 474.03 238.82 -10 -10 -10 -100    0 -1000 -1000 -10
693 132 pedestrian 0 0 -10 894.06 127.41 976.27 316.53 -10 -10 -10 -100    0 -1000 -1000 -10
693 93 pedestrian 0 0 -10 577.09 160.54 597.16 229.06 -10 -10 -10 -100    0 -1000 -1000 -10
693 109 pedestrian 0 0 -10 498.24 162.56 537.22 250.75 -10 -10 -10 -100    0 -1000 -1000 -10
693 113 pedestrian 0 0 -10 475.50 149.01 545.62 339.98 -10 -10 -10 -100    0 -1000 -1000 -10
693 112 pedestrian 0 0 -10 434.34 151.67 496.84 221.11 -10 -10 -10 -100    0 -1000 -1000 -10
693 128 pedestrian 0 0 -10 495.14 166.99 551.17 299.65 -10 -10 -10 -100    0 -1000 -1000 -10
693 133 pedestrian 0 0 -10 596.38 157.45 618.27 228.98 -10 -10 -10 -100    0 -1000 -1000 -10
694 124 pedestrian 0 0 -10 648.40 168.20 760.88 251.24 -10 -10 -10 -100    0 -1000 -1000 -10
694 107 pedestrian 0 0 -10 464.80 153.10 620.68 204.50 -10 -10 -10 -100    0 -1000 -1000 -10
694 106 pedestrian 0 0 -10 1165.45 125.96 1236.42 326.54 -10 -10 -10 -100    0 -1000 -1000 -10
694 118 pedestrian 0 0 -10 0.00 123.92 422.71 374.00 -10 -10 -10 -100    0 -1000 -1000 -10
694 102 pedestrian 0 0 -10 373.92 143.70 475.75 238.72 -10 -10 -10 -100    0 -1000 -1000 -10
694 132 pedestrian 0 0 -10 893.65 128.34 968.15 311.64 -10 -10 -10 -100    0 -1000 -1000 -10
694 93 pedestrian 0 0 -10 579.26 159.78 600.02 228.23 -10 -10 -10 -100    0 -1000 -1000 -10
694 109 pedestrian 0 0 -10 489.02 163.67 531.31 248.44 -10 -10 -10 -100    0 -1000 -1000 -10
694 113 pedestrian 0 0 -10 470.11 148.67 534.09 340.71 -10 -10 -10 -100    0 -1000 -1000 -10
694 112 pedestrian 0 0 -10 434.50 151.08 496.44 220.35 -10 -10 -10 -100    0 -1000 -1000 -10
694 128 pedestrian 0 0 -10 487.56 165.52 545.33 299.17 -10 -10 -10 -100    0 -1000 -1000 -10
694 133 pedestrian 0 0 -10 595.13 157.65 615.90 228.45 -10 -10 -10 -100    0 -1000 -1000 -10
695 124 pedestrian 0 0 -10 648.94 168.35 761.33 251.95 -10 -10 -10 -100    0 -1000 -1000 -10
695 107 pedestrian 0 0 -10 464.15 152.87 620.77 204.33 -10 -10 -10 -100    0 -1000 -1000 -10
695 106 pedestrian 0 0 -10 1167.01 126.25 1233.86 326.07 -10 -10 -10 -100    0 -1000 -1000 -10
695 118 pedestrian 0 0 -10 0.99 121.70 420.13 374.00 -10 -10 -10 -100    0 -1000 -1000 -10
695 102 pedestrian 0 0 -10 373.54 144.09 473.50 238.79 -10 -10 -10 -100    0 -1000 -1000 -10
695 132 pedestrian 0 0 -10 887.93 128.50 961.94 309.65 -10 -10 -10 -100    0 -1000 -1000 -10
695 93 pedestrian 0 0 -10 580.05 159.70 600.75 227.12 -10 -10 -10 -100    0 -1000 -1000 -10
695 109 pedestrian 0 0 -10 481.46 162.11 530.18 249.74 -10 -10 -10 -100    0 -1000 -1000 -10
695 113 pedestrian 0 0 -10 459.11 146.11 522.99 341.73 -10 -10 -10 -100    0 -1000 -1000 -10
695 112 pedestrian 0 0 -10 434.90 151.09 495.40 219.58 -10 -10 -10 -100    0 -1000 -1000 -10
695 128 pedestrian 0 0 -10 476.10 162.88 539.82 300.53 -10 -10 -10 -100    0 -1000 -1000 -10
695 133 pedestrian 0 0 -10 596.51 156.83 617.34 226.93 -10 -10 -10 -100    0 -1000 -1000 -10
696 107 pedestrian 0 0 -10 464.88 153.33 621.59 205.07 -10 -10 -10 -100    0 -1000 -1000 -10
696 106 pedestrian 0 0 -10 1168.02 125.55 1233.29 326.41 -10 -10 -10 -100    0 -1000 -1000 -10
696 118 pedestrian 0 0 -10 2.29 120.78 417.83 374.00 -10 -10 -10 -100    0 -1000 -1000 -10
696 102 pedestrian 0 0 -10 373.37 144.28 473.38 238.37 -10 -10 -10 -100    0 -1000 -1000 -10
696 132 pedestrian 0 0 -10 878.19 128.34 956.40 306.20 -10 -10 -10 -100    0 -1000 -1000 -10
696 93 pedestrian 0 0 -10 579.92 158.85 600.60 227.47 -10 -10 -10 -100    0 -1000 -1000 -10
696 109 pedestrian 0 0 -10 473.19 163.01 522.75 251.36 -10 -10 -10 -100    0 -1000 -1000 -10
696 113 pedestrian 0 0 -10 445.39 144.97 513.42 341.82 -10 -10 -10 -100    0 -1000 -1000 -10
696 112 pedestrian 0 0 -10 435.27 151.69 494.95 220.50 -10 -10 -10 -100    0 -1000 -1000 -10
696 124 pedestrian 0 0 -10 649.18 168.81 761.86 252.84 -10 -10 -10 -100    0 -1000 -1000 -10
696 128 pedestrian 0 0 -10 469.62 161.98 526.80 299.97 -10 -10 -10 -100    0 -1000 -1000 -10
696 133 pedestrian 0 0 -10 596.30 157.16 616.40 226.24 -10 -10 -10 -100    0 -1000 -1000 -10
697 107 pedestrian 0 0 -10 464.88 153.66 623.44 206.77 -10 -10 -10 -100    0 -1000 -1000 -10
697 106 pedestrian 0 0 -10 1168.72 120.63 1234.34 327.01 -10 -10 -10 -100    0 -1000 -1000 -10
697 118 pedestrian 0 0 -10 2.99 118.31 416.34 374.00 -10 -10 -10 -100    0 -1000 -1000 -10
697 102 pedestrian 0 0 -10 373.12 144.32 472.47 239.40 -10 -10 -10 -100    0 -1000 -1000 -10
697 132 pedestrian 0 0 -10 873.97 129.22 954.23 305.01 -10 -10 -10 -100    0 -1000 -1000 -10
697 93 pedestrian 0 0 -10 581.38 159.26 601.66 226.12 -10 -10 -10 -100    0 -1000 -1000 -10
697 109 pedestrian 0 0 -10 467.54 162.78 517.76 249.43 -10 -10 -10 -100    0 -1000 -1000 -10
697 113 pedestrian 0 0 -10 436.94 146.16 509.03 341.47 -10 -10 -10 -100    0 -1000 -1000 -10
697 112 pedestrian 0 0 -10 435.11 151.80 495.19 219.71 -10 -10 -10 -100    0 -1000 -1000 -10
697 124 pedestrian 0 0 -10 649.53 169.22 762.38 253.40 -10 -10 -10 -100    0 -1000 -1000 -10
697 128 pedestrian 0 0 -10 463.71 165.63 518.95 298.38 -10 -10 -10 -100    0 -1000 -1000 -10
697 133 pedestrian 0 0 -10 597.78 157.11 618.23 225.89 -10 -10 -10 -100    0 -1000 -1000 -10
698 107 pedestrian 0 0 -10 465.42 153.98 623.76 207.07 -10 -10 -10 -100    0 -1000 -1000 -10
698 106 pedestrian 0 0 -10 1167.24 120.79 1232.12 325.66 -10 -10 -10 -100    0 -1000 -1000 -10
698 118 pedestrian 0 0 -10 2.44 116.60 415.08 374.00 -10 -10 -10 -100    0 -1000 -1000 -10
698 102 pedestrian 0 0 -10 373.10 144.69 473.95 240.24 -10 -10 -10 -100    0 -1000 -1000 -10
698 132 pedestrian 0 0 -10 866.48 128.03 948.37 302.54 -10 -10 -10 -100    0 -1000 -1000 -10
698 93 pedestrian 0 0 -10 581.91 159.46 602.41 226.39 -10 -10 -10 -100    0 -1000 -1000 -10
698 109 pedestrian 0 0 -10 461.32 160.94 511.31 250.30 -10 -10 -10 -100    0 -1000 -1000 -10
698 113 pedestrian 0 0 -10 428.10 145.68 505.64 341.91 -10 -10 -10 -100    0 -1000 -1000 -10
698 112 pedestrian 0 0 -10 434.61 152.62 496.24 220.19 -10 -10 -10 -100    0 -1000 -1000 -10
698 124 pedestrian 0 0 -10 649.48 168.98 762.87 253.83 -10 -10 -10 -100    0 -1000 -1000 -10
698 128 pedestrian 0 0 -10 456.08 164.85 512.82 298.73 -10 -10 -10 -100    0 -1000 -1000 -10
698 133 pedestrian 0 0 -10 598.99 157.08 618.99 225.57 -10 -10 -10 -100    0 -1000 -1000 -10
699 107 pedestrian 0 0 -10 466.64 154.11 624.33 206.97 -10 -10 -10 -100    0 -1000 -1000 -10
699 106 pedestrian 0 0 -10 1166.11 118.75 1233.50 327.03 -10 -10 -10 -100    0 -1000 -1000 -10
699 118 pedestrian 0 0 -10 1.84 116.15 413.34 374.00 -10 -10 -10 -100    0 -1000 -1000 -10
699 102 pedestrian 0 0 -10 372.66 145.54 476.59 240.59 -10 -10 -10 -100    0 -1000 -1000 -10
699 132 pedestrian 0 0 -10 861.54 128.58 935.82 299.06 -10 -10 -10 -100    0 -1000 -1000 -10
699 93 pedestrian 0 0 -10 582.29 160.05 602.11 224.59 -10 -10 -10 -100    0 -1000 -1000 -10
699 109 pedestrian 0 0 -10 454.81 160.86 506.80 252.25 -10 -10 -10 -100    0 -1000 -1000 -10
699 113 pedestrian 0 0 -10 424.58 147.10 502.22 341.33 -10 -10 -10 -100    0 -1000 -1000 -10
699 112 pedestrian 0 0 -10 434.81 152.88 496.46 221.10 -10 -10 -10 -100    0 -1000 -1000 -10
699 124 pedestrian 0 0 -10 650.32 169.25 763.51 254.52 -10 -10 -10 -100    0 -1000 -1000 -10
699 128 pedestrian 0 0 -10 450.49 163.83 508.29 297.74 -10 -10 -10 -100    0 -1000 -1000 -10
699 133 pedestrian 0 0 -10 597.92 157.72 617.39 225.20 -10 -10 -10 -100    0 -1000 -1000 -10
700 107 pedestrian 0 0 -10 467.28 154.07 623.71 206.49 -10 -10 -10 -100    0 -1000 -1000 -10
700 106 pedestrian 0 0 -10 1163.22 121.43 1231.80 326.25 -10 -10 -10 -100    0 -1000 -1000 -10
700 118 pedestrian 0 0 -10 0.84 113.96 411.54 374.00 -10 -10 -10 -100    0 -1000 -1000 -10
700 102 pedestrian 0 0 -10 372.63 145.15 472.99 238.46 -10 -10 -10 -100    0 -1000 -1000 -10
700 132 pedestrian 0 0 -10 854.16 128.87 925.83 298.13 -10 -10 -10 -100    0 -1000 -1000 -10
700 93 pedestrian 0 0 -10 582.06 160.14 602.57 225.29 -10 -10 -10 -100    0 -1000 -1000 -10
700 109 pedestrian 0 0 -10 446.93 158.84 498.24 250.18 -10 -10 -10 -100    0 -1000 -1000 -10
700 113 pedestrian 0 0 -10 420.96 148.85 498.02 340.66 -10 -10 -10 -100    0 -1000 -1000 -10
700 112 pedestrian 0 0 -10 434.03 152.74 496.30 223.17 -10 -10 -10 -100    0 -1000 -1000 -10
700 124 pedestrian 0 0 -10 650.30 169.27 763.47 255.36 -10 -10 -10 -100    0 -1000 -1000 -10
700 128 pedestrian 0 0 -10 440.80 159.44 500.61 297.35 -10 -10 -10 -100    0 -1000 -1000 -10
700 133 pedestrian 0 0 -10 599.18 157.74 618.34 225.02 -10 -10 -10 -100    0 -1000 -1000 -10
701 107 pedestrian 0 0 -10 467.30 154.20 623.75 207.60 -10 -10 -10 -100    0 -1000 -1000 -10
701 106 pedestrian 0 0 -10 1157.87 123.76 1226.79 326.73 -10 -10 -10 -100    0 -1000 -1000 -10
701 118 pedestrian 0 0 -10 0.00 111.75 408.85 374.00 -10 -10 -10 -100    0 -1000 -1000 -10
701 102 pedestrian 0 0 -10 372.73 145.31 472.11 239.02 -10 -10 -10 -100    0 -1000 -1000 -10
701 132 pedestrian 0 0 -10 846.34 129.46 919.87 295.97 -10 -10 -10 -100    0 -1000 -1000 -10
701 93 pedestrian 0 0 -10 582.38 159.97 602.89 225.61 -10 -10 -10 -100    0 -1000 -1000 -10
701 109 pedestrian 0 0 -10 441.21 161.20 491.06 250.72 -10 -10 -10 -100    0 -1000 -1000 -10
701 113 pedestrian 0 0 -10 417.96 149.85 492.43 339.87 -10 -10 -10 -100    0 -1000 -1000 -10
701 112 pedestrian 0 0 -10 435.12 152.72 495.58 220.29 -10 -10 -10 -100    0 -1000 -1000 -10
701 124 pedestrian 0 0 -10 650.53 169.92 765.35 256.34 -10 -10 -10 -100    0 -1000 -1000 -10
701 133 pedestrian 0 0 -10 599.38 157.58 618.82 224.21 -10 -10 -10 -100    0 -1000 -1000 -10
702 136 pedestrian 0 0 -10 421.41 169.38 479.85 310.66 -10 -10 -10 -100    0 -1000 -1000 -10
702 135 pedestrian 0 0 -10 497.64 158.55 511.93 214.53 -10 -10 -10 -100    0 -1000 -1000 -10
702 107 pedestrian 0 0 -10 466.40 154.76 625.41 208.93 -10 -10 -10 -100    0 -1000 -1000 -10
702 106 pedestrian 0 0 -10 1150.63 124.73 1223.12 328.61 -10 -10 -10 -100    0 -1000 -1000 -10
702 118 pedestrian 0 0 -10 0.00 108.99 407.68 374.00 -10 -10 -10 -100    0 -1000 -1000 -10
702 102 pedestrian 0 0 -10 370.99 145.58 472.82 240.31 -10 -10 -10 -100    0 -1000 -1000 -10
702 132 pedestrian 0 0 -10 840.87 131.42 912.59 296.00 -10 -10 -10 -100    0 -1000 -1000 -10
702 93 pedestrian 0 0 -10 582.30 160.63 602.32 225.04 -10 -10 -10 -100    0 -1000 -1000 -10
702 109 pedestrian 0 0 -10 434.46 160.63 483.64 251.15 -10 -10 -10 -100    0 -1000 -1000 -10
702 113 pedestrian 0 0 -10 414.00 147.64 480.25 339.84 -10 -10 -10 -100    0 -1000 -1000 -10
702 112 pedestrian 0 0 -10 433.88 153.27 496.09 222.69 -10 -10 -10 -100    0 -1000 -1000 -10
702 124 pedestrian 0 0 -10 651.04 170.28 766.73 257.44 -10 -10 -10 -100    0 -1000 -1000 -10
702 133 pedestrian 0 0 -10 600.21 157.63 620.12 222.91 -10 -10 -10 -100    0 -1000 -1000 -10
703 135 pedestrian 0 0 -10 497.74 158.76 512.29 215.74 -10 -10 -10 -100    0 -1000 -1000 -10
703 107 pedestrian 0 0 -10 466.24 154.71 624.78 210.04 -10 -10 -10 -100    0 -1000 -1000 -10
703 106 pedestrian 0 0 -10 1157.97 123.92 1227.73 328.33 -10 -10 -10 -100    0 -1000 -1000 -10
703 118 pedestrian 0 0 -10 0.00 107.90 406.76 374.00 -10 -10 -10 -100    0 -1000 -1000 -10
703 102 pedestrian 0 0 -10 371.63 146.09 475.60 240.70 -10 -10 -10 -100    0 -1000 -1000 -10
703 132 pedestrian 0 0 -10 837.72 130.77 905.16 295.30 -10 -10 -10 -100    0 -1000 -1000 -10
703 93 pedestrian 0 0 -10 582.18 160.64 602.73 224.68 -10 -10 -10 -100    0 -1000 -1000 -10
703 109 pedestrian 0 0 -10 428.48 162.07 476.42 252.79 -10 -10 -10 -100    0 -1000 -1000 -10
703 113 pedestrian 0 0 -10 407.57 149.58 468.21 341.07 -10 -10 -10 -100    0 -1000 -1000 -10
703 112 pedestrian 0 0 -10 434.43 153.77 496.09 221.50 -10 -10 -10 -100    0 -1000 -1000 -10
703 124 pedestrian 0 0 -10 650.80 171.40 765.82 258.89 -10 -10 -10 -100    0 -1000 -1000 -10
703 133 pedestrian 0 0 -10 599.75 157.79 618.89 222.81 -10 -10 -10 -100    0 -1000 -1000 -10
704 138 pedestrian 0 0 -10 1121.32 116.32 1173.78 305.80 -10 -10 -10 -100    0 -1000 -1000 -10
704 135 pedestrian 0 0 -10 497.66 159.30 512.35 215.88 -10 -10 -10 -100    0 -1000 -1000 -10
704 107 pedestrian 0 0 -10 465.69 155.37 624.88 210.68 -10 -10 -10 -100    0 -1000 -1000 -10
704 106 pedestrian 0 0 -10 1163.05 126.26 1228.83 328.57 -10 -10 -10 -100    0 -1000 -1000 -10
704 118 pedestrian 0 0 -10 0.02 105.52 403.70 374.00 -10 -10 -10 -100    0 -1000 -1000 -10
704 102 pedestrian 0 0 -10 372.06 147.31 473.10 240.68 -10 -10 -10 -100    0 -1000 -1000 -10
704 132 pedestrian 0 0 -10 834.92 132.78 895.36 292.55 -10 -10 -10 -100    0 -1000 -1000 -10
704 93 pedestrian 0 0 -10 582.48 161.38 602.90 224.40 -10 -10 -10 -100    0 -1000 -1000 -10
704 109 pedestrian 0 0 -10 422.72 162.87 470.80 252.98 -10 -10 -10 -100    0 -1000 -1000 -10
704 113 pedestrian 0 0 -10 399.88 152.36 460.65 341.23 -10 -10 -10 -100    0 -1000 -1000 -10
704 112 pedestrian 0 0 -10 433.61 154.15 496.08 222.71 -10 -10 -10 -100    0 -1000 -1000 -10
704 124 pedestrian 0 0 -10 651.24 172.39 764.80 260.08 -10 -10 -10 -100    0 -1000 -1000 -10
705 138 pedestrian 0 0 -10 1095.97 117.19 1168.21 308.83 -10 -10 -10 -100    0 -1000 -1000 -10
705 135 pedestrian 0 0 -10 497.87 159.71 512.91 216.88 -10 -10 -10 -100    0 -1000 -1000 -10
705 107 pedestrian 0 0 -10 465.79 156.40 624.60 211.99 -10 -10 -10 -100    0 -1000 -1000 -10
705 106 pedestrian 0 0 -10 1168.51 126.41 1232.51 328.72 -10 -10 -10 -100    0 -1000 -1000 -10
705 118 pedestrian 0 0 -10 0.24 104.97 402.18 374.00 -10 -10 -10 -100    0 -1000 -1000 -10
705 102 pedestrian 0 0 -10 372.31 148.06 473.22 240.04 -10 -10 -10 -100    0 -1000 -1000 -10
705 132 pedestrian 0 0 -10 826.89 134.05 891.36 291.41 -10 -10 -10 -100    0 -1000 -1000 -10
705 93 pedestrian 0 0 -10 582.33 161.43 602.77 224.40 -10 -10 -10 -100    0 -1000 -1000 -10
705 109 pedestrian 0 0 -10 420.68 163.20 465.01 252.33 -10 -10 -10 -100    0 -1000 -1000 -10
705 113 pedestrian 0 0 -10 391.67 151.75 457.60 340.78 -10 -10 -10 -100    0 -1000 -1000 -10
705 112 pedestrian 0 0 -10 433.82 154.67 495.67 222.83 -10 -10 -10 -100    0 -1000 -1000 -10
705 124 pedestrian 0 0 -10 651.64 172.87 765.12 260.75 -10 -10 -10 -100    0 -1000 -1000 -10
706 138 pedestrian 0 0 -10 1071.74 122.22 1161.68 308.71 -10 -10 -10 -100    0 -1000 -1000 -10
706 135 pedestrian 0 0 -10 497.99 160.11 512.89 217.35 -10 -10 -10 -100    0 -1000 -1000 -10
706 107 pedestrian 0 0 -10 465.80 157.63 625.63 213.21 -10 -10 -10 -100    0 -1000 -1000 -10
706 106 pedestrian 0 0 -10 1171.19 127.06 1235.01 329.51 -10 -10 -10 -100    0 -1000 -1000 -10
706 118 pedestrian 0 0 -10 0.06 104.56 399.33 374.00 -10 -10 -10 -100    0 -1000 -1000 -10
706 102 pedestrian 0 0 -10 372.06 148.52 472.49 239.95 -10 -10 -10 -100    0 -1000 -1000 -10
706 132 pedestrian 0 0 -10 826.37 135.51 887.47 292.02 -10 -10 -10 -100    0 -1000 -1000 -10
706 93 pedestrian 0 0 -10 582.15 162.03 602.62 225.09 -10 -10 -10 -100    0 -1000 -1000 -10
706 109 pedestrian 0 0 -10 414.81 164.98 449.65 252.48 -10 -10 -10 -100    0 -1000 -1000 -10
706 113 pedestrian 0 0 -10 383.91 153.08 452.29 339.36 -10 -10 -10 -100    0 -1000 -1000 -10
706 112 pedestrian 0 0 -10 433.53 154.88 495.25 222.47 -10 -10 -10 -100    0 -1000 -1000 -10
706 124 pedestrian 0 0 -10 651.21 173.41 767.16 264.30 -10 -10 -10 -100    0 -1000 -1000 -10
706 137 pedestrian 0 0 -10 601.73 158.72 620.61 221.89 -10 -10 -10 -100    0 -1000 -1000 -10
707 138 pedestrian 0 0 -10 1062.68 124.11 1157.53 307.86 -10 -10 -10 -100    0 -1000 -1000 -10
707 136 pedestrian 0 0 -10 383.49 174.88 442.73 307.36 -10 -10 -10 -100    0 -1000 -1000 -10
707 135 pedestrian 0 0 -10 497.79 160.38 512.46 217.48 -10 -10 -10 -100    0 -1000 -1000 -10
707 107 pedestrian 0 0 -10 465.22 158.25 625.93 213.87 -10 -10 -10 -100    0 -1000 -1000 -10
707 106 pedestrian 0 0 -10 1172.38 128.26 1236.92 331.15 -10 -10 -10 -100    0 -1000 -1000 -10
707 118 pedestrian 0 0 -10 0.00 103.28 396.50 374.00 -10 -10 -10 -100    0 -1000 -1000 -10
707 102 pedestrian 0 0 -10 370.34 148.44 472.34 241.60 -10 -10 -10 -100    0 -1000 -1000 -10
707 132 pedestrian 0 0 -10 820.77 136.18 880.70 291.07 -10 -10 -10 -100    0 -1000 -1000 -10
707 93 pedestrian 0 0 -10 582.18 162.17 602.19 223.56 -10 -10 -10 -100    0 -1000 -1000 -10
707 109 pedestrian 0 0 -10 410.66 163.78 440.10 254.88 -10 -10 -10 -100    0 -1000 -1000 -10
707 113 pedestrian 0 0 -10 379.62 153.91 441.05 342.31 -10 -10 -10 -100    0 -1000 -1000 -10
707 112 pedestrian 0 0 -10 433.06 155.24 494.38 223.35 -10 -10 -10 -100    0 -1000 -1000 -10
707 124 pedestrian 0 0 -10 651.63 173.96 767.05 266.12 -10 -10 -10 -100    0 -1000 -1000 -10
707 137 pedestrian 0 0 -10 601.81 158.88 619.99 220.56 -10 -10 -10 -100    0 -1000 -1000 -10
708 138 pedestrian 0 0 -10 1057.45 124.57 1149.99 308.68 -10 -10 -10 -100    0 -1000 -1000 -10
708 136 pedestrian 0 0 -10 378.07 175.03 433.79 307.88 -10 -10 -10 -100    0 -1000 -1000 -10
708 135 pedestrian 0 0 -10 496.95 160.49 512.17 217.35 -10 -10 -10 -100    0 -1000 -1000 -10
708 107 pedestrian 0 0 -10 464.75 158.34 626.59 214.07 -10 -10 -10 -100    0 -1000 -1000 -10
708 106 pedestrian 0 0 -10 1170.62 128.08 1236.72 332.33 -10 -10 -10 -100    0 -1000 -1000 -10
708 118 pedestrian 0 0 -10 0.18 102.37 394.15 374.00 -10 -10 -10 -100    0 -1000 -1000 -10
708 102 pedestrian 0 0 -10 370.68 149.06 471.89 242.31 -10 -10 -10 -100    0 -1000 -1000 -10
708 132 pedestrian 0 0 -10 816.87 138.00 873.93 288.24 -10 -10 -10 -100    0 -1000 -1000 -10
708 93 pedestrian 0 0 -10 582.80 161.84 602.88 224.68 -10 -10 -10 -100    0 -1000 -1000 -10
708 109 pedestrian 0 0 -10 400.43 165.46 432.89 259.55 -10 -10 -10 -100    0 -1000 -1000 -10
708 113 pedestrian 0 0 -10 370.83 153.12 431.12 343.34 -10 -10 -10 -100    0 -1000 -1000 -10
708 112 pedestrian 0 0 -10 432.45 155.50 493.60 224.29 -10 -10 -10 -100    0 -1000 -1000 -10
708 124 pedestrian 0 0 -10 650.39 174.01 766.22 267.13 -10 -10 -10 -100    0 -1000 -1000 -10
708 137 pedestrian 0 0 -10 600.63 159.01 619.69 221.43 -10 -10 -10 -100    0 -1000 -1000 -10
709 136 pedestrian 0 0 -10 367.25 175.93 424.53 309.26 -10 -10 -10 -100    0 -1000 -1000 -10
709 135 pedestrian 0 0 -10 495.57 161.41 511.10 217.62 -10 -10 -10 -100    0 -1000 -1000 -10
709 107 pedestrian 0 0 -10 465.32 159.30 626.60 214.83 -10 -10 -10 -100    0 -1000 -1000 -10
709 106 pedestrian 0 0 -10 1163.88 128.24 1236.74 336.65 -10 -10 -10 -100    0 -1000 -1000 -10
709 118 pedestrian 0 0 -10 0.00 103.00 390.60 374.00 -10 -10 -10 -100    0 -1000 -1000 -10
709 102 pedestrian 0 0 -10 368.41 149.50 471.49 243.52 -10 -10 -10 -100    0 -1000 -1000 -10
709 132 pedestrian 0 0 -10 796.98 140.25 860.39 288.09 -10 -10 -10 -100    0 -1000 -1000 -10
709 93 pedestrian 0 0 -10 582.38 163.23 602.80 227.21 -10 -10 -10 -100    0 -1000 -1000 -10
709 109 pedestrian 0 0 -10 389.58 168.69 425.12 260.52 -10 -10 -10 -100    0 -1000 -1000 -10
709 138 pedestrian 0 0 -10 1055.58 123.68 1127.02 308.14 -10 -10 -10 -100    0 -1000 -1000 -10
709 113 pedestrian 0 0 -10 360.59 154.62 422.27 344.59 -10 -10 -10 -100    0 -1000 -1000 -10
709 112 pedestrian 0 0 -10 432.21 155.91 493.99 225.22 -10 -10 -10 -100    0 -1000 -1000 -10
709 124 pedestrian 0 0 -10 644.58 164.08 755.60 249.79 -10 -10 -10 -100    0 -1000 -1000 -10
709 137 pedestrian 0 0 -10 603.02 160.16 621.27 224.17 -10 -10 -10 -100    0 -1000 -1000 -10
710 136 pedestrian 0 0 -10 355.12 176.60 416.01 311.35 -10 -10 -10 -100    0 -1000 -1000 -10
710 135 pedestrian 0 0 -10 493.83 163.45 509.31 218.97 -10 -10 -10 -100    0 -1000 -1000 -10
710 107 pedestrian 0 0 -10 465.43 161.66 627.06 217.24 -10 -10 -10 -100    0 -1000 -1000 -10
710 106 pedestrian 0 0 -10 1152.84 131.57 1236.74 339.56 -10 -10 -10 -100    0 -1000 -1000 -10
710 118 pedestrian 0 0 -10 0.00 108.40 387.36 374.00 -10 -10 -10 -100    0 -1000 -1000 -10
710 102 pedestrian 0 0 -10 367.98 151.51 471.05 247.71 -10 -10 -10 -100    0 -1000 -1000 -10
710 132 pedestrian 0 0 -10 785.98 139.76 848.02 289.93 -10 -10 -10 -100    0 -1000 -1000 -10
710 93 pedestrian 0 0 -10 583.16 165.03 603.56 228.62 -10 -10 -10 -100    0 -1000 -1000 -10
710 109 pedestrian 0 0 -10 381.78 170.68 417.94 260.62 -10 -10 -10 -100    0 -1000 -1000 -10
710 138 pedestrian 0 0 -10 1052.53 127.35 1112.60 312.91 -10 -10 -10 -100    0 -1000 -1000 -10
710 113 pedestrian 0 0 -10 343.08 154.26 412.16 348.68 -10 -10 -10 -100    0 -1000 -1000 -10
710 112 pedestrian 0 0 -10 430.55 157.77 493.51 227.91 -10 -10 -10 -100    0 -1000 -1000 -10
710 124 pedestrian 0 0 -10 640.15 162.64 753.17 241.43 -10 -10 -10 -100    0 -1000 -1000 -10
710 137 pedestrian 0 0 -10 601.96 162.65 621.78 226.47 -10 -10 -10 -100    0 -1000 -1000 -10
711 136 pedestrian 0 0 -10 349.05 178.47 409.40 312.87 -10 -10 -10 -100    0 -1000 -1000 -10
711 135 pedestrian 0 0 -10 494.57 165.40 509.63 221.59 -10 -10 -10 -100    0 -1000 -1000 -10
711 107 pedestrian 0 0 -10 465.07 164.75 627.71 220.34 -10 -10 -10 -100    0 -1000 -1000 -10
711 106 pedestrian 0 0 -10 1154.85 134.56 1237.37 344.91 -10 -10 -10 -100    0 -1000 -1000 -10
711 118 pedestrian 0 0 -10 0.00 113.67 378.75 374.00 -10 -10 -10 -100    0 -1000 -1000 -10
711 102 pedestrian 0 0 -10 368.44 153.86 470.79 250.03 -10 -10 -10 -100    0 -1000 -1000 -10
711 132 pedestrian 0 0 -10 783.12 146.29 847.12 292.87 -10 -10 -10 -100    0 -1000 -1000 -10
711 93 pedestrian 0 0 -10 581.75 167.30 601.57 229.93 -10 -10 -10 -100    0 -1000 -1000 -10
711 109 pedestrian 0 0 -10 377.12 175.64 411.30 265.71 -10 -10 -10 -100    0 -1000 -1000 -10
711 138 pedestrian 0 0 -10 1033.21 132.18 1106.89 317.04 -10 -10 -10 -100    0 -1000 -1000 -10
711 113 pedestrian 0 0 -10 334.44 156.26 405.45 353.88 -10 -10 -10 -100    0 -1000 -1000 -10
711 112 pedestrian 0 0 -10 430.12 160.57 492.57 230.15 -10 -10 -10 -100    0 -1000 -1000 -10
711 124 pedestrian 0 0 -10 641.02 167.01 754.38 244.88 -10 -10 -10 -100    0 -1000 -1000 -10
711 137 pedestrian 0 0 -10 603.39 164.78 623.40 228.86 -10 -10 -10 -100    0 -1000 -1000 -10
712 135 pedestrian 0 0 -10 493.74 169.55 509.02 224.86 -10 -10 -10 -100    0 -1000 -1000 -10
712 107 pedestrian 0 0 -10 465.68 167.98 628.65 224.38 -10 -10 -10 -100    0 -1000 -1000 -10
712 106 pedestrian 0 0 -10 1164.22 139.36 1237.49 350.25 -10 -10 -10 -100    0 -1000 -1000 -10
712 118 pedestrian 0 0 -10 0.00 116.66 375.08 374.00 -10 -10 -10 -100    0 -1000 -1000 -10
712 102 pedestrian 0 0 -10 367.61 155.65 470.60 251.93 -10 -10 -10 -100    0 -1000 -1000 -10
712 132 pedestrian 0 0 -10 781.00 147.79 845.65 296.48 -10 -10 -10 -100    0 -1000 -1000 -10
712 93 pedestrian 0 0 -10 581.85 170.05 600.74 232.62 -10 -10 -10 -100    0 -1000 -1000 -10
712 109 pedestrian 0 0 -10 373.44 176.96 405.86 270.30 -10 -10 -10 -100    0 -1000 -1000 -10
712 138 pedestrian 0 0 -10 1015.95 138.42 1107.94 322.25 -10 -10 -10 -100    0 -1000 -1000 -10
712 113 pedestrian 0 0 -10 325.64 156.62 396.84 356.32 -10 -10 -10 -100    0 -1000 -1000 -10
712 112 pedestrian 0 0 -10 430.00 162.91 491.85 232.53 -10 -10 -10 -100    0 -1000 -1000 -10
712 124 pedestrian 0 0 -10 640.58 171.31 754.19 250.38 -10 -10 -10 -100    0 -1000 -1000 -10
712 137 pedestrian 0 0 -10 602.63 167.25 623.13 231.20 -10 -10 -10 -100    0 -1000 -1000 -10
713 135 pedestrian 0 0 -10 493.55 172.21 508.74 227.71 -10 -10 -10 -100    0 -1000 -1000 -10
713 107 pedestrian 0 0 -10 465.49 171.11 630.35 228.03 -10 -10 -10 -100    0 -1000 -1000 -10
713 106 pedestrian 0 0 -10 1174.19 143.96 1237.87 357.26 -10 -10 -10 -100    0 -1000 -1000 -10
713 118 pedestrian 0 0 -10 0.00 122.30 368.81 374.00 -10 -10 -10 -100    0 -1000 -1000 -10
713 102 pedestrian 0 0 -10 366.25 157.61 470.51 255.64 -10 -10 -10 -100    0 -1000 -1000 -10
713 132 pedestrian 0 0 -10 782.95 150.92 844.19 301.65 -10 -10 -10 -100    0 -1000 -1000 -10
713 93 pedestrian 0 0 -10 582.12 173.28 600.85 234.76 -10 -10 -10 -100    0 -1000 -1000 -10
713 109 pedestrian 0 0 -10 369.27 178.07 400.59 271.28 -10 -10 -10 -100    0 -1000 -1000 -10
713 138 pedestrian 0 0 -10 1014.59 143.79 1108.86 326.74 -10 -10 -10 -100    0 -1000 -1000 -10
713 113 pedestrian 0 0 -10 320.17 159.80 388.92 360.55 -10 -10 -10 -100    0 -1000 -1000 -10
713 112 pedestrian 0 0 -10 430.30 165.35 491.81 234.92 -10 -10 -10 -100    0 -1000 -1000 -10
713 124 pedestrian 0 0 -10 641.53 175.44 756.78 256.65 -10 -10 -10 -100    0 -1000 -1000 -10
713 137 pedestrian 0 0 -10 604.02 169.16 623.59 232.84 -10 -10 -10 -100    0 -1000 -1000 -10
714 135 pedestrian 0 0 -10 493.06 174.54 508.46 230.41 -10 -10 -10 -100    0 -1000 -1000 -10
714 107 pedestrian 0 0 -10 465.46 173.41 632.22 231.41 -10 -10 -10 -100    0 -1000 -1000 -10
714 106 pedestrian 0 0 -10 1185.59 145.79 1237.75 364.72 -10 -10 -10 -100    0 -1000 -1000 -10
714 118 pedestrian 0 0 -10 0.00 124.16 362.41 374.00 -10 -10 -10 -100    0 -1000 -1000 -10
714 102 pedestrian 0 0 -10 364.28 159.74 469.98 257.15 -10 -10 -10 -100    0 -1000 -1000 -10
714 132 pedestrian 0 0 -10 782.60 153.70 840.71 302.84 -10 -10 -10 -100    0 -1000 -1000 -10
714 93 pedestrian 0 0 -10 583.27 175.46 601.21 235.79 -10 -10 -10 -100    0 -1000 -1000 -10
714 109 pedestrian 0 0 -10 360.84 178.59 388.88 271.32 -10 -10 -10 -100    0 -1000 -1000 -10
714 138 pedestrian 0 0 -10 1015.62 145.31 1107.54 330.27 -10 -10 -10 -100    0 -1000 -1000 -10
714 113 pedestrian 0 0 -10 313.90 161.67 382.22 364.43 -10 -10 -10 -100    0 -1000 -1000 -10
714 112 pedestrian 0 0 -10 429.18 167.15 491.67 237.53 -10 -10 -10 -100    0 -1000 -1000 -10
714 124 pedestrian 0 0 -10 641.54 178.96 760.07 262.08 -10 -10 -10 -100    0 -1000 -1000 -10
714 137 pedestrian 0 0 -10 603.01 171.09 624.07 234.44 -10 -10 -10 -100    0 -1000 -1000 -10
715 136 pedestrian 0 0 -10 300.56 183.34 381.07 326.28 -10 -10 -10 -100    0 -1000 -1000 -10
715 135 pedestrian 0 0 -10 492.99 176.57 508.34 232.95 -10 -10 -10 -100    0 -1000 -1000 -10
715 107 pedestrian 0 0 -10 465.75 175.54 632.01 234.13 -10 -10 -10 -100    0 -1000 -1000 -10
715 106 pedestrian 0 0 -10 1202.21 149.45 1237.82 373.42 -10 -10 -10 -100    0 -1000 -1000 -10
715 118 pedestrian 0 0 -10 0.00 125.51 356.25 374.00 -10 -10 -10 -100    0 -1000 -1000 -10
715 102 pedestrian 0 0 -10 360.62 161.11 468.94 260.17 -10 -10 -10 -100    0 -1000 -1000 -10
715 132 pedestrian 0 0 -10 782.73 156.54 837.48 306.42 -10 -10 -10 -100    0 -1000 -1000 -10
715 93 pedestrian 0 0 -10 583.18 177.41 600.78 236.85 -10 -10 -10 -100    0 -1000 -1000 -10
715 109 pedestrian 0 0 -10 349.85 178.65 377.85 271.29 -10 -10 -10 -100    0 -1000 -1000 -10
715 138 pedestrian 0 0 -10 1021.78 148.33 1091.90 333.07 -10 -10 -10 -100    0 -1000 -1000 -10
715 113 pedestrian 0 0 -10 301.42 160.75 372.32 367.88 -10 -10 -10 -100    0 -1000 -1000 -10
715 112 pedestrian 0 0 -10 428.20 168.52 491.78 239.59 -10 -10 -10 -100    0 -1000 -1000 -10
715 124 pedestrian 0 0 -10 640.67 180.25 762.66 266.22 -10 -10 -10 -100    0 -1000 -1000 -10
715 137 pedestrian 0 0 -10 603.21 172.90 624.29 234.36 -10 -10 -10 -100    0 -1000 -1000 -10
716 136 pedestrian 0 0 -10 292.04 186.19 369.82 327.71 -10 -10 -10 -100    0 -1000 -1000 -10
716 135 pedestrian 0 0 -10 494.30 177.99 509.18 234.40 -10 -10 -10 -100    0 -1000 -1000 -10
716 107 pedestrian 0 0 -10 465.96 177.85 633.70 238.50 -10 -10 -10 -100    0 -1000 -1000 -10
716 118 pedestrian 0 0 -10 0.00 126.29 346.55 374.00 -10 -10 -10 -100    0 -1000 -1000 -10
716 102 pedestrian 0 0 -10 362.87 162.56 468.42 263.00 -10 -10 -10 -100    0 -1000 -1000 -10
716 132 pedestrian 0 0 -10 780.96 156.90 838.70 309.36 -10 -10 -10 -100    0 -1000 -1000 -10
716 93 pedestrian 0 0 -10 580.91 178.46 600.20 240.10 -10 -10 -10 -100    0 -1000 -1000 -10
716 109 pedestrian 0 0 -10 341.06 178.48 370.76 280.76 -10 -10 -10 -100    0 -1000 -1000 -10
716 138 pedestrian 0 0 -10 1027.11 150.46 1078.42 335.49 -10 -10 -10 -100    0 -1000 -1000 -10
716 113 pedestrian 0 0 -10 289.54 165.26 360.79 371.62 -10 -10 -10 -100    0 -1000 -1000 -10
716 112 pedestrian 0 0 -10 428.23 169.28 492.32 240.82 -10 -10 -10 -100    0 -1000 -1000 -10
716 124 pedestrian 0 0 -10 643.77 182.16 765.79 271.29 -10 -10 -10 -100    0 -1000 -1000 -10
716 137 pedestrian 0 0 -10 602.07 174.67 624.50 236.43 -10 -10 -10 -100    0 -1000 -1000 -10
717 136 pedestrian 0 0 -10 271.47 187.02 360.11 338.53 -10 -10 -10 -100    0 -1000 -1000 -10
717 135 pedestrian 0 0 -10 497.01 178.63 511.74 235.48 -10 -10 -10 -100    0 -1000 -1000 -10
717 107 pedestrian 0 0 -10 466.62 178.91 634.64 242.44 -10 -10 -10 -100    0 -1000 -1000 -10
717 118 pedestrian 0 0 -10 0.00 123.92 337.88 374.00 -10 -10 -10 -100    0 -1000 -1000 -10
717 102 pedestrian 0 0 -10 360.70 163.61 468.83 264.38 -10 -10 -10 -100    0 -1000 -1000 -10
717 132 pedestrian 0 0 -10 776.77 161.41 838.91 312.49 -10 -10 -10 -100    0 -1000 -1000 -10
717 93 pedestrian 0 0 -10 580.02 178.98 599.67 241.77 -10 -10 -10 -100    0 -1000 -1000 -10
717 109 pedestrian 0 0 -10 330.92 178.57 366.99 283.60 -10 -10 -10 -100    0 -1000 -1000 -10
717 138 pedestrian 0 0 -10 1014.03 152.06 1086.60 344.99 -10 -10 -10 -100    0 -1000 -1000 -10
717 113 pedestrian 0 0 -10 277.04 169.15 345.36 374.00 -10 -10 -10 -100    0 -1000 -1000 -10
717 112 pedestrian 0 0 -10 428.30 169.35 492.51 241.49 -10 -10 -10 -100    0 -1000 -1000 -10
717 124 pedestrian 0 0 -10 643.32 184.22 768.25 274.88 -10 -10 -10 -100    0 -1000 -1000 -10
717 137 pedestrian 0 0 -10 600.25 176.15 625.47 239.96 -10 -10 -10 -100    0 -1000 -1000 -10
718 136 pedestrian 0 0 -10 259.17 189.42 358.15 335.27 -10 -10 -10 -100    0 -1000 -1000 -10
718 135 pedestrian 0 0 -10 498.86 178.17 513.66 235.72 -10 -10 -10 -100    0 -1000 -1000 -10
718 107 pedestrian 0 0 -10 468.57 179.08 640.05 244.79 -10 -10 -10 -100    0 -1000 -1000 -10
718 118 pedestrian 0 0 -10 0.00 122.96 331.73 374.00 -10 -10 -10 -100    0 -1000 -1000 -10
718 102 pedestrian 0 0 -10 360.62 163.95 469.76 264.82 -10 -10 -10 -100    0 -1000 -1000 -10
718 132 pedestrian 0 0 -10 778.90 164.06 838.90 313.98 -10 -10 -10 -100    0 -1000 -1000 -10
718 93 pedestrian 0 0 -10 582.27 179.79 601.55 242.04 -10 -10 -10 -100    0 -1000 -1000 -10
718 109 pedestrian 0 0 -10 322.71 179.15 363.61 286.37 -10 -10 -10 -100    0 -1000 -1000 -10
718 138 pedestrian 0 0 -10 1004.10 154.29 1093.78 348.74 -10 -10 -10 -100    0 -1000 -1000 -10
718 113 pedestrian 0 0 -10 266.07 169.42 338.52 374.00 -10 -10 -10 -100    0 -1000 -1000 -10
718 112 pedestrian 0 0 -10 428.82 169.51 494.44 241.81 -10 -10 -10 -100    0 -1000 -1000 -10
718 124 pedestrian 0 0 -10 648.15 184.99 773.72 277.65 -10 -10 -10 -100    0 -1000 -1000 -10
718 137 pedestrian 0 0 -10 602.36 176.66 627.01 241.11 -10 -10 -10 -100    0 -1000 -1000 -10
719 136 pedestrian 0 0 -10 239.92 187.88 345.12 335.47 -10 -10 -10 -100    0 -1000 -1000 -10
719 135 pedestrian 0 0 -10 502.72 178.76 516.85 237.65 -10 -10 -10 -100    0 -1000 -1000 -10
719 107 pedestrian 0 0 -10 470.26 179.52 643.68 246.61 -10 -10 -10 -100    0 -1000 -1000 -10
719 118 pedestrian 0 0 -10 0.14 121.28 321.57 374.00 -10 -10 -10 -100    0 -1000 -1000 -10
719 102 pedestrian 0 0 -10 359.65 164.28 471.02 266.02 -10 -10 -10 -100    0 -1000 -1000 -10
719 132 pedestrian 0 0 -10 782.79 161.89 835.46 315.57 -10 -10 -10 -100    0 -1000 -1000 -10
719 93 pedestrian 0 0 -10 584.02 179.12 604.37 241.96 -10 -10 -10 -100    0 -1000 -1000 -10
719 109 pedestrian 0 0 -10 332.75 182.01 363.12 264.30 -10 -10 -10 -100    0 -1000 -1000 -10
719 138 pedestrian 0 0 -10 1015.26 154.53 1109.31 355.38 -10 -10 -10 -100    0 -1000 -1000 -10
719 113 pedestrian 0 0 -10 253.80 171.34 333.85 374.00 -10 -10 -10 -100    0 -1000 -1000 -10
719 112 pedestrian 0 0 -10 430.84 169.40 495.47 241.59 -10 -10 -10 -100    0 -1000 -1000 -10
719 124 pedestrian 0 0 -10 649.52 185.56 780.81 280.81 -10 -10 -10 -100    0 -1000 -1000 -10
719 137 pedestrian 0 0 -10 602.25 176.82 628.06 240.56 -10 -10 -10 -100    0 -1000 -1000 -10
720 135 pedestrian 0 0 -10 504.33 177.55 519.78 238.45 -10 -10 -10 -100    0 -1000 -1000 -10
720 107 pedestrian 0 0 -10 471.34 178.87 646.83 247.76 -10 -10 -10 -100    0 -1000 -1000 -10
720 118 pedestrian 0 0 -10 0.40 116.61 307.13 374.00 -10 -10 -10 -100    0 -1000 -1000 -10
720 102 pedestrian 0 0 -10 357.78 163.83 471.86 267.19 -10 -10 -10 -100    0 -1000 -1000 -10
720 139 pedestrian 0 0 -10 282.34 181.38 317.85 291.95 -10 -10 -10 -100    0 -1000 -1000 -10
720 132 pedestrian 0 0 -10 781.34 160.38 833.57 318.77 -10 -10 -10 -100    0 -1000 -1000 -10
720 93 pedestrian 0 0 -10 585.24 178.85 605.16 242.69 -10 -10 -10 -100    0 -1000 -1000 -10
720 109 pedestrian 0 0 -10 335.55 183.62 362.75 260.81 -10 -10 -10 -100    0 -1000 -1000 -10
720 138 pedestrian 0 0 -10 1024.83 149.86 1117.04 356.55 -10 -10 -10 -100    0 -1000 -1000 -10
720 113 pedestrian 0 0 -10 234.83 169.54 327.17 374.00 -10 -10 -10 -100    0 -1000 -1000 -10
720 112 pedestrian 0 0 -10 431.93 169.24 497.01 241.89 -10 -10 -10 -100    0 -1000 -1000 -10
720 124 pedestrian 0 0 -10 651.64 184.76 785.85 281.96 -10 -10 -10 -100    0 -1000 -1000 -10
720 137 pedestrian 0 0 -10 605.18 176.42 631.30 240.02 -10 -10 -10 -100    0 -1000 -1000 -10
721 135 pedestrian 0 0 -10 505.56 177.71 521.27 238.90 -10 -10 -10 -100    0 -1000 -1000 -10
721 107 pedestrian 0 0 -10 472.69 178.54 648.44 248.10 -10 -10 -10 -100    0 -1000 -1000 -10
721 118 pedestrian 0 0 -10 0.61 123.34 285.56 374.00 -10 -10 -10 -100    0 -1000 -1000 -10
721 102 pedestrian 0 0 -10 357.27 162.92 472.26 268.44 -10 -10 -10 -100    0 -1000 -1000 -10
721 139 pedestrian 0 0 -10 279.35 179.82 315.79 300.00 -10 -10 -10 -100    0 -1000 -1000 -10
721 132 pedestrian 0 0 -10 777.62 158.60 834.95 318.77 -10 -10 -10 -100    0 -1000 -1000 -10
721 93 pedestrian 0 0 -10 587.47 178.41 606.96 241.55 -10 -10 -10 -100    0 -1000 -1000 -10
721 109 pedestrian 0 0 -10 338.40 181.35 363.74 258.95 -10 -10 -10 -100    0 -1000 -1000 -10
721 138 pedestrian 0 0 -10 1033.45 145.25 1112.05 356.41 -10 -10 -10 -100    0 -1000 -1000 -10
721 113 pedestrian 0 0 -10 214.47 170.19 319.08 374.00 -10 -10 -10 -100    0 -1000 -1000 -10
721 112 pedestrian 0 0 -10 432.27 168.94 498.39 242.50 -10 -10 -10 -100    0 -1000 -1000 -10
721 124 pedestrian 0 0 -10 651.02 183.23 790.69 284.07 -10 -10 -10 -100    0 -1000 -1000 -10
721 137 pedestrian 0 0 -10 608.88 175.15 634.41 239.07 -10 -10 -10 -100    0 -1000 -1000 -10
722 135 pedestrian 0 0 -10 507.33 176.95 523.70 238.58 -10 -10 -10 -100    0 -1000 -1000 -10
722 107 pedestrian 0 0 -10 475.05 177.83 651.16 248.06 -10 -10 -10 -100    0 -1000 -1000 -10
722 118 pedestrian 0 0 -10 0.00 122.31 260.66 374.00 -10 -10 -10 -100    0 -1000 -1000 -10
722 102 pedestrian 0 0 -10 356.94 161.79 474.00 269.21 -10 -10 -10 -100    0 -1000 -1000 -10
722 139 pedestrian 0 0 -10 274.95 177.61 311.87 304.74 -10 -10 -10 -100    0 -1000 -1000 -10
722 132 pedestrian 0 0 -10 777.84 157.31 838.33 317.48 -10 -10 -10 -100    0 -1000 -1000 -10
722 93 pedestrian 0 0 -10 594.03 178.22 612.01 242.21 -10 -10 -10 -100    0 -1000 -1000 -10
722 109 pedestrian 0 0 -10 341.07 181.80 365.53 260.07 -10 -10 -10 -100    0 -1000 -1000 -10
722 138 pedestrian 0 0 -10 1026.02 141.35 1104.16 358.59 -10 -10 -10 -100    0 -1000 -1000 -10
722 113 pedestrian 0 0 -10 194.06 172.39 305.56 374.00 -10 -10 -10 -100    0 -1000 -1000 -10
722 112 pedestrian 0 0 -10 432.60 167.09 501.11 243.08 -10 -10 -10 -100    0 -1000 -1000 -10
722 124 pedestrian 0 0 -10 657.57 181.29 798.45 283.49 -10 -10 -10 -100    0 -1000 -1000 -10
722 137 pedestrian 0 0 -10 611.16 173.55 637.87 239.78 -10 -10 -10 -100    0 -1000 -1000 -10
723 135 pedestrian 0 0 -10 509.30 177.40 526.61 238.50 -10 -10 -10 -100    0 -1000 -1000 -10
723 107 pedestrian 0 0 -10 477.30 176.37 656.45 248.53 -10 -10 -10 -100    0 -1000 -1000 -10
723 118 pedestrian 0 0 -10 0.00 128.57 236.83 374.00 -10 -10 -10 -100    0 -1000 -1000 -10
723 102 pedestrian 0 0 -10 356.25 161.36 475.00 269.90 -10 -10 -10 -100    0 -1000 -1000 -10
723 139 pedestrian 0 0 -10 270.62 177.36 310.46 308.71 -10 -10 -10 -100    0 -1000 -1000 -10
723 132 pedestrian 0 0 -10 774.19 158.64 835.57 316.82 -10 -10 -10 -100    0 -1000 -1000 -10
723 93 pedestrian 0 0 -10 594.59 177.42 612.24 242.59 -10 -10 -10 -100    0 -1000 -1000 -10
723 109 pedestrian 0 0 -10 344.24 183.28 369.10 260.45 -10 -10 -10 -100    0 -1000 -1000 -10
723 138 pedestrian 0 0 -10 1022.61 134.40 1116.70 360.97 -10 -10 -10 -100    0 -1000 -1000 -10
723 113 pedestrian 0 0 -10 176.90 173.87 289.67 374.00 -10 -10 -10 -100    0 -1000 -1000 -10
723 112 pedestrian 0 0 -10 432.66 165.90 502.64 243.76 -10 -10 -10 -100    0 -1000 -1000 -10
723 124 pedestrian 0 0 -10 675.98 178.37 788.22 267.15 -10 -10 -10 -100    0 -1000 -1000 -10
723 137 pedestrian 0 0 -10 615.91 173.28 641.93 238.33 -10 -10 -10 -100    0 -1000 -1000 -10
724 135 pedestrian 0 0 -10 511.15 177.41 528.98 239.05 -10 -10 -10 -100    0 -1000 -1000 -10
724 107 pedestrian 0 0 -10 478.93 176.13 660.90 249.53 -10 -10 -10 -100    0 -1000 -1000 -10
724 118 pedestrian 0 0 -10 0.00 139.33 204.95 374.00 -10 -10 -10 -100    0 -1000 -1000 -10
724 102 pedestrian 0 0 -10 355.97 161.48 476.01 271.01 -10 -10 -10 -100    0 -1000 -1000 -10
724 139 pedestrian 0 0 -10 264.57 177.55 303.96 313.23 -10 -10 -10 -100    0 -1000 -1000 -10
724 132 pedestrian 0 0 -10 775.84 156.43 833.18 317.65 -10 -10 -10 -100    0 -1000 -1000 -10
724 93 pedestrian 0 0 -10 596.58 176.72 614.58 239.45 -10 -10 -10 -100    0 -1000 -1000 -10
724 109 pedestrian 0 0 -10 346.37 185.12 370.87 260.95 -10 -10 -10 -100    0 -1000 -1000 -10
724 138 pedestrian 0 0 -10 1019.16 129.89 1131.11 361.03 -10 -10 -10 -100    0 -1000 -1000 -10
724 113 pedestrian 0 0 -10 158.50 175.04 266.37 374.00 -10 -10 -10 -100    0 -1000 -1000 -10
724 112 pedestrian 0 0 -10 434.39 166.58 504.27 245.01 -10 -10 -10 -100    0 -1000 -1000 -10
724 124 pedestrian 0 0 -10 692.63 176.44 789.20 263.21 -10 -10 -10 -100    0 -1000 -1000 -10
724 137 pedestrian 0 0 -10 618.18 172.54 643.33 238.77 -10 -10 -10 -100    0 -1000 -1000 -10
724 128 pedestrian 0 0 -10 248.14 185.16 285.99 295.35 -10 -10 -10 -100    0 -1000 -1000 -10
725 135 pedestrian 0 0 -10 512.60 178.10 530.68 241.09 -10 -10 -10 -100    0 -1000 -1000 -10
725 107 pedestrian 0 0 -10 480.31 176.27 663.52 250.83 -10 -10 -10 -100    0 -1000 -1000 -10
725 118 pedestrian 0 0 -10 0.00 144.89 172.11 374.00 -10 -10 -10 -100    0 -1000 -1000 -10
725 102 pedestrian 0 0 -10 354.60 162.78 477.75 273.63 -10 -10 -10 -100    0 -1000 -1000 -10
725 139 pedestrian 0 0 -10 261.36 183.56 300.78 321.43 -10 -10 -10 -100    0 -1000 -1000 -10
725 132 pedestrian 0 0 -10 777.31 151.78 835.64 318.58 -10 -10 -10 -100    0 -1000 -1000 -10
725 93 pedestrian 0 0 -10 599.36 176.80 616.13 239.39 -10 -10 -10 -100    0 -1000 -1000 -10
725 109 pedestrian 0 0 -10 347.97 185.39 372.82 263.21 -10 -10 -10 -100    0 -1000 -1000 -10
725 138 pedestrian 0 0 -10 1026.39 126.79 1149.76 362.61 -10 -10 -10 -100    0 -1000 -1000 -10
725 113 pedestrian 0 0 -10 132.25 176.37 246.10 374.00 -10 -10 -10 -100    0 -1000 -1000 -10
725 112 pedestrian 0 0 -10 435.57 166.80 506.06 246.21 -10 -10 -10 -100    0 -1000 -1000 -10
725 124 pedestrian 0 0 -10 695.57 174.44 795.48 263.89 -10 -10 -10 -100    0 -1000 -1000 -10
725 137 pedestrian 0 0 -10 620.36 172.63 645.64 234.19 -10 -10 -10 -100    0 -1000 -1000 -10
725 128 pedestrian 0 0 -10 242.20 186.45 282.86 300.47 -10 -10 -10 -100    0 -1000 -1000 -10
726 135 pedestrian 0 0 -10 512.91 175.20 530.48 238.17 -10 -10 -10 -100    0 -1000 -1000 -10
726 107 pedestrian 0 0 -10 480.22 168.13 668.04 238.11 -10 -10 -10 -100    0 -1000 -1000 -10
726 102 pedestrian 0 0 -10 353.57 159.35 478.22 270.92 -10 -10 -10 -100    0 -1000 -1000 -10
726 139 pedestrian 0 0 -10 252.86 178.35 296.36 321.79 -10 -10 -10 -100    0 -1000 -1000 -10
726 132 pedestrian 0 0 -10 776.59 147.71 841.84 318.96 -10 -10 -10 -100    0 -1000 -1000 -10
726 93 pedestrian 0 0 -10 599.44 170.11 618.63 234.73 -10 -10 -10 -100    0 -1000 -1000 -10
726 109 pedestrian 0 0 -10 347.77 181.62 373.63 258.55 -10 -10 -10 -100    0 -1000 -1000 -10
726 138 pedestrian 0 0 -10 1037.80 121.63 1161.33 364.47 -10 -10 -10 -100    0 -1000 -1000 -10
726 113 pedestrian 0 0 -10 101.41 172.76 220.26 374.00 -10 -10 -10 -100    0 -1000 -1000 -10
726 112 pedestrian 0 0 -10 435.02 164.33 506.03 242.76 -10 -10 -10 -100    0 -1000 -1000 -10
726 124 pedestrian 0 0 -10 699.38 171.14 805.63 263.80 -10 -10 -10 -100    0 -1000 -1000 -10
726 137 pedestrian 0 0 -10 617.46 167.12 648.04 230.79 -10 -10 -10 -100    0 -1000 -1000 -10
726 128 pedestrian 0 0 -10 234.49 184.00 281.84 301.26 -10 -10 -10 -100    0 -1000 -1000 -10
727 135 pedestrian 0 0 -10 512.20 164.77 531.91 231.34 -10 -10 -10 -100    0 -1000 -1000 -10
727 107 pedestrian 0 0 -10 458.88 151.34 675.89 213.18 -10 -10 -10 -100    0 -1000 -1000 -10
727 102 pedestrian 0 0 -10 353.61 147.42 479.06 260.67 -10 -10 -10 -100    0 -1000 -1000 -10
727 139 pedestrian 0 0 -10 242.83 166.10 290.57 316.46 -10 -10 -10 -100    0 -1000 -1000 -10
727 132 pedestrian 0 0 -10 777.55 141.22 844.72 316.61 -10 -10 -10 -100    0 -1000 -1000 -10
727 93 pedestrian 0 0 -10 598.71 163.72 622.55 227.76 -10 -10 -10 -100    0 -1000 -1000 -10
727 109 pedestrian 0 0 -10 350.16 172.61 375.48 250.58 -10 -10 -10 -100    0 -1000 -1000 -10
727 138 pedestrian 0 0 -10 1049.28 114.74 1166.89 366.76 -10 -10 -10 -100    0 -1000 -1000 -10
727 113 pedestrian 0 0 -10 78.56 164.80 202.06 374.00 -10 -10 -10 -100    0 -1000 -1000 -10
727 112 pedestrian 0 0 -10 436.57 156.39 508.11 236.78 -10 -10 -10 -100    0 -1000 -1000 -10
727 124 pedestrian 0 0 -10 702.05 165.50 810.31 259.05 -10 -10 -10 -100    0 -1000 -1000 -10
727 137 pedestrian 0 0 -10 618.23 161.70 647.23 225.50 -10 -10 -10 -100    0 -1000 -1000 -10
728 135 pedestrian 0 0 -10 513.34 158.95 532.91 226.91 -10 -10 -10 -100    0 -1000 -1000 -10
728 107 pedestrian 0 0 -10 456.99 144.93 679.96 210.12 -10 -10 -10 -100    0 -1000 -1000 -10
728 102 pedestrian 0 0 -10 354.19 141.16 481.81 254.91 -10 -10 -10 -100    0 -1000 -1000 -10
728 139 pedestrian 0 0 -10 239.63 160.42 286.91 317.23 -10 -10 -10 -100    0 -1000 -1000 -10
728 132 pedestrian 0 0 -10 780.34 139.34 846.18 313.65 -10 -10 -10 -100    0 -1000 -1000 -10
728 93 pedestrian 0 0 -10 600.19 157.92 623.25 224.66 -10 -10 -10 -100    0 -1000 -1000 -10
728 109 pedestrian 0 0 -10 352.61 165.84 377.53 244.36 -10 -10 -10 -100    0 -1000 -1000 -10
728 138 pedestrian 0 0 -10 1052.11 112.78 1157.63 370.97 -10 -10 -10 -100    0 -1000 -1000 -10
728 113 pedestrian 0 0 -10 55.17 157.53 191.73 374.00 -10 -10 -10 -100    0 -1000 -1000 -10
728 112 pedestrian 0 0 -10 439.01 150.00 510.73 230.54 -10 -10 -10 -100    0 -1000 -1000 -10
728 124 pedestrian 0 0 -10 706.77 162.47 815.76 256.84 -10 -10 -10 -100    0 -1000 -1000 -10
728 137 pedestrian 0 0 -10 617.26 155.67 648.19 225.21 -10 -10 -10 -100    0 -1000 -1000 -10
729 135 pedestrian 0 0 -10 513.52 157.31 533.26 225.11 -10 -10 -10 -100    0 -1000 -1000 -10
729 136 pedestrian 0 0 -10 197.35 162.36 245.87 291.15 -10 -10 -10 -100    0 -1000 -1000 -10
729 107 pedestrian 0 0 -10 456.10 143.54 684.81 209.28 -10 -10 -10 -100    0 -1000 -1000 -10
729 102 pedestrian 0 0 -10 353.54 137.84 482.28 252.53 -10 -10 -10 -100    0 -1000 -1000 -10
729 139 pedestrian 0 0 -10 232.51 156.40 282.49 317.39 -10 -10 -10 -100    0 -1000 -1000 -10
729 132 pedestrian 0 0 -10 780.73 139.09 844.84 315.44 -10 -10 -10 -100    0 -1000 -1000 -10
729 93 pedestrian 0 0 -10 601.27 156.80 623.98 223.85 -10 -10 -10 -100    0 -1000 -1000 -10
729 109 pedestrian 0 0 -10 355.40 165.09 379.33 238.62 -10 -10 -10 -100    0 -1000 -1000 -10
729 138 pedestrian 0 0 -10 1044.55 115.58 1159.23 374.00 -10 -10 -10 -100    0 -1000 -1000 -10
729 113 pedestrian 0 0 -10 40.28 149.31 179.53 374.00 -10 -10 -10 -100    0 -1000 -1000 -10
729 112 pedestrian 0 0 -10 439.24 148.36 511.84 228.25 -10 -10 -10 -100    0 -1000 -1000 -10
729 124 pedestrian 0 0 -10 709.80 162.26 821.59 257.46 -10 -10 -10 -100    0 -1000 -1000 -10
729 137 pedestrian 0 0 -10 616.67 155.34 646.73 224.72 -10 -10 -10 -100    0 -1000 -1000 -10
730 135 pedestrian 0 0 -10 514.20 156.02 533.98 224.87 -10 -10 -10 -100    0 -1000 -1000 -10
730 136 pedestrian 0 0 -10 183.44 157.45 227.96 289.42 -10 -10 -10 -100    0 -1000 -1000 -10
730 107 pedestrian 0 0 -10 457.81 141.90 685.29 208.36 -10 -10 -10 -100    0 -1000 -1000 -10
730 102 pedestrian 0 0 -10 354.39 135.86 482.99 251.35 -10 -10 -10 -100    0 -1000 -1000 -10
730 139 pedestrian 0 0 -10 226.85 152.94 277.41 318.40 -10 -10 -10 -100    0 -1000 -1000 -10
730 132 pedestrian 0 0 -10 780.89 138.56 843.97 316.18 -10 -10 -10 -100    0 -1000 -1000 -10
730 93 pedestrian 0 0 -10 600.81 156.37 623.46 221.54 -10 -10 -10 -100    0 -1000 -1000 -10
730 109 pedestrian 0 0 -10 357.23 161.20 380.43 238.30 -10 -10 -10 -100    0 -1000 -1000 -10
730 138 pedestrian 0 0 -10 1031.67 115.03 1159.24 374.00 -10 -10 -10 -100    0 -1000 -1000 -10
730 113 pedestrian 0 0 -10 29.38 147.37 164.46 374.00 -10 -10 -10 -100    0 -1000 -1000 -10
730 112 pedestrian 0 0 -10 439.10 145.61 512.92 226.74 -10 -10 -10 -100    0 -1000 -1000 -10
730 124 pedestrian 0 0 -10 712.38 161.72 827.51 258.14 -10 -10 -10 -100    0 -1000 -1000 -10
730 137 pedestrian 0 0 -10 616.91 154.13 645.35 223.96 -10 -10 -10 -100    0 -1000 -1000 -10
731 135 pedestrian 0 0 -10 513.96 157.52 534.07 226.96 -10 -10 -10 -100    0 -1000 -1000 -10
731 136 pedestrian 0 0 -10 160.23 161.48 212.28 296.09 -10 -10 -10 -100    0 -1000 -1000 -10
731 107 pedestrian 0 0 -10 457.50 143.36 688.99 210.09 -10 -10 -10 -100    0 -1000 -1000 -10
731 102 pedestrian 0 0 -10 355.19 136.57 484.04 253.18 -10 -10 -10 -100    0 -1000 -1000 -10
731 139 pedestrian 0 0 -10 223.76 154.65 273.26 321.03 -10 -10 -10 -100    0 -1000 -1000 -10
731 132 pedestrian 0 0 -10 781.19 138.53 848.83 318.74 -10 -10 -10 -100    0 -1000 -1000 -10
731 93 pedestrian 0 0 -10 600.27 157.83 623.22 222.74 -10 -10 -10 -100    0 -1000 -1000 -10
731 109 pedestrian 0 0 -10 358.39 162.91 382.26 240.59 -10 -10 -10 -100    0 -1000 -1000 -10
731 138 pedestrian 0 0 -10 1037.99 115.88 1160.86 374.00 -10 -10 -10 -100    0 -1000 -1000 -10
731 113 pedestrian 0 0 -10 2.86 147.94 191.52 374.00 -10 -10 -10 -100    0 -1000 -1000 -10
731 112 pedestrian 0 0 -10 439.83 146.65 514.14 228.75 -10 -10 -10 -100    0 -1000 -1000 -10
731 124 pedestrian 0 0 -10 715.24 162.66 835.84 261.60 -10 -10 -10 -100    0 -1000 -1000 -10
731 137 pedestrian 0 0 -10 618.42 154.93 645.66 224.17 -10 -10 -10 -100    0 -1000 -1000 -10
732 135 pedestrian 0 0 -10 513.97 159.84 534.66 229.64 -10 -10 -10 -100    0 -1000 -1000 -10
732 136 pedestrian 0 0 -10 132.53 169.28 204.18 304.04 -10 -10 -10 -100    0 -1000 -1000 -10
732 107 pedestrian 0 0 -10 458.91 146.22 693.04 213.39 -10 -10 -10 -100    0 -1000 -1000 -10
732 102 pedestrian 0 0 -10 354.38 140.60 485.35 257.35 -10 -10 -10 -100    0 -1000 -1000 -10
732 139 pedestrian 0 0 -10 217.11 158.79 269.35 329.80 -10 -10 -10 -100    0 -1000 -1000 -10
732 132 pedestrian 0 0 -10 780.42 141.30 848.99 323.85 -10 -10 -10 -100    0 -1000 -1000 -10
732 93 pedestrian 0 0 -10 600.84 161.92 623.90 227.64 -10 -10 -10 -100    0 -1000 -1000 -10
732 109 pedestrian 0 0 -10 358.86 165.56 383.39 241.75 -10 -10 -10 -100    0 -1000 -1000 -10
732 138 pedestrian 0 0 -10 1043.34 118.46 1154.09 374.00 -10 -10 -10 -100    0 -1000 -1000 -10
732 113 pedestrian 0 0 -10 0.00 154.18 171.43 374.00 -10 -10 -10 -100    0 -1000 -1000 -10
732 112 pedestrian 0 0 -10 442.02 150.17 515.87 231.18 -10 -10 -10 -100    0 -1000 -1000 -10
732 124 pedestrian 0 0 -10 718.15 165.76 838.16 265.08 -10 -10 -10 -100    0 -1000 -1000 -10
732 137 pedestrian 0 0 -10 618.43 157.36 646.01 229.23 -10 -10 -10 -100    0 -1000 -1000 -10
733 135 pedestrian 0 0 -10 513.09 161.70 534.45 232.42 -10 -10 -10 -100    0 -1000 -1000 -10
733 136 pedestrian 0 0 -10 122.36 168.67 183.97 309.56 -10 -10 -10 -100    0 -1000 -1000 -10
733 107 pedestrian 0 0 -10 459.59 149.17 696.72 216.57 -10 -10 -10 -100    0 -1000 -1000 -10
733 102 pedestrian 0 0 -10 353.21 141.29 485.62 260.12 -10 -10 -10 -100    0 -1000 -1000 -10
733 139 pedestrian 0 0 -10 205.62 161.05 267.39 340.51 -10 -10 -10 -100    0 -1000 -1000 -10
733 132 pedestrian 0 0 -10 783.44 143.09 852.97 328.24 -10 -10 -10 -100    0 -1000 -1000 -10
733 93 pedestrian 0 0 -10 599.79 164.28 622.13 228.98 -10 -10 -10 -100    0 -1000 -1000 -10
733 109 pedestrian 0 0 -10 357.27 168.82 386.30 244.32 -10 -10 -10 -100    0 -1000 -1000 -10
733 138 pedestrian 0 0 -10 1042.76 120.78 1142.85 374.00 -10 -10 -10 -100    0 -1000 -1000 -10
733 113 pedestrian 0 0 -10 0.00 149.57 161.57 374.00 -10 -10 -10 -100    0 -1000 -1000 -10
733 112 pedestrian 0 0 -10 442.81 151.12 516.90 233.10 -10 -10 -10 -100    0 -1000 -1000 -10
733 124 pedestrian 0 0 -10 718.81 169.20 839.97 269.59 -10 -10 -10 -100    0 -1000 -1000 -10
733 137 pedestrian 0 0 -10 619.11 157.77 645.61 231.65 -10 -10 -10 -100    0 -1000 -1000 -10
734 136 pedestrian 0 0 -10 111.42 174.01 164.59 313.34 -10 -10 -10 -100    0 -1000 -1000 -10
734 107 pedestrian 0 0 -10 462.61 150.44 701.72 220.22 -10 -10 -10 -100    0 -1000 -1000 -10
734 102 pedestrian 0 0 -10 355.03 142.28 488.72 261.89 -10 -10 -10 -100    0 -1000 -1000 -10
734 139 pedestrian 0 0 -10 196.67 163.11 265.38 345.26 -10 -10 -10 -100    0 -1000 -1000 -10
734 132 pedestrian 0 0 -10 788.88 143.40 857.92 331.14 -10 -10 -10 -100    0 -1000 -1000 -10
734 93 pedestrian 0 0 -10 600.20 165.05 622.04 230.28 -10 -10 -10 -100    0 -1000 -1000 -10
734 109 pedestrian 0 0 -10 360.04 168.38 390.52 243.64 -10 -10 -10 -100    0 -1000 -1000 -10
734 138 pedestrian 0 0 -10 1038.83 123.73 1131.14 374.00 -10 -10 -10 -100    0 -1000 -1000 -10
734 113 pedestrian 0 0 -10 0.00 153.07 149.17 374.00 -10 -10 -10 -100    0 -1000 -1000 -10
734 112 pedestrian 0 0 -10 443.91 151.43 518.78 234.05 -10 -10 -10 -100    0 -1000 -1000 -10
734 124 pedestrian 0 0 -10 721.49 169.54 846.19 271.36 -10 -10 -10 -100    0 -1000 -1000 -10
734 137 pedestrian 0 0 -10 618.72 159.36 645.70 234.11 -10 -10 -10 -100    0 -1000 -1000 -10
734 135 pedestrian 0 0 -10 514.09 162.64 536.09 233.51 -10 -10 -10 -100    0 -1000 -1000 -10
735 136 pedestrian 0 0 -10 102.02 171.64 154.86 315.51 -10 -10 -10 -100    0 -1000 -1000 -10
735 107 pedestrian 0 0 -10 465.58 150.37 704.68 220.93 -10 -10 -10 -100    0 -1000 -1000 -10
735 102 pedestrian 0 0 -10 355.79 142.63 490.11 263.26 -10 -10 -10 -100    0 -1000 -1000 -10
735 139 pedestrian 0 0 -10 192.75 162.25 261.71 352.27 -10 -10 -10 -100    0 -1000 -1000 -10
735 132 pedestrian 0 0 -10 790.89 144.46 862.91 332.32 -10 -10 -10 -100    0 -1000 -1000 -10
735 93 pedestrian 0 0 -10 600.61 164.68 622.69 230.18 -10 -10 -10 -100    0 -1000 -1000 -10
735 109 pedestrian 0 0 -10 362.90 168.48 391.67 245.49 -10 -10 -10 -100    0 -1000 -1000 -10
735 138 pedestrian 0 0 -10 1023.14 122.92 1134.53 374.00 -10 -10 -10 -100    0 -1000 -1000 -10
735 113 pedestrian 0 0 -10 0.00 158.26 135.33 374.00 -10 -10 -10 -100    0 -1000 -1000 -10
735 112 pedestrian 0 0 -10 445.25 151.94 520.62 234.62 -10 -10 -10 -100    0 -1000 -1000 -10
735 124 pedestrian 0 0 -10 725.82 170.45 851.49 273.39 -10 -10 -10 -100    0 -1000 -1000 -10
735 137 pedestrian 0 0 -10 619.06 161.59 644.25 231.37 -10 -10 -10 -100    0 -1000 -1000 -10
735 135 pedestrian 0 0 -10 515.67 161.72 538.06 235.24 -10 -10 -10 -100    0 -1000 -1000 -10
736 136 pedestrian 0 0 -10 84.11 173.40 143.69 320.63 -10 -10 -10 -100    0 -1000 -1000 -10
736 107 pedestrian 0 0 -10 467.02 149.79 708.24 222.01 -10 -10 -10 -100    0 -1000 -1000 -10
736 102 pedestrian 0 0 -10 356.67 144.09 491.63 264.72 -10 -10 -10 -100    0 -1000 -1000 -10
736 139 pedestrian 0 0 -10 183.49 161.88 251.95 359.53 -10 -10 -10 -100    0 -1000 -1000 -10
736 132 pedestrian 0 0 -10 794.12 143.63 868.54 334.33 -10 -10 -10 -100    0 -1000 -1000 -10
736 93 pedestrian 0 0 -10 600.25 164.37 622.34 231.82 -10 -10 -10 -100    0 -1000 -1000 -10
736 109 pedestrian 0 0 -10 363.40 170.49 394.65 247.04 -10 -10 -10 -100    0 -1000 -1000 -10
736 138 pedestrian 0 0 -10 1013.91 123.94 1140.70 374.00 -10 -10 -10 -100    0 -1000 -1000 -10
736 113 pedestrian 0 0 -10 0.00 159.11 119.14 374.00 -10 -10 -10 -100    0 -1000 -1000 -10
736 112 pedestrian 0 0 -10 446.79 152.12 523.54 235.73 -10 -10 -10 -100    0 -1000 -1000 -10
736 124 pedestrian 0 0 -10 728.95 171.24 859.57 276.50 -10 -10 -10 -100    0 -1000 -1000 -10
736 137 pedestrian 0 0 -10 618.74 160.20 643.80 233.97 -10 -10 -10 -100    0 -1000 -1000 -10
736 135 pedestrian 0 0 -10 517.66 162.20 540.64 236.26 -10 -10 -10 -100    0 -1000 -1000 -10
737 136 pedestrian 0 0 -10 68.87 173.90 132.63 323.85 -10 -10 -10 -100    0 -1000 -1000 -10
737 107 pedestrian 0 0 -10 468.36 150.43 714.48 223.83 -10 -10 -10 -100    0 -1000 -1000 -10
737 102 pedestrian 0 0 -10 357.49 144.62 493.46 265.95 -10 -10 -10 -100    0 -1000 -1000 -10
737 139 pedestrian 0 0 -10 174.69 161.81 244.27 364.25 -10 -10 -10 -100    0 -1000 -1000 -10
737 132 pedestrian 0 0 -10 800.33 143.34 874.38 337.91 -10 -10 -10 -100    0 -1000 -1000 -10
737 93 pedestrian 0 0 -10 600.90 164.36 622.65 231.87 -10 -10 -10 -100    0 -1000 -1000 -10
737 109 pedestrian 0 0 -10 365.47 169.04 398.08 247.49 -10 -10 -10 -100    0 -1000 -1000 -10
737 138 pedestrian 0 0 -10 1016.07 121.92 1145.85 374.00 -10 -10 -10 -100    0 -1000 -1000 -10
737 113 pedestrian 0 0 -10 0.11 150.58 103.33 374.00 -10 -10 -10 -100    0 -1000 -1000 -10
737 112 pedestrian 0 0 -10 448.89 152.36 525.20 236.72 -10 -10 -10 -100    0 -1000 -1000 -10
737 124 pedestrian 0 0 -10 732.70 172.43 865.44 279.68 -10 -10 -10 -100    0 -1000 -1000 -10
737 137 pedestrian 0 0 -10 617.22 161.34 641.88 234.32 -10 -10 -10 -100    0 -1000 -1000 -10
737 135 pedestrian 0 0 -10 520.23 162.58 543.03 237.41 -10 -10 -10 -100    0 -1000 -1000 -10
738 136 pedestrian 0 0 -10 55.93 176.89 119.29 326.53 -10 -10 -10 -100    0 -1000 -1000 -10
738 107 pedestrian 0 0 -10 473.57 150.50 718.17 226.01 -10 -10 -10 -100    0 -1000 -1000 -10
738 118 pedestrian 0 0 -10 0.00 159.32 53.15 374.00 -10 -10 -10 -100    0 -1000 -1000 -10
738 102 pedestrian 0 0 -10 358.40 144.64 496.59 267.67 -10 -10 -10 -100    0 -1000 -1000 -10
738 139 pedestrian 0 0 -10 161.77 162.80 239.14 371.39 -10 -10 -10 -100    0 -1000 -1000 -10
738 132 pedestrian 0 0 -10 805.43 144.62 879.35 340.90 -10 -10 -10 -100    0 -1000 -1000 -10
738 93 pedestrian 0 0 -10 602.47 164.04 623.97 232.09 -10 -10 -10 -100    0 -1000 -1000 -10
738 138 pedestrian 0 0 -10 1024.64 124.12 1144.07 374.00 -10 -10 -10 -100    0 -1000 -1000 -10
738 113 pedestrian 0 0 -10 0.15 153.49 89.73 374.00 -10 -10 -10 -100    0 -1000 -1000 -10
738 112 pedestrian 0 0 -10 451.66 152.16 528.31 236.36 -10 -10 -10 -100    0 -1000 -1000 -10
738 124 pedestrian 0 0 -10 736.21 173.59 874.93 284.79 -10 -10 -10 -100    0 -1000 -1000 -10
738 137 pedestrian 0 0 -10 614.16 161.29 638.79 236.03 -10 -10 -10 -100    0 -1000 -1000 -10
738 135 pedestrian 0 0 -10 521.71 162.17 545.58 239.50 -10 -10 -10 -100    0 -1000 -1000 -10
739 136 pedestrian 0 0 -10 39.22 174.71 105.03 330.67 -10 -10 -10 -100    0 -1000 -1000 -10
739 107 pedestrian 0 0 -10 529.31 158.02 658.26 199.25 -10 -10 -10 -100    0 -1000 -1000 -10
739 118 pedestrian 0 0 -10 0.00 175.67 36.61 374.00 -10 -10 -10 -100    0 -1000 -1000 -10
739 102 pedestrian 0 0 -10 360.29 145.96 499.33 269.96 -10 -10 -10 -100    0 -1000 -1000 -10
739 139 pedestrian 0 0 -10 149.87 163.58 234.31 374.00 -10 -10 -10 -100    0 -1000 -1000 -10
739 132 pedestrian 0 0 -10 814.94 145.46 880.79 341.96 -10 -10 -10 -100    0 -1000 -1000 -10
739 93 pedestrian 0 0 -10 603.13 164.99 623.94 233.74 -10 -10 -10 -100    0 -1000 -1000 -10
739 138 pedestrian 0 0 -10 1030.75 126.38 1139.96 374.00 -10 -10 -10 -100    0 -1000 -1000 -10
739 113 pedestrian 0 0 -10 0.09 157.64 77.91 374.00 -10 -10 -10 -100    0 -1000 -1000 -10
739 112 pedestrian 0 0 -10 454.36 153.18 532.16 236.26 -10 -10 -10 -100    0 -1000 -1000 -10
739 124 pedestrian 0 0 -10 739.55 174.73 882.72 286.62 -10 -10 -10 -100    0 -1000 -1000 -10
739 137 pedestrian 0 0 -10 612.25 163.74 636.86 237.65 -10 -10 -10 -100    0 -1000 -1000 -10
739 135 pedestrian 0 0 -10 523.50 164.35 549.12 242.26 -10 -10 -10 -100    0 -1000 -1000 -10
740 136 pedestrian 0 0 -10 27.11 177.38 87.91 340.41 -10 -10 -10 -100    0 -1000 -1000 -10
740 107 pedestrian 0 0 -10 532.96 160.07 662.40 199.45 -10 -10 -10 -100    0 -1000 -1000 -10
740 102 pedestrian 0 0 -10 361.80 147.61 502.30 273.50 -10 -10 -10 -100    0 -1000 -1000 -10
740 139 pedestrian 0 0 -10 136.52 167.94 229.65 374.00 -10 -10 -10 -100    0 -1000 -1000 -10
740 132 pedestrian 0 0 -10 824.04 146.78 887.42 344.72 -10 -10 -10 -100    0 -1000 -1000 -10
740 93 pedestrian 0 0 -10 603.19 166.81 623.95 236.00 -10 -10 -10 -100    0 -1000 -1000 -10
740 138 pedestrian 0 0 -10 1028.95 126.97 1138.95 374.00 -10 -10 -10 -100    0 -1000 -1000 -10
740 112 pedestrian 0 0 -10 456.11 154.98 533.72 238.91 -10 -10 -10 -100    0 -1000 -1000 -10
740 124 pedestrian 0 0 -10 743.13 173.89 890.50 290.49 -10 -10 -10 -100    0 -1000 -1000 -10
740 137 pedestrian 0 0 -10 613.33 165.67 637.43 239.71 -10 -10 -10 -100    0 -1000 -1000 -10
740 135 pedestrian 0 0 -10 526.34 166.68 552.03 246.29 -10 -10 -10 -100    0 -1000 -1000 -10
741 136 pedestrian 0 0 -10 2.93 180.07 76.80 346.38 -10 -10 -10 -100    0 -1000 -1000 -10
741 107 pedestrian 0 0 -10 532.58 162.42 665.24 204.01 -10 -10 -10 -100    0 -1000 -1000 -10
741 102 pedestrian 0 0 -10 363.45 150.73 505.31 276.89 -10 -10 -10 -100    0 -1000 -1000 -10
741 139 pedestrian 0 0 -10 127.08 168.79 216.12 374.00 -10 -10 -10 -100    0 -1000 -1000 -10
741 132 pedestrian 0 0 -10 825.17 146.91 893.94 348.17 -10 -10 -10 -100    0 -1000 -1000 -10
741 93 pedestrian 0 0 -10 603.62 169.35 624.27 236.32 -10 -10 -10 -100    0 -1000 -1000 -10
741 138 pedestrian 0 0 -10 1023.69 128.18 1147.47 374.00 -10 -10 -10 -100    0 -1000 -1000 -10
741 112 pedestrian 0 0 -10 458.57 156.89 537.45 241.95 -10 -10 -10 -100    0 -1000 -1000 -10
741 124 pedestrian 0 0 -10 749.31 176.40 900.52 297.95 -10 -10 -10 -100    0 -1000 -1000 -10
741 137 pedestrian 0 0 -10 616.21 167.95 641.04 241.63 -10 -10 -10 -100    0 -1000 -1000 -10
741 135 pedestrian 0 0 -10 529.34 169.62 555.00 249.32 -10 -10 -10 -100    0 -1000 -1000 -10
742 141 pedestrian 0 0 -10 687.19 159.49 719.21 226.92 -10 -10 -10 -100    0 -1000 -1000 -10
742 140 pedestrian 0 0 -10 791.82 186.65 841.21 279.04 -10 -10 -10 -100    0 -1000 -1000 -10
742 136 pedestrian 0 0 -10 0.10 184.65 65.95 349.33 -10 -10 -10 -100    0 -1000 -1000 -10
742 107 pedestrian 0 0 -10 537.71 164.25 671.38 205.02 -10 -10 -10 -100    0 -1000 -1000 -10
742 102 pedestrian 0 0 -10 365.95 152.22 508.25 279.32 -10 -10 -10 -100    0 -1000 -1000 -10
742 139 pedestrian 0 0 -10 107.99 167.86 207.50 374.00 -10 -10 -10 -100    0 -1000 -1000 -10
742 132 pedestrian 0 0 -10 830.72 147.58 900.41 355.23 -10 -10 -10 -100    0 -1000 -1000 -10
742 93 pedestrian 0 0 -10 603.81 171.05 625.95 242.45 -10 -10 -10 -100    0 -1000 -1000 -10
742 138 pedestrian 0 0 -10 1025.42 131.19 1155.44 374.00 -10 -10 -10 -100    0 -1000 -1000 -10
742 112 pedestrian 0 0 -10 462.36 159.03 541.03 243.87 -10 -10 -10 -100    0 -1000 -1000 -10
742 124 pedestrian 0 0 -10 755.75 178.54 909.74 303.26 -10 -10 -10 -100    0 -1000 -1000 -10
742 137 pedestrian 0 0 -10 619.99 170.38 643.09 244.53 -10 -10 -10 -100    0 -1000 -1000 -10
742 135 pedestrian 0 0 -10 530.29 172.05 557.72 252.75 -10 -10 -10 -100    0 -1000 -1000 -10
743 141 pedestrian 0 0 -10 695.04 163.05 729.23 226.59 -10 -10 -10 -100    0 -1000 -1000 -10
743 140 pedestrian 0 0 -10 800.45 186.46 851.37 280.85 -10 -10 -10 -100    0 -1000 -1000 -10
743 136 pedestrian 0 0 -10 0.11 181.00 54.47 356.51 -10 -10 -10 -100    0 -1000 -1000 -10
743 107 pedestrian 0 0 -10 543.46 164.78 677.55 206.26 -10 -10 -10 -100    0 -1000 -1000 -10
743 102 pedestrian 0 0 -10 368.30 153.20 513.50 281.23 -10 -10 -10 -100    0 -1000 -1000 -10
743 139 pedestrian 0 0 -10 90.93 168.35 198.36 374.00 -10 -10 -10 -100    0 -1000 -1000 -10
743 132 pedestrian 0 0 -10 830.91 148.32 907.45 360.62 -10 -10 -10 -100    0 -1000 -1000 -10
743 93 pedestrian 0 0 -10 604.85 171.62 627.06 243.85 -10 -10 -10 -100    0 -1000 -1000 -10
743 138 pedestrian 0 0 -10 1036.33 132.07 1162.93 374.00 -10 -10 -10 -100    0 -1000 -1000 -10
743 112 pedestrian 0 0 -10 466.55 159.57 546.37 245.49 -10 -10 -10 -100    0 -1000 -1000 -10
743 124 pedestrian 0 0 -10 761.10 180.67 922.42 305.35 -10 -10 -10 -100    0 -1000 -1000 -10
743 137 pedestrian 0 0 -10 617.71 170.88 640.73 245.25 -10 -10 -10 -100    0 -1000 -1000 -10
743 135 pedestrian 0 0 -10 533.64 171.53 561.59 254.94 -10 -10 -10 -100    0 -1000 -1000 -10
744 141 pedestrian 0 0 -10 700.30 164.48 730.27 225.05 -10 -10 -10 -100    0 -1000 -1000 -10
744 140 pedestrian 0 0 -10 810.06 184.75 861.96 282.38 -10 -10 -10 -100    0 -1000 -1000 -10
744 136 pedestrian 0 0 -10 0.15 185.65 28.15 360.98 -10 -10 -10 -100    0 -1000 -1000 -10
744 107 pedestrian 0 0 -10 548.97 166.36 683.19 206.88 -10 -10 -10 -100    0 -1000 -1000 -10
744 102 pedestrian 0 0 -10 370.28 153.67 518.09 283.51 -10 -10 -10 -100    0 -1000 -1000 -10
744 139 pedestrian 0 0 -10 71.51 172.39 179.30 374.00 -10 -10 -10 -100    0 -1000 -1000 -10
744 132 pedestrian 0 0 -10 835.50 150.06 916.70 365.21 -10 -10 -10 -100    0 -1000 -1000 -10
744 93 pedestrian 0 0 -10 608.36 172.07 630.94 244.53 -10 -10 -10 -100    0 -1000 -1000 -10
744 138 pedestrian 0 0 -10 1051.77 133.83 1168.43 374.00 -10 -10 -10 -100    0 -1000 -1000 -10
744 112 pedestrian 0 0 -10 470.22 160.53 550.42 247.58 -10 -10 -10 -100    0 -1000 -1000 -10
744 124 pedestrian 0 0 -10 770.68 179.96 932.94 309.50 -10 -10 -10 -100    0 -1000 -1000 -10
744 137 pedestrian 0 0 -10 615.80 171.47 639.32 246.06 -10 -10 -10 -100    0 -1000 -1000 -10
744 135 pedestrian 0 0 -10 537.74 173.14 566.34 256.35 -10 -10 -10 -100    0 -1000 -1000 -10
745 141 pedestrian 0 0 -10 706.18 167.79 729.95 222.48 -10 -10 -10 -100    0 -1000 -1000 -10
745 140 pedestrian 0 0 -10 817.71 185.87 869.73 283.57 -10 -10 -10 -100    0 -1000 -1000 -10
745 107 pedestrian 0 0 -10 553.89 168.19 688.25 208.83 -10 -10 -10 -100    0 -1000 -1000 -10
745 102 pedestrian 0 0 -10 373.13 155.16 521.79 285.92 -10 -10 -10 -100    0 -1000 -1000 -10
745 139 pedestrian 0 0 -10 6.88 167.98 188.17 374.00 -10 -10 -10 -100    0 -1000 -1000 -10
745 132 pedestrian 0 0 -10 845.59 150.72 927.96 372.55 -10 -10 -10 -100    0 -1000 -1000 -10
745 93 pedestrian 0 0 -10 606.81 173.66 628.28 244.43 -10 -10 -10 -100    0 -1000 -1000 -10
745 138 pedestrian 0 0 -10 1054.88 130.87 1180.98 374.00 -10 -10 -10 -100    0 -1000 -1000 -10
745 112 pedestrian 0 0 -10 473.05 161.06 555.48 248.82 -10 -10 -10 -100    0 -1000 -1000 -10
745 124 pedestrian 0 0 -10 778.80 182.09 954.14 317.43 -10 -10 -10 -100    0 -1000 -1000 -10
745 137 pedestrian 0 0 -10 617.76 172.34 642.41 246.93 -10 -10 -10 -100    0 -1000 -1000 -10
745 135 pedestrian 0 0 -10 543.67 174.47 573.70 258.22 -10 -10 -10 -100    0 -1000 -1000 -10
746 141 pedestrian 0 0 -10 711.46 169.22 734.78 222.16 -10 -10 -10 -100    0 -1000 -1000 -10
746 140 pedestrian 0 0 -10 826.41 181.28 882.64 286.63 -10 -10 -10 -100    0 -1000 -1000 -10
746 107 pedestrian 0 0 -10 560.82 169.04 693.50 211.01 -10 -10 -10 -100    0 -1000 -1000 -10
746 102 pedestrian 0 0 -10 375.11 156.69 525.84 289.62 -10 -10 -10 -100    0 -1000 -1000 -10
746 139 pedestrian 0 0 -10 0.00 168.73 173.25 374.00 -10 -10 -10 -100    0 -1000 -1000 -10
746 132 pedestrian 0 0 -10 854.21 152.12 936.35 374.00 -10 -10 -10 -100    0 -1000 -1000 -10
746 138 pedestrian 0 0 -10 1061.72 130.19 1204.55 374.00 -10 -10 -10 -100    0 -1000 -1000 -10
746 112 pedestrian 0 0 -10 477.24 163.43 559.81 250.94 -10 -10 -10 -100    0 -1000 -1000 -10
746 124 pedestrian 0 0 -10 784.21 185.66 966.72 323.07 -10 -10 -10 -100    0 -1000 -1000 -10
746 137 pedestrian 0 0 -10 617.05 171.00 638.92 247.22 -10 -10 -10 -100    0 -1000 -1000 -10
746 135 pedestrian 0 0 -10 546.60 174.78 579.35 262.14 -10 -10 -10 -100    0 -1000 -1000 -10
747 141 pedestrian 0 0 -10 718.39 169.08 741.01 223.21 -10 -10 -10 -100    0 -1000 -1000 -10
747 140 pedestrian 0 0 -10 833.83 185.22 891.45 287.44 -10 -10 -10 -100    0 -1000 -1000 -10
747 107 pedestrian 0 0 -10 566.69 170.99 700.65 212.88 -10 -10 -10 -100    0 -1000 -1000 -10
747 102 pedestrian 0 0 -10 378.61 157.38 531.93 292.23 -10 -10 -10 -100    0 -1000 -1000 -10
747 139 pedestrian 0 0 -10 0.00 171.11 147.71 374.00 -10 -10 -10 -100    0 -1000 -1000 -10
747 132 pedestrian 0 0 -10 852.14 153.81 939.64 374.00 -10 -10 -10 -100    0 -1000 -1000 -10
747 138 pedestrian 0 0 -10 1021.32 127.53 1236.49 374.00 -10 -10 -10 -100    0 -1000 -1000 -10
747 112 pedestrian 0 0 -10 482.04 164.66 564.74 252.51 -10 -10 -10 -100    0 -1000 -1000 -10
747 124 pedestrian 0 0 -10 788.72 187.50 975.47 323.72 -10 -10 -10 -100    0 -1000 -1000 -10
747 137 pedestrian 0 0 -10 617.48 174.49 638.91 248.99 -10 -10 -10 -100    0 -1000 -1000 -10
747 135 pedestrian 0 0 -10 552.48 175.66 583.50 264.34 -10 -10 -10 -100    0 -1000 -1000 -10
748 141 pedestrian 0 0 -10 723.97 170.16 747.94 224.48 -10 -10 -10 -100    0 -1000 -1000 -10
748 140 pedestrian 0 0 -10 845.90 187.28 904.70 292.50 -10 -10 -10 -100    0 -1000 -1000 -10
748 107 pedestrian 0 0 -10 569.36 171.83 706.13 216.32 -10 -10 -10 -100    0 -1000 -1000 -10
748 142 pedestrian 0 0 -10 620.49 166.76 647.79 248.31 -10 -10 -10 -100    0 -1000 -1000 -10
748 102 pedestrian 0 0 -10 381.40 158.12 535.63 294.64 -10 -10 -10 -100    0 -1000 -1000 -10
748 139 pedestrian 0 0 -10 0.03 175.96 107.49 374.00 -10 -10 -10 -100    0 -1000 -1000 -10
748 132 pedestrian 0 0 -10 840.78 155.08 945.17 374.00 -10 -10 -10 -100    0 -1000 -1000 -10
748 138 pedestrian 0 0 -10 1043.01 127.13 1238.00 374.00 -10 -10 -10 -100    0 -1000 -1000 -10
748 112 pedestrian 0 0 -10 485.59 164.54 569.80 253.80 -10 -10 -10 -100    0 -1000 -1000 -10
748 124 pedestrian 0 0 -10 799.84 189.22 971.72 320.72 -10 -10 -10 -100    0 -1000 -1000 -10
748 137 pedestrian 0 0 -10 618.26 172.16 640.32 247.98 -10 -10 -10 -100    0 -1000 -1000 -10
748 135 pedestrian 0 0 -10 557.59 176.97 587.84 266.27 -10 -10 -10 -100    0 -1000 -1000 -10
749 141 pedestrian 0 0 -10 730.09 171.65 753.95 225.37 -10 -10 -10 -100    0 -1000 -1000 -10
749 140 pedestrian 0 0 -10 853.60 188.12 913.08 295.94 -10 -10 -10 -100    0 -1000 -1000 -10
749 107 pedestrian 0 0 -10 572.47 172.84 712.22 219.65 -10 -10 -10 -100    0 -1000 -1000 -10
749 142 pedestrian 0 0 -10 620.88 167.96 648.15 249.96 -10 -10 -10 -100    0 -1000 -1000 -10
749 102 pedestrian 0 0 -10 382.93 157.47 539.42 296.18 -10 -10 -10 -100    0 -1000 -1000 -10
749 132 pedestrian 0 0 -10 846.29 158.28 957.84 374.00 -10 -10 -10 -100    0 -1000 -1000 -10
749 138 pedestrian 0 0 -10 1061.18 126.94 1237.88 374.00 -10 -10 -10 -100    0 -1000 -1000 -10
749 112 pedestrian 0 0 -10 489.43 164.30 573.47 254.92 -10 -10 -10 -100    0 -1000 -1000 -10
749 124 pedestrian 0 0 -10 806.28 193.23 986.68 335.19 -10 -10 -10 -100    0 -1000 -1000 -10
749 137 pedestrian 0 0 -10 619.59 173.44 641.74 248.74 -10 -10 -10 -100    0 -1000 -1000 -10
749 135 pedestrian 0 0 -10 562.50 176.90 593.15 268.99 -10 -10 -10 -100    0 -1000 -1000 -10
750 141 pedestrian 0 0 -10 736.66 169.03 762.10 223.35 -10 -10 -10 -100    0 -1000 -1000 -10
750 140 pedestrian 0 0 -10 867.45 185.55 926.58 298.15 -10 -10 -10 -100    0 -1000 -1000 -10
750 107 pedestrian 0 0 -10 580.62 170.08 720.44 223.92 -10 -10 -10 -100    0 -1000 -1000 -10
750 142 pedestrian 0 0 -10 623.42 165.03 647.56 247.74 -10 -10 -10 -100    0 -1000 -1000 -10
750 102 pedestrian 0 0 -10 386.33 153.76 546.55 295.81 -10 -10 -10 -100    0 -1000 -1000 -10
750 132 pedestrian 0 0 -10 860.81 158.71 969.58 374.00 -10 -10 -10 -100    0 -1000 -1000 -10
750 138 pedestrian 0 0 -10 1081.24 121.74 1238.00 374.00 -10 -10 -10 -100    0 -1000 -1000 -10
750 112 pedestrian 0 0 -10 495.19 162.29 579.61 253.80 -10 -10 -10 -100    0 -1000 -1000 -10
750 124 pedestrian 0 0 -10 816.50 192.05 1008.79 341.00 -10 -10 -10 -100    0 -1000 -1000 -10
750 137 pedestrian 0 0 -10 620.04 169.51 642.86 248.23 -10 -10 -10 -100    0 -1000 -1000 -10
750 135 pedestrian 0 0 -10 566.39 173.32 598.62 268.84 -10 -10 -10 -100    0 -1000 -1000 -10
751 141 pedestrian 0 0 -10 743.39 163.86 770.02 219.01 -10 -10 -10 -100    0 -1000 -1000 -10
751 140 pedestrian 0 0 -10 878.82 184.82 942.07 301.87 -10 -10 -10 -100    0 -1000 -1000 -10
751 107 pedestrian 0 0 -10 586.15 164.68 726.42 221.19 -10 -10 -10 -100    0 -1000 -1000 -10
751 142 pedestrian 0 0 -10 624.12 158.98 650.32 247.15 -10 -10 -10 -100    0 -1000 -1000 -10
751 102 pedestrian 0 0 -10 388.01 148.77 551.44 292.31 -10 -10 -10 -100    0 -1000 -1000 -10
751 132 pedestrian 0 0 -10 868.80 152.92 980.57 374.00 -10 -10 -10 -100    0 -1000 -1000 -10
751 138 pedestrian 0 0 -10 1102.31 110.70 1237.82 374.00 -10 -10 -10 -100    0 -1000 -1000 -10
751 112 pedestrian 0 0 -10 499.70 157.32 585.84 250.47 -10 -10 -10 -100    0 -1000 -1000 -10
751 124 pedestrian 0 0 -10 824.98 187.48 1026.95 344.95 -10 -10 -10 -100    0 -1000 -1000 -10
751 137 pedestrian 0 0 -10 618.77 164.36 642.74 246.21 -10 -10 -10 -100    0 -1000 -1000 -10
751 135 pedestrian 0 0 -10 569.77 170.89 603.14 266.80 -10 -10 -10 -100    0 -1000 -1000 -10
752 141 pedestrian 0 0 -10 747.82 156.86 774.66 212.46 -10 -10 -10 -100    0 -1000 -1000 -10
752 140 pedestrian 0 0 -10 887.86 182.87 957.44 304.58 -10 -10 -10 -100    0 -1000 -1000 -10
752 107 pedestrian 0 0 -10 589.07 160.04 731.33 215.78 -10 -10 -10 -100    0 -1000 -1000 -10
752 102 pedestrian 0 0 -10 388.19 141.51 553.14 287.89 -10 -10 -10 -100    0 -1000 -1000 -10
752 132 pedestrian 0 0 -10 876.04 145.59 988.80 374.00 -10 -10 -10 -100    0 -1000 -1000 -10
752 138 pedestrian 0 0 -10 1117.14 100.37 1238.00 374.00 -10 -10 -10 -100    0 -1000 -1000 -10
752 112 pedestrian 0 0 -10 500.22 152.45 588.00 248.11 -10 -10 -10 -100    0 -1000 -1000 -10
752 124 pedestrian 0 0 -10 830.42 181.24 1045.83 346.92 -10 -10 -10 -100    0 -1000 -1000 -10
752 137 pedestrian 0 0 -10 619.25 154.92 646.94 245.32 -10 -10 -10 -100    0 -1000 -1000 -10
752 135 pedestrian 0 0 -10 571.88 162.11 607.51 264.74 -10 -10 -10 -100    0 -1000 -1000 -10
753 141 pedestrian 0 0 -10 751.46 153.39 778.92 210.54 -10 -10 -10 -100    0 -1000 -1000 -10
753 140 pedestrian 0 0 -10 902.76 184.88 971.13 306.09 -10 -10 -10 -100    0 -1000 -1000 -10
753 107 pedestrian 0 0 -10 592.66 157.19 735.11 211.57 -10 -10 -10 -100    0 -1000 -1000 -10
753 102 pedestrian 0 0 -10 386.29 137.35 555.22 286.80 -10 -10 -10 -100    0 -1000 -1000 -10
753 132 pedestrian 0 0 -10 880.06 143.29 1000.63 374.00 -10 -10 -10 -100    0 -1000 -1000 -10
753 138 pedestrian 0 0 -10 1136.31 103.66 1238.00 374.00 -10 -10 -10 -100    0 -1000 -1000 -10
753 112 pedestrian 0 0 -10 502.34 149.19 593.67 245.99 -10 -10 -10 -100    0 -1000 -1000 -10
753 124 pedestrian 0 0 -10 837.81 179.52 1067.10 349.91 -10 -10 -10 -100    0 -1000 -1000 -10
753 137 pedestrian 0 0 -10 616.31 152.54 649.53 245.79 -10 -10 -10 -100    0 -1000 -1000 -10
753 135 pedestrian 0 0 -10 571.42 159.21 607.90 265.33 -10 -10 -10 -100    0 -1000 -1000 -10
754 141 pedestrian 0 0 -10 752.03 152.81 782.53 210.46 -10 -10 -10 -100    0 -1000 -1000 -10
754 140 pedestrian 0 0 -10 914.40 182.29 985.92 309.04 -10 -10 -10 -100    0 -1000 -1000 -10
754 107 pedestrian 0 0 -10 594.62 156.66 736.91 210.77 -10 -10 -10 -100    0 -1000 -1000 -10
754 102 pedestrian 0 0 -10 383.48 133.80 555.89 286.34 -10 -10 -10 -100    0 -1000 -1000 -10
754 132 pedestrian 0 0 -10 884.91 143.22 1010.51 374.00 -10 -10 -10 -100    0 -1000 -1000 -10
754 138 pedestrian 0 0 -10 1153.61 108.19 1237.69 374.00 -10 -10 -10 -100    0 -1000 -1000 -10
754 112 pedestrian 0 0 -10 502.81 147.96 595.21 246.04 -10 -10 -10 -100    0 -1000 -1000 -10
754 124 pedestrian 0 0 -10 836.07 179.61 1091.08 362.57 -10 -10 -10 -100    0 -1000 -1000 -10
754 137 pedestrian 0 0 -10 610.16 154.23 643.26 247.56 -10 -10 -10 -100    0 -1000 -1000 -10
754 135 pedestrian 0 0 -10 570.30 157.96 606.84 267.47 -10 -10 -10 -100    0 -1000 -1000 -10
755 141 pedestrian 0 0 -10 752.40 153.10 785.96 212.15 -10 -10 -10 -100    0 -1000 -1000 -10
755 140 pedestrian 0 0 -10 927.75 185.29 998.40 315.71 -10 -10 -10 -100    0 -1000 -1000 -10
755 107 pedestrian 0 0 -10 595.51 155.98 739.09 209.07 -10 -10 -10 -100    0 -1000 -1000 -10
755 102 pedestrian 0 0 -10 381.02 128.14 556.47 285.82 -10 -10 -10 -100    0 -1000 -1000 -10
755 132 pedestrian 0 0 -10 910.13 145.71 1018.12 374.00 -10 -10 -10 -100    0 -1000 -1000 -10
755 112 pedestrian 0 0 -10 502.31 146.14 596.46 246.33 -10 -10 -10 -100    0 -1000 -1000 -10
755 124 pedestrian 0 0 -10 841.30 181.36 1112.97 370.23 -10 -10 -10 -100    0 -1000 -1000 -10
755 137 pedestrian 0 0 -10 600.79 157.71 630.03 247.21 -10 -10 -10 -100    0 -1000 -1000 -10
755 135 pedestrian 0 0 -10 567.05 155.17 606.41 268.20 -10 -10 -10 -100    0 -1000 -1000 -10
756 143 pedestrian 0 0 -10 1016.13 188.10 1106.67 333.08 -10 -10 -10 -100    0 -1000 -1000 -10
756 141 pedestrian 0 0 -10 751.36 153.24 788.32 213.08 -10 -10 -10 -100    0 -1000 -1000 -10
756 140 pedestrian 0 0 -10 939.08 189.16 1019.41 319.81 -10 -10 -10 -100    0 -1000 -1000 -10
756 107 pedestrian 0 0 -10 594.59 156.71 739.07 210.07 -10 -10 -10 -100    0 -1000 -1000 -10
756 102 pedestrian 0 0 -10 375.24 126.82 556.52 288.11 -10 -10 -10 -100    0 -1000 -1000 -10
756 132 pedestrian 0 0 -10 926.26 149.16 1023.12 374.00 -10 -10 -10 -100    0 -1000 -1000 -10
756 112 pedestrian 0 0 -10 502.36 146.14 593.98 247.03 -10 -10 -10 -100    0 -1000 -1000 -10
756 124 pedestrian 0 0 -10 841.04 183.94 1128.30 374.00 -10 -10 -10 -100    0 -1000 -1000 -10
756 137 pedestrian 0 0 -10 595.96 156.99 625.08 247.97 -10 -10 -10 -100    0 -1000 -1000 -10
756 135 pedestrian 0 0 -10 563.68 152.95 605.44 271.34 -10 -10 -10 -100    0 -1000 -1000 -10
757 143 pedestrian 0 0 -10 1027.74 191.35 1123.49 337.17 -10 -10 -10 -100    0 -1000 -1000 -10
757 141 pedestrian 0 0 -10 750.33 151.56 788.42 213.77 -10 -10 -10 -100    0 -1000 -1000 -10
757 140 pedestrian 0 0 -10 947.15 188.20 1032.65 325.55 -10 -10 -10 -100    0 -1000 -1000 -10
757 107 pedestrian 0 0 -10 593.04 156.87 739.44 210.82 -10 -10 -10 -100    0 -1000 -1000 -10
757 102 pedestrian 0 0 -10 367.31 125.93 554.45 291.37 -10 -10 -10 -100    0 -1000 -1000 -10
757 132 pedestrian 0 0 -10 911.48 143.55 1027.05 374.00 -10 -10 -10 -100    0 -1000 -1000 -10
757 112 pedestrian 0 0 -10 498.73 145.93 590.30 247.42 -10 -10 -10 -100    0 -1000 -1000 -10
757 124 pedestrian 0 0 -10 855.96 187.23 1140.20 370.68 -10 -10 -10 -100    0 -1000 -1000 -10
757 137 pedestrian 0 0 -10 589.40 156.88 617.89 250.48 -10 -10 -10 -100    0 -1000 -1000 -10
757 135 pedestrian 0 0 -10 558.22 151.96 602.93 276.25 -10 -10 -10 -100    0 -1000 -1000 -10
758 143 pedestrian 0 0 -10 1040.88 189.85 1140.36 342.74 -10 -10 -10 -100    0 -1000 -1000 -10
758 141 pedestrian 0 0 -10 749.57 151.95 787.63 213.94 -10 -10 -10 -100    0 -1000 -1000 -10
758 140 pedestrian 0 0 -10 966.31 188.88 1047.18 326.83 -10 -10 -10 -100    0 -1000 -1000 -10
758 107 pedestrian 0 0 -10 592.73 156.15 738.06 211.72 -10 -10 -10 -100    0 -1000 -1000 -10
758 102 pedestrian 0 0 -10 359.44 124.78 551.36 294.54 -10 -10 -10 -100    0 -1000 -1000 -10
758 132 pedestrian 0 0 -10 902.21 141.56 1029.29 374.00 -10 -10 -10 -100    0 -1000 -1000 -10
758 112 pedestrian 0 0 -10 493.49 145.89 589.39 250.08 -10 -10 -10 -100    0 -1000 -1000 -10
758 137 pedestrian 0 0 -10 581.54 157.55 609.90 252.11 -10 -10 -10 -100    0 -1000 -1000 -10
758 135 pedestrian 0 0 -10 551.48 154.63 599.75 279.66 -10 -10 -10 -100    0 -1000 -1000 -10
759 143 pedestrian 0 0 -10 1053.65 188.73 1158.41 350.48 -10 -10 -10 -100    0 -1000 -1000 -10
759 141 pedestrian 0 0 -10 748.68 151.42 788.20 213.49 -10 -10 -10 -100    0 -1000 -1000 -10
759 140 pedestrian 0 0 -10 970.35 185.90 1058.66 331.19 -10 -10 -10 -100    0 -1000 -1000 -10
759 107 pedestrian 0 0 -10 590.84 155.26 739.20 212.71 -10 -10 -10 -100    0 -1000 -1000 -10
759 102 pedestrian 0 0 -10 351.65 124.53 548.13 297.17 -10 -10 -10 -100    0 -1000 -1000 -10
759 132 pedestrian 0 0 -10 900.85 136.31 1041.71 374.00 -10 -10 -10 -100    0 -1000 -1000 -10
759 112 pedestrian 0 0 -10 488.63 144.34 588.42 250.01 -10 -10 -10 -100    0 -1000 -1000 -10
759 137 pedestrian 0 0 -10 573.97 156.02 603.12 252.81 -10 -10 -10 -100    0 -1000 -1000 -10
759 135 pedestrian 0 0 -10 545.72 152.05 596.97 285.27 -10 -10 -10 -100    0 -1000 -1000 -10
760 143 pedestrian 0 0 -10 1068.24 185.94 1175.78 354.93 -10 -10 -10 -100    0 -1000 -1000 -10
760 141 pedestrian 0 0 -10 747.48 150.20 788.35 213.75 -10 -10 -10 -100    0 -1000 -1000 -10
760 140 pedestrian 0 0 -10 981.59 186.83 1072.28 335.00 -10 -10 -10 -100    0 -1000 -1000 -10
760 107 pedestrian 0 0 -10 588.12 155.32 738.92 212.29 -10 -10 -10 -100    0 -1000 -1000 -10
760 102 pedestrian 0 0 -10 342.48 123.27 546.08 300.72 -10 -10 -10 -100    0 -1000 -1000 -10
760 132 pedestrian 0 0 -10 895.17 135.17 1051.05 374.00 -10 -10 -10 -100    0 -1000 -1000 -10
760 112 pedestrian 0 0 -10 486.77 144.99 587.37 251.82 -10 -10 -10 -100    0 -1000 -1000 -10
760 137 pedestrian 0 0 -10 561.83 156.14 596.00 256.48 -10 -10 -10 -100    0 -1000 -1000 -10
760 144 pedestrian 0 0 -10 893.23 189.16 1073.02 344.98 -10 -10 -10 -100    0 -1000 -1000 -10
760 135 pedestrian 0 0 -10 540.61 152.87 592.56 288.97 -10 -10 -10 -100    0 -1000 -1000 -10
761 143 pedestrian 0 0 -10 1083.07 187.91 1195.69 363.04 -10 -10 -10 -100    0 -1000 -1000 -10
761 141 pedestrian 0 0 -10 746.12 151.15 788.13 214.49 -10 -10 -10 -100    0 -1000 -1000 -10
761 140 pedestrian 0 0 -10 989.49 186.97 1085.17 339.40 -10 -10 -10 -100    0 -1000 -1000 -10
761 107 pedestrian 0 0 -10 585.06 155.89 737.65 212.75 -10 -10 -10 -100    0 -1000 -1000 -10
761 102 pedestrian 0 0 -10 334.72 124.76 542.45 305.69 -10 -10 -10 -100    0 -1000 -1000 -10
761 132 pedestrian 0 0 -10 901.87 134.63 1056.44 374.00 -10 -10 -10 -100    0 -1000 -1000 -10
761 112 pedestrian 0 0 -10 483.67 145.47 584.92 255.04 -10 -10 -10 -100    0 -1000 -1000 -10
761 137 pedestrian 0 0 -10 545.14 154.69 588.19 258.43 -10 -10 -10 -100    0 -1000 -1000 -10
761 144 pedestrian 0 0 -10 898.24 188.54 1089.20 351.27 -10 -10 -10 -100    0 -1000 -1000 -10
761 135 pedestrian 0 0 -10 534.91 152.31 587.40 294.63 -10 -10 -10 -100    0 -1000 -1000 -10
762 143 pedestrian 0 0 -10 1099.09 189.05 1217.96 371.15 -10 -10 -10 -100    0 -1000 -1000 -10
762 141 pedestrian 0 0 -10 745.27 154.20 788.09 216.52 -10 -10 -10 -100    0 -1000 -1000 -10
762 140 pedestrian 0 0 -10 1000.42 189.84 1100.03 347.81 -10 -10 -10 -100    0 -1000 -1000 -10
762 107 pedestrian 0 0 -10 584.53 158.09 736.37 214.98 -10 -10 -10 -100    0 -1000 -1000 -10
762 102 pedestrian 0 0 -10 324.01 127.05 539.08 312.10 -10 -10 -10 -100    0 -1000 -1000 -10
762 132 pedestrian 0 0 -10 914.46 134.13 1055.80 374.00 -10 -10 -10 -100    0 -1000 -1000 -10
762 112 pedestrian 0 0 -10 481.55 146.34 583.75 254.89 -10 -10 -10 -100    0 -1000 -1000 -10
762 137 pedestrian 0 0 -10 536.21 157.64 585.35 263.02 -10 -10 -10 -100    0 -1000 -1000 -10
762 144 pedestrian 0 0 -10 903.37 191.96 1101.47 357.21 -10 -10 -10 -100    0 -1000 -1000 -10
762 135 pedestrian 0 0 -10 530.48 154.61 581.97 303.25 -10 -10 -10 -100    0 -1000 -1000 -10
763 143 pedestrian 0 0 -10 1117.28 190.28 1238.00 374.00 -10 -10 -10 -100    0 -1000 -1000 -10
763 141 pedestrian 0 0 -10 743.46 155.28 786.78 219.24 -10 -10 -10 -100    0 -1000 -1000 -10
763 140 pedestrian 0 0 -10 1014.07 191.40 1114.28 351.83 -10 -10 -10 -100    0 -1000 -1000 -10
763 107 pedestrian 0 0 -10 583.31 159.02 734.41 215.87 -10 -10 -10 -100    0 -1000 -1000 -10
763 102 pedestrian 0 0 -10 313.57 125.56 533.76 317.22 -10 -10 -10 -100    0 -1000 -1000 -10
763 132 pedestrian 0 0 -10 928.51 128.47 1071.30 374.00 -10 -10 -10 -100    0 -1000 -1000 -10
763 112 pedestrian 0 0 -10 474.76 146.44 578.02 258.14 -10 -10 -10 -100    0 -1000 -1000 -10
763 137 pedestrian 0 0 -10 528.30 158.80 580.45 265.44 -10 -10 -10 -100    0 -1000 -1000 -10
763 144 pedestrian 0 0 -10 922.26 194.52 1123.44 369.03 -10 -10 -10 -100    0 -1000 -1000 -10
763 135 pedestrian 0 0 -10 526.41 153.83 578.60 310.30 -10 -10 -10 -100    0 -1000 -1000 -10
764 143 pedestrian 0 0 -10 1136.70 191.60 1237.80 374.00 -10 -10 -10 -100    0 -1000 -1000 -10
764 141 pedestrian 0 0 -10 745.87 156.65 783.08 219.62 -10 -10 -10 -100    0 -1000 -1000 -10
764 140 pedestrian 0 0 -10 1026.93 191.01 1132.14 359.79 -10 -10 -10 -100    0 -1000 -1000 -10
764 107 pedestrian 0 0 -10 583.73 157.16 714.51 205.02 -10 -10 -10 -100    0 -1000 -1000 -10
764 102 pedestrian 0 0 -10 301.44 122.09 527.32 320.00 -10 -10 -10 -100    0 -1000 -1000 -10
764 132 pedestrian 0 0 -10 944.24 129.61 1102.19 374.00 -10 -10 -10 -100    0 -1000 -1000 -10
764 112 pedestrian 0 0 -10 470.21 142.98 577.41 260.75 -10 -10 -10 -100    0 -1000 -1000 -10
764 137 pedestrian 0 0 -10 513.00 156.64 574.57 264.85 -10 -10 -10 -100    0 -1000 -1000 -10
764 144 pedestrian 0 0 -10 945.91 193.83 1144.83 374.00 -10 -10 -10 -100    0 -1000 -1000 -10
764 135 pedestrian 0 0 -10 513.06 156.15 570.59 313.86 -10 -10 -10 -100    0 -1000 -1000 -10
765 143 pedestrian 0 0 -10 1156.96 190.68 1237.85 374.00 -10 -10 -10 -100    0 -1000 -1000 -10
765 141 pedestrian 0 0 -10 747.79 155.46 779.02 217.65 -10 -10 -10 -100    0 -1000 -1000 -10
765 140 pedestrian 0 0 -10 1041.34 191.03 1153.48 368.76 -10 -10 -10 -100    0 -1000 -1000 -10
765 107 pedestrian 0 0 -10 583.26 154.91 707.98 199.78 -10 -10 -10 -100    0 -1000 -1000 -10
765 102 pedestrian 0 0 -10 289.01 117.98 527.74 323.26 -10 -10 -10 -100    0 -1000 -1000 -10
765 132 pedestrian 0 0 -10 883.84 130.48 1140.80 374.00 -10 -10 -10 -100    0 -1000 -1000 -10
765 112 pedestrian 0 0 -10 463.92 139.85 574.87 254.92 -10 -10 -10 -100    0 -1000 -1000 -10
765 135 pedestrian 0 0 -10 501.35 149.55 560.62 320.56 -10 -10 -10 -100    0 -1000 -1000 -10
766 143 pedestrian 0 0 -10 1181.70 182.54 1238.00 374.00 -10 -10 -10 -100    0 -1000 -1000 -10
766 141 pedestrian 0 0 -10 745.17 150.28 777.04 212.95 -10 -10 -10 -100    0 -1000 -1000 -10
766 140 pedestrian 0 0 -10 1056.99 185.75 1179.32 372.84 -10 -10 -10 -100    0 -1000 -1000 -10
766 107 pedestrian 0 0 -10 580.22 150.92 705.01 195.30 -10 -10 -10 -100    0 -1000 -1000 -10
766 102 pedestrian 0 0 -10 273.93 111.32 526.08 324.70 -10 -10 -10 -100    0 -1000 -1000 -10
766 132 pedestrian 0 0 -10 890.86 125.09 1154.86 374.00 -10 -10 -10 -100    0 -1000 -1000 -10
766 112 pedestrian 0 0 -10 460.06 135.92 572.91 254.26 -10 -10 -10 -100    0 -1000 -1000 -10
766 135 pedestrian 0 0 -10 482.14 144.46 546.61 327.02 -10 -10 -10 -100    0 -1000 -1000 -10
767 143 pedestrian 0 0 -10 1211.56 182.80 1238.00 374.00 -10 -10 -10 -100    0 -1000 -1000 -10
767 141 pedestrian 0 0 -10 744.93 145.67 775.85 210.35 -10 -10 -10 -100    0 -1000 -1000 -10
767 140 pedestrian 0 0 -10 1077.20 183.12 1208.45 374.00 -10 -10 -10 -100    0 -1000 -1000 -10
767 107 pedestrian 0 0 -10 576.97 148.30 703.08 192.21 -10 -10 -10 -100    0 -1000 -1000 -10
767 102 pedestrian 0 0 -10 261.63 106.79 519.96 329.73 -10 -10 -10 -100    0 -1000 -1000 -10
767 132 pedestrian 0 0 -10 895.66 113.02 1173.59 374.00 -10 -10 -10 -100    0 -1000 -1000 -10
767 112 pedestrian 0 0 -10 455.29 132.30 570.72 255.85 -10 -10 -10 -100    0 -1000 -1000 -10
767 135 pedestrian 0 0 -10 466.47 142.08 539.44 334.92 -10 -10 -10 -100    0 -1000 -1000 -10
768 141 pedestrian 0 0 -10 742.56 145.84 777.15 210.74 -10 -10 -10 -100    0 -1000 -1000 -10
768 140 pedestrian 0 0 -10 1098.67 185.23 1237.07 374.00 -10 -10 -10 -100    0 -1000 -1000 -10
768 107 pedestrian 0 0 -10 575.17 149.13 703.61 193.84 -10 -10 -10 -100    0 -1000 -1000 -10
768 102 pedestrian 0 0 -10 245.68 107.16 516.40 338.00 -10 -10 -10 -100    0 -1000 -1000 -10
768 132 pedestrian 0 0 -10 899.18 107.23 1200.72 374.00 -10 -10 -10 -100    0 -1000 -1000 -10
768 112 pedestrian 0 0 -10 450.37 131.60 566.64 257.20 -10 -10 -10 -100    0 -1000 -1000 -10
768 135 pedestrian 0 0 -10 448.27 139.06 527.42 347.05 -10 -10 -10 -100    0 -1000 -1000 -10
769 141 pedestrian 0 0 -10 741.98 148.06 777.44 212.42 -10 -10 -10 -100    0 -1000 -1000 -10
769 140 pedestrian 0 0 -10 1122.65 188.62 1238.00 374.00 -10 -10 -10 -100    0 -1000 -1000 -10
769 107 pedestrian 0 0 -10 573.86 150.06 703.54 196.03 -10 -10 -10 -100    0 -1000 -1000 -10
769 102 pedestrian 0 0 -10 228.61 103.57 512.79 345.79 -10 -10 -10 -100    0 -1000 -1000 -10
769 132 pedestrian 0 0 -10 896.81 109.39 1210.00 374.00 -10 -10 -10 -100    0 -1000 -1000 -10
769 112 pedestrian 0 0 -10 443.81 132.31 562.41 261.73 -10 -10 -10 -100    0 -1000 -1000 -10
769 135 pedestrian 0 0 -10 432.11 139.02 515.71 360.40 -10 -10 -10 -100    0 -1000 -1000 -10
770 107 pedestrian 0 0 -10 572.95 149.49 703.59 196.38 -10 -10 -10 -100    0 -1000 -1000 -10
770 140 pedestrian 0 0 -10 1148.52 194.87 1238.00 374.00 -10 -10 -10 -100    0 -1000 -1000 -10
770 102 pedestrian 0 0 -10 210.62 100.12 506.01 352.05 -10 -10 -10 -100    0 -1000 -1000 -10
770 132 pedestrian 0 0 -10 901.84 104.30 1238.00 374.00 -10 -10 -10 -100    0 -1000 -1000 -10
770 141 pedestrian 0 0 -10 742.92 148.81 777.12 213.15 -10 -10 -10 -100    0 -1000 -1000 -10
770 112 pedestrian 0 0 -10 437.85 130.55 561.07 260.99 -10 -10 -10 -100    0 -1000 -1000 -10
770 135 pedestrian 0 0 -10 418.69 135.66 502.44 370.91 -10 -10 -10 -100    0 -1000 -1000 -10
771 107 pedestrian 0 0 -10 569.20 149.25 704.29 196.21 -10 -10 -10 -100    0 -1000 -1000 -10
771 140 pedestrian 0 0 -10 1172.37 190.39 1238.00 374.00 -10 -10 -10 -100    0 -1000 -1000 -10
771 102 pedestrian 0 0 -10 191.46 96.72 502.74 360.83 -10 -10 -10 -100    0 -1000 -1000 -10
771 132 pedestrian 0 0 -10 912.01 99.60 1238.00 374.00 -10 -10 -10 -100    0 -1000 -1000 -10
771 141 pedestrian 0 0 -10 744.30 148.08 775.32 210.03 -10 -10 -10 -100    0 -1000 -1000 -10
771 112 pedestrian 0 0 -10 430.82 129.45 557.86 262.56 -10 -10 -10 -100    0 -1000 -1000 -10
771 135 pedestrian 0 0 -10 394.75 133.29 486.64 374.00 -10 -10 -10 -100    0 -1000 -1000 -10
772 107 pedestrian 0 0 -10 568.42 149.62 704.80 198.38 -10 -10 -10 -100    0 -1000 -1000 -10
772 102 pedestrian 0 0 -10 166.69 95.27 501.54 373.02 -10 -10 -10 -100    0 -1000 -1000 -10
772 132 pedestrian 0 0 -10 928.18 91.00 1237.83 374.00 -10 -10 -10 -100    0 -1000 -1000 -10
772 141 pedestrian 0 0 -10 744.01 148.07 772.55 205.31 -10 -10 -10 -100    0 -1000 -1000 -10
772 112 pedestrian 0 0 -10 425.76 128.41 555.87 264.88 -10 -10 -10 -100    0 -1000 -1000 -10
772 135 pedestrian 0 0 -10 357.78 128.54 466.05 374.00 -10 -10 -10 -100    0 -1000 -1000 -10
773 107 pedestrian 0 0 -10 566.92 150.21 704.99 199.12 -10 -10 -10 -100    0 -1000 -1000 -10
773 102 pedestrian 0 0 -10 136.45 91.97 496.48 374.00 -10 -10 -10 -100    0 -1000 -1000 -10
773 132 pedestrian 0 0 -10 932.54 83.79 1237.25 374.00 -10 -10 -10 -100    0 -1000 -1000 -10
773 141 pedestrian 0 0 -10 744.23 149.03 772.10 203.86 -10 -10 -10 -100    0 -1000 -1000 -10
773 112 pedestrian 0 0 -10 416.83 127.95 553.11 267.75 -10 -10 -10 -100    0 -1000 -1000 -10
773 135 pedestrian 0 0 -10 327.03 124.58 450.24 374.00 -10 -10 -10 -100    0 -1000 -1000 -10
774 107 pedestrian 0 0 -10 565.42 152.02 705.33 201.31 -10 -10 -10 -100    0 -1000 -1000 -10
774 102 pedestrian 0 0 -10 108.92 92.71 493.11 374.00 -10 -10 -10 -100    0 -1000 -1000 -10
774 132 pedestrian 0 0 -10 946.66 75.12 1238.00 374.00 -10 -10 -10 -100    0 -1000 -1000 -10
774 141 pedestrian 0 0 -10 744.30 151.85 772.83 204.92 -10 -10 -10 -100    0 -1000 -1000 -10
774 112 pedestrian 0 0 -10 413.82 128.20 550.56 271.27 -10 -10 -10 -100    0 -1000 -1000 -10
774 135 pedestrian 0 0 -10 294.66 122.61 423.62 374.00 -10 -10 -10 -100    0 -1000 -1000 -10
775 107 pedestrian 0 0 -10 564.00 157.38 705.25 206.13 -10 -10 -10 -100    0 -1000 -1000 -10
775 102 pedestrian 0 0 -10 80.62 87.30 482.57 374.00 -10 -10 -10 -100    0 -1000 -1000 -10
775 132 pedestrian 0 0 -10 961.60 72.90 1238.00 374.00 -10 -10 -10 -100    0 -1000 -1000 -10
775 141 pedestrian 0 0 -10 744.62 157.27 773.95 208.63 -10 -10 -10 -100    0 -1000 -1000 -10
775 112 pedestrian 0 0 -10 405.80 133.20 548.42 279.11 -10 -10 -10 -100    0 -1000 -1000 -10
775 135 pedestrian 0 0 -10 170.10 134.27 414.35 374.00 -10 -10 -10 -100    0 -1000 -1000 -10
776 102 pedestrian 0 0 -10 43.01 88.81 477.73 374.00 -10 -10 -10 -100    0 -1000 -1000 -10
776 132 pedestrian 0 0 -10 976.69 63.48 1238.00 374.00 -10 -10 -10 -100    0 -1000 -1000 -10
776 107 pedestrian 0 0 -10 560.99 160.70 703.34 208.02 -10 -10 -10 -100    0 -1000 -1000 -10
776 141 pedestrian 0 0 -10 744.66 159.65 774.33 212.26 -10 -10 -10 -100    0 -1000 -1000 -10
776 112 pedestrian 0 0 -10 397.66 135.76 545.63 286.86 -10 -10 -10 -100    0 -1000 -1000 -10
776 135 pedestrian 0 0 -10 108.33 131.09 382.75 374.00 -10 -10 -10 -100    0 -1000 -1000 -10
777 102 pedestrian 0 0 -10 8.57 86.31 472.06 374.00 -10 -10 -10 -100    0 -1000 -1000 -10
777 132 pedestrian 0 0 -10 1003.49 69.41 1238.00 374.00 -10 -10 -10 -100    0 -1000 -1000 -10
777 107 pedestrian 0 0 -10 554.22 164.52 702.20 209.50 -10 -10 -10 -100    0 -1000 -1000 -10
777 141 pedestrian 0 0 -10 744.70 163.13 776.69 216.12 -10 -10 -10 -100    0 -1000 -1000 -10
777 112 pedestrian 0 0 -10 390.47 137.45 542.52 296.26 -10 -10 -10 -100    0 -1000 -1000 -10
777 135 pedestrian 0 0 -10 18.38 131.80 332.27 374.00 -10 -10 -10 -100    0 -1000 -1000 -10
778 102 pedestrian 0 0 -10 0.00 85.29 463.88 374.00 -10 -10 -10 -100    0 -1000 -1000 -10
778 132 pedestrian 0 0 -10 1033.18 71.76 1238.00 374.00 -10 -10 -10 -100    0 -1000 -1000 -10
778 107 pedestrian 0 0 -10 545.99 171.30 698.99 212.43 -10 -10 -10 -100    0 -1000 -1000 -10
778 141 pedestrian 0 0 -10 744.48 172.27 782.09 224.27 -10 -10 -10 -100    0 -1000 -1000 -10
778 112 pedestrian 0 0 -10 379.93 145.12 539.31 309.11 -10 -10 -10 -100    0 -1000 -1000 -10
778 135 pedestrian 0 0 -10 0.00 140.08 270.35 374.00 -10 -10 -10 -100    0 -1000 -1000 -10
779 102 pedestrian 0 0 -10 1.40 86.63 457.34 374.00 -10 -10 -10 -100    0 -1000 -1000 -10
779 132 pedestrian 0 0 -10 1068.76 75.86 1237.93 374.00 -10 -10 -10 -100    0 -1000 -1000 -10
779 107 pedestrian 0 0 -10 539.62 178.02 697.80 218.38 -10 -10 -10 -100    0 -1000 -1000 -10
779 141 pedestrian 0 0 -10 745.00 177.40 786.96 232.75 -10 -10 -10 -100    0 -1000 -1000 -10
779 112 pedestrian 0 0 -10 369.86 150.70 536.62 321.30 -10 -10 -10 -100    0 -1000 -1000 -10
779 135 pedestrian 0 0 -10 0.00 131.94 181.33 374.00 -10 -10 -10 -100    0 -1000 -1000 -10
780 102 pedestrian 0 0 -10 1.17 78.63 447.92 374.00 -10 -10 -10 -100    0 -1000 -1000 -10
780 132 pedestrian 0 0 -10 1104.91 68.79 1238.00 374.00 -10 -10 -10 -100    0 -1000 -1000 -10
780 107 pedestrian 0 0 -10 534.17 181.20 697.36 221.55 -10 -10 -10 -100    0 -1000 -1000 -10
780 141 pedestrian 0 0 -10 745.31 180.72 788.83 235.62 -10 -10 -10 -100    0 -1000 -1000 -10
780 112 pedestrian 0 0 -10 358.33 153.26 531.93 333.07 -10 -10 -10 -100    0 -1000 -1000 -10
780 135 pedestrian 0 0 -10 0.00 129.05 154.89 374.00 -10 -10 -10 -100    0 -1000 -1000 -10
781 102 pedestrian 0 0 -10 0.00 64.95 436.60 374.00 -10 -10 -10 -100    0 -1000 -1000 -10
781 107 pedestrian 0 0 -10 529.02 185.24 696.23 226.19 -10 -10 -10 -100    0 -1000 -1000 -10
781 141 pedestrian 0 0 -10 744.60 186.60 789.92 241.97 -10 -10 -10 -100    0 -1000 -1000 -10
781 112 pedestrian 0 0 -10 346.73 156.22 528.32 341.12 -10 -10 -10 -100    0 -1000 -1000 -10
782 102 pedestrian 0 0 -10 0.00 53.59 426.36 374.00 -10 -10 -10 -100    0 -1000 -1000 -10
782 107 pedestrian 0 0 -10 528.84 184.68 697.81 229.68 -10 -10 -10 -100    0 -1000 -1000 -10
782 141 pedestrian 0 0 -10 743.36 187.06 791.01 243.76 -10 -10 -10 -100    0 -1000 -1000 -10
782 112 pedestrian 0 0 -10 333.36 153.77 524.46 347.14 -10 -10 -10 -100    0 -1000 -1000 -10
783 102 pedestrian 0 0 -10 0.00 44.18 411.66 374.00 -10 -10 -10 -100    0 -1000 -1000 -10
783 107 pedestrian 0 0 -10 525.58 180.57 702.56 228.98 -10 -10 -10 -100    0 -1000 -1000 -10
783 141 pedestrian 0 0 -10 753.71 178.35 786.12 238.74 -10 -10 -10 -100    0 -1000 -1000 -10
783 112 pedestrian 0 0 -10 321.17 150.62 520.93 353.05 -10 -10 -10 -100    0 -1000 -1000 -10
784 102 pedestrian 0 0 -10 0.56 36.15 399.14 374.00 -10 -10 -10 -100    0 -1000 -1000 -10
784 107 pedestrian 0 0 -10 522.50 175.84 698.89 223.76 -10 -10 -10 -100    0 -1000 -1000 -10
784 141 pedestrian 0 0 -10 764.11 171.54 787.12 234.25 -10 -10 -10 -100    0 -1000 -1000 -10
784 112 pedestrian 0 0 -10 300.81 146.10 515.42 358.08 -10 -10 -10 -100    0 -1000 -1000 -10
785 102 pedestrian 0 0 -10 0.00 31.62 380.00 374.00 -10 -10 -10 -100    0 -1000 -1000 -10
785 107 pedestrian 0 0 -10 520.13 168.98 696.13 217.17 -10 -10 -10 -100    0 -1000 -1000 -10
785 141 pedestrian 0 0 -10 766.02 165.09 787.30 228.48 -10 -10 -10 -100    0 -1000 -1000 -10
785 112 pedestrian 0 0 -10 282.84 140.53 510.80 364.28 -10 -10 -10 -100    0 -1000 -1000 -10
786 102 pedestrian 0 0 -10 0.06 31.39 362.06 374.00 -10 -10 -10 -100    0 -1000 -1000 -10
786 107 pedestrian 0 0 -10 516.37 167.19 698.63 216.31 -10 -10 -10 -100    0 -1000 -1000 -10
786 141 pedestrian 0 0 -10 766.87 162.82 788.64 227.02 -10 -10 -10 -100    0 -1000 -1000 -10
786 112 pedestrian 0 0 -10 262.03 135.08 506.38 373.45 -10 -10 -10 -100    0 -1000 -1000 -10
787 102 pedestrian 0 0 -10 0.00 32.71 337.32 374.00 -10 -10 -10 -100    0 -1000 -1000 -10
787 107 pedestrian 0 0 -10 511.63 167.24 696.95 216.65 -10 -10 -10 -100    0 -1000 -1000 -10
787 145 pedestrian 0 0 -10 684.69 172.83 715.25 231.87 -10 -10 -10 -100    0 -1000 -1000 -10
787 141 pedestrian 0 0 -10 768.22 162.49 789.93 228.03 -10 -10 -10 -100    0 -1000 -1000 -10
787 112 pedestrian 0 0 -10 234.76 131.62 502.11 374.00 -10 -10 -10 -100    0 -1000 -1000 -10
788 107 pedestrian 0 0 -10 507.76 167.49 698.30 218.44 -10 -10 -10 -100    0 -1000 -1000 -10
788 145 pedestrian 0 0 -10 685.21 172.27 715.71 233.41 -10 -10 -10 -100    0 -1000 -1000 -10
788 141 pedestrian 0 0 -10 769.61 162.40 792.29 229.08 -10 -10 -10 -100    0 -1000 -1000 -10
788 112 pedestrian 0 0 -10 207.25 128.82 494.97 374.00 -10 -10 -10 -100    0 -1000 -1000 -10
788 102 pedestrian 0 0 -10 0.36 31.29 310.58 374.00 -10 -10 -10 -100    0 -1000 -1000 -10
789 107 pedestrian 0 0 -10 503.04 168.50 699.63 221.18 -10 -10 -10 -100    0 -1000 -1000 -10
789 145 pedestrian 0 0 -10 684.71 172.15 715.82 235.26 -10 -10 -10 -100    0 -1000 -1000 -10
789 141 pedestrian 0 0 -10 771.12 161.90 793.79 231.36 -10 -10 -10 -100    0 -1000 -1000 -10
789 112 pedestrian 0 0 -10 175.10 124.21 488.88 374.00 -10 -10 -10 -100    0 -1000 -1000 -10
789 102 pedestrian 0 0 -10 0.33 31.68 270.72 374.00 -10 -10 -10 -100    0 -1000 -1000 -10
790 107 pedestrian 0 0 -10 499.01 168.95 697.13 222.68 -10 -10 -10 -100    0 -1000 -1000 -10
790 145 pedestrian 0 0 -10 685.53 172.15 716.08 236.84 -10 -10 -10 -100    0 -1000 -1000 -10
790 141 pedestrian 0 0 -10 771.20 162.53 792.87 230.51 -10 -10 -10 -100    0 -1000 -1000 -10
790 112 pedestrian 0 0 -10 139.26 118.81 481.62 374.00 -10 -10 -10 -100    0 -1000 -1000 -10
790 102 pedestrian 0 0 -10 0.00 35.76 222.37 374.00 -10 -10 -10 -100    0 -1000 -1000 -10
791 107 pedestrian 0 0 -10 494.84 168.27 696.85 223.71 -10 -10 -10 -100    0 -1000 -1000 -10
791 145 pedestrian 0 0 -10 685.74 171.10 716.80 237.59 -10 -10 -10 -100    0 -1000 -1000 -10
791 141 pedestrian 0 0 -10 771.63 162.89 793.56 230.32 -10 -10 -10 -100    0 -1000 -1000 -10
791 112 pedestrian 0 0 -10 90.11 116.17 474.59 374.00 -10 -10 -10 -100    0 -1000 -1000 -10
791 102 pedestrian 0 0 -10 0.00 37.29 173.35 374.00 -10 -10 -10 -100    0 -1000 -1000 -10
792 107 pedestrian 0 0 -10 490.45 167.95 693.44 223.21 -10 -10 -10 -100    0 -1000 -1000 -10
792 145 pedestrian 0 0 -10 686.20 170.86 718.15 240.83 -10 -10 -10 -100    0 -1000 -1000 -10
792 141 pedestrian 0 0 -10 772.50 162.08 794.83 231.55 -10 -10 -10 -100    0 -1000 -1000 -10
792 112 pedestrian 0 0 -10 32.69 109.77 464.91 374.00 -10 -10 -10 -100    0 -1000 -1000 -10
793 107 pedestrian 0 0 -10 485.50 166.74 689.93 222.06 -10 -10 -10 -100    0 -1000 -1000 -10
793 145 pedestrian 0 0 -10 686.01 168.99 719.30 255.06 -10 -10 -10 -100    0 -1000 -1000 -10
793 141 pedestrian 0 0 -10 774.17 160.80 796.45 232.54 -10 -10 -10 -100    0 -1000 -1000 -10
793 112 pedestrian 0 0 -10 0.00 101.46 452.96 374.00 -10 -10 -10 -100    0 -1000 -1000 -10
794 107 pedestrian 0 0 -10 480.45 165.95 685.96 220.41 -10 -10 -10 -100    0 -1000 -1000 -10
794 145 pedestrian 0 0 -10 685.88 165.69 721.30 267.80 -10 -10 -10 -100    0 -1000 -1000 -10
794 141 pedestrian 0 0 -10 775.80 159.86 798.90 233.09 -10 -10 -10 -100    0 -1000 -1000 -10
794 112 pedestrian 0 0 -10 2.86 89.28 445.26 374.00 -10 -10 -10 -100    0 -1000 -1000 -10
795 107 pedestrian 0 0 -10 477.02 165.46 684.25 219.03 -10 -10 -10 -100    0 -1000 -1000 -10
795 145 pedestrian 0 0 -10 690.06 164.65 734.58 273.13 -10 -10 -10 -100    0 -1000 -1000 -10
795 141 pedestrian 0 0 -10 776.21 160.14 800.14 233.10 -10 -10 -10 -100    0 -1000 -1000 -10
795 112 pedestrian 0 0 -10 0.00 73.70 433.67 374.00 -10 -10 -10 -100    0 -1000 -1000 -10
796 107 pedestrian 0 0 -10 471.46 165.46 682.49 218.84 -10 -10 -10 -100    0 -1000 -1000 -10
796 145 pedestrian 0 0 -10 689.10 164.50 720.87 240.08 -10 -10 -10 -100    0 -1000 -1000 -10
796 141 pedestrian 0 0 -10 777.85 159.41 803.37 233.63 -10 -10 -10 -100    0 -1000 -1000 -10
796 112 pedestrian 0 0 -10 0.00 57.42 420.63 374.00 -10 -10 -10 -100    0 -1000 -1000 -10
797 107 pedestrian 0 0 -10 465.84 165.04 682.80 217.96 -10 -10 -10 -100    0 -1000 -1000 -10
797 145 pedestrian 0 0 -10 690.07 163.52 723.38 240.26 -10 -10 -10 -100    0 -1000 -1000 -10
797 141 pedestrian 0 0 -10 780.99 158.19 806.93 234.11 -10 -10 -10 -100    0 -1000 -1000 -10
797 112 pedestrian 0 0 -10 0.00 41.30 406.97 374.00 -10 -10 -10 -100    0 -1000 -1000 -10
798 107 pedestrian 0 0 -10 463.30 164.24 684.09 217.76 -10 -10 -10 -100    0 -1000 -1000 -10
798 145 pedestrian 0 0 -10 692.63 162.03 727.41 241.12 -10 -10 -10 -100    0 -1000 -1000 -10
798 141 pedestrian 0 0 -10 785.39 156.89 812.08 234.28 -10 -10 -10 -100    0 -1000 -1000 -10
798 112 pedestrian 0 0 -10 0.00 33.29 392.46 374.00 -10 -10 -10 -100    0 -1000 -1000 -10
799 107 pedestrian 0 0 -10 456.98 161.99 686.78 218.12 -10 -10 -10 -100    0 -1000 -1000 -10
799 145 pedestrian 0 0 -10 696.19 158.54 731.70 242.57 -10 -10 -10 -100    0 -1000 -1000 -10
799 141 pedestrian 0 0 -10 791.93 154.50 816.21 233.20 -10 -10 -10 -100    0 -1000 -1000 -10
799 112 pedestrian 0 0 -10 0.00 33.14 371.05 374.00 -10 -10 -10 -100    0 -1000 -1000 -10
800 107 pedestrian 0 0 -10 610.75 161.65 691.18 216.48 -10 -10 -10 -100    0 -1000 -1000 -10
800 145 pedestrian 0 0 -10 702.50 155.98 740.59 246.08 -10 -10 -10 -100    0 -1000 -1000 -10
800 141 pedestrian 0 0 -10 794.80 153.20 819.33 236.52 -10 -10 -10 -100    0 -1000 -1000 -10
800 112 pedestrian 0 0 -10 0.00 38.65 351.29 374.00 -10 -10 -10 -100    0 -1000 -1000 -10
801 107 pedestrian 0 0 -10 611.56 162.85 694.60 219.01 -10 -10 -10 -100    0 -1000 -1000 -10
801 147 pedestrian 0 0 -10 320.05 167.13 368.33 309.32 -10 -10 -10 -100    0 -1000 -1000 -10
801 145 pedestrian 0 0 -10 707.66 156.23 748.90 248.97 -10 -10 -10 -100    0 -1000 -1000 -10
801 141 pedestrian 0 0 -10 798.57 153.30 825.60 239.38 -10 -10 -10 -100    0 -1000 -1000 -10
801 112 pedestrian 0 0 -10 0.00 38.65 320.29 374.00 -10 -10 -10 -100    0 -1000 -1000 -10
802 107 pedestrian 0 0 -10 615.08 162.59 697.61 220.37 -10 -10 -10 -100    0 -1000 -1000 -10
802 147 pedestrian 0 0 -10 312.48 166.63 363.60 315.07 -10 -10 -10 -100    0 -1000 -1000 -10
802 145 pedestrian 0 0 -10 715.22 155.30 757.93 251.41 -10 -10 -10 -100    0 -1000 -1000 -10
802 141 pedestrian 0 0 -10 805.82 149.83 832.17 238.89 -10 -10 -10 -100    0 -1000 -1000 -10
802 112 pedestrian 0 0 -10 0.00 39.70 284.50 374.00 -10 -10 -10 -100    0 -1000 -1000 -10
803 149 pedestrian 0 0 -10 585.91 169.51 609.96 195.71 -10 -10 -10 -100    0 -1000 -1000 -10
803 148 pedestrian 0 0 -10 469.84 167.12 506.62 219.26 -10 -10 -10 -100    0 -1000 -1000 -10
803 107 pedestrian 0 0 -10 645.48 160.02 698.95 216.99 -10 -10 -10 -100    0 -1000 -1000 -10
803 147 pedestrian 0 0 -10 305.77 165.72 358.15 321.50 -10 -10 -10 -100    0 -1000 -1000 -10
803 145 pedestrian 0 0 -10 723.49 155.60 767.72 256.72 -10 -10 -10 -100    0 -1000 -1000 -10
803 141 pedestrian 0 0 -10 811.03 150.12 839.52 240.99 -10 -10 -10 -100    0 -1000 -1000 -10
803 112 pedestrian 0 0 -10 0.00 40.15 236.45 374.00 -10 -10 -10 -100    0 -1000 -1000 -10
803 150 pedestrian 0 0 -10 518.96 176.18 562.09 217.64 -10 -10 -10 -100    0 -1000 -1000 -10
804 149 pedestrian 0 0 -10 592.84 170.23 615.69 196.72 -10 -10 -10 -100    0 -1000 -1000 -10
804 148 pedestrian 0 0 -10 469.33 166.78 508.46 221.89 -10 -10 -10 -100    0 -1000 -1000 -10
804 107 pedestrian 0 0 -10 650.19 159.62 704.68 217.64 -10 -10 -10 -100    0 -1000 -1000 -10
804 147 pedestrian 0 0 -10 300.43 165.78 353.64 328.70 -10 -10 -10 -100    0 -1000 -1000 -10
804 145 pedestrian 0 0 -10 734.17 155.19 780.09 261.78 -10 -10 -10 -100    0 -1000 -1000 -10
804 141 pedestrian 0 0 -10 819.99 148.59 851.32 240.24 -10 -10 -10 -100    0 -1000 -1000 -10
804 112 pedestrian 0 0 -10 0.02 32.32 166.85 374.00 -10 -10 -10 -100    0 -1000 -1000 -10
804 150 pedestrian 0 0 -10 521.48 176.47 565.15 219.28 -10 -10 -10 -100    0 -1000 -1000 -10
805 149 pedestrian 0 0 -10 598.55 169.75 618.98 195.33 -10 -10 -10 -100    0 -1000 -1000 -10
805 148 pedestrian 0 0 -10 475.20 165.93 508.66 219.27 -10 -10 -10 -100    0 -1000 -1000 -10
805 107 pedestrian 0 0 -10 654.92 159.16 710.53 217.95 -10 -10 -10 -100    0 -1000 -1000 -10
805 147 pedestrian 0 0 -10 286.12 166.10 348.36 336.64 -10 -10 -10 -100    0 -1000 -1000 -10
805 145 pedestrian 0 0 -10 743.48 153.66 794.61 265.78 -10 -10 -10 -100    0 -1000 -1000 -10
805 141 pedestrian 0 0 -10 830.78 148.79 865.18 240.08 -10 -10 -10 -100    0 -1000 -1000 -10
805 150 pedestrian 0 0 -10 523.11 176.54 566.96 218.85 -10 -10 -10 -100    0 -1000 -1000 -10
806 151 pedestrian 0 0 -10 636.66 166.91 679.07 207.19 -10 -10 -10 -100    0 -1000 -1000 -10
806 149 pedestrian 0 0 -10 602.47 167.64 625.10 193.19 -10 -10 -10 -100    0 -1000 -1000 -10
806 148 pedestrian 0 0 -10 480.21 163.92 509.18 216.63 -10 -10 -10 -100    0 -1000 -1000 -10
806 107 pedestrian 0 0 -10 658.93 158.77 716.07 217.63 -10 -10 -10 -100    0 -1000 -1000 -10
806 147 pedestrian 0 0 -10 273.63 165.39 344.04 344.23 -10 -10 -10 -100    0 -1000 -1000 -10
806 145 pedestrian 0 0 -10 754.68 153.74 808.86 271.84 -10 -10 -10 -100    0 -1000 -1000 -10
806 141 pedestrian 0 0 -10 843.56 147.23 879.91 246.33 -10 -10 -10 -100    0 -1000 -1000 -10
806 150 pedestrian 0 0 -10 528.34 173.79 571.03 218.46 -10 -10 -10 -100    0 -1000 -1000 -10
807 151 pedestrian 0 0 -10 640.81 167.24 680.55 208.57 -10 -10 -10 -100    0 -1000 -1000 -10
807 149 pedestrian 0 0 -10 607.14 166.64 631.07 192.97 -10 -10 -10 -100    0 -1000 -1000 -10
807 148 pedestrian 0 0 -10 480.87 161.96 510.25 216.96 -10 -10 -10 -100    0 -1000 -1000 -10
807 107 pedestrian 0 0 -10 663.81 158.01 721.90 218.93 -10 -10 -10 -100    0 -1000 -1000 -10
807 147 pedestrian 0 0 -10 258.90 167.00 334.47 355.69 -10 -10 -10 -100    0 -1000 -1000 -10
807 145 pedestrian 0 0 -10 765.79 151.10 824.38 279.47 -10 -10 -10 -100    0 -1000 -1000 -10
807 141 pedestrian 0 0 -10 855.76 144.97 890.60 247.89 -10 -10 -10 -100    0 -1000 -1000 -10
807 150 pedestrian 0 0 -10 531.00 172.75 573.24 218.59 -10 -10 -10 -100    0 -1000 -1000 -10
808 151 pedestrian 0 0 -10 643.01 166.41 683.35 207.98 -10 -10 -10 -100    0 -1000 -1000 -10
808 149 pedestrian 0 0 -10 609.75 166.40 633.94 192.50 -10 -10 -10 -100    0 -1000 -1000 -10
808 148 pedestrian 0 0 -10 479.52 161.26 510.82 218.48 -10 -10 -10 -100    0 -1000 -1000 -10
808 107 pedestrian 0 0 -10 667.58 156.92 728.53 219.61 -10 -10 -10 -100    0 -1000 -1000 -10
808 147 pedestrian 0 0 -10 244.96 165.83 323.00 365.45 -10 -10 -10 -100    0 -1000 -1000 -10
808 145 pedestrian 0 0 -10 781.33 148.63 842.15 286.51 -10 -10 -10 -100    0 -1000 -1000 -10
808 141 pedestrian 0 0 -10 868.46 145.48 899.37 248.89 -10 -10 -10 -100    0 -1000 -1000 -10
808 150 pedestrian 0 0 -10 532.85 172.31 575.97 219.66 -10 -10 -10 -100    0 -1000 -1000 -10
809 151 pedestrian 0 0 -10 646.24 166.31 689.10 209.32 -10 -10 -10 -100    0 -1000 -1000 -10
809 149 pedestrian 0 0 -10 615.06 166.36 639.59 192.44 -10 -10 -10 -100    0 -1000 -1000 -10
809 148 pedestrian 0 0 -10 476.62 162.67 512.62 221.07 -10 -10 -10 -100    0 -1000 -1000 -10
809 107 pedestrian 0 0 -10 670.56 157.60 733.62 221.46 -10 -10 -10 -100    0 -1000 -1000 -10
809 147 pedestrian 0 0 -10 232.89 163.56 309.57 374.00 -10 -10 -10 -100    0 -1000 -1000 -10
809 145 pedestrian 0 0 -10 794.27 150.03 862.03 294.79 -10 -10 -10 -100    0 -1000 -1000 -10
809 141 pedestrian 0 0 -10 878.29 145.82 910.34 251.32 -10 -10 -10 -100    0 -1000 -1000 -10
809 150 pedestrian 0 0 -10 533.91 173.61 575.57 221.03 -10 -10 -10 -100    0 -1000 -1000 -10
810 151 pedestrian 0 0 -10 648.28 166.89 691.12 210.60 -10 -10 -10 -100    0 -1000 -1000 -10
810 149 pedestrian 0 0 -10 617.89 165.42 643.10 193.29 -10 -10 -10 -100    0 -1000 -1000 -10
810 148 pedestrian 0 0 -10 473.99 162.27 513.56 223.49 -10 -10 -10 -100    0 -1000 -1000 -10
810 107 pedestrian 0 0 -10 673.64 157.74 738.01 223.94 -10 -10 -10 -100    0 -1000 -1000 -10
810 147 pedestrian 0 0 -10 215.99 162.05 296.43 374.00 -10 -10 -10 -100    0 -1000 -1000 -10
810 145 pedestrian 0 0 -10 813.22 147.26 885.73 305.33 -10 -10 -10 -100    0 -1000 -1000 -10
810 141 pedestrian 0 0 -10 885.10 143.06 922.42 257.06 -10 -10 -10 -100    0 -1000 -1000 -10
810 150 pedestrian 0 0 -10 533.22 173.95 577.01 222.57 -10 -10 -10 -100    0 -1000 -1000 -10
811 148 pedestrian 0 0 -10 471.37 162.21 513.70 225.42 -10 -10 -10 -100    0 -1000 -1000 -10
811 107 pedestrian 0 0 -10 676.69 158.09 742.13 224.89 -10 -10 -10 -100    0 -1000 -1000 -10
811 147 pedestrian 0 0 -10 195.29 162.75 282.81 374.00 -10 -10 -10 -100    0 -1000 -1000 -10
811 145 pedestrian 0 0 -10 829.13 143.92 912.95 317.38 -10 -10 -10 -100    0 -1000 -1000 -10
811 141 pedestrian 0 0 -10 892.97 141.22 934.77 260.57 -10 -10 -10 -100    0 -1000 -1000 -10
811 149 pedestrian 0 0 -10 621.91 165.83 650.93 194.96 -10 -10 -10 -100    0 -1000 -1000 -10
811 150 pedestrian 0 0 -10 533.25 175.06 576.71 224.40 -10 -10 -10 -100    0 -1000 -1000 -10
811 151 pedestrian 0 0 -10 648.72 167.82 693.11 211.78 -10 -10 -10 -100    0 -1000 -1000 -10
812 148 pedestrian 0 0 -10 467.40 162.19 510.93 227.05 -10 -10 -10 -100    0 -1000 -1000 -10
812 107 pedestrian 0 0 -10 678.97 156.99 747.21 227.13 -10 -10 -10 -100    0 -1000 -1000 -10
812 147 pedestrian 0 0 -10 164.90 162.63 266.24 374.00 -10 -10 -10 -100    0 -1000 -1000 -10
812 145 pedestrian 0 0 -10 850.97 141.60 942.94 330.98 -10 -10 -10 -100    0 -1000 -1000 -10
812 141 pedestrian 0 0 -10 897.14 140.74 942.06 256.32 -10 -10 -10 -100    0 -1000 -1000 -10
812 149 pedestrian 0 0 -10 624.86 166.02 655.30 194.68 -10 -10 -10 -100    0 -1000 -1000 -10
812 150 pedestrian 0 0 -10 531.89 175.21 576.24 225.61 -10 -10 -10 -100    0 -1000 -1000 -10
812 151 pedestrian 0 0 -10 648.65 167.87 694.90 211.86 -10 -10 -10 -100    0 -1000 -1000 -10
813 148 pedestrian 0 0 -10 463.87 164.46 508.82 231.32 -10 -10 -10 -100    0 -1000 -1000 -10
813 107 pedestrian 0 0 -10 679.88 158.36 750.93 230.17 -10 -10 -10 -100    0 -1000 -1000 -10
813 147 pedestrian 0 0 -10 129.65 163.98 240.93 374.00 -10 -10 -10 -100    0 -1000 -1000 -10
813 145 pedestrian 0 0 -10 874.70 144.18 977.60 348.83 -10 -10 -10 -100    0 -1000 -1000 -10
813 141 pedestrian 0 0 -10 920.71 143.39 964.96 268.17 -10 -10 -10 -100    0 -1000 -1000 -10
813 149 pedestrian 0 0 -10 626.60 167.68 657.88 197.01 -10 -10 -10 -100    0 -1000 -1000 -10
813 150 pedestrian 0 0 -10 529.49 177.07 574.57 228.99 -10 -10 -10 -100    0 -1000 -1000 -10
813 151 pedestrian 0 0 -10 649.28 169.24 697.59 214.53 -10 -10 -10 -100    0 -1000 -1000 -10
814 148 pedestrian 0 0 -10 461.89 167.61 507.41 233.95 -10 -10 -10 -100    0 -1000 -1000 -10
814 107 pedestrian 0 0 -10 681.50 161.44 755.48 234.83 -10 -10 -10 -100    0 -1000 -1000 -10
814 147 pedestrian 0 0 -10 88.18 163.95 202.87 374.00 -10 -10 -10 -100    0 -1000 -1000 -10
814 145 pedestrian 0 0 -10 905.04 146.60 1024.73 374.00 -10 -10 -10 -100    0 -1000 -1000 -10
814 141 pedestrian 0 0 -10 937.61 146.84 976.15 276.42 -10 -10 -10 -100    0 -1000 -1000 -10
814 149 pedestrian 0 0 -10 627.61 170.33 660.18 200.98 -10 -10 -10 -100    0 -1000 -1000 -10
814 150 pedestrian 0 0 -10 528.61 179.18 575.62 232.96 -10 -10 -10 -100    0 -1000 -1000 -10
814 151 pedestrian 0 0 -10 650.26 171.89 698.17 218.46 -10 -10 -10 -100    0 -1000 -1000 -10
815 148 pedestrian 0 0 -10 456.23 170.34 504.31 237.61 -10 -10 -10 -100    0 -1000 -1000 -10
815 107 pedestrian 0 0 -10 683.76 164.48 758.43 238.63 -10 -10 -10 -100    0 -1000 -1000 -10
815 147 pedestrian 0 0 -10 4.06 160.92 180.91 374.00 -10 -10 -10 -100    0 -1000 -1000 -10
815 145 pedestrian 0 0 -10 943.68 146.16 1081.97 374.00 -10 -10 -10 -100    0 -1000 -1000 -10
815 141 pedestrian 0 0 -10 952.33 147.32 997.10 283.55 -10 -10 -10 -100    0 -1000 -1000 -10
815 149 pedestrian 0 0 -10 629.25 172.89 663.16 202.61 -10 -10 -10 -100    0 -1000 -1000 -10
815 150 pedestrian 0 0 -10 526.27 181.74 574.53 236.68 -10 -10 -10 -100    0 -1000 -1000 -10
815 151 pedestrian 0 0 -10 651.22 175.09 699.92 222.39 -10 -10 -10 -100    0 -1000 -1000 -10
816 148 pedestrian 0 0 -10 452.92 169.62 502.92 239.83 -10 -10 -10 -100    0 -1000 -1000 -10
816 107 pedestrian 0 0 -10 685.10 164.58 763.19 239.86 -10 -10 -10 -100    0 -1000 -1000 -10
816 147 pedestrian 0 0 -10 0.00 162.44 165.76 374.00 -10 -10 -10 -100    0 -1000 -1000 -10
816 145 pedestrian 0 0 -10 989.74 144.32 1151.92 374.00 -10 -10 -10 -100    0 -1000 -1000 -10
816 141 pedestrian 0 0 -10 962.96 147.11 1011.65 288.61 -10 -10 -10 -100    0 -1000 -1000 -10
816 149 pedestrian 0 0 -10 629.30 173.67 663.57 203.45 -10 -10 -10 -100    0 -1000 -1000 -10
816 150 pedestrian 0 0 -10 523.62 182.97 574.30 240.32 -10 -10 -10 -100    0 -1000 -1000 -10
816 151 pedestrian 0 0 -10 651.75 175.74 703.51 224.97 -10 -10 -10 -100    0 -1000 -1000 -10
817 148 pedestrian 0 0 -10 445.65 169.20 502.61 242.21 -10 -10 -10 -100    0 -1000 -1000 -10
817 107 pedestrian 0 0 -10 686.30 163.33 766.90 241.16 -10 -10 -10 -100    0 -1000 -1000 -10
817 147 pedestrian 0 0 -10 0.00 168.55 124.47 374.00 -10 -10 -10 -100    0 -1000 -1000 -10
817 145 pedestrian 0 0 -10 1053.35 140.46 1237.81 374.00 -10 -10 -10 -100    0 -1000 -1000 -10
817 141 pedestrian 0 0 -10 976.12 143.78 1027.62 292.20 -10 -10 -10 -100    0 -1000 -1000 -10
817 149 pedestrian 0 0 -10 631.13 171.26 664.61 204.26 -10 -10 -10 -100    0 -1000 -1000 -10
817 150 pedestrian 0 0 -10 519.48 182.11 571.65 244.13 -10 -10 -10 -100    0 -1000 -1000 -10
817 151 pedestrian 0 0 -10 649.64 176.05 706.26 229.37 -10 -10 -10 -100    0 -1000 -1000 -10
818 148 pedestrian 0 0 -10 439.65 166.85 500.45 243.13 -10 -10 -10 -100    0 -1000 -1000 -10
818 107 pedestrian 0 0 -10 686.80 159.68 770.55 241.50 -10 -10 -10 -100    0 -1000 -1000 -10
818 145 pedestrian 0 0 -10 1143.01 137.91 1238.00 374.00 -10 -10 -10 -100    0 -1000 -1000 -10
818 141 pedestrian 0 0 -10 992.56 141.07 1044.73 296.17 -10 -10 -10 -100    0 -1000 -1000 -10
818 149 pedestrian 0 0 -10 631.06 168.18 662.33 203.66 -10 -10 -10 -100    0 -1000 -1000 -10
818 150 pedestrian 0 0 -10 516.37 179.83 571.46 244.28 -10 -10 -10 -100    0 -1000 -1000 -10
818 151 pedestrian 0 0 -10 649.31 173.50 709.10 231.45 -10 -10 -10 -100    0 -1000 -1000 -10
819 148 pedestrian 0 0 -10 433.20 162.79 498.16 243.64 -10 -10 -10 -100    0 -1000 -1000 -10
819 107 pedestrian 0 0 -10 687.95 158.18 774.09 241.96 -10 -10 -10 -100    0 -1000 -1000 -10
819 141 pedestrian 0 0 -10 1012.61 139.99 1067.42 302.84 -10 -10 -10 -100    0 -1000 -1000 -10
819 149 pedestrian 0 0 -10 630.79 165.02 660.72 201.36 -10 -10 -10 -100    0 -1000 -1000 -10
819 150 pedestrian 0 0 -10 512.51 178.18 571.56 243.92 -10 -10 -10 -100    0 -1000 -1000 -10
819 151 pedestrian 0 0 -10 648.97 170.79 711.50 231.62 -10 -10 -10 -100    0 -1000 -1000 -10
820 148 pedestrian 0 0 -10 428.19 162.84 495.42 245.70 -10 -10 -10 -100    0 -1000 -1000 -10
820 107 pedestrian 0 0 -10 690.00 158.72 781.29 245.51 -10 -10 -10 -100    0 -1000 -1000 -10
820 141 pedestrian 0 0 -10 1034.44 137.85 1091.26 308.91 -10 -10 -10 -100    0 -1000 -1000 -10
820 149 pedestrian 0 0 -10 631.95 164.54 660.80 200.68 -10 -10 -10 -100    0 -1000 -1000 -10
820 150 pedestrian 0 0 -10 508.35 178.38 569.83 246.48 -10 -10 -10 -100    0 -1000 -1000 -10
820 151 pedestrian 0 0 -10 649.02 171.61 713.38 232.91 -10 -10 -10 -100    0 -1000 -1000 -10
821 148 pedestrian 0 0 -10 422.98 163.58 492.26 247.95 -10 -10 -10 -100    0 -1000 -1000 -10
821 107 pedestrian 0 0 -10 692.14 159.32 787.13 248.43 -10 -10 -10 -100    0 -1000 -1000 -10
821 141 pedestrian 0 0 -10 1058.08 135.18 1118.49 313.57 -10 -10 -10 -100    0 -1000 -1000 -10
821 149 pedestrian 0 0 -10 631.86 165.35 659.81 200.39 -10 -10 -10 -100    0 -1000 -1000 -10
821 150 pedestrian 0 0 -10 504.61 177.87 567.98 248.90 -10 -10 -10 -100    0 -1000 -1000 -10
821 151 pedestrian 0 0 -10 649.54 171.74 715.59 234.45 -10 -10 -10 -100    0 -1000 -1000 -10
822 107 pedestrian 0 0 -10 693.55 158.48 790.80 250.75 -10 -10 -10 -100    0 -1000 -1000 -10
822 141 pedestrian 0 0 -10 1077.34 134.57 1150.86 317.74 -10 -10 -10 -100    0 -1000 -1000 -10
822 148 pedestrian 0 0 -10 415.62 163.71 487.75 250.09 -10 -10 -10 -100    0 -1000 -1000 -10
822 149 pedestrian 0 0 -10 631.99 165.39 659.88 201.04 -10 -10 -10 -100    0 -1000 -1000 -10
822 150 pedestrian 0 0 -10 499.89 178.31 564.34 249.99 -10 -10 -10 -100    0 -1000 -1000 -10
822 151 pedestrian 0 0 -10 649.26 172.21 717.94 237.84 -10 -10 -10 -100    0 -1000 -1000 -10
823 107 pedestrian 0 0 -10 694.98 156.83 797.12 253.16 -10 -10 -10 -100    0 -1000 -1000 -10
823 141 pedestrian 0 0 -10 1101.28 133.16 1190.98 345.93 -10 -10 -10 -100    0 -1000 -1000 -10
823 148 pedestrian 0 0 -10 407.04 163.32 481.68 252.44 -10 -10 -10 -100    0 -1000 -1000 -10
823 149 pedestrian 0 0 -10 632.33 165.42 659.59 200.04 -10 -10 -10 -100    0 -1000 -1000 -10
823 150 pedestrian 0 0 -10 495.89 178.29 563.18 251.28 -10 -10 -10 -100    0 -1000 -1000 -10
823 151 pedestrian 0 0 -10 649.37 171.65 720.17 239.72 -10 -10 -10 -100    0 -1000 -1000 -10
824 107 pedestrian 0 0 -10 697.09 157.82 804.46 256.62 -10 -10 -10 -100    0 -1000 -1000 -10
824 141 pedestrian 0 0 -10 1135.46 130.59 1227.86 352.76 -10 -10 -10 -100    0 -1000 -1000 -10
824 148 pedestrian 0 0 -10 398.72 165.67 480.15 255.47 -10 -10 -10 -100    0 -1000 -1000 -10
824 149 pedestrian 0 0 -10 631.62 166.00 659.15 201.61 -10 -10 -10 -100    0 -1000 -1000 -10
824 150 pedestrian 0 0 -10 491.22 179.72 561.40 254.15 -10 -10 -10 -100    0 -1000 -1000 -10
824 151 pedestrian 0 0 -10 649.36 173.57 723.58 242.96 -10 -10 -10 -100    0 -1000 -1000 -10
825 107 pedestrian 0 0 -10 699.39 157.99 813.35 261.01 -10 -10 -10 -100    0 -1000 -1000 -10
825 141 pedestrian 0 0 -10 1124.86 124.80 1238.00 358.61 -10 -10 -10 -100    0 -1000 -1000 -10
825 148 pedestrian 0 0 -10 391.25 164.93 479.01 258.88 -10 -10 -10 -100    0 -1000 -1000 -10
825 149 pedestrian 0 0 -10 632.48 165.39 658.38 201.49 -10 -10 -10 -100    0 -1000 -1000 -10
825 150 pedestrian 0 0 -10 487.42 179.88 559.40 256.55 -10 -10 -10 -100    0 -1000 -1000 -10
825 151 pedestrian 0 0 -10 648.50 172.72 726.30 246.36 -10 -10 -10 -100    0 -1000 -1000 -10
826 107 pedestrian 0 0 -10 701.59 156.36 819.90 264.21 -10 -10 -10 -100    0 -1000 -1000 -10
826 141 pedestrian 0 0 -10 1158.29 122.06 1237.83 374.00 -10 -10 -10 -100    0 -1000 -1000 -10
826 148 pedestrian 0 0 -10 382.13 164.50 476.25 261.63 -10 -10 -10 -100    0 -1000 -1000 -10
826 150 pedestrian 0 0 -10 481.41 179.35 556.96 257.14 -10 -10 -10 -100    0 -1000 -1000 -10
826 151 pedestrian 0 0 -10 648.49 172.44 709.56 239.19 -10 -10 -10 -100    0 -1000 -1000 -10
827 107 pedestrian 0 0 -10 704.69 155.16 828.89 268.70 -10 -10 -10 -100    0 -1000 -1000 -10
827 141 pedestrian 0 0 -10 1200.91 130.26 1237.70 374.00 -10 -10 -10 -100    0 -1000 -1000 -10
827 150 pedestrian 0 0 -10 479.00 178.54 552.54 256.69 -10 -10 -10 -100    0 -1000 -1000 -10
827 151 pedestrian 0 0 -10 648.81 169.70 697.82 228.48 -10 -10 -10 -100    0 -1000 -1000 -10
828 107 pedestrian 0 0 -10 706.89 153.85 838.48 272.85 -10 -10 -10 -100    0 -1000 -1000 -10
828 150 pedestrian 0 0 -10 474.14 178.38 552.53 257.64 -10 -10 -10 -100    0 -1000 -1000 -10
828 151 pedestrian 0 0 -10 648.40 170.15 698.52 229.33 -10 -10 -10 -100    0 -1000 -1000 -10
829 107 pedestrian 0 0 -10 710.42 152.64 845.60 277.26 -10 -10 -10 -100    0 -1000 -1000 -10
829 150 pedestrian 0 0 -10 468.23 177.41 547.34 259.66 -10 -10 -10 -100    0 -1000 -1000 -10
829 151 pedestrian 0 0 -10 649.07 169.76 698.88 229.25 -10 -10 -10 -100    0 -1000 -1000 -10
830 152 pedestrian 0 0 -10 398.10 164.21 421.93 255.62 -10 -10 -10 -100    0 -1000 -1000 -10
830 107 pedestrian 0 0 -10 712.89 150.87 857.79 281.67 -10 -10 -10 -100    0 -1000 -1000 -10
830 150 pedestrian 0 0 -10 462.09 177.50 544.87 262.04 -10 -10 -10 -100    0 -1000 -1000 -10
830 151 pedestrian 0 0 -10 650.78 170.96 697.20 227.66 -10 -10 -10 -100    0 -1000 -1000 -10
831 152 pedestrian 0 0 -10 389.78 164.62 415.50 259.46 -10 -10 -10 -100    0 -1000 -1000 -10
831 107 pedestrian 0 0 -10 716.24 149.22 873.09 288.09 -10 -10 -10 -100    0 -1000 -1000 -10
831 150 pedestrian 0 0 -10 457.87 183.91 497.67 257.41 -10 -10 -10 -100    0 -1000 -1000 -10
831 151 pedestrian 0 0 -10 651.44 170.37 697.14 228.24 -10 -10 -10 -100    0 -1000 -1000 -10
832 152 pedestrian 0 0 -10 377.73 164.61 405.83 262.87 -10 -10 -10 -100    0 -1000 -1000 -10
832 107 pedestrian 0 0 -10 719.08 148.09 882.08 293.68 -10 -10 -10 -100    0 -1000 -1000 -10
832 150 pedestrian 0 0 -10 452.75 184.74 491.75 258.29 -10 -10 -10 -100    0 -1000 -1000 -10
832 151 pedestrian 0 0 -10 650.85 170.22 697.24 229.16 -10 -10 -10 -100    0 -1000 -1000 -10
833 152 pedestrian 0 0 -10 368.31 163.24 397.71 266.29 -10 -10 -10 -100    0 -1000 -1000 -10
833 107 pedestrian 0 0 -10 723.26 145.15 897.85 300.52 -10 -10 -10 -100    0 -1000 -1000 -10
833 150 pedestrian 0 0 -10 445.03 186.30 485.83 262.03 -10 -10 -10 -100    0 -1000 -1000 -10
833 151 pedestrian 0 0 -10 649.70 169.02 698.92 229.74 -10 -10 -10 -100    0 -1000 -1000 -10
834 152 pedestrian 0 0 -10 357.22 163.38 388.64 269.46 -10 -10 -10 -100    0 -1000 -1000 -10
834 107 pedestrian 0 0 -10 728.29 142.13 918.72 307.87 -10 -10 -10 -100    0 -1000 -1000 -10
834 148 pedestrian 0 0 -10 345.01 161.44 381.01 265.73 -10 -10 -10 -100    0 -1000 -1000 -10
834 150 pedestrian 0 0 -10 437.11 186.70 479.85 265.02 -10 -10 -10 -100    0 -1000 -1000 -10
834 151 pedestrian 0 0 -10 650.30 168.53 701.17 230.31 -10 -10 -10 -100    0 -1000 -1000 -10
835 154 pedestrian 0 0 -10 463.48 185.90 507.44 270.34 -10 -10 -10 -100    0 -1000 -1000 -10
835 152 pedestrian 0 0 -10 344.68 163.09 378.38 274.63 -10 -10 -10 -100    0 -1000 -1000 -10
835 107 pedestrian 0 0 -10 733.17 139.80 939.97 316.64 -10 -10 -10 -100    0 -1000 -1000 -10
835 148 pedestrian 0 0 -10 331.03 161.06 369.49 268.14 -10 -10 -10 -100    0 -1000 -1000 -10
835 150 pedestrian 0 0 -10 427.78 187.89 473.65 269.41 -10 -10 -10 -100    0 -1000 -1000 -10
835 151 pedestrian 0 0 -10 650.56 169.17 702.81 232.00 -10 -10 -10 -100    0 -1000 -1000 -10
836 155 pedestrian 0 0 -10 444.44 188.38 483.75 270.69 -10 -10 -10 -100    0 -1000 -1000 -10
836 154 pedestrian 0 0 -10 455.90 187.65 502.58 276.40 -10 -10 -10 -100    0 -1000 -1000 -10
836 152 pedestrian 0 0 -10 332.74 161.64 367.94 280.43 -10 -10 -10 -100    0 -1000 -1000 -10
836 107 pedestrian 0 0 -10 739.06 138.51 963.17 326.69 -10 -10 -10 -100    0 -1000 -1000 -10
836 156 pedestrian 0 0 -10 311.40 133.50 509.70 199.22 -10 -10 -10 -100    0 -1000 -1000 -10
836 148 pedestrian 0 0 -10 319.15 160.33 358.21 271.14 -10 -10 -10 -100    0 -1000 -1000 -10
836 150 pedestrian 0 0 -10 418.93 189.49 467.39 276.36 -10 -10 -10 -100    0 -1000 -1000 -10
836 151 pedestrian 0 0 -10 650.36 169.90 704.19 233.79 -10 -10 -10 -100    0 -1000 -1000 -10
837 155 pedestrian 0 0 -10 436.72 189.09 477.54 274.53 -10 -10 -10 -100    0 -1000 -1000 -10
837 154 pedestrian 0 0 -10 449.38 190.92 497.31 281.07 -10 -10 -10 -100    0 -1000 -1000 -10
837 152 pedestrian 0 0 -10 320.85 160.95 357.73 284.69 -10 -10 -10 -100    0 -1000 -1000 -10
837 107 pedestrian 0 0 -10 745.97 134.97 991.63 339.26 -10 -10 -10 -100    0 -1000 -1000 -10
837 156 pedestrian 0 0 -10 317.32 133.16 516.65 198.93 -10 -10 -10 -100    0 -1000 -1000 -10
837 148 pedestrian 0 0 -10 307.13 160.97 345.61 274.99 -10 -10 -10 -100    0 -1000 -1000 -10
837 150 pedestrian 0 0 -10 411.26 191.74 460.52 281.05 -10 -10 -10 -100    0 -1000 -1000 -10
837 151 pedestrian 0 0 -10 651.85 169.50 708.43 235.39 -10 -10 -10 -100    0 -1000 -1000 -10
838 155 pedestrian 0 0 -10 430.27 190.75 471.19 277.63 -10 -10 -10 -100    0 -1000 -1000 -10
838 154 pedestrian 0 0 -10 442.70 190.15 493.59 285.72 -10 -10 -10 -100    0 -1000 -1000 -10
838 152 pedestrian 0 0 -10 306.80 159.35 345.71 289.26 -10 -10 -10 -100    0 -1000 -1000 -10
838 107 pedestrian 0 0 -10 754.76 130.75 1023.77 352.31 -10 -10 -10 -100    0 -1000 -1000 -10
838 156 pedestrian 0 0 -10 317.69 131.40 520.48 196.89 -10 -10 -10 -100    0 -1000 -1000 -10
838 148 pedestrian 0 0 -10 294.68 160.67 336.38 277.21 -10 -10 -10 -100    0 -1000 -1000 -10
838 150 pedestrian 0 0 -10 402.40 191.44 455.56 285.81 -10 -10 -10 -100    0 -1000 -1000 -10
838 151 pedestrian 0 0 -10 653.58 168.92 712.05 237.08 -10 -10 -10 -100    0 -1000 -1000 -10
839 155 pedestrian 0 0 -10 421.52 189.79 466.14 283.94 -10 -10 -10 -100    0 -1000 -1000 -10
839 154 pedestrian 0 0 -10 435.32 189.69 490.37 290.79 -10 -10 -10 -100    0 -1000 -1000 -10
839 152 pedestrian 0 0 -10 291.93 156.98 333.69 294.54 -10 -10 -10 -100    0 -1000 -1000 -10
839 107 pedestrian 0 0 -10 763.66 125.91 1064.11 368.95 -10 -10 -10 -100    0 -1000 -1000 -10
839 156 pedestrian 0 0 -10 319.39 130.45 523.65 196.65 -10 -10 -10 -100    0 -1000 -1000 -10
839 148 pedestrian 0 0 -10 279.10 158.13 326.40 284.84 -10 -10 -10 -100    0 -1000 -1000 -10
839 150 pedestrian 0 0 -10 392.24 191.56 448.53 290.55 -10 -10 -10 -100    0 -1000 -1000 -10
839 151 pedestrian 0 0 -10 654.16 166.95 715.98 238.08 -10 -10 -10 -100    0 -1000 -1000 -10
840 155 pedestrian 0 0 -10 412.44 189.90 460.54 285.70 -10 -10 -10 -100    0 -1000 -1000 -10
840 154 pedestrian 0 0 -10 426.43 189.68 485.48 296.72 -10 -10 -10 -100    0 -1000 -1000 -10
840 152 pedestrian 0 0 -10 275.06 155.38 319.69 299.70 -10 -10 -10 -100    0 -1000 -1000 -10
840 107 pedestrian 0 0 -10 774.45 124.43 1109.97 374.00 -10 -10 -10 -100    0 -1000 -1000 -10
840 156 pedestrian 0 0 -10 324.06 129.28 528.26 195.90 -10 -10 -10 -100    0 -1000 -1000 -10
840 148 pedestrian 0 0 -10 265.48 155.83 315.98 287.56 -10 -10 -10 -100    0 -1000 -1000 -10
840 150 pedestrian 0 0 -10 381.81 190.31 442.24 296.00 -10 -10 -10 -100    0 -1000 -1000 -10
840 151 pedestrian 0 0 -10 656.58 164.55 721.42 238.67 -10 -10 -10 -100    0 -1000 -1000 -10
841 157 pedestrian 0 0 -10 439.04 183.96 477.24 270.00 -10 -10 -10 -100    0 -1000 -1000 -10
841 155 pedestrian 0 0 -10 404.38 191.86 453.37 291.52 -10 -10 -10 -100    0 -1000 -1000 -10
841 154 pedestrian 0 0 -10 418.43 193.31 479.01 304.18 -10 -10 -10 -100    0 -1000 -1000 -10
841 107 pedestrian 0 0 -10 788.99 118.85 1166.99 374.00 -10 -10 -10 -100    0 -1000 -1000 -10
841 156 pedestrian 0 0 -10 332.09 128.43 534.40 196.21 -10 -10 -10 -100    0 -1000 -1000 -10
841 148 pedestrian 0 0 -10 257.18 154.59 303.97 307.06 -10 -10 -10 -100    0 -1000 -1000 -10
841 150 pedestrian 0 0 -10 369.63 192.32 433.36 303.65 -10 -10 -10 -100    0 -1000 -1000 -10
841 151 pedestrian 0 0 -10 658.22 165.19 724.97 241.51 -10 -10 -10 -100    0 -1000 -1000 -10
842 157 pedestrian 0 0 -10 431.66 185.09 472.27 273.27 -10 -10 -10 -100    0 -1000 -1000 -10
842 155 pedestrian 0 0 -10 393.07 192.18 446.83 301.60 -10 -10 -10 -100    0 -1000 -1000 -10
842 154 pedestrian 0 0 -10 407.83 192.13 472.64 313.70 -10 -10 -10 -100    0 -1000 -1000 -10
842 107 pedestrian 0 0 -10 801.30 114.32 1234.83 374.00 -10 -10 -10 -100    0 -1000 -1000 -10
842 156 pedestrian 0 0 -10 340.62 128.73 542.24 196.86 -10 -10 -10 -100    0 -1000 -1000 -10
842 148 pedestrian 0 0 -10 237.60 156.02 288.02 317.48 -10 -10 -10 -100    0 -1000 -1000 -10
842 150 pedestrian 0 0 -10 356.01 192.98 424.50 312.51 -10 -10 -10 -100    0 -1000 -1000 -10
842 151 pedestrian 0 0 -10 660.34 166.30 730.01 243.51 -10 -10 -10 -100    0 -1000 -1000 -10
843 157 pedestrian 0 0 -10 423.25 187.27 466.54 283.03 -10 -10 -10 -100    0 -1000 -1000 -10
843 155 pedestrian 0 0 -10 382.76 195.38 438.27 305.27 -10 -10 -10 -100    0 -1000 -1000 -10
843 154 pedestrian 0 0 -10 395.95 195.85 465.32 324.48 -10 -10 -10 -100    0 -1000 -1000 -10
843 107 pedestrian 0 0 -10 815.22 109.67 1236.95 374.00 -10 -10 -10 -100    0 -1000 -1000 -10
843 156 pedestrian 0 0 -10 349.24 128.96 550.11 198.04 -10 -10 -10 -100    0 -1000 -1000 -10
843 148 pedestrian 0 0 -10 216.93 156.13 270.89 328.42 -10 -10 -10 -100    0 -1000 -1000 -10
843 150 pedestrian 0 0 -10 341.60 196.53 414.20 324.22 -10 -10 -10 -100    0 -1000 -1000 -10
843 151 pedestrian 0 0 -10 660.03 165.52 732.45 246.36 -10 -10 -10 -100    0 -1000 -1000 -10
844 157 pedestrian 0 0 -10 416.45 188.98 461.47 287.06 -10 -10 -10 -100    0 -1000 -1000 -10
844 155 pedestrian 0 0 -10 372.91 197.80 431.73 318.87 -10 -10 -10 -100    0 -1000 -1000 -10
844 154 pedestrian 0 0 -10 382.22 197.64 459.04 336.21 -10 -10 -10 -100    0 -1000 -1000 -10
844 107 pedestrian 0 0 -10 830.48 102.22 1238.00 374.00 -10 -10 -10 -100    0 -1000 -1000 -10
844 156 pedestrian 0 0 -10 363.06 131.38 556.63 199.86 -10 -10 -10 -100    0 -1000 -1000 -10
844 148 pedestrian 0 0 -10 191.58 155.75 249.98 339.99 -10 -10 -10 -100    0 -1000 -1000 -10
844 150 pedestrian 0 0 -10 325.82 198.34 404.36 334.62 -10 -10 -10 -100    0 -1000 -1000 -10
844 151 pedestrian 0 0 -10 661.98 167.61 741.40 251.07 -10 -10 -10 -100    0 -1000 -1000 -10
845 157 pedestrian 0 0 -10 407.21 191.42 456.26 292.13 -10 -10 -10 -100    0 -1000 -1000 -10
845 155 pedestrian 0 0 -10 358.66 198.95 420.72 329.93 -10 -10 -10 -100    0 -1000 -1000 -10
845 154 pedestrian 0 0 -10 369.26 199.21 448.38 346.84 -10 -10 -10 -100    0 -1000 -1000 -10
845 107 pedestrian 0 0 -10 849.11 91.73 1238.00 374.00 -10 -10 -10 -100    0 -1000 -1000 -10
845 156 pedestrian 0 0 -10 362.49 130.16 562.64 200.23 -10 -10 -10 -100    0 -1000 -1000 -10
845 148 pedestrian 0 0 -10 165.52 154.63 229.23 350.78 -10 -10 -10 -100    0 -1000 -1000 -10
845 150 pedestrian 0 0 -10 307.52 201.28 394.30 346.66 -10 -10 -10 -100    0 -1000 -1000 -10
845 151 pedestrian 0 0 -10 664.00 168.04 744.83 254.39 -10 -10 -10 -100    0 -1000 -1000 -10
846 157 pedestrian 0 0 -10 399.46 191.94 450.38 298.82 -10 -10 -10 -100    0 -1000 -1000 -10
846 155 pedestrian 0 0 -10 343.59 201.78 414.09 338.53 -10 -10 -10 -100    0 -1000 -1000 -10
846 154 pedestrian 0 0 -10 353.01 202.82 441.42 360.36 -10 -10 -10 -100    0 -1000 -1000 -10
846 107 pedestrian 0 0 -10 869.76 85.60 1237.91 374.00 -10 -10 -10 -100    0 -1000 -1000 -10
846 156 pedestrian 0 0 -10 366.84 129.75 568.77 200.97 -10 -10 -10 -100    0 -1000 -1000 -10
846 148 pedestrian 0 0 -10 136.37 153.77 203.12 363.56 -10 -10 -10 -100    0 -1000 -1000 -10
846 150 pedestrian 0 0 -10 287.85 202.19 381.76 359.49 -10 -10 -10 -100    0 -1000 -1000 -10
846 151 pedestrian 0 0 -10 666.14 169.63 750.31 258.85 -10 -10 -10 -100    0 -1000 -1000 -10
847 157 pedestrian 0 0 -10 387.45 193.14 444.57 305.48 -10 -10 -10 -100    0 -1000 -1000 -10
847 155 pedestrian 0 0 -10 326.03 205.05 404.11 349.44 -10 -10 -10 -100    0 -1000 -1000 -10
847 154 pedestrian 0 0 -10 335.06 205.79 431.78 374.00 -10 -10 -10 -100    0 -1000 -1000 -10
847 107 pedestrian 0 0 -10 894.23 84.64 1237.80 374.00 -10 -10 -10 -100    0 -1000 -1000 -10
847 156 pedestrian 0 0 -10 370.73 129.47 575.17 201.71 -10 -10 -10 -100    0 -1000 -1000 -10
847 148 pedestrian 0 0 -10 103.95 153.54 174.48 374.00 -10 -10 -10 -100    0 -1000 -1000 -10
847 150 pedestrian 0 0 -10 265.10 207.64 365.95 374.00 -10 -10 -10 -100    0 -1000 -1000 -10
847 151 pedestrian 0 0 -10 669.46 171.18 757.60 263.08 -10 -10 -10 -100    0 -1000 -1000 -10
848 157 pedestrian 0 0 -10 379.35 192.08 435.94 313.55 -10 -10 -10 -100    0 -1000 -1000 -10
848 155 pedestrian 0 0 -10 309.17 208.52 390.62 359.55 -10 -10 -10 -100    0 -1000 -1000 -10
848 154 pedestrian 0 0 -10 314.40 207.81 420.65 374.00 -10 -10 -10 -100    0 -1000 -1000 -10
848 107 pedestrian 0 0 -10 919.93 81.84 1238.00 374.00 -10 -10 -10 -100    0 -1000 -1000 -10
848 156 pedestrian 0 0 -10 374.17 128.17 584.44 201.76 -10 -10 -10 -100    0 -1000 -1000 -10
848 148 pedestrian 0 0 -10 66.97 150.68 145.67 374.00 -10 -10 -10 -100    0 -1000 -1000 -10
848 150 pedestrian 0 0 -10 240.07 209.49 351.31 374.00 -10 -10 -10 -100    0 -1000 -1000 -10
848 151 pedestrian 0 0 -10 667.47 166.99 759.88 265.00 -10 -10 -10 -100    0 -1000 -1000 -10
849 155 pedestrian 0 0 -10 289.32 209.56 373.70 370.28 -10 -10 -10 -100    0 -1000 -1000 -10
849 154 pedestrian 0 0 -10 292.51 210.44 407.58 374.00 -10 -10 -10 -100    0 -1000 -1000 -10
849 107 pedestrian 0 0 -10 950.25 86.78 1238.00 374.00 -10 -10 -10 -100    0 -1000 -1000 -10
849 157 pedestrian 0 0 -10 368.89 194.63 429.43 321.49 -10 -10 -10 -100    0 -1000 -1000 -10
849 156 pedestrian 0 0 -10 379.14 127.71 590.01 200.71 -10 -10 -10 -100    0 -1000 -1000 -10
849 148 pedestrian 0 0 -10 21.94 150.89 121.76 374.00 -10 -10 -10 -100    0 -1000 -1000 -10
849 150 pedestrian 0 0 -10 210.39 211.92 335.57 374.00 -10 -10 -10 -100    0 -1000 -1000 -10
849 151 pedestrian 0 0 -10 668.25 167.70 767.21 267.42 -10 -10 -10 -100    0 -1000 -1000 -10
850 155 pedestrian 0 0 -10 265.35 212.69 364.96 374.00 -10 -10 -10 -100    0 -1000 -1000 -10
850 154 pedestrian 0 0 -10 262.34 216.74 391.30 374.00 -10 -10 -10 -100    0 -1000 -1000 -10
850 107 pedestrian 0 0 -10 987.60 88.71 1238.00 374.00 -10 -10 -10 -100    0 -1000 -1000 -10
850 158 pedestrian 0 0 -10 320.03 206.87 395.15 354.48 -10 -10 -10 -100    0 -1000 -1000 -10
850 157 pedestrian 0 0 -10 356.63 199.88 420.27 328.65 -10 -10 -10 -100    0 -1000 -1000 -10
850 156 pedestrian 0 0 -10 382.68 128.04 598.67 202.36 -10 -10 -10 -100    0 -1000 -1000 -10
850 148 pedestrian 0 0 -10 0.00 149.59 106.47 374.00 -10 -10 -10 -100    0 -1000 -1000 -10
850 150 pedestrian 0 0 -10 177.84 218.25 316.52 374.00 -10 -10 -10 -100    0 -1000 -1000 -10
850 151 pedestrian 0 0 -10 671.10 171.12 774.71 272.70 -10 -10 -10 -100    0 -1000 -1000 -10
851 155 pedestrian 0 0 -10 237.38 216.69 343.43 374.00 -10 -10 -10 -100    0 -1000 -1000 -10
851 154 pedestrian 0 0 -10 229.90 225.33 372.44 374.00 -10 -10 -10 -100    0 -1000 -1000 -10
851 107 pedestrian 0 0 -10 1028.08 90.16 1237.74 374.00 -10 -10 -10 -100    0 -1000 -1000 -10
851 158 pedestrian 0 0 -10 299.90 212.57 384.77 374.00 -10 -10 -10 -100    0 -1000 -1000 -10
851 157 pedestrian 0 0 -10 341.67 203.77 410.27 340.48 -10 -10 -10 -100    0 -1000 -1000 -10
851 156 pedestrian 0 0 -10 390.76 129.39 608.86 203.53 -10 -10 -10 -100    0 -1000 -1000 -10
851 148 pedestrian 0 0 -10 0.20 147.55 69.89 374.00 -10 -10 -10 -100    0 -1000 -1000 -10
851 150 pedestrian 0 0 -10 137.74 223.52 291.64 374.00 -10 -10 -10 -100    0 -1000 -1000 -10
851 151 pedestrian 0 0 -10 669.06 170.36 781.56 279.27 -10 -10 -10 -100    0 -1000 -1000 -10
852 155 pedestrian 0 0 -10 216.53 220.94 323.97 374.00 -10 -10 -10 -100    0 -1000 -1000 -10
852 154 pedestrian 0 0 -10 190.85 229.73 350.45 374.00 -10 -10 -10 -100    0 -1000 -1000 -10
852 107 pedestrian 0 0 -10 1093.59 92.31 1237.91 374.00 -10 -10 -10 -100    0 -1000 -1000 -10
852 158 pedestrian 0 0 -10 282.57 213.73 368.66 374.00 -10 -10 -10 -100    0 -1000 -1000 -10
852 157 pedestrian 0 0 -10 328.08 205.25 400.59 350.47 -10 -10 -10 -100    0 -1000 -1000 -10
852 156 pedestrian 0 0 -10 395.19 128.42 614.06 203.53 -10 -10 -10 -100    0 -1000 -1000 -10
852 150 pedestrian 0 0 -10 92.43 226.59 260.50 374.00 -10 -10 -10 -100    0 -1000 -1000 -10
852 151 pedestrian 0 0 -10 672.46 173.09 787.34 283.49 -10 -10 -10 -100    0 -1000 -1000 -10
853 155 pedestrian 0 0 -10 183.50 224.51 300.96 374.00 -10 -10 -10 -100    0 -1000 -1000 -10
853 154 pedestrian 0 0 -10 141.85 231.88 329.03 374.00 -10 -10 -10 -100    0 -1000 -1000 -10
853 107 pedestrian 0 0 -10 1167.63 90.84 1237.54 374.00 -10 -10 -10 -100    0 -1000 -1000 -10
853 158 pedestrian 0 0 -10 259.82 218.12 353.36 374.00 -10 -10 -10 -100    0 -1000 -1000 -10
853 157 pedestrian 0 0 -10 310.03 206.98 389.58 361.52 -10 -10 -10 -100    0 -1000 -1000 -10
853 156 pedestrian 0 0 -10 406.14 127.90 618.24 202.93 -10 -10 -10 -100    0 -1000 -1000 -10
853 150 pedestrian 0 0 -10 33.95 230.79 232.32 374.00 -10 -10 -10 -100    0 -1000 -1000 -10
853 151 pedestrian 0 0 -10 678.86 174.25 786.16 282.22 -10 -10 -10 -100    0 -1000 -1000 -10
854 155 pedestrian 0 0 -10 138.72 233.50 284.93 374.00 -10 -10 -10 -100    0 -1000 -1000 -10
854 154 pedestrian 0 0 -10 87.76 239.18 300.75 374.00 -10 -10 -10 -100    0 -1000 -1000 -10
854 158 pedestrian 0 0 -10 232.37 220.50 336.29 374.00 -10 -10 -10 -100    0 -1000 -1000 -10
854 157 pedestrian 0 0 -10 290.04 209.72 375.93 374.00 -10 -10 -10 -100    0 -1000 -1000 -10
854 156 pedestrian 0 0 -10 415.07 128.02 624.93 203.82 -10 -10 -10 -100    0 -1000 -1000 -10
854 150 pedestrian 0 0 -10 0.00 237.81 191.20 374.00 -10 -10 -10 -100    0 -1000 -1000 -10
854 151 pedestrian 0 0 -10 684.41 176.23 782.11 272.98 -10 -10 -10 -100    0 -1000 -1000 -10
855 155 pedestrian 0 0 -10 11.21 246.07 264.53 374.00 -10 -10 -10 -100    0 -1000 -1000 -10
855 154 pedestrian 0 0 -10 90.30 236.13 254.36 374.00 -10 -10 -10 -100    0 -1000 -1000 -10
855 158 pedestrian 0 0 -10 196.71 224.95 317.29 374.00 -10 -10 -10 -100    0 -1000 -1000 -10
855 157 pedestrian 0 0 -10 268.35 211.62 361.30 374.00 -10 -10 -10 -100    0 -1000 -1000 -10
855 156 pedestrian 0 0 -10 415.84 127.56 633.71 204.89 -10 -10 -10 -100    0 -1000 -1000 -10
855 150 pedestrian 0 0 -10 0.00 243.41 140.32 374.00 -10 -10 -10 -100    0 -1000 -1000 -10
855 151 pedestrian 0 0 -10 687.24 177.53 782.92 270.67 -10 -10 -10 -100    0 -1000 -1000 -10
856 159 pedestrian 0 0 -10 781.37 195.08 849.35 284.34 -10 -10 -10 -100    0 -1000 -1000 -10
856 155 pedestrian 0 0 -10 37.48 240.59 218.33 374.00 -10 -10 -10 -100    0 -1000 -1000 -10
856 158 pedestrian 0 0 -10 161.33 229.57 294.43 374.00 -10 -10 -10 -100    0 -1000 -1000 -10
856 157 pedestrian 0 0 -10 244.10 214.02 344.85 374.00 -10 -10 -10 -100    0 -1000 -1000 -10
856 156 pedestrian 0 0 -10 419.88 126.81 638.71 204.42 -10 -10 -10 -100    0 -1000 -1000 -10
856 150 pedestrian 0 0 -10 0.07 257.88 207.50 374.00 -10 -10 -10 -100    0 -1000 -1000 -10
856 151 pedestrian 0 0 -10 691.89 179.08 791.28 274.84 -10 -10 -10 -100    0 -1000 -1000 -10
857 159 pedestrian 0 0 -10 790.11 195.67 858.06 287.33 -10 -10 -10 -100    0 -1000 -1000 -10
857 155 pedestrian 0 0 -10 0.00 248.98 174.89 374.00 -10 -10 -10 -100    0 -1000 -1000 -10
857 158 pedestrian 0 0 -10 115.16 234.30 268.90 374.00 -10 -10 -10 -100    0 -1000 -1000 -10
857 157 pedestrian 0 0 -10 217.22 217.65 326.15 374.00 -10 -10 -10 -100    0 -1000 -1000 -10
857 156 pedestrian 0 0 -10 429.85 126.05 644.83 203.60 -10 -10 -10 -100    0 -1000 -1000 -10
857 160 pedestrian 0 0 -10 658.85 168.23 676.11 211.69 -10 -10 -10 -100    0 -1000 -1000 -10
857 150 pedestrian 0 0 -10 0.00 251.22 143.07 374.00 -10 -10 -10 -100    0 -1000 -1000 -10
857 151 pedestrian 0 0 -10 694.33 177.39 799.81 279.03 -10 -10 -10 -100    0 -1000 -1000 -10
858 159 pedestrian 0 0 -10 795.69 197.37 870.61 294.31 -10 -10 -10 -100    0 -1000 -1000 -10
858 157 pedestrian 0 0 -10 179.36 220.93 306.04 374.00 -10 -10 -10 -100    0 -1000 -1000 -10
858 156 pedestrian 0 0 -10 434.32 126.30 648.48 204.43 -10 -10 -10 -100    0 -1000 -1000 -10
858 160 pedestrian 0 0 -10 655.63 168.40 675.39 213.19 -10 -10 -10 -100    0 -1000 -1000 -10
858 150 pedestrian 0 0 -10 0.00 277.31 102.33 374.00 -10 -10 -10 -100    0 -1000 -1000 -10
858 151 pedestrian 0 0 -10 695.08 178.01 804.67 285.90 -10 -10 -10 -100    0 -1000 -1000 -10
859 159 pedestrian 0 0 -10 807.40 198.86 883.09 299.26 -10 -10 -10 -100    0 -1000 -1000 -10
859 157 pedestrian 0 0 -10 140.42 228.26 280.50 374.00 -10 -10 -10 -100    0 -1000 -1000 -10
859 156 pedestrian 0 0 -10 439.27 127.04 658.52 205.42 -10 -10 -10 -100    0 -1000 -1000 -10
859 160 pedestrian 0 0 -10 653.77 171.04 673.55 216.37 -10 -10 -10 -100    0 -1000 -1000 -10
859 151 pedestrian 0 0 -10 696.92 180.43 818.49 292.27 -10 -10 -10 -100    0 -1000 -1000 -10
860 161 pedestrian 0 0 -10 720.53 193.96 759.19 262.17 -10 -10 -10 -100    0 -1000 -1000 -10
860 159 pedestrian 0 0 -10 818.00 199.78 896.17 303.88 -10 -10 -10 -100    0 -1000 -1000 -10
860 157 pedestrian 0 0 -10 91.00 235.05 251.16 374.00 -10 -10 -10 -100    0 -1000 -1000 -10
860 156 pedestrian 0 0 -10 445.74 127.37 666.01 205.49 -10 -10 -10 -100    0 -1000 -1000 -10
860 160 pedestrian 0 0 -10 649.99 172.25 670.87 217.61 -10 -10 -10 -100    0 -1000 -1000 -10
860 151 pedestrian 0 0 -10 698.77 181.76 829.95 299.52 -10 -10 -10 -100    0 -1000 -1000 -10
861 161 pedestrian 0 0 -10 723.14 192.92 761.95 264.07 -10 -10 -10 -100    0 -1000 -1000 -10
861 159 pedestrian 0 0 -10 827.88 198.98 910.73 309.65 -10 -10 -10 -100    0 -1000 -1000 -10
861 163 pedestrian 0 0 -10 805.89 193.19 857.32 297.37 -10 -10 -10 -100    0 -1000 -1000 -10
861 156 pedestrian 0 0 -10 454.16 126.22 674.74 205.43 -10 -10 -10 -100    0 -1000 -1000 -10
861 160 pedestrian 0 0 -10 647.21 171.81 668.50 217.95 -10 -10 -10 -100    0 -1000 -1000 -10
861 151 pedestrian 0 0 -10 700.33 179.53 841.35 306.22 -10 -10 -10 -100    0 -1000 -1000 -10
862 161 pedestrian 0 0 -10 726.31 192.86 766.39 265.92 -10 -10 -10 -100    0 -1000 -1000 -10
862 159 pedestrian 0 0 -10 835.32 200.00 923.63 318.18 -10 -10 -10 -100    0 -1000 -1000 -10
862 163 pedestrian 0 0 -10 813.90 194.39 868.80 303.75 -10 -10 -10 -100    0 -1000 -1000 -10
862 156 pedestrian 0 0 -10 458.14 125.50 678.86 205.34 -10 -10 -10 -100    0 -1000 -1000 -10
862 160 pedestrian 0 0 -10 644.51 170.41 664.40 219.35 -10 -10 -10 -100    0 -1000 -1000 -10
862 151 pedestrian 0 0 -10 701.28 177.47 860.78 313.77 -10 -10 -10 -100    0 -1000 -1000 -10
863 164 pedestrian 0 0 -10 402.80 130.61 471.97 209.05 -10 -10 -10 -100    0 -1000 -1000 -10
863 161 pedestrian 0 0 -10 729.81 194.55 772.43 270.74 -10 -10 -10 -100    0 -1000 -1000 -10
863 159 pedestrian 0 0 -10 847.23 202.89 940.32 326.46 -10 -10 -10 -100    0 -1000 -1000 -10
863 163 pedestrian 0 0 -10 822.06 197.59 878.54 307.55 -10 -10 -10 -100    0 -1000 -1000 -10
863 156 pedestrian 0 0 -10 466.26 125.35 682.48 205.38 -10 -10 -10 -100    0 -1000 -1000 -10
863 160 pedestrian 0 0 -10 638.19 168.71 659.88 219.23 -10 -10 -10 -100    0 -1000 -1000 -10
863 151 pedestrian 0 0 -10 702.89 175.52 864.47 320.19 -10 -10 -10 -100    0 -1000 -1000 -10
864 164 pedestrian 0 0 -10 414.89 131.60 478.09 209.15 -10 -10 -10 -100    0 -1000 -1000 -10
864 161 pedestrian 0 0 -10 734.75 195.58 779.81 276.20 -10 -10 -10 -100    0 -1000 -1000 -10
864 159 pedestrian 0 0 -10 857.38 204.15 957.29 335.34 -10 -10 -10 -100    0 -1000 -1000 -10
864 165 pedestrian 0 0 -10 716.78 197.29 760.80 267.36 -10 -10 -10 -100    0 -1000 -1000 -10
864 163 pedestrian 0 0 -10 831.74 200.02 891.44 317.10 -10 -10 -10 -100    0 -1000 -1000 -10
864 156 pedestrian 0 0 -10 470.32 124.16 690.57 205.93 -10 -10 -10 -100    0 -1000 -1000 -10
864 160 pedestrian 0 0 -10 633.94 170.55 657.11 219.67 -10 -10 -10 -100    0 -1000 -1000 -10
864 151 pedestrian 0 0 -10 703.21 177.13 841.70 322.47 -10 -10 -10 -100    0 -1000 -1000 -10
865 164 pedestrian 0 0 -10 418.90 130.86 484.91 209.10 -10 -10 -10 -100    0 -1000 -1000 -10
865 161 pedestrian 0 0 -10 737.61 196.33 785.22 279.11 -10 -10 -10 -100    0 -1000 -1000 -10
865 159 pedestrian 0 0 -10 869.37 207.21 976.78 345.06 -10 -10 -10 -100    0 -1000 -1000 -10
865 165 pedestrian 0 0 -10 719.66 198.38 765.57 270.69 -10 -10 -10 -100    0 -1000 -1000 -10
865 163 pedestrian 0 0 -10 841.49 201.18 905.39 324.00 -10 -10 -10 -100    0 -1000 -1000 -10
865 156 pedestrian 0 0 -10 476.11 124.60 698.40 205.49 -10 -10 -10 -100    0 -1000 -1000 -10
865 160 pedestrian 0 0 -10 631.20 172.25 656.21 220.29 -10 -10 -10 -100    0 -1000 -1000 -10
865 151 pedestrian 0 0 -10 704.98 174.94 832.72 314.69 -10 -10 -10 -100    0 -1000 -1000 -10
866 164 pedestrian 0 0 -10 423.06 129.15 490.22 210.26 -10 -10 -10 -100    0 -1000 -1000 -10
866 161 pedestrian 0 0 -10 741.84 196.79 790.22 280.64 -10 -10 -10 -100    0 -1000 -1000 -10
866 159 pedestrian 0 0 -10 884.64 208.03 996.93 356.34 -10 -10 -10 -100    0 -1000 -1000 -10
866 165 pedestrian 0 0 -10 723.03 199.78 771.45 273.05 -10 -10 -10 -100    0 -1000 -1000 -10
866 163 pedestrian 0 0 -10 850.96 202.57 913.79 333.29 -10 -10 -10 -100    0 -1000 -1000 -10
866 156 pedestrian 0 0 -10 480.13 124.32 702.96 206.17 -10 -10 -10 -100    0 -1000 -1000 -10
866 160 pedestrian 0 0 -10 627.97 170.97 650.23 220.76 -10 -10 -10 -100    0 -1000 -1000 -10
867 166 pedestrian 0 0 -10 778.67 195.87 831.76 286.42 -10 -10 -10 -100    0 -1000 -1000 -10
867 164 pedestrian 0 0 -10 429.33 129.68 495.76 211.60 -10 -10 -10 -100    0 -1000 -1000 -10
867 161 pedestrian 0 0 -10 745.01 197.18 796.09 283.94 -10 -10 -10 -100    0 -1000 -1000 -10
867 159 pedestrian 0 0 -10 901.82 210.79 1019.74 364.54 -10 -10 -10 -100    0 -1000 -1000 -10
867 165 pedestrian 0 0 -10 724.88 201.47 773.68 275.75 -10 -10 -10 -100    0 -1000 -1000 -10
867 163 pedestrian 0 0 -10 862.44 202.66 930.70 337.93 -10 -10 -10 -100    0 -1000 -1000 -10
867 156 pedestrian 0 0 -10 484.17 123.78 708.88 206.04 -10 -10 -10 -100    0 -1000 -1000 -10
867 160 pedestrian 0 0 -10 621.79 169.95 643.30 222.66 -10 -10 -10 -100    0 -1000 -1000 -10
868 167 pedestrian 0 0 -10 281.90 124.64 439.84 217.29 -10 -10 -10 -100    0 -1000 -1000 -10
868 166 pedestrian 0 0 -10 782.42 196.40 837.65 288.33 -10 -10 -10 -100    0 -1000 -1000 -10
868 164 pedestrian 0 0 -10 432.79 127.30 502.22 211.67 -10 -10 -10 -100    0 -1000 -1000 -10
868 161 pedestrian 0 0 -10 749.87 198.34 802.77 287.69 -10 -10 -10 -100    0 -1000 -1000 -10
868 159 pedestrian 0 0 -10 920.54 210.82 1047.09 374.00 -10 -10 -10 -100    0 -1000 -1000 -10
868 165 pedestrian 0 0 -10 729.00 201.30 779.23 279.46 -10 -10 -10 -100    0 -1000 -1000 -10
868 163 pedestrian 0 0 -10 875.79 204.74 945.67 344.89 -10 -10 -10 -100    0 -1000 -1000 -10
868 156 pedestrian 0 0 -10 489.97 122.45 714.00 206.24 -10 -10 -10 -100    0 -1000 -1000 -10
868 160 pedestrian 0 0 -10 616.79 171.02 640.29 224.87 -10 -10 -10 -100    0 -1000 -1000 -10
869 167 pedestrian 0 0 -10 282.98 123.87 442.58 217.98 -10 -10 -10 -100    0 -1000 -1000 -10
869 166 pedestrian 0 0 -10 788.36 196.97 846.04 292.66 -10 -10 -10 -100    0 -1000 -1000 -10
869 164 pedestrian 0 0 -10 436.55 126.19 506.22 212.49 -10 -10 -10 -100    0 -1000 -1000 -10
869 161 pedestrian 0 0 -10 754.59 198.20 809.82 293.69 -10 -10 -10 -100    0 -1000 -1000 -10
869 159 pedestrian 0 0 -10 941.61 215.00 1077.46 374.00 -10 -10 -10 -100    0 -1000 -1000 -10
869 165 pedestrian 0 0 -10 731.60 202.61 784.23 282.18 -10 -10 -10 -100    0 -1000 -1000 -10
869 163 pedestrian 0 0 -10 887.26 205.34 964.26 356.48 -10 -10 -10 -100    0 -1000 -1000 -10
869 156 pedestrian 0 0 -10 495.09 121.97 720.52 205.54 -10 -10 -10 -100    0 -1000 -1000 -10
869 160 pedestrian 0 0 -10 609.76 170.28 635.80 225.41 -10 -10 -10 -100    0 -1000 -1000 -10
870 167 pedestrian 0 0 -10 292.12 123.17 446.93 217.17 -10 -10 -10 -100    0 -1000 -1000 -10
870 166 pedestrian 0 0 -10 794.01 199.92 854.54 299.01 -10 -10 -10 -100    0 -1000 -1000 -10
870 164 pedestrian 0 0 -10 440.38 124.51 510.76 211.04 -10 -10 -10 -100    0 -1000 -1000 -10
870 161 pedestrian 0 0 -10 758.43 201.11 815.54 299.69 -10 -10 -10 -100    0 -1000 -1000 -10
870 159 pedestrian 0 0 -10 961.22 218.94 1104.92 374.00 -10 -10 -10 -100    0 -1000 -1000 -10
870 165 pedestrian 0 0 -10 734.39 204.79 788.75 286.51 -10 -10 -10 -100    0 -1000 -1000 -10
870 163 pedestrian 0 0 -10 902.83 207.66 979.37 367.23 -10 -10 -10 -100    0 -1000 -1000 -10
870 156 pedestrian 0 0 -10 500.04 121.26 728.26 205.49 -10 -10 -10 -100    0 -1000 -1000 -10
870 160 pedestrian 0 0 -10 607.19 171.41 631.04 225.81 -10 -10 -10 -100    0 -1000 -1000 -10
871 167 pedestrian 0 0 -10 293.08 123.94 452.37 219.11 -10 -10 -10 -100    0 -1000 -1000 -10
871 166 pedestrian 0 0 -10 800.01 200.63 863.22 302.35 -10 -10 -10 -100    0 -1000 -1000 -10
871 164 pedestrian 0 0 -10 445.24 124.72 516.64 211.29 -10 -10 -10 -100    0 -1000 -1000 -10
871 161 pedestrian 0 0 -10 762.33 204.41 820.69 303.79 -10 -10 -10 -100    0 -1000 -1000 -10
871 159 pedestrian 0 0 -10 986.69 221.70 1137.71 374.00 -10 -10 -10 -100    0 -1000 -1000 -10
871 165 pedestrian 0 0 -10 738.10 207.24 795.17 292.11 -10 -10 -10 -100    0 -1000 -1000 -10
871 163 pedestrian 0 0 -10 920.07 212.19 999.22 374.00 -10 -10 -10 -100    0 -1000 -1000 -10
871 156 pedestrian 0 0 -10 503.08 120.50 734.53 205.44 -10 -10 -10 -100    0 -1000 -1000 -10
871 160 pedestrian 0 0 -10 602.59 170.60 623.80 226.96 -10 -10 -10 -100    0 -1000 -1000 -10
872 167 pedestrian 0 0 -10 299.85 122.90 456.39 219.26 -10 -10 -10 -100    0 -1000 -1000 -10
872 166 pedestrian 0 0 -10 806.64 201.77 870.88 307.77 -10 -10 -10 -100    0 -1000 -1000 -10
872 164 pedestrian 0 0 -10 448.74 124.14 522.81 210.48 -10 -10 -10 -100    0 -1000 -1000 -10
872 161 pedestrian 0 0 -10 767.78 203.18 828.01 309.28 -10 -10 -10 -100    0 -1000 -1000 -10
872 159 pedestrian 0 0 -10 1010.76 225.43 1175.68 374.00 -10 -10 -10 -100    0 -1000 -1000 -10
872 165 pedestrian 0 0 -10 742.50 207.64 803.74 297.33 -10 -10 -10 -100    0 -1000 -1000 -10
872 163 pedestrian 0 0 -10 938.19 211.76 1026.73 374.00 -10 -10 -10 -100    0 -1000 -1000 -10
872 156 pedestrian 0 0 -10 509.32 119.11 742.29 204.85 -10 -10 -10 -100    0 -1000 -1000 -10
872 160 pedestrian 0 0 -10 597.16 171.93 619.50 229.29 -10 -10 -10 -100    0 -1000 -1000 -10
873 167 pedestrian 0 0 -10 306.19 122.26 462.14 219.21 -10 -10 -10 -100    0 -1000 -1000 -10
873 166 pedestrian 0 0 -10 812.43 201.87 878.53 312.83 -10 -10 -10 -100    0 -1000 -1000 -10
873 164 pedestrian 0 0 -10 452.91 122.21 526.81 210.77 -10 -10 -10 -100    0 -1000 -1000 -10
873 161 pedestrian 0 0 -10 771.96 203.91 838.34 314.41 -10 -10 -10 -100    0 -1000 -1000 -10
873 159 pedestrian 0 0 -10 1043.20 227.25 1226.17 374.00 -10 -10 -10 -100    0 -1000 -1000 -10
873 165 pedestrian 0 0 -10 746.73 206.38 808.98 299.90 -10 -10 -10 -100    0 -1000 -1000 -10
873 163 pedestrian 0 0 -10 959.85 214.03 1056.09 374.00 -10 -10 -10 -100    0 -1000 -1000 -10
873 156 pedestrian 0 0 -10 514.68 117.40 747.53 203.65 -10 -10 -10 -100    0 -1000 -1000 -10
873 160 pedestrian 0 0 -10 591.63 170.28 616.94 228.25 -10 -10 -10 -100    0 -1000 -1000 -10
874 167 pedestrian 0 0 -10 307.06 120.23 465.31 218.45 -10 -10 -10 -100    0 -1000 -1000 -10
874 166 pedestrian 0 0 -10 820.94 201.40 892.82 315.65 -10 -10 -10 -100    0 -1000 -1000 -10
874 164 pedestrian 0 0 -10 456.79 120.22 532.29 209.89 -10 -10 -10 -100    0 -1000 -1000 -10
874 161 pedestrian 0 0 -10 782.01 204.95 847.78 318.38 -10 -10 -10 -100    0 -1000 -1000 -10
874 159 pedestrian 0 0 -10 1075.97 230.75 1237.95 374.00 -10 -10 -10 -100    0 -1000 -1000 -10
874 165 pedestrian 0 0 -10 751.54 208.63 816.59 303.34 -10 -10 -10 -100    0 -1000 -1000 -10
874 168 pedestrian 0 0 -10 806.45 197.85 855.75 302.83 -10 -10 -10 -100    0 -1000 -1000 -10
874 163 pedestrian 0 0 -10 986.35 214.10 1085.88 374.00 -10 -10 -10 -100    0 -1000 -1000 -10
874 156 pedestrian 0 0 -10 517.85 115.75 761.78 202.82 -10 -10 -10 -100    0 -1000 -1000 -10
874 160 pedestrian 0 0 -10 585.82 170.95 612.19 229.63 -10 -10 -10 -100    0 -1000 -1000 -10
875 167 pedestrian 0 0 -10 315.99 120.17 471.22 219.57 -10 -10 -10 -100    0 -1000 -1000 -10
875 166 pedestrian 0 0 -10 830.94 201.71 903.31 321.01 -10 -10 -10 -100    0 -1000 -1000 -10
875 164 pedestrian 0 0 -10 462.07 120.13 537.47 209.24 -10 -10 -10 -100    0 -1000 -1000 -10
875 161 pedestrian 0 0 -10 786.48 204.93 857.81 324.13 -10 -10 -10 -100    0 -1000 -1000 -10
875 159 pedestrian 0 0 -10 1114.71 232.71 1238.00 374.00 -10 -10 -10 -100    0 -1000 -1000 -10
875 165 pedestrian 0 0 -10 756.99 208.39 823.62 308.29 -10 -10 -10 -100    0 -1000 -1000 -10
875 168 pedestrian 0 0 -10 813.45 195.53 863.64 303.65 -10 -10 -10 -100    0 -1000 -1000 -10
875 163 pedestrian 0 0 -10 1009.58 217.57 1120.70 374.00 -10 -10 -10 -100    0 -1000 -1000 -10
875 156 pedestrian 0 0 -10 523.45 114.14 766.90 201.97 -10 -10 -10 -100    0 -1000 -1000 -10
875 160 pedestrian 0 0 -10 581.20 171.25 602.93 229.06 -10 -10 -10 -100    0 -1000 -1000 -10
876 167 pedestrian 0 0 -10 321.89 120.58 479.66 219.43 -10 -10 -10 -100    0 -1000 -1000 -10
876 166 pedestrian 0 0 -10 837.28 203.07 915.07 329.11 -10 -10 -10 -100    0 -1000 -1000 -10
876 164 pedestrian 0 0 -10 467.64 118.87 545.51 209.07 -10 -10 -10 -100    0 -1000 -1000 -10
876 161 pedestrian 0 0 -10 794.03 208.98 869.68 331.96 -10 -10 -10 -100    0 -1000 -1000 -10
876 159 pedestrian 0 0 -10 1163.51 237.62 1237.88 374.00 -10 -10 -10 -100    0 -1000 -1000 -10
876 165 pedestrian 0 0 -10 762.11 210.31 831.32 313.33 -10 -10 -10 -100    0 -1000 -1000 -10
876 168 pedestrian 0 0 -10 821.71 199.53 873.79 309.89 -10 -10 -10 -100    0 -1000 -1000 -10
876 163 pedestrian 0 0 -10 1036.49 219.05 1163.72 374.00 -10 -10 -10 -100    0 -1000 -1000 -10
876 156 pedestrian 0 0 -10 531.96 113.85 773.76 202.63 -10 -10 -10 -100    0 -1000 -1000 -10
876 160 pedestrian 0 0 -10 574.88 171.34 596.75 231.10 -10 -10 -10 -100    0 -1000 -1000 -10
877 167 pedestrian 0 0 -10 325.03 118.47 483.26 219.03 -10 -10 -10 -100    0 -1000 -1000 -10
877 166 pedestrian 0 0 -10 849.24 203.32 928.10 335.71 -10 -10 -10 -100    0 -1000 -1000 -10
877 164 pedestrian 0 0 -10 472.28 118.28 549.74 210.13 -10 -10 -10 -100    0 -1000 -1000 -10
877 161 pedestrian 0 0 -10 801.14 207.85 879.61 339.13 -10 -10 -10 -100    0 -1000 -1000 -10
877 165 pedestrian 0 0 -10 766.76 211.31 840.94 319.43 -10 -10 -10 -100    0 -1000 -1000 -10
877 168 pedestrian 0 0 -10 829.24 197.85 885.76 315.97 -10 -10 -10 -100    0 -1000 -1000 -10
877 163 pedestrian 0 0 -10 1070.30 224.99 1213.38 374.00 -10 -10 -10 -100    0 -1000 -1000 -10
877 156 pedestrian 0 0 -10 533.61 113.64 779.41 202.44 -10 -10 -10 -100    0 -1000 -1000 -10
877 160 pedestrian 0 0 -10 565.92 170.81 592.87 233.04 -10 -10 -10 -100    0 -1000 -1000 -10
878 167 pedestrian 0 0 -10 324.35 117.64 488.09 219.25 -10 -10 -10 -100    0 -1000 -1000 -10
878 166 pedestrian 0 0 -10 859.65 203.54 941.47 341.82 -10 -10 -10 -100    0 -1000 -1000 -10
878 164 pedestrian 0 0 -10 475.48 115.86 554.33 208.25 -10 -10 -10 -100    0 -1000 -1000 -10
878 161 pedestrian 0 0 -10 811.36 207.33 894.79 348.26 -10 -10 -10 -100    0 -1000 -1000 -10
878 165 pedestrian 0 0 -10 773.93 211.36 850.92 323.55 -10 -10 -10 -100    0 -1000 -1000 -10
878 168 pedestrian 0 0 -10 836.45 197.99 896.43 319.69 -10 -10 -10 -100    0 -1000 -1000 -10
878 163 pedestrian 0 0 -10 1103.50 226.27 1238.00 374.00 -10 -10 -10 -100    0 -1000 -1000 -10
878 156 pedestrian 0 0 -10 537.42 111.40 787.21 201.52 -10 -10 -10 -100    0 -1000 -1000 -10
878 160 pedestrian 0 0 -10 559.04 170.61 588.27 233.12 -10 -10 -10 -100    0 -1000 -1000 -10
879 167 pedestrian 0 0 -10 323.87 115.76 496.55 217.66 -10 -10 -10 -100    0 -1000 -1000 -10
879 166 pedestrian 0 0 -10 869.63 204.12 955.16 350.47 -10 -10 -10 -100    0 -1000 -1000 -10
879 164 pedestrian 0 0 -10 481.68 114.18 559.86 207.84 -10 -10 -10 -100    0 -1000 -1000 -10
879 161 pedestrian 0 0 -10 820.56 208.48 910.47 354.04 -10 -10 -10 -100    0 -1000 -1000 -10
879 165 pedestrian 0 0 -10 779.88 212.46 860.26 328.95 -10 -10 -10 -100    0 -1000 -1000 -10
879 168 pedestrian 0 0 -10 845.92 200.58 905.45 326.19 -10 -10 -10 -100    0 -1000 -1000 -10
879 163 pedestrian 0 0 -10 1144.84 229.28 1237.97 374.00 -10 -10 -10 -100    0 -1000 -1000 -10
879 156 pedestrian 0 0 -10 542.91 110.16 793.40 200.63 -10 -10 -10 -100    0 -1000 -1000 -10
879 160 pedestrian 0 0 -10 553.99 170.54 577.85 232.88 -10 -10 -10 -100    0 -1000 -1000 -10
880 167 pedestrian 0 0 -10 347.46 114.90 499.36 217.25 -10 -10 -10 -100    0 -1000 -1000 -10
880 166 pedestrian 0 0 -10 882.24 207.92 972.23 360.39 -10 -10 -10 -100    0 -1000 -1000 -10
880 164 pedestrian 0 0 -10 486.19 113.59 566.61 207.82 -10 -10 -10 -100    0 -1000 -1000 -10
880 161 pedestrian 0 0 -10 830.77 210.52 926.89 367.19 -10 -10 -10 -100    0 -1000 -1000 -10
880 165 pedestrian 0 0 -10 787.79 214.29 871.76 337.54 -10 -10 -10 -100    0 -1000 -1000 -10
880 168 pedestrian 0 0 -10 853.01 201.42 915.33 332.83 -10 -10 -10 -100    0 -1000 -1000 -10
880 156 pedestrian 0 0 -10 549.48 109.32 797.60 201.27 -10 -10 -10 -100    0 -1000 -1000 -10
880 160 pedestrian 0 0 -10 546.27 169.55 569.69 234.86 -10 -10 -10 -100    0 -1000 -1000 -10
881 167 pedestrian 0 0 -10 347.55 114.31 504.50 217.38 -10 -10 -10 -100    0 -1000 -1000 -10
881 166 pedestrian 0 0 -10 893.21 208.57 992.19 369.69 -10 -10 -10 -100    0 -1000 -1000 -10
881 164 pedestrian 0 0 -10 492.30 113.81 572.35 208.98 -10 -10 -10 -100    0 -1000 -1000 -10
881 161 pedestrian 0 0 -10 842.40 213.71 944.91 374.00 -10 -10 -10 -100    0 -1000 -1000 -10
881 165 pedestrian 0 0 -10 792.85 217.50 883.16 347.43 -10 -10 -10 -100    0 -1000 -1000 -10
881 168 pedestrian 0 0 -10 863.10 202.25 931.10 348.33 -10 -10 -10 -100    0 -1000 -1000 -10
881 156 pedestrian 0 0 -10 553.38 108.69 804.45 201.70 -10 -10 -10 -100    0 -1000 -1000 -10
881 160 pedestrian 0 0 -10 536.38 170.43 565.11 237.33 -10 -10 -10 -100    0 -1000 -1000 -10
882 167 pedestrian 0 0 -10 348.86 114.53 510.47 219.09 -10 -10 -10 -100    0 -1000 -1000 -10
882 166 pedestrian 0 0 -10 913.67 212.10 1016.12 374.00 -10 -10 -10 -100    0 -1000 -1000 -10
882 164 pedestrian 0 0 -10 496.86 114.29 578.53 209.26 -10 -10 -10 -100    0 -1000 -1000 -10
882 161 pedestrian 0 0 -10 855.21 220.86 965.28 374.00 -10 -10 -10 -100    0 -1000 -1000 -10
882 165 pedestrian 0 0 -10 801.43 217.37 898.64 357.76 -10 -10 -10 -100    0 -1000 -1000 -10
882 168 pedestrian 0 0 -10 876.95 204.67 947.74 353.99 -10 -10 -10 -100    0 -1000 -1000 -10
882 156 pedestrian 0 0 -10 560.93 108.74 809.62 202.80 -10 -10 -10 -100    0 -1000 -1000 -10
882 160 pedestrian 0 0 -10 528.27 171.73 562.41 239.81 -10 -10 -10 -100    0 -1000 -1000 -10
883 167 pedestrian 0 0 -10 351.06 114.72 513.96 219.51 -10 -10 -10 -100    0 -1000 -1000 -10
883 166 pedestrian 0 0 -10 930.13 213.46 1038.74 374.00 -10 -10 -10 -100    0 -1000 -1000 -10
883 164 pedestrian 0 0 -10 501.20 114.82 583.91 209.11 -10 -10 -10 -100    0 -1000 -1000 -10
883 161 pedestrian 0 0 -10 868.57 223.23 986.52 374.00 -10 -10 -10 -100    0 -1000 -1000 -10
883 165 pedestrian 0 0 -10 811.90 220.35 910.86 365.45 -10 -10 -10 -100    0 -1000 -1000 -10
883 168 pedestrian 0 0 -10 886.95 206.24 963.83 359.74 -10 -10 -10 -100    0 -1000 -1000 -10
883 156 pedestrian 0 0 -10 564.45 108.46 816.85 201.72 -10 -10 -10 -100    0 -1000 -1000 -10
883 160 pedestrian 0 0 -10 522.08 174.29 550.97 241.79 -10 -10 -10 -100    0 -1000 -1000 -10
884 166 pedestrian 0 0 -10 950.60 214.86 1066.43 374.00 -10 -10 -10 -100    0 -1000 -1000 -10
884 164 pedestrian 0 0 -10 506.67 112.53 590.40 208.15 -10 -10 -10 -100    0 -1000 -1000 -10
884 161 pedestrian 0 0 -10 882.46 224.03 1009.81 374.00 -10 -10 -10 -100    0 -1000 -1000 -10
884 165 pedestrian 0 0 -10 821.92 220.99 929.91 374.00 -10 -10 -10 -100    0 -1000 -1000 -10
884 168 pedestrian 0 0 -10 900.51 206.77 983.74 373.17 -10 -10 -10 -100    0 -1000 -1000 -10
884 167 pedestrian 0 0 -10 354.61 113.03 519.87 219.45 -10 -10 -10 -100    0 -1000 -1000 -10
884 156 pedestrian 0 0 -10 568.47 107.03 823.55 201.69 -10 -10 -10 -100    0 -1000 -1000 -10
884 160 pedestrian 0 0 -10 513.78 175.84 539.26 242.01 -10 -10 -10 -100    0 -1000 -1000 -10
885 166 pedestrian 0 0 -10 971.17 217.51 1096.23 374.00 -10 -10 -10 -100    0 -1000 -1000 -10
885 164 pedestrian 0 0 -10 512.65 110.93 597.13 208.74 -10 -10 -10 -100    0 -1000 -1000 -10
885 161 pedestrian 0 0 -10 897.91 225.90 1039.62 374.00 -10 -10 -10 -100    0 -1000 -1000 -10
885 165 pedestrian 0 0 -10 833.04 226.01 948.85 374.00 -10 -10 -10 -100    0 -1000 -1000 -10
885 168 pedestrian 0 0 -10 917.82 210.00 1004.46 374.00 -10 -10 -10 -100    0 -1000 -1000 -10
885 167 pedestrian 0 0 -10 359.03 113.20 525.74 220.27 -10 -10 -10 -100    0 -1000 -1000 -10
885 156 pedestrian 0 0 -10 577.03 106.05 830.48 201.84 -10 -10 -10 -100    0 -1000 -1000 -10
885 169 pedestrian 0 0 -10 268.67 122.05 364.27 228.45 -10 -10 -10 -100    0 -1000 -1000 -10
885 160 pedestrian 0 0 -10 505.28 173.25 534.77 246.15 -10 -10 -10 -100    0 -1000 -1000 -10
886 166 pedestrian 0 0 -10 996.26 222.32 1133.97 374.00 -10 -10 -10 -100    0 -1000 -1000 -10
886 164 pedestrian 0 0 -10 516.69 109.98 602.15 209.00 -10 -10 -10 -100    0 -1000 -1000 -10
886 161 pedestrian 0 0 -10 917.98 231.31 1070.29 374.00 -10 -10 -10 -100    0 -1000 -1000 -10
886 165 pedestrian 0 0 -10 844.88 229.34 972.10 374.00 -10 -10 -10 -100    0 -1000 -1000 -10
886 168 pedestrian 0 0 -10 931.76 211.00 1026.57 374.00 -10 -10 -10 -100    0 -1000 -1000 -10
886 167 pedestrian 0 0 -10 363.08 112.59 531.15 221.47 -10 -10 -10 -100    0 -1000 -1000 -10
886 156 pedestrian 0 0 -10 581.08 105.18 835.40 201.46 -10 -10 -10 -100    0 -1000 -1000 -10
886 169 pedestrian 0 0 -10 268.86 121.58 366.35 227.48 -10 -10 -10 -100    0 -1000 -1000 -10
886 160 pedestrian 0 0 -10 493.69 174.95 529.52 245.66 -10 -10 -10 -100    0 -1000 -1000 -10
887 166 pedestrian 0 0 -10 1025.62 225.55 1176.36 374.00 -10 -10 -10 -100    0 -1000 -1000 -10
887 164 pedestrian 0 0 -10 523.81 109.60 608.17 207.77 -10 -10 -10 -100    0 -1000 -1000 -10
887 161 pedestrian 0 0 -10 939.69 233.61 1105.11 374.00 -10 -10 -10 -100    0 -1000 -1000 -10
887 165 pedestrian 0 0 -10 855.97 232.86 990.57 374.00 -10 -10 -10 -100    0 -1000 -1000 -10
887 168 pedestrian 0 0 -10 951.95 213.67 1049.54 374.00 -10 -10 -10 -100    0 -1000 -1000 -10
887 167 pedestrian 0 0 -10 368.28 110.10 536.45 220.56 -10 -10 -10 -100    0 -1000 -1000 -10
887 156 pedestrian 0 0 -10 586.40 104.95 844.91 200.13 -10 -10 -10 -100    0 -1000 -1000 -10
887 169 pedestrian 0 0 -10 279.21 119.53 373.75 226.26 -10 -10 -10 -100    0 -1000 -1000 -10
887 160 pedestrian 0 0 -10 489.89 174.60 519.40 244.15 -10 -10 -10 -100    0 -1000 -1000 -10
888 166 pedestrian 0 0 -10 1063.41 231.28 1235.11 374.00 -10 -10 -10 -100    0 -1000 -1000 -10
888 164 pedestrian 0 0 -10 528.81 107.94 615.17 207.39 -10 -10 -10 -100    0 -1000 -1000 -10
888 161 pedestrian 0 0 -10 962.83 238.90 1146.53 374.00 -10 -10 -10 -100    0 -1000 -1000 -10
888 165 pedestrian 0 0 -10 874.88 237.03 1021.06 374.00 -10 -10 -10 -100    0 -1000 -1000 -10
888 168 pedestrian 0 0 -10 971.14 216.91 1083.32 374.00 -10 -10 -10 -100    0 -1000 -1000 -10
888 167 pedestrian 0 0 -10 373.77 107.64 544.00 219.85 -10 -10 -10 -100    0 -1000 -1000 -10
888 156 pedestrian 0 0 -10 590.88 103.36 852.38 198.81 -10 -10 -10 -100    0 -1000 -1000 -10
888 169 pedestrian 0 0 -10 288.30 117.23 379.11 226.55 -10 -10 -10 -100    0 -1000 -1000 -10
888 160 pedestrian 0 0 -10 478.51 173.31 505.31 247.18 -10 -10 -10 -100    0 -1000 -1000 -10
889 164 pedestrian 0 0 -10 534.67 106.68 623.32 207.35 -10 -10 -10 -100    0 -1000 -1000 -10
889 161 pedestrian 0 0 -10 992.80 243.74 1208.06 374.00 -10 -10 -10 -100    0 -1000 -1000 -10
889 165 pedestrian 0 0 -10 892.99 240.28 1049.30 374.00 -10 -10 -10 -100    0 -1000 -1000 -10
889 168 pedestrian 0 0 -10 996.48 218.97 1123.21 374.00 -10 -10 -10 -100    0 -1000 -1000 -10
889 167 pedestrian 0 0 -10 380.86 106.32 550.76 217.26 -10 -10 -10 -100    0 -1000 -1000 -10
889 156 pedestrian 0 0 -10 599.84 101.20 858.52 198.36 -10 -10 -10 -100    0 -1000 -1000 -10
889 169 pedestrian 0 0 -10 289.09 115.06 385.52 225.13 -10 -10 -10 -100    0 -1000 -1000 -10
889 160 pedestrian 0 0 -10 468.93 171.80 496.30 249.90 -10 -10 -10 -100    0 -1000 -1000 -10
889 166 pedestrian 0 0 -10 1107.09 236.67 1238.00 374.00 -10 -10 -10 -100    0 -1000 -1000 -10
890 161 pedestrian 0 0 -10 1027.85 252.16 1238.00 374.00 -10 -10 -10 -100    0 -1000 -1000 -10
890 164 pedestrian 0 0 -10 541.49 106.59 631.13 208.23 -10 -10 -10 -100    0 -1000 -1000 -10
890 165 pedestrian 0 0 -10 913.01 243.22 1084.38 374.00 -10 -10 -10 -100    0 -1000 -1000 -10
890 168 pedestrian 0 0 -10 1022.22 222.65 1160.16 374.00 -10 -10 -10 -100    0 -1000 -1000 -10
890 167 pedestrian 0 0 -10 384.83 104.68 559.06 217.26 -10 -10 -10 -100    0 -1000 -1000 -10
890 156 pedestrian 0 0 -10 606.91 99.89 866.34 198.55 -10 -10 -10 -100    0 -1000 -1000 -10
890 169 pedestrian 0 0 -10 294.70 113.96 390.47 224.20 -10 -10 -10 -100    0 -1000 -1000 -10
890 160 pedestrian 0 0 -10 457.51 172.89 490.50 250.24 -10 -10 -10 -100    0 -1000 -1000 -10
891 161 pedestrian 0 0 -10 1070.59 260.60 1238.00 374.00 -10 -10 -10 -100    0 -1000 -1000 -10
891 164 pedestrian 0 0 -10 547.78 106.06 636.70 209.03 -10 -10 -10 -100    0 -1000 -1000 -10
891 165 pedestrian 0 0 -10 938.16 248.09 1130.73 374.00 -10 -10 -10 -100    0 -1000 -1000 -10
891 168 pedestrian 0 0 -10 1055.11 228.45 1207.61 374.00 -10 -10 -10 -100    0 -1000 -1000 -10
891 167 pedestrian 0 0 -10 389.92 104.28 565.15 218.47 -10 -10 -10 -100    0 -1000 -1000 -10
891 156 pedestrian 0 0 -10 610.64 99.33 873.30 198.67 -10 -10 -10 -100    0 -1000 -1000 -10
891 169 pedestrian 0 0 -10 300.80 113.29 397.26 224.02 -10 -10 -10 -100    0 -1000 -1000 -10
891 160 pedestrian 0 0 -10 447.79 174.08 476.96 254.75 -10 -10 -10 -100    0 -1000 -1000 -10
892 161 pedestrian 0 0 -10 1090.04 233.41 1238.00 374.00 -10 -10 -10 -100    0 -1000 -1000 -10
892 164 pedestrian 0 0 -10 552.02 105.28 644.80 209.77 -10 -10 -10 -100    0 -1000 -1000 -10
892 165 pedestrian 0 0 -10 966.76 257.11 1180.14 374.00 -10 -10 -10 -100    0 -1000 -1000 -10
892 167 pedestrian 0 0 -10 396.51 104.19 572.45 220.32 -10 -10 -10 -100    0 -1000 -1000 -10
892 156 pedestrian 0 0 -10 617.24 97.99 881.19 198.87 -10 -10 -10 -100    0 -1000 -1000 -10
892 169 pedestrian 0 0 -10 307.88 113.90 404.73 225.10 -10 -10 -10 -100    0 -1000 -1000 -10
892 160 pedestrian 0 0 -10 437.39 176.33 463.26 257.32 -10 -10 -10 -100    0 -1000 -1000 -10
893 164 pedestrian 0 0 -10 558.48 104.08 651.95 210.01 -10 -10 -10 -100    0 -1000 -1000 -10
893 165 pedestrian 0 0 -10 997.37 264.23 1236.41 374.00 -10 -10 -10 -100    0 -1000 -1000 -10
893 167 pedestrian 0 0 -10 401.26 103.23 578.41 219.91 -10 -10 -10 -100    0 -1000 -1000 -10
893 162 pedestrian 0 0 -10 5.99 100.73 312.92 244.10 -10 -10 -10 -100    0 -1000 -1000 -10
893 156 pedestrian 0 0 -10 624.83 98.49 889.84 199.19 -10 -10 -10 -100    0 -1000 -1000 -10
893 169 pedestrian 0 0 -10 313.71 112.57 408.80 225.59 -10 -10 -10 -100    0 -1000 -1000 -10
893 160 pedestrian 0 0 -10 425.92 175.48 452.48 259.74 -10 -10 -10 -100    0 -1000 -1000 -10
894 159 pedestrian 0 0 -10 1182.17 235.90 1237.92 374.00 -10 -10 -10 -100    0 -1000 -1000 -10
894 164 pedestrian 0 0 -10 567.58 105.32 659.74 209.66 -10 -10 -10 -100    0 -1000 -1000 -10
894 165 pedestrian 0 0 -10 1042.95 273.35 1237.37 374.00 -10 -10 -10 -100    0 -1000 -1000 -10
894 167 pedestrian 0 0 -10 406.51 102.81 586.41 219.23 -10 -10 -10 -100    0 -1000 -1000 -10
894 162 pedestrian 0 0 -10 0.00 99.72 318.09 244.67 -10 -10 -10 -100    0 -1000 -1000 -10
894 156 pedestrian 0 0 -10 635.03 97.93 896.23 199.53 -10 -10 -10 -100    0 -1000 -1000 -10
894 169 pedestrian 0 0 -10 318.24 111.01 413.96 225.90 -10 -10 -10 -100    0 -1000 -1000 -10
894 160 pedestrian 0 0 -10 410.50 176.18 445.30 264.58 -10 -10 -10 -100    0 -1000 -1000 -10
895 164 pedestrian 0 0 -10 573.82 104.60 668.07 210.19 -10 -10 -10 -100    0 -1000 -1000 -10
895 165 pedestrian 0 0 -10 1090.21 279.63 1237.79 374.00 -10 -10 -10 -100    0 -1000 -1000 -10
895 167 pedestrian 0 0 -10 412.13 101.66 595.28 219.92 -10 -10 -10 -100    0 -1000 -1000 -10
895 162 pedestrian 0 0 -10 0.00 98.20 324.97 245.95 -10 -10 -10 -100    0 -1000 -1000 -10
895 156 pedestrian 0 0 -10 640.75 96.01 905.71 200.61 -10 -10 -10 -100    0 -1000 -1000 -10
895 169 pedestrian 0 0 -10 323.77 109.62 420.74 229.12 -10 -10 -10 -100    0 -1000 -1000 -10
895 160 pedestrian 0 0 -10 397.46 176.91 431.68 265.80 -10 -10 -10 -100    0 -1000 -1000 -10
896 164 pedestrian 0 0 -10 578.96 105.13 674.72 211.90 -10 -10 -10 -100    0 -1000 -1000 -10
896 167 pedestrian 0 0 -10 418.68 101.11 603.08 220.29 -10 -10 -10 -100    0 -1000 -1000 -10
896 170 pedestrian 0 0 -10 231.94 195.54 279.23 289.18 -10 -10 -10 -100    0 -1000 -1000 -10
896 162 pedestrian 0 0 -10 0.00 100.64 328.23 249.90 -10 -10 -10 -100    0 -1000 -1000 -10
896 156 pedestrian 0 0 -10 648.20 97.67 912.54 203.34 -10 -10 -10 -100    0 -1000 -1000 -10
896 169 pedestrian 0 0 -10 326.57 110.73 427.51 230.91 -10 -10 -10 -100    0 -1000 -1000 -10
896 160 pedestrian 0 0 -10 383.79 180.36 413.96 270.05 -10 -10 -10 -100    0 -1000 -1000 -10
897 164 pedestrian 0 0 -10 583.15 103.51 683.57 213.82 -10 -10 -10 -100    0 -1000 -1000 -10
897 167 pedestrian 0 0 -10 425.29 101.09 608.25 220.56 -10 -10 -10 -100    0 -1000 -1000 -10
897 170 pedestrian 0 0 -10 231.75 193.81 272.42 294.28 -10 -10 -10 -100    0 -1000 -1000 -10
897 162 pedestrian 0 0 -10 0.00 100.45 335.07 254.44 -10 -10 -10 -100    0 -1000 -1000 -10
897 156 pedestrian 0 0 -10 654.06 97.63 923.36 202.64 -10 -10 -10 -100    0 -1000 -1000 -10
897 169 pedestrian 0 0 -10 334.60 110.69 435.00 229.47 -10 -10 -10 -100    0 -1000 -1000 -10
897 160 pedestrian 0 0 -10 368.77 179.56 400.25 275.64 -10 -10 -10 -100    0 -1000 -1000 -10
898 164 pedestrian 0 0 -10 590.87 103.06 692.18 213.51 -10 -10 -10 -100    0 -1000 -1000 -10
898 167 pedestrian 0 0 -10 431.97 99.98 616.12 220.15 -10 -10 -10 -100    0 -1000 -1000 -10
898 170 pedestrian 0 0 -10 232.42 194.91 268.98 294.99 -10 -10 -10 -100    0 -1000 -1000 -10
898 162 pedestrian 0 0 -10 0.00 100.64 341.44 253.08 -10 -10 -10 -100    0 -1000 -1000 -10
898 156 pedestrian 0 0 -10 663.50 96.40 935.61 201.99 -10 -10 -10 -100    0 -1000 -1000 -10
898 169 pedestrian 0 0 -10 337.73 108.89 441.66 228.80 -10 -10 -10 -100    0 -1000 -1000 -10
898 160 pedestrian 0 0 -10 356.39 180.86 388.89 281.37 -10 -10 -10 -100    0 -1000 -1000 -10
899 164 pedestrian 0 0 -10 600.68 100.51 701.03 211.70 -10 -10 -10 -100    0 -1000 -1000 -10
899 167 pedestrian 0 0 -10 439.43 98.48 625.01 219.18 -10 -10 -10 -100    0 -1000 -1000 -10
899 170 pedestrian 0 0 -10 227.16 195.10 272.12 298.49 -10 -10 -10 -100    0 -1000 -1000 -10
899 162 pedestrian 0 0 -10 0.00 99.74 343.97 253.29 -10 -10 -10 -100    0 -1000 -1000 -10
899 156 pedestrian 0 0 -10 670.55 96.01 941.89 202.16 -10 -10 -10 -100    0 -1000 -1000 -10
899 169 pedestrian 0 0 -10 344.76 106.77 449.81 227.68 -10 -10 -10 -100    0 -1000 -1000 -10
899 160 pedestrian 0 0 -10 339.13 181.74 374.29 281.53 -10 -10 -10 -100    0 -1000 -1000 -10
900 164 pedestrian 0 0 -10 611.61 101.90 710.61 213.19 -10 -10 -10 -100    0 -1000 -1000 -10
900 167 pedestrian 0 0 -10 448.68 97.43 638.87 218.77 -10 -10 -10 -100    0 -1000 -1000 -10
900 170 pedestrian 0 0 -10 220.03 195.67 269.51 302.62 -10 -10 -10 -100    0 -1000 -1000 -10
900 162 pedestrian 0 0 -10 0.00 98.06 356.05 255.96 -10 -10 -10 -100    0 -1000 -1000 -10
900 156 pedestrian 0 0 -10 679.13 97.10 952.00 203.07 -10 -10 -10 -100    0 -1000 -1000 -10
900 169 pedestrian 0 0 -10 355.28 106.33 458.11 227.73 -10 -10 -10 -100    0 -1000 -1000 -10
901 164 pedestrian 0 0 -10 620.75 102.82 719.98 214.86 -10 -10 -10 -100    0 -1000 -1000 -10
901 167 pedestrian 0 0 -10 456.09 96.35 646.45 218.78 -10 -10 -10 -100    0 -1000 -1000 -10
901 170 pedestrian 0 0 -10 217.09 192.67 262.95 302.52 -10 -10 -10 -100    0 -1000 -1000 -10
901 162 pedestrian 0 0 -10 0.41 94.72 367.16 258.08 -10 -10 -10 -100    0 -1000 -1000 -10
901 156 pedestrian 0 0 -10 688.00 97.76 966.72 205.31 -10 -10 -10 -100    0 -1000 -1000 -10
901 169 pedestrian 0 0 -10 361.12 105.26 468.48 229.10 -10 -10 -10 -100    0 -1000 -1000 -10
902 164 pedestrian 0 0 -10 626.73 101.91 729.36 216.10 -10 -10 -10 -100    0 -1000 -1000 -10
902 167 pedestrian 0 0 -10 462.67 95.76 655.83 219.75 -10 -10 -10 -100    0 -1000 -1000 -10
902 170 pedestrian 0 0 -10 215.64 193.39 259.45 307.87 -10 -10 -10 -100    0 -1000 -1000 -10
902 162 pedestrian 0 0 -10 0.38 96.86 374.45 258.15 -10 -10 -10 -100    0 -1000 -1000 -10
902 156 pedestrian 0 0 -10 695.64 96.51 974.89 205.87 -10 -10 -10 -100    0 -1000 -1000 -10
902 169 pedestrian 0 0 -10 370.72 105.32 475.76 229.34 -10 -10 -10 -100    0 -1000 -1000 -10
903 164 pedestrian 0 0 -10 636.48 101.10 738.99 216.16 -10 -10 -10 -100    0 -1000 -1000 -10
903 167 pedestrian 0 0 -10 471.26 94.34 665.69 220.25 -10 -10 -10 -100    0 -1000 -1000 -10
903 170 pedestrian 0 0 -10 207.33 194.91 269.12 313.80 -10 -10 -10 -100    0 -1000 -1000 -10
903 162 pedestrian 0 0 -10 0.53 96.58 382.22 259.04 -10 -10 -10 -100    0 -1000 -1000 -10
903 156 pedestrian 0 0 -10 702.16 97.85 988.33 208.23 -10 -10 -10 -100    0 -1000 -1000 -10
903 169 pedestrian 0 0 -10 377.66 104.65 486.06 229.48 -10 -10 -10 -100    0 -1000 -1000 -10
904 164 pedestrian 0 0 -10 644.96 98.48 749.30 216.10 -10 -10 -10 -100    0 -1000 -1000 -10
904 167 pedestrian 0 0 -10 478.83 93.23 674.58 220.13 -10 -10 -10 -100    0 -1000 -1000 -10
904 170 pedestrian 0 0 -10 187.33 191.91 268.06 318.62 -10 -10 -10 -100    0 -1000 -1000 -10
904 162 pedestrian 0 0 -10 0.22 94.64 391.53 261.73 -10 -10 -10 -100    0 -1000 -1000 -10
904 156 pedestrian 0 0 -10 711.66 96.19 997.86 209.32 -10 -10 -10 -100    0 -1000 -1000 -10
904 169 pedestrian 0 0 -10 385.41 103.46 494.92 228.75 -10 -10 -10 -100    0 -1000 -1000 -10
905 164 pedestrian 0 0 -10 654.10 95.25 759.51 212.69 -10 -10 -10 -100    0 -1000 -1000 -10
905 167 pedestrian 0 0 -10 488.02 90.24 685.52 218.51 -10 -10 -10 -100    0 -1000 -1000 -10
905 170 pedestrian 0 0 -10 160.17 193.93 241.09 325.74 -10 -10 -10 -100    0 -1000 -1000 -10
905 162 pedestrian 0 0 -10 0.26 91.93 400.83 264.55 -10 -10 -10 -100    0 -1000 -1000 -10
905 156 pedestrian 0 0 -10 726.44 94.82 1008.55 207.37 -10 -10 -10 -100    0 -1000 -1000 -10
905 169 pedestrian 0 0 -10 393.17 99.47 505.54 228.82 -10 -10 -10 -100    0 -1000 -1000 -10
906 164 pedestrian 0 0 -10 661.97 92.08 772.65 211.23 -10 -10 -10 -100    0 -1000 -1000 -10
906 167 pedestrian 0 0 -10 495.88 87.93 696.12 217.39 -10 -10 -10 -100    0 -1000 -1000 -10
906 170 pedestrian 0 0 -10 146.20 192.45 243.43 333.31 -10 -10 -10 -100    0 -1000 -1000 -10
906 162 pedestrian 0 0 -10 2.50 90.72 408.84 258.73 -10 -10 -10 -100    0 -1000 -1000 -10
906 156 pedestrian 0 0 -10 735.57 94.32 1019.55 206.58 -10 -10 -10 -100    0 -1000 -1000 -10
906 169 pedestrian 0 0 -10 400.71 98.46 514.78 227.16 -10 -10 -10 -100    0 -1000 -1000 -10
907 164 pedestrian 0 0 -10 670.91 94.25 781.80 211.29 -10 -10 -10 -100    0 -1000 -1000 -10
907 167 pedestrian 0 0 -10 506.34 87.46 706.83 217.16 -10 -10 -10 -100    0 -1000 -1000 -10
907 162 pedestrian 0 0 -10 0.57 90.25 421.58 260.25 -10 -10 -10 -100    0 -1000 -1000 -10
907 156 pedestrian 0 0 -10 740.33 95.19 1025.20 207.44 -10 -10 -10 -100    0 -1000 -1000 -10
907 169 pedestrian 0 0 -10 412.20 98.23 524.86 226.65 -10 -10 -10 -100    0 -1000 -1000 -10
908 164 pedestrian 0 0 -10 682.32 94.00 791.50 211.60 -10 -10 -10 -100    0 -1000 -1000 -10
908 167 pedestrian 0 0 -10 515.59 87.96 719.07 219.66 -10 -10 -10 -100    0 -1000 -1000 -10
908 162 pedestrian 0 0 -10 0.00 88.41 430.70 262.35 -10 -10 -10 -100    0 -1000 -1000 -10
908 156 pedestrian 0 0 -10 748.27 97.05 1034.72 210.38 -10 -10 -10 -100    0 -1000 -1000 -10
908 169 pedestrian 0 0 -10 421.09 98.59 535.57 229.18 -10 -10 -10 -100    0 -1000 -1000 -10
909 171 pedestrian 0 0 -10 192.12 199.10 259.78 344.81 -10 -10 -10 -100    0 -1000 -1000 -10
909 164 pedestrian 0 0 -10 691.01 89.99 802.23 211.66 -10 -10 -10 -100    0 -1000 -1000 -10
909 167 pedestrian 0 0 -10 524.38 88.30 726.90 220.50 -10 -10 -10 -100    0 -1000 -1000 -10
909 162 pedestrian 0 0 -10 0.05 86.80 438.63 261.07 -10 -10 -10 -100    0 -1000 -1000 -10
909 156 pedestrian 0 0 -10 761.12 96.06 1051.37 211.33 -10 -10 -10 -100    0 -1000 -1000 -10
909 169 pedestrian 0 0 -10 429.88 97.24 544.24 228.46 -10 -10 -10 -100    0 -1000 -1000 -10
910 171 pedestrian 0 0 -10 188.79 196.86 262.51 349.26 -10 -10 -10 -100    0 -1000 -1000 -10
910 164 pedestrian 0 0 -10 701.31 92.55 814.60 211.74 -10 -10 -10 -100    0 -1000 -1000 -10
910 167 pedestrian 0 0 -10 533.85 87.01 737.68 219.52 -10 -10 -10 -100    0 -1000 -1000 -10
910 162 pedestrian 0 0 -10 0.24 83.99 450.51 263.61 -10 -10 -10 -100    0 -1000 -1000 -10
910 156 pedestrian 0 0 -10 770.45 96.25 1054.91 211.75 -10 -10 -10 -100    0 -1000 -1000 -10
910 169 pedestrian 0 0 -10 439.30 96.84 557.15 228.06 -10 -10 -10 -100    0 -1000 -1000 -10
911 171 pedestrian 0 0 -10 193.82 194.86 258.30 347.87 -10 -10 -10 -100    0 -1000 -1000 -10
911 164 pedestrian 0 0 -10 710.28 87.87 823.19 209.31 -10 -10 -10 -100    0 -1000 -1000 -10
911 167 pedestrian 0 0 -10 542.85 84.18 748.55 217.90 -10 -10 -10 -100    0 -1000 -1000 -10
911 162 pedestrian 0 0 -10 0.24 80.48 459.29 260.68 -10 -10 -10 -100    0 -1000 -1000 -10
911 156 pedestrian 0 0 -10 778.97 93.07 1065.36 210.46 -10 -10 -10 -100    0 -1000 -1000 -10
911 169 pedestrian 0 0 -10 447.69 92.91 566.72 226.89 -10 -10 -10 -100    0 -1000 -1000 -10
912 171 pedestrian 0 0 -10 201.59 192.76 259.63 353.99 -10 -10 -10 -100    0 -1000 -1000 -10
912 164 pedestrian 0 0 -10 716.91 86.04 834.01 208.39 -10 -10 -10 -100    0 -1000 -1000 -10
912 167 pedestrian 0 0 -10 550.94 83.44 756.89 217.07 -10 -10 -10 -100    0 -1000 -1000 -10
912 162 pedestrian 0 0 -10 0.00 80.22 470.29 262.77 -10 -10 -10 -100    0 -1000 -1000 -10
912 156 pedestrian 0 0 -10 787.76 91.24 1075.42 208.57 -10 -10 -10 -100    0 -1000 -1000 -10
912 169 pedestrian 0 0 -10 455.98 90.36 578.64 226.90 -10 -10 -10 -100    0 -1000 -1000 -10
913 171 pedestrian 0 0 -10 202.55 196.67 268.86 360.00 -10 -10 -10 -100    0 -1000 -1000 -10
913 164 pedestrian 0 0 -10 725.29 85.84 842.43 209.66 -10 -10 -10 -100    0 -1000 -1000 -10
913 167 pedestrian 0 0 -10 562.25 83.97 766.99 218.29 -10 -10 -10 -100    0 -1000 -1000 -10
913 162 pedestrian 0 0 -10 0.00 81.46 482.58 267.19 -10 -10 -10 -100    0 -1000 -1000 -10
913 156 pedestrian 0 0 -10 795.96 91.97 1084.45 208.58 -10 -10 -10 -100    0 -1000 -1000 -10
913 169 pedestrian 0 0 -10 467.44 93.58 589.36 228.36 -10 -10 -10 -100    0 -1000 -1000 -10
914 171 pedestrian 0 0 -10 199.18 196.55 278.00 366.87 -10 -10 -10 -100    0 -1000 -1000 -10
914 164 pedestrian 0 0 -10 734.49 88.80 850.60 211.13 -10 -10 -10 -100    0 -1000 -1000 -10
914 167 pedestrian 0 0 -10 572.74 86.30 776.72 221.26 -10 -10 -10 -100    0 -1000 -1000 -10
914 162 pedestrian 0 0 -10 0.26 83.73 493.41 270.30 -10 -10 -10 -100    0 -1000 -1000 -10
914 156 pedestrian 0 0 -10 801.57 92.02 1095.21 209.51 -10 -10 -10 -100    0 -1000 -1000 -10
914 169 pedestrian 0 0 -10 475.20 94.46 599.83 232.01 -10 -10 -10 -100    0 -1000 -1000 -10
915 171 pedestrian 0 0 -10 201.53 198.64 279.07 372.07 -10 -10 -10 -100    0 -1000 -1000 -10
915 164 pedestrian 0 0 -10 745.27 91.83 860.97 211.76 -10 -10 -10 -100    0 -1000 -1000 -10
915 167 pedestrian 0 0 -10 579.81 88.00 784.66 223.57 -10 -10 -10 -100    0 -1000 -1000 -10
915 162 pedestrian 0 0 -10 0.00 83.65 503.06 272.74 -10 -10 -10 -100    0 -1000 -1000 -10
915 156 pedestrian 0 0 -10 813.14 93.81 1100.09 211.60 -10 -10 -10 -100    0 -1000 -1000 -10
915 169 pedestrian 0 0 -10 487.64 95.45 608.44 232.28 -10 -10 -10 -100    0 -1000 -1000 -10
916 171 pedestrian 0 0 -10 208.90 198.61 278.57 374.00 -10 -10 -10 -100    0 -1000 -1000 -10
916 164 pedestrian 0 0 -10 752.16 91.06 871.64 213.73 -10 -10 -10 -100    0 -1000 -1000 -10
916 167 pedestrian 0 0 -10 589.02 88.38 795.31 224.37 -10 -10 -10 -100    0 -1000 -1000 -10
916 162 pedestrian 0 0 -10 0.00 84.43 514.29 273.95 -10 -10 -10 -100    0 -1000 -1000 -10
916 156 pedestrian 0 0 -10 820.16 95.08 1108.15 211.78 -10 -10 -10 -100    0 -1000 -1000 -10
916 169 pedestrian 0 0 -10 496.39 94.72 615.58 233.58 -10 -10 -10 -100    0 -1000 -1000 -10
917 171 pedestrian 0 0 -10 227.91 200.84 282.79 374.00 -10 -10 -10 -100    0 -1000 -1000 -10
917 164 pedestrian 0 0 -10 762.40 92.43 884.48 214.77 -10 -10 -10 -100    0 -1000 -1000 -10
917 167 pedestrian 0 0 -10 605.18 89.96 805.33 225.81 -10 -10 -10 -100    0 -1000 -1000 -10
917 162 pedestrian 0 0 -10 0.00 85.98 527.01 275.14 -10 -10 -10 -100    0 -1000 -1000 -10
917 156 pedestrian 0 0 -10 832.09 95.29 1118.07 212.17 -10 -10 -10 -100    0 -1000 -1000 -10
917 169 pedestrian 0 0 -10 506.97 98.38 628.87 234.27 -10 -10 -10 -100    0 -1000 -1000 -10
918 171 pedestrian 0 0 -10 233.91 201.79 294.56 374.00 -10 -10 -10 -100    0 -1000 -1000 -10
918 164 pedestrian 0 0 -10 771.37 93.61 891.38 213.55 -10 -10 -10 -100    0 -1000 -1000 -10
918 167 pedestrian 0 0 -10 613.16 90.24 818.62 225.32 -10 -10 -10 -100    0 -1000 -1000 -10
918 162 pedestrian 0 0 -10 5.41 85.01 539.69 275.28 -10 -10 -10 -100    0 -1000 -1000 -10
918 156 pedestrian 0 0 -10 842.01 95.52 1126.04 211.58 -10 -10 -10 -100    0 -1000 -1000 -10
918 169 pedestrian 0 0 -10 516.36 97.48 642.25 234.01 -10 -10 -10 -100    0 -1000 -1000 -10
919 171 pedestrian 0 0 -10 235.86 201.36 310.90 374.00 -10 -10 -10 -100    0 -1000 -1000 -10
919 164 pedestrian 0 0 -10 778.25 93.18 898.28 212.83 -10 -10 -10 -100    0 -1000 -1000 -10
919 167 pedestrian 0 0 -10 619.73 87.10 826.60 223.80 -10 -10 -10 -100    0 -1000 -1000 -10
919 162 pedestrian 0 0 -10 19.81 83.56 551.24 272.97 -10 -10 -10 -100    0 -1000 -1000 -10
919 156 pedestrian 0 0 -10 846.77 95.50 1134.11 211.66 -10 -10 -10 -100    0 -1000 -1000 -10
919 169 pedestrian 0 0 -10 526.50 97.18 653.73 232.63 -10 -10 -10 -100    0 -1000 -1000 -10
920 171 pedestrian 0 0 -10 243.58 202.22 315.29 374.00 -10 -10 -10 -100    0 -1000 -1000 -10
920 164 pedestrian 0 0 -10 785.28 92.31 908.90 213.77 -10 -10 -10 -100    0 -1000 -1000 -10
920 167 pedestrian 0 0 -10 629.81 87.09 835.22 223.15 -10 -10 -10 -100    0 -1000 -1000 -10
920 162 pedestrian 0 0 -10 32.15 82.77 560.99 272.88 -10 -10 -10 -100    0 -1000 -1000 -10
920 156 pedestrian 0 0 -10 854.80 94.26 1139.69 212.00 -10 -10 -10 -100    0 -1000 -1000 -10
920 169 pedestrian 0 0 -10 536.80 96.18 663.85 232.76 -10 -10 -10 -100    0 -1000 -1000 -10
921 171 pedestrian 0 0 -10 256.92 202.74 318.50 374.00 -10 -10 -10 -100    0 -1000 -1000 -10
921 164 pedestrian 0 0 -10 796.06 93.28 917.21 213.43 -10 -10 -10 -100    0 -1000 -1000 -10
921 167 pedestrian 0 0 -10 637.76 85.55 845.67 222.76 -10 -10 -10 -100    0 -1000 -1000 -10
921 162 pedestrian 0 0 -10 46.52 82.74 572.79 272.61 -10 -10 -10 -100    0 -1000 -1000 -10
921 156 pedestrian 0 0 -10 865.08 94.12 1150.65 211.29 -10 -10 -10 -100    0 -1000 -1000 -10
921 169 pedestrian 0 0 -10 547.66 95.45 672.72 231.50 -10 -10 -10 -100    0 -1000 -1000 -10
921 173 pedestrian 0 0 -10 935.67 155.27 976.57 304.40 -10 -10 -10 -100    0 -1000 -1000 -10
922 164 pedestrian 0 0 -10 806.32 93.77 926.54 212.62 -10 -10 -10 -100    0 -1000 -1000 -10
922 171 pedestrian 0 0 -10 268.95 200.77 328.62 374.00 -10 -10 -10 -100    0 -1000 -1000 -10
922 167 pedestrian 0 0 -10 647.85 85.62 856.18 222.69 -10 -10 -10 -100    0 -1000 -1000 -10
922 162 pedestrian 0 0 -10 59.40 81.35 585.35 271.98 -10 -10 -10 -100    0 -1000 -1000 -10
922 156 pedestrian 0 0 -10 871.71 94.11 1158.25 212.93 -10 -10 -10 -100    0 -1000 -1000 -10
922 169 pedestrian 0 0 -10 557.42 97.04 684.18 231.31 -10 -10 -10 -100    0 -1000 -1000 -10
922 173 pedestrian 0 0 -10 940.23 158.28 982.19 307.72 -10 -10 -10 -100    0 -1000 -1000 -10
923 164 pedestrian 0 0 -10 815.84 94.34 938.42 214.10 -10 -10 -10 -100    0 -1000 -1000 -10
923 171 pedestrian 0 0 -10 266.99 200.06 348.37 374.00 -10 -10 -10 -100    0 -1000 -1000 -10
923 167 pedestrian 0 0 -10 655.76 85.57 868.56 222.87 -10 -10 -10 -100    0 -1000 -1000 -10
923 162 pedestrian 0 0 -10 74.80 81.35 595.79 270.55 -10 -10 -10 -100    0 -1000 -1000 -10
923 156 pedestrian 0 0 -10 884.01 95.59 1166.44 211.63 -10 -10 -10 -100    0 -1000 -1000 -10
923 169 pedestrian 0 0 -10 570.14 97.15 696.41 232.47 -10 -10 -10 -100    0 -1000 -1000 -10
923 173 pedestrian 0 0 -10 936.90 156.47 983.79 309.27 -10 -10 -10 -100    0 -1000 -1000 -10
924 164 pedestrian 0 0 -10 823.59 94.45 946.27 215.33 -10 -10 -10 -100    0 -1000 -1000 -10
924 171 pedestrian 0 0 -10 266.91 200.25 361.83 374.00 -10 -10 -10 -100    0 -1000 -1000 -10
924 167 pedestrian 0 0 -10 667.53 87.79 875.53 223.63 -10 -10 -10 -100    0 -1000 -1000 -10
924 162 pedestrian 0 0 -10 92.95 81.27 613.12 268.98 -10 -10 -10 -100    0 -1000 -1000 -10
924 156 pedestrian 0 0 -10 888.99 96.75 1179.49 219.12 -10 -10 -10 -100    0 -1000 -1000 -10
924 169 pedestrian 0 0 -10 578.95 96.90 705.97 232.26 -10 -10 -10 -100    0 -1000 -1000 -10
924 173 pedestrian 0 0 -10 931.69 156.05 984.64 312.55 -10 -10 -10 -100    0 -1000 -1000 -10
925 164 pedestrian 0 0 -10 831.60 96.21 954.15 215.15 -10 -10 -10 -100    0 -1000 -1000 -10
925 171 pedestrian 0 0 -10 279.06 199.48 365.97 374.00 -10 -10 -10 -100    0 -1000 -1000 -10
925 167 pedestrian 0 0 -10 677.53 89.33 885.29 224.30 -10 -10 -10 -100    0 -1000 -1000 -10
925 162 pedestrian 0 0 -10 105.83 81.32 618.26 268.11 -10 -10 -10 -100    0 -1000 -1000 -10
925 169 pedestrian 0 0 -10 587.51 97.48 717.02 232.54 -10 -10 -10 -100    0 -1000 -1000 -10
925 173 pedestrian 0 0 -10 923.31 157.29 985.60 315.61 -10 -10 -10 -100    0 -1000 -1000 -10
926 164 pedestrian 0 0 -10 838.10 95.40 964.00 215.52 -10 -10 -10 -100    0 -1000 -1000 -10
926 171 pedestrian 0 0 -10 298.87 200.70 370.70 374.00 -10 -10 -10 -100    0 -1000 -1000 -10
926 167 pedestrian 0 0 -10 686.54 88.83 894.80 224.46 -10 -10 -10 -100    0 -1000 -1000 -10
926 162 pedestrian 0 0 -10 117.81 80.49 627.93 267.69 -10 -10 -10 -100    0 -1000 -1000 -10
926 169 pedestrian 0 0 -10 599.26 98.15 729.04 232.19 -10 -10 -10 -100    0 -1000 -1000 -10
926 173 pedestrian 0 0 -10 911.20 156.89 984.97 318.77 -10 -10 -10 -100    0 -1000 -1000 -10
927 171 pedestrian 0 0 -10 312.73 200.19 383.85 374.00 -10 -10 -10 -100    0 -1000 -1000 -10
927 167 pedestrian 0 0 -10 696.72 88.04 906.11 223.77 -10 -10 -10 -100    0 -1000 -1000 -10
927 162 pedestrian 0 0 -10 129.00 79.77 641.17 267.84 -10 -10 -10 -100    0 -1000 -1000 -10
927 169 pedestrian 0 0 -10 607.94 96.06 738.69 231.63 -10 -10 -10 -100    0 -1000 -1000 -10
927 173 pedestrian 0 0 -10 898.17 157.44 985.23 321.60 -10 -10 -10 -100    0 -1000 -1000 -10
927 164 pedestrian 0 0 -10 847.34 93.73 975.07 217.46 -10 -10 -10 -100    0 -1000 -1000 -10
928 171 pedestrian 0 0 -10 314.10 200.20 411.86 374.00 -10 -10 -10 -100    0 -1000 -1000 -10
928 167 pedestrian 0 0 -10 705.01 89.00 915.81 222.93 -10 -10 -10 -100    0 -1000 -1000 -10
928 162 pedestrian 0 0 -10 149.72 79.46 650.63 266.05 -10 -10 -10 -100    0 -1000 -1000 -10
928 169 pedestrian 0 0 -10 617.23 95.82 748.48 231.59 -10 -10 -10 -100    0 -1000 -1000 -10
928 173 pedestrian 0 0 -10 893.98 158.67 982.71 323.78 -10 -10 -10 -100    0 -1000 -1000 -10
928 164 pedestrian 0 0 -10 857.95 94.51 981.85 216.77 -10 -10 -10 -100    0 -1000 -1000 -10
929 171 pedestrian 0 0 -10 324.91 201.38 418.83 374.00 -10 -10 -10 -100    0 -1000 -1000 -10
929 167 pedestrian 0 0 -10 714.49 89.74 922.81 223.36 -10 -10 -10 -100    0 -1000 -1000 -10
929 162 pedestrian 0 0 -10 165.00 79.78 662.41 266.58 -10 -10 -10 -100    0 -1000 -1000 -10
929 169 pedestrian 0 0 -10 629.56 98.32 759.99 232.19 -10 -10 -10 -100    0 -1000 -1000 -10
929 173 pedestrian 0 0 -10 893.72 159.86 967.78 325.04 -10 -10 -10 -100    0 -1000 -1000 -10
929 164 pedestrian 0 0 -10 864.73 96.31 988.08 216.33 -10 -10 -10 -100    0 -1000 -1000 -10
930 167 pedestrian 0 0 -10 726.96 90.43 932.43 224.61 -10 -10 -10 -100    0 -1000 -1000 -10
930 162 pedestrian 0 0 -10 180.90 80.55 676.00 266.80 -10 -10 -10 -100    0 -1000 -1000 -10
930 169 pedestrian 0 0 -10 639.67 98.31 769.23 233.38 -10 -10 -10 -100    0 -1000 -1000 -10
930 171 pedestrian 0 0 -10 341.53 201.41 422.45 374.00 -10 -10 -10 -100    0 -1000 -1000 -10
930 173 pedestrian 0 0 -10 890.60 161.19 947.73 330.48 -10 -10 -10 -100    0 -1000 -1000 -10
930 164 pedestrian 0 0 -10 871.35 97.31 999.60 219.49 -10 -10 -10 -100    0 -1000 -1000 -10
931 167 pedestrian 0 0 -10 735.31 92.07 940.07 224.85 -10 -10 -10 -100    0 -1000 -1000 -10
931 162 pedestrian 0 0 -10 196.32 80.23 686.76 266.76 -10 -10 -10 -100    0 -1000 -1000 -10
931 169 pedestrian 0 0 -10 651.01 98.57 781.02 233.36 -10 -10 -10 -100    0 -1000 -1000 -10
931 171 pedestrian 0 0 -10 362.20 200.45 429.39 374.00 -10 -10 -10 -100    0 -1000 -1000 -10
931 173 pedestrian 0 0 -10 870.59 162.98 938.22 333.41 -10 -10 -10 -100    0 -1000 -1000 -10
931 164 pedestrian 0 0 -10 881.25 97.63 1007.23 219.17 -10 -10 -10 -100    0 -1000 -1000 -10
932 162 pedestrian 0 0 -10 209.74 79.72 696.45 264.80 -10 -10 -10 -100    0 -1000 -1000 -10
932 167 pedestrian 0 0 -10 740.27 93.57 948.65 224.77 -10 -10 -10 -100    0 -1000 -1000 -10
932 169 pedestrian 0 0 -10 658.05 99.03 789.92 231.15 -10 -10 -10 -100    0 -1000 -1000 -10
932 171 pedestrian 0 0 -10 370.75 198.75 450.72 374.00 -10 -10 -10 -100    0 -1000 -1000 -10
932 173 pedestrian 0 0 -10 853.42 163.71 932.34 335.44 -10 -10 -10 -100    0 -1000 -1000 -10
932 164 pedestrian 0 0 -10 888.73 96.59 1012.50 217.81 -10 -10 -10 -100    0 -1000 -1000 -10
933 162 pedestrian 0 0 -10 221.69 79.57 710.23 262.30 -10 -10 -10 -100    0 -1000 -1000 -10
933 167 pedestrian 0 0 -10 754.25 95.62 957.72 228.04 -10 -10 -10 -100    0 -1000 -1000 -10
933 169 pedestrian 0 0 -10 669.53 98.08 801.51 230.03 -10 -10 -10 -100    0 -1000 -1000 -10
933 171 pedestrian 0 0 -10 376.55 196.50 480.44 374.00 -10 -10 -10 -100    0 -1000 -1000 -10
933 173 pedestrian 0 0 -10 851.28 167.03 927.85 336.72 -10 -10 -10 -100    0 -1000 -1000 -10
933 164 pedestrian 0 0 -10 898.84 97.75 1023.97 220.33 -10 -10 -10 -100    0 -1000 -1000 -10
934 162 pedestrian 0 0 -10 236.94 78.49 718.18 261.02 -10 -10 -10 -100    0 -1000 -1000 -10
934 167 pedestrian 0 0 -10 759.79 95.26 964.92 229.77 -10 -10 -10 -100    0 -1000 -1000 -10
934 169 pedestrian 0 0 -10 678.57 97.75 809.96 228.81 -10 -10 -10 -100    0 -1000 -1000 -10
934 171 pedestrian 0 0 -10 384.46 196.38 489.24 374.00 -10 -10 -10 -100    0 -1000 -1000 -10
934 173 pedestrian 0 0 -10 838.89 163.60 915.06 340.51 -10 -10 -10 -100    0 -1000 -1000 -10
935 162 pedestrian 0 0 -10 251.41 78.52 729.18 259.71 -10 -10 -10 -100    0 -1000 -1000 -10
935 167 pedestrian 0 0 -10 763.92 95.96 973.24 231.74 -10 -10 -10 -100    0 -1000 -1000 -10
935 169 pedestrian 0 0 -10 686.25 97.56 819.78 227.01 -10 -10 -10 -100    0 -1000 -1000 -10
935 171 pedestrian 0 0 -10 404.68 197.15 492.24 374.00 -10 -10 -10 -100    0 -1000 -1000 -10
935 173 pedestrian 0 0 -10 828.22 163.87 905.46 341.40 -10 -10 -10 -100    0 -1000 -1000 -10
936 162 pedestrian 0 0 -10 265.25 78.18 740.94 259.73 -10 -10 -10 -100    0 -1000 -1000 -10
936 169 pedestrian 0 0 -10 697.05 96.91 827.85 227.50 -10 -10 -10 -100    0 -1000 -1000 -10
936 171 pedestrian 0 0 -10 430.28 195.24 501.83 374.00 -10 -10 -10 -100    0 -1000 -1000 -10
936 173 pedestrian 0 0 -10 814.18 165.05 892.97 341.71 -10 -10 -10 -100    0 -1000 -1000 -10
937 174 pedestrian 0 0 -10 1066.27 132.67 1113.55 320.52 -10 -10 -10 -100    0 -1000 -1000 -10
937 162 pedestrian 0 0 -10 280.36 77.63 749.63 256.73 -10 -10 -10 -100    0 -1000 -1000 -10
937 169 pedestrian 0 0 -10 705.18 95.29 834.34 227.72 -10 -10 -10 -100    0 -1000 -1000 -10
937 171 pedestrian 0 0 -10 440.10 196.29 531.24 374.00 -10 -10 -10 -100    0 -1000 -1000 -10
937 173 pedestrian 0 0 -10 804.01 164.07 887.15 341.93 -10 -10 -10 -100    0 -1000 -1000 -10
938 174 pedestrian 0 0 -10 1059.38 130.68 1116.12 323.25 -10 -10 -10 -100    0 -1000 -1000 -10
938 175 pedestrian 0 0 -10 0.00 172.77 184.62 338.45 -10 -10 -10 -100    0 -1000 -1000 -10
938 162 pedestrian 0 0 -10 295.63 76.56 760.01 253.84 -10 -10 -10 -100    0 -1000 -1000 -10
938 169 pedestrian 0 0 -10 716.16 94.65 845.56 227.83 -10 -10 -10 -100    0 -1000 -1000 -10
938 171 pedestrian 0 0 -10 450.93 196.69 559.95 374.00 -10 -10 -10 -100    0 -1000 -1000 -10
938 173 pedestrian 0 0 -10 796.38 164.41 885.15 343.32 -10 -10 -10 -100    0 -1000 -1000 -10
939 174 pedestrian 0 0 -10 1040.64 129.59 1109.69 328.25 -10 -10 -10 -100    0 -1000 -1000 -10
939 175 pedestrian 0 0 -10 0.00 170.09 230.39 338.89 -10 -10 -10 -100    0 -1000 -1000 -10
939 162 pedestrian 0 0 -10 311.10 75.61 769.92 251.24 -10 -10 -10 -100    0 -1000 -1000 -10
939 169 pedestrian 0 0 -10 724.83 92.97 856.59 226.07 -10 -10 -10 -100    0 -1000 -1000 -10
939 171 pedestrian 0 0 -10 469.74 195.45 566.42 374.00 -10 -10 -10 -100    0 -1000 -1000 -10
939 173 pedestrian 0 0 -10 784.77 164.87 863.51 345.60 -10 -10 -10 -100    0 -1000 -1000 -10
940 174 pedestrian 0 0 -10 1018.59 133.83 1100.89 329.30 -10 -10 -10 -100    0 -1000 -1000 -10
940 175 pedestrian 0 0 -10 0.19 169.13 278.42 336.68 -10 -10 -10 -100    0 -1000 -1000 -10
940 162 pedestrian 0 0 -10 322.87 73.67 776.99 249.92 -10 -10 -10 -100    0 -1000 -1000 -10
940 169 pedestrian 0 0 -10 731.46 90.37 861.14 226.78 -10 -10 -10 -100    0 -1000 -1000 -10
940 171 pedestrian 0 0 -10 490.24 194.45 576.60 374.00 -10 -10 -10 -100    0 -1000 -1000 -10
940 173 pedestrian 0 0 -10 768.73 166.12 844.37 347.94 -10 -10 -10 -100    0 -1000 -1000 -10
941 174 pedestrian 0 0 -10 994.94 137.04 1102.64 329.65 -10 -10 -10 -100    0 -1000 -1000 -10
941 175 pedestrian 0 0 -10 0.00 166.55 324.38 336.20 -10 -10 -10 -100    0 -1000 -1000 -10
941 162 pedestrian 0 0 -10 338.72 72.50 784.43 248.38 -10 -10 -10 -100    0 -1000 -1000 -10
941 171 pedestrian 0 0 -10 511.33 192.27 601.08 374.00 -10 -10 -10 -100    0 -1000 -1000 -10
941 173 pedestrian 0 0 -10 754.98 164.72 833.52 348.34 -10 -10 -10 -100    0 -1000 -1000 -10
942 174 pedestrian 0 0 -10 979.87 135.21 1099.27 332.94 -10 -10 -10 -100    0 -1000 -1000 -10
942 175 pedestrian 0 0 -10 0.13 164.81 369.19 333.36 -10 -10 -10 -100    0 -1000 -1000 -10
942 162 pedestrian 0 0 -10 353.10 71.04 797.79 247.50 -10 -10 -10 -100    0 -1000 -1000 -10
942 171 pedestrian 0 0 -10 526.16 193.68 633.62 374.00 -10 -10 -10 -100    0 -1000 -1000 -10
942 173 pedestrian 0 0 -10 741.88 164.76 827.32 349.51 -10 -10 -10 -100    0 -1000 -1000 -10
943 174 pedestrian 0 0 -10 973.97 135.29 1075.57 333.68 -10 -10 -10 -100    0 -1000 -1000 -10
943 175 pedestrian 0 0 -10 48.46 164.08 413.20 329.82 -10 -10 -10 -100    0 -1000 -1000 -10
943 162 pedestrian 0 0 -10 367.80 70.24 812.94 246.29 -10 -10 -10 -100    0 -1000 -1000 -10
943 171 pedestrian 0 0 -10 538.64 193.48 645.96 374.00 -10 -10 -10 -100    0 -1000 -1000 -10
943 173 pedestrian 0 0 -10 731.95 167.57 813.73 350.49 -10 -10 -10 -100    0 -1000 -1000 -10
944 174 pedestrian 0 0 -10 968.42 134.01 1054.38 336.79 -10 -10 -10 -100    0 -1000 -1000 -10
944 175 pedestrian 0 0 -10 108.65 162.52 460.91 326.20 -10 -10 -10 -100    0 -1000 -1000 -10
944 162 pedestrian 0 0 -10 381.11 70.98 821.74 245.39 -10 -10 -10 -100    0 -1000 -1000 -10
944 171 pedestrian 0 0 -10 552.80 193.77 655.62 374.00 -10 -10 -10 -100    0 -1000 -1000 -10
944 173 pedestrian 0 0 -10 721.15 171.14 797.12 354.85 -10 -10 -10 -100    0 -1000 -1000 -10
945 174 pedestrian 0 0 -10 948.76 134.43 1039.02 338.75 -10 -10 -10 -100    0 -1000 -1000 -10
945 175 pedestrian 0 0 -10 166.27 161.35 509.83 322.59 -10 -10 -10 -100    0 -1000 -1000 -10
945 162 pedestrian 0 0 -10 395.03 71.89 843.36 244.71 -10 -10 -10 -100    0 -1000 -1000 -10
945 171 pedestrian 0 0 -10 576.09 193.31 665.22 374.00 -10 -10 -10 -100    0 -1000 -1000 -10
945 173 pedestrian 0 0 -10 706.50 170.96 782.69 355.16 -10 -10 -10 -100    0 -1000 -1000 -10
946 174 pedestrian 0 0 -10 929.41 138.94 1018.72 339.31 -10 -10 -10 -100    0 -1000 -1000 -10
946 175 pedestrian 0 0 -10 222.90 160.39 556.85 318.61 -10 -10 -10 -100    0 -1000 -1000 -10
946 162 pedestrian 0 0 -10 408.79 72.17 856.77 244.49 -10 -10 -10 -100    0 -1000 -1000 -10
946 171 pedestrian 0 0 -10 589.26 190.91 679.08 374.00 -10 -10 -10 -100    0 -1000 -1000 -10
946 173 pedestrian 0 0 -10 692.61 169.78 771.48 356.51 -10 -10 -10 -100    0 -1000 -1000 -10
947 174 pedestrian 0 0 -10 916.97 142.50 1005.59 343.16 -10 -10 -10 -100    0 -1000 -1000 -10
947 175 pedestrian 0 0 -10 275.45 160.04 599.64 314.96 -10 -10 -10 -100    0 -1000 -1000 -10
947 162 pedestrian 0 0 -10 421.96 72.30 859.82 242.72 -10 -10 -10 -100    0 -1000 -1000 -10
947 171 pedestrian 0 0 -10 607.38 189.31 703.65 374.00 -10 -10 -10 -100    0 -1000 -1000 -10
947 173 pedestrian 0 0 -10 669.45 169.91 756.90 361.73 -10 -10 -10 -100    0 -1000 -1000 -10
948 174 pedestrian 0 0 -10 899.57 141.17 980.07 342.84 -10 -10 -10 -100    0 -1000 -1000 -10
948 175 pedestrian 0 0 -10 324.39 159.20 641.71 312.22 -10 -10 -10 -100    0 -1000 -1000 -10
948 162 pedestrian 0 0 -10 431.45 72.38 865.49 242.17 -10 -10 -10 -100    0 -1000 -1000 -10
948 171 pedestrian 0 0 -10 613.24 188.50 717.27 374.00 -10 -10 -10 -100    0 -1000 -1000 -10
948 173 pedestrian 0 0 -10 646.03 168.43 742.89 360.25 -10 -10 -10 -100    0 -1000 -1000 -10
949 174 pedestrian 0 0 -10 888.04 143.00 966.95 345.84 -10 -10 -10 -100    0 -1000 -1000 -10
949 175 pedestrian 0 0 -10 372.22 158.60 680.55 309.33 -10 -10 -10 -100    0 -1000 -1000 -10
949 162 pedestrian 0 0 -10 439.58 74.64 870.63 239.89 -10 -10 -10 -100    0 -1000 -1000 -10
949 171 pedestrian 0 0 -10 636.30 183.67 729.26 374.00 -10 -10 -10 -100    0 -1000 -1000 -10
949 173 pedestrian 0 0 -10 646.63 167.34 725.78 359.06 -10 -10 -10 -100    0 -1000 -1000 -10
950 174 pedestrian 0 0 -10 876.60 141.61 960.73 347.85 -10 -10 -10 -100    0 -1000 -1000 -10
950 175 pedestrian 0 0 -10 417.48 157.07 726.47 306.46 -10 -10 -10 -100    0 -1000 -1000 -10
950 162 pedestrian 0 0 -10 454.51 74.89 879.57 238.41 -10 -10 -10 -100    0 -1000 -1000 -10
950 171 pedestrian 0 0 -10 654.48 186.97 740.31 374.00 -10 -10 -10 -100    0 -1000 -1000 -10
950 173 pedestrian 0 0 -10 642.45 172.36 707.83 364.60 -10 -10 -10 -100    0 -1000 -1000 -10
951 174 pedestrian 0 0 -10 857.04 145.48 955.68 347.39 -10 -10 -10 -100    0 -1000 -1000 -10
951 175 pedestrian 0 0 -10 463.12 156.82 764.69 303.79 -10 -10 -10 -100    0 -1000 -1000 -10
951 162 pedestrian 0 0 -10 471.10 75.23 883.81 238.81 -10 -10 -10 -100    0 -1000 -1000 -10
951 171 pedestrian 0 0 -10 664.99 189.62 759.40 374.00 -10 -10 -10 -100    0 -1000 -1000 -10
951 173 pedestrian 0 0 -10 627.67 175.88 697.57 365.41 -10 -10 -10 -100    0 -1000 -1000 -10
952 174 pedestrian 0 0 -10 840.71 143.76 953.19 349.32 -10 -10 -10 -100    0 -1000 -1000 -10
952 175 pedestrian 0 0 -10 499.77 157.80 798.34 302.27 -10 -10 -10 -100    0 -1000 -1000 -10
952 162 pedestrian 0 0 -10 478.23 75.26 899.02 237.72 -10 -10 -10 -100    0 -1000 -1000 -10
952 171 pedestrian 0 0 -10 673.71 190.70 779.16 374.00 -10 -10 -10 -100    0 -1000 -1000 -10
952 173 pedestrian 0 0 -10 615.80 172.73 697.10 368.03 -10 -10 -10 -100    0 -1000 -1000 -10
953 174 pedestrian 0 0 -10 830.26 143.70 928.68 352.19 -10 -10 -10 -100    0 -1000 -1000 -10
953 175 pedestrian 0 0 -10 535.19 155.95 842.93 302.21 -10 -10 -10 -100    0 -1000 -1000 -10
953 162 pedestrian 0 0 -10 493.90 75.68 920.04 236.65 -10 -10 -10 -100    0 -1000 -1000 -10
953 171 pedestrian 0 0 -10 698.79 192.69 800.16 374.00 -10 -10 -10 -100    0 -1000 -1000 -10
953 173 pedestrian 0 0 -10 607.34 176.65 681.07 369.91 -10 -10 -10 -100    0 -1000 -1000 -10
954 176 pedestrian 0 0 -10 430.02 166.27 459.62 221.86 -10 -10 -10 -100    0 -1000 -1000 -10
954 174 pedestrian 0 0 -10 817.44 149.28 898.68 353.74 -10 -10 -10 -100    0 -1000 -1000 -10
954 175 pedestrian 0 0 -10 574.10 154.29 878.20 300.34 -10 -10 -10 -100    0 -1000 -1000 -10
954 162 pedestrian 0 0 -10 508.95 74.80 923.41 236.09 -10 -10 -10 -100    0 -1000 -1000 -10
954 171 pedestrian 0 0 -10 731.32 184.66 818.98 374.00 -10 -10 -10 -100    0 -1000 -1000 -10
954 173 pedestrian 0 0 -10 594.58 171.84 662.34 371.19 -10 -10 -10 -100    0 -1000 -1000 -10
955 176 pedestrian 0 0 -10 424.56 165.26 453.94 220.72 -10 -10 -10 -100    0 -1000 -1000 -10
955 174 pedestrian 0 0 -10 775.14 141.93 874.72 357.47 -10 -10 -10 -100    0 -1000 -1000 -10
955 175 pedestrian 0 0 -10 589.28 154.15 913.95 296.58 -10 -10 -10 -100    0 -1000 -1000 -10
955 162 pedestrian 0 0 -10 522.97 75.80 926.85 236.24 -10 -10 -10 -100    0 -1000 -1000 -10
955 171 pedestrian 0 0 -10 751.30 189.86 836.52 374.00 -10 -10 -10 -100    0 -1000 -1000 -10
955 173 pedestrian 0 0 -10 578.78 167.94 653.70 374.00 -10 -10 -10 -100    0 -1000 -1000 -10
956 176 pedestrian 0 0 -10 414.16 164.94 446.06 222.71 -10 -10 -10 -100    0 -1000 -1000 -10
956 174 pedestrian 0 0 -10 764.95 138.75 861.40 353.81 -10 -10 -10 -100    0 -1000 -1000 -10
956 175 pedestrian 0 0 -10 649.14 154.15 945.44 296.19 -10 -10 -10 -100    0 -1000 -1000 -10
956 162 pedestrian 0 0 -10 533.01 74.87 938.05 236.04 -10 -10 -10 -100    0 -1000 -1000 -10
956 171 pedestrian 0 0 -10 763.46 187.92 861.96 374.00 -10 -10 -10 -100    0 -1000 -1000 -10
956 173 pedestrian 0 0 -10 561.07 171.15 643.97 374.00 -10 -10 -10 -100    0 -1000 -1000 -10
957 176 pedestrian 0 0 -10 409.98 165.07 442.57 223.87 -10 -10 -10 -100    0 -1000 -1000 -10
957 174 pedestrian 0 0 -10 768.63 141.66 862.37 356.19 -10 -10 -10 -100    0 -1000 -1000 -10
957 175 pedestrian 0 0 -10 678.86 152.83 976.69 294.87 -10 -10 -10 -100    0 -1000 -1000 -10
957 162 pedestrian 0 0 -10 539.05 74.97 941.92 234.67 -10 -10 -10 -100    0 -1000 -1000 -10
957 171 pedestrian 0 0 -10 769.32 189.25 861.33 374.00 -10 -10 -10 -100    0 -1000 -1000 -10
957 173 pedestrian 0 0 -10 550.03 175.02 638.20 374.00 -10 -10 -10 -100    0 -1000 -1000 -10
958 176 pedestrian 0 0 -10 408.41 165.28 440.70 224.02 -10 -10 -10 -100    0 -1000 -1000 -10
958 174 pedestrian 0 0 -10 769.06 142.61 862.96 368.28 -10 -10 -10 -100    0 -1000 -1000 -10
958 175 pedestrian 0 0 -10 711.42 152.65 1007.38 292.62 -10 -10 -10 -100    0 -1000 -1000 -10
958 162 pedestrian 0 0 -10 557.29 75.26 949.78 234.28 -10 -10 -10 -100    0 -1000 -1000 -10
958 171 pedestrian 0 0 -10 765.90 187.43 858.69 374.00 -10 -10 -10 -100    0 -1000 -1000 -10
958 173 pedestrian 0 0 -10 536.65 172.24 624.12 374.00 -10 -10 -10 -100    0 -1000 -1000 -10
959 176 pedestrian 0 0 -10 406.06 166.48 439.75 224.48 -10 -10 -10 -100    0 -1000 -1000 -10
959 174 pedestrian 0 0 -10 752.46 143.66 837.89 369.49 -10 -10 -10 -100    0 -1000 -1000 -10
959 175 pedestrian 0 0 -10 740.93 152.55 1037.16 291.48 -10 -10 -10 -100    0 -1000 -1000 -10
959 162 pedestrian 0 0 -10 573.70 74.49 967.20 233.26 -10 -10 -10 -100    0 -1000 -1000 -10
959 171 pedestrian 0 0 -10 795.78 185.65 904.23 374.00 -10 -10 -10 -100    0 -1000 -1000 -10
959 173 pedestrian 0 0 -10 524.50 171.55 608.62 374.00 -10 -10 -10 -100    0 -1000 -1000 -10
960 176 pedestrian 0 0 -10 396.29 167.11 427.48 226.53 -10 -10 -10 -100    0 -1000 -1000 -10
960 174 pedestrian 0 0 -10 740.91 145.42 815.85 368.38 -10 -10 -10 -100    0 -1000 -1000 -10
960 175 pedestrian 0 0 -10 763.22 152.92 1068.84 289.41 -10 -10 -10 -100    0 -1000 -1000 -10
960 162 pedestrian 0 0 -10 586.73 74.59 977.66 231.74 -10 -10 -10 -100    0 -1000 -1000 -10
960 171 pedestrian 0 0 -10 819.16 187.93 937.03 374.00 -10 -10 -10 -100    0 -1000 -1000 -10
960 173 pedestrian 0 0 -10 506.29 173.45 586.78 374.00 -10 -10 -10 -100    0 -1000 -1000 -10
961 176 pedestrian 0 0 -10 391.09 168.38 421.41 226.53 -10 -10 -10 -100    0 -1000 -1000 -10
961 174 pedestrian 0 0 -10 711.77 145.02 811.33 370.96 -10 -10 -10 -100    0 -1000 -1000 -10
961 175 pedestrian 0 0 -10 800.08 152.27 1099.75 287.80 -10 -10 -10 -100    0 -1000 -1000 -10
961 162 pedestrian 0 0 -10 596.93 73.90 986.71 231.20 -10 -10 -10 -100    0 -1000 -1000 -10
961 171 pedestrian 0 0 -10 831.40 186.22 957.33 374.00 -10 -10 -10 -100    0 -1000 -1000 -10
961 173 pedestrian 0 0 -10 487.31 173.01 580.34 374.00 -10 -10 -10 -100    0 -1000 -1000 -10
962 176 pedestrian 0 0 -10 389.65 167.32 420.19 226.16 -10 -10 -10 -100    0 -1000 -1000 -10
962 174 pedestrian 0 0 -10 691.75 143.82 808.80 374.00 -10 -10 -10 -100    0 -1000 -1000 -10
962 175 pedestrian 0 0 -10 827.84 151.74 1125.34 286.50 -10 -10 -10 -100    0 -1000 -1000 -10
962 162 pedestrian 0 0 -10 605.81 74.11 993.06 230.44 -10 -10 -10 -100    0 -1000 -1000 -10
962 171 pedestrian 0 0 -10 846.78 183.81 971.02 374.00 -10 -10 -10 -100    0 -1000 -1000 -10
962 173 pedestrian 0 0 -10 466.09 173.27 568.89 374.00 -10 -10 -10 -100    0 -1000 -1000 -10
963 176 pedestrian 0 0 -10 387.41 168.01 417.99 226.14 -10 -10 -10 -100    0 -1000 -1000 -10
963 174 pedestrian 0 0 -10 683.29 142.78 781.93 374.00 -10 -10 -10 -100    0 -1000 -1000 -10
963 175 pedestrian 0 0 -10 853.39 151.15 1144.90 283.15 -10 -10 -10 -100    0 -1000 -1000 -10
963 162 pedestrian 0 0 -10 616.67 74.14 1000.00 229.20 -10 -10 -10 -100    0 -1000 -1000 -10
963 171 pedestrian 0 0 -10 876.77 186.03 985.40 374.00 -10 -10 -10 -100    0 -1000 -1000 -10
963 173 pedestrian 0 0 -10 449.11 177.24 545.82 374.00 -10 -10 -10 -100    0 -1000 -1000 -10
964 176 pedestrian 0 0 -10 381.99 167.36 415.38 226.84 -10 -10 -10 -100    0 -1000 -1000 -10
964 174 pedestrian 0 0 -10 678.37 145.15 758.86 374.00 -10 -10 -10 -100    0 -1000 -1000 -10
964 175 pedestrian 0 0 -10 875.83 147.81 1174.13 279.91 -10 -10 -10 -100    0 -1000 -1000 -10
964 162 pedestrian 0 0 -10 629.05 73.56 1011.38 228.71 -10 -10 -10 -100    0 -1000 -1000 -10
964 171 pedestrian 0 0 -10 903.40 186.03 997.67 374.00 -10 -10 -10 -100    0 -1000 -1000 -10
964 173 pedestrian 0 0 -10 434.87 175.19 522.32 374.00 -10 -10 -10 -100    0 -1000 -1000 -10
965 176 pedestrian 0 0 -10 377.19 167.38 408.91 228.28 -10 -10 -10 -100    0 -1000 -1000 -10
965 174 pedestrian 0 0 -10 655.52 142.85 737.34 374.00 -10 -10 -10 -100    0 -1000 -1000 -10
965 175 pedestrian 0 0 -10 900.64 145.89 1194.82 276.87 -10 -10 -10 -100    0 -1000 -1000 -10
965 162 pedestrian 0 0 -10 637.07 73.52 1021.33 227.68 -10 -10 -10 -100    0 -1000 -1000 -10
965 171 pedestrian 0 0 -10 913.35 182.85 1016.88 374.00 -10 -10 -10 -100    0 -1000 -1000 -10
965 173 pedestrian 0 0 -10 411.26 174.83 506.38 374.00 -10 -10 -10 -100    0 -1000 -1000 -10
965 178 pedestrian 0 0 -10 589.67 160.02 632.34 221.75 -10 -10 -10 -100    0 -1000 -1000 -10
966 174 pedestrian 0 0 -10 630.22 141.77 727.41 374.00 -10 -10 -10 -100    0 -1000 -1000 -10
966 175 pedestrian 0 0 -10 926.05 145.64 1221.77 274.69 -10 -10 -10 -100    0 -1000 -1000 -10
966 162 pedestrian 0 0 -10 648.96 73.85 1031.71 226.96 -10 -10 -10 -100    0 -1000 -1000 -10
966 176 pedestrian 0 0 -10 369.52 168.23 400.89 230.33 -10 -10 -10 -100    0 -1000 -1000 -10
966 171 pedestrian 0 0 -10 920.26 180.79 1036.17 374.00 -10 -10 -10 -100    0 -1000 -1000 -10
966 173 pedestrian 0 0 -10 386.49 176.41 493.94 374.00 -10 -10 -10 -100    0 -1000 -1000 -10
966 178 pedestrian 0 0 -10 592.66 161.50 632.70 222.02 -10 -10 -10 -100    0 -1000 -1000 -10
967 174 pedestrian 0 0 -10 614.03 144.25 716.81 374.00 -10 -10 -10 -100    0 -1000 -1000 -10
967 175 pedestrian 0 0 -10 949.73 143.17 1237.13 272.25 -10 -10 -10 -100    0 -1000 -1000 -10
967 162 pedestrian 0 0 -10 660.71 73.59 1038.33 226.45 -10 -10 -10 -100    0 -1000 -1000 -10
967 176 pedestrian 0 0 -10 360.49 168.81 393.65 230.82 -10 -10 -10 -100    0 -1000 -1000 -10
967 171 pedestrian 0 0 -10 952.25 181.60 1060.83 374.00 -10 -10 -10 -100    0 -1000 -1000 -10
967 173 pedestrian 0 0 -10 369.84 178.13 471.87 374.00 -10 -10 -10 -100    0 -1000 -1000 -10
967 178 pedestrian 0 0 -10 605.82 148.03 658.71 217.21 -10 -10 -10 -100    0 -1000 -1000 -10
968 174 pedestrian 0 0 -10 599.07 147.10 702.76 374.00 -10 -10 -10 -100    0 -1000 -1000 -10
968 175 pedestrian 0 0 -10 971.51 141.42 1238.00 270.56 -10 -10 -10 -100    0 -1000 -1000 -10
968 162 pedestrian 0 0 -10 669.76 73.95 1050.11 226.85 -10 -10 -10 -100    0 -1000 -1000 -10
968 176 pedestrian 0 0 -10 364.91 167.84 403.45 236.68 -10 -10 -10 -100    0 -1000 -1000 -10
968 171 pedestrian 0 0 -10 977.53 183.15 1086.02 374.00 -10 -10 -10 -100    0 -1000 -1000 -10
968 173 pedestrian 0 0 -10 354.43 181.16 447.89 374.00 -10 -10 -10 -100    0 -1000 -1000 -10
968 178 pedestrian 0 0 -10 603.49 152.20 654.99 218.72 -10 -10 -10 -100    0 -1000 -1000 -10
969 174 pedestrian 0 0 -10 587.26 145.41 674.77 374.00 -10 -10 -10 -100    0 -1000 -1000 -10
969 175 pedestrian 0 0 -10 992.51 138.18 1238.00 267.30 -10 -10 -10 -100    0 -1000 -1000 -10
969 162 pedestrian 0 0 -10 684.18 73.55 1060.58 226.38 -10 -10 -10 -100    0 -1000 -1000 -10
969 176 pedestrian 0 0 -10 359.83 167.82 399.20 231.38 -10 -10 -10 -100    0 -1000 -1000 -10
969 171 pedestrian 0 0 -10 997.97 177.91 1123.64 374.00 -10 -10 -10 -100    0 -1000 -1000 -10
969 173 pedestrian 0 0 -10 332.39 175.53 428.56 374.00 -10 -10 -10 -100    0 -1000 -1000 -10
969 178 pedestrian 0 0 -10 612.57 152.65 677.31 222.53 -10 -10 -10 -100    0 -1000 -1000 -10
970 174 pedestrian 0 0 -10 570.77 144.64 650.33 374.00 -10 -10 -10 -100    0 -1000 -1000 -10
970 175 pedestrian 0 0 -10 1010.23 137.41 1238.00 265.58 -10 -10 -10 -100    0 -1000 -1000 -10
970 162 pedestrian 0 0 -10 695.30 72.34 1065.79 225.32 -10 -10 -10 -100    0 -1000 -1000 -10
970 171 pedestrian 0 0 -10 1015.73 180.61 1164.00 374.00 -10 -10 -10 -100    0 -1000 -1000 -10
970 173 pedestrian 0 0 -10 309.77 176.93 409.01 374.00 -10 -10 -10 -100    0 -1000 -1000 -10
970 178 pedestrian 0 0 -10 620.75 152.43 673.40 226.41 -10 -10 -10 -100    0 -1000 -1000 -10
971 174 pedestrian 0 0 -10 537.06 146.39 645.91 374.00 -10 -10 -10 -100    0 -1000 -1000 -10
971 175 pedestrian 0 0 -10 1033.63 135.60 1237.68 265.52 -10 -10 -10 -100    0 -1000 -1000 -10
971 162 pedestrian 0 0 -10 705.42 71.99 1078.45 224.56 -10 -10 -10 -100    0 -1000 -1000 -10
971 171 pedestrian 0 0 -10 1037.78 177.15 1184.18 374.00 -10 -10 -10 -100    0 -1000 -1000 -10
971 173 pedestrian 0 0 -10 278.17 178.33 392.64 374.00 -10 -10 -10 -100    0 -1000 -1000 -10
971 178 pedestrian 0 0 -10 614.57 156.59 660.91 222.16 -10 -10 -10 -100    0 -1000 -1000 -10
972 174 pedestrian 0 0 -10 499.13 147.29 635.59 374.00 -10 -10 -10 -100    0 -1000 -1000 -10
972 175 pedestrian 0 0 -10 1055.80 134.87 1238.00 267.07 -10 -10 -10 -100    0 -1000 -1000 -10
972 162 pedestrian 0 0 -10 719.57 71.76 1089.41 224.06 -10 -10 -10 -100    0 -1000 -1000 -10
972 171 pedestrian 0 0 -10 1065.46 177.75 1204.95 374.00 -10 -10 -10 -100    0 -1000 -1000 -10
972 173 pedestrian 0 0 -10 249.80 178.65 370.06 374.00 -10 -10 -10 -100    0 -1000 -1000 -10
972 178 pedestrian 0 0 -10 610.60 157.39 658.17 223.15 -10 -10 -10 -100    0 -1000 -1000 -10
973 179 pedestrian 0 0 -10 0.00 199.27 224.36 353.84 -10 -10 -10 -100    0 -1000 -1000 -10
973 174 pedestrian 0 0 -10 485.10 147.89 612.72 374.00 -10 -10 -10 -100    0 -1000 -1000 -10
973 162 pedestrian 0 0 -10 728.70 72.04 1102.02 222.99 -10 -10 -10 -100    0 -1000 -1000 -10
973 171 pedestrian 0 0 -10 1038.04 174.65 1236.97 374.00 -10 -10 -10 -100    0 -1000 -1000 -10
973 173 pedestrian 0 0 -10 220.73 178.99 335.64 374.00 -10 -10 -10 -100    0 -1000 -1000 -10
973 178 pedestrian 0 0 -10 611.41 155.95 661.25 223.50 -10 -10 -10 -100    0 -1000 -1000 -10
974 179 pedestrian 0 0 -10 0.12 198.52 277.18 354.73 -10 -10 -10 -100    0 -1000 -1000 -10
974 174 pedestrian 0 0 -10 474.91 146.25 580.03 374.00 -10 -10 -10 -100    0 -1000 -1000 -10
974 162 pedestrian 0 0 -10 740.99 72.09 1107.53 222.79 -10 -10 -10 -100    0 -1000 -1000 -10
974 176 pedestrian 0 0 -10 326.85 169.98 357.16 234.32 -10 -10 -10 -100    0 -1000 -1000 -10
974 171 pedestrian 0 0 -10 1064.12 175.02 1238.00 374.00 -10 -10 -10 -100    0 -1000 -1000 -10
974 173 pedestrian 0 0 -10 184.42 177.00 292.12 374.00 -10 -10 -10 -100    0 -1000 -1000 -10
974 178 pedestrian 0 0 -10 613.95 155.72 668.40 223.82 -10 -10 -10 -100    0 -1000 -1000 -10
975 179 pedestrian 0 0 -10 0.76 200.16 327.57 356.68 -10 -10 -10 -100    0 -1000 -1000 -10
975 174 pedestrian 0 0 -10 448.16 149.15 552.53 374.00 -10 -10 -10 -100    0 -1000 -1000 -10
975 162 pedestrian 0 0 -10 749.98 72.11 1124.12 222.69 -10 -10 -10 -100    0 -1000 -1000 -10
975 176 pedestrian 0 0 -10 310.78 168.74 347.82 229.66 -10 -10 -10 -100    0 -1000 -1000 -10
975 171 pedestrian 0 0 -10 1082.35 172.84 1237.87 374.00 -10 -10 -10 -100    0 -1000 -1000 -10
975 173 pedestrian 0 0 -10 126.13 178.83 299.18 374.00 -10 -10 -10 -100    0 -1000 -1000 -10
975 178 pedestrian 0 0 -10 616.42 155.72 669.92 223.57 -10 -10 -10 -100    0 -1000 -1000 -10
976 179 pedestrian 0 0 -10 54.27 195.83 384.31 347.88 -10 -10 -10 -100    0 -1000 -1000 -10
976 174 pedestrian 0 0 -10 416.46 143.11 534.41 374.00 -10 -10 -10 -100    0 -1000 -1000 -10
976 162 pedestrian 0 0 -10 763.42 72.95 1132.93 221.81 -10 -10 -10 -100    0 -1000 -1000 -10
976 176 pedestrian 0 0 -10 309.50 167.54 340.95 226.32 -10 -10 -10 -100    0 -1000 -1000 -10
976 171 pedestrian 0 0 -10 1106.85 175.20 1237.89 374.00 -10 -10 -10 -100    0 -1000 -1000 -10
976 173 pedestrian 0 0 -10 70.06 187.59 273.62 374.00 -10 -10 -10 -100    0 -1000 -1000 -10
976 178 pedestrian 0 0 -10 612.39 156.39 668.83 224.18 -10 -10 -10 -100    0 -1000 -1000 -10
977 179 pedestrian 0 0 -10 102.45 194.62 431.36 347.99 -10 -10 -10 -100    0 -1000 -1000 -10
977 174 pedestrian 0 0 -10 390.12 148.68 519.50 374.00 -10 -10 -10 -100    0 -1000 -1000 -10
977 162 pedestrian 0 0 -10 776.22 72.24 1136.72 222.22 -10 -10 -10 -100    0 -1000 -1000 -10
977 176 pedestrian 0 0 -10 300.81 166.83 342.69 234.96 -10 -10 -10 -100    0 -1000 -1000 -10
977 171 pedestrian 0 0 -10 1134.97 181.13 1237.87 374.00 -10 -10 -10 -100    0 -1000 -1000 -10
977 173 pedestrian 0 0 -10 44.15 185.70 248.57 374.00 -10 -10 -10 -100    0 -1000 -1000 -10
977 178 pedestrian 0 0 -10 613.41 156.45 672.54 224.66 -10 -10 -10 -100    0 -1000 -1000 -10
978 179 pedestrian 0 0 -10 176.10 192.94 488.62 346.69 -10 -10 -10 -100    0 -1000 -1000 -10
978 174 pedestrian 0 0 -10 363.16 147.62 498.64 374.00 -10 -10 -10 -100    0 -1000 -1000 -10
978 162 pedestrian 0 0 -10 780.49 72.80 1149.00 222.62 -10 -10 -10 -100    0 -1000 -1000 -10
978 176 pedestrian 0 0 -10 295.94 163.36 340.02 238.69 -10 -10 -10 -100    0 -1000 -1000 -10
978 171 pedestrian 0 0 -10 1165.50 183.64 1237.68 374.00 -10 -10 -10 -100    0 -1000 -1000 -10
978 173 pedestrian 0 0 -10 1.86 182.93 216.96 374.00 -10 -10 -10 -100    0 -1000 -1000 -10
978 178 pedestrian 0 0 -10 612.32 155.29 671.02 224.23 -10 -10 -10 -100    0 -1000 -1000 -10
979 179 pedestrian 0 0 -10 238.78 194.97 539.39 340.67 -10 -10 -10 -100    0 -1000 -1000 -10
979 174 pedestrian 0 0 -10 334.07 152.70 456.80 374.00 -10 -10 -10 -100    0 -1000 -1000 -10
979 162 pedestrian 0 0 -10 790.48 73.61 1158.28 222.79 -10 -10 -10 -100    0 -1000 -1000 -10
979 176 pedestrian 0 0 -10 294.32 162.42 339.61 234.92 -10 -10 -10 -100    0 -1000 -1000 -10
979 173 pedestrian 0 0 -10 0.00 179.61 187.40 374.00 -10 -10 -10 -100    0 -1000 -1000 -10
979 178 pedestrian 0 0 -10 613.28 155.04 671.93 224.64 -10 -10 -10 -100    0 -1000 -1000 -10
980 179 pedestrian 0 0 -10 304.77 191.92 589.69 339.08 -10 -10 -10 -100    0 -1000 -1000 -10
980 174 pedestrian 0 0 -10 304.17 144.52 412.47 374.00 -10 -10 -10 -100    0 -1000 -1000 -10
980 162 pedestrian 0 0 -10 801.15 74.26 1172.72 222.57 -10 -10 -10 -100    0 -1000 -1000 -10
980 176 pedestrian 0 0 -10 287.94 160.06 330.78 244.24 -10 -10 -10 -100    0 -1000 -1000 -10
980 173 pedestrian 0 0 -10 0.00 184.58 150.88 374.00 -10 -10 -10 -100    0 -1000 -1000 -10
980 178 pedestrian 0 0 -10 611.58 153.96 670.73 224.96 -10 -10 -10 -100    0 -1000 -1000 -10
981 179 pedestrian 0 0 -10 350.09 188.47 640.40 338.90 -10 -10 -10 -100    0 -1000 -1000 -10
981 174 pedestrian 0 0 -10 276.68 143.94 390.68 374.00 -10 -10 -10 -100    0 -1000 -1000 -10
981 162 pedestrian 0 0 -10 808.51 74.77 1177.95 223.10 -10 -10 -10 -100    0 -1000 -1000 -10
981 176 pedestrian 0 0 -10 283.53 155.98 325.13 245.66 -10 -10 -10 -100    0 -1000 -1000 -10
981 173 pedestrian 0 0 -10 0.00 181.81 121.18 374.00 -10 -10 -10 -100    0 -1000 -1000 -10
981 178 pedestrian 0 0 -10 609.62 154.94 670.84 225.24 -10 -10 -10 -100    0 -1000 -1000 -10
982 179 pedestrian 0 0 -10 408.98 188.10 686.54 335.53 -10 -10 -10 -100    0 -1000 -1000 -10
982 174 pedestrian 0 0 -10 220.09 141.66 399.19 374.00 -10 -10 -10 -100    0 -1000 -1000 -10
982 162 pedestrian 0 0 -10 825.56 75.23 1182.43 222.65 -10 -10 -10 -100    0 -1000 -1000 -10
982 176 pedestrian 0 0 -10 292.04 157.57 333.02 243.98 -10 -10 -10 -100    0 -1000 -1000 -10
982 173 pedestrian 0 0 -10 0.07 187.34 87.61 374.00 -10 -10 -10 -100    0 -1000 -1000 -10
982 178 pedestrian 0 0 -10 618.83 154.67 672.64 220.06 -10 -10 -10 -100    0 -1000 -1000 -10
983 179 pedestrian 0 0 -10 460.35 186.50 738.43 333.12 -10 -10 -10 -100    0 -1000 -1000 -10
983 174 pedestrian 0 0 -10 173.02 142.23 385.75 374.00 -10 -10 -10 -100    0 -1000 -1000 -10
983 162 pedestrian 0 0 -10 831.89 75.34 1191.64 222.11 -10 -10 -10 -100    0 -1000 -1000 -10
983 176 pedestrian 0 0 -10 277.21 157.35 327.33 255.40 -10 -10 -10 -100    0 -1000 -1000 -10
983 178 pedestrian 0 0 -10 633.55 151.90 679.16 218.01 -10 -10 -10 -100    0 -1000 -1000 -10
984 179 pedestrian 0 0 -10 506.39 185.78 784.26 329.96 -10 -10 -10 -100    0 -1000 -1000 -10
984 174 pedestrian 0 0 -10 137.02 143.37 355.66 374.00 -10 -10 -10 -100    0 -1000 -1000 -10
984 162 pedestrian 0 0 -10 839.14 75.92 1207.93 220.93 -10 -10 -10 -100    0 -1000 -1000 -10
984 176 pedestrian 0 0 -10 256.54 156.88 317.43 260.20 -10 -10 -10 -100    0 -1000 -1000 -10
984 178 pedestrian 0 0 -10 630.35 149.92 688.87 233.05 -10 -10 -10 -100    0 -1000 -1000 -10
985 179 pedestrian 0 0 -10 547.56 184.59 826.07 327.15 -10 -10 -10 -100    0 -1000 -1000 -10
985 174 pedestrian 0 0 -10 104.75 146.88 334.26 374.00 -10 -10 -10 -100    0 -1000 -1000 -10
985 162 pedestrian 0 0 -10 848.93 75.63 1213.59 220.29 -10 -10 -10 -100    0 -1000 -1000 -10
985 176 pedestrian 0 0 -10 235.92 158.36 297.49 262.01 -10 -10 -10 -100    0 -1000 -1000 -10
985 178 pedestrian 0 0 -10 629.60 148.88 687.26 230.32 -10 -10 -10 -100    0 -1000 -1000 -10
986 174 pedestrian 0 0 -10 69.73 151.27 311.92 374.00 -10 -10 -10 -100    0 -1000 -1000 -10
986 162 pedestrian 0 0 -10 856.70 76.79 1226.88 219.75 -10 -10 -10 -100    0 -1000 -1000 -10
986 176 pedestrian 0 0 -10 245.28 162.62 294.41 251.77 -10 -10 -10 -100    0 -1000 -1000 -10
986 179 pedestrian 0 0 -10 588.90 184.63 865.87 324.68 -10 -10 -10 -100    0 -1000 -1000 -10
986 178 pedestrian 0 0 -10 625.93 150.08 688.45 228.47 -10 -10 -10 -100    0 -1000 -1000 -10
987 174 pedestrian 0 0 -10 44.21 154.70 286.58 374.00 -10 -10 -10 -100    0 -1000 -1000 -10
987 162 pedestrian 0 0 -10 866.75 78.72 1233.98 221.07 -10 -10 -10 -100    0 -1000 -1000 -10
987 176 pedestrian 0 0 -10 245.10 165.85 290.48 251.90 -10 -10 -10 -100    0 -1000 -1000 -10
987 179 pedestrian 0 0 -10 625.14 184.69 902.77 323.41 -10 -10 -10 -100    0 -1000 -1000 -10
987 178 pedestrian 0 0 -10 640.81 151.73 691.64 227.98 -10 -10 -10 -100    0 -1000 -1000 -10
988 174 pedestrian 0 0 -10 2.24 157.10 256.08 374.00 -10 -10 -10 -100    0 -1000 -1000 -10
988 162 pedestrian 0 0 -10 876.15 80.06 1237.57 221.60 -10 -10 -10 -100    0 -1000 -1000 -10
988 176 pedestrian 0 0 -10 243.13 167.64 283.33 254.61 -10 -10 -10 -100    0 -1000 -1000 -10
988 179 pedestrian 0 0 -10 663.31 184.51 936.01 321.97 -10 -10 -10 -100    0 -1000 -1000 -10
988 178 pedestrian 0 0 -10 644.14 149.62 694.58 222.58 -10 -10 -10 -100    0 -1000 -1000 -10
989 174 pedestrian 0 0 -10 0.00 159.64 229.42 374.00 -10 -10 -10 -100    0 -1000 -1000 -10
989 162 pedestrian 0 0 -10 894.60 80.06 1237.70 220.55 -10 -10 -10 -100    0 -1000 -1000 -10
989 176 pedestrian 0 0 -10 242.25 170.99 275.29 258.03 -10 -10 -10 -100    0 -1000 -1000 -10
989 179 pedestrian 0 0 -10 697.08 183.94 968.40 318.33 -10 -10 -10 -100    0 -1000 -1000 -10
989 178 pedestrian 0 0 -10 646.62 145.02 705.21 223.99 -10 -10 -10 -100    0 -1000 -1000 -10
990 174 pedestrian 0 0 -10 0.00 156.27 198.81 374.00 -10 -10 -10 -100    0 -1000 -1000 -10
990 162 pedestrian 0 0 -10 900.58 79.70 1237.37 219.66 -10 -10 -10 -100    0 -1000 -1000 -10
990 176 pedestrian 0 0 -10 235.40 171.05 266.31 261.20 -10 -10 -10 -100    0 -1000 -1000 -10
990 179 pedestrian 0 0 -10 727.82 182.89 996.09 315.18 -10 -10 -10 -100    0 -1000 -1000 -10
990 178 pedestrian 0 0 -10 647.82 144.38 707.95 224.76 -10 -10 -10 -100    0 -1000 -1000 -10
991 174 pedestrian 0 0 -10 0.12 154.02 172.57 374.00 -10 -10 -10 -100    0 -1000 -1000 -10
991 162 pedestrian 0 0 -10 912.03 80.34 1237.67 219.26 -10 -10 -10 -100    0 -1000 -1000 -10
991 176 pedestrian 0 0 -10 234.90 172.05 266.81 263.43 -10 -10 -10 -100    0 -1000 -1000 -10
991 179 pedestrian 0 0 -10 757.22 181.43 1023.11 313.29 -10 -10 -10 -100    0 -1000 -1000 -10
991 178 pedestrian 0 0 -10 645.83 143.27 708.69 225.54 -10 -10 -10 -100    0 -1000 -1000 -10
992 174 pedestrian 0 0 -10 0.00 159.18 147.91 374.00 -10 -10 -10 -100    0 -1000 -1000 -10
992 162 pedestrian 0 0 -10 921.75 80.69 1237.92 217.90 -10 -10 -10 -100    0 -1000 -1000 -10
992 176 pedestrian 0 0 -10 232.40 170.88 265.57 263.57 -10 -10 -10 -100    0 -1000 -1000 -10
992 179 pedestrian 0 0 -10 783.28 181.70 1046.83 309.61 -10 -10 -10 -100    0 -1000 -1000 -10
992 178 pedestrian 0 0 -10 644.91 143.78 709.22 225.96 -10 -10 -10 -100    0 -1000 -1000 -10
993 174 pedestrian 0 0 -10 0.12 163.09 108.94 374.00 -10 -10 -10 -100    0 -1000 -1000 -10
993 162 pedestrian 0 0 -10 931.72 81.46 1237.99 217.04 -10 -10 -10 -100    0 -1000 -1000 -10
993 176 pedestrian 0 0 -10 231.41 170.82 265.91 263.90 -10 -10 -10 -100    0 -1000 -1000 -10
993 179 pedestrian 0 0 -10 808.86 180.62 1068.29 307.07 -10 -10 -10 -100    0 -1000 -1000 -10
993 171 pedestrian 0 0 -10 1166.07 169.07 1237.89 374.00 -10 -10 -10 -100    0 -1000 -1000 -10
993 178 pedestrian 0 0 -10 644.52 143.98 709.65 226.31 -10 -10 -10 -100    0 -1000 -1000 -10
994 162 pedestrian 0 0 -10 936.86 82.08 1237.93 216.62 -10 -10 -10 -100    0 -1000 -1000 -10
994 176 pedestrian 0 0 -10 229.00 170.11 263.94 262.15 -10 -10 -10 -100    0 -1000 -1000 -10
994 179 pedestrian 0 0 -10 830.43 180.83 1087.79 305.75 -10 -10 -10 -100    0 -1000 -1000 -10
994 171 pedestrian 0 0 -10 1156.66 166.74 1237.88 374.00 -10 -10 -10 -100    0 -1000 -1000 -10
994 178 pedestrian 0 0 -10 643.65 145.40 709.89 226.88 -10 -10 -10 -100    0 -1000 -1000 -10
995 162 pedestrian 0 0 -10 947.35 82.46 1237.91 216.10 -10 -10 -10 -100    0 -1000 -1000 -10
995 176 pedestrian 0 0 -10 221.70 169.54 256.34 260.03 -10 -10 -10 -100    0 -1000 -1000 -10
995 179 pedestrian 0 0 -10 851.68 179.60 1105.28 303.32 -10 -10 -10 -100    0 -1000 -1000 -10
995 171 pedestrian 0 0 -10 1146.79 167.96 1237.86 374.00 -10 -10 -10 -100    0 -1000 -1000 -10
995 178 pedestrian 0 0 -10 644.10 147.94 712.85 226.73 -10 -10 -10 -100    0 -1000 -1000 -10
996 162 pedestrian 0 0 -10 958.14 82.44 1237.72 216.03 -10 -10 -10 -100    0 -1000 -1000 -10
996 176 pedestrian 0 0 -10 213.13 168.20 248.57 252.50 -10 -10 -10 -100    0 -1000 -1000 -10
996 179 pedestrian 0 0 -10 870.66 178.78 1121.18 302.21 -10 -10 -10 -100    0 -1000 -1000 -10
996 171 pedestrian 0 0 -10 1136.26 169.57 1237.57 374.00 -10 -10 -10 -100    0 -1000 -1000 -10
996 178 pedestrian 0 0 -10 653.10 150.54 717.73 225.86 -10 -10 -10 -100    0 -1000 -1000 -10
997 162 pedestrian 0 0 -10 969.82 83.02 1237.90 214.55 -10 -10 -10 -100    0 -1000 -1000 -10
997 176 pedestrian 0 0 -10 208.33 168.00 244.34 248.69 -10 -10 -10 -100    0 -1000 -1000 -10
997 179 pedestrian 0 0 -10 888.11 179.02 1135.59 300.97 -10 -10 -10 -100    0 -1000 -1000 -10
997 171 pedestrian 0 0 -10 1125.86 168.69 1237.87 374.00 -10 -10 -10 -100    0 -1000 -1000 -10
997 178 pedestrian 0 0 -10 663.81 152.37 723.96 225.72 -10 -10 -10 -100    0 -1000 -1000 -10
998 162 pedestrian 0 0 -10 986.06 81.16 1238.00 211.00 -10 -10 -10 -100    0 -1000 -1000 -10
998 176 pedestrian 0 0 -10 205.20 169.25 239.38 245.67 -10 -10 -10 -100    0 -1000 -1000 -10
998 179 pedestrian 0 0 -10 904.03 178.40 1148.81 299.17 -10 -10 -10 -100    0 -1000 -1000 -10
998 171 pedestrian 0 0 -10 1109.93 164.18 1237.85 374.00 -10 -10 -10 -100    0 -1000 -1000 -10
998 178 pedestrian 0 0 -10 675.83 154.15 730.30 225.36 -10 -10 -10 -100    0 -1000 -1000 -10
999 162 pedestrian 0 0 -10 999.34 82.07 1238.00 210.37 -10 -10 -10 -100    0 -1000 -1000 -10
999 176 pedestrian 0 0 -10 199.66 169.33 235.24 245.46 -10 -10 -10 -100    0 -1000 -1000 -10
999 179 pedestrian 0 0 -10 916.87 177.98 1163.13 297.06 -10 -10 -10 -100    0 -1000 -1000 -10
999 171 pedestrian 0 0 -10 1161.11 162.91 1237.88 374.00 -10 -10 -10 -100    0 -1000 -1000 -10
999 178 pedestrian 0 0 -10 680.71 154.93 733.23 225.03 -10 -10 -10 -100    0 -1000 -1000 -10
1000 162 pedestrian 0 0 -10 1017.58 81.73 1238.00 208.29 -10 -10 -10 -100    0 -1000 -1000 -10
1000 179 pedestrian 0 0 -10 932.02 177.25 1176.34 295.97 -10 -10 -10 -100    0 -1000 -1000 -10
1000 171 pedestrian 0 0 -10 1138.32 162.84 1232.74 374.00 -10 -10 -10 -100    0 -1000 -1000 -10
1000 178 pedestrian 0 0 -10 683.55 154.84 736.21 224.21 -10 -10 -10 -100    0 -1000 -1000 -10
1001 162 pedestrian 0 0 -10 1027.90 82.11 1238.00 205.36 -10 -10 -10 -100    0 -1000 -1000 -10
1001 179 pedestrian 0 0 -10 940.65 177.30 1174.82 294.66 -10 -10 -10 -100    0 -1000 -1000 -10
1001 171 pedestrian 0 0 -10 1128.47 163.13 1216.84 374.00 -10 -10 -10 -100    0 -1000 -1000 -10
1001 178 pedestrian 0 0 -10 685.76 154.71 741.92 224.64 -10 -10 -10 -100    0 -1000 -1000 -10
1002 162 pedestrian 0 0 -10 1033.35 81.16 1237.83 206.97 -10 -10 -10 -100    0 -1000 -1000 -10
1002 179 pedestrian 0 0 -10 950.00 176.83 1188.12 293.87 -10 -10 -10 -100    0 -1000 -1000 -10
1002 171 pedestrian 0 0 -10 1112.70 163.61 1200.72 374.00 -10 -10 -10 -100    0 -1000 -1000 -10
1002 178 pedestrian 0 0 -10 686.83 154.49 744.93 223.95 -10 -10 -10 -100    0 -1000 -1000 -10
1003 162 pedestrian 0 0 -10 1037.02 82.56 1237.61 207.85 -10 -10 -10 -100    0 -1000 -1000 -10
1003 179 pedestrian 0 0 -10 957.13 175.81 1199.23 292.77 -10 -10 -10 -100    0 -1000 -1000 -10
1003 171 pedestrian 0 0 -10 1076.98 167.46 1190.50 374.00 -10 -10 -10 -100    0 -1000 -1000 -10
1003 178 pedestrian 0 0 -10 689.15 155.52 749.36 224.43 -10 -10 -10 -100    0 -1000 -1000 -10
1004 162 pedestrian 0 0 -10 1039.34 84.55 1237.67 208.52 -10 -10 -10 -100    0 -1000 -1000 -10
1004 179 pedestrian 0 0 -10 964.41 175.52 1203.74 291.41 -10 -10 -10 -100    0 -1000 -1000 -10
1004 171 pedestrian 0 0 -10 1049.07 170.71 1171.97 374.00 -10 -10 -10 -100    0 -1000 -1000 -10
1004 178 pedestrian 0 0 -10 691.78 154.90 752.32 224.28 -10 -10 -10 -100    0 -1000 -1000 -10
1005 162 pedestrian 0 0 -10 1043.22 83.38 1237.69 209.33 -10 -10 -10 -100    0 -1000 -1000 -10
1005 179 pedestrian 0 0 -10 970.70 176.79 1209.36 288.67 -10 -10 -10 -100    0 -1000 -1000 -10
1005 171 pedestrian 0 0 -10 1029.51 173.80 1143.69 374.00 -10 -10 -10 -100    0 -1000 -1000 -10
1005 178 pedestrian 0 0 -10 694.05 155.61 755.34 223.96 -10 -10 -10 -100    0 -1000 -1000 -10
1006 162 pedestrian 0 0 -10 1043.58 84.57 1237.65 208.32 -10 -10 -10 -100    0 -1000 -1000 -10
1006 179 pedestrian 0 0 -10 974.81 176.86 1212.32 291.04 -10 -10 -10 -100    0 -1000 -1000 -10
1006 171 pedestrian 0 0 -10 1013.13 171.07 1117.01 374.00 -10 -10 -10 -100    0 -1000 -1000 -10
1006 178 pedestrian 0 0 -10 696.01 155.44 758.11 223.41 -10 -10 -10 -100    0 -1000 -1000 -10
1007 162 pedestrian 0 0 -10 1050.64 86.23 1237.63 208.32 -10 -10 -10 -100    0 -1000 -1000 -10
1007 176 pedestrian 0 0 -10 155.05 171.40 189.43 248.74 -10 -10 -10 -100    0 -1000 -1000 -10
1007 179 pedestrian 0 0 -10 980.43 176.10 1216.22 290.54 -10 -10 -10 -100    0 -1000 -1000 -10
1007 171 pedestrian 0 0 -10 987.56 171.54 1096.38 374.00 -10 -10 -10 -100    0 -1000 -1000 -10
1007 178 pedestrian 0 0 -10 697.33 154.79 762.60 223.36 -10 -10 -10 -100    0 -1000 -1000 -10
1008 162 pedestrian 0 0 -10 1058.35 85.49 1237.76 207.66 -10 -10 -10 -100    0 -1000 -1000 -10
1008 176 pedestrian 0 0 -10 152.25 170.73 187.94 250.47 -10 -10 -10 -100    0 -1000 -1000 -10
1008 179 pedestrian 0 0 -10 980.98 175.28 1220.69 290.27 -10 -10 -10 -100    0 -1000 -1000 -10
1008 171 pedestrian 0 0 -10 973.71 170.16 1081.94 374.00 -10 -10 -10 -100    0 -1000 -1000 -10
1008 178 pedestrian 0 0 -10 699.14 154.00 765.97 223.34 -10 -10 -10 -100    0 -1000 -1000 -10
1009 162 pedestrian 0 0 -10 1064.80 87.08 1237.72 207.54 -10 -10 -10 -100    0 -1000 -1000 -10
1009 176 pedestrian 0 0 -10 144.20 173.59 181.36 253.88 -10 -10 -10 -100    0 -1000 -1000 -10
1009 179 pedestrian 0 0 -10 984.89 174.82 1221.49 289.37 -10 -10 -10 -100    0 -1000 -1000 -10
1009 171 pedestrian 0 0 -10 959.05 172.25 1058.12 374.00 -10 -10 -10 -100    0 -1000 -1000 -10
1009 178 pedestrian 0 0 -10 699.69 153.73 767.49 222.83 -10 -10 -10 -100    0 -1000 -1000 -10
1010 162 pedestrian 0 0 -10 1073.89 86.56 1237.78 206.97 -10 -10 -10 -100    0 -1000 -1000 -10
1010 176 pedestrian 0 0 -10 138.96 175.54 176.04 254.84 -10 -10 -10 -100    0 -1000 -1000 -10
1010 179 pedestrian 0 0 -10 986.23 174.90 1218.59 288.58 -10 -10 -10 -100    0 -1000 -1000 -10
1010 171 pedestrian 0 0 -10 944.28 173.74 1035.54 374.00 -10 -10 -10 -100    0 -1000 -1000 -10
1010 178 pedestrian 0 0 -10 700.65 154.70 768.89 222.75 -10 -10 -10 -100    0 -1000 -1000 -10
1011 162 pedestrian 0 0 -10 1090.58 83.69 1238.00 207.13 -10 -10 -10 -100    0 -1000 -1000 -10
1011 176 pedestrian 0 0 -10 129.50 174.42 167.18 254.04 -10 -10 -10 -100    0 -1000 -1000 -10
1011 179 pedestrian 0 0 -10 987.04 174.43 1220.17 288.37 -10 -10 -10 -100    0 -1000 -1000 -10
1011 171 pedestrian 0 0 -10 917.74 173.97 1011.57 374.00 -10 -10 -10 -100    0 -1000 -1000 -10
1011 178 pedestrian 0 0 -10 701.86 155.21 771.05 223.13 -10 -10 -10 -100    0 -1000 -1000 -10
1012 162 pedestrian 0 0 -10 1106.95 81.91 1238.00 205.97 -10 -10 -10 -100    0 -1000 -1000 -10
1012 176 pedestrian 0 0 -10 127.89 174.65 162.96 254.81 -10 -10 -10 -100    0 -1000 -1000 -10
1012 179 pedestrian 0 0 -10 987.76 174.31 1221.96 288.16 -10 -10 -10 -100    0 -1000 -1000 -10
1012 171 pedestrian 0 0 -10 893.83 169.57 996.60 374.00 -10 -10 -10 -100    0 -1000 -1000 -10
1012 178 pedestrian 0 0 -10 703.70 155.50 774.31 223.18 -10 -10 -10 -100    0 -1000 -1000 -10
1013 176 pedestrian 0 0 -10 124.82 173.75 160.06 254.52 -10 -10 -10 -100    0 -1000 -1000 -10
1013 179 pedestrian 0 0 -10 989.08 174.19 1222.94 287.71 -10 -10 -10 -100    0 -1000 -1000 -10
1013 171 pedestrian 0 0 -10 874.80 171.48 983.97 374.00 -10 -10 -10 -100    0 -1000 -1000 -10
1013 162 pedestrian 0 0 -10 1127.56 82.15 1238.00 204.05 -10 -10 -10 -100    0 -1000 -1000 -10
1013 178 pedestrian 0 0 -10 705.06 155.72 776.38 222.67 -10 -10 -10 -100    0 -1000 -1000 -10
1014 176 pedestrian 0 0 -10 120.60 173.65 157.89 255.06 -10 -10 -10 -100    0 -1000 -1000 -10
1014 179 pedestrian 0 0 -10 989.47 174.29 1222.45 287.46 -10 -10 -10 -100    0 -1000 -1000 -10
1014 171 pedestrian 0 0 -10 857.52 176.21 956.81 374.00 -10 -10 -10 -100    0 -1000 -1000 -10
1014 162 pedestrian 0 0 -10 1129.61 82.77 1238.00 204.42 -10 -10 -10 -100    0 -1000 -1000 -10
1014 178 pedestrian 0 0 -10 704.92 155.57 779.09 222.59 -10 -10 -10 -100    0 -1000 -1000 -10
1015 176 pedestrian 0 0 -10 115.17 175.45 153.65 255.84 -10 -10 -10 -100    0 -1000 -1000 -10
1015 179 pedestrian 0 0 -10 990.16 174.57 1220.80 287.50 -10 -10 -10 -100    0 -1000 -1000 -10
1015 171 pedestrian 0 0 -10 837.47 179.11 924.36 374.00 -10 -10 -10 -100    0 -1000 -1000 -10
1015 162 pedestrian 0 0 -10 1138.43 82.43 1238.00 203.23 -10 -10 -10 -100    0 -1000 -1000 -10
1015 178 pedestrian 0 0 -10 706.70 155.10 780.70 222.76 -10 -10 -10 -100    0 -1000 -1000 -10
1016 176 pedestrian 0 0 -10 106.13 175.16 143.64 255.91 -10 -10 -10 -100    0 -1000 -1000 -10
1016 179 pedestrian 0 0 -10 990.22 174.58 1220.86 287.51 -10 -10 -10 -100    0 -1000 -1000 -10
1016 171 pedestrian 0 0 -10 820.00 179.77 901.47 374.00 -10 -10 -10 -100    0 -1000 -1000 -10
1016 162 pedestrian 0 0 -10 1149.49 81.12 1237.58 203.54 -10 -10 -10 -100    0 -1000 -1000 -10
1016 178 pedestrian 0 0 -10 707.01 154.52 780.89 222.23 -10 -10 -10 -100    0 -1000 -1000 -10
1017 176 pedestrian 0 0 -10 95.13 171.06 135.06 252.33 -10 -10 -10 -100    0 -1000 -1000 -10
1017 179 pedestrian 0 0 -10 990.03 174.29 1220.96 287.47 -10 -10 -10 -100    0 -1000 -1000 -10
1017 171 pedestrian 0 0 -10 797.12 180.49 891.40 374.00 -10 -10 -10 -100    0 -1000 -1000 -10
1017 178 pedestrian 0 0 -10 708.18 154.04 783.29 222.55 -10 -10 -10 -100    0 -1000 -1000 -10
1018 176 pedestrian 0 0 -10 91.16 170.57 132.97 252.40 -10 -10 -10 -100    0 -1000 -1000 -10
1018 179 pedestrian 0 0 -10 990.20 174.42 1220.48 287.75 -10 -10 -10 -100    0 -1000 -1000 -10
1018 171 pedestrian 0 0 -10 778.31 180.92 871.67 374.00 -10 -10 -10 -100    0 -1000 -1000 -10
1018 178 pedestrian 0 0 -10 710.27 152.63 785.48 220.72 -10 -10 -10 -100    0 -1000 -1000 -10
1019 176 pedestrian 0 0 -10 84.91 171.24 130.66 254.17 -10 -10 -10 -100    0 -1000 -1000 -10
1019 179 pedestrian 0 0 -10 989.95 174.52 1220.39 288.09 -10 -10 -10 -100    0 -1000 -1000 -10
1019 171 pedestrian 0 0 -10 758.70 182.43 845.32 374.00 -10 -10 -10 -100    0 -1000 -1000 -10
1019 178 pedestrian 0 0 -10 738.99 149.27 794.34 218.56 -10 -10 -10 -100    0 -1000 -1000 -10
1020 176 pedestrian 0 0 -10 79.92 172.01 125.46 254.94 -10 -10 -10 -100    0 -1000 -1000 -10
1020 179 pedestrian 0 0 -10 990.08 174.60 1221.08 288.04 -10 -10 -10 -100    0 -1000 -1000 -10
1020 171 pedestrian 0 0 -10 736.47 178.08 824.90 374.00 -10 -10 -10 -100    0 -1000 -1000 -10
1020 178 pedestrian 0 0 -10 743.43 148.64 797.04 215.95 -10 -10 -10 -100    0 -1000 -1000 -10
1021 176 pedestrian 0 0 -10 73.43 173.54 120.70 257.35 -10 -10 -10 -100    0 -1000 -1000 -10
1021 179 pedestrian 0 0 -10 989.97 174.60 1221.30 288.19 -10 -10 -10 -100    0 -1000 -1000 -10
1021 171 pedestrian 0 0 -10 718.44 168.19 813.20 374.00 -10 -10 -10 -100    0 -1000 -1000 -10
1021 178 pedestrian 0 0 -10 744.89 148.14 798.61 219.74 -10 -10 -10 -100    0 -1000 -1000 -10
1022 176 pedestrian 0 0 -10 65.42 173.48 118.67 259.25 -10 -10 -10 -100    0 -1000 -1000 -10
1022 179 pedestrian 0 0 -10 989.91 174.41 1221.86 288.10 -10 -10 -10 -100    0 -1000 -1000 -10
1022 171 pedestrian 0 0 -10 697.19 180.81 795.67 374.00 -10 -10 -10 -100    0 -1000 -1000 -10
1022 178 pedestrian 0 0 -10 743.57 146.82 800.25 223.37 -10 -10 -10 -100    0 -1000 -1000 -10
1023 176 pedestrian 0 0 -10 60.77 171.91 115.71 260.66 -10 -10 -10 -100    0 -1000 -1000 -10
1023 179 pedestrian 0 0 -10 989.82 174.50 1222.56 287.97 -10 -10 -10 -100    0 -1000 -1000 -10
1023 171 pedestrian 0 0 -10 680.39 185.01 772.81 374.00 -10 -10 -10 -100    0 -1000 -1000 -10
1023 178 pedestrian 0 0 -10 744.12 149.24 801.46 225.12 -10 -10 -10 -100    0 -1000 -1000 -10
1024 179 pedestrian 0 0 -10 990.11 174.37 1222.68 288.13 -10 -10 -10 -100    0 -1000 -1000 -10
1024 176 pedestrian 0 0 -10 56.64 170.58 113.38 260.82 -10 -10 -10 -100    0 -1000 -1000 -10
1024 171 pedestrian 0 0 -10 662.76 185.20 748.20 374.00 -10 -10 -10 -100    0 -1000 -1000 -10
1024 178 pedestrian 0 0 -10 746.03 149.10 801.31 224.81 -10 -10 -10 -100    0 -1000 -1000 -10
1025 179 pedestrian 0 0 -10 990.09 174.19 1223.18 288.07 -10 -10 -10 -100    0 -1000 -1000 -10
1025 176 pedestrian 0 0 -10 53.84 171.77 108.06 261.37 -10 -10 -10 -100    0 -1000 -1000 -10
1025 171 pedestrian 0 0 -10 644.53 186.62 729.29 374.00 -10 -10 -10 -100    0 -1000 -1000 -10
1025 178 pedestrian 0 0 -10 747.95 147.60 801.02 228.20 -10 -10 -10 -100    0 -1000 -1000 -10
1026 179 pedestrian 0 0 -10 989.88 174.41 1222.43 287.83 -10 -10 -10 -100    0 -1000 -1000 -10
1026 176 pedestrian 0 0 -10 49.52 171.59 99.03 260.90 -10 -10 -10 -100    0 -1000 -1000 -10
1026 171 pedestrian 0 0 -10 621.60 184.86 716.27 374.00 -10 -10 -10 -100    0 -1000 -1000 -10
1026 178 pedestrian 0 0 -10 747.49 146.26 799.30 229.18 -10 -10 -10 -100    0 -1000 -1000 -10
1027 179 pedestrian 0 0 -10 990.14 174.45 1221.81 287.88 -10 -10 -10 -100    0 -1000 -1000 -10
1027 171 pedestrian 0 0 -10 605.11 186.43 698.67 374.00 -10 -10 -10 -100    0 -1000 -1000 -10
1027 178 pedestrian 0 0 -10 749.55 146.49 799.71 231.46 -10 -10 -10 -100    0 -1000 -1000 -10
1028 179 pedestrian 0 0 -10 990.67 174.55 1221.85 288.05 -10 -10 -10 -100    0 -1000 -1000 -10
1028 171 pedestrian 0 0 -10 586.63 185.83 675.77 374.00 -10 -10 -10 -100    0 -1000 -1000 -10
1028 178 pedestrian 0 0 -10 750.74 147.52 801.14 232.46 -10 -10 -10 -100    0 -1000 -1000 -10
1029 181 pedestrian 0 0 -10 1122.98 144.47 1157.74 218.67 -10 -10 -10 -100    0 -1000 -1000 -10
1029 179 pedestrian 0 0 -10 990.53 174.43 1221.80 288.04 -10 -10 -10 -100    0 -1000 -1000 -10
1029 171 pedestrian 0 0 -10 564.70 186.22 652.23 374.00 -10 -10 -10 -100    0 -1000 -1000 -10
1029 178 pedestrian 0 0 -10 751.69 147.15 801.70 231.91 -10 -10 -10 -100    0 -1000 -1000 -10
1030 181 pedestrian 0 0 -10 1119.00 143.76 1151.36 218.23 -10 -10 -10 -100    0 -1000 -1000 -10
1030 179 pedestrian 0 0 -10 990.38 174.69 1221.41 287.88 -10 -10 -10 -100    0 -1000 -1000 -10
1030 171 pedestrian 0 0 -10 545.09 186.78 637.35 374.00 -10 -10 -10 -100    0 -1000 -1000 -10
1030 178 pedestrian 0 0 -10 751.58 148.18 802.25 230.86 -10 -10 -10 -100    0 -1000 -1000 -10
1031 181 pedestrian 0 0 -10 1111.77 142.24 1145.46 219.54 -10 -10 -10 -100    0 -1000 -1000 -10
1031 179 pedestrian 0 0 -10 990.72 174.60 1221.71 287.93 -10 -10 -10 -100    0 -1000 -1000 -10
1031 171 pedestrian 0 0 -10 523.87 189.00 621.91 374.00 -10 -10 -10 -100    0 -1000 -1000 -10
1031 178 pedestrian 0 0 -10 751.59 149.92 803.88 228.82 -10 -10 -10 -100    0 -1000 -1000 -10
1032 181 pedestrian 0 0 -10 1107.18 141.11 1143.54 220.67 -10 -10 -10 -100    0 -1000 -1000 -10
1032 179 pedestrian 0 0 -10 990.93 174.52 1221.87 287.99 -10 -10 -10 -100    0 -1000 -1000 -10
1032 171 pedestrian 0 0 -10 501.59 187.93 605.41 374.00 -10 -10 -10 -100    0 -1000 -1000 -10
1032 178 pedestrian 0 0 -10 751.85 151.42 806.24 225.42 -10 -10 -10 -100    0 -1000 -1000 -10
1033 181 pedestrian 0 0 -10 1104.29 141.42 1141.14 220.85 -10 -10 -10 -100    0 -1000 -1000 -10
1033 179 pedestrian 0 0 -10 991.01 174.54 1222.02 288.47 -10 -10 -10 -100    0 -1000 -1000 -10
1033 171 pedestrian 0 0 -10 481.40 186.52 577.56 374.00 -10 -10 -10 -100    0 -1000 -1000 -10
1033 178 pedestrian 0 0 -10 752.79 154.56 808.44 220.49 -10 -10 -10 -100    0 -1000 -1000 -10
1034 179 pedestrian 0 0 -10 991.13 174.71 1222.21 288.50 -10 -10 -10 -100    0 -1000 -1000 -10
1034 171 pedestrian 0 0 -10 460.89 187.11 557.89 374.00 -10 -10 -10 -100    0 -1000 -1000 -10
1034 178 pedestrian 0 0 -10 754.33 156.22 809.56 218.32 -10 -10 -10 -100    0 -1000 -1000 -10
1035 179 pedestrian 0 0 -10 991.05 174.52 1222.10 288.21 -10 -10 -10 -100    0 -1000 -1000 -10
1035 171 pedestrian 0 0 -10 440.46 188.51 539.84 374.00 -10 -10 -10 -100    0 -1000 -1000 -10
1035 178 pedestrian 0 0 -10 754.15 157.31 809.71 217.80 -10 -10 -10 -100    0 -1000 -1000 -10
1036 179 pedestrian 0 0 -10 990.85 174.54 1221.97 288.08 -10 -10 -10 -100    0 -1000 -1000 -10
1036 171 pedestrian 0 0 -10 417.85 189.51 519.53 374.00 -10 -10 -10 -100    0 -1000 -1000 -10
1036 178 pedestrian 0 0 -10 755.44 157.17 811.31 217.04 -10 -10 -10 -100    0 -1000 -1000 -10
1037 179 pedestrian 0 0 -10 991.10 174.77 1222.51 288.60 -10 -10 -10 -100    0 -1000 -1000 -10
1037 171 pedestrian 0 0 -10 395.57 189.30 495.28 374.00 -10 -10 -10 -100    0 -1000 -1000 -10
1037 178 pedestrian 0 0 -10 755.98 157.61 811.27 214.10 -10 -10 -10 -100    0 -1000 -1000 -10
1038 179 pedestrian 0 0 -10 991.02 174.69 1222.29 288.08 -10 -10 -10 -100    0 -1000 -1000 -10
1038 171 pedestrian 0 0 -10 373.96 186.47 470.87 374.00 -10 -10 -10 -100    0 -1000 -1000 -10
1038 178 pedestrian 0 0 -10 759.86 156.58 818.41 213.21 -10 -10 -10 -100    0 -1000 -1000 -10
1039 179 pedestrian 0 0 -10 990.48 174.83 1221.51 287.94 -10 -10 -10 -100    0 -1000 -1000 -10
1039 171 pedestrian 0 0 -10 307.60 188.82 471.07 374.00 -10 -10 -10 -100    0 -1000 -1000 -10
1039 178 pedestrian 0 0 -10 776.58 157.20 827.10 213.76 -10 -10 -10 -100    0 -1000 -1000 -10
1040 179 pedestrian 0 0 -10 990.37 174.44 1221.95 288.04 -10 -10 -10 -100    0 -1000 -1000 -10
1040 171 pedestrian 0 0 -10 283.09 190.09 449.79 374.00 -10 -10 -10 -100    0 -1000 -1000 -10
1040 178 pedestrian 0 0 -10 782.48 158.31 834.45 214.68 -10 -10 -10 -100    0 -1000 -1000 -10
1041 179 pedestrian 0 0 -10 990.45 174.52 1221.87 288.03 -10 -10 -10 -100    0 -1000 -1000 -10
1041 171 pedestrian 0 0 -10 254.15 190.24 424.11 374.00 -10 -10 -10 -100    0 -1000 -1000 -10
1041 178 pedestrian 0 0 -10 784.09 158.63 836.13 214.74 -10 -10 -10 -100    0 -1000 -1000 -10
1042 183 pedestrian 0 0 -10 755.23 158.80 774.54 209.64 -10 -10 -10 -100    0 -1000 -1000 -10
1042 179 pedestrian 0 0 -10 990.44 174.46 1222.29 288.04 -10 -10 -10 -100    0 -1000 -1000 -10
1042 171 pedestrian 0 0 -10 225.03 191.35 398.58 374.00 -10 -10 -10 -100    0 -1000 -1000 -10
1042 178 pedestrian 0 0 -10 786.43 158.63 838.58 214.37 -10 -10 -10 -100    0 -1000 -1000 -10
1043 184 pedestrian 0 0 -10 1131.68 145.57 1180.64 213.21 -10 -10 -10 -100    0 -1000 -1000 -10
1043 183 pedestrian 0 0 -10 755.23 158.97 774.13 208.72 -10 -10 -10 -100    0 -1000 -1000 -10
1043 179 pedestrian 0 0 -10 990.41 174.42 1222.09 288.07 -10 -10 -10 -100    0 -1000 -1000 -10
1043 171 pedestrian 0 0 -10 196.56 192.44 375.40 374.00 -10 -10 -10 -100    0 -1000 -1000 -10
1043 178 pedestrian 0 0 -10 790.00 158.57 840.41 214.16 -10 -10 -10 -100    0 -1000 -1000 -10
1044 184 pedestrian 0 0 -10 1130.18 145.71 1179.57 212.86 -10 -10 -10 -100    0 -1000 -1000 -10
1044 183 pedestrian 0 0 -10 755.21 159.14 773.72 208.51 -10 -10 -10 -100    0 -1000 -1000 -10
1044 179 pedestrian 0 0 -10 990.49 174.72 1221.31 288.17 -10 -10 -10 -100    0 -1000 -1000 -10
1044 171 pedestrian 0 0 -10 176.00 194.51 358.46 374.00 -10 -10 -10 -100    0 -1000 -1000 -10
1044 178 pedestrian 0 0 -10 792.15 159.29 840.37 214.67 -10 -10 -10 -100    0 -1000 -1000 -10
1045 184 pedestrian 0 0 -10 1083.08 144.05 1184.25 211.87 -10 -10 -10 -100    0 -1000 -1000 -10
1045 183 pedestrian 0 0 -10 755.42 159.39 773.76 208.27 -10 -10 -10 -100    0 -1000 -1000 -10
1045 179 pedestrian 0 0 -10 990.38 174.91 1221.04 288.30 -10 -10 -10 -100    0 -1000 -1000 -10
1045 171 pedestrian 0 0 -10 140.90 195.16 328.04 374.00 -10 -10 -10 -100    0 -1000 -1000 -10
1045 178 pedestrian 0 0 -10 797.01 158.97 843.12 213.98 -10 -10 -10 -100    0 -1000 -1000 -10
1046 184 pedestrian 0 0 -10 1085.83 143.80 1184.97 211.21 -10 -10 -10 -100    0 -1000 -1000 -10
1046 183 pedestrian 0 0 -10 755.13 159.05 773.63 208.12 -10 -10 -10 -100    0 -1000 -1000 -10
1046 179 pedestrian 0 0 -10 990.31 175.21 1220.79 288.50 -10 -10 -10 -100    0 -1000 -1000 -10
1046 171 pedestrian 0 0 -10 112.32 195.74 302.55 374.00 -10 -10 -10 -100    0 -1000 -1000 -10
1046 178 pedestrian 0 0 -10 797.82 158.82 843.65 214.09 -10 -10 -10 -100    0 -1000 -1000 -10
1047 183 pedestrian 0 0 -10 755.54 158.90 773.70 207.46 -10 -10 -10 -100    0 -1000 -1000 -10
1047 179 pedestrian 0 0 -10 990.34 175.63 1221.05 288.91 -10 -10 -10 -100    0 -1000 -1000 -10
1047 171 pedestrian 0 0 -10 80.83 196.32 276.37 374.00 -10 -10 -10 -100    0 -1000 -1000 -10
1047 184 pedestrian 0 0 -10 1085.11 146.88 1186.42 213.23 -10 -10 -10 -100    0 -1000 -1000 -10
1047 178 pedestrian 0 0 -10 807.22 159.00 851.31 213.79 -10 -10 -10 -100    0 -1000 -1000 -10
1048 183 pedestrian 0 0 -10 755.12 158.89 773.29 207.64 -10 -10 -10 -100    0 -1000 -1000 -10
1048 179 pedestrian 0 0 -10 990.29 175.84 1220.42 289.49 -10 -10 -10 -100    0 -1000 -1000 -10
1048 171 pedestrian 0 0 -10 47.46 198.42 251.03 374.00 -10 -10 -10 -100    0 -1000 -1000 -10
1048 184 pedestrian 0 0 -10 1088.32 145.07 1188.52 214.15 -10 -10 -10 -100    0 -1000 -1000 -10
1048 178 pedestrian 0 0 -10 815.02 157.56 854.91 212.50 -10 -10 -10 -100    0 -1000 -1000 -10
1049 183 pedestrian 0 0 -10 755.37 160.15 773.67 208.34 -10 -10 -10 -100    0 -1000 -1000 -10
1049 179 pedestrian 0 0 -10 989.93 176.32 1220.68 290.32 -10 -10 -10 -100    0 -1000 -1000 -10
1049 171 pedestrian 0 0 -10 12.67 199.45 223.30 374.00 -10 -10 -10 -100    0 -1000 -1000 -10
1049 184 pedestrian 0 0 -10 1086.98 144.88 1184.03 215.43 -10 -10 -10 -100    0 -1000 -1000 -10
1049 178 pedestrian 0 0 -10 803.23 158.98 850.70 213.97 -10 -10 -10 -100    0 -1000 -1000 -10
1050 183 pedestrian 0 0 -10 755.36 159.76 773.54 207.92 -10 -10 -10 -100    0 -1000 -1000 -10
1050 179 pedestrian 0 0 -10 990.13 176.56 1221.02 290.67 -10 -10 -10 -100    0 -1000 -1000 -10
1050 171 pedestrian 0 0 -10 0.00 200.65 191.88 374.00 -10 -10 -10 -100    0 -1000 -1000 -10
1050 184 pedestrian 0 0 -10 1085.30 145.63 1177.46 216.68 -10 -10 -10 -100    0 -1000 -1000 -10
1050 178 pedestrian 0 0 -10 807.75 159.35 853.25 214.61 -10 -10 -10 -100    0 -1000 -1000 -10
1051 183 pedestrian 0 0 -10 754.98 159.78 773.31 207.90 -10 -10 -10 -100    0 -1000 -1000 -10
1051 179 pedestrian 0 0 -10 990.49 176.79 1221.48 290.95 -10 -10 -10 -100    0 -1000 -1000 -10
1051 171 pedestrian 0 0 -10 0.00 196.66 163.05 374.00 -10 -10 -10 -100    0 -1000 -1000 -10
1051 184 pedestrian 0 0 -10 1083.12 143.65 1186.66 213.93 -10 -10 -10 -100    0 -1000 -1000 -10
1051 178 pedestrian 0 0 -10 815.96 158.19 857.51 214.30 -10 -10 -10 -100    0 -1000 -1000 -10
1052 183 pedestrian 0 0 -10 755.05 159.30 773.34 207.92 -10 -10 -10 -100    0 -1000 -1000 -10
1052 179 pedestrian 0 0 -10 991.06 177.07 1221.90 291.36 -10 -10 -10 -100    0 -1000 -1000 -10
1052 171 pedestrian 0 0 -10 0.00 191.32 136.85 374.00 -10 -10 -10 -100    0 -1000 -1000 -10
1052 184 pedestrian 0 0 -10 1084.38 144.10 1164.50 218.34 -10 -10 -10 -100    0 -1000 -1000 -10
1052 178 pedestrian 0 0 -10 816.73 158.61 857.85 214.16 -10 -10 -10 -100    0 -1000 -1000 -10
1053 183 pedestrian 0 0 -10 755.10 159.58 773.35 207.94 -10 -10 -10 -100    0 -1000 -1000 -10
1053 179 pedestrian 0 0 -10 991.04 177.06 1223.94 291.57 -10 -10 -10 -100    0 -1000 -1000 -10
1053 184 pedestrian 0 0 -10 1083.19 142.75 1196.42 215.60 -10 -10 -10 -100    0 -1000 -1000 -10
1053 178 pedestrian 0 0 -10 820.67 159.12 862.54 215.38 -10 -10 -10 -100    0 -1000 -1000 -10
1054 183 pedestrian 0 0 -10 754.71 159.92 773.13 208.31 -10 -10 -10 -100    0 -1000 -1000 -10
1054 179 pedestrian 0 0 -10 991.38 177.42 1224.64 292.14 -10 -10 -10 -100    0 -1000 -1000 -10
1054 184 pedestrian 0 0 -10 1085.10 143.78 1201.46 217.94 -10 -10 -10 -100    0 -1000 -1000 -10
1054 178 pedestrian 0 0 -10 822.82 158.92 863.64 215.79 -10 -10 -10 -100    0 -1000 -1000 -10
1055 183 pedestrian 0 0 -10 753.65 159.95 773.09 209.64 -10 -10 -10 -100    0 -1000 -1000 -10
1055 179 pedestrian 0 0 -10 992.01 177.77 1226.35 293.22 -10 -10 -10 -100    0 -1000 -1000 -10
1055 184 pedestrian 0 0 -10 1085.78 143.08 1206.04 220.82 -10 -10 -10 -100    0 -1000 -1000 -10
1055 178 pedestrian 0 0 -10 822.40 158.33 863.72 217.38 -10 -10 -10 -100    0 -1000 -1000 -10
1056 183 pedestrian 0 0 -10 753.92 160.18 773.39 209.93 -10 -10 -10 -100    0 -1000 -1000 -10
1056 179 pedestrian 0 0 -10 992.71 178.32 1227.94 293.79 -10 -10 -10 -100    0 -1000 -1000 -10
1056 184 pedestrian 0 0 -10 1085.49 144.96 1208.73 222.30 -10 -10 -10 -100    0 -1000 -1000 -10
1056 178 pedestrian 0 0 -10 823.62 158.54 865.42 218.61 -10 -10 -10 -100    0 -1000 -1000 -10
1057 183 pedestrian 0 0 -10 753.90 159.86 773.81 209.77 -10 -10 -10 -100    0 -1000 -1000 -10
1057 179 pedestrian 0 0 -10 993.16 179.00 1229.60 294.73 -10 -10 -10 -100    0 -1000 -1000 -10
1057 184 pedestrian 0 0 -10 1085.39 145.53 1211.91 223.24 -10 -10 -10 -100    0 -1000 -1000 -10
1057 178 pedestrian 0 0 -10 824.10 158.58 866.59 218.73 -10 -10 -10 -100    0 -1000 -1000 -10
1058 183 pedestrian 0 0 -10 754.57 159.83 773.82 209.52 -10 -10 -10 -100    0 -1000 -1000 -10
1058 179 pedestrian 0 0 -10 994.31 179.34 1230.87 295.41 -10 -10 -10 -100    0 -1000 -1000 -10
1058 184 pedestrian 0 0 -10 1086.63 147.33 1214.91 225.64 -10 -10 -10 -100    0 -1000 -1000 -10
1058 178 pedestrian 0 0 -10 823.28 159.36 867.65 219.54 -10 -10 -10 -100    0 -1000 -1000 -10
