0 14 pedestrian 0 0 -10 381.84 175.92 433.96 216.38 -10 -10 -10 -100    0 -1000 -1000 -10
0 13 pedestrian 0 0 -10 419.60 181.43 469.76 216.11 -10 -10 -10 -100    0 -1000 -1000 -10
0 12 pedestrian 0 0 -10 446.77 166.84 654.74 208.19 -10 -10 -10 -100    0 -1000 -1000 -10
0 11 pedestrian 0 0 -10 627.40 178.43 652.60 205.09 -10 -10 -10 -100    0 -1000 -1000 -10
0 10 pedestrian 0 0 -10 645.80 180.40 678.53 211.30 -10 -10 -10 -100    0 -1000 -1000 -10
0 9 pedestrian 0 0 -10 489.69 179.96 539.69 219.68 -10 -10 -10 -100    0 -1000 -1000 -10
0 8 pedestrian 0 0 -10 532.40 180.37 558.36 202.17 -10 -10 -10 -100    0 -1000 -1000 -10
0 7 pedestrian 0 0 -10 663.19 177.82 727.98 236.07 -10 -10 -10 -100    0 -1000 -1000 -10
0 6 pedestrian 0 0 -10 586.32 177.04 617.74 209.93 -10 -10 -10 -100    0 -1000 -1000 -10
0 5 pedestrian 0 0 -10 459.66 177.01 525.49 234.10 -10 -10 -10 -100    0 -1000 -1000 -10
0 4 pedestrian 0 0 -10 284.88 178.02 385.01 244.61 -10 -10 -10 -100    0 -1000 -1000 -10
0 3 pedestrian 0 0 -10 685.99 188.89 794.33 301.95 -10 -10 -10 -100    0 -1000 -1000 -10
0 2 pedestrian 0 0 -10 344.83 184.38 480.51 284.77 -10 -10 -10 -100    0 -1000 -1000 -10
0 1 pedestrian 0 0 -10 0.00 189.57 200.26 338.72 -10 -10 -10 -100    0 -1000 -1000 -10
1 14 pedestrian 0 0 -10 380.42 175.86 432.44 216.88 -10 -10 -10 -100    0 -1000 -1000 -10
1 13 pedestrian 0 0 -10 418.24 180.70 468.02 215.36 -10 -10 -10 -100    0 -1000 -1000 -10
1 12 pedestrian 0 0 -10 447.09 166.59 654.88 207.48 -10 -10 -10 -100    0 -1000 -1000 -10
1 11 pedestrian 0 0 -10 626.95 178.09 652.33 204.60 -10 -10 -10 -100    0 -1000 -1000 -10
1 10 pedestrian 0 0 -10 645.23 179.89 677.24 210.76 -10 -10 -10 -100    0 -1000 -1000 -10
1 9 pedestrian 0 0 -10 489.18 179.80 539.47 219.62 -10 -10 -10 -100    0 -1000 -1000 -10
1 8 pedestrian 0 0 -10 531.98 180.19 557.95 201.97 -10 -10 -10 -100    0 -1000 -1000 -10
1 7 pedestrian 0 0 -10 663.37 177.59 728.02 235.67 -10 -10 -10 -100    0 -1000 -1000 -10
1 6 pedestrian 0 0 -10 586.12 176.86 617.24 209.39 -10 -10 -10 -100    0 -1000 -1000 -10
1 5 pedestrian 0 0 -10 459.25 176.57 524.82 233.86 -10 -10 -10 -100    0 -1000 -1000 -10
1 4 pedestrian 0 0 -10 279.36 177.60 382.18 245.48 -10 -10 -10 -100    0 -1000 -1000 -10
1 3 pedestrian 0 0 -10 689.31 189.01 798.50 303.49 -10 -10 -10 -100    0 -1000 -1000 -10
1 2 pedestrian 0 0 -10 340.97 184.43 478.70 286.33 -10 -10 -10 -100    0 -1000 -1000 -10
1 1 pedestrian 0 0 -10 0.00 189.35 192.95 339.48 -10 -10 -10 -100    0 -1000 -1000 -10
2 14 pedestrian 0 0 -10 377.88 175.57 430.84 217.61 -10 -10 -10 -100    0 -1000 -1000 -10
2 13 pedestrian 0 0 -10 415.94 180.15 465.77 214.89 -10 -10 -10 -100    0 -1000 -1000 -10
2 12 pedestrian 0 0 -10 447.61 166.36 655.21 207.11 -10 -10 -10 -100    0 -1000 -1000 -10
2 11 pedestrian 0 0 -10 626.46 177.86 652.33 204.40 -10 -10 -10 -100    0 -1000 -1000 -10
2 10 pedestrian 0 0 -10 644.76 179.60 675.97 210.29 -10 -10 -10 -100    0 -1000 -1000 -10
2 9 pedestrian 0 0 -10 488.51 179.60 539.32 219.70 -10 -10 -10 -100    0 -1000 -1000 -10
2 8 pedestrian 0 0 -10 531.86 179.83 557.93 201.70 -10 -10 -10 -100    0 -1000 -1000 -10
2 7 pedestrian 0 0 -10 663.35 177.42 728.24 235.60 -10 -10 -10 -100    0 -1000 -1000 -10
2 6 pedestrian 0 0 -10 585.95 176.74 616.84 209.29 -10 -10 -10 -100    0 -1000 -1000 -10
2 5 pedestrian 0 0 -10 458.90 176.16 524.34 233.85 -10 -10 -10 -100    0 -1000 -1000 -10
2 4 pedestrian 0 0 -10 275.34 176.98 379.49 246.34 -10 -10 -10 -100    0 -1000 -1000 -10
2 3 pedestrian 0 0 -10 692.81 189.05 802.66 304.97 -10 -10 -10 -100    0 -1000 -1000 -10
2 2 pedestrian 0 0 -10 336.60 184.09 476.79 288.15 -10 -10 -10 -100    0 -1000 -1000 -10
2 1 pedestrian 0 0 -10 0.00 189.73 185.89 339.68 -10 -10 -10 -100    0 -1000 -1000 -10
3 14 pedestrian 0 0 -10 375.97 174.94 426.50 218.34 -10 -10 -10 -100    0 -1000 -1000 -10
3 13 pedestrian 0 0 -10 413.41 180.80 465.02 216.72 -10 -10 -10 -100    0 -1000 -1000 -10
3 12 pedestrian 0 0 -10 446.51 166.83 655.46 207.62 -10 -10 -10 -100    0 -1000 -1000 -10
3 11 pedestrian 0 0 -10 626.02 178.12 651.86 204.73 -10 -10 -10 -100    0 -1000 -1000 -10
3 10 pedestrian 0 0 -10 644.66 179.99 675.68 210.83 -10 -10 -10 -100    0 -1000 -1000 -10
3 9 pedestrian 0 0 -10 487.90 179.66 537.57 220.33 -10 -10 -10 -100    0 -1000 -1000 -10
3 8 pedestrian 0 0 -10 532.17 180.42 557.76 202.01 -10 -10 -10 -100    0 -1000 -1000 -10
3 7 pedestrian 0 0 -10 663.08 177.82 727.92 236.06 -10 -10 -10 -100    0 -1000 -1000 -10
3 6 pedestrian 0 0 -10 586.16 177.33 616.66 209.29 -10 -10 -10 -100    0 -1000 -1000 -10
3 5 pedestrian 0 0 -10 458.49 176.42 524.00 234.30 -10 -10 -10 -100    0 -1000 -1000 -10
3 4 pedestrian 0 0 -10 270.17 177.73 376.21 247.51 -10 -10 -10 -100    0 -1000 -1000 -10
3 3 pedestrian 0 0 -10 696.52 189.44 806.17 305.40 -10 -10 -10 -100    0 -1000 -1000 -10
3 2 pedestrian 0 0 -10 331.66 184.62 475.08 289.79 -10 -10 -10 -100    0 -1000 -1000 -10
3 1 pedestrian 0 0 -10 0.00 190.55 177.31 341.45 -10 -10 -10 -100    0 -1000 -1000 -10
4 14 pedestrian 0 0 -10 372.35 174.50 425.09 223.13 -10 -10 -10 -100    0 -1000 -1000 -10
4 13 pedestrian 0 0 -10 411.81 180.92 463.91 217.24 -10 -10 -10 -100    0 -1000 -1000 -10
4 12 pedestrian 0 0 -10 445.22 167.19 655.63 207.93 -10 -10 -10 -100    0 -1000 -1000 -10
4 11 pedestrian 0 0 -10 625.74 178.02 651.34 204.28 -10 -10 -10 -100    0 -1000 -1000 -10
4 10 pedestrian 0 0 -10 644.39 179.52 675.78 210.81 -10 -10 -10 -100    0 -1000 -1000 -10
4 9 pedestrian 0 0 -10 487.94 179.72 537.49 220.51 -10 -10 -10 -100    0 -1000 -1000 -10
4 8 pedestrian 0 0 -10 531.54 180.38 557.29 202.07 -10 -10 -10 -100    0 -1000 -1000 -10
4 7 pedestrian 0 0 -10 662.82 177.89 727.79 236.13 -10 -10 -10 -100    0 -1000 -1000 -10
4 6 pedestrian 0 0 -10 586.14 177.51 616.76 209.60 -10 -10 -10 -100    0 -1000 -1000 -10
4 5 pedestrian 0 0 -10 457.87 176.34 523.63 234.51 -10 -10 -10 -100    0 -1000 -1000 -10
4 4 pedestrian 0 0 -10 264.46 177.59 373.01 248.61 -10 -10 -10 -100    0 -1000 -1000 -10
4 3 pedestrian 0 0 -10 698.67 189.34 809.63 305.40 -10 -10 -10 -100    0 -1000 -1000 -10
4 2 pedestrian 0 0 -10 326.80 184.48 473.59 291.26 -10 -10 -10 -100    0 -1000 -1000 -10
4 1 pedestrian 0 0 -10 0.00 192.38 170.49 341.27 -10 -10 -10 -100    0 -1000 -1000 -10
5 14 pedestrian 0 0 -10 368.84 174.31 425.50 227.96 -10 -10 -10 -100    0 -1000 -1000 -10
5 13 pedestrian 0 0 -10 410.25 180.72 462.49 217.54 -10 -10 -10 -100    0 -1000 -1000 -10
5 12 pedestrian 0 0 -10 444.41 167.00 655.58 207.70 -10 -10 -10 -100    0 -1000 -1000 -10
5 11 pedestrian 0 0 -10 624.68 177.65 650.91 204.25 -10 -10 -10 -100    0 -1000 -1000 -10
5 10 pedestrian 0 0 -10 644.11 179.21 674.51 210.16 -10 -10 -10 -100    0 -1000 -1000 -10
5 9 pedestrian 0 0 -10 486.35 179.25 536.66 220.38 -10 -10 -10 -100    0 -1000 -1000 -10
5 8 pedestrian 0 0 -10 531.15 180.21 556.89 201.70 -10 -10 -10 -100    0 -1000 -1000 -10
5 7 pedestrian 0 0 -10 662.58 177.81 727.64 235.64 -10 -10 -10 -100    0 -1000 -1000 -10
5 6 pedestrian 0 0 -10 585.82 177.09 616.65 209.47 -10 -10 -10 -100    0 -1000 -1000 -10
5 5 pedestrian 0 0 -10 456.71 175.98 522.77 234.58 -10 -10 -10 -100    0 -1000 -1000 -10
5 4 pedestrian 0 0 -10 259.32 177.22 369.09 249.47 -10 -10 -10 -100    0 -1000 -1000 -10
5 3 pedestrian 0 0 -10 700.66 189.07 813.16 304.96 -10 -10 -10 -100    0 -1000 -1000 -10
5 2 pedestrian 0 0 -10 322.41 184.41 471.38 293.03 -10 -10 -10 -100    0 -1000 -1000 -10
5 1 pedestrian 0 0 -10 0.00 192.11 162.14 345.94 -10 -10 -10 -100    0 -1000 -1000 -10
6 14 pedestrian 0 0 -10 362.97 175.46 426.08 234.28 -10 -10 -10 -100    0 -1000 -1000 -10
6 13 pedestrian 0 0 -10 409.71 180.99 461.69 218.09 -10 -10 -10 -100    0 -1000 -1000 -10
6 12 pedestrian 0 0 -10 443.28 167.04 655.30 208.26 -10 -10 -10 -100    0 -1000 -1000 -10
6 11 pedestrian 0 0 -10 624.55 178.12 649.84 203.99 -10 -10 -10 -100    0 -1000 -1000 -10
6 10 pedestrian 0 0 -10 643.55 179.18 673.95 210.43 -10 -10 -10 -100    0 -1000 -1000 -10
6 9 pedestrian 0 0 -10 485.34 179.38 536.26 220.96 -10 -10 -10 -100    0 -1000 -1000 -10
6 8 pedestrian 0 0 -10 530.21 180.54 556.14 202.31 -10 -10 -10 -100    0 -1000 -1000 -10
6 7 pedestrian 0 0 -10 662.19 177.99 727.56 236.07 -10 -10 -10 -100    0 -1000 -1000 -10
6 6 pedestrian 0 0 -10 585.53 177.25 616.70 209.89 -10 -10 -10 -100    0 -1000 -1000 -10
6 5 pedestrian 0 0 -10 456.00 176.18 521.53 235.25 -10 -10 -10 -100    0 -1000 -1000 -10
6 4 pedestrian 0 0 -10 253.70 177.69 367.28 251.10 -10 -10 -10 -100    0 -1000 -1000 -10
6 3 pedestrian 0 0 -10 702.43 189.34 816.74 305.82 -10 -10 -10 -100    0 -1000 -1000 -10
6 2 pedestrian 0 0 -10 317.71 184.24 469.75 295.09 -10 -10 -10 -100    0 -1000 -1000 -10
6 1 pedestrian 0 0 -10 0.00 192.90 153.15 348.16 -10 -10 -10 -100    0 -1000 -1000 -10
7 14 pedestrian 0 0 -10 360.15 175.79 425.09 237.54 -10 -10 -10 -100    0 -1000 -1000 -10
7 13 pedestrian 0 0 -10 408.19 180.91 460.14 218.28 -10 -10 -10 -100    0 -1000 -1000 -10
7 12 pedestrian 0 0 -10 443.65 166.97 654.90 208.11 -10 -10 -10 -100    0 -1000 -1000 -10
7 11 pedestrian 0 0 -10 624.52 178.22 649.36 203.61 -10 -10 -10 -100    0 -1000 -1000 -10
7 10 pedestrian 0 0 -10 643.31 179.07 673.50 210.01 -10 -10 -10 -100    0 -1000 -1000 -10
7 9 pedestrian 0 0 -10 485.32 179.40 536.53 220.91 -10 -10 -10 -100    0 -1000 -1000 -10
7 8 pedestrian 0 0 -10 530.58 180.38 556.39 202.13 -10 -10 -10 -100    0 -1000 -1000 -10
7 7 pedestrian 0 0 -10 661.92 178.21 727.68 236.18 -10 -10 -10 -100    0 -1000 -1000 -10
7 6 pedestrian 0 0 -10 585.29 177.23 616.45 209.87 -10 -10 -10 -100    0 -1000 -1000 -10
7 5 pedestrian 0 0 -10 455.40 176.32 521.52 235.44 -10 -10 -10 -100    0 -1000 -1000 -10
7 4 pedestrian 0 0 -10 247.72 178.06 363.41 252.44 -10 -10 -10 -100    0 -1000 -1000 -10
7 3 pedestrian 0 0 -10 703.61 189.68 819.49 306.13 -10 -10 -10 -100    0 -1000 -1000 -10
7 2 pedestrian 0 0 -10 313.42 184.24 468.78 296.80 -10 -10 -10 -100    0 -1000 -1000 -10
7 1 pedestrian 0 0 -10 0.00 192.92 144.99 347.02 -10 -10 -10 -100    0 -1000 -1000 -10
8 14 pedestrian 0 0 -10 358.55 175.67 424.16 238.74 -10 -10 -10 -100    0 -1000 -1000 -10
8 13 pedestrian 0 0 -10 406.35 180.81 458.71 218.40 -10 -10 -10 -100    0 -1000 -1000 -10
8 12 pedestrian 0 0 -10 444.26 166.79 654.65 207.91 -10 -10 -10 -100    0 -1000 -1000 -10
8 11 pedestrian 0 0 -10 624.60 177.97 649.29 203.48 -10 -10 -10 -100    0 -1000 -1000 -10
8 10 pedestrian 0 0 -10 643.30 178.79 673.30 209.77 -10 -10 -10 -100    0 -1000 -1000 -10
8 9 pedestrian 0 0 -10 485.63 179.33 536.85 220.81 -10 -10 -10 -100    0 -1000 -1000 -10
8 8 pedestrian 0 0 -10 530.12 180.29 556.15 201.97 -10 -10 -10 -100    0 -1000 -1000 -10
8 7 pedestrian 0 0 -10 662.06 178.09 727.67 236.04 -10 -10 -10 -100    0 -1000 -1000 -10
8 6 pedestrian 0 0 -10 585.47 177.23 616.17 209.64 -10 -10 -10 -100    0 -1000 -1000 -10
8 5 pedestrian 0 0 -10 454.57 175.96 521.55 235.59 -10 -10 -10 -100    0 -1000 -1000 -10
8 4 pedestrian 0 0 -10 242.02 177.68 360.82 253.03 -10 -10 -10 -100    0 -1000 -1000 -10
8 3 pedestrian 0 0 -10 705.08 189.31 822.82 306.65 -10 -10 -10 -100    0 -1000 -1000 -10
8 2 pedestrian 0 0 -10 309.59 184.52 467.16 298.58 -10 -10 -10 -100    0 -1000 -1000 -10
8 1 pedestrian 0 0 -10 0.00 192.22 136.97 348.20 -10 -10 -10 -100    0 -1000 -1000 -10
9 14 pedestrian 0 0 -10 355.20 176.02 422.87 239.62 -10 -10 -10 -100    0 -1000 -1000 -10
9 13 pedestrian 0 0 -10 405.01 180.84 458.13 218.82 -10 -10 -10 -100    0 -1000 -1000 -10
9 12 pedestrian 0 0 -10 445.27 166.96 655.80 207.79 -10 -10 -10 -100    0 -1000 -1000 -10
9 11 pedestrian 0 0 -10 624.54 177.78 649.14 203.30 -10 -10 -10 -100    0 -1000 -1000 -10
9 10 pedestrian 0 0 -10 643.52 178.66 673.25 209.55 -10 -10 -10 -100    0 -1000 -1000 -10
9 9 pedestrian 0 0 -10 484.96 179.28 536.21 220.73 -10 -10 -10 -100    0 -1000 -1000 -10
9 8 pedestrian 0 0 -10 529.97 180.17 555.87 201.71 -10 -10 -10 -100    0 -1000 -1000 -10
9 7 pedestrian 0 0 -10 662.48 178.34 728.32 236.21 -10 -10 -10 -100    0 -1000 -1000 -10
9 6 pedestrian 0 0 -10 585.87 177.21 616.13 209.46 -10 -10 -10 -100    0 -1000 -1000 -10
9 5 pedestrian 0 0 -10 454.37 175.95 521.19 235.83 -10 -10 -10 -100    0 -1000 -1000 -10
9 4 pedestrian 0 0 -10 237.10 177.50 357.40 254.19 -10 -10 -10 -100    0 -1000 -1000 -10
9 3 pedestrian 0 0 -10 706.30 189.30 825.72 306.25 -10 -10 -10 -100    0 -1000 -1000 -10
9 2 pedestrian 0 0 -10 305.63 184.50 465.91 300.07 -10 -10 -10 -100    0 -1000 -1000 -10
9 1 pedestrian 0 0 -10 0.00 190.44 128.33 349.79 -10 -10 -10 -100    0 -1000 -1000 -10
10 14 pedestrian 0 0 -10 351.61 176.63 421.35 240.03 -10 -10 -10 -100    0 -1000 -1000 -10
10 13 pedestrian 0 0 -10 403.77 180.81 457.27 219.01 -10 -10 -10 -100    0 -1000 -1000 -10
10 12 pedestrian 0 0 -10 445.13 167.08 656.57 208.04 -10 -10 -10 -100    0 -1000 -1000 -10
10 11 pedestrian 0 0 -10 624.12 177.79 648.72 203.06 -10 -10 -10 -100    0 -1000 -1000 -10
10 10 pedestrian 0 0 -10 643.51 178.70 672.66 209.09 -10 -10 -10 -100    0 -1000 -1000 -10
10 9 pedestrian 0 0 -10 484.34 179.38 536.09 220.97 -10 -10 -10 -100    0 -1000 -1000 -10
10 8 pedestrian 0 0 -10 529.86 180.24 555.81 201.89 -10 -10 -10 -100    0 -1000 -1000 -10
10 7 pedestrian 0 0 -10 662.40 178.49 727.94 236.34 -10 -10 -10 -100    0 -1000 -1000 -10
10 6 pedestrian 0 0 -10 585.93 177.30 615.76 208.71 -10 -10 -10 -100    0 -1000 -1000 -10
10 5 pedestrian 0 0 -10 453.97 176.41 521.45 236.21 -10 -10 -10 -100    0 -1000 -1000 -10
10 4 pedestrian 0 0 -10 230.13 177.89 354.40 255.50 -10 -10 -10 -100    0 -1000 -1000 -10
10 3 pedestrian 0 0 -10 707.67 189.45 828.01 305.86 -10 -10 -10 -100    0 -1000 -1000 -10
10 2 pedestrian 0 0 -10 301.67 184.47 465.37 301.48 -10 -10 -10 -100    0 -1000 -1000 -10
10 1 pedestrian 0 0 -10 0.00 192.41 119.58 349.18 -10 -10 -10 -100    0 -1000 -1000 -10
11 14 pedestrian 0 0 -10 349.96 176.27 419.27 239.04 -10 -10 -10 -100    0 -1000 -1000 -10
11 13 pedestrian 0 0 -10 402.88 180.90 456.30 219.00 -10 -10 -10 -100    0 -1000 -1000 -10
11 12 pedestrian 0 0 -10 445.33 166.90 657.14 207.91 -10 -10 -10 -100    0 -1000 -1000 -10
11 11 pedestrian 0 0 -10 623.73 177.82 647.96 202.65 -10 -10 -10 -100    0 -1000 -1000 -10
11 10 pedestrian 0 0 -10 643.44 178.88 671.13 207.98 -10 -10 -10 -100    0 -1000 -1000 -10
11 9 pedestrian 0 0 -10 483.71 179.60 535.92 221.05 -10 -10 -10 -100    0 -1000 -1000 -10
11 8 pedestrian 0 0 -10 529.40 180.05 555.48 201.69 -10 -10 -10 -100    0 -1000 -1000 -10
11 7 pedestrian 0 0 -10 662.41 178.43 727.57 236.24 -10 -10 -10 -100    0 -1000 -1000 -10
11 6 pedestrian 0 0 -10 585.87 177.26 615.59 208.06 -10 -10 -10 -100    0 -1000 -1000 -10
11 5 pedestrian 0 0 -10 453.12 176.16 520.45 236.45 -10 -10 -10 -100    0 -1000 -1000 -10
11 4 pedestrian 0 0 -10 224.06 177.81 351.38 256.75 -10 -10 -10 -100    0 -1000 -1000 -10
11 3 pedestrian 0 0 -10 708.43 189.54 830.40 305.61 -10 -10 -10 -100    0 -1000 -1000 -10
11 2 pedestrian 0 0 -10 298.36 184.82 463.69 302.72 -10 -10 -10 -100    0 -1000 -1000 -10
11 1 pedestrian 0 0 -10 0.00 193.63 110.76 350.12 -10 -10 -10 -100    0 -1000 -1000 -10
12 14 pedestrian 0 0 -10 347.72 176.40 418.09 237.95 -10 -10 -10 -100    0 -1000 -1000 -10
12 13 pedestrian 0 0 -10 401.33 180.73 454.97 219.41 -10 -10 -10 -100    0 -1000 -1000 -10
12 12 pedestrian 0 0 -10 445.41 166.91 657.23 207.78 -10 -10 -10 -100    0 -1000 -1000 -10
12 11 pedestrian 0 0 -10 623.55 177.71 647.07 201.73 -10 -10 -10 -100    0 -1000 -1000 -10
12 10 pedestrian 0 0 -10 643.54 178.94 670.93 207.12 -10 -10 -10 -100    0 -1000 -1000 -10
12 9 pedestrian 0 0 -10 483.38 179.45 536.24 220.98 -10 -10 -10 -100    0 -1000 -1000 -10
12 8 pedestrian 0 0 -10 529.63 179.90 555.87 201.51 -10 -10 -10 -100    0 -1000 -1000 -10
12 7 pedestrian 0 0 -10 662.64 178.37 727.78 236.06 -10 -10 -10 -100    0 -1000 -1000 -10
12 6 pedestrian 0 0 -10 585.59 177.09 615.28 207.82 -10 -10 -10 -100    0 -1000 -1000 -10
12 5 pedestrian 0 0 -10 452.95 176.12 520.31 236.54 -10 -10 -10 -100    0 -1000 -1000 -10
12 4 pedestrian 0 0 -10 218.01 177.82 347.35 257.87 -10 -10 -10 -100    0 -1000 -1000 -10
12 3 pedestrian 0 0 -10 709.13 189.48 833.15 305.13 -10 -10 -10 -100    0 -1000 -1000 -10
12 2 pedestrian 0 0 -10 295.32 184.45 462.40 304.20 -10 -10 -10 -100    0 -1000 -1000 -10
12 1 pedestrian 0 0 -10 0.00 193.88 101.28 350.39 -10 -10 -10 -100    0 -1000 -1000 -10
13 14 pedestrian 0 0 -10 348.32 177.28 417.41 237.51 -10 -10 -10 -100    0 -1000 -1000 -10
13 13 pedestrian 0 0 -10 400.61 181.02 454.63 219.75 -10 -10 -10 -100    0 -1000 -1000 -10
13 12 pedestrian 0 0 -10 446.01 166.84 657.94 207.92 -10 -10 -10 -100    0 -1000 -1000 -10
13 11 pedestrian 0 0 -10 623.68 177.71 646.82 201.54 -10 -10 -10 -100    0 -1000 -1000 -10
13 10 pedestrian 0 0 -10 643.05 178.58 670.24 206.71 -10 -10 -10 -100    0 -1000 -1000 -10
13 9 pedestrian 0 0 -10 483.40 179.67 536.20 221.39 -10 -10 -10 -100    0 -1000 -1000 -10
13 8 pedestrian 0 0 -10 529.62 180.20 556.00 201.90 -10 -10 -10 -100    0 -1000 -1000 -10
13 7 pedestrian 0 0 -10 662.80 178.70 727.60 236.27 -10 -10 -10 -100    0 -1000 -1000 -10
13 6 pedestrian 0 0 -10 585.33 177.24 615.23 207.75 -10 -10 -10 -100    0 -1000 -1000 -10
13 5 pedestrian 0 0 -10 452.98 176.53 520.24 236.81 -10 -10 -10 -100    0 -1000 -1000 -10
13 4 pedestrian 0 0 -10 211.35 178.14 343.66 259.62 -10 -10 -10 -100    0 -1000 -1000 -10
13 3 pedestrian 0 0 -10 709.80 189.61 835.55 304.74 -10 -10 -10 -100    0 -1000 -1000 -10
13 2 pedestrian 0 0 -10 292.22 185.00 461.67 305.57 -10 -10 -10 -100    0 -1000 -1000 -10
13 1 pedestrian 0 0 -10 0.11 193.44 91.21 350.78 -10 -10 -10 -100    0 -1000 -1000 -10
14 14 pedestrian 0 0 -10 343.93 178.05 415.05 237.32 -10 -10 -10 -100    0 -1000 -1000 -10
14 13 pedestrian 0 0 -10 399.07 181.71 452.95 220.42 -10 -10 -10 -100    0 -1000 -1000 -10
14 12 pedestrian 0 0 -10 445.25 166.75 657.37 208.18 -10 -10 -10 -100    0 -1000 -1000 -10
14 11 pedestrian 0 0 -10 624.01 178.11 647.45 202.16 -10 -10 -10 -100    0 -1000 -1000 -10
14 10 pedestrian 0 0 -10 642.35 178.37 669.84 206.59 -10 -10 -10 -100    0 -1000 -1000 -10
14 9 pedestrian 0 0 -10 483.59 179.84 536.44 221.67 -10 -10 -10 -100    0 -1000 -1000 -10
14 8 pedestrian 0 0 -10 530.05 180.60 556.56 202.70 -10 -10 -10 -100    0 -1000 -1000 -10
14 7 pedestrian 0 0 -10 663.72 178.99 728.17 236.24 -10 -10 -10 -100    0 -1000 -1000 -10
14 6 pedestrian 0 0 -10 585.37 177.44 615.49 207.92 -10 -10 -10 -100    0 -1000 -1000 -10
14 5 pedestrian 0 0 -10 452.36 176.88 520.56 237.56 -10 -10 -10 -100    0 -1000 -1000 -10
14 4 pedestrian 0 0 -10 204.83 178.45 339.00 261.41 -10 -10 -10 -100    0 -1000 -1000 -10
14 3 pedestrian 0 0 -10 711.08 189.96 837.38 304.19 -10 -10 -10 -100    0 -1000 -1000 -10
14 2 pedestrian 0 0 -10 289.97 186.43 460.56 306.86 -10 -10 -10 -100    0 -1000 -1000 -10
14 1 pedestrian 0 0 -10 0.10 193.84 81.60 351.71 -10 -10 -10 -100    0 -1000 -1000 -10
15 14 pedestrian 0 0 -10 340.77 178.32 411.95 237.64 -10 -10 -10 -100    0 -1000 -1000 -10
15 13 pedestrian 0 0 -10 397.82 181.96 452.24 220.21 -10 -10 -10 -100    0 -1000 -1000 -10
15 12 pedestrian 0 0 -10 444.62 166.71 657.41 208.15 -10 -10 -10 -100    0 -1000 -1000 -10
15 11 pedestrian 0 0 -10 623.80 177.99 647.00 201.74 -10 -10 -10 -100    0 -1000 -1000 -10
15 10 pedestrian 0 0 -10 642.21 178.24 670.07 206.68 -10 -10 -10 -100    0 -1000 -1000 -10
15 9 pedestrian 0 0 -10 483.34 179.76 536.33 221.83 -10 -10 -10 -100    0 -1000 -1000 -10
15 8 pedestrian 0 0 -10 530.17 180.63 556.63 202.59 -10 -10 -10 -100    0 -1000 -1000 -10
15 7 pedestrian 0 0 -10 662.98 178.84 727.89 236.26 -10 -10 -10 -100    0 -1000 -1000 -10
15 6 pedestrian 0 0 -10 585.62 177.37 615.50 207.64 -10 -10 -10 -100    0 -1000 -1000 -10
15 5 pedestrian 0 0 -10 452.05 176.79 520.32 237.66 -10 -10 -10 -100    0 -1000 -1000 -10
15 4 pedestrian 0 0 -10 197.56 178.38 335.77 263.09 -10 -10 -10 -100    0 -1000 -1000 -10
15 3 pedestrian 0 0 -10 712.04 189.84 838.87 304.59 -10 -10 -10 -100    0 -1000 -1000 -10
15 2 pedestrian 0 0 -10 287.58 186.04 460.28 308.72 -10 -10 -10 -100    0 -1000 -1000 -10
15 1 pedestrian 0 0 -10 0.07 193.26 71.38 349.25 -10 -10 -10 -100    0 -1000 -1000 -10
16 14 pedestrian 0 0 -10 338.39 178.25 409.23 237.52 -10 -10 -10 -100    0 -1000 -1000 -10
16 13 pedestrian 0 0 -10 396.30 182.16 451.66 220.72 -10 -10 -10 -100    0 -1000 -1000 -10
16 12 pedestrian 0 0 -10 444.33 166.77 656.55 208.23 -10 -10 -10 -100    0 -1000 -1000 -10
16 11 pedestrian 0 0 -10 623.70 177.58 646.26 200.92 -10 -10 -10 -100    0 -1000 -1000 -10
16 10 pedestrian 0 0 -10 642.15 177.26 669.92 206.40 -10 -10 -10 -100    0 -1000 -1000 -10
16 9 pedestrian 0 0 -10 483.07 179.73 536.37 222.05 -10 -10 -10 -100    0 -1000 -1000 -10
16 8 pedestrian 0 0 -10 530.40 180.64 556.59 202.49 -10 -10 -10 -100    0 -1000 -1000 -10
16 7 pedestrian 0 0 -10 662.49 178.88 727.60 236.05 -10 -10 -10 -100    0 -1000 -1000 -10
16 6 pedestrian 0 0 -10 585.82 177.31 615.12 207.15 -10 -10 -10 -100    0 -1000 -1000 -10
16 5 pedestrian 0 0 -10 451.39 176.63 520.12 237.79 -10 -10 -10 -100    0 -1000 -1000 -10
16 4 pedestrian 0 0 -10 189.86 178.07 332.43 264.29 -10 -10 -10 -100    0 -1000 -1000 -10
16 3 pedestrian 0 0 -10 712.43 189.55 839.96 303.97 -10 -10 -10 -100    0 -1000 -1000 -10
16 2 pedestrian 0 0 -10 285.22 186.05 459.27 309.69 -10 -10 -10 -100    0 -1000 -1000 -10
16 1 pedestrian 0 0 -10 0.11 192.25 59.51 351.10 -10 -10 -10 -100    0 -1000 -1000 -10
17 14 pedestrian 0 0 -10 336.56 178.31 406.68 237.06 -10 -10 -10 -100    0 -1000 -1000 -10
17 13 pedestrian 0 0 -10 394.47 182.03 451.03 220.64 -10 -10 -10 -100    0 -1000 -1000 -10
17 12 pedestrian 0 0 -10 444.37 166.93 657.13 208.37 -10 -10 -10 -100    0 -1000 -1000 -10
17 11 pedestrian 0 0 -10 623.99 177.54 645.29 199.91 -10 -10 -10 -100    0 -1000 -1000 -10
17 10 pedestrian 0 0 -10 641.89 177.48 669.56 206.23 -10 -10 -10 -100    0 -1000 -1000 -10
17 9 pedestrian 0 0 -10 482.55 179.42 536.36 222.49 -10 -10 -10 -100    0 -1000 -1000 -10
17 8 pedestrian 0 0 -10 530.22 180.58 556.21 202.26 -10 -10 -10 -100    0 -1000 -1000 -10
17 7 pedestrian 0 0 -10 662.32 178.88 727.28 236.11 -10 -10 -10 -100    0 -1000 -1000 -10
17 6 pedestrian 0 0 -10 586.00 177.33 615.03 206.93 -10 -10 -10 -100    0 -1000 -1000 -10
17 5 pedestrian 0 0 -10 450.99 176.62 519.77 238.12 -10 -10 -10 -100    0 -1000 -1000 -10
17 4 pedestrian 0 0 -10 183.15 177.93 327.19 266.00 -10 -10 -10 -100    0 -1000 -1000 -10
17 3 pedestrian 0 0 -10 713.07 189.41 841.16 303.33 -10 -10 -10 -100    0 -1000 -1000 -10
17 2 pedestrian 0 0 -10 282.62 186.08 458.44 310.74 -10 -10 -10 -100    0 -1000 -1000 -10
17 1 pedestrian 0 0 -10 0.14 194.05 48.08 350.78 -10 -10 -10 -100    0 -1000 -1000 -10
18 14 pedestrian 0 0 -10 334.20 178.56 404.66 236.82 -10 -10 -10 -100    0 -1000 -1000 -10
18 13 pedestrian 0 0 -10 393.49 182.12 450.16 220.93 -10 -10 -10 -100    0 -1000 -1000 -10
18 12 pedestrian 0 0 -10 443.82 166.74 656.39 208.45 -10 -10 -10 -100    0 -1000 -1000 -10
18 11 pedestrian 0 0 -10 623.36 177.70 644.92 199.59 -10 -10 -10 -100    0 -1000 -1000 -10
18 10 pedestrian 0 0 -10 640.87 178.03 668.93 206.37 -10 -10 -10 -100    0 -1000 -1000 -10
18 9 pedestrian 0 0 -10 482.39 179.45 536.24 222.62 -10 -10 -10 -100    0 -1000 -1000 -10
18 8 pedestrian 0 0 -10 530.11 180.54 555.85 202.23 -10 -10 -10 -100    0 -1000 -1000 -10
18 7 pedestrian 0 0 -10 662.19 178.93 726.63 235.68 -10 -10 -10 -100    0 -1000 -1000 -10
18 6 pedestrian 0 0 -10 586.00 177.19 615.11 206.96 -10 -10 -10 -100    0 -1000 -1000 -10
18 5 pedestrian 0 0 -10 450.71 176.62 519.73 238.54 -10 -10 -10 -100    0 -1000 -1000 -10
18 4 pedestrian 0 0 -10 175.53 178.16 323.59 268.32 -10 -10 -10 -100    0 -1000 -1000 -10
18 3 pedestrian 0 0 -10 713.61 189.27 841.97 301.82 -10 -10 -10 -100    0 -1000 -1000 -10
18 2 pedestrian 0 0 -10 280.39 186.04 457.87 311.96 -10 -10 -10 -100    0 -1000 -1000 -10
18 1 pedestrian 0 0 -10 0.17 196.85 36.95 346.23 -10 -10 -10 -100    0 -1000 -1000 -10
19 14 pedestrian 0 0 -10 332.51 178.33 402.49 236.11 -10 -10 -10 -100    0 -1000 -1000 -10
19 13 pedestrian 0 0 -10 393.21 182.43 449.54 221.78 -10 -10 -10 -100    0 -1000 -1000 -10
19 12 pedestrian 0 0 -10 443.10 166.83 655.08 208.53 -10 -10 -10 -100    0 -1000 -1000 -10
19 11 pedestrian 0 0 -10 622.60 177.81 644.35 199.49 -10 -10 -10 -100    0 -1000 -1000 -10
19 10 pedestrian 0 0 -10 640.47 178.47 668.33 206.27 -10 -10 -10 -100    0 -1000 -1000 -10
19 9 pedestrian 0 0 -10 482.37 179.51 536.32 223.26 -10 -10 -10 -100    0 -1000 -1000 -10
19 8 pedestrian 0 0 -10 529.83 180.62 555.72 202.59 -10 -10 -10 -100    0 -1000 -1000 -10
19 7 pedestrian 0 0 -10 662.22 179.18 725.88 235.29 -10 -10 -10 -100    0 -1000 -1000 -10
19 6 pedestrian 0 0 -10 585.67 177.32 614.67 207.02 -10 -10 -10 -100    0 -1000 -1000 -10
19 5 pedestrian 0 0 -10 450.13 176.76 519.52 239.15 -10 -10 -10 -100    0 -1000 -1000 -10
19 4 pedestrian 0 0 -10 167.20 178.38 319.67 270.29 -10 -10 -10 -100    0 -1000 -1000 -10
19 3 pedestrian 0 0 -10 714.39 189.34 842.70 301.24 -10 -10 -10 -100    0 -1000 -1000 -10
19 2 pedestrian 0 0 -10 278.04 186.47 456.42 313.26 -10 -10 -10 -100    0 -1000 -1000 -10
20 14 pedestrian 0 0 -10 329.22 177.83 400.91 236.80 -10 -10 -10 -100    0 -1000 -1000 -10
20 13 pedestrian 0 0 -10 392.14 182.27 449.20 222.64 -10 -10 -10 -100    0 -1000 -1000 -10
20 12 pedestrian 0 0 -10 443.28 166.88 655.15 208.51 -10 -10 -10 -100    0 -1000 -1000 -10
20 11 pedestrian 0 0 -10 621.68 177.81 644.43 199.90 -10 -10 -10 -100    0 -1000 -1000 -10
20 10 pedestrian 0 0 -10 639.96 178.45 667.86 205.74 -10 -10 -10 -100    0 -1000 -1000 -10
20 9 pedestrian 0 0 -10 482.40 179.58 536.48 223.56 -10 -10 -10 -100    0 -1000 -1000 -10
20 8 pedestrian 0 0 -10 529.29 180.61 555.41 202.86 -10 -10 -10 -100    0 -1000 -1000 -10
20 7 pedestrian 0 0 -10 662.27 179.47 724.95 234.86 -10 -10 -10 -100    0 -1000 -1000 -10
20 6 pedestrian 0 0 -10 585.69 177.39 614.50 206.82 -10 -10 -10 -100    0 -1000 -1000 -10
20 5 pedestrian 0 0 -10 449.35 177.01 519.29 239.56 -10 -10 -10 -100    0 -1000 -1000 -10
20 4 pedestrian 0 0 -10 158.38 178.37 315.14 271.87 -10 -10 -10 -100    0 -1000 -1000 -10
20 3 pedestrian 0 0 -10 714.33 189.32 842.96 300.50 -10 -10 -10 -100    0 -1000 -1000 -10
20 2 pedestrian 0 0 -10 275.76 186.95 455.93 314.67 -10 -10 -10 -100    0 -1000 -1000 -10
21 14 pedestrian 0 0 -10 327.42 177.93 399.06 237.23 -10 -10 -10 -100    0 -1000 -1000 -10
21 13 pedestrian 0 0 -10 391.74 182.31 448.50 222.39 -10 -10 -10 -100    0 -1000 -1000 -10
21 12 pedestrian 0 0 -10 444.90 166.89 654.68 208.37 -10 -10 -10 -100    0 -1000 -1000 -10
21 11 pedestrian 0 0 -10 621.56 177.82 644.21 199.51 -10 -10 -10 -100    0 -1000 -1000 -10
21 10 pedestrian 0 0 -10 638.48 178.83 666.95 206.15 -10 -10 -10 -100    0 -1000 -1000 -10
21 9 pedestrian 0 0 -10 482.64 179.39 536.88 223.44 -10 -10 -10 -100    0 -1000 -1000 -10
21 8 pedestrian 0 0 -10 529.28 180.46 555.21 202.74 -10 -10 -10 -100    0 -1000 -1000 -10
21 7 pedestrian 0 0 -10 662.13 179.51 724.93 234.59 -10 -10 -10 -100    0 -1000 -1000 -10
21 6 pedestrian 0 0 -10 585.76 177.30 614.45 206.67 -10 -10 -10 -100    0 -1000 -1000 -10
21 5 pedestrian 0 0 -10 448.84 177.27 518.93 239.86 -10 -10 -10 -100    0 -1000 -1000 -10
21 4 pedestrian 0 0 -10 150.81 178.45 312.84 273.73 -10 -10 -10 -100    0 -1000 -1000 -10
21 3 pedestrian 0 0 -10 714.70 189.12 842.72 300.12 -10 -10 -10 -100    0 -1000 -1000 -10
21 2 pedestrian 0 0 -10 273.66 187.35 455.45 315.55 -10 -10 -10 -100    0 -1000 -1000 -10
22 14 pedestrian 0 0 -10 323.93 177.92 397.22 238.24 -10 -10 -10 -100    0 -1000 -1000 -10
22 13 pedestrian 0 0 -10 390.91 182.44 448.29 222.96 -10 -10 -10 -100    0 -1000 -1000 -10
22 12 pedestrian 0 0 -10 448.19 166.87 653.10 207.73 -10 -10 -10 -100    0 -1000 -1000 -10
22 11 pedestrian 0 0 -10 621.53 177.99 643.75 199.43 -10 -10 -10 -100    0 -1000 -1000 -10
22 10 pedestrian 0 0 -10 637.81 178.93 665.88 206.16 -10 -10 -10 -100    0 -1000 -1000 -10
22 9 pedestrian 0 0 -10 482.53 179.53 536.39 223.84 -10 -10 -10 -100    0 -1000 -1000 -10
22 8 pedestrian 0 0 -10 528.90 180.37 555.01 202.89 -10 -10 -10 -100    0 -1000 -1000 -10
22 7 pedestrian 0 0 -10 661.12 179.51 723.91 234.31 -10 -10 -10 -100    0 -1000 -1000 -10
22 6 pedestrian 0 0 -10 585.61 177.21 614.08 206.59 -10 -10 -10 -100    0 -1000 -1000 -10
22 5 pedestrian 0 0 -10 448.76 177.56 518.84 240.30 -10 -10 -10 -100    0 -1000 -1000 -10
22 4 pedestrian 0 0 -10 142.36 178.65 307.11 276.22 -10 -10 -10 -100    0 -1000 -1000 -10
22 3 pedestrian 0 0 -10 714.67 189.06 842.55 299.24 -10 -10 -10 -100    0 -1000 -1000 -10
22 2 pedestrian 0 0 -10 271.25 187.38 455.18 317.34 -10 -10 -10 -100    0 -1000 -1000 -10
23 14 pedestrian 0 0 -10 321.22 177.88 395.78 238.43 -10 -10 -10 -100    0 -1000 -1000 -10
23 13 pedestrian 0 0 -10 389.90 182.54 447.37 222.95 -10 -10 -10 -100    0 -1000 -1000 -10
23 12 pedestrian 0 0 -10 447.38 166.96 652.21 207.30 -10 -10 -10 -100    0 -1000 -1000 -10
23 11 pedestrian 0 0 -10 621.30 178.19 643.23 199.40 -10 -10 -10 -100    0 -1000 -1000 -10
23 10 pedestrian 0 0 -10 636.69 179.29 664.04 205.89 -10 -10 -10 -100    0 -1000 -1000 -10
23 9 pedestrian 0 0 -10 482.24 179.83 536.32 223.79 -10 -10 -10 -100    0 -1000 -1000 -10
23 8 pedestrian 0 0 -10 529.03 180.44 555.26 203.10 -10 -10 -10 -100    0 -1000 -1000 -10
23 7 pedestrian 0 0 -10 660.15 179.73 723.23 233.97 -10 -10 -10 -100    0 -1000 -1000 -10
23 6 pedestrian 0 0 -10 585.37 177.20 613.52 206.50 -10 -10 -10 -100    0 -1000 -1000 -10
23 5 pedestrian 0 0 -10 447.69 177.68 518.43 240.52 -10 -10 -10 -100    0 -1000 -1000 -10
23 4 pedestrian 0 0 -10 132.53 178.92 302.22 278.52 -10 -10 -10 -100    0 -1000 -1000 -10
23 3 pedestrian 0 0 -10 714.33 189.13 842.35 297.89 -10 -10 -10 -100    0 -1000 -1000 -10
23 2 pedestrian 0 0 -10 269.24 187.56 454.14 318.47 -10 -10 -10 -100    0 -1000 -1000 -10
24 14 pedestrian 0 0 -10 318.90 177.57 393.21 239.38 -10 -10 -10 -100    0 -1000 -1000 -10
24 13 pedestrian 0 0 -10 389.34 182.42 446.89 222.59 -10 -10 -10 -100    0 -1000 -1000 -10
24 12 pedestrian 0 0 -10 447.99 166.27 647.76 205.34 -10 -10 -10 -100    0 -1000 -1000 -10
24 11 pedestrian 0 0 -10 620.51 177.84 642.52 199.63 -10 -10 -10 -100    0 -1000 -1000 -10
24 10 pedestrian 0 0 -10 636.18 179.29 663.40 205.71 -10 -10 -10 -100    0 -1000 -1000 -10
24 9 pedestrian 0 0 -10 482.58 179.89 536.20 223.73 -10 -10 -10 -100    0 -1000 -1000 -10
24 8 pedestrian 0 0 -10 529.03 180.19 554.60 202.40 -10 -10 -10 -100    0 -1000 -1000 -10
24 7 pedestrian 0 0 -10 659.52 179.32 722.57 233.63 -10 -10 -10 -100    0 -1000 -1000 -10
24 6 pedestrian 0 0 -10 585.30 176.78 613.28 205.81 -10 -10 -10 -100    0 -1000 -1000 -10
24 5 pedestrian 0 0 -10 446.96 177.54 518.18 240.49 -10 -10 -10 -100    0 -1000 -1000 -10
24 4 pedestrian 0 0 -10 122.67 179.04 296.71 280.08 -10 -10 -10 -100    0 -1000 -1000 -10
24 3 pedestrian 0 0 -10 713.75 188.99 841.05 296.41 -10 -10 -10 -100    0 -1000 -1000 -10
24 2 pedestrian 0 0 -10 267.17 187.14 453.09 319.15 -10 -10 -10 -100    0 -1000 -1000 -10
25 14 pedestrian 0 0 -10 314.14 177.48 390.88 239.42 -10 -10 -10 -100    0 -1000 -1000 -10
25 13 pedestrian 0 0 -10 389.23 181.74 446.41 221.39 -10 -10 -10 -100    0 -1000 -1000 -10
25 12 pedestrian 0 0 -10 450.54 165.68 644.06 202.80 -10 -10 -10 -100    0 -1000 -1000 -10
25 11 pedestrian 0 0 -10 620.22 177.73 641.68 199.77 -10 -10 -10 -100    0 -1000 -1000 -10
25 10 pedestrian 0 0 -10 634.98 178.75 662.03 205.00 -10 -10 -10 -100    0 -1000 -1000 -10
25 9 pedestrian 0 0 -10 482.61 179.90 536.05 224.04 -10 -10 -10 -100    0 -1000 -1000 -10
25 8 pedestrian 0 0 -10 528.96 180.07 554.43 201.68 -10 -10 -10 -100    0 -1000 -1000 -10
25 7 pedestrian 0 0 -10 659.13 179.19 722.05 232.89 -10 -10 -10 -100    0 -1000 -1000 -10
25 6 pedestrian 0 0 -10 585.28 176.71 612.57 205.22 -10 -10 -10 -100    0 -1000 -1000 -10
25 5 pedestrian 0 0 -10 446.72 176.97 517.91 240.07 -10 -10 -10 -100    0 -1000 -1000 -10
25 4 pedestrian 0 0 -10 114.04 178.26 291.62 281.61 -10 -10 -10 -100    0 -1000 -1000 -10
25 3 pedestrian 0 0 -10 713.39 188.41 840.38 295.16 -10 -10 -10 -100    0 -1000 -1000 -10
25 2 pedestrian 0 0 -10 264.67 186.81 452.29 319.29 -10 -10 -10 -100    0 -1000 -1000 -10
26 14 pedestrian 0 0 -10 312.19 177.18 390.06 241.59 -10 -10 -10 -100    0 -1000 -1000 -10
26 13 pedestrian 0 0 -10 388.65 182.02 445.80 220.70 -10 -10 -10 -100    0 -1000 -1000 -10
26 12 pedestrian 0 0 -10 453.05 165.62 641.41 201.71 -10 -10 -10 -100    0 -1000 -1000 -10
26 11 pedestrian 0 0 -10 619.61 177.55 640.19 199.56 -10 -10 -10 -100    0 -1000 -1000 -10
26 10 pedestrian 0 0 -10 634.69 178.82 661.37 204.88 -10 -10 -10 -100    0 -1000 -1000 -10
26 9 pedestrian 0 0 -10 483.36 180.34 536.55 224.18 -10 -10 -10 -100    0 -1000 -1000 -10
26 8 pedestrian 0 0 -10 528.56 180.39 554.16 202.12 -10 -10 -10 -100    0 -1000 -1000 -10
26 7 pedestrian 0 0 -10 658.71 179.16 720.89 232.69 -10 -10 -10 -100    0 -1000 -1000 -10
26 6 pedestrian 0 0 -10 585.30 176.76 612.17 204.74 -10 -10 -10 -100    0 -1000 -1000 -10
26 5 pedestrian 0 0 -10 446.42 176.77 517.68 240.28 -10 -10 -10 -100    0 -1000 -1000 -10
26 4 pedestrian 0 0 -10 104.36 178.21 287.36 283.90 -10 -10 -10 -100    0 -1000 -1000 -10
26 3 pedestrian 0 0 -10 713.24 188.53 838.96 294.26 -10 -10 -10 -100    0 -1000 -1000 -10
26 2 pedestrian 0 0 -10 263.44 186.70 451.86 319.72 -10 -10 -10 -100    0 -1000 -1000 -10
27 14 pedestrian 0 0 -10 310.66 176.75 387.52 242.72 -10 -10 -10 -100    0 -1000 -1000 -10
27 13 pedestrian 0 0 -10 387.93 182.16 445.41 221.00 -10 -10 -10 -100    0 -1000 -1000 -10
27 12 pedestrian 0 0 -10 454.23 165.62 638.62 201.08 -10 -10 -10 -100    0 -1000 -1000 -10
27 11 pedestrian 0 0 -10 619.52 177.86 640.00 199.91 -10 -10 -10 -100    0 -1000 -1000 -10
27 10 pedestrian 0 0 -10 633.72 179.01 659.37 204.11 -10 -10 -10 -100    0 -1000 -1000 -10
27 9 pedestrian 0 0 -10 483.58 180.62 536.38 224.53 -10 -10 -10 -100    0 -1000 -1000 -10
27 8 pedestrian 0 0 -10 528.37 180.63 553.94 202.64 -10 -10 -10 -100    0 -1000 -1000 -10
27 7 pedestrian 0 0 -10 658.27 179.35 720.31 232.58 -10 -10 -10 -100    0 -1000 -1000 -10
27 6 pedestrian 0 0 -10 585.54 176.71 612.07 204.24 -10 -10 -10 -100    0 -1000 -1000 -10
27 5 pedestrian 0 0 -10 445.44 176.77 517.76 240.84 -10 -10 -10 -100    0 -1000 -1000 -10
27 4 pedestrian 0 0 -10 94.14 178.14 281.99 286.36 -10 -10 -10 -100    0 -1000 -1000 -10
27 3 pedestrian 0 0 -10 712.95 188.87 837.52 293.15 -10 -10 -10 -100    0 -1000 -1000 -10
27 2 pedestrian 0 0 -10 261.75 186.67 451.34 320.20 -10 -10 -10 -100    0 -1000 -1000 -10
28 18 pedestrian 0 0 -10 439.79 180.82 478.78 209.84 -10 -10 -10 -100    0 -1000 -1000 -10
28 14 pedestrian 0 0 -10 303.13 176.84 384.01 245.32 -10 -10 -10 -100    0 -1000 -1000 -10
28 13 pedestrian 0 0 -10 388.29 181.75 444.89 220.55 -10 -10 -10 -100    0 -1000 -1000 -10
28 12 pedestrian 0 0 -10 455.66 165.30 637.40 200.48 -10 -10 -10 -100    0 -1000 -1000 -10
28 11 pedestrian 0 0 -10 619.34 178.07 640.39 199.89 -10 -10 -10 -100    0 -1000 -1000 -10
28 10 pedestrian 0 0 -10 633.38 178.55 658.47 203.41 -10 -10 -10 -100    0 -1000 -1000 -10
28 9 pedestrian 0 0 -10 483.65 180.65 536.77 224.68 -10 -10 -10 -100    0 -1000 -1000 -10
28 8 pedestrian 0 0 -10 527.96 180.53 554.09 202.59 -10 -10 -10 -100    0 -1000 -1000 -10
28 7 pedestrian 0 0 -10 657.81 179.12 719.52 231.57 -10 -10 -10 -100    0 -1000 -1000 -10
28 6 pedestrian 0 0 -10 585.61 176.80 611.50 203.86 -10 -10 -10 -100    0 -1000 -1000 -10
28 5 pedestrian 0 0 -10 444.63 176.47 517.43 240.50 -10 -10 -10 -100    0 -1000 -1000 -10
28 4 pedestrian 0 0 -10 83.89 178.57 276.23 288.07 -10 -10 -10 -100    0 -1000 -1000 -10
28 3 pedestrian 0 0 -10 711.95 188.76 836.11 291.47 -10 -10 -10 -100    0 -1000 -1000 -10
28 2 pedestrian 0 0 -10 260.32 186.26 451.37 320.33 -10 -10 -10 -100    0 -1000 -1000 -10
29 18 pedestrian 0 0 -10 439.48 180.70 479.01 209.72 -10 -10 -10 -100    0 -1000 -1000 -10
29 14 pedestrian 0 0 -10 297.76 176.55 380.64 248.28 -10 -10 -10 -100    0 -1000 -1000 -10
29 13 pedestrian 0 0 -10 386.41 181.95 445.00 221.24 -10 -10 -10 -100    0 -1000 -1000 -10
29 12 pedestrian 0 0 -10 455.81 165.20 637.75 200.02 -10 -10 -10 -100    0 -1000 -1000 -10
29 11 pedestrian 0 0 -10 619.02 178.14 639.09 199.39 -10 -10 -10 -100    0 -1000 -1000 -10
29 10 pedestrian 0 0 -10 633.02 178.22 658.07 202.63 -10 -10 -10 -100    0 -1000 -1000 -10
29 9 pedestrian 0 0 -10 483.42 180.68 536.57 225.06 -10 -10 -10 -100    0 -1000 -1000 -10
29 8 pedestrian 0 0 -10 527.42 180.61 553.95 202.83 -10 -10 -10 -100    0 -1000 -1000 -10
29 7 pedestrian 0 0 -10 657.45 178.70 718.03 230.83 -10 -10 -10 -100    0 -1000 -1000 -10
29 6 pedestrian 0 0 -10 585.65 176.88 611.37 203.65 -10 -10 -10 -100    0 -1000 -1000 -10
29 5 pedestrian 0 0 -10 443.08 176.33 517.04 240.49 -10 -10 -10 -100    0 -1000 -1000 -10
29 4 pedestrian 0 0 -10 72.46 178.27 271.65 290.38 -10 -10 -10 -100    0 -1000 -1000 -10
29 3 pedestrian 0 0 -10 710.87 188.30 834.19 290.62 -10 -10 -10 -100    0 -1000 -1000 -10
29 2 pedestrian 0 0 -10 259.39 185.77 451.08 320.49 -10 -10 -10 -100    0 -1000 -1000 -10
30 18 pedestrian 0 0 -10 438.45 181.18 478.08 210.17 -10 -10 -10 -100    0 -1000 -1000 -10
30 14 pedestrian 0 0 -10 294.20 176.48 378.39 250.85 -10 -10 -10 -100    0 -1000 -1000 -10
30 13 pedestrian 0 0 -10 385.64 182.22 444.40 221.97 -10 -10 -10 -100    0 -1000 -1000 -10
30 12 pedestrian 0 0 -10 455.10 165.26 637.61 200.11 -10 -10 -10 -100    0 -1000 -1000 -10
30 11 pedestrian 0 0 -10 618.82 178.29 637.79 199.62 -10 -10 -10 -100    0 -1000 -1000 -10
30 10 pedestrian 0 0 -10 631.96 178.64 655.62 202.28 -10 -10 -10 -100    0 -1000 -1000 -10
30 9 pedestrian 0 0 -10 482.95 181.07 536.31 225.70 -10 -10 -10 -100    0 -1000 -1000 -10
30 8 pedestrian 0 0 -10 526.88 180.83 553.95 203.84 -10 -10 -10 -100    0 -1000 -1000 -10
30 7 pedestrian 0 0 -10 656.85 179.21 716.29 230.48 -10 -10 -10 -100    0 -1000 -1000 -10
30 6 pedestrian 0 0 -10 585.52 177.06 611.08 203.86 -10 -10 -10 -100    0 -1000 -1000 -10
30 5 pedestrian 0 0 -10 442.21 176.57 516.71 241.22 -10 -10 -10 -100    0 -1000 -1000 -10
30 4 pedestrian 0 0 -10 62.97 179.04 265.53 292.61 -10 -10 -10 -100    0 -1000 -1000 -10
30 3 pedestrian 0 0 -10 710.09 188.41 832.37 290.14 -10 -10 -10 -100    0 -1000 -1000 -10
30 2 pedestrian 0 0 -10 258.35 186.22 450.65 321.45 -10 -10 -10 -100    0 -1000 -1000 -10
31 19 pedestrian 0 0 -10 368.66 161.68 403.94 192.07 -10 -10 -10 -100    0 -1000 -1000 -10
31 18 pedestrian 0 0 -10 438.24 181.21 478.36 210.38 -10 -10 -10 -100    0 -1000 -1000 -10
31 14 pedestrian 0 0 -10 291.83 176.38 375.94 252.84 -10 -10 -10 -100    0 -1000 -1000 -10
31 13 pedestrian 0 0 -10 385.62 182.06 444.32 221.74 -10 -10 -10 -100    0 -1000 -1000 -10
31 12 pedestrian 0 0 -10 454.12 165.13 637.97 199.94 -10 -10 -10 -100    0 -1000 -1000 -10
31 11 pedestrian 0 0 -10 619.15 178.25 637.45 199.44 -10 -10 -10 -100    0 -1000 -1000 -10
31 10 pedestrian 0 0 -10 630.45 178.95 653.90 202.19 -10 -10 -10 -100    0 -1000 -1000 -10
31 9 pedestrian 0 0 -10 482.44 181.11 535.87 225.81 -10 -10 -10 -100    0 -1000 -1000 -10
31 8 pedestrian 0 0 -10 526.79 180.99 554.09 204.17 -10 -10 -10 -100    0 -1000 -1000 -10
31 7 pedestrian 0 0 -10 656.10 179.44 715.06 229.97 -10 -10 -10 -100    0 -1000 -1000 -10
31 6 pedestrian 0 0 -10 585.41 177.12 610.74 203.79 -10 -10 -10 -100    0 -1000 -1000 -10
31 5 pedestrian 0 0 -10 441.53 176.64 516.00 241.37 -10 -10 -10 -100    0 -1000 -1000 -10
31 4 pedestrian 0 0 -10 51.19 178.89 260.04 295.59 -10 -10 -10 -100    0 -1000 -1000 -10
31 3 pedestrian 0 0 -10 709.02 188.47 829.68 289.05 -10 -10 -10 -100    0 -1000 -1000 -10
31 2 pedestrian 0 0 -10 256.83 186.33 450.50 322.00 -10 -10 -10 -100    0 -1000 -1000 -10
32 19 pedestrian 0 0 -10 354.65 162.84 392.68 192.67 -10 -10 -10 -100    0 -1000 -1000 -10
32 18 pedestrian 0 0 -10 437.98 181.20 478.15 210.51 -10 -10 -10 -100    0 -1000 -1000 -10
32 14 pedestrian 0 0 -10 286.89 177.46 372.63 257.53 -10 -10 -10 -100    0 -1000 -1000 -10
32 13 pedestrian 0 0 -10 385.28 182.09 443.78 222.11 -10 -10 -10 -100    0 -1000 -1000 -10
32 12 pedestrian 0 0 -10 454.05 164.86 638.07 199.63 -10 -10 -10 -100    0 -1000 -1000 -10
32 11 pedestrian 0 0 -10 619.52 178.08 636.98 199.17 -10 -10 -10 -100    0 -1000 -1000 -10
32 10 pedestrian 0 0 -10 629.86 178.78 652.98 201.70 -10 -10 -10 -100    0 -1000 -1000 -10
32 9 pedestrian 0 0 -10 482.31 181.12 535.68 225.81 -10 -10 -10 -100    0 -1000 -1000 -10
32 8 pedestrian 0 0 -10 526.36 180.74 554.03 203.67 -10 -10 -10 -100    0 -1000 -1000 -10
32 7 pedestrian 0 0 -10 655.61 178.88 714.14 229.21 -10 -10 -10 -100    0 -1000 -1000 -10
32 6 pedestrian 0 0 -10 585.33 177.22 610.24 203.52 -10 -10 -10 -100    0 -1000 -1000 -10
32 5 pedestrian 0 0 -10 440.87 176.64 515.58 241.48 -10 -10 -10 -100    0 -1000 -1000 -10
32 4 pedestrian 0 0 -10 39.82 178.87 255.39 297.28 -10 -10 -10 -100    0 -1000 -1000 -10
32 3 pedestrian 0 0 -10 707.71 188.19 827.36 287.06 -10 -10 -10 -100    0 -1000 -1000 -10
32 2 pedestrian 0 0 -10 255.37 186.28 450.16 322.41 -10 -10 -10 -100    0 -1000 -1000 -10
33 19 pedestrian 0 0 -10 340.19 161.47 381.97 191.61 -10 -10 -10 -100    0 -1000 -1000 -10
33 18 pedestrian 0 0 -10 437.29 181.27 477.96 210.85 -10 -10 -10 -100    0 -1000 -1000 -10
33 14 pedestrian 0 0 -10 283.68 179.16 373.17 260.33 -10 -10 -10 -100    0 -1000 -1000 -10
33 13 pedestrian 0 0 -10 384.61 182.20 443.25 222.21 -10 -10 -10 -100    0 -1000 -1000 -10
33 12 pedestrian 0 0 -10 454.11 164.61 638.57 199.66 -10 -10 -10 -100    0 -1000 -1000 -10
33 11 pedestrian 0 0 -10 618.14 178.04 637.17 198.85 -10 -10 -10 -100    0 -1000 -1000 -10
33 10 pedestrian 0 0 -10 628.59 178.97 652.34 201.86 -10 -10 -10 -100    0 -1000 -1000 -10
33 9 pedestrian 0 0 -10 481.80 181.28 535.34 226.19 -10 -10 -10 -100    0 -1000 -1000 -10
33 8 pedestrian 0 0 -10 526.48 180.82 554.05 203.93 -10 -10 -10 -100    0 -1000 -1000 -10
33 7 pedestrian 0 0 -10 654.58 179.20 712.65 228.64 -10 -10 -10 -100    0 -1000 -1000 -10
33 6 pedestrian 0 0 -10 585.54 177.26 610.34 203.56 -10 -10 -10 -100    0 -1000 -1000 -10
33 5 pedestrian 0 0 -10 439.72 176.65 514.89 241.79 -10 -10 -10 -100    0 -1000 -1000 -10
33 4 pedestrian 0 0 -10 27.59 178.59 250.41 299.45 -10 -10 -10 -100    0 -1000 -1000 -10
33 3 pedestrian 0 0 -10 706.41 188.19 825.11 285.73 -10 -10 -10 -100    0 -1000 -1000 -10
33 2 pedestrian 0 0 -10 254.48 186.79 449.91 322.85 -10 -10 -10 -100    0 -1000 -1000 -10
34 19 pedestrian 0 0 -10 321.75 161.48 368.23 193.57 -10 -10 -10 -100    0 -1000 -1000 -10
34 18 pedestrian 0 0 -10 436.80 181.52 478.23 211.37 -10 -10 -10 -100    0 -1000 -1000 -10
34 14 pedestrian 0 0 -10 281.10 179.76 373.47 262.26 -10 -10 -10 -100    0 -1000 -1000 -10
34 13 pedestrian 0 0 -10 383.59 182.58 442.79 222.97 -10 -10 -10 -100    0 -1000 -1000 -10
34 12 pedestrian 0 0 -10 453.87 164.83 638.13 200.11 -10 -10 -10 -100    0 -1000 -1000 -10
34 11 pedestrian 0 0 -10 616.44 178.72 635.56 198.37 -10 -10 -10 -100    0 -1000 -1000 -10
34 10 pedestrian 0 0 -10 627.82 179.69 651.22 202.26 -10 -10 -10 -100    0 -1000 -1000 -10
34 9 pedestrian 0 0 -10 481.69 181.70 535.52 226.82 -10 -10 -10 -100    0 -1000 -1000 -10
34 8 pedestrian 0 0 -10 525.70 181.11 553.95 205.13 -10 -10 -10 -100    0 -1000 -1000 -10
34 7 pedestrian 0 0 -10 654.31 179.66 711.69 228.67 -10 -10 -10 -100    0 -1000 -1000 -10
34 6 pedestrian 0 0 -10 585.52 178.04 610.16 204.54 -10 -10 -10 -100    0 -1000 -1000 -10
34 5 pedestrian 0 0 -10 439.03 177.22 514.76 242.59 -10 -10 -10 -100    0 -1000 -1000 -10
34 4 pedestrian 0 0 -10 15.67 179.19 243.54 302.74 -10 -10 -10 -100    0 -1000 -1000 -10
34 3 pedestrian 0 0 -10 705.12 188.86 822.73 285.05 -10 -10 -10 -100    0 -1000 -1000 -10
34 2 pedestrian 0 0 -10 253.33 187.16 449.40 324.46 -10 -10 -10 -100    0 -1000 -1000 -10
35 19 pedestrian 0 0 -10 302.28 161.71 355.20 197.33 -10 -10 -10 -100    0 -1000 -1000 -10
35 18 pedestrian 0 0 -10 436.91 182.93 478.27 213.33 -10 -10 -10 -100    0 -1000 -1000 -10
35 14 pedestrian 0 0 -10 282.36 180.51 374.03 263.57 -10 -10 -10 -100    0 -1000 -1000 -10
35 13 pedestrian 0 0 -10 382.99 183.39 442.23 224.32 -10 -10 -10 -100    0 -1000 -1000 -10
35 12 pedestrian 0 0 -10 455.71 165.30 638.28 200.64 -10 -10 -10 -100    0 -1000 -1000 -10
35 10 pedestrian 0 0 -10 627.78 180.48 650.74 202.66 -10 -10 -10 -100    0 -1000 -1000 -10
35 9 pedestrian 0 0 -10 482.28 182.41 535.60 227.38 -10 -10 -10 -100    0 -1000 -1000 -10
35 8 pedestrian 0 0 -10 528.05 181.81 554.97 205.08 -10 -10 -10 -100    0 -1000 -1000 -10
35 7 pedestrian 0 0 -10 653.56 180.26 710.47 228.88 -10 -10 -10 -100    0 -1000 -1000 -10
35 6 pedestrian 0 0 -10 585.52 178.43 610.63 205.38 -10 -10 -10 -100    0 -1000 -1000 -10
35 5 pedestrian 0 0 -10 438.57 178.16 514.17 243.48 -10 -10 -10 -100    0 -1000 -1000 -10
35 4 pedestrian 0 0 -10 1.91 179.81 237.85 306.14 -10 -10 -10 -100    0 -1000 -1000 -10
35 3 pedestrian 0 0 -10 703.74 189.50 820.90 284.46 -10 -10 -10 -100    0 -1000 -1000 -10
35 2 pedestrian 0 0 -10 252.43 188.27 448.05 325.87 -10 -10 -10 -100    0 -1000 -1000 -10
36 20 pedestrian 0 0 -10 509.35 183.40 538.93 215.39 -10 -10 -10 -100    0 -1000 -1000 -10
36 19 pedestrian 0 0 -10 286.39 160.10 339.77 198.04 -10 -10 -10 -100    0 -1000 -1000 -10
36 18 pedestrian 0 0 -10 436.71 183.57 478.38 214.13 -10 -10 -10 -100    0 -1000 -1000 -10
36 14 pedestrian 0 0 -10 281.11 180.20 374.69 264.70 -10 -10 -10 -100    0 -1000 -1000 -10
36 13 pedestrian 0 0 -10 383.43 183.81 442.06 224.97 -10 -10 -10 -100    0 -1000 -1000 -10
36 12 pedestrian 0 0 -10 456.61 165.51 637.74 200.66 -10 -10 -10 -100    0 -1000 -1000 -10
36 10 pedestrian 0 0 -10 627.03 180.34 649.41 202.58 -10 -10 -10 -100    0 -1000 -1000 -10
36 9 pedestrian 0 0 -10 481.83 182.79 535.41 227.66 -10 -10 -10 -100    0 -1000 -1000 -10
36 8 pedestrian 0 0 -10 527.54 181.87 555.20 205.59 -10 -10 -10 -100    0 -1000 -1000 -10
36 7 pedestrian 0 0 -10 652.74 180.42 709.27 228.58 -10 -10 -10 -100    0 -1000 -1000 -10
36 6 pedestrian 0 0 -10 585.26 178.93 610.15 206.25 -10 -10 -10 -100    0 -1000 -1000 -10
36 5 pedestrian 0 0 -10 438.00 178.72 513.89 244.61 -10 -10 -10 -100    0 -1000 -1000 -10
36 4 pedestrian 0 0 -10 0.00 180.27 231.99 309.56 -10 -10 -10 -100    0 -1000 -1000 -10
36 3 pedestrian 0 0 -10 702.68 189.65 818.98 283.64 -10 -10 -10 -100    0 -1000 -1000 -10
36 2 pedestrian 0 0 -10 250.51 188.23 448.31 327.37 -10 -10 -10 -100    0 -1000 -1000 -10
37 20 pedestrian 0 0 -10 509.37 183.55 538.95 215.96 -10 -10 -10 -100    0 -1000 -1000 -10
37 19 pedestrian 0 0 -10 264.84 159.16 322.33 194.31 -10 -10 -10 -100    0 -1000 -1000 -10
37 18 pedestrian 0 0 -10 436.35 183.75 478.26 214.42 -10 -10 -10 -100    0 -1000 -1000 -10
37 14 pedestrian 0 0 -10 281.50 179.97 374.31 265.51 -10 -10 -10 -100    0 -1000 -1000 -10
37 13 pedestrian 0 0 -10 383.26 183.84 441.85 224.56 -10 -10 -10 -100    0 -1000 -1000 -10
37 12 pedestrian 0 0 -10 457.05 165.50 636.99 200.78 -10 -10 -10 -100    0 -1000 -1000 -10
37 10 pedestrian 0 0 -10 626.86 180.53 648.56 202.49 -10 -10 -10 -100    0 -1000 -1000 -10
37 9 pedestrian 0 0 -10 481.63 182.98 535.69 228.03 -10 -10 -10 -100    0 -1000 -1000 -10
37 8 pedestrian 0 0 -10 527.16 182.03 555.35 206.26 -10 -10 -10 -100    0 -1000 -1000 -10
37 7 pedestrian 0 0 -10 652.71 180.70 708.05 228.11 -10 -10 -10 -100    0 -1000 -1000 -10
37 6 pedestrian 0 0 -10 585.41 179.22 610.00 206.23 -10 -10 -10 -100    0 -1000 -1000 -10
37 5 pedestrian 0 0 -10 437.72 179.01 514.03 245.39 -10 -10 -10 -100    0 -1000 -1000 -10
37 4 pedestrian 0 0 -10 0.00 180.42 227.02 313.49 -10 -10 -10 -100    0 -1000 -1000 -10
37 3 pedestrian 0 0 -10 701.71 189.66 817.18 282.72 -10 -10 -10 -100    0 -1000 -1000 -10
37 2 pedestrian 0 0 -10 248.08 188.94 447.70 328.60 -10 -10 -10 -100    0 -1000 -1000 -10
38 20 pedestrian 0 0 -10 510.38 183.61 539.59 214.95 -10 -10 -10 -100    0 -1000 -1000 -10
38 19 pedestrian 0 0 -10 236.71 156.63 300.97 194.56 -10 -10 -10 -100    0 -1000 -1000 -10
38 18 pedestrian 0 0 -10 436.16 183.70 478.24 214.62 -10 -10 -10 -100    0 -1000 -1000 -10
38 14 pedestrian 0 0 -10 281.70 179.94 373.60 264.93 -10 -10 -10 -100    0 -1000 -1000 -10
38 13 pedestrian 0 0 -10 382.30 183.92 441.70 224.92 -10 -10 -10 -100    0 -1000 -1000 -10
38 12 pedestrian 0 0 -10 457.08 165.33 637.01 200.65 -10 -10 -10 -100    0 -1000 -1000 -10
38 10 pedestrian 0 0 -10 626.04 180.67 647.10 202.26 -10 -10 -10 -100    0 -1000 -1000 -10
38 9 pedestrian 0 0 -10 481.44 183.09 535.56 228.30 -10 -10 -10 -100    0 -1000 -1000 -10
38 8 pedestrian 0 0 -10 526.74 182.14 555.18 206.57 -10 -10 -10 -100    0 -1000 -1000 -10
38 7 pedestrian 0 0 -10 652.96 180.82 706.75 227.67 -10 -10 -10 -100    0 -1000 -1000 -10
38 6 pedestrian 0 0 -10 586.02 179.42 610.30 206.32 -10 -10 -10 -100    0 -1000 -1000 -10
38 5 pedestrian 0 0 -10 437.06 179.20 513.77 246.09 -10 -10 -10 -100    0 -1000 -1000 -10
38 4 pedestrian 0 0 -10 0.00 180.67 220.44 317.12 -10 -10 -10 -100    0 -1000 -1000 -10
38 3 pedestrian 0 0 -10 700.99 189.74 814.20 281.61 -10 -10 -10 -100    0 -1000 -1000 -10
38 2 pedestrian 0 0 -10 246.07 189.45 446.59 329.33 -10 -10 -10 -100    0 -1000 -1000 -10
39 20 pedestrian 0 0 -10 510.71 183.71 540.49 214.50 -10 -10 -10 -100    0 -1000 -1000 -10
39 19 pedestrian 0 0 -10 200.19 156.05 276.71 201.75 -10 -10 -10 -100    0 -1000 -1000 -10
39 18 pedestrian 0 0 -10 436.57 183.91 478.68 215.12 -10 -10 -10 -100    0 -1000 -1000 -10
39 14 pedestrian 0 0 -10 279.93 180.52 371.34 264.33 -10 -10 -10 -100    0 -1000 -1000 -10
39 13 pedestrian 0 0 -10 380.81 184.21 441.35 225.37 -10 -10 -10 -100    0 -1000 -1000 -10
39 12 pedestrian 0 0 -10 457.68 165.72 636.28 200.88 -10 -10 -10 -100    0 -1000 -1000 -10
39 10 pedestrian 0 0 -10 625.84 180.93 646.94 202.48 -10 -10 -10 -100    0 -1000 -1000 -10
39 9 pedestrian 0 0 -10 481.55 183.28 535.59 228.60 -10 -10 -10 -100    0 -1000 -1000 -10
39 8 pedestrian 0 0 -10 526.14 182.45 554.88 207.11 -10 -10 -10 -100    0 -1000 -1000 -10
39 7 pedestrian 0 0 -10 652.11 181.02 705.99 227.26 -10 -10 -10 -100    0 -1000 -1000 -10
39 6 pedestrian 0 0 -10 586.33 179.95 610.70 206.72 -10 -10 -10 -100    0 -1000 -1000 -10
39 5 pedestrian 0 0 -10 436.31 179.75 513.78 247.00 -10 -10 -10 -100    0 -1000 -1000 -10
39 4 pedestrian 0 0 -10 0.00 181.40 212.74 320.37 -10 -10 -10 -100    0 -1000 -1000 -10
39 3 pedestrian 0 0 -10 700.31 189.84 812.33 281.09 -10 -10 -10 -100    0 -1000 -1000 -10
39 2 pedestrian 0 0 -10 244.02 189.82 446.07 330.45 -10 -10 -10 -100    0 -1000 -1000 -10
40 20 pedestrian 0 0 -10 509.99 183.88 539.85 214.83 -10 -10 -10 -100    0 -1000 -1000 -10
40 19 pedestrian 0 0 -10 153.84 154.47 246.97 209.64 -10 -10 -10 -100    0 -1000 -1000 -10
40 18 pedestrian 0 0 -10 436.21 184.54 477.96 215.34 -10 -10 -10 -100    0 -1000 -1000 -10
40 14 pedestrian 0 0 -10 275.58 183.46 371.08 261.30 -10 -10 -10 -100    0 -1000 -1000 -10
40 13 pedestrian 0 0 -10 380.55 184.74 441.58 226.14 -10 -10 -10 -100    0 -1000 -1000 -10
40 12 pedestrian 0 0 -10 458.13 165.88 637.10 201.02 -10 -10 -10 -100    0 -1000 -1000 -10
40 10 pedestrian 0 0 -10 625.82 181.23 646.07 202.64 -10 -10 -10 -100    0 -1000 -1000 -10
40 9 pedestrian 0 0 -10 481.56 183.36 535.66 228.80 -10 -10 -10 -100    0 -1000 -1000 -10
40 8 pedestrian 0 0 -10 526.84 183.08 555.40 206.87 -10 -10 -10 -100    0 -1000 -1000 -10
40 7 pedestrian 0 0 -10 651.77 181.32 704.79 226.71 -10 -10 -10 -100    0 -1000 -1000 -10
40 6 pedestrian 0 0 -10 586.32 180.30 610.76 207.05 -10 -10 -10 -100    0 -1000 -1000 -10
40 5 pedestrian 0 0 -10 435.30 180.58 513.94 247.82 -10 -10 -10 -100    0 -1000 -1000 -10
40 4 pedestrian 0 0 -10 0.00 181.82 205.45 324.32 -10 -10 -10 -100    0 -1000 -1000 -10
40 3 pedestrian 0 0 -10 699.67 190.05 811.05 280.39 -10 -10 -10 -100    0 -1000 -1000 -10
40 2 pedestrian 0 0 -10 241.31 190.07 446.23 331.54 -10 -10 -10 -100    0 -1000 -1000 -10
41 20 pedestrian 0 0 -10 510.44 184.07 539.77 214.61 -10 -10 -10 -100    0 -1000 -1000 -10
41 19 pedestrian 0 0 -10 104.30 153.55 213.23 213.07 -10 -10 -10 -100    0 -1000 -1000 -10
41 18 pedestrian 0 0 -10 436.76 184.69 478.07 215.45 -10 -10 -10 -100    0 -1000 -1000 -10
41 14 pedestrian 0 0 -10 269.21 185.31 371.61 255.39 -10 -10 -10 -100    0 -1000 -1000 -10
41 13 pedestrian 0 0 -10 380.31 185.06 441.93 226.72 -10 -10 -10 -100    0 -1000 -1000 -10
41 12 pedestrian 0 0 -10 457.82 166.04 637.76 200.79 -10 -10 -10 -100    0 -1000 -1000 -10
41 10 pedestrian 0 0 -10 626.19 181.88 646.28 202.72 -10 -10 -10 -100    0 -1000 -1000 -10
41 9 pedestrian 0 0 -10 481.23 183.29 535.83 229.13 -10 -10 -10 -100    0 -1000 -1000 -10
41 8 pedestrian 0 0 -10 528.33 183.83 555.44 206.92 -10 -10 -10 -100    0 -1000 -1000 -10
41 7 pedestrian 0 0 -10 651.93 181.55 704.16 226.65 -10 -10 -10 -100    0 -1000 -1000 -10
41 6 pedestrian 0 0 -10 586.83 180.41 611.41 207.16 -10 -10 -10 -100    0 -1000 -1000 -10
41 5 pedestrian 0 0 -10 434.68 180.66 513.87 248.38 -10 -10 -10 -100    0 -1000 -1000 -10
41 4 pedestrian 0 0 -10 0.00 182.01 198.68 328.11 -10 -10 -10 -100    0 -1000 -1000 -10
41 3 pedestrian 0 0 -10 699.10 190.13 809.84 279.53 -10 -10 -10 -100    0 -1000 -1000 -10
41 2 pedestrian 0 0 -10 237.99 190.14 445.38 333.22 -10 -10 -10 -100    0 -1000 -1000 -10
42 20 pedestrian 0 0 -10 510.94 183.97 540.80 214.05 -10 -10 -10 -100    0 -1000 -1000 -10
42 18 pedestrian 0 0 -10 436.06 184.47 477.41 215.61 -10 -10 -10 -100    0 -1000 -1000 -10
42 14 pedestrian 0 0 -10 268.14 186.06 373.71 251.58 -10 -10 -10 -100    0 -1000 -1000 -10
42 13 pedestrian 0 0 -10 379.96 185.21 441.77 226.96 -10 -10 -10 -100    0 -1000 -1000 -10
42 12 pedestrian 0 0 -10 457.70 165.87 637.88 200.61 -10 -10 -10 -100    0 -1000 -1000 -10
42 10 pedestrian 0 0 -10 625.86 182.08 645.54 202.86 -10 -10 -10 -100    0 -1000 -1000 -10
42 9 pedestrian 0 0 -10 481.25 183.34 535.72 229.43 -10 -10 -10 -100    0 -1000 -1000 -10
42 8 pedestrian 0 0 -10 529.01 183.66 556.41 206.89 -10 -10 -10 -100    0 -1000 -1000 -10
42 7 pedestrian 0 0 -10 651.92 181.77 703.74 226.48 -10 -10 -10 -100    0 -1000 -1000 -10
42 6 pedestrian 0 0 -10 587.12 180.49 611.49 207.15 -10 -10 -10 -100    0 -1000 -1000 -10
42 5 pedestrian 0 0 -10 434.13 180.86 514.07 249.13 -10 -10 -10 -100    0 -1000 -1000 -10
42 4 pedestrian 0 0 -10 0.00 182.63 190.67 332.13 -10 -10 -10 -100    0 -1000 -1000 -10
42 3 pedestrian 0 0 -10 698.67 190.27 808.86 278.95 -10 -10 -10 -100    0 -1000 -1000 -10
42 2 pedestrian 0 0 -10 235.15 190.06 444.79 335.22 -10 -10 -10 -100    0 -1000 -1000 -10
43 21 pedestrian 0 0 -10 514.00 183.75 546.74 213.01 -10 -10 -10 -100    0 -1000 -1000 -10
43 20 pedestrian 0 0 -10 510.00 184.23 540.45 214.87 -10 -10 -10 -100    0 -1000 -1000 -10
43 18 pedestrian 0 0 -10 435.33 184.47 476.75 215.96 -10 -10 -10 -100    0 -1000 -1000 -10
43 14 pedestrian 0 0 -10 267.25 186.15 373.06 252.68 -10 -10 -10 -100    0 -1000 -1000 -10
43 13 pedestrian 0 0 -10 379.95 185.43 441.64 227.05 -10 -10 -10 -100    0 -1000 -1000 -10
43 12 pedestrian 0 0 -10 458.36 165.45 637.10 200.77 -10 -10 -10 -100    0 -1000 -1000 -10
43 10 pedestrian 0 0 -10 625.83 182.07 645.26 202.97 -10 -10 -10 -100    0 -1000 -1000 -10
43 9 pedestrian 0 0 -10 481.24 183.72 536.32 229.97 -10 -10 -10 -100    0 -1000 -1000 -10
43 8 pedestrian 0 0 -10 529.78 183.63 557.27 206.94 -10 -10 -10 -100    0 -1000 -1000 -10
43 7 pedestrian 0 0 -10 651.23 182.10 703.21 225.96 -10 -10 -10 -100    0 -1000 -1000 -10
43 6 pedestrian 0 0 -10 587.29 180.90 611.24 207.28 -10 -10 -10 -100    0 -1000 -1000 -10
43 5 pedestrian 0 0 -10 433.54 181.11 514.06 250.12 -10 -10 -10 -100    0 -1000 -1000 -10
43 4 pedestrian 0 0 -10 0.00 184.14 182.02 335.62 -10 -10 -10 -100    0 -1000 -1000 -10
43 3 pedestrian 0 0 -10 698.29 190.51 808.43 278.95 -10 -10 -10 -100    0 -1000 -1000 -10
43 2 pedestrian 0 0 -10 231.24 190.25 443.89 337.30 -10 -10 -10 -100    0 -1000 -1000 -10
44 21 pedestrian 0 0 -10 513.24 184.04 546.30 214.29 -10 -10 -10 -100    0 -1000 -1000 -10
44 18 pedestrian 0 0 -10 434.93 184.70 476.45 216.41 -10 -10 -10 -100    0 -1000 -1000 -10
44 16 pedestrian 0 0 -10 0.00 143.83 43.50 225.03 -10 -10 -10 -100    0 -1000 -1000 -10
44 14 pedestrian 0 0 -10 264.78 186.62 373.09 253.84 -10 -10 -10 -100    0 -1000 -1000 -10
44 13 pedestrian 0 0 -10 380.54 185.78 442.37 227.92 -10 -10 -10 -100    0 -1000 -1000 -10
44 12 pedestrian 0 0 -10 458.30 165.36 635.66 200.45 -10 -10 -10 -100    0 -1000 -1000 -10
44 10 pedestrian 0 0 -10 625.96 182.62 645.24 203.28 -10 -10 -10 -100    0 -1000 -1000 -10
44 9 pedestrian 0 0 -10 480.76 183.96 536.60 230.64 -10 -10 -10 -100    0 -1000 -1000 -10
44 8 pedestrian 0 0 -10 529.47 183.92 557.17 207.34 -10 -10 -10 -100    0 -1000 -1000 -10
44 7 pedestrian 0 0 -10 651.38 182.58 701.94 225.73 -10 -10 -10 -100    0 -1000 -1000 -10
44 6 pedestrian 0 0 -10 587.06 181.62 611.60 207.47 -10 -10 -10 -100    0 -1000 -1000 -10
44 5 pedestrian 0 0 -10 433.18 181.65 514.03 250.96 -10 -10 -10 -100    0 -1000 -1000 -10
44 4 pedestrian 0 0 -10 0.00 183.30 175.68 339.93 -10 -10 -10 -100    0 -1000 -1000 -10
44 3 pedestrian 0 0 -10 698.00 190.78 807.69 278.76 -10 -10 -10 -100    0 -1000 -1000 -10
44 2 pedestrian 0 0 -10 227.60 190.53 443.09 339.85 -10 -10 -10 -100    0 -1000 -1000 -10
45 21 pedestrian 0 0 -10 512.10 184.50 546.49 215.62 -10 -10 -10 -100    0 -1000 -1000 -10
45 18 pedestrian 0 0 -10 435.42 184.82 477.01 216.43 -10 -10 -10 -100    0 -1000 -1000 -10
45 14 pedestrian 0 0 -10 264.35 187.18 374.50 254.46 -10 -10 -10 -100    0 -1000 -1000 -10
45 13 pedestrian 0 0 -10 380.34 186.10 442.37 228.79 -10 -10 -10 -100    0 -1000 -1000 -10
45 12 pedestrian 0 0 -10 458.40 165.43 635.91 200.49 -10 -10 -10 -100    0 -1000 -1000 -10
45 10 pedestrian 0 0 -10 626.37 183.32 645.20 203.07 -10 -10 -10 -100    0 -1000 -1000 -10
45 9 pedestrian 0 0 -10 480.14 184.20 536.90 231.28 -10 -10 -10 -100    0 -1000 -1000 -10
45 8 pedestrian 0 0 -10 529.21 184.44 557.52 208.37 -10 -10 -10 -100    0 -1000 -1000 -10
45 7 pedestrian 0 0 -10 651.15 182.83 701.45 225.62 -10 -10 -10 -100    0 -1000 -1000 -10
45 6 pedestrian 0 0 -10 586.95 181.79 612.12 207.63 -10 -10 -10 -100    0 -1000 -1000 -10
45 5 pedestrian 0 0 -10 431.75 181.59 514.24 252.36 -10 -10 -10 -100    0 -1000 -1000 -10
45 4 pedestrian 0 0 -10 0.00 183.24 167.29 341.78 -10 -10 -10 -100    0 -1000 -1000 -10
45 3 pedestrian 0 0 -10 697.81 191.13 807.72 278.34 -10 -10 -10 -100    0 -1000 -1000 -10
45 2 pedestrian 0 0 -10 221.35 190.83 442.41 343.08 -10 -10 -10 -100    0 -1000 -1000 -10
46 22 pedestrian 0 0 -10 477.49 175.59 513.13 203.76 -10 -10 -10 -100    0 -1000 -1000 -10
46 21 pedestrian 0 0 -10 514.40 184.52 548.01 214.52 -10 -10 -10 -100    0 -1000 -1000 -10
46 18 pedestrian 0 0 -10 435.59 185.35 477.17 217.08 -10 -10 -10 -100    0 -1000 -1000 -10
46 14 pedestrian 0 0 -10 261.81 187.66 373.40 255.91 -10 -10 -10 -100    0 -1000 -1000 -10
46 13 pedestrian 0 0 -10 379.84 186.47 442.07 229.45 -10 -10 -10 -100    0 -1000 -1000 -10
46 12 pedestrian 0 0 -10 458.51 165.62 635.68 200.56 -10 -10 -10 -100    0 -1000 -1000 -10
46 10 pedestrian 0 0 -10 626.65 183.60 645.02 203.12 -10 -10 -10 -100    0 -1000 -1000 -10
46 9 pedestrian 0 0 -10 479.82 184.14 537.55 231.84 -10 -10 -10 -100    0 -1000 -1000 -10
46 8 pedestrian 0 0 -10 528.99 184.78 557.88 209.06 -10 -10 -10 -100    0 -1000 -1000 -10
46 7 pedestrian 0 0 -10 650.99 183.00 701.17 225.39 -10 -10 -10 -100    0 -1000 -1000 -10
46 6 pedestrian 0 0 -10 587.92 181.85 612.99 207.99 -10 -10 -10 -100    0 -1000 -1000 -10
46 5 pedestrian 0 0 -10 431.07 182.35 514.27 253.24 -10 -10 -10 -100    0 -1000 -1000 -10
46 4 pedestrian 0 0 -10 0.00 184.07 158.43 340.54 -10 -10 -10 -100    0 -1000 -1000 -10
46 3 pedestrian 0 0 -10 697.59 191.48 807.16 278.00 -10 -10 -10 -100    0 -1000 -1000 -10
46 2 pedestrian 0 0 -10 215.61 191.67 440.33 346.34 -10 -10 -10 -100    0 -1000 -1000 -10
47 22 pedestrian 0 0 -10 477.70 175.63 512.62 203.83 -10 -10 -10 -100    0 -1000 -1000 -10
47 21 pedestrian 0 0 -10 513.81 184.70 547.32 215.07 -10 -10 -10 -100    0 -1000 -1000 -10
47 18 pedestrian 0 0 -10 435.14 185.38 477.03 217.69 -10 -10 -10 -100    0 -1000 -1000 -10
47 14 pedestrian 0 0 -10 262.66 187.49 373.42 255.94 -10 -10 -10 -100    0 -1000 -1000 -10
47 13 pedestrian 0 0 -10 378.85 186.67 441.70 230.21 -10 -10 -10 -100    0 -1000 -1000 -10
47 12 pedestrian 0 0 -10 458.35 165.44 636.16 200.65 -10 -10 -10 -100    0 -1000 -1000 -10
47 10 pedestrian 0 0 -10 626.83 183.74 644.88 203.09 -10 -10 -10 -100    0 -1000 -1000 -10
47 9 pedestrian 0 0 -10 479.01 184.32 537.19 232.37 -10 -10 -10 -100    0 -1000 -1000 -10
47 8 pedestrian 0 0 -10 528.76 184.90 557.90 209.38 -10 -10 -10 -100    0 -1000 -1000 -10
47 7 pedestrian 0 0 -10 651.53 182.97 700.27 224.92 -10 -10 -10 -100    0 -1000 -1000 -10
47 6 pedestrian 0 0 -10 588.54 181.84 613.28 207.93 -10 -10 -10 -100    0 -1000 -1000 -10
47 5 pedestrian 0 0 -10 429.50 182.60 513.92 254.38 -10 -10 -10 -100    0 -1000 -1000 -10
47 4 pedestrian 0 0 -10 0.00 183.96 148.24 343.88 -10 -10 -10 -100    0 -1000 -1000 -10
47 3 pedestrian 0 0 -10 697.60 191.61 806.44 277.60 -10 -10 -10 -100    0 -1000 -1000 -10
47 2 pedestrian 0 0 -10 207.52 192.27 437.03 350.12 -10 -10 -10 -100    0 -1000 -1000 -10
48 22 pedestrian 0 0 -10 477.87 175.23 513.18 203.85 -10 -10 -10 -100    0 -1000 -1000 -10
48 21 pedestrian 0 0 -10 514.57 184.83 548.06 215.06 -10 -10 -10 -100    0 -1000 -1000 -10
48 18 pedestrian 0 0 -10 434.37 185.25 476.12 217.91 -10 -10 -10 -100    0 -1000 -1000 -10
48 14 pedestrian 0 0 -10 263.53 187.73 373.01 256.08 -10 -10 -10 -100    0 -1000 -1000 -10
48 13 pedestrian 0 0 -10 377.28 186.98 441.08 230.77 -10 -10 -10 -100    0 -1000 -1000 -10
48 12 pedestrian 0 0 -10 458.43 165.23 636.88 200.59 -10 -10 -10 -100    0 -1000 -1000 -10
48 10 pedestrian 0 0 -10 626.10 183.65 643.38 203.21 -10 -10 -10 -100    0 -1000 -1000 -10
48 9 pedestrian 0 0 -10 477.63 184.12 537.18 232.93 -10 -10 -10 -100    0 -1000 -1000 -10
48 8 pedestrian 0 0 -10 528.88 185.13 558.03 209.88 -10 -10 -10 -100    0 -1000 -1000 -10
48 7 pedestrian 0 0 -10 651.41 182.84 699.39 224.59 -10 -10 -10 -100    0 -1000 -1000 -10
48 6 pedestrian 0 0 -10 588.52 181.96 613.51 208.09 -10 -10 -10 -100    0 -1000 -1000 -10
48 5 pedestrian 0 0 -10 427.92 182.59 513.21 255.33 -10 -10 -10 -100    0 -1000 -1000 -10
48 4 pedestrian 0 0 -10 0.00 184.55 138.27 346.22 -10 -10 -10 -100    0 -1000 -1000 -10
48 3 pedestrian 0 0 -10 697.37 191.56 806.05 277.48 -10 -10 -10 -100    0 -1000 -1000 -10
48 2 pedestrian 0 0 -10 198.30 192.87 435.46 355.29 -10 -10 -10 -100    0 -1000 -1000 -10
49 21 pedestrian 0 0 -10 513.54 185.11 546.95 215.95 -10 -10 -10 -100    0 -1000 -1000 -10
49 18 pedestrian 0 0 -10 433.18 185.36 475.09 218.38 -10 -10 -10 -100    0 -1000 -1000 -10
49 14 pedestrian 0 0 -10 261.75 188.06 373.42 257.49 -10 -10 -10 -100    0 -1000 -1000 -10
49 13 pedestrian 0 0 -10 375.70 187.18 439.92 231.06 -10 -10 -10 -100    0 -1000 -1000 -10
49 12 pedestrian 0 0 -10 458.05 165.38 636.66 200.54 -10 -10 -10 -100    0 -1000 -1000 -10
49 10 pedestrian 0 0 -10 625.79 183.75 643.78 203.41 -10 -10 -10 -100    0 -1000 -1000 -10
49 9 pedestrian 0 0 -10 476.75 184.62 536.92 233.59 -10 -10 -10 -100    0 -1000 -1000 -10
49 8 pedestrian 0 0 -10 529.92 185.18 558.60 209.96 -10 -10 -10 -100    0 -1000 -1000 -10
49 7 pedestrian 0 0 -10 651.04 182.99 698.83 224.58 -10 -10 -10 -100    0 -1000 -1000 -10
49 6 pedestrian 0 0 -10 588.93 182.15 613.79 207.88 -10 -10 -10 -100    0 -1000 -1000 -10
49 5 pedestrian 0 0 -10 425.36 182.88 512.40 256.81 -10 -10 -10 -100    0 -1000 -1000 -10
49 4 pedestrian 0 0 -10 0.00 185.78 126.62 346.46 -10 -10 -10 -100    0 -1000 -1000 -10
49 3 pedestrian 0 0 -10 696.78 191.70 805.56 277.48 -10 -10 -10 -100    0 -1000 -1000 -10
49 2 pedestrian 0 0 -10 187.45 193.17 433.51 360.73 -10 -10 -10 -100    0 -1000 -1000 -10
49 22 pedestrian 0 0 -10 477.66 175.15 513.18 203.94 -10 -10 -10 -100    0 -1000 -1000 -10
50 18 pedestrian 0 0 -10 431.05 185.39 473.43 218.78 -10 -10 -10 -100    0 -1000 -1000 -10
50 21 pedestrian 0 0 -10 513.35 185.25 547.29 216.29 -10 -10 -10 -100    0 -1000 -1000 -10
50 14 pedestrian 0 0 -10 259.36 188.25 371.22 258.07 -10 -10 -10 -100    0 -1000 -1000 -10
50 13 pedestrian 0 0 -10 373.52 187.18 437.93 231.63 -10 -10 -10 -100    0 -1000 -1000 -10
50 12 pedestrian 0 0 -10 457.44 165.35 636.03 200.58 -10 -10 -10 -100    0 -1000 -1000 -10
50 10 pedestrian 0 0 -10 625.79 183.95 643.41 203.45 -10 -10 -10 -100    0 -1000 -1000 -10
50 9 pedestrian 0 0 -10 475.77 184.69 536.60 233.46 -10 -10 -10 -100    0 -1000 -1000 -10
50 8 pedestrian 0 0 -10 529.07 185.37 557.94 210.35 -10 -10 -10 -100    0 -1000 -1000 -10
50 7 pedestrian 0 0 -10 650.18 183.15 697.87 224.20 -10 -10 -10 -100    0 -1000 -1000 -10
50 6 pedestrian 0 0 -10 588.91 182.55 613.36 207.84 -10 -10 -10 -100    0 -1000 -1000 -10
50 5 pedestrian 0 0 -10 423.20 182.74 511.64 257.69 -10 -10 -10 -100    0 -1000 -1000 -10
50 4 pedestrian 0 0 -10 0.00 186.66 114.54 347.22 -10 -10 -10 -100    0 -1000 -1000 -10
50 3 pedestrian 0 0 -10 696.49 191.77 804.75 277.56 -10 -10 -10 -100    0 -1000 -1000 -10
50 2 pedestrian 0 0 -10 174.63 193.48 429.73 366.68 -10 -10 -10 -100    0 -1000 -1000 -10
50 22 pedestrian 0 0 -10 478.23 174.56 513.89 204.27 -10 -10 -10 -100    0 -1000 -1000 -10
51 18 pedestrian 0 0 -10 429.60 185.50 473.30 219.39 -10 -10 -10 -100    0 -1000 -1000 -10
51 21 pedestrian 0 0 -10 513.04 185.50 548.33 216.87 -10 -10 -10 -100    0 -1000 -1000 -10
51 14 pedestrian 0 0 -10 255.72 188.00 367.65 259.52 -10 -10 -10 -100    0 -1000 -1000 -10
51 13 pedestrian 0 0 -10 371.24 187.09 436.50 231.81 -10 -10 -10 -100    0 -1000 -1000 -10
51 12 pedestrian 0 0 -10 456.80 165.34 635.89 200.58 -10 -10 -10 -100    0 -1000 -1000 -10
51 10 pedestrian 0 0 -10 625.09 184.19 642.79 203.60 -10 -10 -10 -100    0 -1000 -1000 -10
51 9 pedestrian 0 0 -10 474.97 184.61 535.72 233.85 -10 -10 -10 -100    0 -1000 -1000 -10
51 8 pedestrian 0 0 -10 527.99 185.51 557.03 210.56 -10 -10 -10 -100    0 -1000 -1000 -10
51 7 pedestrian 0 0 -10 649.69 183.11 697.20 223.55 -10 -10 -10 -100    0 -1000 -1000 -10
51 6 pedestrian 0 0 -10 588.96 182.68 613.34 207.95 -10 -10 -10 -100    0 -1000 -1000 -10
51 5 pedestrian 0 0 -10 421.13 182.54 510.54 258.45 -10 -10 -10 -100    0 -1000 -1000 -10
51 4 pedestrian 0 0 -10 0.00 184.91 102.73 346.71 -10 -10 -10 -100    0 -1000 -1000 -10
51 3 pedestrian 0 0 -10 696.16 191.78 804.38 277.64 -10 -10 -10 -100    0 -1000 -1000 -10
51 2 pedestrian 0 0 -10 161.05 194.22 425.82 372.80 -10 -10 -10 -100    0 -1000 -1000 -10
51 22 pedestrian 0 0 -10 478.18 174.07 513.70 204.14 -10 -10 -10 -100    0 -1000 -1000 -10
52 18 pedestrian 0 0 -10 427.49 185.88 471.38 219.92 -10 -10 -10 -100    0 -1000 -1000 -10
52 21 pedestrian 0 0 -10 511.16 185.98 544.62 217.27 -10 -10 -10 -100    0 -1000 -1000 -10
52 14 pedestrian 0 0 -10 249.40 188.38 365.08 260.60 -10 -10 -10 -100    0 -1000 -1000 -10
52 13 pedestrian 0 0 -10 369.23 186.90 435.52 232.50 -10 -10 -10 -100    0 -1000 -1000 -10
52 12 pedestrian 0 0 -10 456.20 165.26 636.38 200.99 -10 -10 -10 -100    0 -1000 -1000 -10
52 10 pedestrian 0 0 -10 624.58 184.18 642.34 203.44 -10 -10 -10 -100    0 -1000 -1000 -10
52 9 pedestrian 0 0 -10 473.80 184.90 534.99 234.60 -10 -10 -10 -100    0 -1000 -1000 -10
52 8 pedestrian 0 0 -10 527.29 185.85 555.93 210.60 -10 -10 -10 -100    0 -1000 -1000 -10
52 7 pedestrian 0 0 -10 649.67 183.23 696.40 223.19 -10 -10 -10 -100    0 -1000 -1000 -10
52 6 pedestrian 0 0 -10 589.12 182.81 613.11 207.97 -10 -10 -10 -100    0 -1000 -1000 -10
52 5 pedestrian 0 0 -10 419.20 182.90 509.65 260.21 -10 -10 -10 -100    0 -1000 -1000 -10
52 4 pedestrian 0 0 -10 0.00 184.44 88.01 345.91 -10 -10 -10 -100    0 -1000 -1000 -10
52 3 pedestrian 0 0 -10 696.30 192.02 803.90 277.50 -10 -10 -10 -100    0 -1000 -1000 -10
52 2 pedestrian 0 0 -10 145.90 194.75 422.05 376.00 -10 -10 -10 -100    0 -1000 -1000 -10
52 22 pedestrian 0 0 -10 479.43 174.65 514.46 204.42 -10 -10 -10 -100    0 -1000 -1000 -10
53 18 pedestrian 0 0 -10 425.59 185.71 469.41 219.80 -10 -10 -10 -100    0 -1000 -1000 -10
53 21 pedestrian 0 0 -10 510.28 186.03 544.37 217.51 -10 -10 -10 -100    0 -1000 -1000 -10
53 14 pedestrian 0 0 -10 243.74 188.49 363.01 262.96 -10 -10 -10 -100    0 -1000 -1000 -10
53 13 pedestrian 0 0 -10 367.39 187.26 434.06 233.12 -10 -10 -10 -100    0 -1000 -1000 -10
53 12 pedestrian 0 0 -10 454.07 165.57 637.56 201.79 -10 -10 -10 -100    0 -1000 -1000 -10
53 10 pedestrian 0 0 -10 624.45 184.08 642.09 203.66 -10 -10 -10 -100    0 -1000 -1000 -10
53 9 pedestrian 0 0 -10 472.58 185.12 534.19 235.46 -10 -10 -10 -100    0 -1000 -1000 -10
53 8 pedestrian 0 0 -10 527.43 185.99 555.88 210.81 -10 -10 -10 -100    0 -1000 -1000 -10
53 7 pedestrian 0 0 -10 648.80 183.33 695.77 223.81 -10 -10 -10 -100    0 -1000 -1000 -10
53 6 pedestrian 0 0 -10 589.47 183.20 613.15 208.17 -10 -10 -10 -100    0 -1000 -1000 -10
53 5 pedestrian 0 0 -10 417.49 183.11 508.31 261.76 -10 -10 -10 -100    0 -1000 -1000 -10
53 4 pedestrian 0 0 -10 0.05 181.21 73.98 346.65 -10 -10 -10 -100    0 -1000 -1000 -10
53 3 pedestrian 0 0 -10 696.10 192.12 803.45 277.65 -10 -10 -10 -100    0 -1000 -1000 -10
53 2 pedestrian 0 0 -10 126.47 195.92 417.75 376.00 -10 -10 -10 -100    0 -1000 -1000 -10
53 22 pedestrian 0 0 -10 479.39 174.61 514.21 204.35 -10 -10 -10 -100    0 -1000 -1000 -10
54 18 pedestrian 0 0 -10 422.65 185.85 467.70 219.46 -10 -10 -10 -100    0 -1000 -1000 -10
54 21 pedestrian 0 0 -10 507.60 186.65 545.37 220.36 -10 -10 -10 -100    0 -1000 -1000 -10
54 14 pedestrian 0 0 -10 239.41 188.72 357.81 262.52 -10 -10 -10 -100    0 -1000 -1000 -10
54 13 pedestrian 0 0 -10 365.19 187.61 431.40 233.38 -10 -10 -10 -100    0 -1000 -1000 -10
54 12 pedestrian 0 0 -10 453.20 166.29 638.81 204.35 -10 -10 -10 -100    0 -1000 -1000 -10
54 10 pedestrian 0 0 -10 623.74 183.89 641.42 203.70 -10 -10 -10 -100    0 -1000 -1000 -10
54 9 pedestrian 0 0 -10 469.71 185.61 532.64 236.41 -10 -10 -10 -100    0 -1000 -1000 -10
54 8 pedestrian 0 0 -10 526.82 186.67 555.65 211.49 -10 -10 -10 -100    0 -1000 -1000 -10
54 7 pedestrian 0 0 -10 647.88 183.55 694.71 223.56 -10 -10 -10 -100    0 -1000 -1000 -10
54 6 pedestrian 0 0 -10 588.57 183.93 612.35 209.32 -10 -10 -10 -100    0 -1000 -1000 -10
54 5 pedestrian 0 0 -10 413.89 183.97 506.33 263.34 -10 -10 -10 -100    0 -1000 -1000 -10
54 4 pedestrian 0 0 -10 0.16 182.66 58.15 346.74 -10 -10 -10 -100    0 -1000 -1000 -10
54 3 pedestrian 0 0 -10 696.49 192.39 802.63 277.72 -10 -10 -10 -100    0 -1000 -1000 -10
54 2 pedestrian 0 0 -10 103.51 196.18 411.72 376.00 -10 -10 -10 -100    0 -1000 -1000 -10
54 22 pedestrian 0 0 -10 477.23 176.05 512.36 205.22 -10 -10 -10 -100    0 -1000 -1000 -10
55 18 pedestrian 0 0 -10 420.84 185.67 466.79 219.65 -10 -10 -10 -100    0 -1000 -1000 -10
55 21 pedestrian 0 0 -10 507.73 186.85 545.12 221.43 -10 -10 -10 -100    0 -1000 -1000 -10
55 14 pedestrian 0 0 -10 231.42 188.81 352.68 263.66 -10 -10 -10 -100    0 -1000 -1000 -10
55 13 pedestrian 0 0 -10 363.49 187.41 430.57 233.90 -10 -10 -10 -100    0 -1000 -1000 -10
55 12 pedestrian 0 0 -10 451.55 166.75 637.63 207.40 -10 -10 -10 -100    0 -1000 -1000 -10
55 10 pedestrian 0 0 -10 622.94 183.88 641.34 203.74 -10 -10 -10 -100    0 -1000 -1000 -10
55 9 pedestrian 0 0 -10 469.22 185.89 532.78 237.02 -10 -10 -10 -100    0 -1000 -1000 -10
55 8 pedestrian 0 0 -10 526.32 186.56 555.87 211.44 -10 -10 -10 -100    0 -1000 -1000 -10
55 7 pedestrian 0 0 -10 648.00 183.29 693.99 223.15 -10 -10 -10 -100    0 -1000 -1000 -10
55 6 pedestrian 0 0 -10 588.48 184.13 612.63 209.67 -10 -10 -10 -100    0 -1000 -1000 -10
55 5 pedestrian 0 0 -10 411.03 184.12 506.01 264.51 -10 -10 -10 -100    0 -1000 -1000 -10
55 4 pedestrian 0 0 -10 0.12 187.29 39.92 341.26 -10 -10 -10 -100    0 -1000 -1000 -10
55 3 pedestrian 0 0 -10 696.54 192.27 801.99 277.38 -10 -10 -10 -100    0 -1000 -1000 -10
55 2 pedestrian 0 0 -10 78.63 196.63 407.36 376.00 -10 -10 -10 -100    0 -1000 -1000 -10
55 22 pedestrian 0 0 -10 477.07 176.55 512.59 206.21 -10 -10 -10 -100    0 -1000 -1000 -10
56 18 pedestrian 0 0 -10 419.25 185.85 466.23 220.05 -10 -10 -10 -100    0 -1000 -1000 -10
56 21 pedestrian 0 0 -10 505.14 187.21 542.43 224.31 -10 -10 -10 -100    0 -1000 -1000 -10
56 14 pedestrian 0 0 -10 226.71 188.85 351.21 265.68 -10 -10 -10 -100    0 -1000 -1000 -10
56 13 pedestrian 0 0 -10 361.14 187.40 429.51 234.43 -10 -10 -10 -100    0 -1000 -1000 -10
56 12 pedestrian 0 0 -10 451.85 167.15 635.85 210.00 -10 -10 -10 -100    0 -1000 -1000 -10
56 10 pedestrian 0 0 -10 623.33 184.60 641.25 203.83 -10 -10 -10 -100    0 -1000 -1000 -10
56 9 pedestrian 0 0 -10 468.62 186.03 531.94 237.93 -10 -10 -10 -100    0 -1000 -1000 -10
56 8 pedestrian 0 0 -10 526.53 186.50 555.85 211.33 -10 -10 -10 -100    0 -1000 -1000 -10
56 7 pedestrian 0 0 -10 648.01 183.57 693.69 222.89 -10 -10 -10 -100    0 -1000 -1000 -10
56 6 pedestrian 0 0 -10 588.42 184.15 613.07 209.95 -10 -10 -10 -100    0 -1000 -1000 -10
56 5 pedestrian 0 0 -10 407.66 184.28 504.80 266.24 -10 -10 -10 -100    0 -1000 -1000 -10
56 3 pedestrian 0 0 -10 696.55 192.51 801.91 277.53 -10 -10 -10 -100    0 -1000 -1000 -10
56 2 pedestrian 0 0 -10 49.47 197.37 400.88 376.00 -10 -10 -10 -100    0 -1000 -1000 -10
56 22 pedestrian 0 0 -10 475.02 177.57 510.28 207.19 -10 -10 -10 -100    0 -1000 -1000 -10
57 18 pedestrian 0 0 -10 418.07 185.79 464.50 219.92 -10 -10 -10 -100    0 -1000 -1000 -10
57 21 pedestrian 0 0 -10 504.66 187.45 541.36 222.67 -10 -10 -10 -100    0 -1000 -1000 -10
57 14 pedestrian 0 0 -10 220.58 188.88 347.80 267.01 -10 -10 -10 -100    0 -1000 -1000 -10
57 13 pedestrian 0 0 -10 358.76 187.43 429.05 235.05 -10 -10 -10 -100    0 -1000 -1000 -10
57 12 pedestrian 0 0 -10 450.71 167.34 634.55 210.98 -10 -10 -10 -100    0 -1000 -1000 -10
57 10 pedestrian 0 0 -10 623.41 185.05 640.65 203.80 -10 -10 -10 -100    0 -1000 -1000 -10
57 9 pedestrian 0 0 -10 466.98 186.19 530.69 238.59 -10 -10 -10 -100    0 -1000 -1000 -10
57 8 pedestrian 0 0 -10 525.99 186.74 554.96 211.54 -10 -10 -10 -100    0 -1000 -1000 -10
57 7 pedestrian 0 0 -10 647.80 183.87 692.73 222.66 -10 -10 -10 -100    0 -1000 -1000 -10
57 6 pedestrian 0 0 -10 588.12 184.18 613.09 210.33 -10 -10 -10 -100    0 -1000 -1000 -10
57 5 pedestrian 0 0 -10 403.57 184.23 503.16 268.10 -10 -10 -10 -100    0 -1000 -1000 -10
57 3 pedestrian 0 0 -10 696.20 192.75 801.23 277.84 -10 -10 -10 -100    0 -1000 -1000 -10
57 2 pedestrian 0 0 -10 14.19 197.26 394.59 376.00 -10 -10 -10 -100    0 -1000 -1000 -10
57 22 pedestrian 0 0 -10 473.76 178.00 507.70 207.75 -10 -10 -10 -100    0 -1000 -1000 -10
58 18 pedestrian 0 0 -10 416.40 185.71 463.49 220.39 -10 -10 -10 -100    0 -1000 -1000 -10
58 21 pedestrian 0 0 -10 502.71 187.88 540.17 223.73 -10 -10 -10 -100    0 -1000 -1000 -10
58 14 pedestrian 0 0 -10 212.98 189.81 344.43 267.98 -10 -10 -10 -100    0 -1000 -1000 -10
58 13 pedestrian 0 0 -10 356.59 187.67 427.98 235.72 -10 -10 -10 -100    0 -1000 -1000 -10
58 12 pedestrian 0 0 -10 455.53 167.93 633.78 212.11 -10 -10 -10 -100    0 -1000 -1000 -10
58 10 pedestrian 0 0 -10 623.10 185.44 639.90 204.02 -10 -10 -10 -100    0 -1000 -1000 -10
58 9 pedestrian 0 0 -10 464.66 186.77 530.02 240.41 -10 -10 -10 -100    0 -1000 -1000 -10
58 8 pedestrian 0 0 -10 525.20 186.99 554.52 211.74 -10 -10 -10 -100    0 -1000 -1000 -10
58 7 pedestrian 0 0 -10 646.88 183.79 691.60 222.44 -10 -10 -10 -100    0 -1000 -1000 -10
58 6 pedestrian 0 0 -10 587.94 184.38 612.81 210.75 -10 -10 -10 -100    0 -1000 -1000 -10
58 5 pedestrian 0 0 -10 399.64 184.17 501.50 269.95 -10 -10 -10 -100    0 -1000 -1000 -10
58 3 pedestrian 0 0 -10 695.65 193.20 800.28 277.60 -10 -10 -10 -100    0 -1000 -1000 -10
58 2 pedestrian 0 0 -10 0.00 196.43 385.10 376.00 -10 -10 -10 -100    0 -1000 -1000 -10
58 22 pedestrian 0 0 -10 472.45 178.27 506.77 207.78 -10 -10 -10 -100    0 -1000 -1000 -10
59 18 pedestrian 0 0 -10 416.54 185.28 462.54 220.13 -10 -10 -10 -100    0 -1000 -1000 -10
59 21 pedestrian 0 0 -10 501.96 188.02 538.51 223.42 -10 -10 -10 -100    0 -1000 -1000 -10
59 14 pedestrian 0 0 -10 205.62 189.70 339.55 269.43 -10 -10 -10 -100    0 -1000 -1000 -10
59 13 pedestrian 0 0 -10 354.19 187.94 426.52 236.19 -10 -10 -10 -100    0 -1000 -1000 -10
59 12 pedestrian 0 0 -10 488.90 169.42 635.88 212.18 -10 -10 -10 -100    0 -1000 -1000 -10
59 10 pedestrian 0 0 -10 622.84 185.09 639.28 203.68 -10 -10 -10 -100    0 -1000 -1000 -10
59 9 pedestrian 0 0 -10 462.04 186.79 529.09 240.88 -10 -10 -10 -100    0 -1000 -1000 -10
59 8 pedestrian 0 0 -10 522.86 186.88 553.55 213.42 -10 -10 -10 -100    0 -1000 -1000 -10
59 7 pedestrian 0 0 -10 646.72 183.76 690.89 221.82 -10 -10 -10 -100    0 -1000 -1000 -10
59 6 pedestrian 0 0 -10 587.91 184.03 613.09 210.61 -10 -10 -10 -100    0 -1000 -1000 -10
59 5 pedestrian 0 0 -10 395.34 184.61 500.12 271.90 -10 -10 -10 -100    0 -1000 -1000 -10
59 3 pedestrian 0 0 -10 695.62 192.98 799.47 277.35 -10 -10 -10 -100    0 -1000 -1000 -10
59 2 pedestrian 0 0 -10 1.30 197.50 376.55 376.00 -10 -10 -10 -100    0 -1000 -1000 -10
59 22 pedestrian 0 0 -10 473.26 177.97 507.88 207.92 -10 -10 -10 -100    0 -1000 -1000 -10
60 18 pedestrian 0 0 -10 416.01 184.03 461.79 220.20 -10 -10 -10 -100    0 -1000 -1000 -10
60 21 pedestrian 0 0 -10 500.93 187.09 537.95 223.37 -10 -10 -10 -100    0 -1000 -1000 -10
60 14 pedestrian 0 0 -10 197.23 189.38 335.49 271.52 -10 -10 -10 -100    0 -1000 -1000 -10
60 13 pedestrian 0 0 -10 351.79 187.77 425.78 236.56 -10 -10 -10 -100    0 -1000 -1000 -10
60 12 pedestrian 0 0 -10 496.77 168.62 633.91 210.77 -10 -10 -10 -100    0 -1000 -1000 -10
60 10 pedestrian 0 0 -10 621.78 184.01 638.16 202.51 -10 -10 -10 -100    0 -1000 -1000 -10
60 9 pedestrian 0 0 -10 460.40 186.19 528.13 240.77 -10 -10 -10 -100    0 -1000 -1000 -10
60 8 pedestrian 0 0 -10 522.57 185.96 553.43 212.73 -10 -10 -10 -100    0 -1000 -1000 -10
60 7 pedestrian 0 0 -10 646.49 183.34 690.31 220.98 -10 -10 -10 -100    0 -1000 -1000 -10
60 6 pedestrian 0 0 -10 587.52 183.48 612.82 210.04 -10 -10 -10 -100    0 -1000 -1000 -10
60 5 pedestrian 0 0 -10 391.52 184.29 498.62 273.02 -10 -10 -10 -100    0 -1000 -1000 -10
60 3 pedestrian 0 0 -10 695.73 191.94 799.19 276.73 -10 -10 -10 -100    0 -1000 -1000 -10
60 2 pedestrian 0 0 -10 0.00 198.39 366.80 376.00 -10 -10 -10 -100    0 -1000 -1000 -10
60 22 pedestrian 0 0 -10 472.85 177.10 508.23 207.11 -10 -10 -10 -100    0 -1000 -1000 -10
61 23 pedestrian 0 0 -10 446.88 178.09 481.52 212.91 -10 -10 -10 -100    0 -1000 -1000 -10
61 18 pedestrian 0 0 -10 413.65 184.06 460.11 220.66 -10 -10 -10 -100    0 -1000 -1000 -10
61 21 pedestrian 0 0 -10 499.45 186.53 536.51 224.23 -10 -10 -10 -100    0 -1000 -1000 -10
61 14 pedestrian 0 0 -10 186.79 189.46 331.35 274.05 -10 -10 -10 -100    0 -1000 -1000 -10
61 13 pedestrian 0 0 -10 348.82 188.18 423.51 237.02 -10 -10 -10 -100    0 -1000 -1000 -10
61 12 pedestrian 0 0 -10 497.87 168.81 632.99 210.10 -10 -10 -10 -100    0 -1000 -1000 -10
61 10 pedestrian 0 0 -10 621.24 183.70 638.04 202.36 -10 -10 -10 -100    0 -1000 -1000 -10
61 9 pedestrian 0 0 -10 457.95 186.04 527.18 241.68 -10 -10 -10 -100    0 -1000 -1000 -10
61 8 pedestrian 0 0 -10 522.16 185.98 552.95 212.05 -10 -10 -10 -100    0 -1000 -1000 -10
61 7 pedestrian 0 0 -10 645.84 183.13 689.69 220.31 -10 -10 -10 -100    0 -1000 -1000 -10
61 6 pedestrian 0 0 -10 587.60 183.29 612.63 209.92 -10 -10 -10 -100    0 -1000 -1000 -10
61 5 pedestrian 0 0 -10 386.52 183.93 496.62 274.73 -10 -10 -10 -100    0 -1000 -1000 -10
61 3 pedestrian 0 0 -10 695.54 192.01 799.10 276.59 -10 -10 -10 -100    0 -1000 -1000 -10
61 2 pedestrian 0 0 -10 0.00 198.78 352.84 376.00 -10 -10 -10 -100    0 -1000 -1000 -10
61 22 pedestrian 0 0 -10 472.43 177.00 508.42 207.34 -10 -10 -10 -100    0 -1000 -1000 -10
62 23 pedestrian 0 0 -10 443.89 178.91 480.40 212.18 -10 -10 -10 -100    0 -1000 -1000 -10
62 18 pedestrian 0 0 -10 409.92 184.58 457.80 221.65 -10 -10 -10 -100    0 -1000 -1000 -10
62 21 pedestrian 0 0 -10 497.27 186.33 535.29 225.37 -10 -10 -10 -100    0 -1000 -1000 -10
62 14 pedestrian 0 0 -10 177.32 189.47 326.15 275.92 -10 -10 -10 -100    0 -1000 -1000 -10
62 13 pedestrian 0 0 -10 345.59 188.68 421.11 238.18 -10 -10 -10 -100    0 -1000 -1000 -10
62 12 pedestrian 0 0 -10 496.70 168.62 632.37 209.95 -10 -10 -10 -100    0 -1000 -1000 -10
62 10 pedestrian 0 0 -10 620.63 183.63 637.04 201.98 -10 -10 -10 -100    0 -1000 -1000 -10
62 9 pedestrian 0 0 -10 456.58 185.91 525.27 242.22 -10 -10 -10 -100    0 -1000 -1000 -10
62 8 pedestrian 0 0 -10 521.99 186.13 552.83 211.87 -10 -10 -10 -100    0 -1000 -1000 -10
62 7 pedestrian 0 0 -10 645.49 183.17 689.24 219.80 -10 -10 -10 -100    0 -1000 -1000 -10
62 6 pedestrian 0 0 -10 587.77 183.22 612.72 209.99 -10 -10 -10 -100    0 -1000 -1000 -10
62 5 pedestrian 0 0 -10 380.66 183.44 494.56 277.16 -10 -10 -10 -100    0 -1000 -1000 -10
62 3 pedestrian 0 0 -10 695.39 192.02 799.01 276.22 -10 -10 -10 -100    0 -1000 -1000 -10
62 2 pedestrian 0 0 -10 0.00 200.38 338.45 376.00 -10 -10 -10 -100    0 -1000 -1000 -10
62 22 pedestrian 0 0 -10 471.12 177.53 507.26 207.13 -10 -10 -10 -100    0 -1000 -1000 -10
63 23 pedestrian 0 0 -10 443.17 178.72 481.06 211.11 -10 -10 -10 -100    0 -1000 -1000 -10
63 18 pedestrian 0 0 -10 408.03 185.02 456.89 221.92 -10 -10 -10 -100    0 -1000 -1000 -10
63 21 pedestrian 0 0 -10 495.87 185.10 534.11 224.76 -10 -10 -10 -100    0 -1000 -1000 -10
63 14 pedestrian 0 0 -10 165.00 188.96 320.83 278.04 -10 -10 -10 -100    0 -1000 -1000 -10
63 13 pedestrian 0 0 -10 342.46 188.60 418.90 238.35 -10 -10 -10 -100    0 -1000 -1000 -10
63 12 pedestrian 0 0 -10 496.53 167.91 631.38 209.24 -10 -10 -10 -100    0 -1000 -1000 -10
63 10 pedestrian 0 0 -10 620.63 183.23 636.89 201.05 -10 -10 -10 -100    0 -1000 -1000 -10
63 9 pedestrian 0 0 -10 453.96 184.90 524.50 242.71 -10 -10 -10 -100    0 -1000 -1000 -10
63 8 pedestrian 0 0 -10 521.64 184.97 552.50 210.81 -10 -10 -10 -100    0 -1000 -1000 -10
63 7 pedestrian 0 0 -10 645.18 182.48 688.50 218.52 -10 -10 -10 -100    0 -1000 -1000 -10
63 6 pedestrian 0 0 -10 588.04 182.22 612.91 208.91 -10 -10 -10 -100    0 -1000 -1000 -10
63 5 pedestrian 0 0 -10 376.10 183.25 492.33 278.18 -10 -10 -10 -100    0 -1000 -1000 -10
63 3 pedestrian 0 0 -10 695.53 191.15 799.56 275.18 -10 -10 -10 -100    0 -1000 -1000 -10
63 2 pedestrian 0 0 -10 0.00 201.15 323.63 376.00 -10 -10 -10 -100    0 -1000 -1000 -10
63 22 pedestrian 0 0 -10 471.99 177.02 507.24 206.20 -10 -10 -10 -100    0 -1000 -1000 -10
64 23 pedestrian 0 0 -10 441.97 177.46 479.71 210.41 -10 -10 -10 -100    0 -1000 -1000 -10
64 18 pedestrian 0 0 -10 405.10 184.60 455.67 222.24 -10 -10 -10 -100    0 -1000 -1000 -10
64 21 pedestrian 0 0 -10 493.44 183.49 534.55 224.06 -10 -10 -10 -100    0 -1000 -1000 -10
64 14 pedestrian 0 0 -10 154.37 187.80 314.61 277.79 -10 -10 -10 -100    0 -1000 -1000 -10
64 13 pedestrian 0 0 -10 338.71 188.01 416.37 238.62 -10 -10 -10 -100    0 -1000 -1000 -10
64 12 pedestrian 0 0 -10 495.27 166.96 632.03 208.43 -10 -10 -10 -100    0 -1000 -1000 -10
64 10 pedestrian 0 0 -10 620.27 181.73 635.95 199.26 -10 -10 -10 -100    0 -1000 -1000 -10
64 9 pedestrian 0 0 -10 450.75 184.05 522.42 242.88 -10 -10 -10 -100    0 -1000 -1000 -10
64 8 pedestrian 0 0 -10 521.28 184.16 551.71 209.42 -10 -10 -10 -100    0 -1000 -1000 -10
64 7 pedestrian 0 0 -10 643.75 180.41 687.17 217.00 -10 -10 -10 -100    0 -1000 -1000 -10
64 6 pedestrian 0 0 -10 588.07 180.54 613.14 207.23 -10 -10 -10 -100    0 -1000 -1000 -10
64 5 pedestrian 0 0 -10 369.44 181.91 490.15 279.47 -10 -10 -10 -100    0 -1000 -1000 -10
64 3 pedestrian 0 0 -10 696.22 189.46 799.88 273.70 -10 -10 -10 -100    0 -1000 -1000 -10
64 2 pedestrian 0 0 -10 0.00 203.86 303.33 376.00 -10 -10 -10 -100    0 -1000 -1000 -10
64 22 pedestrian 0 0 -10 470.49 176.72 505.36 205.40 -10 -10 -10 -100    0 -1000 -1000 -10
65 18 pedestrian 0 0 -10 404.64 183.93 455.23 222.15 -10 -10 -10 -100    0 -1000 -1000 -10
65 21 pedestrian 0 0 -10 492.63 182.02 533.87 222.75 -10 -10 -10 -100    0 -1000 -1000 -10
65 14 pedestrian 0 0 -10 140.50 186.87 307.97 278.93 -10 -10 -10 -100    0 -1000 -1000 -10
65 13 pedestrian 0 0 -10 334.27 187.06 415.08 239.73 -10 -10 -10 -100    0 -1000 -1000 -10
65 12 pedestrian 0 0 -10 493.97 166.02 631.35 206.98 -10 -10 -10 -100    0 -1000 -1000 -10
65 23 pedestrian 0 0 -10 440.30 175.09 477.06 210.50 -10 -10 -10 -100    0 -1000 -1000 -10
65 10 pedestrian 0 0 -10 619.67 179.87 635.78 197.07 -10 -10 -10 -100    0 -1000 -1000 -10
65 9 pedestrian 0 0 -10 447.08 182.91 522.56 242.78 -10 -10 -10 -100    0 -1000 -1000 -10
65 8 pedestrian 0 0 -10 521.09 182.83 551.08 208.09 -10 -10 -10 -100    0 -1000 -1000 -10
65 7 pedestrian 0 0 -10 643.65 178.53 686.47 215.72 -10 -10 -10 -100    0 -1000 -1000 -10
65 6 pedestrian 0 0 -10 588.46 178.60 613.68 205.77 -10 -10 -10 -100    0 -1000 -1000 -10
65 5 pedestrian 0 0 -10 364.03 181.13 488.62 281.46 -10 -10 -10 -100    0 -1000 -1000 -10
65 3 pedestrian 0 0 -10 696.64 187.98 800.64 272.41 -10 -10 -10 -100    0 -1000 -1000 -10
65 2 pedestrian 0 0 -10 0.00 205.42 283.38 376.00 -10 -10 -10 -100    0 -1000 -1000 -10
65 22 pedestrian 0 0 -10 469.25 174.76 504.27 204.89 -10 -10 -10 -100    0 -1000 -1000 -10
66 18 pedestrian 0 0 -10 402.18 182.80 454.73 221.94 -10 -10 -10 -100    0 -1000 -1000 -10
66 21 pedestrian 0 0 -10 491.15 180.44 533.18 222.08 -10 -10 -10 -100    0 -1000 -1000 -10
66 14 pedestrian 0 0 -10 127.63 186.03 302.42 281.41 -10 -10 -10 -100    0 -1000 -1000 -10
66 13 pedestrian 0 0 -10 330.77 186.95 410.05 239.96 -10 -10 -10 -100    0 -1000 -1000 -10
66 12 pedestrian 0 0 -10 493.74 163.91 629.06 205.29 -10 -10 -10 -100    0 -1000 -1000 -10
66 23 pedestrian 0 0 -10 439.78 174.84 475.85 210.23 -10 -10 -10 -100    0 -1000 -1000 -10
66 10 pedestrian 0 0 -10 619.51 178.66 636.54 195.05 -10 -10 -10 -100    0 -1000 -1000 -10
66 9 pedestrian 0 0 -10 443.54 181.11 520.77 242.64 -10 -10 -10 -100    0 -1000 -1000 -10
66 8 pedestrian 0 0 -10 520.50 181.09 551.04 207.23 -10 -10 -10 -100    0 -1000 -1000 -10
66 7 pedestrian 0 0 -10 643.39 177.20 685.74 214.14 -10 -10 -10 -100    0 -1000 -1000 -10
66 6 pedestrian 0 0 -10 588.35 177.58 613.73 204.23 -10 -10 -10 -100    0 -1000 -1000 -10
66 5 pedestrian 0 0 -10 356.94 179.87 485.33 282.35 -10 -10 -10 -100    0 -1000 -1000 -10
66 3 pedestrian 0 0 -10 696.84 186.69 801.52 271.01 -10 -10 -10 -100    0 -1000 -1000 -10
66 2 pedestrian 0 0 -10 0.00 207.38 259.12 376.00 -10 -10 -10 -100    0 -1000 -1000 -10
66 22 pedestrian 0 0 -10 468.66 172.98 503.79 204.35 -10 -10 -10 -100    0 -1000 -1000 -10
67 18 pedestrian 0 0 -10 399.37 183.27 454.04 221.62 -10 -10 -10 -100    0 -1000 -1000 -10
67 21 pedestrian 0 0 -10 490.28 179.34 531.94 220.96 -10 -10 -10 -100    0 -1000 -1000 -10
67 14 pedestrian 0 0 -10 114.92 184.84 295.59 282.41 -10 -10 -10 -100    0 -1000 -1000 -10
67 13 pedestrian 0 0 -10 326.50 186.92 408.11 239.99 -10 -10 -10 -100    0 -1000 -1000 -10
67 12 pedestrian 0 0 -10 492.69 162.37 628.08 204.12 -10 -10 -10 -100    0 -1000 -1000 -10
67 23 pedestrian 0 0 -10 438.28 172.82 476.48 208.68 -10 -10 -10 -100    0 -1000 -1000 -10
67 10 pedestrian 0 0 -10 620.78 177.86 636.81 194.07 -10 -10 -10 -100    0 -1000 -1000 -10
67 9 pedestrian 0 0 -10 441.33 180.36 519.20 242.53 -10 -10 -10 -100    0 -1000 -1000 -10
67 8 pedestrian 0 0 -10 519.61 180.59 551.36 207.04 -10 -10 -10 -100    0 -1000 -1000 -10
67 7 pedestrian 0 0 -10 643.56 176.35 684.86 212.81 -10 -10 -10 -100    0 -1000 -1000 -10
67 6 pedestrian 0 0 -10 587.87 176.35 613.66 203.10 -10 -10 -10 -100    0 -1000 -1000 -10
67 5 pedestrian 0 0 -10 349.56 179.01 483.49 284.23 -10 -10 -10 -100    0 -1000 -1000 -10
67 3 pedestrian 0 0 -10 697.36 185.82 801.84 269.96 -10 -10 -10 -100    0 -1000 -1000 -10
67 2 pedestrian 0 0 -10 0.00 207.99 232.21 376.00 -10 -10 -10 -100    0 -1000 -1000 -10
67 22 pedestrian 0 0 -10 468.92 172.32 504.19 203.52 -10 -10 -10 -100    0 -1000 -1000 -10
68 18 pedestrian 0 0 -10 397.38 183.70 454.01 222.94 -10 -10 -10 -100    0 -1000 -1000 -10
68 21 pedestrian 0 0 -10 489.45 178.98 531.26 220.19 -10 -10 -10 -100    0 -1000 -1000 -10
68 14 pedestrian 0 0 -10 100.35 184.81 288.28 285.14 -10 -10 -10 -100    0 -1000 -1000 -10
68 13 pedestrian 0 0 -10 321.93 186.73 404.56 241.24 -10 -10 -10 -100    0 -1000 -1000 -10
68 12 pedestrian 0 0 -10 491.33 161.29 628.14 203.60 -10 -10 -10 -100    0 -1000 -1000 -10
68 23 pedestrian 0 0 -10 436.92 172.93 475.01 208.66 -10 -10 -10 -100    0 -1000 -1000 -10
68 10 pedestrian 0 0 -10 619.77 177.68 636.24 194.27 -10 -10 -10 -100    0 -1000 -1000 -10
68 9 pedestrian 0 0 -10 438.51 180.22 516.59 243.26 -10 -10 -10 -100    0 -1000 -1000 -10
68 8 pedestrian 0 0 -10 518.63 179.49 550.93 206.83 -10 -10 -10 -100    0 -1000 -1000 -10
68 7 pedestrian 0 0 -10 642.68 175.91 684.47 212.41 -10 -10 -10 -100    0 -1000 -1000 -10
68 6 pedestrian 0 0 -10 587.83 176.16 613.50 202.93 -10 -10 -10 -100    0 -1000 -1000 -10
68 5 pedestrian 0 0 -10 340.89 179.09 479.86 287.47 -10 -10 -10 -100    0 -1000 -1000 -10
68 3 pedestrian 0 0 -10 697.63 185.71 802.73 270.44 -10 -10 -10 -100    0 -1000 -1000 -10
68 2 pedestrian 0 0 -10 0.00 214.02 201.83 376.00 -10 -10 -10 -100    0 -1000 -1000 -10
68 22 pedestrian 0 0 -10 467.39 172.10 502.89 203.33 -10 -10 -10 -100    0 -1000 -1000 -10
69 18 pedestrian 0 0 -10 394.04 183.59 452.22 223.81 -10 -10 -10 -100    0 -1000 -1000 -10
69 21 pedestrian 0 0 -10 488.40 178.65 530.60 220.27 -10 -10 -10 -100    0 -1000 -1000 -10
69 14 pedestrian 0 0 -10 84.97 184.65 282.04 288.68 -10 -10 -10 -100    0 -1000 -1000 -10
69 13 pedestrian 0 0 -10 317.45 186.89 403.03 241.82 -10 -10 -10 -100    0 -1000 -1000 -10
69 12 pedestrian 0 0 -10 490.58 160.88 629.23 203.77 -10 -10 -10 -100    0 -1000 -1000 -10
69 23 pedestrian 0 0 -10 436.12 172.42 473.70 209.14 -10 -10 -10 -100    0 -1000 -1000 -10
69 10 pedestrian 0 0 -10 619.61 177.54 635.95 194.11 -10 -10 -10 -100    0 -1000 -1000 -10
69 9 pedestrian 0 0 -10 436.16 179.88 515.59 244.73 -10 -10 -10 -100    0 -1000 -1000 -10
69 8 pedestrian 0 0 -10 518.46 178.73 551.48 206.74 -10 -10 -10 -100    0 -1000 -1000 -10
69 7 pedestrian 0 0 -10 642.40 176.31 683.58 212.12 -10 -10 -10 -100    0 -1000 -1000 -10
69 6 pedestrian 0 0 -10 587.59 175.92 613.47 203.05 -10 -10 -10 -100    0 -1000 -1000 -10
69 5 pedestrian 0 0 -10 332.89 178.84 476.92 291.12 -10 -10 -10 -100    0 -1000 -1000 -10
69 3 pedestrian 0 0 -10 697.78 185.64 803.88 270.79 -10 -10 -10 -100    0 -1000 -1000 -10
69 2 pedestrian 0 0 -10 0.00 217.55 164.47 376.00 -10 -10 -10 -100    0 -1000 -1000 -10
69 22 pedestrian 0 0 -10 465.92 171.42 501.36 203.44 -10 -10 -10 -100    0 -1000 -1000 -10
70 18 pedestrian 0 0 -10 389.73 183.83 448.88 225.17 -10 -10 -10 -100    0 -1000 -1000 -10
70 21 pedestrian 0 0 -10 487.12 178.83 529.82 220.24 -10 -10 -10 -100    0 -1000 -1000 -10
70 14 pedestrian 0 0 -10 68.64 185.06 273.62 292.14 -10 -10 -10 -100    0 -1000 -1000 -10
70 13 pedestrian 0 0 -10 312.71 187.30 398.62 242.20 -10 -10 -10 -100    0 -1000 -1000 -10
70 12 pedestrian 0 0 -10 491.05 160.91 630.73 203.93 -10 -10 -10 -100    0 -1000 -1000 -10
70 23 pedestrian 0 0 -10 434.26 172.33 473.11 210.30 -10 -10 -10 -100    0 -1000 -1000 -10
70 10 pedestrian 0 0 -10 620.18 177.40 636.44 194.30 -10 -10 -10 -100    0 -1000 -1000 -10
70 9 pedestrian 0 0 -10 431.44 180.06 514.44 246.76 -10 -10 -10 -100    0 -1000 -1000 -10
70 8 pedestrian 0 0 -10 518.48 178.89 551.84 206.55 -10 -10 -10 -100    0 -1000 -1000 -10
70 7 pedestrian 0 0 -10 642.27 176.03 682.96 211.87 -10 -10 -10 -100    0 -1000 -1000 -10
70 6 pedestrian 0 0 -10 587.62 175.70 613.85 203.29 -10 -10 -10 -100    0 -1000 -1000 -10
70 5 pedestrian 0 0 -10 324.65 178.70 474.53 294.88 -10 -10 -10 -100    0 -1000 -1000 -10
70 3 pedestrian 0 0 -10 697.55 185.74 804.51 270.75 -10 -10 -10 -100    0 -1000 -1000 -10
70 2 pedestrian 0 0 -10 0.00 217.55 116.22 376.00 -10 -10 -10 -100    0 -1000 -1000 -10
70 22 pedestrian 0 0 -10 465.50 172.48 500.97 204.36 -10 -10 -10 -100    0 -1000 -1000 -10
71 18 pedestrian 0 0 -10 386.92 183.82 445.03 225.36 -10 -10 -10 -100    0 -1000 -1000 -10
71 21 pedestrian 0 0 -10 484.58 178.95 529.27 220.30 -10 -10 -10 -100    0 -1000 -1000 -10
71 14 pedestrian 0 0 -10 53.84 185.18 265.96 295.90 -10 -10 -10 -100    0 -1000 -1000 -10
71 13 pedestrian 0 0 -10 307.47 186.77 396.88 242.90 -10 -10 -10 -100    0 -1000 -1000 -10
71 12 pedestrian 0 0 -10 490.70 160.86 630.29 203.93 -10 -10 -10 -100    0 -1000 -1000 -10
71 23 pedestrian 0 0 -10 431.91 172.09 472.65 210.53 -10 -10 -10 -100    0 -1000 -1000 -10
71 10 pedestrian 0 0 -10 619.28 177.15 635.87 194.04 -10 -10 -10 -100    0 -1000 -1000 -10
71 9 pedestrian 0 0 -10 428.78 180.27 513.02 247.70 -10 -10 -10 -100    0 -1000 -1000 -10
71 8 pedestrian 0 0 -10 517.29 178.63 550.90 206.73 -10 -10 -10 -100    0 -1000 -1000 -10
71 7 pedestrian 0 0 -10 641.67 176.03 682.53 211.60 -10 -10 -10 -100    0 -1000 -1000 -10
71 6 pedestrian 0 0 -10 587.40 175.61 613.87 203.67 -10 -10 -10 -100    0 -1000 -1000 -10
71 5 pedestrian 0 0 -10 314.18 178.50 470.74 299.21 -10 -10 -10 -100    0 -1000 -1000 -10
71 3 pedestrian 0 0 -10 697.28 185.70 804.98 270.81 -10 -10 -10 -100    0 -1000 -1000 -10
71 22 pedestrian 0 0 -10 464.65 172.10 500.49 204.89 -10 -10 -10 -100    0 -1000 -1000 -10
72 18 pedestrian 0 0 -10 385.43 183.66 443.44 225.85 -10 -10 -10 -100    0 -1000 -1000 -10
72 21 pedestrian 0 0 -10 482.15 178.51 528.36 220.44 -10 -10 -10 -100    0 -1000 -1000 -10
72 14 pedestrian 0 0 -10 35.08 184.56 257.81 299.13 -10 -10 -10 -100    0 -1000 -1000 -10
72 13 pedestrian 0 0 -10 302.19 186.45 395.18 243.77 -10 -10 -10 -100    0 -1000 -1000 -10
72 12 pedestrian 0 0 -10 490.71 160.86 630.14 203.52 -10 -10 -10 -100    0 -1000 -1000 -10
72 23 pedestrian 0 0 -10 431.46 171.49 472.19 210.33 -10 -10 -10 -100    0 -1000 -1000 -10
72 10 pedestrian 0 0 -10 617.93 176.91 635.05 193.91 -10 -10 -10 -100    0 -1000 -1000 -10
72 9 pedestrian 0 0 -10 424.65 180.05 511.64 248.79 -10 -10 -10 -100    0 -1000 -1000 -10
72 8 pedestrian 0 0 -10 516.57 178.54 549.77 206.71 -10 -10 -10 -100    0 -1000 -1000 -10
72 7 pedestrian 0 0 -10 641.17 175.73 681.90 211.20 -10 -10 -10 -100    0 -1000 -1000 -10
72 6 pedestrian 0 0 -10 587.55 175.45 613.95 203.47 -10 -10 -10 -100    0 -1000 -1000 -10
72 5 pedestrian 0 0 -10 303.39 178.51 466.26 303.92 -10 -10 -10 -100    0 -1000 -1000 -10
72 3 pedestrian 0 0 -10 697.16 185.56 804.87 270.73 -10 -10 -10 -100    0 -1000 -1000 -10
72 22 pedestrian 0 0 -10 464.04 171.44 500.39 204.68 -10 -10 -10 -100    0 -1000 -1000 -10
73 18 pedestrian 0 0 -10 383.11 184.23 442.11 226.38 -10 -10 -10 -100    0 -1000 -1000 -10
73 21 pedestrian 0 0 -10 480.85 177.78 527.57 220.52 -10 -10 -10 -100    0 -1000 -1000 -10
73 14 pedestrian 0 0 -10 17.26 184.28 249.78 302.50 -10 -10 -10 -100    0 -1000 -1000 -10
73 13 pedestrian 0 0 -10 298.14 185.82 391.30 244.93 -10 -10 -10 -100    0 -1000 -1000 -10
73 12 pedestrian 0 0 -10 490.60 161.37 631.06 202.64 -10 -10 -10 -100    0 -1000 -1000 -10
73 23 pedestrian 0 0 -10 430.37 171.04 471.56 209.99 -10 -10 -10 -100    0 -1000 -1000 -10
73 10 pedestrian 0 0 -10 617.95 176.77 634.52 193.53 -10 -10 -10 -100    0 -1000 -1000 -10
73 9 pedestrian 0 0 -10 418.96 180.05 509.70 250.50 -10 -10 -10 -100    0 -1000 -1000 -10
73 8 pedestrian 0 0 -10 516.00 178.40 549.13 206.53 -10 -10 -10 -100    0 -1000 -1000 -10
73 7 pedestrian 0 0 -10 640.98 175.55 681.69 210.84 -10 -10 -10 -100    0 -1000 -1000 -10
73 6 pedestrian 0 0 -10 587.59 175.39 614.28 203.62 -10 -10 -10 -100    0 -1000 -1000 -10
73 5 pedestrian 0 0 -10 292.94 178.76 463.11 308.64 -10 -10 -10 -100    0 -1000 -1000 -10
73 3 pedestrian 0 0 -10 697.27 185.38 804.89 270.71 -10 -10 -10 -100    0 -1000 -1000 -10
73 22 pedestrian 0 0 -10 463.24 171.04 499.62 204.70 -10 -10 -10 -100    0 -1000 -1000 -10
74 18 pedestrian 0 0 -10 379.24 184.64 440.53 227.61 -10 -10 -10 -100    0 -1000 -1000 -10
74 21 pedestrian 0 0 -10 479.85 177.96 527.02 221.85 -10 -10 -10 -100    0 -1000 -1000 -10
74 14 pedestrian 0 0 -10 0.00 185.13 239.76 307.32 -10 -10 -10 -100    0 -1000 -1000 -10
74 13 pedestrian 0 0 -10 292.56 186.20 390.68 246.73 -10 -10 -10 -100    0 -1000 -1000 -10
74 12 pedestrian 0 0 -10 489.90 162.93 632.94 201.88 -10 -10 -10 -100    0 -1000 -1000 -10
74 23 pedestrian 0 0 -10 427.29 171.58 470.27 211.23 -10 -10 -10 -100    0 -1000 -1000 -10
74 10 pedestrian 0 0 -10 618.30 177.08 634.34 193.59 -10 -10 -10 -100    0 -1000 -1000 -10
74 9 pedestrian 0 0 -10 413.33 180.34 508.64 252.54 -10 -10 -10 -100    0 -1000 -1000 -10
74 8 pedestrian 0 0 -10 514.64 179.52 548.46 207.14 -10 -10 -10 -100    0 -1000 -1000 -10
74 7 pedestrian 0 0 -10 640.68 175.73 681.04 210.56 -10 -10 -10 -100    0 -1000 -1000 -10
74 6 pedestrian 0 0 -10 587.40 176.21 614.15 204.44 -10 -10 -10 -100    0 -1000 -1000 -10
74 5 pedestrian 0 0 -10 280.79 179.28 458.68 314.78 -10 -10 -10 -100    0 -1000 -1000 -10
74 3 pedestrian 0 0 -10 697.44 185.65 805.17 271.12 -10 -10 -10 -100    0 -1000 -1000 -10
74 22 pedestrian 0 0 -10 462.13 170.97 499.30 204.40 -10 -10 -10 -100    0 -1000 -1000 -10
75 18 pedestrian 0 0 -10 378.25 185.93 439.14 227.92 -10 -10 -10 -100    0 -1000 -1000 -10
75 24 pedestrian 0 0 -10 533.57 178.68 556.95 201.45 -10 -10 -10 -100    0 -1000 -1000 -10
75 21 pedestrian 0 0 -10 477.32 177.94 526.49 223.19 -10 -10 -10 -100    0 -1000 -1000 -10
75 14 pedestrian 0 0 -10 0.00 185.41 231.14 312.05 -10 -10 -10 -100    0 -1000 -1000 -10
75 13 pedestrian 0 0 -10 287.95 186.04 387.96 247.54 -10 -10 -10 -100    0 -1000 -1000 -10
75 12 pedestrian 0 0 -10 488.82 163.37 634.39 201.21 -10 -10 -10 -100    0 -1000 -1000 -10
75 23 pedestrian 0 0 -10 425.42 171.13 468.09 212.22 -10 -10 -10 -100    0 -1000 -1000 -10
75 10 pedestrian 0 0 -10 617.38 176.97 633.18 193.18 -10 -10 -10 -100    0 -1000 -1000 -10
75 9 pedestrian 0 0 -10 410.11 180.69 506.87 254.14 -10 -10 -10 -100    0 -1000 -1000 -10
75 8 pedestrian 0 0 -10 513.63 179.54 548.17 207.44 -10 -10 -10 -100    0 -1000 -1000 -10
75 7 pedestrian 0 0 -10 640.15 175.77 679.92 210.13 -10 -10 -10 -100    0 -1000 -1000 -10
75 6 pedestrian 0 0 -10 587.66 176.33 614.27 204.58 -10 -10 -10 -100    0 -1000 -1000 -10
75 5 pedestrian 0 0 -10 267.12 179.04 454.08 321.00 -10 -10 -10 -100    0 -1000 -1000 -10
75 3 pedestrian 0 0 -10 697.38 185.43 804.64 270.66 -10 -10 -10 -100    0 -1000 -1000 -10
75 22 pedestrian 0 0 -10 461.14 170.95 499.05 203.90 -10 -10 -10 -100    0 -1000 -1000 -10
76 18 pedestrian 0 0 -10 374.24 185.28 435.80 227.98 -10 -10 -10 -100    0 -1000 -1000 -10
76 24 pedestrian 0 0 -10 533.15 178.20 556.63 201.02 -10 -10 -10 -100    0 -1000 -1000 -10
76 21 pedestrian 0 0 -10 475.48 176.69 526.06 223.88 -10 -10 -10 -100    0 -1000 -1000 -10
76 14 pedestrian 0 0 -10 0.00 184.67 222.27 316.03 -10 -10 -10 -100    0 -1000 -1000 -10
76 13 pedestrian 0 0 -10 280.35 185.60 381.20 247.13 -10 -10 -10 -100    0 -1000 -1000 -10
76 12 pedestrian 0 0 -10 487.87 164.01 635.03 199.63 -10 -10 -10 -100    0 -1000 -1000 -10
76 23 pedestrian 0 0 -10 423.92 170.60 468.39 212.11 -10 -10 -10 -100    0 -1000 -1000 -10
76 10 pedestrian 0 0 -10 617.13 176.64 632.58 192.68 -10 -10 -10 -100    0 -1000 -1000 -10
76 9 pedestrian 0 0 -10 403.97 180.72 504.62 256.61 -10 -10 -10 -100    0 -1000 -1000 -10
76 8 pedestrian 0 0 -10 513.07 178.87 547.77 207.71 -10 -10 -10 -100    0 -1000 -1000 -10
76 7 pedestrian 0 0 -10 640.06 175.45 679.28 209.72 -10 -10 -10 -100    0 -1000 -1000 -10
76 6 pedestrian 0 0 -10 588.01 176.06 614.63 204.26 -10 -10 -10 -100    0 -1000 -1000 -10
76 5 pedestrian 0 0 -10 252.61 178.76 450.04 327.32 -10 -10 -10 -100    0 -1000 -1000 -10
76 3 pedestrian 0 0 -10 697.69 185.13 804.64 269.82 -10 -10 -10 -100    0 -1000 -1000 -10
76 22 pedestrian 0 0 -10 459.56 170.30 498.20 203.53 -10 -10 -10 -100    0 -1000 -1000 -10
77 18 pedestrian 0 0 -10 372.17 184.50 432.17 227.45 -10 -10 -10 -100    0 -1000 -1000 -10
77 24 pedestrian 0 0 -10 533.25 178.95 556.96 201.78 -10 -10 -10 -100    0 -1000 -1000 -10
77 21 pedestrian 0 0 -10 472.58 177.05 525.49 225.21 -10 -10 -10 -100    0 -1000 -1000 -10
77 14 pedestrian 0 0 -10 0.00 185.17 211.91 320.69 -10 -10 -10 -100    0 -1000 -1000 -10
77 13 pedestrian 0 0 -10 271.42 185.16 374.01 246.69 -10 -10 -10 -100    0 -1000 -1000 -10
77 12 pedestrian 0 0 -10 487.70 164.59 636.17 199.09 -10 -10 -10 -100    0 -1000 -1000 -10
77 23 pedestrian 0 0 -10 422.91 170.75 466.96 212.18 -10 -10 -10 -100    0 -1000 -1000 -10
77 10 pedestrian 0 0 -10 618.08 176.79 633.08 192.45 -10 -10 -10 -100    0 -1000 -1000 -10
77 9 pedestrian 0 0 -10 399.22 180.49 502.70 258.98 -10 -10 -10 -100    0 -1000 -1000 -10
77 8 pedestrian 0 0 -10 512.65 179.58 546.92 208.07 -10 -10 -10 -100    0 -1000 -1000 -10
77 7 pedestrian 0 0 -10 639.74 175.55 678.53 209.54 -10 -10 -10 -100    0 -1000 -1000 -10
77 6 pedestrian 0 0 -10 587.28 176.25 614.51 204.89 -10 -10 -10 -100    0 -1000 -1000 -10
77 5 pedestrian 0 0 -10 236.82 179.76 444.96 334.68 -10 -10 -10 -100    0 -1000 -1000 -10
77 3 pedestrian 0 0 -10 697.49 185.10 804.04 269.55 -10 -10 -10 -100    0 -1000 -1000 -10
77 22 pedestrian 0 0 -10 458.87 170.39 498.65 203.69 -10 -10 -10 -100    0 -1000 -1000 -10
78 18 pedestrian 0 0 -10 366.14 184.32 430.24 228.81 -10 -10 -10 -100    0 -1000 -1000 -10
78 24 pedestrian 0 0 -10 533.23 179.09 557.21 202.06 -10 -10 -10 -100    0 -1000 -1000 -10
78 21 pedestrian 0 0 -10 469.57 178.05 524.45 225.15 -10 -10 -10 -100    0 -1000 -1000 -10
78 14 pedestrian 0 0 -10 0.00 184.66 201.40 325.97 -10 -10 -10 -100    0 -1000 -1000 -10
78 13 pedestrian 0 0 -10 262.44 184.94 369.70 248.20 -10 -10 -10 -100    0 -1000 -1000 -10
78 12 pedestrian 0 0 -10 488.33 165.07 636.32 199.04 -10 -10 -10 -100    0 -1000 -1000 -10
78 23 pedestrian 0 0 -10 421.81 170.86 465.22 212.74 -10 -10 -10 -100    0 -1000 -1000 -10
78 10 pedestrian 0 0 -10 617.53 177.08 632.46 192.73 -10 -10 -10 -100    0 -1000 -1000 -10
78 9 pedestrian 0 0 -10 394.42 180.93 500.38 261.42 -10 -10 -10 -100    0 -1000 -1000 -10
78 8 pedestrian 0 0 -10 511.50 179.48 546.93 208.96 -10 -10 -10 -100    0 -1000 -1000 -10
78 7 pedestrian 0 0 -10 639.35 175.54 677.47 209.42 -10 -10 -10 -100    0 -1000 -1000 -10
78 6 pedestrian 0 0 -10 587.21 176.52 614.63 205.40 -10 -10 -10 -100    0 -1000 -1000 -10
78 5 pedestrian 0 0 -10 219.48 179.20 439.84 342.75 -10 -10 -10 -100    0 -1000 -1000 -10
78 3 pedestrian 0 0 -10 697.08 185.10 803.41 269.88 -10 -10 -10 -100    0 -1000 -1000 -10
78 22 pedestrian 0 0 -10 458.82 170.92 499.79 204.02 -10 -10 -10 -100    0 -1000 -1000 -10
79 18 pedestrian 0 0 -10 363.54 183.77 429.87 228.97 -10 -10 -10 -100    0 -1000 -1000 -10
79 24 pedestrian 0 0 -10 531.70 178.73 557.18 202.09 -10 -10 -10 -100    0 -1000 -1000 -10
79 21 pedestrian 0 0 -10 466.66 177.93 523.63 225.27 -10 -10 -10 -100    0 -1000 -1000 -10
79 14 pedestrian 0 0 -10 0.00 185.15 191.74 332.45 -10 -10 -10 -100    0 -1000 -1000 -10
79 13 pedestrian 0 0 -10 253.79 184.82 365.64 250.77 -10 -10 -10 -100    0 -1000 -1000 -10
79 12 pedestrian 0 0 -10 486.13 165.40 636.04 198.47 -10 -10 -10 -100    0 -1000 -1000 -10
79 23 pedestrian 0 0 -10 420.35 170.67 464.50 212.99 -10 -10 -10 -100    0 -1000 -1000 -10
79 10 pedestrian 0 0 -10 618.17 176.93 632.82 192.40 -10 -10 -10 -100    0 -1000 -1000 -10
79 9 pedestrian 0 0 -10 388.39 180.69 498.45 263.90 -10 -10 -10 -100    0 -1000 -1000 -10
79 8 pedestrian 0 0 -10 510.42 179.19 546.72 209.37 -10 -10 -10 -100    0 -1000 -1000 -10
79 7 pedestrian 0 0 -10 639.19 175.38 677.11 209.03 -10 -10 -10 -100    0 -1000 -1000 -10
79 6 pedestrian 0 0 -10 587.07 176.30 614.75 205.71 -10 -10 -10 -100    0 -1000 -1000 -10
79 5 pedestrian 0 0 -10 200.66 179.82 433.69 351.12 -10 -10 -10 -100    0 -1000 -1000 -10
79 3 pedestrian 0 0 -10 696.94 184.93 802.74 269.49 -10 -10 -10 -100    0 -1000 -1000 -10
79 22 pedestrian 0 0 -10 456.67 169.86 498.53 203.35 -10 -10 -10 -100    0 -1000 -1000 -10
80 18 pedestrian 0 0 -10 361.92 182.91 427.78 228.16 -10 -10 -10 -100    0 -1000 -1000 -10
80 24 pedestrian 0 0 -10 530.16 178.54 557.13 202.16 -10 -10 -10 -100    0 -1000 -1000 -10
80 21 pedestrian 0 0 -10 464.08 177.64 522.75 226.08 -10 -10 -10 -100    0 -1000 -1000 -10
80 14 pedestrian 0 0 -10 0.00 185.09 179.76 336.81 -10 -10 -10 -100    0 -1000 -1000 -10
80 13 pedestrian 0 0 -10 248.32 184.68 363.59 252.14 -10 -10 -10 -100    0 -1000 -1000 -10
80 12 pedestrian 0 0 -10 485.67 165.22 637.00 197.97 -10 -10 -10 -100    0 -1000 -1000 -10
80 23 pedestrian 0 0 -10 417.47 170.29 463.73 213.43 -10 -10 -10 -100    0 -1000 -1000 -10
80 10 pedestrian 0 0 -10 618.41 176.87 632.72 192.30 -10 -10 -10 -100    0 -1000 -1000 -10
80 9 pedestrian 0 0 -10 382.99 181.06 496.58 266.51 -10 -10 -10 -100    0 -1000 -1000 -10
80 8 pedestrian 0 0 -10 509.33 179.00 546.47 209.64 -10 -10 -10 -100    0 -1000 -1000 -10
80 7 pedestrian 0 0 -10 638.96 175.33 676.60 208.69 -10 -10 -10 -100    0 -1000 -1000 -10
80 6 pedestrian 0 0 -10 587.32 176.15 615.57 205.89 -10 -10 -10 -100    0 -1000 -1000 -10
80 5 pedestrian 0 0 -10 179.54 180.54 427.54 360.61 -10 -10 -10 -100    0 -1000 -1000 -10
80 3 pedestrian 0 0 -10 696.24 184.87 802.27 269.00 -10 -10 -10 -100    0 -1000 -1000 -10
80 22 pedestrian 0 0 -10 455.23 169.29 497.53 203.12 -10 -10 -10 -100    0 -1000 -1000 -10
81 18 pedestrian 0 0 -10 357.64 183.25 425.86 228.61 -10 -10 -10 -100    0 -1000 -1000 -10
81 24 pedestrian 0 0 -10 530.06 179.58 557.14 202.73 -10 -10 -10 -100    0 -1000 -1000 -10
81 21 pedestrian 0 0 -10 462.02 178.14 522.30 227.76 -10 -10 -10 -100    0 -1000 -1000 -10
81 14 pedestrian 0 0 -10 0.00 186.23 169.66 341.55 -10 -10 -10 -100    0 -1000 -1000 -10
81 13 pedestrian 0 0 -10 244.32 185.63 360.98 254.67 -10 -10 -10 -100    0 -1000 -1000 -10
81 12 pedestrian 0 0 -10 485.72 166.03 637.16 198.66 -10 -10 -10 -100    0 -1000 -1000 -10
81 23 pedestrian 0 0 -10 415.95 170.80 462.26 212.86 -10 -10 -10 -100    0 -1000 -1000 -10
81 10 pedestrian 0 0 -10 618.66 177.63 632.86 193.28 -10 -10 -10 -100    0 -1000 -1000 -10
81 9 pedestrian 0 0 -10 377.37 181.69 493.93 270.10 -10 -10 -10 -100    0 -1000 -1000 -10
81 8 pedestrian 0 0 -10 508.45 180.21 545.83 209.62 -10 -10 -10 -100    0 -1000 -1000 -10
81 7 pedestrian 0 0 -10 638.21 175.64 675.61 209.04 -10 -10 -10 -100    0 -1000 -1000 -10
81 6 pedestrian 0 0 -10 587.80 177.03 615.89 207.05 -10 -10 -10 -100    0 -1000 -1000 -10
81 5 pedestrian 0 0 -10 157.36 180.79 422.16 371.67 -10 -10 -10 -100    0 -1000 -1000 -10
81 3 pedestrian 0 0 -10 695.67 185.37 801.40 269.41 -10 -10 -10 -100    0 -1000 -1000 -10
81 22 pedestrian 0 0 -10 454.00 170.69 495.83 204.01 -10 -10 -10 -100    0 -1000 -1000 -10
82 18 pedestrian 0 0 -10 353.22 183.39 422.43 229.24 -10 -10 -10 -100    0 -1000 -1000 -10
82 24 pedestrian 0 0 -10 529.88 180.30 556.61 203.18 -10 -10 -10 -100    0 -1000 -1000 -10
82 21 pedestrian 0 0 -10 461.39 178.38 521.63 228.50 -10 -10 -10 -100    0 -1000 -1000 -10
82 14 pedestrian 0 0 -10 0.00 187.12 159.14 341.66 -10 -10 -10 -100    0 -1000 -1000 -10
82 13 pedestrian 0 0 -10 240.31 185.32 357.37 255.68 -10 -10 -10 -100    0 -1000 -1000 -10
82 12 pedestrian 0 0 -10 484.93 165.80 637.68 198.63 -10 -10 -10 -100    0 -1000 -1000 -10
82 23 pedestrian 0 0 -10 414.73 171.55 461.31 212.82 -10 -10 -10 -100    0 -1000 -1000 -10
82 10 pedestrian 0 0 -10 617.05 178.15 631.43 193.84 -10 -10 -10 -100    0 -1000 -1000 -10
82 9 pedestrian 0 0 -10 368.01 182.87 491.00 273.34 -10 -10 -10 -100    0 -1000 -1000 -10
82 8 pedestrian 0 0 -10 507.51 181.36 544.29 212.12 -10 -10 -10 -100    0 -1000 -1000 -10
82 7 pedestrian 0 0 -10 637.60 176.19 674.44 209.03 -10 -10 -10 -100    0 -1000 -1000 -10
82 6 pedestrian 0 0 -10 588.14 177.56 616.39 207.89 -10 -10 -10 -100    0 -1000 -1000 -10
82 5 pedestrian 0 0 -10 127.83 181.43 414.31 376.00 -10 -10 -10 -100    0 -1000 -1000 -10
82 3 pedestrian 0 0 -10 695.34 185.91 799.19 268.99 -10 -10 -10 -100    0 -1000 -1000 -10
82 22 pedestrian 0 0 -10 452.91 170.81 493.95 204.37 -10 -10 -10 -100    0 -1000 -1000 -10
83 18 pedestrian 0 0 -10 349.96 183.16 419.99 229.34 -10 -10 -10 -100    0 -1000 -1000 -10
83 24 pedestrian 0 0 -10 528.69 180.28 556.70 203.60 -10 -10 -10 -100    0 -1000 -1000 -10
83 21 pedestrian 0 0 -10 460.07 178.20 520.41 229.46 -10 -10 -10 -100    0 -1000 -1000 -10
83 14 pedestrian 0 0 -10 0.11 187.46 139.78 345.67 -10 -10 -10 -100    0 -1000 -1000 -10
83 13 pedestrian 0 0 -10 233.79 185.83 355.53 255.50 -10 -10 -10 -100    0 -1000 -1000 -10
83 12 pedestrian 0 0 -10 483.93 165.08 636.02 198.86 -10 -10 -10 -100    0 -1000 -1000 -10
83 23 pedestrian 0 0 -10 413.06 171.76 460.38 213.52 -10 -10 -10 -100    0 -1000 -1000 -10
83 10 pedestrian 0 0 -10 616.59 178.32 631.15 194.36 -10 -10 -10 -100    0 -1000 -1000 -10
83 9 pedestrian 0 0 -10 362.85 183.37 489.40 276.98 -10 -10 -10 -100    0 -1000 -1000 -10
83 8 pedestrian 0 0 -10 507.61 180.74 544.27 212.43 -10 -10 -10 -100    0 -1000 -1000 -10
83 7 pedestrian 0 0 -10 637.11 176.49 674.34 208.82 -10 -10 -10 -100    0 -1000 -1000 -10
83 6 pedestrian 0 0 -10 588.55 177.71 616.86 208.25 -10 -10 -10 -100    0 -1000 -1000 -10
83 5 pedestrian 0 0 -10 98.82 180.86 406.59 376.00 -10 -10 -10 -100    0 -1000 -1000 -10
83 3 pedestrian 0 0 -10 694.88 185.82 797.51 268.41 -10 -10 -10 -100    0 -1000 -1000 -10
83 22 pedestrian 0 0 -10 451.88 170.66 493.88 204.92 -10 -10 -10 -100    0 -1000 -1000 -10
84 18 pedestrian 0 0 -10 346.02 182.86 418.50 231.01 -10 -10 -10 -100    0 -1000 -1000 -10
84 24 pedestrian 0 0 -10 528.49 180.29 556.97 203.67 -10 -10 -10 -100    0 -1000 -1000 -10
84 21 pedestrian 0 0 -10 458.81 178.14 518.84 230.09 -10 -10 -10 -100    0 -1000 -1000 -10
84 14 pedestrian 0 0 -10 0.11 188.93 125.48 346.85 -10 -10 -10 -100    0 -1000 -1000 -10
84 13 pedestrian 0 0 -10 222.85 185.05 348.98 257.02 -10 -10 -10 -100    0 -1000 -1000 -10
84 12 pedestrian 0 0 -10 482.78 163.97 634.18 198.66 -10 -10 -10 -100    0 -1000 -1000 -10
84 23 pedestrian 0 0 -10 411.58 171.24 458.78 212.84 -10 -10 -10 -100    0 -1000 -1000 -10
84 10 pedestrian 0 0 -10 616.66 178.42 631.64 194.32 -10 -10 -10 -100    0 -1000 -1000 -10
84 9 pedestrian 0 0 -10 355.98 184.11 486.22 281.15 -10 -10 -10 -100    0 -1000 -1000 -10
84 8 pedestrian 0 0 -10 506.47 180.21 543.36 212.37 -10 -10 -10 -100    0 -1000 -1000 -10
84 7 pedestrian 0 0 -10 636.15 177.05 673.43 209.14 -10 -10 -10 -100    0 -1000 -1000 -10
84 6 pedestrian 0 0 -10 587.97 177.77 616.86 209.18 -10 -10 -10 -100    0 -1000 -1000 -10
84 5 pedestrian 0 0 -10 63.44 180.45 399.61 376.00 -10 -10 -10 -100    0 -1000 -1000 -10
84 3 pedestrian 0 0 -10 694.49 185.63 795.81 267.54 -10 -10 -10 -100    0 -1000 -1000 -10
84 22 pedestrian 0 0 -10 450.51 169.94 492.29 205.14 -10 -10 -10 -100    0 -1000 -1000 -10
85 18 pedestrian 0 0 -10 341.85 182.94 415.98 232.01 -10 -10 -10 -100    0 -1000 -1000 -10
85 24 pedestrian 0 0 -10 526.89 180.58 555.59 204.37 -10 -10 -10 -100    0 -1000 -1000 -10
85 21 pedestrian 0 0 -10 458.20 178.54 516.96 230.44 -10 -10 -10 -100    0 -1000 -1000 -10
85 14 pedestrian 0 0 -10 0.09 188.78 114.91 346.02 -10 -10 -10 -100    0 -1000 -1000 -10
85 13 pedestrian 0 0 -10 215.87 185.26 346.05 258.95 -10 -10 -10 -100    0 -1000 -1000 -10
85 12 pedestrian 0 0 -10 482.71 162.39 632.04 200.92 -10 -10 -10 -100    0 -1000 -1000 -10
85 23 pedestrian 0 0 -10 410.03 170.71 457.28 214.34 -10 -10 -10 -100    0 -1000 -1000 -10
85 9 pedestrian 0 0 -10 347.41 184.78 483.05 284.27 -10 -10 -10 -100    0 -1000 -1000 -10
85 8 pedestrian 0 0 -10 505.28 181.01 542.74 212.67 -10 -10 -10 -100    0 -1000 -1000 -10
85 7 pedestrian 0 0 -10 635.56 177.49 672.17 209.29 -10 -10 -10 -100    0 -1000 -1000 -10
85 6 pedestrian 0 0 -10 587.74 177.64 616.65 209.08 -10 -10 -10 -100    0 -1000 -1000 -10
85 5 pedestrian 0 0 -10 26.14 181.30 388.96 376.00 -10 -10 -10 -100    0 -1000 -1000 -10
85 3 pedestrian 0 0 -10 693.64 186.04 793.82 266.97 -10 -10 -10 -100    0 -1000 -1000 -10
85 22 pedestrian 0 0 -10 448.77 170.41 491.85 206.33 -10 -10 -10 -100    0 -1000 -1000 -10
86 24 pedestrian 0 0 -10 526.63 180.46 555.67 204.45 -10 -10 -10 -100    0 -1000 -1000 -10
86 21 pedestrian 0 0 -10 455.62 178.10 515.67 231.03 -10 -10 -10 -100    0 -1000 -1000 -10
86 14 pedestrian 0 0 -10 0.00 190.09 94.39 344.91 -10 -10 -10 -100    0 -1000 -1000 -10
86 13 pedestrian 0 0 -10 209.07 184.26 340.93 260.07 -10 -10 -10 -100    0 -1000 -1000 -10
86 12 pedestrian 0 0 -10 479.37 160.48 631.47 202.56 -10 -10 -10 -100    0 -1000 -1000 -10
86 23 pedestrian 0 0 -10 407.80 170.44 455.61 214.49 -10 -10 -10 -100    0 -1000 -1000 -10
86 9 pedestrian 0 0 -10 339.08 185.00 480.45 287.82 -10 -10 -10 -100    0 -1000 -1000 -10
86 8 pedestrian 0 0 -10 504.29 181.12 542.39 212.76 -10 -10 -10 -100    0 -1000 -1000 -10
86 7 pedestrian 0 0 -10 635.00 177.56 671.19 209.05 -10 -10 -10 -100    0 -1000 -1000 -10
86 6 pedestrian 0 0 -10 588.03 177.64 616.93 208.81 -10 -10 -10 -100    0 -1000 -1000 -10
86 5 pedestrian 0 0 -10 1.08 181.80 379.98 376.00 -10 -10 -10 -100    0 -1000 -1000 -10
86 18 pedestrian 0 0 -10 338.78 183.00 415.42 233.16 -10 -10 -10 -100    0 -1000 -1000 -10
86 3 pedestrian 0 0 -10 692.99 186.15 791.55 266.23 -10 -10 -10 -100    0 -1000 -1000 -10
86 22 pedestrian 0 0 -10 446.42 170.02 491.56 207.80 -10 -10 -10 -100    0 -1000 -1000 -10
87 24 pedestrian 0 0 -10 526.18 180.31 555.27 204.40 -10 -10 -10 -100    0 -1000 -1000 -10
87 21 pedestrian 0 0 -10 453.02 177.60 514.19 231.41 -10 -10 -10 -100    0 -1000 -1000 -10
87 14 pedestrian 0 0 -10 0.00 187.54 78.40 341.82 -10 -10 -10 -100    0 -1000 -1000 -10
87 13 pedestrian 0 0 -10 205.24 184.60 336.59 262.21 -10 -10 -10 -100    0 -1000 -1000 -10
87 12 pedestrian 0 0 -10 476.75 159.79 631.36 202.88 -10 -10 -10 -100    0 -1000 -1000 -10
87 23 pedestrian 0 0 -10 405.67 170.40 454.38 214.73 -10 -10 -10 -100    0 -1000 -1000 -10
87 9 pedestrian 0 0 -10 332.88 185.48 477.23 291.82 -10 -10 -10 -100    0 -1000 -1000 -10
87 8 pedestrian 0 0 -10 503.04 180.95 541.35 212.93 -10 -10 -10 -100    0 -1000 -1000 -10
87 7 pedestrian 0 0 -10 634.66 177.46 670.10 208.34 -10 -10 -10 -100    0 -1000 -1000 -10
87 6 pedestrian 0 0 -10 588.12 177.57 616.92 208.64 -10 -10 -10 -100    0 -1000 -1000 -10
87 5 pedestrian 0 0 -10 0.35 183.27 369.07 376.00 -10 -10 -10 -100    0 -1000 -1000 -10
87 18 pedestrian 0 0 -10 337.43 182.86 414.63 233.51 -10 -10 -10 -100    0 -1000 -1000 -10
87 3 pedestrian 0 0 -10 691.84 186.10 789.60 264.76 -10 -10 -10 -100    0 -1000 -1000 -10
87 22 pedestrian 0 0 -10 444.61 169.68 489.81 207.48 -10 -10 -10 -100    0 -1000 -1000 -10
88 24 pedestrian 0 0 -10 524.56 180.40 554.31 205.16 -10 -10 -10 -100    0 -1000 -1000 -10
88 21 pedestrian 0 0 -10 450.65 178.33 512.78 232.80 -10 -10 -10 -100    0 -1000 -1000 -10
88 14 pedestrian 0 0 -10 0.00 190.40 57.90 345.11 -10 -10 -10 -100    0 -1000 -1000 -10
88 13 pedestrian 0 0 -10 188.20 186.15 330.22 265.84 -10 -10 -10 -100    0 -1000 -1000 -10
88 12 pedestrian 0 0 -10 478.70 160.03 630.59 203.67 -10 -10 -10 -100    0 -1000 -1000 -10
88 23 pedestrian 0 0 -10 403.89 170.56 452.79 215.60 -10 -10 -10 -100    0 -1000 -1000 -10
88 9 pedestrian 0 0 -10 319.98 186.15 473.94 296.17 -10 -10 -10 -100    0 -1000 -1000 -10
88 8 pedestrian 0 0 -10 502.35 180.99 541.00 213.53 -10 -10 -10 -100    0 -1000 -1000 -10
88 7 pedestrian 0 0 -10 633.82 177.76 669.24 208.58 -10 -10 -10 -100    0 -1000 -1000 -10
88 6 pedestrian 0 0 -10 587.43 177.50 616.71 209.28 -10 -10 -10 -100    0 -1000 -1000 -10
88 5 pedestrian 0 0 -10 0.49 183.84 354.96 376.00 -10 -10 -10 -100    0 -1000 -1000 -10
88 18 pedestrian 0 0 -10 334.53 183.34 411.75 233.51 -10 -10 -10 -100    0 -1000 -1000 -10
88 3 pedestrian 0 0 -10 690.42 186.39 787.59 264.40 -10 -10 -10 -100    0 -1000 -1000 -10
88 22 pedestrian 0 0 -10 443.58 170.55 489.53 208.50 -10 -10 -10 -100    0 -1000 -1000 -10
89 24 pedestrian 0 0 -10 524.26 180.61 554.02 205.46 -10 -10 -10 -100    0 -1000 -1000 -10
89 21 pedestrian 0 0 -10 447.57 178.85 511.61 233.90 -10 -10 -10 -100    0 -1000 -1000 -10
89 13 pedestrian 0 0 -10 176.80 186.07 324.82 270.58 -10 -10 -10 -100    0 -1000 -1000 -10
89 12 pedestrian 0 0 -10 479.45 160.48 631.98 204.03 -10 -10 -10 -100    0 -1000 -1000 -10
89 23 pedestrian 0 0 -10 401.09 170.54 450.62 216.44 -10 -10 -10 -100    0 -1000 -1000 -10
89 9 pedestrian 0 0 -10 310.46 185.98 470.92 301.07 -10 -10 -10 -100    0 -1000 -1000 -10
89 8 pedestrian 0 0 -10 501.81 181.54 540.67 213.46 -10 -10 -10 -100    0 -1000 -1000 -10
89 7 pedestrian 0 0 -10 633.55 177.95 667.98 208.34 -10 -10 -10 -100    0 -1000 -1000 -10
89 6 pedestrian 0 0 -10 587.39 177.65 616.68 209.66 -10 -10 -10 -100    0 -1000 -1000 -10
89 5 pedestrian 0 0 -10 0.00 185.58 341.21 376.00 -10 -10 -10 -100    0 -1000 -1000 -10
89 18 pedestrian 0 0 -10 333.25 183.19 409.37 232.93 -10 -10 -10 -100    0 -1000 -1000 -10
89 3 pedestrian 0 0 -10 689.70 186.25 784.54 263.65 -10 -10 -10 -100    0 -1000 -1000 -10
89 22 pedestrian 0 0 -10 442.35 171.11 488.23 209.30 -10 -10 -10 -100    0 -1000 -1000 -10
90 24 pedestrian 0 0 -10 524.07 180.63 554.48 206.01 -10 -10 -10 -100    0 -1000 -1000 -10
90 21 pedestrian 0 0 -10 444.77 178.82 511.00 235.16 -10 -10 -10 -100    0 -1000 -1000 -10
90 13 pedestrian 0 0 -10 163.69 187.00 319.22 274.02 -10 -10 -10 -100    0 -1000 -1000 -10
90 12 pedestrian 0 0 -10 478.57 160.63 632.21 204.07 -10 -10 -10 -100    0 -1000 -1000 -10
90 23 pedestrian 0 0 -10 399.40 170.99 448.99 217.85 -10 -10 -10 -100    0 -1000 -1000 -10
90 9 pedestrian 0 0 -10 300.04 186.81 467.17 305.62 -10 -10 -10 -100    0 -1000 -1000 -10
90 8 pedestrian 0 0 -10 500.13 181.29 540.35 214.25 -10 -10 -10 -100    0 -1000 -1000 -10
90 7 pedestrian 0 0 -10 633.10 178.42 666.68 208.20 -10 -10 -10 -100    0 -1000 -1000 -10
90 6 pedestrian 0 0 -10 586.68 177.79 616.54 209.70 -10 -10 -10 -100    0 -1000 -1000 -10
90 5 pedestrian 0 0 -10 0.05 185.18 327.43 376.00 -10 -10 -10 -100    0 -1000 -1000 -10
90 18 pedestrian 0 0 -10 326.77 183.26 406.68 234.70 -10 -10 -10 -100    0 -1000 -1000 -10
90 3 pedestrian 0 0 -10 688.69 186.40 782.02 262.44 -10 -10 -10 -100    0 -1000 -1000 -10
90 22 pedestrian 0 0 -10 441.02 171.27 487.41 209.31 -10 -10 -10 -100    0 -1000 -1000 -10
91 24 pedestrian 0 0 -10 523.64 180.68 554.29 206.44 -10 -10 -10 -100    0 -1000 -1000 -10
91 21 pedestrian 0 0 -10 441.94 178.91 509.65 235.59 -10 -10 -10 -100    0 -1000 -1000 -10
91 13 pedestrian 0 0 -10 150.34 187.25 311.05 274.08 -10 -10 -10 -100    0 -1000 -1000 -10
91 12 pedestrian 0 0 -10 478.82 160.35 630.58 203.64 -10 -10 -10 -100    0 -1000 -1000 -10
91 23 pedestrian 0 0 -10 396.83 171.25 447.21 217.90 -10 -10 -10 -100    0 -1000 -1000 -10
91 9 pedestrian 0 0 -10 289.18 186.73 464.17 310.16 -10 -10 -10 -100    0 -1000 -1000 -10
91 8 pedestrian 0 0 -10 498.81 180.88 539.77 214.65 -10 -10 -10 -100    0 -1000 -1000 -10
91 7 pedestrian 0 0 -10 632.43 178.49 665.95 207.88 -10 -10 -10 -100    0 -1000 -1000 -10
91 6 pedestrian 0 0 -10 586.12 177.68 616.37 209.50 -10 -10 -10 -100    0 -1000 -1000 -10
91 5 pedestrian 0 0 -10 0.24 185.94 309.41 376.00 -10 -10 -10 -100    0 -1000 -1000 -10
91 18 pedestrian 0 0 -10 323.20 183.45 404.67 236.02 -10 -10 -10 -100    0 -1000 -1000 -10
91 3 pedestrian 0 0 -10 687.22 186.14 779.94 261.00 -10 -10 -10 -100    0 -1000 -1000 -10
91 22 pedestrian 0 0 -10 438.22 170.97 486.09 209.83 -10 -10 -10 -100    0 -1000 -1000 -10
92 24 pedestrian 0 0 -10 522.94 180.43 554.21 206.62 -10 -10 -10 -100    0 -1000 -1000 -10
92 21 pedestrian 0 0 -10 440.58 179.23 508.42 236.12 -10 -10 -10 -100    0 -1000 -1000 -10
92 13 pedestrian 0 0 -10 138.44 187.44 305.66 276.12 -10 -10 -10 -100    0 -1000 -1000 -10
92 12 pedestrian 0 0 -10 478.20 160.02 630.72 203.60 -10 -10 -10 -100    0 -1000 -1000 -10
92 23 pedestrian 0 0 -10 393.57 171.11 445.01 219.42 -10 -10 -10 -100    0 -1000 -1000 -10
92 9 pedestrian 0 0 -10 276.65 187.61 459.47 315.54 -10 -10 -10 -100    0 -1000 -1000 -10
92 8 pedestrian 0 0 -10 497.30 180.50 538.97 215.77 -10 -10 -10 -100    0 -1000 -1000 -10
92 7 pedestrian 0 0 -10 631.71 178.55 664.50 207.49 -10 -10 -10 -100    0 -1000 -1000 -10
92 6 pedestrian 0 0 -10 585.97 177.70 616.25 209.62 -10 -10 -10 -100    0 -1000 -1000 -10
92 5 pedestrian 0 0 -10 0.22 188.05 291.49 376.00 -10 -10 -10 -100    0 -1000 -1000 -10
92 18 pedestrian 0 0 -10 317.01 183.33 401.15 237.19 -10 -10 -10 -100    0 -1000 -1000 -10
92 3 pedestrian 0 0 -10 685.67 185.86 776.21 260.05 -10 -10 -10 -100    0 -1000 -1000 -10
92 22 pedestrian 0 0 -10 436.86 170.73 485.04 210.00 -10 -10 -10 -100    0 -1000 -1000 -10
93 24 pedestrian 0 0 -10 523.10 180.23 553.74 206.34 -10 -10 -10 -100    0 -1000 -1000 -10
93 21 pedestrian 0 0 -10 438.19 179.04 507.09 236.59 -10 -10 -10 -100    0 -1000 -1000 -10
93 13 pedestrian 0 0 -10 121.94 187.47 296.42 280.29 -10 -10 -10 -100    0 -1000 -1000 -10
93 12 pedestrian 0 0 -10 476.46 159.35 630.61 203.58 -10 -10 -10 -100    0 -1000 -1000 -10
93 23 pedestrian 0 0 -10 391.16 170.93 443.52 219.60 -10 -10 -10 -100    0 -1000 -1000 -10
93 9 pedestrian 0 0 -10 263.51 186.81 455.35 321.24 -10 -10 -10 -100    0 -1000 -1000 -10
93 8 pedestrian 0 0 -10 496.74 180.80 538.57 215.91 -10 -10 -10 -100    0 -1000 -1000 -10
93 7 pedestrian 0 0 -10 631.04 178.15 663.44 206.69 -10 -10 -10 -100    0 -1000 -1000 -10
93 6 pedestrian 0 0 -10 585.77 177.30 616.35 209.54 -10 -10 -10 -100    0 -1000 -1000 -10
93 5 pedestrian 0 0 -10 0.00 189.50 268.86 376.00 -10 -10 -10 -100    0 -1000 -1000 -10
93 18 pedestrian 0 0 -10 313.34 183.13 396.58 237.02 -10 -10 -10 -100    0 -1000 -1000 -10
93 3 pedestrian 0 0 -10 684.56 185.44 773.40 258.48 -10 -10 -10 -100    0 -1000 -1000 -10
93 22 pedestrian 0 0 -10 435.90 170.71 483.35 209.46 -10 -10 -10 -100    0 -1000 -1000 -10
94 24 pedestrian 0 0 -10 523.18 180.32 552.96 206.37 -10 -10 -10 -100    0 -1000 -1000 -10
94 21 pedestrian 0 0 -10 435.32 178.28 505.67 237.49 -10 -10 -10 -100    0 -1000 -1000 -10
94 13 pedestrian 0 0 -10 108.12 187.12 288.21 283.08 -10 -10 -10 -100    0 -1000 -1000 -10
94 12 pedestrian 0 0 -10 476.15 159.36 630.68 203.90 -10 -10 -10 -100    0 -1000 -1000 -10
94 23 pedestrian 0 0 -10 389.92 171.05 442.32 219.13 -10 -10 -10 -100    0 -1000 -1000 -10
94 9 pedestrian 0 0 -10 249.12 187.47 450.87 327.01 -10 -10 -10 -100    0 -1000 -1000 -10
94 8 pedestrian 0 0 -10 495.70 180.84 537.96 215.92 -10 -10 -10 -100    0 -1000 -1000 -10
94 7 pedestrian 0 0 -10 630.48 178.04 661.89 205.96 -10 -10 -10 -100    0 -1000 -1000 -10
94 6 pedestrian 0 0 -10 585.92 177.16 616.38 209.33 -10 -10 -10 -100    0 -1000 -1000 -10
94 5 pedestrian 0 0 -10 0.00 192.30 243.58 376.00 -10 -10 -10 -100    0 -1000 -1000 -10
94 18 pedestrian 0 0 -10 312.29 182.69 395.66 236.92 -10 -10 -10 -100    0 -1000 -1000 -10
94 3 pedestrian 0 0 -10 683.81 185.17 770.73 256.79 -10 -10 -10 -100    0 -1000 -1000 -10
94 22 pedestrian 0 0 -10 434.77 170.80 482.11 209.68 -10 -10 -10 -100    0 -1000 -1000 -10
95 24 pedestrian 0 0 -10 521.28 180.14 552.41 206.65 -10 -10 -10 -100    0 -1000 -1000 -10
95 21 pedestrian 0 0 -10 432.84 178.75 504.49 238.65 -10 -10 -10 -100    0 -1000 -1000 -10
95 13 pedestrian 0 0 -10 91.91 187.73 280.49 286.12 -10 -10 -10 -100    0 -1000 -1000 -10
95 12 pedestrian 0 0 -10 475.57 159.57 629.34 204.00 -10 -10 -10 -100    0 -1000 -1000 -10
95 23 pedestrian 0 0 -10 387.60 171.53 440.07 219.91 -10 -10 -10 -100    0 -1000 -1000 -10
95 9 pedestrian 0 0 -10 233.46 187.02 446.95 334.21 -10 -10 -10 -100    0 -1000 -1000 -10
95 8 pedestrian 0 0 -10 494.46 180.48 536.97 215.59 -10 -10 -10 -100    0 -1000 -1000 -10
95 7 pedestrian 0 0 -10 628.77 178.15 661.05 205.86 -10 -10 -10 -100    0 -1000 -1000 -10
95 6 pedestrian 0 0 -10 585.50 177.32 616.17 209.41 -10 -10 -10 -100    0 -1000 -1000 -10
95 5 pedestrian 0 0 -10 0.00 195.50 218.37 376.00 -10 -10 -10 -100    0 -1000 -1000 -10
95 18 pedestrian 0 0 -10 311.50 183.46 393.51 236.19 -10 -10 -10 -100    0 -1000 -1000 -10
95 3 pedestrian 0 0 -10 681.94 184.97 767.59 255.56 -10 -10 -10 -100    0 -1000 -1000 -10
95 22 pedestrian 0 0 -10 432.97 170.82 481.00 210.42 -10 -10 -10 -100    0 -1000 -1000 -10
96 24 pedestrian 0 0 -10 521.60 180.05 552.43 206.13 -10 -10 -10 -100    0 -1000 -1000 -10
96 21 pedestrian 0 0 -10 429.82 178.64 502.98 239.83 -10 -10 -10 -100    0 -1000 -1000 -10
96 13 pedestrian 0 0 -10 75.13 188.02 271.60 289.97 -10 -10 -10 -100    0 -1000 -1000 -10
96 12 pedestrian 0 0 -10 476.29 159.45 628.88 203.79 -10 -10 -10 -100    0 -1000 -1000 -10
96 23 pedestrian 0 0 -10 384.15 171.40 437.52 220.98 -10 -10 -10 -100    0 -1000 -1000 -10
96 9 pedestrian 0 0 -10 217.59 187.32 441.93 340.62 -10 -10 -10 -100    0 -1000 -1000 -10
96 8 pedestrian 0 0 -10 493.19 181.02 535.52 215.20 -10 -10 -10 -100    0 -1000 -1000 -10
96 7 pedestrian 0 0 -10 627.86 178.03 659.98 206.03 -10 -10 -10 -100    0 -1000 -1000 -10
96 6 pedestrian 0 0 -10 585.17 177.38 616.08 209.50 -10 -10 -10 -100    0 -1000 -1000 -10
96 5 pedestrian 0 0 -10 0.00 194.71 181.53 376.00 -10 -10 -10 -100    0 -1000 -1000 -10
96 18 pedestrian 0 0 -10 305.51 183.84 390.66 237.57 -10 -10 -10 -100    0 -1000 -1000 -10
96 3 pedestrian 0 0 -10 680.46 184.68 764.56 253.90 -10 -10 -10 -100    0 -1000 -1000 -10
96 22 pedestrian 0 0 -10 432.00 170.90 480.42 210.63 -10 -10 -10 -100    0 -1000 -1000 -10
97 24 pedestrian 0 0 -10 521.99 180.20 553.11 206.28 -10 -10 -10 -100    0 -1000 -1000 -10
97 21 pedestrian 0 0 -10 426.30 178.77 501.64 241.10 -10 -10 -10 -100    0 -1000 -1000 -10
97 13 pedestrian 0 0 -10 57.65 188.33 263.51 293.72 -10 -10 -10 -100    0 -1000 -1000 -10
97 12 pedestrian 0 0 -10 476.55 159.55 627.90 203.73 -10 -10 -10 -100    0 -1000 -1000 -10
97 23 pedestrian 0 0 -10 381.19 171.34 435.34 220.75 -10 -10 -10 -100    0 -1000 -1000 -10
97 9 pedestrian 0 0 -10 199.63 188.97 436.78 348.49 -10 -10 -10 -100    0 -1000 -1000 -10
97 8 pedestrian 0 0 -10 491.88 181.23 534.77 215.32 -10 -10 -10 -100    0 -1000 -1000 -10
97 7 pedestrian 0 0 -10 627.51 178.14 658.93 205.82 -10 -10 -10 -100    0 -1000 -1000 -10
97 6 pedestrian 0 0 -10 585.22 177.54 616.18 209.82 -10 -10 -10 -100    0 -1000 -1000 -10
97 5 pedestrian 0 0 -10 0.00 197.25 137.88 376.00 -10 -10 -10 -100    0 -1000 -1000 -10
97 18 pedestrian 0 0 -10 297.19 183.94 387.39 240.61 -10 -10 -10 -100    0 -1000 -1000 -10
97 3 pedestrian 0 0 -10 679.46 184.58 761.39 252.35 -10 -10 -10 -100    0 -1000 -1000 -10
97 22 pedestrian 0 0 -10 430.35 171.22 479.01 210.68 -10 -10 -10 -100    0 -1000 -1000 -10
98 24 pedestrian 0 0 -10 521.75 180.49 552.58 206.16 -10 -10 -10 -100    0 -1000 -1000 -10
98 21 pedestrian 0 0 -10 422.52 179.27 499.67 242.57 -10 -10 -10 -100    0 -1000 -1000 -10
98 13 pedestrian 0 0 -10 37.96 188.94 255.69 298.13 -10 -10 -10 -100    0 -1000 -1000 -10
98 12 pedestrian 0 0 -10 477.27 159.65 628.17 203.55 -10 -10 -10 -100    0 -1000 -1000 -10
98 23 pedestrian 0 0 -10 378.64 171.57 433.42 222.17 -10 -10 -10 -100    0 -1000 -1000 -10
98 9 pedestrian 0 0 -10 180.46 190.03 431.52 357.81 -10 -10 -10 -100    0 -1000 -1000 -10
98 8 pedestrian 0 0 -10 489.89 180.65 533.93 216.12 -10 -10 -10 -100    0 -1000 -1000 -10
98 7 pedestrian 0 0 -10 626.98 178.53 658.48 206.31 -10 -10 -10 -100    0 -1000 -1000 -10
98 6 pedestrian 0 0 -10 585.45 177.76 616.33 210.13 -10 -10 -10 -100    0 -1000 -1000 -10
98 18 pedestrian 0 0 -10 294.25 183.82 386.07 241.52 -10 -10 -10 -100    0 -1000 -1000 -10
98 3 pedestrian 0 0 -10 678.39 184.56 758.85 251.37 -10 -10 -10 -100    0 -1000 -1000 -10
98 22 pedestrian 0 0 -10 428.60 171.37 478.43 211.27 -10 -10 -10 -100    0 -1000 -1000 -10
99 24 pedestrian 0 0 -10 520.65 180.29 551.23 206.20 -10 -10 -10 -100    0 -1000 -1000 -10
99 21 pedestrian 0 0 -10 420.07 178.90 498.70 243.14 -10 -10 -10 -100    0 -1000 -1000 -10
99 13 pedestrian 0 0 -10 18.76 189.26 243.02 302.59 -10 -10 -10 -100    0 -1000 -1000 -10
99 12 pedestrian 0 0 -10 479.23 159.58 628.63 203.21 -10 -10 -10 -100    0 -1000 -1000 -10
99 23 pedestrian 0 0 -10 376.35 171.21 431.52 221.23 -10 -10 -10 -100    0 -1000 -1000 -10
99 9 pedestrian 0 0 -10 158.64 189.48 425.39 366.33 -10 -10 -10 -100    0 -1000 -1000 -10
99 8 pedestrian 0 0 -10 489.08 180.50 533.28 216.28 -10 -10 -10 -100    0 -1000 -1000 -10
99 7 pedestrian 0 0 -10 626.92 178.26 657.05 205.17 -10 -10 -10 -100    0 -1000 -1000 -10
99 6 pedestrian 0 0 -10 584.98 177.62 616.31 210.44 -10 -10 -10 -100    0 -1000 -1000 -10
99 18 pedestrian 0 0 -10 289.43 183.60 385.02 241.65 -10 -10 -10 -100    0 -1000 -1000 -10
99 3 pedestrian 0 0 -10 676.81 184.12 755.67 249.84 -10 -10 -10 -100    0 -1000 -1000 -10
99 22 pedestrian 0 0 -10 426.85 171.05 477.94 211.10 -10 -10 -10 -100    0 -1000 -1000 -10
100 24 pedestrian 0 0 -10 520.42 180.05 551.21 206.40 -10 -10 -10 -100    0 -1000 -1000 -10
100 21 pedestrian 0 0 -10 417.47 178.59 496.94 243.77 -10 -10 -10 -100    0 -1000 -1000 -10
100 13 pedestrian 0 0 -10 0.00 189.54 232.45 306.94 -10 -10 -10 -100    0 -1000 -1000 -10
100 12 pedestrian 0 0 -10 479.57 159.09 629.10 203.01 -10 -10 -10 -100    0 -1000 -1000 -10
100 23 pedestrian 0 0 -10 374.33 171.07 430.40 221.47 -10 -10 -10 -100    0 -1000 -1000 -10
100 9 pedestrian 0 0 -10 132.99 189.91 420.39 376.00 -10 -10 -10 -100    0 -1000 -1000 -10
100 8 pedestrian 0 0 -10 487.74 180.60 532.34 216.35 -10 -10 -10 -100    0 -1000 -1000 -10
100 7 pedestrian 0 0 -10 625.85 177.99 655.97 204.47 -10 -10 -10 -100    0 -1000 -1000 -10
100 6 pedestrian 0 0 -10 584.84 177.45 616.27 210.46 -10 -10 -10 -100    0 -1000 -1000 -10
100 18 pedestrian 0 0 -10 285.99 183.36 382.90 242.09 -10 -10 -10 -100    0 -1000 -1000 -10
100 3 pedestrian 0 0 -10 675.14 183.63 752.74 248.36 -10 -10 -10 -100    0 -1000 -1000 -10
100 22 pedestrian 0 0 -10 426.11 171.21 477.60 210.87 -10 -10 -10 -100    0 -1000 -1000 -10
101 24 pedestrian 0 0 -10 520.72 180.28 551.34 206.08 -10 -10 -10 -100    0 -1000 -1000 -10
101 21 pedestrian 0 0 -10 415.58 178.89 496.33 244.66 -10 -10 -10 -100    0 -1000 -1000 -10
101 13 pedestrian 0 0 -10 0.00 189.65 225.29 311.41 -10 -10 -10 -100    0 -1000 -1000 -10
101 12 pedestrian 0 0 -10 478.38 158.58 628.59 202.86 -10 -10 -10 -100    0 -1000 -1000 -10
101 23 pedestrian 0 0 -10 372.83 170.68 428.87 222.70 -10 -10 -10 -100    0 -1000 -1000 -10
101 9 pedestrian 0 0 -10 107.21 190.69 413.50 376.00 -10 -10 -10 -100    0 -1000 -1000 -10
101 8 pedestrian 0 0 -10 486.69 180.89 531.59 216.32 -10 -10 -10 -100    0 -1000 -1000 -10
101 7 pedestrian 0 0 -10 625.28 177.77 655.08 204.08 -10 -10 -10 -100    0 -1000 -1000 -10
101 6 pedestrian 0 0 -10 585.04 177.21 616.42 210.57 -10 -10 -10 -100    0 -1000 -1000 -10
101 18 pedestrian 0 0 -10 282.80 183.48 379.47 242.10 -10 -10 -10 -100    0 -1000 -1000 -10
101 3 pedestrian 0 0 -10 674.26 182.95 749.79 246.82 -10 -10 -10 -100    0 -1000 -1000 -10
101 22 pedestrian 0 0 -10 425.44 171.60 476.67 211.37 -10 -10 -10 -100    0 -1000 -1000 -10
102 24 pedestrian 0 0 -10 520.46 180.34 551.10 206.37 -10 -10 -10 -100    0 -1000 -1000 -10
102 21 pedestrian 0 0 -10 412.93 179.11 495.49 245.64 -10 -10 -10 -100    0 -1000 -1000 -10
102 13 pedestrian 0 0 -10 0.00 190.69 209.90 317.31 -10 -10 -10 -100    0 -1000 -1000 -10
102 12 pedestrian 0 0 -10 476.21 158.46 628.29 202.91 -10 -10 -10 -100    0 -1000 -1000 -10
102 23 pedestrian 0 0 -10 370.26 170.91 427.60 223.80 -10 -10 -10 -100    0 -1000 -1000 -10
102 9 pedestrian 0 0 -10 77.86 191.91 407.56 376.00 -10 -10 -10 -100    0 -1000 -1000 -10
102 8 pedestrian 0 0 -10 484.54 180.98 531.02 217.21 -10 -10 -10 -100    0 -1000 -1000 -10
102 7 pedestrian 0 0 -10 624.86 177.46 654.11 203.50 -10 -10 -10 -100    0 -1000 -1000 -10
102 6 pedestrian 0 0 -10 584.72 177.07 616.38 210.69 -10 -10 -10 -100    0 -1000 -1000 -10
102 18 pedestrian 0 0 -10 277.66 183.37 375.43 243.02 -10 -10 -10 -100    0 -1000 -1000 -10
102 3 pedestrian 0 0 -10 672.71 182.75 747.07 245.50 -10 -10 -10 -100    0 -1000 -1000 -10
102 22 pedestrian 0 0 -10 423.61 171.85 475.27 211.75 -10 -10 -10 -100    0 -1000 -1000 -10
103 24 pedestrian 0 0 -10 520.26 180.24 550.99 206.55 -10 -10 -10 -100    0 -1000 -1000 -10
103 21 pedestrian 0 0 -10 409.59 178.83 493.92 246.59 -10 -10 -10 -100    0 -1000 -1000 -10
103 13 pedestrian 0 0 -10 0.00 190.70 203.17 323.72 -10 -10 -10 -100    0 -1000 -1000 -10
103 12 pedestrian 0 0 -10 472.86 157.92 627.87 202.96 -10 -10 -10 -100    0 -1000 -1000 -10
103 23 pedestrian 0 0 -10 367.75 170.42 427.03 223.45 -10 -10 -10 -100    0 -1000 -1000 -10
103 9 pedestrian 0 0 -10 43.50 191.82 401.24 376.00 -10 -10 -10 -100    0 -1000 -1000 -10
103 8 pedestrian 0 0 -10 484.52 180.90 530.44 216.55 -10 -10 -10 -100    0 -1000 -1000 -10
103 7 pedestrian 0 0 -10 624.13 177.29 653.29 203.08 -10 -10 -10 -100    0 -1000 -1000 -10
103 6 pedestrian 0 0 -10 584.53 176.79 616.26 210.93 -10 -10 -10 -100    0 -1000 -1000 -10
103 18 pedestrian 0 0 -10 274.37 183.13 374.04 243.50 -10 -10 -10 -100    0 -1000 -1000 -10
103 3 pedestrian 0 0 -10 671.23 182.55 744.42 243.32 -10 -10 -10 -100    0 -1000 -1000 -10
103 25 pedestrian 0 0 -10 466.60 176.20 502.79 207.02 -10 -10 -10 -100    0 -1000 -1000 -10
103 22 pedestrian 0 0 -10 422.73 171.71 475.18 212.00 -10 -10 -10 -100    0 -1000 -1000 -10
104 24 pedestrian 0 0 -10 520.26 180.10 551.08 206.38 -10 -10 -10 -100    0 -1000 -1000 -10
104 21 pedestrian 0 0 -10 406.85 178.49 492.77 247.00 -10 -10 -10 -100    0 -1000 -1000 -10
104 13 pedestrian 0 0 -10 0.00 190.66 188.55 325.46 -10 -10 -10 -100    0 -1000 -1000 -10
104 12 pedestrian 0 0 -10 466.68 157.22 627.29 203.15 -10 -10 -10 -100    0 -1000 -1000 -10
104 23 pedestrian 0 0 -10 365.23 170.07 425.93 223.81 -10 -10 -10 -100    0 -1000 -1000 -10
104 9 pedestrian 0 0 -10 8.76 192.24 394.68 376.00 -10 -10 -10 -100    0 -1000 -1000 -10
104 8 pedestrian 0 0 -10 484.18 180.89 529.83 216.33 -10 -10 -10 -100    0 -1000 -1000 -10
104 7 pedestrian 0 0 -10 623.76 177.14 652.58 202.68 -10 -10 -10 -100    0 -1000 -1000 -10
104 6 pedestrian 0 0 -10 584.76 176.72 616.63 211.05 -10 -10 -10 -100    0 -1000 -1000 -10
104 18 pedestrian 0 0 -10 266.74 182.45 371.40 244.13 -10 -10 -10 -100    0 -1000 -1000 -10
104 3 pedestrian 0 0 -10 669.93 182.30 741.47 241.73 -10 -10 -10 -100    0 -1000 -1000 -10
104 25 pedestrian 0 0 -10 465.59 175.94 500.03 205.35 -10 -10 -10 -100    0 -1000 -1000 -10
104 22 pedestrian 0 0 -10 422.48 171.56 475.62 212.04 -10 -10 -10 -100    0 -1000 -1000 -10
105 24 pedestrian 0 0 -10 520.35 180.28 550.85 206.79 -10 -10 -10 -100    0 -1000 -1000 -10
105 21 pedestrian 0 0 -10 404.51 178.69 491.42 247.89 -10 -10 -10 -100    0 -1000 -1000 -10
105 13 pedestrian 0 0 -10 0.00 190.99 169.44 328.32 -10 -10 -10 -100    0 -1000 -1000 -10
105 12 pedestrian 0 0 -10 463.45 156.94 627.13 203.11 -10 -10 -10 -100    0 -1000 -1000 -10
105 23 pedestrian 0 0 -10 363.82 169.98 424.49 224.43 -10 -10 -10 -100    0 -1000 -1000 -10
105 9 pedestrian 0 0 -10 0.00 192.39 387.60 376.00 -10 -10 -10 -100    0 -1000 -1000 -10
105 8 pedestrian 0 0 -10 483.49 181.03 529.26 216.84 -10 -10 -10 -100    0 -1000 -1000 -10
105 7 pedestrian 0 0 -10 623.75 177.46 652.56 202.97 -10 -10 -10 -100    0 -1000 -1000 -10
105 6 pedestrian 0 0 -10 585.28 177.19 617.00 211.60 -10 -10 -10 -100    0 -1000 -1000 -10
105 18 pedestrian 0 0 -10 262.25 182.56 365.99 246.48 -10 -10 -10 -100    0 -1000 -1000 -10
105 3 pedestrian 0 0 -10 669.48 182.58 739.04 240.83 -10 -10 -10 -100    0 -1000 -1000 -10
105 25 pedestrian 0 0 -10 465.36 178.12 500.97 207.07 -10 -10 -10 -100    0 -1000 -1000 -10
105 22 pedestrian 0 0 -10 421.32 171.33 474.72 211.99 -10 -10 -10 -100    0 -1000 -1000 -10
106 24 pedestrian 0 0 -10 519.67 180.40 550.33 207.84 -10 -10 -10 -100    0 -1000 -1000 -10
106 21 pedestrian 0 0 -10 402.17 178.98 490.39 249.15 -10 -10 -10 -100    0 -1000 -1000 -10
106 13 pedestrian 0 0 -10 0.00 192.29 143.17 334.29 -10 -10 -10 -100    0 -1000 -1000 -10
106 12 pedestrian 0 0 -10 467.57 157.58 627.46 202.83 -10 -10 -10 -100    0 -1000 -1000 -10
106 23 pedestrian 0 0 -10 361.28 170.12 422.25 225.80 -10 -10 -10 -100    0 -1000 -1000 -10
106 9 pedestrian 0 0 -10 0.67 193.88 379.82 376.00 -10 -10 -10 -100    0 -1000 -1000 -10
106 8 pedestrian 0 0 -10 482.11 180.94 529.24 217.25 -10 -10 -10 -100    0 -1000 -1000 -10
106 7 pedestrian 0 0 -10 623.58 177.63 652.23 202.98 -10 -10 -10 -100    0 -1000 -1000 -10
106 6 pedestrian 0 0 -10 585.24 177.35 616.88 211.67 -10 -10 -10 -100    0 -1000 -1000 -10
106 18 pedestrian 0 0 -10 257.25 183.05 363.33 246.80 -10 -10 -10 -100    0 -1000 -1000 -10
106 3 pedestrian 0 0 -10 668.42 182.39 737.16 239.87 -10 -10 -10 -100    0 -1000 -1000 -10
106 25 pedestrian 0 0 -10 464.48 180.03 498.79 205.97 -10 -10 -10 -100    0 -1000 -1000 -10
106 22 pedestrian 0 0 -10 419.25 171.64 472.27 213.13 -10 -10 -10 -100    0 -1000 -1000 -10
107 24 pedestrian 0 0 -10 519.40 179.88 550.57 207.60 -10 -10 -10 -100    0 -1000 -1000 -10
107 21 pedestrian 0 0 -10 399.81 178.47 489.74 249.84 -10 -10 -10 -100    0 -1000 -1000 -10
107 13 pedestrian 0 0 -10 0.00 192.45 146.27 339.68 -10 -10 -10 -100    0 -1000 -1000 -10
107 12 pedestrian 0 0 -10 476.61 157.97 628.17 201.53 -10 -10 -10 -100    0 -1000 -1000 -10
107 23 pedestrian 0 0 -10 359.11 169.39 420.95 225.67 -10 -10 -10 -100    0 -1000 -1000 -10
107 9 pedestrian 0 0 -10 0.00 194.53 370.92 376.00 -10 -10 -10 -100    0 -1000 -1000 -10
107 8 pedestrian 0 0 -10 480.99 180.29 529.13 217.22 -10 -10 -10 -100    0 -1000 -1000 -10
107 7 pedestrian 0 0 -10 623.68 177.22 652.42 202.81 -10 -10 -10 -100    0 -1000 -1000 -10
107 6 pedestrian 0 0 -10 585.22 176.99 617.22 211.13 -10 -10 -10 -100    0 -1000 -1000 -10
107 18 pedestrian 0 0 -10 251.28 182.86 360.80 247.95 -10 -10 -10 -100    0 -1000 -1000 -10
107 3 pedestrian 0 0 -10 667.67 181.86 734.49 237.95 -10 -10 -10 -100    0 -1000 -1000 -10
107 25 pedestrian 0 0 -10 463.29 179.54 497.76 205.17 -10 -10 -10 -100    0 -1000 -1000 -10
107 22 pedestrian 0 0 -10 417.93 170.97 472.53 213.15 -10 -10 -10 -100    0 -1000 -1000 -10
108 24 pedestrian 0 0 -10 519.13 179.57 550.52 207.01 -10 -10 -10 -100    0 -1000 -1000 -10
108 21 pedestrian 0 0 -10 396.86 178.03 488.41 250.67 -10 -10 -10 -100    0 -1000 -1000 -10
108 13 pedestrian 0 0 -10 0.00 193.56 140.24 343.97 -10 -10 -10 -100    0 -1000 -1000 -10
108 12 pedestrian 0 0 -10 488.18 159.55 629.20 199.47 -10 -10 -10 -100    0 -1000 -1000 -10
108 23 pedestrian 0 0 -10 356.81 169.03 419.57 225.68 -10 -10 -10 -100    0 -1000 -1000 -10
108 9 pedestrian 0 0 -10 0.00 193.35 360.16 376.00 -10 -10 -10 -100    0 -1000 -1000 -10
108 8 pedestrian 0 0 -10 479.99 179.52 529.03 217.18 -10 -10 -10 -100    0 -1000 -1000 -10
108 7 pedestrian 0 0 -10 624.40 177.10 652.43 201.92 -10 -10 -10 -100    0 -1000 -1000 -10
108 6 pedestrian 0 0 -10 585.68 176.59 618.05 210.91 -10 -10 -10 -100    0 -1000 -1000 -10
108 18 pedestrian 0 0 -10 247.43 182.49 358.43 246.84 -10 -10 -10 -100    0 -1000 -1000 -10
108 3 pedestrian 0 0 -10 667.20 181.26 732.18 235.99 -10 -10 -10 -100    0 -1000 -1000 -10
108 25 pedestrian 0 0 -10 462.60 178.15 498.16 204.37 -10 -10 -10 -100    0 -1000 -1000 -10
108 22 pedestrian 0 0 -10 416.17 170.67 470.88 212.98 -10 -10 -10 -100    0 -1000 -1000 -10
109 24 pedestrian 0 0 -10 518.68 179.86 550.46 207.61 -10 -10 -10 -100    0 -1000 -1000 -10
109 21 pedestrian 0 0 -10 394.17 177.99 487.68 251.82 -10 -10 -10 -100    0 -1000 -1000 -10
109 13 pedestrian 0 0 -10 0.00 194.38 131.12 337.79 -10 -10 -10 -100    0 -1000 -1000 -10
109 12 pedestrian 0 0 -10 494.00 160.91 628.85 197.77 -10 -10 -10 -100    0 -1000 -1000 -10
109 23 pedestrian 0 0 -10 354.42 168.94 418.50 226.16 -10 -10 -10 -100    0 -1000 -1000 -10
109 9 pedestrian 0 0 -10 0.00 194.92 353.43 376.00 -10 -10 -10 -100    0 -1000 -1000 -10
109 8 pedestrian 0 0 -10 479.32 179.62 528.96 217.59 -10 -10 -10 -100    0 -1000 -1000 -10
109 7 pedestrian 0 0 -10 625.00 177.06 651.95 201.29 -10 -10 -10 -100    0 -1000 -1000 -10
109 6 pedestrian 0 0 -10 585.93 176.39 618.65 210.84 -10 -10 -10 -100    0 -1000 -1000 -10
109 18 pedestrian 0 0 -10 240.42 182.58 355.97 248.91 -10 -10 -10 -100    0 -1000 -1000 -10
109 3 pedestrian 0 0 -10 666.78 181.21 730.38 235.00 -10 -10 -10 -100    0 -1000 -1000 -10
109 25 pedestrian 0 0 -10 461.21 178.50 497.64 204.60 -10 -10 -10 -100    0 -1000 -1000 -10
109 22 pedestrian 0 0 -10 414.29 170.04 469.73 212.96 -10 -10 -10 -100    0 -1000 -1000 -10
110 24 pedestrian 0 0 -10 518.04 180.00 550.15 208.36 -10 -10 -10 -100    0 -1000 -1000 -10
110 21 pedestrian 0 0 -10 391.75 178.49 486.50 253.04 -10 -10 -10 -100    0 -1000 -1000 -10
110 12 pedestrian 0 0 -10 496.08 162.06 628.61 196.58 -10 -10 -10 -100    0 -1000 -1000 -10
110 23 pedestrian 0 0 -10 352.70 169.14 416.71 226.72 -10 -10 -10 -100    0 -1000 -1000 -10
110 9 pedestrian 0 0 -10 0.65 195.26 342.27 376.00 -10 -10 -10 -100    0 -1000 -1000 -10
110 8 pedestrian 0 0 -10 478.52 180.10 528.61 218.43 -10 -10 -10 -100    0 -1000 -1000 -10
110 7 pedestrian 0 0 -10 624.97 177.19 650.63 201.11 -10 -10 -10 -100    0 -1000 -1000 -10
110 6 pedestrian 0 0 -10 586.24 176.40 618.89 210.84 -10 -10 -10 -100    0 -1000 -1000 -10
110 18 pedestrian 0 0 -10 234.87 183.07 353.05 250.37 -10 -10 -10 -100    0 -1000 -1000 -10
110 3 pedestrian 0 0 -10 665.91 181.31 727.99 234.24 -10 -10 -10 -100    0 -1000 -1000 -10
110 25 pedestrian 0 0 -10 460.15 179.28 496.59 204.77 -10 -10 -10 -100    0 -1000 -1000 -10
110 22 pedestrian 0 0 -10 411.83 169.57 469.14 213.54 -10 -10 -10 -100    0 -1000 -1000 -10
111 26 pedestrian 0 0 -10 460.46 174.59 497.99 204.77 -10 -10 -10 -100    0 -1000 -1000 -10
111 24 pedestrian 0 0 -10 517.57 179.84 550.23 208.51 -10 -10 -10 -100    0 -1000 -1000 -10
111 21 pedestrian 0 0 -10 389.34 178.54 484.95 254.05 -10 -10 -10 -100    0 -1000 -1000 -10
111 12 pedestrian 0 0 -10 496.86 162.36 629.36 196.35 -10 -10 -10 -100    0 -1000 -1000 -10
111 23 pedestrian 0 0 -10 349.78 169.06 415.71 227.19 -10 -10 -10 -100    0 -1000 -1000 -10
111 9 pedestrian 0 0 -10 0.00 196.02 330.28 376.00 -10 -10 -10 -100    0 -1000 -1000 -10
111 8 pedestrian 0 0 -10 477.87 180.32 528.44 219.20 -10 -10 -10 -100    0 -1000 -1000 -10
111 7 pedestrian 0 0 -10 624.96 176.93 650.22 200.75 -10 -10 -10 -100    0 -1000 -1000 -10
111 6 pedestrian 0 0 -10 586.74 176.57 619.32 210.72 -10 -10 -10 -100    0 -1000 -1000 -10
111 18 pedestrian 0 0 -10 229.90 183.10 349.96 251.63 -10 -10 -10 -100    0 -1000 -1000 -10
111 3 pedestrian 0 0 -10 665.21 181.73 725.86 233.49 -10 -10 -10 -100    0 -1000 -1000 -10
111 25 pedestrian 0 0 -10 459.47 178.69 496.34 205.08 -10 -10 -10 -100    0 -1000 -1000 -10
111 22 pedestrian 0 0 -10 410.03 169.41 468.19 213.84 -10 -10 -10 -100    0 -1000 -1000 -10
112 26 pedestrian 0 0 -10 464.54 171.30 498.18 204.40 -10 -10 -10 -100    0 -1000 -1000 -10
112 24 pedestrian 0 0 -10 517.40 179.44 550.20 208.44 -10 -10 -10 -100    0 -1000 -1000 -10
112 21 pedestrian 0 0 -10 386.50 178.35 483.83 254.96 -10 -10 -10 -100    0 -1000 -1000 -10
112 12 pedestrian 0 0 -10 496.81 162.00 630.80 195.84 -10 -10 -10 -100    0 -1000 -1000 -10
112 23 pedestrian 0 0 -10 347.99 168.72 413.94 227.11 -10 -10 -10 -100    0 -1000 -1000 -10
112 9 pedestrian 0 0 -10 0.11 197.35 320.20 376.00 -10 -10 -10 -100    0 -1000 -1000 -10
112 8 pedestrian 0 0 -10 477.49 179.60 528.33 219.10 -10 -10 -10 -100    0 -1000 -1000 -10
112 7 pedestrian 0 0 -10 625.53 176.71 650.09 200.36 -10 -10 -10 -100    0 -1000 -1000 -10
112 6 pedestrian 0 0 -10 587.24 176.10 619.93 210.35 -10 -10 -10 -100    0 -1000 -1000 -10
112 18 pedestrian 0 0 -10 225.09 182.68 347.58 252.96 -10 -10 -10 -100    0 -1000 -1000 -10
112 3 pedestrian 0 0 -10 664.96 181.33 723.77 232.36 -10 -10 -10 -100    0 -1000 -1000 -10
112 22 pedestrian 0 0 -10 408.18 169.65 467.16 214.14 -10 -10 -10 -100    0 -1000 -1000 -10
113 26 pedestrian 0 0 -10 464.28 171.30 497.60 204.34 -10 -10 -10 -100    0 -1000 -1000 -10
113 24 pedestrian 0 0 -10 517.25 179.21 550.19 208.71 -10 -10 -10 -100    0 -1000 -1000 -10
113 21 pedestrian 0 0 -10 383.96 178.36 483.16 256.18 -10 -10 -10 -100    0 -1000 -1000 -10
113 12 pedestrian 0 0 -10 496.68 162.08 631.05 195.43 -10 -10 -10 -100    0 -1000 -1000 -10
113 23 pedestrian 0 0 -10 345.40 168.63 411.25 227.45 -10 -10 -10 -100    0 -1000 -1000 -10
113 9 pedestrian 0 0 -10 0.35 197.36 306.71 376.00 -10 -10 -10 -100    0 -1000 -1000 -10
113 8 pedestrian 0 0 -10 477.34 179.77 528.17 219.45 -10 -10 -10 -100    0 -1000 -1000 -10
113 7 pedestrian 0 0 -10 625.43 176.66 649.86 199.89 -10 -10 -10 -100    0 -1000 -1000 -10
113 6 pedestrian 0 0 -10 587.45 176.10 620.52 210.26 -10 -10 -10 -100    0 -1000 -1000 -10
113 18 pedestrian 0 0 -10 220.19 182.95 344.93 254.02 -10 -10 -10 -100    0 -1000 -1000 -10
113 3 pedestrian 0 0 -10 664.33 180.97 722.11 230.99 -10 -10 -10 -100    0 -1000 -1000 -10
113 22 pedestrian 0 0 -10 406.76 169.88 465.94 214.57 -10 -10 -10 -100    0 -1000 -1000 -10
114 26 pedestrian 0 0 -10 463.69 171.40 498.11 205.09 -10 -10 -10 -100    0 -1000 -1000 -10
114 24 pedestrian 0 0 -10 516.75 179.35 550.55 209.37 -10 -10 -10 -100    0 -1000 -1000 -10
114 21 pedestrian 0 0 -10 381.25 178.66 481.49 257.78 -10 -10 -10 -100    0 -1000 -1000 -10
114 12 pedestrian 0 0 -10 497.04 162.14 630.46 195.61 -10 -10 -10 -100    0 -1000 -1000 -10
114 23 pedestrian 0 0 -10 342.10 168.46 409.44 228.29 -10 -10 -10 -100    0 -1000 -1000 -10
114 9 pedestrian 0 0 -10 0.00 199.85 295.10 376.00 -10 -10 -10 -100    0 -1000 -1000 -10
114 8 pedestrian 0 0 -10 476.62 180.08 528.10 220.07 -10 -10 -10 -100    0 -1000 -1000 -10
114 7 pedestrian 0 0 -10 625.22 176.92 649.26 199.88 -10 -10 -10 -100    0 -1000 -1000 -10
114 6 pedestrian 0 0 -10 588.12 176.24 620.83 210.84 -10 -10 -10 -100    0 -1000 -1000 -10
114 18 pedestrian 0 0 -10 214.62 183.59 342.01 255.71 -10 -10 -10 -100    0 -1000 -1000 -10
114 3 pedestrian 0 0 -10 663.49 180.99 720.55 230.06 -10 -10 -10 -100    0 -1000 -1000 -10
114 22 pedestrian 0 0 -10 404.83 169.83 465.27 215.46 -10 -10 -10 -100    0 -1000 -1000 -10
115 24 pedestrian 0 0 -10 516.67 179.59 550.82 209.66 -10 -10 -10 -100    0 -1000 -1000 -10
115 21 pedestrian 0 0 -10 379.44 178.66 481.04 258.87 -10 -10 -10 -100    0 -1000 -1000 -10
115 12 pedestrian 0 0 -10 496.89 162.16 630.57 195.85 -10 -10 -10 -100    0 -1000 -1000 -10
115 23 pedestrian 0 0 -10 339.45 168.29 407.97 229.14 -10 -10 -10 -100    0 -1000 -1000 -10
115 26 pedestrian 0 0 -10 464.08 171.49 498.63 205.07 -10 -10 -10 -100    0 -1000 -1000 -10
115 9 pedestrian 0 0 -10 0.06 202.32 279.11 376.00 -10 -10 -10 -100    0 -1000 -1000 -10
115 8 pedestrian 0 0 -10 475.50 180.07 528.06 220.53 -10 -10 -10 -100    0 -1000 -1000 -10
115 7 pedestrian 0 0 -10 624.84 176.89 649.30 200.11 -10 -10 -10 -100    0 -1000 -1000 -10
115 6 pedestrian 0 0 -10 588.87 176.25 621.44 211.05 -10 -10 -10 -100    0 -1000 -1000 -10
115 18 pedestrian 0 0 -10 209.12 183.71 339.30 256.86 -10 -10 -10 -100    0 -1000 -1000 -10
115 3 pedestrian 0 0 -10 662.74 180.77 718.55 228.98 -10 -10 -10 -100    0 -1000 -1000 -10
115 22 pedestrian 0 0 -10 402.97 169.42 464.72 216.16 -10 -10 -10 -100    0 -1000 -1000 -10
116 24 pedestrian 0 0 -10 516.78 179.43 550.82 209.89 -10 -10 -10 -100    0 -1000 -1000 -10
116 21 pedestrian 0 0 -10 376.92 178.94 479.96 259.98 -10 -10 -10 -100    0 -1000 -1000 -10
116 12 pedestrian 0 0 -10 496.78 162.23 630.08 195.76 -10 -10 -10 -100    0 -1000 -1000 -10
116 23 pedestrian 0 0 -10 337.54 168.27 407.65 229.41 -10 -10 -10 -100    0 -1000 -1000 -10
116 26 pedestrian 0 0 -10 464.31 171.29 498.46 204.68 -10 -10 -10 -100    0 -1000 -1000 -10
116 9 pedestrian 0 0 -10 0.00 203.19 262.70 376.00 -10 -10 -10 -100    0 -1000 -1000 -10
116 8 pedestrian 0 0 -10 474.91 179.98 528.16 220.72 -10 -10 -10 -100    0 -1000 -1000 -10
116 7 pedestrian 0 0 -10 625.11 176.61 649.49 199.76 -10 -10 -10 -100    0 -1000 -1000 -10
116 6 pedestrian 0 0 -10 589.65 175.90 622.48 210.92 -10 -10 -10 -100    0 -1000 -1000 -10
116 18 pedestrian 0 0 -10 203.11 183.77 336.19 258.08 -10 -10 -10 -100    0 -1000 -1000 -10
116 3 pedestrian 0 0 -10 662.32 180.67 716.81 227.75 -10 -10 -10 -100    0 -1000 -1000 -10
116 22 pedestrian 0 0 -10 401.05 168.96 464.07 216.34 -10 -10 -10 -100    0 -1000 -1000 -10
117 24 pedestrian 0 0 -10 516.64 179.76 551.02 210.29 -10 -10 -10 -100    0 -1000 -1000 -10
117 21 pedestrian 0 0 -10 374.36 179.22 479.36 261.23 -10 -10 -10 -100    0 -1000 -1000 -10
117 12 pedestrian 0 0 -10 496.59 162.23 630.11 195.73 -10 -10 -10 -100    0 -1000 -1000 -10
117 23 pedestrian 0 0 -10 334.84 168.58 406.14 230.28 -10 -10 -10 -100    0 -1000 -1000 -10
117 26 pedestrian 0 0 -10 463.63 171.50 498.38 205.15 -10 -10 -10 -100    0 -1000 -1000 -10
117 9 pedestrian 0 0 -10 0.00 205.16 246.75 376.00 -10 -10 -10 -100    0 -1000 -1000 -10
117 8 pedestrian 0 0 -10 474.45 180.13 528.25 221.25 -10 -10 -10 -100    0 -1000 -1000 -10
117 7 pedestrian 0 0 -10 625.20 176.66 649.23 199.62 -10 -10 -10 -100    0 -1000 -1000 -10
117 6 pedestrian 0 0 -10 590.50 175.39 623.49 211.14 -10 -10 -10 -100    0 -1000 -1000 -10
117 18 pedestrian 0 0 -10 197.20 183.79 332.78 259.49 -10 -10 -10 -100    0 -1000 -1000 -10
117 3 pedestrian 0 0 -10 662.72 180.68 715.63 226.71 -10 -10 -10 -100    0 -1000 -1000 -10
117 22 pedestrian 0 0 -10 399.43 169.25 463.31 216.95 -10 -10 -10 -100    0 -1000 -1000 -10
118 24 pedestrian 0 0 -10 516.92 180.55 551.11 210.41 -10 -10 -10 -100    0 -1000 -1000 -10
118 21 pedestrian 0 0 -10 370.92 179.29 478.25 262.93 -10 -10 -10 -100    0 -1000 -1000 -10
118 12 pedestrian 0 0 -10 496.62 162.86 629.81 196.60 -10 -10 -10 -100    0 -1000 -1000 -10
118 23 pedestrian 0 0 -10 332.33 168.63 404.13 231.08 -10 -10 -10 -100    0 -1000 -1000 -10
118 26 pedestrian 0 0 -10 462.75 171.78 498.64 205.41 -10 -10 -10 -100    0 -1000 -1000 -10
118 9 pedestrian 0 0 -10 0.00 206.12 230.58 376.00 -10 -10 -10 -100    0 -1000 -1000 -10
118 8 pedestrian 0 0 -10 474.78 180.85 528.04 221.83 -10 -10 -10 -100    0 -1000 -1000 -10
118 7 pedestrian 0 0 -10 625.53 176.79 649.06 199.47 -10 -10 -10 -100    0 -1000 -1000 -10
118 6 pedestrian 0 0 -10 590.87 175.41 624.25 211.38 -10 -10 -10 -100    0 -1000 -1000 -10
118 18 pedestrian 0 0 -10 191.21 184.36 330.31 261.14 -10 -10 -10 -100    0 -1000 -1000 -10
118 3 pedestrian 0 0 -10 662.08 180.81 713.91 226.19 -10 -10 -10 -100    0 -1000 -1000 -10
118 25 pedestrian 0 0 -10 452.98 179.25 493.96 207.95 -10 -10 -10 -100    0 -1000 -1000 -10
118 22 pedestrian 0 0 -10 397.52 169.06 461.99 217.40 -10 -10 -10 -100    0 -1000 -1000 -10
119 24 pedestrian 0 0 -10 516.55 180.30 551.31 210.38 -10 -10 -10 -100    0 -1000 -1000 -10
119 21 pedestrian 0 0 -10 368.30 179.13 477.09 264.28 -10 -10 -10 -100    0 -1000 -1000 -10
119 12 pedestrian 0 0 -10 496.42 162.77 629.86 196.37 -10 -10 -10 -100    0 -1000 -1000 -10
119 23 pedestrian 0 0 -10 329.36 168.44 402.51 231.60 -10 -10 -10 -100    0 -1000 -1000 -10
119 26 pedestrian 0 0 -10 462.35 171.65 497.90 205.24 -10 -10 -10 -100    0 -1000 -1000 -10
119 9 pedestrian 0 0 -10 0.00 206.51 209.54 376.00 -10 -10 -10 -100    0 -1000 -1000 -10
119 8 pedestrian 0 0 -10 474.33 180.60 527.90 222.09 -10 -10 -10 -100    0 -1000 -1000 -10
119 7 pedestrian 0 0 -10 625.76 176.60 649.05 198.87 -10 -10 -10 -100    0 -1000 -1000 -10
119 6 pedestrian 0 0 -10 591.30 175.14 625.49 211.49 -10 -10 -10 -100    0 -1000 -1000 -10
119 18 pedestrian 0 0 -10 185.17 184.26 326.92 262.10 -10 -10 -10 -100    0 -1000 -1000 -10
119 3 pedestrian 0 0 -10 661.19 180.57 712.08 224.95 -10 -10 -10 -100    0 -1000 -1000 -10
119 25 pedestrian 0 0 -10 451.41 179.70 492.66 208.65 -10 -10 -10 -100    0 -1000 -1000 -10
119 22 pedestrian 0 0 -10 395.75 169.47 460.65 217.77 -10 -10 -10 -100    0 -1000 -1000 -10
120 24 pedestrian 0 0 -10 517.08 180.73 551.59 210.49 -10 -10 -10 -100    0 -1000 -1000 -10
120 21 pedestrian 0 0 -10 365.36 179.38 476.04 265.79 -10 -10 -10 -100    0 -1000 -1000 -10
120 12 pedestrian 0 0 -10 495.86 163.21 630.48 196.95 -10 -10 -10 -100    0 -1000 -1000 -10
120 23 pedestrian 0 0 -10 326.10 168.28 401.18 232.63 -10 -10 -10 -100    0 -1000 -1000 -10
120 26 pedestrian 0 0 -10 462.15 171.73 497.57 205.23 -10 -10 -10 -100    0 -1000 -1000 -10
120 9 pedestrian 0 0 -10 0.00 207.91 187.91 376.00 -10 -10 -10 -100    0 -1000 -1000 -10
120 8 pedestrian 0 0 -10 474.08 180.67 528.19 222.51 -10 -10 -10 -100    0 -1000 -1000 -10
120 7 pedestrian 0 0 -10 626.18 176.64 649.07 198.56 -10 -10 -10 -100    0 -1000 -1000 -10
120 6 pedestrian 0 0 -10 591.77 175.12 626.11 211.75 -10 -10 -10 -100    0 -1000 -1000 -10
120 18 pedestrian 0 0 -10 179.63 184.20 324.13 263.33 -10 -10 -10 -100    0 -1000 -1000 -10
120 3 pedestrian 0 0 -10 660.93 180.50 710.69 223.97 -10 -10 -10 -100    0 -1000 -1000 -10
120 25 pedestrian 0 0 -10 450.47 178.94 492.21 208.33 -10 -10 -10 -100    0 -1000 -1000 -10
120 22 pedestrian 0 0 -10 393.80 169.39 459.70 218.36 -10 -10 -10 -100    0 -1000 -1000 -10
121 24 pedestrian 0 0 -10 516.69 180.58 551.58 210.61 -10 -10 -10 -100    0 -1000 -1000 -10
121 21 pedestrian 0 0 -10 361.22 178.64 474.72 267.26 -10 -10 -10 -100    0 -1000 -1000 -10
121 12 pedestrian 0 0 -10 495.19 162.93 629.61 196.94 -10 -10 -10 -100    0 -1000 -1000 -10
121 23 pedestrian 0 0 -10 323.12 167.84 399.00 233.45 -10 -10 -10 -100    0 -1000 -1000 -10
121 26 pedestrian 0 0 -10 461.86 171.70 497.42 204.93 -10 -10 -10 -100    0 -1000 -1000 -10
121 9 pedestrian 0 0 -10 0.00 210.44 165.31 376.00 -10 -10 -10 -100    0 -1000 -1000 -10
121 8 pedestrian 0 0 -10 473.58 180.31 528.24 222.73 -10 -10 -10 -100    0 -1000 -1000 -10
121 7 pedestrian 0 0 -10 625.68 176.35 649.02 198.14 -10 -10 -10 -100    0 -1000 -1000 -10
121 6 pedestrian 0 0 -10 592.18 175.18 626.25 211.79 -10 -10 -10 -100    0 -1000 -1000 -10
121 18 pedestrian 0 0 -10 172.69 184.33 320.90 264.63 -10 -10 -10 -100    0 -1000 -1000 -10
121 3 pedestrian 0 0 -10 660.37 180.39 709.53 222.99 -10 -10 -10 -100    0 -1000 -1000 -10
121 25 pedestrian 0 0 -10 450.76 180.17 491.43 208.44 -10 -10 -10 -100    0 -1000 -1000 -10
121 22 pedestrian 0 0 -10 391.77 169.25 459.22 219.18 -10 -10 -10 -100    0 -1000 -1000 -10
122 24 pedestrian 0 0 -10 516.29 181.13 551.51 211.08 -10 -10 -10 -100    0 -1000 -1000 -10
122 21 pedestrian 0 0 -10 358.19 179.29 474.04 269.05 -10 -10 -10 -100    0 -1000 -1000 -10
122 12 pedestrian 0 0 -10 494.65 162.83 629.78 196.91 -10 -10 -10 -100    0 -1000 -1000 -10
122 23 pedestrian 0 0 -10 320.19 167.91 397.66 233.82 -10 -10 -10 -100    0 -1000 -1000 -10
122 26 pedestrian 0 0 -10 462.60 171.94 497.35 204.46 -10 -10 -10 -100    0 -1000 -1000 -10
122 9 pedestrian 0 0 -10 0.00 211.80 139.94 376.00 -10 -10 -10 -100    0 -1000 -1000 -10
122 8 pedestrian 0 0 -10 472.69 180.41 527.94 223.05 -10 -10 -10 -100    0 -1000 -1000 -10
122 7 pedestrian 0 0 -10 625.49 176.24 649.09 198.13 -10 -10 -10 -100    0 -1000 -1000 -10
122 6 pedestrian 0 0 -10 593.09 175.12 626.84 211.73 -10 -10 -10 -100    0 -1000 -1000 -10
122 18 pedestrian 0 0 -10 166.61 184.38 318.09 265.56 -10 -10 -10 -100    0 -1000 -1000 -10
122 3 pedestrian 0 0 -10 660.03 180.12 708.71 221.98 -10 -10 -10 -100    0 -1000 -1000 -10
122 25 pedestrian 0 0 -10 448.90 180.02 489.70 208.73 -10 -10 -10 -100    0 -1000 -1000 -10
122 22 pedestrian 0 0 -10 390.19 168.90 458.56 219.92 -10 -10 -10 -100    0 -1000 -1000 -10
123 24 pedestrian 0 0 -10 516.08 180.72 551.53 211.01 -10 -10 -10 -100    0 -1000 -1000 -10
123 21 pedestrian 0 0 -10 354.24 179.25 472.82 270.47 -10 -10 -10 -100    0 -1000 -1000 -10
123 12 pedestrian 0 0 -10 494.02 162.91 629.88 196.57 -10 -10 -10 -100    0 -1000 -1000 -10
123 23 pedestrian 0 0 -10 317.34 167.78 395.56 234.22 -10 -10 -10 -100    0 -1000 -1000 -10
123 26 pedestrian 0 0 -10 463.10 171.63 497.08 204.36 -10 -10 -10 -100    0 -1000 -1000 -10
123 9 pedestrian 0 0 -10 0.00 215.23 109.21 376.00 -10 -10 -10 -100    0 -1000 -1000 -10
123 8 pedestrian 0 0 -10 472.64 180.28 527.51 223.14 -10 -10 -10 -100    0 -1000 -1000 -10
123 7 pedestrian 0 0 -10 625.32 176.02 648.89 197.80 -10 -10 -10 -100    0 -1000 -1000 -10
123 6 pedestrian 0 0 -10 593.21 174.94 627.55 211.74 -10 -10 -10 -100    0 -1000 -1000 -10
123 18 pedestrian 0 0 -10 160.48 184.19 315.18 266.58 -10 -10 -10 -100    0 -1000 -1000 -10
123 3 pedestrian 0 0 -10 659.58 179.95 707.15 221.19 -10 -10 -10 -100    0 -1000 -1000 -10
123 25 pedestrian 0 0 -10 447.19 179.77 488.95 209.00 -10 -10 -10 -100    0 -1000 -1000 -10
123 22 pedestrian 0 0 -10 388.03 167.92 457.38 220.14 -10 -10 -10 -100    0 -1000 -1000 -10
124 24 pedestrian 0 0 -10 515.69 179.39 551.66 210.71 -10 -10 -10 -100    0 -1000 -1000 -10
124 21 pedestrian 0 0 -10 351.04 178.91 471.18 271.71 -10 -10 -10 -100    0 -1000 -1000 -10
124 12 pedestrian 0 0 -10 493.58 162.76 629.03 196.20 -10 -10 -10 -100    0 -1000 -1000 -10
124 23 pedestrian 0 0 -10 314.46 167.06 394.23 234.69 -10 -10 -10 -100    0 -1000 -1000 -10
124 26 pedestrian 0 0 -10 463.41 171.63 496.22 203.09 -10 -10 -10 -100    0 -1000 -1000 -10
124 9 pedestrian 0 0 -10 0.06 218.38 75.51 376.00 -10 -10 -10 -100    0 -1000 -1000 -10
124 8 pedestrian 0 0 -10 472.11 180.10 527.33 223.04 -10 -10 -10 -100    0 -1000 -1000 -10
124 7 pedestrian 0 0 -10 624.47 175.19 648.94 197.25 -10 -10 -10 -100    0 -1000 -1000 -10
124 6 pedestrian 0 0 -10 593.52 174.41 628.15 211.33 -10 -10 -10 -100    0 -1000 -1000 -10
124 18 pedestrian 0 0 -10 153.74 183.55 311.58 267.55 -10 -10 -10 -100    0 -1000 -1000 -10
124 3 pedestrian 0 0 -10 658.85 179.30 705.60 220.15 -10 -10 -10 -100    0 -1000 -1000 -10
124 25 pedestrian 0 0 -10 445.59 178.75 488.10 208.83 -10 -10 -10 -100    0 -1000 -1000 -10
124 22 pedestrian 0 0 -10 385.75 167.21 456.42 219.72 -10 -10 -10 -100    0 -1000 -1000 -10
125 24 pedestrian 0 0 -10 515.10 179.66 551.62 211.05 -10 -10 -10 -100    0 -1000 -1000 -10
125 21 pedestrian 0 0 -10 347.26 179.34 469.85 273.30 -10 -10 -10 -100    0 -1000 -1000 -10
125 12 pedestrian 0 0 -10 493.65 162.62 628.84 196.36 -10 -10 -10 -100    0 -1000 -1000 -10
125 23 pedestrian 0 0 -10 311.72 167.14 393.13 235.22 -10 -10 -10 -100    0 -1000 -1000 -10
125 26 pedestrian 0 0 -10 463.26 171.56 496.69 203.26 -10 -10 -10 -100    0 -1000 -1000 -10
125 8 pedestrian 0 0 -10 471.58 180.14 527.03 223.36 -10 -10 -10 -100    0 -1000 -1000 -10
125 7 pedestrian 0 0 -10 624.54 175.10 648.38 197.21 -10 -10 -10 -100    0 -1000 -1000 -10
125 6 pedestrian 0 0 -10 593.72 174.62 628.66 211.70 -10 -10 -10 -100    0 -1000 -1000 -10
125 18 pedestrian 0 0 -10 146.66 183.36 308.81 269.11 -10 -10 -10 -100    0 -1000 -1000 -10
125 3 pedestrian 0 0 -10 658.34 179.11 704.14 219.19 -10 -10 -10 -100    0 -1000 -1000 -10
125 25 pedestrian 0 0 -10 445.84 178.55 487.56 208.74 -10 -10 -10 -100    0 -1000 -1000 -10
125 22 pedestrian 0 0 -10 384.35 167.32 454.99 219.84 -10 -10 -10 -100    0 -1000 -1000 -10
126 24 pedestrian 0 0 -10 514.63 180.04 551.74 211.39 -10 -10 -10 -100    0 -1000 -1000 -10
126 21 pedestrian 0 0 -10 343.45 179.70 467.92 275.15 -10 -10 -10 -100    0 -1000 -1000 -10
126 12 pedestrian 0 0 -10 494.64 162.53 629.54 196.38 -10 -10 -10 -100    0 -1000 -1000 -10
126 23 pedestrian 0 0 -10 308.00 167.49 389.75 236.01 -10 -10 -10 -100    0 -1000 -1000 -10
126 26 pedestrian 0 0 -10 461.77 171.95 497.68 204.62 -10 -10 -10 -100    0 -1000 -1000 -10
126 8 pedestrian 0 0 -10 470.25 180.29 526.57 224.01 -10 -10 -10 -100    0 -1000 -1000 -10
126 7 pedestrian 0 0 -10 624.71 176.05 647.46 197.48 -10 -10 -10 -100    0 -1000 -1000 -10
126 6 pedestrian 0 0 -10 593.96 174.91 629.10 212.36 -10 -10 -10 -100    0 -1000 -1000 -10
126 18 pedestrian 0 0 -10 139.13 183.82 304.40 270.86 -10 -10 -10 -100    0 -1000 -1000 -10
126 3 pedestrian 0 0 -10 657.70 179.46 702.83 219.10 -10 -10 -10 -100    0 -1000 -1000 -10
126 25 pedestrian 0 0 -10 444.01 179.61 487.84 210.33 -10 -10 -10 -100    0 -1000 -1000 -10
126 22 pedestrian 0 0 -10 382.22 167.28 453.49 221.33 -10 -10 -10 -100    0 -1000 -1000 -10
127 24 pedestrian 0 0 -10 514.33 179.93 551.41 211.30 -10 -10 -10 -100    0 -1000 -1000 -10
127 21 pedestrian 0 0 -10 338.21 179.39 466.71 276.09 -10 -10 -10 -100    0 -1000 -1000 -10
127 12 pedestrian 0 0 -10 495.21 162.53 629.67 196.19 -10 -10 -10 -100    0 -1000 -1000 -10
127 23 pedestrian 0 0 -10 305.14 167.39 387.74 237.08 -10 -10 -10 -100    0 -1000 -1000 -10
127 26 pedestrian 0 0 -10 460.38 169.64 497.25 205.45 -10 -10 -10 -100    0 -1000 -1000 -10
127 8 pedestrian 0 0 -10 469.56 180.35 525.80 224.35 -10 -10 -10 -100    0 -1000 -1000 -10
127 7 pedestrian 0 0 -10 624.17 176.01 646.16 197.23 -10 -10 -10 -100    0 -1000 -1000 -10
127 6 pedestrian 0 0 -10 593.71 175.01 629.10 212.64 -10 -10 -10 -100    0 -1000 -1000 -10
127 18 pedestrian 0 0 -10 131.23 184.24 300.33 272.43 -10 -10 -10 -100    0 -1000 -1000 -10
127 3 pedestrian 0 0 -10 656.98 179.47 701.22 217.85 -10 -10 -10 -100    0 -1000 -1000 -10
127 25 pedestrian 0 0 -10 442.29 179.75 487.74 211.21 -10 -10 -10 -100    0 -1000 -1000 -10
127 22 pedestrian 0 0 -10 379.91 167.71 452.75 221.42 -10 -10 -10 -100    0 -1000 -1000 -10
128 24 pedestrian 0 0 -10 513.84 179.13 551.02 211.30 -10 -10 -10 -100    0 -1000 -1000 -10
128 21 pedestrian 0 0 -10 334.15 179.04 465.16 277.34 -10 -10 -10 -100    0 -1000 -1000 -10
128 12 pedestrian 0 0 -10 494.22 162.61 629.99 196.16 -10 -10 -10 -100    0 -1000 -1000 -10
128 23 pedestrian 0 0 -10 301.12 167.24 386.07 237.40 -10 -10 -10 -100    0 -1000 -1000 -10
128 26 pedestrian 0 0 -10 459.60 172.21 496.80 205.06 -10 -10 -10 -100    0 -1000 -1000 -10
128 8 pedestrian 0 0 -10 468.63 180.41 524.96 224.53 -10 -10 -10 -100    0 -1000 -1000 -10
128 7 pedestrian 0 0 -10 624.08 175.58 645.51 196.61 -10 -10 -10 -100    0 -1000 -1000 -10
128 6 pedestrian 0 0 -10 593.78 174.74 629.30 212.43 -10 -10 -10 -100    0 -1000 -1000 -10
128 18 pedestrian 0 0 -10 124.37 183.88 296.83 273.34 -10 -10 -10 -100    0 -1000 -1000 -10
128 3 pedestrian 0 0 -10 655.93 179.04 699.43 216.76 -10 -10 -10 -100    0 -1000 -1000 -10
128 25 pedestrian 0 0 -10 441.26 179.12 487.04 211.03 -10 -10 -10 -100    0 -1000 -1000 -10
128 22 pedestrian 0 0 -10 377.18 167.35 451.11 221.89 -10 -10 -10 -100    0 -1000 -1000 -10
129 24 pedestrian 0 0 -10 513.41 179.16 550.76 211.62 -10 -10 -10 -100    0 -1000 -1000 -10
129 21 pedestrian 0 0 -10 329.46 179.12 463.35 279.03 -10 -10 -10 -100    0 -1000 -1000 -10
129 12 pedestrian 0 0 -10 494.45 162.69 629.98 196.23 -10 -10 -10 -100    0 -1000 -1000 -10
129 23 pedestrian 0 0 -10 298.65 167.07 385.00 237.88 -10 -10 -10 -100    0 -1000 -1000 -10
129 26 pedestrian 0 0 -10 458.95 172.74 496.04 205.65 -10 -10 -10 -100    0 -1000 -1000 -10
129 8 pedestrian 0 0 -10 467.21 180.70 524.66 225.31 -10 -10 -10 -100    0 -1000 -1000 -10
129 7 pedestrian 0 0 -10 623.36 175.58 644.42 197.32 -10 -10 -10 -100    0 -1000 -1000 -10
129 6 pedestrian 0 0 -10 593.85 174.82 630.08 212.99 -10 -10 -10 -100    0 -1000 -1000 -10
129 18 pedestrian 0 0 -10 117.21 184.10 293.23 274.98 -10 -10 -10 -100    0 -1000 -1000 -10
129 3 pedestrian 0 0 -10 655.79 179.15 697.33 215.66 -10 -10 -10 -100    0 -1000 -1000 -10
129 25 pedestrian 0 0 -10 439.99 178.76 485.80 211.03 -10 -10 -10 -100    0 -1000 -1000 -10
129 22 pedestrian 0 0 -10 375.63 167.43 450.39 222.20 -10 -10 -10 -100    0 -1000 -1000 -10
130 24 pedestrian 0 0 -10 512.97 180.02 549.98 211.69 -10 -10 -10 -100    0 -1000 -1000 -10
130 21 pedestrian 0 0 -10 325.26 179.22 461.14 280.82 -10 -10 -10 -100    0 -1000 -1000 -10
130 12 pedestrian 0 0 -10 495.18 162.78 630.36 196.20 -10 -10 -10 -100    0 -1000 -1000 -10
130 23 pedestrian 0 0 -10 295.30 167.02 382.57 237.70 -10 -10 -10 -100    0 -1000 -1000 -10
130 26 pedestrian 0 0 -10 458.55 171.09 494.96 207.36 -10 -10 -10 -100    0 -1000 -1000 -10
130 8 pedestrian 0 0 -10 465.87 180.90 524.37 226.20 -10 -10 -10 -100    0 -1000 -1000 -10
130 7 pedestrian 0 0 -10 622.95 175.90 644.22 197.47 -10 -10 -10 -100    0 -1000 -1000 -10
130 6 pedestrian 0 0 -10 593.69 175.05 630.08 213.40 -10 -10 -10 -100    0 -1000 -1000 -10
130 18 pedestrian 0 0 -10 109.58 184.13 289.60 276.64 -10 -10 -10 -100    0 -1000 -1000 -10
130 3 pedestrian 0 0 -10 654.89 179.27 695.69 215.20 -10 -10 -10 -100    0 -1000 -1000 -10
130 25 pedestrian 0 0 -10 437.92 179.00 484.55 211.64 -10 -10 -10 -100    0 -1000 -1000 -10
130 22 pedestrian 0 0 -10 373.00 167.48 448.92 222.93 -10 -10 -10 -100    0 -1000 -1000 -10
131 24 pedestrian 0 0 -10 513.43 180.56 549.39 211.94 -10 -10 -10 -100    0 -1000 -1000 -10
131 21 pedestrian 0 0 -10 320.62 179.30 459.49 283.24 -10 -10 -10 -100    0 -1000 -1000 -10
131 12 pedestrian 0 0 -10 494.11 163.06 631.21 196.76 -10 -10 -10 -100    0 -1000 -1000 -10
131 23 pedestrian 0 0 -10 291.51 167.07 380.26 239.07 -10 -10 -10 -100    0 -1000 -1000 -10
131 26 pedestrian 0 0 -10 457.97 170.78 494.51 207.18 -10 -10 -10 -100    0 -1000 -1000 -10
131 8 pedestrian 0 0 -10 464.93 181.27 523.60 226.82 -10 -10 -10 -100    0 -1000 -1000 -10
131 7 pedestrian 0 0 -10 623.08 176.49 643.90 197.12 -10 -10 -10 -100    0 -1000 -1000 -10
131 6 pedestrian 0 0 -10 593.93 175.63 629.87 213.74 -10 -10 -10 -100    0 -1000 -1000 -10
131 28 pedestrian 0 0 -10 541.41 179.59 562.27 198.54 -10 -10 -10 -100    0 -1000 -1000 -10
131 18 pedestrian 0 0 -10 100.86 184.60 285.36 278.69 -10 -10 -10 -100    0 -1000 -1000 -10
131 3 pedestrian 0 0 -10 653.73 179.35 693.88 214.77 -10 -10 -10 -100    0 -1000 -1000 -10
131 25 pedestrian 0 0 -10 436.13 179.21 482.97 212.03 -10 -10 -10 -100    0 -1000 -1000 -10
131 22 pedestrian 0 0 -10 370.14 167.60 447.60 223.85 -10 -10 -10 -100    0 -1000 -1000 -10
132 24 pedestrian 0 0 -10 512.61 180.23 548.45 211.87 -10 -10 -10 -100    0 -1000 -1000 -10
132 21 pedestrian 0 0 -10 316.28 179.52 457.11 284.92 -10 -10 -10 -100    0 -1000 -1000 -10
132 12 pedestrian 0 0 -10 494.03 163.25 630.66 196.62 -10 -10 -10 -100    0 -1000 -1000 -10
132 23 pedestrian 0 0 -10 287.97 166.75 377.78 239.60 -10 -10 -10 -100    0 -1000 -1000 -10
132 26 pedestrian 0 0 -10 457.18 170.42 494.16 207.16 -10 -10 -10 -100    0 -1000 -1000 -10
132 8 pedestrian 0 0 -10 462.94 181.24 523.09 227.23 -10 -10 -10 -100    0 -1000 -1000 -10
132 7 pedestrian 0 0 -10 622.47 176.30 643.61 196.79 -10 -10 -10 -100    0 -1000 -1000 -10
132 6 pedestrian 0 0 -10 593.83 175.63 629.76 213.80 -10 -10 -10 -100    0 -1000 -1000 -10
132 28 pedestrian 0 0 -10 540.84 179.50 561.43 198.36 -10 -10 -10 -100    0 -1000 -1000 -10
132 18 pedestrian 0 0 -10 93.09 184.70 281.23 280.35 -10 -10 -10 -100    0 -1000 -1000 -10
132 3 pedestrian 0 0 -10 652.73 179.20 692.69 214.06 -10 -10 -10 -100    0 -1000 -1000 -10
132 25 pedestrian 0 0 -10 434.84 178.96 482.54 212.23 -10 -10 -10 -100    0 -1000 -1000 -10
132 22 pedestrian 0 0 -10 367.87 167.48 446.32 224.63 -10 -10 -10 -100    0 -1000 -1000 -10
133 24 pedestrian 0 0 -10 511.75 180.11 547.92 211.98 -10 -10 -10 -100    0 -1000 -1000 -10
133 21 pedestrian 0 0 -10 312.14 179.63 454.99 286.51 -10 -10 -10 -100    0 -1000 -1000 -10
133 12 pedestrian 0 0 -10 494.27 163.16 630.74 196.38 -10 -10 -10 -100    0 -1000 -1000 -10
133 23 pedestrian 0 0 -10 285.00 166.57 375.79 240.29 -10 -10 -10 -100    0 -1000 -1000 -10
133 26 pedestrian 0 0 -10 456.76 170.14 493.87 206.62 -10 -10 -10 -100    0 -1000 -1000 -10
133 8 pedestrian 0 0 -10 462.07 181.02 522.23 227.71 -10 -10 -10 -100    0 -1000 -1000 -10
133 7 pedestrian 0 0 -10 622.52 176.22 643.17 195.81 -10 -10 -10 -100    0 -1000 -1000 -10
133 6 pedestrian 0 0 -10 593.71 175.59 629.78 213.76 -10 -10 -10 -100    0 -1000 -1000 -10
133 28 pedestrian 0 0 -10 540.82 179.43 560.97 197.94 -10 -10 -10 -100    0 -1000 -1000 -10
133 18 pedestrian 0 0 -10 85.42 184.63 276.79 282.06 -10 -10 -10 -100    0 -1000 -1000 -10
133 3 pedestrian 0 0 -10 652.10 178.79 691.20 213.08 -10 -10 -10 -100    0 -1000 -1000 -10
133 25 pedestrian 0 0 -10 433.03 178.97 481.30 212.37 -10 -10 -10 -100    0 -1000 -1000 -10
133 22 pedestrian 0 0 -10 364.96 167.33 443.92 225.15 -10 -10 -10 -100    0 -1000 -1000 -10
134 24 pedestrian 0 0 -10 510.06 179.78 547.83 212.54 -10 -10 -10 -100    0 -1000 -1000 -10
134 21 pedestrian 0 0 -10 307.59 179.78 453.30 287.83 -10 -10 -10 -100    0 -1000 -1000 -10
134 12 pedestrian 0 0 -10 493.89 162.94 630.32 196.30 -10 -10 -10 -100    0 -1000 -1000 -10
134 23 pedestrian 0 0 -10 282.29 166.40 374.59 240.97 -10 -10 -10 -100    0 -1000 -1000 -10
134 26 pedestrian 0 0 -10 455.12 169.91 494.76 206.29 -10 -10 -10 -100    0 -1000 -1000 -10
134 8 pedestrian 0 0 -10 461.21 180.97 521.75 228.13 -10 -10 -10 -100    0 -1000 -1000 -10
134 7 pedestrian 0 0 -10 622.36 176.05 642.89 195.86 -10 -10 -10 -100    0 -1000 -1000 -10
134 6 pedestrian 0 0 -10 593.78 175.46 630.03 214.20 -10 -10 -10 -100    0 -1000 -1000 -10
134 28 pedestrian 0 0 -10 540.65 179.33 560.73 197.80 -10 -10 -10 -100    0 -1000 -1000 -10
134 18 pedestrian 0 0 -10 77.20 184.64 272.66 283.89 -10 -10 -10 -100    0 -1000 -1000 -10
134 3 pedestrian 0 0 -10 651.41 178.45 689.64 213.03 -10 -10 -10 -100    0 -1000 -1000 -10
134 25 pedestrian 0 0 -10 431.77 179.05 481.22 212.90 -10 -10 -10 -100    0 -1000 -1000 -10
134 22 pedestrian 0 0 -10 362.16 167.07 442.33 225.49 -10 -10 -10 -100    0 -1000 -1000 -10
135 24 pedestrian 0 0 -10 508.60 179.30 547.39 212.91 -10 -10 -10 -100    0 -1000 -1000 -10
135 21 pedestrian 0 0 -10 302.90 179.35 452.12 289.72 -10 -10 -10 -100    0 -1000 -1000 -10
135 12 pedestrian 0 0 -10 493.40 162.48 631.21 196.20 -10 -10 -10 -100    0 -1000 -1000 -10
135 23 pedestrian 0 0 -10 278.76 165.86 373.53 241.23 -10 -10 -10 -100    0 -1000 -1000 -10
135 26 pedestrian 0 0 -10 453.61 169.64 494.05 206.35 -10 -10 -10 -100    0 -1000 -1000 -10
135 8 pedestrian 0 0 -10 460.32 180.98 521.51 228.43 -10 -10 -10 -100    0 -1000 -1000 -10
135 7 pedestrian 0 0 -10 622.96 175.85 642.77 195.83 -10 -10 -10 -100    0 -1000 -1000 -10
135 6 pedestrian 0 0 -10 593.90 175.24 630.42 214.37 -10 -10 -10 -100    0 -1000 -1000 -10
135 28 pedestrian 0 0 -10 540.31 179.07 560.39 197.60 -10 -10 -10 -100    0 -1000 -1000 -10
135 18 pedestrian 0 0 -10 68.71 184.35 268.56 285.33 -10 -10 -10 -100    0 -1000 -1000 -10
135 3 pedestrian 0 0 -10 650.88 178.04 688.29 212.77 -10 -10 -10 -100    0 -1000 -1000 -10
135 25 pedestrian 0 0 -10 431.21 178.06 481.21 212.74 -10 -10 -10 -100    0 -1000 -1000 -10
135 22 pedestrian 0 0 -10 360.13 166.84 441.55 225.82 -10 -10 -10 -100    0 -1000 -1000 -10
136 24 pedestrian 0 0 -10 507.57 179.13 547.04 213.19 -10 -10 -10 -100    0 -1000 -1000 -10
136 21 pedestrian 0 0 -10 298.94 179.43 450.80 291.35 -10 -10 -10 -100    0 -1000 -1000 -10
136 12 pedestrian 0 0 -10 493.56 162.42 631.25 196.13 -10 -10 -10 -100    0 -1000 -1000 -10
136 23 pedestrian 0 0 -10 275.55 165.41 371.39 241.96 -10 -10 -10 -100    0 -1000 -1000 -10
136 26 pedestrian 0 0 -10 452.46 169.64 493.26 206.18 -10 -10 -10 -100    0 -1000 -1000 -10
136 8 pedestrian 0 0 -10 458.77 181.13 520.87 228.84 -10 -10 -10 -100    0 -1000 -1000 -10
136 7 pedestrian 0 0 -10 622.91 175.88 642.32 196.23 -10 -10 -10 -100    0 -1000 -1000 -10
136 6 pedestrian 0 0 -10 593.93 175.25 630.69 214.57 -10 -10 -10 -100    0 -1000 -1000 -10
136 28 pedestrian 0 0 -10 540.02 178.81 559.93 197.65 -10 -10 -10 -100    0 -1000 -1000 -10
136 18 pedestrian 0 0 -10 60.59 184.45 265.31 286.83 -10 -10 -10 -100    0 -1000 -1000 -10
136 3 pedestrian 0 0 -10 649.76 178.02 687.04 212.51 -10 -10 -10 -100    0 -1000 -1000 -10
136 25 pedestrian 0 0 -10 430.11 178.15 480.31 212.70 -10 -10 -10 -100    0 -1000 -1000 -10
136 22 pedestrian 0 0 -10 358.49 166.68 440.62 225.23 -10 -10 -10 -100    0 -1000 -1000 -10
137 24 pedestrian 0 0 -10 507.80 179.82 546.82 213.36 -10 -10 -10 -100    0 -1000 -1000 -10
137 21 pedestrian 0 0 -10 294.78 180.14 449.14 293.40 -10 -10 -10 -100    0 -1000 -1000 -10
137 12 pedestrian 0 0 -10 493.35 162.93 630.60 196.74 -10 -10 -10 -100    0 -1000 -1000 -10
137 23 pedestrian 0 0 -10 272.49 165.84 369.20 242.08 -10 -10 -10 -100    0 -1000 -1000 -10
137 26 pedestrian 0 0 -10 451.54 170.64 492.25 206.62 -10 -10 -10 -100    0 -1000 -1000 -10
137 8 pedestrian 0 0 -10 457.77 181.15 520.60 229.55 -10 -10 -10 -100    0 -1000 -1000 -10
137 6 pedestrian 0 0 -10 594.51 175.49 630.73 215.05 -10 -10 -10 -100    0 -1000 -1000 -10
137 28 pedestrian 0 0 -10 539.09 179.23 559.87 198.11 -10 -10 -10 -100    0 -1000 -1000 -10
137 18 pedestrian 0 0 -10 52.88 185.06 261.34 289.19 -10 -10 -10 -100    0 -1000 -1000 -10
137 3 pedestrian 0 0 -10 649.25 178.08 685.89 212.40 -10 -10 -10 -100    0 -1000 -1000 -10
137 25 pedestrian 0 0 -10 428.88 179.17 479.46 213.45 -10 -10 -10 -100    0 -1000 -1000 -10
137 22 pedestrian 0 0 -10 355.73 166.93 439.92 226.32 -10 -10 -10 -100    0 -1000 -1000 -10
138 24 pedestrian 0 0 -10 506.52 180.24 546.56 214.18 -10 -10 -10 -100    0 -1000 -1000 -10
138 21 pedestrian 0 0 -10 290.91 180.30 447.81 295.81 -10 -10 -10 -100    0 -1000 -1000 -10
138 12 pedestrian 0 0 -10 493.34 163.22 630.95 196.86 -10 -10 -10 -100    0 -1000 -1000 -10
138 23 pedestrian 0 0 -10 269.46 165.81 367.19 242.68 -10 -10 -10 -100    0 -1000 -1000 -10
138 26 pedestrian 0 0 -10 451.04 170.79 492.60 207.64 -10 -10 -10 -100    0 -1000 -1000 -10
138 8 pedestrian 0 0 -10 457.25 181.51 520.57 230.45 -10 -10 -10 -100    0 -1000 -1000 -10
138 6 pedestrian 0 0 -10 594.84 176.19 631.17 215.66 -10 -10 -10 -100    0 -1000 -1000 -10
138 28 pedestrian 0 0 -10 537.90 179.27 559.60 199.01 -10 -10 -10 -100    0 -1000 -1000 -10
138 18 pedestrian 0 0 -10 45.82 185.45 259.34 291.45 -10 -10 -10 -100    0 -1000 -1000 -10
138 3 pedestrian 0 0 -10 648.87 178.25 685.07 211.13 -10 -10 -10 -100    0 -1000 -1000 -10
138 25 pedestrian 0 0 -10 427.40 179.51 478.49 214.51 -10 -10 -10 -100    0 -1000 -1000 -10
138 22 pedestrian 0 0 -10 353.26 167.12 438.47 227.20 -10 -10 -10 -100    0 -1000 -1000 -10
139 24 pedestrian 0 0 -10 504.97 180.05 546.26 214.16 -10 -10 -10 -100    0 -1000 -1000 -10
139 21 pedestrian 0 0 -10 286.56 180.31 446.61 297.10 -10 -10 -10 -100    0 -1000 -1000 -10
139 12 pedestrian 0 0 -10 493.28 163.23 630.31 196.61 -10 -10 -10 -100    0 -1000 -1000 -10
139 23 pedestrian 0 0 -10 265.71 165.55 365.51 242.55 -10 -10 -10 -100    0 -1000 -1000 -10
139 26 pedestrian 0 0 -10 451.22 170.28 492.42 206.89 -10 -10 -10 -100    0 -1000 -1000 -10
139 8 pedestrian 0 0 -10 456.43 181.33 520.33 230.66 -10 -10 -10 -100    0 -1000 -1000 -10
139 6 pedestrian 0 0 -10 595.46 175.98 632.06 215.58 -10 -10 -10 -100    0 -1000 -1000 -10
139 28 pedestrian 0 0 -10 537.79 179.10 559.49 198.88 -10 -10 -10 -100    0 -1000 -1000 -10
139 18 pedestrian 0 0 -10 37.11 185.10 254.77 292.98 -10 -10 -10 -100    0 -1000 -1000 -10
139 3 pedestrian 0 0 -10 648.24 178.06 684.12 210.41 -10 -10 -10 -100    0 -1000 -1000 -10
139 25 pedestrian 0 0 -10 427.02 179.47 477.18 213.71 -10 -10 -10 -100    0 -1000 -1000 -10
139 22 pedestrian 0 0 -10 351.77 166.53 437.96 227.33 -10 -10 -10 -100    0 -1000 -1000 -10
140 24 pedestrian 0 0 -10 503.85 180.11 545.40 214.59 -10 -10 -10 -100    0 -1000 -1000 -10
140 21 pedestrian 0 0 -10 282.26 180.78 445.12 299.00 -10 -10 -10 -100    0 -1000 -1000 -10
140 12 pedestrian 0 0 -10 493.18 163.32 630.68 196.15 -10 -10 -10 -100    0 -1000 -1000 -10
140 23 pedestrian 0 0 -10 262.10 164.93 363.09 243.37 -10 -10 -10 -100    0 -1000 -1000 -10
140 26 pedestrian 0 0 -10 451.09 169.96 492.49 206.82 -10 -10 -10 -100    0 -1000 -1000 -10
140 8 pedestrian 0 0 -10 455.99 181.30 519.74 230.99 -10 -10 -10 -100    0 -1000 -1000 -10
140 6 pedestrian 0 0 -10 595.65 175.90 632.34 215.90 -10 -10 -10 -100    0 -1000 -1000 -10
140 28 pedestrian 0 0 -10 537.15 178.87 559.64 199.03 -10 -10 -10 -100    0 -1000 -1000 -10
140 18 pedestrian 0 0 -10 28.55 185.64 251.66 294.86 -10 -10 -10 -100    0 -1000 -1000 -10
140 3 pedestrian 0 0 -10 648.18 178.00 682.75 208.66 -10 -10 -10 -100    0 -1000 -1000 -10
140 25 pedestrian 0 0 -10 426.16 179.59 476.81 214.11 -10 -10 -10 -100    0 -1000 -1000 -10
140 22 pedestrian 0 0 -10 349.40 166.30 436.03 227.75 -10 -10 -10 -100    0 -1000 -1000 -10
141 24 pedestrian 0 0 -10 503.39 180.00 545.27 215.17 -10 -10 -10 -100    0 -1000 -1000 -10
141 21 pedestrian 0 0 -10 278.65 181.13 443.21 301.05 -10 -10 -10 -100    0 -1000 -1000 -10
141 29 pedestrian 0 0 -10 586.48 160.23 612.65 197.17 -10 -10 -10 -100    0 -1000 -1000 -10
141 12 pedestrian 0 0 -10 493.22 163.26 630.01 195.97 -10 -10 -10 -100    0 -1000 -1000 -10
141 23 pedestrian 0 0 -10 257.91 165.18 361.29 244.51 -10 -10 -10 -100    0 -1000 -1000 -10
141 26 pedestrian 0 0 -10 449.89 170.27 491.99 207.49 -10 -10 -10 -100    0 -1000 -1000 -10
141 8 pedestrian 0 0 -10 455.08 181.67 519.58 231.82 -10 -10 -10 -100    0 -1000 -1000 -10
141 6 pedestrian 0 0 -10 595.81 176.09 632.31 216.33 -10 -10 -10 -100    0 -1000 -1000 -10
141 28 pedestrian 0 0 -10 536.28 178.72 559.61 199.58 -10 -10 -10 -100    0 -1000 -1000 -10
141 18 pedestrian 0 0 -10 20.14 186.06 246.84 297.16 -10 -10 -10 -100    0 -1000 -1000 -10
141 3 pedestrian 0 0 -10 647.63 178.58 681.57 208.60 -10 -10 -10 -100    0 -1000 -1000 -10
141 25 pedestrian 0 0 -10 425.85 179.70 476.35 214.29 -10 -10 -10 -100    0 -1000 -1000 -10
141 22 pedestrian 0 0 -10 346.84 166.60 434.65 229.03 -10 -10 -10 -100    0 -1000 -1000 -10
142 24 pedestrian 0 0 -10 503.04 179.98 545.47 215.47 -10 -10 -10 -100    0 -1000 -1000 -10
142 21 pedestrian 0 0 -10 274.96 181.00 441.46 302.47 -10 -10 -10 -100    0 -1000 -1000 -10
142 29 pedestrian 0 0 -10 586.57 160.09 613.08 197.46 -10 -10 -10 -100    0 -1000 -1000 -10
142 12 pedestrian 0 0 -10 493.01 163.51 629.52 196.11 -10 -10 -10 -100    0 -1000 -1000 -10
142 23 pedestrian 0 0 -10 254.96 165.13 357.95 245.07 -10 -10 -10 -100    0 -1000 -1000 -10
142 26 pedestrian 0 0 -10 450.15 170.11 492.08 207.22 -10 -10 -10 -100    0 -1000 -1000 -10
142 8 pedestrian 0 0 -10 454.22 181.73 519.42 232.09 -10 -10 -10 -100    0 -1000 -1000 -10
142 6 pedestrian 0 0 -10 595.85 176.01 632.52 216.37 -10 -10 -10 -100    0 -1000 -1000 -10
142 28 pedestrian 0 0 -10 536.32 178.69 559.64 199.83 -10 -10 -10 -100    0 -1000 -1000 -10
142 18 pedestrian 0 0 -10 11.05 186.45 243.79 298.77 -10 -10 -10 -100    0 -1000 -1000 -10
142 3 pedestrian 0 0 -10 647.35 178.55 680.54 208.09 -10 -10 -10 -100    0 -1000 -1000 -10
142 25 pedestrian 0 0 -10 424.40 179.58 475.44 214.53 -10 -10 -10 -100    0 -1000 -1000 -10
142 22 pedestrian 0 0 -10 344.54 166.26 433.18 229.48 -10 -10 -10 -100    0 -1000 -1000 -10
143 24 pedestrian 0 0 -10 501.86 180.10 544.97 216.21 -10 -10 -10 -100    0 -1000 -1000 -10
143 21 pedestrian 0 0 -10 270.14 180.90 440.50 304.37 -10 -10 -10 -100    0 -1000 -1000 -10
143 29 pedestrian 0 0 -10 586.67 160.17 613.20 197.30 -10 -10 -10 -100    0 -1000 -1000 -10
143 12 pedestrian 0 0 -10 492.32 163.69 629.24 196.81 -10 -10 -10 -100    0 -1000 -1000 -10
143 23 pedestrian 0 0 -10 250.55 164.88 355.35 246.36 -10 -10 -10 -100    0 -1000 -1000 -10
143 26 pedestrian 0 0 -10 449.25 170.49 491.67 207.24 -10 -10 -10 -100    0 -1000 -1000 -10
143 8 pedestrian 0 0 -10 452.79 182.01 519.22 232.70 -10 -10 -10 -100    0 -1000 -1000 -10
143 6 pedestrian 0 0 -10 596.02 176.10 632.81 216.31 -10 -10 -10 -100    0 -1000 -1000 -10
143 28 pedestrian 0 0 -10 535.90 178.78 559.77 200.33 -10 -10 -10 -100    0 -1000 -1000 -10
143 18 pedestrian 0 0 -10 1.54 186.43 239.93 300.64 -10 -10 -10 -100    0 -1000 -1000 -10
143 3 pedestrian 0 0 -10 646.94 178.67 679.31 207.50 -10 -10 -10 -100    0 -1000 -1000 -10
143 25 pedestrian 0 0 -10 423.12 179.78 474.28 215.24 -10 -10 -10 -100    0 -1000 -1000 -10
143 22 pedestrian 0 0 -10 342.37 166.13 431.68 229.89 -10 -10 -10 -100    0 -1000 -1000 -10
144 24 pedestrian 0 0 -10 501.11 180.48 544.60 217.05 -10 -10 -10 -100    0 -1000 -1000 -10
144 21 pedestrian 0 0 -10 266.33 181.08 439.22 306.50 -10 -10 -10 -100    0 -1000 -1000 -10
144 29 pedestrian 0 0 -10 586.17 160.73 613.00 197.78 -10 -10 -10 -100    0 -1000 -1000 -10
144 12 pedestrian 0 0 -10 491.21 163.21 629.62 196.81 -10 -10 -10 -100    0 -1000 -1000 -10
144 23 pedestrian 0 0 -10 246.69 165.09 353.09 246.87 -10 -10 -10 -100    0 -1000 -1000 -10
144 26 pedestrian 0 0 -10 448.23 170.78 491.13 207.60 -10 -10 -10 -100    0 -1000 -1000 -10
144 8 pedestrian 0 0 -10 451.76 182.62 518.54 233.54 -10 -10 -10 -100    0 -1000 -1000 -10
144 6 pedestrian 0 0 -10 595.99 176.37 633.48 216.84 -10 -10 -10 -100    0 -1000 -1000 -10
144 28 pedestrian 0 0 -10 534.79 178.77 559.70 201.42 -10 -10 -10 -100    0 -1000 -1000 -10
144 18 pedestrian 0 0 -10 0.00 186.96 236.59 302.62 -10 -10 -10 -100    0 -1000 -1000 -10
144 3 pedestrian 0 0 -10 646.88 178.46 678.73 207.21 -10 -10 -10 -100    0 -1000 -1000 -10
144 25 pedestrian 0 0 -10 422.07 179.95 473.69 216.03 -10 -10 -10 -100    0 -1000 -1000 -10
144 22 pedestrian 0 0 -10 339.43 166.41 431.00 230.51 -10 -10 -10 -100    0 -1000 -1000 -10
145 24 pedestrian 0 0 -10 500.54 181.00 544.18 217.40 -10 -10 -10 -100    0 -1000 -1000 -10
145 21 pedestrian 0 0 -10 262.91 181.63 437.48 308.67 -10 -10 -10 -100    0 -1000 -1000 -10
145 29 pedestrian 0 0 -10 585.90 160.69 613.15 198.37 -10 -10 -10 -100    0 -1000 -1000 -10
145 12 pedestrian 0 0 -10 490.61 163.53 629.31 197.11 -10 -10 -10 -100    0 -1000 -1000 -10
145 23 pedestrian 0 0 -10 241.84 165.06 351.12 248.42 -10 -10 -10 -100    0 -1000 -1000 -10
145 26 pedestrian 0 0 -10 448.09 170.76 490.65 207.03 -10 -10 -10 -100    0 -1000 -1000 -10
145 8 pedestrian 0 0 -10 450.91 183.03 517.77 234.14 -10 -10 -10 -100    0 -1000 -1000 -10
145 6 pedestrian 0 0 -10 596.17 176.60 633.94 217.47 -10 -10 -10 -100    0 -1000 -1000 -10
145 28 pedestrian 0 0 -10 534.22 179.06 559.70 202.27 -10 -10 -10 -100    0 -1000 -1000 -10
145 18 pedestrian 0 0 -10 0.00 187.53 233.50 305.11 -10 -10 -10 -100    0 -1000 -1000 -10
145 3 pedestrian 0 0 -10 645.78 178.82 677.63 207.08 -10 -10 -10 -100    0 -1000 -1000 -10
145 25 pedestrian 0 0 -10 420.62 180.26 472.87 216.61 -10 -10 -10 -100    0 -1000 -1000 -10
145 22 pedestrian 0 0 -10 336.70 166.57 430.09 231.49 -10 -10 -10 -100    0 -1000 -1000 -10
146 24 pedestrian 0 0 -10 499.99 181.00 544.33 218.06 -10 -10 -10 -100    0 -1000 -1000 -10
146 21 pedestrian 0 0 -10 259.20 182.00 436.20 310.45 -10 -10 -10 -100    0 -1000 -1000 -10
146 29 pedestrian 0 0 -10 585.82 160.67 613.12 198.55 -10 -10 -10 -100    0 -1000 -1000 -10
146 12 pedestrian 0 0 -10 490.15 164.01 629.19 197.27 -10 -10 -10 -100    0 -1000 -1000 -10
146 23 pedestrian 0 0 -10 237.23 165.38 347.99 249.78 -10 -10 -10 -100    0 -1000 -1000 -10
146 26 pedestrian 0 0 -10 447.22 170.86 490.13 207.33 -10 -10 -10 -100    0 -1000 -1000 -10
146 8 pedestrian 0 0 -10 449.88 183.71 517.07 234.81 -10 -10 -10 -100    0 -1000 -1000 -10
146 6 pedestrian 0 0 -10 596.12 176.86 633.83 217.33 -10 -10 -10 -100    0 -1000 -1000 -10
146 28 pedestrian 0 0 -10 533.70 179.06 559.81 202.57 -10 -10 -10 -100    0 -1000 -1000 -10
146 18 pedestrian 0 0 -10 0.00 188.02 229.38 307.85 -10 -10 -10 -100    0 -1000 -1000 -10
146 3 pedestrian 0 0 -10 645.23 178.75 676.75 207.19 -10 -10 -10 -100    0 -1000 -1000 -10
146 25 pedestrian 0 0 -10 418.93 180.33 472.01 217.23 -10 -10 -10 -100    0 -1000 -1000 -10
146 22 pedestrian 0 0 -10 333.91 166.41 429.24 232.05 -10 -10 -10 -100    0 -1000 -1000 -10
147 24 pedestrian 0 0 -10 497.98 180.66 543.59 219.13 -10 -10 -10 -100    0 -1000 -1000 -10
147 21 pedestrian 0 0 -10 255.06 182.12 434.60 312.02 -10 -10 -10 -100    0 -1000 -1000 -10
147 29 pedestrian 0 0 -10 586.02 160.62 613.05 198.36 -10 -10 -10 -100    0 -1000 -1000 -10
147 12 pedestrian 0 0 -10 489.00 164.19 629.33 197.19 -10 -10 -10 -100    0 -1000 -1000 -10
147 23 pedestrian 0 0 -10 230.60 165.14 345.31 251.71 -10 -10 -10 -100    0 -1000 -1000 -10
147 26 pedestrian 0 0 -10 446.18 170.64 489.97 207.46 -10 -10 -10 -100    0 -1000 -1000 -10
147 8 pedestrian 0 0 -10 448.60 184.00 515.87 235.33 -10 -10 -10 -100    0 -1000 -1000 -10
147 6 pedestrian 0 0 -10 595.71 177.00 633.63 217.45 -10 -10 -10 -100    0 -1000 -1000 -10
147 28 pedestrian 0 0 -10 533.53 179.65 559.16 203.06 -10 -10 -10 -100    0 -1000 -1000 -10
147 18 pedestrian 0 0 -10 0.00 188.18 224.77 309.77 -10 -10 -10 -100    0 -1000 -1000 -10
147 3 pedestrian 0 0 -10 644.17 178.92 675.12 207.29 -10 -10 -10 -100    0 -1000 -1000 -10
147 25 pedestrian 0 0 -10 418.53 180.34 471.56 217.43 -10 -10 -10 -100    0 -1000 -1000 -10
147 22 pedestrian 0 0 -10 331.70 166.57 427.55 231.75 -10 -10 -10 -100    0 -1000 -1000 -10
148 24 pedestrian 0 0 -10 496.68 180.99 543.08 219.89 -10 -10 -10 -100    0 -1000 -1000 -10
148 21 pedestrian 0 0 -10 250.74 182.25 432.84 313.33 -10 -10 -10 -100    0 -1000 -1000 -10
148 29 pedestrian 0 0 -10 585.77 160.67 612.56 198.36 -10 -10 -10 -100    0 -1000 -1000 -10
148 12 pedestrian 0 0 -10 488.24 164.02 629.31 197.25 -10 -10 -10 -100    0 -1000 -1000 -10
148 23 pedestrian 0 0 -10 225.38 165.07 342.56 252.73 -10 -10 -10 -100    0 -1000 -1000 -10
148 26 pedestrian 0 0 -10 445.66 170.72 489.27 207.62 -10 -10 -10 -100    0 -1000 -1000 -10
148 8 pedestrian 0 0 -10 447.31 183.87 515.14 235.78 -10 -10 -10 -100    0 -1000 -1000 -10
148 6 pedestrian 0 0 -10 595.41 177.03 633.60 217.61 -10 -10 -10 -100    0 -1000 -1000 -10
148 28 pedestrian 0 0 -10 533.47 179.69 558.67 203.34 -10 -10 -10 -100    0 -1000 -1000 -10
148 18 pedestrian 0 0 -10 0.00 188.19 220.42 311.81 -10 -10 -10 -100    0 -1000 -1000 -10
148 3 pedestrian 0 0 -10 643.70 178.94 674.01 206.92 -10 -10 -10 -100    0 -1000 -1000 -10
148 25 pedestrian 0 0 -10 417.43 180.42 470.50 217.64 -10 -10 -10 -100    0 -1000 -1000 -10
148 22 pedestrian 0 0 -10 328.61 166.30 426.09 231.84 -10 -10 -10 -100    0 -1000 -1000 -10
149 24 pedestrian 0 0 -10 495.76 181.74 542.15 220.67 -10 -10 -10 -100    0 -1000 -1000 -10
149 21 pedestrian 0 0 -10 245.34 182.07 431.52 315.96 -10 -10 -10 -100    0 -1000 -1000 -10
149 29 pedestrian 0 0 -10 585.19 160.62 612.23 198.65 -10 -10 -10 -100    0 -1000 -1000 -10
149 12 pedestrian 0 0 -10 486.10 164.19 629.31 197.70 -10 -10 -10 -100    0 -1000 -1000 -10
149 23 pedestrian 0 0 -10 219.90 165.31 339.13 253.42 -10 -10 -10 -100    0 -1000 -1000 -10
149 26 pedestrian 0 0 -10 444.94 170.90 488.46 208.36 -10 -10 -10 -100    0 -1000 -1000 -10
149 8 pedestrian 0 0 -10 445.82 184.19 514.69 236.54 -10 -10 -10 -100    0 -1000 -1000 -10
149 6 pedestrian 0 0 -10 595.32 177.43 633.63 218.07 -10 -10 -10 -100    0 -1000 -1000 -10
149 28 pedestrian 0 0 -10 533.34 180.22 557.98 204.06 -10 -10 -10 -100    0 -1000 -1000 -10
149 18 pedestrian 0 0 -10 0.00 188.78 216.32 314.54 -10 -10 -10 -100    0 -1000 -1000 -10
149 3 pedestrian 0 0 -10 643.41 179.39 672.81 206.62 -10 -10 -10 -100    0 -1000 -1000 -10
149 25 pedestrian 0 0 -10 416.15 180.88 469.83 218.42 -10 -10 -10 -100    0 -1000 -1000 -10
149 22 pedestrian 0 0 -10 326.04 166.77 424.03 233.25 -10 -10 -10 -100    0 -1000 -1000 -10
150 21 pedestrian 0 0 -10 241.11 182.70 429.71 317.99 -10 -10 -10 -100    0 -1000 -1000 -10
150 24 pedestrian 0 0 -10 494.02 181.55 541.38 221.53 -10 -10 -10 -100    0 -1000 -1000 -10
150 29 pedestrian 0 0 -10 584.83 160.61 612.16 198.72 -10 -10 -10 -100    0 -1000 -1000 -10
150 12 pedestrian 0 0 -10 486.16 164.05 629.64 197.83 -10 -10 -10 -100    0 -1000 -1000 -10
150 23 pedestrian 0 0 -10 214.00 165.18 335.68 255.13 -10 -10 -10 -100    0 -1000 -1000 -10
150 26 pedestrian 0 0 -10 443.74 171.13 487.71 208.62 -10 -10 -10 -100    0 -1000 -1000 -10
150 8 pedestrian 0 0 -10 443.50 184.52 514.59 236.85 -10 -10 -10 -100    0 -1000 -1000 -10
150 6 pedestrian 0 0 -10 595.02 177.68 633.63 218.54 -10 -10 -10 -100    0 -1000 -1000 -10
150 28 pedestrian 0 0 -10 531.88 180.27 556.63 204.80 -10 -10 -10 -100    0 -1000 -1000 -10
150 18 pedestrian 0 0 -10 0.00 189.01 210.30 316.66 -10 -10 -10 -100    0 -1000 -1000 -10
150 3 pedestrian 0 0 -10 642.78 179.54 671.56 205.98 -10 -10 -10 -100    0 -1000 -1000 -10
150 25 pedestrian 0 0 -10 414.08 180.95 468.91 218.77 -10 -10 -10 -100    0 -1000 -1000 -10
150 22 pedestrian 0 0 -10 323.45 166.45 422.43 233.81 -10 -10 -10 -100    0 -1000 -1000 -10
151 21 pedestrian 0 0 -10 236.65 183.31 428.56 319.85 -10 -10 -10 -100    0 -1000 -1000 -10
151 24 pedestrian 0 0 -10 492.82 182.21 540.29 222.09 -10 -10 -10 -100    0 -1000 -1000 -10
151 29 pedestrian 0 0 -10 584.63 160.99 611.86 198.95 -10 -10 -10 -100    0 -1000 -1000 -10
151 12 pedestrian 0 0 -10 486.76 164.52 629.26 198.08 -10 -10 -10 -100    0 -1000 -1000 -10
151 23 pedestrian 0 0 -10 206.92 165.57 330.42 256.68 -10 -10 -10 -100    0 -1000 -1000 -10
151 26 pedestrian 0 0 -10 442.94 171.68 487.42 209.28 -10 -10 -10 -100    0 -1000 -1000 -10
151 8 pedestrian 0 0 -10 441.69 184.84 513.43 238.05 -10 -10 -10 -100    0 -1000 -1000 -10
151 6 pedestrian 0 0 -10 594.91 177.80 633.70 218.79 -10 -10 -10 -100    0 -1000 -1000 -10
151 28 pedestrian 0 0 -10 531.00 180.74 555.87 205.20 -10 -10 -10 -100    0 -1000 -1000 -10
151 18 pedestrian 0 0 -10 0.00 189.85 205.73 319.54 -10 -10 -10 -100    0 -1000 -1000 -10
151 3 pedestrian 0 0 -10 642.61 179.99 669.98 206.01 -10 -10 -10 -100    0 -1000 -1000 -10
151 25 pedestrian 0 0 -10 412.33 181.25 467.68 219.34 -10 -10 -10 -100    0 -1000 -1000 -10
151 22 pedestrian 0 0 -10 319.50 166.72 420.36 234.23 -10 -10 -10 -100    0 -1000 -1000 -10
152 21 pedestrian 0 0 -10 232.15 183.93 426.59 322.14 -10 -10 -10 -100    0 -1000 -1000 -10
152 24 pedestrian 0 0 -10 491.36 182.43 539.83 222.90 -10 -10 -10 -100    0 -1000 -1000 -10
152 29 pedestrian 0 0 -10 584.44 161.66 611.52 199.28 -10 -10 -10 -100    0 -1000 -1000 -10
152 12 pedestrian 0 0 -10 487.80 164.86 628.94 198.51 -10 -10 -10 -100    0 -1000 -1000 -10
152 23 pedestrian 0 0 -10 199.79 165.80 326.51 258.69 -10 -10 -10 -100    0 -1000 -1000 -10
152 26 pedestrian 0 0 -10 442.16 171.87 487.02 209.99 -10 -10 -10 -100    0 -1000 -1000 -10
152 8 pedestrian 0 0 -10 439.92 184.97 512.19 239.27 -10 -10 -10 -100    0 -1000 -1000 -10
152 6 pedestrian 0 0 -10 594.70 178.16 633.73 219.46 -10 -10 -10 -100    0 -1000 -1000 -10
152 28 pedestrian 0 0 -10 530.81 181.02 555.42 205.31 -10 -10 -10 -100    0 -1000 -1000 -10
152 18 pedestrian 0 0 -10 0.00 190.39 200.31 322.81 -10 -10 -10 -100    0 -1000 -1000 -10
152 3 pedestrian 0 0 -10 641.83 180.30 669.04 206.00 -10 -10 -10 -100    0 -1000 -1000 -10
152 25 pedestrian 0 0 -10 411.28 181.55 466.57 219.74 -10 -10 -10 -100    0 -1000 -1000 -10
152 22 pedestrian 0 0 -10 316.90 167.03 418.56 234.57 -10 -10 -10 -100    0 -1000 -1000 -10
153 21 pedestrian 0 0 -10 227.44 183.56 424.37 324.89 -10 -10 -10 -100    0 -1000 -1000 -10
153 24 pedestrian 0 0 -10 489.76 182.23 539.29 223.82 -10 -10 -10 -100    0 -1000 -1000 -10
153 29 pedestrian 0 0 -10 584.29 161.82 611.26 199.34 -10 -10 -10 -100    0 -1000 -1000 -10
153 12 pedestrian 0 0 -10 487.38 165.05 629.33 198.76 -10 -10 -10 -100    0 -1000 -1000 -10
153 23 pedestrian 0 0 -10 192.48 165.85 323.80 260.58 -10 -10 -10 -100    0 -1000 -1000 -10
153 26 pedestrian 0 0 -10 441.67 171.42 486.48 210.20 -10 -10 -10 -100    0 -1000 -1000 -10
153 8 pedestrian 0 0 -10 438.81 184.76 511.50 239.81 -10 -10 -10 -100    0 -1000 -1000 -10
153 6 pedestrian 0 0 -10 594.43 178.23 633.57 220.15 -10 -10 -10 -100    0 -1000 -1000 -10
153 28 pedestrian 0 0 -10 530.30 180.89 554.58 205.41 -10 -10 -10 -100    0 -1000 -1000 -10
153 18 pedestrian 0 0 -10 0.00 190.71 193.87 326.71 -10 -10 -10 -100    0 -1000 -1000 -10
153 3 pedestrian 0 0 -10 640.95 180.49 668.08 205.91 -10 -10 -10 -100    0 -1000 -1000 -10
153 25 pedestrian 0 0 -10 409.40 181.55 465.66 220.23 -10 -10 -10 -100    0 -1000 -1000 -10
153 22 pedestrian 0 0 -10 313.37 166.94 416.62 235.79 -10 -10 -10 -100    0 -1000 -1000 -10
154 21 pedestrian 0 0 -10 222.38 184.08 422.97 326.58 -10 -10 -10 -100    0 -1000 -1000 -10
154 24 pedestrian 0 0 -10 488.67 183.02 538.65 224.84 -10 -10 -10 -100    0 -1000 -1000 -10
154 29 pedestrian 0 0 -10 583.72 163.21 611.99 199.08 -10 -10 -10 -100    0 -1000 -1000 -10
154 12 pedestrian 0 0 -10 487.03 165.35 629.51 199.09 -10 -10 -10 -100    0 -1000 -1000 -10
154 23 pedestrian 0 0 -10 186.11 165.32 319.79 261.87 -10 -10 -10 -100    0 -1000 -1000 -10
154 26 pedestrian 0 0 -10 441.16 171.20 485.70 210.08 -10 -10 -10 -100    0 -1000 -1000 -10
154 8 pedestrian 0 0 -10 437.14 185.20 510.41 241.03 -10 -10 -10 -100    0 -1000 -1000 -10
154 6 pedestrian 0 0 -10 594.44 178.48 634.03 220.71 -10 -10 -10 -100    0 -1000 -1000 -10
154 28 pedestrian 0 0 -10 529.66 180.97 554.47 205.83 -10 -10 -10 -100    0 -1000 -1000 -10
154 18 pedestrian 0 0 -10 0.00 190.69 187.44 330.09 -10 -10 -10 -100    0 -1000 -1000 -10
154 3 pedestrian 0 0 -10 639.73 181.05 667.14 206.17 -10 -10 -10 -100    0 -1000 -1000 -10
154 25 pedestrian 0 0 -10 408.24 181.46 465.07 220.46 -10 -10 -10 -100    0 -1000 -1000 -10
154 22 pedestrian 0 0 -10 310.69 166.69 414.88 237.09 -10 -10 -10 -100    0 -1000 -1000 -10
155 21 pedestrian 0 0 -10 217.96 184.86 421.38 329.49 -10 -10 -10 -100    0 -1000 -1000 -10
155 24 pedestrian 0 0 -10 486.20 183.39 537.53 226.22 -10 -10 -10 -100    0 -1000 -1000 -10
155 29 pedestrian 0 0 -10 585.09 162.24 612.09 199.90 -10 -10 -10 -100    0 -1000 -1000 -10
155 12 pedestrian 0 0 -10 484.32 165.81 628.55 199.24 -10 -10 -10 -100    0 -1000 -1000 -10
155 23 pedestrian 0 0 -10 178.40 165.68 315.21 265.38 -10 -10 -10 -100    0 -1000 -1000 -10
155 26 pedestrian 0 0 -10 440.39 170.88 484.14 210.76 -10 -10 -10 -100    0 -1000 -1000 -10
155 30 pedestrian 0 0 -10 939.78 183.57 1240.92 376.00 -10 -10 -10 -100    0 -1000 -1000 -10
155 8 pedestrian 0 0 -10 434.86 186.06 509.35 242.67 -10 -10 -10 -100    0 -1000 -1000 -10
155 6 pedestrian 0 0 -10 594.74 179.23 634.13 221.73 -10 -10 -10 -100    0 -1000 -1000 -10
155 28 pedestrian 0 0 -10 529.87 181.80 554.32 206.45 -10 -10 -10 -100    0 -1000 -1000 -10
155 18 pedestrian 0 0 -10 0.00 191.66 179.87 333.50 -10 -10 -10 -100    0 -1000 -1000 -10
155 3 pedestrian 0 0 -10 638.73 181.24 665.99 206.76 -10 -10 -10 -100    0 -1000 -1000 -10
155 25 pedestrian 0 0 -10 407.47 182.02 463.55 221.22 -10 -10 -10 -100    0 -1000 -1000 -10
155 22 pedestrian 0 0 -10 308.51 167.33 413.22 238.32 -10 -10 -10 -100    0 -1000 -1000 -10
156 21 pedestrian 0 0 -10 211.38 186.45 419.61 333.19 -10 -10 -10 -100    0 -1000 -1000 -10
156 24 pedestrian 0 0 -10 483.07 185.07 535.38 227.58 -10 -10 -10 -100    0 -1000 -1000 -10
156 29 pedestrian 0 0 -10 584.37 163.57 612.91 201.93 -10 -10 -10 -100    0 -1000 -1000 -10
156 12 pedestrian 0 0 -10 485.09 167.63 628.04 200.95 -10 -10 -10 -100    0 -1000 -1000 -10
156 23 pedestrian 0 0 -10 169.98 167.12 309.70 268.55 -10 -10 -10 -100    0 -1000 -1000 -10
156 26 pedestrian 0 0 -10 439.16 172.83 483.69 212.45 -10 -10 -10 -100    0 -1000 -1000 -10
156 30 pedestrian 0 0 -10 906.91 184.53 1241.00 376.00 -10 -10 -10 -100    0 -1000 -1000 -10
156 8 pedestrian 0 0 -10 432.77 187.26 508.09 245.12 -10 -10 -10 -100    0 -1000 -1000 -10
156 6 pedestrian 0 0 -10 594.71 180.88 634.32 223.08 -10 -10 -10 -100    0 -1000 -1000 -10
156 28 pedestrian 0 0 -10 528.87 183.16 552.93 207.79 -10 -10 -10 -100    0 -1000 -1000 -10
156 18 pedestrian 0 0 -10 0.00 193.32 173.67 337.54 -10 -10 -10 -100    0 -1000 -1000 -10
156 3 pedestrian 0 0 -10 638.37 183.59 665.07 208.44 -10 -10 -10 -100    0 -1000 -1000 -10
156 25 pedestrian 0 0 -10 405.73 183.47 463.30 222.48 -10 -10 -10 -100    0 -1000 -1000 -10
156 22 pedestrian 0 0 -10 305.57 169.13 412.24 240.23 -10 -10 -10 -100    0 -1000 -1000 -10
157 21 pedestrian 0 0 -10 204.65 188.23 417.53 336.78 -10 -10 -10 -100    0 -1000 -1000 -10
157 24 pedestrian 0 0 -10 481.53 187.03 533.49 229.31 -10 -10 -10 -100    0 -1000 -1000 -10
157 29 pedestrian 0 0 -10 582.84 163.97 612.73 203.08 -10 -10 -10 -100    0 -1000 -1000 -10
157 12 pedestrian 0 0 -10 482.46 170.23 628.53 204.03 -10 -10 -10 -100    0 -1000 -1000 -10
157 23 pedestrian 0 0 -10 160.83 168.54 303.79 271.26 -10 -10 -10 -100    0 -1000 -1000 -10
157 26 pedestrian 0 0 -10 436.15 174.09 482.65 213.50 -10 -10 -10 -100    0 -1000 -1000 -10
157 30 pedestrian 0 0 -10 877.34 185.05 1241.00 376.00 -10 -10 -10 -100    0 -1000 -1000 -10
157 8 pedestrian 0 0 -10 429.72 188.87 505.72 247.24 -10 -10 -10 -100    0 -1000 -1000 -10
157 6 pedestrian 0 0 -10 593.78 181.85 633.40 224.88 -10 -10 -10 -100    0 -1000 -1000 -10
157 28 pedestrian 0 0 -10 526.37 184.68 551.82 209.94 -10 -10 -10 -100    0 -1000 -1000 -10
157 18 pedestrian 0 0 -10 0.00 195.15 165.12 341.56 -10 -10 -10 -100    0 -1000 -1000 -10
157 3 pedestrian 0 0 -10 636.96 185.60 663.21 209.47 -10 -10 -10 -100    0 -1000 -1000 -10
157 25 pedestrian 0 0 -10 403.63 185.27 461.87 224.23 -10 -10 -10 -100    0 -1000 -1000 -10
157 22 pedestrian 0 0 -10 302.25 170.09 409.77 242.00 -10 -10 -10 -100    0 -1000 -1000 -10
158 21 pedestrian 0 0 -10 198.14 188.32 413.76 339.45 -10 -10 -10 -100    0 -1000 -1000 -10
158 24 pedestrian 0 0 -10 479.19 187.08 530.90 231.38 -10 -10 -10 -100    0 -1000 -1000 -10
158 29 pedestrian 0 0 -10 580.23 163.88 610.76 203.95 -10 -10 -10 -100    0 -1000 -1000 -10
158 12 pedestrian 0 0 -10 479.55 173.66 627.67 206.26 -10 -10 -10 -100    0 -1000 -1000 -10
158 23 pedestrian 0 0 -10 150.35 168.65 297.91 273.66 -10 -10 -10 -100    0 -1000 -1000 -10
158 26 pedestrian 0 0 -10 434.72 174.53 480.65 213.88 -10 -10 -10 -100    0 -1000 -1000 -10
158 30 pedestrian 0 0 -10 848.36 184.96 1241.00 376.00 -10 -10 -10 -100    0 -1000 -1000 -10
158 8 pedestrian 0 0 -10 425.97 189.28 503.81 248.79 -10 -10 -10 -100    0 -1000 -1000 -10
158 6 pedestrian 0 0 -10 591.94 182.17 632.17 225.61 -10 -10 -10 -100    0 -1000 -1000 -10
158 28 pedestrian 0 0 -10 524.06 184.25 550.87 210.34 -10 -10 -10 -100    0 -1000 -1000 -10
158 18 pedestrian 0 0 -10 0.00 195.92 154.22 342.10 -10 -10 -10 -100    0 -1000 -1000 -10
158 3 pedestrian 0 0 -10 634.72 185.34 660.74 209.60 -10 -10 -10 -100    0 -1000 -1000 -10
158 25 pedestrian 0 0 -10 399.81 185.48 459.86 224.78 -10 -10 -10 -100    0 -1000 -1000 -10
158 22 pedestrian 0 0 -10 297.76 170.51 407.72 242.39 -10 -10 -10 -100    0 -1000 -1000 -10
159 21 pedestrian 0 0 -10 188.02 187.35 409.54 341.47 -10 -10 -10 -100    0 -1000 -1000 -10
159 24 pedestrian 0 0 -10 475.23 186.51 529.32 231.32 -10 -10 -10 -100    0 -1000 -1000 -10
159 29 pedestrian 0 0 -10 579.50 163.33 609.91 203.28 -10 -10 -10 -100    0 -1000 -1000 -10
159 12 pedestrian 0 0 -10 476.84 175.68 628.95 207.45 -10 -10 -10 -100    0 -1000 -1000 -10
159 23 pedestrian 0 0 -10 138.43 167.44 290.23 274.32 -10 -10 -10 -100    0 -1000 -1000 -10
159 26 pedestrian 0 0 -10 429.54 174.07 476.42 214.99 -10 -10 -10 -100    0 -1000 -1000 -10
159 30 pedestrian 0 0 -10 824.06 184.74 1240.48 376.00 -10 -10 -10 -100    0 -1000 -1000 -10
159 8 pedestrian 0 0 -10 421.48 189.01 500.41 248.99 -10 -10 -10 -100    0 -1000 -1000 -10
159 6 pedestrian 0 0 -10 589.52 181.71 630.54 225.19 -10 -10 -10 -100    0 -1000 -1000 -10
159 28 pedestrian 0 0 -10 521.74 183.79 549.32 210.29 -10 -10 -10 -100    0 -1000 -1000 -10
159 18 pedestrian 0 0 -10 0.00 195.43 142.80 343.07 -10 -10 -10 -100    0 -1000 -1000 -10
159 3 pedestrian 0 0 -10 633.01 184.35 657.95 208.86 -10 -10 -10 -100    0 -1000 -1000 -10
159 25 pedestrian 0 0 -10 397.22 184.19 458.10 223.65 -10 -10 -10 -100    0 -1000 -1000 -10
159 22 pedestrian 0 0 -10 293.79 169.70 403.03 242.13 -10 -10 -10 -100    0 -1000 -1000 -10
160 21 pedestrian 0 0 -10 176.97 185.93 405.07 343.77 -10 -10 -10 -100    0 -1000 -1000 -10
160 24 pedestrian 0 0 -10 471.43 185.73 526.76 231.75 -10 -10 -10 -100    0 -1000 -1000 -10
160 29 pedestrian 0 0 -10 577.85 163.29 607.64 202.53 -10 -10 -10 -100    0 -1000 -1000 -10
160 12 pedestrian 0 0 -10 475.14 175.62 627.82 207.01 -10 -10 -10 -100    0 -1000 -1000 -10
160 23 pedestrian 0 0 -10 124.59 166.12 283.64 276.20 -10 -10 -10 -100    0 -1000 -1000 -10
160 26 pedestrian 0 0 -10 427.99 173.21 474.64 214.72 -10 -10 -10 -100    0 -1000 -1000 -10
160 30 pedestrian 0 0 -10 807.72 183.78 1241.00 376.00 -10 -10 -10 -100    0 -1000 -1000 -10
160 8 pedestrian 0 0 -10 416.89 189.33 497.11 249.48 -10 -10 -10 -100    0 -1000 -1000 -10
160 6 pedestrian 0 0 -10 587.23 180.62 628.06 224.87 -10 -10 -10 -100    0 -1000 -1000 -10
160 28 pedestrian 0 0 -10 520.51 182.82 547.39 208.98 -10 -10 -10 -100    0 -1000 -1000 -10
160 18 pedestrian 0 0 -10 0.00 194.68 128.59 342.67 -10 -10 -10 -100    0 -1000 -1000 -10
160 3 pedestrian 0 0 -10 630.56 183.78 654.85 207.26 -10 -10 -10 -100    0 -1000 -1000 -10
160 25 pedestrian 0 0 -10 394.79 183.14 455.57 223.30 -10 -10 -10 -100    0 -1000 -1000 -10
160 22 pedestrian 0 0 -10 286.91 168.20 399.41 242.44 -10 -10 -10 -100    0 -1000 -1000 -10
161 21 pedestrian 0 0 -10 164.35 186.82 398.76 347.93 -10 -10 -10 -100    0 -1000 -1000 -10
161 24 pedestrian 0 0 -10 467.02 186.40 522.95 231.92 -10 -10 -10 -100    0 -1000 -1000 -10
161 29 pedestrian 0 0 -10 574.20 163.02 604.66 204.10 -10 -10 -10 -100    0 -1000 -1000 -10
161 12 pedestrian 0 0 -10 471.22 175.81 627.06 207.30 -10 -10 -10 -100    0 -1000 -1000 -10
161 23 pedestrian 0 0 -10 109.09 165.67 275.16 278.50 -10 -10 -10 -100    0 -1000 -1000 -10
161 26 pedestrian 0 0 -10 423.52 172.91 470.77 214.55 -10 -10 -10 -100    0 -1000 -1000 -10
161 30 pedestrian 0 0 -10 789.11 183.66 1174.59 376.00 -10 -10 -10 -100    0 -1000 -1000 -10
161 8 pedestrian 0 0 -10 410.44 188.67 493.09 251.25 -10 -10 -10 -100    0 -1000 -1000 -10
161 6 pedestrian 0 0 -10 585.29 180.66 625.88 225.14 -10 -10 -10 -100    0 -1000 -1000 -10
161 28 pedestrian 0 0 -10 518.45 183.59 544.67 209.07 -10 -10 -10 -100    0 -1000 -1000 -10
161 18 pedestrian 0 0 -10 0.00 195.25 113.07 341.73 -10 -10 -10 -100    0 -1000 -1000 -10
161 3 pedestrian 0 0 -10 628.31 183.70 652.22 207.14 -10 -10 -10 -100    0 -1000 -1000 -10
161 25 pedestrian 0 0 -10 390.02 183.67 449.97 224.16 -10 -10 -10 -100    0 -1000 -1000 -10
161 22 pedestrian 0 0 -10 279.46 168.38 394.22 243.44 -10 -10 -10 -100    0 -1000 -1000 -10
162 31 pedestrian 0 0 -10 533.89 170.82 555.02 201.55 -10 -10 -10 -100    0 -1000 -1000 -10
162 21 pedestrian 0 0 -10 147.95 187.82 390.33 353.53 -10 -10 -10 -100    0 -1000 -1000 -10
162 24 pedestrian 0 0 -10 461.36 187.17 518.15 233.98 -10 -10 -10 -100    0 -1000 -1000 -10
162 29 pedestrian 0 0 -10 571.35 163.00 601.13 203.93 -10 -10 -10 -100    0 -1000 -1000 -10
162 12 pedestrian 0 0 -10 466.00 178.50 625.69 209.87 -10 -10 -10 -100    0 -1000 -1000 -10
162 23 pedestrian 0 0 -10 90.50 165.62 263.51 282.49 -10 -10 -10 -100    0 -1000 -1000 -10
162 26 pedestrian 0 0 -10 418.07 173.09 466.88 214.66 -10 -10 -10 -100    0 -1000 -1000 -10
162 30 pedestrian 0 0 -10 775.48 183.31 1110.09 376.00 -10 -10 -10 -100    0 -1000 -1000 -10
162 8 pedestrian 0 0 -10 402.26 189.20 488.14 253.49 -10 -10 -10 -100    0 -1000 -1000 -10
162 6 pedestrian 0 0 -10 581.21 181.10 622.39 225.58 -10 -10 -10 -100    0 -1000 -1000 -10
162 28 pedestrian 0 0 -10 513.62 184.36 539.99 209.42 -10 -10 -10 -100    0 -1000 -1000 -10
162 18 pedestrian 0 0 -10 0.08 193.31 94.65 340.11 -10 -10 -10 -100    0 -1000 -1000 -10
162 3 pedestrian 0 0 -10 624.16 184.03 648.43 206.84 -10 -10 -10 -100    0 -1000 -1000 -10
162 25 pedestrian 0 0 -10 383.41 184.48 445.17 225.70 -10 -10 -10 -100    0 -1000 -1000 -10
162 22 pedestrian 0 0 -10 271.02 169.10 387.76 244.65 -10 -10 -10 -100    0 -1000 -1000 -10
163 31 pedestrian 0 0 -10 530.03 168.86 552.43 199.28 -10 -10 -10 -100    0 -1000 -1000 -10
163 21 pedestrian 0 0 -10 130.66 187.95 382.43 358.50 -10 -10 -10 -100    0 -1000 -1000 -10
163 24 pedestrian 0 0 -10 453.35 186.98 514.24 235.05 -10 -10 -10 -100    0 -1000 -1000 -10
163 29 pedestrian 0 0 -10 567.27 163.05 597.14 202.42 -10 -10 -10 -100    0 -1000 -1000 -10
163 12 pedestrian 0 0 -10 462.21 176.46 619.13 209.71 -10 -10 -10 -100    0 -1000 -1000 -10
163 23 pedestrian 0 0 -10 70.15 165.90 250.24 286.30 -10 -10 -10 -100    0 -1000 -1000 -10
163 26 pedestrian 0 0 -10 412.40 172.83 461.27 214.86 -10 -10 -10 -100    0 -1000 -1000 -10
163 30 pedestrian 0 0 -10 761.17 183.12 1055.49 376.00 -10 -10 -10 -100    0 -1000 -1000 -10
163 8 pedestrian 0 0 -10 394.27 189.12 482.35 254.98 -10 -10 -10 -100    0 -1000 -1000 -10
163 6 pedestrian 0 0 -10 577.11 180.69 618.39 225.97 -10 -10 -10 -100    0 -1000 -1000 -10
163 28 pedestrian 0 0 -10 508.87 183.90 536.27 210.86 -10 -10 -10 -100    0 -1000 -1000 -10
163 18 pedestrian 0 0 -10 0.04 192.13 73.08 338.84 -10 -10 -10 -100    0 -1000 -1000 -10
163 3 pedestrian 0 0 -10 619.25 184.07 643.03 207.18 -10 -10 -10 -100    0 -1000 -1000 -10
163 25 pedestrian 0 0 -10 378.11 184.02 439.55 225.73 -10 -10 -10 -100    0 -1000 -1000 -10
163 22 pedestrian 0 0 -10 262.58 168.46 380.53 245.55 -10 -10 -10 -100    0 -1000 -1000 -10
164 31 pedestrian 0 0 -10 526.06 169.05 548.34 201.28 -10 -10 -10 -100    0 -1000 -1000 -10
164 21 pedestrian 0 0 -10 111.52 188.19 373.55 364.54 -10 -10 -10 -100    0 -1000 -1000 -10
164 24 pedestrian 0 0 -10 448.27 186.08 509.22 235.41 -10 -10 -10 -100    0 -1000 -1000 -10
164 29 pedestrian 0 0 -10 561.75 161.90 593.54 203.84 -10 -10 -10 -100    0 -1000 -1000 -10
164 12 pedestrian 0 0 -10 458.87 176.63 613.66 208.48 -10 -10 -10 -100    0 -1000 -1000 -10
164 23 pedestrian 0 0 -10 47.72 165.60 236.74 290.01 -10 -10 -10 -100    0 -1000 -1000 -10
164 26 pedestrian 0 0 -10 406.48 172.50 456.84 214.44 -10 -10 -10 -100    0 -1000 -1000 -10
164 30 pedestrian 0 0 -10 747.03 181.77 1010.68 372.42 -10 -10 -10 -100    0 -1000 -1000 -10
164 8 pedestrian 0 0 -10 385.74 189.28 475.96 256.68 -10 -10 -10 -100    0 -1000 -1000 -10
164 6 pedestrian 0 0 -10 572.81 180.71 614.87 225.58 -10 -10 -10 -100    0 -1000 -1000 -10
164 28 pedestrian 0 0 -10 502.90 183.13 531.56 211.19 -10 -10 -10 -100    0 -1000 -1000 -10
164 18 pedestrian 0 0 -10 0.10 193.24 50.26 337.21 -10 -10 -10 -100    0 -1000 -1000 -10
164 3 pedestrian 0 0 -10 613.97 183.14 637.92 206.37 -10 -10 -10 -100    0 -1000 -1000 -10
164 25 pedestrian 0 0 -10 370.61 184.12 432.13 226.01 -10 -10 -10 -100    0 -1000 -1000 -10
164 22 pedestrian 0 0 -10 254.98 168.32 374.53 247.22 -10 -10 -10 -100    0 -1000 -1000 -10
165 31 pedestrian 0 0 -10 518.78 170.90 541.84 201.83 -10 -10 -10 -100    0 -1000 -1000 -10
165 21 pedestrian 0 0 -10 88.08 188.18 362.95 370.74 -10 -10 -10 -100    0 -1000 -1000 -10
165 24 pedestrian 0 0 -10 440.29 186.54 503.20 237.09 -10 -10 -10 -100    0 -1000 -1000 -10
165 29 pedestrian 0 0 -10 558.07 162.90 589.22 204.84 -10 -10 -10 -100    0 -1000 -1000 -10
165 12 pedestrian 0 0 -10 451.25 176.22 609.89 208.13 -10 -10 -10 -100    0 -1000 -1000 -10
165 23 pedestrian 0 0 -10 22.13 165.49 222.71 294.36 -10 -10 -10 -100    0 -1000 -1000 -10
165 26 pedestrian 0 0 -10 402.22 173.04 451.96 214.16 -10 -10 -10 -100    0 -1000 -1000 -10
165 30 pedestrian 0 0 -10 733.91 181.32 972.43 357.27 -10 -10 -10 -100    0 -1000 -1000 -10
165 8 pedestrian 0 0 -10 375.25 189.17 468.62 258.57 -10 -10 -10 -100    0 -1000 -1000 -10
165 6 pedestrian 0 0 -10 567.83 181.07 611.10 226.42 -10 -10 -10 -100    0 -1000 -1000 -10
165 28 pedestrian 0 0 -10 498.16 184.06 527.00 212.21 -10 -10 -10 -100    0 -1000 -1000 -10
165 18 pedestrian 0 0 -10 0.17 202.04 25.27 333.61 -10 -10 -10 -100    0 -1000 -1000 -10
165 3 pedestrian 0 0 -10 609.75 183.22 633.66 206.48 -10 -10 -10 -100    0 -1000 -1000 -10
165 25 pedestrian 0 0 -10 362.08 184.55 426.55 227.67 -10 -10 -10 -100    0 -1000 -1000 -10
165 22 pedestrian 0 0 -10 244.56 168.45 366.24 248.97 -10 -10 -10 -100    0 -1000 -1000 -10
166 31 pedestrian 0 0 -10 516.76 171.02 537.26 200.97 -10 -10 -10 -100    0 -1000 -1000 -10
166 21 pedestrian 0 0 -10 63.22 189.65 351.27 376.00 -10 -10 -10 -100    0 -1000 -1000 -10
166 24 pedestrian 0 0 -10 432.24 187.94 496.85 238.49 -10 -10 -10 -100    0 -1000 -1000 -10
166 29 pedestrian 0 0 -10 553.75 163.80 585.12 204.31 -10 -10 -10 -100    0 -1000 -1000 -10
166 12 pedestrian 0 0 -10 446.45 176.74 608.57 208.65 -10 -10 -10 -100    0 -1000 -1000 -10
166 23 pedestrian 0 0 -10 0.00 165.05 204.90 299.28 -10 -10 -10 -100    0 -1000 -1000 -10
166 26 pedestrian 0 0 -10 396.01 173.06 445.98 215.67 -10 -10 -10 -100    0 -1000 -1000 -10
166 30 pedestrian 0 0 -10 721.21 182.66 938.90 345.24 -10 -10 -10 -100    0 -1000 -1000 -10
166 8 pedestrian 0 0 -10 364.10 190.49 461.27 262.01 -10 -10 -10 -100    0 -1000 -1000 -10
166 6 pedestrian 0 0 -10 563.44 181.81 605.82 227.55 -10 -10 -10 -100    0 -1000 -1000 -10
166 28 pedestrian 0 0 -10 491.54 184.39 521.84 213.77 -10 -10 -10 -100    0 -1000 -1000 -10
166 3 pedestrian 0 0 -10 605.26 184.32 628.29 206.77 -10 -10 -10 -100    0 -1000 -1000 -10
166 25 pedestrian 0 0 -10 356.05 185.30 419.96 227.20 -10 -10 -10 -100    0 -1000 -1000 -10
166 22 pedestrian 0 0 -10 231.97 169.18 359.26 251.16 -10 -10 -10 -100    0 -1000 -1000 -10
167 21 pedestrian 0 0 -10 32.88 191.25 339.44 376.00 -10 -10 -10 -100    0 -1000 -1000 -10
167 24 pedestrian 0 0 -10 424.16 189.23 490.96 241.88 -10 -10 -10 -100    0 -1000 -1000 -10
167 29 pedestrian 0 0 -10 548.40 164.73 580.47 205.56 -10 -10 -10 -100    0 -1000 -1000 -10
167 12 pedestrian 0 0 -10 444.10 179.62 605.59 209.64 -10 -10 -10 -100    0 -1000 -1000 -10
167 23 pedestrian 0 0 -10 0.11 164.67 183.94 307.59 -10 -10 -10 -100    0 -1000 -1000 -10
167 26 pedestrian 0 0 -10 388.00 174.38 440.26 217.99 -10 -10 -10 -100    0 -1000 -1000 -10
167 30 pedestrian 0 0 -10 709.89 183.64 909.00 336.55 -10 -10 -10 -100    0 -1000 -1000 -10
167 8 pedestrian 0 0 -10 352.69 191.28 453.92 265.04 -10 -10 -10 -100    0 -1000 -1000 -10
167 31 pedestrian 0 0 -10 510.80 173.00 532.85 203.96 -10 -10 -10 -100    0 -1000 -1000 -10
167 6 pedestrian 0 0 -10 559.34 183.24 602.39 229.21 -10 -10 -10 -100    0 -1000 -1000 -10
167 28 pedestrian 0 0 -10 485.98 186.32 517.97 215.91 -10 -10 -10 -100    0 -1000 -1000 -10
167 3 pedestrian 0 0 -10 600.56 186.39 622.97 208.17 -10 -10 -10 -100    0 -1000 -1000 -10
167 25 pedestrian 0 0 -10 348.49 185.79 413.83 229.79 -10 -10 -10 -100    0 -1000 -1000 -10
167 22 pedestrian 0 0 -10 221.38 171.03 350.67 252.71 -10 -10 -10 -100    0 -1000 -1000 -10
168 21 pedestrian 0 0 -10 0.46 190.41 326.25 376.00 -10 -10 -10 -100    0 -1000 -1000 -10
168 24 pedestrian 0 0 -10 415.32 189.47 483.59 243.75 -10 -10 -10 -100    0 -1000 -1000 -10
168 29 pedestrian 0 0 -10 544.96 164.53 575.92 206.00 -10 -10 -10 -100    0 -1000 -1000 -10
168 12 pedestrian 0 0 -10 436.71 177.03 600.34 209.68 -10 -10 -10 -100    0 -1000 -1000 -10
168 23 pedestrian 0 0 -10 0.00 165.18 165.86 310.44 -10 -10 -10 -100    0 -1000 -1000 -10
168 26 pedestrian 0 0 -10 382.16 174.24 434.63 217.80 -10 -10 -10 -100    0 -1000 -1000 -10
168 30 pedestrian 0 0 -10 697.92 183.89 882.40 327.33 -10 -10 -10 -100    0 -1000 -1000 -10
168 8 pedestrian 0 0 -10 339.81 191.64 446.29 268.10 -10 -10 -10 -100    0 -1000 -1000 -10
168 31 pedestrian 0 0 -10 504.94 173.07 527.44 204.66 -10 -10 -10 -100    0 -1000 -1000 -10
168 6 pedestrian 0 0 -10 554.31 183.49 597.64 229.49 -10 -10 -10 -100    0 -1000 -1000 -10
168 28 pedestrian 0 0 -10 482.37 186.52 513.48 215.49 -10 -10 -10 -100    0 -1000 -1000 -10
168 3 pedestrian 0 0 -10 596.19 185.47 618.90 208.40 -10 -10 -10 -100    0 -1000 -1000 -10
168 25 pedestrian 0 0 -10 339.32 185.58 406.25 231.43 -10 -10 -10 -100    0 -1000 -1000 -10
168 22 pedestrian 0 0 -10 209.34 170.09 341.52 254.42 -10 -10 -10 -100    0 -1000 -1000 -10
169 21 pedestrian 0 0 -10 0.03 191.02 311.50 376.00 -10 -10 -10 -100    0 -1000 -1000 -10
169 24 pedestrian 0 0 -10 406.15 188.72 478.56 244.52 -10 -10 -10 -100    0 -1000 -1000 -10
169 29 pedestrian 0 0 -10 540.76 163.99 570.99 205.62 -10 -10 -10 -100    0 -1000 -1000 -10
169 12 pedestrian 0 0 -10 428.67 177.25 596.44 208.58 -10 -10 -10 -100    0 -1000 -1000 -10
169 23 pedestrian 0 0 -10 0.00 165.89 144.38 309.47 -10 -10 -10 -100    0 -1000 -1000 -10
169 26 pedestrian 0 0 -10 376.44 172.63 428.26 218.07 -10 -10 -10 -100    0 -1000 -1000 -10
169 30 pedestrian 0 0 -10 686.94 182.91 858.82 317.85 -10 -10 -10 -100    0 -1000 -1000 -10
169 8 pedestrian 0 0 -10 325.72 190.83 437.77 270.61 -10 -10 -10 -100    0 -1000 -1000 -10
169 31 pedestrian 0 0 -10 502.18 171.62 524.39 202.27 -10 -10 -10 -100    0 -1000 -1000 -10
169 6 pedestrian 0 0 -10 550.29 181.67 593.80 228.84 -10 -10 -10 -100    0 -1000 -1000 -10
169 28 pedestrian 0 0 -10 475.65 185.34 507.93 214.69 -10 -10 -10 -100    0 -1000 -1000 -10
169 3 pedestrian 0 0 -10 590.47 183.80 613.60 206.59 -10 -10 -10 -100    0 -1000 -1000 -10
169 25 pedestrian 0 0 -10 327.57 185.12 400.17 230.33 -10 -10 -10 -100    0 -1000 -1000 -10
169 22 pedestrian 0 0 -10 194.98 169.50 334.04 255.12 -10 -10 -10 -100    0 -1000 -1000 -10
170 21 pedestrian 0 0 -10 0.00 191.34 293.89 376.00 -10 -10 -10 -100    0 -1000 -1000 -10
170 24 pedestrian 0 0 -10 397.26 189.03 470.41 245.89 -10 -10 -10 -100    0 -1000 -1000 -10
170 29 pedestrian 0 0 -10 535.35 163.98 566.41 203.86 -10 -10 -10 -100    0 -1000 -1000 -10
170 12 pedestrian 0 0 -10 420.94 177.61 588.14 207.14 -10 -10 -10 -100    0 -1000 -1000 -10
170 23 pedestrian 0 0 -10 0.03 164.23 121.38 315.24 -10 -10 -10 -100    0 -1000 -1000 -10
170 26 pedestrian 0 0 -10 369.90 172.41 423.69 217.39 -10 -10 -10 -100    0 -1000 -1000 -10
170 30 pedestrian 0 0 -10 676.90 182.53 838.42 310.48 -10 -10 -10 -100    0 -1000 -1000 -10
170 8 pedestrian 0 0 -10 311.42 191.22 428.23 273.54 -10 -10 -10 -100    0 -1000 -1000 -10
170 31 pedestrian 0 0 -10 497.67 172.98 521.34 202.32 -10 -10 -10 -100    0 -1000 -1000 -10
170 6 pedestrian 0 0 -10 544.69 181.42 589.09 228.95 -10 -10 -10 -100    0 -1000 -1000 -10
170 28 pedestrian 0 0 -10 469.15 184.39 501.80 214.93 -10 -10 -10 -100    0 -1000 -1000 -10
170 3 pedestrian 0 0 -10 584.85 184.31 607.99 206.70 -10 -10 -10 -100    0 -1000 -1000 -10
170 25 pedestrian 0 0 -10 326.27 184.58 396.93 230.03 -10 -10 -10 -100    0 -1000 -1000 -10
170 22 pedestrian 0 0 -10 182.49 168.65 324.37 256.33 -10 -10 -10 -100    0 -1000 -1000 -10
171 21 pedestrian 0 0 -10 0.05 191.17 274.38 376.00 -10 -10 -10 -100    0 -1000 -1000 -10
171 24 pedestrian 0 0 -10 385.60 188.31 462.79 247.71 -10 -10 -10 -100    0 -1000 -1000 -10
171 29 pedestrian 0 0 -10 530.25 164.16 562.42 205.24 -10 -10 -10 -100    0 -1000 -1000 -10
171 12 pedestrian 0 0 -10 414.69 177.10 580.45 206.63 -10 -10 -10 -100    0 -1000 -1000 -10
171 23 pedestrian 0 0 -10 0.00 166.23 93.10 317.93 -10 -10 -10 -100    0 -1000 -1000 -10
171 26 pedestrian 0 0 -10 362.16 171.80 417.22 218.05 -10 -10 -10 -100    0 -1000 -1000 -10
171 30 pedestrian 0 0 -10 666.66 182.22 816.40 304.32 -10 -10 -10 -100    0 -1000 -1000 -10
171 8 pedestrian 0 0 -10 295.90 191.99 418.03 277.46 -10 -10 -10 -100    0 -1000 -1000 -10
171 31 pedestrian 0 0 -10 490.75 171.81 513.07 203.11 -10 -10 -10 -100    0 -1000 -1000 -10
171 6 pedestrian 0 0 -10 538.81 181.52 583.66 229.24 -10 -10 -10 -100    0 -1000 -1000 -10
171 28 pedestrian 0 0 -10 461.35 184.71 495.77 215.47 -10 -10 -10 -100    0 -1000 -1000 -10
171 3 pedestrian 0 0 -10 580.09 184.22 603.26 206.77 -10 -10 -10 -100    0 -1000 -1000 -10
171 25 pedestrian 0 0 -10 316.60 185.16 388.90 230.23 -10 -10 -10 -100    0 -1000 -1000 -10
171 22 pedestrian 0 0 -10 167.75 168.46 315.56 258.93 -10 -10 -10 -100    0 -1000 -1000 -10
172 21 pedestrian 0 0 -10 0.44 192.28 255.28 376.00 -10 -10 -10 -100    0 -1000 -1000 -10
172 24 pedestrian 0 0 -10 374.86 189.28 454.75 249.18 -10 -10 -10 -100    0 -1000 -1000 -10
172 29 pedestrian 0 0 -10 526.08 163.63 556.91 205.43 -10 -10 -10 -100    0 -1000 -1000 -10
172 12 pedestrian 0 0 -10 408.02 176.70 577.06 205.86 -10 -10 -10 -100    0 -1000 -1000 -10
172 23 pedestrian 0 0 -10 0.09 164.42 60.37 317.75 -10 -10 -10 -100    0 -1000 -1000 -10
172 26 pedestrian 0 0 -10 355.33 172.53 411.12 218.62 -10 -10 -10 -100    0 -1000 -1000 -10
172 30 pedestrian 0 0 -10 656.55 181.76 798.36 298.02 -10 -10 -10 -100    0 -1000 -1000 -10
172 8 pedestrian 0 0 -10 278.19 191.84 407.62 280.52 -10 -10 -10 -100    0 -1000 -1000 -10
172 31 pedestrian 0 0 -10 486.06 169.99 509.06 201.99 -10 -10 -10 -100    0 -1000 -1000 -10
172 6 pedestrian 0 0 -10 533.86 181.47 579.22 230.13 -10 -10 -10 -100    0 -1000 -1000 -10
172 28 pedestrian 0 0 -10 454.56 184.50 490.05 215.60 -10 -10 -10 -100    0 -1000 -1000 -10
172 3 pedestrian 0 0 -10 574.95 184.38 598.00 206.60 -10 -10 -10 -100    0 -1000 -1000 -10
172 25 pedestrian 0 0 -10 306.06 185.55 379.46 230.69 -10 -10 -10 -100    0 -1000 -1000 -10
172 22 pedestrian 0 0 -10 152.49 167.29 305.26 261.16 -10 -10 -10 -100    0 -1000 -1000 -10
173 21 pedestrian 0 0 -10 0.00 193.35 229.86 376.00 -10 -10 -10 -100    0 -1000 -1000 -10
173 24 pedestrian 0 0 -10 365.55 189.83 446.42 251.34 -10 -10 -10 -100    0 -1000 -1000 -10
173 29 pedestrian 0 0 -10 521.22 162.71 553.88 204.29 -10 -10 -10 -100    0 -1000 -1000 -10
173 12 pedestrian 0 0 -10 400.12 176.76 571.03 206.52 -10 -10 -10 -100    0 -1000 -1000 -10
173 26 pedestrian 0 0 -10 347.09 172.14 403.47 218.23 -10 -10 -10 -100    0 -1000 -1000 -10
173 30 pedestrian 0 0 -10 647.26 182.32 780.77 292.83 -10 -10 -10 -100    0 -1000 -1000 -10
173 8 pedestrian 0 0 -10 259.02 193.11 395.23 286.10 -10 -10 -10 -100    0 -1000 -1000 -10
173 31 pedestrian 0 0 -10 482.07 168.73 506.24 203.37 -10 -10 -10 -100    0 -1000 -1000 -10
173 6 pedestrian 0 0 -10 528.48 182.53 573.75 231.22 -10 -10 -10 -100    0 -1000 -1000 -10
173 28 pedestrian 0 0 -10 447.16 184.76 483.76 216.26 -10 -10 -10 -100    0 -1000 -1000 -10
173 3 pedestrian 0 0 -10 569.29 184.34 592.03 206.11 -10 -10 -10 -100    0 -1000 -1000 -10
173 25 pedestrian 0 0 -10 297.42 186.55 374.21 232.52 -10 -10 -10 -100    0 -1000 -1000 -10
173 22 pedestrian 0 0 -10 134.17 168.36 291.76 263.41 -10 -10 -10 -100    0 -1000 -1000 -10
174 21 pedestrian 0 0 -10 0.00 194.11 203.24 376.00 -10 -10 -10 -100    0 -1000 -1000 -10
174 24 pedestrian 0 0 -10 349.78 189.92 436.99 253.71 -10 -10 -10 -100    0 -1000 -1000 -10
174 29 pedestrian 0 0 -10 514.82 162.58 546.72 204.82 -10 -10 -10 -100    0 -1000 -1000 -10
174 12 pedestrian 0 0 -10 393.15 176.14 567.55 206.22 -10 -10 -10 -100    0 -1000 -1000 -10
174 26 pedestrian 0 0 -10 338.53 172.82 397.95 219.54 -10 -10 -10 -100    0 -1000 -1000 -10
174 30 pedestrian 0 0 -10 637.05 181.69 762.82 288.42 -10 -10 -10 -100    0 -1000 -1000 -10
174 8 pedestrian 0 0 -10 236.70 192.91 383.24 290.73 -10 -10 -10 -100    0 -1000 -1000 -10
174 31 pedestrian 0 0 -10 474.14 167.78 498.86 202.80 -10 -10 -10 -100    0 -1000 -1000 -10
174 6 pedestrian 0 0 -10 521.76 181.73 567.95 230.92 -10 -10 -10 -100    0 -1000 -1000 -10
174 28 pedestrian 0 0 -10 439.72 184.10 478.79 216.35 -10 -10 -10 -100    0 -1000 -1000 -10
174 3 pedestrian 0 0 -10 565.67 184.25 587.68 205.77 -10 -10 -10 -100    0 -1000 -1000 -10
174 25 pedestrian 0 0 -10 294.09 185.78 367.47 232.18 -10 -10 -10 -100    0 -1000 -1000 -10
174 22 pedestrian 0 0 -10 114.29 166.84 279.57 265.70 -10 -10 -10 -100    0 -1000 -1000 -10
175 32 pedestrian 0 0 -10 383.28 185.01 446.36 232.79 -10 -10 -10 -100    0 -1000 -1000 -10
175 21 pedestrian 0 0 -10 0.00 195.77 172.17 376.00 -10 -10 -10 -100    0 -1000 -1000 -10
175 24 pedestrian 0 0 -10 337.81 190.63 427.87 255.46 -10 -10 -10 -100    0 -1000 -1000 -10
175 29 pedestrian 0 0 -10 510.25 160.94 540.86 204.66 -10 -10 -10 -100    0 -1000 -1000 -10
175 12 pedestrian 0 0 -10 383.97 175.96 563.21 206.12 -10 -10 -10 -100    0 -1000 -1000 -10
175 26 pedestrian 0 0 -10 331.20 171.24 389.21 219.03 -10 -10 -10 -100    0 -1000 -1000 -10
175 30 pedestrian 0 0 -10 627.60 181.19 747.22 283.62 -10 -10 -10 -100    0 -1000 -1000 -10
175 8 pedestrian 0 0 -10 212.62 194.19 368.87 297.26 -10 -10 -10 -100    0 -1000 -1000 -10
175 31 pedestrian 0 0 -10 469.52 167.97 495.22 202.76 -10 -10 -10 -100    0 -1000 -1000 -10
175 6 pedestrian 0 0 -10 516.25 181.15 562.76 231.17 -10 -10 -10 -100    0 -1000 -1000 -10
175 28 pedestrian 0 0 -10 432.73 183.76 471.46 216.56 -10 -10 -10 -100    0 -1000 -1000 -10
175 3 pedestrian 0 0 -10 559.11 183.32 581.53 204.50 -10 -10 -10 -100    0 -1000 -1000 -10
175 25 pedestrian 0 0 -10 283.65 184.67 359.64 233.80 -10 -10 -10 -100    0 -1000 -1000 -10
175 22 pedestrian 0 0 -10 94.91 165.97 268.83 266.96 -10 -10 -10 -100    0 -1000 -1000 -10
176 32 pedestrian 0 0 -10 375.19 184.74 438.74 233.45 -10 -10 -10 -100    0 -1000 -1000 -10
176 21 pedestrian 0 0 -10 0.00 199.51 136.35 376.00 -10 -10 -10 -100    0 -1000 -1000 -10
176 24 pedestrian 0 0 -10 324.04 191.33 417.42 258.03 -10 -10 -10 -100    0 -1000 -1000 -10
176 29 pedestrian 0 0 -10 506.23 162.32 537.52 203.64 -10 -10 -10 -100    0 -1000 -1000 -10
176 12 pedestrian 0 0 -10 375.06 175.48 558.03 206.50 -10 -10 -10 -100    0 -1000 -1000 -10
176 26 pedestrian 0 0 -10 322.62 171.70 382.87 219.53 -10 -10 -10 -100    0 -1000 -1000 -10
176 30 pedestrian 0 0 -10 618.45 181.20 732.57 279.77 -10 -10 -10 -100    0 -1000 -1000 -10
176 8 pedestrian 0 0 -10 183.63 194.52 356.13 304.27 -10 -10 -10 -100    0 -1000 -1000 -10
176 31 pedestrian 0 0 -10 463.64 166.43 489.78 203.27 -10 -10 -10 -100    0 -1000 -1000 -10
176 6 pedestrian 0 0 -10 510.03 181.77 557.41 232.38 -10 -10 -10 -100    0 -1000 -1000 -10
176 28 pedestrian 0 0 -10 425.68 183.93 465.83 217.24 -10 -10 -10 -100    0 -1000 -1000 -10
176 3 pedestrian 0 0 -10 553.45 183.80 576.04 204.73 -10 -10 -10 -100    0 -1000 -1000 -10
176 25 pedestrian 0 0 -10 275.77 184.75 353.30 233.64 -10 -10 -10 -100    0 -1000 -1000 -10
176 22 pedestrian 0 0 -10 75.41 166.27 253.97 269.61 -10 -10 -10 -100    0 -1000 -1000 -10
177 32 pedestrian 0 0 -10 364.16 185.54 430.64 234.40 -10 -10 -10 -100    0 -1000 -1000 -10
177 21 pedestrian 0 0 -10 0.00 191.79 92.63 376.00 -10 -10 -10 -100    0 -1000 -1000 -10
177 24 pedestrian 0 0 -10 305.97 190.15 406.37 262.58 -10 -10 -10 -100    0 -1000 -1000 -10
177 29 pedestrian 0 0 -10 498.78 161.57 530.42 204.76 -10 -10 -10 -100    0 -1000 -1000 -10
177 12 pedestrian 0 0 -10 368.59 176.10 550.18 206.88 -10 -10 -10 -100    0 -1000 -1000 -10
177 26 pedestrian 0 0 -10 313.67 171.89 375.88 221.29 -10 -10 -10 -100    0 -1000 -1000 -10
177 30 pedestrian 0 0 -10 609.28 181.10 717.67 275.92 -10 -10 -10 -100    0 -1000 -1000 -10
177 8 pedestrian 0 0 -10 152.67 195.93 339.69 312.60 -10 -10 -10 -100    0 -1000 -1000 -10
177 31 pedestrian 0 0 -10 458.16 166.80 484.75 203.09 -10 -10 -10 -100    0 -1000 -1000 -10
177 6 pedestrian 0 0 -10 503.33 181.59 551.13 233.42 -10 -10 -10 -100    0 -1000 -1000 -10
177 28 pedestrian 0 0 -10 418.60 184.59 459.67 217.78 -10 -10 -10 -100    0 -1000 -1000 -10
177 3 pedestrian 0 0 -10 548.48 184.25 570.91 204.34 -10 -10 -10 -100    0 -1000 -1000 -10
177 25 pedestrian 0 0 -10 265.32 185.47 344.70 234.92 -10 -10 -10 -100    0 -1000 -1000 -10
177 22 pedestrian 0 0 -10 52.80 165.32 240.08 272.03 -10 -10 -10 -100    0 -1000 -1000 -10
178 32 pedestrian 0 0 -10 354.03 185.40 422.78 235.60 -10 -10 -10 -100    0 -1000 -1000 -10
178 24 pedestrian 0 0 -10 290.74 190.12 396.20 265.01 -10 -10 -10 -100    0 -1000 -1000 -10
178 29 pedestrian 0 0 -10 494.30 159.85 525.19 204.70 -10 -10 -10 -100    0 -1000 -1000 -10
178 12 pedestrian 0 0 -10 361.34 175.71 547.67 207.44 -10 -10 -10 -100    0 -1000 -1000 -10
178 26 pedestrian 0 0 -10 304.30 171.27 367.58 219.86 -10 -10 -10 -100    0 -1000 -1000 -10
178 30 pedestrian 0 0 -10 599.55 180.67 704.64 273.34 -10 -10 -10 -100    0 -1000 -1000 -10
178 8 pedestrian 0 0 -10 117.26 195.48 322.52 320.75 -10 -10 -10 -100    0 -1000 -1000 -10
178 31 pedestrian 0 0 -10 452.89 167.14 480.02 203.58 -10 -10 -10 -100    0 -1000 -1000 -10
178 6 pedestrian 0 0 -10 497.90 181.40 546.09 233.93 -10 -10 -10 -100    0 -1000 -1000 -10
178 28 pedestrian 0 0 -10 412.22 183.72 453.08 217.46 -10 -10 -10 -100    0 -1000 -1000 -10
178 3 pedestrian 0 0 -10 543.33 184.02 564.58 204.32 -10 -10 -10 -100    0 -1000 -1000 -10
178 25 pedestrian 0 0 -10 252.66 185.16 335.92 235.39 -10 -10 -10 -100    0 -1000 -1000 -10
178 22 pedestrian 0 0 -10 28.40 164.01 226.31 275.02 -10 -10 -10 -100    0 -1000 -1000 -10
179 32 pedestrian 0 0 -10 341.45 184.80 414.10 237.00 -10 -10 -10 -100    0 -1000 -1000 -10
179 24 pedestrian 0 0 -10 271.25 191.31 385.03 269.49 -10 -10 -10 -100    0 -1000 -1000 -10
179 29 pedestrian 0 0 -10 490.40 159.99 522.36 203.92 -10 -10 -10 -100    0 -1000 -1000 -10
179 12 pedestrian 0 0 -10 354.99 174.37 543.34 207.43 -10 -10 -10 -100    0 -1000 -1000 -10
179 26 pedestrian 0 0 -10 293.88 170.72 358.83 219.99 -10 -10 -10 -100    0 -1000 -1000 -10
179 30 pedestrian 0 0 -10 591.32 180.02 691.26 269.65 -10 -10 -10 -100    0 -1000 -1000 -10
179 8 pedestrian 0 0 -10 74.73 196.93 303.88 333.63 -10 -10 -10 -100    0 -1000 -1000 -10
179 31 pedestrian 0 0 -10 446.23 165.46 473.80 203.99 -10 -10 -10 -100    0 -1000 -1000 -10
179 6 pedestrian 0 0 -10 490.30 181.22 539.79 234.26 -10 -10 -10 -100    0 -1000 -1000 -10
179 28 pedestrian 0 0 -10 403.95 183.91 447.13 218.48 -10 -10 -10 -100    0 -1000 -1000 -10
179 3 pedestrian 0 0 -10 537.86 182.83 559.99 203.99 -10 -10 -10 -100    0 -1000 -1000 -10
179 25 pedestrian 0 0 -10 239.92 185.00 325.06 236.24 -10 -10 -10 -100    0 -1000 -1000 -10
179 22 pedestrian 0 0 -10 1.74 164.41 212.04 278.82 -10 -10 -10 -100    0 -1000 -1000 -10
180 32 pedestrian 0 0 -10 327.92 184.44 404.83 238.14 -10 -10 -10 -100    0 -1000 -1000 -10
180 24 pedestrian 0 0 -10 247.35 191.44 372.32 273.50 -10 -10 -10 -100    0 -1000 -1000 -10
180 29 pedestrian 0 0 -10 484.24 160.38 516.49 205.05 -10 -10 -10 -100    0 -1000 -1000 -10
180 12 pedestrian 0 0 -10 348.97 175.35 540.11 208.49 -10 -10 -10 -100    0 -1000 -1000 -10
180 26 pedestrian 0 0 -10 282.80 170.57 349.85 221.35 -10 -10 -10 -100    0 -1000 -1000 -10
180 30 pedestrian 0 0 -10 582.12 179.88 678.80 266.28 -10 -10 -10 -100    0 -1000 -1000 -10
180 8 pedestrian 0 0 -10 26.38 198.76 281.32 346.59 -10 -10 -10 -100    0 -1000 -1000 -10
180 31 pedestrian 0 0 -10 441.53 165.37 469.56 203.71 -10 -10 -10 -100    0 -1000 -1000 -10
180 6 pedestrian 0 0 -10 483.50 180.76 532.83 234.79 -10 -10 -10 -100    0 -1000 -1000 -10
180 28 pedestrian 0 0 -10 394.50 183.12 438.78 218.98 -10 -10 -10 -100    0 -1000 -1000 -10
180 3 pedestrian 0 0 -10 532.37 183.27 554.47 203.82 -10 -10 -10 -100    0 -1000 -1000 -10
180 25 pedestrian 0 0 -10 226.72 185.10 316.50 237.57 -10 -10 -10 -100    0 -1000 -1000 -10
180 22 pedestrian 0 0 -10 0.00 163.36 198.14 284.70 -10 -10 -10 -100    0 -1000 -1000 -10
181 32 pedestrian 0 0 -10 316.74 184.63 395.83 239.94 -10 -10 -10 -100    0 -1000 -1000 -10
181 24 pedestrian 0 0 -10 228.06 191.15 359.19 278.40 -10 -10 -10 -100    0 -1000 -1000 -10
181 29 pedestrian 0 0 -10 479.64 159.33 511.98 204.29 -10 -10 -10 -100    0 -1000 -1000 -10
181 12 pedestrian 0 0 -10 339.20 176.09 537.46 210.18 -10 -10 -10 -100    0 -1000 -1000 -10
181 26 pedestrian 0 0 -10 274.62 169.57 342.92 220.66 -10 -10 -10 -100    0 -1000 -1000 -10
181 30 pedestrian 0 0 -10 573.66 179.46 665.55 263.36 -10 -10 -10 -100    0 -1000 -1000 -10
181 8 pedestrian 0 0 -10 0.00 198.52 258.49 361.19 -10 -10 -10 -100    0 -1000 -1000 -10
181 31 pedestrian 0 0 -10 434.63 165.54 462.66 203.96 -10 -10 -10 -100    0 -1000 -1000 -10
181 6 pedestrian 0 0 -10 476.57 180.81 527.53 235.06 -10 -10 -10 -100    0 -1000 -1000 -10
181 28 pedestrian 0 0 -10 386.13 183.19 431.07 219.21 -10 -10 -10 -100    0 -1000 -1000 -10
181 3 pedestrian 0 0 -10 526.81 182.98 548.64 204.03 -10 -10 -10 -100    0 -1000 -1000 -10
181 25 pedestrian 0 0 -10 213.72 185.16 305.13 239.80 -10 -10 -10 -100    0 -1000 -1000 -10
181 22 pedestrian 0 0 -10 0.07 162.92 180.61 282.17 -10 -10 -10 -100    0 -1000 -1000 -10
182 32 pedestrian 0 0 -10 302.13 184.79 387.24 242.15 -10 -10 -10 -100    0 -1000 -1000 -10
182 24 pedestrian 0 0 -10 203.24 192.33 344.58 283.86 -10 -10 -10 -100    0 -1000 -1000 -10
182 29 pedestrian 0 0 -10 473.10 159.69 506.42 204.75 -10 -10 -10 -100    0 -1000 -1000 -10
182 12 pedestrian 0 0 -10 329.28 175.39 531.38 211.33 -10 -10 -10 -100    0 -1000 -1000 -10
182 26 pedestrian 0 0 -10 263.51 169.21 333.40 221.53 -10 -10 -10 -100    0 -1000 -1000 -10
182 30 pedestrian 0 0 -10 565.62 178.84 653.96 261.24 -10 -10 -10 -100    0 -1000 -1000 -10
182 8 pedestrian 0 0 -10 0.12 201.08 231.99 376.00 -10 -10 -10 -100    0 -1000 -1000 -10
182 31 pedestrian 0 0 -10 428.96 164.69 457.70 203.54 -10 -10 -10 -100    0 -1000 -1000 -10
182 6 pedestrian 0 0 -10 469.06 180.86 520.46 236.30 -10 -10 -10 -100    0 -1000 -1000 -10
182 28 pedestrian 0 0 -10 376.96 182.68 424.13 220.91 -10 -10 -10 -100    0 -1000 -1000 -10
182 3 pedestrian 0 0 -10 521.96 182.92 543.44 203.64 -10 -10 -10 -100    0 -1000 -1000 -10
182 25 pedestrian 0 0 -10 200.15 185.59 295.62 241.61 -10 -10 -10 -100    0 -1000 -1000 -10
182 22 pedestrian 0 0 -10 0.00 162.66 164.63 290.44 -10 -10 -10 -100    0 -1000 -1000 -10
183 32 pedestrian 0 0 -10 287.69 184.42 377.32 244.69 -10 -10 -10 -100    0 -1000 -1000 -10
183 24 pedestrian 0 0 -10 177.52 191.43 330.52 290.17 -10 -10 -10 -100    0 -1000 -1000 -10
183 29 pedestrian 0 0 -10 467.62 159.62 501.78 205.41 -10 -10 -10 -100    0 -1000 -1000 -10
183 12 pedestrian 0 0 -10 325.03 175.47 526.98 210.78 -10 -10 -10 -100    0 -1000 -1000 -10
183 26 pedestrian 0 0 -10 252.84 168.60 326.72 223.58 -10 -10 -10 -100    0 -1000 -1000 -10
183 30 pedestrian 0 0 -10 557.97 178.96 643.45 259.00 -10 -10 -10 -100    0 -1000 -1000 -10
183 8 pedestrian 0 0 -10 0.04 202.23 203.24 376.00 -10 -10 -10 -100    0 -1000 -1000 -10
183 31 pedestrian 0 0 -10 423.09 164.69 452.23 204.67 -10 -10 -10 -100    0 -1000 -1000 -10
183 6 pedestrian 0 0 -10 462.27 180.45 515.38 237.18 -10 -10 -10 -100    0 -1000 -1000 -10
183 28 pedestrian 0 0 -10 369.01 183.52 417.70 220.85 -10 -10 -10 -100    0 -1000 -1000 -10
183 3 pedestrian 0 0 -10 516.91 183.09 539.44 204.24 -10 -10 -10 -100    0 -1000 -1000 -10
183 25 pedestrian 0 0 -10 186.15 185.97 285.43 241.71 -10 -10 -10 -100    0 -1000 -1000 -10
183 22 pedestrian 0 0 -10 0.00 162.55 148.93 292.31 -10 -10 -10 -100    0 -1000 -1000 -10
184 35 pedestrian 0 0 -10 388.16 182.03 426.89 213.34 -10 -10 -10 -100    0 -1000 -1000 -10
184 32 pedestrian 0 0 -10 276.53 184.95 369.07 246.32 -10 -10 -10 -100    0 -1000 -1000 -10
184 24 pedestrian 0 0 -10 150.19 192.07 317.41 296.68 -10 -10 -10 -100    0 -1000 -1000 -10
184 29 pedestrian 0 0 -10 464.86 158.04 498.07 204.85 -10 -10 -10 -100    0 -1000 -1000 -10
184 12 pedestrian 0 0 -10 319.70 174.91 525.87 212.00 -10 -10 -10 -100    0 -1000 -1000 -10
184 26 pedestrian 0 0 -10 242.90 168.72 318.70 223.82 -10 -10 -10 -100    0 -1000 -1000 -10
184 30 pedestrian 0 0 -10 552.00 178.06 635.06 256.11 -10 -10 -10 -100    0 -1000 -1000 -10
184 8 pedestrian 0 0 -10 0.00 205.49 171.76 376.00 -10 -10 -10 -100    0 -1000 -1000 -10
184 31 pedestrian 0 0 -10 417.69 163.92 447.33 204.62 -10 -10 -10 -100    0 -1000 -1000 -10
184 6 pedestrian 0 0 -10 457.05 180.61 511.36 237.50 -10 -10 -10 -100    0 -1000 -1000 -10
184 28 pedestrian 0 0 -10 362.44 182.41 411.74 221.73 -10 -10 -10 -100    0 -1000 -1000 -10
184 3 pedestrian 0 0 -10 513.49 181.99 535.71 203.50 -10 -10 -10 -100    0 -1000 -1000 -10
184 25 pedestrian 0 0 -10 173.29 185.53 278.32 243.61 -10 -10 -10 -100    0 -1000 -1000 -10
184 22 pedestrian 0 0 -10 0.11 162.02 131.35 296.34 -10 -10 -10 -100    0 -1000 -1000 -10
185 35 pedestrian 0 0 -10 383.51 182.73 423.78 214.48 -10 -10 -10 -100    0 -1000 -1000 -10
185 32 pedestrian 0 0 -10 263.48 185.14 360.99 248.45 -10 -10 -10 -100    0 -1000 -1000 -10
185 24 pedestrian 0 0 -10 121.10 193.74 303.22 303.78 -10 -10 -10 -100    0 -1000 -1000 -10
185 29 pedestrian 0 0 -10 460.49 157.56 495.05 204.93 -10 -10 -10 -100    0 -1000 -1000 -10
185 12 pedestrian 0 0 -10 307.45 176.21 525.38 214.32 -10 -10 -10 -100    0 -1000 -1000 -10
185 26 pedestrian 0 0 -10 233.65 168.81 312.15 226.10 -10 -10 -10 -100    0 -1000 -1000 -10
185 30 pedestrian 0 0 -10 547.12 177.56 627.16 254.54 -10 -10 -10 -100    0 -1000 -1000 -10
185 8 pedestrian 0 0 -10 0.00 205.60 132.48 376.00 -10 -10 -10 -100    0 -1000 -1000 -10
185 31 pedestrian 0 0 -10 414.73 163.84 444.82 204.35 -10 -10 -10 -100    0 -1000 -1000 -10
185 6 pedestrian 0 0 -10 451.49 180.98 505.61 237.97 -10 -10 -10 -100    0 -1000 -1000 -10
185 28 pedestrian 0 0 -10 354.94 182.22 406.99 222.81 -10 -10 -10 -100    0 -1000 -1000 -10
185 3 pedestrian 0 0 -10 510.57 182.20 532.37 203.04 -10 -10 -10 -100    0 -1000 -1000 -10
185 25 pedestrian 0 0 -10 156.48 186.09 266.06 247.24 -10 -10 -10 -100    0 -1000 -1000 -10
185 22 pedestrian 0 0 -10 0.02 162.52 113.18 294.71 -10 -10 -10 -100    0 -1000 -1000 -10
186 35 pedestrian 0 0 -10 379.76 183.18 420.45 215.00 -10 -10 -10 -100    0 -1000 -1000 -10
186 32 pedestrian 0 0 -10 251.05 185.93 353.16 251.23 -10 -10 -10 -100    0 -1000 -1000 -10
186 24 pedestrian 0 0 -10 86.17 196.18 288.75 314.07 -10 -10 -10 -100    0 -1000 -1000 -10
186 29 pedestrian 0 0 -10 458.13 157.98 492.58 205.57 -10 -10 -10 -100    0 -1000 -1000 -10
186 12 pedestrian 0 0 -10 299.11 177.31 524.48 216.44 -10 -10 -10 -100    0 -1000 -1000 -10
186 26 pedestrian 0 0 -10 225.84 168.86 305.57 226.68 -10 -10 -10 -100    0 -1000 -1000 -10
186 30 pedestrian 0 0 -10 542.11 177.76 620.17 253.36 -10 -10 -10 -100    0 -1000 -1000 -10
186 8 pedestrian 0 0 -10 0.00 213.48 88.95 376.00 -10 -10 -10 -100    0 -1000 -1000 -10
186 31 pedestrian 0 0 -10 411.71 164.02 442.43 204.90 -10 -10 -10 -100    0 -1000 -1000 -10
186 6 pedestrian 0 0 -10 446.04 180.40 502.09 239.75 -10 -10 -10 -100    0 -1000 -1000 -10
186 28 pedestrian 0 0 -10 348.82 182.94 401.43 224.22 -10 -10 -10 -100    0 -1000 -1000 -10
186 3 pedestrian 0 0 -10 508.07 182.51 530.22 203.63 -10 -10 -10 -100    0 -1000 -1000 -10
186 25 pedestrian 0 0 -10 144.05 186.71 257.31 249.06 -10 -10 -10 -100    0 -1000 -1000 -10
186 22 pedestrian 0 0 -10 0.00 163.20 94.41 291.85 -10 -10 -10 -100    0 -1000 -1000 -10
187 35 pedestrian 0 0 -10 376.03 183.14 417.77 216.06 -10 -10 -10 -100    0 -1000 -1000 -10
187 32 pedestrian 0 0 -10 237.76 187.07 345.37 254.71 -10 -10 -10 -100    0 -1000 -1000 -10
187 24 pedestrian 0 0 -10 47.04 197.24 272.21 325.17 -10 -10 -10 -100    0 -1000 -1000 -10
187 29 pedestrian 0 0 -10 456.46 157.89 490.98 205.92 -10 -10 -10 -100    0 -1000 -1000 -10
187 12 pedestrian 0 0 -10 296.81 178.56 524.54 217.56 -10 -10 -10 -100    0 -1000 -1000 -10
187 26 pedestrian 0 0 -10 215.97 168.79 298.39 228.90 -10 -10 -10 -100    0 -1000 -1000 -10
187 30 pedestrian 0 0 -10 537.13 177.49 613.43 251.51 -10 -10 -10 -100    0 -1000 -1000 -10
187 31 pedestrian 0 0 -10 409.61 164.35 440.54 205.40 -10 -10 -10 -100    0 -1000 -1000 -10
187 6 pedestrian 0 0 -10 441.27 180.38 498.94 240.98 -10 -10 -10 -100    0 -1000 -1000 -10
187 28 pedestrian 0 0 -10 342.60 184.08 397.60 225.84 -10 -10 -10 -100    0 -1000 -1000 -10
187 3 pedestrian 0 0 -10 507.08 183.11 529.24 203.95 -10 -10 -10 -100    0 -1000 -1000 -10
187 25 pedestrian 0 0 -10 128.53 186.84 248.41 250.58 -10 -10 -10 -100    0 -1000 -1000 -10
187 22 pedestrian 0 0 -10 0.07 160.42 72.88 297.86 -10 -10 -10 -100    0 -1000 -1000 -10
188 35 pedestrian 0 0 -10 371.94 182.98 413.75 216.30 -10 -10 -10 -100    0 -1000 -1000 -10
188 32 pedestrian 0 0 -10 221.49 187.78 337.91 258.04 -10 -10 -10 -100    0 -1000 -1000 -10
188 24 pedestrian 0 0 -10 2.44 198.92 253.65 338.85 -10 -10 -10 -100    0 -1000 -1000 -10
188 29 pedestrian 0 0 -10 453.32 157.04 488.94 206.26 -10 -10 -10 -100    0 -1000 -1000 -10
188 12 pedestrian 0 0 -10 287.65 178.78 521.61 219.78 -10 -10 -10 -100    0 -1000 -1000 -10
188 26 pedestrian 0 0 -10 208.86 168.82 293.76 230.28 -10 -10 -10 -100    0 -1000 -1000 -10
188 30 pedestrian 0 0 -10 534.07 177.95 606.57 250.59 -10 -10 -10 -100    0 -1000 -1000 -10
188 31 pedestrian 0 0 -10 406.58 163.95 438.59 206.41 -10 -10 -10 -100    0 -1000 -1000 -10
188 6 pedestrian 0 0 -10 437.93 180.50 496.45 242.82 -10 -10 -10 -100    0 -1000 -1000 -10
188 28 pedestrian 0 0 -10 337.10 184.45 393.57 227.11 -10 -10 -10 -100    0 -1000 -1000 -10
188 3 pedestrian 0 0 -10 506.62 183.94 528.66 204.30 -10 -10 -10 -100    0 -1000 -1000 -10
188 25 pedestrian 0 0 -10 114.80 186.92 240.40 251.91 -10 -10 -10 -100    0 -1000 -1000 -10
188 22 pedestrian 0 0 -10 0.06 158.50 52.51 292.54 -10 -10 -10 -100    0 -1000 -1000 -10
189 35 pedestrian 0 0 -10 369.10 183.12 412.85 216.78 -10 -10 -10 -100    0 -1000 -1000 -10
189 32 pedestrian 0 0 -10 205.90 187.92 328.79 262.17 -10 -10 -10 -100    0 -1000 -1000 -10
189 24 pedestrian 0 0 -10 0.00 199.97 231.56 352.86 -10 -10 -10 -100    0 -1000 -1000 -10
189 29 pedestrian 0 0 -10 451.64 156.85 487.65 206.84 -10 -10 -10 -100    0 -1000 -1000 -10
189 12 pedestrian 0 0 -10 279.77 178.94 520.26 220.95 -10 -10 -10 -100    0 -1000 -1000 -10
189 26 pedestrian 0 0 -10 200.27 168.72 286.60 230.69 -10 -10 -10 -100    0 -1000 -1000 -10
189 30 pedestrian 0 0 -10 531.99 178.72 602.80 250.40 -10 -10 -10 -100    0 -1000 -1000 -10
189 31 pedestrian 0 0 -10 405.17 163.97 437.64 206.17 -10 -10 -10 -100    0 -1000 -1000 -10
189 6 pedestrian 0 0 -10 433.10 180.82 492.51 244.11 -10 -10 -10 -100    0 -1000 -1000 -10
189 28 pedestrian 0 0 -10 330.89 184.70 389.42 228.61 -10 -10 -10 -100    0 -1000 -1000 -10
189 3 pedestrian 0 0 -10 506.72 184.07 529.12 204.80 -10 -10 -10 -100    0 -1000 -1000 -10
189 25 pedestrian 0 0 -10 96.97 187.71 232.14 254.80 -10 -10 -10 -100    0 -1000 -1000 -10
190 35 pedestrian 0 0 -10 365.72 183.74 410.97 217.99 -10 -10 -10 -100    0 -1000 -1000 -10
190 32 pedestrian 0 0 -10 188.78 189.01 319.61 266.67 -10 -10 -10 -100    0 -1000 -1000 -10
190 24 pedestrian 0 0 -10 0.00 201.60 208.09 367.60 -10 -10 -10 -100    0 -1000 -1000 -10
190 29 pedestrian 0 0 -10 448.86 157.27 487.07 207.71 -10 -10 -10 -100    0 -1000 -1000 -10
190 12 pedestrian 0 0 -10 314.38 181.15 519.35 216.40 -10 -10 -10 -100    0 -1000 -1000 -10
190 26 pedestrian 0 0 -10 192.02 168.92 280.83 233.52 -10 -10 -10 -100    0 -1000 -1000 -10
190 30 pedestrian 0 0 -10 529.92 179.12 598.42 249.57 -10 -10 -10 -100    0 -1000 -1000 -10
190 31 pedestrian 0 0 -10 403.64 164.02 437.39 205.58 -10 -10 -10 -100    0 -1000 -1000 -10
190 6 pedestrian 0 0 -10 428.39 181.30 490.70 246.29 -10 -10 -10 -100    0 -1000 -1000 -10
190 28 pedestrian 0 0 -10 325.21 185.60 386.02 230.43 -10 -10 -10 -100    0 -1000 -1000 -10
190 3 pedestrian 0 0 -10 505.41 184.04 527.47 205.13 -10 -10 -10 -100    0 -1000 -1000 -10
190 25 pedestrian 0 0 -10 83.75 188.67 221.55 258.83 -10 -10 -10 -100    0 -1000 -1000 -10
191 35 pedestrian 0 0 -10 362.65 183.56 408.61 217.97 -10 -10 -10 -100    0 -1000 -1000 -10
191 32 pedestrian 0 0 -10 169.74 189.48 311.21 270.43 -10 -10 -10 -100    0 -1000 -1000 -10
191 24 pedestrian 0 0 -10 0.00 204.07 182.22 376.00 -10 -10 -10 -100    0 -1000 -1000 -10
191 29 pedestrian 0 0 -10 447.32 156.28 486.38 206.43 -10 -10 -10 -100    0 -1000 -1000 -10
191 12 pedestrian 0 0 -10 329.55 181.16 519.14 214.41 -10 -10 -10 -100    0 -1000 -1000 -10
191 26 pedestrian 0 0 -10 184.26 168.08 276.01 232.97 -10 -10 -10 -100    0 -1000 -1000 -10
191 30 pedestrian 0 0 -10 527.57 178.87 594.48 248.22 -10 -10 -10 -100    0 -1000 -1000 -10
191 31 pedestrian 0 0 -10 402.15 163.43 436.66 205.51 -10 -10 -10 -100    0 -1000 -1000 -10
191 6 pedestrian 0 0 -10 421.94 180.77 487.19 247.85 -10 -10 -10 -100    0 -1000 -1000 -10
191 28 pedestrian 0 0 -10 318.50 185.53 382.22 232.02 -10 -10 -10 -100    0 -1000 -1000 -10
191 3 pedestrian 0 0 -10 504.60 184.39 526.55 205.35 -10 -10 -10 -100    0 -1000 -1000 -10
191 25 pedestrian 0 0 -10 63.24 188.87 212.98 261.19 -10 -10 -10 -100    0 -1000 -1000 -10
192 35 pedestrian 0 0 -10 360.53 184.19 406.91 218.92 -10 -10 -10 -100    0 -1000 -1000 -10
192 32 pedestrian 0 0 -10 150.87 189.67 301.29 275.58 -10 -10 -10 -100    0 -1000 -1000 -10
192 24 pedestrian 0 0 -10 0.00 205.84 151.48 376.00 -10 -10 -10 -100    0 -1000 -1000 -10
192 29 pedestrian 0 0 -10 447.62 156.43 487.08 206.60 -10 -10 -10 -100    0 -1000 -1000 -10
192 12 pedestrian 0 0 -10 334.16 180.81 520.71 213.77 -10 -10 -10 -100    0 -1000 -1000 -10
192 26 pedestrian 0 0 -10 174.35 167.91 272.29 234.63 -10 -10 -10 -100    0 -1000 -1000 -10
192 30 pedestrian 0 0 -10 526.10 178.67 591.48 246.52 -10 -10 -10 -100    0 -1000 -1000 -10
192 31 pedestrian 0 0 -10 402.10 163.63 436.58 205.60 -10 -10 -10 -100    0 -1000 -1000 -10
192 6 pedestrian 0 0 -10 418.24 180.74 485.78 249.23 -10 -10 -10 -100    0 -1000 -1000 -10
192 28 pedestrian 0 0 -10 311.72 185.92 377.11 233.68 -10 -10 -10 -100    0 -1000 -1000 -10
192 3 pedestrian 0 0 -10 505.81 184.60 527.25 204.90 -10 -10 -10 -100    0 -1000 -1000 -10
192 25 pedestrian 0 0 -10 43.15 188.90 202.54 266.06 -10 -10 -10 -100    0 -1000 -1000 -10
193 36 pedestrian 0 0 -10 271.63 186.78 322.77 220.07 -10 -10 -10 -100    0 -1000 -1000 -10
193 35 pedestrian 0 0 -10 358.22 184.36 405.45 220.00 -10 -10 -10 -100    0 -1000 -1000 -10
193 32 pedestrian 0 0 -10 128.59 190.29 292.42 280.98 -10 -10 -10 -100    0 -1000 -1000 -10
193 24 pedestrian 0 0 -10 0.05 209.40 115.32 376.00 -10 -10 -10 -100    0 -1000 -1000 -10
193 29 pedestrian 0 0 -10 447.93 156.57 488.22 206.96 -10 -10 -10 -100    0 -1000 -1000 -10
193 12 pedestrian 0 0 -10 331.85 180.97 521.51 214.27 -10 -10 -10 -100    0 -1000 -1000 -10
193 26 pedestrian 0 0 -10 165.35 167.64 267.37 235.66 -10 -10 -10 -100    0 -1000 -1000 -10
193 30 pedestrian 0 0 -10 524.93 178.86 589.12 245.78 -10 -10 -10 -100    0 -1000 -1000 -10
193 31 pedestrian 0 0 -10 402.16 163.57 437.40 206.47 -10 -10 -10 -100    0 -1000 -1000 -10
193 6 pedestrian 0 0 -10 413.90 180.96 484.35 251.20 -10 -10 -10 -100    0 -1000 -1000 -10
193 28 pedestrian 0 0 -10 305.44 186.44 373.71 235.32 -10 -10 -10 -100    0 -1000 -1000 -10
193 3 pedestrian 0 0 -10 506.81 184.05 528.17 205.03 -10 -10 -10 -100    0 -1000 -1000 -10
193 25 pedestrian 0 0 -10 22.47 189.92 190.03 268.49 -10 -10 -10 -100    0 -1000 -1000 -10
194 36 pedestrian 0 0 -10 268.73 186.33 321.96 220.66 -10 -10 -10 -100    0 -1000 -1000 -10
194 35 pedestrian 0 0 -10 354.99 183.46 404.17 220.38 -10 -10 -10 -100    0 -1000 -1000 -10
194 32 pedestrian 0 0 -10 105.15 190.03 282.03 286.07 -10 -10 -10 -100    0 -1000 -1000 -10
194 24 pedestrian 0 0 -10 0.00 212.05 77.56 376.00 -10 -10 -10 -100    0 -1000 -1000 -10
194 29 pedestrian 0 0 -10 448.31 157.21 488.32 207.59 -10 -10 -10 -100    0 -1000 -1000 -10
194 12 pedestrian 0 0 -10 333.72 180.61 520.20 214.34 -10 -10 -10 -100    0 -1000 -1000 -10
194 26 pedestrian 0 0 -10 157.46 167.00 262.62 236.12 -10 -10 -10 -100    0 -1000 -1000 -10
194 30 pedestrian 0 0 -10 524.00 178.34 586.80 243.78 -10 -10 -10 -100    0 -1000 -1000 -10
194 31 pedestrian 0 0 -10 402.26 163.15 438.33 207.16 -10 -10 -10 -100    0 -1000 -1000 -10
194 6 pedestrian 0 0 -10 410.48 180.35 483.29 252.52 -10 -10 -10 -100    0 -1000 -1000 -10
194 28 pedestrian 0 0 -10 299.48 186.16 370.93 236.23 -10 -10 -10 -100    0 -1000 -1000 -10
194 3 pedestrian 0 0 -10 507.70 182.61 529.79 204.34 -10 -10 -10 -100    0 -1000 -1000 -10
194 25 pedestrian 0 0 -10 1.80 190.50 180.43 270.83 -10 -10 -10 -100    0 -1000 -1000 -10
195 36 pedestrian 0 0 -10 266.03 186.21 319.53 220.77 -10 -10 -10 -100    0 -1000 -1000 -10
195 35 pedestrian 0 0 -10 351.86 183.51 401.82 220.64 -10 -10 -10 -100    0 -1000 -1000 -10
195 32 pedestrian 0 0 -10 79.17 190.19 271.99 291.37 -10 -10 -10 -100    0 -1000 -1000 -10
195 29 pedestrian 0 0 -10 448.99 155.74 490.41 206.97 -10 -10 -10 -100    0 -1000 -1000 -10
195 12 pedestrian 0 0 -10 331.95 180.17 518.84 214.00 -10 -10 -10 -100    0 -1000 -1000 -10
195 26 pedestrian 0 0 -10 148.97 166.04 255.89 236.88 -10 -10 -10 -100    0 -1000 -1000 -10
195 30 pedestrian 0 0 -10 523.45 177.69 585.38 242.56 -10 -10 -10 -100    0 -1000 -1000 -10
195 31 pedestrian 0 0 -10 403.14 162.51 439.88 208.19 -10 -10 -10 -100    0 -1000 -1000 -10
195 6 pedestrian 0 0 -10 406.24 179.98 482.30 253.48 -10 -10 -10 -100    0 -1000 -1000 -10
195 28 pedestrian 0 0 -10 293.14 185.48 367.53 237.65 -10 -10 -10 -100    0 -1000 -1000 -10
195 3 pedestrian 0 0 -10 509.58 181.82 531.16 203.56 -10 -10 -10 -100    0 -1000 -1000 -10
195 25 pedestrian 0 0 -10 0.09 189.67 163.97 275.90 -10 -10 -10 -100    0 -1000 -1000 -10
196 36 pedestrian 0 0 -10 262.88 185.77 319.48 221.11 -10 -10 -10 -100    0 -1000 -1000 -10
196 35 pedestrian 0 0 -10 349.17 183.00 400.66 221.76 -10 -10 -10 -100    0 -1000 -1000 -10
196 32 pedestrian 0 0 -10 49.87 190.20 260.46 298.70 -10 -10 -10 -100    0 -1000 -1000 -10
196 29 pedestrian 0 0 -10 448.55 155.32 492.56 207.41 -10 -10 -10 -100    0 -1000 -1000 -10
196 12 pedestrian 0 0 -10 332.17 179.14 518.77 213.57 -10 -10 -10 -100    0 -1000 -1000 -10
196 26 pedestrian 0 0 -10 139.32 165.83 253.54 237.53 -10 -10 -10 -100    0 -1000 -1000 -10
196 30 pedestrian 0 0 -10 523.45 177.23 584.51 241.19 -10 -10 -10 -100    0 -1000 -1000 -10
196 31 pedestrian 0 0 -10 402.64 162.29 440.51 208.63 -10 -10 -10 -100    0 -1000 -1000 -10
196 6 pedestrian 0 0 -10 402.26 179.28 481.56 255.00 -10 -10 -10 -100    0 -1000 -1000 -10
196 28 pedestrian 0 0 -10 286.05 185.24 364.82 238.95 -10 -10 -10 -100    0 -1000 -1000 -10
196 3 pedestrian 0 0 -10 510.96 180.97 531.96 202.19 -10 -10 -10 -100    0 -1000 -1000 -10
196 25 pedestrian 0 0 -10 0.21 189.76 151.04 280.03 -10 -10 -10 -100    0 -1000 -1000 -10
197 36 pedestrian 0 0 -10 259.86 186.28 317.18 221.45 -10 -10 -10 -100    0 -1000 -1000 -10
197 35 pedestrian 0 0 -10 347.05 182.77 399.87 222.75 -10 -10 -10 -100    0 -1000 -1000 -10
197 32 pedestrian 0 0 -10 19.00 190.98 247.23 304.85 -10 -10 -10 -100    0 -1000 -1000 -10
197 29 pedestrian 0 0 -10 449.07 154.55 493.01 209.17 -10 -10 -10 -100    0 -1000 -1000 -10
197 12 pedestrian 0 0 -10 328.42 178.76 517.35 214.25 -10 -10 -10 -100    0 -1000 -1000 -10
197 26 pedestrian 0 0 -10 131.26 165.60 248.04 238.85 -10 -10 -10 -100    0 -1000 -1000 -10
197 30 pedestrian 0 0 -10 524.12 176.80 583.74 239.50 -10 -10 -10 -100    0 -1000 -1000 -10
197 31 pedestrian 0 0 -10 402.04 161.17 441.37 208.73 -10 -10 -10 -100    0 -1000 -1000 -10
197 6 pedestrian 0 0 -10 398.65 178.67 480.56 256.97 -10 -10 -10 -100    0 -1000 -1000 -10
197 28 pedestrian 0 0 -10 279.17 185.07 362.42 240.09 -10 -10 -10 -100    0 -1000 -1000 -10
197 3 pedestrian 0 0 -10 510.06 180.64 531.33 201.41 -10 -10 -10 -100    0 -1000 -1000 -10
197 25 pedestrian 0 0 -10 0.05 189.16 139.87 282.94 -10 -10 -10 -100    0 -1000 -1000 -10
198 36 pedestrian 0 0 -10 257.23 186.61 315.44 222.76 -10 -10 -10 -100    0 -1000 -1000 -10
198 35 pedestrian 0 0 -10 344.27 183.44 399.27 224.23 -10 -10 -10 -100    0 -1000 -1000 -10
198 32 pedestrian 0 0 -10 0.00 191.46 233.68 314.84 -10 -10 -10 -100    0 -1000 -1000 -10
198 29 pedestrian 0 0 -10 451.12 154.04 494.90 209.86 -10 -10 -10 -100    0 -1000 -1000 -10
198 12 pedestrian 0 0 -10 325.76 179.56 509.34 214.90 -10 -10 -10 -100    0 -1000 -1000 -10
198 26 pedestrian 0 0 -10 117.72 165.31 243.12 241.54 -10 -10 -10 -100    0 -1000 -1000 -10
198 30 pedestrian 0 0 -10 524.90 176.31 583.59 238.10 -10 -10 -10 -100    0 -1000 -1000 -10
198 31 pedestrian 0 0 -10 402.31 161.31 442.81 209.29 -10 -10 -10 -100    0 -1000 -1000 -10
198 6 pedestrian 0 0 -10 394.19 178.64 480.64 258.92 -10 -10 -10 -100    0 -1000 -1000 -10
198 28 pedestrian 0 0 -10 271.79 185.45 358.99 242.11 -10 -10 -10 -100    0 -1000 -1000 -10
198 3 pedestrian 0 0 -10 514.93 180.74 534.66 200.84 -10 -10 -10 -100    0 -1000 -1000 -10
198 25 pedestrian 0 0 -10 0.00 190.28 125.29 287.43 -10 -10 -10 -100    0 -1000 -1000 -10
199 36 pedestrian 0 0 -10 254.35 186.32 313.33 223.15 -10 -10 -10 -100    0 -1000 -1000 -10
199 35 pedestrian 0 0 -10 342.57 183.56 399.66 224.96 -10 -10 -10 -100    0 -1000 -1000 -10
199 32 pedestrian 0 0 -10 0.00 192.82 219.65 323.43 -10 -10 -10 -100    0 -1000 -1000 -10
199 29 pedestrian 0 0 -10 452.25 154.19 496.92 209.88 -10 -10 -10 -100    0 -1000 -1000 -10
199 26 pedestrian 0 0 -10 109.51 164.91 237.98 242.34 -10 -10 -10 -100    0 -1000 -1000 -10
199 30 pedestrian 0 0 -10 525.92 176.28 583.82 236.97 -10 -10 -10 -100    0 -1000 -1000 -10
199 31 pedestrian 0 0 -10 402.57 161.27 442.16 208.49 -10 -10 -10 -100    0 -1000 -1000 -10
199 6 pedestrian 0 0 -10 389.89 178.81 480.52 261.96 -10 -10 -10 -100    0 -1000 -1000 -10
199 28 pedestrian 0 0 -10 263.97 185.49 356.87 243.82 -10 -10 -10 -100    0 -1000 -1000 -10
199 25 pedestrian 0 0 -10 0.16 191.15 115.80 292.02 -10 -10 -10 -100    0 -1000 -1000 -10
200 36 pedestrian 0 0 -10 250.84 186.28 311.22 223.47 -10 -10 -10 -100    0 -1000 -1000 -10
200 35 pedestrian 0 0 -10 340.85 184.05 398.56 225.97 -10 -10 -10 -100    0 -1000 -1000 -10
200 32 pedestrian 0 0 -10 0.00 190.77 201.50 334.46 -10 -10 -10 -100    0 -1000 -1000 -10
200 29 pedestrian 0 0 -10 454.08 154.37 498.40 209.58 -10 -10 -10 -100    0 -1000 -1000 -10
200 26 pedestrian 0 0 -10 99.13 164.79 233.36 245.20 -10 -10 -10 -100    0 -1000 -1000 -10
200 30 pedestrian 0 0 -10 527.12 176.16 584.13 236.34 -10 -10 -10 -100    0 -1000 -1000 -10
200 31 pedestrian 0 0 -10 403.52 160.78 443.84 209.39 -10 -10 -10 -100    0 -1000 -1000 -10
200 6 pedestrian 0 0 -10 385.80 179.15 480.43 264.58 -10 -10 -10 -100    0 -1000 -1000 -10
200 28 pedestrian 0 0 -10 256.61 185.62 353.03 246.31 -10 -10 -10 -100    0 -1000 -1000 -10
200 25 pedestrian 0 0 -10 0.66 192.21 87.46 292.86 -10 -10 -10 -100    0 -1000 -1000 -10
201 37 pedestrian 0 0 -10 320.06 177.58 411.09 209.15 -10 -10 -10 -100    0 -1000 -1000 -10
201 36 pedestrian 0 0 -10 247.97 185.93 308.89 222.43 -10 -10 -10 -100    0 -1000 -1000 -10
201 35 pedestrian 0 0 -10 338.38 184.06 399.46 227.07 -10 -10 -10 -100    0 -1000 -1000 -10
201 32 pedestrian 0 0 -10 0.16 194.76 184.49 344.59 -10 -10 -10 -100    0 -1000 -1000 -10
201 29 pedestrian 0 0 -10 455.76 154.32 500.63 209.95 -10 -10 -10 -100    0 -1000 -1000 -10
201 26 pedestrian 0 0 -10 87.24 164.09 228.52 247.23 -10 -10 -10 -100    0 -1000 -1000 -10
201 30 pedestrian 0 0 -10 528.69 176.01 584.81 235.30 -10 -10 -10 -100    0 -1000 -1000 -10
201 31 pedestrian 0 0 -10 403.97 161.33 444.17 209.40 -10 -10 -10 -100    0 -1000 -1000 -10
201 6 pedestrian 0 0 -10 382.32 178.96 481.40 268.04 -10 -10 -10 -100    0 -1000 -1000 -10
201 28 pedestrian 0 0 -10 246.35 185.30 349.04 248.82 -10 -10 -10 -100    0 -1000 -1000 -10
201 25 pedestrian 0 0 -10 0.00 186.57 79.04 289.14 -10 -10 -10 -100    0 -1000 -1000 -10
202 37 pedestrian 0 0 -10 320.92 177.40 411.54 208.84 -10 -10 -10 -100    0 -1000 -1000 -10
202 36 pedestrian 0 0 -10 242.74 186.09 309.35 224.73 -10 -10 -10 -100    0 -1000 -1000 -10
202 35 pedestrian 0 0 -10 335.37 184.04 398.66 228.56 -10 -10 -10 -100    0 -1000 -1000 -10
202 32 pedestrian 0 0 -10 0.00 195.19 164.50 350.89 -10 -10 -10 -100    0 -1000 -1000 -10
202 29 pedestrian 0 0 -10 457.22 154.09 503.99 211.27 -10 -10 -10 -100    0 -1000 -1000 -10
202 26 pedestrian 0 0 -10 73.84 163.06 222.77 249.44 -10 -10 -10 -100    0 -1000 -1000 -10
202 30 pedestrian 0 0 -10 530.32 176.22 586.12 234.53 -10 -10 -10 -100    0 -1000 -1000 -10
202 31 pedestrian 0 0 -10 404.55 161.19 446.80 210.02 -10 -10 -10 -100    0 -1000 -1000 -10
202 6 pedestrian 0 0 -10 377.93 179.23 481.55 270.66 -10 -10 -10 -100    0 -1000 -1000 -10
202 28 pedestrian 0 0 -10 237.25 185.17 345.30 251.24 -10 -10 -10 -100    0 -1000 -1000 -10
202 3 pedestrian 0 0 -10 507.92 175.91 543.13 198.55 -10 -10 -10 -100    0 -1000 -1000 -10
202 25 pedestrian 0 0 -10 0.00 191.95 51.03 288.70 -10 -10 -10 -100    0 -1000 -1000 -10
203 37 pedestrian 0 0 -10 320.96 177.89 410.78 208.97 -10 -10 -10 -100    0 -1000 -1000 -10
203 36 pedestrian 0 0 -10 240.86 186.06 308.24 225.40 -10 -10 -10 -100    0 -1000 -1000 -10
203 35 pedestrian 0 0 -10 331.91 184.46 397.04 229.75 -10 -10 -10 -100    0 -1000 -1000 -10
203 32 pedestrian 0 0 -10 0.00 193.27 141.52 351.93 -10 -10 -10 -100    0 -1000 -1000 -10
203 29 pedestrian 0 0 -10 458.83 153.55 506.86 211.48 -10 -10 -10 -100    0 -1000 -1000 -10
203 26 pedestrian 0 0 -10 61.59 163.38 218.40 251.32 -10 -10 -10 -100    0 -1000 -1000 -10
203 30 pedestrian 0 0 -10 532.00 176.39 587.20 233.72 -10 -10 -10 -100    0 -1000 -1000 -10
203 31 pedestrian 0 0 -10 404.01 160.32 448.23 211.53 -10 -10 -10 -100    0 -1000 -1000 -10
203 6 pedestrian 0 0 -10 372.18 179.73 481.29 274.48 -10 -10 -10 -100    0 -1000 -1000 -10
203 28 pedestrian 0 0 -10 226.21 185.31 340.80 254.16 -10 -10 -10 -100    0 -1000 -1000 -10
203 3 pedestrian 0 0 -10 510.93 175.04 547.78 199.60 -10 -10 -10 -100    0 -1000 -1000 -10
204 38 pedestrian 0 0 -10 489.79 148.08 515.93 195.76 -10 -10 -10 -100    0 -1000 -1000 -10
204 37 pedestrian 0 0 -10 321.75 177.95 410.98 208.65 -10 -10 -10 -100    0 -1000 -1000 -10
204 36 pedestrian 0 0 -10 237.93 186.01 307.03 226.62 -10 -10 -10 -100    0 -1000 -1000 -10
204 35 pedestrian 0 0 -10 327.62 184.82 395.59 231.47 -10 -10 -10 -100    0 -1000 -1000 -10
204 32 pedestrian 0 0 -10 0.09 198.13 113.56 353.81 -10 -10 -10 -100    0 -1000 -1000 -10
204 29 pedestrian 0 0 -10 461.00 152.34 509.63 211.57 -10 -10 -10 -100    0 -1000 -1000 -10
204 26 pedestrian 0 0 -10 47.81 163.81 210.58 253.59 -10 -10 -10 -100    0 -1000 -1000 -10
204 30 pedestrian 0 0 -10 534.23 176.12 588.79 232.86 -10 -10 -10 -100    0 -1000 -1000 -10
204 31 pedestrian 0 0 -10 404.37 159.52 448.96 211.91 -10 -10 -10 -100    0 -1000 -1000 -10
204 6 pedestrian 0 0 -10 367.52 180.16 480.65 278.20 -10 -10 -10 -100    0 -1000 -1000 -10
204 28 pedestrian 0 0 -10 215.42 185.61 336.16 257.73 -10 -10 -10 -100    0 -1000 -1000 -10
204 3 pedestrian 0 0 -10 514.93 175.18 551.69 199.99 -10 -10 -10 -100    0 -1000 -1000 -10
205 39 pedestrian 0 0 -10 432.73 172.75 474.47 200.04 -10 -10 -10 -100    0 -1000 -1000 -10
205 38 pedestrian 0 0 -10 493.03 149.15 519.56 196.26 -10 -10 -10 -100    0 -1000 -1000 -10
205 37 pedestrian 0 0 -10 319.55 177.92 410.13 209.50 -10 -10 -10 -100    0 -1000 -1000 -10
205 36 pedestrian 0 0 -10 232.55 185.44 303.24 226.74 -10 -10 -10 -100    0 -1000 -1000 -10
205 35 pedestrian 0 0 -10 323.44 185.09 393.44 232.60 -10 -10 -10 -100    0 -1000 -1000 -10
205 32 pedestrian 0 0 -10 0.00 198.14 81.16 354.12 -10 -10 -10 -100    0 -1000 -1000 -10
205 29 pedestrian 0 0 -10 463.28 150.75 511.74 212.13 -10 -10 -10 -100    0 -1000 -1000 -10
205 26 pedestrian 0 0 -10 30.72 162.18 205.13 256.98 -10 -10 -10 -100    0 -1000 -1000 -10
205 30 pedestrian 0 0 -10 536.25 175.77 590.20 231.78 -10 -10 -10 -100    0 -1000 -1000 -10
205 31 pedestrian 0 0 -10 402.62 158.33 448.72 212.74 -10 -10 -10 -100    0 -1000 -1000 -10
205 6 pedestrian 0 0 -10 361.18 179.60 479.09 281.93 -10 -10 -10 -100    0 -1000 -1000 -10
205 28 pedestrian 0 0 -10 201.31 185.65 329.92 261.37 -10 -10 -10 -100    0 -1000 -1000 -10
205 3 pedestrian 0 0 -10 519.86 174.91 554.73 200.61 -10 -10 -10 -100    0 -1000 -1000 -10
206 39 pedestrian 0 0 -10 433.27 171.69 475.08 199.52 -10 -10 -10 -100    0 -1000 -1000 -10
206 38 pedestrian 0 0 -10 494.43 149.20 520.79 195.95 -10 -10 -10 -100    0 -1000 -1000 -10
206 37 pedestrian 0 0 -10 316.81 178.10 409.83 212.12 -10 -10 -10 -100    0 -1000 -1000 -10
206 36 pedestrian 0 0 -10 228.08 184.83 299.79 226.65 -10 -10 -10 -100    0 -1000 -1000 -10
206 35 pedestrian 0 0 -10 318.07 184.32 389.69 234.02 -10 -10 -10 -100    0 -1000 -1000 -10
206 29 pedestrian 0 0 -10 463.79 150.24 513.53 212.38 -10 -10 -10 -100    0 -1000 -1000 -10
206 26 pedestrian 0 0 -10 13.98 160.82 196.55 259.72 -10 -10 -10 -100    0 -1000 -1000 -10
206 30 pedestrian 0 0 -10 538.51 175.33 591.71 231.00 -10 -10 -10 -100    0 -1000 -1000 -10
206 31 pedestrian 0 0 -10 401.83 158.11 449.41 213.69 -10 -10 -10 -100    0 -1000 -1000 -10
206 6 pedestrian 0 0 -10 355.22 179.90 478.01 285.46 -10 -10 -10 -100    0 -1000 -1000 -10
206 28 pedestrian 0 0 -10 187.20 186.04 324.13 265.47 -10 -10 -10 -100    0 -1000 -1000 -10
206 3 pedestrian 0 0 -10 522.60 174.75 557.46 200.93 -10 -10 -10 -100    0 -1000 -1000 -10
207 38 pedestrian 0 0 -10 497.63 147.97 524.76 195.37 -10 -10 -10 -100    0 -1000 -1000 -10
207 37 pedestrian 0 0 -10 314.60 177.07 411.01 214.13 -10 -10 -10 -100    0 -1000 -1000 -10
207 36 pedestrian 0 0 -10 223.64 184.56 296.47 226.81 -10 -10 -10 -100    0 -1000 -1000 -10
207 35 pedestrian 0 0 -10 314.25 184.96 387.25 235.39 -10 -10 -10 -100    0 -1000 -1000 -10
207 39 pedestrian 0 0 -10 434.02 170.36 474.75 199.23 -10 -10 -10 -100    0 -1000 -1000 -10
207 40 pedestrian 0 0 -10 412.74 183.44 482.19 242.18 -10 -10 -10 -100    0 -1000 -1000 -10
207 29 pedestrian 0 0 -10 465.31 149.96 515.60 212.45 -10 -10 -10 -100    0 -1000 -1000 -10
207 26 pedestrian 0 0 -10 0.13 159.27 188.35 262.28 -10 -10 -10 -100    0 -1000 -1000 -10
207 30 pedestrian 0 0 -10 540.86 175.10 592.90 230.20 -10 -10 -10 -100    0 -1000 -1000 -10
207 31 pedestrian 0 0 -10 401.65 157.92 449.76 213.70 -10 -10 -10 -100    0 -1000 -1000 -10
207 6 pedestrian 0 0 -10 346.93 179.75 477.01 290.51 -10 -10 -10 -100    0 -1000 -1000 -10
207 28 pedestrian 0 0 -10 169.76 186.51 317.58 269.22 -10 -10 -10 -100    0 -1000 -1000 -10
207 3 pedestrian 0 0 -10 526.36 174.98 560.80 199.79 -10 -10 -10 -100    0 -1000 -1000 -10
208 36 pedestrian 0 0 -10 216.58 185.01 296.49 229.13 -10 -10 -10 -100    0 -1000 -1000 -10
208 35 pedestrian 0 0 -10 307.34 184.77 386.72 237.45 -10 -10 -10 -100    0 -1000 -1000 -10
208 39 pedestrian 0 0 -10 435.76 168.99 474.02 200.27 -10 -10 -10 -100    0 -1000 -1000 -10
208 40 pedestrian 0 0 -10 411.27 183.74 483.40 245.36 -10 -10 -10 -100    0 -1000 -1000 -10
208 37 pedestrian 0 0 -10 310.05 176.41 412.75 214.27 -10 -10 -10 -100    0 -1000 -1000 -10
208 29 pedestrian 0 0 -10 466.81 149.08 518.52 213.83 -10 -10 -10 -100    0 -1000 -1000 -10
208 38 pedestrian 0 0 -10 501.00 147.42 528.30 196.51 -10 -10 -10 -100    0 -1000 -1000 -10
208 26 pedestrian 0 0 -10 0.10 159.20 179.59 265.27 -10 -10 -10 -100    0 -1000 -1000 -10
208 30 pedestrian 0 0 -10 543.48 175.21 594.22 229.58 -10 -10 -10 -100    0 -1000 -1000 -10
208 31 pedestrian 0 0 -10 399.38 157.57 450.12 214.98 -10 -10 -10 -100    0 -1000 -1000 -10
208 6 pedestrian 0 0 -10 338.95 179.60 476.53 296.04 -10 -10 -10 -100    0 -1000 -1000 -10
208 28 pedestrian 0 0 -10 152.48 187.33 310.07 274.45 -10 -10 -10 -100    0 -1000 -1000 -10
208 3 pedestrian 0 0 -10 530.59 174.44 567.54 201.00 -10 -10 -10 -100    0 -1000 -1000 -10
209 36 pedestrian 0 0 -10 212.70 184.51 294.65 228.89 -10 -10 -10 -100    0 -1000 -1000 -10
209 35 pedestrian 0 0 -10 301.04 184.61 385.05 239.88 -10 -10 -10 -100    0 -1000 -1000 -10
209 39 pedestrian 0 0 -10 436.70 165.85 475.32 201.17 -10 -10 -10 -100    0 -1000 -1000 -10
209 40 pedestrian 0 0 -10 411.08 184.62 483.88 246.61 -10 -10 -10 -100    0 -1000 -1000 -10
209 37 pedestrian 0 0 -10 307.63 175.46 412.20 214.56 -10 -10 -10 -100    0 -1000 -1000 -10
209 29 pedestrian 0 0 -10 469.03 149.11 521.13 214.15 -10 -10 -10 -100    0 -1000 -1000 -10
209 38 pedestrian 0 0 -10 503.88 146.86 530.17 197.47 -10 -10 -10 -100    0 -1000 -1000 -10
209 26 pedestrian 0 0 -10 0.06 158.24 170.83 268.62 -10 -10 -10 -100    0 -1000 -1000 -10
209 30 pedestrian 0 0 -10 546.25 175.14 596.42 228.67 -10 -10 -10 -100    0 -1000 -1000 -10
209 31 pedestrian 0 0 -10 396.56 157.74 450.16 216.36 -10 -10 -10 -100    0 -1000 -1000 -10
209 6 pedestrian 0 0 -10 329.86 179.12 475.90 301.14 -10 -10 -10 -100    0 -1000 -1000 -10
209 28 pedestrian 0 0 -10 132.49 187.50 301.47 280.06 -10 -10 -10 -100    0 -1000 -1000 -10
209 3 pedestrian 0 0 -10 533.04 174.56 570.52 201.00 -10 -10 -10 -100    0 -1000 -1000 -10
210 36 pedestrian 0 0 -10 205.92 184.39 291.82 229.84 -10 -10 -10 -100    0 -1000 -1000 -10
210 35 pedestrian 0 0 -10 295.34 184.92 381.79 241.50 -10 -10 -10 -100    0 -1000 -1000 -10
210 39 pedestrian 0 0 -10 437.67 165.80 477.48 201.55 -10 -10 -10 -100    0 -1000 -1000 -10
210 40 pedestrian 0 0 -10 410.20 184.83 484.61 248.32 -10 -10 -10 -100    0 -1000 -1000 -10
210 37 pedestrian 0 0 -10 305.89 175.47 413.09 215.37 -10 -10 -10 -100    0 -1000 -1000 -10
210 29 pedestrian 0 0 -10 470.51 149.78 523.11 215.13 -10 -10 -10 -100    0 -1000 -1000 -10
210 38 pedestrian 0 0 -10 506.64 147.18 533.37 197.00 -10 -10 -10 -100    0 -1000 -1000 -10
210 26 pedestrian 0 0 -10 0.00 156.67 160.46 271.06 -10 -10 -10 -100    0 -1000 -1000 -10
210 30 pedestrian 0 0 -10 548.27 175.22 598.44 227.88 -10 -10 -10 -100    0 -1000 -1000 -10
210 31 pedestrian 0 0 -10 396.17 157.50 450.07 216.96 -10 -10 -10 -100    0 -1000 -1000 -10
210 6 pedestrian 0 0 -10 319.81 180.25 475.83 306.36 -10 -10 -10 -100    0 -1000 -1000 -10
210 28 pedestrian 0 0 -10 108.80 188.67 293.24 285.75 -10 -10 -10 -100    0 -1000 -1000 -10
210 3 pedestrian 0 0 -10 536.01 173.90 572.02 201.94 -10 -10 -10 -100    0 -1000 -1000 -10
211 36 pedestrian 0 0 -10 199.94 184.57 290.46 231.96 -10 -10 -10 -100    0 -1000 -1000 -10
211 35 pedestrian 0 0 -10 285.94 185.12 378.17 243.57 -10 -10 -10 -100    0 -1000 -1000 -10
211 39 pedestrian 0 0 -10 440.03 166.12 479.56 201.42 -10 -10 -10 -100    0 -1000 -1000 -10
211 40 pedestrian 0 0 -10 407.82 185.48 484.11 250.55 -10 -10 -10 -100    0 -1000 -1000 -10
211 37 pedestrian 0 0 -10 305.39 175.43 412.98 216.04 -10 -10 -10 -100    0 -1000 -1000 -10
211 29 pedestrian 0 0 -10 471.60 149.52 524.72 215.80 -10 -10 -10 -100    0 -1000 -1000 -10
211 38 pedestrian 0 0 -10 509.53 147.56 536.23 196.72 -10 -10 -10 -100    0 -1000 -1000 -10
211 26 pedestrian 0 0 -10 0.00 156.02 147.93 275.57 -10 -10 -10 -100    0 -1000 -1000 -10
211 30 pedestrian 0 0 -10 550.78 175.03 599.75 227.10 -10 -10 -10 -100    0 -1000 -1000 -10
211 31 pedestrian 0 0 -10 396.37 157.78 452.50 217.85 -10 -10 -10 -100    0 -1000 -1000 -10
211 6 pedestrian 0 0 -10 309.79 180.57 474.39 313.46 -10 -10 -10 -100    0 -1000 -1000 -10
211 28 pedestrian 0 0 -10 82.42 189.45 283.94 292.94 -10 -10 -10 -100    0 -1000 -1000 -10
211 3 pedestrian 0 0 -10 539.02 173.54 574.14 202.25 -10 -10 -10 -100    0 -1000 -1000 -10
212 36 pedestrian 0 0 -10 191.72 183.96 285.21 232.13 -10 -10 -10 -100    0 -1000 -1000 -10
212 35 pedestrian 0 0 -10 278.85 184.86 374.57 245.52 -10 -10 -10 -100    0 -1000 -1000 -10
212 39 pedestrian 0 0 -10 442.90 165.70 481.37 201.84 -10 -10 -10 -100    0 -1000 -1000 -10
212 40 pedestrian 0 0 -10 406.12 185.78 483.94 252.30 -10 -10 -10 -100    0 -1000 -1000 -10
212 37 pedestrian 0 0 -10 306.30 174.98 412.84 215.41 -10 -10 -10 -100    0 -1000 -1000 -10
212 29 pedestrian 0 0 -10 472.29 149.57 526.29 215.96 -10 -10 -10 -100    0 -1000 -1000 -10
212 38 pedestrian 0 0 -10 511.98 147.51 538.63 196.10 -10 -10 -10 -100    0 -1000 -1000 -10
212 26 pedestrian 0 0 -10 0.00 156.17 137.95 278.49 -10 -10 -10 -100    0 -1000 -1000 -10
212 30 pedestrian 0 0 -10 553.20 175.06 600.99 225.96 -10 -10 -10 -100    0 -1000 -1000 -10
212 31 pedestrian 0 0 -10 395.75 157.17 453.40 218.88 -10 -10 -10 -100    0 -1000 -1000 -10
212 6 pedestrian 0 0 -10 298.68 180.15 471.70 320.07 -10 -10 -10 -100    0 -1000 -1000 -10
212 28 pedestrian 0 0 -10 54.53 189.74 271.42 299.87 -10 -10 -10 -100    0 -1000 -1000 -10
212 3 pedestrian 0 0 -10 540.65 173.84 577.01 202.19 -10 -10 -10 -100    0 -1000 -1000 -10
213 36 pedestrian 0 0 -10 184.92 183.98 279.71 233.68 -10 -10 -10 -100    0 -1000 -1000 -10
213 35 pedestrian 0 0 -10 269.91 185.70 368.55 247.74 -10 -10 -10 -100    0 -1000 -1000 -10
213 39 pedestrian 0 0 -10 445.53 165.61 483.30 201.72 -10 -10 -10 -100    0 -1000 -1000 -10
213 40 pedestrian 0 0 -10 401.87 186.04 482.96 254.41 -10 -10 -10 -100    0 -1000 -1000 -10
213 37 pedestrian 0 0 -10 304.91 175.09 412.33 216.51 -10 -10 -10 -100    0 -1000 -1000 -10
213 29 pedestrian 0 0 -10 473.58 149.34 527.19 216.54 -10 -10 -10 -100    0 -1000 -1000 -10
213 38 pedestrian 0 0 -10 513.71 146.34 540.32 196.97 -10 -10 -10 -100    0 -1000 -1000 -10
213 26 pedestrian 0 0 -10 0.00 157.68 122.44 278.16 -10 -10 -10 -100    0 -1000 -1000 -10
213 30 pedestrian 0 0 -10 554.74 175.12 601.51 225.55 -10 -10 -10 -100    0 -1000 -1000 -10
213 31 pedestrian 0 0 -10 394.96 156.49 453.17 219.29 -10 -10 -10 -100    0 -1000 -1000 -10
213 6 pedestrian 0 0 -10 283.13 181.03 468.21 327.77 -10 -10 -10 -100    0 -1000 -1000 -10
213 28 pedestrian 0 0 -10 20.04 190.40 258.35 308.24 -10 -10 -10 -100    0 -1000 -1000 -10
213 3 pedestrian 0 0 -10 542.30 174.09 578.68 203.08 -10 -10 -10 -100    0 -1000 -1000 -10
214 36 pedestrian 0 0 -10 174.34 183.19 275.34 234.35 -10 -10 -10 -100    0 -1000 -1000 -10
214 35 pedestrian 0 0 -10 258.15 185.98 364.99 250.76 -10 -10 -10 -100    0 -1000 -1000 -10
214 39 pedestrian 0 0 -10 447.77 165.13 485.02 202.20 -10 -10 -10 -100    0 -1000 -1000 -10
214 40 pedestrian 0 0 -10 396.86 185.00 482.26 256.10 -10 -10 -10 -100    0 -1000 -1000 -10
214 37 pedestrian 0 0 -10 299.25 175.52 410.72 218.44 -10 -10 -10 -100    0 -1000 -1000 -10
214 29 pedestrian 0 0 -10 474.04 148.67 528.49 216.11 -10 -10 -10 -100    0 -1000 -1000 -10
214 38 pedestrian 0 0 -10 515.78 145.75 543.57 196.68 -10 -10 -10 -100    0 -1000 -1000 -10
214 26 pedestrian 0 0 -10 0.00 157.35 106.87 285.21 -10 -10 -10 -100    0 -1000 -1000 -10
214 30 pedestrian 0 0 -10 556.36 174.27 602.90 223.88 -10 -10 -10 -100    0 -1000 -1000 -10
214 31 pedestrian 0 0 -10 393.11 155.36 452.52 220.06 -10 -10 -10 -100    0 -1000 -1000 -10
214 6 pedestrian 0 0 -10 267.86 181.46 464.55 335.83 -10 -10 -10 -100    0 -1000 -1000 -10
214 28 pedestrian 0 0 -10 0.00 190.82 244.50 318.89 -10 -10 -10 -100    0 -1000 -1000 -10
214 3 pedestrian 0 0 -10 544.39 172.55 579.68 202.33 -10 -10 -10 -100    0 -1000 -1000 -10
215 36 pedestrian 0 0 -10 162.31 183.10 269.35 236.22 -10 -10 -10 -100    0 -1000 -1000 -10
215 35 pedestrian 0 0 -10 247.72 186.15 356.53 252.66 -10 -10 -10 -100    0 -1000 -1000 -10
215 39 pedestrian 0 0 -10 448.88 166.07 486.18 204.51 -10 -10 -10 -100    0 -1000 -1000 -10
215 40 pedestrian 0 0 -10 393.45 185.13 480.40 257.92 -10 -10 -10 -100    0 -1000 -1000 -10
215 37 pedestrian 0 0 -10 290.68 176.62 407.91 221.55 -10 -10 -10 -100    0 -1000 -1000 -10
215 29 pedestrian 0 0 -10 474.10 148.51 528.65 216.67 -10 -10 -10 -100    0 -1000 -1000 -10
215 38 pedestrian 0 0 -10 517.22 145.07 545.39 196.40 -10 -10 -10 -100    0 -1000 -1000 -10
215 26 pedestrian 0 0 -10 0.00 156.58 87.25 284.06 -10 -10 -10 -100    0 -1000 -1000 -10
215 30 pedestrian 0 0 -10 557.77 174.29 603.82 223.09 -10 -10 -10 -100    0 -1000 -1000 -10
215 31 pedestrian 0 0 -10 391.52 155.18 451.79 220.97 -10 -10 -10 -100    0 -1000 -1000 -10
215 6 pedestrian 0 0 -10 248.46 182.13 460.60 345.14 -10 -10 -10 -100    0 -1000 -1000 -10
215 28 pedestrian 0 0 -10 0.15 192.23 226.16 331.20 -10 -10 -10 -100    0 -1000 -1000 -10
215 3 pedestrian 0 0 -10 545.89 172.60 580.68 202.99 -10 -10 -10 -100    0 -1000 -1000 -10
216 36 pedestrian 0 0 -10 152.80 183.96 260.20 238.44 -10 -10 -10 -100    0 -1000 -1000 -10
216 35 pedestrian 0 0 -10 238.72 184.69 350.22 255.75 -10 -10 -10 -100    0 -1000 -1000 -10
216 39 pedestrian 0 0 -10 449.24 168.00 487.14 206.91 -10 -10 -10 -100    0 -1000 -1000 -10
216 40 pedestrian 0 0 -10 387.29 185.62 479.31 260.55 -10 -10 -10 -100    0 -1000 -1000 -10
216 37 pedestrian 0 0 -10 281.11 176.56 402.82 224.23 -10 -10 -10 -100    0 -1000 -1000 -10
216 29 pedestrian 0 0 -10 474.69 148.71 528.59 217.73 -10 -10 -10 -100    0 -1000 -1000 -10
216 38 pedestrian 0 0 -10 518.28 145.12 546.05 196.81 -10 -10 -10 -100    0 -1000 -1000 -10
216 26 pedestrian 0 0 -10 0.02 155.62 64.74 283.62 -10 -10 -10 -100    0 -1000 -1000 -10
216 30 pedestrian 0 0 -10 558.19 175.04 603.90 223.14 -10 -10 -10 -100    0 -1000 -1000 -10
216 31 pedestrian 0 0 -10 390.18 155.30 452.82 222.23 -10 -10 -10 -100    0 -1000 -1000 -10
216 6 pedestrian 0 0 -10 228.23 183.29 455.26 356.75 -10 -10 -10 -100    0 -1000 -1000 -10
216 28 pedestrian 0 0 -10 0.00 194.66 206.97 340.95 -10 -10 -10 -100    0 -1000 -1000 -10
216 3 pedestrian 0 0 -10 545.90 173.19 581.74 204.45 -10 -10 -10 -100    0 -1000 -1000 -10
217 36 pedestrian 0 0 -10 139.59 183.54 255.20 241.29 -10 -10 -10 -100    0 -1000 -1000 -10
217 35 pedestrian 0 0 -10 222.55 187.07 348.07 258.76 -10 -10 -10 -100    0 -1000 -1000 -10
217 39 pedestrian 0 0 -10 447.83 166.80 485.40 208.12 -10 -10 -10 -100    0 -1000 -1000 -10
217 40 pedestrian 0 0 -10 381.68 186.73 476.52 264.63 -10 -10 -10 -100    0 -1000 -1000 -10
217 37 pedestrian 0 0 -10 255.47 176.29 399.47 229.04 -10 -10 -10 -100    0 -1000 -1000 -10
217 29 pedestrian 0 0 -10 473.43 148.72 528.96 219.18 -10 -10 -10 -100    0 -1000 -1000 -10
217 38 pedestrian 0 0 -10 518.96 145.25 546.88 197.92 -10 -10 -10 -100    0 -1000 -1000 -10
217 26 pedestrian 0 0 -10 0.07 153.80 38.24 287.34 -10 -10 -10 -100    0 -1000 -1000 -10
217 30 pedestrian 0 0 -10 559.20 175.59 603.55 223.34 -10 -10 -10 -100    0 -1000 -1000 -10
217 41 pedestrian 0 0 -10 155.78 165.77 270.18 213.33 -10 -10 -10 -100    0 -1000 -1000 -10
217 31 pedestrian 0 0 -10 389.42 154.57 452.13 221.87 -10 -10 -10 -100    0 -1000 -1000 -10
217 6 pedestrian 0 0 -10 203.54 183.77 449.36 369.57 -10 -10 -10 -100    0 -1000 -1000 -10
217 28 pedestrian 0 0 -10 0.00 195.06 185.31 351.22 -10 -10 -10 -100    0 -1000 -1000 -10
217 3 pedestrian 0 0 -10 545.44 173.30 583.07 204.77 -10 -10 -10 -100    0 -1000 -1000 -10
218 36 pedestrian 0 0 -10 126.34 185.71 243.59 243.67 -10 -10 -10 -100    0 -1000 -1000 -10
218 35 pedestrian 0 0 -10 215.10 186.92 342.13 260.72 -10 -10 -10 -100    0 -1000 -1000 -10
218 39 pedestrian 0 0 -10 448.43 168.92 485.76 208.63 -10 -10 -10 -100    0 -1000 -1000 -10
218 40 pedestrian 0 0 -10 373.74 187.99 473.91 268.69 -10 -10 -10 -100    0 -1000 -1000 -10
218 37 pedestrian 0 0 -10 237.11 176.81 393.02 234.53 -10 -10 -10 -100    0 -1000 -1000 -10
218 29 pedestrian 0 0 -10 471.91 148.13 528.73 220.39 -10 -10 -10 -100    0 -1000 -1000 -10
218 38 pedestrian 0 0 -10 519.53 144.92 547.61 197.68 -10 -10 -10 -100    0 -1000 -1000 -10
218 30 pedestrian 0 0 -10 559.31 175.59 603.48 223.05 -10 -10 -10 -100    0 -1000 -1000 -10
218 41 pedestrian 0 0 -10 182.40 168.45 254.48 208.73 -10 -10 -10 -100    0 -1000 -1000 -10
218 31 pedestrian 0 0 -10 388.21 153.34 453.20 224.03 -10 -10 -10 -100    0 -1000 -1000 -10
218 6 pedestrian 0 0 -10 175.12 183.96 443.06 376.00 -10 -10 -10 -100    0 -1000 -1000 -10
218 28 pedestrian 0 0 -10 0.00 196.45 159.97 354.29 -10 -10 -10 -100    0 -1000 -1000 -10
218 3 pedestrian 0 0 -10 546.01 172.99 584.66 205.33 -10 -10 -10 -100    0 -1000 -1000 -10
219 36 pedestrian 0 0 -10 111.56 185.91 237.13 245.99 -10 -10 -10 -100    0 -1000 -1000 -10
219 35 pedestrian 0 0 -10 201.75 186.47 335.02 263.32 -10 -10 -10 -100    0 -1000 -1000 -10
219 39 pedestrian 0 0 -10 446.34 167.53 484.22 208.57 -10 -10 -10 -100    0 -1000 -1000 -10
219 40 pedestrian 0 0 -10 365.65 188.77 470.72 271.87 -10 -10 -10 -100    0 -1000 -1000 -10
219 37 pedestrian 0 0 -10 237.44 175.39 388.79 235.94 -10 -10 -10 -100    0 -1000 -1000 -10
219 29 pedestrian 0 0 -10 470.87 148.47 528.43 220.74 -10 -10 -10 -100    0 -1000 -1000 -10
219 38 pedestrian 0 0 -10 519.84 144.84 548.10 197.90 -10 -10 -10 -100    0 -1000 -1000 -10
219 30 pedestrian 0 0 -10 559.66 175.52 603.69 222.00 -10 -10 -10 -100    0 -1000 -1000 -10
219 41 pedestrian 0 0 -10 148.76 166.03 229.09 213.75 -10 -10 -10 -100    0 -1000 -1000 -10
219 31 pedestrian 0 0 -10 384.16 152.34 452.26 223.74 -10 -10 -10 -100    0 -1000 -1000 -10
219 6 pedestrian 0 0 -10 141.23 184.33 435.80 376.00 -10 -10 -10 -100    0 -1000 -1000 -10
219 28 pedestrian 0 0 -10 0.13 197.21 129.95 356.35 -10 -10 -10 -100    0 -1000 -1000 -10
219 3 pedestrian 0 0 -10 546.12 172.57 584.51 204.97 -10 -10 -10 -100    0 -1000 -1000 -10
220 36 pedestrian 0 0 -10 95.95 185.72 225.01 249.68 -10 -10 -10 -100    0 -1000 -1000 -10
220 35 pedestrian 0 0 -10 184.38 186.62 329.90 266.04 -10 -10 -10 -100    0 -1000 -1000 -10
220 39 pedestrian 0 0 -10 443.82 168.03 482.74 209.10 -10 -10 -10 -100    0 -1000 -1000 -10
220 40 pedestrian 0 0 -10 356.10 188.74 467.43 276.49 -10 -10 -10 -100    0 -1000 -1000 -10
220 37 pedestrian 0 0 -10 235.58 175.30 384.22 235.76 -10 -10 -10 -100    0 -1000 -1000 -10
220 29 pedestrian 0 0 -10 469.25 148.26 528.07 222.02 -10 -10 -10 -100    0 -1000 -1000 -10
220 38 pedestrian 0 0 -10 520.28 144.77 548.48 198.37 -10 -10 -10 -100    0 -1000 -1000 -10
220 30 pedestrian 0 0 -10 560.15 175.70 603.74 221.72 -10 -10 -10 -100    0 -1000 -1000 -10
220 41 pedestrian 0 0 -10 117.98 163.92 195.52 217.01 -10 -10 -10 -100    0 -1000 -1000 -10
220 31 pedestrian 0 0 -10 378.85 152.28 451.03 225.39 -10 -10 -10 -100    0 -1000 -1000 -10
220 6 pedestrian 0 0 -10 102.57 185.02 427.36 376.00 -10 -10 -10 -100    0 -1000 -1000 -10
220 28 pedestrian 0 0 -10 0.14 200.41 93.58 355.09 -10 -10 -10 -100    0 -1000 -1000 -10
220 3 pedestrian 0 0 -10 546.12 172.02 585.22 204.95 -10 -10 -10 -100    0 -1000 -1000 -10
221 36 pedestrian 0 0 -10 76.30 187.10 215.45 252.02 -10 -10 -10 -100    0 -1000 -1000 -10
221 35 pedestrian 0 0 -10 171.48 187.01 322.29 268.20 -10 -10 -10 -100    0 -1000 -1000 -10
221 39 pedestrian 0 0 -10 440.71 168.48 479.53 208.84 -10 -10 -10 -100    0 -1000 -1000 -10
221 40 pedestrian 0 0 -10 347.81 189.20 463.82 281.34 -10 -10 -10 -100    0 -1000 -1000 -10
221 37 pedestrian 0 0 -10 256.56 171.69 315.70 223.46 -10 -10 -10 -100    0 -1000 -1000 -10
221 29 pedestrian 0 0 -10 465.49 146.15 528.18 222.89 -10 -10 -10 -100    0 -1000 -1000 -10
221 38 pedestrian 0 0 -10 519.86 144.64 548.88 198.42 -10 -10 -10 -100    0 -1000 -1000 -10
221 30 pedestrian 0 0 -10 560.30 175.86 603.40 221.38 -10 -10 -10 -100    0 -1000 -1000 -10
221 31 pedestrian 0 0 -10 374.29 151.59 450.81 225.39 -10 -10 -10 -100    0 -1000 -1000 -10
221 6 pedestrian 0 0 -10 52.28 184.76 416.64 376.00 -10 -10 -10 -100    0 -1000 -1000 -10
221 3 pedestrian 0 0 -10 546.74 172.08 585.67 204.76 -10 -10 -10 -100    0 -1000 -1000 -10
222 36 pedestrian 0 0 -10 56.23 188.39 201.78 253.51 -10 -10 -10 -100    0 -1000 -1000 -10
222 35 pedestrian 0 0 -10 143.65 188.58 309.06 274.54 -10 -10 -10 -100    0 -1000 -1000 -10
222 39 pedestrian 0 0 -10 439.22 169.03 477.16 208.32 -10 -10 -10 -100    0 -1000 -1000 -10
222 40 pedestrian 0 0 -10 338.14 189.60 460.33 285.85 -10 -10 -10 -100    0 -1000 -1000 -10
222 37 pedestrian 0 0 -10 242.86 171.63 300.89 225.91 -10 -10 -10 -100    0 -1000 -1000 -10
222 29 pedestrian 0 0 -10 462.54 146.21 527.73 223.73 -10 -10 -10 -100    0 -1000 -1000 -10
222 38 pedestrian 0 0 -10 520.09 144.49 549.88 198.42 -10 -10 -10 -100    0 -1000 -1000 -10
222 30 pedestrian 0 0 -10 560.55 175.71 603.36 220.84 -10 -10 -10 -100    0 -1000 -1000 -10
222 31 pedestrian 0 0 -10 368.68 150.03 447.96 227.11 -10 -10 -10 -100    0 -1000 -1000 -10
222 6 pedestrian 0 0 -10 0.95 185.75 404.33 376.00 -10 -10 -10 -100    0 -1000 -1000 -10
222 3 pedestrian 0 0 -10 547.45 172.13 586.06 204.34 -10 -10 -10 -100    0 -1000 -1000 -10
223 36 pedestrian 0 0 -10 29.32 189.01 191.60 259.29 -10 -10 -10 -100    0 -1000 -1000 -10
223 35 pedestrian 0 0 -10 113.58 188.98 297.21 279.27 -10 -10 -10 -100    0 -1000 -1000 -10
223 39 pedestrian 0 0 -10 437.70 170.32 477.12 208.16 -10 -10 -10 -100    0 -1000 -1000 -10
223 40 pedestrian 0 0 -10 327.17 190.06 455.12 290.48 -10 -10 -10 -100    0 -1000 -1000 -10
223 37 pedestrian 0 0 -10 231.88 177.55 308.05 230.22 -10 -10 -10 -100    0 -1000 -1000 -10
223 29 pedestrian 0 0 -10 459.91 145.09 527.85 225.22 -10 -10 -10 -100    0 -1000 -1000 -10
223 38 pedestrian 0 0 -10 519.92 143.96 550.27 198.85 -10 -10 -10 -100    0 -1000 -1000 -10
223 30 pedestrian 0 0 -10 560.71 175.71 603.12 220.48 -10 -10 -10 -100    0 -1000 -1000 -10
223 31 pedestrian 0 0 -10 362.91 150.26 443.23 228.18 -10 -10 -10 -100    0 -1000 -1000 -10
223 6 pedestrian 0 0 -10 0.00 186.82 391.99 376.00 -10 -10 -10 -100    0 -1000 -1000 -10
223 3 pedestrian 0 0 -10 547.07 172.38 586.10 204.55 -10 -10 -10 -100    0 -1000 -1000 -10
224 44 pedestrian 0 0 -10 311.93 180.15 367.96 217.05 -10 -10 -10 -100    0 -1000 -1000 -10
224 36 pedestrian 0 0 -10 3.84 189.64 167.52 262.75 -10 -10 -10 -100    0 -1000 -1000 -10
224 35 pedestrian 0 0 -10 90.48 189.82 289.00 286.73 -10 -10 -10 -100    0 -1000 -1000 -10
224 39 pedestrian 0 0 -10 436.15 169.32 476.62 208.74 -10 -10 -10 -100    0 -1000 -1000 -10
224 40 pedestrian 0 0 -10 314.17 191.62 451.33 295.22 -10 -10 -10 -100    0 -1000 -1000 -10
224 37 pedestrian 0 0 -10 219.41 183.89 315.03 235.41 -10 -10 -10 -100    0 -1000 -1000 -10
224 29 pedestrian 0 0 -10 457.84 143.99 528.07 226.54 -10 -10 -10 -100    0 -1000 -1000 -10
224 38 pedestrian 0 0 -10 520.57 143.84 550.90 198.96 -10 -10 -10 -100    0 -1000 -1000 -10
224 30 pedestrian 0 0 -10 560.55 175.70 602.74 220.27 -10 -10 -10 -100    0 -1000 -1000 -10
224 31 pedestrian 0 0 -10 356.20 148.55 442.02 230.71 -10 -10 -10 -100    0 -1000 -1000 -10
224 6 pedestrian 0 0 -10 0.16 185.99 379.08 376.00 -10 -10 -10 -100    0 -1000 -1000 -10
224 3 pedestrian 0 0 -10 547.40 172.81 586.13 204.86 -10 -10 -10 -100    0 -1000 -1000 -10
225 44 pedestrian 0 0 -10 304.71 180.08 363.76 218.62 -10 -10 -10 -100    0 -1000 -1000 -10
225 36 pedestrian 0 0 -10 0.22 189.89 152.54 265.69 -10 -10 -10 -100    0 -1000 -1000 -10
225 35 pedestrian 0 0 -10 60.71 189.47 277.44 293.20 -10 -10 -10 -100    0 -1000 -1000 -10
225 39 pedestrian 0 0 -10 432.65 175.07 474.21 210.95 -10 -10 -10 -100    0 -1000 -1000 -10
225 40 pedestrian 0 0 -10 298.27 191.89 446.10 301.01 -10 -10 -10 -100    0 -1000 -1000 -10
225 37 pedestrian 0 0 -10 206.65 184.88 301.12 235.97 -10 -10 -10 -100    0 -1000 -1000 -10
225 29 pedestrian 0 0 -10 455.50 143.59 527.47 227.30 -10 -10 -10 -100    0 -1000 -1000 -10
225 38 pedestrian 0 0 -10 520.63 143.47 551.40 199.00 -10 -10 -10 -100    0 -1000 -1000 -10
225 30 pedestrian 0 0 -10 560.69 175.68 602.16 219.66 -10 -10 -10 -100    0 -1000 -1000 -10
225 31 pedestrian 0 0 -10 351.01 147.07 439.57 233.30 -10 -10 -10 -100    0 -1000 -1000 -10
225 6 pedestrian 0 0 -10 0.00 187.54 360.55 376.00 -10 -10 -10 -100    0 -1000 -1000 -10
225 3 pedestrian 0 0 -10 548.24 173.31 585.44 205.44 -10 -10 -10 -100    0 -1000 -1000 -10
226 44 pedestrian 0 0 -10 298.96 180.39 359.47 220.05 -10 -10 -10 -100    0 -1000 -1000 -10
226 36 pedestrian 0 0 -10 0.00 189.73 131.25 267.65 -10 -10 -10 -100    0 -1000 -1000 -10
226 35 pedestrian 0 0 -10 24.36 191.06 258.36 302.83 -10 -10 -10 -100    0 -1000 -1000 -10
226 39 pedestrian 0 0 -10 426.29 172.14 470.11 210.43 -10 -10 -10 -100    0 -1000 -1000 -10
226 40 pedestrian 0 0 -10 286.61 192.50 440.49 307.37 -10 -10 -10 -100    0 -1000 -1000 -10
226 37 pedestrian 0 0 -10 194.09 185.26 291.56 236.24 -10 -10 -10 -100    0 -1000 -1000 -10
226 29 pedestrian 0 0 -10 452.82 143.67 526.88 228.48 -10 -10 -10 -100    0 -1000 -1000 -10
226 38 pedestrian 0 0 -10 520.24 143.31 551.64 199.15 -10 -10 -10 -100    0 -1000 -1000 -10
226 30 pedestrian 0 0 -10 560.63 176.03 601.73 219.54 -10 -10 -10 -100    0 -1000 -1000 -10
226 31 pedestrian 0 0 -10 343.44 146.12 436.34 235.35 -10 -10 -10 -100    0 -1000 -1000 -10
226 6 pedestrian 0 0 -10 0.00 189.00 338.47 376.00 -10 -10 -10 -100    0 -1000 -1000 -10
226 3 pedestrian 0 0 -10 549.14 173.88 585.98 205.94 -10 -10 -10 -100    0 -1000 -1000 -10
227 45 pedestrian 0 0 -10 396.86 181.27 450.52 219.54 -10 -10 -10 -100    0 -1000 -1000 -10
227 44 pedestrian 0 0 -10 292.43 180.45 353.88 221.46 -10 -10 -10 -100    0 -1000 -1000 -10
227 36 pedestrian 0 0 -10 0.17 189.76 111.51 274.39 -10 -10 -10 -100    0 -1000 -1000 -10
227 35 pedestrian 0 0 -10 8.50 191.48 244.10 307.67 -10 -10 -10 -100    0 -1000 -1000 -10
227 39 pedestrian 0 0 -10 424.38 171.62 469.82 211.13 -10 -10 -10 -100    0 -1000 -1000 -10
227 40 pedestrian 0 0 -10 267.55 193.83 435.49 315.11 -10 -10 -10 -100    0 -1000 -1000 -10
227 37 pedestrian 0 0 -10 179.70 185.25 283.77 237.95 -10 -10 -10 -100    0 -1000 -1000 -10
227 46 pedestrian 0 0 -10 208.31 186.07 327.23 257.85 -10 -10 -10 -100    0 -1000 -1000 -10
227 29 pedestrian 0 0 -10 449.51 142.18 525.91 229.46 -10 -10 -10 -100    0 -1000 -1000 -10
227 38 pedestrian 0 0 -10 519.72 143.07 552.01 199.33 -10 -10 -10 -100    0 -1000 -1000 -10
227 30 pedestrian 0 0 -10 560.69 176.16 601.69 219.49 -10 -10 -10 -100    0 -1000 -1000 -10
227 31 pedestrian 0 0 -10 335.13 144.29 434.68 238.40 -10 -10 -10 -100    0 -1000 -1000 -10
227 6 pedestrian 0 0 -10 0.00 189.48 312.23 376.00 -10 -10 -10 -100    0 -1000 -1000 -10
227 3 pedestrian 0 0 -10 549.46 173.93 586.58 205.45 -10 -10 -10 -100    0 -1000 -1000 -10
228 45 pedestrian 0 0 -10 393.06 181.63 448.58 219.36 -10 -10 -10 -100    0 -1000 -1000 -10
228 44 pedestrian 0 0 -10 284.96 180.16 350.29 221.62 -10 -10 -10 -100    0 -1000 -1000 -10
228 36 pedestrian 0 0 -10 0.29 189.04 97.92 278.92 -10 -10 -10 -100    0 -1000 -1000 -10
228 35 pedestrian 0 0 -10 0.00 192.50 223.13 320.15 -10 -10 -10 -100    0 -1000 -1000 -10
228 39 pedestrian 0 0 -10 422.97 172.10 469.02 212.36 -10 -10 -10 -100    0 -1000 -1000 -10
228 40 pedestrian 0 0 -10 250.53 194.35 429.19 323.83 -10 -10 -10 -100    0 -1000 -1000 -10
228 37 pedestrian 0 0 -10 165.49 184.79 272.70 241.28 -10 -10 -10 -100    0 -1000 -1000 -10
228 46 pedestrian 0 0 -10 188.78 186.38 317.92 262.32 -10 -10 -10 -100    0 -1000 -1000 -10
228 29 pedestrian 0 0 -10 447.66 141.84 524.90 231.02 -10 -10 -10 -100    0 -1000 -1000 -10
228 38 pedestrian 0 0 -10 519.64 143.05 552.25 199.92 -10 -10 -10 -100    0 -1000 -1000 -10
228 30 pedestrian 0 0 -10 560.73 176.31 601.67 219.36 -10 -10 -10 -100    0 -1000 -1000 -10
228 31 pedestrian 0 0 -10 326.56 144.00 431.54 240.34 -10 -10 -10 -100    0 -1000 -1000 -10
228 6 pedestrian 0 0 -10 0.00 187.00 288.42 376.00 -10 -10 -10 -100    0 -1000 -1000 -10
229 45 pedestrian 0 0 -10 386.84 182.42 443.00 221.18 -10 -10 -10 -100    0 -1000 -1000 -10
229 44 pedestrian 0 0 -10 278.06 180.07 345.62 222.97 -10 -10 -10 -100    0 -1000 -1000 -10
229 36 pedestrian 0 0 -10 0.08 192.06 72.73 274.93 -10 -10 -10 -100    0 -1000 -1000 -10
229 35 pedestrian 0 0 -10 0.03 193.58 202.96 339.23 -10 -10 -10 -100    0 -1000 -1000 -10
229 39 pedestrian 0 0 -10 423.70 175.51 467.57 214.12 -10 -10 -10 -100    0 -1000 -1000 -10
229 40 pedestrian 0 0 -10 229.37 195.65 420.79 332.99 -10 -10 -10 -100    0 -1000 -1000 -10
229 37 pedestrian 0 0 -10 151.67 185.23 262.22 242.81 -10 -10 -10 -100    0 -1000 -1000 -10
229 46 pedestrian 0 0 -10 169.85 186.46 304.21 266.18 -10 -10 -10 -100    0 -1000 -1000 -10
229 29 pedestrian 0 0 -10 446.69 141.12 524.48 232.07 -10 -10 -10 -100    0 -1000 -1000 -10
229 38 pedestrian 0 0 -10 521.28 143.51 552.72 199.79 -10 -10 -10 -100    0 -1000 -1000 -10
229 30 pedestrian 0 0 -10 561.02 176.40 601.64 218.81 -10 -10 -10 -100    0 -1000 -1000 -10
229 31 pedestrian 0 0 -10 318.57 142.98 423.20 240.83 -10 -10 -10 -100    0 -1000 -1000 -10
229 6 pedestrian 0 0 -10 0.00 187.17 252.05 376.00 -10 -10 -10 -100    0 -1000 -1000 -10
230 45 pedestrian 0 0 -10 382.51 182.08 439.70 222.91 -10 -10 -10 -100    0 -1000 -1000 -10
230 44 pedestrian 0 0 -10 270.43 180.00 339.07 223.92 -10 -10 -10 -100    0 -1000 -1000 -10
230 35 pedestrian 0 0 -10 0.15 194.52 177.40 353.67 -10 -10 -10 -100    0 -1000 -1000 -10
230 39 pedestrian 0 0 -10 420.67 175.44 464.94 215.63 -10 -10 -10 -100    0 -1000 -1000 -10
230 40 pedestrian 0 0 -10 205.00 196.65 413.87 344.82 -10 -10 -10 -100    0 -1000 -1000 -10
230 37 pedestrian 0 0 -10 136.93 185.74 253.25 245.06 -10 -10 -10 -100    0 -1000 -1000 -10
230 46 pedestrian 0 0 -10 146.03 187.29 293.51 272.32 -10 -10 -10 -100    0 -1000 -1000 -10
230 29 pedestrian 0 0 -10 444.19 140.76 524.63 233.40 -10 -10 -10 -100    0 -1000 -1000 -10
230 47 pedestrian 0 0 -10 493.72 161.74 539.14 213.34 -10 -10 -10 -100    0 -1000 -1000 -10
230 38 pedestrian 0 0 -10 521.53 143.15 553.59 201.18 -10 -10 -10 -100    0 -1000 -1000 -10
230 30 pedestrian 0 0 -10 561.91 176.57 602.11 218.52 -10 -10 -10 -100    0 -1000 -1000 -10
230 31 pedestrian 0 0 -10 309.80 141.91 419.12 241.26 -10 -10 -10 -100    0 -1000 -1000 -10
230 6 pedestrian 0 0 -10 0.04 190.71 208.25 376.00 -10 -10 -10 -100    0 -1000 -1000 -10
231 45 pedestrian 0 0 -10 379.42 181.51 438.12 223.76 -10 -10 -10 -100    0 -1000 -1000 -10
231 44 pedestrian 0 0 -10 263.05 179.88 330.91 223.80 -10 -10 -10 -100    0 -1000 -1000 -10
231 35 pedestrian 0 0 -10 0.00 195.44 146.45 350.76 -10 -10 -10 -100    0 -1000 -1000 -10
231 39 pedestrian 0 0 -10 418.67 174.13 463.12 215.79 -10 -10 -10 -100    0 -1000 -1000 -10
231 40 pedestrian 0 0 -10 178.95 197.68 406.26 357.37 -10 -10 -10 -100    0 -1000 -1000 -10
231 37 pedestrian 0 0 -10 120.00 185.49 242.91 247.29 -10 -10 -10 -100    0 -1000 -1000 -10
231 46 pedestrian 0 0 -10 118.08 188.17 279.37 277.75 -10 -10 -10 -100    0 -1000 -1000 -10
231 29 pedestrian 0 0 -10 441.82 140.46 524.64 235.04 -10 -10 -10 -100    0 -1000 -1000 -10
231 47 pedestrian 0 0 -10 493.30 163.60 540.17 213.35 -10 -10 -10 -100    0 -1000 -1000 -10
231 38 pedestrian 0 0 -10 522.67 143.24 554.69 200.91 -10 -10 -10 -100    0 -1000 -1000 -10
231 30 pedestrian 0 0 -10 562.53 176.40 602.84 218.17 -10 -10 -10 -100    0 -1000 -1000 -10
231 31 pedestrian 0 0 -10 300.58 140.63 415.82 244.62 -10 -10 -10 -100    0 -1000 -1000 -10
232 45 pedestrian 0 0 -10 373.83 181.43 434.67 225.30 -10 -10 -10 -100    0 -1000 -1000 -10
232 44 pedestrian 0 0 -10 253.92 179.46 325.24 225.72 -10 -10 -10 -100    0 -1000 -1000 -10
232 35 pedestrian 0 0 -10 0.00 198.46 111.58 352.87 -10 -10 -10 -100    0 -1000 -1000 -10
232 39 pedestrian 0 0 -10 413.21 174.75 462.71 216.59 -10 -10 -10 -100    0 -1000 -1000 -10
232 40 pedestrian 0 0 -10 148.14 198.04 397.02 370.15 -10 -10 -10 -100    0 -1000 -1000 -10
232 37 pedestrian 0 0 -10 99.28 185.04 229.47 249.92 -10 -10 -10 -100    0 -1000 -1000 -10
232 46 pedestrian 0 0 -10 90.44 188.47 264.41 282.23 -10 -10 -10 -100    0 -1000 -1000 -10
232 29 pedestrian 0 0 -10 438.93 138.50 524.55 236.61 -10 -10 -10 -100    0 -1000 -1000 -10
232 47 pedestrian 0 0 -10 493.50 161.29 541.16 213.41 -10 -10 -10 -100    0 -1000 -1000 -10
232 38 pedestrian 0 0 -10 523.50 142.01 555.89 200.07 -10 -10 -10 -100    0 -1000 -1000 -10
232 30 pedestrian 0 0 -10 564.07 176.21 603.79 217.69 -10 -10 -10 -100    0 -1000 -1000 -10
232 31 pedestrian 0 0 -10 290.92 139.25 413.42 246.86 -10 -10 -10 -100    0 -1000 -1000 -10
232 3 pedestrian 0 0 -10 551.44 173.83 590.41 203.65 -10 -10 -10 -100    0 -1000 -1000 -10
233 44 pedestrian 0 0 -10 246.43 180.26 319.43 227.24 -10 -10 -10 -100    0 -1000 -1000 -10
233 39 pedestrian 0 0 -10 407.76 174.98 458.66 217.81 -10 -10 -10 -100    0 -1000 -1000 -10
233 40 pedestrian 0 0 -10 112.11 201.22 387.69 376.00 -10 -10 -10 -100    0 -1000 -1000 -10
233 37 pedestrian 0 0 -10 73.87 185.08 214.47 254.01 -10 -10 -10 -100    0 -1000 -1000 -10
233 46 pedestrian 0 0 -10 57.67 189.26 247.26 292.74 -10 -10 -10 -100    0 -1000 -1000 -10
233 29 pedestrian 0 0 -10 436.88 139.55 522.84 238.58 -10 -10 -10 -100    0 -1000 -1000 -10
233 47 pedestrian 0 0 -10 493.71 161.50 541.49 214.18 -10 -10 -10 -100    0 -1000 -1000 -10
233 38 pedestrian 0 0 -10 523.79 141.49 557.07 199.59 -10 -10 -10 -100    0 -1000 -1000 -10
233 30 pedestrian 0 0 -10 565.09 176.03 604.84 217.58 -10 -10 -10 -100    0 -1000 -1000 -10
233 31 pedestrian 0 0 -10 278.17 136.99 408.09 249.46 -10 -10 -10 -100    0 -1000 -1000 -10
233 3 pedestrian 0 0 -10 550.72 173.23 591.47 202.64 -10 -10 -10 -100    0 -1000 -1000 -10
233 45 pedestrian 0 0 -10 366.52 181.40 431.93 226.75 -10 -10 -10 -100    0 -1000 -1000 -10
234 44 pedestrian 0 0 -10 237.32 179.27 314.70 226.88 -10 -10 -10 -100    0 -1000 -1000 -10
234 39 pedestrian 0 0 -10 405.62 171.56 455.76 218.66 -10 -10 -10 -100    0 -1000 -1000 -10
234 40 pedestrian 0 0 -10 66.25 202.46 375.26 376.00 -10 -10 -10 -100    0 -1000 -1000 -10
234 37 pedestrian 0 0 -10 52.73 185.36 204.51 256.31 -10 -10 -10 -100    0 -1000 -1000 -10
234 46 pedestrian 0 0 -10 19.50 189.58 230.72 300.45 -10 -10 -10 -100    0 -1000 -1000 -10
234 29 pedestrian 0 0 -10 435.17 138.44 522.98 240.16 -10 -10 -10 -100    0 -1000 -1000 -10
234 47 pedestrian 0 0 -10 493.66 160.60 541.63 214.15 -10 -10 -10 -100    0 -1000 -1000 -10
234 38 pedestrian 0 0 -10 524.00 141.03 558.03 199.40 -10 -10 -10 -100    0 -1000 -1000 -10
234 30 pedestrian 0 0 -10 566.30 176.15 605.46 217.18 -10 -10 -10 -100    0 -1000 -1000 -10
234 31 pedestrian 0 0 -10 266.08 134.53 405.51 252.02 -10 -10 -10 -100    0 -1000 -1000 -10
234 3 pedestrian 0 0 -10 549.65 172.49 593.76 202.03 -10 -10 -10 -100    0 -1000 -1000 -10
234 45 pedestrian 0 0 -10 361.63 182.15 429.03 227.90 -10 -10 -10 -100    0 -1000 -1000 -10
235 44 pedestrian 0 0 -10 227.71 179.78 309.66 228.48 -10 -10 -10 -100    0 -1000 -1000 -10
235 39 pedestrian 0 0 -10 401.56 169.82 453.74 220.84 -10 -10 -10 -100    0 -1000 -1000 -10
235 40 pedestrian 0 0 -10 14.55 204.40 361.40 376.00 -10 -10 -10 -100    0 -1000 -1000 -10
235 37 pedestrian 0 0 -10 26.67 187.29 186.37 260.36 -10 -10 -10 -100    0 -1000 -1000 -10
235 46 pedestrian 0 0 -10 0.00 192.36 206.23 312.33 -10 -10 -10 -100    0 -1000 -1000 -10
235 29 pedestrian 0 0 -10 431.43 137.51 522.87 242.50 -10 -10 -10 -100    0 -1000 -1000 -10
235 47 pedestrian 0 0 -10 492.15 160.27 541.76 215.49 -10 -10 -10 -100    0 -1000 -1000 -10
235 38 pedestrian 0 0 -10 524.68 140.89 560.06 199.69 -10 -10 -10 -100    0 -1000 -1000 -10
235 30 pedestrian 0 0 -10 567.47 176.32 606.45 217.44 -10 -10 -10 -100    0 -1000 -1000 -10
235 31 pedestrian 0 0 -10 250.71 132.93 397.85 257.14 -10 -10 -10 -100    0 -1000 -1000 -10
235 3 pedestrian 0 0 -10 549.85 171.85 597.89 202.04 -10 -10 -10 -100    0 -1000 -1000 -10
235 45 pedestrian 0 0 -10 355.70 183.16 425.69 231.43 -10 -10 -10 -100    0 -1000 -1000 -10
236 39 pedestrian 0 0 -10 393.82 166.07 449.74 222.51 -10 -10 -10 -100    0 -1000 -1000 -10
236 40 pedestrian 0 0 -10 0.00 206.23 345.50 376.00 -10 -10 -10 -100    0 -1000 -1000 -10
236 44 pedestrian 0 0 -10 216.40 180.61 305.48 233.32 -10 -10 -10 -100    0 -1000 -1000 -10
236 37 pedestrian 0 0 -10 1.79 188.26 177.47 267.07 -10 -10 -10 -100    0 -1000 -1000 -10
236 46 pedestrian 0 0 -10 0.00 192.55 186.36 321.47 -10 -10 -10 -100    0 -1000 -1000 -10
236 29 pedestrian 0 0 -10 426.45 135.56 522.78 244.32 -10 -10 -10 -100    0 -1000 -1000 -10
236 47 pedestrian 0 0 -10 492.28 161.07 542.26 216.27 -10 -10 -10 -100    0 -1000 -1000 -10
236 38 pedestrian 0 0 -10 524.85 140.29 560.76 200.03 -10 -10 -10 -100    0 -1000 -1000 -10
236 30 pedestrian 0 0 -10 569.15 176.63 607.66 217.48 -10 -10 -10 -100    0 -1000 -1000 -10
236 31 pedestrian 0 0 -10 235.27 131.16 392.43 263.21 -10 -10 -10 -100    0 -1000 -1000 -10
236 3 pedestrian 0 0 -10 551.90 172.06 598.37 202.39 -10 -10 -10 -100    0 -1000 -1000 -10
236 45 pedestrian 0 0 -10 348.95 183.09 420.83 232.10 -10 -10 -10 -100    0 -1000 -1000 -10
237 39 pedestrian 0 0 -10 383.10 169.44 444.57 222.04 -10 -10 -10 -100    0 -1000 -1000 -10
237 40 pedestrian 0 0 -10 0.00 207.15 326.37 376.00 -10 -10 -10 -100    0 -1000 -1000 -10
237 44 pedestrian 0 0 -10 204.61 180.39 299.79 233.71 -10 -10 -10 -100    0 -1000 -1000 -10
237 37 pedestrian 0 0 -10 0.00 189.26 165.43 271.85 -10 -10 -10 -100    0 -1000 -1000 -10
237 46 pedestrian 0 0 -10 0.00 191.30 168.98 335.14 -10 -10 -10 -100    0 -1000 -1000 -10
237 29 pedestrian 0 0 -10 419.70 134.42 522.84 246.81 -10 -10 -10 -100    0 -1000 -1000 -10
237 47 pedestrian 0 0 -10 492.46 159.48 542.68 217.25 -10 -10 -10 -100    0 -1000 -1000 -10
237 38 pedestrian 0 0 -10 525.11 139.95 561.35 200.33 -10 -10 -10 -100    0 -1000 -1000 -10
237 30 pedestrian 0 0 -10 569.77 176.59 608.35 217.42 -10 -10 -10 -100    0 -1000 -1000 -10
237 31 pedestrian 0 0 -10 214.96 130.29 386.18 266.89 -10 -10 -10 -100    0 -1000 -1000 -10
237 3 pedestrian 0 0 -10 552.92 171.89 598.96 201.52 -10 -10 -10 -100    0 -1000 -1000 -10
237 45 pedestrian 0 0 -10 340.84 182.39 417.85 234.30 -10 -10 -10 -100    0 -1000 -1000 -10
238 39 pedestrian 0 0 -10 373.84 173.17 439.32 223.11 -10 -10 -10 -100    0 -1000 -1000 -10
238 40 pedestrian 0 0 -10 0.00 209.04 302.77 376.00 -10 -10 -10 -100    0 -1000 -1000 -10
238 37 pedestrian 0 0 -10 0.00 190.01 143.76 270.68 -10 -10 -10 -100    0 -1000 -1000 -10
238 46 pedestrian 0 0 -10 0.12 191.70 130.54 333.33 -10 -10 -10 -100    0 -1000 -1000 -10
238 29 pedestrian 0 0 -10 416.03 131.80 521.15 249.46 -10 -10 -10 -100    0 -1000 -1000 -10
238 47 pedestrian 0 0 -10 492.99 159.57 543.31 217.85 -10 -10 -10 -100    0 -1000 -1000 -10
238 38 pedestrian 0 0 -10 525.26 139.54 562.62 200.88 -10 -10 -10 -100    0 -1000 -1000 -10
238 30 pedestrian 0 0 -10 570.78 176.70 609.25 217.33 -10 -10 -10 -100    0 -1000 -1000 -10
238 31 pedestrian 0 0 -10 193.39 127.42 378.00 272.64 -10 -10 -10 -100    0 -1000 -1000 -10
238 3 pedestrian 0 0 -10 553.17 171.86 600.62 201.88 -10 -10 -10 -100    0 -1000 -1000 -10
238 45 pedestrian 0 0 -10 330.55 181.90 411.44 237.01 -10 -10 -10 -100    0 -1000 -1000 -10
239 39 pedestrian 0 0 -10 365.37 174.83 430.30 225.00 -10 -10 -10 -100    0 -1000 -1000 -10
239 40 pedestrian 0 0 -10 0.32 213.53 276.56 376.00 -10 -10 -10 -100    0 -1000 -1000 -10
239 37 pedestrian 0 0 -10 0.00 189.13 115.15 280.49 -10 -10 -10 -100    0 -1000 -1000 -10
239 46 pedestrian 0 0 -10 0.00 198.37 96.72 331.90 -10 -10 -10 -100    0 -1000 -1000 -10
239 29 pedestrian 0 0 -10 412.05 131.45 519.14 251.23 -10 -10 -10 -100    0 -1000 -1000 -10
239 47 pedestrian 0 0 -10 492.21 159.00 543.22 217.95 -10 -10 -10 -100    0 -1000 -1000 -10
239 38 pedestrian 0 0 -10 525.35 138.27 563.73 200.99 -10 -10 -10 -100    0 -1000 -1000 -10
239 30 pedestrian 0 0 -10 571.94 176.52 609.90 216.87 -10 -10 -10 -100    0 -1000 -1000 -10
239 31 pedestrian 0 0 -10 171.23 124.62 371.21 278.38 -10 -10 -10 -100    0 -1000 -1000 -10
239 3 pedestrian 0 0 -10 553.59 171.30 600.89 201.11 -10 -10 -10 -100    0 -1000 -1000 -10
239 45 pedestrian 0 0 -10 324.47 182.19 406.98 238.41 -10 -10 -10 -100    0 -1000 -1000 -10
240 39 pedestrian 0 0 -10 359.63 176.02 427.39 226.97 -10 -10 -10 -100    0 -1000 -1000 -10
240 40 pedestrian 0 0 -10 0.00 214.31 241.20 376.00 -10 -10 -10 -100    0 -1000 -1000 -10
240 37 pedestrian 0 0 -10 0.00 189.38 94.62 278.41 -10 -10 -10 -100    0 -1000 -1000 -10
240 29 pedestrian 0 0 -10 405.06 130.12 518.43 253.55 -10 -10 -10 -100    0 -1000 -1000 -10
240 47 pedestrian 0 0 -10 490.81 157.72 543.76 218.78 -10 -10 -10 -100    0 -1000 -1000 -10
240 38 pedestrian 0 0 -10 525.27 137.94 564.14 201.10 -10 -10 -10 -100    0 -1000 -1000 -10
240 30 pedestrian 0 0 -10 572.80 176.42 610.70 216.57 -10 -10 -10 -100    0 -1000 -1000 -10
240 31 pedestrian 0 0 -10 142.19 120.88 361.18 284.19 -10 -10 -10 -100    0 -1000 -1000 -10
240 3 pedestrian 0 0 -10 554.34 170.92 602.41 200.95 -10 -10 -10 -100    0 -1000 -1000 -10
240 45 pedestrian 0 0 -10 314.59 181.72 402.62 240.59 -10 -10 -10 -100    0 -1000 -1000 -10
241 39 pedestrian 0 0 -10 352.06 173.85 425.92 229.12 -10 -10 -10 -100    0 -1000 -1000 -10
241 40 pedestrian 0 0 -10 0.00 217.44 204.69 376.00 -10 -10 -10 -100    0 -1000 -1000 -10
241 29 pedestrian 0 0 -10 399.49 128.50 517.10 254.82 -10 -10 -10 -100    0 -1000 -1000 -10
241 47 pedestrian 0 0 -10 490.62 156.67 544.95 218.66 -10 -10 -10 -100    0 -1000 -1000 -10
241 38 pedestrian 0 0 -10 525.73 136.44 565.67 201.34 -10 -10 -10 -100    0 -1000 -1000 -10
241 30 pedestrian 0 0 -10 573.76 176.14 611.46 215.88 -10 -10 -10 -100    0 -1000 -1000 -10
241 31 pedestrian 0 0 -10 109.38 116.03 350.71 291.33 -10 -10 -10 -100    0 -1000 -1000 -10
241 3 pedestrian 0 0 -10 555.96 170.96 603.20 201.28 -10 -10 -10 -100    0 -1000 -1000 -10
241 45 pedestrian 0 0 -10 304.86 181.30 396.98 241.99 -10 -10 -10 -100    0 -1000 -1000 -10
242 39 pedestrian 0 0 -10 343.05 173.70 423.79 231.76 -10 -10 -10 -100    0 -1000 -1000 -10
242 40 pedestrian 0 0 -10 0.00 225.11 160.28 376.00 -10 -10 -10 -100    0 -1000 -1000 -10
242 29 pedestrian 0 0 -10 395.81 127.97 516.03 257.73 -10 -10 -10 -100    0 -1000 -1000 -10
242 47 pedestrian 0 0 -10 489.06 156.07 544.13 220.26 -10 -10 -10 -100    0 -1000 -1000 -10
242 38 pedestrian 0 0 -10 525.77 136.67 566.44 202.14 -10 -10 -10 -100    0 -1000 -1000 -10
242 30 pedestrian 0 0 -10 574.67 175.89 612.64 216.00 -10 -10 -10 -100    0 -1000 -1000 -10
242 31 pedestrian 0 0 -10 72.69 110.58 340.00 299.94 -10 -10 -10 -100    0 -1000 -1000 -10
242 18 pedestrian 0 0 -10 0.00 189.00 34.13 298.64 -10 -10 -10 -100    0 -1000 -1000 -10
242 3 pedestrian 0 0 -10 558.08 170.97 604.56 202.05 -10 -10 -10 -100    0 -1000 -1000 -10
242 45 pedestrian 0 0 -10 292.60 181.98 390.91 244.67 -10 -10 -10 -100    0 -1000 -1000 -10
243 39 pedestrian 0 0 -10 338.17 173.16 419.95 233.75 -10 -10 -10 -100    0 -1000 -1000 -10
243 29 pedestrian 0 0 -10 387.10 125.61 514.82 260.79 -10 -10 -10 -100    0 -1000 -1000 -10
243 47 pedestrian 0 0 -10 488.68 155.50 545.00 220.63 -10 -10 -10 -100    0 -1000 -1000 -10
243 38 pedestrian 0 0 -10 526.08 136.32 568.01 202.29 -10 -10 -10 -100    0 -1000 -1000 -10
243 30 pedestrian 0 0 -10 575.79 175.87 613.47 215.87 -10 -10 -10 -100    0 -1000 -1000 -10
243 31 pedestrian 0 0 -10 27.51 104.55 326.93 310.74 -10 -10 -10 -100    0 -1000 -1000 -10
243 3 pedestrian 0 0 -10 556.31 170.78 602.18 203.75 -10 -10 -10 -100    0 -1000 -1000 -10
243 45 pedestrian 0 0 -10 280.58 181.91 383.84 247.35 -10 -10 -10 -100    0 -1000 -1000 -10
244 39 pedestrian 0 0 -10 328.73 172.15 413.41 235.27 -10 -10 -10 -100    0 -1000 -1000 -10
244 29 pedestrian 0 0 -10 379.72 125.09 513.32 264.95 -10 -10 -10 -100    0 -1000 -1000 -10
244 47 pedestrian 0 0 -10 486.86 155.61 545.24 221.69 -10 -10 -10 -100    0 -1000 -1000 -10
244 38 pedestrian 0 0 -10 526.52 136.29 569.14 202.51 -10 -10 -10 -100    0 -1000 -1000 -10
244 30 pedestrian 0 0 -10 576.60 176.18 614.43 216.71 -10 -10 -10 -100    0 -1000 -1000 -10
244 31 pedestrian 0 0 -10 0.48 97.87 316.10 327.21 -10 -10 -10 -100    0 -1000 -1000 -10
244 3 pedestrian 0 0 -10 558.05 171.20 603.47 204.22 -10 -10 -10 -100    0 -1000 -1000 -10
244 45 pedestrian 0 0 -10 263.78 183.19 376.11 252.30 -10 -10 -10 -100    0 -1000 -1000 -10
245 39 pedestrian 0 0 -10 317.87 174.76 402.55 237.15 -10 -10 -10 -100    0 -1000 -1000 -10
245 29 pedestrian 0 0 -10 371.64 122.76 511.56 269.41 -10 -10 -10 -100    0 -1000 -1000 -10
245 47 pedestrian 0 0 -10 487.04 154.93 545.53 222.08 -10 -10 -10 -100    0 -1000 -1000 -10
245 38 pedestrian 0 0 -10 527.50 135.41 570.17 202.82 -10 -10 -10 -100    0 -1000 -1000 -10
245 30 pedestrian 0 0 -10 577.56 176.14 615.33 217.03 -10 -10 -10 -100    0 -1000 -1000 -10
245 31 pedestrian 0 0 -10 0.33 90.17 298.17 342.50 -10 -10 -10 -100    0 -1000 -1000 -10
245 3 pedestrian 0 0 -10 559.72 171.54 605.38 204.46 -10 -10 -10 -100    0 -1000 -1000 -10
245 45 pedestrian 0 0 -10 247.45 185.36 367.01 256.61 -10 -10 -10 -100    0 -1000 -1000 -10
246 39 pedestrian 0 0 -10 311.17 181.98 396.37 238.87 -10 -10 -10 -100    0 -1000 -1000 -10
246 29 pedestrian 0 0 -10 362.73 118.49 510.11 273.54 -10 -10 -10 -100    0 -1000 -1000 -10
246 47 pedestrian 0 0 -10 484.64 154.88 546.45 222.94 -10 -10 -10 -100    0 -1000 -1000 -10
246 38 pedestrian 0 0 -10 527.81 134.66 570.66 203.27 -10 -10 -10 -100    0 -1000 -1000 -10
246 30 pedestrian 0 0 -10 578.45 176.38 616.62 216.59 -10 -10 -10 -100    0 -1000 -1000 -10
246 31 pedestrian 0 0 -10 0.00 76.83 280.50 356.71 -10 -10 -10 -100    0 -1000 -1000 -10
246 3 pedestrian 0 0 -10 559.94 171.70 606.99 204.44 -10 -10 -10 -100    0 -1000 -1000 -10
246 45 pedestrian 0 0 -10 231.48 185.24 358.61 261.37 -10 -10 -10 -100    0 -1000 -1000 -10
247 39 pedestrian 0 0 -10 305.81 181.86 391.22 240.67 -10 -10 -10 -100    0 -1000 -1000 -10
247 29 pedestrian 0 0 -10 350.56 113.44 508.37 277.03 -10 -10 -10 -100    0 -1000 -1000 -10
247 47 pedestrian 0 0 -10 483.25 154.19 545.81 223.31 -10 -10 -10 -100    0 -1000 -1000 -10
247 38 pedestrian 0 0 -10 528.06 133.98 571.45 203.23 -10 -10 -10 -100    0 -1000 -1000 -10
247 30 pedestrian 0 0 -10 579.63 175.93 617.56 216.16 -10 -10 -10 -100    0 -1000 -1000 -10
247 31 pedestrian 0 0 -10 0.00 70.31 260.12 370.25 -10 -10 -10 -100    0 -1000 -1000 -10
247 3 pedestrian 0 0 -10 560.88 170.97 608.63 203.74 -10 -10 -10 -100    0 -1000 -1000 -10
247 45 pedestrian 0 0 -10 210.53 184.93 348.77 266.45 -10 -10 -10 -100    0 -1000 -1000 -10
248 39 pedestrian 0 0 -10 303.43 182.24 383.34 241.55 -10 -10 -10 -100    0 -1000 -1000 -10
248 29 pedestrian 0 0 -10 342.53 110.45 506.23 282.52 -10 -10 -10 -100    0 -1000 -1000 -10
248 47 pedestrian 0 0 -10 480.82 153.39 545.59 225.54 -10 -10 -10 -100    0 -1000 -1000 -10
248 38 pedestrian 0 0 -10 527.90 133.45 571.72 203.82 -10 -10 -10 -100    0 -1000 -1000 -10
248 30 pedestrian 0 0 -10 580.38 176.16 618.51 216.55 -10 -10 -10 -100    0 -1000 -1000 -10
248 31 pedestrian 0 0 -10 0.08 68.12 236.57 376.00 -10 -10 -10 -100    0 -1000 -1000 -10
248 3 pedestrian 0 0 -10 562.64 172.18 606.62 204.43 -10 -10 -10 -100    0 -1000 -1000 -10
248 45 pedestrian 0 0 -10 186.25 186.07 336.82 271.79 -10 -10 -10 -100    0 -1000 -1000 -10
249 39 pedestrian 0 0 -10 291.72 185.93 373.39 245.60 -10 -10 -10 -100    0 -1000 -1000 -10
249 44 pedestrian 0 0 -10 175.10 184.99 249.09 239.67 -10 -10 -10 -100    0 -1000 -1000 -10
249 29 pedestrian 0 0 -10 326.79 105.23 503.85 287.83 -10 -10 -10 -100    0 -1000 -1000 -10
249 47 pedestrian 0 0 -10 480.09 151.41 546.15 226.08 -10 -10 -10 -100    0 -1000 -1000 -10
249 38 pedestrian 0 0 -10 527.61 134.03 572.44 203.86 -10 -10 -10 -100    0 -1000 -1000 -10
249 30 pedestrian 0 0 -10 580.89 175.42 619.21 216.11 -10 -10 -10 -100    0 -1000 -1000 -10
249 31 pedestrian 0 0 -10 0.00 63.68 207.46 376.00 -10 -10 -10 -100    0 -1000 -1000 -10
249 3 pedestrian 0 0 -10 560.78 170.74 609.74 203.35 -10 -10 -10 -100    0 -1000 -1000 -10
249 45 pedestrian 0 0 -10 157.83 186.55 323.81 278.05 -10 -10 -10 -100    0 -1000 -1000 -10
250 39 pedestrian 0 0 -10 301.92 184.96 363.31 248.31 -10 -10 -10 -100    0 -1000 -1000 -10
250 44 pedestrian 0 0 -10 157.82 186.95 236.71 241.81 -10 -10 -10 -100    0 -1000 -1000 -10
250 29 pedestrian 0 0 -10 311.61 100.53 500.13 294.36 -10 -10 -10 -100    0 -1000 -1000 -10
250 47 pedestrian 0 0 -10 478.30 149.96 545.71 226.68 -10 -10 -10 -100    0 -1000 -1000 -10
250 38 pedestrian 0 0 -10 527.05 131.12 573.09 203.70 -10 -10 -10 -100    0 -1000 -1000 -10
250 30 pedestrian 0 0 -10 581.41 174.64 619.59 215.71 -10 -10 -10 -100    0 -1000 -1000 -10
250 31 pedestrian 0 0 -10 0.08 62.57 174.85 376.00 -10 -10 -10 -100    0 -1000 -1000 -10
250 3 pedestrian 0 0 -10 561.51 169.86 610.22 202.58 -10 -10 -10 -100    0 -1000 -1000 -10
250 45 pedestrian 0 0 -10 128.59 186.13 311.14 284.54 -10 -10 -10 -100    0 -1000 -1000 -10
251 48 pedestrian 0 0 -10 512.96 187.65 553.39 215.66 -10 -10 -10 -100    0 -1000 -1000 -10
251 39 pedestrian 0 0 -10 288.02 190.33 355.72 252.81 -10 -10 -10 -100    0 -1000 -1000 -10
251 44 pedestrian 0 0 -10 126.92 191.34 211.56 243.72 -10 -10 -10 -100    0 -1000 -1000 -10
251 29 pedestrian 0 0 -10 295.92 96.94 497.09 300.86 -10 -10 -10 -100    0 -1000 -1000 -10
251 47 pedestrian 0 0 -10 474.65 148.68 545.18 227.34 -10 -10 -10 -100    0 -1000 -1000 -10
251 38 pedestrian 0 0 -10 527.68 129.20 574.08 203.64 -10 -10 -10 -100    0 -1000 -1000 -10
251 30 pedestrian 0 0 -10 582.20 174.58 620.07 215.18 -10 -10 -10 -100    0 -1000 -1000 -10
251 31 pedestrian 0 0 -10 0.07 65.12 134.33 373.00 -10 -10 -10 -100    0 -1000 -1000 -10
251 3 pedestrian 0 0 -10 562.86 170.32 611.35 204.07 -10 -10 -10 -100    0 -1000 -1000 -10
251 45 pedestrian 0 0 -10 92.01 186.57 294.88 294.03 -10 -10 -10 -100    0 -1000 -1000 -10
252 48 pedestrian 0 0 -10 512.37 186.22 553.38 215.74 -10 -10 -10 -100    0 -1000 -1000 -10
252 39 pedestrian 0 0 -10 270.87 189.07 337.87 257.59 -10 -10 -10 -100    0 -1000 -1000 -10
252 29 pedestrian 0 0 -10 274.36 92.06 492.93 308.00 -10 -10 -10 -100    0 -1000 -1000 -10
252 47 pedestrian 0 0 -10 470.54 146.72 545.13 228.49 -10 -10 -10 -100    0 -1000 -1000 -10
252 38 pedestrian 0 0 -10 526.18 128.65 573.83 204.09 -10 -10 -10 -100    0 -1000 -1000 -10
252 30 pedestrian 0 0 -10 582.36 174.46 620.30 214.93 -10 -10 -10 -100    0 -1000 -1000 -10
252 31 pedestrian 0 0 -10 0.00 66.70 87.89 366.32 -10 -10 -10 -100    0 -1000 -1000 -10
252 3 pedestrian 0 0 -10 562.50 170.16 612.91 203.55 -10 -10 -10 -100    0 -1000 -1000 -10
252 45 pedestrian 0 0 -10 54.89 186.34 276.05 301.82 -10 -10 -10 -100    0 -1000 -1000 -10
253 48 pedestrian 0 0 -10 509.35 185.10 551.03 216.45 -10 -10 -10 -100    0 -1000 -1000 -10
253 39 pedestrian 0 0 -10 249.82 189.03 315.10 261.67 -10 -10 -10 -100    0 -1000 -1000 -10
253 29 pedestrian 0 0 -10 252.44 86.28 487.57 317.90 -10 -10 -10 -100    0 -1000 -1000 -10
253 47 pedestrian 0 0 -10 468.16 147.34 543.28 229.38 -10 -10 -10 -100    0 -1000 -1000 -10
253 38 pedestrian 0 0 -10 525.32 128.05 573.80 204.97 -10 -10 -10 -100    0 -1000 -1000 -10
253 30 pedestrian 0 0 -10 582.25 174.24 620.24 214.76 -10 -10 -10 -100    0 -1000 -1000 -10
253 3 pedestrian 0 0 -10 562.01 169.98 613.45 203.70 -10 -10 -10 -100    0 -1000 -1000 -10
253 45 pedestrian 0 0 -10 5.48 186.99 256.58 311.74 -10 -10 -10 -100    0 -1000 -1000 -10
254 48 pedestrian 0 0 -10 506.99 184.84 548.78 217.26 -10 -10 -10 -100    0 -1000 -1000 -10
254 29 pedestrian 0 0 -10 224.42 79.16 482.94 329.28 -10 -10 -10 -100    0 -1000 -1000 -10
254 47 pedestrian 0 0 -10 463.25 146.41 541.94 231.07 -10 -10 -10 -100    0 -1000 -1000 -10
254 38 pedestrian 0 0 -10 523.74 127.05 573.57 205.77 -10 -10 -10 -100    0 -1000 -1000 -10
254 30 pedestrian 0 0 -10 581.96 174.26 620.19 214.88 -10 -10 -10 -100    0 -1000 -1000 -10
254 3 pedestrian 0 0 -10 561.44 170.08 613.28 203.87 -10 -10 -10 -100    0 -1000 -1000 -10
254 45 pedestrian 0 0 -10 0.00 189.06 230.83 325.12 -10 -10 -10 -100    0 -1000 -1000 -10
255 50 pedestrian 0 0 -10 53.20 184.82 214.82 263.97 -10 -10 -10 -100    0 -1000 -1000 -10
255 48 pedestrian 0 0 -10 502.80 184.68 547.43 219.48 -10 -10 -10 -100    0 -1000 -1000 -10
255 29 pedestrian 0 0 -10 191.66 71.87 475.81 342.89 -10 -10 -10 -100    0 -1000 -1000 -10
255 47 pedestrian 0 0 -10 459.08 145.51 539.90 233.20 -10 -10 -10 -100    0 -1000 -1000 -10
255 38 pedestrian 0 0 -10 522.49 126.62 572.88 206.98 -10 -10 -10 -100    0 -1000 -1000 -10
255 30 pedestrian 0 0 -10 581.92 174.73 620.30 215.51 -10 -10 -10 -100    0 -1000 -1000 -10
255 3 pedestrian 0 0 -10 561.34 170.56 613.92 204.73 -10 -10 -10 -100    0 -1000 -1000 -10
255 45 pedestrian 0 0 -10 0.00 188.85 202.75 339.47 -10 -10 -10 -100    0 -1000 -1000 -10
256 50 pedestrian 0 0 -10 19.97 185.47 199.59 271.48 -10 -10 -10 -100    0 -1000 -1000 -10
256 48 pedestrian 0 0 -10 500.66 185.03 546.45 221.12 -10 -10 -10 -100    0 -1000 -1000 -10
256 29 pedestrian 0 0 -10 152.56 61.99 470.40 358.92 -10 -10 -10 -100    0 -1000 -1000 -10
256 47 pedestrian 0 0 -10 453.98 145.91 537.26 234.82 -10 -10 -10 -100    0 -1000 -1000 -10
256 38 pedestrian 0 0 -10 521.67 126.31 572.55 207.87 -10 -10 -10 -100    0 -1000 -1000 -10
256 30 pedestrian 0 0 -10 581.46 174.75 620.43 215.99 -10 -10 -10 -100    0 -1000 -1000 -10
256 3 pedestrian 0 0 -10 560.63 170.90 613.65 205.02 -10 -10 -10 -100    0 -1000 -1000 -10
256 45 pedestrian 0 0 -10 0.00 188.93 170.79 356.67 -10 -10 -10 -100    0 -1000 -1000 -10
257 48 pedestrian 0 0 -10 499.25 185.94 545.30 222.82 -10 -10 -10 -100    0 -1000 -1000 -10
257 29 pedestrian 0 0 -10 107.85 50.95 463.41 376.00 -10 -10 -10 -100    0 -1000 -1000 -10
257 47 pedestrian 0 0 -10 449.29 145.17 535.40 237.11 -10 -10 -10 -100    0 -1000 -1000 -10
257 38 pedestrian 0 0 -10 519.55 126.11 572.34 209.47 -10 -10 -10 -100    0 -1000 -1000 -10
257 30 pedestrian 0 0 -10 581.14 174.99 620.44 216.71 -10 -10 -10 -100    0 -1000 -1000 -10
257 50 pedestrian 0 0 -10 0.00 187.68 166.03 277.30 -10 -10 -10 -100    0 -1000 -1000 -10
257 3 pedestrian 0 0 -10 560.10 171.07 613.47 205.21 -10 -10 -10 -100    0 -1000 -1000 -10
257 45 pedestrian 0 0 -10 0.12 193.70 130.69 359.98 -10 -10 -10 -100    0 -1000 -1000 -10
258 48 pedestrian 0 0 -10 499.43 188.67 543.78 222.82 -10 -10 -10 -100    0 -1000 -1000 -10
258 29 pedestrian 0 0 -10 51.21 35.80 457.44 376.00 -10 -10 -10 -100    0 -1000 -1000 -10
258 47 pedestrian 0 0 -10 447.32 144.57 534.54 239.33 -10 -10 -10 -100    0 -1000 -1000 -10
258 38 pedestrian 0 0 -10 517.72 125.55 572.01 210.11 -10 -10 -10 -100    0 -1000 -1000 -10
258 30 pedestrian 0 0 -10 580.88 175.23 620.44 217.13 -10 -10 -10 -100    0 -1000 -1000 -10
258 50 pedestrian 0 0 -10 0.00 191.03 127.80 283.40 -10 -10 -10 -100    0 -1000 -1000 -10
258 3 pedestrian 0 0 -10 560.41 171.28 613.70 205.50 -10 -10 -10 -100    0 -1000 -1000 -10
258 45 pedestrian 0 0 -10 0.00 197.99 84.77 364.16 -10 -10 -10 -100    0 -1000 -1000 -10
259 48 pedestrian 0 0 -10 498.44 187.91 542.71 223.56 -10 -10 -10 -100    0 -1000 -1000 -10
259 29 pedestrian 0 0 -10 0.01 16.46 445.93 376.00 -10 -10 -10 -100    0 -1000 -1000 -10
259 47 pedestrian 0 0 -10 441.35 142.17 532.41 241.36 -10 -10 -10 -100    0 -1000 -1000 -10
259 38 pedestrian 0 0 -10 516.46 125.52 571.71 210.99 -10 -10 -10 -100    0 -1000 -1000 -10
259 30 pedestrian 0 0 -10 580.67 175.31 620.43 217.59 -10 -10 -10 -100    0 -1000 -1000 -10
259 3 pedestrian 0 0 -10 560.28 171.30 614.06 205.32 -10 -10 -10 -100    0 -1000 -1000 -10
260 48 pedestrian 0 0 -10 496.98 187.08 541.61 223.97 -10 -10 -10 -100    0 -1000 -1000 -10
260 29 pedestrian 0 0 -10 0.00 0.00 436.06 376.00 -10 -10 -10 -100    0 -1000 -1000 -10
260 47 pedestrian 0 0 -10 434.20 140.85 530.96 243.59 -10 -10 -10 -100    0 -1000 -1000 -10
260 38 pedestrian 0 0 -10 514.82 124.13 570.44 210.81 -10 -10 -10 -100    0 -1000 -1000 -10
260 30 pedestrian 0 0 -10 580.40 175.09 620.38 217.60 -10 -10 -10 -100    0 -1000 -1000 -10
260 3 pedestrian 0 0 -10 560.42 171.09 614.75 204.53 -10 -10 -10 -100    0 -1000 -1000 -10
261 29 pedestrian 0 0 -10 0.00 0.00 425.24 376.00 -10 -10 -10 -100    0 -1000 -1000 -10
261 47 pedestrian 0 0 -10 426.95 141.03 527.58 246.77 -10 -10 -10 -100    0 -1000 -1000 -10
261 38 pedestrian 0 0 -10 512.85 121.86 570.25 211.52 -10 -10 -10 -100    0 -1000 -1000 -10
261 30 pedestrian 0 0 -10 580.06 175.20 620.43 218.07 -10 -10 -10 -100    0 -1000 -1000 -10
261 48 pedestrian 0 0 -10 493.12 185.35 539.41 226.03 -10 -10 -10 -100    0 -1000 -1000 -10
261 3 pedestrian 0 0 -10 560.12 171.13 614.94 204.62 -10 -10 -10 -100    0 -1000 -1000 -10
262 29 pedestrian 0 0 -10 0.00 0.00 414.23 376.00 -10 -10 -10 -100    0 -1000 -1000 -10
262 47 pedestrian 0 0 -10 419.90 139.32 526.30 249.59 -10 -10 -10 -100    0 -1000 -1000 -10
262 38 pedestrian 0 0 -10 510.52 120.88 569.50 212.54 -10 -10 -10 -100    0 -1000 -1000 -10
262 30 pedestrian 0 0 -10 579.50 175.30 620.25 218.38 -10 -10 -10 -100    0 -1000 -1000 -10
262 48 pedestrian 0 0 -10 491.64 185.27 537.62 225.88 -10 -10 -10 -100    0 -1000 -1000 -10
262 3 pedestrian 0 0 -10 560.78 171.51 612.72 203.36 -10 -10 -10 -100    0 -1000 -1000 -10
262 51 pedestrian 0 0 -10 390.22 165.24 461.58 222.92 -10 -10 -10 -100    0 -1000 -1000 -10
263 29 pedestrian 0 0 -10 0.00 0.00 402.28 376.00 -10 -10 -10 -100    0 -1000 -1000 -10
263 47 pedestrian 0 0 -10 412.10 138.19 523.30 252.02 -10 -10 -10 -100    0 -1000 -1000 -10
263 38 pedestrian 0 0 -10 508.68 119.57 568.37 213.07 -10 -10 -10 -100    0 -1000 -1000 -10
263 52 pedestrian 0 0 -10 328.14 180.43 405.92 237.82 -10 -10 -10 -100    0 -1000 -1000 -10
263 30 pedestrian 0 0 -10 579.16 175.13 620.18 218.41 -10 -10 -10 -100    0 -1000 -1000 -10
263 48 pedestrian 0 0 -10 489.09 186.44 535.59 227.31 -10 -10 -10 -100    0 -1000 -1000 -10
263 3 pedestrian 0 0 -10 558.45 171.20 612.51 202.84 -10 -10 -10 -100    0 -1000 -1000 -10
263 51 pedestrian 0 0 -10 382.78 165.03 459.60 224.70 -10 -10 -10 -100    0 -1000 -1000 -10
264 29 pedestrian 0 0 -10 0.00 0.00 386.43 376.00 -10 -10 -10 -100    0 -1000 -1000 -10
264 47 pedestrian 0 0 -10 404.92 137.06 517.91 253.37 -10 -10 -10 -100    0 -1000 -1000 -10
264 38 pedestrian 0 0 -10 506.15 118.48 569.23 213.61 -10 -10 -10 -100    0 -1000 -1000 -10
264 52 pedestrian 0 0 -10 310.74 180.34 395.60 240.65 -10 -10 -10 -100    0 -1000 -1000 -10
264 30 pedestrian 0 0 -10 578.41 174.95 620.19 218.76 -10 -10 -10 -100    0 -1000 -1000 -10
264 48 pedestrian 0 0 -10 481.80 186.37 532.77 229.78 -10 -10 -10 -100    0 -1000 -1000 -10
264 3 pedestrian 0 0 -10 557.73 171.27 612.94 202.52 -10 -10 -10 -100    0 -1000 -1000 -10
264 51 pedestrian 0 0 -10 374.07 165.26 454.70 225.11 -10 -10 -10 -100    0 -1000 -1000 -10
265 29 pedestrian 0 0 -10 0.00 0.00 364.78 376.00 -10 -10 -10 -100    0 -1000 -1000 -10
265 47 pedestrian 0 0 -10 397.18 135.52 515.79 257.36 -10 -10 -10 -100    0 -1000 -1000 -10
265 38 pedestrian 0 0 -10 504.83 118.28 568.90 214.38 -10 -10 -10 -100    0 -1000 -1000 -10
265 52 pedestrian 0 0 -10 296.85 180.66 386.57 243.08 -10 -10 -10 -100    0 -1000 -1000 -10
265 30 pedestrian 0 0 -10 577.85 175.30 620.13 219.20 -10 -10 -10 -100    0 -1000 -1000 -10
265 48 pedestrian 0 0 -10 473.77 185.90 530.02 230.72 -10 -10 -10 -100    0 -1000 -1000 -10
265 3 pedestrian 0 0 -10 554.45 171.22 615.16 203.80 -10 -10 -10 -100    0 -1000 -1000 -10
265 51 pedestrian 0 0 -10 365.84 163.09 451.39 228.09 -10 -10 -10 -100    0 -1000 -1000 -10
266 29 pedestrian 0 0 -10 0.00 0.00 339.41 376.00 -10 -10 -10 -100    0 -1000 -1000 -10
266 47 pedestrian 0 0 -10 389.24 133.92 515.35 263.14 -10 -10 -10 -100    0 -1000 -1000 -10
266 38 pedestrian 0 0 -10 502.22 116.75 567.69 214.57 -10 -10 -10 -100    0 -1000 -1000 -10
266 52 pedestrian 0 0 -10 277.53 180.78 377.12 247.78 -10 -10 -10 -100    0 -1000 -1000 -10
266 30 pedestrian 0 0 -10 577.54 176.08 620.15 220.18 -10 -10 -10 -100    0 -1000 -1000 -10
266 48 pedestrian 0 0 -10 463.37 184.83 526.22 233.63 -10 -10 -10 -100    0 -1000 -1000 -10
266 3 pedestrian 0 0 -10 551.75 171.24 616.11 204.49 -10 -10 -10 -100    0 -1000 -1000 -10
266 51 pedestrian 0 0 -10 356.48 164.10 446.89 228.63 -10 -10 -10 -100    0 -1000 -1000 -10
267 53 pedestrian 0 0 -10 238.21 181.95 318.04 232.30 -10 -10 -10 -100    0 -1000 -1000 -10
267 29 pedestrian 0 0 -10 0.87 0.00 306.09 376.00 -10 -10 -10 -100    0 -1000 -1000 -10
267 47 pedestrian 0 0 -10 378.06 132.95 510.70 267.66 -10 -10 -10 -100    0 -1000 -1000 -10
267 38 pedestrian 0 0 -10 499.50 116.32 566.90 215.90 -10 -10 -10 -100    0 -1000 -1000 -10
267 52 pedestrian 0 0 -10 261.04 180.93 366.72 251.13 -10 -10 -10 -100    0 -1000 -1000 -10
267 30 pedestrian 0 0 -10 577.18 176.41 620.26 221.16 -10 -10 -10 -100    0 -1000 -1000 -10
267 48 pedestrian 0 0 -10 455.26 186.31 523.25 237.60 -10 -10 -10 -100    0 -1000 -1000 -10
267 3 pedestrian 0 0 -10 549.62 171.28 615.60 204.66 -10 -10 -10 -100    0 -1000 -1000 -10
267 51 pedestrian 0 0 -10 347.68 164.23 441.92 232.24 -10 -10 -10 -100    0 -1000 -1000 -10
268 53 pedestrian 0 0 -10 224.39 181.32 310.49 233.94 -10 -10 -10 -100    0 -1000 -1000 -10
268 29 pedestrian 0 0 -10 0.00 0.00 279.81 376.00 -10 -10 -10 -100    0 -1000 -1000 -10
268 47 pedestrian 0 0 -10 364.79 129.74 506.64 272.54 -10 -10 -10 -100    0 -1000 -1000 -10
268 38 pedestrian 0 0 -10 496.78 115.50 566.03 216.32 -10 -10 -10 -100    0 -1000 -1000 -10
268 52 pedestrian 0 0 -10 244.29 182.34 355.22 255.76 -10 -10 -10 -100    0 -1000 -1000 -10
268 30 pedestrian 0 0 -10 576.45 176.73 619.85 221.78 -10 -10 -10 -100    0 -1000 -1000 -10
268 48 pedestrian 0 0 -10 449.77 188.04 521.49 241.40 -10 -10 -10 -100    0 -1000 -1000 -10
268 3 pedestrian 0 0 -10 548.34 171.32 616.19 205.09 -10 -10 -10 -100    0 -1000 -1000 -10
268 51 pedestrian 0 0 -10 338.80 163.55 434.40 235.27 -10 -10 -10 -100    0 -1000 -1000 -10
269 53 pedestrian 0 0 -10 209.88 180.57 301.12 235.16 -10 -10 -10 -100    0 -1000 -1000 -10
269 29 pedestrian 0 0 -10 0.32 0.00 235.77 376.00 -10 -10 -10 -100    0 -1000 -1000 -10
269 47 pedestrian 0 0 -10 352.59 127.03 502.69 277.40 -10 -10 -10 -100    0 -1000 -1000 -10
269 38 pedestrian 0 0 -10 494.03 112.74 564.58 215.97 -10 -10 -10 -100    0 -1000 -1000 -10
269 52 pedestrian 0 0 -10 222.82 182.09 343.95 260.56 -10 -10 -10 -100    0 -1000 -1000 -10
269 30 pedestrian 0 0 -10 576.28 176.39 619.97 221.66 -10 -10 -10 -100    0 -1000 -1000 -10
269 48 pedestrian 0 0 -10 443.88 186.93 518.16 243.57 -10 -10 -10 -100    0 -1000 -1000 -10
269 3 pedestrian 0 0 -10 547.00 170.98 615.32 204.72 -10 -10 -10 -100    0 -1000 -1000 -10
269 51 pedestrian 0 0 -10 325.87 162.10 432.44 237.94 -10 -10 -10 -100    0 -1000 -1000 -10
270 40 pedestrian 0 0 -10 0.00 179.93 182.48 343.46 -10 -10 -10 -100    0 -1000 -1000 -10
270 53 pedestrian 0 0 -10 202.42 180.21 297.06 237.09 -10 -10 -10 -100    0 -1000 -1000 -10
270 29 pedestrian 0 0 -10 0.00 0.00 180.12 376.00 -10 -10 -10 -100    0 -1000 -1000 -10
270 47 pedestrian 0 0 -10 338.50 122.34 499.78 283.78 -10 -10 -10 -100    0 -1000 -1000 -10
270 38 pedestrian 0 0 -10 491.44 110.61 564.09 216.44 -10 -10 -10 -100    0 -1000 -1000 -10
270 52 pedestrian 0 0 -10 198.78 183.61 331.51 266.44 -10 -10 -10 -100    0 -1000 -1000 -10
270 30 pedestrian 0 0 -10 575.76 175.90 620.01 221.58 -10 -10 -10 -100    0 -1000 -1000 -10
270 48 pedestrian 0 0 -10 435.84 186.73 515.84 245.57 -10 -10 -10 -100    0 -1000 -1000 -10
270 3 pedestrian 0 0 -10 546.33 170.97 614.84 204.22 -10 -10 -10 -100    0 -1000 -1000 -10
270 51 pedestrian 0 0 -10 313.14 162.07 423.27 239.85 -10 -10 -10 -100    0 -1000 -1000 -10
271 40 pedestrian 0 0 -10 0.01 178.29 146.49 352.35 -10 -10 -10 -100    0 -1000 -1000 -10
271 53 pedestrian 0 0 -10 183.45 180.26 286.96 239.78 -10 -10 -10 -100    0 -1000 -1000 -10
271 47 pedestrian 0 0 -10 322.34 121.81 494.82 290.51 -10 -10 -10 -100    0 -1000 -1000 -10
271 38 pedestrian 0 0 -10 488.85 108.66 563.60 218.38 -10 -10 -10 -100    0 -1000 -1000 -10
271 52 pedestrian 0 0 -10 172.01 184.15 317.54 272.12 -10 -10 -10 -100    0 -1000 -1000 -10
271 30 pedestrian 0 0 -10 575.39 176.34 619.93 222.30 -10 -10 -10 -100    0 -1000 -1000 -10
271 48 pedestrian 0 0 -10 429.81 186.62 511.84 247.97 -10 -10 -10 -100    0 -1000 -1000 -10
271 3 pedestrian 0 0 -10 545.16 171.64 615.17 204.89 -10 -10 -10 -100    0 -1000 -1000 -10
271 51 pedestrian 0 0 -10 300.57 161.37 415.96 242.64 -10 -10 -10 -100    0 -1000 -1000 -10
272 40 pedestrian 0 0 -10 0.00 180.82 106.55 348.04 -10 -10 -10 -100    0 -1000 -1000 -10
272 53 pedestrian 0 0 -10 168.92 180.13 278.89 242.64 -10 -10 -10 -100    0 -1000 -1000 -10
272 47 pedestrian 0 0 -10 308.84 120.82 492.73 297.60 -10 -10 -10 -100    0 -1000 -1000 -10
272 38 pedestrian 0 0 -10 485.11 107.63 563.27 219.39 -10 -10 -10 -100    0 -1000 -1000 -10
272 52 pedestrian 0 0 -10 143.63 184.32 300.21 279.15 -10 -10 -10 -100    0 -1000 -1000 -10
272 30 pedestrian 0 0 -10 574.98 176.54 619.72 223.47 -10 -10 -10 -100    0 -1000 -1000 -10
272 48 pedestrian 0 0 -10 422.13 186.90 508.45 251.46 -10 -10 -10 -100    0 -1000 -1000 -10
272 3 pedestrian 0 0 -10 545.02 172.19 615.36 205.22 -10 -10 -10 -100    0 -1000 -1000 -10
272 51 pedestrian 0 0 -10 288.21 161.89 411.18 246.37 -10 -10 -10 -100    0 -1000 -1000 -10
273 53 pedestrian 0 0 -10 151.68 180.26 270.36 245.46 -10 -10 -10 -100    0 -1000 -1000 -10
273 47 pedestrian 0 0 -10 287.57 115.22 484.66 305.00 -10 -10 -10 -100    0 -1000 -1000 -10
273 38 pedestrian 0 0 -10 480.72 105.74 561.38 221.74 -10 -10 -10 -100    0 -1000 -1000 -10
273 52 pedestrian 0 0 -10 108.78 183.20 281.65 286.62 -10 -10 -10 -100    0 -1000 -1000 -10
273 30 pedestrian 0 0 -10 574.64 176.31 619.69 223.62 -10 -10 -10 -100    0 -1000 -1000 -10
273 48 pedestrian 0 0 -10 413.88 185.69 506.15 255.03 -10 -10 -10 -100    0 -1000 -1000 -10
273 40 pedestrian 0 0 -10 0.11 179.93 56.62 355.34 -10 -10 -10 -100    0 -1000 -1000 -10
273 3 pedestrian 0 0 -10 544.70 172.26 614.81 205.15 -10 -10 -10 -100    0 -1000 -1000 -10
273 51 pedestrian 0 0 -10 273.05 158.88 400.85 249.47 -10 -10 -10 -100    0 -1000 -1000 -10
274 53 pedestrian 0 0 -10 144.91 180.02 260.90 245.85 -10 -10 -10 -100    0 -1000 -1000 -10
274 47 pedestrian 0 0 -10 266.11 110.45 475.86 312.30 -10 -10 -10 -100    0 -1000 -1000 -10
274 38 pedestrian 0 0 -10 477.38 101.91 560.30 222.32 -10 -10 -10 -100    0 -1000 -1000 -10
274 52 pedestrian 0 0 -10 69.64 183.21 263.00 294.33 -10 -10 -10 -100    0 -1000 -1000 -10
274 30 pedestrian 0 0 -10 574.00 175.58 619.88 223.46 -10 -10 -10 -100    0 -1000 -1000 -10
274 48 pedestrian 0 0 -10 406.02 186.03 501.41 257.96 -10 -10 -10 -100    0 -1000 -1000 -10
274 3 pedestrian 0 0 -10 544.19 171.96 613.80 204.81 -10 -10 -10 -100    0 -1000 -1000 -10
274 51 pedestrian 0 0 -10 255.89 156.81 392.02 249.56 -10 -10 -10 -100    0 -1000 -1000 -10
275 53 pedestrian 0 0 -10 126.38 179.55 251.91 248.27 -10 -10 -10 -100    0 -1000 -1000 -10
275 47 pedestrian 0 0 -10 242.56 102.37 472.62 322.80 -10 -10 -10 -100    0 -1000 -1000 -10
275 38 pedestrian 0 0 -10 474.78 100.15 559.89 222.74 -10 -10 -10 -100    0 -1000 -1000 -10
275 52 pedestrian 0 0 -10 22.96 183.90 238.52 303.19 -10 -10 -10 -100    0 -1000 -1000 -10
275 30 pedestrian 0 0 -10 573.45 174.89 619.97 223.25 -10 -10 -10 -100    0 -1000 -1000 -10
275 48 pedestrian 0 0 -10 399.37 186.41 498.27 260.53 -10 -10 -10 -100    0 -1000 -1000 -10
275 3 pedestrian 0 0 -10 544.76 171.83 613.45 204.57 -10 -10 -10 -100    0 -1000 -1000 -10
276 53 pedestrian 0 0 -10 106.22 179.57 238.92 248.82 -10 -10 -10 -100    0 -1000 -1000 -10
276 47 pedestrian 0 0 -10 213.65 95.39 465.30 334.04 -10 -10 -10 -100    0 -1000 -1000 -10
276 38 pedestrian 0 0 -10 472.21 97.89 559.09 222.67 -10 -10 -10 -100    0 -1000 -1000 -10
276 52 pedestrian 0 0 -10 0.00 184.07 213.52 315.43 -10 -10 -10 -100    0 -1000 -1000 -10
276 30 pedestrian 0 0 -10 573.34 174.08 620.11 222.93 -10 -10 -10 -100    0 -1000 -1000 -10
276 48 pedestrian 0 0 -10 386.41 185.16 494.28 264.37 -10 -10 -10 -100    0 -1000 -1000 -10
276 3 pedestrian 0 0 -10 547.54 171.96 613.05 203.79 -10 -10 -10 -100    0 -1000 -1000 -10
277 53 pedestrian 0 0 -10 87.30 179.42 225.92 253.31 -10 -10 -10 -100    0 -1000 -1000 -10
277 47 pedestrian 0 0 -10 179.25 87.86 460.55 345.72 -10 -10 -10 -100    0 -1000 -1000 -10
277 38 pedestrian 0 0 -10 468.55 95.10 559.22 223.51 -10 -10 -10 -100    0 -1000 -1000 -10
277 52 pedestrian 0 0 -10 0.00 183.71 185.94 329.59 -10 -10 -10 -100    0 -1000 -1000 -10
277 30 pedestrian 0 0 -10 573.09 173.30 620.37 222.54 -10 -10 -10 -100    0 -1000 -1000 -10
277 48 pedestrian 0 0 -10 380.45 185.19 489.89 267.19 -10 -10 -10 -100    0 -1000 -1000 -10
277 3 pedestrian 0 0 -10 546.08 171.12 613.28 203.86 -10 -10 -10 -100    0 -1000 -1000 -10
278 53 pedestrian 0 0 -10 62.05 180.26 197.72 253.88 -10 -10 -10 -100    0 -1000 -1000 -10
278 47 pedestrian 0 0 -10 135.58 81.61 454.00 361.61 -10 -10 -10 -100    0 -1000 -1000 -10
278 38 pedestrian 0 0 -10 464.06 91.75 558.78 224.96 -10 -10 -10 -100    0 -1000 -1000 -10
278 52 pedestrian 0 0 -10 0.00 184.18 152.83 340.64 -10 -10 -10 -100    0 -1000 -1000 -10
278 30 pedestrian 0 0 -10 572.80 172.30 620.54 222.65 -10 -10 -10 -100    0 -1000 -1000 -10
278 48 pedestrian 0 0 -10 368.66 186.01 484.85 271.54 -10 -10 -10 -100    0 -1000 -1000 -10
278 3 pedestrian 0 0 -10 546.63 170.09 613.42 202.19 -10 -10 -10 -100    0 -1000 -1000 -10
279 53 pedestrian 0 0 -10 34.93 181.84 187.34 259.67 -10 -10 -10 -100    0 -1000 -1000 -10
279 47 pedestrian 0 0 -10 88.10 68.89 442.11 376.00 -10 -10 -10 -100    0 -1000 -1000 -10
279 38 pedestrian 0 0 -10 460.18 90.12 558.49 226.97 -10 -10 -10 -100    0 -1000 -1000 -10
279 52 pedestrian 0 0 -10 0.05 188.46 109.42 349.29 -10 -10 -10 -100    0 -1000 -1000 -10
279 30 pedestrian 0 0 -10 572.47 172.84 620.89 223.75 -10 -10 -10 -100    0 -1000 -1000 -10
279 48 pedestrian 0 0 -10 355.62 187.69 481.23 277.26 -10 -10 -10 -100    0 -1000 -1000 -10
279 3 pedestrian 0 0 -10 546.47 171.37 613.80 204.67 -10 -10 -10 -100    0 -1000 -1000 -10
280 53 pedestrian 0 0 -10 1.57 180.03 159.24 262.91 -10 -10 -10 -100    0 -1000 -1000 -10
280 47 pedestrian 0 0 -10 29.63 55.74 434.40 376.00 -10 -10 -10 -100    0 -1000 -1000 -10
280 38 pedestrian 0 0 -10 455.86 88.58 556.76 228.29 -10 -10 -10 -100    0 -1000 -1000 -10
280 52 pedestrian 0 0 -10 0.50 193.82 63.17 350.97 -10 -10 -10 -100    0 -1000 -1000 -10
280 30 pedestrian 0 0 -10 572.21 173.33 620.94 224.63 -10 -10 -10 -100    0 -1000 -1000 -10
280 48 pedestrian 0 0 -10 340.41 187.57 475.58 283.34 -10 -10 -10 -100    0 -1000 -1000 -10
280 54 pedestrian 0 0 -10 414.99 172.94 465.55 211.43 -10 -10 -10 -100    0 -1000 -1000 -10
280 3 pedestrian 0 0 -10 545.91 171.94 614.10 205.46 -10 -10 -10 -100    0 -1000 -1000 -10
281 53 pedestrian 0 0 -10 0.00 173.33 114.10 255.89 -10 -10 -10 -100    0 -1000 -1000 -10
281 47 pedestrian 0 0 -10 0.00 45.73 421.08 376.00 -10 -10 -10 -100    0 -1000 -1000 -10
281 38 pedestrian 0 0 -10 451.45 85.12 555.99 230.61 -10 -10 -10 -100    0 -1000 -1000 -10
281 30 pedestrian 0 0 -10 571.75 173.50 621.05 226.27 -10 -10 -10 -100    0 -1000 -1000 -10
281 48 pedestrian 0 0 -10 321.09 188.33 470.74 291.66 -10 -10 -10 -100    0 -1000 -1000 -10
281 54 pedestrian 0 0 -10 407.65 172.52 460.22 209.63 -10 -10 -10 -100    0 -1000 -1000 -10
281 3 pedestrian 0 0 -10 546.54 172.48 613.98 204.78 -10 -10 -10 -100    0 -1000 -1000 -10
282 47 pedestrian 0 0 -10 0.00 28.73 409.40 376.00 -10 -10 -10 -100    0 -1000 -1000 -10
282 38 pedestrian 0 0 -10 446.91 82.95 554.73 232.88 -10 -10 -10 -100    0 -1000 -1000 -10
282 30 pedestrian 0 0 -10 571.37 174.19 621.41 227.60 -10 -10 -10 -100    0 -1000 -1000 -10
282 48 pedestrian 0 0 -10 306.78 189.85 464.71 299.01 -10 -10 -10 -100    0 -1000 -1000 -10
282 54 pedestrian 0 0 -10 411.32 173.07 457.91 207.27 -10 -10 -10 -100    0 -1000 -1000 -10
282 3 pedestrian 0 0 -10 546.83 172.54 614.74 204.89 -10 -10 -10 -100    0 -1000 -1000 -10
283 47 pedestrian 0 0 -10 0.00 0.00 397.26 376.00 -10 -10 -10 -100    0 -1000 -1000 -10
283 38 pedestrian 0 0 -10 444.16 81.09 554.81 235.28 -10 -10 -10 -100    0 -1000 -1000 -10
283 30 pedestrian 0 0 -10 571.06 175.02 621.67 229.14 -10 -10 -10 -100    0 -1000 -1000 -10
283 48 pedestrian 0 0 -10 289.74 192.25 457.29 307.00 -10 -10 -10 -100    0 -1000 -1000 -10
283 54 pedestrian 0 0 -10 416.37 173.77 456.80 206.67 -10 -10 -10 -100    0 -1000 -1000 -10
283 3 pedestrian 0 0 -10 548.07 172.28 614.68 204.59 -10 -10 -10 -100    0 -1000 -1000 -10
284 47 pedestrian 0 0 -10 0.00 0.00 380.06 376.00 -10 -10 -10 -100    0 -1000 -1000 -10
284 38 pedestrian 0 0 -10 439.12 78.47 554.55 237.59 -10 -10 -10 -100    0 -1000 -1000 -10
284 30 pedestrian 0 0 -10 570.76 175.72 622.29 230.45 -10 -10 -10 -100    0 -1000 -1000 -10
284 48 pedestrian 0 0 -10 268.77 194.35 451.22 318.11 -10 -10 -10 -100    0 -1000 -1000 -10
284 54 pedestrian 0 0 -10 413.86 174.92 456.46 209.13 -10 -10 -10 -100    0 -1000 -1000 -10
284 3 pedestrian 0 0 -10 546.46 172.71 613.13 203.75 -10 -10 -10 -100    0 -1000 -1000 -10
285 47 pedestrian 0 0 -10 0.00 0.00 363.25 376.00 -10 -10 -10 -100    0 -1000 -1000 -10
285 38 pedestrian 0 0 -10 434.56 75.13 553.91 239.56 -10 -10 -10 -100    0 -1000 -1000 -10
285 30 pedestrian 0 0 -10 570.41 176.43 622.90 231.45 -10 -10 -10 -100    0 -1000 -1000 -10
285 48 pedestrian 0 0 -10 243.13 196.93 445.24 330.72 -10 -10 -10 -100    0 -1000 -1000 -10
285 54 pedestrian 0 0 -10 413.78 176.57 454.89 209.40 -10 -10 -10 -100    0 -1000 -1000 -10
285 3 pedestrian 0 0 -10 546.14 172.23 613.60 202.81 -10 -10 -10 -100    0 -1000 -1000 -10
286 47 pedestrian 0 0 -10 0.00 0.00 342.51 376.00 -10 -10 -10 -100    0 -1000 -1000 -10
286 38 pedestrian 0 0 -10 428.45 70.13 554.45 240.75 -10 -10 -10 -100    0 -1000 -1000 -10
286 30 pedestrian 0 0 -10 570.21 175.86 623.26 231.72 -10 -10 -10 -100    0 -1000 -1000 -10
286 55 pedestrian 0 0 -10 355.92 180.92 426.62 228.19 -10 -10 -10 -100    0 -1000 -1000 -10
286 48 pedestrian 0 0 -10 216.37 197.13 435.71 340.63 -10 -10 -10 -100    0 -1000 -1000 -10
286 54 pedestrian 0 0 -10 411.36 175.29 450.47 208.00 -10 -10 -10 -100    0 -1000 -1000 -10
286 3 pedestrian 0 0 -10 544.98 169.61 615.05 200.18 -10 -10 -10 -100    0 -1000 -1000 -10
287 47 pedestrian 0 0 -10 0.00 0.00 318.48 376.00 -10 -10 -10 -100    0 -1000 -1000 -10
287 38 pedestrian 0 0 -10 421.45 65.48 553.33 242.10 -10 -10 -10 -100    0 -1000 -1000 -10
287 30 pedestrian 0 0 -10 569.98 175.29 623.63 231.66 -10 -10 -10 -100    0 -1000 -1000 -10
287 55 pedestrian 0 0 -10 351.53 181.28 424.73 229.10 -10 -10 -10 -100    0 -1000 -1000 -10
287 48 pedestrian 0 0 -10 183.19 198.07 426.51 356.12 -10 -10 -10 -100    0 -1000 -1000 -10
287 54 pedestrian 0 0 -10 411.39 173.96 449.54 207.62 -10 -10 -10 -100    0 -1000 -1000 -10
287 3 pedestrian 0 0 -10 544.83 169.04 615.68 199.45 -10 -10 -10 -100    0 -1000 -1000 -10
288 56 pedestrian 0 0 -10 532.11 180.22 562.69 205.32 -10 -10 -10 -100    0 -1000 -1000 -10
288 47 pedestrian 0 0 -10 0.59 0.00 287.87 376.00 -10 -10 -10 -100    0 -1000 -1000 -10
288 38 pedestrian 0 0 -10 415.43 62.06 551.72 244.64 -10 -10 -10 -100    0 -1000 -1000 -10
288 30 pedestrian 0 0 -10 569.68 174.52 624.70 231.69 -10 -10 -10 -100    0 -1000 -1000 -10
288 55 pedestrian 0 0 -10 346.62 180.58 419.84 230.25 -10 -10 -10 -100    0 -1000 -1000 -10
288 48 pedestrian 0 0 -10 144.01 199.09 417.32 370.77 -10 -10 -10 -100    0 -1000 -1000 -10
288 3 pedestrian 0 0 -10 544.63 168.50 615.55 198.61 -10 -10 -10 -100    0 -1000 -1000 -10
289 47 pedestrian 0 0 -10 0.00 0.00 249.95 376.00 -10 -10 -10 -100    0 -1000 -1000 -10
289 38 pedestrian 0 0 -10 410.37 58.14 551.56 247.67 -10 -10 -10 -100    0 -1000 -1000 -10
289 30 pedestrian 0 0 -10 569.32 174.12 625.23 232.07 -10 -10 -10 -100    0 -1000 -1000 -10
289 56 pedestrian 0 0 -10 531.58 180.55 563.05 205.89 -10 -10 -10 -100    0 -1000 -1000 -10
289 55 pedestrian 0 0 -10 342.99 180.07 417.55 230.27 -10 -10 -10 -100    0 -1000 -1000 -10
289 48 pedestrian 0 0 -10 96.76 199.76 405.77 376.00 -10 -10 -10 -100    0 -1000 -1000 -10
289 3 pedestrian 0 0 -10 545.30 168.71 615.78 198.71 -10 -10 -10 -100    0 -1000 -1000 -10
289 57 pedestrian 0 0 -10 324.45 175.44 383.89 211.68 -10 -10 -10 -100    0 -1000 -1000 -10
290 47 pedestrian 0 0 -10 0.00 0.00 205.09 376.00 -10 -10 -10 -100    0 -1000 -1000 -10
290 38 pedestrian 0 0 -10 402.06 53.26 551.14 249.33 -10 -10 -10 -100    0 -1000 -1000 -10
290 30 pedestrian 0 0 -10 568.80 173.40 625.29 232.07 -10 -10 -10 -100    0 -1000 -1000 -10
290 56 pedestrian 0 0 -10 529.18 179.44 562.57 206.02 -10 -10 -10 -100    0 -1000 -1000 -10
290 55 pedestrian 0 0 -10 335.80 180.42 413.76 231.15 -10 -10 -10 -100    0 -1000 -1000 -10
290 48 pedestrian 0 0 -10 45.02 199.64 393.58 376.00 -10 -10 -10 -100    0 -1000 -1000 -10
290 3 pedestrian 0 0 -10 544.69 168.13 615.39 198.38 -10 -10 -10 -100    0 -1000 -1000 -10
290 57 pedestrian 0 0 -10 318.89 174.85 379.07 212.81 -10 -10 -10 -100    0 -1000 -1000 -10
291 47 pedestrian 0 0 -10 0.00 0.00 153.79 376.00 -10 -10 -10 -100    0 -1000 -1000 -10
291 38 pedestrian 0 0 -10 396.27 49.48 550.81 252.14 -10 -10 -10 -100    0 -1000 -1000 -10
291 30 pedestrian 0 0 -10 568.50 173.21 625.67 232.52 -10 -10 -10 -100    0 -1000 -1000 -10
291 56 pedestrian 0 0 -10 528.53 179.48 562.24 206.02 -10 -10 -10 -100    0 -1000 -1000 -10
291 55 pedestrian 0 0 -10 330.37 180.58 412.08 233.30 -10 -10 -10 -100    0 -1000 -1000 -10
291 48 pedestrian 0 0 -10 0.00 202.11 379.64 376.00 -10 -10 -10 -100    0 -1000 -1000 -10
291 3 pedestrian 0 0 -10 544.70 168.25 615.36 198.50 -10 -10 -10 -100    0 -1000 -1000 -10
291 57 pedestrian 0 0 -10 313.33 174.53 376.62 215.88 -10 -10 -10 -100    0 -1000 -1000 -10
292 38 pedestrian 0 0 -10 388.59 45.76 550.49 255.26 -10 -10 -10 -100    0 -1000 -1000 -10
292 30 pedestrian 0 0 -10 568.01 173.28 626.13 233.44 -10 -10 -10 -100    0 -1000 -1000 -10
292 56 pedestrian 0 0 -10 527.42 180.03 561.67 207.94 -10 -10 -10 -100    0 -1000 -1000 -10
292 55 pedestrian 0 0 -10 325.80 180.94 409.48 234.50 -10 -10 -10 -100    0 -1000 -1000 -10
292 48 pedestrian 0 0 -10 6.02 202.54 363.15 376.00 -10 -10 -10 -100    0 -1000 -1000 -10
292 3 pedestrian 0 0 -10 544.99 168.91 615.05 199.03 -10 -10 -10 -100    0 -1000 -1000 -10
292 57 pedestrian 0 0 -10 308.87 175.28 371.93 216.41 -10 -10 -10 -100    0 -1000 -1000 -10
293 38 pedestrian 0 0 -10 379.17 41.05 550.00 259.68 -10 -10 -10 -100    0 -1000 -1000 -10
293 30 pedestrian 0 0 -10 567.24 174.08 626.55 234.90 -10 -10 -10 -100    0 -1000 -1000 -10
293 56 pedestrian 0 0 -10 526.01 180.59 560.91 209.22 -10 -10 -10 -100    0 -1000 -1000 -10
293 55 pedestrian 0 0 -10 320.14 181.33 406.87 236.20 -10 -10 -10 -100    0 -1000 -1000 -10
293 48 pedestrian 0 0 -10 0.00 203.66 345.27 376.00 -10 -10 -10 -100    0 -1000 -1000 -10
293 3 pedestrian 0 0 -10 545.76 169.49 615.98 199.63 -10 -10 -10 -100    0 -1000 -1000 -10
293 57 pedestrian 0 0 -10 303.96 175.73 367.95 217.00 -10 -10 -10 -100    0 -1000 -1000 -10
293 51 pedestrian 0 0 -10 11.43 183.89 247.41 302.71 -10 -10 -10 -100    0 -1000 -1000 -10
294 38 pedestrian 0 0 -10 368.39 34.41 549.24 263.47 -10 -10 -10 -100    0 -1000 -1000 -10
294 30 pedestrian 0 0 -10 566.79 173.57 626.86 235.56 -10 -10 -10 -100    0 -1000 -1000 -10
294 56 pedestrian 0 0 -10 525.31 180.05 560.84 209.13 -10 -10 -10 -100    0 -1000 -1000 -10
294 55 pedestrian 0 0 -10 313.38 181.22 402.51 237.27 -10 -10 -10 -100    0 -1000 -1000 -10
294 48 pedestrian 0 0 -10 0.00 204.97 327.24 376.00 -10 -10 -10 -100    0 -1000 -1000 -10
294 3 pedestrian 0 0 -10 545.04 169.05 616.42 199.56 -10 -10 -10 -100    0 -1000 -1000 -10
294 57 pedestrian 0 0 -10 298.12 175.24 363.74 217.88 -10 -10 -10 -100    0 -1000 -1000 -10
294 51 pedestrian 0 0 -10 0.00 183.04 230.47 312.63 -10 -10 -10 -100    0 -1000 -1000 -10
295 38 pedestrian 0 0 -10 359.91 25.13 548.83 266.29 -10 -10 -10 -100    0 -1000 -1000 -10
295 30 pedestrian 0 0 -10 566.26 172.75 627.05 235.71 -10 -10 -10 -100    0 -1000 -1000 -10
295 56 pedestrian 0 0 -10 523.51 179.55 560.05 209.21 -10 -10 -10 -100    0 -1000 -1000 -10
295 55 pedestrian 0 0 -10 307.30 182.00 396.70 238.52 -10 -10 -10 -100    0 -1000 -1000 -10
295 48 pedestrian 0 0 -10 0.00 208.33 304.41 376.00 -10 -10 -10 -100    0 -1000 -1000 -10
295 3 pedestrian 0 0 -10 544.06 168.11 616.30 199.08 -10 -10 -10 -100    0 -1000 -1000 -10
295 57 pedestrian 0 0 -10 293.24 175.69 361.10 218.63 -10 -10 -10 -100    0 -1000 -1000 -10
295 51 pedestrian 0 0 -10 0.24 184.69 218.47 319.94 -10 -10 -10 -100    0 -1000 -1000 -10
296 38 pedestrian 0 0 -10 347.21 17.90 547.74 269.68 -10 -10 -10 -100    0 -1000 -1000 -10
296 30 pedestrian 0 0 -10 565.84 172.03 627.30 235.87 -10 -10 -10 -100    0 -1000 -1000 -10
296 56 pedestrian 0 0 -10 521.45 178.62 559.51 209.65 -10 -10 -10 -100    0 -1000 -1000 -10
296 55 pedestrian 0 0 -10 301.12 181.79 392.80 239.51 -10 -10 -10 -100    0 -1000 -1000 -10
296 48 pedestrian 0 0 -10 0.00 211.71 276.88 376.00 -10 -10 -10 -100    0 -1000 -1000 -10
296 3 pedestrian 0 0 -10 541.54 167.28 616.15 198.95 -10 -10 -10 -100    0 -1000 -1000 -10
296 57 pedestrian 0 0 -10 288.15 175.48 361.48 218.84 -10 -10 -10 -100    0 -1000 -1000 -10
296 51 pedestrian 0 0 -10 0.19 185.60 200.41 330.41 -10 -10 -10 -100    0 -1000 -1000 -10
297 38 pedestrian 0 0 -10 336.81 8.97 545.34 273.49 -10 -10 -10 -100    0 -1000 -1000 -10
297 30 pedestrian 0 0 -10 565.27 171.51 627.66 236.30 -10 -10 -10 -100    0 -1000 -1000 -10
297 56 pedestrian 0 0 -10 519.56 178.09 558.40 209.89 -10 -10 -10 -100    0 -1000 -1000 -10
297 55 pedestrian 0 0 -10 293.46 182.16 388.82 240.36 -10 -10 -10 -100    0 -1000 -1000 -10
297 48 pedestrian 0 0 -10 0.00 214.95 246.45 376.00 -10 -10 -10 -100    0 -1000 -1000 -10
297 3 pedestrian 0 0 -10 539.11 166.80 616.32 199.92 -10 -10 -10 -100    0 -1000 -1000 -10
297 57 pedestrian 0 0 -10 281.84 174.59 357.61 219.28 -10 -10 -10 -100    0 -1000 -1000 -10
297 51 pedestrian 0 0 -10 0.06 185.17 179.32 340.76 -10 -10 -10 -100    0 -1000 -1000 -10
298 38 pedestrian 0 0 -10 321.29 0.92 543.31 277.59 -10 -10 -10 -100    0 -1000 -1000 -10
298 30 pedestrian 0 0 -10 564.86 171.34 627.68 237.19 -10 -10 -10 -100    0 -1000 -1000 -10
298 56 pedestrian 0 0 -10 518.18 178.04 556.95 210.46 -10 -10 -10 -100    0 -1000 -1000 -10
298 55 pedestrian 0 0 -10 286.57 180.46 383.74 242.35 -10 -10 -10 -100    0 -1000 -1000 -10
298 48 pedestrian 0 0 -10 0.17 216.52 210.60 376.00 -10 -10 -10 -100    0 -1000 -1000 -10
298 3 pedestrian 0 0 -10 536.39 166.83 616.62 201.09 -10 -10 -10 -100    0 -1000 -1000 -10
298 57 pedestrian 0 0 -10 275.69 175.16 350.76 219.88 -10 -10 -10 -100    0 -1000 -1000 -10
298 51 pedestrian 0 0 -10 0.00 186.99 154.09 343.71 -10 -10 -10 -100    0 -1000 -1000 -10
299 38 pedestrian 0 0 -10 305.87 0.00 542.15 283.93 -10 -10 -10 -100    0 -1000 -1000 -10
299 30 pedestrian 0 0 -10 564.73 171.51 628.19 238.22 -10 -10 -10 -100    0 -1000 -1000 -10
299 56 pedestrian 0 0 -10 516.12 178.29 556.04 211.63 -10 -10 -10 -100    0 -1000 -1000 -10
299 48 pedestrian 0 0 -10 0.00 227.24 168.68 376.00 -10 -10 -10 -100    0 -1000 -1000 -10
299 3 pedestrian 0 0 -10 535.06 166.74 615.78 201.67 -10 -10 -10 -100    0 -1000 -1000 -10
299 57 pedestrian 0 0 -10 270.67 174.64 347.36 221.07 -10 -10 -10 -100    0 -1000 -1000 -10
299 51 pedestrian 0 0 -10 0.17 188.82 127.79 345.60 -10 -10 -10 -100    0 -1000 -1000 -10
300 38 pedestrian 0 0 -10 286.11 0.00 542.61 289.64 -10 -10 -10 -100    0 -1000 -1000 -10
300 30 pedestrian 0 0 -10 564.47 170.57 628.53 238.52 -10 -10 -10 -100    0 -1000 -1000 -10
300 56 pedestrian 0 0 -10 514.89 178.23 555.10 212.06 -10 -10 -10 -100    0 -1000 -1000 -10
300 48 pedestrian 0 0 -10 0.00 234.25 104.83 376.00 -10 -10 -10 -100    0 -1000 -1000 -10
300 3 pedestrian 0 0 -10 533.31 166.80 615.78 202.20 -10 -10 -10 -100    0 -1000 -1000 -10
300 57 pedestrian 0 0 -10 263.48 174.55 339.23 221.33 -10 -10 -10 -100    0 -1000 -1000 -10
300 51 pedestrian 0 0 -10 0.00 186.74 97.01 347.88 -10 -10 -10 -100    0 -1000 -1000 -10
301 38 pedestrian 0 0 -10 270.22 0.00 541.57 296.73 -10 -10 -10 -100    0 -1000 -1000 -10
301 30 pedestrian 0 0 -10 563.84 169.55 628.77 238.50 -10 -10 -10 -100    0 -1000 -1000 -10
301 56 pedestrian 0 0 -10 513.16 177.62 554.95 212.39 -10 -10 -10 -100    0 -1000 -1000 -10
301 3 pedestrian 0 0 -10 532.36 166.17 615.30 201.53 -10 -10 -10 -100    0 -1000 -1000 -10
301 57 pedestrian 0 0 -10 256.48 173.13 336.32 220.32 -10 -10 -10 -100    0 -1000 -1000 -10
301 51 pedestrian 0 0 -10 0.00 184.96 61.86 347.81 -10 -10 -10 -100    0 -1000 -1000 -10
302 38 pedestrian 0 0 -10 249.71 0.00 540.11 304.06 -10 -10 -10 -100    0 -1000 -1000 -10
302 30 pedestrian 0 0 -10 563.46 169.71 628.99 239.04 -10 -10 -10 -100    0 -1000 -1000 -10
302 56 pedestrian 0 0 -10 510.39 177.88 553.63 212.91 -10 -10 -10 -100    0 -1000 -1000 -10
302 3 pedestrian 0 0 -10 530.73 165.84 614.79 201.68 -10 -10 -10 -100    0 -1000 -1000 -10
303 38 pedestrian 0 0 -10 223.99 0.00 538.30 313.05 -10 -10 -10 -100    0 -1000 -1000 -10
303 30 pedestrian 0 0 -10 562.54 169.24 629.03 239.59 -10 -10 -10 -100    0 -1000 -1000 -10
303 56 pedestrian 0 0 -10 508.81 178.83 552.93 214.11 -10 -10 -10 -100    0 -1000 -1000 -10
303 3 pedestrian 0 0 -10 529.30 166.09 614.09 201.81 -10 -10 -10 -100    0 -1000 -1000 -10
304 38 pedestrian 0 0 -10 198.44 0.00 536.99 325.47 -10 -10 -10 -100    0 -1000 -1000 -10
304 30 pedestrian 0 0 -10 562.00 169.33 629.10 240.43 -10 -10 -10 -100    0 -1000 -1000 -10
304 56 pedestrian 0 0 -10 506.71 179.21 551.13 215.72 -10 -10 -10 -100    0 -1000 -1000 -10
304 3 pedestrian 0 0 -10 528.36 166.16 614.02 202.55 -10 -10 -10 -100    0 -1000 -1000 -10
305 38 pedestrian 0 0 -10 167.02 0.00 534.69 337.20 -10 -10 -10 -100    0 -1000 -1000 -10
305 30 pedestrian 0 0 -10 561.71 169.46 629.17 241.33 -10 -10 -10 -100    0 -1000 -1000 -10
305 56 pedestrian 0 0 -10 504.53 179.16 550.36 216.76 -10 -10 -10 -100    0 -1000 -1000 -10
305 3 pedestrian 0 0 -10 525.17 165.37 612.82 202.93 -10 -10 -10 -100    0 -1000 -1000 -10
306 38 pedestrian 0 0 -10 130.97 0.00 532.42 353.32 -10 -10 -10 -100    0 -1000 -1000 -10
306 30 pedestrian 0 0 -10 561.09 169.26 629.01 241.94 -10 -10 -10 -100    0 -1000 -1000 -10
306 56 pedestrian 0 0 -10 501.65 178.92 548.47 217.80 -10 -10 -10 -100    0 -1000 -1000 -10
306 3 pedestrian 0 0 -10 522.26 164.31 612.72 202.43 -10 -10 -10 -100    0 -1000 -1000 -10
307 38 pedestrian 0 0 -10 91.35 0.00 531.20 374.21 -10 -10 -10 -100    0 -1000 -1000 -10
307 30 pedestrian 0 0 -10 560.28 169.93 629.20 243.26 -10 -10 -10 -100    0 -1000 -1000 -10
307 56 pedestrian 0 0 -10 498.74 178.84 547.57 218.35 -10 -10 -10 -100    0 -1000 -1000 -10
307 3 pedestrian 0 0 -10 518.48 163.21 611.78 202.51 -10 -10 -10 -100    0 -1000 -1000 -10
308 38 pedestrian 0 0 -10 38.47 0.00 530.18 376.00 -10 -10 -10 -100    0 -1000 -1000 -10
308 30 pedestrian 0 0 -10 559.73 170.45 629.29 244.59 -10 -10 -10 -100    0 -1000 -1000 -10
308 56 pedestrian 0 0 -10 494.13 179.20 546.15 220.57 -10 -10 -10 -100    0 -1000 -1000 -10
308 3 pedestrian 0 0 -10 514.83 162.86 611.59 203.53 -10 -10 -10 -100    0 -1000 -1000 -10
309 38 pedestrian 0 0 -10 3.85 0.00 528.69 376.00 -10 -10 -10 -100    0 -1000 -1000 -10
309 30 pedestrian 0 0 -10 559.34 170.98 629.09 245.58 -10 -10 -10 -100    0 -1000 -1000 -10
309 56 pedestrian 0 0 -10 490.94 180.03 544.34 222.43 -10 -10 -10 -100    0 -1000 -1000 -10
309 3 pedestrian 0 0 -10 512.78 163.67 611.26 203.17 -10 -10 -10 -100    0 -1000 -1000 -10
310 38 pedestrian 0 0 -10 2.43 0.00 526.89 376.00 -10 -10 -10 -100    0 -1000 -1000 -10
310 30 pedestrian 0 0 -10 558.93 171.38 629.14 246.34 -10 -10 -10 -100    0 -1000 -1000 -10
310 56 pedestrian 0 0 -10 488.92 180.58 543.14 224.84 -10 -10 -10 -100    0 -1000 -1000 -10
310 3 pedestrian 0 0 -10 511.17 163.95 610.56 203.76 -10 -10 -10 -100    0 -1000 -1000 -10
311 38 pedestrian 0 0 -10 5.31 0.00 524.29 376.00 -10 -10 -10 -100    0 -1000 -1000 -10
311 30 pedestrian 0 0 -10 558.25 172.13 629.11 247.20 -10 -10 -10 -100    0 -1000 -1000 -10
311 56 pedestrian 0 0 -10 486.26 181.04 542.03 226.37 -10 -10 -10 -100    0 -1000 -1000 -10
311 3 pedestrian 0 0 -10 508.84 163.77 610.09 205.08 -10 -10 -10 -100    0 -1000 -1000 -10
312 30 pedestrian 0 0 -10 557.88 172.39 628.98 248.07 -10 -10 -10 -100    0 -1000 -1000 -10
312 56 pedestrian 0 0 -10 483.74 181.77 541.05 228.09 -10 -10 -10 -100    0 -1000 -1000 -10
312 38 pedestrian 0 0 -10 7.37 0.00 522.58 376.00 -10 -10 -10 -100    0 -1000 -1000 -10
312 3 pedestrian 0 0 -10 506.64 164.23 609.69 208.95 -10 -10 -10 -100    0 -1000 -1000 -10
313 30 pedestrian 0 0 -10 557.61 172.80 628.73 248.79 -10 -10 -10 -100    0 -1000 -1000 -10
313 56 pedestrian 0 0 -10 479.64 181.86 538.57 229.95 -10 -10 -10 -100    0 -1000 -1000 -10
313 38 pedestrian 0 0 -10 0.00 0.00 519.74 376.00 -10 -10 -10 -100    0 -1000 -1000 -10
313 3 pedestrian 0 0 -10 505.06 164.63 610.20 212.53 -10 -10 -10 -100    0 -1000 -1000 -10
314 30 pedestrian 0 0 -10 557.15 173.04 628.76 249.52 -10 -10 -10 -100    0 -1000 -1000 -10
314 56 pedestrian 0 0 -10 475.91 182.72 537.51 232.44 -10 -10 -10 -100    0 -1000 -1000 -10
314 38 pedestrian 0 0 -10 3.78 0.00 517.17 376.00 -10 -10 -10 -100    0 -1000 -1000 -10
314 3 pedestrian 0 0 -10 503.05 165.02 609.96 215.06 -10 -10 -10 -100    0 -1000 -1000 -10
315 30 pedestrian 0 0 -10 556.41 172.03 628.58 249.73 -10 -10 -10 -100    0 -1000 -1000 -10
315 56 pedestrian 0 0 -10 471.80 183.20 535.50 234.14 -10 -10 -10 -100    0 -1000 -1000 -10
315 38 pedestrian 0 0 -10 2.30 0.00 512.78 376.00 -10 -10 -10 -100    0 -1000 -1000 -10
315 3 pedestrian 0 0 -10 503.11 164.76 610.28 215.91 -10 -10 -10 -100    0 -1000 -1000 -10
316 30 pedestrian 0 0 -10 555.81 172.43 628.71 250.06 -10 -10 -10 -100    0 -1000 -1000 -10
316 56 pedestrian 0 0 -10 468.28 183.54 534.59 235.59 -10 -10 -10 -100    0 -1000 -1000 -10
316 38 pedestrian 0 0 -10 3.72 0.00 510.86 376.00 -10 -10 -10 -100    0 -1000 -1000 -10
316 3 pedestrian 0 0 -10 507.69 165.48 610.10 212.09 -10 -10 -10 -100    0 -1000 -1000 -10
317 30 pedestrian 0 0 -10 555.56 172.62 628.74 250.81 -10 -10 -10 -100    0 -1000 -1000 -10
317 56 pedestrian 0 0 -10 464.72 184.45 533.28 237.64 -10 -10 -10 -100    0 -1000 -1000 -10
317 38 pedestrian 0 0 -10 1.82 0.00 506.85 376.00 -10 -10 -10 -100    0 -1000 -1000 -10
317 3 pedestrian 0 0 -10 518.26 166.59 611.37 210.14 -10 -10 -10 -100    0 -1000 -1000 -10
318 30 pedestrian 0 0 -10 555.22 172.72 628.69 251.44 -10 -10 -10 -100    0 -1000 -1000 -10
318 56 pedestrian 0 0 -10 459.46 183.95 530.79 239.49 -10 -10 -10 -100    0 -1000 -1000 -10
318 38 pedestrian 0 0 -10 1.90 0.00 503.91 376.00 -10 -10 -10 -100    0 -1000 -1000 -10
318 3 pedestrian 0 0 -10 527.49 167.31 611.71 207.72 -10 -10 -10 -100    0 -1000 -1000 -10
319 58 pedestrian 0 0 -10 488.32 178.51 542.90 224.19 -10 -10 -10 -100    0 -1000 -1000 -10
319 30 pedestrian 0 0 -10 554.64 172.36 628.67 251.48 -10 -10 -10 -100    0 -1000 -1000 -10
319 56 pedestrian 0 0 -10 456.40 183.94 528.88 241.49 -10 -10 -10 -100    0 -1000 -1000 -10
319 38 pedestrian 0 0 -10 1.65 0.00 500.80 376.00 -10 -10 -10 -100    0 -1000 -1000 -10
319 3 pedestrian 0 0 -10 531.32 167.83 610.86 205.71 -10 -10 -10 -100    0 -1000 -1000 -10
320 58 pedestrian 0 0 -10 486.87 178.24 542.68 226.35 -10 -10 -10 -100    0 -1000 -1000 -10
320 30 pedestrian 0 0 -10 554.21 172.39 628.53 251.86 -10 -10 -10 -100    0 -1000 -1000 -10
320 56 pedestrian 0 0 -10 451.90 185.45 526.88 243.98 -10 -10 -10 -100    0 -1000 -1000 -10
320 38 pedestrian 0 0 -10 0.00 0.00 496.72 376.00 -10 -10 -10 -100    0 -1000 -1000 -10
320 3 pedestrian 0 0 -10 530.91 167.55 610.40 205.97 -10 -10 -10 -100    0 -1000 -1000 -10
321 58 pedestrian 0 0 -10 483.32 178.92 541.38 227.49 -10 -10 -10 -100    0 -1000 -1000 -10
321 30 pedestrian 0 0 -10 554.02 172.48 628.37 252.11 -10 -10 -10 -100    0 -1000 -1000 -10
321 56 pedestrian 0 0 -10 447.22 187.19 524.60 246.53 -10 -10 -10 -100    0 -1000 -1000 -10
321 59 pedestrian 0 0 -10 507.49 174.69 552.65 217.37 -10 -10 -10 -100    0 -1000 -1000 -10
321 38 pedestrian 0 0 -10 1.46 0.00 492.65 376.00 -10 -10 -10 -100    0 -1000 -1000 -10
321 3 pedestrian 0 0 -10 530.53 167.76 609.36 206.78 -10 -10 -10 -100    0 -1000 -1000 -10
322 58 pedestrian 0 0 -10 481.04 178.48 540.46 227.93 -10 -10 -10 -100    0 -1000 -1000 -10
322 30 pedestrian 0 0 -10 553.91 172.33 628.39 251.99 -10 -10 -10 -100    0 -1000 -1000 -10
322 56 pedestrian 0 0 -10 443.84 187.68 523.21 248.16 -10 -10 -10 -100    0 -1000 -1000 -10
322 59 pedestrian 0 0 -10 505.04 174.67 550.59 217.08 -10 -10 -10 -100    0 -1000 -1000 -10
322 38 pedestrian 0 0 -10 2.02 0.00 488.20 376.00 -10 -10 -10 -100    0 -1000 -1000 -10
322 3 pedestrian 0 0 -10 530.14 167.06 607.96 207.27 -10 -10 -10 -100    0 -1000 -1000 -10
323 58 pedestrian 0 0 -10 477.77 178.76 539.11 229.47 -10 -10 -10 -100    0 -1000 -1000 -10
323 30 pedestrian 0 0 -10 554.16 172.38 628.62 252.03 -10 -10 -10 -100    0 -1000 -1000 -10
323 56 pedestrian 0 0 -10 436.91 186.21 521.54 250.83 -10 -10 -10 -100    0 -1000 -1000 -10
323 59 pedestrian 0 0 -10 505.15 174.65 551.27 218.34 -10 -10 -10 -100    0 -1000 -1000 -10
323 38 pedestrian 0 0 -10 3.85 0.00 483.08 376.00 -10 -10 -10 -100    0 -1000 -1000 -10
323 3 pedestrian 0 0 -10 531.00 166.95 606.48 207.07 -10 -10 -10 -100    0 -1000 -1000 -10
324 58 pedestrian 0 0 -10 475.64 178.66 537.39 230.90 -10 -10 -10 -100    0 -1000 -1000 -10
324 30 pedestrian 0 0 -10 554.14 172.34 628.51 251.98 -10 -10 -10 -100    0 -1000 -1000 -10
324 56 pedestrian 0 0 -10 431.07 186.63 519.56 253.12 -10 -10 -10 -100    0 -1000 -1000 -10
324 59 pedestrian 0 0 -10 504.42 174.16 549.70 219.35 -10 -10 -10 -100    0 -1000 -1000 -10
324 38 pedestrian 0 0 -10 1.22 0.00 478.62 376.00 -10 -10 -10 -100    0 -1000 -1000 -10
324 3 pedestrian 0 0 -10 530.89 167.04 605.91 207.77 -10 -10 -10 -100    0 -1000 -1000 -10
325 58 pedestrian 0 0 -10 472.69 178.76 536.26 232.65 -10 -10 -10 -100    0 -1000 -1000 -10
325 30 pedestrian 0 0 -10 554.05 171.98 628.54 251.92 -10 -10 -10 -100    0 -1000 -1000 -10
325 56 pedestrian 0 0 -10 424.85 186.52 516.66 255.90 -10 -10 -10 -100    0 -1000 -1000 -10
325 59 pedestrian 0 0 -10 502.70 173.62 549.98 219.94 -10 -10 -10 -100    0 -1000 -1000 -10
325 38 pedestrian 0 0 -10 2.08 0.00 472.57 376.00 -10 -10 -10 -100    0 -1000 -1000 -10
325 3 pedestrian 0 0 -10 529.91 166.31 606.20 207.56 -10 -10 -10 -100    0 -1000 -1000 -10
326 58 pedestrian 0 0 -10 471.25 179.01 535.33 233.67 -10 -10 -10 -100    0 -1000 -1000 -10
326 30 pedestrian 0 0 -10 554.03 172.09 628.43 252.01 -10 -10 -10 -100    0 -1000 -1000 -10
326 56 pedestrian 0 0 -10 418.73 186.36 514.71 259.40 -10 -10 -10 -100    0 -1000 -1000 -10
326 59 pedestrian 0 0 -10 501.63 173.81 548.86 221.01 -10 -10 -10 -100    0 -1000 -1000 -10
326 38 pedestrian 0 0 -10 0.81 0.00 468.67 376.00 -10 -10 -10 -100    0 -1000 -1000 -10
326 3 pedestrian 0 0 -10 530.65 166.70 606.66 208.00 -10 -10 -10 -100    0 -1000 -1000 -10
327 60 pedestrian 0 0 -10 446.98 171.01 508.83 205.74 -10 -10 -10 -100    0 -1000 -1000 -10
327 58 pedestrian 0 0 -10 469.03 178.61 534.48 234.73 -10 -10 -10 -100    0 -1000 -1000 -10
327 30 pedestrian 0 0 -10 554.04 171.79 628.46 251.79 -10 -10 -10 -100    0 -1000 -1000 -10
327 56 pedestrian 0 0 -10 410.87 187.99 512.47 262.93 -10 -10 -10 -100    0 -1000 -1000 -10
327 59 pedestrian 0 0 -10 500.04 174.01 548.58 221.85 -10 -10 -10 -100    0 -1000 -1000 -10
327 38 pedestrian 0 0 -10 0.00 0.00 462.29 376.00 -10 -10 -10 -100    0 -1000 -1000 -10
327 3 pedestrian 0 0 -10 531.85 166.10 608.80 207.98 -10 -10 -10 -100    0 -1000 -1000 -10
328 60 pedestrian 0 0 -10 442.85 170.92 509.16 205.57 -10 -10 -10 -100    0 -1000 -1000 -10
328 58 pedestrian 0 0 -10 463.66 178.48 533.21 236.25 -10 -10 -10 -100    0 -1000 -1000 -10
328 30 pedestrian 0 0 -10 553.83 171.57 628.53 251.66 -10 -10 -10 -100    0 -1000 -1000 -10
328 56 pedestrian 0 0 -10 402.11 189.20 510.69 266.93 -10 -10 -10 -100    0 -1000 -1000 -10
328 59 pedestrian 0 0 -10 496.56 175.08 545.62 222.26 -10 -10 -10 -100    0 -1000 -1000 -10
328 38 pedestrian 0 0 -10 0.00 0.00 455.81 376.00 -10 -10 -10 -100    0 -1000 -1000 -10
328 3 pedestrian 0 0 -10 532.18 166.00 609.42 208.30 -10 -10 -10 -100    0 -1000 -1000 -10
329 58 pedestrian 0 0 -10 458.86 178.74 531.66 237.97 -10 -10 -10 -100    0 -1000 -1000 -10
329 30 pedestrian 0 0 -10 553.71 171.70 628.45 251.67 -10 -10 -10 -100    0 -1000 -1000 -10
329 56 pedestrian 0 0 -10 399.03 189.34 507.89 270.96 -10 -10 -10 -100    0 -1000 -1000 -10
329 60 pedestrian 0 0 -10 436.00 171.72 504.95 206.35 -10 -10 -10 -100    0 -1000 -1000 -10
329 59 pedestrian 0 0 -10 494.40 174.27 546.26 223.38 -10 -10 -10 -100    0 -1000 -1000 -10
329 38 pedestrian 0 0 -10 0.00 0.00 447.61 376.00 -10 -10 -10 -100    0 -1000 -1000 -10
329 3 pedestrian 0 0 -10 533.31 166.41 609.06 208.28 -10 -10 -10 -100    0 -1000 -1000 -10
330 58 pedestrian 0 0 -10 456.29 178.73 529.95 239.93 -10 -10 -10 -100    0 -1000 -1000 -10
330 30 pedestrian 0 0 -10 553.60 171.88 628.42 251.73 -10 -10 -10 -100    0 -1000 -1000 -10
330 56 pedestrian 0 0 -10 390.60 188.81 505.22 275.40 -10 -10 -10 -100    0 -1000 -1000 -10
330 60 pedestrian 0 0 -10 440.87 171.56 504.07 204.69 -10 -10 -10 -100    0 -1000 -1000 -10
330 59 pedestrian 0 0 -10 491.56 174.03 545.96 223.82 -10 -10 -10 -100    0 -1000 -1000 -10
330 38 pedestrian 0 0 -10 3.08 0.00 437.55 376.00 -10 -10 -10 -100    0 -1000 -1000 -10
330 3 pedestrian 0 0 -10 535.17 167.56 608.24 207.55 -10 -10 -10 -100    0 -1000 -1000 -10
331 58 pedestrian 0 0 -10 450.75 179.54 528.14 241.25 -10 -10 -10 -100    0 -1000 -1000 -10
331 30 pedestrian 0 0 -10 553.55 171.80 628.21 251.46 -10 -10 -10 -100    0 -1000 -1000 -10
331 56 pedestrian 0 0 -10 378.86 189.58 502.64 279.65 -10 -10 -10 -100    0 -1000 -1000 -10
331 60 pedestrian 0 0 -10 439.96 170.99 504.13 204.46 -10 -10 -10 -100    0 -1000 -1000 -10
331 59 pedestrian 0 0 -10 489.11 173.54 544.64 225.37 -10 -10 -10 -100    0 -1000 -1000 -10
331 38 pedestrian 0 0 -10 1.03 0.00 427.63 376.00 -10 -10 -10 -100    0 -1000 -1000 -10
331 3 pedestrian 0 0 -10 537.65 168.76 606.97 206.32 -10 -10 -10 -100    0 -1000 -1000 -10
332 30 pedestrian 0 0 -10 553.84 172.28 628.22 251.42 -10 -10 -10 -100    0 -1000 -1000 -10
332 56 pedestrian 0 0 -10 368.11 191.65 499.51 285.38 -10 -10 -10 -100    0 -1000 -1000 -10
332 60 pedestrian 0 0 -10 441.58 170.12 506.37 203.74 -10 -10 -10 -100    0 -1000 -1000 -10
332 59 pedestrian 0 0 -10 488.43 173.89 544.18 226.54 -10 -10 -10 -100    0 -1000 -1000 -10
332 38 pedestrian 0 0 -10 0.00 0.00 416.33 376.00 -10 -10 -10 -100    0 -1000 -1000 -10
332 3 pedestrian 0 0 -10 539.70 170.27 605.50 205.92 -10 -10 -10 -100    0 -1000 -1000 -10
332 58 pedestrian 0 0 -10 446.39 180.77 526.18 243.06 -10 -10 -10 -100    0 -1000 -1000 -10
333 30 pedestrian 0 0 -10 553.95 172.73 627.98 251.40 -10 -10 -10 -100    0 -1000 -1000 -10
333 56 pedestrian 0 0 -10 359.51 192.22 495.47 291.87 -10 -10 -10 -100    0 -1000 -1000 -10
333 60 pedestrian 0 0 -10 443.48 169.97 506.70 203.77 -10 -10 -10 -100    0 -1000 -1000 -10
333 59 pedestrian 0 0 -10 485.74 174.02 543.33 227.30 -10 -10 -10 -100    0 -1000 -1000 -10
333 38 pedestrian 0 0 -10 0.00 0.00 403.54 376.00 -10 -10 -10 -100    0 -1000 -1000 -10
333 3 pedestrian 0 0 -10 541.07 170.83 605.06 205.23 -10 -10 -10 -100    0 -1000 -1000 -10
333 58 pedestrian 0 0 -10 441.37 180.42 524.66 247.15 -10 -10 -10 -100    0 -1000 -1000 -10
333 61 pedestrian 0 0 -10 411.72 173.44 463.99 216.54 -10 -10 -10 -100    0 -1000 -1000 -10
334 30 pedestrian 0 0 -10 553.89 172.71 627.67 250.99 -10 -10 -10 -100    0 -1000 -1000 -10
334 56 pedestrian 0 0 -10 345.29 192.95 492.10 298.08 -10 -10 -10 -100    0 -1000 -1000 -10
334 60 pedestrian 0 0 -10 444.10 168.87 507.82 203.34 -10 -10 -10 -100    0 -1000 -1000 -10
334 62 pedestrian 0 0 -10 516.80 173.33 557.98 213.41 -10 -10 -10 -100    0 -1000 -1000 -10
334 59 pedestrian 0 0 -10 483.65 173.21 542.05 227.97 -10 -10 -10 -100    0 -1000 -1000 -10
334 38 pedestrian 0 0 -10 0.00 0.00 387.37 376.00 -10 -10 -10 -100    0 -1000 -1000 -10
334 3 pedestrian 0 0 -10 541.86 170.91 604.85 204.93 -10 -10 -10 -100    0 -1000 -1000 -10
334 58 pedestrian 0 0 -10 436.45 180.04 522.84 248.93 -10 -10 -10 -100    0 -1000 -1000 -10
334 61 pedestrian 0 0 -10 408.94 173.44 463.03 217.69 -10 -10 -10 -100    0 -1000 -1000 -10
335 30 pedestrian 0 0 -10 554.10 172.82 627.50 250.61 -10 -10 -10 -100    0 -1000 -1000 -10
335 56 pedestrian 0 0 -10 330.27 194.54 488.43 304.53 -10 -10 -10 -100    0 -1000 -1000 -10
335 60 pedestrian 0 0 -10 443.24 168.98 507.44 202.59 -10 -10 -10 -100    0 -1000 -1000 -10
335 62 pedestrian 0 0 -10 516.10 173.26 557.68 214.31 -10 -10 -10 -100    0 -1000 -1000 -10
335 59 pedestrian 0 0 -10 481.42 173.56 541.05 229.32 -10 -10 -10 -100    0 -1000 -1000 -10
335 38 pedestrian 0 0 -10 0.00 0.00 372.17 376.00 -10 -10 -10 -100    0 -1000 -1000 -10
335 3 pedestrian 0 0 -10 542.50 171.09 604.72 204.84 -10 -10 -10 -100    0 -1000 -1000 -10
335 58 pedestrian 0 0 -10 431.03 180.68 522.06 251.35 -10 -10 -10 -100    0 -1000 -1000 -10
335 61 pedestrian 0 0 -10 408.05 173.47 462.28 217.66 -10 -10 -10 -100    0 -1000 -1000 -10
336 63 pedestrian 0 0 -10 292.11 177.18 390.45 240.73 -10 -10 -10 -100    0 -1000 -1000 -10
336 30 pedestrian 0 0 -10 554.34 173.37 627.19 250.71 -10 -10 -10 -100    0 -1000 -1000 -10
336 56 pedestrian 0 0 -10 316.12 196.49 484.90 312.34 -10 -10 -10 -100    0 -1000 -1000 -10
336 60 pedestrian 0 0 -10 440.60 169.70 507.56 203.06 -10 -10 -10 -100    0 -1000 -1000 -10
336 62 pedestrian 0 0 -10 514.24 174.07 557.61 216.06 -10 -10 -10 -100    0 -1000 -1000 -10
336 59 pedestrian 0 0 -10 480.72 174.48 539.93 230.39 -10 -10 -10 -100    0 -1000 -1000 -10
336 38 pedestrian 0 0 -10 0.00 0.00 353.99 376.00 -10 -10 -10 -100    0 -1000 -1000 -10
336 3 pedestrian 0 0 -10 542.85 171.76 604.57 205.18 -10 -10 -10 -100    0 -1000 -1000 -10
336 58 pedestrian 0 0 -10 426.80 181.58 520.39 254.16 -10 -10 -10 -100    0 -1000 -1000 -10
336 61 pedestrian 0 0 -10 403.65 173.80 460.27 220.16 -10 -10 -10 -100    0 -1000 -1000 -10
337 63 pedestrian 0 0 -10 285.49 177.34 385.65 243.53 -10 -10 -10 -100    0 -1000 -1000 -10
337 30 pedestrian 0 0 -10 554.19 173.52 626.87 250.55 -10 -10 -10 -100    0 -1000 -1000 -10
337 56 pedestrian 0 0 -10 301.19 198.34 479.74 320.19 -10 -10 -10 -100    0 -1000 -1000 -10
337 60 pedestrian 0 0 -10 440.39 170.53 507.57 203.65 -10 -10 -10 -100    0 -1000 -1000 -10
337 62 pedestrian 0 0 -10 513.64 173.90 557.51 216.57 -10 -10 -10 -100    0 -1000 -1000 -10
337 59 pedestrian 0 0 -10 475.94 174.28 537.93 232.24 -10 -10 -10 -100    0 -1000 -1000 -10
337 38 pedestrian 0 0 -10 0.00 0.00 331.22 376.00 -10 -10 -10 -100    0 -1000 -1000 -10
337 3 pedestrian 0 0 -10 542.69 171.49 604.64 204.79 -10 -10 -10 -100    0 -1000 -1000 -10
337 58 pedestrian 0 0 -10 420.72 182.23 518.27 257.37 -10 -10 -10 -100    0 -1000 -1000 -10
337 61 pedestrian 0 0 -10 402.77 174.06 459.72 220.29 -10 -10 -10 -100    0 -1000 -1000 -10
338 65 pedestrian 0 0 -10 353.49 177.23 389.25 206.13 -10 -10 -10 -100    0 -1000 -1000 -10
338 63 pedestrian 0 0 -10 277.60 177.00 384.89 245.93 -10 -10 -10 -100    0 -1000 -1000 -10
338 30 pedestrian 0 0 -10 554.07 173.17 626.33 249.86 -10 -10 -10 -100    0 -1000 -1000 -10
338 56 pedestrian 0 0 -10 277.83 199.54 475.70 328.57 -10 -10 -10 -100    0 -1000 -1000 -10
338 60 pedestrian 0 0 -10 439.49 171.11 502.51 202.93 -10 -10 -10 -100    0 -1000 -1000 -10
338 62 pedestrian 0 0 -10 512.80 173.54 556.78 216.62 -10 -10 -10 -100    0 -1000 -1000 -10
338 59 pedestrian 0 0 -10 473.23 172.73 536.59 232.78 -10 -10 -10 -100    0 -1000 -1000 -10
338 38 pedestrian 0 0 -10 0.00 0.00 307.14 376.00 -10 -10 -10 -100    0 -1000 -1000 -10
338 3 pedestrian 0 0 -10 542.73 170.78 605.44 204.12 -10 -10 -10 -100    0 -1000 -1000 -10
338 58 pedestrian 0 0 -10 414.41 182.64 515.89 260.39 -10 -10 -10 -100    0 -1000 -1000 -10
338 61 pedestrian 0 0 -10 400.74 173.97 458.14 220.50 -10 -10 -10 -100    0 -1000 -1000 -10
339 65 pedestrian 0 0 -10 353.40 178.27 390.93 207.35 -10 -10 -10 -100    0 -1000 -1000 -10
339 63 pedestrian 0 0 -10 271.26 177.32 380.89 249.36 -10 -10 -10 -100    0 -1000 -1000 -10
339 30 pedestrian 0 0 -10 553.98 173.73 625.87 249.70 -10 -10 -10 -100    0 -1000 -1000 -10
339 56 pedestrian 0 0 -10 258.25 201.71 470.73 339.04 -10 -10 -10 -100    0 -1000 -1000 -10
339 60 pedestrian 0 0 -10 436.15 172.42 485.47 204.68 -10 -10 -10 -100    0 -1000 -1000 -10
339 62 pedestrian 0 0 -10 512.45 174.35 556.81 217.08 -10 -10 -10 -100    0 -1000 -1000 -10
339 59 pedestrian 0 0 -10 470.67 172.62 535.69 234.69 -10 -10 -10 -100    0 -1000 -1000 -10
339 3 pedestrian 0 0 -10 542.25 171.21 605.25 204.70 -10 -10 -10 -100    0 -1000 -1000 -10
339 58 pedestrian 0 0 -10 406.44 183.91 513.58 264.18 -10 -10 -10 -100    0 -1000 -1000 -10
339 61 pedestrian 0 0 -10 397.76 174.27 456.50 221.24 -10 -10 -10 -100    0 -1000 -1000 -10
340 65 pedestrian 0 0 -10 348.40 178.99 389.03 208.60 -10 -10 -10 -100    0 -1000 -1000 -10
340 63 pedestrian 0 0 -10 265.60 178.29 376.87 251.02 -10 -10 -10 -100    0 -1000 -1000 -10
340 30 pedestrian 0 0 -10 553.62 174.59 625.40 249.71 -10 -10 -10 -100    0 -1000 -1000 -10
340 56 pedestrian 0 0 -10 234.25 202.14 465.44 353.56 -10 -10 -10 -100    0 -1000 -1000 -10
340 60 pedestrian 0 0 -10 433.57 175.49 484.82 206.65 -10 -10 -10 -100    0 -1000 -1000 -10
340 62 pedestrian 0 0 -10 510.61 173.69 556.53 218.22 -10 -10 -10 -100    0 -1000 -1000 -10
340 59 pedestrian 0 0 -10 466.22 172.79 534.57 236.10 -10 -10 -10 -100    0 -1000 -1000 -10
340 3 pedestrian 0 0 -10 541.99 171.39 605.75 205.31 -10 -10 -10 -100    0 -1000 -1000 -10
340 58 pedestrian 0 0 -10 397.84 185.55 511.17 269.02 -10 -10 -10 -100    0 -1000 -1000 -10
340 61 pedestrian 0 0 -10 395.58 174.83 453.67 221.91 -10 -10 -10 -100    0 -1000 -1000 -10
341 65 pedestrian 0 0 -10 345.48 180.08 390.20 210.45 -10 -10 -10 -100    0 -1000 -1000 -10
341 63 pedestrian 0 0 -10 259.11 178.86 372.70 251.33 -10 -10 -10 -100    0 -1000 -1000 -10
341 30 pedestrian 0 0 -10 553.63 175.06 625.10 249.53 -10 -10 -10 -100    0 -1000 -1000 -10
341 56 pedestrian 0 0 -10 205.24 203.24 458.11 366.44 -10 -10 -10 -100    0 -1000 -1000 -10
341 60 pedestrian 0 0 -10 431.23 176.46 479.81 208.68 -10 -10 -10 -100    0 -1000 -1000 -10
341 62 pedestrian 0 0 -10 509.26 173.56 556.22 219.10 -10 -10 -10 -100    0 -1000 -1000 -10
341 59 pedestrian 0 0 -10 464.92 173.80 533.76 238.41 -10 -10 -10 -100    0 -1000 -1000 -10
341 3 pedestrian 0 0 -10 541.65 171.60 605.39 205.31 -10 -10 -10 -100    0 -1000 -1000 -10
341 58 pedestrian 0 0 -10 391.54 185.85 508.12 273.51 -10 -10 -10 -100    0 -1000 -1000 -10
341 61 pedestrian 0 0 -10 393.82 175.60 450.90 222.10 -10 -10 -10 -100    0 -1000 -1000 -10
342 66 pedestrian 0 0 -10 245.62 186.49 319.67 232.58 -10 -10 -10 -100    0 -1000 -1000 -10
342 65 pedestrian 0 0 -10 339.50 181.19 387.44 212.50 -10 -10 -10 -100    0 -1000 -1000 -10
342 63 pedestrian 0 0 -10 252.04 180.10 373.12 253.45 -10 -10 -10 -100    0 -1000 -1000 -10
342 30 pedestrian 0 0 -10 553.72 175.54 624.76 249.47 -10 -10 -10 -100    0 -1000 -1000 -10
342 56 pedestrian 0 0 -10 168.89 204.11 450.09 376.00 -10 -10 -10 -100    0 -1000 -1000 -10
342 60 pedestrian 0 0 -10 428.45 176.51 476.49 208.98 -10 -10 -10 -100    0 -1000 -1000 -10
342 62 pedestrian 0 0 -10 507.20 173.89 555.09 219.64 -10 -10 -10 -100    0 -1000 -1000 -10
342 59 pedestrian 0 0 -10 459.70 174.24 531.86 240.80 -10 -10 -10 -100    0 -1000 -1000 -10
342 3 pedestrian 0 0 -10 542.09 171.15 605.99 205.52 -10 -10 -10 -100    0 -1000 -1000 -10
342 58 pedestrian 0 0 -10 382.69 184.93 505.29 277.61 -10 -10 -10 -100    0 -1000 -1000 -10
342 61 pedestrian 0 0 -10 390.88 176.14 450.96 223.42 -10 -10 -10 -100    0 -1000 -1000 -10
343 66 pedestrian 0 0 -10 242.27 187.33 320.26 236.28 -10 -10 -10 -100    0 -1000 -1000 -10
343 65 pedestrian 0 0 -10 335.35 181.65 387.67 215.60 -10 -10 -10 -100    0 -1000 -1000 -10
343 63 pedestrian 0 0 -10 244.45 180.61 374.10 255.62 -10 -10 -10 -100    0 -1000 -1000 -10
343 30 pedestrian 0 0 -10 553.96 175.84 624.12 249.14 -10 -10 -10 -100    0 -1000 -1000 -10
343 56 pedestrian 0 0 -10 130.38 205.48 443.54 376.00 -10 -10 -10 -100    0 -1000 -1000 -10
343 60 pedestrian 0 0 -10 425.63 175.93 469.70 206.69 -10 -10 -10 -100    0 -1000 -1000 -10
343 62 pedestrian 0 0 -10 507.43 174.07 554.64 220.12 -10 -10 -10 -100    0 -1000 -1000 -10
343 59 pedestrian 0 0 -10 455.08 175.34 530.24 242.99 -10 -10 -10 -100    0 -1000 -1000 -10
343 3 pedestrian 0 0 -10 541.76 171.49 606.28 206.04 -10 -10 -10 -100    0 -1000 -1000 -10
343 58 pedestrian 0 0 -10 375.18 186.04 503.02 281.87 -10 -10 -10 -100    0 -1000 -1000 -10
343 61 pedestrian 0 0 -10 387.95 176.46 449.22 224.65 -10 -10 -10 -100    0 -1000 -1000 -10
344 68 pedestrian 0 0 -10 0.00 197.04 138.66 351.62 -10 -10 -10 -100    0 -1000 -1000 -10
344 66 pedestrian 0 0 -10 237.84 187.83 312.60 235.41 -10 -10 -10 -100    0 -1000 -1000 -10
344 65 pedestrian 0 0 -10 334.13 181.64 387.69 215.53 -10 -10 -10 -100    0 -1000 -1000 -10
344 63 pedestrian 0 0 -10 239.51 180.32 361.86 258.79 -10 -10 -10 -100    0 -1000 -1000 -10
344 30 pedestrian 0 0 -10 554.20 175.91 623.46 248.45 -10 -10 -10 -100    0 -1000 -1000 -10
344 56 pedestrian 0 0 -10 84.86 207.43 436.15 376.00 -10 -10 -10 -100    0 -1000 -1000 -10
344 60 pedestrian 0 0 -10 424.89 173.91 470.77 203.43 -10 -10 -10 -100    0 -1000 -1000 -10
344 62 pedestrian 0 0 -10 505.77 174.25 552.78 220.50 -10 -10 -10 -100    0 -1000 -1000 -10
344 59 pedestrian 0 0 -10 451.84 175.26 528.98 245.16 -10 -10 -10 -100    0 -1000 -1000 -10
344 3 pedestrian 0 0 -10 540.41 171.30 606.45 206.31 -10 -10 -10 -100    0 -1000 -1000 -10
344 58 pedestrian 0 0 -10 366.11 185.57 499.41 286.54 -10 -10 -10 -100    0 -1000 -1000 -10
344 61 pedestrian 0 0 -10 384.88 176.63 448.40 227.17 -10 -10 -10 -100    0 -1000 -1000 -10
345 68 pedestrian 0 0 -10 0.12 198.80 114.31 353.37 -10 -10 -10 -100    0 -1000 -1000 -10
345 66 pedestrian 0 0 -10 233.82 183.75 311.56 232.53 -10 -10 -10 -100    0 -1000 -1000 -10
345 65 pedestrian 0 0 -10 331.04 181.43 387.38 217.28 -10 -10 -10 -100    0 -1000 -1000 -10
345 63 pedestrian 0 0 -10 233.01 180.22 354.63 256.92 -10 -10 -10 -100    0 -1000 -1000 -10
345 30 pedestrian 0 0 -10 554.42 176.02 623.11 247.97 -10 -10 -10 -100    0 -1000 -1000 -10
345 56 pedestrian 0 0 -10 27.39 210.01 424.63 376.00 -10 -10 -10 -100    0 -1000 -1000 -10
345 60 pedestrian 0 0 -10 424.96 172.40 471.23 201.42 -10 -10 -10 -100    0 -1000 -1000 -10
345 62 pedestrian 0 0 -10 504.02 174.01 552.20 221.34 -10 -10 -10 -100    0 -1000 -1000 -10
345 59 pedestrian 0 0 -10 447.12 175.03 527.42 247.36 -10 -10 -10 -100    0 -1000 -1000 -10
345 3 pedestrian 0 0 -10 540.54 171.54 606.33 206.94 -10 -10 -10 -100    0 -1000 -1000 -10
345 58 pedestrian 0 0 -10 353.62 184.91 495.72 291.90 -10 -10 -10 -100    0 -1000 -1000 -10
345 61 pedestrian 0 0 -10 382.26 177.42 446.37 227.20 -10 -10 -10 -100    0 -1000 -1000 -10
346 68 pedestrian 0 0 -10 0.05 200.74 88.73 354.55 -10 -10 -10 -100    0 -1000 -1000 -10
346 66 pedestrian 0 0 -10 216.76 176.42 294.37 223.51 -10 -10 -10 -100    0 -1000 -1000 -10
346 65 pedestrian 0 0 -10 328.42 181.04 385.71 217.54 -10 -10 -10 -100    0 -1000 -1000 -10
346 63 pedestrian 0 0 -10 227.17 180.36 355.73 260.85 -10 -10 -10 -100    0 -1000 -1000 -10
346 30 pedestrian 0 0 -10 554.89 176.10 622.87 247.64 -10 -10 -10 -100    0 -1000 -1000 -10
346 56 pedestrian 0 0 -10 3.24 208.81 414.66 376.00 -10 -10 -10 -100    0 -1000 -1000 -10
346 60 pedestrian 0 0 -10 423.89 171.76 471.02 201.33 -10 -10 -10 -100    0 -1000 -1000 -10
346 62 pedestrian 0 0 -10 502.49 174.82 552.68 222.31 -10 -10 -10 -100    0 -1000 -1000 -10
346 59 pedestrian 0 0 -10 443.20 175.55 525.61 249.13 -10 -10 -10 -100    0 -1000 -1000 -10
346 3 pedestrian 0 0 -10 540.35 172.59 606.55 209.15 -10 -10 -10 -100    0 -1000 -1000 -10
346 58 pedestrian 0 0 -10 342.87 186.03 492.45 297.23 -10 -10 -10 -100    0 -1000 -1000 -10
346 61 pedestrian 0 0 -10 379.22 177.87 442.67 226.91 -10 -10 -10 -100    0 -1000 -1000 -10
347 68 pedestrian 0 0 -10 0.00 201.36 62.65 351.39 -10 -10 -10 -100    0 -1000 -1000 -10
347 65 pedestrian 0 0 -10 324.89 181.76 383.28 216.92 -10 -10 -10 -100    0 -1000 -1000 -10
347 63 pedestrian 0 0 -10 217.22 180.35 349.46 262.42 -10 -10 -10 -100    0 -1000 -1000 -10
347 30 pedestrian 0 0 -10 555.06 176.15 622.54 247.53 -10 -10 -10 -100    0 -1000 -1000 -10
347 56 pedestrian 0 0 -10 1.98 211.24 402.91 376.00 -10 -10 -10 -100    0 -1000 -1000 -10
347 60 pedestrian 0 0 -10 424.84 171.79 471.05 202.24 -10 -10 -10 -100    0 -1000 -1000 -10
347 62 pedestrian 0 0 -10 500.44 175.22 552.29 224.09 -10 -10 -10 -100    0 -1000 -1000 -10
347 59 pedestrian 0 0 -10 438.21 175.82 523.57 252.56 -10 -10 -10 -100    0 -1000 -1000 -10
347 3 pedestrian 0 0 -10 539.55 173.50 607.58 212.26 -10 -10 -10 -100    0 -1000 -1000 -10
347 58 pedestrian 0 0 -10 329.19 186.53 487.84 303.90 -10 -10 -10 -100    0 -1000 -1000 -10
347 61 pedestrian 0 0 -10 377.03 178.01 442.48 228.08 -10 -10 -10 -100    0 -1000 -1000 -10
348 65 pedestrian 0 0 -10 324.31 182.78 382.81 217.26 -10 -10 -10 -100    0 -1000 -1000 -10
348 63 pedestrian 0 0 -10 210.06 180.60 347.13 265.72 -10 -10 -10 -100    0 -1000 -1000 -10
348 30 pedestrian 0 0 -10 555.73 176.08 622.38 247.24 -10 -10 -10 -100    0 -1000 -1000 -10
348 56 pedestrian 0 0 -10 2.94 216.56 387.59 376.00 -10 -10 -10 -100    0 -1000 -1000 -10
348 60 pedestrian 0 0 -10 422.98 173.78 468.25 203.37 -10 -10 -10 -100    0 -1000 -1000 -10
348 62 pedestrian 0 0 -10 500.15 175.47 552.41 224.66 -10 -10 -10 -100    0 -1000 -1000 -10
348 59 pedestrian 0 0 -10 431.90 176.24 521.84 255.49 -10 -10 -10 -100    0 -1000 -1000 -10
348 3 pedestrian 0 0 -10 538.30 173.79 608.90 214.30 -10 -10 -10 -100    0 -1000 -1000 -10
348 58 pedestrian 0 0 -10 312.40 187.13 484.75 312.71 -10 -10 -10 -100    0 -1000 -1000 -10
348 61 pedestrian 0 0 -10 374.87 178.25 441.48 229.56 -10 -10 -10 -100    0 -1000 -1000 -10
349 65 pedestrian 0 0 -10 322.69 183.13 383.14 218.52 -10 -10 -10 -100    0 -1000 -1000 -10
349 63 pedestrian 0 0 -10 199.82 181.32 345.45 269.59 -10 -10 -10 -100    0 -1000 -1000 -10
349 30 pedestrian 0 0 -10 556.18 176.12 622.21 246.95 -10 -10 -10 -100    0 -1000 -1000 -10
349 56 pedestrian 0 0 -10 0.00 215.99 370.82 376.00 -10 -10 -10 -100    0 -1000 -1000 -10
349 60 pedestrian 0 0 -10 422.92 175.14 468.19 205.42 -10 -10 -10 -100    0 -1000 -1000 -10
349 62 pedestrian 0 0 -10 499.49 175.91 551.52 225.23 -10 -10 -10 -100    0 -1000 -1000 -10
349 59 pedestrian 0 0 -10 427.10 177.20 520.55 257.56 -10 -10 -10 -100    0 -1000 -1000 -10
349 3 pedestrian 0 0 -10 538.06 173.85 610.45 215.63 -10 -10 -10 -100    0 -1000 -1000 -10
349 58 pedestrian 0 0 -10 296.26 187.26 480.05 320.52 -10 -10 -10 -100    0 -1000 -1000 -10
349 61 pedestrian 0 0 -10 371.51 178.55 441.09 231.03 -10 -10 -10 -100    0 -1000 -1000 -10
350 65 pedestrian 0 0 -10 319.67 183.40 379.16 218.56 -10 -10 -10 -100    0 -1000 -1000 -10
350 63 pedestrian 0 0 -10 191.25 182.12 342.09 271.00 -10 -10 -10 -100    0 -1000 -1000 -10
350 30 pedestrian 0 0 -10 556.28 176.39 622.09 246.57 -10 -10 -10 -100    0 -1000 -1000 -10
350 56 pedestrian 0 0 -10 0.00 221.68 353.31 376.00 -10 -10 -10 -100    0 -1000 -1000 -10
350 60 pedestrian 0 0 -10 421.49 174.90 515.00 215.22 -10 -10 -10 -100    0 -1000 -1000 -10
350 62 pedestrian 0 0 -10 497.73 175.62 551.16 225.95 -10 -10 -10 -100    0 -1000 -1000 -10
350 59 pedestrian 0 0 -10 420.03 176.26 518.44 261.25 -10 -10 -10 -100    0 -1000 -1000 -10
350 3 pedestrian 0 0 -10 536.79 174.04 611.42 215.57 -10 -10 -10 -100    0 -1000 -1000 -10
350 58 pedestrian 0 0 -10 276.09 187.55 475.42 331.23 -10 -10 -10 -100    0 -1000 -1000 -10
350 61 pedestrian 0 0 -10 367.60 178.95 439.26 232.93 -10 -10 -10 -100    0 -1000 -1000 -10
351 72 pedestrian 0 0 -10 234.97 184.06 332.83 230.16 -10 -10 -10 -100    0 -1000 -1000 -10
351 70 pedestrian 0 0 -10 4.29 176.74 118.44 234.55 -10 -10 -10 -100    0 -1000 -1000 -10
351 65 pedestrian 0 0 -10 316.45 183.66 377.94 219.18 -10 -10 -10 -100    0 -1000 -1000 -10
351 63 pedestrian 0 0 -10 182.42 182.21 336.45 273.48 -10 -10 -10 -100    0 -1000 -1000 -10
351 30 pedestrian 0 0 -10 556.24 176.64 622.12 246.05 -10 -10 -10 -100    0 -1000 -1000 -10
351 56 pedestrian 0 0 -10 0.00 226.47 328.75 376.00 -10 -10 -10 -100    0 -1000 -1000 -10
351 60 pedestrian 0 0 -10 417.87 176.91 518.77 215.31 -10 -10 -10 -100    0 -1000 -1000 -10
351 62 pedestrian 0 0 -10 497.50 176.48 550.84 226.70 -10 -10 -10 -100    0 -1000 -1000 -10
351 59 pedestrian 0 0 -10 416.57 176.74 517.14 264.00 -10 -10 -10 -100    0 -1000 -1000 -10
351 3 pedestrian 0 0 -10 535.82 173.97 612.77 214.18 -10 -10 -10 -100    0 -1000 -1000 -10
351 58 pedestrian 0 0 -10 254.64 188.04 470.47 342.38 -10 -10 -10 -100    0 -1000 -1000 -10
351 61 pedestrian 0 0 -10 364.07 178.96 437.93 233.68 -10 -10 -10 -100    0 -1000 -1000 -10
352 72 pedestrian 0 0 -10 247.76 184.31 338.08 228.37 -10 -10 -10 -100    0 -1000 -1000 -10
352 70 pedestrian 0 0 -10 0.17 176.17 66.91 241.33 -10 -10 -10 -100    0 -1000 -1000 -10
352 65 pedestrian 0 0 -10 315.68 183.39 378.22 220.95 -10 -10 -10 -100    0 -1000 -1000 -10
352 63 pedestrian 0 0 -10 171.03 182.27 331.60 276.55 -10 -10 -10 -100    0 -1000 -1000 -10
352 30 pedestrian 0 0 -10 557.09 176.52 622.22 245.39 -10 -10 -10 -100    0 -1000 -1000 -10
352 56 pedestrian 0 0 -10 0.00 229.29 301.29 376.00 -10 -10 -10 -100    0 -1000 -1000 -10
352 60 pedestrian 0 0 -10 414.34 176.63 518.61 215.37 -10 -10 -10 -100    0 -1000 -1000 -10
352 62 pedestrian 0 0 -10 495.56 176.32 550.80 227.44 -10 -10 -10 -100    0 -1000 -1000 -10
352 59 pedestrian 0 0 -10 410.67 176.57 515.26 267.09 -10 -10 -10 -100    0 -1000 -1000 -10
352 3 pedestrian 0 0 -10 533.06 172.99 614.77 211.84 -10 -10 -10 -100    0 -1000 -1000 -10
352 58 pedestrian 0 0 -10 229.29 189.38 464.98 357.22 -10 -10 -10 -100    0 -1000 -1000 -10
352 61 pedestrian 0 0 -10 360.71 178.43 434.54 233.38 -10 -10 -10 -100    0 -1000 -1000 -10
353 72 pedestrian 0 0 -10 249.05 184.95 333.51 227.69 -10 -10 -10 -100    0 -1000 -1000 -10
353 65 pedestrian 0 0 -10 311.10 183.13 376.52 222.45 -10 -10 -10 -100    0 -1000 -1000 -10
353 63 pedestrian 0 0 -10 159.86 182.93 327.57 279.41 -10 -10 -10 -100    0 -1000 -1000 -10
353 30 pedestrian 0 0 -10 557.79 176.87 622.34 244.97 -10 -10 -10 -100    0 -1000 -1000 -10
353 56 pedestrian 0 0 -10 0.00 236.92 263.24 376.00 -10 -10 -10 -100    0 -1000 -1000 -10
353 60 pedestrian 0 0 -10 412.48 176.74 519.46 215.80 -10 -10 -10 -100    0 -1000 -1000 -10
353 62 pedestrian 0 0 -10 495.06 176.29 550.82 228.54 -10 -10 -10 -100    0 -1000 -1000 -10
353 59 pedestrian 0 0 -10 404.76 176.57 513.92 270.81 -10 -10 -10 -100    0 -1000 -1000 -10
353 3 pedestrian 0 0 -10 532.65 173.05 615.73 210.85 -10 -10 -10 -100    0 -1000 -1000 -10
353 58 pedestrian 0 0 -10 199.72 190.27 457.83 371.60 -10 -10 -10 -100    0 -1000 -1000 -10
353 61 pedestrian 0 0 -10 358.19 177.88 434.38 234.79 -10 -10 -10 -100    0 -1000 -1000 -10
354 72 pedestrian 0 0 -10 256.10 185.08 331.29 227.58 -10 -10 -10 -100    0 -1000 -1000 -10
354 66 pedestrian 0 0 -10 160.01 173.31 228.88 217.34 -10 -10 -10 -100    0 -1000 -1000 -10
354 65 pedestrian 0 0 -10 310.01 183.44 374.11 222.63 -10 -10 -10 -100    0 -1000 -1000 -10
354 63 pedestrian 0 0 -10 146.42 184.21 321.01 283.87 -10 -10 -10 -100    0 -1000 -1000 -10
354 30 pedestrian 0 0 -10 558.30 177.55 622.24 245.01 -10 -10 -10 -100    0 -1000 -1000 -10
354 56 pedestrian 0 0 -10 0.00 249.37 218.02 376.00 -10 -10 -10 -100    0 -1000 -1000 -10
354 60 pedestrian 0 0 -10 409.68 177.13 520.00 215.42 -10 -10 -10 -100    0 -1000 -1000 -10
354 62 pedestrian 0 0 -10 493.28 177.01 550.30 229.98 -10 -10 -10 -100    0 -1000 -1000 -10
354 59 pedestrian 0 0 -10 398.45 176.50 511.70 275.22 -10 -10 -10 -100    0 -1000 -1000 -10
354 3 pedestrian 0 0 -10 531.07 173.82 617.11 211.97 -10 -10 -10 -100    0 -1000 -1000 -10
354 58 pedestrian 0 0 -10 163.07 193.08 451.11 376.00 -10 -10 -10 -100    0 -1000 -1000 -10
354 61 pedestrian 0 0 -10 355.37 178.71 433.14 235.04 -10 -10 -10 -100    0 -1000 -1000 -10
355 72 pedestrian 0 0 -10 238.47 185.81 332.66 230.36 -10 -10 -10 -100    0 -1000 -1000 -10
355 65 pedestrian 0 0 -10 307.10 183.99 371.16 221.78 -10 -10 -10 -100    0 -1000 -1000 -10
355 63 pedestrian 0 0 -10 133.74 183.82 314.60 285.06 -10 -10 -10 -100    0 -1000 -1000 -10
355 30 pedestrian 0 0 -10 558.96 177.78 622.28 244.62 -10 -10 -10 -100    0 -1000 -1000 -10
355 56 pedestrian 0 0 -10 0.00 259.44 157.56 376.00 -10 -10 -10 -100    0 -1000 -1000 -10
355 60 pedestrian 0 0 -10 409.05 177.18 520.69 215.70 -10 -10 -10 -100    0 -1000 -1000 -10
355 62 pedestrian 0 0 -10 491.06 177.42 549.94 231.52 -10 -10 -10 -100    0 -1000 -1000 -10
355 59 pedestrian 0 0 -10 393.58 176.52 509.10 279.63 -10 -10 -10 -100    0 -1000 -1000 -10
355 3 pedestrian 0 0 -10 529.48 173.88 616.82 211.94 -10 -10 -10 -100    0 -1000 -1000 -10
355 58 pedestrian 0 0 -10 117.77 194.31 442.79 376.00 -10 -10 -10 -100    0 -1000 -1000 -10
355 61 pedestrian 0 0 -10 351.91 178.99 428.92 235.62 -10 -10 -10 -100    0 -1000 -1000 -10
356 65 pedestrian 0 0 -10 304.56 183.74 369.75 223.86 -10 -10 -10 -100    0 -1000 -1000 -10
356 63 pedestrian 0 0 -10 120.86 183.77 307.35 291.96 -10 -10 -10 -100    0 -1000 -1000 -10
356 30 pedestrian 0 0 -10 559.53 177.87 622.05 244.04 -10 -10 -10 -100    0 -1000 -1000 -10
356 56 pedestrian 0 0 -10 0.00 267.21 100.67 376.00 -10 -10 -10 -100    0 -1000 -1000 -10
356 60 pedestrian 0 0 -10 409.05 177.08 520.97 214.96 -10 -10 -10 -100    0 -1000 -1000 -10
356 62 pedestrian 0 0 -10 489.62 177.55 549.66 232.61 -10 -10 -10 -100    0 -1000 -1000 -10
356 59 pedestrian 0 0 -10 383.90 178.62 506.70 283.98 -10 -10 -10 -100    0 -1000 -1000 -10
356 3 pedestrian 0 0 -10 529.02 174.10 616.42 211.97 -10 -10 -10 -100    0 -1000 -1000 -10
356 58 pedestrian 0 0 -10 59.27 194.82 432.60 376.00 -10 -10 -10 -100    0 -1000 -1000 -10
356 61 pedestrian 0 0 -10 347.58 178.36 427.74 236.46 -10 -10 -10 -100    0 -1000 -1000 -10
357 65 pedestrian 0 0 -10 302.13 184.00 367.77 221.64 -10 -10 -10 -100    0 -1000 -1000 -10
357 63 pedestrian 0 0 -10 103.64 184.63 301.07 292.70 -10 -10 -10 -100    0 -1000 -1000 -10
357 30 pedestrian 0 0 -10 560.22 178.28 621.99 243.76 -10 -10 -10 -100    0 -1000 -1000 -10
357 60 pedestrian 0 0 -10 415.75 176.66 520.84 214.03 -10 -10 -10 -100    0 -1000 -1000 -10
357 62 pedestrian 0 0 -10 488.08 178.09 548.74 234.20 -10 -10 -10 -100    0 -1000 -1000 -10
357 59 pedestrian 0 0 -10 373.04 178.18 504.10 288.91 -10 -10 -10 -100    0 -1000 -1000 -10
357 3 pedestrian 0 0 -10 532.08 174.45 615.73 211.81 -10 -10 -10 -100    0 -1000 -1000 -10
357 58 pedestrian 0 0 -10 2.70 195.91 420.76 376.00 -10 -10 -10 -100    0 -1000 -1000 -10
357 61 pedestrian 0 0 -10 344.23 179.50 424.44 237.14 -10 -10 -10 -100    0 -1000 -1000 -10
358 65 pedestrian 0 0 -10 297.29 184.28 365.54 224.09 -10 -10 -10 -100    0 -1000 -1000 -10
358 63 pedestrian 0 0 -10 88.21 184.95 289.94 298.68 -10 -10 -10 -100    0 -1000 -1000 -10
358 30 pedestrian 0 0 -10 560.62 178.41 622.03 242.94 -10 -10 -10 -100    0 -1000 -1000 -10
358 60 pedestrian 0 0 -10 449.01 173.77 551.80 207.61 -10 -10 -10 -100    0 -1000 -1000 -10
358 62 pedestrian 0 0 -10 485.57 178.32 548.18 235.15 -10 -10 -10 -100    0 -1000 -1000 -10
358 59 pedestrian 0 0 -10 359.60 178.53 500.48 295.18 -10 -10 -10 -100    0 -1000 -1000 -10
358 3 pedestrian 0 0 -10 548.89 174.04 616.62 210.95 -10 -10 -10 -100    0 -1000 -1000 -10
358 58 pedestrian 0 0 -10 0.00 198.90 408.26 376.00 -10 -10 -10 -100    0 -1000 -1000 -10
358 61 pedestrian 0 0 -10 339.59 178.02 426.33 239.83 -10 -10 -10 -100    0 -1000 -1000 -10
359 65 pedestrian 0 0 -10 293.62 183.73 362.85 225.07 -10 -10 -10 -100    0 -1000 -1000 -10
359 63 pedestrian 0 0 -10 64.38 184.34 286.87 303.66 -10 -10 -10 -100    0 -1000 -1000 -10
359 30 pedestrian 0 0 -10 560.78 178.46 621.90 242.24 -10 -10 -10 -100    0 -1000 -1000 -10
359 60 pedestrian 0 0 -10 454.29 172.93 552.29 206.83 -10 -10 -10 -100    0 -1000 -1000 -10
359 62 pedestrian 0 0 -10 483.66 178.50 547.50 236.41 -10 -10 -10 -100    0 -1000 -1000 -10
359 59 pedestrian 0 0 -10 348.69 178.35 496.89 300.58 -10 -10 -10 -100    0 -1000 -1000 -10
359 3 pedestrian 0 0 -10 551.98 173.68 616.87 210.82 -10 -10 -10 -100    0 -1000 -1000 -10
359 58 pedestrian 0 0 -10 2.42 201.06 391.88 376.00 -10 -10 -10 -100    0 -1000 -1000 -10
359 61 pedestrian 0 0 -10 335.85 177.72 421.73 239.36 -10 -10 -10 -100    0 -1000 -1000 -10
360 74 pedestrian 0 0 -10 135.51 185.16 270.59 240.43 -10 -10 -10 -100    0 -1000 -1000 -10
360 65 pedestrian 0 0 -10 288.92 185.00 358.51 226.06 -10 -10 -10 -100    0 -1000 -1000 -10
360 63 pedestrian 0 0 -10 48.90 184.86 278.35 307.82 -10 -10 -10 -100    0 -1000 -1000 -10
360 30 pedestrian 0 0 -10 560.77 178.81 621.70 242.27 -10 -10 -10 -100    0 -1000 -1000 -10
360 60 pedestrian 0 0 -10 455.59 173.29 552.30 207.89 -10 -10 -10 -100    0 -1000 -1000 -10
360 62 pedestrian 0 0 -10 481.44 178.89 546.35 237.86 -10 -10 -10 -100    0 -1000 -1000 -10
360 59 pedestrian 0 0 -10 333.33 178.94 492.83 307.32 -10 -10 -10 -100    0 -1000 -1000 -10
360 3 pedestrian 0 0 -10 552.19 174.19 616.46 211.51 -10 -10 -10 -100    0 -1000 -1000 -10
360 58 pedestrian 0 0 -10 0.56 203.45 371.43 376.00 -10 -10 -10 -100    0 -1000 -1000 -10
360 61 pedestrian 0 0 -10 329.11 178.30 417.19 240.84 -10 -10 -10 -100    0 -1000 -1000 -10
361 76 pedestrian 0 0 -10 510.90 181.73 549.60 218.34 -10 -10 -10 -100    0 -1000 -1000 -10
361 75 pedestrian 0 0 -10 525.54 182.54 555.46 210.25 -10 -10 -10 -100    0 -1000 -1000 -10
361 74 pedestrian 0 0 -10 140.23 186.37 256.55 242.93 -10 -10 -10 -100    0 -1000 -1000 -10
361 65 pedestrian 0 0 -10 284.10 185.29 356.99 226.42 -10 -10 -10 -100    0 -1000 -1000 -10
361 63 pedestrian 0 0 -10 25.42 185.48 264.37 314.56 -10 -10 -10 -100    0 -1000 -1000 -10
361 30 pedestrian 0 0 -10 560.85 179.02 621.23 241.98 -10 -10 -10 -100    0 -1000 -1000 -10
361 60 pedestrian 0 0 -10 457.88 173.61 552.71 208.20 -10 -10 -10 -100    0 -1000 -1000 -10
361 62 pedestrian 0 0 -10 479.76 178.89 545.73 239.29 -10 -10 -10 -100    0 -1000 -1000 -10
361 59 pedestrian 0 0 -10 319.22 178.62 487.72 315.04 -10 -10 -10 -100    0 -1000 -1000 -10
361 3 pedestrian 0 0 -10 552.64 174.59 616.86 211.95 -10 -10 -10 -100    0 -1000 -1000 -10
361 58 pedestrian 0 0 -10 0.00 207.40 346.74 376.00 -10 -10 -10 -100    0 -1000 -1000 -10
361 61 pedestrian 0 0 -10 324.50 177.60 413.07 241.69 -10 -10 -10 -100    0 -1000 -1000 -10
362 76 pedestrian 0 0 -10 508.95 181.89 549.45 218.45 -10 -10 -10 -100    0 -1000 -1000 -10
362 75 pedestrian 0 0 -10 529.36 182.77 555.87 209.16 -10 -10 -10 -100    0 -1000 -1000 -10
362 74 pedestrian 0 0 -10 118.67 188.08 234.81 250.93 -10 -10 -10 -100    0 -1000 -1000 -10
362 65 pedestrian 0 0 -10 279.04 184.50 353.45 227.38 -10 -10 -10 -100    0 -1000 -1000 -10
362 63 pedestrian 0 0 -10 1.09 185.75 254.57 325.37 -10 -10 -10 -100    0 -1000 -1000 -10
362 30 pedestrian 0 0 -10 561.03 178.92 620.67 241.20 -10 -10 -10 -100    0 -1000 -1000 -10
362 60 pedestrian 0 0 -10 456.59 173.40 552.23 207.82 -10 -10 -10 -100    0 -1000 -1000 -10
362 62 pedestrian 0 0 -10 477.68 178.77 544.89 240.26 -10 -10 -10 -100    0 -1000 -1000 -10
362 59 pedestrian 0 0 -10 301.74 178.88 482.23 323.37 -10 -10 -10 -100    0 -1000 -1000 -10
362 3 pedestrian 0 0 -10 551.97 174.69 617.10 212.07 -10 -10 -10 -100    0 -1000 -1000 -10
362 58 pedestrian 0 0 -10 0.00 209.04 322.27 376.00 -10 -10 -10 -100    0 -1000 -1000 -10
362 61 pedestrian 0 0 -10 316.11 177.29 410.38 243.60 -10 -10 -10 -100    0 -1000 -1000 -10
363 76 pedestrian 0 0 -10 507.21 182.66 548.58 218.94 -10 -10 -10 -100    0 -1000 -1000 -10
363 75 pedestrian 0 0 -10 530.81 182.64 556.33 208.51 -10 -10 -10 -100    0 -1000 -1000 -10
363 74 pedestrian 0 0 -10 95.75 187.02 222.61 252.98 -10 -10 -10 -100    0 -1000 -1000 -10
363 65 pedestrian 0 0 -10 274.19 184.94 348.91 228.24 -10 -10 -10 -100    0 -1000 -1000 -10
363 63 pedestrian 0 0 -10 0.05 185.91 242.68 325.87 -10 -10 -10 -100    0 -1000 -1000 -10
363 30 pedestrian 0 0 -10 560.79 178.71 619.63 240.52 -10 -10 -10 -100    0 -1000 -1000 -10
363 60 pedestrian 0 0 -10 456.60 173.52 552.32 207.57 -10 -10 -10 -100    0 -1000 -1000 -10
363 62 pedestrian 0 0 -10 474.39 178.83 543.94 240.97 -10 -10 -10 -100    0 -1000 -1000 -10
363 59 pedestrian 0 0 -10 279.43 179.39 477.51 333.73 -10 -10 -10 -100    0 -1000 -1000 -10
363 3 pedestrian 0 0 -10 551.57 174.42 617.31 212.17 -10 -10 -10 -100    0 -1000 -1000 -10
363 58 pedestrian 0 0 -10 0.19 213.45 287.00 376.00 -10 -10 -10 -100    0 -1000 -1000 -10
363 61 pedestrian 0 0 -10 303.29 177.95 408.33 247.52 -10 -10 -10 -100    0 -1000 -1000 -10
364 76 pedestrian 0 0 -10 506.32 182.21 547.12 217.85 -10 -10 -10 -100    0 -1000 -1000 -10
364 75 pedestrian 0 0 -10 533.52 182.03 556.33 205.56 -10 -10 -10 -100    0 -1000 -1000 -10
364 74 pedestrian 0 0 -10 87.48 186.38 217.21 252.83 -10 -10 -10 -100    0 -1000 -1000 -10
364 65 pedestrian 0 0 -10 268.31 184.65 342.16 227.68 -10 -10 -10 -100    0 -1000 -1000 -10
364 63 pedestrian 0 0 -10 0.00 184.93 230.20 335.53 -10 -10 -10 -100    0 -1000 -1000 -10
364 30 pedestrian 0 0 -10 560.72 178.19 618.57 239.48 -10 -10 -10 -100    0 -1000 -1000 -10
364 60 pedestrian 0 0 -10 456.31 172.73 552.18 207.11 -10 -10 -10 -100    0 -1000 -1000 -10
364 62 pedestrian 0 0 -10 471.24 178.07 541.96 241.55 -10 -10 -10 -100    0 -1000 -1000 -10
364 59 pedestrian 0 0 -10 254.27 178.63 470.42 344.74 -10 -10 -10 -100    0 -1000 -1000 -10
364 3 pedestrian 0 0 -10 551.69 173.65 617.68 211.02 -10 -10 -10 -100    0 -1000 -1000 -10
364 58 pedestrian 0 0 -10 0.00 216.93 239.53 376.00 -10 -10 -10 -100    0 -1000 -1000 -10
364 61 pedestrian 0 0 -10 292.82 177.60 402.29 248.97 -10 -10 -10 -100    0 -1000 -1000 -10
365 76 pedestrian 0 0 -10 505.53 182.31 546.45 217.95 -10 -10 -10 -100    0 -1000 -1000 -10
365 75 pedestrian 0 0 -10 531.69 181.68 555.49 205.86 -10 -10 -10 -100    0 -1000 -1000 -10
365 74 pedestrian 0 0 -10 71.18 186.28 209.28 256.99 -10 -10 -10 -100    0 -1000 -1000 -10
365 65 pedestrian 0 0 -10 272.41 182.07 348.75 229.08 -10 -10 -10 -100    0 -1000 -1000 -10
365 64 pedestrian 0 0 -10 403.11 184.17 463.72 227.12 -10 -10 -10 -100    0 -1000 -1000 -10
365 63 pedestrian 0 0 -10 0.03 186.21 211.98 344.38 -10 -10 -10 -100    0 -1000 -1000 -10
365 30 pedestrian 0 0 -10 560.38 177.82 617.62 239.06 -10 -10 -10 -100    0 -1000 -1000 -10
365 60 pedestrian 0 0 -10 456.49 172.78 553.89 206.40 -10 -10 -10 -100    0 -1000 -1000 -10
365 62 pedestrian 0 0 -10 468.82 177.56 540.65 242.54 -10 -10 -10 -100    0 -1000 -1000 -10
365 59 pedestrian 0 0 -10 225.53 178.06 462.49 357.92 -10 -10 -10 -100    0 -1000 -1000 -10
365 3 pedestrian 0 0 -10 552.81 173.88 618.11 211.50 -10 -10 -10 -100    0 -1000 -1000 -10
365 58 pedestrian 0 0 -10 0.00 222.89 170.26 376.00 -10 -10 -10 -100    0 -1000 -1000 -10
365 61 pedestrian 0 0 -10 292.25 177.29 395.59 249.83 -10 -10 -10 -100    0 -1000 -1000 -10
366 76 pedestrian 0 0 -10 504.29 182.05 545.37 217.63 -10 -10 -10 -100    0 -1000 -1000 -10
366 75 pedestrian 0 0 -10 529.14 181.55 555.60 206.68 -10 -10 -10 -100    0 -1000 -1000 -10
366 74 pedestrian 0 0 -10 55.99 186.96 199.34 259.02 -10 -10 -10 -100    0 -1000 -1000 -10
366 65 pedestrian 0 0 -10 249.00 182.51 332.38 229.88 -10 -10 -10 -100    0 -1000 -1000 -10
366 64 pedestrian 0 0 -10 407.26 181.49 462.77 222.72 -10 -10 -10 -100    0 -1000 -1000 -10
366 63 pedestrian 0 0 -10 0.00 185.13 194.92 354.94 -10 -10 -10 -100    0 -1000 -1000 -10
366 30 pedestrian 0 0 -10 560.07 177.50 617.05 238.55 -10 -10 -10 -100    0 -1000 -1000 -10
366 60 pedestrian 0 0 -10 454.65 172.48 552.85 206.36 -10 -10 -10 -100    0 -1000 -1000 -10
366 62 pedestrian 0 0 -10 465.57 177.22 539.18 243.91 -10 -10 -10 -100    0 -1000 -1000 -10
366 59 pedestrian 0 0 -10 191.29 178.04 453.48 375.16 -10 -10 -10 -100    0 -1000 -1000 -10
366 3 pedestrian 0 0 -10 551.50 173.51 618.09 211.04 -10 -10 -10 -100    0 -1000 -1000 -10
366 61 pedestrian 0 0 -10 284.45 177.33 392.33 249.89 -10 -10 -10 -100    0 -1000 -1000 -10
367 76 pedestrian 0 0 -10 503.20 181.73 544.08 217.57 -10 -10 -10 -100    0 -1000 -1000 -10
367 75 pedestrian 0 0 -10 528.14 181.30 555.09 206.41 -10 -10 -10 -100    0 -1000 -1000 -10
367 74 pedestrian 0 0 -10 37.84 187.37 189.89 262.81 -10 -10 -10 -100    0 -1000 -1000 -10
367 65 pedestrian 0 0 -10 237.83 182.78 321.29 228.29 -10 -10 -10 -100    0 -1000 -1000 -10
367 64 pedestrian 0 0 -10 404.61 180.94 460.30 220.80 -10 -10 -10 -100    0 -1000 -1000 -10
367 63 pedestrian 0 0 -10 0.00 186.36 180.13 356.38 -10 -10 -10 -100    0 -1000 -1000 -10
367 30 pedestrian 0 0 -10 559.52 177.31 616.17 238.07 -10 -10 -10 -100    0 -1000 -1000 -10
367 60 pedestrian 0 0 -10 454.21 172.61 553.56 206.35 -10 -10 -10 -100    0 -1000 -1000 -10
367 62 pedestrian 0 0 -10 461.66 176.76 537.95 245.42 -10 -10 -10 -100    0 -1000 -1000 -10
367 59 pedestrian 0 0 -10 148.76 178.39 445.21 376.00 -10 -10 -10 -100    0 -1000 -1000 -10
367 3 pedestrian 0 0 -10 551.57 173.03 618.41 210.97 -10 -10 -10 -100    0 -1000 -1000 -10
367 61 pedestrian 0 0 -10 279.12 176.59 390.58 249.96 -10 -10 -10 -100    0 -1000 -1000 -10
368 76 pedestrian 0 0 -10 499.45 182.38 543.34 219.53 -10 -10 -10 -100    0 -1000 -1000 -10
368 75 pedestrian 0 0 -10 528.67 182.25 556.53 207.61 -10 -10 -10 -100    0 -1000 -1000 -10
368 74 pedestrian 0 0 -10 11.91 188.59 173.27 265.59 -10 -10 -10 -100    0 -1000 -1000 -10
368 65 pedestrian 0 0 -10 236.37 184.51 322.35 231.50 -10 -10 -10 -100    0 -1000 -1000 -10
368 64 pedestrian 0 0 -10 399.24 181.62 455.14 221.45 -10 -10 -10 -100    0 -1000 -1000 -10
368 63 pedestrian 0 0 -10 0.10 187.57 153.68 360.48 -10 -10 -10 -100    0 -1000 -1000 -10
368 30 pedestrian 0 0 -10 558.92 178.01 615.38 238.21 -10 -10 -10 -100    0 -1000 -1000 -10
368 60 pedestrian 0 0 -10 453.93 173.32 551.00 206.45 -10 -10 -10 -100    0 -1000 -1000 -10
368 62 pedestrian 0 0 -10 457.86 177.26 535.43 247.28 -10 -10 -10 -100    0 -1000 -1000 -10
368 59 pedestrian 0 0 -10 96.73 179.93 433.89 376.00 -10 -10 -10 -100    0 -1000 -1000 -10
368 3 pedestrian 0 0 -10 551.66 173.77 617.90 211.18 -10 -10 -10 -100    0 -1000 -1000 -10
368 61 pedestrian 0 0 -10 270.88 176.86 380.32 253.40 -10 -10 -10 -100    0 -1000 -1000 -10
369 76 pedestrian 0 0 -10 497.02 180.88 542.14 220.13 -10 -10 -10 -100    0 -1000 -1000 -10
369 75 pedestrian 0 0 -10 525.97 181.66 555.58 208.55 -10 -10 -10 -100    0 -1000 -1000 -10
369 74 pedestrian 0 0 -10 1.47 189.19 161.17 266.48 -10 -10 -10 -100    0 -1000 -1000 -10
369 65 pedestrian 0 0 -10 232.66 183.40 318.41 233.56 -10 -10 -10 -100    0 -1000 -1000 -10
369 64 pedestrian 0 0 -10 393.96 182.00 450.51 222.46 -10 -10 -10 -100    0 -1000 -1000 -10
369 63 pedestrian 0 0 -10 0.03 189.52 118.13 364.84 -10 -10 -10 -100    0 -1000 -1000 -10
369 30 pedestrian 0 0 -10 558.30 177.99 614.67 237.82 -10 -10 -10 -100    0 -1000 -1000 -10
369 60 pedestrian 0 0 -10 452.19 174.07 550.70 207.16 -10 -10 -10 -100    0 -1000 -1000 -10
369 62 pedestrian 0 0 -10 454.48 177.24 533.56 249.04 -10 -10 -10 -100    0 -1000 -1000 -10
369 59 pedestrian 0 0 -10 27.83 180.03 421.45 376.00 -10 -10 -10 -100    0 -1000 -1000 -10
369 3 pedestrian 0 0 -10 554.09 173.11 617.25 211.57 -10 -10 -10 -100    0 -1000 -1000 -10
369 61 pedestrian 0 0 -10 265.53 177.90 377.79 255.89 -10 -10 -10 -100    0 -1000 -1000 -10
370 76 pedestrian 0 0 -10 495.70 180.64 541.56 220.38 -10 -10 -10 -100    0 -1000 -1000 -10
370 75 pedestrian 0 0 -10 524.54 181.60 555.13 208.70 -10 -10 -10 -100    0 -1000 -1000 -10
370 74 pedestrian 0 0 -10 0.00 191.78 125.84 271.29 -10 -10 -10 -100    0 -1000 -1000 -10
370 65 pedestrian 0 0 -10 220.40 184.00 311.83 234.89 -10 -10 -10 -100    0 -1000 -1000 -10
370 64 pedestrian 0 0 -10 389.01 182.10 448.46 223.70 -10 -10 -10 -100    0 -1000 -1000 -10
370 63 pedestrian 0 0 -10 0.00 190.55 78.46 362.27 -10 -10 -10 -100    0 -1000 -1000 -10
370 30 pedestrian 0 0 -10 556.76 177.93 613.52 237.81 -10 -10 -10 -100    0 -1000 -1000 -10
370 60 pedestrian 0 0 -10 450.38 175.42 550.20 207.72 -10 -10 -10 -100    0 -1000 -1000 -10
370 62 pedestrian 0 0 -10 449.97 177.87 531.67 250.46 -10 -10 -10 -100    0 -1000 -1000 -10
370 59 pedestrian 0 0 -10 0.00 178.57 406.27 376.00 -10 -10 -10 -100    0 -1000 -1000 -10
370 3 pedestrian 0 0 -10 552.63 173.86 616.95 210.95 -10 -10 -10 -100    0 -1000 -1000 -10
370 61 pedestrian 0 0 -10 253.24 177.32 374.01 256.58 -10 -10 -10 -100    0 -1000 -1000 -10
371 76 pedestrian 0 0 -10 494.45 181.66 540.87 220.58 -10 -10 -10 -100    0 -1000 -1000 -10
371 75 pedestrian 0 0 -10 523.57 182.13 554.31 209.53 -10 -10 -10 -100    0 -1000 -1000 -10
371 74 pedestrian 0 0 -10 0.00 189.77 111.60 294.81 -10 -10 -10 -100    0 -1000 -1000 -10
371 65 pedestrian 0 0 -10 229.69 185.36 315.45 233.13 -10 -10 -10 -100    0 -1000 -1000 -10
371 64 pedestrian 0 0 -10 384.47 182.89 444.26 225.47 -10 -10 -10 -100    0 -1000 -1000 -10
371 30 pedestrian 0 0 -10 555.87 178.73 612.38 237.93 -10 -10 -10 -100    0 -1000 -1000 -10
371 60 pedestrian 0 0 -10 444.54 179.12 548.21 208.35 -10 -10 -10 -100    0 -1000 -1000 -10
371 62 pedestrian 0 0 -10 446.10 179.00 530.04 253.10 -10 -10 -10 -100    0 -1000 -1000 -10
371 59 pedestrian 0 0 -10 0.00 178.63 388.01 376.00 -10 -10 -10 -100    0 -1000 -1000 -10
371 3 pedestrian 0 0 -10 555.51 175.63 614.91 213.89 -10 -10 -10 -100    0 -1000 -1000 -10
371 61 pedestrian 0 0 -10 245.49 178.59 365.20 256.63 -10 -10 -10 -100    0 -1000 -1000 -10
372 76 pedestrian 0 0 -10 492.45 181.67 539.43 221.10 -10 -10 -10 -100    0 -1000 -1000 -10
372 75 pedestrian 0 0 -10 522.91 181.45 555.40 210.58 -10 -10 -10 -100    0 -1000 -1000 -10
372 74 pedestrian 0 0 -10 0.01 197.94 97.43 286.11 -10 -10 -10 -100    0 -1000 -1000 -10
372 65 pedestrian 0 0 -10 202.57 183.20 299.96 237.44 -10 -10 -10 -100    0 -1000 -1000 -10
372 64 pedestrian 0 0 -10 378.30 182.25 440.41 226.21 -10 -10 -10 -100    0 -1000 -1000 -10
372 30 pedestrian 0 0 -10 555.57 178.60 610.95 237.13 -10 -10 -10 -100    0 -1000 -1000 -10
372 60 pedestrian 0 0 -10 442.28 179.75 546.97 208.16 -10 -10 -10 -100    0 -1000 -1000 -10
372 62 pedestrian 0 0 -10 441.26 178.55 528.75 255.25 -10 -10 -10 -100    0 -1000 -1000 -10
372 59 pedestrian 0 0 -10 0.00 180.02 365.47 376.00 -10 -10 -10 -100    0 -1000 -1000 -10
372 77 pedestrian 0 0 -10 343.38 181.31 396.80 215.25 -10 -10 -10 -100    0 -1000 -1000 -10
372 3 pedestrian 0 0 -10 556.77 177.05 613.05 216.06 -10 -10 -10 -100    0 -1000 -1000 -10
372 61 pedestrian 0 0 -10 224.27 177.98 357.37 263.38 -10 -10 -10 -100    0 -1000 -1000 -10
373 76 pedestrian 0 0 -10 490.57 182.04 537.92 222.28 -10 -10 -10 -100    0 -1000 -1000 -10
373 75 pedestrian 0 0 -10 522.18 181.48 554.01 209.91 -10 -10 -10 -100    0 -1000 -1000 -10
373 74 pedestrian 0 0 -10 0.01 200.13 87.63 287.81 -10 -10 -10 -100    0 -1000 -1000 -10
373 65 pedestrian 0 0 -10 188.22 185.14 288.33 239.37 -10 -10 -10 -100    0 -1000 -1000 -10
373 64 pedestrian 0 0 -10 372.23 182.67 435.34 227.92 -10 -10 -10 -100    0 -1000 -1000 -10
373 30 pedestrian 0 0 -10 555.18 178.93 610.10 236.55 -10 -10 -10 -100    0 -1000 -1000 -10
373 60 pedestrian 0 0 -10 441.47 180.01 545.44 208.74 -10 -10 -10 -100    0 -1000 -1000 -10
373 62 pedestrian 0 0 -10 436.47 178.67 526.91 257.56 -10 -10 -10 -100    0 -1000 -1000 -10
373 59 pedestrian 0 0 -10 0.45 178.80 340.16 376.00 -10 -10 -10 -100    0 -1000 -1000 -10
373 77 pedestrian 0 0 -10 337.51 181.27 391.95 216.68 -10 -10 -10 -100    0 -1000 -1000 -10
373 3 pedestrian 0 0 -10 556.44 177.26 611.56 216.51 -10 -10 -10 -100    0 -1000 -1000 -10
373 61 pedestrian 0 0 -10 208.87 178.29 350.40 266.92 -10 -10 -10 -100    0 -1000 -1000 -10
374 79 pedestrian 0 0 -10 375.18 177.70 441.40 213.21 -10 -10 -10 -100    0 -1000 -1000 -10
374 78 pedestrian 0 0 -10 539.55 166.34 562.73 198.69 -10 -10 -10 -100    0 -1000 -1000 -10
374 76 pedestrian 0 0 -10 490.26 182.47 538.18 221.83 -10 -10 -10 -100    0 -1000 -1000 -10
374 75 pedestrian 0 0 -10 520.18 181.12 552.97 210.64 -10 -10 -10 -100    0 -1000 -1000 -10
374 65 pedestrian 0 0 -10 178.58 185.17 283.39 240.44 -10 -10 -10 -100    0 -1000 -1000 -10
374 64 pedestrian 0 0 -10 365.98 183.06 431.66 229.09 -10 -10 -10 -100    0 -1000 -1000 -10
374 30 pedestrian 0 0 -10 554.56 178.50 609.39 235.69 -10 -10 -10 -100    0 -1000 -1000 -10
374 60 pedestrian 0 0 -10 439.69 179.62 544.03 208.41 -10 -10 -10 -100    0 -1000 -1000 -10
374 62 pedestrian 0 0 -10 430.57 178.33 524.34 259.66 -10 -10 -10 -100    0 -1000 -1000 -10
374 59 pedestrian 0 0 -10 0.79 180.71 306.72 376.00 -10 -10 -10 -100    0 -1000 -1000 -10
374 77 pedestrian 0 0 -10 330.58 180.98 387.50 217.09 -10 -10 -10 -100    0 -1000 -1000 -10
374 3 pedestrian 0 0 -10 557.92 177.51 611.22 216.78 -10 -10 -10 -100    0 -1000 -1000 -10
374 61 pedestrian 0 0 -10 194.23 177.38 342.09 269.74 -10 -10 -10 -100    0 -1000 -1000 -10
375 79 pedestrian 0 0 -10 383.16 177.18 437.98 215.35 -10 -10 -10 -100    0 -1000 -1000 -10
375 78 pedestrian 0 0 -10 539.35 166.79 562.45 199.28 -10 -10 -10 -100    0 -1000 -1000 -10
375 76 pedestrian 0 0 -10 488.67 182.23 536.36 222.04 -10 -10 -10 -100    0 -1000 -1000 -10
375 75 pedestrian 0 0 -10 519.02 180.80 551.99 211.07 -10 -10 -10 -100    0 -1000 -1000 -10
375 65 pedestrian 0 0 -10 165.70 183.95 272.79 242.09 -10 -10 -10 -100    0 -1000 -1000 -10
375 64 pedestrian 0 0 -10 359.40 182.67 427.76 230.13 -10 -10 -10 -100    0 -1000 -1000 -10
375 30 pedestrian 0 0 -10 554.81 177.69 608.99 234.58 -10 -10 -10 -100    0 -1000 -1000 -10
375 60 pedestrian 0 0 -10 435.63 178.89 543.47 208.10 -10 -10 -10 -100    0 -1000 -1000 -10
375 62 pedestrian 0 0 -10 424.31 177.37 522.51 261.99 -10 -10 -10 -100    0 -1000 -1000 -10
375 59 pedestrian 0 0 -10 0.01 176.07 271.35 376.00 -10 -10 -10 -100    0 -1000 -1000 -10
375 77 pedestrian 0 0 -10 324.31 181.03 382.48 217.59 -10 -10 -10 -100    0 -1000 -1000 -10
375 3 pedestrian 0 0 -10 558.39 177.44 610.46 216.66 -10 -10 -10 -100    0 -1000 -1000 -10
375 61 pedestrian 0 0 -10 176.86 177.11 334.15 273.42 -10 -10 -10 -100    0 -1000 -1000 -10
376 78 pedestrian 0 0 -10 539.38 166.55 562.01 198.73 -10 -10 -10 -100    0 -1000 -1000 -10
376 76 pedestrian 0 0 -10 485.61 181.40 534.59 222.49 -10 -10 -10 -100    0 -1000 -1000 -10
376 75 pedestrian 0 0 -10 518.74 180.87 551.20 210.46 -10 -10 -10 -100    0 -1000 -1000 -10
376 64 pedestrian 0 0 -10 352.20 182.54 423.69 231.24 -10 -10 -10 -100    0 -1000 -1000 -10
376 30 pedestrian 0 0 -10 554.89 177.15 608.53 233.55 -10 -10 -10 -100    0 -1000 -1000 -10
376 60 pedestrian 0 0 -10 431.50 177.70 541.59 208.88 -10 -10 -10 -100    0 -1000 -1000 -10
376 62 pedestrian 0 0 -10 418.51 176.98 518.78 264.02 -10 -10 -10 -100    0 -1000 -1000 -10
376 59 pedestrian 0 0 -10 0.00 176.28 223.18 376.00 -10 -10 -10 -100    0 -1000 -1000 -10
376 77 pedestrian 0 0 -10 317.61 180.47 378.43 217.87 -10 -10 -10 -100    0 -1000 -1000 -10
376 3 pedestrian 0 0 -10 559.22 176.99 611.01 216.78 -10 -10 -10 -100    0 -1000 -1000 -10
376 61 pedestrian 0 0 -10 155.27 176.93 324.24 277.49 -10 -10 -10 -100    0 -1000 -1000 -10
377 78 pedestrian 0 0 -10 538.09 166.02 561.25 198.28 -10 -10 -10 -100    0 -1000 -1000 -10
377 76 pedestrian 0 0 -10 482.19 180.37 533.27 223.35 -10 -10 -10 -100    0 -1000 -1000 -10
377 75 pedestrian 0 0 -10 517.74 180.36 550.55 210.17 -10 -10 -10 -100    0 -1000 -1000 -10
377 64 pedestrian 0 0 -10 344.72 182.01 419.01 232.65 -10 -10 -10 -100    0 -1000 -1000 -10
377 30 pedestrian 0 0 -10 555.17 176.83 608.38 232.58 -10 -10 -10 -100    0 -1000 -1000 -10
377 60 pedestrian 0 0 -10 427.97 177.09 540.99 208.89 -10 -10 -10 -100    0 -1000 -1000 -10
377 62 pedestrian 0 0 -10 412.52 176.37 516.75 266.45 -10 -10 -10 -100    0 -1000 -1000 -10
377 59 pedestrian 0 0 -10 0.00 171.83 153.72 376.00 -10 -10 -10 -100    0 -1000 -1000 -10
377 77 pedestrian 0 0 -10 309.32 180.53 371.97 218.66 -10 -10 -10 -100    0 -1000 -1000 -10
377 3 pedestrian 0 0 -10 558.78 176.73 610.74 216.66 -10 -10 -10 -100    0 -1000 -1000 -10
377 61 pedestrian 0 0 -10 136.18 176.06 314.70 282.26 -10 -10 -10 -100    0 -1000 -1000 -10
378 78 pedestrian 0 0 -10 537.77 165.78 561.52 197.80 -10 -10 -10 -100    0 -1000 -1000 -10
378 76 pedestrian 0 0 -10 480.45 180.72 532.10 224.03 -10 -10 -10 -100    0 -1000 -1000 -10
378 75 pedestrian 0 0 -10 517.70 180.21 550.76 209.74 -10 -10 -10 -100    0 -1000 -1000 -10
378 80 pedestrian 0 0 -10 383.73 181.14 433.92 219.53 -10 -10 -10 -100    0 -1000 -1000 -10
378 64 pedestrian 0 0 -10 337.17 182.26 411.22 233.32 -10 -10 -10 -100    0 -1000 -1000 -10
378 30 pedestrian 0 0 -10 555.70 176.16 608.09 231.50 -10 -10 -10 -100    0 -1000 -1000 -10
378 60 pedestrian 0 0 -10 426.91 177.13 541.19 209.87 -10 -10 -10 -100    0 -1000 -1000 -10
378 62 pedestrian 0 0 -10 405.32 175.67 515.34 268.95 -10 -10 -10 -100    0 -1000 -1000 -10
378 77 pedestrian 0 0 -10 302.88 180.48 366.55 218.86 -10 -10 -10 -100    0 -1000 -1000 -10
378 3 pedestrian 0 0 -10 559.51 176.95 610.55 217.20 -10 -10 -10 -100    0 -1000 -1000 -10
378 61 pedestrian 0 0 -10 113.79 175.14 303.37 286.54 -10 -10 -10 -100    0 -1000 -1000 -10
379 78 pedestrian 0 0 -10 537.47 166.00 560.45 197.38 -10 -10 -10 -100    0 -1000 -1000 -10
379 76 pedestrian 0 0 -10 479.17 180.32 530.59 224.63 -10 -10 -10 -100    0 -1000 -1000 -10
379 75 pedestrian 0 0 -10 516.38 180.01 550.44 210.35 -10 -10 -10 -100    0 -1000 -1000 -10
379 80 pedestrian 0 0 -10 381.77 180.86 431.56 217.74 -10 -10 -10 -100    0 -1000 -1000 -10
379 64 pedestrian 0 0 -10 328.61 181.62 408.20 235.14 -10 -10 -10 -100    0 -1000 -1000 -10
379 30 pedestrian 0 0 -10 556.28 175.89 608.07 230.97 -10 -10 -10 -100    0 -1000 -1000 -10
379 60 pedestrian 0 0 -10 425.38 176.97 540.70 209.49 -10 -10 -10 -100    0 -1000 -1000 -10
379 62 pedestrian 0 0 -10 398.08 175.52 513.44 272.35 -10 -10 -10 -100    0 -1000 -1000 -10
379 77 pedestrian 0 0 -10 295.70 180.26 361.47 220.32 -10 -10 -10 -100    0 -1000 -1000 -10
379 3 pedestrian 0 0 -10 559.65 177.18 610.45 217.26 -10 -10 -10 -100    0 -1000 -1000 -10
379 61 pedestrian 0 0 -10 89.04 174.63 291.69 291.87 -10 -10 -10 -100    0 -1000 -1000 -10
380 78 pedestrian 0 0 -10 537.22 165.62 560.36 196.96 -10 -10 -10 -100    0 -1000 -1000 -10
380 76 pedestrian 0 0 -10 476.09 180.19 529.31 225.71 -10 -10 -10 -100    0 -1000 -1000 -10
380 75 pedestrian 0 0 -10 515.95 179.72 550.08 210.35 -10 -10 -10 -100    0 -1000 -1000 -10
380 80 pedestrian 0 0 -10 380.41 180.71 430.17 216.81 -10 -10 -10 -100    0 -1000 -1000 -10
380 64 pedestrian 0 0 -10 320.01 182.01 403.10 236.68 -10 -10 -10 -100    0 -1000 -1000 -10
380 30 pedestrian 0 0 -10 556.60 175.80 607.76 230.40 -10 -10 -10 -100    0 -1000 -1000 -10
380 60 pedestrian 0 0 -10 421.81 176.51 540.14 209.80 -10 -10 -10 -100    0 -1000 -1000 -10
380 62 pedestrian 0 0 -10 389.70 175.34 510.24 276.04 -10 -10 -10 -100    0 -1000 -1000 -10
380 77 pedestrian 0 0 -10 287.37 180.24 355.13 221.06 -10 -10 -10 -100    0 -1000 -1000 -10
380 3 pedestrian 0 0 -10 560.68 177.21 610.45 217.41 -10 -10 -10 -100    0 -1000 -1000 -10
380 61 pedestrian 0 0 -10 61.47 174.66 279.31 298.43 -10 -10 -10 -100    0 -1000 -1000 -10
381 78 pedestrian 0 0 -10 537.12 165.61 559.92 197.31 -10 -10 -10 -100    0 -1000 -1000 -10
381 76 pedestrian 0 0 -10 473.38 180.34 528.64 226.77 -10 -10 -10 -100    0 -1000 -1000 -10
381 75 pedestrian 0 0 -10 514.46 180.42 549.57 211.50 -10 -10 -10 -100    0 -1000 -1000 -10
381 80 pedestrian 0 0 -10 373.52 181.41 425.05 218.16 -10 -10 -10 -100    0 -1000 -1000 -10
381 64 pedestrian 0 0 -10 308.60 182.69 397.17 238.92 -10 -10 -10 -100    0 -1000 -1000 -10
381 30 pedestrian 0 0 -10 556.91 176.14 607.74 230.04 -10 -10 -10 -100    0 -1000 -1000 -10
381 60 pedestrian 0 0 -10 421.11 176.57 539.04 210.06 -10 -10 -10 -100    0 -1000 -1000 -10
381 62 pedestrian 0 0 -10 381.26 174.90 507.01 279.50 -10 -10 -10 -100    0 -1000 -1000 -10
381 77 pedestrian 0 0 -10 279.47 180.32 350.14 223.04 -10 -10 -10 -100    0 -1000 -1000 -10
381 3 pedestrian 0 0 -10 561.08 177.65 610.72 217.94 -10 -10 -10 -100    0 -1000 -1000 -10
381 61 pedestrian 0 0 -10 30.03 174.84 266.56 305.50 -10 -10 -10 -100    0 -1000 -1000 -10
382 78 pedestrian 0 0 -10 537.36 166.30 560.83 199.04 -10 -10 -10 -100    0 -1000 -1000 -10
382 76 pedestrian 0 0 -10 468.70 180.68 526.98 228.54 -10 -10 -10 -100    0 -1000 -1000 -10
382 75 pedestrian 0 0 -10 513.65 180.70 550.11 212.21 -10 -10 -10 -100    0 -1000 -1000 -10
382 80 pedestrian 0 0 -10 367.48 182.08 419.80 218.61 -10 -10 -10 -100    0 -1000 -1000 -10
382 65 pedestrian 0 0 -10 152.35 181.29 270.72 240.28 -10 -10 -10 -100    0 -1000 -1000 -10
382 64 pedestrian 0 0 -10 298.98 182.78 390.91 241.43 -10 -10 -10 -100    0 -1000 -1000 -10
382 30 pedestrian 0 0 -10 557.28 176.73 607.78 229.98 -10 -10 -10 -100    0 -1000 -1000 -10
382 60 pedestrian 0 0 -10 418.98 176.40 540.15 211.30 -10 -10 -10 -100    0 -1000 -1000 -10
382 62 pedestrian 0 0 -10 371.82 175.80 504.03 284.62 -10 -10 -10 -100    0 -1000 -1000 -10
382 77 pedestrian 0 0 -10 270.83 180.72 343.93 224.74 -10 -10 -10 -100    0 -1000 -1000 -10
382 3 pedestrian 0 0 -10 560.94 178.17 610.43 218.80 -10 -10 -10 -100    0 -1000 -1000 -10
382 61 pedestrian 0 0 -10 0.00 175.52 251.95 314.27 -10 -10 -10 -100    0 -1000 -1000 -10
383 78 pedestrian 0 0 -10 537.41 165.82 560.89 199.64 -10 -10 -10 -100    0 -1000 -1000 -10
383 76 pedestrian 0 0 -10 469.81 181.63 526.61 229.70 -10 -10 -10 -100    0 -1000 -1000 -10
383 75 pedestrian 0 0 -10 512.65 181.67 548.64 213.08 -10 -10 -10 -100    0 -1000 -1000 -10
383 80 pedestrian 0 0 -10 358.08 182.37 412.19 219.82 -10 -10 -10 -100    0 -1000 -1000 -10
383 65 pedestrian 0 0 -10 132.96 181.60 259.60 244.50 -10 -10 -10 -100    0 -1000 -1000 -10
383 64 pedestrian 0 0 -10 287.85 183.85 385.22 245.51 -10 -10 -10 -100    0 -1000 -1000 -10
383 30 pedestrian 0 0 -10 558.57 177.30 607.61 229.77 -10 -10 -10 -100    0 -1000 -1000 -10
383 60 pedestrian 0 0 -10 417.45 176.46 539.90 212.57 -10 -10 -10 -100    0 -1000 -1000 -10
383 62 pedestrian 0 0 -10 361.18 176.98 500.45 290.87 -10 -10 -10 -100    0 -1000 -1000 -10
383 77 pedestrian 0 0 -10 262.26 182.07 336.50 227.16 -10 -10 -10 -100    0 -1000 -1000 -10
383 3 pedestrian 0 0 -10 561.43 178.57 611.44 219.28 -10 -10 -10 -100    0 -1000 -1000 -10
383 61 pedestrian 0 0 -10 0.00 176.18 235.61 325.11 -10 -10 -10 -100    0 -1000 -1000 -10
384 78 pedestrian 0 0 -10 537.14 166.22 560.16 200.03 -10 -10 -10 -100    0 -1000 -1000 -10
384 76 pedestrian 0 0 -10 467.16 181.99 525.86 230.84 -10 -10 -10 -100    0 -1000 -1000 -10
384 75 pedestrian 0 0 -10 512.33 182.57 548.42 214.04 -10 -10 -10 -100    0 -1000 -1000 -10
384 80 pedestrian 0 0 -10 355.33 183.03 414.01 220.92 -10 -10 -10 -100    0 -1000 -1000 -10
384 65 pedestrian 0 0 -10 114.08 182.27 248.74 245.51 -10 -10 -10 -100    0 -1000 -1000 -10
384 64 pedestrian 0 0 -10 274.94 184.90 380.33 248.64 -10 -10 -10 -100    0 -1000 -1000 -10
384 30 pedestrian 0 0 -10 558.84 177.29 607.67 229.38 -10 -10 -10 -100    0 -1000 -1000 -10
384 60 pedestrian 0 0 -10 417.01 176.89 540.12 212.96 -10 -10 -10 -100    0 -1000 -1000 -10
384 62 pedestrian 0 0 -10 349.22 177.16 497.61 296.90 -10 -10 -10 -100    0 -1000 -1000 -10
384 77 pedestrian 0 0 -10 250.33 183.02 330.93 228.96 -10 -10 -10 -100    0 -1000 -1000 -10
384 3 pedestrian 0 0 -10 560.43 178.49 610.47 219.36 -10 -10 -10 -100    0 -1000 -1000 -10
384 61 pedestrian 0 0 -10 0.00 175.89 219.29 334.92 -10 -10 -10 -100    0 -1000 -1000 -10
385 78 pedestrian 0 0 -10 536.90 165.92 559.60 199.73 -10 -10 -10 -100    0 -1000 -1000 -10
385 76 pedestrian 0 0 -10 465.35 181.91 524.78 232.02 -10 -10 -10 -100    0 -1000 -1000 -10
385 75 pedestrian 0 0 -10 511.71 182.86 548.38 214.33 -10 -10 -10 -100    0 -1000 -1000 -10
385 65 pedestrian 0 0 -10 94.85 183.12 236.48 249.17 -10 -10 -10 -100    0 -1000 -1000 -10
385 64 pedestrian 0 0 -10 261.68 186.08 371.71 252.19 -10 -10 -10 -100    0 -1000 -1000 -10
385 30 pedestrian 0 0 -10 559.92 177.64 607.95 229.08 -10 -10 -10 -100    0 -1000 -1000 -10
385 60 pedestrian 0 0 -10 418.94 176.68 540.74 212.74 -10 -10 -10 -100    0 -1000 -1000 -10
385 62 pedestrian 0 0 -10 336.81 177.82 493.40 302.85 -10 -10 -10 -100    0 -1000 -1000 -10
385 77 pedestrian 0 0 -10 239.97 183.24 324.78 231.43 -10 -10 -10 -100    0 -1000 -1000 -10
385 3 pedestrian 0 0 -10 559.75 178.75 610.58 219.97 -10 -10 -10 -100    0 -1000 -1000 -10
385 61 pedestrian 0 0 -10 0.00 176.67 199.81 345.86 -10 -10 -10 -100    0 -1000 -1000 -10
386 75 pedestrian 0 0 -10 511.07 182.83 547.66 214.26 -10 -10 -10 -100    0 -1000 -1000 -10
386 76 pedestrian 0 0 -10 463.14 182.22 524.31 232.86 -10 -10 -10 -100    0 -1000 -1000 -10
386 78 pedestrian 0 0 -10 536.81 165.15 559.38 198.69 -10 -10 -10 -100    0 -1000 -1000 -10
386 65 pedestrian 0 0 -10 68.32 182.88 223.52 251.74 -10 -10 -10 -100    0 -1000 -1000 -10
386 64 pedestrian 0 0 -10 246.35 185.86 360.90 255.24 -10 -10 -10 -100    0 -1000 -1000 -10
386 30 pedestrian 0 0 -10 560.48 176.93 607.61 227.92 -10 -10 -10 -100    0 -1000 -1000 -10
386 60 pedestrian 0 0 -10 422.12 176.92 541.26 212.42 -10 -10 -10 -100    0 -1000 -1000 -10
386 62 pedestrian 0 0 -10 321.74 177.77 489.32 310.26 -10 -10 -10 -100    0 -1000 -1000 -10
386 77 pedestrian 0 0 -10 229.80 183.32 316.17 232.29 -10 -10 -10 -100    0 -1000 -1000 -10
386 3 pedestrian 0 0 -10 559.65 177.47 611.15 218.98 -10 -10 -10 -100    0 -1000 -1000 -10
386 61 pedestrian 0 0 -10 0.01 175.85 176.67 352.81 -10 -10 -10 -100    0 -1000 -1000 -10
387 76 pedestrian 0 0 -10 459.64 181.82 522.75 234.27 -10 -10 -10 -100    0 -1000 -1000 -10
387 78 pedestrian 0 0 -10 536.19 164.78 559.17 199.02 -10 -10 -10 -100    0 -1000 -1000 -10
387 81 pedestrian 0 0 -10 312.03 183.35 381.74 223.08 -10 -10 -10 -100    0 -1000 -1000 -10
387 65 pedestrian 0 0 -10 45.58 184.29 208.09 257.74 -10 -10 -10 -100    0 -1000 -1000 -10
387 64 pedestrian 0 0 -10 230.69 186.12 350.02 259.21 -10 -10 -10 -100    0 -1000 -1000 -10
387 30 pedestrian 0 0 -10 561.16 176.90 608.08 227.63 -10 -10 -10 -100    0 -1000 -1000 -10
387 75 pedestrian 0 0 -10 508.72 182.67 548.04 215.92 -10 -10 -10 -100    0 -1000 -1000 -10
387 60 pedestrian 0 0 -10 422.87 176.97 540.30 211.84 -10 -10 -10 -100    0 -1000 -1000 -10
387 62 pedestrian 0 0 -10 305.82 178.37 484.46 318.65 -10 -10 -10 -100    0 -1000 -1000 -10
387 77 pedestrian 0 0 -10 216.11 183.79 308.01 235.31 -10 -10 -10 -100    0 -1000 -1000 -10
387 3 pedestrian 0 0 -10 560.17 177.22 611.60 218.94 -10 -10 -10 -100    0 -1000 -1000 -10
387 61 pedestrian 0 0 -10 0.00 178.08 151.69 358.67 -10 -10 -10 -100    0 -1000 -1000 -10
388 76 pedestrian 0 0 -10 457.30 181.71 521.36 235.63 -10 -10 -10 -100    0 -1000 -1000 -10
388 78 pedestrian 0 0 -10 535.89 164.35 559.37 199.18 -10 -10 -10 -100    0 -1000 -1000 -10
388 81 pedestrian 0 0 -10 297.93 183.40 376.74 223.55 -10 -10 -10 -100    0 -1000 -1000 -10
388 65 pedestrian 0 0 -10 14.73 185.77 191.41 263.45 -10 -10 -10 -100    0 -1000 -1000 -10
388 64 pedestrian 0 0 -10 212.27 186.78 339.97 263.94 -10 -10 -10 -100    0 -1000 -1000 -10
388 30 pedestrian 0 0 -10 561.54 176.83 608.51 227.19 -10 -10 -10 -100    0 -1000 -1000 -10
388 75 pedestrian 0 0 -10 507.04 182.41 548.06 216.55 -10 -10 -10 -100    0 -1000 -1000 -10
388 60 pedestrian 0 0 -10 419.92 176.96 540.11 211.58 -10 -10 -10 -100    0 -1000 -1000 -10
388 62 pedestrian 0 0 -10 287.36 178.78 479.45 328.12 -10 -10 -10 -100    0 -1000 -1000 -10
388 77 pedestrian 0 0 -10 202.46 184.02 302.12 238.15 -10 -10 -10 -100    0 -1000 -1000 -10
388 3 pedestrian 0 0 -10 559.95 176.98 611.30 218.62 -10 -10 -10 -100    0 -1000 -1000 -10
388 61 pedestrian 0 0 -10 0.11 177.22 121.35 357.18 -10 -10 -10 -100    0 -1000 -1000 -10
389 76 pedestrian 0 0 -10 454.01 183.16 520.22 238.12 -10 -10 -10 -100    0 -1000 -1000 -10
389 78 pedestrian 0 0 -10 535.61 164.12 559.34 199.38 -10 -10 -10 -100    0 -1000 -1000 -10
389 81 pedestrian 0 0 -10 292.15 184.05 370.60 227.44 -10 -10 -10 -100    0 -1000 -1000 -10
389 65 pedestrian 0 0 -10 0.00 187.08 174.01 269.90 -10 -10 -10 -100    0 -1000 -1000 -10
389 64 pedestrian 0 0 -10 189.53 187.74 327.32 270.26 -10 -10 -10 -100    0 -1000 -1000 -10
389 30 pedestrian 0 0 -10 562.56 177.60 608.90 227.61 -10 -10 -10 -100    0 -1000 -1000 -10
389 75 pedestrian 0 0 -10 505.39 183.09 547.70 217.91 -10 -10 -10 -100    0 -1000 -1000 -10
389 60 pedestrian 0 0 -10 414.76 177.56 539.58 212.63 -10 -10 -10 -100    0 -1000 -1000 -10
389 62 pedestrian 0 0 -10 265.10 178.85 474.49 339.67 -10 -10 -10 -100    0 -1000 -1000 -10
389 77 pedestrian 0 0 -10 189.28 184.31 288.76 241.12 -10 -10 -10 -100    0 -1000 -1000 -10
389 3 pedestrian 0 0 -10 561.70 177.83 611.66 219.07 -10 -10 -10 -100    0 -1000 -1000 -10
389 61 pedestrian 0 0 -10 0.02 177.15 86.32 357.19 -10 -10 -10 -100    0 -1000 -1000 -10
390 76 pedestrian 0 0 -10 448.58 183.75 518.66 240.46 -10 -10 -10 -100    0 -1000 -1000 -10
390 78 pedestrian 0 0 -10 535.20 164.34 560.08 200.39 -10 -10 -10 -100    0 -1000 -1000 -10
390 81 pedestrian 0 0 -10 282.73 183.77 362.32 231.68 -10 -10 -10 -100    0 -1000 -1000 -10
390 65 pedestrian 0 0 -10 0.00 188.26 153.08 274.80 -10 -10 -10 -100    0 -1000 -1000 -10
390 64 pedestrian 0 0 -10 167.43 188.36 322.20 276.54 -10 -10 -10 -100    0 -1000 -1000 -10
390 30 pedestrian 0 0 -10 563.51 178.52 609.61 227.96 -10 -10 -10 -100    0 -1000 -1000 -10
390 75 pedestrian 0 0 -10 504.05 183.74 547.89 219.03 -10 -10 -10 -100    0 -1000 -1000 -10
390 60 pedestrian 0 0 -10 403.83 178.10 539.49 214.79 -10 -10 -10 -100    0 -1000 -1000 -10
390 62 pedestrian 0 0 -10 238.93 180.40 468.26 353.30 -10 -10 -10 -100    0 -1000 -1000 -10
390 77 pedestrian 0 0 -10 174.36 185.59 283.94 243.97 -10 -10 -10 -100    0 -1000 -1000 -10
390 3 pedestrian 0 0 -10 560.05 178.69 609.83 219.98 -10 -10 -10 -100    0 -1000 -1000 -10
391 76 pedestrian 0 0 -10 443.98 183.36 516.95 242.03 -10 -10 -10 -100    0 -1000 -1000 -10
391 82 pedestrian 0 0 -10 404.27 183.35 460.77 222.59 -10 -10 -10 -100    0 -1000 -1000 -10
391 78 pedestrian 0 0 -10 535.54 163.95 560.47 199.98 -10 -10 -10 -100    0 -1000 -1000 -10
391 65 pedestrian 0 0 -10 0.00 187.59 133.82 279.63 -10 -10 -10 -100    0 -1000 -1000 -10
391 64 pedestrian 0 0 -10 139.69 189.20 305.58 281.66 -10 -10 -10 -100    0 -1000 -1000 -10
391 30 pedestrian 0 0 -10 564.35 178.36 610.39 227.66 -10 -10 -10 -100    0 -1000 -1000 -10
391 75 pedestrian 0 0 -10 503.72 183.07 547.80 219.32 -10 -10 -10 -100    0 -1000 -1000 -10
391 60 pedestrian 0 0 -10 397.71 177.87 539.79 216.78 -10 -10 -10 -100    0 -1000 -1000 -10
391 62 pedestrian 0 0 -10 208.59 180.45 461.76 367.44 -10 -10 -10 -100    0 -1000 -1000 -10
391 77 pedestrian 0 0 -10 156.63 185.79 271.00 245.58 -10 -10 -10 -100    0 -1000 -1000 -10
391 3 pedestrian 0 0 -10 560.91 177.99 610.67 220.17 -10 -10 -10 -100    0 -1000 -1000 -10
392 76 pedestrian 0 0 -10 441.13 183.61 515.18 244.33 -10 -10 -10 -100    0 -1000 -1000 -10
392 82 pedestrian 0 0 -10 401.04 182.28 458.87 221.89 -10 -10 -10 -100    0 -1000 -1000 -10
392 78 pedestrian 0 0 -10 535.30 164.07 560.28 199.96 -10 -10 -10 -100    0 -1000 -1000 -10
392 65 pedestrian 0 0 -10 0.00 188.47 108.26 284.28 -10 -10 -10 -100    0 -1000 -1000 -10
392 64 pedestrian 0 0 -10 107.71 189.44 288.92 289.36 -10 -10 -10 -100    0 -1000 -1000 -10
392 30 pedestrian 0 0 -10 565.37 177.88 610.95 227.28 -10 -10 -10 -100    0 -1000 -1000 -10
392 75 pedestrian 0 0 -10 503.10 182.88 547.69 219.53 -10 -10 -10 -100    0 -1000 -1000 -10
392 60 pedestrian 0 0 -10 407.56 177.45 540.23 217.99 -10 -10 -10 -100    0 -1000 -1000 -10
392 62 pedestrian 0 0 -10 173.05 179.96 453.52 376.00 -10 -10 -10 -100    0 -1000 -1000 -10
392 77 pedestrian 0 0 -10 135.73 185.82 254.94 250.25 -10 -10 -10 -100    0 -1000 -1000 -10
392 3 pedestrian 0 0 -10 560.28 177.43 610.76 219.54 -10 -10 -10 -100    0 -1000 -1000 -10
393 76 pedestrian 0 0 -10 437.44 184.51 513.87 247.02 -10 -10 -10 -100    0 -1000 -1000 -10
393 82 pedestrian 0 0 -10 399.47 182.51 456.93 222.32 -10 -10 -10 -100    0 -1000 -1000 -10
393 79 pedestrian 0 0 -10 339.55 178.64 417.40 234.39 -10 -10 -10 -100    0 -1000 -1000 -10
393 78 pedestrian 0 0 -10 535.27 163.52 560.72 199.55 -10 -10 -10 -100    0 -1000 -1000 -10
393 65 pedestrian 0 0 -10 0.14 190.10 80.50 284.68 -10 -10 -10 -100    0 -1000 -1000 -10
393 64 pedestrian 0 0 -10 71.23 190.47 265.80 296.50 -10 -10 -10 -100    0 -1000 -1000 -10
393 30 pedestrian 0 0 -10 565.82 178.14 611.48 227.15 -10 -10 -10 -100    0 -1000 -1000 -10
393 75 pedestrian 0 0 -10 503.64 183.27 547.37 219.97 -10 -10 -10 -100    0 -1000 -1000 -10
393 60 pedestrian 0 0 -10 419.75 176.60 539.77 219.74 -10 -10 -10 -100    0 -1000 -1000 -10
393 62 pedestrian 0 0 -10 129.94 179.85 445.20 376.00 -10 -10 -10 -100    0 -1000 -1000 -10
393 77 pedestrian 0 0 -10 114.65 186.10 240.04 254.48 -10 -10 -10 -100    0 -1000 -1000 -10
393 3 pedestrian 0 0 -10 560.92 177.62 610.93 219.58 -10 -10 -10 -100    0 -1000 -1000 -10
394 76 pedestrian 0 0 -10 432.18 184.64 512.13 249.49 -10 -10 -10 -100    0 -1000 -1000 -10
394 82 pedestrian 0 0 -10 393.28 182.35 454.59 223.69 -10 -10 -10 -100    0 -1000 -1000 -10
394 79 pedestrian 0 0 -10 333.72 177.90 414.00 237.07 -10 -10 -10 -100    0 -1000 -1000 -10
394 78 pedestrian 0 0 -10 535.14 164.26 560.59 199.99 -10 -10 -10 -100    0 -1000 -1000 -10
394 65 pedestrian 0 0 -10 0.00 192.85 49.19 283.37 -10 -10 -10 -100    0 -1000 -1000 -10
394 64 pedestrian 0 0 -10 26.08 190.64 248.96 305.67 -10 -10 -10 -100    0 -1000 -1000 -10
394 30 pedestrian 0 0 -10 566.93 178.48 612.19 227.02 -10 -10 -10 -100    0 -1000 -1000 -10
394 75 pedestrian 0 0 -10 501.78 182.93 546.80 221.28 -10 -10 -10 -100    0 -1000 -1000 -10
394 60 pedestrian 0 0 -10 420.09 175.98 540.00 221.53 -10 -10 -10 -100    0 -1000 -1000 -10
394 62 pedestrian 0 0 -10 70.31 179.93 434.09 376.00 -10 -10 -10 -100    0 -1000 -1000 -10
394 77 pedestrian 0 0 -10 92.90 186.71 228.10 256.68 -10 -10 -10 -100    0 -1000 -1000 -10
394 3 pedestrian 0 0 -10 562.61 178.04 611.51 218.92 -10 -10 -10 -100    0 -1000 -1000 -10
395 76 pedestrian 0 0 -10 426.61 184.20 511.21 250.90 -10 -10 -10 -100    0 -1000 -1000 -10
395 82 pedestrian 0 0 -10 389.22 182.05 452.37 225.45 -10 -10 -10 -100    0 -1000 -1000 -10
395 79 pedestrian 0 0 -10 321.26 177.15 406.16 240.35 -10 -10 -10 -100    0 -1000 -1000 -10
395 78 pedestrian 0 0 -10 534.95 162.31 560.91 200.16 -10 -10 -10 -100    0 -1000 -1000 -10
395 64 pedestrian 0 0 -10 0.00 192.11 220.34 316.86 -10 -10 -10 -100    0 -1000 -1000 -10
395 30 pedestrian 0 0 -10 568.15 177.99 613.07 226.02 -10 -10 -10 -100    0 -1000 -1000 -10
395 75 pedestrian 0 0 -10 500.63 182.93 546.92 221.78 -10 -10 -10 -100    0 -1000 -1000 -10
395 60 pedestrian 0 0 -10 420.44 176.13 538.12 222.66 -10 -10 -10 -100    0 -1000 -1000 -10
395 62 pedestrian 0 0 -10 2.40 180.53 423.79 376.00 -10 -10 -10 -100    0 -1000 -1000 -10
395 77 pedestrian 0 0 -10 52.32 188.09 205.60 263.12 -10 -10 -10 -100    0 -1000 -1000 -10
395 3 pedestrian 0 0 -10 563.11 177.62 611.50 218.28 -10 -10 -10 -100    0 -1000 -1000 -10
396 82 pedestrian 0 0 -10 382.60 182.19 448.13 226.02 -10 -10 -10 -100    0 -1000 -1000 -10
396 79 pedestrian 0 0 -10 306.10 176.43 400.40 242.38 -10 -10 -10 -100    0 -1000 -1000 -10
396 78 pedestrian 0 0 -10 534.73 162.77 561.64 199.66 -10 -10 -10 -100    0 -1000 -1000 -10
396 64 pedestrian 0 0 -10 0.05 190.17 204.30 334.80 -10 -10 -10 -100    0 -1000 -1000 -10
396 30 pedestrian 0 0 -10 569.15 177.66 613.81 225.06 -10 -10 -10 -100    0 -1000 -1000 -10
396 75 pedestrian 0 0 -10 499.69 182.58 547.12 222.52 -10 -10 -10 -100    0 -1000 -1000 -10
396 60 pedestrian 0 0 -10 420.52 176.07 537.30 224.27 -10 -10 -10 -100    0 -1000 -1000 -10
396 62 pedestrian 0 0 -10 0.41 181.32 409.34 376.00 -10 -10 -10 -100    0 -1000 -1000 -10
396 77 pedestrian 0 0 -10 29.43 187.40 198.71 267.96 -10 -10 -10 -100    0 -1000 -1000 -10
396 3 pedestrian 0 0 -10 564.27 177.21 611.57 217.42 -10 -10 -10 -100    0 -1000 -1000 -10
396 76 pedestrian 0 0 -10 421.09 183.92 509.29 253.00 -10 -10 -10 -100    0 -1000 -1000 -10
397 82 pedestrian 0 0 -10 377.50 181.57 445.75 227.26 -10 -10 -10 -100    0 -1000 -1000 -10
397 79 pedestrian 0 0 -10 290.85 176.46 394.65 246.21 -10 -10 -10 -100    0 -1000 -1000 -10
397 78 pedestrian 0 0 -10 534.00 161.66 561.51 199.34 -10 -10 -10 -100    0 -1000 -1000 -10
397 64 pedestrian 0 0 -10 0.00 191.02 164.02 351.47 -10 -10 -10 -100    0 -1000 -1000 -10
397 30 pedestrian 0 0 -10 570.44 176.94 614.91 224.08 -10 -10 -10 -100    0 -1000 -1000 -10
397 75 pedestrian 0 0 -10 497.99 182.76 547.04 223.08 -10 -10 -10 -100    0 -1000 -1000 -10
397 60 pedestrian 0 0 -10 422.08 175.68 535.84 223.90 -10 -10 -10 -100    0 -1000 -1000 -10
397 62 pedestrian 0 0 -10 0.00 179.80 394.50 376.00 -10 -10 -10 -100    0 -1000 -1000 -10
397 77 pedestrian 0 0 -10 0.00 184.01 162.42 270.87 -10 -10 -10 -100    0 -1000 -1000 -10
397 3 pedestrian 0 0 -10 564.05 176.01 612.24 215.02 -10 -10 -10 -100    0 -1000 -1000 -10
397 76 pedestrian 0 0 -10 415.61 183.45 507.39 255.05 -10 -10 -10 -100    0 -1000 -1000 -10
398 82 pedestrian 0 0 -10 370.75 181.56 440.92 228.80 -10 -10 -10 -100    0 -1000 -1000 -10
398 79 pedestrian 0 0 -10 278.97 176.62 387.41 248.12 -10 -10 -10 -100    0 -1000 -1000 -10
398 78 pedestrian 0 0 -10 533.81 161.46 562.05 200.04 -10 -10 -10 -100    0 -1000 -1000 -10
398 64 pedestrian 0 0 -10 0.00 194.00 141.03 356.33 -10 -10 -10 -100    0 -1000 -1000 -10
398 30 pedestrian 0 0 -10 571.85 176.91 615.79 223.43 -10 -10 -10 -100    0 -1000 -1000 -10
398 75 pedestrian 0 0 -10 495.88 182.81 546.70 224.13 -10 -10 -10 -100    0 -1000 -1000 -10
398 60 pedestrian 0 0 -10 420.50 175.78 536.61 224.98 -10 -10 -10 -100    0 -1000 -1000 -10
398 62 pedestrian 0 0 -10 0.00 179.56 374.27 376.00 -10 -10 -10 -100    0 -1000 -1000 -10
398 77 pedestrian 0 0 -10 0.00 185.54 159.45 277.74 -10 -10 -10 -100    0 -1000 -1000 -10
398 3 pedestrian 0 0 -10 563.69 175.62 613.54 213.01 -10 -10 -10 -100    0 -1000 -1000 -10
398 76 pedestrian 0 0 -10 408.84 183.19 505.18 258.52 -10 -10 -10 -100    0 -1000 -1000 -10
399 82 pedestrian 0 0 -10 363.78 181.42 438.81 230.70 -10 -10 -10 -100    0 -1000 -1000 -10
399 79 pedestrian 0 0 -10 263.53 176.23 378.41 251.18 -10 -10 -10 -100    0 -1000 -1000 -10
399 78 pedestrian 0 0 -10 533.62 161.16 562.55 200.05 -10 -10 -10 -100    0 -1000 -1000 -10
399 64 pedestrian 0 0 -10 0.36 198.66 84.09 349.94 -10 -10 -10 -100    0 -1000 -1000 -10
399 30 pedestrian 0 0 -10 573.02 176.47 616.67 222.71 -10 -10 -10 -100    0 -1000 -1000 -10
399 75 pedestrian 0 0 -10 494.82 182.81 546.68 224.81 -10 -10 -10 -100    0 -1000 -1000 -10
399 60 pedestrian 0 0 -10 418.06 175.33 535.97 223.52 -10 -10 -10 -100    0 -1000 -1000 -10
399 62 pedestrian 0 0 -10 0.73 176.81 353.96 376.00 -10 -10 -10 -100    0 -1000 -1000 -10
399 77 pedestrian 0 0 -10 0.00 186.76 136.51 280.30 -10 -10 -10 -100    0 -1000 -1000 -10
399 3 pedestrian 0 0 -10 564.24 175.15 614.64 212.06 -10 -10 -10 -100    0 -1000 -1000 -10
399 76 pedestrian 0 0 -10 401.51 183.34 502.65 261.71 -10 -10 -10 -100    0 -1000 -1000 -10
400 82 pedestrian 0 0 -10 356.62 182.01 435.07 233.03 -10 -10 -10 -100    0 -1000 -1000 -10
400 79 pedestrian 0 0 -10 246.13 175.91 367.84 255.60 -10 -10 -10 -100    0 -1000 -1000 -10
400 80 pedestrian 0 0 -10 332.60 178.58 385.96 217.38 -10 -10 -10 -100    0 -1000 -1000 -10
400 78 pedestrian 0 0 -10 533.40 161.04 562.50 200.54 -10 -10 -10 -100    0 -1000 -1000 -10
400 81 pedestrian 0 0 -10 129.20 184.43 253.02 250.92 -10 -10 -10 -100    0 -1000 -1000 -10
400 30 pedestrian 0 0 -10 574.58 176.54 617.58 221.96 -10 -10 -10 -100    0 -1000 -1000 -10
400 75 pedestrian 0 0 -10 493.85 182.72 546.75 225.61 -10 -10 -10 -100    0 -1000 -1000 -10
400 60 pedestrian 0 0 -10 413.63 174.58 539.06 217.78 -10 -10 -10 -100    0 -1000 -1000 -10
400 62 pedestrian 0 0 -10 0.00 179.04 328.12 376.00 -10 -10 -10 -100    0 -1000 -1000 -10
400 3 pedestrian 0 0 -10 563.84 174.34 615.39 209.94 -10 -10 -10 -100    0 -1000 -1000 -10
400 76 pedestrian 0 0 -10 394.02 183.53 500.91 265.58 -10 -10 -10 -100    0 -1000 -1000 -10
401 82 pedestrian 0 0 -10 348.02 182.44 430.16 235.45 -10 -10 -10 -100    0 -1000 -1000 -10
401 79 pedestrian 0 0 -10 228.01 175.67 359.16 258.90 -10 -10 -10 -100    0 -1000 -1000 -10
401 80 pedestrian 0 0 -10 320.86 179.20 376.25 219.58 -10 -10 -10 -100    0 -1000 -1000 -10
401 78 pedestrian 0 0 -10 533.25 160.94 562.38 200.35 -10 -10 -10 -100    0 -1000 -1000 -10
401 81 pedestrian 0 0 -10 104.52 184.56 238.11 252.02 -10 -10 -10 -100    0 -1000 -1000 -10
401 30 pedestrian 0 0 -10 575.89 176.33 618.63 221.64 -10 -10 -10 -100    0 -1000 -1000 -10
401 75 pedestrian 0 0 -10 491.26 182.57 546.61 227.07 -10 -10 -10 -100    0 -1000 -1000 -10
401 60 pedestrian 0 0 -10 407.31 173.58 539.29 211.30 -10 -10 -10 -100    0 -1000 -1000 -10
401 62 pedestrian 0 0 -10 0.00 176.73 293.83 376.00 -10 -10 -10 -100    0 -1000 -1000 -10
401 3 pedestrian 0 0 -10 563.58 173.89 616.87 208.92 -10 -10 -10 -100    0 -1000 -1000 -10
401 76 pedestrian 0 0 -10 384.82 183.90 498.20 270.04 -10 -10 -10 -100    0 -1000 -1000 -10
402 84 pedestrian 0 0 -10 453.05 180.43 493.65 209.46 -10 -10 -10 -100    0 -1000 -1000 -10
402 83 pedestrian 0 0 -10 0.06 192.38 195.67 321.38 -10 -10 -10 -100    0 -1000 -1000 -10
402 82 pedestrian 0 0 -10 338.33 183.48 424.59 237.82 -10 -10 -10 -100    0 -1000 -1000 -10
402 79 pedestrian 0 0 -10 204.08 175.90 347.70 264.68 -10 -10 -10 -100    0 -1000 -1000 -10
402 80 pedestrian 0 0 -10 314.03 180.61 367.81 220.11 -10 -10 -10 -100    0 -1000 -1000 -10
402 78 pedestrian 0 0 -10 533.33 160.53 562.54 201.84 -10 -10 -10 -100    0 -1000 -1000 -10
402 81 pedestrian 0 0 -10 76.14 185.39 222.85 256.35 -10 -10 -10 -100    0 -1000 -1000 -10
402 30 pedestrian 0 0 -10 576.77 176.65 619.31 221.74 -10 -10 -10 -100    0 -1000 -1000 -10
402 75 pedestrian 0 0 -10 489.39 183.37 546.25 228.77 -10 -10 -10 -100    0 -1000 -1000 -10
402 60 pedestrian 0 0 -10 406.15 172.82 539.22 208.69 -10 -10 -10 -100    0 -1000 -1000 -10
402 62 pedestrian 0 0 -10 0.00 177.58 247.54 376.00 -10 -10 -10 -100    0 -1000 -1000 -10
402 3 pedestrian 0 0 -10 563.83 174.00 618.43 208.59 -10 -10 -10 -100    0 -1000 -1000 -10
402 76 pedestrian 0 0 -10 376.14 184.06 494.93 275.03 -10 -10 -10 -100    0 -1000 -1000 -10
403 84 pedestrian 0 0 -10 450.71 180.59 493.48 211.01 -10 -10 -10 -100    0 -1000 -1000 -10
403 83 pedestrian 0 0 -10 0.00 194.15 162.81 334.65 -10 -10 -10 -100    0 -1000 -1000 -10
403 82 pedestrian 0 0 -10 326.15 184.23 417.24 241.76 -10 -10 -10 -100    0 -1000 -1000 -10
403 79 pedestrian 0 0 -10 180.54 176.30 335.55 271.35 -10 -10 -10 -100    0 -1000 -1000 -10
403 80 pedestrian 0 0 -10 301.33 181.52 358.80 221.66 -10 -10 -10 -100    0 -1000 -1000 -10
403 78 pedestrian 0 0 -10 532.57 160.56 563.03 202.01 -10 -10 -10 -100    0 -1000 -1000 -10
403 81 pedestrian 0 0 -10 45.91 186.96 203.98 262.85 -10 -10 -10 -100    0 -1000 -1000 -10
403 30 pedestrian 0 0 -10 577.70 177.26 619.77 221.72 -10 -10 -10 -100    0 -1000 -1000 -10
403 75 pedestrian 0 0 -10 487.87 184.04 545.80 230.82 -10 -10 -10 -100    0 -1000 -1000 -10
403 60 pedestrian 0 0 -10 404.19 173.25 537.59 208.23 -10 -10 -10 -100    0 -1000 -1000 -10
403 62 pedestrian 0 0 -10 0.00 181.82 181.17 376.00 -10 -10 -10 -100    0 -1000 -1000 -10
403 3 pedestrian 0 0 -10 559.12 174.18 617.93 207.47 -10 -10 -10 -100    0 -1000 -1000 -10
403 76 pedestrian 0 0 -10 365.44 185.96 491.32 281.03 -10 -10 -10 -100    0 -1000 -1000 -10
404 84 pedestrian 0 0 -10 449.54 179.47 492.03 211.96 -10 -10 -10 -100    0 -1000 -1000 -10
404 83 pedestrian 0 0 -10 0.07 196.57 130.45 340.04 -10 -10 -10 -100    0 -1000 -1000 -10
404 82 pedestrian 0 0 -10 312.15 183.95 410.72 244.26 -10 -10 -10 -100    0 -1000 -1000 -10
404 79 pedestrian 0 0 -10 150.46 175.58 321.65 277.08 -10 -10 -10 -100    0 -1000 -1000 -10
404 80 pedestrian 0 0 -10 288.17 181.40 350.96 222.15 -10 -10 -10 -100    0 -1000 -1000 -10
404 78 pedestrian 0 0 -10 532.42 160.51 563.24 201.87 -10 -10 -10 -100    0 -1000 -1000 -10
404 81 pedestrian 0 0 -10 5.75 186.69 183.44 265.32 -10 -10 -10 -100    0 -1000 -1000 -10
404 30 pedestrian 0 0 -10 579.01 176.70 620.83 220.99 -10 -10 -10 -100    0 -1000 -1000 -10
404 75 pedestrian 0 0 -10 485.46 183.34 545.72 231.59 -10 -10 -10 -100    0 -1000 -1000 -10
404 60 pedestrian 0 0 -10 399.47 173.29 536.00 208.07 -10 -10 -10 -100    0 -1000 -1000 -10
404 3 pedestrian 0 0 -10 556.28 173.69 616.84 205.67 -10 -10 -10 -100    0 -1000 -1000 -10
404 76 pedestrian 0 0 -10 353.18 185.44 487.65 285.62 -10 -10 -10 -100    0 -1000 -1000 -10
405 84 pedestrian 0 0 -10 445.85 179.25 491.45 212.80 -10 -10 -10 -100    0 -1000 -1000 -10
405 83 pedestrian 0 0 -10 0.00 195.36 87.98 339.49 -10 -10 -10 -100    0 -1000 -1000 -10
405 82 pedestrian 0 0 -10 297.53 183.80 402.93 247.44 -10 -10 -10 -100    0 -1000 -1000 -10
405 79 pedestrian 0 0 -10 117.01 174.83 306.12 283.89 -10 -10 -10 -100    0 -1000 -1000 -10
405 80 pedestrian 0 0 -10 276.62 180.50 343.65 223.41 -10 -10 -10 -100    0 -1000 -1000 -10
405 78 pedestrian 0 0 -10 532.98 159.93 564.55 201.39 -10 -10 -10 -100    0 -1000 -1000 -10
405 81 pedestrian 0 0 -10 0.00 186.64 162.59 272.48 -10 -10 -10 -100    0 -1000 -1000 -10
405 30 pedestrian 0 0 -10 579.63 176.26 621.40 220.01 -10 -10 -10 -100    0 -1000 -1000 -10
405 75 pedestrian 0 0 -10 483.26 183.14 543.92 232.12 -10 -10 -10 -100    0 -1000 -1000 -10
405 60 pedestrian 0 0 -10 383.37 174.57 540.26 209.21 -10 -10 -10 -100    0 -1000 -1000 -10
405 3 pedestrian 0 0 -10 552.81 172.79 616.91 203.37 -10 -10 -10 -100    0 -1000 -1000 -10
405 76 pedestrian 0 0 -10 339.53 185.57 482.25 291.40 -10 -10 -10 -100    0 -1000 -1000 -10
406 84 pedestrian 0 0 -10 443.07 178.96 490.84 212.64 -10 -10 -10 -100    0 -1000 -1000 -10
406 82 pedestrian 0 0 -10 282.11 183.88 393.20 250.42 -10 -10 -10 -100    0 -1000 -1000 -10
406 79 pedestrian 0 0 -10 75.04 174.44 288.19 292.90 -10 -10 -10 -100    0 -1000 -1000 -10
406 80 pedestrian 0 0 -10 266.80 179.90 337.09 223.38 -10 -10 -10 -100    0 -1000 -1000 -10
406 78 pedestrian 0 0 -10 532.71 159.69 565.05 201.32 -10 -10 -10 -100    0 -1000 -1000 -10
406 81 pedestrian 0 0 -10 0.00 186.40 138.48 279.73 -10 -10 -10 -100    0 -1000 -1000 -10
406 30 pedestrian 0 0 -10 580.84 176.13 621.43 218.95 -10 -10 -10 -100    0 -1000 -1000 -10
406 75 pedestrian 0 0 -10 481.25 182.72 542.67 232.88 -10 -10 -10 -100    0 -1000 -1000 -10
406 60 pedestrian 0 0 -10 362.83 175.43 536.42 209.93 -10 -10 -10 -100    0 -1000 -1000 -10
406 3 pedestrian 0 0 -10 548.75 172.23 617.23 202.65 -10 -10 -10 -100    0 -1000 -1000 -10
406 76 pedestrian 0 0 -10 322.59 186.05 476.94 298.80 -10 -10 -10 -100    0 -1000 -1000 -10
407 84 pedestrian 0 0 -10 440.92 179.20 490.01 213.53 -10 -10 -10 -100    0 -1000 -1000 -10
407 82 pedestrian 0 0 -10 265.31 184.61 382.63 255.27 -10 -10 -10 -100    0 -1000 -1000 -10
407 79 pedestrian 0 0 -10 28.00 175.45 268.23 304.87 -10 -10 -10 -100    0 -1000 -1000 -10
407 80 pedestrian 0 0 -10 254.07 180.74 338.01 225.23 -10 -10 -10 -100    0 -1000 -1000 -10
407 78 pedestrian 0 0 -10 532.92 160.04 565.01 201.17 -10 -10 -10 -100    0 -1000 -1000 -10
407 81 pedestrian 0 0 -10 0.00 187.34 106.86 285.05 -10 -10 -10 -100    0 -1000 -1000 -10
407 30 pedestrian 0 0 -10 581.07 176.28 621.60 218.74 -10 -10 -10 -100    0 -1000 -1000 -10
407 75 pedestrian 0 0 -10 477.23 183.25 541.52 234.49 -10 -10 -10 -100    0 -1000 -1000 -10
407 60 pedestrian 0 0 -10 354.87 175.53 536.17 209.70 -10 -10 -10 -100    0 -1000 -1000 -10
407 3 pedestrian 0 0 -10 548.21 172.67 617.22 203.64 -10 -10 -10 -100    0 -1000 -1000 -10
407 76 pedestrian 0 0 -10 305.24 186.57 470.87 306.69 -10 -10 -10 -100    0 -1000 -1000 -10
408 84 pedestrian 0 0 -10 436.80 179.57 486.87 214.55 -10 -10 -10 -100    0 -1000 -1000 -10
408 82 pedestrian 0 0 -10 245.21 184.67 375.94 259.94 -10 -10 -10 -100    0 -1000 -1000 -10
408 79 pedestrian 0 0 -10 0.01 175.64 243.91 319.01 -10 -10 -10 -100    0 -1000 -1000 -10
408 80 pedestrian 0 0 -10 237.55 179.80 349.34 226.86 -10 -10 -10 -100    0 -1000 -1000 -10
408 78 pedestrian 0 0 -10 532.48 159.55 565.20 201.60 -10 -10 -10 -100    0 -1000 -1000 -10
408 81 pedestrian 0 0 -10 0.00 189.49 77.92 289.09 -10 -10 -10 -100    0 -1000 -1000 -10
408 30 pedestrian 0 0 -10 581.63 176.49 622.01 218.63 -10 -10 -10 -100    0 -1000 -1000 -10
408 75 pedestrian 0 0 -10 473.14 183.63 540.90 236.60 -10 -10 -10 -100    0 -1000 -1000 -10
408 60 pedestrian 0 0 -10 349.17 175.39 537.82 210.39 -10 -10 -10 -100    0 -1000 -1000 -10
408 3 pedestrian 0 0 -10 547.61 172.98 616.13 204.25 -10 -10 -10 -100    0 -1000 -1000 -10
408 76 pedestrian 0 0 -10 284.30 186.58 464.68 316.34 -10 -10 -10 -100    0 -1000 -1000 -10
409 84 pedestrian 0 0 -10 434.40 180.10 483.35 215.39 -10 -10 -10 -100    0 -1000 -1000 -10
409 82 pedestrian 0 0 -10 221.12 185.53 362.30 265.72 -10 -10 -10 -100    0 -1000 -1000 -10
409 79 pedestrian 0 0 -10 0.00 174.43 217.75 334.91 -10 -10 -10 -100    0 -1000 -1000 -10
409 88 pedestrian 0 0 -10 112.62 183.64 255.48 254.64 -10 -10 -10 -100    0 -1000 -1000 -10
409 80 pedestrian 0 0 -10 222.41 179.52 342.00 228.44 -10 -10 -10 -100    0 -1000 -1000 -10
409 78 pedestrian 0 0 -10 531.82 158.79 565.78 202.24 -10 -10 -10 -100    0 -1000 -1000 -10
409 30 pedestrian 0 0 -10 582.04 176.90 622.45 219.20 -10 -10 -10 -100    0 -1000 -1000 -10
409 75 pedestrian 0 0 -10 469.43 184.30 540.13 239.47 -10 -10 -10 -100    0 -1000 -1000 -10
409 60 pedestrian 0 0 -10 344.10 176.77 539.18 210.83 -10 -10 -10 -100    0 -1000 -1000 -10
409 3 pedestrian 0 0 -10 547.89 172.88 615.71 205.39 -10 -10 -10 -100    0 -1000 -1000 -10
409 76 pedestrian 0 0 -10 259.38 187.65 456.57 328.33 -10 -10 -10 -100    0 -1000 -1000 -10
410 84 pedestrian 0 0 -10 430.25 180.67 479.77 216.42 -10 -10 -10 -100    0 -1000 -1000 -10
410 82 pedestrian 0 0 -10 192.65 186.23 345.20 270.69 -10 -10 -10 -100    0 -1000 -1000 -10
410 79 pedestrian 0 0 -10 0.00 174.38 184.96 349.57 -10 -10 -10 -100    0 -1000 -1000 -10
410 88 pedestrian 0 0 -10 80.37 184.55 239.97 260.72 -10 -10 -10 -100    0 -1000 -1000 -10
410 80 pedestrian 0 0 -10 214.84 179.64 326.95 224.18 -10 -10 -10 -100    0 -1000 -1000 -10
410 78 pedestrian 0 0 -10 532.36 158.86 565.82 203.54 -10 -10 -10 -100    0 -1000 -1000 -10
410 30 pedestrian 0 0 -10 582.37 177.34 622.68 219.58 -10 -10 -10 -100    0 -1000 -1000 -10
410 75 pedestrian 0 0 -10 464.78 185.37 537.72 241.93 -10 -10 -10 -100    0 -1000 -1000 -10
410 60 pedestrian 0 0 -10 339.43 177.52 539.50 211.39 -10 -10 -10 -100    0 -1000 -1000 -10
410 3 pedestrian 0 0 -10 548.29 172.91 615.41 206.36 -10 -10 -10 -100    0 -1000 -1000 -10
410 76 pedestrian 0 0 -10 230.61 188.10 449.27 341.33 -10 -10 -10 -100    0 -1000 -1000 -10
411 84 pedestrian 0 0 -10 424.61 180.31 475.28 217.52 -10 -10 -10 -100    0 -1000 -1000 -10
411 82 pedestrian 0 0 -10 163.77 185.90 329.74 278.32 -10 -10 -10 -100    0 -1000 -1000 -10
411 79 pedestrian 0 0 -10 0.00 171.13 147.95 353.32 -10 -10 -10 -100    0 -1000 -1000 -10
411 88 pedestrian 0 0 -10 46.49 184.31 220.55 267.50 -10 -10 -10 -100    0 -1000 -1000 -10
411 80 pedestrian 0 0 -10 195.31 181.80 269.12 221.83 -10 -10 -10 -100    0 -1000 -1000 -10
411 78 pedestrian 0 0 -10 531.07 158.21 565.55 203.29 -10 -10 -10 -100    0 -1000 -1000 -10
411 30 pedestrian 0 0 -10 582.43 177.29 622.39 219.10 -10 -10 -10 -100    0 -1000 -1000 -10
411 75 pedestrian 0 0 -10 459.57 185.49 536.16 245.14 -10 -10 -10 -100    0 -1000 -1000 -10
411 60 pedestrian 0 0 -10 343.32 175.77 537.24 211.82 -10 -10 -10 -100    0 -1000 -1000 -10
411 3 pedestrian 0 0 -10 548.21 172.71 613.70 206.39 -10 -10 -10 -100    0 -1000 -1000 -10
411 76 pedestrian 0 0 -10 195.48 189.34 438.96 357.44 -10 -10 -10 -100    0 -1000 -1000 -10
412 84 pedestrian 0 0 -10 419.93 180.29 471.96 218.00 -10 -10 -10 -100    0 -1000 -1000 -10
412 82 pedestrian 0 0 -10 128.84 186.97 317.06 286.76 -10 -10 -10 -100    0 -1000 -1000 -10
412 79 pedestrian 0 0 -10 0.05 177.02 102.55 354.02 -10 -10 -10 -100    0 -1000 -1000 -10
412 88 pedestrian 0 0 -10 4.55 184.84 198.97 272.74 -10 -10 -10 -100    0 -1000 -1000 -10
412 80 pedestrian 0 0 -10 176.48 184.09 287.61 234.67 -10 -10 -10 -100    0 -1000 -1000 -10
412 78 pedestrian 0 0 -10 529.48 157.55 564.43 204.07 -10 -10 -10 -100    0 -1000 -1000 -10
412 30 pedestrian 0 0 -10 582.52 177.38 621.87 218.73 -10 -10 -10 -100    0 -1000 -1000 -10
412 75 pedestrian 0 0 -10 453.94 185.68 532.87 248.07 -10 -10 -10 -100    0 -1000 -1000 -10
412 60 pedestrian 0 0 -10 343.23 175.38 536.20 212.34 -10 -10 -10 -100    0 -1000 -1000 -10
412 87 pedestrian 0 0 -10 345.96 186.04 428.64 240.20 -10 -10 -10 -100    0 -1000 -1000 -10
412 3 pedestrian 0 0 -10 547.35 172.54 611.63 206.41 -10 -10 -10 -100    0 -1000 -1000 -10
412 76 pedestrian 0 0 -10 152.58 190.04 428.13 376.00 -10 -10 -10 -100    0 -1000 -1000 -10
413 84 pedestrian 0 0 -10 413.19 181.13 466.84 221.10 -10 -10 -10 -100    0 -1000 -1000 -10
413 82 pedestrian 0 0 -10 86.65 189.09 293.63 297.59 -10 -10 -10 -100    0 -1000 -1000 -10
413 88 pedestrian 0 0 -10 0.00 185.76 173.88 281.51 -10 -10 -10 -100    0 -1000 -1000 -10
413 80 pedestrian 0 0 -10 143.99 186.18 270.22 249.43 -10 -10 -10 -100    0 -1000 -1000 -10
413 78 pedestrian 0 0 -10 528.13 158.22 563.06 205.79 -10 -10 -10 -100    0 -1000 -1000 -10
413 30 pedestrian 0 0 -10 582.55 178.21 621.68 219.50 -10 -10 -10 -100    0 -1000 -1000 -10
413 75 pedestrian 0 0 -10 447.07 186.98 530.84 252.38 -10 -10 -10 -100    0 -1000 -1000 -10
413 60 pedestrian 0 0 -10 343.47 175.41 534.80 212.29 -10 -10 -10 -100    0 -1000 -1000 -10
413 87 pedestrian 0 0 -10 336.76 187.61 422.77 243.09 -10 -10 -10 -100    0 -1000 -1000 -10
413 3 pedestrian 0 0 -10 546.46 173.55 610.89 206.70 -10 -10 -10 -100    0 -1000 -1000 -10
413 76 pedestrian 0 0 -10 100.41 191.14 413.87 376.00 -10 -10 -10 -100    0 -1000 -1000 -10
414 90 pedestrian 0 0 -10 196.83 177.51 243.34 211.70 -10 -10 -10 -100    0 -1000 -1000 -10
414 89 pedestrian 0 0 -10 294.41 187.21 363.37 226.78 -10 -10 -10 -100    0 -1000 -1000 -10
414 84 pedestrian 0 0 -10 406.71 182.94 465.10 224.53 -10 -10 -10 -100    0 -1000 -1000 -10
414 82 pedestrian 0 0 -10 36.81 190.00 270.39 309.65 -10 -10 -10 -100    0 -1000 -1000 -10
414 88 pedestrian 0 0 -10 0.10 188.00 148.79 294.11 -10 -10 -10 -100    0 -1000 -1000 -10
414 80 pedestrian 0 0 -10 123.07 188.47 259.06 255.93 -10 -10 -10 -100    0 -1000 -1000 -10
414 78 pedestrian 0 0 -10 525.74 159.68 561.79 207.82 -10 -10 -10 -100    0 -1000 -1000 -10
414 30 pedestrian 0 0 -10 582.30 179.95 620.68 220.90 -10 -10 -10 -100    0 -1000 -1000 -10
414 75 pedestrian 0 0 -10 439.59 189.96 528.82 257.67 -10 -10 -10 -100    0 -1000 -1000 -10
414 60 pedestrian 0 0 -10 341.91 176.95 536.99 213.09 -10 -10 -10 -100    0 -1000 -1000 -10
414 87 pedestrian 0 0 -10 322.74 188.44 415.90 246.94 -10 -10 -10 -100    0 -1000 -1000 -10
414 3 pedestrian 0 0 -10 547.25 176.82 610.56 207.54 -10 -10 -10 -100    0 -1000 -1000 -10
414 76 pedestrian 0 0 -10 25.25 192.71 397.27 376.00 -10 -10 -10 -100    0 -1000 -1000 -10
415 90 pedestrian 0 0 -10 164.91 177.82 214.68 211.89 -10 -10 -10 -100    0 -1000 -1000 -10
415 89 pedestrian 0 0 -10 282.40 188.66 355.31 228.95 -10 -10 -10 -100    0 -1000 -1000 -10
415 84 pedestrian 0 0 -10 397.54 184.06 461.56 226.92 -10 -10 -10 -100    0 -1000 -1000 -10
415 82 pedestrian 0 0 -10 1.31 190.77 248.06 323.90 -10 -10 -10 -100    0 -1000 -1000 -10
415 88 pedestrian 0 0 -10 0.10 191.04 113.68 287.42 -10 -10 -10 -100    0 -1000 -1000 -10
415 80 pedestrian 0 0 -10 91.89 189.29 240.60 262.60 -10 -10 -10 -100    0 -1000 -1000 -10
415 78 pedestrian 0 0 -10 523.66 159.88 560.78 208.40 -10 -10 -10 -100    0 -1000 -1000 -10
415 30 pedestrian 0 0 -10 581.85 180.34 619.82 220.93 -10 -10 -10 -100    0 -1000 -1000 -10
415 75 pedestrian 0 0 -10 431.08 191.63 524.59 262.16 -10 -10 -10 -100    0 -1000 -1000 -10
415 60 pedestrian 0 0 -10 340.04 176.73 537.86 211.61 -10 -10 -10 -100    0 -1000 -1000 -10
415 87 pedestrian 0 0 -10 313.01 189.29 409.09 249.38 -10 -10 -10 -100    0 -1000 -1000 -10
415 3 pedestrian 0 0 -10 546.51 178.11 609.73 207.34 -10 -10 -10 -100    0 -1000 -1000 -10
415 76 pedestrian 0 0 -10 5.12 195.38 381.20 376.00 -10 -10 -10 -100    0 -1000 -1000 -10
416 91 pedestrian 0 0 -10 480.60 185.05 529.98 223.23 -10 -10 -10 -100    0 -1000 -1000 -10
416 90 pedestrian 0 0 -10 128.70 176.23 178.70 210.47 -10 -10 -10 -100    0 -1000 -1000 -10
416 89 pedestrian 0 0 -10 270.00 186.87 346.06 228.22 -10 -10 -10 -100    0 -1000 -1000 -10
416 84 pedestrian 0 0 -10 391.16 183.38 455.54 227.00 -10 -10 -10 -100    0 -1000 -1000 -10
416 82 pedestrian 0 0 -10 0.00 191.34 213.33 338.15 -10 -10 -10 -100    0 -1000 -1000 -10
416 88 pedestrian 0 0 -10 0.40 191.35 99.57 289.74 -10 -10 -10 -100    0 -1000 -1000 -10
416 80 pedestrian 0 0 -10 58.99 189.86 216.67 263.92 -10 -10 -10 -100    0 -1000 -1000 -10
416 78 pedestrian 0 0 -10 521.76 157.93 559.01 206.57 -10 -10 -10 -100    0 -1000 -1000 -10
416 30 pedestrian 0 0 -10 581.36 178.51 619.28 218.40 -10 -10 -10 -100    0 -1000 -1000 -10
416 75 pedestrian 0 0 -10 423.34 190.33 520.63 264.74 -10 -10 -10 -100    0 -1000 -1000 -10
416 60 pedestrian 0 0 -10 334.42 176.24 531.64 211.82 -10 -10 -10 -100    0 -1000 -1000 -10
416 87 pedestrian 0 0 -10 301.56 188.83 401.27 250.49 -10 -10 -10 -100    0 -1000 -1000 -10
416 3 pedestrian 0 0 -10 545.61 176.28 609.25 204.82 -10 -10 -10 -100    0 -1000 -1000 -10
416 76 pedestrian 0 0 -10 0.00 196.61 357.22 376.00 -10 -10 -10 -100    0 -1000 -1000 -10
417 91 pedestrian 0 0 -10 475.70 181.84 527.69 221.89 -10 -10 -10 -100    0 -1000 -1000 -10
417 89 pedestrian 0 0 -10 256.78 184.50 338.49 227.26 -10 -10 -10 -100    0 -1000 -1000 -10
417 84 pedestrian 0 0 -10 383.03 182.18 452.13 228.00 -10 -10 -10 -100    0 -1000 -1000 -10
417 82 pedestrian 0 0 -10 0.00 194.71 175.98 366.83 -10 -10 -10 -100    0 -1000 -1000 -10
417 80 pedestrian 0 0 -10 17.51 186.59 203.64 272.48 -10 -10 -10 -100    0 -1000 -1000 -10
417 78 pedestrian 0 0 -10 518.69 154.39 557.17 205.25 -10 -10 -10 -100    0 -1000 -1000 -10
417 30 pedestrian 0 0 -10 580.32 176.06 618.07 215.41 -10 -10 -10 -100    0 -1000 -1000 -10
417 75 pedestrian 0 0 -10 412.40 188.22 517.39 266.88 -10 -10 -10 -100    0 -1000 -1000 -10
417 60 pedestrian 0 0 -10 412.28 176.78 530.89 206.38 -10 -10 -10 -100    0 -1000 -1000 -10
417 87 pedestrian 0 0 -10 286.80 185.72 393.46 251.76 -10 -10 -10 -100    0 -1000 -1000 -10
417 3 pedestrian 0 0 -10 545.69 174.55 608.02 202.32 -10 -10 -10 -100    0 -1000 -1000 -10
417 76 pedestrian 0 0 -10 0.00 200.18 330.59 376.00 -10 -10 -10 -100    0 -1000 -1000 -10
418 91 pedestrian 0 0 -10 472.50 182.99 524.18 222.01 -10 -10 -10 -100    0 -1000 -1000 -10
418 89 pedestrian 0 0 -10 241.82 185.65 327.80 230.37 -10 -10 -10 -100    0 -1000 -1000 -10
418 84 pedestrian 0 0 -10 376.31 183.36 446.96 230.14 -10 -10 -10 -100    0 -1000 -1000 -10
418 82 pedestrian 0 0 -10 0.09 195.24 131.50 362.45 -10 -10 -10 -100    0 -1000 -1000 -10
418 80 pedestrian 0 0 -10 0.00 187.67 179.31 275.00 -10 -10 -10 -100    0 -1000 -1000 -10
418 78 pedestrian 0 0 -10 515.16 154.17 555.63 206.01 -10 -10 -10 -100    0 -1000 -1000 -10
418 30 pedestrian 0 0 -10 579.27 175.85 616.45 214.82 -10 -10 -10 -100    0 -1000 -1000 -10
418 75 pedestrian 0 0 -10 400.89 189.11 512.75 272.04 -10 -10 -10 -100    0 -1000 -1000 -10
418 60 pedestrian 0 0 -10 414.02 175.80 527.60 204.77 -10 -10 -10 -100    0 -1000 -1000 -10
418 87 pedestrian 0 0 -10 271.41 186.35 384.88 255.47 -10 -10 -10 -100    0 -1000 -1000 -10
418 3 pedestrian 0 0 -10 545.01 174.85 607.93 202.80 -10 -10 -10 -100    0 -1000 -1000 -10
418 76 pedestrian 0 0 -10 0.00 202.42 296.04 376.00 -10 -10 -10 -100    0 -1000 -1000 -10
419 91 pedestrian 0 0 -10 467.65 183.98 521.21 224.07 -10 -10 -10 -100    0 -1000 -1000 -10
419 89 pedestrian 0 0 -10 225.54 187.00 315.49 233.86 -10 -10 -10 -100    0 -1000 -1000 -10
419 84 pedestrian 0 0 -10 367.85 184.86 439.47 232.88 -10 -10 -10 -100    0 -1000 -1000 -10
419 82 pedestrian 0 0 -10 0.27 201.44 91.64 362.70 -10 -10 -10 -100    0 -1000 -1000 -10
419 80 pedestrian 0 0 -10 0.24 189.37 150.33 280.45 -10 -10 -10 -100    0 -1000 -1000 -10
419 78 pedestrian 0 0 -10 512.79 154.12 554.06 207.45 -10 -10 -10 -100    0 -1000 -1000 -10
419 30 pedestrian 0 0 -10 578.49 176.76 615.38 215.34 -10 -10 -10 -100    0 -1000 -1000 -10
419 75 pedestrian 0 0 -10 388.95 189.92 506.64 278.65 -10 -10 -10 -100    0 -1000 -1000 -10
419 60 pedestrian 0 0 -10 403.86 175.72 524.42 203.72 -10 -10 -10 -100    0 -1000 -1000 -10
419 87 pedestrian 0 0 -10 254.47 188.37 374.65 260.62 -10 -10 -10 -100    0 -1000 -1000 -10
419 3 pedestrian 0 0 -10 543.87 176.01 607.00 203.55 -10 -10 -10 -100    0 -1000 -1000 -10
419 76 pedestrian 0 0 -10 0.00 206.49 250.14 376.00 -10 -10 -10 -100    0 -1000 -1000 -10
420 93 pedestrian 0 0 -10 288.24 180.02 361.16 223.67 -10 -10 -10 -100    0 -1000 -1000 -10
420 91 pedestrian 0 0 -10 461.12 185.37 518.14 226.58 -10 -10 -10 -100    0 -1000 -1000 -10
420 89 pedestrian 0 0 -10 206.76 188.56 300.94 237.43 -10 -10 -10 -100    0 -1000 -1000 -10
420 84 pedestrian 0 0 -10 357.91 186.12 433.66 236.24 -10 -10 -10 -100    0 -1000 -1000 -10
420 80 pedestrian 0 0 -10 0.00 190.18 121.77 284.68 -10 -10 -10 -100    0 -1000 -1000 -10
420 78 pedestrian 0 0 -10 510.49 156.22 550.39 209.67 -10 -10 -10 -100    0 -1000 -1000 -10
420 30 pedestrian 0 0 -10 576.72 177.83 614.23 216.34 -10 -10 -10 -100    0 -1000 -1000 -10
420 75 pedestrian 0 0 -10 374.39 191.53 500.70 286.20 -10 -10 -10 -100    0 -1000 -1000 -10
420 60 pedestrian 0 0 -10 399.16 176.27 522.19 203.32 -10 -10 -10 -100    0 -1000 -1000 -10
420 87 pedestrian 0 0 -10 233.88 189.34 363.13 266.16 -10 -10 -10 -100    0 -1000 -1000 -10
420 3 pedestrian 0 0 -10 541.52 176.79 606.02 205.10 -10 -10 -10 -100    0 -1000 -1000 -10
420 76 pedestrian 0 0 -10 0.00 213.74 194.70 376.00 -10 -10 -10 -100    0 -1000 -1000 -10
421 93 pedestrian 0 0 -10 276.15 180.66 354.04 226.88 -10 -10 -10 -100    0 -1000 -1000 -10
421 91 pedestrian 0 0 -10 456.93 185.79 514.93 229.45 -10 -10 -10 -100    0 -1000 -1000 -10
421 89 pedestrian 0 0 -10 185.97 189.97 288.53 241.82 -10 -10 -10 -100    0 -1000 -1000 -10
421 84 pedestrian 0 0 -10 347.83 186.61 425.11 237.58 -10 -10 -10 -100    0 -1000 -1000 -10
421 80 pedestrian 0 0 -10 0.00 190.12 88.26 290.99 -10 -10 -10 -100    0 -1000 -1000 -10
421 78 pedestrian 0 0 -10 507.35 155.69 549.58 211.09 -10 -10 -10 -100    0 -1000 -1000 -10
421 30 pedestrian 0 0 -10 576.13 178.56 613.00 216.90 -10 -10 -10 -100    0 -1000 -1000 -10
421 75 pedestrian 0 0 -10 357.01 192.12 495.71 295.07 -10 -10 -10 -100    0 -1000 -1000 -10
421 60 pedestrian 0 0 -10 395.21 176.43 518.17 203.79 -10 -10 -10 -100    0 -1000 -1000 -10
421 87 pedestrian 0 0 -10 211.93 190.29 351.31 271.74 -10 -10 -10 -100    0 -1000 -1000 -10
421 3 pedestrian 0 0 -10 539.33 177.06 601.11 205.77 -10 -10 -10 -100    0 -1000 -1000 -10
422 93 pedestrian 0 0 -10 263.60 182.41 344.17 229.48 -10 -10 -10 -100    0 -1000 -1000 -10
422 91 pedestrian 0 0 -10 452.29 186.90 511.95 232.21 -10 -10 -10 -100    0 -1000 -1000 -10
422 89 pedestrian 0 0 -10 163.42 192.44 271.79 246.96 -10 -10 -10 -100    0 -1000 -1000 -10
422 84 pedestrian 0 0 -10 336.99 187.22 416.30 239.31 -10 -10 -10 -100    0 -1000 -1000 -10
422 80 pedestrian 0 0 -10 0.12 191.68 52.34 293.93 -10 -10 -10 -100    0 -1000 -1000 -10
422 78 pedestrian 0 0 -10 504.74 157.33 548.24 213.16 -10 -10 -10 -100    0 -1000 -1000 -10
422 30 pedestrian 0 0 -10 575.26 179.81 611.09 217.75 -10 -10 -10 -100    0 -1000 -1000 -10
422 75 pedestrian 0 0 -10 338.45 194.63 488.69 304.67 -10 -10 -10 -100    0 -1000 -1000 -10
422 60 pedestrian 0 0 -10 378.66 178.85 514.29 209.10 -10 -10 -10 -100    0 -1000 -1000 -10
422 87 pedestrian 0 0 -10 186.52 192.57 337.29 279.21 -10 -10 -10 -100    0 -1000 -1000 -10
422 3 pedestrian 0 0 -10 537.09 178.23 600.05 207.56 -10 -10 -10 -100    0 -1000 -1000 -10
423 93 pedestrian 0 0 -10 248.86 183.05 334.81 232.53 -10 -10 -10 -100    0 -1000 -1000 -10
423 91 pedestrian 0 0 -10 445.58 188.60 508.44 233.53 -10 -10 -10 -100    0 -1000 -1000 -10
423 89 pedestrian 0 0 -10 138.36 193.79 255.25 252.16 -10 -10 -10 -100    0 -1000 -1000 -10
423 84 pedestrian 0 0 -10 326.55 186.97 409.31 241.33 -10 -10 -10 -100    0 -1000 -1000 -10
423 78 pedestrian 0 0 -10 501.57 157.41 546.08 214.69 -10 -10 -10 -100    0 -1000 -1000 -10
423 30 pedestrian 0 0 -10 574.01 180.35 609.81 218.02 -10 -10 -10 -100    0 -1000 -1000 -10
423 75 pedestrian 0 0 -10 315.88 195.87 481.71 315.35 -10 -10 -10 -100    0 -1000 -1000 -10
423 60 pedestrian 0 0 -10 364.69 178.93 509.80 210.99 -10 -10 -10 -100    0 -1000 -1000 -10
423 87 pedestrian 0 0 -10 156.89 193.78 323.05 286.56 -10 -10 -10 -100    0 -1000 -1000 -10
423 3 pedestrian 0 0 -10 535.54 178.14 602.25 208.89 -10 -10 -10 -100    0 -1000 -1000 -10
424 93 pedestrian 0 0 -10 233.28 183.47 324.27 234.70 -10 -10 -10 -100    0 -1000 -1000 -10
424 91 pedestrian 0 0 -10 439.46 188.44 505.30 235.92 -10 -10 -10 -100    0 -1000 -1000 -10
424 89 pedestrian 0 0 -10 111.08 195.00 234.44 256.03 -10 -10 -10 -100    0 -1000 -1000 -10
424 84 pedestrian 0 0 -10 313.11 187.31 408.84 245.18 -10 -10 -10 -100    0 -1000 -1000 -10
424 78 pedestrian 0 0 -10 497.79 156.19 543.74 215.73 -10 -10 -10 -100    0 -1000 -1000 -10
424 30 pedestrian 0 0 -10 573.48 180.86 608.54 218.03 -10 -10 -10 -100    0 -1000 -1000 -10
424 75 pedestrian 0 0 -10 289.89 195.01 473.17 327.94 -10 -10 -10 -100    0 -1000 -1000 -10
424 60 pedestrian 0 0 -10 357.34 179.07 507.27 212.89 -10 -10 -10 -100    0 -1000 -1000 -10
424 87 pedestrian 0 0 -10 123.21 195.56 308.02 295.42 -10 -10 -10 -100    0 -1000 -1000 -10
424 3 pedestrian 0 0 -10 534.29 178.91 600.74 209.81 -10 -10 -10 -100    0 -1000 -1000 -10
425 91 pedestrian 0 0 -10 432.03 188.34 501.59 238.23 -10 -10 -10 -100    0 -1000 -1000 -10
425 89 pedestrian 0 0 -10 79.53 195.96 214.37 259.63 -10 -10 -10 -100    0 -1000 -1000 -10
425 84 pedestrian 0 0 -10 300.14 186.80 401.94 249.00 -10 -10 -10 -100    0 -1000 -1000 -10
425 78 pedestrian 0 0 -10 494.42 155.93 541.15 216.37 -10 -10 -10 -100    0 -1000 -1000 -10
425 93 pedestrian 0 0 -10 215.97 182.98 312.67 238.03 -10 -10 -10 -100    0 -1000 -1000 -10
425 30 pedestrian 0 0 -10 572.86 180.46 607.27 217.48 -10 -10 -10 -100    0 -1000 -1000 -10
425 75 pedestrian 0 0 -10 258.12 198.50 464.10 342.89 -10 -10 -10 -100    0 -1000 -1000 -10
425 60 pedestrian 0 0 -10 397.52 179.82 505.47 215.27 -10 -10 -10 -100    0 -1000 -1000 -10
425 87 pedestrian 0 0 -10 84.00 196.63 290.70 305.17 -10 -10 -10 -100    0 -1000 -1000 -10
425 3 pedestrian 0 0 -10 532.12 178.74 599.40 209.87 -10 -10 -10 -100    0 -1000 -1000 -10
426 91 pedestrian 0 0 -10 424.84 188.01 498.10 239.74 -10 -10 -10 -100    0 -1000 -1000 -10
426 89 pedestrian 0 0 -10 43.58 196.27 196.87 262.70 -10 -10 -10 -100    0 -1000 -1000 -10
426 84 pedestrian 0 0 -10 286.21 187.38 387.33 251.90 -10 -10 -10 -100    0 -1000 -1000 -10
426 78 pedestrian 0 0 -10 490.96 153.93 539.96 216.58 -10 -10 -10 -100    0 -1000 -1000 -10
426 93 pedestrian 0 0 -10 195.85 182.26 302.44 240.70 -10 -10 -10 -100    0 -1000 -1000 -10
426 30 pedestrian 0 0 -10 571.57 179.91 606.10 216.27 -10 -10 -10 -100    0 -1000 -1000 -10
426 75 pedestrian 0 0 -10 219.49 199.31 453.31 359.34 -10 -10 -10 -100    0 -1000 -1000 -10
426 60 pedestrian 0 0 -10 390.37 179.40 502.95 215.51 -10 -10 -10 -100    0 -1000 -1000 -10
426 87 pedestrian 0 0 -10 43.07 198.06 269.25 314.97 -10 -10 -10 -100    0 -1000 -1000 -10
426 3 pedestrian 0 0 -10 530.67 177.18 597.29 210.23 -10 -10 -10 -100    0 -1000 -1000 -10
427 91 pedestrian 0 0 -10 417.87 186.89 494.08 241.41 -10 -10 -10 -100    0 -1000 -1000 -10
427 89 pedestrian 0 0 -10 2.17 196.92 167.58 270.41 -10 -10 -10 -100    0 -1000 -1000 -10
427 84 pedestrian 0 0 -10 261.23 186.32 375.08 256.36 -10 -10 -10 -100    0 -1000 -1000 -10
427 78 pedestrian 0 0 -10 487.84 151.83 537.48 216.68 -10 -10 -10 -100    0 -1000 -1000 -10
427 93 pedestrian 0 0 -10 177.34 181.61 286.50 240.30 -10 -10 -10 -100    0 -1000 -1000 -10
427 30 pedestrian 0 0 -10 570.44 178.58 604.68 215.00 -10 -10 -10 -100    0 -1000 -1000 -10
427 75 pedestrian 0 0 -10 170.21 200.28 441.30 376.00 -10 -10 -10 -100    0 -1000 -1000 -10
427 60 pedestrian 0 0 -10 384.23 177.71 498.76 213.58 -10 -10 -10 -100    0 -1000 -1000 -10
427 87 pedestrian 0 0 -10 1.32 199.23 242.49 327.57 -10 -10 -10 -100    0 -1000 -1000 -10
427 3 pedestrian 0 0 -10 527.46 176.69 596.32 208.98 -10 -10 -10 -100    0 -1000 -1000 -10
428 91 pedestrian 0 0 -10 410.21 187.60 489.99 243.98 -10 -10 -10 -100    0 -1000 -1000 -10
428 89 pedestrian 0 0 -10 0.03 197.15 145.79 277.21 -10 -10 -10 -100    0 -1000 -1000 -10
428 84 pedestrian 0 0 -10 243.66 187.30 361.83 259.68 -10 -10 -10 -100    0 -1000 -1000 -10
428 78 pedestrian 0 0 -10 484.13 151.44 535.77 217.09 -10 -10 -10 -100    0 -1000 -1000 -10
428 93 pedestrian 0 0 -10 154.88 181.74 272.65 244.14 -10 -10 -10 -100    0 -1000 -1000 -10
428 30 pedestrian 0 0 -10 570.41 178.51 604.41 214.61 -10 -10 -10 -100    0 -1000 -1000 -10
428 75 pedestrian 0 0 -10 102.58 202.45 426.85 376.00 -10 -10 -10 -100    0 -1000 -1000 -10
428 60 pedestrian 0 0 -10 378.03 178.52 497.38 213.65 -10 -10 -10 -100    0 -1000 -1000 -10
428 87 pedestrian 0 0 -10 0.01 200.18 211.18 341.81 -10 -10 -10 -100    0 -1000 -1000 -10
428 3 pedestrian 0 0 -10 527.76 176.05 594.74 206.88 -10 -10 -10 -100    0 -1000 -1000 -10
429 91 pedestrian 0 0 -10 402.49 188.35 486.71 246.76 -10 -10 -10 -100    0 -1000 -1000 -10
429 89 pedestrian 0 0 -10 0.50 197.64 117.92 285.14 -10 -10 -10 -100    0 -1000 -1000 -10
429 84 pedestrian 0 0 -10 216.93 188.39 350.39 267.73 -10 -10 -10 -100    0 -1000 -1000 -10
429 78 pedestrian 0 0 -10 480.58 151.42 534.06 219.49 -10 -10 -10 -100    0 -1000 -1000 -10
429 93 pedestrian 0 0 -10 132.01 181.11 258.02 246.58 -10 -10 -10 -100    0 -1000 -1000 -10
429 30 pedestrian 0 0 -10 570.28 178.44 604.67 214.70 -10 -10 -10 -100    0 -1000 -1000 -10
429 75 pedestrian 0 0 -10 16.61 205.99 410.39 376.00 -10 -10 -10 -100    0 -1000 -1000 -10
429 60 pedestrian 0 0 -10 376.30 178.61 497.02 213.35 -10 -10 -10 -100    0 -1000 -1000 -10
429 87 pedestrian 0 0 -10 0.00 202.92 180.30 358.53 -10 -10 -10 -100    0 -1000 -1000 -10
429 3 pedestrian 0 0 -10 527.78 176.24 594.81 207.29 -10 -10 -10 -100    0 -1000 -1000 -10
430 96 pedestrian 0 0 -10 304.26 180.88 370.70 224.68 -10 -10 -10 -100    0 -1000 -1000 -10
430 95 pedestrian 0 0 -10 303.34 188.13 387.02 239.26 -10 -10 -10 -100    0 -1000 -1000 -10
430 91 pedestrian 0 0 -10 393.60 189.07 482.24 249.95 -10 -10 -10 -100    0 -1000 -1000 -10
430 89 pedestrian 0 0 -10 0.40 199.31 99.68 285.95 -10 -10 -10 -100    0 -1000 -1000 -10
430 84 pedestrian 0 0 -10 196.88 189.32 342.60 275.58 -10 -10 -10 -100    0 -1000 -1000 -10
430 78 pedestrian 0 0 -10 477.23 150.49 533.13 220.78 -10 -10 -10 -100    0 -1000 -1000 -10
430 93 pedestrian 0 0 -10 101.74 180.84 240.77 253.53 -10 -10 -10 -100    0 -1000 -1000 -10
430 30 pedestrian 0 0 -10 570.53 178.61 604.95 214.36 -10 -10 -10 -100    0 -1000 -1000 -10
430 75 pedestrian 0 0 -10 0.00 209.71 388.89 376.00 -10 -10 -10 -100    0 -1000 -1000 -10
430 60 pedestrian 0 0 -10 368.61 179.05 491.75 213.19 -10 -10 -10 -100    0 -1000 -1000 -10
430 87 pedestrian 0 0 -10 0.00 202.54 137.58 364.76 -10 -10 -10 -100    0 -1000 -1000 -10
430 3 pedestrian 0 0 -10 527.58 176.33 596.93 206.75 -10 -10 -10 -100    0 -1000 -1000 -10
431 96 pedestrian 0 0 -10 293.36 181.41 365.07 227.38 -10 -10 -10 -100    0 -1000 -1000 -10
431 95 pedestrian 0 0 -10 290.59 188.46 377.42 242.79 -10 -10 -10 -100    0 -1000 -1000 -10
431 91 pedestrian 0 0 -10 384.08 188.63 477.42 253.40 -10 -10 -10 -100    0 -1000 -1000 -10
431 89 pedestrian 0 0 -10 0.53 197.81 70.65 288.65 -10 -10 -10 -100    0 -1000 -1000 -10
431 84 pedestrian 0 0 -10 166.45 190.09 326.69 279.90 -10 -10 -10 -100    0 -1000 -1000 -10
431 78 pedestrian 0 0 -10 474.05 149.43 532.25 221.93 -10 -10 -10 -100    0 -1000 -1000 -10
431 93 pedestrian 0 0 -10 68.93 180.43 220.52 256.84 -10 -10 -10 -100    0 -1000 -1000 -10
431 97 pedestrian 0 0 -10 510.42 182.13 543.18 212.43 -10 -10 -10 -100    0 -1000 -1000 -10
431 30 pedestrian 0 0 -10 570.74 178.44 604.92 214.32 -10 -10 -10 -100    0 -1000 -1000 -10
431 75 pedestrian 0 0 -10 0.45 213.63 363.40 376.00 -10 -10 -10 -100    0 -1000 -1000 -10
431 60 pedestrian 0 0 -10 362.49 179.15 486.36 215.61 -10 -10 -10 -100    0 -1000 -1000 -10
431 87 pedestrian 0 0 -10 0.00 208.24 87.73 363.18 -10 -10 -10 -100    0 -1000 -1000 -10
431 3 pedestrian 0 0 -10 525.99 176.17 596.65 206.32 -10 -10 -10 -100    0 -1000 -1000 -10
432 95 pedestrian 0 0 -10 272.48 188.88 367.52 247.13 -10 -10 -10 -100    0 -1000 -1000 -10
432 91 pedestrian 0 0 -10 370.94 188.31 474.08 257.22 -10 -10 -10 -100    0 -1000 -1000 -10
432 84 pedestrian 0 0 -10 120.63 190.07 309.23 288.10 -10 -10 -10 -100    0 -1000 -1000 -10
432 78 pedestrian 0 0 -10 471.01 148.99 531.49 223.18 -10 -10 -10 -100    0 -1000 -1000 -10
432 93 pedestrian 0 0 -10 37.06 180.79 201.01 261.82 -10 -10 -10 -100    0 -1000 -1000 -10
432 97 pedestrian 0 0 -10 509.78 182.35 542.40 212.35 -10 -10 -10 -100    0 -1000 -1000 -10
432 30 pedestrian 0 0 -10 570.99 178.38 604.92 214.00 -10 -10 -10 -100    0 -1000 -1000 -10
432 75 pedestrian 0 0 -10 0.00 217.23 329.45 376.00 -10 -10 -10 -100    0 -1000 -1000 -10
432 60 pedestrian 0 0 -10 357.64 179.12 482.14 216.76 -10 -10 -10 -100    0 -1000 -1000 -10
432 96 pedestrian 0 0 -10 281.45 180.71 359.83 228.89 -10 -10 -10 -100    0 -1000 -1000 -10
432 3 pedestrian 0 0 -10 526.13 176.48 597.71 206.16 -10 -10 -10 -100    0 -1000 -1000 -10
433 95 pedestrian 0 0 -10 251.70 189.42 356.58 251.10 -10 -10 -10 -100    0 -1000 -1000 -10
433 91 pedestrian 0 0 -10 357.21 188.43 468.42 261.72 -10 -10 -10 -100    0 -1000 -1000 -10
433 84 pedestrian 0 0 -10 83.50 190.80 289.77 298.86 -10 -10 -10 -100    0 -1000 -1000 -10
433 78 pedestrian 0 0 -10 465.43 148.35 528.82 225.03 -10 -10 -10 -100    0 -1000 -1000 -10
433 93 pedestrian 0 0 -10 0.00 181.31 174.75 268.30 -10 -10 -10 -100    0 -1000 -1000 -10
433 97 pedestrian 0 0 -10 509.00 182.41 542.47 212.78 -10 -10 -10 -100    0 -1000 -1000 -10
433 30 pedestrian 0 0 -10 571.05 178.31 604.60 213.81 -10 -10 -10 -100    0 -1000 -1000 -10
433 75 pedestrian 0 0 -10 0.00 225.14 284.08 376.00 -10 -10 -10 -100    0 -1000 -1000 -10
433 60 pedestrian 0 0 -10 353.52 179.37 476.22 216.63 -10 -10 -10 -100    0 -1000 -1000 -10
433 96 pedestrian 0 0 -10 265.28 180.94 352.06 231.76 -10 -10 -10 -100    0 -1000 -1000 -10
433 3 pedestrian 0 0 -10 525.58 176.52 597.00 206.25 -10 -10 -10 -100    0 -1000 -1000 -10
434 91 pedestrian 0 0 -10 343.26 189.01 461.62 266.89 -10 -10 -10 -100    0 -1000 -1000 -10
434 84 pedestrian 0 0 -10 26.13 191.28 262.89 312.40 -10 -10 -10 -100    0 -1000 -1000 -10
434 78 pedestrian 0 0 -10 461.34 146.47 527.65 226.66 -10 -10 -10 -100    0 -1000 -1000 -10
434 93 pedestrian 0 0 -10 0.10 181.98 147.60 276.41 -10 -10 -10 -100    0 -1000 -1000 -10
434 97 pedestrian 0 0 -10 505.14 181.97 540.54 213.49 -10 -10 -10 -100    0 -1000 -1000 -10
434 30 pedestrian 0 0 -10 570.81 178.21 604.26 213.60 -10 -10 -10 -100    0 -1000 -1000 -10
434 75 pedestrian 0 0 -10 0.00 231.68 218.66 376.00 -10 -10 -10 -100    0 -1000 -1000 -10
434 60 pedestrian 0 0 -10 347.10 180.93 469.43 219.52 -10 -10 -10 -100    0 -1000 -1000 -10
434 95 pedestrian 0 0 -10 227.74 189.35 342.42 256.30 -10 -10 -10 -100    0 -1000 -1000 -10
434 96 pedestrian 0 0 -10 257.30 180.71 345.41 234.24 -10 -10 -10 -100    0 -1000 -1000 -10
434 3 pedestrian 0 0 -10 525.38 176.14 596.66 206.38 -10 -10 -10 -100    0 -1000 -1000 -10
435 91 pedestrian 0 0 -10 324.65 189.33 453.60 272.44 -10 -10 -10 -100    0 -1000 -1000 -10
435 84 pedestrian 0 0 -10 0.47 192.33 231.17 328.53 -10 -10 -10 -100    0 -1000 -1000 -10
435 78 pedestrian 0 0 -10 455.35 144.77 524.38 228.36 -10 -10 -10 -100    0 -1000 -1000 -10
435 93 pedestrian 0 0 -10 0.00 182.86 109.59 283.60 -10 -10 -10 -100    0 -1000 -1000 -10
435 97 pedestrian 0 0 -10 502.33 183.66 537.93 214.81 -10 -10 -10 -100    0 -1000 -1000 -10
435 30 pedestrian 0 0 -10 570.23 178.39 603.53 213.56 -10 -10 -10 -100    0 -1000 -1000 -10
435 60 pedestrian 0 0 -10 338.61 181.26 465.41 222.15 -10 -10 -10 -100    0 -1000 -1000 -10
435 95 pedestrian 0 0 -10 202.35 190.28 324.92 262.01 -10 -10 -10 -100    0 -1000 -1000 -10
435 96 pedestrian 0 0 -10 246.63 182.19 338.51 236.04 -10 -10 -10 -100    0 -1000 -1000 -10
435 3 pedestrian 0 0 -10 524.10 176.65 596.13 206.44 -10 -10 -10 -100    0 -1000 -1000 -10
436 91 pedestrian 0 0 -10 301.54 190.91 445.40 280.80 -10 -10 -10 -100    0 -1000 -1000 -10
436 84 pedestrian 0 0 -10 0.09 193.31 196.67 348.49 -10 -10 -10 -100    0 -1000 -1000 -10
436 78 pedestrian 0 0 -10 448.08 143.98 522.16 231.16 -10 -10 -10 -100    0 -1000 -1000 -10
436 93 pedestrian 0 0 -10 0.00 187.25 70.26 288.88 -10 -10 -10 -100    0 -1000 -1000 -10
436 97 pedestrian 0 0 -10 500.94 183.16 536.28 215.53 -10 -10 -10 -100    0 -1000 -1000 -10
436 30 pedestrian 0 0 -10 570.12 178.84 603.31 213.76 -10 -10 -10 -100    0 -1000 -1000 -10
436 60 pedestrian 0 0 -10 333.67 180.45 460.79 224.66 -10 -10 -10 -100    0 -1000 -1000 -10
436 95 pedestrian 0 0 -10 170.45 191.49 307.43 269.04 -10 -10 -10 -100    0 -1000 -1000 -10
436 96 pedestrian 0 0 -10 232.21 182.26 329.77 237.89 -10 -10 -10 -100    0 -1000 -1000 -10
436 3 pedestrian 0 0 -10 522.66 176.42 595.44 206.72 -10 -10 -10 -100    0 -1000 -1000 -10
437 91 pedestrian 0 0 -10 275.42 192.01 435.73 289.85 -10 -10 -10 -100    0 -1000 -1000 -10
437 84 pedestrian 0 0 -10 0.00 195.11 151.75 356.03 -10 -10 -10 -100    0 -1000 -1000 -10
437 78 pedestrian 0 0 -10 441.65 141.49 518.64 233.14 -10 -10 -10 -100    0 -1000 -1000 -10
437 97 pedestrian 0 0 -10 498.11 183.78 534.41 216.72 -10 -10 -10 -100    0 -1000 -1000 -10
437 30 pedestrian 0 0 -10 570.03 178.55 602.89 213.31 -10 -10 -10 -100    0 -1000 -1000 -10
437 60 pedestrian 0 0 -10 327.44 179.33 452.77 224.89 -10 -10 -10 -100    0 -1000 -1000 -10
437 95 pedestrian 0 0 -10 133.24 192.85 287.30 276.89 -10 -10 -10 -100    0 -1000 -1000 -10
437 96 pedestrian 0 0 -10 220.65 182.41 320.48 240.28 -10 -10 -10 -100    0 -1000 -1000 -10
437 3 pedestrian 0 0 -10 521.00 176.26 594.27 206.96 -10 -10 -10 -100    0 -1000 -1000 -10
438 91 pedestrian 0 0 -10 246.40 192.85 425.84 299.59 -10 -10 -10 -100    0 -1000 -1000 -10
438 84 pedestrian 0 0 -10 0.00 195.00 93.92 359.24 -10 -10 -10 -100    0 -1000 -1000 -10
438 78 pedestrian 0 0 -10 435.30 138.71 517.45 235.44 -10 -10 -10 -100    0 -1000 -1000 -10
438 97 pedestrian 0 0 -10 496.88 182.75 534.38 216.15 -10 -10 -10 -100    0 -1000 -1000 -10
438 30 pedestrian 0 0 -10 570.04 177.73 602.73 212.47 -10 -10 -10 -100    0 -1000 -1000 -10
438 60 pedestrian 0 0 -10 320.93 177.37 446.06 223.57 -10 -10 -10 -100    0 -1000 -1000 -10
438 95 pedestrian 0 0 -10 87.71 192.86 264.15 285.55 -10 -10 -10 -100    0 -1000 -1000 -10
438 96 pedestrian 0 0 -10 203.66 181.60 311.27 242.09 -10 -10 -10 -100    0 -1000 -1000 -10
438 3 pedestrian 0 0 -10 519.78 175.41 594.43 205.74 -10 -10 -10 -100    0 -1000 -1000 -10
439 91 pedestrian 0 0 -10 211.10 195.28 413.19 311.84 -10 -10 -10 -100    0 -1000 -1000 -10
439 98 pedestrian 0 0 -10 365.45 182.73 433.13 228.17 -10 -10 -10 -100    0 -1000 -1000 -10
439 78 pedestrian 0 0 -10 427.90 137.29 514.31 238.77 -10 -10 -10 -100    0 -1000 -1000 -10
439 97 pedestrian 0 0 -10 494.91 183.95 532.38 217.39 -10 -10 -10 -100    0 -1000 -1000 -10
439 30 pedestrian 0 0 -10 570.26 177.96 602.50 212.59 -10 -10 -10 -100    0 -1000 -1000 -10
439 60 pedestrian 0 0 -10 313.91 176.41 440.05 225.84 -10 -10 -10 -100    0 -1000 -1000 -10
439 95 pedestrian 0 0 -10 33.10 194.06 237.38 297.85 -10 -10 -10 -100    0 -1000 -1000 -10
439 96 pedestrian 0 0 -10 184.48 181.56 297.77 245.11 -10 -10 -10 -100    0 -1000 -1000 -10
439 3 pedestrian 0 0 -10 518.72 175.74 592.56 206.47 -10 -10 -10 -100    0 -1000 -1000 -10
440 91 pedestrian 0 0 -10 166.18 196.03 400.35 328.53 -10 -10 -10 -100    0 -1000 -1000 -10
440 98 pedestrian 0 0 -10 353.71 183.07 426.30 232.39 -10 -10 -10 -100    0 -1000 -1000 -10
440 78 pedestrian 0 0 -10 419.84 135.84 510.84 242.10 -10 -10 -10 -100    0 -1000 -1000 -10
440 97 pedestrian 0 0 -10 490.89 184.28 531.12 219.40 -10 -10 -10 -100    0 -1000 -1000 -10
440 30 pedestrian 0 0 -10 570.01 178.39 602.38 213.10 -10 -10 -10 -100    0 -1000 -1000 -10
440 60 pedestrian 0 0 -10 303.33 175.15 383.54 221.48 -10 -10 -10 -100    0 -1000 -1000 -10
440 95 pedestrian 0 0 -10 0.00 196.89 203.05 312.87 -10 -10 -10 -100    0 -1000 -1000 -10
440 96 pedestrian 0 0 -10 167.45 182.29 285.46 248.57 -10 -10 -10 -100    0 -1000 -1000 -10
440 3 pedestrian 0 0 -10 516.09 175.83 593.11 206.36 -10 -10 -10 -100    0 -1000 -1000 -10
441 91 pedestrian 0 0 -10 109.01 197.80 382.24 349.67 -10 -10 -10 -100    0 -1000 -1000 -10
441 98 pedestrian 0 0 -10 339.72 184.16 419.00 235.14 -10 -10 -10 -100    0 -1000 -1000 -10
441 78 pedestrian 0 0 -10 407.92 134.30 508.39 246.14 -10 -10 -10 -100    0 -1000 -1000 -10
441 99 pedestrian 0 0 -10 264.79 183.99 372.38 254.04 -10 -10 -10 -100    0 -1000 -1000 -10
441 97 pedestrian 0 0 -10 488.74 185.30 531.28 220.69 -10 -10 -10 -100    0 -1000 -1000 -10
441 30 pedestrian 0 0 -10 570.64 179.53 602.44 213.62 -10 -10 -10 -100    0 -1000 -1000 -10
441 60 pedestrian 0 0 -10 300.03 176.76 374.44 221.06 -10 -10 -10 -100    0 -1000 -1000 -10
441 95 pedestrian 0 0 -10 0.00 198.75 159.56 332.64 -10 -10 -10 -100    0 -1000 -1000 -10
441 96 pedestrian 0 0 -10 147.58 182.22 273.77 253.46 -10 -10 -10 -100    0 -1000 -1000 -10
441 3 pedestrian 0 0 -10 514.10 176.45 593.17 207.08 -10 -10 -10 -100    0 -1000 -1000 -10
442 91 pedestrian 0 0 -10 31.13 198.71 361.12 376.00 -10 -10 -10 -100    0 -1000 -1000 -10
442 98 pedestrian 0 0 -10 327.96 184.13 412.44 238.94 -10 -10 -10 -100    0 -1000 -1000 -10
442 78 pedestrian 0 0 -10 396.54 132.42 504.93 251.25 -10 -10 -10 -100    0 -1000 -1000 -10
442 99 pedestrian 0 0 -10 240.37 185.64 360.69 261.16 -10 -10 -10 -100    0 -1000 -1000 -10
442 97 pedestrian 0 0 -10 484.97 185.57 528.11 222.55 -10 -10 -10 -100    0 -1000 -1000 -10
442 30 pedestrian 0 0 -10 570.76 179.96 602.64 214.12 -10 -10 -10 -100    0 -1000 -1000 -10
442 60 pedestrian 0 0 -10 286.08 176.10 367.89 224.87 -10 -10 -10 -100    0 -1000 -1000 -10
442 95 pedestrian 0 0 -10 0.00 200.75 109.03 342.10 -10 -10 -10 -100    0 -1000 -1000 -10
442 96 pedestrian 0 0 -10 124.69 183.71 262.92 256.96 -10 -10 -10 -100    0 -1000 -1000 -10
442 3 pedestrian 0 0 -10 512.69 176.94 596.60 207.68 -10 -10 -10 -100    0 -1000 -1000 -10
443 91 pedestrian 0 0 -10 0.12 202.50 338.49 376.00 -10 -10 -10 -100    0 -1000 -1000 -10
443 98 pedestrian 0 0 -10 309.49 185.48 400.95 242.85 -10 -10 -10 -100    0 -1000 -1000 -10
443 101 pedestrian 0 0 -10 504.33 185.02 537.06 213.20 -10 -10 -10 -100    0 -1000 -1000 -10
443 78 pedestrian 0 0 -10 386.37 129.89 499.32 256.70 -10 -10 -10 -100    0 -1000 -1000 -10
443 99 pedestrian 0 0 -10 215.21 186.23 343.48 267.77 -10 -10 -10 -100    0 -1000 -1000 -10
443 97 pedestrian 0 0 -10 482.57 185.95 526.39 224.93 -10 -10 -10 -100    0 -1000 -1000 -10
443 30 pedestrian 0 0 -10 570.88 179.97 602.69 214.46 -10 -10 -10 -100    0 -1000 -1000 -10
443 60 pedestrian 0 0 -10 264.48 177.09 358.79 225.93 -10 -10 -10 -100    0 -1000 -1000 -10
443 96 pedestrian 0 0 -10 97.07 183.46 249.68 263.66 -10 -10 -10 -100    0 -1000 -1000 -10
443 3 pedestrian 0 0 -10 510.80 177.17 598.13 208.07 -10 -10 -10 -100    0 -1000 -1000 -10
444 91 pedestrian 0 0 -10 0.00 205.70 306.98 376.00 -10 -10 -10 -100    0 -1000 -1000 -10
444 98 pedestrian 0 0 -10 293.53 185.44 392.68 247.22 -10 -10 -10 -100    0 -1000 -1000 -10
444 101 pedestrian 0 0 -10 500.47 185.86 535.54 214.33 -10 -10 -10 -100    0 -1000 -1000 -10
444 78 pedestrian 0 0 -10 369.61 126.44 496.46 261.72 -10 -10 -10 -100    0 -1000 -1000 -10
444 99 pedestrian 0 0 -10 177.36 186.37 326.34 273.67 -10 -10 -10 -100    0 -1000 -1000 -10
444 97 pedestrian 0 0 -10 478.84 186.46 525.16 225.83 -10 -10 -10 -100    0 -1000 -1000 -10
444 30 pedestrian 0 0 -10 571.23 179.95 602.78 214.19 -10 -10 -10 -100    0 -1000 -1000 -10
444 60 pedestrian 0 0 -10 263.19 179.84 342.25 227.09 -10 -10 -10 -100    0 -1000 -1000 -10
444 96 pedestrian 0 0 -10 64.86 182.80 224.89 266.56 -10 -10 -10 -100    0 -1000 -1000 -10
444 3 pedestrian 0 0 -10 509.42 176.85 599.20 207.53 -10 -10 -10 -100    0 -1000 -1000 -10
445 91 pedestrian 0 0 -10 0.41 210.57 263.37 376.00 -10 -10 -10 -100    0 -1000 -1000 -10
445 98 pedestrian 0 0 -10 272.78 185.45 385.68 251.09 -10 -10 -10 -100    0 -1000 -1000 -10
445 101 pedestrian 0 0 -10 499.05 184.19 535.18 213.83 -10 -10 -10 -100    0 -1000 -1000 -10
445 78 pedestrian 0 0 -10 353.37 121.04 490.89 267.18 -10 -10 -10 -100    0 -1000 -1000 -10
445 99 pedestrian 0 0 -10 138.69 186.02 306.05 280.81 -10 -10 -10 -100    0 -1000 -1000 -10
445 97 pedestrian 0 0 -10 472.90 185.47 522.99 227.07 -10 -10 -10 -100    0 -1000 -1000 -10
445 30 pedestrian 0 0 -10 571.35 179.10 603.14 213.50 -10 -10 -10 -100    0 -1000 -1000 -10
445 60 pedestrian 0 0 -10 250.85 179.15 330.40 226.50 -10 -10 -10 -100    0 -1000 -1000 -10
445 96 pedestrian 0 0 -10 29.01 182.95 207.97 277.51 -10 -10 -10 -100    0 -1000 -1000 -10
445 3 pedestrian 0 0 -10 511.08 176.31 600.83 207.00 -10 -10 -10 -100    0 -1000 -1000 -10
446 91 pedestrian 0 0 -10 0.00 214.54 212.37 376.00 -10 -10 -10 -100    0 -1000 -1000 -10
446 98 pedestrian 0 0 -10 245.63 186.67 366.36 256.90 -10 -10 -10 -100    0 -1000 -1000 -10
446 101 pedestrian 0 0 -10 496.96 184.83 533.17 215.12 -10 -10 -10 -100    0 -1000 -1000 -10
446 78 pedestrian 0 0 -10 332.25 113.36 484.65 274.61 -10 -10 -10 -100    0 -1000 -1000 -10
446 99 pedestrian 0 0 -10 84.65 186.92 282.84 296.47 -10 -10 -10 -100    0 -1000 -1000 -10
446 97 pedestrian 0 0 -10 469.55 184.96 520.52 228.85 -10 -10 -10 -100    0 -1000 -1000 -10
446 30 pedestrian 0 0 -10 571.88 178.50 603.39 213.22 -10 -10 -10 -100    0 -1000 -1000 -10
446 60 pedestrian 0 0 -10 233.78 180.09 315.76 229.54 -10 -10 -10 -100    0 -1000 -1000 -10
446 96 pedestrian 0 0 -10 0.40 184.78 189.17 279.86 -10 -10 -10 -100    0 -1000 -1000 -10
446 3 pedestrian 0 0 -10 511.42 175.71 601.54 207.12 -10 -10 -10 -100    0 -1000 -1000 -10
447 91 pedestrian 0 0 -10 0.00 222.01 140.81 376.00 -10 -10 -10 -100    0 -1000 -1000 -10
447 98 pedestrian 0 0 -10 213.16 186.26 353.16 263.98 -10 -10 -10 -100    0 -1000 -1000 -10
447 101 pedestrian 0 0 -10 495.60 185.55 531.92 216.43 -10 -10 -10 -100    0 -1000 -1000 -10
447 78 pedestrian 0 0 -10 307.37 107.98 478.90 284.61 -10 -10 -10 -100    0 -1000 -1000 -10
447 99 pedestrian 0 0 -10 19.04 187.43 253.41 311.28 -10 -10 -10 -100    0 -1000 -1000 -10
447 97 pedestrian 0 0 -10 463.94 185.16 518.01 231.55 -10 -10 -10 -100    0 -1000 -1000 -10
447 30 pedestrian 0 0 -10 572.30 179.13 603.64 213.35 -10 -10 -10 -100    0 -1000 -1000 -10
447 60 pedestrian 0 0 -10 214.29 180.25 301.40 232.78 -10 -10 -10 -100    0 -1000 -1000 -10
447 96 pedestrian 0 0 -10 0.10 185.32 159.54 288.67 -10 -10 -10 -100    0 -1000 -1000 -10
447 3 pedestrian 0 0 -10 514.49 175.81 601.70 207.58 -10 -10 -10 -100    0 -1000 -1000 -10
448 98 pedestrian 0 0 -10 180.32 185.67 338.49 272.89 -10 -10 -10 -100    0 -1000 -1000 -10
448 101 pedestrian 0 0 -10 491.10 185.20 530.60 219.18 -10 -10 -10 -100    0 -1000 -1000 -10
448 78 pedestrian 0 0 -10 274.53 101.21 469.84 297.81 -10 -10 -10 -100    0 -1000 -1000 -10
448 99 pedestrian 0 0 -10 0.00 188.66 218.94 331.86 -10 -10 -10 -100    0 -1000 -1000 -10
448 97 pedestrian 0 0 -10 459.08 185.38 514.80 234.33 -10 -10 -10 -100    0 -1000 -1000 -10
448 30 pedestrian 0 0 -10 573.16 179.38 604.62 213.33 -10 -10 -10 -100    0 -1000 -1000 -10
448 60 pedestrian 0 0 -10 194.90 181.25 283.58 236.35 -10 -10 -10 -100    0 -1000 -1000 -10
448 96 pedestrian 0 0 -10 0.00 187.54 133.82 299.82 -10 -10 -10 -100    0 -1000 -1000 -10
448 3 pedestrian 0 0 -10 513.58 178.40 602.39 208.18 -10 -10 -10 -100    0 -1000 -1000 -10
449 98 pedestrian 0 0 -10 140.60 187.96 312.24 282.31 -10 -10 -10 -100    0 -1000 -1000 -10
449 101 pedestrian 0 0 -10 487.50 184.13 529.70 219.64 -10 -10 -10 -100    0 -1000 -1000 -10
449 78 pedestrian 0 0 -10 235.71 94.13 460.20 311.52 -10 -10 -10 -100    0 -1000 -1000 -10
449 99 pedestrian 0 0 -10 0.00 190.17 175.16 354.31 -10 -10 -10 -100    0 -1000 -1000 -10
449 97 pedestrian 0 0 -10 451.71 186.44 512.74 236.92 -10 -10 -10 -100    0 -1000 -1000 -10
449 30 pedestrian 0 0 -10 573.37 179.13 605.26 213.45 -10 -10 -10 -100    0 -1000 -1000 -10
449 60 pedestrian 0 0 -10 177.09 181.72 272.93 244.91 -10 -10 -10 -100    0 -1000 -1000 -10
449 96 pedestrian 0 0 -10 0.00 179.39 85.05 298.86 -10 -10 -10 -100    0 -1000 -1000 -10
449 3 pedestrian 0 0 -10 520.68 178.77 602.54 207.69 -10 -10 -10 -100    0 -1000 -1000 -10
450 98 pedestrian 0 0 -10 88.32 189.88 284.42 294.64 -10 -10 -10 -100    0 -1000 -1000 -10
450 101 pedestrian 0 0 -10 484.64 184.21 527.69 220.48 -10 -10 -10 -100    0 -1000 -1000 -10
450 78 pedestrian 0 0 -10 189.44 82.03 450.97 328.96 -10 -10 -10 -100    0 -1000 -1000 -10
450 99 pedestrian 0 0 -10 0.00 193.19 118.76 357.51 -10 -10 -10 -100    0 -1000 -1000 -10
450 97 pedestrian 0 0 -10 443.59 187.45 509.58 241.43 -10 -10 -10 -100    0 -1000 -1000 -10
450 30 pedestrian 0 0 -10 573.44 179.12 605.88 213.56 -10 -10 -10 -100    0 -1000 -1000 -10
450 60 pedestrian 0 0 -10 151.61 182.73 245.13 244.39 -10 -10 -10 -100    0 -1000 -1000 -10
450 96 pedestrian 0 0 -10 0.37 190.33 77.45 303.53 -10 -10 -10 -100    0 -1000 -1000 -10
450 3 pedestrian 0 0 -10 548.11 178.14 603.38 203.17 -10 -10 -10 -100    0 -1000 -1000 -10
451 98 pedestrian 0 0 -10 25.67 191.61 258.08 309.50 -10 -10 -10 -100    0 -1000 -1000 -10
451 101 pedestrian 0 0 -10 483.21 184.92 527.06 221.55 -10 -10 -10 -100    0 -1000 -1000 -10
451 78 pedestrian 0 0 -10 124.63 66.09 437.60 356.98 -10 -10 -10 -100    0 -1000 -1000 -10
451 97 pedestrian 0 0 -10 434.40 188.48 505.30 245.21 -10 -10 -10 -100    0 -1000 -1000 -10
451 30 pedestrian 0 0 -10 574.27 179.90 606.58 214.36 -10 -10 -10 -100    0 -1000 -1000 -10
451 3 pedestrian 0 0 -10 547.26 179.19 600.01 202.46 -10 -10 -10 -100    0 -1000 -1000 -10
452 103 pedestrian 0 0 -10 408.08 181.94 549.44 211.67 -10 -10 -10 -100    0 -1000 -1000 -10
452 98 pedestrian 0 0 -10 0.00 192.14 211.18 328.10 -10 -10 -10 -100    0 -1000 -1000 -10
452 102 pedestrian 0 0 -10 413.13 209.11 473.44 255.89 -10 -10 -10 -100    0 -1000 -1000 -10
452 101 pedestrian 0 0 -10 479.11 184.84 525.65 222.11 -10 -10 -10 -100    0 -1000 -1000 -10
452 78 pedestrian 0 0 -10 36.00 46.74 421.49 376.00 -10 -10 -10 -100    0 -1000 -1000 -10
452 97 pedestrian 0 0 -10 426.36 188.55 501.70 249.02 -10 -10 -10 -100    0 -1000 -1000 -10
452 30 pedestrian 0 0 -10 574.55 180.02 607.26 214.51 -10 -10 -10 -100    0 -1000 -1000 -10
452 3 pedestrian 0 0 -10 548.87 179.53 601.37 201.61 -10 -10 -10 -100    0 -1000 -1000 -10
453 103 pedestrian 0 0 -10 392.73 183.23 548.31 212.97 -10 -10 -10 -100    0 -1000 -1000 -10
453 98 pedestrian 0 0 -10 0.17 198.07 153.23 357.76 -10 -10 -10 -100    0 -1000 -1000 -10
453 102 pedestrian 0 0 -10 401.67 212.27 466.03 260.99 -10 -10 -10 -100    0 -1000 -1000 -10
453 101 pedestrian 0 0 -10 473.87 184.71 523.77 223.70 -10 -10 -10 -100    0 -1000 -1000 -10
453 78 pedestrian 0 0 -10 0.00 17.43 401.72 376.00 -10 -10 -10 -100    0 -1000 -1000 -10
453 97 pedestrian 0 0 -10 415.62 188.65 498.23 252.59 -10 -10 -10 -100    0 -1000 -1000 -10
453 30 pedestrian 0 0 -10 575.23 179.70 608.00 214.34 -10 -10 -10 -100    0 -1000 -1000 -10
453 3 pedestrian 0 0 -10 551.25 179.33 602.27 200.50 -10 -10 -10 -100    0 -1000 -1000 -10
453 104 pedestrian 0 0 -10 536.17 171.75 556.79 197.48 -10 -10 -10 -100    0 -1000 -1000 -10
454 103 pedestrian 0 0 -10 378.58 182.71 549.05 214.17 -10 -10 -10 -100    0 -1000 -1000 -10
454 102 pedestrian 0 0 -10 385.91 213.06 456.31 268.32 -10 -10 -10 -100    0 -1000 -1000 -10
454 101 pedestrian 0 0 -10 469.92 184.89 521.99 225.26 -10 -10 -10 -100    0 -1000 -1000 -10
454 100 pedestrian 0 0 -10 356.92 189.57 421.67 229.43 -10 -10 -10 -100    0 -1000 -1000 -10
454 78 pedestrian 0 0 -10 0.00 0.00 376.64 376.00 -10 -10 -10 -100    0 -1000 -1000 -10
454 97 pedestrian 0 0 -10 400.83 188.60 493.84 256.83 -10 -10 -10 -100    0 -1000 -1000 -10
454 30 pedestrian 0 0 -10 575.66 178.96 608.66 213.92 -10 -10 -10 -100    0 -1000 -1000 -10
454 3 pedestrian 0 0 -10 551.02 178.79 602.68 200.36 -10 -10 -10 -100    0 -1000 -1000 -10
454 104 pedestrian 0 0 -10 536.40 171.12 558.10 197.38 -10 -10 -10 -100    0 -1000 -1000 -10
455 103 pedestrian 0 0 -10 377.14 181.66 550.37 214.62 -10 -10 -10 -100    0 -1000 -1000 -10
455 102 pedestrian 0 0 -10 367.37 214.62 444.98 275.68 -10 -10 -10 -100    0 -1000 -1000 -10
455 101 pedestrian 0 0 -10 466.08 184.36 520.40 227.02 -10 -10 -10 -100    0 -1000 -1000 -10
455 100 pedestrian 0 0 -10 347.70 189.44 417.11 229.83 -10 -10 -10 -100    0 -1000 -1000 -10
455 78 pedestrian 0 0 -10 0.00 0.00 345.26 376.00 -10 -10 -10 -100    0 -1000 -1000 -10
455 97 pedestrian 0 0 -10 391.65 188.22 488.19 261.87 -10 -10 -10 -100    0 -1000 -1000 -10
455 30 pedestrian 0 0 -10 576.31 177.33 609.48 213.00 -10 -10 -10 -100    0 -1000 -1000 -10
455 3 pedestrian 0 0 -10 550.90 177.53 603.09 199.13 -10 -10 -10 -100    0 -1000 -1000 -10
455 104 pedestrian 0 0 -10 536.77 169.51 559.27 197.10 -10 -10 -10 -100    0 -1000 -1000 -10
456 103 pedestrian 0 0 -10 373.10 180.89 547.89 214.23 -10 -10 -10 -100    0 -1000 -1000 -10
456 102 pedestrian 0 0 -10 344.13 218.74 432.10 285.12 -10 -10 -10 -100    0 -1000 -1000 -10
456 101 pedestrian 0 0 -10 460.42 183.74 517.47 229.55 -10 -10 -10 -100    0 -1000 -1000 -10
456 100 pedestrian 0 0 -10 332.84 189.69 407.51 233.55 -10 -10 -10 -100    0 -1000 -1000 -10
456 78 pedestrian 0 0 -10 0.15 0.00 302.53 376.00 -10 -10 -10 -100    0 -1000 -1000 -10
456 97 pedestrian 0 0 -10 375.95 189.33 481.70 268.00 -10 -10 -10 -100    0 -1000 -1000 -10
456 30 pedestrian 0 0 -10 577.32 176.28 610.53 211.86 -10 -10 -10 -100    0 -1000 -1000 -10
456 3 pedestrian 0 0 -10 548.94 177.03 603.80 199.08 -10 -10 -10 -100    0 -1000 -1000 -10
456 104 pedestrian 0 0 -10 536.04 167.52 559.00 197.74 -10 -10 -10 -100    0 -1000 -1000 -10
457 103 pedestrian 0 0 -10 379.35 178.56 546.21 213.05 -10 -10 -10 -100    0 -1000 -1000 -10
457 102 pedestrian 0 0 -10 316.84 225.07 416.14 296.09 -10 -10 -10 -100    0 -1000 -1000 -10
457 101 pedestrian 0 0 -10 456.16 184.59 514.30 231.76 -10 -10 -10 -100    0 -1000 -1000 -10
457 100 pedestrian 0 0 -10 319.10 189.85 402.20 235.41 -10 -10 -10 -100    0 -1000 -1000 -10
457 78 pedestrian 0 0 -10 0.00 0.00 243.81 376.00 -10 -10 -10 -100    0 -1000 -1000 -10
457 97 pedestrian 0 0 -10 353.14 189.93 474.74 277.87 -10 -10 -10 -100    0 -1000 -1000 -10
457 30 pedestrian 0 0 -10 577.56 176.41 611.01 212.53 -10 -10 -10 -100    0 -1000 -1000 -10
457 3 pedestrian 0 0 -10 549.08 177.15 604.71 200.03 -10 -10 -10 -100    0 -1000 -1000 -10
457 104 pedestrian 0 0 -10 535.07 167.75 558.31 198.70 -10 -10 -10 -100    0 -1000 -1000 -10
458 107 pedestrian 0 0 -10 123.80 181.78 303.26 282.28 -10 -10 -10 -100    0 -1000 -1000 -10
458 106 pedestrian 0 0 -10 279.43 170.82 363.25 227.01 -10 -10 -10 -100    0 -1000 -1000 -10
458 103 pedestrian 0 0 -10 373.57 177.59 543.71 214.61 -10 -10 -10 -100    0 -1000 -1000 -10
458 102 pedestrian 0 0 -10 284.08 230.32 397.81 311.26 -10 -10 -10 -100    0 -1000 -1000 -10
458 101 pedestrian 0 0 -10 447.85 184.25 510.54 235.52 -10 -10 -10 -100    0 -1000 -1000 -10
458 100 pedestrian 0 0 -10 302.19 190.94 393.72 239.45 -10 -10 -10 -100    0 -1000 -1000 -10
458 78 pedestrian 0 0 -10 0.00 0.00 165.83 376.00 -10 -10 -10 -100    0 -1000 -1000 -10
458 97 pedestrian 0 0 -10 332.35 189.90 465.04 285.76 -10 -10 -10 -100    0 -1000 -1000 -10
458 30 pedestrian 0 0 -10 577.54 177.55 611.35 213.78 -10 -10 -10 -100    0 -1000 -1000 -10
458 3 pedestrian 0 0 -10 550.17 177.25 603.85 199.55 -10 -10 -10 -100    0 -1000 -1000 -10
458 104 pedestrian 0 0 -10 533.21 170.17 557.28 200.53 -10 -10 -10 -100    0 -1000 -1000 -10
459 108 pedestrian 0 0 -10 480.31 184.31 525.90 221.21 -10 -10 -10 -100    0 -1000 -1000 -10
459 107 pedestrian 0 0 -10 67.02 182.38 277.15 296.13 -10 -10 -10 -100    0 -1000 -1000 -10
459 106 pedestrian 0 0 -10 264.99 171.39 353.98 232.98 -10 -10 -10 -100    0 -1000 -1000 -10
459 103 pedestrian 0 0 -10 367.88 177.80 538.12 216.36 -10 -10 -10 -100    0 -1000 -1000 -10
459 102 pedestrian 0 0 -10 241.18 235.97 372.90 329.02 -10 -10 -10 -100    0 -1000 -1000 -10
459 101 pedestrian 0 0 -10 437.66 184.64 506.78 239.30 -10 -10 -10 -100    0 -1000 -1000 -10
459 100 pedestrian 0 0 -10 285.09 193.25 383.33 244.45 -10 -10 -10 -100    0 -1000 -1000 -10
459 97 pedestrian 0 0 -10 300.82 189.98 453.86 298.01 -10 -10 -10 -100    0 -1000 -1000 -10
459 30 pedestrian 0 0 -10 577.48 178.59 611.40 214.29 -10 -10 -10 -100    0 -1000 -1000 -10
459 3 pedestrian 0 0 -10 550.05 179.00 603.97 201.26 -10 -10 -10 -100    0 -1000 -1000 -10
459 104 pedestrian 0 0 -10 532.43 169.40 557.08 202.29 -10 -10 -10 -100    0 -1000 -1000 -10
460 108 pedestrian 0 0 -10 475.70 185.61 521.49 221.69 -10 -10 -10 -100    0 -1000 -1000 -10
460 107 pedestrian 0 0 -10 0.24 182.54 244.63 311.39 -10 -10 -10 -100    0 -1000 -1000 -10
460 106 pedestrian 0 0 -10 247.58 170.66 343.57 234.31 -10 -10 -10 -100    0 -1000 -1000 -10
460 103 pedestrian 0 0 -10 359.95 176.26 532.40 216.50 -10 -10 -10 -100    0 -1000 -1000 -10
460 102 pedestrian 0 0 -10 182.93 240.15 341.71 352.18 -10 -10 -10 -100    0 -1000 -1000 -10
460 101 pedestrian 0 0 -10 429.00 185.69 501.84 242.74 -10 -10 -10 -100    0 -1000 -1000 -10
460 100 pedestrian 0 0 -10 263.51 193.06 367.34 248.74 -10 -10 -10 -100    0 -1000 -1000 -10
460 97 pedestrian 0 0 -10 265.86 190.28 440.22 312.21 -10 -10 -10 -100    0 -1000 -1000 -10
460 30 pedestrian 0 0 -10 577.28 178.01 611.09 214.08 -10 -10 -10 -100    0 -1000 -1000 -10
460 3 pedestrian 0 0 -10 551.28 178.79 603.55 201.52 -10 -10 -10 -100    0 -1000 -1000 -10
460 104 pedestrian 0 0 -10 531.72 168.35 556.60 202.28 -10 -10 -10 -100    0 -1000 -1000 -10
461 109 pedestrian 0 0 -10 366.97 179.41 429.69 229.24 -10 -10 -10 -100    0 -1000 -1000 -10
461 108 pedestrian 0 0 -10 469.42 184.90 519.25 223.05 -10 -10 -10 -100    0 -1000 -1000 -10
461 107 pedestrian 0 0 -10 0.03 182.91 204.94 327.22 -10 -10 -10 -100    0 -1000 -1000 -10
461 106 pedestrian 0 0 -10 228.90 169.15 328.96 234.96 -10 -10 -10 -100    0 -1000 -1000 -10
461 103 pedestrian 0 0 -10 353.19 177.10 530.42 212.34 -10 -10 -10 -100    0 -1000 -1000 -10
461 102 pedestrian 0 0 -10 99.86 251.31 300.07 376.00 -10 -10 -10 -100    0 -1000 -1000 -10
461 101 pedestrian 0 0 -10 418.64 185.83 496.81 247.00 -10 -10 -10 -100    0 -1000 -1000 -10
461 100 pedestrian 0 0 -10 228.97 195.32 351.72 257.72 -10 -10 -10 -100    0 -1000 -1000 -10
461 97 pedestrian 0 0 -10 217.31 192.18 425.44 332.64 -10 -10 -10 -100    0 -1000 -1000 -10
461 30 pedestrian 0 0 -10 576.68 177.21 610.74 213.78 -10 -10 -10 -100    0 -1000 -1000 -10
461 3 pedestrian 0 0 -10 551.02 178.06 602.89 201.99 -10 -10 -10 -100    0 -1000 -1000 -10
461 104 pedestrian 0 0 -10 529.69 168.15 555.64 202.90 -10 -10 -10 -100    0 -1000 -1000 -10
462 108 pedestrian 0 0 -10 463.28 183.51 515.77 225.61 -10 -10 -10 -100    0 -1000 -1000 -10
462 107 pedestrian 0 0 -10 0.00 181.86 160.15 334.21 -10 -10 -10 -100    0 -1000 -1000 -10
462 106 pedestrian 0 0 -10 209.60 167.60 317.55 236.93 -10 -10 -10 -100    0 -1000 -1000 -10
462 109 pedestrian 0 0 -10 357.37 179.21 427.60 229.03 -10 -10 -10 -100    0 -1000 -1000 -10
462 103 pedestrian 0 0 -10 344.47 175.81 531.97 210.15 -10 -10 -10 -100    0 -1000 -1000 -10
462 102 pedestrian 0 0 -10 0.00 264.09 241.08 376.00 -10 -10 -10 -100    0 -1000 -1000 -10
462 101 pedestrian 0 0 -10 406.60 187.05 491.31 250.93 -10 -10 -10 -100    0 -1000 -1000 -10
462 100 pedestrian 0 0 -10 209.99 195.01 341.06 261.31 -10 -10 -10 -100    0 -1000 -1000 -10
462 97 pedestrian 0 0 -10 147.36 195.21 407.22 359.58 -10 -10 -10 -100    0 -1000 -1000 -10
462 30 pedestrian 0 0 -10 576.66 176.52 610.58 213.25 -10 -10 -10 -100    0 -1000 -1000 -10
462 110 pedestrian 0 0 -10 499.36 183.66 536.42 214.05 -10 -10 -10 -100    0 -1000 -1000 -10
462 3 pedestrian 0 0 -10 552.14 177.46 602.96 201.77 -10 -10 -10 -100    0 -1000 -1000 -10
462 104 pedestrian 0 0 -10 528.12 167.46 555.45 204.09 -10 -10 -10 -100    0 -1000 -1000 -10
463 108 pedestrian 0 0 -10 459.28 183.67 512.76 227.00 -10 -10 -10 -100    0 -1000 -1000 -10
463 107 pedestrian 0 0 -10 0.00 190.65 109.55 327.35 -10 -10 -10 -100    0 -1000 -1000 -10
463 106 pedestrian 0 0 -10 185.09 166.89 299.90 237.92 -10 -10 -10 -100    0 -1000 -1000 -10
463 109 pedestrian 0 0 -10 346.03 179.69 415.71 231.04 -10 -10 -10 -100    0 -1000 -1000 -10
463 103 pedestrian 0 0 -10 341.51 175.98 531.58 210.18 -10 -10 -10 -100    0 -1000 -1000 -10
463 102 pedestrian 0 0 -10 0.07 277.45 154.66 376.00 -10 -10 -10 -100    0 -1000 -1000 -10
463 101 pedestrian 0 0 -10 392.44 187.07 484.18 256.08 -10 -10 -10 -100    0 -1000 -1000 -10
463 100 pedestrian 0 0 -10 177.61 198.75 314.55 267.52 -10 -10 -10 -100    0 -1000 -1000 -10
463 97 pedestrian 0 0 -10 25.57 199.43 382.57 376.00 -10 -10 -10 -100    0 -1000 -1000 -10
463 30 pedestrian 0 0 -10 576.55 176.14 610.37 213.28 -10 -10 -10 -100    0 -1000 -1000 -10
463 110 pedestrian 0 0 -10 496.92 184.26 534.50 214.60 -10 -10 -10 -100    0 -1000 -1000 -10
463 3 pedestrian 0 0 -10 551.27 177.26 603.14 201.86 -10 -10 -10 -100    0 -1000 -1000 -10
463 104 pedestrian 0 0 -10 526.13 166.52 554.44 204.10 -10 -10 -10 -100    0 -1000 -1000 -10
464 108 pedestrian 0 0 -10 449.77 183.28 509.14 229.42 -10 -10 -10 -100    0 -1000 -1000 -10
464 106 pedestrian 0 0 -10 159.04 165.46 286.22 241.61 -10 -10 -10 -100    0 -1000 -1000 -10
464 109 pedestrian 0 0 -10 331.60 178.81 409.86 234.10 -10 -10 -10 -100    0 -1000 -1000 -10
464 103 pedestrian 0 0 -10 329.91 174.89 528.68 210.87 -10 -10 -10 -100    0 -1000 -1000 -10
464 101 pedestrian 0 0 -10 376.01 187.06 476.57 261.89 -10 -10 -10 -100    0 -1000 -1000 -10
464 100 pedestrian 0 0 -10 137.06 197.56 295.02 273.50 -10 -10 -10 -100    0 -1000 -1000 -10
464 97 pedestrian 0 0 -10 0.00 199.99 351.40 376.00 -10 -10 -10 -100    0 -1000 -1000 -10
464 30 pedestrian 0 0 -10 576.25 176.07 610.25 213.18 -10 -10 -10 -100    0 -1000 -1000 -10
464 110 pedestrian 0 0 -10 494.26 184.35 532.41 216.20 -10 -10 -10 -100    0 -1000 -1000 -10
464 3 pedestrian 0 0 -10 552.42 176.86 604.06 201.58 -10 -10 -10 -100    0 -1000 -1000 -10
464 104 pedestrian 0 0 -10 524.96 166.82 554.08 204.59 -10 -10 -10 -100    0 -1000 -1000 -10
465 108 pedestrian 0 0 -10 443.24 183.32 505.44 232.16 -10 -10 -10 -100    0 -1000 -1000 -10
465 106 pedestrian 0 0 -10 129.13 164.05 267.90 245.97 -10 -10 -10 -100    0 -1000 -1000 -10
465 109 pedestrian 0 0 -10 317.06 178.10 399.87 236.77 -10 -10 -10 -100    0 -1000 -1000 -10
465 103 pedestrian 0 0 -10 405.91 171.84 530.67 205.04 -10 -10 -10 -100    0 -1000 -1000 -10
465 101 pedestrian 0 0 -10 356.75 187.10 468.49 268.77 -10 -10 -10 -100    0 -1000 -1000 -10
465 100 pedestrian 0 0 -10 82.23 196.47 272.61 284.06 -10 -10 -10 -100    0 -1000 -1000 -10
465 97 pedestrian 0 0 -10 0.00 203.45 309.03 376.00 -10 -10 -10 -100    0 -1000 -1000 -10
465 30 pedestrian 0 0 -10 575.60 175.92 610.13 213.29 -10 -10 -10 -100    0 -1000 -1000 -10
465 110 pedestrian 0 0 -10 488.95 182.34 530.83 217.26 -10 -10 -10 -100    0 -1000 -1000 -10
465 3 pedestrian 0 0 -10 550.49 176.14 604.41 201.30 -10 -10 -10 -100    0 -1000 -1000 -10
465 104 pedestrian 0 0 -10 523.42 166.94 552.81 204.73 -10 -10 -10 -100    0 -1000 -1000 -10
466 108 pedestrian 0 0 -10 432.57 183.64 501.02 235.16 -10 -10 -10 -100    0 -1000 -1000 -10
466 106 pedestrian 0 0 -10 94.88 164.00 250.92 250.97 -10 -10 -10 -100    0 -1000 -1000 -10
466 109 pedestrian 0 0 -10 299.76 177.58 387.89 239.89 -10 -10 -10 -100    0 -1000 -1000 -10
466 103 pedestrian 0 0 -10 393.33 171.57 531.15 204.52 -10 -10 -10 -100    0 -1000 -1000 -10
466 101 pedestrian 0 0 -10 333.53 188.84 458.54 278.36 -10 -10 -10 -100    0 -1000 -1000 -10
466 100 pedestrian 0 0 -10 24.44 199.85 246.20 301.04 -10 -10 -10 -100    0 -1000 -1000 -10
466 97 pedestrian 0 0 -10 0.00 211.32 247.83 376.00 -10 -10 -10 -100    0 -1000 -1000 -10
466 30 pedestrian 0 0 -10 575.22 175.69 610.11 213.37 -10 -10 -10 -100    0 -1000 -1000 -10
466 110 pedestrian 0 0 -10 483.69 182.73 528.73 219.09 -10 -10 -10 -100    0 -1000 -1000 -10
466 3 pedestrian 0 0 -10 550.43 175.81 605.17 201.67 -10 -10 -10 -100    0 -1000 -1000 -10
466 104 pedestrian 0 0 -10 521.94 167.67 552.33 206.19 -10 -10 -10 -100    0 -1000 -1000 -10
467 106 pedestrian 0 0 -10 55.28 161.66 228.24 256.00 -10 -10 -10 -100    0 -1000 -1000 -10
467 109 pedestrian 0 0 -10 278.66 176.94 376.99 243.80 -10 -10 -10 -100    0 -1000 -1000 -10
467 103 pedestrian 0 0 -10 376.47 171.17 534.84 206.29 -10 -10 -10 -100    0 -1000 -1000 -10
467 101 pedestrian 0 0 -10 305.38 189.08 448.60 287.68 -10 -10 -10 -100    0 -1000 -1000 -10
467 100 pedestrian 0 0 -10 0.34 200.57 209.80 315.37 -10 -10 -10 -100    0 -1000 -1000 -10
467 108 pedestrian 0 0 -10 421.03 182.92 495.98 238.02 -10 -10 -10 -100    0 -1000 -1000 -10
467 97 pedestrian 0 0 -10 0.20 226.40 165.22 376.00 -10 -10 -10 -100    0 -1000 -1000 -10
467 30 pedestrian 0 0 -10 575.04 174.56 610.24 212.84 -10 -10 -10 -100    0 -1000 -1000 -10
467 111 pedestrian 0 0 -10 241.15 160.42 302.95 193.62 -10 -10 -10 -100    0 -1000 -1000 -10
467 110 pedestrian 0 0 -10 479.00 182.37 527.13 220.05 -10 -10 -10 -100    0 -1000 -1000 -10
467 3 pedestrian 0 0 -10 549.41 174.92 605.70 201.40 -10 -10 -10 -100    0 -1000 -1000 -10
467 104 pedestrian 0 0 -10 520.32 166.28 551.65 206.08 -10 -10 -10 -100    0 -1000 -1000 -10
468 106 pedestrian 0 0 -10 5.42 160.06 203.85 261.48 -10 -10 -10 -100    0 -1000 -1000 -10
468 109 pedestrian 0 0 -10 255.97 176.31 363.27 248.02 -10 -10 -10 -100    0 -1000 -1000 -10
468 103 pedestrian 0 0 -10 387.39 167.60 528.21 203.28 -10 -10 -10 -100    0 -1000 -1000 -10
468 101 pedestrian 0 0 -10 269.42 189.69 434.78 301.28 -10 -10 -10 -100    0 -1000 -1000 -10
468 100 pedestrian 0 0 -10 0.00 203.76 167.41 335.59 -10 -10 -10 -100    0 -1000 -1000 -10
468 108 pedestrian 0 0 -10 411.00 182.34 491.11 240.63 -10 -10 -10 -100    0 -1000 -1000 -10
468 30 pedestrian 0 0 -10 574.79 173.91 610.29 211.57 -10 -10 -10 -100    0 -1000 -1000 -10
468 111 pedestrian 0 0 -10 214.19 161.43 280.52 196.60 -10 -10 -10 -100    0 -1000 -1000 -10
468 110 pedestrian 0 0 -10 473.90 181.63 524.00 220.77 -10 -10 -10 -100    0 -1000 -1000 -10
468 3 pedestrian 0 0 -10 549.55 174.06 606.60 201.30 -10 -10 -10 -100    0 -1000 -1000 -10
468 104 pedestrian 0 0 -10 517.32 166.30 550.35 207.01 -10 -10 -10 -100    0 -1000 -1000 -10
469 106 pedestrian 0 0 -10 0.23 158.67 176.43 269.77 -10 -10 -10 -100    0 -1000 -1000 -10
469 109 pedestrian 0 0 -10 230.90 176.66 347.46 252.75 -10 -10 -10 -100    0 -1000 -1000 -10
469 103 pedestrian 0 0 -10 401.84 165.97 522.48 202.92 -10 -10 -10 -100    0 -1000 -1000 -10
469 101 pedestrian 0 0 -10 225.46 190.90 418.94 318.26 -10 -10 -10 -100    0 -1000 -1000 -10
469 100 pedestrian 0 0 -10 0.09 205.71 118.43 342.15 -10 -10 -10 -100    0 -1000 -1000 -10
469 108 pedestrian 0 0 -10 395.91 182.95 484.88 245.68 -10 -10 -10 -100    0 -1000 -1000 -10
469 30 pedestrian 0 0 -10 574.74 173.49 610.45 211.53 -10 -10 -10 -100    0 -1000 -1000 -10
469 111 pedestrian 0 0 -10 180.24 159.47 253.89 200.95 -10 -10 -10 -100    0 -1000 -1000 -10
469 110 pedestrian 0 0 -10 469.03 181.52 521.00 222.68 -10 -10 -10 -100    0 -1000 -1000 -10
469 3 pedestrian 0 0 -10 549.22 173.67 606.76 201.65 -10 -10 -10 -100    0 -1000 -1000 -10
469 104 pedestrian 0 0 -10 514.38 165.06 548.85 206.84 -10 -10 -10 -100    0 -1000 -1000 -10
470 106 pedestrian 0 0 -10 0.03 157.58 142.96 279.77 -10 -10 -10 -100    0 -1000 -1000 -10
470 109 pedestrian 0 0 -10 199.73 176.51 332.63 259.01 -10 -10 -10 -100    0 -1000 -1000 -10
470 103 pedestrian 0 0 -10 392.89 167.68 520.32 204.12 -10 -10 -10 -100    0 -1000 -1000 -10
470 101 pedestrian 0 0 -10 169.05 192.31 398.61 340.93 -10 -10 -10 -100    0 -1000 -1000 -10
470 108 pedestrian 0 0 -10 383.39 183.01 478.31 250.07 -10 -10 -10 -100    0 -1000 -1000 -10
470 30 pedestrian 0 0 -10 574.69 172.80 610.83 211.40 -10 -10 -10 -100    0 -1000 -1000 -10
470 111 pedestrian 0 0 -10 133.80 157.54 219.57 208.52 -10 -10 -10 -100    0 -1000 -1000 -10
470 110 pedestrian 0 0 -10 462.04 181.71 517.25 223.99 -10 -10 -10 -100    0 -1000 -1000 -10
470 3 pedestrian 0 0 -10 549.15 173.10 607.23 201.75 -10 -10 -10 -100    0 -1000 -1000 -10
470 104 pedestrian 0 0 -10 513.10 164.48 547.33 208.04 -10 -10 -10 -100    0 -1000 -1000 -10
471 106 pedestrian 0 0 -10 0.00 157.10 107.46 285.54 -10 -10 -10 -100    0 -1000 -1000 -10
471 109 pedestrian 0 0 -10 164.46 176.53 313.23 268.39 -10 -10 -10 -100    0 -1000 -1000 -10
471 103 pedestrian 0 0 -10 386.35 168.53 519.90 206.62 -10 -10 -10 -100    0 -1000 -1000 -10
471 101 pedestrian 0 0 -10 90.76 193.29 375.82 372.60 -10 -10 -10 -100    0 -1000 -1000 -10
471 108 pedestrian 0 0 -10 366.32 182.45 470.06 255.65 -10 -10 -10 -100    0 -1000 -1000 -10
471 30 pedestrian 0 0 -10 574.46 172.16 610.60 211.08 -10 -10 -10 -100    0 -1000 -1000 -10
471 111 pedestrian 0 0 -10 78.38 152.55 178.34 211.88 -10 -10 -10 -100    0 -1000 -1000 -10
471 110 pedestrian 0 0 -10 456.53 181.43 514.26 226.34 -10 -10 -10 -100    0 -1000 -1000 -10
471 3 pedestrian 0 0 -10 546.80 171.75 606.74 201.02 -10 -10 -10 -100    0 -1000 -1000 -10
471 104 pedestrian 0 0 -10 510.06 164.75 546.04 208.90 -10 -10 -10 -100    0 -1000 -1000 -10
472 106 pedestrian 0 0 -10 12.39 151.50 130.92 218.52 -10 -10 -10 -100    0 -1000 -1000 -10
472 109 pedestrian 0 0 -10 126.60 175.41 296.59 271.69 -10 -10 -10 -100    0 -1000 -1000 -10
472 103 pedestrian 0 0 -10 375.36 171.46 523.17 209.92 -10 -10 -10 -100    0 -1000 -1000 -10
472 101 pedestrian 0 0 -10 0.09 196.30 345.80 376.00 -10 -10 -10 -100    0 -1000 -1000 -10
472 108 pedestrian 0 0 -10 346.02 183.61 461.89 262.48 -10 -10 -10 -100    0 -1000 -1000 -10
472 30 pedestrian 0 0 -10 573.84 171.86 610.80 211.30 -10 -10 -10 -100    0 -1000 -1000 -10
472 111 pedestrian 0 0 -10 11.21 151.35 131.59 217.36 -10 -10 -10 -100    0 -1000 -1000 -10
472 110 pedestrian 0 0 -10 449.90 181.98 510.43 228.74 -10 -10 -10 -100    0 -1000 -1000 -10
472 3 pedestrian 0 0 -10 541.91 170.74 606.23 200.60 -10 -10 -10 -100    0 -1000 -1000 -10
472 104 pedestrian 0 0 -10 507.17 163.31 544.53 209.13 -10 -10 -10 -100    0 -1000 -1000 -10
473 109 pedestrian 0 0 -10 71.45 176.09 266.97 284.75 -10 -10 -10 -100    0 -1000 -1000 -10
473 103 pedestrian 0 0 -10 366.81 171.60 518.99 208.80 -10 -10 -10 -100    0 -1000 -1000 -10
473 101 pedestrian 0 0 -10 0.00 201.63 303.18 376.00 -10 -10 -10 -100    0 -1000 -1000 -10
473 108 pedestrian 0 0 -10 320.80 184.79 451.32 272.24 -10 -10 -10 -100    0 -1000 -1000 -10
473 30 pedestrian 0 0 -10 573.65 172.27 611.09 211.84 -10 -10 -10 -100    0 -1000 -1000 -10
473 111 pedestrian 0 0 -10 0.23 152.82 68.74 221.77 -10 -10 -10 -100    0 -1000 -1000 -10
473 110 pedestrian 0 0 -10 440.27 182.47 507.30 232.52 -10 -10 -10 -100    0 -1000 -1000 -10
473 3 pedestrian 0 0 -10 538.62 170.52 606.19 201.12 -10 -10 -10 -100    0 -1000 -1000 -10
473 104 pedestrian 0 0 -10 504.12 162.96 543.29 210.48 -10 -10 -10 -100    0 -1000 -1000 -10
474 112 pedestrian 0 0 -10 265.91 183.84 372.56 244.25 -10 -10 -10 -100    0 -1000 -1000 -10
474 109 pedestrian 0 0 -10 5.77 177.23 237.56 299.58 -10 -10 -10 -100    0 -1000 -1000 -10
474 103 pedestrian 0 0 -10 360.10 173.05 516.16 210.63 -10 -10 -10 -100    0 -1000 -1000 -10
474 101 pedestrian 0 0 -10 0.00 207.72 244.91 376.00 -10 -10 -10 -100    0 -1000 -1000 -10
474 108 pedestrian 0 0 -10 290.65 187.38 440.10 284.35 -10 -10 -10 -100    0 -1000 -1000 -10
474 30 pedestrian 0 0 -10 573.32 173.08 610.92 212.78 -10 -10 -10 -100    0 -1000 -1000 -10
474 110 pedestrian 0 0 -10 430.46 183.02 501.62 236.43 -10 -10 -10 -100    0 -1000 -1000 -10
474 3 pedestrian 0 0 -10 533.60 171.01 605.23 201.84 -10 -10 -10 -100    0 -1000 -1000 -10
474 104 pedestrian 0 0 -10 500.97 162.29 540.99 212.13 -10 -10 -10 -100    0 -1000 -1000 -10
475 113 pedestrian 0 0 -10 133.42 178.22 263.04 247.31 -10 -10 -10 -100    0 -1000 -1000 -10
475 112 pedestrian 0 0 -10 242.43 185.30 360.62 250.54 -10 -10 -10 -100    0 -1000 -1000 -10
475 109 pedestrian 0 0 -10 0.01 177.57 203.31 316.56 -10 -10 -10 -100    0 -1000 -1000 -10
475 103 pedestrian 0 0 -10 351.30 173.83 511.53 211.85 -10 -10 -10 -100    0 -1000 -1000 -10
475 101 pedestrian 0 0 -10 0.00 213.51 162.34 376.00 -10 -10 -10 -100    0 -1000 -1000 -10
475 108 pedestrian 0 0 -10 254.92 189.47 427.13 298.39 -10 -10 -10 -100    0 -1000 -1000 -10
475 30 pedestrian 0 0 -10 573.17 173.34 611.08 213.27 -10 -10 -10 -100    0 -1000 -1000 -10
475 110 pedestrian 0 0 -10 420.37 183.90 496.85 240.56 -10 -10 -10 -100    0 -1000 -1000 -10
475 3 pedestrian 0 0 -10 531.40 170.68 604.84 202.85 -10 -10 -10 -100    0 -1000 -1000 -10
475 104 pedestrian 0 0 -10 494.86 161.60 537.26 214.21 -10 -10 -10 -100    0 -1000 -1000 -10
476 113 pedestrian 0 0 -10 95.38 178.85 240.04 254.01 -10 -10 -10 -100    0 -1000 -1000 -10
476 112 pedestrian 0 0 -10 219.54 185.78 348.12 254.75 -10 -10 -10 -100    0 -1000 -1000 -10
476 109 pedestrian 0 0 -10 0.00 179.39 161.31 337.55 -10 -10 -10 -100    0 -1000 -1000 -10
476 103 pedestrian 0 0 -10 341.90 172.38 508.79 211.52 -10 -10 -10 -100    0 -1000 -1000 -10
476 108 pedestrian 0 0 -10 208.66 190.54 410.40 314.85 -10 -10 -10 -100    0 -1000 -1000 -10
476 30 pedestrian 0 0 -10 573.14 173.28 611.24 213.45 -10 -10 -10 -100    0 -1000 -1000 -10
476 114 pedestrian 0 0 -10 444.27 176.96 503.36 223.84 -10 -10 -10 -100    0 -1000 -1000 -10
476 110 pedestrian 0 0 -10 408.86 184.21 491.01 245.28 -10 -10 -10 -100    0 -1000 -1000 -10
476 3 pedestrian 0 0 -10 531.25 170.16 605.44 204.19 -10 -10 -10 -100    0 -1000 -1000 -10
476 104 pedestrian 0 0 -10 490.84 160.25 535.88 215.16 -10 -10 -10 -100    0 -1000 -1000 -10
477 113 pedestrian 0 0 -10 57.20 179.02 213.08 259.31 -10 -10 -10 -100    0 -1000 -1000 -10
477 112 pedestrian 0 0 -10 184.23 186.01 326.95 262.95 -10 -10 -10 -100    0 -1000 -1000 -10
477 109 pedestrian 0 0 -10 0.00 179.34 108.39 343.34 -10 -10 -10 -100    0 -1000 -1000 -10
477 103 pedestrian 0 0 -10 332.85 172.48 503.84 213.67 -10 -10 -10 -100    0 -1000 -1000 -10
477 108 pedestrian 0 0 -10 148.18 192.99 391.30 336.91 -10 -10 -10 -100    0 -1000 -1000 -10
477 30 pedestrian 0 0 -10 573.17 173.08 611.29 213.30 -10 -10 -10 -100    0 -1000 -1000 -10
477 114 pedestrian 0 0 -10 436.56 177.84 498.78 225.77 -10 -10 -10 -100    0 -1000 -1000 -10
477 110 pedestrian 0 0 -10 394.71 184.93 485.00 249.86 -10 -10 -10 -100    0 -1000 -1000 -10
477 3 pedestrian 0 0 -10 531.68 169.91 606.03 204.28 -10 -10 -10 -100    0 -1000 -1000 -10
477 104 pedestrian 0 0 -10 488.32 160.08 535.55 215.42 -10 -10 -10 -100    0 -1000 -1000 -10
478 115 pedestrian 0 0 -10 494.33 157.35 542.25 210.52 -10 -10 -10 -100    0 -1000 -1000 -10
478 113 pedestrian 0 0 -10 9.55 179.88 188.95 267.68 -10 -10 -10 -100    0 -1000 -1000 -10
478 112 pedestrian 0 0 -10 146.53 188.06 307.85 271.03 -10 -10 -10 -100    0 -1000 -1000 -10
478 103 pedestrian 0 0 -10 319.58 173.52 498.46 215.76 -10 -10 -10 -100    0 -1000 -1000 -10
478 116 pedestrian 0 0 -10 321.83 181.07 398.01 230.96 -10 -10 -10 -100    0 -1000 -1000 -10
478 108 pedestrian 0 0 -10 64.55 194.50 365.96 367.29 -10 -10 -10 -100    0 -1000 -1000 -10
478 30 pedestrian 0 0 -10 573.01 173.26 611.56 213.36 -10 -10 -10 -100    0 -1000 -1000 -10
478 114 pedestrian 0 0 -10 428.05 179.09 493.35 228.87 -10 -10 -10 -100    0 -1000 -1000 -10
478 110 pedestrian 0 0 -10 378.71 186.47 476.39 256.13 -10 -10 -10 -100    0 -1000 -1000 -10
478 3 pedestrian 0 0 -10 529.65 169.99 606.14 204.54 -10 -10 -10 -100    0 -1000 -1000 -10
478 104 pedestrian 0 0 -10 484.90 158.25 532.17 216.85 -10 -10 -10 -100    0 -1000 -1000 -10
479 115 pedestrian 0 0 -10 492.12 156.14 541.63 211.45 -10 -10 -10 -100    0 -1000 -1000 -10
479 113 pedestrian 0 0 -10 0.31 179.89 157.69 279.84 -10 -10 -10 -100    0 -1000 -1000 -10
479 112 pedestrian 0 0 -10 98.50 188.69 288.85 281.34 -10 -10 -10 -100    0 -1000 -1000 -10
479 103 pedestrian 0 0 -10 304.74 174.63 495.26 217.43 -10 -10 -10 -100    0 -1000 -1000 -10
479 116 pedestrian 0 0 -10 306.07 181.61 387.71 234.59 -10 -10 -10 -100    0 -1000 -1000 -10
479 108 pedestrian 0 0 -10 0.70 195.55 337.09 376.00 -10 -10 -10 -100    0 -1000 -1000 -10
479 30 pedestrian 0 0 -10 573.19 173.49 611.59 213.70 -10 -10 -10 -100    0 -1000 -1000 -10
479 114 pedestrian 0 0 -10 417.32 178.70 487.57 232.46 -10 -10 -10 -100    0 -1000 -1000 -10
479 110 pedestrian 0 0 -10 357.79 188.46 468.38 264.26 -10 -10 -10 -100    0 -1000 -1000 -10
479 3 pedestrian 0 0 -10 530.24 170.39 606.83 204.94 -10 -10 -10 -100    0 -1000 -1000 -10
479 105 pedestrian 0 0 -10 537.40 164.92 559.90 194.35 -10 -10 -10 -100    0 -1000 -1000 -10
479 104 pedestrian 0 0 -10 479.64 157.90 530.67 219.16 -10 -10 -10 -100    0 -1000 -1000 -10
480 115 pedestrian 0 0 -10 488.26 156.21 540.05 212.29 -10 -10 -10 -100    0 -1000 -1000 -10
480 113 pedestrian 0 0 -10 0.00 179.28 124.21 289.88 -10 -10 -10 -100    0 -1000 -1000 -10
480 112 pedestrian 0 0 -10 52.30 189.48 263.43 291.08 -10 -10 -10 -100    0 -1000 -1000 -10
480 103 pedestrian 0 0 -10 293.76 175.11 491.43 217.16 -10 -10 -10 -100    0 -1000 -1000 -10
480 116 pedestrian 0 0 -10 287.95 182.53 377.73 238.17 -10 -10 -10 -100    0 -1000 -1000 -10
480 108 pedestrian 0 0 -10 0.00 199.23 297.06 376.00 -10 -10 -10 -100    0 -1000 -1000 -10
480 30 pedestrian 0 0 -10 573.04 173.62 611.96 214.38 -10 -10 -10 -100    0 -1000 -1000 -10
480 114 pedestrian 0 0 -10 404.10 177.97 482.01 236.68 -10 -10 -10 -100    0 -1000 -1000 -10
480 110 pedestrian 0 0 -10 334.71 189.41 457.53 273.43 -10 -10 -10 -100    0 -1000 -1000 -10
480 3 pedestrian 0 0 -10 528.60 170.32 607.38 205.23 -10 -10 -10 -100    0 -1000 -1000 -10
480 105 pedestrian 0 0 -10 537.28 164.35 559.49 194.14 -10 -10 -10 -100    0 -1000 -1000 -10
480 104 pedestrian 0 0 -10 473.06 158.03 527.29 220.97 -10 -10 -10 -100    0 -1000 -1000 -10
481 112 pedestrian 0 0 -10 0.00 190.09 236.85 304.86 -10 -10 -10 -100    0 -1000 -1000 -10
481 103 pedestrian 0 0 -10 290.98 176.40 489.94 216.77 -10 -10 -10 -100    0 -1000 -1000 -10
481 116 pedestrian 0 0 -10 268.30 183.10 366.03 242.90 -10 -10 -10 -100    0 -1000 -1000 -10
481 113 pedestrian 0 0 -10 0.20 179.13 89.15 294.29 -10 -10 -10 -100    0 -1000 -1000 -10
481 108 pedestrian 0 0 -10 0.00 203.14 240.10 376.00 -10 -10 -10 -100    0 -1000 -1000 -10
481 30 pedestrian 0 0 -10 572.94 173.44 612.42 214.89 -10 -10 -10 -100    0 -1000 -1000 -10
481 115 pedestrian 0 0 -10 481.76 154.66 536.71 216.00 -10 -10 -10 -100    0 -1000 -1000 -10
481 114 pedestrian 0 0 -10 393.79 179.83 476.19 240.52 -10 -10 -10 -100    0 -1000 -1000 -10
481 110 pedestrian 0 0 -10 307.13 191.14 446.53 284.99 -10 -10 -10 -100    0 -1000 -1000 -10
481 3 pedestrian 0 0 -10 527.97 170.56 607.39 205.88 -10 -10 -10 -100    0 -1000 -1000 -10
481 105 pedestrian 0 0 -10 537.30 164.50 559.56 193.75 -10 -10 -10 -100    0 -1000 -1000 -10
481 104 pedestrian 0 0 -10 467.94 158.10 523.90 222.64 -10 -10 -10 -100    0 -1000 -1000 -10
482 112 pedestrian 0 0 -10 0.00 191.89 202.40 328.02 -10 -10 -10 -100    0 -1000 -1000 -10
482 103 pedestrian 0 0 -10 293.78 174.74 486.85 215.53 -10 -10 -10 -100    0 -1000 -1000 -10
482 116 pedestrian 0 0 -10 245.14 183.62 352.73 247.60 -10 -10 -10 -100    0 -1000 -1000 -10
482 108 pedestrian 0 0 -10 0.00 202.65 166.63 376.00 -10 -10 -10 -100    0 -1000 -1000 -10
482 30 pedestrian 0 0 -10 573.03 173.46 612.60 214.78 -10 -10 -10 -100    0 -1000 -1000 -10
482 115 pedestrian 0 0 -10 479.09 152.18 534.80 216.74 -10 -10 -10 -100    0 -1000 -1000 -10
482 114 pedestrian 0 0 -10 378.81 179.85 469.77 245.42 -10 -10 -10 -100    0 -1000 -1000 -10
482 110 pedestrian 0 0 -10 272.69 192.04 433.10 298.06 -10 -10 -10 -100    0 -1000 -1000 -10
482 3 pedestrian 0 0 -10 528.22 170.67 607.09 205.84 -10 -10 -10 -100    0 -1000 -1000 -10
482 105 pedestrian 0 0 -10 536.05 162.89 559.40 193.23 -10 -10 -10 -100    0 -1000 -1000 -10
482 104 pedestrian 0 0 -10 462.24 157.24 519.83 224.71 -10 -10 -10 -100    0 -1000 -1000 -10
483 112 pedestrian 0 0 -10 0.00 195.88 158.99 338.62 -10 -10 -10 -100    0 -1000 -1000 -10
483 103 pedestrian 0 0 -10 281.68 173.94 480.43 217.68 -10 -10 -10 -100    0 -1000 -1000 -10
483 116 pedestrian 0 0 -10 219.30 184.03 337.17 251.79 -10 -10 -10 -100    0 -1000 -1000 -10
483 30 pedestrian 0 0 -10 573.12 173.08 612.87 215.21 -10 -10 -10 -100    0 -1000 -1000 -10
483 115 pedestrian 0 0 -10 472.79 150.69 532.88 218.99 -10 -10 -10 -100    0 -1000 -1000 -10
483 114 pedestrian 0 0 -10 362.17 180.89 462.64 250.14 -10 -10 -10 -100    0 -1000 -1000 -10
483 110 pedestrian 0 0 -10 228.77 193.67 417.21 314.50 -10 -10 -10 -100    0 -1000 -1000 -10
483 3 pedestrian 0 0 -10 526.41 170.89 608.11 206.70 -10 -10 -10 -100    0 -1000 -1000 -10
483 105 pedestrian 0 0 -10 535.34 162.46 558.89 193.52 -10 -10 -10 -100    0 -1000 -1000 -10
483 104 pedestrian 0 0 -10 455.04 155.28 517.60 227.06 -10 -10 -10 -100    0 -1000 -1000 -10
484 112 pedestrian 0 0 -10 0.00 199.40 108.55 339.52 -10 -10 -10 -100    0 -1000 -1000 -10
484 103 pedestrian 0 0 -10 355.76 172.94 468.78 219.97 -10 -10 -10 -100    0 -1000 -1000 -10
484 116 pedestrian 0 0 -10 187.34 184.34 318.22 259.38 -10 -10 -10 -100    0 -1000 -1000 -10
484 30 pedestrian 0 0 -10 573.02 172.87 613.08 215.41 -10 -10 -10 -100    0 -1000 -1000 -10
484 115 pedestrian 0 0 -10 466.17 150.29 531.29 220.92 -10 -10 -10 -100    0 -1000 -1000 -10
484 114 pedestrian 0 0 -10 342.61 180.96 452.64 257.09 -10 -10 -10 -100    0 -1000 -1000 -10
484 110 pedestrian 0 0 -10 171.76 196.17 398.39 335.56 -10 -10 -10 -100    0 -1000 -1000 -10
484 117 pedestrian 0 0 -10 178.53 175.38 233.50 208.05 -10 -10 -10 -100    0 -1000 -1000 -10
484 3 pedestrian 0 0 -10 526.27 170.85 608.77 207.13 -10 -10 -10 -100    0 -1000 -1000 -10
484 105 pedestrian 0 0 -10 534.99 162.22 559.04 193.49 -10 -10 -10 -100    0 -1000 -1000 -10
484 104 pedestrian 0 0 -10 447.72 153.61 513.20 230.74 -10 -10 -10 -100    0 -1000 -1000 -10
485 103 pedestrian 0 0 -10 344.95 171.87 460.71 221.42 -10 -10 -10 -100    0 -1000 -1000 -10
485 116 pedestrian 0 0 -10 153.00 185.75 298.96 268.08 -10 -10 -10 -100    0 -1000 -1000 -10
485 118 pedestrian 0 0 -10 504.92 171.81 543.06 205.94 -10 -10 -10 -100    0 -1000 -1000 -10
485 30 pedestrian 0 0 -10 573.13 172.89 613.57 215.92 -10 -10 -10 -100    0 -1000 -1000 -10
485 115 pedestrian 0 0 -10 461.55 149.31 528.27 223.69 -10 -10 -10 -100    0 -1000 -1000 -10
485 114 pedestrian 0 0 -10 320.73 181.51 442.70 265.03 -10 -10 -10 -100    0 -1000 -1000 -10
485 110 pedestrian 0 0 -10 89.57 199.16 373.98 367.78 -10 -10 -10 -100    0 -1000 -1000 -10
485 117 pedestrian 0 0 -10 141.02 174.85 199.13 206.05 -10 -10 -10 -100    0 -1000 -1000 -10
485 3 pedestrian 0 0 -10 523.65 170.67 609.57 207.66 -10 -10 -10 -100    0 -1000 -1000 -10
485 105 pedestrian 0 0 -10 532.88 161.99 558.45 195.00 -10 -10 -10 -100    0 -1000 -1000 -10
485 104 pedestrian 0 0 -10 437.95 153.07 509.26 235.10 -10 -10 -10 -100    0 -1000 -1000 -10
486 103 pedestrian 0 0 -10 329.47 173.67 452.35 222.17 -10 -10 -10 -100    0 -1000 -1000 -10
486 116 pedestrian 0 0 -10 102.36 187.74 276.09 276.79 -10 -10 -10 -100    0 -1000 -1000 -10
486 118 pedestrian 0 0 -10 500.68 171.51 540.33 206.79 -10 -10 -10 -100    0 -1000 -1000 -10
486 30 pedestrian 0 0 -10 573.38 173.48 614.35 216.87 -10 -10 -10 -100    0 -1000 -1000 -10
486 115 pedestrian 0 0 -10 455.85 149.57 526.61 226.75 -10 -10 -10 -100    0 -1000 -1000 -10
486 114 pedestrian 0 0 -10 291.34 182.87 430.34 275.52 -10 -10 -10 -100    0 -1000 -1000 -10
486 110 pedestrian 0 0 -10 0.00 202.93 342.95 376.00 -10 -10 -10 -100    0 -1000 -1000 -10
486 117 pedestrian 0 0 -10 88.63 171.80 154.65 209.90 -10 -10 -10 -100    0 -1000 -1000 -10
486 3 pedestrian 0 0 -10 523.94 170.80 610.64 207.62 -10 -10 -10 -100    0 -1000 -1000 -10
486 105 pedestrian 0 0 -10 532.14 162.05 558.12 195.37 -10 -10 -10 -100    0 -1000 -1000 -10
486 104 pedestrian 0 0 -10 428.67 152.79 504.20 238.95 -10 -10 -10 -100    0 -1000 -1000 -10
487 120 pedestrian 0 0 -10 301.54 170.07 392.95 237.98 -10 -10 -10 -100    0 -1000 -1000 -10
487 119 pedestrian 0 0 -10 195.92 182.91 301.36 238.31 -10 -10 -10 -100    0 -1000 -1000 -10
487 103 pedestrian 0 0 -10 314.03 174.12 443.18 222.48 -10 -10 -10 -100    0 -1000 -1000 -10
487 116 pedestrian 0 0 -10 46.82 187.73 247.22 287.61 -10 -10 -10 -100    0 -1000 -1000 -10
487 118 pedestrian 0 0 -10 496.69 172.87 538.77 209.81 -10 -10 -10 -100    0 -1000 -1000 -10
487 30 pedestrian 0 0 -10 573.36 173.67 614.76 217.66 -10 -10 -10 -100    0 -1000 -1000 -10
487 115 pedestrian 0 0 -10 446.03 147.58 521.75 230.62 -10 -10 -10 -100    0 -1000 -1000 -10
487 114 pedestrian 0 0 -10 257.26 184.80 416.01 287.51 -10 -10 -10 -100    0 -1000 -1000 -10
487 110 pedestrian 0 0 -10 0.00 207.93 300.01 376.00 -10 -10 -10 -100    0 -1000 -1000 -10
487 117 pedestrian 0 0 -10 16.28 171.39 99.51 221.38 -10 -10 -10 -100    0 -1000 -1000 -10
487 3 pedestrian 0 0 -10 525.69 171.62 611.19 207.52 -10 -10 -10 -100    0 -1000 -1000 -10
487 105 pedestrian 0 0 -10 531.70 162.48 557.69 195.65 -10 -10 -10 -100    0 -1000 -1000 -10
487 104 pedestrian 0 0 -10 418.38 150.46 497.94 243.89 -10 -10 -10 -100    0 -1000 -1000 -10
488 121 pedestrian 0 0 -10 357.17 185.51 416.96 224.85 -10 -10 -10 -100    0 -1000 -1000 -10
488 120 pedestrian 0 0 -10 278.89 168.09 379.51 243.09 -10 -10 -10 -100    0 -1000 -1000 -10
488 119 pedestrian 0 0 -10 169.86 182.41 286.47 241.03 -10 -10 -10 -100    0 -1000 -1000 -10
488 103 pedestrian 0 0 -10 308.00 175.63 421.35 222.33 -10 -10 -10 -100    0 -1000 -1000 -10
488 116 pedestrian 0 0 -10 0.50 188.41 214.45 301.31 -10 -10 -10 -100    0 -1000 -1000 -10
488 118 pedestrian 0 0 -10 491.82 170.93 536.52 210.72 -10 -10 -10 -100    0 -1000 -1000 -10
488 30 pedestrian 0 0 -10 573.34 172.94 614.94 217.13 -10 -10 -10 -100    0 -1000 -1000 -10
488 115 pedestrian 0 0 -10 436.06 147.58 518.48 233.94 -10 -10 -10 -100    0 -1000 -1000 -10
488 114 pedestrian 0 0 -10 214.64 184.73 399.64 300.62 -10 -10 -10 -100    0 -1000 -1000 -10
488 110 pedestrian 0 0 -10 0.07 215.45 241.03 376.00 -10 -10 -10 -100    0 -1000 -1000 -10
488 117 pedestrian 0 0 -10 0.16 171.08 43.32 226.20 -10 -10 -10 -100    0 -1000 -1000 -10
488 3 pedestrian 0 0 -10 541.46 171.59 613.52 206.56 -10 -10 -10 -100    0 -1000 -1000 -10
488 105 pedestrian 0 0 -10 530.53 161.82 557.48 196.48 -10 -10 -10 -100    0 -1000 -1000 -10
488 104 pedestrian 0 0 -10 403.85 149.42 493.07 247.95 -10 -10 -10 -100    0 -1000 -1000 -10
489 121 pedestrian 0 0 -10 342.20 183.75 407.33 227.03 -10 -10 -10 -100    0 -1000 -1000 -10
489 120 pedestrian 0 0 -10 251.34 165.86 365.76 247.77 -10 -10 -10 -100    0 -1000 -1000 -10
489 119 pedestrian 0 0 -10 142.26 182.48 271.96 247.03 -10 -10 -10 -100    0 -1000 -1000 -10
489 116 pedestrian 0 0 -10 0.04 189.36 179.88 316.74 -10 -10 -10 -100    0 -1000 -1000 -10
489 118 pedestrian 0 0 -10 492.64 169.46 534.05 210.24 -10 -10 -10 -100    0 -1000 -1000 -10
489 30 pedestrian 0 0 -10 573.18 171.92 614.66 216.68 -10 -10 -10 -100    0 -1000 -1000 -10
489 115 pedestrian 0 0 -10 426.61 143.18 514.63 236.15 -10 -10 -10 -100    0 -1000 -1000 -10
489 114 pedestrian 0 0 -10 162.76 186.33 381.37 318.11 -10 -10 -10 -100    0 -1000 -1000 -10
489 110 pedestrian 0 0 -10 0.01 228.59 152.45 376.00 -10 -10 -10 -100    0 -1000 -1000 -10
489 3 pedestrian 0 0 -10 563.06 170.18 615.16 203.22 -10 -10 -10 -100    0 -1000 -1000 -10
489 105 pedestrian 0 0 -10 529.50 159.98 557.34 196.32 -10 -10 -10 -100    0 -1000 -1000 -10
489 104 pedestrian 0 0 -10 389.25 147.90 483.65 252.61 -10 -10 -10 -100    0 -1000 -1000 -10
490 121 pedestrian 0 0 -10 325.05 183.16 396.53 231.25 -10 -10 -10 -100    0 -1000 -1000 -10
490 120 pedestrian 0 0 -10 222.20 166.01 348.77 250.87 -10 -10 -10 -100    0 -1000 -1000 -10
490 119 pedestrian 0 0 -10 108.86 184.00 247.77 250.48 -10 -10 -10 -100    0 -1000 -1000 -10
490 116 pedestrian 0 0 -10 0.09 192.35 134.12 333.13 -10 -10 -10 -100    0 -1000 -1000 -10
490 118 pedestrian 0 0 -10 489.56 169.83 532.05 211.26 -10 -10 -10 -100    0 -1000 -1000 -10
490 30 pedestrian 0 0 -10 572.74 172.27 615.21 216.52 -10 -10 -10 -100    0 -1000 -1000 -10
490 115 pedestrian 0 0 -10 416.87 141.87 510.85 240.01 -10 -10 -10 -100    0 -1000 -1000 -10
490 114 pedestrian 0 0 -10 91.01 186.79 356.97 341.69 -10 -10 -10 -100    0 -1000 -1000 -10
490 3 pedestrian 0 0 -10 568.86 169.90 616.61 200.83 -10 -10 -10 -100    0 -1000 -1000 -10
490 105 pedestrian 0 0 -10 528.50 159.93 557.22 196.49 -10 -10 -10 -100    0 -1000 -1000 -10
490 104 pedestrian 0 0 -10 372.93 144.33 478.29 258.86 -10 -10 -10 -100    0 -1000 -1000 -10
491 121 pedestrian 0 0 -10 309.05 184.29 386.95 235.09 -10 -10 -10 -100    0 -1000 -1000 -10
491 120 pedestrian 0 0 -10 186.17 166.00 330.97 262.49 -10 -10 -10 -100    0 -1000 -1000 -10
491 119 pedestrian 0 0 -10 75.31 185.48 228.52 257.80 -10 -10 -10 -100    0 -1000 -1000 -10
491 116 pedestrian 0 0 -10 0.17 198.67 70.07 325.38 -10 -10 -10 -100    0 -1000 -1000 -10
491 122 pedestrian 0 0 -10 297.15 171.41 382.85 219.08 -10 -10 -10 -100    0 -1000 -1000 -10
491 118 pedestrian 0 0 -10 482.23 169.83 528.95 213.49 -10 -10 -10 -100    0 -1000 -1000 -10
491 30 pedestrian 0 0 -10 572.59 172.97 615.58 217.27 -10 -10 -10 -100    0 -1000 -1000 -10
491 115 pedestrian 0 0 -10 404.01 140.14 505.59 245.33 -10 -10 -10 -100    0 -1000 -1000 -10
491 114 pedestrian 0 0 -10 0.83 189.99 327.00 375.45 -10 -10 -10 -100    0 -1000 -1000 -10
491 3 pedestrian 0 0 -10 570.15 169.90 617.09 199.98 -10 -10 -10 -100    0 -1000 -1000 -10
491 105 pedestrian 0 0 -10 527.25 158.45 556.21 196.85 -10 -10 -10 -100    0 -1000 -1000 -10
491 104 pedestrian 0 0 -10 350.67 141.83 469.49 266.13 -10 -10 -10 -100    0 -1000 -1000 -10
492 121 pedestrian 0 0 -10 287.36 187.14 373.83 240.41 -10 -10 -10 -100    0 -1000 -1000 -10
492 120 pedestrian 0 0 -10 141.49 166.31 308.20 270.27 -10 -10 -10 -100    0 -1000 -1000 -10
492 119 pedestrian 0 0 -10 36.63 187.46 209.14 263.36 -10 -10 -10 -100    0 -1000 -1000 -10
492 122 pedestrian 0 0 -10 273.38 172.50 364.58 224.79 -10 -10 -10 -100    0 -1000 -1000 -10
492 118 pedestrian 0 0 -10 476.20 169.12 527.12 215.70 -10 -10 -10 -100    0 -1000 -1000 -10
492 30 pedestrian 0 0 -10 572.21 173.41 615.73 218.67 -10 -10 -10 -100    0 -1000 -1000 -10
492 115 pedestrian 0 0 -10 389.70 138.17 501.26 250.96 -10 -10 -10 -100    0 -1000 -1000 -10
492 114 pedestrian 0 0 -10 0.00 190.70 290.13 376.00 -10 -10 -10 -100    0 -1000 -1000 -10
492 3 pedestrian 0 0 -10 571.08 170.18 618.50 199.68 -10 -10 -10 -100    0 -1000 -1000 -10
492 105 pedestrian 0 0 -10 525.87 158.75 555.89 197.73 -10 -10 -10 -100    0 -1000 -1000 -10
492 104 pedestrian 0 0 -10 328.91 138.85 458.60 276.52 -10 -10 -10 -100    0 -1000 -1000 -10
493 121 pedestrian 0 0 -10 262.57 187.67 357.67 245.54 -10 -10 -10 -100    0 -1000 -1000 -10
493 120 pedestrian 0 0 -10 90.18 166.08 283.47 283.29 -10 -10 -10 -100    0 -1000 -1000 -10
493 119 pedestrian 0 0 -10 0.00 186.59 178.49 274.28 -10 -10 -10 -100    0 -1000 -1000 -10
493 122 pedestrian 0 0 -10 253.52 170.30 339.67 229.32 -10 -10 -10 -100    0 -1000 -1000 -10
493 118 pedestrian 0 0 -10 471.45 170.36 524.15 217.13 -10 -10 -10 -100    0 -1000 -1000 -10
493 30 pedestrian 0 0 -10 572.00 173.94 615.99 220.14 -10 -10 -10 -100    0 -1000 -1000 -10
493 115 pedestrian 0 0 -10 372.50 137.53 495.13 257.64 -10 -10 -10 -100    0 -1000 -1000 -10
493 114 pedestrian 0 0 -10 0.00 193.82 240.95 376.00 -10 -10 -10 -100    0 -1000 -1000 -10
493 3 pedestrian 0 0 -10 570.36 170.29 619.30 199.88 -10 -10 -10 -100    0 -1000 -1000 -10
493 105 pedestrian 0 0 -10 524.78 159.69 555.55 198.67 -10 -10 -10 -100    0 -1000 -1000 -10
493 104 pedestrian 0 0 -10 300.05 135.43 446.13 288.16 -10 -10 -10 -100    0 -1000 -1000 -10
494 120 pedestrian 0 0 -10 13.30 165.67 254.97 302.63 -10 -10 -10 -100    0 -1000 -1000 -10
494 119 pedestrian 0 0 -10 0.05 187.55 117.20 281.14 -10 -10 -10 -100    0 -1000 -1000 -10
494 121 pedestrian 0 0 -10 234.33 191.25 336.58 252.62 -10 -10 -10 -100    0 -1000 -1000 -10
494 122 pedestrian 0 0 -10 224.86 173.24 315.48 239.03 -10 -10 -10 -100    0 -1000 -1000 -10
494 118 pedestrian 0 0 -10 466.16 171.22 522.29 219.60 -10 -10 -10 -100    0 -1000 -1000 -10
494 30 pedestrian 0 0 -10 571.77 174.57 616.28 220.98 -10 -10 -10 -100    0 -1000 -1000 -10
494 115 pedestrian 0 0 -10 353.08 132.28 486.85 265.17 -10 -10 -10 -100    0 -1000 -1000 -10
494 114 pedestrian 0 0 -10 0.00 197.78 171.32 376.00 -10 -10 -10 -100    0 -1000 -1000 -10
494 3 pedestrian 0 0 -10 569.31 171.08 620.90 200.87 -10 -10 -10 -100    0 -1000 -1000 -10
494 105 pedestrian 0 0 -10 521.64 159.13 554.81 199.88 -10 -10 -10 -100    0 -1000 -1000 -10
494 104 pedestrian 0 0 -10 263.61 131.62 430.37 301.39 -10 -10 -10 -100    0 -1000 -1000 -10
495 120 pedestrian 0 0 -10 0.03 165.73 218.01 318.39 -10 -10 -10 -100    0 -1000 -1000 -10
495 119 pedestrian 0 0 -10 0.43 190.91 108.58 286.02 -10 -10 -10 -100    0 -1000 -1000 -10
495 121 pedestrian 0 0 -10 200.42 191.11 315.28 259.55 -10 -10 -10 -100    0 -1000 -1000 -10
495 118 pedestrian 0 0 -10 461.85 170.74 519.01 222.37 -10 -10 -10 -100    0 -1000 -1000 -10
495 30 pedestrian 0 0 -10 571.23 174.85 616.71 221.73 -10 -10 -10 -100    0 -1000 -1000 -10
495 115 pedestrian 0 0 -10 329.09 128.15 479.01 274.97 -10 -10 -10 -100    0 -1000 -1000 -10
495 3 pedestrian 0 0 -10 568.30 171.39 621.91 202.25 -10 -10 -10 -100    0 -1000 -1000 -10
495 105 pedestrian 0 0 -10 519.96 158.37 553.73 200.61 -10 -10 -10 -100    0 -1000 -1000 -10
495 104 pedestrian 0 0 -10 217.19 124.51 411.21 317.94 -10 -10 -10 -100    0 -1000 -1000 -10
496 120 pedestrian 0 0 -10 0.11 164.54 172.39 337.59 -10 -10 -10 -100    0 -1000 -1000 -10
496 121 pedestrian 0 0 -10 157.88 193.01 290.00 270.24 -10 -10 -10 -100    0 -1000 -1000 -10
496 123 pedestrian 0 0 -10 497.01 179.39 534.01 210.01 -10 -10 -10 -100    0 -1000 -1000 -10
496 124 pedestrian 0 0 -10 483.44 167.25 524.05 193.26 -10 -10 -10 -100    0 -1000 -1000 -10
496 118 pedestrian 0 0 -10 456.81 171.45 516.09 225.51 -10 -10 -10 -100    0 -1000 -1000 -10
496 30 pedestrian 0 0 -10 571.29 175.19 616.82 222.42 -10 -10 -10 -100    0 -1000 -1000 -10
496 115 pedestrian 0 0 -10 299.15 123.39 471.35 286.41 -10 -10 -10 -100    0 -1000 -1000 -10
496 3 pedestrian 0 0 -10 566.84 171.87 623.04 203.37 -10 -10 -10 -100    0 -1000 -1000 -10
496 105 pedestrian 0 0 -10 519.03 159.15 552.67 200.31 -10 -10 -10 -100    0 -1000 -1000 -10
496 104 pedestrian 0 0 -10 155.92 118.90 387.24 340.89 -10 -10 -10 -100    0 -1000 -1000 -10
497 120 pedestrian 0 0 -10 0.01 156.45 113.90 345.20 -10 -10 -10 -100    0 -1000 -1000 -10
497 123 pedestrian 0 0 -10 494.10 179.71 533.26 209.59 -10 -10 -10 -100    0 -1000 -1000 -10
497 124 pedestrian 0 0 -10 481.32 166.46 524.85 194.41 -10 -10 -10 -100    0 -1000 -1000 -10
497 118 pedestrian 0 0 -10 447.86 170.24 512.84 227.13 -10 -10 -10 -100    0 -1000 -1000 -10
497 30 pedestrian 0 0 -10 571.18 173.69 617.04 221.87 -10 -10 -10 -100    0 -1000 -1000 -10
497 115 pedestrian 0 0 -10 261.28 117.99 458.85 298.42 -10 -10 -10 -100    0 -1000 -1000 -10
497 3 pedestrian 0 0 -10 567.85 171.75 623.19 202.86 -10 -10 -10 -100    0 -1000 -1000 -10
497 105 pedestrian 0 0 -10 517.37 158.53 551.42 200.33 -10 -10 -10 -100    0 -1000 -1000 -10
497 104 pedestrian 0 0 -10 78.36 109.44 356.51 371.44 -10 -10 -10 -100    0 -1000 -1000 -10
498 123 pedestrian 0 0 -10 489.68 177.11 531.65 210.21 -10 -10 -10 -100    0 -1000 -1000 -10
498 124 pedestrian 0 0 -10 479.80 164.95 524.55 194.56 -10 -10 -10 -100    0 -1000 -1000 -10
498 118 pedestrian 0 0 -10 438.90 169.42 509.25 229.93 -10 -10 -10 -100    0 -1000 -1000 -10
498 30 pedestrian 0 0 -10 571.23 172.66 617.19 220.92 -10 -10 -10 -100    0 -1000 -1000 -10
498 115 pedestrian 0 0 -10 221.30 111.14 447.66 313.47 -10 -10 -10 -100    0 -1000 -1000 -10
498 3 pedestrian 0 0 -10 567.07 170.88 623.22 202.19 -10 -10 -10 -100    0 -1000 -1000 -10
498 105 pedestrian 0 0 -10 513.52 156.77 549.89 200.33 -10 -10 -10 -100    0 -1000 -1000 -10
498 104 pedestrian 0 0 -10 0.17 95.79 323.20 376.00 -10 -10 -10 -100    0 -1000 -1000 -10
499 123 pedestrian 0 0 -10 487.61 175.75 529.59 210.14 -10 -10 -10 -100    0 -1000 -1000 -10
499 124 pedestrian 0 0 -10 474.32 164.66 523.44 193.83 -10 -10 -10 -100    0 -1000 -1000 -10
499 118 pedestrian 0 0 -10 432.84 168.17 505.04 231.61 -10 -10 -10 -100    0 -1000 -1000 -10
499 30 pedestrian 0 0 -10 571.23 171.72 617.60 220.39 -10 -10 -10 -100    0 -1000 -1000 -10
499 115 pedestrian 0 0 -10 164.01 101.07 433.97 334.79 -10 -10 -10 -100    0 -1000 -1000 -10
499 3 pedestrian 0 0 -10 566.62 170.12 624.06 201.91 -10 -10 -10 -100    0 -1000 -1000 -10
499 105 pedestrian 0 0 -10 511.60 155.67 548.89 200.50 -10 -10 -10 -100    0 -1000 -1000 -10
499 104 pedestrian 0 0 -10 0.00 72.73 275.88 376.00 -10 -10 -10 -100    0 -1000 -1000 -10
500 123 pedestrian 0 0 -10 484.37 175.13 526.68 210.79 -10 -10 -10 -100    0 -1000 -1000 -10
500 124 pedestrian 0 0 -10 464.91 163.72 517.79 193.85 -10 -10 -10 -100    0 -1000 -1000 -10
500 118 pedestrian 0 0 -10 422.81 167.59 500.77 234.40 -10 -10 -10 -100    0 -1000 -1000 -10
500 30 pedestrian 0 0 -10 571.37 171.32 618.51 220.59 -10 -10 -10 -100    0 -1000 -1000 -10
500 115 pedestrian 0 0 -10 91.12 91.36 416.24 362.57 -10 -10 -10 -100    0 -1000 -1000 -10
500 3 pedestrian 0 0 -10 567.55 170.15 625.39 202.06 -10 -10 -10 -100    0 -1000 -1000 -10
500 105 pedestrian 0 0 -10 510.36 155.09 548.15 201.01 -10 -10 -10 -100    0 -1000 -1000 -10
500 104 pedestrian 0 0 -10 0.03 55.14 211.62 376.00 -10 -10 -10 -100    0 -1000 -1000 -10
501 123 pedestrian 0 0 -10 479.92 176.06 525.32 213.22 -10 -10 -10 -100    0 -1000 -1000 -10
501 124 pedestrian 0 0 -10 458.34 164.29 517.62 194.35 -10 -10 -10 -100    0 -1000 -1000 -10
501 127 pedestrian 0 0 -10 391.23 180.45 450.64 220.94 -10 -10 -10 -100    0 -1000 -1000 -10
501 118 pedestrian 0 0 -10 411.74 166.50 496.58 238.70 -10 -10 -10 -100    0 -1000 -1000 -10
501 30 pedestrian 0 0 -10 571.75 173.08 618.73 222.10 -10 -10 -10 -100    0 -1000 -1000 -10
501 115 pedestrian 0 0 -10 0.00 72.30 395.60 376.00 -10 -10 -10 -100    0 -1000 -1000 -10
501 3 pedestrian 0 0 -10 567.92 171.63 623.91 203.04 -10 -10 -10 -100    0 -1000 -1000 -10
501 105 pedestrian 0 0 -10 508.54 155.75 547.08 203.74 -10 -10 -10 -100    0 -1000 -1000 -10
501 104 pedestrian 0 0 -10 0.22 50.67 113.12 376.00 -10 -10 -10 -100    0 -1000 -1000 -10
502 123 pedestrian 0 0 -10 476.34 178.35 523.06 216.48 -10 -10 -10 -100    0 -1000 -1000 -10
502 124 pedestrian 0 0 -10 450.58 163.06 516.82 192.20 -10 -10 -10 -100    0 -1000 -1000 -10
502 127 pedestrian 0 0 -10 384.35 180.54 445.45 221.46 -10 -10 -10 -100    0 -1000 -1000 -10
502 118 pedestrian 0 0 -10 400.44 165.33 492.25 244.15 -10 -10 -10 -100    0 -1000 -1000 -10
502 30 pedestrian 0 0 -10 572.14 174.44 619.31 224.14 -10 -10 -10 -100    0 -1000 -1000 -10
502 115 pedestrian 0 0 -10 0.00 49.25 367.51 376.00 -10 -10 -10 -100    0 -1000 -1000 -10
502 3 pedestrian 0 0 -10 568.54 172.66 622.66 203.06 -10 -10 -10 -100    0 -1000 -1000 -10
502 105 pedestrian 0 0 -10 505.75 158.51 545.59 206.72 -10 -10 -10 -100    0 -1000 -1000 -10
503 123 pedestrian 0 0 -10 470.68 179.24 520.78 218.72 -10 -10 -10 -100    0 -1000 -1000 -10
503 124 pedestrian 0 0 -10 449.13 163.58 515.58 192.33 -10 -10 -10 -100    0 -1000 -1000 -10
503 127 pedestrian 0 0 -10 376.11 181.14 443.01 223.25 -10 -10 -10 -100    0 -1000 -1000 -10
503 118 pedestrian 0 0 -10 387.87 166.41 486.67 249.41 -10 -10 -10 -100    0 -1000 -1000 -10
503 30 pedestrian 0 0 -10 572.35 174.40 620.68 224.93 -10 -10 -10 -100    0 -1000 -1000 -10
503 115 pedestrian 0 0 -10 0.00 5.56 334.96 376.00 -10 -10 -10 -100    0 -1000 -1000 -10
503 3 pedestrian 0 0 -10 569.51 172.15 622.63 201.70 -10 -10 -10 -100    0 -1000 -1000 -10
503 105 pedestrian 0 0 -10 503.00 157.63 545.22 207.84 -10 -10 -10 -100    0 -1000 -1000 -10
504 103 pedestrian 0 0 -10 222.97 185.42 339.10 258.40 -10 -10 -10 -100    0 -1000 -1000 -10
504 123 pedestrian 0 0 -10 465.48 179.92 516.88 221.28 -10 -10 -10 -100    0 -1000 -1000 -10
504 124 pedestrian 0 0 -10 447.20 164.20 509.10 193.90 -10 -10 -10 -100    0 -1000 -1000 -10
504 127 pedestrian 0 0 -10 367.40 179.89 437.24 225.33 -10 -10 -10 -100    0 -1000 -1000 -10
504 118 pedestrian 0 0 -10 374.31 168.15 480.42 255.16 -10 -10 -10 -100    0 -1000 -1000 -10
504 30 pedestrian 0 0 -10 572.25 174.71 621.08 225.73 -10 -10 -10 -100    0 -1000 -1000 -10
504 115 pedestrian 0 0 -10 0.27 0.75 290.34 376.00 -10 -10 -10 -100    0 -1000 -1000 -10
504 3 pedestrian 0 0 -10 568.21 172.23 622.77 201.79 -10 -10 -10 -100    0 -1000 -1000 -10
504 105 pedestrian 0 0 -10 500.32 156.96 545.16 208.22 -10 -10 -10 -100    0 -1000 -1000 -10
505 103 pedestrian 0 0 -10 185.91 188.01 320.70 269.01 -10 -10 -10 -100    0 -1000 -1000 -10
505 123 pedestrian 0 0 -10 460.92 181.56 515.15 224.52 -10 -10 -10 -100    0 -1000 -1000 -10
505 124 pedestrian 0 0 -10 445.09 166.42 504.98 196.32 -10 -10 -10 -100    0 -1000 -1000 -10
505 127 pedestrian 0 0 -10 357.51 179.18 433.20 227.04 -10 -10 -10 -100    0 -1000 -1000 -10
505 118 pedestrian 0 0 -10 356.15 169.15 474.13 263.19 -10 -10 -10 -100    0 -1000 -1000 -10
505 30 pedestrian 0 0 -10 572.41 174.71 621.71 227.23 -10 -10 -10 -100    0 -1000 -1000 -10
505 129 pedestrian 0 0 -10 268.42 181.33 344.79 227.19 -10 -10 -10 -100    0 -1000 -1000 -10
505 115 pedestrian 0 0 -10 0.00 5.40 232.88 376.00 -10 -10 -10 -100    0 -1000 -1000 -10
505 3 pedestrian 0 0 -10 567.96 172.37 622.05 201.97 -10 -10 -10 -100    0 -1000 -1000 -10
505 105 pedestrian 0 0 -10 497.87 157.92 543.66 209.81 -10 -10 -10 -100    0 -1000 -1000 -10
506 130 pedestrian 0 0 -10 334.83 176.18 370.19 198.78 -10 -10 -10 -100    0 -1000 -1000 -10
506 103 pedestrian 0 0 -10 147.44 189.75 299.23 278.81 -10 -10 -10 -100    0 -1000 -1000 -10
506 123 pedestrian 0 0 -10 454.78 182.52 511.72 226.91 -10 -10 -10 -100    0 -1000 -1000 -10
506 124 pedestrian 0 0 -10 446.80 167.97 502.77 197.01 -10 -10 -10 -100    0 -1000 -1000 -10
506 126 pedestrian 0 0 -10 528.49 178.29 557.61 202.08 -10 -10 -10 -100    0 -1000 -1000 -10
506 127 pedestrian 0 0 -10 349.56 180.07 426.09 230.07 -10 -10 -10 -100    0 -1000 -1000 -10
506 118 pedestrian 0 0 -10 337.69 170.81 466.23 271.60 -10 -10 -10 -100    0 -1000 -1000 -10
506 30 pedestrian 0 0 -10 572.71 174.76 622.54 227.67 -10 -10 -10 -100    0 -1000 -1000 -10
506 129 pedestrian 0 0 -10 259.65 181.70 336.74 228.58 -10 -10 -10 -100    0 -1000 -1000 -10
506 115 pedestrian 0 0 -10 0.00 14.83 139.91 376.00 -10 -10 -10 -100    0 -1000 -1000 -10
506 3 pedestrian 0 0 -10 569.06 172.53 622.55 201.63 -10 -10 -10 -100    0 -1000 -1000 -10
506 105 pedestrian 0 0 -10 495.17 156.72 543.02 212.00 -10 -10 -10 -100    0 -1000 -1000 -10
507 103 pedestrian 0 0 -10 99.79 190.16 275.82 288.60 -10 -10 -10 -100    0 -1000 -1000 -10
507 123 pedestrian 0 0 -10 448.48 181.59 509.10 227.40 -10 -10 -10 -100    0 -1000 -1000 -10
507 124 pedestrian 0 0 -10 449.22 166.33 501.98 197.33 -10 -10 -10 -100    0 -1000 -1000 -10
507 126 pedestrian 0 0 -10 525.84 176.99 556.44 202.84 -10 -10 -10 -100    0 -1000 -1000 -10
507 127 pedestrian 0 0 -10 335.82 182.16 415.22 231.10 -10 -10 -10 -100    0 -1000 -1000 -10
507 118 pedestrian 0 0 -10 313.80 169.01 458.45 278.68 -10 -10 -10 -100    0 -1000 -1000 -10
507 30 pedestrian 0 0 -10 572.48 173.33 622.52 226.31 -10 -10 -10 -100    0 -1000 -1000 -10
507 129 pedestrian 0 0 -10 242.31 180.80 327.23 229.88 -10 -10 -10 -100    0 -1000 -1000 -10
507 114 pedestrian 0 0 -10 0.14 113.53 89.52 348.50 -10 -10 -10 -100    0 -1000 -1000 -10
507 3 pedestrian 0 0 -10 567.89 171.62 621.63 201.08 -10 -10 -10 -100    0 -1000 -1000 -10
507 105 pedestrian 0 0 -10 492.75 153.75 540.96 211.89 -10 -10 -10 -100    0 -1000 -1000 -10
508 103 pedestrian 0 0 -10 41.13 190.15 246.87 300.32 -10 -10 -10 -100    0 -1000 -1000 -10
508 123 pedestrian 0 0 -10 441.29 180.39 504.71 228.96 -10 -10 -10 -100    0 -1000 -1000 -10
508 124 pedestrian 0 0 -10 450.24 166.24 499.48 198.21 -10 -10 -10 -100    0 -1000 -1000 -10
508 126 pedestrian 0 0 -10 524.01 174.65 554.81 202.62 -10 -10 -10 -100    0 -1000 -1000 -10
508 127 pedestrian 0 0 -10 326.14 180.98 410.52 233.50 -10 -10 -10 -100    0 -1000 -1000 -10
508 118 pedestrian 0 0 -10 287.07 169.66 448.54 288.05 -10 -10 -10 -100    0 -1000 -1000 -10
508 30 pedestrian 0 0 -10 572.63 172.40 623.19 225.47 -10 -10 -10 -100    0 -1000 -1000 -10
508 129 pedestrian 0 0 -10 227.42 180.29 315.87 231.40 -10 -10 -10 -100    0 -1000 -1000 -10
508 3 pedestrian 0 0 -10 567.98 170.97 621.74 200.87 -10 -10 -10 -100    0 -1000 -1000 -10
508 105 pedestrian 0 0 -10 488.02 152.23 540.28 211.78 -10 -10 -10 -100    0 -1000 -1000 -10
509 125 pedestrian 0 0 -10 416.86 179.86 461.35 215.08 -10 -10 -10 -100    0 -1000 -1000 -10
509 103 pedestrian 0 0 -10 0.00 189.81 211.39 316.98 -10 -10 -10 -100    0 -1000 -1000 -10
509 123 pedestrian 0 0 -10 434.69 181.21 501.28 231.27 -10 -10 -10 -100    0 -1000 -1000 -10
509 124 pedestrian 0 0 -10 450.16 166.96 495.44 198.09 -10 -10 -10 -100    0 -1000 -1000 -10
509 126 pedestrian 0 0 -10 522.05 174.95 555.30 202.75 -10 -10 -10 -100    0 -1000 -1000 -10
509 127 pedestrian 0 0 -10 308.85 180.92 402.86 237.48 -10 -10 -10 -100    0 -1000 -1000 -10
509 118 pedestrian 0 0 -10 254.08 166.21 437.90 298.38 -10 -10 -10 -100    0 -1000 -1000 -10
509 30 pedestrian 0 0 -10 572.59 171.60 623.61 225.55 -10 -10 -10 -100    0 -1000 -1000 -10
509 129 pedestrian 0 0 -10 211.02 180.52 307.08 235.09 -10 -10 -10 -100    0 -1000 -1000 -10
509 3 pedestrian 0 0 -10 567.70 171.25 622.07 201.64 -10 -10 -10 -100    0 -1000 -1000 -10
509 105 pedestrian 0 0 -10 485.27 150.25 538.85 211.67 -10 -10 -10 -100    0 -1000 -1000 -10
510 125 pedestrian 0 0 -10 412.52 180.00 460.83 215.80 -10 -10 -10 -100    0 -1000 -1000 -10
510 103 pedestrian 0 0 -10 0.00 190.55 173.83 336.98 -10 -10 -10 -100    0 -1000 -1000 -10
510 123 pedestrian 0 0 -10 428.40 181.14 497.93 232.54 -10 -10 -10 -100    0 -1000 -1000 -10
510 124 pedestrian 0 0 -10 450.80 166.41 494.52 196.48 -10 -10 -10 -100    0 -1000 -1000 -10
510 126 pedestrian 0 0 -10 520.92 174.45 554.41 203.40 -10 -10 -10 -100    0 -1000 -1000 -10
510 127 pedestrian 0 0 -10 291.25 181.14 397.62 242.19 -10 -10 -10 -100    0 -1000 -1000 -10
510 118 pedestrian 0 0 -10 214.72 163.02 423.97 310.01 -10 -10 -10 -100    0 -1000 -1000 -10
510 30 pedestrian 0 0 -10 572.74 170.61 623.74 224.76 -10 -10 -10 -100    0 -1000 -1000 -10
510 129 pedestrian 0 0 -10 193.49 180.73 294.64 237.34 -10 -10 -10 -100    0 -1000 -1000 -10
510 3 pedestrian 0 0 -10 567.33 169.96 622.93 200.99 -10 -10 -10 -100    0 -1000 -1000 -10
510 105 pedestrian 0 0 -10 481.22 147.72 537.24 212.07 -10 -10 -10 -100    0 -1000 -1000 -10
511 125 pedestrian 0 0 -10 406.42 179.96 452.24 216.06 -10 -10 -10 -100    0 -1000 -1000 -10
511 103 pedestrian 0 0 -10 0.00 193.06 117.24 353.72 -10 -10 -10 -100    0 -1000 -1000 -10
511 123 pedestrian 0 0 -10 419.56 180.65 495.47 236.17 -10 -10 -10 -100    0 -1000 -1000 -10
511 124 pedestrian 0 0 -10 451.10 166.08 493.92 195.88 -10 -10 -10 -100    0 -1000 -1000 -10
511 126 pedestrian 0 0 -10 520.29 174.29 553.04 203.07 -10 -10 -10 -100    0 -1000 -1000 -10
511 127 pedestrian 0 0 -10 277.82 181.08 386.57 245.08 -10 -10 -10 -100    0 -1000 -1000 -10
511 118 pedestrian 0 0 -10 165.66 160.53 408.63 327.25 -10 -10 -10 -100    0 -1000 -1000 -10
511 30 pedestrian 0 0 -10 572.69 170.77 624.89 226.68 -10 -10 -10 -100    0 -1000 -1000 -10
511 129 pedestrian 0 0 -10 188.58 178.72 291.02 239.37 -10 -10 -10 -100    0 -1000 -1000 -10
511 3 pedestrian 0 0 -10 568.25 169.88 627.67 201.82 -10 -10 -10 -100    0 -1000 -1000 -10
511 105 pedestrian 0 0 -10 477.91 146.65 535.79 213.95 -10 -10 -10 -100    0 -1000 -1000 -10
512 119 pedestrian 0 0 -10 0.00 192.73 119.92 284.65 -10 -10 -10 -100    0 -1000 -1000 -10
512 125 pedestrian 0 0 -10 402.93 181.44 449.00 218.91 -10 -10 -10 -100    0 -1000 -1000 -10
512 123 pedestrian 0 0 -10 410.43 180.65 490.33 240.35 -10 -10 -10 -100    0 -1000 -1000 -10
512 124 pedestrian 0 0 -10 452.11 166.27 490.64 198.44 -10 -10 -10 -100    0 -1000 -1000 -10
512 128 pedestrian 0 0 -10 362.23 182.05 408.08 215.11 -10 -10 -10 -100    0 -1000 -1000 -10
512 126 pedestrian 0 0 -10 517.86 174.82 550.46 204.42 -10 -10 -10 -100    0 -1000 -1000 -10
512 127 pedestrian 0 0 -10 257.65 182.62 372.70 248.62 -10 -10 -10 -100    0 -1000 -1000 -10
512 118 pedestrian 0 0 -10 101.73 159.13 391.37 351.20 -10 -10 -10 -100    0 -1000 -1000 -10
512 30 pedestrian 0 0 -10 573.49 171.47 626.01 227.54 -10 -10 -10 -100    0 -1000 -1000 -10
512 129 pedestrian 0 0 -10 154.12 179.79 267.73 243.37 -10 -10 -10 -100    0 -1000 -1000 -10
512 3 pedestrian 0 0 -10 568.99 170.73 631.09 202.54 -10 -10 -10 -100    0 -1000 -1000 -10
512 105 pedestrian 0 0 -10 473.83 146.55 534.67 216.43 -10 -10 -10 -100    0 -1000 -1000 -10
513 125 pedestrian 0 0 -10 356.78 180.93 446.59 218.65 -10 -10 -10 -100    0 -1000 -1000 -10
513 123 pedestrian 0 0 -10 400.48 181.76 485.06 244.31 -10 -10 -10 -100    0 -1000 -1000 -10
513 124 pedestrian 0 0 -10 444.76 171.06 487.05 199.57 -10 -10 -10 -100    0 -1000 -1000 -10
513 126 pedestrian 0 0 -10 516.39 175.44 550.18 209.12 -10 -10 -10 -100    0 -1000 -1000 -10
513 119 pedestrian 0 0 -10 0.00 191.83 84.10 294.22 -10 -10 -10 -100    0 -1000 -1000 -10
513 127 pedestrian 0 0 -10 237.57 185.82 362.63 253.59 -10 -10 -10 -100    0 -1000 -1000 -10
513 118 pedestrian 0 0 -10 17.05 157.18 370.46 376.00 -10 -10 -10 -100    0 -1000 -1000 -10
513 30 pedestrian 0 0 -10 573.95 171.69 627.11 227.26 -10 -10 -10 -100    0 -1000 -1000 -10
513 129 pedestrian 0 0 -10 137.07 181.47 250.67 246.40 -10 -10 -10 -100    0 -1000 -1000 -10
513 3 pedestrian 0 0 -10 570.68 170.56 634.31 202.55 -10 -10 -10 -100    0 -1000 -1000 -10
513 105 pedestrian 0 0 -10 468.18 146.79 533.15 218.39 -10 -10 -10 -100    0 -1000 -1000 -10
514 125 pedestrian 0 0 -10 351.53 180.94 431.74 217.18 -10 -10 -10 -100    0 -1000 -1000 -10
514 123 pedestrian 0 0 -10 389.72 182.08 480.30 247.57 -10 -10 -10 -100    0 -1000 -1000 -10
514 124 pedestrian 0 0 -10 430.89 174.22 475.78 202.17 -10 -10 -10 -100    0 -1000 -1000 -10
514 126 pedestrian 0 0 -10 515.50 174.33 549.61 208.30 -10 -10 -10 -100    0 -1000 -1000 -10
514 127 pedestrian 0 0 -10 220.52 184.30 351.05 255.85 -10 -10 -10 -100    0 -1000 -1000 -10
514 118 pedestrian 0 0 -10 0.00 153.28 346.46 376.00 -10 -10 -10 -100    0 -1000 -1000 -10
514 30 pedestrian 0 0 -10 574.35 170.54 628.30 227.28 -10 -10 -10 -100    0 -1000 -1000 -10
514 129 pedestrian 0 0 -10 104.37 177.80 242.57 249.45 -10 -10 -10 -100    0 -1000 -1000 -10
514 3 pedestrian 0 0 -10 570.71 168.36 639.30 199.90 -10 -10 -10 -100    0 -1000 -1000 -10
514 105 pedestrian 0 0 -10 462.79 145.27 530.68 219.45 -10 -10 -10 -100    0 -1000 -1000 -10
515 125 pedestrian 0 0 -10 345.71 181.11 430.47 217.31 -10 -10 -10 -100    0 -1000 -1000 -10
515 123 pedestrian 0 0 -10 376.64 183.69 473.91 252.12 -10 -10 -10 -100    0 -1000 -1000 -10
515 124 pedestrian 0 0 -10 426.08 174.76 469.41 203.34 -10 -10 -10 -100    0 -1000 -1000 -10
515 126 pedestrian 0 0 -10 513.49 173.56 549.23 209.50 -10 -10 -10 -100    0 -1000 -1000 -10
515 131 pedestrian 0 0 -10 535.98 172.48 564.96 193.92 -10 -10 -10 -100    0 -1000 -1000 -10
515 127 pedestrian 0 0 -10 192.18 184.97 337.06 261.64 -10 -10 -10 -100    0 -1000 -1000 -10
515 118 pedestrian 0 0 -10 0.20 154.83 313.30 376.00 -10 -10 -10 -100    0 -1000 -1000 -10
515 30 pedestrian 0 0 -10 574.88 170.18 629.32 227.99 -10 -10 -10 -100    0 -1000 -1000 -10
515 129 pedestrian 0 0 -10 71.85 178.70 218.82 254.77 -10 -10 -10 -100    0 -1000 -1000 -10
515 3 pedestrian 0 0 -10 571.12 168.06 643.43 200.65 -10 -10 -10 -100    0 -1000 -1000 -10
515 105 pedestrian 0 0 -10 457.34 144.04 528.01 221.12 -10 -10 -10 -100    0 -1000 -1000 -10
516 125 pedestrian 0 0 -10 339.17 180.63 430.99 216.87 -10 -10 -10 -100    0 -1000 -1000 -10
516 123 pedestrian 0 0 -10 363.44 184.25 467.58 257.57 -10 -10 -10 -100    0 -1000 -1000 -10
516 126 pedestrian 0 0 -10 511.36 173.73 548.83 210.96 -10 -10 -10 -100    0 -1000 -1000 -10
516 131 pedestrian 0 0 -10 535.46 171.65 564.91 195.03 -10 -10 -10 -100    0 -1000 -1000 -10
516 127 pedestrian 0 0 -10 167.61 186.65 323.85 268.61 -10 -10 -10 -100    0 -1000 -1000 -10
516 118 pedestrian 0 0 -10 0.37 152.31 273.64 376.00 -10 -10 -10 -100    0 -1000 -1000 -10
516 30 pedestrian 0 0 -10 575.16 169.82 630.20 228.66 -10 -10 -10 -100    0 -1000 -1000 -10
516 129 pedestrian 0 0 -10 56.80 180.48 208.56 254.88 -10 -10 -10 -100    0 -1000 -1000 -10
516 3 pedestrian 0 0 -10 571.20 167.47 645.87 200.47 -10 -10 -10 -100    0 -1000 -1000 -10
516 105 pedestrian 0 0 -10 451.17 142.75 526.53 223.72 -10 -10 -10 -100    0 -1000 -1000 -10
517 125 pedestrian 0 0 -10 330.87 180.84 448.14 219.92 -10 -10 -10 -100    0 -1000 -1000 -10
517 123 pedestrian 0 0 -10 347.17 185.11 461.05 263.54 -10 -10 -10 -100    0 -1000 -1000 -10
517 126 pedestrian 0 0 -10 509.25 174.38 547.12 211.03 -10 -10 -10 -100    0 -1000 -1000 -10
517 131 pedestrian 0 0 -10 535.99 173.02 565.32 195.44 -10 -10 -10 -100    0 -1000 -1000 -10
517 127 pedestrian 0 0 -10 132.75 186.79 309.20 276.68 -10 -10 -10 -100    0 -1000 -1000 -10
517 118 pedestrian 0 0 -10 0.00 153.41 224.25 376.00 -10 -10 -10 -100    0 -1000 -1000 -10
517 30 pedestrian 0 0 -10 575.54 170.91 630.38 228.31 -10 -10 -10 -100    0 -1000 -1000 -10
517 129 pedestrian 0 0 -10 25.97 182.42 192.07 261.28 -10 -10 -10 -100    0 -1000 -1000 -10
517 3 pedestrian 0 0 -10 570.82 168.01 648.31 200.90 -10 -10 -10 -100    0 -1000 -1000 -10
517 105 pedestrian 0 0 -10 444.98 142.21 524.07 226.68 -10 -10 -10 -100    0 -1000 -1000 -10
518 125 pedestrian 0 0 -10 322.37 181.67 459.54 224.80 -10 -10 -10 -100    0 -1000 -1000 -10
518 123 pedestrian 0 0 -10 328.41 185.83 453.11 270.91 -10 -10 -10 -100    0 -1000 -1000 -10
518 126 pedestrian 0 0 -10 506.80 174.58 545.85 211.41 -10 -10 -10 -100    0 -1000 -1000 -10
518 127 pedestrian 0 0 -10 95.94 188.21 292.47 286.53 -10 -10 -10 -100    0 -1000 -1000 -10
518 118 pedestrian 0 0 -10 0.00 157.53 157.04 376.00 -10 -10 -10 -100    0 -1000 -1000 -10
518 30 pedestrian 0 0 -10 575.65 171.51 632.32 230.74 -10 -10 -10 -100    0 -1000 -1000 -10
518 129 pedestrian 0 0 -10 0.00 183.66 168.90 271.24 -10 -10 -10 -100    0 -1000 -1000 -10
518 3 pedestrian 0 0 -10 571.62 168.46 647.50 201.04 -10 -10 -10 -100    0 -1000 -1000 -10
518 105 pedestrian 0 0 -10 437.98 141.93 521.01 230.15 -10 -10 -10 -100    0 -1000 -1000 -10
519 125 pedestrian 0 0 -10 314.13 181.76 455.57 226.47 -10 -10 -10 -100    0 -1000 -1000 -10
519 123 pedestrian 0 0 -10 307.59 185.67 444.72 279.11 -10 -10 -10 -100    0 -1000 -1000 -10
519 126 pedestrian 0 0 -10 503.91 173.79 544.47 212.87 -10 -10 -10 -100    0 -1000 -1000 -10
519 127 pedestrian 0 0 -10 56.11 189.82 273.71 296.86 -10 -10 -10 -100    0 -1000 -1000 -10
519 30 pedestrian 0 0 -10 576.01 172.23 632.68 231.58 -10 -10 -10 -100    0 -1000 -1000 -10
519 129 pedestrian 0 0 -10 0.00 185.18 145.37 277.55 -10 -10 -10 -100    0 -1000 -1000 -10
519 3 pedestrian 0 0 -10 569.86 169.12 647.38 201.59 -10 -10 -10 -100    0 -1000 -1000 -10
519 105 pedestrian 0 0 -10 432.15 141.20 518.23 233.17 -10 -10 -10 -100    0 -1000 -1000 -10
520 123 pedestrian 0 0 -10 282.68 186.45 434.15 287.82 -10 -10 -10 -100    0 -1000 -1000 -10
520 126 pedestrian 0 0 -10 501.93 173.02 543.68 214.05 -10 -10 -10 -100    0 -1000 -1000 -10
520 127 pedestrian 0 0 -10 5.77 190.78 252.41 307.56 -10 -10 -10 -100    0 -1000 -1000 -10
520 30 pedestrian 0 0 -10 576.61 172.13 633.53 231.45 -10 -10 -10 -100    0 -1000 -1000 -10
520 129 pedestrian 0 0 -10 0.13 186.05 118.64 283.64 -10 -10 -10 -100    0 -1000 -1000 -10
520 125 pedestrian 0 0 -10 305.48 182.65 450.13 229.15 -10 -10 -10 -100    0 -1000 -1000 -10
520 3 pedestrian 0 0 -10 569.98 168.74 647.14 201.06 -10 -10 -10 -100    0 -1000 -1000 -10
520 105 pedestrian 0 0 -10 423.79 139.88 514.92 236.94 -10 -10 -10 -100    0 -1000 -1000 -10
521 123 pedestrian 0 0 -10 252.92 186.22 424.37 299.05 -10 -10 -10 -100    0 -1000 -1000 -10
521 126 pedestrian 0 0 -10 498.23 173.03 541.92 215.11 -10 -10 -10 -100    0 -1000 -1000 -10
521 131 pedestrian 0 0 -10 535.36 151.59 564.50 193.51 -10 -10 -10 -100    0 -1000 -1000 -10
521 127 pedestrian 0 0 -10 0.79 191.43 227.52 319.28 -10 -10 -10 -100    0 -1000 -1000 -10
521 30 pedestrian 0 0 -10 577.06 171.91 634.66 231.46 -10 -10 -10 -100    0 -1000 -1000 -10
521 129 pedestrian 0 0 -10 0.00 189.24 94.70 287.97 -10 -10 -10 -100    0 -1000 -1000 -10
521 125 pedestrian 0 0 -10 297.15 182.36 443.87 231.04 -10 -10 -10 -100    0 -1000 -1000 -10
521 3 pedestrian 0 0 -10 571.04 167.82 644.21 201.20 -10 -10 -10 -100    0 -1000 -1000 -10
521 105 pedestrian 0 0 -10 415.48 136.13 512.84 239.68 -10 -10 -10 -100    0 -1000 -1000 -10
522 123 pedestrian 0 0 -10 217.39 187.77 409.86 310.96 -10 -10 -10 -100    0 -1000 -1000 -10
522 126 pedestrian 0 0 -10 495.23 173.58 541.06 216.62 -10 -10 -10 -100    0 -1000 -1000 -10
522 131 pedestrian 0 0 -10 534.41 151.96 564.79 193.76 -10 -10 -10 -100    0 -1000 -1000 -10
522 127 pedestrian 0 0 -10 0.00 192.86 200.07 335.67 -10 -10 -10 -100    0 -1000 -1000 -10
522 30 pedestrian 0 0 -10 577.17 171.36 635.16 233.32 -10 -10 -10 -100    0 -1000 -1000 -10
522 129 pedestrian 0 0 -10 0.00 190.60 68.55 286.24 -10 -10 -10 -100    0 -1000 -1000 -10
522 125 pedestrian 0 0 -10 293.15 181.15 435.27 230.88 -10 -10 -10 -100    0 -1000 -1000 -10
522 3 pedestrian 0 0 -10 573.55 171.49 639.90 219.00 -10 -10 -10 -100    0 -1000 -1000 -10
522 105 pedestrian 0 0 -10 405.43 134.13 510.46 243.32 -10 -10 -10 -100    0 -1000 -1000 -10
523 123 pedestrian 0 0 -10 174.44 190.89 396.39 325.77 -10 -10 -10 -100    0 -1000 -1000 -10
523 126 pedestrian 0 0 -10 492.27 173.12 539.92 216.64 -10 -10 -10 -100    0 -1000 -1000 -10
523 131 pedestrian 0 0 -10 533.66 151.38 565.29 192.95 -10 -10 -10 -100    0 -1000 -1000 -10
523 127 pedestrian 0 0 -10 0.00 195.08 168.99 344.13 -10 -10 -10 -100    0 -1000 -1000 -10
523 30 pedestrian 0 0 -10 577.53 170.57 636.23 233.55 -10 -10 -10 -100    0 -1000 -1000 -10
523 125 pedestrian 0 0 -10 284.51 180.81 415.53 229.06 -10 -10 -10 -100    0 -1000 -1000 -10
523 3 pedestrian 0 0 -10 576.06 170.82 643.54 218.76 -10 -10 -10 -100    0 -1000 -1000 -10
523 105 pedestrian 0 0 -10 394.46 131.74 507.01 247.66 -10 -10 -10 -100    0 -1000 -1000 -10
524 123 pedestrian 0 0 -10 121.59 192.06 380.31 344.33 -10 -10 -10 -100    0 -1000 -1000 -10
524 128 pedestrian 0 0 -10 287.84 184.05 382.33 241.19 -10 -10 -10 -100    0 -1000 -1000 -10
524 126 pedestrian 0 0 -10 488.66 172.39 538.84 217.77 -10 -10 -10 -100    0 -1000 -1000 -10
524 131 pedestrian 0 0 -10 533.28 150.78 565.14 193.30 -10 -10 -10 -100    0 -1000 -1000 -10
524 127 pedestrian 0 0 -10 0.00 197.72 133.76 345.33 -10 -10 -10 -100    0 -1000 -1000 -10
524 30 pedestrian 0 0 -10 577.46 170.10 637.30 233.86 -10 -10 -10 -100    0 -1000 -1000 -10
524 3 pedestrian 0 0 -10 574.88 171.42 646.05 219.13 -10 -10 -10 -100    0 -1000 -1000 -10
524 105 pedestrian 0 0 -10 382.98 130.07 502.55 252.59 -10 -10 -10 -100    0 -1000 -1000 -10
525 132 pedestrian 0 0 -10 489.93 160.99 537.62 190.05 -10 -10 -10 -100    0 -1000 -1000 -10
525 123 pedestrian 0 0 -10 53.22 192.93 359.85 369.66 -10 -10 -10 -100    0 -1000 -1000 -10
525 124 pedestrian 0 0 -10 353.67 180.56 427.27 228.38 -10 -10 -10 -100    0 -1000 -1000 -10
525 128 pedestrian 0 0 -10 270.03 184.16 373.74 245.25 -10 -10 -10 -100    0 -1000 -1000 -10
525 126 pedestrian 0 0 -10 485.71 172.22 536.67 219.34 -10 -10 -10 -100    0 -1000 -1000 -10
525 131 pedestrian 0 0 -10 533.16 150.13 565.44 192.86 -10 -10 -10 -100    0 -1000 -1000 -10
525 127 pedestrian 0 0 -10 0.00 197.81 89.24 347.26 -10 -10 -10 -100    0 -1000 -1000 -10
525 30 pedestrian 0 0 -10 577.70 169.85 638.04 234.17 -10 -10 -10 -100    0 -1000 -1000 -10
525 3 pedestrian 0 0 -10 575.08 171.07 647.40 219.27 -10 -10 -10 -100    0 -1000 -1000 -10
525 105 pedestrian 0 0 -10 367.60 127.84 498.90 257.70 -10 -10 -10 -100    0 -1000 -1000 -10
526 133 pedestrian 0 0 -10 248.32 182.83 326.27 223.47 -10 -10 -10 -100    0 -1000 -1000 -10
526 132 pedestrian 0 0 -10 485.41 160.85 535.72 190.37 -10 -10 -10 -100    0 -1000 -1000 -10
526 123 pedestrian 0 0 -10 0.38 194.56 337.92 376.00 -10 -10 -10 -100    0 -1000 -1000 -10
526 124 pedestrian 0 0 -10 342.93 180.13 421.57 232.46 -10 -10 -10 -100    0 -1000 -1000 -10
526 128 pedestrian 0 0 -10 245.44 184.55 362.66 250.53 -10 -10 -10 -100    0 -1000 -1000 -10
526 126 pedestrian 0 0 -10 481.77 171.26 535.07 220.77 -10 -10 -10 -100    0 -1000 -1000 -10
526 131 pedestrian 0 0 -10 532.77 150.03 565.51 193.07 -10 -10 -10 -100    0 -1000 -1000 -10
526 30 pedestrian 0 0 -10 578.19 169.51 638.54 234.17 -10 -10 -10 -100    0 -1000 -1000 -10
526 3 pedestrian 0 0 -10 576.13 170.61 649.53 219.62 -10 -10 -10 -100    0 -1000 -1000 -10
526 105 pedestrian 0 0 -10 350.33 125.05 493.10 263.58 -10 -10 -10 -100    0 -1000 -1000 -10
527 132 pedestrian 0 0 -10 479.86 159.99 534.85 191.84 -10 -10 -10 -100    0 -1000 -1000 -10
527 133 pedestrian 0 0 -10 236.85 183.31 318.15 226.36 -10 -10 -10 -100    0 -1000 -1000 -10
527 123 pedestrian 0 0 -10 0.32 196.27 309.87 376.00 -10 -10 -10 -100    0 -1000 -1000 -10
527 124 pedestrian 0 0 -10 334.39 181.25 411.97 232.71 -10 -10 -10 -100    0 -1000 -1000 -10
527 128 pedestrian 0 0 -10 228.63 184.52 351.77 253.76 -10 -10 -10 -100    0 -1000 -1000 -10
527 126 pedestrian 0 0 -10 477.61 171.11 532.91 222.45 -10 -10 -10 -100    0 -1000 -1000 -10
527 131 pedestrian 0 0 -10 531.00 149.54 564.50 193.03 -10 -10 -10 -100    0 -1000 -1000 -10
527 30 pedestrian 0 0 -10 578.08 169.20 638.99 234.50 -10 -10 -10 -100    0 -1000 -1000 -10
527 3 pedestrian 0 0 -10 577.70 169.14 651.28 219.38 -10 -10 -10 -100    0 -1000 -1000 -10
527 105 pedestrian 0 0 -10 333.85 121.70 488.38 269.08 -10 -10 -10 -100    0 -1000 -1000 -10
528 133 pedestrian 0 0 -10 227.41 182.72 321.21 230.75 -10 -10 -10 -100    0 -1000 -1000 -10
528 123 pedestrian 0 0 -10 0.25 200.83 275.21 376.00 -10 -10 -10 -100    0 -1000 -1000 -10
528 124 pedestrian 0 0 -10 323.45 178.67 408.06 235.08 -10 -10 -10 -100    0 -1000 -1000 -10
528 128 pedestrian 0 0 -10 201.33 185.62 337.61 261.10 -10 -10 -10 -100    0 -1000 -1000 -10
528 126 pedestrian 0 0 -10 472.06 172.45 531.31 225.34 -10 -10 -10 -100    0 -1000 -1000 -10
528 132 pedestrian 0 0 -10 470.37 162.41 535.90 200.16 -10 -10 -10 -100    0 -1000 -1000 -10
528 134 pedestrian 0 0 -10 502.44 175.09 539.53 211.32 -10 -10 -10 -100    0 -1000 -1000 -10
528 131 pedestrian 0 0 -10 530.28 149.13 564.40 193.13 -10 -10 -10 -100    0 -1000 -1000 -10
528 30 pedestrian 0 0 -10 577.69 170.19 639.39 236.11 -10 -10 -10 -100    0 -1000 -1000 -10
528 3 pedestrian 0 0 -10 578.89 166.91 652.46 219.58 -10 -10 -10 -100    0 -1000 -1000 -10
528 105 pedestrian 0 0 -10 312.58 117.33 482.78 277.19 -10 -10 -10 -100    0 -1000 -1000 -10
529 133 pedestrian 0 0 -10 223.74 183.17 314.17 231.64 -10 -10 -10 -100    0 -1000 -1000 -10
529 123 pedestrian 0 0 -10 0.00 204.71 234.80 376.00 -10 -10 -10 -100    0 -1000 -1000 -10
529 124 pedestrian 0 0 -10 308.20 181.25 399.31 238.38 -10 -10 -10 -100    0 -1000 -1000 -10
529 128 pedestrian 0 0 -10 173.98 186.94 323.60 267.32 -10 -10 -10 -100    0 -1000 -1000 -10
529 126 pedestrian 0 0 -10 466.00 172.44 527.59 227.45 -10 -10 -10 -100    0 -1000 -1000 -10
529 132 pedestrian 0 0 -10 460.53 163.27 533.59 204.54 -10 -10 -10 -100    0 -1000 -1000 -10
529 134 pedestrian 0 0 -10 499.55 176.76 538.18 211.48 -10 -10 -10 -100    0 -1000 -1000 -10
529 131 pedestrian 0 0 -10 529.97 148.89 564.13 193.04 -10 -10 -10 -100    0 -1000 -1000 -10
529 30 pedestrian 0 0 -10 577.52 170.78 640.01 237.54 -10 -10 -10 -100    0 -1000 -1000 -10
529 3 pedestrian 0 0 -10 578.50 166.26 653.09 218.74 -10 -10 -10 -100    0 -1000 -1000 -10
529 105 pedestrian 0 0 -10 288.53 114.64 476.59 286.24 -10 -10 -10 -100    0 -1000 -1000 -10
530 133 pedestrian 0 0 -10 210.58 185.14 292.23 231.96 -10 -10 -10 -100    0 -1000 -1000 -10
530 123 pedestrian 0 0 -10 0.00 209.97 181.61 376.00 -10 -10 -10 -100    0 -1000 -1000 -10
530 124 pedestrian 0 0 -10 293.41 183.46 392.03 243.55 -10 -10 -10 -100    0 -1000 -1000 -10
530 128 pedestrian 0 0 -10 144.21 188.91 306.20 275.72 -10 -10 -10 -100    0 -1000 -1000 -10
530 126 pedestrian 0 0 -10 460.24 172.68 524.87 230.62 -10 -10 -10 -100    0 -1000 -1000 -10
530 132 pedestrian 0 0 -10 456.82 165.52 533.45 206.14 -10 -10 -10 -100    0 -1000 -1000 -10
530 134 pedestrian 0 0 -10 496.59 176.13 537.37 212.68 -10 -10 -10 -100    0 -1000 -1000 -10
530 131 pedestrian 0 0 -10 528.79 149.37 563.39 194.54 -10 -10 -10 -100    0 -1000 -1000 -10
530 30 pedestrian 0 0 -10 577.31 171.82 640.04 239.17 -10 -10 -10 -100    0 -1000 -1000 -10
530 3 pedestrian 0 0 -10 578.42 167.62 652.90 218.76 -10 -10 -10 -100    0 -1000 -1000 -10
530 105 pedestrian 0 0 -10 260.67 109.99 469.17 297.40 -10 -10 -10 -100    0 -1000 -1000 -10
531 133 pedestrian 0 0 -10 186.62 183.85 265.07 233.91 -10 -10 -10 -100    0 -1000 -1000 -10
531 123 pedestrian 0 0 -10 0.00 216.60 107.59 376.00 -10 -10 -10 -100    0 -1000 -1000 -10
531 124 pedestrian 0 0 -10 272.24 181.35 374.14 248.37 -10 -10 -10 -100    0 -1000 -1000 -10
531 128 pedestrian 0 0 -10 107.36 190.29 290.63 284.40 -10 -10 -10 -100    0 -1000 -1000 -10
531 126 pedestrian 0 0 -10 454.58 173.46 521.82 233.89 -10 -10 -10 -100    0 -1000 -1000 -10
531 132 pedestrian 0 0 -10 451.01 166.59 530.87 207.03 -10 -10 -10 -100    0 -1000 -1000 -10
531 134 pedestrian 0 0 -10 491.64 176.62 535.51 215.67 -10 -10 -10 -100    0 -1000 -1000 -10
531 131 pedestrian 0 0 -10 526.58 149.56 563.39 196.29 -10 -10 -10 -100    0 -1000 -1000 -10
531 30 pedestrian 0 0 -10 577.14 172.98 640.61 240.15 -10 -10 -10 -100    0 -1000 -1000 -10
531 3 pedestrian 0 0 -10 577.02 168.78 655.30 219.41 -10 -10 -10 -100    0 -1000 -1000 -10
531 105 pedestrian 0 0 -10 228.86 102.96 460.55 310.83 -10 -10 -10 -100    0 -1000 -1000 -10
532 133 pedestrian 0 0 -10 166.66 182.77 234.88 231.29 -10 -10 -10 -100    0 -1000 -1000 -10
532 124 pedestrian 0 0 -10 255.82 181.33 367.30 251.71 -10 -10 -10 -100    0 -1000 -1000 -10
532 128 pedestrian 0 0 -10 65.93 191.68 265.18 294.56 -10 -10 -10 -100    0 -1000 -1000 -10
532 126 pedestrian 0 0 -10 448.07 173.71 518.89 236.70 -10 -10 -10 -100    0 -1000 -1000 -10
532 132 pedestrian 0 0 -10 438.68 167.54 531.94 207.88 -10 -10 -10 -100    0 -1000 -1000 -10
532 134 pedestrian 0 0 -10 488.20 176.47 532.86 215.65 -10 -10 -10 -100    0 -1000 -1000 -10
532 131 pedestrian 0 0 -10 526.43 148.71 563.17 195.58 -10 -10 -10 -100    0 -1000 -1000 -10
532 30 pedestrian 0 0 -10 577.16 172.47 640.91 240.12 -10 -10 -10 -100    0 -1000 -1000 -10
532 3 pedestrian 0 0 -10 578.32 168.61 655.01 218.15 -10 -10 -10 -100    0 -1000 -1000 -10
532 105 pedestrian 0 0 -10 189.38 96.42 451.66 325.97 -10 -10 -10 -100    0 -1000 -1000 -10
533 133 pedestrian 0 0 -10 131.20 182.56 196.83 235.04 -10 -10 -10 -100    0 -1000 -1000 -10
533 124 pedestrian 0 0 -10 230.54 184.18 356.97 255.85 -10 -10 -10 -100    0 -1000 -1000 -10
533 128 pedestrian 0 0 -10 17.58 193.87 242.63 305.36 -10 -10 -10 -100    0 -1000 -1000 -10
533 126 pedestrian 0 0 -10 440.75 174.55 515.42 240.11 -10 -10 -10 -100    0 -1000 -1000 -10
533 132 pedestrian 0 0 -10 416.32 169.29 536.10 209.18 -10 -10 -10 -100    0 -1000 -1000 -10
533 134 pedestrian 0 0 -10 486.28 176.34 530.08 215.84 -10 -10 -10 -100    0 -1000 -1000 -10
533 131 pedestrian 0 0 -10 525.39 147.89 563.00 194.81 -10 -10 -10 -100    0 -1000 -1000 -10
533 30 pedestrian 0 0 -10 577.54 171.58 641.75 240.45 -10 -10 -10 -100    0 -1000 -1000 -10
533 3 pedestrian 0 0 -10 578.25 167.31 654.21 217.94 -10 -10 -10 -100    0 -1000 -1000 -10
533 105 pedestrian 0 0 -10 141.20 87.26 442.04 343.71 -10 -10 -10 -100    0 -1000 -1000 -10
534 124 pedestrian 0 0 -10 209.13 183.84 340.02 259.40 -10 -10 -10 -100    0 -1000 -1000 -10
534 128 pedestrian 0 0 -10 0.04 195.13 209.11 321.75 -10 -10 -10 -100    0 -1000 -1000 -10
534 126 pedestrian 0 0 -10 432.88 174.40 512.87 243.24 -10 -10 -10 -100    0 -1000 -1000 -10
534 132 pedestrian 0 0 -10 422.05 167.00 542.62 206.01 -10 -10 -10 -100    0 -1000 -1000 -10
534 134 pedestrian 0 0 -10 481.92 176.37 529.34 216.62 -10 -10 -10 -100    0 -1000 -1000 -10
534 131 pedestrian 0 0 -10 525.26 147.65 562.22 194.61 -10 -10 -10 -100    0 -1000 -1000 -10
534 30 pedestrian 0 0 -10 577.57 171.60 642.12 240.68 -10 -10 -10 -100    0 -1000 -1000 -10
534 3 pedestrian 0 0 -10 577.03 167.47 655.94 217.83 -10 -10 -10 -100    0 -1000 -1000 -10
534 105 pedestrian 0 0 -10 78.57 75.58 429.88 369.61 -10 -10 -10 -100    0 -1000 -1000 -10
535 124 pedestrian 0 0 -10 168.83 184.61 317.41 267.81 -10 -10 -10 -100    0 -1000 -1000 -10
535 128 pedestrian 0 0 -10 0.16 198.37 166.47 335.96 -10 -10 -10 -100    0 -1000 -1000 -10
535 126 pedestrian 0 0 -10 424.81 174.51 508.98 247.79 -10 -10 -10 -100    0 -1000 -1000 -10
535 132 pedestrian 0 0 -10 436.74 166.33 544.49 204.97 -10 -10 -10 -100    0 -1000 -1000 -10
535 134 pedestrian 0 0 -10 477.85 176.53 527.24 218.31 -10 -10 -10 -100    0 -1000 -1000 -10
535 131 pedestrian 0 0 -10 524.12 147.23 561.98 195.54 -10 -10 -10 -100    0 -1000 -1000 -10
535 30 pedestrian 0 0 -10 577.55 171.59 642.65 241.55 -10 -10 -10 -100    0 -1000 -1000 -10
535 3 pedestrian 0 0 -10 577.26 167.71 656.88 218.45 -10 -10 -10 -100    0 -1000 -1000 -10
535 105 pedestrian 0 0 -10 0.00 62.15 417.74 376.00 -10 -10 -10 -100    0 -1000 -1000 -10
536 124 pedestrian 0 0 -10 133.90 188.66 294.50 277.79 -10 -10 -10 -100    0 -1000 -1000 -10
536 128 pedestrian 0 0 -10 0.01 202.54 136.36 352.31 -10 -10 -10 -100    0 -1000 -1000 -10
536 126 pedestrian 0 0 -10 415.47 173.85 504.80 251.07 -10 -10 -10 -100    0 -1000 -1000 -10
536 132 pedestrian 0 0 -10 447.19 167.28 535.85 199.78 -10 -10 -10 -100    0 -1000 -1000 -10
536 134 pedestrian 0 0 -10 474.83 176.29 526.11 219.78 -10 -10 -10 -100    0 -1000 -1000 -10
536 131 pedestrian 0 0 -10 523.41 146.83 563.07 196.67 -10 -10 -10 -100    0 -1000 -1000 -10
536 30 pedestrian 0 0 -10 577.30 171.74 643.31 242.71 -10 -10 -10 -100    0 -1000 -1000 -10
536 3 pedestrian 0 0 -10 577.59 166.94 656.62 218.97 -10 -10 -10 -100    0 -1000 -1000 -10
536 105 pedestrian 0 0 -10 0.00 43.07 403.73 376.00 -10 -10 -10 -100    0 -1000 -1000 -10
537 135 pedestrian 0 0 -10 512.16 178.94 545.15 203.95 -10 -10 -10 -100    0 -1000 -1000 -10
537 124 pedestrian 0 0 -10 95.75 184.94 280.44 287.65 -10 -10 -10 -100    0 -1000 -1000 -10
537 126 pedestrian 0 0 -10 404.37 174.74 500.93 255.54 -10 -10 -10 -100    0 -1000 -1000 -10
537 132 pedestrian 0 0 -10 448.26 167.13 537.98 199.95 -10 -10 -10 -100    0 -1000 -1000 -10
537 134 pedestrian 0 0 -10 471.54 177.13 524.98 221.83 -10 -10 -10 -100    0 -1000 -1000 -10
537 131 pedestrian 0 0 -10 522.52 146.41 561.92 197.19 -10 -10 -10 -100    0 -1000 -1000 -10
537 30 pedestrian 0 0 -10 577.14 172.51 644.24 243.54 -10 -10 -10 -100    0 -1000 -1000 -10
537 136 pedestrian 0 0 -10 370.16 181.76 433.97 223.12 -10 -10 -10 -100    0 -1000 -1000 -10
537 3 pedestrian 0 0 -10 575.86 167.44 657.06 219.33 -10 -10 -10 -100    0 -1000 -1000 -10
537 105 pedestrian 0 0 -10 0.00 20.23 386.76 376.00 -10 -10 -10 -100    0 -1000 -1000 -10
538 135 pedestrian 0 0 -10 515.61 179.30 546.91 203.78 -10 -10 -10 -100    0 -1000 -1000 -10
538 126 pedestrian 0 0 -10 392.84 174.74 496.78 260.58 -10 -10 -10 -100    0 -1000 -1000 -10
538 132 pedestrian 0 0 -10 449.71 168.23 530.90 198.82 -10 -10 -10 -100    0 -1000 -1000 -10
538 134 pedestrian 0 0 -10 466.27 177.46 522.23 223.55 -10 -10 -10 -100    0 -1000 -1000 -10
538 131 pedestrian 0 0 -10 521.05 145.65 561.73 197.85 -10 -10 -10 -100    0 -1000 -1000 -10
538 30 pedestrian 0 0 -10 577.34 172.75 644.83 244.40 -10 -10 -10 -100    0 -1000 -1000 -10
538 136 pedestrian 0 0 -10 364.29 182.05 429.35 225.18 -10 -10 -10 -100    0 -1000 -1000 -10
538 137 pedestrian 0 0 -10 345.16 176.81 417.21 212.21 -10 -10 -10 -100    0 -1000 -1000 -10
538 3 pedestrian 0 0 -10 576.37 167.43 656.42 218.23 -10 -10 -10 -100    0 -1000 -1000 -10
538 105 pedestrian 0 0 -10 0.00 1.19 366.28 376.00 -10 -10 -10 -100    0 -1000 -1000 -10
539 135 pedestrian 0 0 -10 515.56 179.60 545.96 204.26 -10 -10 -10 -100    0 -1000 -1000 -10
539 126 pedestrian 0 0 -10 381.02 174.19 491.53 266.24 -10 -10 -10 -100    0 -1000 -1000 -10
539 132 pedestrian 0 0 -10 447.79 167.76 527.88 195.70 -10 -10 -10 -100    0 -1000 -1000 -10
539 134 pedestrian 0 0 -10 460.38 177.71 519.63 225.87 -10 -10 -10 -100    0 -1000 -1000 -10
539 131 pedestrian 0 0 -10 520.86 145.43 562.34 197.74 -10 -10 -10 -100    0 -1000 -1000 -10
539 30 pedestrian 0 0 -10 577.42 172.64 645.07 245.05 -10 -10 -10 -100    0 -1000 -1000 -10
539 136 pedestrian 0 0 -10 357.10 181.47 426.12 226.44 -10 -10 -10 -100    0 -1000 -1000 -10
539 137 pedestrian 0 0 -10 326.87 178.61 399.55 218.90 -10 -10 -10 -100    0 -1000 -1000 -10
539 3 pedestrian 0 0 -10 576.01 167.80 654.23 217.72 -10 -10 -10 -100    0 -1000 -1000 -10
539 105 pedestrian 0 0 -10 0.00 0.00 339.72 376.00 -10 -10 -10 -100    0 -1000 -1000 -10
540 135 pedestrian 0 0 -10 514.30 180.41 545.61 205.38 -10 -10 -10 -100    0 -1000 -1000 -10
540 126 pedestrian 0 0 -10 366.55 175.02 486.26 272.77 -10 -10 -10 -100    0 -1000 -1000 -10
540 132 pedestrian 0 0 -10 442.83 167.90 526.74 195.77 -10 -10 -10 -100    0 -1000 -1000 -10
540 134 pedestrian 0 0 -10 457.35 177.18 517.61 227.52 -10 -10 -10 -100    0 -1000 -1000 -10
540 131 pedestrian 0 0 -10 520.13 145.46 561.95 198.35 -10 -10 -10 -100    0 -1000 -1000 -10
540 30 pedestrian 0 0 -10 577.61 173.03 645.74 245.68 -10 -10 -10 -100    0 -1000 -1000 -10
540 136 pedestrian 0 0 -10 348.39 182.68 420.26 228.10 -10 -10 -10 -100    0 -1000 -1000 -10
540 137 pedestrian 0 0 -10 309.42 183.02 375.58 223.25 -10 -10 -10 -100    0 -1000 -1000 -10
540 3 pedestrian 0 0 -10 575.38 168.46 652.60 218.13 -10 -10 -10 -100    0 -1000 -1000 -10
540 105 pedestrian 0 0 -10 0.00 0.00 307.68 376.00 -10 -10 -10 -100    0 -1000 -1000 -10
541 140 pedestrian 0 0 -10 215.22 184.45 342.45 261.77 -10 -10 -10 -100    0 -1000 -1000 -10
541 138 pedestrian 0 0 -10 491.88 180.13 530.89 213.09 -10 -10 -10 -100    0 -1000 -1000 -10
541 135 pedestrian 0 0 -10 512.66 180.30 545.11 206.45 -10 -10 -10 -100    0 -1000 -1000 -10
541 124 pedestrian 0 0 -10 0.00 190.76 211.83 327.06 -10 -10 -10 -100    0 -1000 -1000 -10
541 126 pedestrian 0 0 -10 349.04 175.46 479.86 279.86 -10 -10 -10 -100    0 -1000 -1000 -10
541 132 pedestrian 0 0 -10 440.97 167.40 525.82 195.85 -10 -10 -10 -100    0 -1000 -1000 -10
541 134 pedestrian 0 0 -10 451.62 176.78 514.74 230.17 -10 -10 -10 -100    0 -1000 -1000 -10
541 131 pedestrian 0 0 -10 519.44 144.79 562.59 198.51 -10 -10 -10 -100    0 -1000 -1000 -10
541 30 pedestrian 0 0 -10 577.77 173.20 646.03 245.79 -10 -10 -10 -100    0 -1000 -1000 -10
541 136 pedestrian 0 0 -10 340.16 182.39 416.79 229.18 -10 -10 -10 -100    0 -1000 -1000 -10
541 137 pedestrian 0 0 -10 301.30 184.13 370.81 224.84 -10 -10 -10 -100    0 -1000 -1000 -10
541 3 pedestrian 0 0 -10 574.24 168.37 654.83 214.17 -10 -10 -10 -100    0 -1000 -1000 -10
541 105 pedestrian 0 0 -10 0.00 0.00 266.40 376.00 -10 -10 -10 -100    0 -1000 -1000 -10
542 138 pedestrian 0 0 -10 489.91 180.12 528.94 213.74 -10 -10 -10 -100    0 -1000 -1000 -10
542 135 pedestrian 0 0 -10 512.89 180.30 544.05 206.11 -10 -10 -10 -100    0 -1000 -1000 -10
542 124 pedestrian 0 0 -10 0.00 189.07 185.26 341.31 -10 -10 -10 -100    0 -1000 -1000 -10
542 126 pedestrian 0 0 -10 329.13 175.93 473.38 288.61 -10 -10 -10 -100    0 -1000 -1000 -10
542 132 pedestrian 0 0 -10 435.94 165.43 524.16 197.28 -10 -10 -10 -100    0 -1000 -1000 -10
542 134 pedestrian 0 0 -10 446.56 176.71 512.32 231.98 -10 -10 -10 -100    0 -1000 -1000 -10
542 131 pedestrian 0 0 -10 518.58 143.92 562.92 199.48 -10 -10 -10 -100    0 -1000 -1000 -10
542 30 pedestrian 0 0 -10 577.61 173.19 646.75 246.21 -10 -10 -10 -100    0 -1000 -1000 -10
542 136 pedestrian 0 0 -10 330.40 182.89 410.80 230.98 -10 -10 -10 -100    0 -1000 -1000 -10
542 137 pedestrian 0 0 -10 294.06 184.17 366.89 226.02 -10 -10 -10 -100    0 -1000 -1000 -10
542 3 pedestrian 0 0 -10 574.11 169.10 658.72 211.97 -10 -10 -10 -100    0 -1000 -1000 -10
542 105 pedestrian 0 0 -10 0.00 0.00 215.75 376.00 -10 -10 -10 -100    0 -1000 -1000 -10
542 140 pedestrian 0 0 -10 190.49 185.38 329.31 268.33 -10 -10 -10 -100    0 -1000 -1000 -10
543 138 pedestrian 0 0 -10 485.68 180.45 526.51 215.44 -10 -10 -10 -100    0 -1000 -1000 -10
543 135 pedestrian 0 0 -10 513.21 180.90 544.20 206.81 -10 -10 -10 -100    0 -1000 -1000 -10
543 124 pedestrian 0 0 -10 0.19 197.35 147.40 342.36 -10 -10 -10 -100    0 -1000 -1000 -10
543 126 pedestrian 0 0 -10 308.81 175.72 466.79 299.01 -10 -10 -10 -100    0 -1000 -1000 -10
543 132 pedestrian 0 0 -10 432.19 166.07 523.58 200.39 -10 -10 -10 -100    0 -1000 -1000 -10
543 134 pedestrian 0 0 -10 438.70 177.06 509.70 234.50 -10 -10 -10 -100    0 -1000 -1000 -10
543 131 pedestrian 0 0 -10 517.96 143.42 562.85 200.36 -10 -10 -10 -100    0 -1000 -1000 -10
543 30 pedestrian 0 0 -10 577.74 172.78 648.04 246.87 -10 -10 -10 -100    0 -1000 -1000 -10
543 136 pedestrian 0 0 -10 320.14 184.32 404.61 233.53 -10 -10 -10 -100    0 -1000 -1000 -10
543 137 pedestrian 0 0 -10 285.26 184.16 363.27 227.11 -10 -10 -10 -100    0 -1000 -1000 -10
543 3 pedestrian 0 0 -10 575.79 170.88 664.26 210.92 -10 -10 -10 -100    0 -1000 -1000 -10
543 140 pedestrian 0 0 -10 164.09 186.22 314.50 274.29 -10 -10 -10 -100    0 -1000 -1000 -10
544 135 pedestrian 0 0 -10 509.80 179.66 542.80 208.02 -10 -10 -10 -100    0 -1000 -1000 -10
544 124 pedestrian 0 0 -10 0.00 199.00 106.76 350.54 -10 -10 -10 -100    0 -1000 -1000 -10
544 126 pedestrian 0 0 -10 282.67 177.49 458.12 310.00 -10 -10 -10 -100    0 -1000 -1000 -10
544 132 pedestrian 0 0 -10 425.55 169.02 523.50 207.06 -10 -10 -10 -100    0 -1000 -1000 -10
544 134 pedestrian 0 0 -10 433.10 177.24 506.17 237.52 -10 -10 -10 -100    0 -1000 -1000 -10
544 131 pedestrian 0 0 -10 517.30 143.34 563.44 201.23 -10 -10 -10 -100    0 -1000 -1000 -10
544 138 pedestrian 0 0 -10 483.45 180.19 525.69 216.06 -10 -10 -10 -100    0 -1000 -1000 -10
544 30 pedestrian 0 0 -10 577.81 172.78 648.75 247.78 -10 -10 -10 -100    0 -1000 -1000 -10
544 136 pedestrian 0 0 -10 308.10 183.69 397.16 236.60 -10 -10 -10 -100    0 -1000 -1000 -10
544 137 pedestrian 0 0 -10 275.74 185.18 355.49 226.91 -10 -10 -10 -100    0 -1000 -1000 -10
544 3 pedestrian 0 0 -10 579.11 172.34 672.95 208.56 -10 -10 -10 -100    0 -1000 -1000 -10
544 140 pedestrian 0 0 -10 131.93 187.18 298.46 282.60 -10 -10 -10 -100    0 -1000 -1000 -10
545 135 pedestrian 0 0 -10 508.93 180.08 542.97 208.49 -10 -10 -10 -100    0 -1000 -1000 -10
545 124 pedestrian 0 0 -10 0.11 193.81 57.36 353.77 -10 -10 -10 -100    0 -1000 -1000 -10
545 126 pedestrian 0 0 -10 251.47 177.90 448.96 323.24 -10 -10 -10 -100    0 -1000 -1000 -10
545 132 pedestrian 0 0 -10 413.24 170.72 518.06 214.51 -10 -10 -10 -100    0 -1000 -1000 -10
545 134 pedestrian 0 0 -10 425.90 177.30 503.70 240.17 -10 -10 -10 -100    0 -1000 -1000 -10
545 131 pedestrian 0 0 -10 516.01 142.28 563.26 202.07 -10 -10 -10 -100    0 -1000 -1000 -10
545 138 pedestrian 0 0 -10 479.61 180.46 524.99 217.27 -10 -10 -10 -100    0 -1000 -1000 -10
545 30 pedestrian 0 0 -10 577.97 172.52 649.54 248.24 -10 -10 -10 -100    0 -1000 -1000 -10
545 136 pedestrian 0 0 -10 295.94 183.06 392.16 240.67 -10 -10 -10 -100    0 -1000 -1000 -10
545 137 pedestrian 0 0 -10 268.10 184.78 349.61 228.74 -10 -10 -10 -100    0 -1000 -1000 -10
545 3 pedestrian 0 0 -10 579.64 172.68 677.71 208.16 -10 -10 -10 -100    0 -1000 -1000 -10
545 140 pedestrian 0 0 -10 96.39 187.79 282.60 291.01 -10 -10 -10 -100    0 -1000 -1000 -10
546 135 pedestrian 0 0 -10 507.61 179.19 543.72 208.82 -10 -10 -10 -100    0 -1000 -1000 -10
546 126 pedestrian 0 0 -10 214.80 179.11 438.83 339.66 -10 -10 -10 -100    0 -1000 -1000 -10
546 132 pedestrian 0 0 -10 404.98 169.16 517.27 220.27 -10 -10 -10 -100    0 -1000 -1000 -10
546 134 pedestrian 0 0 -10 418.94 177.24 500.23 242.77 -10 -10 -10 -100    0 -1000 -1000 -10
546 131 pedestrian 0 0 -10 514.83 140.70 563.81 202.24 -10 -10 -10 -100    0 -1000 -1000 -10
546 138 pedestrian 0 0 -10 476.91 179.65 524.20 217.36 -10 -10 -10 -100    0 -1000 -1000 -10
546 30 pedestrian 0 0 -10 578.13 171.67 650.33 248.50 -10 -10 -10 -100    0 -1000 -1000 -10
546 136 pedestrian 0 0 -10 280.22 183.14 380.80 241.48 -10 -10 -10 -100    0 -1000 -1000 -10
546 137 pedestrian 0 0 -10 253.82 183.47 340.02 228.37 -10 -10 -10 -100    0 -1000 -1000 -10
546 3 pedestrian 0 0 -10 580.17 171.82 680.50 207.61 -10 -10 -10 -100    0 -1000 -1000 -10
546 140 pedestrian 0 0 -10 52.36 188.90 259.34 300.87 -10 -10 -10 -100    0 -1000 -1000 -10
547 135 pedestrian 0 0 -10 504.96 178.26 543.75 209.64 -10 -10 -10 -100    0 -1000 -1000 -10
547 126 pedestrian 0 0 -10 170.03 179.61 426.21 361.53 -10 -10 -10 -100    0 -1000 -1000 -10
547 132 pedestrian 0 0 -10 398.25 168.11 517.12 223.10 -10 -10 -10 -100    0 -1000 -1000 -10
547 134 pedestrian 0 0 -10 410.16 177.00 496.60 246.06 -10 -10 -10 -100    0 -1000 -1000 -10
547 131 pedestrian 0 0 -10 513.36 140.02 563.85 201.97 -10 -10 -10 -100    0 -1000 -1000 -10
547 138 pedestrian 0 0 -10 472.65 178.67 521.83 218.06 -10 -10 -10 -100    0 -1000 -1000 -10
547 30 pedestrian 0 0 -10 578.27 170.94 650.62 248.70 -10 -10 -10 -100    0 -1000 -1000 -10
547 136 pedestrian 0 0 -10 266.28 183.37 374.03 247.88 -10 -10 -10 -100    0 -1000 -1000 -10
547 137 pedestrian 0 0 -10 244.09 184.62 332.19 228.68 -10 -10 -10 -100    0 -1000 -1000 -10
547 3 pedestrian 0 0 -10 582.98 171.50 683.23 208.06 -10 -10 -10 -100    0 -1000 -1000 -10
547 140 pedestrian 0 0 -10 2.39 190.43 234.25 312.31 -10 -10 -10 -100    0 -1000 -1000 -10
548 135 pedestrian 0 0 -10 501.92 178.15 543.13 210.24 -10 -10 -10 -100    0 -1000 -1000 -10
548 126 pedestrian 0 0 -10 111.08 180.70 412.12 376.00 -10 -10 -10 -100    0 -1000 -1000 -10
548 132 pedestrian 0 0 -10 396.60 167.82 519.21 222.07 -10 -10 -10 -100    0 -1000 -1000 -10
548 134 pedestrian 0 0 -10 401.09 177.10 492.70 249.45 -10 -10 -10 -100    0 -1000 -1000 -10
548 131 pedestrian 0 0 -10 512.17 138.31 564.29 201.93 -10 -10 -10 -100    0 -1000 -1000 -10
548 138 pedestrian 0 0 -10 469.97 178.72 520.61 219.98 -10 -10 -10 -100    0 -1000 -1000 -10
548 30 pedestrian 0 0 -10 578.38 170.78 651.52 249.32 -10 -10 -10 -100    0 -1000 -1000 -10
548 136 pedestrian 0 0 -10 247.71 183.50 366.38 252.19 -10 -10 -10 -100    0 -1000 -1000 -10
548 137 pedestrian 0 0 -10 228.65 185.31 328.62 236.16 -10 -10 -10 -100    0 -1000 -1000 -10
548 3 pedestrian 0 0 -10 585.20 171.79 684.54 208.10 -10 -10 -10 -100    0 -1000 -1000 -10
548 140 pedestrian 0 0 -10 0.00 191.43 204.81 327.02 -10 -10 -10 -100    0 -1000 -1000 -10
549 135 pedestrian 0 0 -10 500.81 178.51 542.31 211.36 -10 -10 -10 -100    0 -1000 -1000 -10
549 126 pedestrian 0 0 -10 27.93 181.80 394.48 376.00 -10 -10 -10 -100    0 -1000 -1000 -10
549 132 pedestrian 0 0 -10 415.47 167.90 519.98 216.79 -10 -10 -10 -100    0 -1000 -1000 -10
549 134 pedestrian 0 0 -10 390.56 177.70 488.03 254.23 -10 -10 -10 -100    0 -1000 -1000 -10
549 131 pedestrian 0 0 -10 511.30 138.40 564.35 202.07 -10 -10 -10 -100    0 -1000 -1000 -10
549 138 pedestrian 0 0 -10 466.79 179.12 518.34 221.29 -10 -10 -10 -100    0 -1000 -1000 -10
549 30 pedestrian 0 0 -10 578.23 170.99 652.12 249.98 -10 -10 -10 -100    0 -1000 -1000 -10
549 136 pedestrian 0 0 -10 226.74 185.20 357.60 255.95 -10 -10 -10 -100    0 -1000 -1000 -10
549 137 pedestrian 0 0 -10 210.98 185.17 318.40 236.32 -10 -10 -10 -100    0 -1000 -1000 -10
549 3 pedestrian 0 0 -10 585.33 171.59 686.18 209.28 -10 -10 -10 -100    0 -1000 -1000 -10
549 140 pedestrian 0 0 -10 0.09 192.99 164.66 343.53 -10 -10 -10 -100    0 -1000 -1000 -10
550 135 pedestrian 0 0 -10 500.27 179.39 541.27 212.25 -10 -10 -10 -100    0 -1000 -1000 -10
550 126 pedestrian 0 0 -10 0.07 182.92 373.20 376.00 -10 -10 -10 -100    0 -1000 -1000 -10
550 132 pedestrian 0 0 -10 448.75 169.13 520.89 206.06 -10 -10 -10 -100    0 -1000 -1000 -10
550 134 pedestrian 0 0 -10 379.03 178.45 483.29 259.04 -10 -10 -10 -100    0 -1000 -1000 -10
550 131 pedestrian 0 0 -10 510.61 137.63 563.85 202.35 -10 -10 -10 -100    0 -1000 -1000 -10
550 138 pedestrian 0 0 -10 462.33 180.28 516.91 223.23 -10 -10 -10 -100    0 -1000 -1000 -10
550 30 pedestrian 0 0 -10 577.90 171.33 652.50 250.86 -10 -10 -10 -100    0 -1000 -1000 -10
550 136 pedestrian 0 0 -10 215.62 187.55 344.81 259.28 -10 -10 -10 -100    0 -1000 -1000 -10
550 137 pedestrian 0 0 -10 212.06 185.31 313.53 236.00 -10 -10 -10 -100    0 -1000 -1000 -10
550 3 pedestrian 0 0 -10 585.67 171.33 687.29 211.16 -10 -10 -10 -100    0 -1000 -1000 -10
550 140 pedestrian 0 0 -10 0.01 192.84 127.29 343.86 -10 -10 -10 -100    0 -1000 -1000 -10
551 135 pedestrian 0 0 -10 495.98 178.76 540.53 213.62 -10 -10 -10 -100    0 -1000 -1000 -10
551 126 pedestrian 0 0 -10 0.00 181.09 347.95 376.00 -10 -10 -10 -100    0 -1000 -1000 -10
551 132 pedestrian 0 0 -10 446.04 169.27 521.20 207.63 -10 -10 -10 -100    0 -1000 -1000 -10
551 134 pedestrian 0 0 -10 366.10 180.17 478.93 266.02 -10 -10 -10 -100    0 -1000 -1000 -10
551 131 pedestrian 0 0 -10 510.24 136.90 562.78 203.98 -10 -10 -10 -100    0 -1000 -1000 -10
551 138 pedestrian 0 0 -10 458.05 182.18 514.47 226.19 -10 -10 -10 -100    0 -1000 -1000 -10
551 30 pedestrian 0 0 -10 577.44 172.92 652.94 252.44 -10 -10 -10 -100    0 -1000 -1000 -10
551 136 pedestrian 0 0 -10 205.91 187.10 337.08 263.49 -10 -10 -10 -100    0 -1000 -1000 -10
551 137 pedestrian 0 0 -10 201.44 184.99 302.89 236.32 -10 -10 -10 -100    0 -1000 -1000 -10
551 3 pedestrian 0 0 -10 580.51 168.13 643.17 213.63 -10 -10 -10 -100    0 -1000 -1000 -10
551 140 pedestrian 0 0 -10 0.00 196.01 90.15 349.93 -10 -10 -10 -100    0 -1000 -1000 -10
552 135 pedestrian 0 0 -10 493.68 180.00 539.56 215.29 -10 -10 -10 -100    0 -1000 -1000 -10
552 126 pedestrian 0 0 -10 0.29 183.61 319.43 376.00 -10 -10 -10 -100    0 -1000 -1000 -10
552 132 pedestrian 0 0 -10 443.43 170.52 522.71 208.39 -10 -10 -10 -100    0 -1000 -1000 -10
552 134 pedestrian 0 0 -10 351.44 181.05 472.25 272.78 -10 -10 -10 -100    0 -1000 -1000 -10
552 131 pedestrian 0 0 -10 507.57 137.82 563.66 203.69 -10 -10 -10 -100    0 -1000 -1000 -10
552 138 pedestrian 0 0 -10 454.77 182.69 512.88 228.55 -10 -10 -10 -100    0 -1000 -1000 -10
552 141 pedestrian 0 0 -10 278.97 184.11 348.94 224.72 -10 -10 -10 -100    0 -1000 -1000 -10
552 30 pedestrian 0 0 -10 576.80 173.78 652.98 253.89 -10 -10 -10 -100    0 -1000 -1000 -10
552 136 pedestrian 0 0 -10 183.03 188.58 328.12 268.18 -10 -10 -10 -100    0 -1000 -1000 -10
552 137 pedestrian 0 0 -10 184.57 185.61 294.25 240.04 -10 -10 -10 -100    0 -1000 -1000 -10
552 3 pedestrian 0 0 -10 582.05 166.88 640.74 214.49 -10 -10 -10 -100    0 -1000 -1000 -10
553 135 pedestrian 0 0 -10 492.15 179.68 538.78 215.49 -10 -10 -10 -100    0 -1000 -1000 -10
553 126 pedestrian 0 0 -10 0.04 182.19 278.26 376.00 -10 -10 -10 -100    0 -1000 -1000 -10
553 132 pedestrian 0 0 -10 439.00 169.67 519.81 208.38 -10 -10 -10 -100    0 -1000 -1000 -10
553 134 pedestrian 0 0 -10 335.27 181.47 466.02 279.89 -10 -10 -10 -100    0 -1000 -1000 -10
553 131 pedestrian 0 0 -10 505.03 136.82 563.16 204.42 -10 -10 -10 -100    0 -1000 -1000 -10
553 138 pedestrian 0 0 -10 450.04 183.49 510.67 230.14 -10 -10 -10 -100    0 -1000 -1000 -10
553 141 pedestrian 0 0 -10 269.98 183.64 342.87 226.48 -10 -10 -10 -100    0 -1000 -1000 -10
553 30 pedestrian 0 0 -10 576.60 174.02 653.59 254.97 -10 -10 -10 -100    0 -1000 -1000 -10
553 136 pedestrian 0 0 -10 156.24 189.18 315.82 273.00 -10 -10 -10 -100    0 -1000 -1000 -10
553 142 pedestrian 0 0 -10 411.30 171.48 451.66 204.80 -10 -10 -10 -100    0 -1000 -1000 -10
553 137 pedestrian 0 0 -10 166.98 185.02 289.33 242.52 -10 -10 -10 -100    0 -1000 -1000 -10
553 3 pedestrian 0 0 -10 582.27 166.55 639.56 215.66 -10 -10 -10 -100    0 -1000 -1000 -10
554 135 pedestrian 0 0 -10 489.41 177.64 536.52 215.78 -10 -10 -10 -100    0 -1000 -1000 -10
554 126 pedestrian 0 0 -10 0.00 183.61 230.79 376.00 -10 -10 -10 -100    0 -1000 -1000 -10
554 132 pedestrian 0 0 -10 435.82 169.34 516.38 204.70 -10 -10 -10 -100    0 -1000 -1000 -10
554 134 pedestrian 0 0 -10 315.44 182.28 458.71 287.39 -10 -10 -10 -100    0 -1000 -1000 -10
554 131 pedestrian 0 0 -10 503.50 135.53 563.08 205.70 -10 -10 -10 -100    0 -1000 -1000 -10
554 138 pedestrian 0 0 -10 446.10 182.82 508.09 231.28 -10 -10 -10 -100    0 -1000 -1000 -10
554 141 pedestrian 0 0 -10 261.06 183.19 335.90 226.95 -10 -10 -10 -100    0 -1000 -1000 -10
554 30 pedestrian 0 0 -10 576.54 173.77 654.14 255.48 -10 -10 -10 -100    0 -1000 -1000 -10
554 136 pedestrian 0 0 -10 133.15 189.89 303.10 277.33 -10 -10 -10 -100    0 -1000 -1000 -10
554 142 pedestrian 0 0 -10 408.36 170.90 450.96 206.34 -10 -10 -10 -100    0 -1000 -1000 -10
554 137 pedestrian 0 0 -10 154.42 185.77 280.37 244.31 -10 -10 -10 -100    0 -1000 -1000 -10
554 3 pedestrian 0 0 -10 588.24 168.55 643.81 218.82 -10 -10 -10 -100    0 -1000 -1000 -10
555 144 pedestrian 0 0 -10 686.90 182.36 703.71 201.17 -10 -10 -10 -100    0 -1000 -1000 -10
555 135 pedestrian 0 0 -10 487.30 178.60 535.89 217.19 -10 -10 -10 -100    0 -1000 -1000 -10
555 126 pedestrian 0 0 -10 0.00 179.55 164.90 376.00 -10 -10 -10 -100    0 -1000 -1000 -10
555 132 pedestrian 0 0 -10 436.18 167.64 513.95 204.07 -10 -10 -10 -100    0 -1000 -1000 -10
555 134 pedestrian 0 0 -10 293.48 182.31 449.61 296.27 -10 -10 -10 -100    0 -1000 -1000 -10
555 131 pedestrian 0 0 -10 500.83 134.82 561.59 207.18 -10 -10 -10 -100    0 -1000 -1000 -10
555 138 pedestrian 0 0 -10 440.10 183.70 504.89 233.77 -10 -10 -10 -100    0 -1000 -1000 -10
555 141 pedestrian 0 0 -10 251.46 183.66 330.14 228.71 -10 -10 -10 -100    0 -1000 -1000 -10
555 30 pedestrian 0 0 -10 576.48 173.69 655.00 256.53 -10 -10 -10 -100    0 -1000 -1000 -10
555 136 pedestrian 0 0 -10 104.77 189.91 290.76 283.30 -10 -10 -10 -100    0 -1000 -1000 -10
555 142 pedestrian 0 0 -10 405.84 170.81 448.55 205.69 -10 -10 -10 -100    0 -1000 -1000 -10
555 137 pedestrian 0 0 -10 137.12 185.60 270.21 247.32 -10 -10 -10 -100    0 -1000 -1000 -10
555 3 pedestrian 0 0 -10 595.16 170.65 650.32 219.08 -10 -10 -10 -100    0 -1000 -1000 -10
556 135 pedestrian 0 0 -10 482.97 178.60 534.62 218.08 -10 -10 -10 -100    0 -1000 -1000 -10
556 132 pedestrian 0 0 -10 434.34 167.22 513.25 202.66 -10 -10 -10 -100    0 -1000 -1000 -10
556 134 pedestrian 0 0 -10 267.14 181.65 440.29 305.71 -10 -10 -10 -100    0 -1000 -1000 -10
556 131 pedestrian 0 0 -10 499.04 134.35 560.01 207.38 -10 -10 -10 -100    0 -1000 -1000 -10
556 138 pedestrian 0 0 -10 433.97 183.64 501.81 235.26 -10 -10 -10 -100    0 -1000 -1000 -10
556 141 pedestrian 0 0 -10 240.41 183.09 322.27 229.94 -10 -10 -10 -100    0 -1000 -1000 -10
556 30 pedestrian 0 0 -10 576.22 173.25 655.71 257.43 -10 -10 -10 -100    0 -1000 -1000 -10
556 136 pedestrian 0 0 -10 74.03 189.81 276.23 289.11 -10 -10 -10 -100    0 -1000 -1000 -10
556 142 pedestrian 0 0 -10 402.42 170.44 445.29 205.26 -10 -10 -10 -100    0 -1000 -1000 -10
556 137 pedestrian 0 0 -10 118.22 185.61 252.84 249.79 -10 -10 -10 -100    0 -1000 -1000 -10
556 3 pedestrian 0 0 -10 596.62 170.34 649.96 219.97 -10 -10 -10 -100    0 -1000 -1000 -10
557 147 pedestrian 0 0 -10 547.41 150.91 574.49 192.69 -10 -10 -10 -100    0 -1000 -1000 -10
557 135 pedestrian 0 0 -10 479.46 178.66 532.11 219.63 -10 -10 -10 -100    0 -1000 -1000 -10
557 132 pedestrian 0 0 -10 432.98 167.28 511.79 201.99 -10 -10 -10 -100    0 -1000 -1000 -10
557 134 pedestrian 0 0 -10 238.13 183.67 429.96 318.27 -10 -10 -10 -100    0 -1000 -1000 -10
557 131 pedestrian 0 0 -10 497.55 133.68 559.23 208.56 -10 -10 -10 -100    0 -1000 -1000 -10
557 138 pedestrian 0 0 -10 428.79 183.83 498.13 238.01 -10 -10 -10 -100    0 -1000 -1000 -10
557 141 pedestrian 0 0 -10 230.66 182.89 314.15 231.16 -10 -10 -10 -100    0 -1000 -1000 -10
557 30 pedestrian 0 0 -10 575.98 173.64 655.93 258.16 -10 -10 -10 -100    0 -1000 -1000 -10
557 136 pedestrian 0 0 -10 39.21 190.31 257.93 297.75 -10 -10 -10 -100    0 -1000 -1000 -10
557 142 pedestrian 0 0 -10 400.32 170.35 444.22 205.27 -10 -10 -10 -100    0 -1000 -1000 -10
557 137 pedestrian 0 0 -10 96.90 185.96 240.31 252.30 -10 -10 -10 -100    0 -1000 -1000 -10
557 3 pedestrian 0 0 -10 597.37 170.80 649.49 220.68 -10 -10 -10 -100    0 -1000 -1000 -10
558 147 pedestrian 0 0 -10 546.50 151.57 574.55 193.79 -10 -10 -10 -100    0 -1000 -1000 -10
558 135 pedestrian 0 0 -10 476.23 179.54 530.64 220.83 -10 -10 -10 -100    0 -1000 -1000 -10
558 132 pedestrian 0 0 -10 433.70 168.53 509.87 202.55 -10 -10 -10 -100    0 -1000 -1000 -10
558 134 pedestrian 0 0 -10 201.55 184.30 417.89 332.48 -10 -10 -10 -100    0 -1000 -1000 -10
558 131 pedestrian 0 0 -10 494.27 133.43 559.32 210.92 -10 -10 -10 -100    0 -1000 -1000 -10
558 138 pedestrian 0 0 -10 421.98 184.58 494.53 240.91 -10 -10 -10 -100    0 -1000 -1000 -10
558 141 pedestrian 0 0 -10 217.95 182.10 306.79 232.02 -10 -10 -10 -100    0 -1000 -1000 -10
558 30 pedestrian 0 0 -10 575.15 173.35 656.41 259.43 -10 -10 -10 -100    0 -1000 -1000 -10
558 136 pedestrian 0 0 -10 1.86 190.71 238.36 307.54 -10 -10 -10 -100    0 -1000 -1000 -10
558 142 pedestrian 0 0 -10 395.76 171.10 440.46 205.69 -10 -10 -10 -100    0 -1000 -1000 -10
558 137 pedestrian 0 0 -10 69.94 185.91 228.03 256.05 -10 -10 -10 -100    0 -1000 -1000 -10
558 3 pedestrian 0 0 -10 599.42 171.28 650.07 221.91 -10 -10 -10 -100    0 -1000 -1000 -10
559 147 pedestrian 0 0 -10 546.85 151.22 575.04 193.76 -10 -10 -10 -100    0 -1000 -1000 -10
559 135 pedestrian 0 0 -10 472.58 179.33 528.72 221.78 -10 -10 -10 -100    0 -1000 -1000 -10
559 139 pedestrian 0 0 -10 332.27 180.76 412.43 233.81 -10 -10 -10 -100    0 -1000 -1000 -10
559 132 pedestrian 0 0 -10 433.93 169.48 508.28 203.53 -10 -10 -10 -100    0 -1000 -1000 -10
559 134 pedestrian 0 0 -10 156.66 183.91 402.81 348.70 -10 -10 -10 -100    0 -1000 -1000 -10
559 131 pedestrian 0 0 -10 492.04 132.22 559.44 211.23 -10 -10 -10 -100    0 -1000 -1000 -10
559 138 pedestrian 0 0 -10 414.87 184.65 491.15 243.47 -10 -10 -10 -100    0 -1000 -1000 -10
559 148 pedestrian 0 0 -10 653.48 182.50 674.18 197.68 -10 -10 -10 -100    0 -1000 -1000 -10
559 141 pedestrian 0 0 -10 207.00 181.83 296.94 232.50 -10 -10 -10 -100    0 -1000 -1000 -10
559 30 pedestrian 0 0 -10 574.08 173.49 656.25 260.51 -10 -10 -10 -100    0 -1000 -1000 -10
559 136 pedestrian 0 0 -10 0.02 192.60 221.98 318.00 -10 -10 -10 -100    0 -1000 -1000 -10
559 142 pedestrian 0 0 -10 393.63 170.53 439.02 206.25 -10 -10 -10 -100    0 -1000 -1000 -10
559 137 pedestrian 0 0 -10 46.43 186.33 215.21 262.06 -10 -10 -10 -100    0 -1000 -1000 -10
559 3 pedestrian 0 0 -10 599.15 171.50 649.88 222.27 -10 -10 -10 -100    0 -1000 -1000 -10
560 147 pedestrian 0 0 -10 544.93 148.85 573.65 193.36 -10 -10 -10 -100    0 -1000 -1000 -10
560 135 pedestrian 0 0 -10 468.15 178.19 526.27 223.17 -10 -10 -10 -100    0 -1000 -1000 -10
560 139 pedestrian 0 0 -10 320.02 180.90 406.59 236.14 -10 -10 -10 -100    0 -1000 -1000 -10
560 132 pedestrian 0 0 -10 432.51 168.52 507.07 203.70 -10 -10 -10 -100    0 -1000 -1000 -10
560 134 pedestrian 0 0 -10 101.19 185.12 384.84 370.19 -10 -10 -10 -100    0 -1000 -1000 -10
560 131 pedestrian 0 0 -10 489.51 130.82 557.68 211.29 -10 -10 -10 -100    0 -1000 -1000 -10
560 138 pedestrian 0 0 -10 406.71 184.56 486.83 245.66 -10 -10 -10 -100    0 -1000 -1000 -10
560 148 pedestrian 0 0 -10 656.66 180.61 677.63 197.14 -10 -10 -10 -100    0 -1000 -1000 -10
560 141 pedestrian 0 0 -10 194.91 181.92 289.19 233.23 -10 -10 -10 -100    0 -1000 -1000 -10
560 30 pedestrian 0 0 -10 572.99 173.25 655.78 260.89 -10 -10 -10 -100    0 -1000 -1000 -10
560 136 pedestrian 0 0 -10 0.02 193.78 202.73 330.35 -10 -10 -10 -100    0 -1000 -1000 -10
560 142 pedestrian 0 0 -10 390.31 170.48 435.61 204.80 -10 -10 -10 -100    0 -1000 -1000 -10
560 137 pedestrian 0 0 -10 18.45 186.13 198.74 263.54 -10 -10 -10 -100    0 -1000 -1000 -10
560 3 pedestrian 0 0 -10 599.87 170.66 649.62 221.34 -10 -10 -10 -100    0 -1000 -1000 -10
561 147 pedestrian 0 0 -10 544.90 147.54 573.80 192.23 -10 -10 -10 -100    0 -1000 -1000 -10
561 135 pedestrian 0 0 -10 463.71 177.38 524.34 223.91 -10 -10 -10 -100    0 -1000 -1000 -10
561 139 pedestrian 0 0 -10 311.86 179.89 401.81 237.17 -10 -10 -10 -100    0 -1000 -1000 -10
561 132 pedestrian 0 0 -10 429.85 168.41 504.22 204.89 -10 -10 -10 -100    0 -1000 -1000 -10
561 134 pedestrian 0 0 -10 33.26 184.96 364.90 376.00 -10 -10 -10 -100    0 -1000 -1000 -10
561 131 pedestrian 0 0 -10 486.88 128.25 558.02 211.05 -10 -10 -10 -100    0 -1000 -1000 -10
561 138 pedestrian 0 0 -10 398.09 184.39 482.28 247.70 -10 -10 -10 -100    0 -1000 -1000 -10
561 148 pedestrian 0 0 -10 659.86 180.66 680.47 197.05 -10 -10 -10 -100    0 -1000 -1000 -10
561 141 pedestrian 0 0 -10 177.69 182.35 276.66 235.60 -10 -10 -10 -100    0 -1000 -1000 -10
561 30 pedestrian 0 0 -10 571.93 172.45 656.02 260.96 -10 -10 -10 -100    0 -1000 -1000 -10
561 136 pedestrian 0 0 -10 0.00 192.95 176.93 338.61 -10 -10 -10 -100    0 -1000 -1000 -10
561 142 pedestrian 0 0 -10 385.08 168.75 433.49 205.24 -10 -10 -10 -100    0 -1000 -1000 -10
561 137 pedestrian 0 0 -10 0.41 186.05 185.45 266.41 -10 -10 -10 -100    0 -1000 -1000 -10
561 3 pedestrian 0 0 -10 597.52 168.19 650.23 221.67 -10 -10 -10 -100    0 -1000 -1000 -10
562 147 pedestrian 0 0 -10 544.76 146.97 573.65 192.66 -10 -10 -10 -100    0 -1000 -1000 -10
562 135 pedestrian 0 0 -10 459.10 178.26 521.97 225.31 -10 -10 -10 -100    0 -1000 -1000 -10
562 139 pedestrian 0 0 -10 299.79 180.41 395.52 239.24 -10 -10 -10 -100    0 -1000 -1000 -10
562 132 pedestrian 0 0 -10 420.80 172.04 500.46 205.25 -10 -10 -10 -100    0 -1000 -1000 -10
562 134 pedestrian 0 0 -10 0.28 186.05 344.31 376.00 -10 -10 -10 -100    0 -1000 -1000 -10
562 131 pedestrian 0 0 -10 485.21 126.56 556.56 211.18 -10 -10 -10 -100    0 -1000 -1000 -10
562 138 pedestrian 0 0 -10 387.82 184.30 477.73 251.28 -10 -10 -10 -100    0 -1000 -1000 -10
562 148 pedestrian 0 0 -10 663.44 180.84 684.17 196.75 -10 -10 -10 -100    0 -1000 -1000 -10
562 141 pedestrian 0 0 -10 163.25 181.18 269.77 238.29 -10 -10 -10 -100    0 -1000 -1000 -10
562 30 pedestrian 0 0 -10 570.96 171.15 655.64 261.68 -10 -10 -10 -100    0 -1000 -1000 -10
562 136 pedestrian 0 0 -10 0.13 197.16 143.15 346.60 -10 -10 -10 -100    0 -1000 -1000 -10
562 142 pedestrian 0 0 -10 380.33 168.59 430.63 206.08 -10 -10 -10 -100    0 -1000 -1000 -10
562 137 pedestrian 0 0 -10 0.00 186.41 165.97 273.70 -10 -10 -10 -100    0 -1000 -1000 -10
562 3 pedestrian 0 0 -10 585.13 163.47 650.32 226.87 -10 -10 -10 -100    0 -1000 -1000 -10
563 147 pedestrian 0 0 -10 544.51 146.10 573.71 192.83 -10 -10 -10 -100    0 -1000 -1000 -10
563 135 pedestrian 0 0 -10 455.45 178.60 519.28 226.70 -10 -10 -10 -100    0 -1000 -1000 -10
563 139 pedestrian 0 0 -10 290.46 180.45 389.66 241.05 -10 -10 -10 -100    0 -1000 -1000 -10
563 149 pedestrian 0 0 -10 536.25 175.84 562.66 198.42 -10 -10 -10 -100    0 -1000 -1000 -10
563 132 pedestrian 0 0 -10 417.50 172.57 497.36 205.63 -10 -10 -10 -100    0 -1000 -1000 -10
563 134 pedestrian 0 0 -10 0.00 185.35 316.48 376.00 -10 -10 -10 -100    0 -1000 -1000 -10
563 131 pedestrian 0 0 -10 483.57 125.71 555.26 212.20 -10 -10 -10 -100    0 -1000 -1000 -10
563 138 pedestrian 0 0 -10 376.83 184.89 472.84 253.73 -10 -10 -10 -100    0 -1000 -1000 -10
563 148 pedestrian 0 0 -10 666.80 180.85 689.56 197.20 -10 -10 -10 -100    0 -1000 -1000 -10
563 141 pedestrian 0 0 -10 147.08 180.85 260.07 241.00 -10 -10 -10 -100    0 -1000 -1000 -10
563 30 pedestrian 0 0 -10 570.30 171.08 655.82 262.07 -10 -10 -10 -100    0 -1000 -1000 -10
563 136 pedestrian 0 0 -10 0.00 201.33 94.02 337.12 -10 -10 -10 -100    0 -1000 -1000 -10
563 142 pedestrian 0 0 -10 376.54 168.32 429.16 207.75 -10 -10 -10 -100    0 -1000 -1000 -10
563 137 pedestrian 0 0 -10 0.00 186.76 137.04 276.71 -10 -10 -10 -100    0 -1000 -1000 -10
563 3 pedestrian 0 0 -10 583.59 162.84 651.37 226.90 -10 -10 -10 -100    0 -1000 -1000 -10
564 147 pedestrian 0 0 -10 543.17 146.06 572.64 193.06 -10 -10 -10 -100    0 -1000 -1000 -10
564 135 pedestrian 0 0 -10 449.27 178.61 516.69 228.76 -10 -10 -10 -100    0 -1000 -1000 -10
564 139 pedestrian 0 0 -10 277.38 180.77 381.04 243.85 -10 -10 -10 -100    0 -1000 -1000 -10
564 149 pedestrian 0 0 -10 534.63 176.65 561.07 199.31 -10 -10 -10 -100    0 -1000 -1000 -10
564 132 pedestrian 0 0 -10 413.17 171.96 493.96 206.05 -10 -10 -10 -100    0 -1000 -1000 -10
564 134 pedestrian 0 0 -10 0.74 187.41 284.94 376.00 -10 -10 -10 -100    0 -1000 -1000 -10
564 131 pedestrian 0 0 -10 479.66 124.50 554.20 213.48 -10 -10 -10 -100    0 -1000 -1000 -10
564 138 pedestrian 0 0 -10 365.89 185.31 467.96 257.70 -10 -10 -10 -100    0 -1000 -1000 -10
564 148 pedestrian 0 0 -10 670.78 181.16 693.01 197.33 -10 -10 -10 -100    0 -1000 -1000 -10
564 141 pedestrian 0 0 -10 129.42 180.87 248.94 239.91 -10 -10 -10 -100    0 -1000 -1000 -10
564 30 pedestrian 0 0 -10 569.41 170.90 656.41 262.98 -10 -10 -10 -100    0 -1000 -1000 -10
564 136 pedestrian 0 0 -10 0.38 198.45 63.25 334.00 -10 -10 -10 -100    0 -1000 -1000 -10
564 142 pedestrian 0 0 -10 372.05 168.61 424.50 209.00 -10 -10 -10 -100    0 -1000 -1000 -10
564 137 pedestrian 0 0 -10 0.00 187.52 124.56 276.33 -10 -10 -10 -100    0 -1000 -1000 -10
564 3 pedestrian 0 0 -10 582.28 162.99 652.03 227.12 -10 -10 -10 -100    0 -1000 -1000 -10
565 147 pedestrian 0 0 -10 542.48 144.43 572.75 192.88 -10 -10 -10 -100    0 -1000 -1000 -10
565 135 pedestrian 0 0 -10 444.55 179.82 513.68 231.19 -10 -10 -10 -100    0 -1000 -1000 -10
565 139 pedestrian 0 0 -10 266.66 180.91 374.48 246.65 -10 -10 -10 -100    0 -1000 -1000 -10
565 149 pedestrian 0 0 -10 531.78 178.18 557.78 200.68 -10 -10 -10 -100    0 -1000 -1000 -10
565 132 pedestrian 0 0 -10 413.54 171.58 491.75 205.07 -10 -10 -10 -100    0 -1000 -1000 -10
565 134 pedestrian 0 0 -10 0.00 191.02 243.74 376.00 -10 -10 -10 -100    0 -1000 -1000 -10
565 131 pedestrian 0 0 -10 477.32 123.57 553.54 215.12 -10 -10 -10 -100    0 -1000 -1000 -10
565 138 pedestrian 0 0 -10 354.83 186.00 461.63 262.69 -10 -10 -10 -100    0 -1000 -1000 -10
565 148 pedestrian 0 0 -10 674.87 181.20 696.96 197.60 -10 -10 -10 -100    0 -1000 -1000 -10
565 141 pedestrian 0 0 -10 109.76 181.35 239.08 244.94 -10 -10 -10 -100    0 -1000 -1000 -10
565 30 pedestrian 0 0 -10 569.22 171.31 656.58 264.71 -10 -10 -10 -100    0 -1000 -1000 -10
565 142 pedestrian 0 0 -10 367.49 168.55 420.86 210.83 -10 -10 -10 -100    0 -1000 -1000 -10
565 137 pedestrian 0 0 -10 0.00 186.30 105.51 283.58 -10 -10 -10 -100    0 -1000 -1000 -10
565 3 pedestrian 0 0 -10 583.42 163.44 654.45 227.72 -10 -10 -10 -100    0 -1000 -1000 -10
566 150 pedestrian 0 0 -10 324.02 177.52 367.05 208.64 -10 -10 -10 -100    0 -1000 -1000 -10
566 147 pedestrian 0 0 -10 541.63 145.19 572.70 194.25 -10 -10 -10 -100    0 -1000 -1000 -10
566 135 pedestrian 0 0 -10 438.51 179.81 511.16 234.33 -10 -10 -10 -100    0 -1000 -1000 -10
566 139 pedestrian 0 0 -10 253.33 182.45 366.92 250.05 -10 -10 -10 -100    0 -1000 -1000 -10
566 149 pedestrian 0 0 -10 535.49 176.67 561.58 199.64 -10 -10 -10 -100    0 -1000 -1000 -10
566 132 pedestrian 0 0 -10 409.07 172.25 488.22 205.35 -10 -10 -10 -100    0 -1000 -1000 -10
566 134 pedestrian 0 0 -10 0.00 191.40 192.80 376.00 -10 -10 -10 -100    0 -1000 -1000 -10
566 131 pedestrian 0 0 -10 473.21 123.33 552.28 217.88 -10 -10 -10 -100    0 -1000 -1000 -10
566 138 pedestrian 0 0 -10 340.84 187.60 455.45 268.80 -10 -10 -10 -100    0 -1000 -1000 -10
566 148 pedestrian 0 0 -10 678.91 183.08 702.35 199.70 -10 -10 -10 -100    0 -1000 -1000 -10
566 141 pedestrian 0 0 -10 90.66 182.67 226.06 249.22 -10 -10 -10 -100    0 -1000 -1000 -10
566 30 pedestrian 0 0 -10 569.09 172.93 656.47 266.12 -10 -10 -10 -100    0 -1000 -1000 -10
566 142 pedestrian 0 0 -10 362.61 168.43 415.06 210.49 -10 -10 -10 -100    0 -1000 -1000 -10
566 137 pedestrian 0 0 -10 0.00 185.25 89.64 287.81 -10 -10 -10 -100    0 -1000 -1000 -10
566 3 pedestrian 0 0 -10 581.70 164.35 654.62 228.99 -10 -10 -10 -100    0 -1000 -1000 -10
567 150 pedestrian 0 0 -10 316.32 178.12 357.23 208.58 -10 -10 -10 -100    0 -1000 -1000 -10
567 147 pedestrian 0 0 -10 541.17 145.82 572.29 195.19 -10 -10 -10 -100    0 -1000 -1000 -10
567 135 pedestrian 0 0 -10 433.17 181.28 509.30 236.93 -10 -10 -10 -100    0 -1000 -1000 -10
567 139 pedestrian 0 0 -10 240.09 183.17 360.52 253.86 -10 -10 -10 -100    0 -1000 -1000 -10
567 149 pedestrian 0 0 -10 537.48 176.30 566.63 198.43 -10 -10 -10 -100    0 -1000 -1000 -10
567 132 pedestrian 0 0 -10 405.30 169.51 483.65 203.76 -10 -10 -10 -100    0 -1000 -1000 -10
567 134 pedestrian 0 0 -10 0.00 192.65 130.30 376.00 -10 -10 -10 -100    0 -1000 -1000 -10
567 131 pedestrian 0 0 -10 468.28 123.08 550.95 219.58 -10 -10 -10 -100    0 -1000 -1000 -10
567 138 pedestrian 0 0 -10 326.24 188.49 448.54 274.40 -10 -10 -10 -100    0 -1000 -1000 -10
567 148 pedestrian 0 0 -10 682.67 183.58 706.71 200.56 -10 -10 -10 -100    0 -1000 -1000 -10
567 141 pedestrian 0 0 -10 70.81 183.74 212.96 252.28 -10 -10 -10 -100    0 -1000 -1000 -10
567 30 pedestrian 0 0 -10 568.96 174.39 656.27 267.07 -10 -10 -10 -100    0 -1000 -1000 -10
567 142 pedestrian 0 0 -10 358.15 168.34 413.83 209.70 -10 -10 -10 -100    0 -1000 -1000 -10
567 137 pedestrian 0 0 -10 0.12 189.96 64.37 287.99 -10 -10 -10 -100    0 -1000 -1000 -10
567 3 pedestrian 0 0 -10 581.86 163.71 655.28 228.86 -10 -10 -10 -100    0 -1000 -1000 -10
568 150 pedestrian 0 0 -10 310.58 178.76 355.37 210.85 -10 -10 -10 -100    0 -1000 -1000 -10
568 147 pedestrian 0 0 -10 539.88 145.83 571.95 195.73 -10 -10 -10 -100    0 -1000 -1000 -10
568 135 pedestrian 0 0 -10 426.19 181.59 506.17 239.16 -10 -10 -10 -100    0 -1000 -1000 -10
568 139 pedestrian 0 0 -10 225.77 183.06 351.70 257.07 -10 -10 -10 -100    0 -1000 -1000 -10
568 149 pedestrian 0 0 -10 538.07 173.26 568.63 198.24 -10 -10 -10 -100    0 -1000 -1000 -10
568 132 pedestrian 0 0 -10 405.87 168.55 482.40 203.12 -10 -10 -10 -100    0 -1000 -1000 -10
568 131 pedestrian 0 0 -10 465.05 121.91 550.50 220.49 -10 -10 -10 -100    0 -1000 -1000 -10
568 138 pedestrian 0 0 -10 310.08 190.00 442.30 280.79 -10 -10 -10 -100    0 -1000 -1000 -10
568 148 pedestrian 0 0 -10 687.64 183.76 711.18 201.40 -10 -10 -10 -100    0 -1000 -1000 -10
568 141 pedestrian 0 0 -10 47.88 184.70 199.74 256.44 -10 -10 -10 -100    0 -1000 -1000 -10
568 30 pedestrian 0 0 -10 568.79 174.89 656.52 267.72 -10 -10 -10 -100    0 -1000 -1000 -10
568 142 pedestrian 0 0 -10 353.90 168.41 410.69 211.07 -10 -10 -10 -100    0 -1000 -1000 -10
568 137 pedestrian 0 0 -10 0.00 188.78 38.11 290.76 -10 -10 -10 -100    0 -1000 -1000 -10
568 3 pedestrian 0 0 -10 581.56 163.48 655.22 228.83 -10 -10 -10 -100    0 -1000 -1000 -10
569 147 pedestrian 0 0 -10 539.44 145.49 571.67 195.71 -10 -10 -10 -100    0 -1000 -1000 -10
569 135 pedestrian 0 0 -10 420.37 181.31 502.78 241.57 -10 -10 -10 -100    0 -1000 -1000 -10
569 139 pedestrian 0 0 -10 209.30 183.22 342.82 259.64 -10 -10 -10 -100    0 -1000 -1000 -10
569 132 pedestrian 0 0 -10 401.58 167.56 478.30 199.68 -10 -10 -10 -100    0 -1000 -1000 -10
569 131 pedestrian 0 0 -10 459.95 119.09 549.06 221.60 -10 -10 -10 -100    0 -1000 -1000 -10
569 138 pedestrian 0 0 -10 291.78 190.08 435.11 287.21 -10 -10 -10 -100    0 -1000 -1000 -10
569 148 pedestrian 0 0 -10 692.23 184.24 715.92 202.14 -10 -10 -10 -100    0 -1000 -1000 -10
569 141 pedestrian 0 0 -10 22.53 184.44 185.71 260.04 -10 -10 -10 -100    0 -1000 -1000 -10
569 30 pedestrian 0 0 -10 568.86 174.72 656.64 267.51 -10 -10 -10 -100    0 -1000 -1000 -10
569 142 pedestrian 0 0 -10 348.03 167.42 407.56 210.87 -10 -10 -10 -100    0 -1000 -1000 -10
569 150 pedestrian 0 0 -10 301.79 177.52 348.41 210.04 -10 -10 -10 -100    0 -1000 -1000 -10
569 3 pedestrian 0 0 -10 580.24 161.98 651.82 229.11 -10 -10 -10 -100    0 -1000 -1000 -10
570 147 pedestrian 0 0 -10 538.08 143.85 571.27 195.51 -10 -10 -10 -100    0 -1000 -1000 -10
570 135 pedestrian 0 0 -10 412.56 181.45 499.04 243.31 -10 -10 -10 -100    0 -1000 -1000 -10
570 139 pedestrian 0 0 -10 191.61 183.35 331.98 262.81 -10 -10 -10 -100    0 -1000 -1000 -10
570 151 pedestrian 0 0 -10 640.40 181.39 671.11 204.05 -10 -10 -10 -100    0 -1000 -1000 -10
570 132 pedestrian 0 0 -10 394.15 166.20 471.98 200.05 -10 -10 -10 -100    0 -1000 -1000 -10
570 131 pedestrian 0 0 -10 456.80 117.66 548.22 223.11 -10 -10 -10 -100    0 -1000 -1000 -10
570 138 pedestrian 0 0 -10 271.94 191.37 427.26 294.50 -10 -10 -10 -100    0 -1000 -1000 -10
570 148 pedestrian 0 0 -10 696.98 181.30 724.67 205.65 -10 -10 -10 -100    0 -1000 -1000 -10
570 141 pedestrian 0 0 -10 0.11 184.25 170.67 263.00 -10 -10 -10 -100    0 -1000 -1000 -10
570 30 pedestrian 0 0 -10 569.44 174.47 656.85 267.03 -10 -10 -10 -100    0 -1000 -1000 -10
570 142 pedestrian 0 0 -10 341.13 166.37 401.97 211.89 -10 -10 -10 -100    0 -1000 -1000 -10
570 150 pedestrian 0 0 -10 310.33 174.22 345.51 199.43 -10 -10 -10 -100    0 -1000 -1000 -10
570 3 pedestrian 0 0 -10 580.00 160.64 648.17 227.70 -10 -10 -10 -100    0 -1000 -1000 -10
571 147 pedestrian 0 0 -10 537.56 143.72 571.35 195.74 -10 -10 -10 -100    0 -1000 -1000 -10
571 135 pedestrian 0 0 -10 404.13 181.33 495.69 246.74 -10 -10 -10 -100    0 -1000 -1000 -10
571 139 pedestrian 0 0 -10 173.65 183.94 322.23 267.59 -10 -10 -10 -100    0 -1000 -1000 -10
571 151 pedestrian 0 0 -10 644.16 182.04 676.30 204.42 -10 -10 -10 -100    0 -1000 -1000 -10
571 132 pedestrian 0 0 -10 392.51 166.08 465.12 198.92 -10 -10 -10 -100    0 -1000 -1000 -10
571 131 pedestrian 0 0 -10 451.36 115.61 546.99 224.77 -10 -10 -10 -100    0 -1000 -1000 -10
571 138 pedestrian 0 0 -10 249.93 193.00 416.22 302.71 -10 -10 -10 -100    0 -1000 -1000 -10
571 148 pedestrian 0 0 -10 701.13 181.39 730.17 206.00 -10 -10 -10 -100    0 -1000 -1000 -10
571 141 pedestrian 0 0 -10 0.00 185.48 155.25 267.93 -10 -10 -10 -100    0 -1000 -1000 -10
571 30 pedestrian 0 0 -10 569.80 174.84 657.31 267.04 -10 -10 -10 -100    0 -1000 -1000 -10
571 142 pedestrian 0 0 -10 336.23 166.01 400.01 213.63 -10 -10 -10 -100    0 -1000 -1000 -10
571 150 pedestrian 0 0 -10 302.02 171.74 339.27 198.62 -10 -10 -10 -100    0 -1000 -1000 -10
571 3 pedestrian 0 0 -10 580.04 160.29 647.82 227.05 -10 -10 -10 -100    0 -1000 -1000 -10
572 147 pedestrian 0 0 -10 536.68 143.62 570.84 196.47 -10 -10 -10 -100    0 -1000 -1000 -10
572 135 pedestrian 0 0 -10 396.72 183.04 491.57 249.71 -10 -10 -10 -100    0 -1000 -1000 -10
572 139 pedestrian 0 0 -10 153.80 184.38 313.37 271.82 -10 -10 -10 -100    0 -1000 -1000 -10
572 151 pedestrian 0 0 -10 649.21 182.13 681.07 204.62 -10 -10 -10 -100    0 -1000 -1000 -10
572 132 pedestrian 0 0 -10 389.34 165.54 462.29 198.73 -10 -10 -10 -100    0 -1000 -1000 -10
572 131 pedestrian 0 0 -10 447.36 114.07 546.49 226.69 -10 -10 -10 -100    0 -1000 -1000 -10
572 138 pedestrian 0 0 -10 223.67 194.54 406.37 313.88 -10 -10 -10 -100    0 -1000 -1000 -10
572 148 pedestrian 0 0 -10 705.64 182.04 734.83 207.69 -10 -10 -10 -100    0 -1000 -1000 -10
572 141 pedestrian 0 0 -10 0.00 186.21 137.32 272.57 -10 -10 -10 -100    0 -1000 -1000 -10
572 30 pedestrian 0 0 -10 570.99 175.55 658.18 267.53 -10 -10 -10 -100    0 -1000 -1000 -10
572 142 pedestrian 0 0 -10 329.35 165.84 394.37 213.76 -10 -10 -10 -100    0 -1000 -1000 -10
572 150 pedestrian 0 0 -10 279.90 173.51 330.84 205.86 -10 -10 -10 -100    0 -1000 -1000 -10
572 3 pedestrian 0 0 -10 580.36 161.20 646.92 226.82 -10 -10 -10 -100    0 -1000 -1000 -10
573 147 pedestrian 0 0 -10 535.81 143.48 570.87 197.33 -10 -10 -10 -100    0 -1000 -1000 -10
573 135 pedestrian 0 0 -10 389.37 183.61 488.31 252.82 -10 -10 -10 -100    0 -1000 -1000 -10
573 139 pedestrian 0 0 -10 132.78 185.36 300.25 277.46 -10 -10 -10 -100    0 -1000 -1000 -10
573 151 pedestrian 0 0 -10 653.49 182.35 684.84 204.99 -10 -10 -10 -100    0 -1000 -1000 -10
573 132 pedestrian 0 0 -10 400.12 166.37 458.86 198.63 -10 -10 -10 -100    0 -1000 -1000 -10
573 131 pedestrian 0 0 -10 443.59 113.89 545.78 228.47 -10 -10 -10 -100    0 -1000 -1000 -10
573 138 pedestrian 0 0 -10 191.88 195.70 396.11 325.31 -10 -10 -10 -100    0 -1000 -1000 -10
573 148 pedestrian 0 0 -10 710.88 182.04 737.97 207.94 -10 -10 -10 -100    0 -1000 -1000 -10
573 141 pedestrian 0 0 -10 0.02 187.28 119.33 278.39 -10 -10 -10 -100    0 -1000 -1000 -10
573 30 pedestrian 0 0 -10 572.25 175.79 658.75 267.61 -10 -10 -10 -100    0 -1000 -1000 -10
573 142 pedestrian 0 0 -10 324.03 165.55 389.31 214.32 -10 -10 -10 -100    0 -1000 -1000 -10
573 150 pedestrian 0 0 -10 255.40 171.20 322.81 212.68 -10 -10 -10 -100    0 -1000 -1000 -10
573 3 pedestrian 0 0 -10 580.93 161.25 648.55 226.74 -10 -10 -10 -100    0 -1000 -1000 -10
574 147 pedestrian 0 0 -10 534.95 142.64 570.28 197.81 -10 -10 -10 -100    0 -1000 -1000 -10
574 135 pedestrian 0 0 -10 380.94 183.41 484.23 256.10 -10 -10 -10 -100    0 -1000 -1000 -10
574 139 pedestrian 0 0 -10 109.11 185.18 290.94 282.55 -10 -10 -10 -100    0 -1000 -1000 -10
574 151 pedestrian 0 0 -10 659.46 182.50 689.03 203.15 -10 -10 -10 -100    0 -1000 -1000 -10
574 132 pedestrian 0 0 -10 396.82 167.14 452.86 200.23 -10 -10 -10 -100    0 -1000 -1000 -10
574 131 pedestrian 0 0 -10 439.33 110.95 543.94 230.04 -10 -10 -10 -100    0 -1000 -1000 -10
574 138 pedestrian 0 0 -10 157.52 195.91 385.10 338.65 -10 -10 -10 -100    0 -1000 -1000 -10
574 148 pedestrian 0 0 -10 715.19 182.50 742.31 209.19 -10 -10 -10 -100    0 -1000 -1000 -10
574 141 pedestrian 0 0 -10 0.03 186.97 99.49 280.44 -10 -10 -10 -100    0 -1000 -1000 -10
574 30 pedestrian 0 0 -10 573.31 175.73 659.68 266.89 -10 -10 -10 -100    0 -1000 -1000 -10
574 142 pedestrian 0 0 -10 318.38 165.05 383.05 213.32 -10 -10 -10 -100    0 -1000 -1000 -10
574 150 pedestrian 0 0 -10 229.44 169.77 310.79 209.74 -10 -10 -10 -100    0 -1000 -1000 -10
574 3 pedestrian 0 0 -10 581.38 161.55 649.41 225.65 -10 -10 -10 -100    0 -1000 -1000 -10
574 152 pedestrian 0 0 -10 226.67 181.81 321.14 230.70 -10 -10 -10 -100    0 -1000 -1000 -10
575 147 pedestrian 0 0 -10 534.45 142.75 570.31 197.84 -10 -10 -10 -100    0 -1000 -1000 -10
575 135 pedestrian 0 0 -10 369.90 183.49 480.27 260.25 -10 -10 -10 -100    0 -1000 -1000 -10
575 139 pedestrian 0 0 -10 84.32 185.17 282.47 289.95 -10 -10 -10 -100    0 -1000 -1000 -10
575 151 pedestrian 0 0 -10 663.30 183.11 694.23 203.55 -10 -10 -10 -100    0 -1000 -1000 -10
575 132 pedestrian 0 0 -10 386.57 166.91 446.98 201.08 -10 -10 -10 -100    0 -1000 -1000 -10
575 131 pedestrian 0 0 -10 433.39 109.65 542.51 232.10 -10 -10 -10 -100    0 -1000 -1000 -10
575 138 pedestrian 0 0 -10 117.60 197.79 371.03 354.61 -10 -10 -10 -100    0 -1000 -1000 -10
575 148 pedestrian 0 0 -10 720.87 183.08 744.75 207.53 -10 -10 -10 -100    0 -1000 -1000 -10
575 141 pedestrian 0 0 -10 0.00 186.98 78.07 284.65 -10 -10 -10 -100    0 -1000 -1000 -10
575 30 pedestrian 0 0 -10 575.34 175.83 661.24 266.67 -10 -10 -10 -100    0 -1000 -1000 -10
575 142 pedestrian 0 0 -10 312.01 164.67 376.63 213.34 -10 -10 -10 -100    0 -1000 -1000 -10
575 150 pedestrian 0 0 -10 196.62 172.96 288.78 206.92 -10 -10 -10 -100    0 -1000 -1000 -10
575 3 pedestrian 0 0 -10 582.63 162.38 650.27 224.82 -10 -10 -10 -100    0 -1000 -1000 -10
575 152 pedestrian 0 0 -10 228.26 182.71 316.35 229.47 -10 -10 -10 -100    0 -1000 -1000 -10
576 147 pedestrian 0 0 -10 533.32 143.37 570.67 198.47 -10 -10 -10 -100    0 -1000 -1000 -10
576 135 pedestrian 0 0 -10 357.20 184.08 475.35 265.41 -10 -10 -10 -100    0 -1000 -1000 -10
576 139 pedestrian 0 0 -10 56.47 186.18 265.33 293.41 -10 -10 -10 -100    0 -1000 -1000 -10
576 151 pedestrian 0 0 -10 668.62 184.65 698.96 203.49 -10 -10 -10 -100    0 -1000 -1000 -10
576 132 pedestrian 0 0 -10 377.08 167.16 439.98 202.03 -10 -10 -10 -100    0 -1000 -1000 -10
576 131 pedestrian 0 0 -10 428.55 107.48 541.44 233.58 -10 -10 -10 -100    0 -1000 -1000 -10
576 138 pedestrian 0 0 -10 63.14 197.80 354.02 373.18 -10 -10 -10 -100    0 -1000 -1000 -10
576 148 pedestrian 0 0 -10 726.87 184.59 751.58 208.93 -10 -10 -10 -100    0 -1000 -1000 -10
576 141 pedestrian 0 0 -10 0.00 187.42 51.63 281.92 -10 -10 -10 -100    0 -1000 -1000 -10
576 30 pedestrian 0 0 -10 576.95 176.13 662.63 266.35 -10 -10 -10 -100    0 -1000 -1000 -10
576 142 pedestrian 0 0 -10 304.17 164.72 372.97 216.28 -10 -10 -10 -100    0 -1000 -1000 -10
576 150 pedestrian 0 0 -10 160.84 172.52 259.97 206.34 -10 -10 -10 -100    0 -1000 -1000 -10
576 3 pedestrian 0 0 -10 616.18 177.01 657.00 217.84 -10 -10 -10 -100    0 -1000 -1000 -10
576 152 pedestrian 0 0 -10 215.76 182.61 307.01 231.27 -10 -10 -10 -100    0 -1000 -1000 -10
577 147 pedestrian 0 0 -10 532.38 142.89 570.29 198.88 -10 -10 -10 -100    0 -1000 -1000 -10
577 135 pedestrian 0 0 -10 344.23 184.91 470.86 270.04 -10 -10 -10 -100    0 -1000 -1000 -10
577 139 pedestrian 0 0 -10 16.57 188.40 243.26 306.67 -10 -10 -10 -100    0 -1000 -1000 -10
577 151 pedestrian 0 0 -10 673.25 184.18 704.24 203.64 -10 -10 -10 -100    0 -1000 -1000 -10
577 132 pedestrian 0 0 -10 372.18 169.53 431.45 202.69 -10 -10 -10 -100    0 -1000 -1000 -10
577 131 pedestrian 0 0 -10 421.61 104.71 539.80 236.17 -10 -10 -10 -100    0 -1000 -1000 -10
577 138 pedestrian 0 0 -10 3.16 201.61 334.41 376.00 -10 -10 -10 -100    0 -1000 -1000 -10
577 148 pedestrian 0 0 -10 732.50 184.60 756.22 207.59 -10 -10 -10 -100    0 -1000 -1000 -10
577 30 pedestrian 0 0 -10 579.22 176.54 664.26 265.96 -10 -10 -10 -100    0 -1000 -1000 -10
577 142 pedestrian 0 0 -10 297.86 164.66 370.88 217.98 -10 -10 -10 -100    0 -1000 -1000 -10
577 3 pedestrian 0 0 -10 620.93 178.93 660.29 215.66 -10 -10 -10 -100    0 -1000 -1000 -10
577 152 pedestrian 0 0 -10 197.43 183.99 302.38 235.25 -10 -10 -10 -100    0 -1000 -1000 -10
578 147 pedestrian 0 0 -10 531.70 142.58 570.00 198.57 -10 -10 -10 -100    0 -1000 -1000 -10
578 135 pedestrian 0 0 -10 328.67 184.79 465.40 275.76 -10 -10 -10 -100    0 -1000 -1000 -10
578 139 pedestrian 0 0 -10 4.45 186.29 231.87 310.86 -10 -10 -10 -100    0 -1000 -1000 -10
578 151 pedestrian 0 0 -10 678.14 183.76 711.53 203.69 -10 -10 -10 -100    0 -1000 -1000 -10
578 132 pedestrian 0 0 -10 364.27 169.93 426.19 203.11 -10 -10 -10 -100    0 -1000 -1000 -10
578 131 pedestrian 0 0 -10 416.01 101.51 538.64 237.87 -10 -10 -10 -100    0 -1000 -1000 -10
578 138 pedestrian 0 0 -10 0.00 204.36 311.95 376.00 -10 -10 -10 -100    0 -1000 -1000 -10
578 148 pedestrian 0 0 -10 736.62 184.87 759.61 204.90 -10 -10 -10 -100    0 -1000 -1000 -10
578 30 pedestrian 0 0 -10 581.38 176.26 665.81 265.25 -10 -10 -10 -100    0 -1000 -1000 -10
578 142 pedestrian 0 0 -10 290.00 164.04 367.15 218.40 -10 -10 -10 -100    0 -1000 -1000 -10
578 3 pedestrian 0 0 -10 624.81 180.74 664.57 215.84 -10 -10 -10 -100    0 -1000 -1000 -10
578 152 pedestrian 0 0 -10 186.97 184.20 294.56 237.29 -10 -10 -10 -100    0 -1000 -1000 -10
579 147 pedestrian 0 0 -10 530.30 140.50 569.42 198.57 -10 -10 -10 -100    0 -1000 -1000 -10
579 135 pedestrian 0 0 -10 311.11 184.96 458.83 281.42 -10 -10 -10 -100    0 -1000 -1000 -10
579 139 pedestrian 0 0 -10 0.75 185.73 217.08 320.39 -10 -10 -10 -100    0 -1000 -1000 -10
579 151 pedestrian 0 0 -10 683.64 184.09 716.96 203.22 -10 -10 -10 -100    0 -1000 -1000 -10
579 132 pedestrian 0 0 -10 358.06 170.96 419.49 204.65 -10 -10 -10 -100    0 -1000 -1000 -10
579 131 pedestrian 0 0 -10 408.18 98.86 537.51 239.72 -10 -10 -10 -100    0 -1000 -1000 -10
579 138 pedestrian 0 0 -10 0.00 207.09 287.50 376.00 -10 -10 -10 -100    0 -1000 -1000 -10
579 148 pedestrian 0 0 -10 739.50 185.30 761.92 203.59 -10 -10 -10 -100    0 -1000 -1000 -10
579 30 pedestrian 0 0 -10 583.93 176.00 667.72 264.17 -10 -10 -10 -100    0 -1000 -1000 -10
579 142 pedestrian 0 0 -10 281.30 162.86 364.85 219.73 -10 -10 -10 -100    0 -1000 -1000 -10
579 3 pedestrian 0 0 -10 628.79 181.53 668.50 215.20 -10 -10 -10 -100    0 -1000 -1000 -10
579 152 pedestrian 0 0 -10 172.88 184.19 283.76 238.56 -10 -10 -10 -100    0 -1000 -1000 -10
580 147 pedestrian 0 0 -10 529.69 140.02 569.27 198.38 -10 -10 -10 -100    0 -1000 -1000 -10
580 135 pedestrian 0 0 -10 293.71 185.82 451.42 289.02 -10 -10 -10 -100    0 -1000 -1000 -10
580 139 pedestrian 0 0 -10 0.00 186.42 204.27 329.13 -10 -10 -10 -100    0 -1000 -1000 -10
580 151 pedestrian 0 0 -10 689.44 183.80 721.40 203.88 -10 -10 -10 -100    0 -1000 -1000 -10
580 132 pedestrian 0 0 -10 365.23 171.37 409.38 199.97 -10 -10 -10 -100    0 -1000 -1000 -10
580 131 pedestrian 0 0 -10 401.69 95.92 536.12 243.15 -10 -10 -10 -100    0 -1000 -1000 -10
580 138 pedestrian 0 0 -10 0.00 210.52 259.39 376.00 -10 -10 -10 -100    0 -1000 -1000 -10
580 148 pedestrian 0 0 -10 742.25 184.88 765.64 203.85 -10 -10 -10 -100    0 -1000 -1000 -10
580 30 pedestrian 0 0 -10 586.39 176.21 670.26 263.90 -10 -10 -10 -100    0 -1000 -1000 -10
580 142 pedestrian 0 0 -10 272.88 162.95 359.53 221.27 -10 -10 -10 -100    0 -1000 -1000 -10
580 3 pedestrian 0 0 -10 632.50 182.21 672.29 215.36 -10 -10 -10 -100    0 -1000 -1000 -10
580 152 pedestrian 0 0 -10 157.78 185.12 274.12 240.97 -10 -10 -10 -100    0 -1000 -1000 -10
581 147 pedestrian 0 0 -10 528.88 139.44 567.75 198.88 -10 -10 -10 -100    0 -1000 -1000 -10
581 135 pedestrian 0 0 -10 272.10 186.10 444.39 297.72 -10 -10 -10 -100    0 -1000 -1000 -10
581 139 pedestrian 0 0 -10 0.00 186.43 185.48 335.77 -10 -10 -10 -100    0 -1000 -1000 -10
581 151 pedestrian 0 0 -10 695.04 183.85 727.37 203.10 -10 -10 -10 -100    0 -1000 -1000 -10
581 132 pedestrian 0 0 -10 360.52 172.32 396.37 197.93 -10 -10 -10 -100    0 -1000 -1000 -10
581 131 pedestrian 0 0 -10 392.08 91.53 534.32 245.97 -10 -10 -10 -100    0 -1000 -1000 -10
581 138 pedestrian 0 0 -10 0.00 213.17 222.32 376.00 -10 -10 -10 -100    0 -1000 -1000 -10
581 148 pedestrian 0 0 -10 746.04 184.49 769.37 204.55 -10 -10 -10 -100    0 -1000 -1000 -10
581 30 pedestrian 0 0 -10 589.29 176.02 672.46 263.36 -10 -10 -10 -100    0 -1000 -1000 -10
581 142 pedestrian 0 0 -10 264.72 162.38 349.41 219.76 -10 -10 -10 -100    0 -1000 -1000 -10
581 152 pedestrian 0 0 -10 140.53 185.03 263.57 243.07 -10 -10 -10 -100    0 -1000 -1000 -10
582 135 pedestrian 0 0 -10 245.40 187.48 435.95 306.41 -10 -10 -10 -100    0 -1000 -1000 -10
582 139 pedestrian 0 0 -10 0.00 184.91 163.38 343.60 -10 -10 -10 -100    0 -1000 -1000 -10
582 151 pedestrian 0 0 -10 700.80 184.33 732.49 203.50 -10 -10 -10 -100    0 -1000 -1000 -10
582 132 pedestrian 0 0 -10 349.48 172.06 386.35 197.87 -10 -10 -10 -100    0 -1000 -1000 -10
582 131 pedestrian 0 0 -10 382.83 87.72 532.26 250.18 -10 -10 -10 -100    0 -1000 -1000 -10
582 138 pedestrian 0 0 -10 0.25 215.04 178.87 376.00 -10 -10 -10 -100    0 -1000 -1000 -10
582 148 pedestrian 0 0 -10 750.62 185.61 773.16 206.78 -10 -10 -10 -100    0 -1000 -1000 -10
582 30 pedestrian 0 0 -10 591.86 176.66 674.28 262.96 -10 -10 -10 -100    0 -1000 -1000 -10
582 142 pedestrian 0 0 -10 254.74 162.46 342.23 221.37 -10 -10 -10 -100    0 -1000 -1000 -10
582 152 pedestrian 0 0 -10 122.02 185.00 253.85 245.42 -10 -10 -10 -100    0 -1000 -1000 -10
582 147 pedestrian 0 0 -10 527.28 138.68 567.06 199.37 -10 -10 -10 -100    0 -1000 -1000 -10
583 135 pedestrian 0 0 -10 214.18 188.34 425.21 318.87 -10 -10 -10 -100    0 -1000 -1000 -10
583 139 pedestrian 0 0 -10 0.00 188.37 138.61 340.12 -10 -10 -10 -100    0 -1000 -1000 -10
583 151 pedestrian 0 0 -10 705.48 184.08 737.52 203.40 -10 -10 -10 -100    0 -1000 -1000 -10
583 132 pedestrian 0 0 -10 335.08 171.71 371.90 197.03 -10 -10 -10 -100    0 -1000 -1000 -10
583 131 pedestrian 0 0 -10 372.08 82.20 528.93 253.61 -10 -10 -10 -100    0 -1000 -1000 -10
583 138 pedestrian 0 0 -10 0.04 220.58 123.97 376.00 -10 -10 -10 -100    0 -1000 -1000 -10
583 148 pedestrian 0 0 -10 755.60 185.82 777.20 206.90 -10 -10 -10 -100    0 -1000 -1000 -10
583 30 pedestrian 0 0 -10 594.07 176.48 676.92 262.48 -10 -10 -10 -100    0 -1000 -1000 -10
583 142 pedestrian 0 0 -10 244.33 162.63 334.57 222.94 -10 -10 -10 -100    0 -1000 -1000 -10
583 152 pedestrian 0 0 -10 100.50 185.37 241.47 249.45 -10 -10 -10 -100    0 -1000 -1000 -10
583 147 pedestrian 0 0 -10 525.23 138.51 566.34 198.70 -10 -10 -10 -100    0 -1000 -1000 -10
584 135 pedestrian 0 0 -10 178.74 188.06 413.96 332.12 -10 -10 -10 -100    0 -1000 -1000 -10
584 139 pedestrian 0 0 -10 0.00 191.15 109.66 343.02 -10 -10 -10 -100    0 -1000 -1000 -10
584 151 pedestrian 0 0 -10 711.40 183.63 744.19 202.70 -10 -10 -10 -100    0 -1000 -1000 -10
584 132 pedestrian 0 0 -10 320.05 168.91 358.00 196.18 -10 -10 -10 -100    0 -1000 -1000 -10
584 131 pedestrian 0 0 -10 358.59 78.70 525.88 256.62 -10 -10 -10 -100    0 -1000 -1000 -10
584 148 pedestrian 0 0 -10 757.88 185.37 780.44 206.35 -10 -10 -10 -100    0 -1000 -1000 -10
584 30 pedestrian 0 0 -10 597.63 175.90 678.83 261.25 -10 -10 -10 -100    0 -1000 -1000 -10
584 142 pedestrian 0 0 -10 228.31 161.94 326.81 226.58 -10 -10 -10 -100    0 -1000 -1000 -10
584 3 pedestrian 0 0 -10 650.58 183.45 687.07 214.52 -10 -10 -10 -100    0 -1000 -1000 -10
584 152 pedestrian 0 0 -10 78.56 185.63 227.39 253.39 -10 -10 -10 -100    0 -1000 -1000 -10
584 147 pedestrian 0 0 -10 522.51 137.28 565.48 198.32 -10 -10 -10 -100    0 -1000 -1000 -10
585 135 pedestrian 0 0 -10 133.85 188.47 399.92 350.10 -10 -10 -10 -100    0 -1000 -1000 -10
585 139 pedestrian 0 0 -10 0.00 189.49 76.32 344.18 -10 -10 -10 -100    0 -1000 -1000 -10
585 151 pedestrian 0 0 -10 716.96 183.39 748.50 202.27 -10 -10 -10 -100    0 -1000 -1000 -10
585 131 pedestrian 0 0 -10 344.25 73.01 523.31 260.05 -10 -10 -10 -100    0 -1000 -1000 -10
585 148 pedestrian 0 0 -10 765.05 184.94 787.56 204.57 -10 -10 -10 -100    0 -1000 -1000 -10
585 30 pedestrian 0 0 -10 600.99 175.24 681.36 259.59 -10 -10 -10 -100    0 -1000 -1000 -10
585 142 pedestrian 0 0 -10 222.57 162.28 320.28 227.67 -10 -10 -10 -100    0 -1000 -1000 -10
585 3 pedestrian 0 0 -10 654.77 182.88 692.35 213.27 -10 -10 -10 -100    0 -1000 -1000 -10
585 152 pedestrian 0 0 -10 54.18 186.73 208.10 257.02 -10 -10 -10 -100    0 -1000 -1000 -10
585 147 pedestrian 0 0 -10 520.62 136.02 563.59 198.28 -10 -10 -10 -100    0 -1000 -1000 -10
586 135 pedestrian 0 0 -10 80.31 191.29 385.68 371.40 -10 -10 -10 -100    0 -1000 -1000 -10
586 151 pedestrian 0 0 -10 721.88 182.77 753.77 201.86 -10 -10 -10 -100    0 -1000 -1000 -10
586 131 pedestrian 0 0 -10 330.56 68.25 520.45 265.60 -10 -10 -10 -100    0 -1000 -1000 -10
586 148 pedestrian 0 0 -10 767.15 185.50 789.57 205.16 -10 -10 -10 -100    0 -1000 -1000 -10
586 30 pedestrian 0 0 -10 604.05 175.33 684.45 258.99 -10 -10 -10 -100    0 -1000 -1000 -10
586 142 pedestrian 0 0 -10 204.77 162.55 312.52 230.20 -10 -10 -10 -100    0 -1000 -1000 -10
586 3 pedestrian 0 0 -10 658.99 182.69 695.64 212.62 -10 -10 -10 -100    0 -1000 -1000 -10
586 152 pedestrian 0 0 -10 28.42 188.84 203.58 262.70 -10 -10 -10 -100    0 -1000 -1000 -10
586 147 pedestrian 0 0 -10 518.04 135.26 562.53 198.86 -10 -10 -10 -100    0 -1000 -1000 -10
587 135 pedestrian 0 0 -10 5.58 194.06 367.67 376.00 -10 -10 -10 -100    0 -1000 -1000 -10
587 151 pedestrian 0 0 -10 728.90 183.00 759.89 201.98 -10 -10 -10 -100    0 -1000 -1000 -10
587 131 pedestrian 0 0 -10 313.37 60.60 517.39 271.28 -10 -10 -10 -100    0 -1000 -1000 -10
587 148 pedestrian 0 0 -10 769.54 185.30 791.03 204.74 -10 -10 -10 -100    0 -1000 -1000 -10
587 30 pedestrian 0 0 -10 607.06 175.51 686.32 258.56 -10 -10 -10 -100    0 -1000 -1000 -10
587 142 pedestrian 0 0 -10 192.13 162.88 302.63 233.13 -10 -10 -10 -100    0 -1000 -1000 -10
587 3 pedestrian 0 0 -10 664.43 182.69 700.02 212.00 -10 -10 -10 -100    0 -1000 -1000 -10
587 152 pedestrian 0 0 -10 0.34 188.14 181.01 268.72 -10 -10 -10 -100    0 -1000 -1000 -10
587 147 pedestrian 0 0 -10 514.68 135.34 560.02 199.77 -10 -10 -10 -100    0 -1000 -1000 -10
588 135 pedestrian 0 0 -10 0.00 196.25 347.88 376.00 -10 -10 -10 -100    0 -1000 -1000 -10
588 151 pedestrian 0 0 -10 734.24 183.99 765.63 202.74 -10 -10 -10 -100    0 -1000 -1000 -10
588 131 pedestrian 0 0 -10 295.55 56.01 512.87 277.50 -10 -10 -10 -100    0 -1000 -1000 -10
588 148 pedestrian 0 0 -10 772.00 186.47 792.73 204.81 -10 -10 -10 -100    0 -1000 -1000 -10
588 30 pedestrian 0 0 -10 609.58 176.44 688.68 258.35 -10 -10 -10 -100    0 -1000 -1000 -10
588 142 pedestrian 0 0 -10 173.16 162.27 295.10 234.78 -10 -10 -10 -100    0 -1000 -1000 -10
588 3 pedestrian 0 0 -10 668.42 183.61 704.54 212.85 -10 -10 -10 -100    0 -1000 -1000 -10
588 152 pedestrian 0 0 -10 0.00 191.38 157.66 275.51 -10 -10 -10 -100    0 -1000 -1000 -10
588 147 pedestrian 0 0 -10 512.37 134.64 558.12 201.97 -10 -10 -10 -100    0 -1000 -1000 -10
589 135 pedestrian 0 0 -10 0.78 199.23 321.49 376.00 -10 -10 -10 -100    0 -1000 -1000 -10
589 151 pedestrian 0 0 -10 738.62 183.72 770.70 202.77 -10 -10 -10 -100    0 -1000 -1000 -10
589 131 pedestrian 0 0 -10 271.82 46.83 509.36 285.03 -10 -10 -10 -100    0 -1000 -1000 -10
589 30 pedestrian 0 0 -10 612.63 176.35 690.64 258.07 -10 -10 -10 -100    0 -1000 -1000 -10
589 142 pedestrian 0 0 -10 159.19 163.76 282.80 237.05 -10 -10 -10 -100    0 -1000 -1000 -10
589 3 pedestrian 0 0 -10 673.48 184.31 708.66 212.89 -10 -10 -10 -100    0 -1000 -1000 -10
589 152 pedestrian 0 0 -10 0.07 193.27 138.10 282.25 -10 -10 -10 -100    0 -1000 -1000 -10
589 147 pedestrian 0 0 -10 509.39 133.59 556.90 202.81 -10 -10 -10 -100    0 -1000 -1000 -10
590 135 pedestrian 0 0 -10 0.00 204.02 292.53 376.00 -10 -10 -10 -100    0 -1000 -1000 -10
590 151 pedestrian 0 0 -10 743.93 183.96 775.83 202.92 -10 -10 -10 -100    0 -1000 -1000 -10
590 131 pedestrian 0 0 -10 244.64 37.61 506.50 295.20 -10 -10 -10 -100    0 -1000 -1000 -10
590 30 pedestrian 0 0 -10 615.58 176.98 692.36 257.76 -10 -10 -10 -100    0 -1000 -1000 -10
590 142 pedestrian 0 0 -10 141.22 165.43 276.43 244.75 -10 -10 -10 -100    0 -1000 -1000 -10
590 3 pedestrian 0 0 -10 678.10 184.80 712.65 213.68 -10 -10 -10 -100    0 -1000 -1000 -10
590 152 pedestrian 0 0 -10 0.00 196.87 125.95 283.41 -10 -10 -10 -100    0 -1000 -1000 -10
590 147 pedestrian 0 0 -10 506.91 133.46 555.03 202.73 -10 -10 -10 -100    0 -1000 -1000 -10
591 154 pedestrian 0 0 -10 69.13 194.42 269.46 291.49 -10 -10 -10 -100    0 -1000 -1000 -10
591 135 pedestrian 0 0 -10 0.00 209.23 252.90 376.00 -10 -10 -10 -100    0 -1000 -1000 -10
591 151 pedestrian 0 0 -10 748.91 184.92 781.55 203.96 -10 -10 -10 -100    0 -1000 -1000 -10
591 131 pedestrian 0 0 -10 213.66 26.85 500.85 305.08 -10 -10 -10 -100    0 -1000 -1000 -10
591 30 pedestrian 0 0 -10 618.65 177.53 694.68 257.21 -10 -10 -10 -100    0 -1000 -1000 -10
591 142 pedestrian 0 0 -10 123.41 165.36 259.12 249.46 -10 -10 -10 -100    0 -1000 -1000 -10
591 3 pedestrian 0 0 -10 683.32 185.25 715.81 213.19 -10 -10 -10 -100    0 -1000 -1000 -10
591 152 pedestrian 0 0 -10 0.68 198.47 94.35 286.51 -10 -10 -10 -100    0 -1000 -1000 -10
591 147 pedestrian 0 0 -10 505.02 133.09 552.51 203.22 -10 -10 -10 -100    0 -1000 -1000 -10
592 155 pedestrian 0 0 -10 451.42 178.60 504.95 225.95 -10 -10 -10 -100    0 -1000 -1000 -10
592 154 pedestrian 0 0 -10 17.78 197.54 241.79 305.96 -10 -10 -10 -100    0 -1000 -1000 -10
592 135 pedestrian 0 0 -10 0.00 217.24 201.54 376.00 -10 -10 -10 -100    0 -1000 -1000 -10
592 151 pedestrian 0 0 -10 753.86 184.91 786.54 203.73 -10 -10 -10 -100    0 -1000 -1000 -10
592 131 pedestrian 0 0 -10 177.79 13.24 494.77 318.12 -10 -10 -10 -100    0 -1000 -1000 -10
592 30 pedestrian 0 0 -10 620.56 178.27 696.15 256.82 -10 -10 -10 -100    0 -1000 -1000 -10
592 142 pedestrian 0 0 -10 100.69 166.68 244.15 251.72 -10 -10 -10 -100    0 -1000 -1000 -10
592 3 pedestrian 0 0 -10 685.66 185.57 718.80 213.63 -10 -10 -10 -100    0 -1000 -1000 -10
592 152 pedestrian 0 0 -10 0.47 199.71 65.75 290.90 -10 -10 -10 -100    0 -1000 -1000 -10
592 147 pedestrian 0 0 -10 501.28 132.97 550.86 204.14 -10 -10 -10 -100    0 -1000 -1000 -10
593 155 pedestrian 0 0 -10 442.80 179.73 499.75 227.66 -10 -10 -10 -100    0 -1000 -1000 -10
593 154 pedestrian 0 0 -10 0.82 199.95 216.52 321.38 -10 -10 -10 -100    0 -1000 -1000 -10
593 135 pedestrian 0 0 -10 0.00 221.70 135.40 376.00 -10 -10 -10 -100    0 -1000 -1000 -10
593 151 pedestrian 0 0 -10 759.13 185.31 792.01 204.16 -10 -10 -10 -100    0 -1000 -1000 -10
593 131 pedestrian 0 0 -10 133.19 0.85 484.58 336.49 -10 -10 -10 -100    0 -1000 -1000 -10
593 30 pedestrian 0 0 -10 622.52 178.58 697.56 256.53 -10 -10 -10 -100    0 -1000 -1000 -10
593 142 pedestrian 0 0 -10 73.58 168.10 219.62 258.35 -10 -10 -10 -100    0 -1000 -1000 -10
593 3 pedestrian 0 0 -10 688.74 185.28 722.76 213.19 -10 -10 -10 -100    0 -1000 -1000 -10
593 147 pedestrian 0 0 -10 497.79 132.80 549.29 205.00 -10 -10 -10 -100    0 -1000 -1000 -10
594 156 pedestrian 0 0 -10 462.88 182.13 510.44 220.45 -10 -10 -10 -100    0 -1000 -1000 -10
594 155 pedestrian 0 0 -10 436.44 180.25 494.00 230.53 -10 -10 -10 -100    0 -1000 -1000 -10
594 154 pedestrian 0 0 -10 0.00 204.13 182.53 335.18 -10 -10 -10 -100    0 -1000 -1000 -10
594 151 pedestrian 0 0 -10 763.78 185.24 796.96 204.10 -10 -10 -10 -100    0 -1000 -1000 -10
594 131 pedestrian 0 0 -10 83.26 0.00 480.60 355.25 -10 -10 -10 -100    0 -1000 -1000 -10
594 30 pedestrian 0 0 -10 625.19 179.50 699.59 255.64 -10 -10 -10 -100    0 -1000 -1000 -10
594 142 pedestrian 0 0 -10 46.60 171.71 195.19 263.43 -10 -10 -10 -100    0 -1000 -1000 -10
594 3 pedestrian 0 0 -10 692.73 185.92 726.60 213.11 -10 -10 -10 -100    0 -1000 -1000 -10
594 147 pedestrian 0 0 -10 494.28 131.91 547.21 206.32 -10 -10 -10 -100    0 -1000 -1000 -10
595 156 pedestrian 0 0 -10 459.60 182.09 507.71 221.09 -10 -10 -10 -100    0 -1000 -1000 -10
595 155 pedestrian 0 0 -10 426.70 178.44 489.05 232.29 -10 -10 -10 -100    0 -1000 -1000 -10
595 154 pedestrian 0 0 -10 0.21 203.91 127.83 349.73 -10 -10 -10 -100    0 -1000 -1000 -10
595 151 pedestrian 0 0 -10 768.64 185.62 800.80 203.86 -10 -10 -10 -100    0 -1000 -1000 -10
595 131 pedestrian 0 0 -10 16.93 0.00 476.68 376.00 -10 -10 -10 -100    0 -1000 -1000 -10
595 30 pedestrian 0 0 -10 627.86 178.85 701.10 255.36 -10 -10 -10 -100    0 -1000 -1000 -10
595 142 pedestrian 0 0 -10 0.00 170.55 148.21 267.75 -10 -10 -10 -100    0 -1000 -1000 -10
595 3 pedestrian 0 0 -10 696.12 185.73 730.30 213.02 -10 -10 -10 -100    0 -1000 -1000 -10
595 147 pedestrian 0 0 -10 490.88 131.37 544.36 206.89 -10 -10 -10 -100    0 -1000 -1000 -10
596 156 pedestrian 0 0 -10 455.74 182.84 502.67 221.80 -10 -10 -10 -100    0 -1000 -1000 -10
596 155 pedestrian 0 0 -10 417.68 180.11 483.13 234.47 -10 -10 -10 -100    0 -1000 -1000 -10
596 154 pedestrian 0 0 -10 0.00 224.34 122.91 350.27 -10 -10 -10 -100    0 -1000 -1000 -10
596 151 pedestrian 0 0 -10 772.82 184.92 803.40 202.95 -10 -10 -10 -100    0 -1000 -1000 -10
596 131 pedestrian 0 0 -10 0.00 0.00 464.97 376.00 -10 -10 -10 -100    0 -1000 -1000 -10
596 30 pedestrian 0 0 -10 629.94 178.98 701.56 254.58 -10 -10 -10 -100    0 -1000 -1000 -10
596 3 pedestrian 0 0 -10 699.70 185.40 733.50 212.31 -10 -10 -10 -100    0 -1000 -1000 -10
596 147 pedestrian 0 0 -10 485.78 130.51 541.12 208.10 -10 -10 -10 -100    0 -1000 -1000 -10
597 156 pedestrian 0 0 -10 446.59 182.21 497.45 223.36 -10 -10 -10 -100    0 -1000 -1000 -10
597 155 pedestrian 0 0 -10 405.58 179.81 475.81 237.82 -10 -10 -10 -100    0 -1000 -1000 -10
597 151 pedestrian 0 0 -10 778.36 184.52 808.58 202.32 -10 -10 -10 -100    0 -1000 -1000 -10
597 131 pedestrian 0 0 -10 0.00 0.00 454.66 376.00 -10 -10 -10 -100    0 -1000 -1000 -10
597 30 pedestrian 0 0 -10 631.92 178.68 703.45 253.79 -10 -10 -10 -100    0 -1000 -1000 -10
597 3 pedestrian 0 0 -10 704.05 184.61 737.08 211.48 -10 -10 -10 -100    0 -1000 -1000 -10
597 147 pedestrian 0 0 -10 480.74 128.90 537.89 208.89 -10 -10 -10 -100    0 -1000 -1000 -10
598 156 pedestrian 0 0 -10 440.27 183.69 491.87 225.29 -10 -10 -10 -100    0 -1000 -1000 -10
598 155 pedestrian 0 0 -10 393.15 181.60 468.30 241.08 -10 -10 -10 -100    0 -1000 -1000 -10
598 151 pedestrian 0 0 -10 783.34 184.65 815.58 203.36 -10 -10 -10 -100    0 -1000 -1000 -10
598 157 pedestrian 0 0 -10 423.23 163.75 477.97 195.84 -10 -10 -10 -100    0 -1000 -1000 -10
598 131 pedestrian 0 0 -10 0.00 0.00 443.53 376.00 -10 -10 -10 -100    0 -1000 -1000 -10
598 30 pedestrian 0 0 -10 634.05 179.28 704.68 253.42 -10 -10 -10 -100    0 -1000 -1000 -10
598 3 pedestrian 0 0 -10 708.27 185.71 741.10 211.70 -10 -10 -10 -100    0 -1000 -1000 -10
598 147 pedestrian 0 0 -10 477.15 129.08 534.40 210.01 -10 -10 -10 -100    0 -1000 -1000 -10
599 156 pedestrian 0 0 -10 430.53 184.65 486.12 226.95 -10 -10 -10 -100    0 -1000 -1000 -10
599 155 pedestrian 0 0 -10 382.85 183.82 459.97 244.94 -10 -10 -10 -100    0 -1000 -1000 -10
599 151 pedestrian 0 0 -10 788.34 185.22 820.51 203.83 -10 -10 -10 -100    0 -1000 -1000 -10
599 157 pedestrian 0 0 -10 418.37 167.92 470.87 197.02 -10 -10 -10 -100    0 -1000 -1000 -10
599 131 pedestrian 0 0 -10 0.00 0.00 430.04 376.00 -10 -10 -10 -100    0 -1000 -1000 -10
599 30 pedestrian 0 0 -10 636.47 179.73 705.83 253.06 -10 -10 -10 -100    0 -1000 -1000 -10
599 3 pedestrian 0 0 -10 711.51 186.00 745.91 212.13 -10 -10 -10 -100    0 -1000 -1000 -10
599 147 pedestrian 0 0 -10 471.27 129.12 531.11 211.58 -10 -10 -10 -100    0 -1000 -1000 -10
600 156 pedestrian 0 0 -10 422.28 184.73 479.48 228.64 -10 -10 -10 -100    0 -1000 -1000 -10
600 155 pedestrian 0 0 -10 367.52 183.07 451.70 248.05 -10 -10 -10 -100    0 -1000 -1000 -10
600 151 pedestrian 0 0 -10 792.34 184.45 825.93 203.11 -10 -10 -10 -100    0 -1000 -1000 -10
600 157 pedestrian 0 0 -10 403.90 169.00 463.00 198.31 -10 -10 -10 -100    0 -1000 -1000 -10
600 131 pedestrian 0 0 -10 0.00 0.00 415.85 376.00 -10 -10 -10 -100    0 -1000 -1000 -10
600 30 pedestrian 0 0 -10 638.96 179.69 707.19 251.84 -10 -10 -10 -100    0 -1000 -1000 -10
600 3 pedestrian 0 0 -10 715.73 185.25 749.22 211.52 -10 -10 -10 -100    0 -1000 -1000 -10
600 147 pedestrian 0 0 -10 463.79 128.22 527.34 212.88 -10 -10 -10 -100    0 -1000 -1000 -10
601 156 pedestrian 0 0 -10 414.52 184.48 473.37 229.38 -10 -10 -10 -100    0 -1000 -1000 -10
601 155 pedestrian 0 0 -10 354.05 182.68 442.88 251.94 -10 -10 -10 -100    0 -1000 -1000 -10
601 151 pedestrian 0 0 -10 796.66 183.44 832.15 202.17 -10 -10 -10 -100    0 -1000 -1000 -10
601 157 pedestrian 0 0 -10 394.48 169.62 453.12 199.95 -10 -10 -10 -100    0 -1000 -1000 -10
601 131 pedestrian 0 0 -10 0.00 0.00 399.78 376.00 -10 -10 -10 -100    0 -1000 -1000 -10
601 30 pedestrian 0 0 -10 641.18 178.76 708.86 250.04 -10 -10 -10 -100    0 -1000 -1000 -10
601 3 pedestrian 0 0 -10 718.53 184.39 752.67 210.35 -10 -10 -10 -100    0 -1000 -1000 -10
601 147 pedestrian 0 0 -10 459.46 127.05 522.16 212.45 -10 -10 -10 -100    0 -1000 -1000 -10
602 156 pedestrian 0 0 -10 403.96 184.90 465.73 232.15 -10 -10 -10 -100    0 -1000 -1000 -10
602 155 pedestrian 0 0 -10 336.37 184.00 432.39 256.54 -10 -10 -10 -100    0 -1000 -1000 -10
602 151 pedestrian 0 0 -10 802.29 183.19 836.95 201.00 -10 -10 -10 -100    0 -1000 -1000 -10
602 157 pedestrian 0 0 -10 390.25 172.25 448.02 202.73 -10 -10 -10 -100    0 -1000 -1000 -10
602 131 pedestrian 0 0 -10 0.00 0.00 383.01 376.00 -10 -10 -10 -100    0 -1000 -1000 -10
602 30 pedestrian 0 0 -10 643.80 178.63 710.99 249.21 -10 -10 -10 -100    0 -1000 -1000 -10
602 3 pedestrian 0 0 -10 722.44 184.51 756.50 209.96 -10 -10 -10 -100    0 -1000 -1000 -10
602 147 pedestrian 0 0 -10 452.09 126.31 518.34 214.03 -10 -10 -10 -100    0 -1000 -1000 -10
603 156 pedestrian 0 0 -10 393.75 186.30 458.71 235.73 -10 -10 -10 -100    0 -1000 -1000 -10
603 155 pedestrian 0 0 -10 316.55 185.02 420.99 263.59 -10 -10 -10 -100    0 -1000 -1000 -10
603 151 pedestrian 0 0 -10 807.45 182.77 840.17 201.03 -10 -10 -10 -100    0 -1000 -1000 -10
603 157 pedestrian 0 0 -10 377.81 174.34 449.26 207.36 -10 -10 -10 -100    0 -1000 -1000 -10
603 131 pedestrian 0 0 -10 0.01 0.00 362.39 376.00 -10 -10 -10 -100    0 -1000 -1000 -10
603 30 pedestrian 0 0 -10 647.08 179.98 712.28 249.70 -10 -10 -10 -100    0 -1000 -1000 -10
603 3 pedestrian 0 0 -10 726.56 185.83 760.39 211.27 -10 -10 -10 -100    0 -1000 -1000 -10
603 147 pedestrian 0 0 -10 444.91 127.05 513.75 216.75 -10 -10 -10 -100    0 -1000 -1000 -10
604 158 pedestrian 0 0 -10 495.15 172.58 524.17 201.94 -10 -10 -10 -100    0 -1000 -1000 -10
604 156 pedestrian 0 0 -10 382.56 186.99 450.56 239.59 -10 -10 -10 -100    0 -1000 -1000 -10
604 155 pedestrian 0 0 -10 293.99 186.72 408.96 270.03 -10 -10 -10 -100    0 -1000 -1000 -10
604 151 pedestrian 0 0 -10 812.02 184.00 843.21 202.47 -10 -10 -10 -100    0 -1000 -1000 -10
604 131 pedestrian 0 0 -10 0.00 0.00 336.53 376.00 -10 -10 -10 -100    0 -1000 -1000 -10
604 30 pedestrian 0 0 -10 650.40 180.94 714.75 249.69 -10 -10 -10 -100    0 -1000 -1000 -10
604 3 pedestrian 0 0 -10 730.73 187.09 764.59 212.06 -10 -10 -10 -100    0 -1000 -1000 -10
604 147 pedestrian 0 0 -10 436.95 125.43 509.78 218.84 -10 -10 -10 -100    0 -1000 -1000 -10
605 158 pedestrian 0 0 -10 488.01 172.35 519.79 206.07 -10 -10 -10 -100    0 -1000 -1000 -10
605 156 pedestrian 0 0 -10 370.65 188.92 443.56 243.55 -10 -10 -10 -100    0 -1000 -1000 -10
605 155 pedestrian 0 0 -10 268.94 187.00 394.41 277.55 -10 -10 -10 -100    0 -1000 -1000 -10
605 151 pedestrian 0 0 -10 814.87 184.10 847.23 202.34 -10 -10 -10 -100    0 -1000 -1000 -10
605 131 pedestrian 0 0 -10 0.00 0.00 306.15 376.00 -10 -10 -10 -100    0 -1000 -1000 -10
605 30 pedestrian 0 0 -10 653.19 181.48 717.38 249.80 -10 -10 -10 -100    0 -1000 -1000 -10
605 3 pedestrian 0 0 -10 734.57 186.68 770.75 212.83 -10 -10 -10 -100    0 -1000 -1000 -10
605 147 pedestrian 0 0 -10 430.11 125.45 504.29 221.07 -10 -10 -10 -100    0 -1000 -1000 -10
606 158 pedestrian 0 0 -10 479.74 170.96 515.50 207.07 -10 -10 -10 -100    0 -1000 -1000 -10
606 156 pedestrian 0 0 -10 359.17 190.55 433.96 247.06 -10 -10 -10 -100    0 -1000 -1000 -10
606 155 pedestrian 0 0 -10 240.32 188.84 379.08 286.49 -10 -10 -10 -100    0 -1000 -1000 -10
606 151 pedestrian 0 0 -10 820.50 184.59 849.91 202.12 -10 -10 -10 -100    0 -1000 -1000 -10
606 131 pedestrian 0 0 -10 0.00 0.00 268.37 376.00 -10 -10 -10 -100    0 -1000 -1000 -10
606 30 pedestrian 0 0 -10 656.14 181.83 720.34 249.41 -10 -10 -10 -100    0 -1000 -1000 -10
606 3 pedestrian 0 0 -10 738.78 186.37 775.13 212.53 -10 -10 -10 -100    0 -1000 -1000 -10
606 147 pedestrian 0 0 -10 423.49 124.94 499.32 222.13 -10 -10 -10 -100    0 -1000 -1000 -10
607 158 pedestrian 0 0 -10 474.28 169.40 511.07 207.75 -10 -10 -10 -100    0 -1000 -1000 -10
607 156 pedestrian 0 0 -10 344.75 191.21 424.53 250.24 -10 -10 -10 -100    0 -1000 -1000 -10
607 155 pedestrian 0 0 -10 207.00 190.01 361.23 296.37 -10 -10 -10 -100    0 -1000 -1000 -10
607 151 pedestrian 0 0 -10 825.45 183.51 853.23 200.53 -10 -10 -10 -100    0 -1000 -1000 -10
607 157 pedestrian 0 0 -10 296.88 180.20 424.67 231.36 -10 -10 -10 -100    0 -1000 -1000 -10
607 131 pedestrian 0 0 -10 0.00 0.00 217.34 376.00 -10 -10 -10 -100    0 -1000 -1000 -10
607 30 pedestrian 0 0 -10 659.65 182.31 723.23 248.68 -10 -10 -10 -100    0 -1000 -1000 -10
607 3 pedestrian 0 0 -10 744.10 186.85 779.93 212.33 -10 -10 -10 -100    0 -1000 -1000 -10
607 147 pedestrian 0 0 -10 414.51 123.44 494.57 224.11 -10 -10 -10 -100    0 -1000 -1000 -10
608 158 pedestrian 0 0 -10 467.35 170.87 507.85 208.23 -10 -10 -10 -100    0 -1000 -1000 -10
608 156 pedestrian 0 0 -10 329.65 192.24 413.63 254.27 -10 -10 -10 -100    0 -1000 -1000 -10
608 155 pedestrian 0 0 -10 167.89 191.59 340.58 308.37 -10 -10 -10 -100    0 -1000 -1000 -10
608 151 pedestrian 0 0 -10 828.30 183.72 854.97 201.19 -10 -10 -10 -100    0 -1000 -1000 -10
608 157 pedestrian 0 0 -10 273.57 183.33 418.27 233.25 -10 -10 -10 -100    0 -1000 -1000 -10
608 30 pedestrian 0 0 -10 663.12 182.09 725.90 247.90 -10 -10 -10 -100    0 -1000 -1000 -10
608 3 pedestrian 0 0 -10 748.15 185.92 784.02 211.33 -10 -10 -10 -100    0 -1000 -1000 -10
608 147 pedestrian 0 0 -10 405.22 121.93 488.48 226.07 -10 -10 -10 -100    0 -1000 -1000 -10
609 158 pedestrian 0 0 -10 463.26 171.72 504.79 207.87 -10 -10 -10 -100    0 -1000 -1000 -10
609 156 pedestrian 0 0 -10 310.43 193.57 401.31 257.90 -10 -10 -10 -100    0 -1000 -1000 -10
609 155 pedestrian 0 0 -10 116.69 194.20 317.20 323.72 -10 -10 -10 -100    0 -1000 -1000 -10
609 151 pedestrian 0 0 -10 833.44 182.68 861.42 200.62 -10 -10 -10 -100    0 -1000 -1000 -10
609 157 pedestrian 0 0 -10 255.35 184.39 408.24 235.52 -10 -10 -10 -100    0 -1000 -1000 -10
609 30 pedestrian 0 0 -10 667.17 181.30 729.98 246.88 -10 -10 -10 -100    0 -1000 -1000 -10
609 3 pedestrian 0 0 -10 753.48 185.95 788.66 210.94 -10 -10 -10 -100    0 -1000 -1000 -10
609 147 pedestrian 0 0 -10 394.02 120.43 482.04 228.07 -10 -10 -10 -100    0 -1000 -1000 -10
610 158 pedestrian 0 0 -10 459.35 170.32 499.60 209.93 -10 -10 -10 -100    0 -1000 -1000 -10
610 156 pedestrian 0 0 -10 291.17 194.64 389.93 261.80 -10 -10 -10 -100    0 -1000 -1000 -10
610 155 pedestrian 0 0 -10 56.44 197.26 289.46 341.67 -10 -10 -10 -100    0 -1000 -1000 -10
610 151 pedestrian 0 0 -10 831.28 183.56 858.96 200.52 -10 -10 -10 -100    0 -1000 -1000 -10
610 157 pedestrian 0 0 -10 252.95 184.90 395.94 236.45 -10 -10 -10 -100    0 -1000 -1000 -10
610 30 pedestrian 0 0 -10 670.99 180.39 733.25 245.67 -10 -10 -10 -100    0 -1000 -1000 -10
610 3 pedestrian 0 0 -10 756.89 184.31 792.53 209.66 -10 -10 -10 -100    0 -1000 -1000 -10
610 147 pedestrian 0 0 -10 383.89 119.07 475.39 229.72 -10 -10 -10 -100    0 -1000 -1000 -10
611 158 pedestrian 0 0 -10 452.05 171.54 495.62 211.46 -10 -10 -10 -100    0 -1000 -1000 -10
611 156 pedestrian 0 0 -10 271.00 194.89 375.32 267.72 -10 -10 -10 -100    0 -1000 -1000 -10
611 155 pedestrian 0 0 -10 0.05 198.75 256.98 367.00 -10 -10 -10 -100    0 -1000 -1000 -10
611 151 pedestrian 0 0 -10 834.51 182.65 862.12 198.82 -10 -10 -10 -100    0 -1000 -1000 -10
611 157 pedestrian 0 0 -10 239.98 187.65 388.93 239.40 -10 -10 -10 -100    0 -1000 -1000 -10
611 30 pedestrian 0 0 -10 675.16 180.09 737.10 244.37 -10 -10 -10 -100    0 -1000 -1000 -10
611 3 pedestrian 0 0 -10 761.52 183.73 798.54 208.14 -10 -10 -10 -100    0 -1000 -1000 -10
611 147 pedestrian 0 0 -10 372.67 118.49 467.38 231.72 -10 -10 -10 -100    0 -1000 -1000 -10
612 158 pedestrian 0 0 -10 447.90 170.87 489.39 209.73 -10 -10 -10 -100    0 -1000 -1000 -10
612 156 pedestrian 0 0 -10 247.15 196.33 359.73 272.08 -10 -10 -10 -100    0 -1000 -1000 -10
612 155 pedestrian 0 0 -10 0.04 200.15 216.00 376.00 -10 -10 -10 -100    0 -1000 -1000 -10
612 151 pedestrian 0 0 -10 837.06 181.14 865.34 198.41 -10 -10 -10 -100    0 -1000 -1000 -10
612 157 pedestrian 0 0 -10 225.77 189.68 374.97 240.75 -10 -10 -10 -100    0 -1000 -1000 -10
612 30 pedestrian 0 0 -10 679.18 179.18 740.95 242.37 -10 -10 -10 -100    0 -1000 -1000 -10
612 3 pedestrian 0 0 -10 766.20 181.50 803.15 207.40 -10 -10 -10 -100    0 -1000 -1000 -10
612 147 pedestrian 0 0 -10 359.71 116.05 459.02 233.66 -10 -10 -10 -100    0 -1000 -1000 -10
613 158 pedestrian 0 0 -10 441.60 171.47 483.36 210.61 -10 -10 -10 -100    0 -1000 -1000 -10
613 156 pedestrian 0 0 -10 219.35 197.84 342.55 279.01 -10 -10 -10 -100    0 -1000 -1000 -10
613 155 pedestrian 0 0 -10 0.00 204.37 167.15 376.00 -10 -10 -10 -100    0 -1000 -1000 -10
613 151 pedestrian 0 0 -10 839.05 181.23 865.88 198.15 -10 -10 -10 -100    0 -1000 -1000 -10
613 157 pedestrian 0 0 -10 206.06 192.63 366.53 243.31 -10 -10 -10 -100    0 -1000 -1000 -10
613 30 pedestrian 0 0 -10 682.84 178.53 744.33 240.99 -10 -10 -10 -100    0 -1000 -1000 -10
613 3 pedestrian 0 0 -10 769.71 181.24 807.27 206.92 -10 -10 -10 -100    0 -1000 -1000 -10
613 147 pedestrian 0 0 -10 345.16 114.12 450.84 235.79 -10 -10 -10 -100    0 -1000 -1000 -10
614 158 pedestrian 0 0 -10 432.63 172.23 476.92 211.15 -10 -10 -10 -100    0 -1000 -1000 -10
614 156 pedestrian 0 0 -10 188.75 199.95 323.76 285.81 -10 -10 -10 -100    0 -1000 -1000 -10
614 155 pedestrian 0 0 -10 0.00 206.94 105.16 376.00 -10 -10 -10 -100    0 -1000 -1000 -10
614 162 pedestrian 0 0 -10 29.10 204.67 193.16 291.75 -10 -10 -10 -100    0 -1000 -1000 -10
614 151 pedestrian 0 0 -10 839.10 181.56 866.00 198.15 -10 -10 -10 -100    0 -1000 -1000 -10
614 157 pedestrian 0 0 -10 173.28 195.10 352.75 247.70 -10 -10 -10 -100    0 -1000 -1000 -10
614 30 pedestrian 0 0 -10 686.58 178.07 747.56 240.49 -10 -10 -10 -100    0 -1000 -1000 -10
614 3 pedestrian 0 0 -10 773.38 181.50 810.07 206.55 -10 -10 -10 -100    0 -1000 -1000 -10
614 147 pedestrian 0 0 -10 330.96 112.36 440.65 239.39 -10 -10 -10 -100    0 -1000 -1000 -10
615 156 pedestrian 0 0 -10 153.85 199.21 301.04 293.59 -10 -10 -10 -100    0 -1000 -1000 -10
615 162 pedestrian 0 0 -10 0.03 206.39 159.18 305.96 -10 -10 -10 -100    0 -1000 -1000 -10
615 151 pedestrian 0 0 -10 840.59 180.52 867.83 197.24 -10 -10 -10 -100    0 -1000 -1000 -10
615 158 pedestrian 0 0 -10 422.77 171.57 470.54 211.96 -10 -10 -10 -100    0 -1000 -1000 -10
615 157 pedestrian 0 0 -10 137.90 197.12 336.55 250.13 -10 -10 -10 -100    0 -1000 -1000 -10
615 30 pedestrian 0 0 -10 689.69 177.82 751.27 239.86 -10 -10 -10 -100    0 -1000 -1000 -10
615 3 pedestrian 0 0 -10 776.94 180.60 812.32 204.76 -10 -10 -10 -100    0 -1000 -1000 -10
615 147 pedestrian 0 0 -10 312.71 109.76 430.27 241.55 -10 -10 -10 -100    0 -1000 -1000 -10
616 156 pedestrian 0 0 -10 112.30 201.98 277.01 301.87 -10 -10 -10 -100    0 -1000 -1000 -10
616 162 pedestrian 0 0 -10 0.00 208.72 121.35 316.32 -10 -10 -10 -100    0 -1000 -1000 -10
616 158 pedestrian 0 0 -10 413.35 170.34 463.36 209.94 -10 -10 -10 -100    0 -1000 -1000 -10
616 157 pedestrian 0 0 -10 93.25 197.66 322.14 256.43 -10 -10 -10 -100    0 -1000 -1000 -10
616 30 pedestrian 0 0 -10 693.46 176.97 754.10 237.99 -10 -10 -10 -100    0 -1000 -1000 -10
616 3 pedestrian 0 0 -10 780.32 179.74 815.67 203.28 -10 -10 -10 -100    0 -1000 -1000 -10
616 147 pedestrian 0 0 -10 292.86 106.35 419.04 244.39 -10 -10 -10 -100    0 -1000 -1000 -10
617 156 pedestrian 0 0 -10 61.24 204.23 249.19 313.07 -10 -10 -10 -100    0 -1000 -1000 -10
617 158 pedestrian 0 0 -10 401.49 169.01 454.90 208.95 -10 -10 -10 -100    0 -1000 -1000 -10
617 157 pedestrian 0 0 -10 38.07 201.60 214.10 264.65 -10 -10 -10 -100    0 -1000 -1000 -10
617 30 pedestrian 0 0 -10 696.53 177.17 757.08 237.42 -10 -10 -10 -100    0 -1000 -1000 -10
617 3 pedestrian 0 0 -10 783.46 179.60 818.33 202.81 -10 -10 -10 -100    0 -1000 -1000 -10
617 147 pedestrian 0 0 -10 270.42 103.86 406.51 247.10 -10 -10 -10 -100    0 -1000 -1000 -10
618 156 pedestrian 0 0 -10 4.46 207.89 217.35 326.50 -10 -10 -10 -100    0 -1000 -1000 -10
618 158 pedestrian 0 0 -10 389.22 170.95 447.13 210.54 -10 -10 -10 -100    0 -1000 -1000 -10
618 157 pedestrian 0 0 -10 0.00 203.71 187.76 271.73 -10 -10 -10 -100    0 -1000 -1000 -10
618 30 pedestrian 0 0 -10 700.11 178.09 760.26 238.00 -10 -10 -10 -100    0 -1000 -1000 -10
618 3 pedestrian 0 0 -10 785.60 180.08 820.91 203.78 -10 -10 -10 -100    0 -1000 -1000 -10
618 147 pedestrian 0 0 -10 246.69 100.81 393.64 251.16 -10 -10 -10 -100    0 -1000 -1000 -10
619 164 pedestrian 0 0 -10 168.73 200.84 218.74 238.19 -10 -10 -10 -100    0 -1000 -1000 -10
619 156 pedestrian 0 0 -10 0.08 210.14 183.24 338.81 -10 -10 -10 -100    0 -1000 -1000 -10
619 158 pedestrian 0 0 -10 376.89 169.79 439.85 208.88 -10 -10 -10 -100    0 -1000 -1000 -10
619 157 pedestrian 0 0 -10 51.46 207.44 164.72 274.08 -10 -10 -10 -100    0 -1000 -1000 -10
619 30 pedestrian 0 0 -10 703.28 179.06 761.98 238.32 -10 -10 -10 -100    0 -1000 -1000 -10
619 3 pedestrian 0 0 -10 787.46 181.75 823.55 205.06 -10 -10 -10 -100    0 -1000 -1000 -10
619 147 pedestrian 0 0 -10 217.13 96.94 380.26 255.65 -10 -10 -10 -100    0 -1000 -1000 -10
620 164 pedestrian 0 0 -10 145.83 201.59 201.80 241.24 -10 -10 -10 -100    0 -1000 -1000 -10
620 151 pedestrian 0 0 -10 851.06 179.17 881.03 197.74 -10 -10 -10 -100    0 -1000 -1000 -10
620 156 pedestrian 0 0 -10 0.13 210.72 139.41 349.86 -10 -10 -10 -100    0 -1000 -1000 -10
620 158 pedestrian 0 0 -10 362.40 168.87 428.97 207.32 -10 -10 -10 -100    0 -1000 -1000 -10
620 157 pedestrian 0 0 -10 12.30 206.59 138.74 268.01 -10 -10 -10 -100    0 -1000 -1000 -10
620 161 pedestrian 0 0 -10 17.91 200.47 135.65 258.47 -10 -10 -10 -100    0 -1000 -1000 -10
620 30 pedestrian 0 0 -10 706.53 179.09 765.40 237.66 -10 -10 -10 -100    0 -1000 -1000 -10
620 3 pedestrian 0 0 -10 788.82 181.60 824.54 205.40 -10 -10 -10 -100    0 -1000 -1000 -10
620 147 pedestrian 0 0 -10 184.98 90.50 364.32 259.71 -10 -10 -10 -100    0 -1000 -1000 -10
621 164 pedestrian 0 0 -10 118.90 202.70 176.82 244.05 -10 -10 -10 -100    0 -1000 -1000 -10
621 151 pedestrian 0 0 -10 853.32 179.28 882.92 197.75 -10 -10 -10 -100    0 -1000 -1000 -10
621 158 pedestrian 0 0 -10 347.93 168.16 419.54 209.47 -10 -10 -10 -100    0 -1000 -1000 -10
621 161 pedestrian 0 0 -10 0.33 202.68 107.68 267.48 -10 -10 -10 -100    0 -1000 -1000 -10
621 30 pedestrian 0 0 -10 709.47 179.25 768.65 238.27 -10 -10 -10 -100    0 -1000 -1000 -10
621 3 pedestrian 0 0 -10 790.38 182.48 826.42 206.07 -10 -10 -10 -100    0 -1000 -1000 -10
621 147 pedestrian 0 0 -10 148.89 85.53 346.89 266.09 -10 -10 -10 -100    0 -1000 -1000 -10
622 164 pedestrian 0 0 -10 91.14 206.30 154.98 249.68 -10 -10 -10 -100    0 -1000 -1000 -10
622 158 pedestrian 0 0 -10 312.46 168.19 409.54 213.86 -10 -10 -10 -100    0 -1000 -1000 -10
622 165 pedestrian 0 0 -10 336.07 186.17 368.65 216.26 -10 -10 -10 -100    0 -1000 -1000 -10
622 161 pedestrian 0 0 -10 0.08 205.54 74.15 266.03 -10 -10 -10 -100    0 -1000 -1000 -10
622 30 pedestrian 0 0 -10 712.05 180.34 770.56 238.75 -10 -10 -10 -100    0 -1000 -1000 -10
622 3 pedestrian 0 0 -10 791.21 183.42 826.40 207.19 -10 -10 -10 -100    0 -1000 -1000 -10
622 147 pedestrian 0 0 -10 109.24 80.76 323.92 273.81 -10 -10 -10 -100    0 -1000 -1000 -10
623 164 pedestrian 0 0 -10 58.42 209.81 121.76 253.98 -10 -10 -10 -100    0 -1000 -1000 -10
623 158 pedestrian 0 0 -10 284.12 172.48 399.34 217.43 -10 -10 -10 -100    0 -1000 -1000 -10
623 165 pedestrian 0 0 -10 319.52 187.07 352.25 218.66 -10 -10 -10 -100    0 -1000 -1000 -10
623 161 pedestrian 0 0 -10 0.00 212.42 36.78 272.27 -10 -10 -10 -100    0 -1000 -1000 -10
623 30 pedestrian 0 0 -10 714.42 181.52 772.66 238.75 -10 -10 -10 -100    0 -1000 -1000 -10
623 3 pedestrian 0 0 -10 792.45 183.82 826.36 207.34 -10 -10 -10 -100    0 -1000 -1000 -10
623 147 pedestrian 0 0 -10 61.45 76.26 305.35 283.83 -10 -10 -10 -100    0 -1000 -1000 -10
624 164 pedestrian 0 0 -10 3.69 206.12 71.99 253.77 -10 -10 -10 -100    0 -1000 -1000 -10
624 158 pedestrian 0 0 -10 259.68 172.13 388.82 216.68 -10 -10 -10 -100    0 -1000 -1000 -10
624 165 pedestrian 0 0 -10 303.98 188.47 337.66 219.48 -10 -10 -10 -100    0 -1000 -1000 -10
624 30 pedestrian 0 0 -10 718.11 180.76 775.90 237.71 -10 -10 -10 -100    0 -1000 -1000 -10
624 166 pedestrian 0 0 -10 264.23 195.28 308.69 229.23 -10 -10 -10 -100    0 -1000 -1000 -10
624 3 pedestrian 0 0 -10 794.19 182.92 828.43 206.51 -10 -10 -10 -100    0 -1000 -1000 -10
624 147 pedestrian 0 0 -10 5.82 68.75 284.40 293.46 -10 -10 -10 -100    0 -1000 -1000 -10
625 151 pedestrian 0 0 -10 862.56 175.54 890.11 192.19 -10 -10 -10 -100    0 -1000 -1000 -10
625 158 pedestrian 0 0 -10 237.52 172.62 380.93 219.08 -10 -10 -10 -100    0 -1000 -1000 -10
625 165 pedestrian 0 0 -10 285.34 188.73 322.06 222.43 -10 -10 -10 -100    0 -1000 -1000 -10
625 30 pedestrian 0 0 -10 720.31 179.83 777.74 236.43 -10 -10 -10 -100    0 -1000 -1000 -10
625 166 pedestrian 0 0 -10 240.76 196.58 291.45 232.69 -10 -10 -10 -100    0 -1000 -1000 -10
625 3 pedestrian 0 0 -10 795.04 182.18 828.86 205.25 -10 -10 -10 -100    0 -1000 -1000 -10
625 147 pedestrian 0 0 -10 0.00 58.02 261.24 301.91 -10 -10 -10 -100    0 -1000 -1000 -10
626 151 pedestrian 0 0 -10 862.63 175.38 889.29 191.60 -10 -10 -10 -100    0 -1000 -1000 -10
626 158 pedestrian 0 0 -10 221.61 174.31 366.32 221.68 -10 -10 -10 -100    0 -1000 -1000 -10
626 165 pedestrian 0 0 -10 265.35 192.13 303.23 226.17 -10 -10 -10 -100    0 -1000 -1000 -10
626 30 pedestrian 0 0 -10 723.86 179.84 779.91 235.69 -10 -10 -10 -100    0 -1000 -1000 -10
626 166 pedestrian 0 0 -10 218.21 201.30 271.51 237.05 -10 -10 -10 -100    0 -1000 -1000 -10
626 3 pedestrian 0 0 -10 795.71 180.98 829.51 204.64 -10 -10 -10 -100    0 -1000 -1000 -10
626 147 pedestrian 0 0 -10 0.00 50.06 233.70 315.33 -10 -10 -10 -100    0 -1000 -1000 -10
627 151 pedestrian 0 0 -10 867.58 174.79 894.09 190.57 -10 -10 -10 -100    0 -1000 -1000 -10
627 158 pedestrian 0 0 -10 191.91 173.42 362.33 224.05 -10 -10 -10 -100    0 -1000 -1000 -10
627 165 pedestrian 0 0 -10 244.74 192.80 285.98 230.86 -10 -10 -10 -100    0 -1000 -1000 -10
627 30 pedestrian 0 0 -10 726.76 178.84 784.19 234.09 -10 -10 -10 -100    0 -1000 -1000 -10
627 166 pedestrian 0 0 -10 193.30 202.50 250.30 240.79 -10 -10 -10 -100    0 -1000 -1000 -10
627 3 pedestrian 0 0 -10 796.80 179.04 829.67 203.39 -10 -10 -10 -100    0 -1000 -1000 -10
627 147 pedestrian 0 0 -10 0.00 45.22 202.11 330.60 -10 -10 -10 -100    0 -1000 -1000 -10
628 151 pedestrian 0 0 -10 869.57 173.08 896.63 189.66 -10 -10 -10 -100    0 -1000 -1000 -10
628 158 pedestrian 0 0 -10 149.15 175.50 343.57 226.58 -10 -10 -10 -100    0 -1000 -1000 -10
628 165 pedestrian 0 0 -10 221.15 194.63 265.60 231.54 -10 -10 -10 -100    0 -1000 -1000 -10
628 30 pedestrian 0 0 -10 729.87 177.50 786.12 231.96 -10 -10 -10 -100    0 -1000 -1000 -10
628 166 pedestrian 0 0 -10 164.81 203.17 227.32 243.02 -10 -10 -10 -100    0 -1000 -1000 -10
628 3 pedestrian 0 0 -10 798.02 177.04 830.55 201.73 -10 -10 -10 -100    0 -1000 -1000 -10
628 147 pedestrian 0 0 -10 0.00 48.91 169.27 326.62 -10 -10 -10 -100    0 -1000 -1000 -10
629 151 pedestrian 0 0 -10 874.12 171.79 898.01 188.48 -10 -10 -10 -100    0 -1000 -1000 -10
629 158 pedestrian 0 0 -10 120.76 175.20 325.11 231.41 -10 -10 -10 -100    0 -1000 -1000 -10
629 165 pedestrian 0 0 -10 197.28 196.07 243.60 235.93 -10 -10 -10 -100    0 -1000 -1000 -10
629 30 pedestrian 0 0 -10 732.44 176.70 788.15 230.58 -10 -10 -10 -100    0 -1000 -1000 -10
629 166 pedestrian 0 0 -10 131.67 206.85 200.09 249.21 -10 -10 -10 -100    0 -1000 -1000 -10
629 3 pedestrian 0 0 -10 797.94 176.10 828.06 199.86 -10 -10 -10 -100    0 -1000 -1000 -10
629 147 pedestrian 0 0 -10 0.00 65.24 130.69 334.95 -10 -10 -10 -100    0 -1000 -1000 -10
630 151 pedestrian 0 0 -10 870.52 176.80 893.71 193.72 -10 -10 -10 -100    0 -1000 -1000 -10
630 158 pedestrian 0 0 -10 80.49 176.21 311.19 245.59 -10 -10 -10 -100    0 -1000 -1000 -10
630 165 pedestrian 0 0 -10 170.44 203.03 221.16 243.63 -10 -10 -10 -100    0 -1000 -1000 -10
630 30 pedestrian 0 0 -10 734.79 179.86 790.13 233.55 -10 -10 -10 -100    0 -1000 -1000 -10
630 166 pedestrian 0 0 -10 97.37 212.08 171.60 256.01 -10 -10 -10 -100    0 -1000 -1000 -10
630 3 pedestrian 0 0 -10 798.21 180.13 827.58 203.26 -10 -10 -10 -100    0 -1000 -1000 -10
630 147 pedestrian 0 0 -10 0.07 77.80 88.79 315.40 -10 -10 -10 -100    0 -1000 -1000 -10
631 151 pedestrian 0 0 -10 866.90 174.87 889.88 192.19 -10 -10 -10 -100    0 -1000 -1000 -10
631 158 pedestrian 0 0 -10 22.01 173.40 304.24 265.16 -10 -10 -10 -100    0 -1000 -1000 -10
631 165 pedestrian 0 0 -10 142.26 204.46 196.89 246.29 -10 -10 -10 -100    0 -1000 -1000 -10
631 30 pedestrian 0 0 -10 737.23 179.45 791.75 232.56 -10 -10 -10 -100    0 -1000 -1000 -10
631 166 pedestrian 0 0 -10 59.16 214.92 142.51 264.60 -10 -10 -10 -100    0 -1000 -1000 -10
631 3 pedestrian 0 0 -10 797.91 179.98 827.42 202.99 -10 -10 -10 -100    0 -1000 -1000 -10
631 147 pedestrian 0 0 -10 0.11 78.67 37.77 340.82 -10 -10 -10 -100    0 -1000 -1000 -10
632 151 pedestrian 0 0 -10 863.35 173.34 887.98 191.35 -10 -10 -10 -100    0 -1000 -1000 -10
632 158 pedestrian 0 0 -10 0.45 175.86 258.69 282.66 -10 -10 -10 -100    0 -1000 -1000 -10
632 165 pedestrian 0 0 -10 111.28 204.96 168.42 249.41 -10 -10 -10 -100    0 -1000 -1000 -10
632 30 pedestrian 0 0 -10 738.99 177.84 792.98 230.75 -10 -10 -10 -100    0 -1000 -1000 -10
632 166 pedestrian 0 0 -10 20.45 217.82 97.34 267.22 -10 -10 -10 -100    0 -1000 -1000 -10
632 3 pedestrian 0 0 -10 796.97 178.33 825.88 201.73 -10 -10 -10 -100    0 -1000 -1000 -10
633 167 pedestrian 0 0 -10 829.30 169.27 865.68 188.30 -10 -10 -10 -100    0 -1000 -1000 -10
633 151 pedestrian 0 0 -10 859.51 170.56 884.38 189.37 -10 -10 -10 -100    0 -1000 -1000 -10
633 158 pedestrian 0 0 -10 0.00 184.37 207.47 282.31 -10 -10 -10 -100    0 -1000 -1000 -10
633 165 pedestrian 0 0 -10 70.82 205.87 135.80 251.56 -10 -10 -10 -100    0 -1000 -1000 -10
633 30 pedestrian 0 0 -10 740.47 174.45 793.34 227.09 -10 -10 -10 -100    0 -1000 -1000 -10
633 166 pedestrian 0 0 -10 0.00 213.96 59.53 272.41 -10 -10 -10 -100    0 -1000 -1000 -10
633 3 pedestrian 0 0 -10 795.41 175.53 822.63 198.90 -10 -10 -10 -100    0 -1000 -1000 -10
634 167 pedestrian 0 0 -10 829.12 169.48 862.52 189.28 -10 -10 -10 -100    0 -1000 -1000 -10
634 151 pedestrian 0 0 -10 857.52 170.86 877.90 187.42 -10 -10 -10 -100    0 -1000 -1000 -10
634 158 pedestrian 0 0 -10 0.00 170.69 239.48 266.68 -10 -10 -10 -100    0 -1000 -1000 -10
634 165 pedestrian 0 0 -10 34.08 207.59 104.65 255.04 -10 -10 -10 -100    0 -1000 -1000 -10
634 30 pedestrian 0 0 -10 741.46 173.49 793.94 225.80 -10 -10 -10 -100    0 -1000 -1000 -10
634 3 pedestrian 0 0 -10 793.84 174.23 822.86 198.38 -10 -10 -10 -100    0 -1000 -1000 -10
635 167 pedestrian 0 0 -10 820.76 166.96 854.97 187.33 -10 -10 -10 -100    0 -1000 -1000 -10
635 151 pedestrian 0 0 -10 852.97 168.53 873.85 185.59 -10 -10 -10 -100    0 -1000 -1000 -10
635 158 pedestrian 0 0 -10 0.00 145.20 187.49 255.52 -10 -10 -10 -100    0 -1000 -1000 -10
635 165 pedestrian 0 0 -10 0.09 206.80 66.52 258.62 -10 -10 -10 -100    0 -1000 -1000 -10
635 30 pedestrian 0 0 -10 742.15 170.93 794.11 222.82 -10 -10 -10 -100    0 -1000 -1000 -10
635 3 pedestrian 0 0 -10 791.74 172.53 820.24 196.96 -10 -10 -10 -100    0 -1000 -1000 -10
636 167 pedestrian 0 0 -10 815.58 164.74 848.30 186.63 -10 -10 -10 -100    0 -1000 -1000 -10
636 151 pedestrian 0 0 -10 849.59 168.46 869.04 185.04 -10 -10 -10 -100    0 -1000 -1000 -10
636 158 pedestrian 0 0 -10 0.00 144.11 139.01 260.03 -10 -10 -10 -100    0 -1000 -1000 -10
636 165 pedestrian 0 0 -10 0.00 211.13 26.19 261.58 -10 -10 -10 -100    0 -1000 -1000 -10
636 30 pedestrian 0 0 -10 742.57 170.23 794.19 221.08 -10 -10 -10 -100    0 -1000 -1000 -10
636 3 pedestrian 0 0 -10 790.23 171.52 817.17 195.27 -10 -10 -10 -100    0 -1000 -1000 -10
637 151 pedestrian 0 0 -10 843.84 166.76 863.86 183.58 -10 -10 -10 -100    0 -1000 -1000 -10
637 158 pedestrian 0 0 -10 0.08 133.77 86.73 261.03 -10 -10 -10 -100    0 -1000 -1000 -10
637 167 pedestrian 0 0 -10 808.00 164.80 838.61 186.59 -10 -10 -10 -100    0 -1000 -1000 -10
637 30 pedestrian 0 0 -10 743.38 168.99 794.53 219.17 -10 -10 -10 -100    0 -1000 -1000 -10
637 3 pedestrian 0 0 -10 787.78 170.39 814.58 194.07 -10 -10 -10 -100    0 -1000 -1000 -10
638 151 pedestrian 0 0 -10 838.19 167.58 859.26 183.85 -10 -10 -10 -100    0 -1000 -1000 -10
638 167 pedestrian 0 0 -10 796.66 165.02 828.90 186.44 -10 -10 -10 -100    0 -1000 -1000 -10
638 30 pedestrian 0 0 -10 743.79 168.64 794.99 218.33 -10 -10 -10 -100    0 -1000 -1000 -10
638 3 pedestrian 0 0 -10 783.00 169.88 811.12 194.07 -10 -10 -10 -100    0 -1000 -1000 -10
639 151 pedestrian 0 0 -10 832.63 168.51 853.00 184.83 -10 -10 -10 -100    0 -1000 -1000 -10
639 167 pedestrian 0 0 -10 790.00 164.58 829.85 187.29 -10 -10 -10 -100    0 -1000 -1000 -10
639 30 pedestrian 0 0 -10 744.03 169.58 794.05 219.00 -10 -10 -10 -100    0 -1000 -1000 -10
639 3 pedestrian 0 0 -10 780.13 170.42 806.78 194.11 -10 -10 -10 -100    0 -1000 -1000 -10
640 151 pedestrian 0 0 -10 825.93 169.38 845.45 185.27 -10 -10 -10 -100    0 -1000 -1000 -10
640 30 pedestrian 0 0 -10 743.74 170.08 793.27 219.04 -10 -10 -10 -100    0 -1000 -1000 -10
640 3 pedestrian 0 0 -10 776.85 171.56 803.63 194.50 -10 -10 -10 -100    0 -1000 -1000 -10
641 151 pedestrian 0 0 -10 819.16 170.23 838.25 185.65 -10 -10 -10 -100    0 -1000 -1000 -10
641 30 pedestrian 0 0 -10 743.44 170.05 792.81 218.60 -10 -10 -10 -100    0 -1000 -1000 -10
641 3 pedestrian 0 0 -10 775.86 171.86 800.77 193.91 -10 -10 -10 -100    0 -1000 -1000 -10
642 151 pedestrian 0 0 -10 810.30 169.11 830.56 185.61 -10 -10 -10 -100    0 -1000 -1000 -10
642 30 pedestrian 0 0 -10 742.88 168.94 792.42 217.96 -10 -10 -10 -100    0 -1000 -1000 -10
643 151 pedestrian 0 0 -10 801.54 168.64 821.97 185.40 -10 -10 -10 -100    0 -1000 -1000 -10
643 30 pedestrian 0 0 -10 742.06 168.61 791.62 217.20 -10 -10 -10 -100    0 -1000 -1000 -10
644 151 pedestrian 0 0 -10 794.37 169.40 813.70 185.66 -10 -10 -10 -100    0 -1000 -1000 -10
644 30 pedestrian 0 0 -10 741.37 168.78 789.32 216.40 -10 -10 -10 -100    0 -1000 -1000 -10
645 30 pedestrian 0 0 -10 740.37 168.18 788.04 215.89 -10 -10 -10 -100    0 -1000 -1000 -10
645 151 pedestrian 0 0 -10 786.77 168.64 807.56 186.18 -10 -10 -10 -100    0 -1000 -1000 -10
646 30 pedestrian 0 0 -10 739.00 167.97 785.92 215.29 -10 -10 -10 -100    0 -1000 -1000 -10
647 30 pedestrian 0 0 -10 737.38 168.16 784.24 215.54 -10 -10 -10 -100    0 -1000 -1000 -10
648 30 pedestrian 0 0 -10 735.93 168.86 781.39 215.26 -10 -10 -10 -100    0 -1000 -1000 -10
649 30 pedestrian 0 0 -10 733.88 169.86 778.31 215.25 -10 -10 -10 -100    0 -1000 -1000 -10
650 30 pedestrian 0 0 -10 731.36 169.87 777.12 216.22 -10 -10 -10 -100    0 -1000 -1000 -10
651 30 pedestrian 0 0 -10 729.35 170.22 773.43 216.05 -10 -10 -10 -100    0 -1000 -1000 -10
652 30 pedestrian 0 0 -10 726.64 170.00 770.28 215.16 -10 -10 -10 -100    0 -1000 -1000 -10
653 30 pedestrian 0 0 -10 723.60 170.61 766.93 215.21 -10 -10 -10 -100    0 -1000 -1000 -10
653 169 pedestrian 0 0 -10 681.56 173.94 702.48 193.20 -10 -10 -10 -100    0 -1000 -1000 -10
654 30 pedestrian 0 0 -10 720.29 170.27 763.45 215.30 -10 -10 -10 -100    0 -1000 -1000 -10
654 169 pedestrian 0 0 -10 668.51 174.46 690.17 193.06 -10 -10 -10 -100    0 -1000 -1000 -10
655 30 pedestrian 0 0 -10 716.25 169.29 759.80 214.04 -10 -10 -10 -100    0 -1000 -1000 -10
655 169 pedestrian 0 0 -10 657.72 174.02 678.41 191.56 -10 -10 -10 -100    0 -1000 -1000 -10
655 170 pedestrian 0 0 -10 698.11 174.78 721.30 197.88 -10 -10 -10 -100    0 -1000 -1000 -10
656 30 pedestrian 0 0 -10 711.60 168.33 755.01 212.49 -10 -10 -10 -100    0 -1000 -1000 -10
656 169 pedestrian 0 0 -10 645.13 173.18 668.71 190.86 -10 -10 -10 -100    0 -1000 -1000 -10
656 170 pedestrian 0 0 -10 692.62 174.52 715.96 197.43 -10 -10 -10 -100    0 -1000 -1000 -10
657 30 pedestrian 0 0 -10 706.62 167.89 750.06 211.85 -10 -10 -10 -100    0 -1000 -1000 -10
657 169 pedestrian 0 0 -10 630.97 173.90 656.49 191.57 -10 -10 -10 -100    0 -1000 -1000 -10
657 170 pedestrian 0 0 -10 686.60 175.01 709.58 197.39 -10 -10 -10 -100    0 -1000 -1000 -10
658 30 pedestrian 0 0 -10 702.09 167.35 744.86 211.16 -10 -10 -10 -100    0 -1000 -1000 -10
658 169 pedestrian 0 0 -10 618.66 174.19 642.80 191.22 -10 -10 -10 -100    0 -1000 -1000 -10
658 170 pedestrian 0 0 -10 678.57 174.70 702.18 197.75 -10 -10 -10 -100    0 -1000 -1000 -10
659 30 pedestrian 0 0 -10 695.44 168.53 739.59 211.99 -10 -10 -10 -100    0 -1000 -1000 -10
659 169 pedestrian 0 0 -10 608.95 175.47 631.79 192.54 -10 -10 -10 -100    0 -1000 -1000 -10
659 170 pedestrian 0 0 -10 669.80 175.76 695.82 199.82 -10 -10 -10 -100    0 -1000 -1000 -10
660 30 pedestrian 0 0 -10 689.43 169.01 733.06 212.84 -10 -10 -10 -100    0 -1000 -1000 -10
660 170 pedestrian 0 0 -10 662.36 177.59 687.09 200.31 -10 -10 -10 -100    0 -1000 -1000 -10
661 172 pedestrian 0 0 -10 624.71 177.59 651.59 195.87 -10 -10 -10 -100    0 -1000 -1000 -10
661 30 pedestrian 0 0 -10 683.10 168.67 726.48 212.45 -10 -10 -10 -100    0 -1000 -1000 -10
661 170 pedestrian 0 0 -10 652.77 177.76 679.13 200.92 -10 -10 -10 -100    0 -1000 -1000 -10
662 30 pedestrian 0 0 -10 675.37 170.31 719.68 213.52 -10 -10 -10 -100    0 -1000 -1000 -10
662 170 pedestrian 0 0 -10 643.94 179.06 669.44 201.86 -10 -10 -10 -100    0 -1000 -1000 -10
662 172 pedestrian 0 0 -10 612.62 178.83 638.74 196.10 -10 -10 -10 -100    0 -1000 -1000 -10
663 30 pedestrian 0 0 -10 667.71 170.91 711.76 213.98 -10 -10 -10 -100    0 -1000 -1000 -10
663 170 pedestrian 0 0 -10 634.25 179.09 660.35 202.63 -10 -10 -10 -100    0 -1000 -1000 -10
663 172 pedestrian 0 0 -10 599.64 179.00 627.63 197.04 -10 -10 -10 -100    0 -1000 -1000 -10
664 30 pedestrian 0 0 -10 658.84 171.03 703.26 214.36 -10 -10 -10 -100    0 -1000 -1000 -10
664 170 pedestrian 0 0 -10 623.89 180.13 650.64 203.55 -10 -10 -10 -100    0 -1000 -1000 -10
664 172 pedestrian 0 0 -10 587.14 180.13 614.78 197.85 -10 -10 -10 -100    0 -1000 -1000 -10
665 30 pedestrian 0 0 -10 650.78 171.20 694.94 214.22 -10 -10 -10 -100    0 -1000 -1000 -10
665 170 pedestrian 0 0 -10 614.02 180.33 640.84 203.47 -10 -10 -10 -100    0 -1000 -1000 -10
665 172 pedestrian 0 0 -10 575.25 180.21 602.77 197.17 -10 -10 -10 -100    0 -1000 -1000 -10
666 30 pedestrian 0 0 -10 642.01 170.91 685.57 213.61 -10 -10 -10 -100    0 -1000 -1000 -10
666 170 pedestrian 0 0 -10 604.10 179.62 631.78 203.04 -10 -10 -10 -100    0 -1000 -1000 -10
666 172 pedestrian 0 0 -10 562.25 179.45 590.43 196.94 -10 -10 -10 -100    0 -1000 -1000 -10
667 30 pedestrian 0 0 -10 633.68 169.19 677.81 211.68 -10 -10 -10 -100    0 -1000 -1000 -10
667 170 pedestrian 0 0 -10 594.62 178.37 622.75 202.02 -10 -10 -10 -100    0 -1000 -1000 -10
667 172 pedestrian 0 0 -10 548.43 178.59 577.83 195.80 -10 -10 -10 -100    0 -1000 -1000 -10
668 30 pedestrian 0 0 -10 625.12 169.59 670.44 211.02 -10 -10 -10 -100    0 -1000 -1000 -10
668 170 pedestrian 0 0 -10 585.09 178.52 614.29 202.20 -10 -10 -10 -100    0 -1000 -1000 -10
668 172 pedestrian 0 0 -10 536.79 177.94 567.03 195.11 -10 -10 -10 -100    0 -1000 -1000 -10
669 30 pedestrian 0 0 -10 617.48 168.60 662.15 210.29 -10 -10 -10 -100    0 -1000 -1000 -10
669 170 pedestrian 0 0 -10 576.68 178.39 605.86 202.45 -10 -10 -10 -100    0 -1000 -1000 -10
669 172 pedestrian 0 0 -10 525.82 178.30 556.69 195.99 -10 -10 -10 -100    0 -1000 -1000 -10
670 30 pedestrian 0 0 -10 610.47 169.40 655.76 210.84 -10 -10 -10 -100    0 -1000 -1000 -10
670 170 pedestrian 0 0 -10 568.96 178.24 598.76 202.64 -10 -10 -10 -100    0 -1000 -1000 -10
670 172 pedestrian 0 0 -10 514.98 178.17 547.83 195.74 -10 -10 -10 -100    0 -1000 -1000 -10
671 30 pedestrian 0 0 -10 603.47 169.15 649.12 210.80 -10 -10 -10 -100    0 -1000 -1000 -10
671 170 pedestrian 0 0 -10 561.53 178.42 591.39 202.85 -10 -10 -10 -100    0 -1000 -1000 -10
671 172 pedestrian 0 0 -10 504.44 178.36 537.49 195.73 -10 -10 -10 -100    0 -1000 -1000 -10
672 30 pedestrian 0 0 -10 596.35 170.70 642.26 212.10 -10 -10 -10 -100    0 -1000 -1000 -10
672 170 pedestrian 0 0 -10 554.02 179.31 584.57 203.82 -10 -10 -10 -100    0 -1000 -1000 -10
672 172 pedestrian 0 0 -10 494.17 178.70 526.70 195.88 -10 -10 -10 -100    0 -1000 -1000 -10
673 30 pedestrian 0 0 -10 589.48 172.57 635.08 214.15 -10 -10 -10 -100    0 -1000 -1000 -10
673 170 pedestrian 0 0 -10 545.85 181.20 576.50 205.56 -10 -10 -10 -100    0 -1000 -1000 -10
673 172 pedestrian 0 0 -10 482.36 180.61 515.40 198.05 -10 -10 -10 -100    0 -1000 -1000 -10
674 30 pedestrian 0 0 -10 581.72 173.08 628.31 214.91 -10 -10 -10 -100    0 -1000 -1000 -10
674 170 pedestrian 0 0 -10 539.07 181.32 569.90 205.88 -10 -10 -10 -100    0 -1000 -1000 -10
674 172 pedestrian 0 0 -10 473.31 180.36 507.14 197.89 -10 -10 -10 -100    0 -1000 -1000 -10
675 30 pedestrian 0 0 -10 575.50 173.55 621.09 215.02 -10 -10 -10 -100    0 -1000 -1000 -10
675 170 pedestrian 0 0 -10 532.14 181.62 562.93 205.81 -10 -10 -10 -100    0 -1000 -1000 -10
675 172 pedestrian 0 0 -10 463.78 181.11 497.91 198.64 -10 -10 -10 -100    0 -1000 -1000 -10
676 30 pedestrian 0 0 -10 568.90 174.89 615.11 216.44 -10 -10 -10 -100    0 -1000 -1000 -10
676 170 pedestrian 0 0 -10 524.64 183.23 557.55 207.31 -10 -10 -10 -100    0 -1000 -1000 -10
676 172 pedestrian 0 0 -10 456.45 182.26 489.85 199.73 -10 -10 -10 -100    0 -1000 -1000 -10
677 30 pedestrian 0 0 -10 562.14 176.46 609.12 217.41 -10 -10 -10 -100    0 -1000 -1000 -10
677 170 pedestrian 0 0 -10 517.65 183.80 551.06 208.61 -10 -10 -10 -100    0 -1000 -1000 -10
677 172 pedestrian 0 0 -10 446.86 183.29 479.38 200.40 -10 -10 -10 -100    0 -1000 -1000 -10
678 30 pedestrian 0 0 -10 556.72 176.31 603.11 217.08 -10 -10 -10 -100    0 -1000 -1000 -10
678 170 pedestrian 0 0 -10 512.28 183.89 544.30 208.03 -10 -10 -10 -100    0 -1000 -1000 -10
678 172 pedestrian 0 0 -10 437.17 182.63 471.22 200.19 -10 -10 -10 -100    0 -1000 -1000 -10
679 30 pedestrian 0 0 -10 550.42 175.50 597.27 216.66 -10 -10 -10 -100    0 -1000 -1000 -10
679 170 pedestrian 0 0 -10 504.26 182.69 538.96 207.51 -10 -10 -10 -100    0 -1000 -1000 -10
679 172 pedestrian 0 0 -10 429.71 181.55 464.16 197.81 -10 -10 -10 -100    0 -1000 -1000 -10
680 30 pedestrian 0 0 -10 543.82 175.18 590.74 216.06 -10 -10 -10 -100    0 -1000 -1000 -10
680 170 pedestrian 0 0 -10 497.96 182.03 531.85 207.20 -10 -10 -10 -100    0 -1000 -1000 -10
680 172 pedestrian 0 0 -10 419.69 180.64 454.34 198.56 -10 -10 -10 -100    0 -1000 -1000 -10
681 30 pedestrian 0 0 -10 537.62 174.53 585.01 215.48 -10 -10 -10 -100    0 -1000 -1000 -10
681 170 pedestrian 0 0 -10 490.93 181.49 525.94 206.87 -10 -10 -10 -100    0 -1000 -1000 -10
681 172 pedestrian 0 0 -10 410.91 179.55 445.80 196.96 -10 -10 -10 -100    0 -1000 -1000 -10
682 30 pedestrian 0 0 -10 531.42 174.62 578.05 215.15 -10 -10 -10 -100    0 -1000 -1000 -10
682 170 pedestrian 0 0 -10 485.34 181.11 519.83 206.57 -10 -10 -10 -100    0 -1000 -1000 -10
682 172 pedestrian 0 0 -10 401.41 178.21 436.52 195.37 -10 -10 -10 -100    0 -1000 -1000 -10
683 30 pedestrian 0 0 -10 526.36 174.62 572.58 214.75 -10 -10 -10 -100    0 -1000 -1000 -10
683 170 pedestrian 0 0 -10 477.62 180.69 513.92 206.75 -10 -10 -10 -100    0 -1000 -1000 -10
683 172 pedestrian 0 0 -10 394.36 177.95 428.91 195.56 -10 -10 -10 -100    0 -1000 -1000 -10
684 30 pedestrian 0 0 -10 519.62 174.61 566.52 215.18 -10 -10 -10 -100    0 -1000 -1000 -10
684 170 pedestrian 0 0 -10 471.44 180.60 508.25 206.56 -10 -10 -10 -100    0 -1000 -1000 -10
684 172 pedestrian 0 0 -10 385.97 177.77 420.55 195.23 -10 -10 -10 -100    0 -1000 -1000 -10
685 30 pedestrian 0 0 -10 514.10 174.93 561.06 215.00 -10 -10 -10 -100    0 -1000 -1000 -10
685 170 pedestrian 0 0 -10 466.59 181.23 501.95 206.26 -10 -10 -10 -100    0 -1000 -1000 -10
685 172 pedestrian 0 0 -10 377.35 178.28 412.03 195.69 -10 -10 -10 -100    0 -1000 -1000 -10
686 30 pedestrian 0 0 -10 509.23 174.70 555.83 215.11 -10 -10 -10 -100    0 -1000 -1000 -10
686 170 pedestrian 0 0 -10 460.00 181.22 496.88 206.12 -10 -10 -10 -100    0 -1000 -1000 -10
686 172 pedestrian 0 0 -10 368.13 178.60 403.36 196.03 -10 -10 -10 -100    0 -1000 -1000 -10
687 30 pedestrian 0 0 -10 504.18 174.47 551.38 214.85 -10 -10 -10 -100    0 -1000 -1000 -10
687 170 pedestrian 0 0 -10 454.79 180.04 492.44 205.22 -10 -10 -10 -100    0 -1000 -1000 -10
687 172 pedestrian 0 0 -10 358.55 177.14 396.01 195.34 -10 -10 -10 -100    0 -1000 -1000 -10
688 30 pedestrian 0 0 -10 499.49 173.96 547.23 213.55 -10 -10 -10 -100    0 -1000 -1000 -10
688 170 pedestrian 0 0 -10 448.79 179.38 487.05 204.92 -10 -10 -10 -100    0 -1000 -1000 -10
688 172 pedestrian 0 0 -10 351.79 175.78 389.21 194.80 -10 -10 -10 -100    0 -1000 -1000 -10
689 30 pedestrian 0 0 -10 496.53 172.74 543.64 212.14 -10 -10 -10 -100    0 -1000 -1000 -10
689 170 pedestrian 0 0 -10 442.61 177.79 482.36 203.88 -10 -10 -10 -100    0 -1000 -1000 -10
689 172 pedestrian 0 0 -10 346.91 174.42 384.54 193.99 -10 -10 -10 -100    0 -1000 -1000 -10
690 30 pedestrian 0 0 -10 493.21 172.35 541.08 212.38 -10 -10 -10 -100    0 -1000 -1000 -10
690 170 pedestrian 0 0 -10 438.76 177.85 478.66 203.49 -10 -10 -10 -100    0 -1000 -1000 -10
690 172 pedestrian 0 0 -10 343.42 174.48 380.10 193.33 -10 -10 -10 -100    0 -1000 -1000 -10
691 30 pedestrian 0 0 -10 490.04 173.47 538.06 213.86 -10 -10 -10 -100    0 -1000 -1000 -10
691 170 pedestrian 0 0 -10 433.19 179.05 474.78 204.63 -10 -10 -10 -100    0 -1000 -1000 -10
691 172 pedestrian 0 0 -10 339.51 175.52 373.76 194.63 -10 -10 -10 -100    0 -1000 -1000 -10
692 30 pedestrian 0 0 -10 487.68 173.06 535.53 213.20 -10 -10 -10 -100    0 -1000 -1000 -10
692 170 pedestrian 0 0 -10 429.20 177.43 470.73 204.09 -10 -10 -10 -100    0 -1000 -1000 -10
692 172 pedestrian 0 0 -10 334.34 174.24 369.93 194.10 -10 -10 -10 -100    0 -1000 -1000 -10
693 30 pedestrian 0 0 -10 484.91 170.62 532.93 210.80 -10 -10 -10 -100    0 -1000 -1000 -10
693 170 pedestrian 0 0 -10 425.48 175.39 468.23 202.27 -10 -10 -10 -100    0 -1000 -1000 -10
693 172 pedestrian 0 0 -10 329.78 172.39 366.00 191.80 -10 -10 -10 -100    0 -1000 -1000 -10
694 30 pedestrian 0 0 -10 483.39 168.93 530.61 208.26 -10 -10 -10 -100    0 -1000 -1000 -10
694 173 pedestrian 0 0 -10 302.52 167.11 328.06 186.78 -10 -10 -10 -100    0 -1000 -1000 -10
694 170 pedestrian 0 0 -10 422.31 173.86 465.24 200.28 -10 -10 -10 -100    0 -1000 -1000 -10
694 172 pedestrian 0 0 -10 326.86 169.81 362.71 189.11 -10 -10 -10 -100    0 -1000 -1000 -10
695 30 pedestrian 0 0 -10 481.11 168.79 529.13 208.32 -10 -10 -10 -100    0 -1000 -1000 -10
695 173 pedestrian 0 0 -10 302.23 168.13 326.09 187.13 -10 -10 -10 -100    0 -1000 -1000 -10
695 170 pedestrian 0 0 -10 417.34 174.39 461.88 201.53 -10 -10 -10 -100    0 -1000 -1000 -10
695 172 pedestrian 0 0 -10 323.68 170.11 360.01 189.91 -10 -10 -10 -100    0 -1000 -1000 -10
696 30 pedestrian 0 0 -10 479.02 169.04 526.83 208.71 -10 -10 -10 -100    0 -1000 -1000 -10
696 173 pedestrian 0 0 -10 303.64 168.49 326.82 187.31 -10 -10 -10 -100    0 -1000 -1000 -10
696 170 pedestrian 0 0 -10 412.49 174.66 457.58 202.37 -10 -10 -10 -100    0 -1000 -1000 -10
696 172 pedestrian 0 0 -10 320.71 170.21 356.37 190.60 -10 -10 -10 -100    0 -1000 -1000 -10
697 174 pedestrian 0 0 -10 179.35 152.90 287.08 184.70 -10 -10 -10 -100    0 -1000 -1000 -10
697 30 pedestrian 0 0 -10 477.25 168.70 525.50 208.70 -10 -10 -10 -100    0 -1000 -1000 -10
697 173 pedestrian 0 0 -10 302.31 167.89 326.81 186.03 -10 -10 -10 -100    0 -1000 -1000 -10
697 170 pedestrian 0 0 -10 410.05 174.29 455.00 202.00 -10 -10 -10 -100    0 -1000 -1000 -10
697 172 pedestrian 0 0 -10 318.22 169.70 354.82 189.87 -10 -10 -10 -100    0 -1000 -1000 -10
698 175 pedestrian 0 0 -10 226.96 135.59 286.55 158.11 -10 -10 -10 -100    0 -1000 -1000 -10
698 174 pedestrian 0 0 -10 187.16 151.45 289.09 182.39 -10 -10 -10 -100    0 -1000 -1000 -10
698 30 pedestrian 0 0 -10 475.92 167.78 524.15 207.93 -10 -10 -10 -100    0 -1000 -1000 -10
698 170 pedestrian 0 0 -10 406.63 173.63 451.26 201.02 -10 -10 -10 -100    0 -1000 -1000 -10
698 172 pedestrian 0 0 -10 316.20 168.25 351.69 189.14 -10 -10 -10 -100    0 -1000 -1000 -10
699 175 pedestrian 0 0 -10 231.04 134.81 293.39 157.12 -10 -10 -10 -100    0 -1000 -1000 -10
699 174 pedestrian 0 0 -10 193.77 151.71 296.07 181.12 -10 -10 -10 -100    0 -1000 -1000 -10
699 30 pedestrian 0 0 -10 474.36 166.91 523.22 206.86 -10 -10 -10 -100    0 -1000 -1000 -10
699 170 pedestrian 0 0 -10 404.06 172.63 448.51 199.69 -10 -10 -10 -100    0 -1000 -1000 -10
699 172 pedestrian 0 0 -10 317.29 167.15 351.45 186.96 -10 -10 -10 -100    0 -1000 -1000 -10
700 175 pedestrian 0 0 -10 241.00 133.82 298.09 156.27 -10 -10 -10 -100    0 -1000 -1000 -10
700 174 pedestrian 0 0 -10 199.50 150.86 300.44 180.17 -10 -10 -10 -100    0 -1000 -1000 -10
700 30 pedestrian 0 0 -10 473.67 166.07 522.34 205.38 -10 -10 -10 -100    0 -1000 -1000 -10
700 170 pedestrian 0 0 -10 399.30 171.44 445.87 198.99 -10 -10 -10 -100    0 -1000 -1000 -10
700 172 pedestrian 0 0 -10 317.56 166.14 351.41 185.46 -10 -10 -10 -100    0 -1000 -1000 -10
701 175 pedestrian 0 0 -10 248.21 133.19 307.72 156.11 -10 -10 -10 -100    0 -1000 -1000 -10
701 174 pedestrian 0 0 -10 204.10 150.63 303.07 179.07 -10 -10 -10 -100    0 -1000 -1000 -10
701 30 pedestrian 0 0 -10 472.40 165.35 521.71 205.21 -10 -10 -10 -100    0 -1000 -1000 -10
701 170 pedestrian 0 0 -10 397.82 170.71 443.92 198.34 -10 -10 -10 -100    0 -1000 -1000 -10
701 172 pedestrian 0 0 -10 317.52 165.69 350.33 185.12 -10 -10 -10 -100    0 -1000 -1000 -10
702 175 pedestrian 0 0 -10 258.71 133.37 314.81 154.58 -10 -10 -10 -100    0 -1000 -1000 -10
702 174 pedestrian 0 0 -10 217.82 151.56 317.49 180.06 -10 -10 -10 -100    0 -1000 -1000 -10
702 30 pedestrian 0 0 -10 472.76 165.00 521.63 204.49 -10 -10 -10 -100    0 -1000 -1000 -10
702 170 pedestrian 0 0 -10 397.43 170.60 442.57 198.42 -10 -10 -10 -100    0 -1000 -1000 -10
702 172 pedestrian 0 0 -10 318.38 165.27 350.23 184.72 -10 -10 -10 -100    0 -1000 -1000 -10
703 175 pedestrian 0 0 -10 268.63 132.50 325.17 156.00 -10 -10 -10 -100    0 -1000 -1000 -10
703 174 pedestrian 0 0 -10 221.28 151.45 320.73 179.97 -10 -10 -10 -100    0 -1000 -1000 -10
703 30 pedestrian 0 0 -10 473.29 164.92 522.42 204.17 -10 -10 -10 -100    0 -1000 -1000 -10
703 170 pedestrian 0 0 -10 397.08 170.00 441.32 198.61 -10 -10 -10 -100    0 -1000 -1000 -10
703 172 pedestrian 0 0 -10 318.87 164.52 351.29 184.20 -10 -10 -10 -100    0 -1000 -1000 -10
704 175 pedestrian 0 0 -10 277.46 132.63 333.99 157.93 -10 -10 -10 -100    0 -1000 -1000 -10
704 174 pedestrian 0 0 -10 232.69 152.31 332.75 179.40 -10 -10 -10 -100    0 -1000 -1000 -10
704 30 pedestrian 0 0 -10 473.75 164.84 523.08 203.99 -10 -10 -10 -100    0 -1000 -1000 -10
704 170 pedestrian 0 0 -10 395.50 170.31 440.33 199.48 -10 -10 -10 -100    0 -1000 -1000 -10
704 172 pedestrian 0 0 -10 319.17 164.20 353.31 184.64 -10 -10 -10 -100    0 -1000 -1000 -10
705 178 pedestrian 0 0 -10 124.07 136.94 170.86 160.24 -10 -10 -10 -100    0 -1000 -1000 -10
705 175 pedestrian 0 0 -10 287.94 131.99 342.27 155.36 -10 -10 -10 -100    0 -1000 -1000 -10
705 174 pedestrian 0 0 -10 242.24 150.96 342.34 180.69 -10 -10 -10 -100    0 -1000 -1000 -10
705 30 pedestrian 0 0 -10 474.27 163.89 524.04 203.13 -10 -10 -10 -100    0 -1000 -1000 -10
705 170 pedestrian 0 0 -10 395.54 169.72 439.59 197.83 -10 -10 -10 -100    0 -1000 -1000 -10
705 172 pedestrian 0 0 -10 324.65 163.28 356.05 183.45 -10 -10 -10 -100    0 -1000 -1000 -10
706 178 pedestrian 0 0 -10 123.71 135.84 184.72 159.35 -10 -10 -10 -100    0 -1000 -1000 -10
706 175 pedestrian 0 0 -10 299.46 129.99 350.84 154.69 -10 -10 -10 -100    0 -1000 -1000 -10
706 174 pedestrian 0 0 -10 248.85 149.07 346.49 178.17 -10 -10 -10 -100    0 -1000 -1000 -10
706 30 pedestrian 0 0 -10 474.92 162.38 524.60 201.64 -10 -10 -10 -100    0 -1000 -1000 -10
706 170 pedestrian 0 0 -10 394.77 168.37 438.91 197.07 -10 -10 -10 -100    0 -1000 -1000 -10
706 172 pedestrian 0 0 -10 326.57 161.08 358.65 182.73 -10 -10 -10 -100    0 -1000 -1000 -10
707 178 pedestrian 0 0 -10 127.81 136.50 194.13 160.48 -10 -10 -10 -100    0 -1000 -1000 -10
707 175 pedestrian 0 0 -10 310.40 130.25 361.79 156.10 -10 -10 -10 -100    0 -1000 -1000 -10
707 174 pedestrian 0 0 -10 254.85 148.69 355.48 178.02 -10 -10 -10 -100    0 -1000 -1000 -10
707 30 pedestrian 0 0 -10 476.27 162.46 525.64 201.37 -10 -10 -10 -100    0 -1000 -1000 -10
707 170 pedestrian 0 0 -10 394.55 168.30 438.42 196.94 -10 -10 -10 -100    0 -1000 -1000 -10
707 172 pedestrian 0 0 -10 331.15 160.63 362.47 182.67 -10 -10 -10 -100    0 -1000 -1000 -10
708 178 pedestrian 0 0 -10 134.46 136.06 202.10 160.33 -10 -10 -10 -100    0 -1000 -1000 -10
708 175 pedestrian 0 0 -10 318.15 130.31 367.60 155.38 -10 -10 -10 -100    0 -1000 -1000 -10
708 174 pedestrian 0 0 -10 262.05 146.75 359.06 176.44 -10 -10 -10 -100    0 -1000 -1000 -10
708 30 pedestrian 0 0 -10 476.47 161.16 525.83 200.26 -10 -10 -10 -100    0 -1000 -1000 -10
708 170 pedestrian 0 0 -10 394.32 167.38 437.30 195.07 -10 -10 -10 -100    0 -1000 -1000 -10
708 172 pedestrian 0 0 -10 334.60 159.20 366.24 181.42 -10 -10 -10 -100    0 -1000 -1000 -10
709 178 pedestrian 0 0 -10 140.41 135.12 213.28 160.26 -10 -10 -10 -100    0 -1000 -1000 -10
709 175 pedestrian 0 0 -10 325.53 127.96 372.64 154.47 -10 -10 -10 -100    0 -1000 -1000 -10
709 174 pedestrian 0 0 -10 274.76 144.86 362.60 172.41 -10 -10 -10 -100    0 -1000 -1000 -10
709 30 pedestrian 0 0 -10 477.45 159.95 526.74 199.08 -10 -10 -10 -100    0 -1000 -1000 -10
709 170 pedestrian 0 0 -10 394.19 165.54 437.05 194.62 -10 -10 -10 -100    0 -1000 -1000 -10
709 172 pedestrian 0 0 -10 337.85 158.04 368.87 180.12 -10 -10 -10 -100    0 -1000 -1000 -10
710 178 pedestrian 0 0 -10 150.96 133.92 224.22 158.04 -10 -10 -10 -100    0 -1000 -1000 -10
710 175 pedestrian 0 0 -10 335.56 127.92 380.79 153.91 -10 -10 -10 -100    0 -1000 -1000 -10
710 174 pedestrian 0 0 -10 282.72 142.99 373.81 171.79 -10 -10 -10 -100    0 -1000 -1000 -10
710 30 pedestrian 0 0 -10 478.01 159.25 527.23 198.49 -10 -10 -10 -100    0 -1000 -1000 -10
710 170 pedestrian 0 0 -10 394.96 164.72 437.05 194.16 -10 -10 -10 -100    0 -1000 -1000 -10
710 172 pedestrian 0 0 -10 341.41 157.79 372.56 179.32 -10 -10 -10 -100    0 -1000 -1000 -10
711 178 pedestrian 0 0 -10 160.41 133.69 232.42 158.79 -10 -10 -10 -100    0 -1000 -1000 -10
711 175 pedestrian 0 0 -10 343.70 128.00 389.25 151.61 -10 -10 -10 -100    0 -1000 -1000 -10
711 174 pedestrian 0 0 -10 292.07 140.76 381.01 173.20 -10 -10 -10 -100    0 -1000 -1000 -10
711 30 pedestrian 0 0 -10 478.66 159.06 527.93 198.12 -10 -10 -10 -100    0 -1000 -1000 -10
711 170 pedestrian 0 0 -10 395.84 164.22 436.87 193.92 -10 -10 -10 -100    0 -1000 -1000 -10
711 172 pedestrian 0 0 -10 345.02 156.69 374.90 178.64 -10 -10 -10 -100    0 -1000 -1000 -10
712 181 pedestrian 0 0 -10 278.80 135.06 298.44 152.84 -10 -10 -10 -100    0 -1000 -1000 -10
712 178 pedestrian 0 0 -10 170.38 132.69 242.34 156.32 -10 -10 -10 -100    0 -1000 -1000 -10
712 175 pedestrian 0 0 -10 356.37 126.30 398.82 152.47 -10 -10 -10 -100    0 -1000 -1000 -10
712 174 pedestrian 0 0 -10 299.98 140.56 392.54 175.01 -10 -10 -10 -100    0 -1000 -1000 -10
712 30 pedestrian 0 0 -10 479.28 158.97 528.52 197.74 -10 -10 -10 -100    0 -1000 -1000 -10
712 170 pedestrian 0 0 -10 397.52 163.86 437.22 193.29 -10 -10 -10 -100    0 -1000 -1000 -10
712 172 pedestrian 0 0 -10 349.45 157.49 379.83 178.93 -10 -10 -10 -100    0 -1000 -1000 -10
713 178 pedestrian 0 0 -10 166.19 132.54 252.39 156.69 -10 -10 -10 -100    0 -1000 -1000 -10
713 175 pedestrian 0 0 -10 366.75 125.37 408.46 148.97 -10 -10 -10 -100    0 -1000 -1000 -10
713 174 pedestrian 0 0 -10 307.04 139.63 399.53 177.36 -10 -10 -10 -100    0 -1000 -1000 -10
713 30 pedestrian 0 0 -10 480.10 158.45 529.55 197.66 -10 -10 -10 -100    0 -1000 -1000 -10
713 170 pedestrian 0 0 -10 397.52 164.02 438.26 194.08 -10 -10 -10 -100    0 -1000 -1000 -10
713 172 pedestrian 0 0 -10 352.49 158.19 382.24 179.77 -10 -10 -10 -100    0 -1000 -1000 -10
714 178 pedestrian 0 0 -10 167.87 131.94 260.31 153.64 -10 -10 -10 -100    0 -1000 -1000 -10
714 175 pedestrian 0 0 -10 373.74 124.67 419.18 148.96 -10 -10 -10 -100    0 -1000 -1000 -10
714 174 pedestrian 0 0 -10 313.89 137.56 407.42 176.03 -10 -10 -10 -100    0 -1000 -1000 -10
714 30 pedestrian 0 0 -10 480.85 158.11 530.74 197.36 -10 -10 -10 -100    0 -1000 -1000 -10
714 170 pedestrian 0 0 -10 400.05 164.32 440.11 193.91 -10 -10 -10 -100    0 -1000 -1000 -10
714 172 pedestrian 0 0 -10 356.73 157.84 388.84 180.13 -10 -10 -10 -100    0 -1000 -1000 -10
715 178 pedestrian 0 0 -10 172.99 133.70 270.06 157.45 -10 -10 -10 -100    0 -1000 -1000 -10
715 175 pedestrian 0 0 -10 385.59 126.91 426.75 152.08 -10 -10 -10 -100    0 -1000 -1000 -10
715 174 pedestrian 0 0 -10 325.31 141.16 417.07 180.68 -10 -10 -10 -100    0 -1000 -1000 -10
715 30 pedestrian 0 0 -10 482.07 159.19 532.40 198.56 -10 -10 -10 -100    0 -1000 -1000 -10
715 170 pedestrian 0 0 -10 402.55 165.25 441.78 195.08 -10 -10 -10 -100    0 -1000 -1000 -10
715 172 pedestrian 0 0 -10 363.92 160.58 391.80 180.26 -10 -10 -10 -100    0 -1000 -1000 -10
716 178 pedestrian 0 0 -10 182.61 137.35 284.96 159.43 -10 -10 -10 -100    0 -1000 -1000 -10
716 175 pedestrian 0 0 -10 396.33 130.18 435.67 155.04 -10 -10 -10 -100    0 -1000 -1000 -10
716 174 pedestrian 0 0 -10 333.71 145.93 430.53 184.82 -10 -10 -10 -100    0 -1000 -1000 -10
716 30 pedestrian 0 0 -10 484.09 160.50 534.80 199.64 -10 -10 -10 -100    0 -1000 -1000 -10
716 170 pedestrian 0 0 -10 406.25 167.20 444.72 196.52 -10 -10 -10 -100    0 -1000 -1000 -10
716 172 pedestrian 0 0 -10 370.37 162.22 398.19 182.85 -10 -10 -10 -100    0 -1000 -1000 -10
717 178 pedestrian 0 0 -10 191.73 139.22 297.29 160.36 -10 -10 -10 -100    0 -1000 -1000 -10
717 174 pedestrian 0 0 -10 342.21 145.79 443.59 189.28 -10 -10 -10 -100    0 -1000 -1000 -10
717 30 pedestrian 0 0 -10 487.86 161.04 537.85 200.23 -10 -10 -10 -100    0 -1000 -1000 -10
717 170 pedestrian 0 0 -10 410.51 167.03 447.45 197.23 -10 -10 -10 -100    0 -1000 -1000 -10
717 172 pedestrian 0 0 -10 375.67 161.40 401.89 184.02 -10 -10 -10 -100    0 -1000 -1000 -10
718 178 pedestrian 0 0 -10 201.24 139.55 308.75 161.21 -10 -10 -10 -100    0 -1000 -1000 -10
718 174 pedestrian 0 0 -10 351.94 146.61 450.75 190.28 -10 -10 -10 -100    0 -1000 -1000 -10
718 30 pedestrian 0 0 -10 491.95 161.91 541.08 200.62 -10 -10 -10 -100    0 -1000 -1000 -10
718 170 pedestrian 0 0 -10 413.60 166.03 451.77 197.52 -10 -10 -10 -100    0 -1000 -1000 -10
718 172 pedestrian 0 0 -10 389.85 162.94 415.55 184.89 -10 -10 -10 -100    0 -1000 -1000 -10
719 178 pedestrian 0 0 -10 211.52 139.41 319.71 160.64 -10 -10 -10 -100    0 -1000 -1000 -10
719 174 pedestrian 0 0 -10 360.39 147.18 457.67 190.88 -10 -10 -10 -100    0 -1000 -1000 -10
719 30 pedestrian 0 0 -10 495.43 161.91 544.75 200.42 -10 -10 -10 -100    0 -1000 -1000 -10
719 170 pedestrian 0 0 -10 418.30 167.30 455.43 197.74 -10 -10 -10 -100    0 -1000 -1000 -10
719 172 pedestrian 0 0 -10 395.53 162.76 419.59 184.64 -10 -10 -10 -100    0 -1000 -1000 -10
720 178 pedestrian 0 0 -10 218.88 140.09 331.81 161.25 -10 -10 -10 -100    0 -1000 -1000 -10
720 175 pedestrian 0 0 -10 446.54 135.16 478.06 157.19 -10 -10 -10 -100    0 -1000 -1000 -10
720 174 pedestrian 0 0 -10 372.50 145.19 463.58 191.17 -10 -10 -10 -100    0 -1000 -1000 -10
720 30 pedestrian 0 0 -10 499.46 161.02 548.95 200.31 -10 -10 -10 -100    0 -1000 -1000 -10
720 170 pedestrian 0 0 -10 423.37 167.92 460.81 197.01 -10 -10 -10 -100    0 -1000 -1000 -10
720 172 pedestrian 0 0 -10 400.98 162.02 426.15 184.33 -10 -10 -10 -100    0 -1000 -1000 -10
721 178 pedestrian 0 0 -10 229.68 140.22 343.39 162.53 -10 -10 -10 -100    0 -1000 -1000 -10
721 175 pedestrian 0 0 -10 458.16 135.70 490.53 155.78 -10 -10 -10 -100    0 -1000 -1000 -10
721 174 pedestrian 0 0 -10 383.96 144.68 469.22 191.36 -10 -10 -10 -100    0 -1000 -1000 -10
721 30 pedestrian 0 0 -10 504.90 161.02 553.76 199.87 -10 -10 -10 -100    0 -1000 -1000 -10
721 170 pedestrian 0 0 -10 428.74 166.42 466.84 197.69 -10 -10 -10 -100    0 -1000 -1000 -10
721 172 pedestrian 0 0 -10 408.74 162.83 432.38 186.00 -10 -10 -10 -100    0 -1000 -1000 -10
722 178 pedestrian 0 0 -10 239.27 141.51 357.75 164.61 -10 -10 -10 -100    0 -1000 -1000 -10
722 175 pedestrian 0 0 -10 470.21 136.44 501.60 156.61 -10 -10 -10 -100    0 -1000 -1000 -10
722 174 pedestrian 0 0 -10 396.48 143.96 472.42 190.33 -10 -10 -10 -100    0 -1000 -1000 -10
722 30 pedestrian 0 0 -10 510.96 160.91 557.92 199.66 -10 -10 -10 -100    0 -1000 -1000 -10
722 170 pedestrian 0 0 -10 435.94 166.92 473.16 197.77 -10 -10 -10 -100    0 -1000 -1000 -10
722 172 pedestrian 0 0 -10 415.25 162.89 440.80 186.89 -10 -10 -10 -100    0 -1000 -1000 -10
723 178 pedestrian 0 0 -10 251.15 142.44 370.17 166.56 -10 -10 -10 -100    0 -1000 -1000 -10
723 175 pedestrian 0 0 -10 486.05 135.71 513.21 155.97 -10 -10 -10 -100    0 -1000 -1000 -10
723 174 pedestrian 0 0 -10 409.13 145.39 480.22 190.57 -10 -10 -10 -100    0 -1000 -1000 -10
723 30 pedestrian 0 0 -10 517.47 159.67 564.55 199.12 -10 -10 -10 -100    0 -1000 -1000 -10
723 170 pedestrian 0 0 -10 442.90 164.84 480.05 198.07 -10 -10 -10 -100    0 -1000 -1000 -10
723 172 pedestrian 0 0 -10 425.64 162.83 453.73 187.08 -10 -10 -10 -100    0 -1000 -1000 -10
724 178 pedestrian 0 0 -10 265.88 143.47 380.48 167.89 -10 -10 -10 -100    0 -1000 -1000 -10
724 175 pedestrian 0 0 -10 498.95 135.67 526.41 156.27 -10 -10 -10 -100    0 -1000 -1000 -10
724 174 pedestrian 0 0 -10 420.40 144.08 487.67 187.77 -10 -10 -10 -100    0 -1000 -1000 -10
724 30 pedestrian 0 0 -10 524.09 159.81 570.31 198.63 -10 -10 -10 -100    0 -1000 -1000 -10
724 170 pedestrian 0 0 -10 451.05 165.30 487.68 197.27 -10 -10 -10 -100    0 -1000 -1000 -10
724 172 pedestrian 0 0 -10 436.64 163.06 461.01 187.23 -10 -10 -10 -100    0 -1000 -1000 -10
725 178 pedestrian 0 0 -10 272.20 144.25 392.67 167.65 -10 -10 -10 -100    0 -1000 -1000 -10
725 175 pedestrian 0 0 -10 511.41 136.62 539.65 155.64 -10 -10 -10 -100    0 -1000 -1000 -10
725 174 pedestrian 0 0 -10 433.60 144.31 496.46 186.30 -10 -10 -10 -100    0 -1000 -1000 -10
725 30 pedestrian 0 0 -10 531.89 158.74 577.08 197.72 -10 -10 -10 -100    0 -1000 -1000 -10
725 170 pedestrian 0 0 -10 458.32 163.96 494.79 196.56 -10 -10 -10 -100    0 -1000 -1000 -10
725 172 pedestrian 0 0 -10 446.38 162.08 472.26 187.31 -10 -10 -10 -100    0 -1000 -1000 -10
726 178 pedestrian 0 0 -10 281.31 144.22 407.22 167.59 -10 -10 -10 -100    0 -1000 -1000 -10
726 175 pedestrian 0 0 -10 523.67 136.37 553.25 154.91 -10 -10 -10 -100    0 -1000 -1000 -10
726 174 pedestrian 0 0 -10 445.78 145.06 506.19 186.40 -10 -10 -10 -100    0 -1000 -1000 -10
726 30 pedestrian 0 0 -10 540.27 158.28 584.40 196.79 -10 -10 -10 -100    0 -1000 -1000 -10
726 170 pedestrian 0 0 -10 467.58 163.85 503.54 197.29 -10 -10 -10 -100    0 -1000 -1000 -10
726 172 pedestrian 0 0 -10 453.45 159.99 482.98 186.95 -10 -10 -10 -100    0 -1000 -1000 -10
727 178 pedestrian 0 0 -10 291.54 144.90 421.49 169.76 -10 -10 -10 -100    0 -1000 -1000 -10
727 175 pedestrian 0 0 -10 536.01 135.41 563.39 155.56 -10 -10 -10 -100    0 -1000 -1000 -10
727 174 pedestrian 0 0 -10 458.42 144.18 518.53 185.70 -10 -10 -10 -100    0 -1000 -1000 -10
727 30 pedestrian 0 0 -10 547.19 157.76 591.47 196.87 -10 -10 -10 -100    0 -1000 -1000 -10
727 170 pedestrian 0 0 -10 474.64 163.80 511.33 197.94 -10 -10 -10 -100    0 -1000 -1000 -10
727 172 pedestrian 0 0 -10 464.27 161.65 492.42 187.75 -10 -10 -10 -100    0 -1000 -1000 -10
728 178 pedestrian 0 0 -10 302.09 145.25 435.93 170.54 -10 -10 -10 -100    0 -1000 -1000 -10
728 175 pedestrian 0 0 -10 548.97 135.85 575.50 157.15 -10 -10 -10 -100    0 -1000 -1000 -10
728 174 pedestrian 0 0 -10 468.56 144.61 530.75 186.08 -10 -10 -10 -100    0 -1000 -1000 -10
728 30 pedestrian 0 0 -10 555.46 158.43 599.54 197.00 -10 -10 -10 -100    0 -1000 -1000 -10
728 170 pedestrian 0 0 -10 483.49 164.20 520.82 198.45 -10 -10 -10 -100    0 -1000 -1000 -10
729 178 pedestrian 0 0 -10 314.03 145.47 445.74 170.17 -10 -10 -10 -100    0 -1000 -1000 -10
729 175 pedestrian 0 0 -10 560.93 136.67 588.95 158.57 -10 -10 -10 -100    0 -1000 -1000 -10
729 174 pedestrian 0 0 -10 480.04 145.85 543.20 185.85 -10 -10 -10 -100    0 -1000 -1000 -10
729 30 pedestrian 0 0 -10 563.91 158.09 607.64 197.53 -10 -10 -10 -100    0 -1000 -1000 -10
729 170 pedestrian 0 0 -10 493.34 164.38 529.35 199.07 -10 -10 -10 -100    0 -1000 -1000 -10
730 178 pedestrian 0 0 -10 321.86 145.74 457.60 172.09 -10 -10 -10 -100    0 -1000 -1000 -10
730 175 pedestrian 0 0 -10 574.15 137.84 602.01 158.58 -10 -10 -10 -100    0 -1000 -1000 -10
730 174 pedestrian 0 0 -10 492.28 145.50 555.08 187.72 -10 -10 -10 -100    0 -1000 -1000 -10
730 30 pedestrian 0 0 -10 572.92 159.21 615.67 197.79 -10 -10 -10 -100    0 -1000 -1000 -10
730 170 pedestrian 0 0 -10 502.79 165.13 539.36 200.37 -10 -10 -10 -100    0 -1000 -1000 -10
731 178 pedestrian 0 0 -10 327.27 146.89 471.63 172.76 -10 -10 -10 -100    0 -1000 -1000 -10
731 175 pedestrian 0 0 -10 586.31 139.72 613.89 159.44 -10 -10 -10 -100    0 -1000 -1000 -10
731 174 pedestrian 0 0 -10 503.08 146.97 561.17 187.35 -10 -10 -10 -100    0 -1000 -1000 -10
731 30 pedestrian 0 0 -10 582.05 160.11 625.06 198.36 -10 -10 -10 -100    0 -1000 -1000 -10
731 170 pedestrian 0 0 -10 511.50 165.84 548.47 201.83 -10 -10 -10 -100    0 -1000 -1000 -10
732 178 pedestrian 0 0 -10 335.06 146.47 484.60 172.70 -10 -10 -10 -100    0 -1000 -1000 -10
732 175 pedestrian 0 0 -10 598.03 141.08 624.68 162.06 -10 -10 -10 -100    0 -1000 -1000 -10
732 174 pedestrian 0 0 -10 513.02 147.00 563.30 187.82 -10 -10 -10 -100    0 -1000 -1000 -10
732 30 pedestrian 0 0 -10 591.09 159.64 632.91 198.47 -10 -10 -10 -100    0 -1000 -1000 -10
732 170 pedestrian 0 0 -10 520.57 165.24 557.79 202.72 -10 -10 -10 -100    0 -1000 -1000 -10
733 178 pedestrian 0 0 -10 342.12 146.17 490.73 174.37 -10 -10 -10 -100    0 -1000 -1000 -10
733 175 pedestrian 0 0 -10 608.47 138.91 636.81 160.62 -10 -10 -10 -100    0 -1000 -1000 -10
733 174 pedestrian 0 0 -10 524.36 149.01 567.75 191.53 -10 -10 -10 -100    0 -1000 -1000 -10
733 30 pedestrian 0 0 -10 599.52 159.16 641.31 197.55 -10 -10 -10 -100    0 -1000 -1000 -10
733 170 pedestrian 0 0 -10 529.36 165.59 566.90 203.10 -10 -10 -10 -100    0 -1000 -1000 -10
734 182 pedestrian 0 0 -10 571.69 159.74 591.35 179.50 -10 -10 -10 -100    0 -1000 -1000 -10
734 178 pedestrian 0 0 -10 352.02 146.86 500.99 174.44 -10 -10 -10 -100    0 -1000 -1000 -10
734 175 pedestrian 0 0 -10 620.89 139.83 648.51 161.15 -10 -10 -10 -100    0 -1000 -1000 -10
734 174 pedestrian 0 0 -10 533.56 147.71 582.39 187.96 -10 -10 -10 -100    0 -1000 -1000 -10
734 30 pedestrian 0 0 -10 608.48 159.94 649.82 197.92 -10 -10 -10 -100    0 -1000 -1000 -10
734 170 pedestrian 0 0 -10 537.67 165.38 575.96 203.58 -10 -10 -10 -100    0 -1000 -1000 -10
735 178 pedestrian 0 0 -10 356.26 148.29 508.36 175.09 -10 -10 -10 -100    0 -1000 -1000 -10
735 175 pedestrian 0 0 -10 630.88 141.33 661.14 162.81 -10 -10 -10 -100    0 -1000 -1000 -10
735 174 pedestrian 0 0 -10 543.38 150.84 578.89 189.49 -10 -10 -10 -100    0 -1000 -1000 -10
735 30 pedestrian 0 0 -10 616.07 160.28 657.39 198.50 -10 -10 -10 -100    0 -1000 -1000 -10
735 170 pedestrian 0 0 -10 545.93 166.22 584.53 205.74 -10 -10 -10 -100    0 -1000 -1000 -10
736 178 pedestrian 0 0 -10 366.14 148.45 517.17 175.97 -10 -10 -10 -100    0 -1000 -1000 -10
736 175 pedestrian 0 0 -10 639.60 142.05 669.32 163.29 -10 -10 -10 -100    0 -1000 -1000 -10
736 174 pedestrian 0 0 -10 551.00 151.65 583.36 190.31 -10 -10 -10 -100    0 -1000 -1000 -10
736 30 pedestrian 0 0 -10 623.82 160.41 664.59 198.76 -10 -10 -10 -100    0 -1000 -1000 -10
736 170 pedestrian 0 0 -10 553.77 167.54 592.02 206.54 -10 -10 -10 -100    0 -1000 -1000 -10
737 178 pedestrian 0 0 -10 368.82 149.18 523.55 177.20 -10 -10 -10 -100    0 -1000 -1000 -10
737 175 pedestrian 0 0 -10 647.39 144.79 677.42 166.58 -10 -10 -10 -100    0 -1000 -1000 -10
737 174 pedestrian 0 0 -10 555.61 150.45 594.32 191.55 -10 -10 -10 -100    0 -1000 -1000 -10
737 30 pedestrian 0 0 -10 629.91 162.55 670.69 199.13 -10 -10 -10 -100    0 -1000 -1000 -10
737 170 pedestrian 0 0 -10 559.72 167.95 598.92 208.64 -10 -10 -10 -100    0 -1000 -1000 -10
738 182 pedestrian 0 0 -10 602.27 163.16 623.43 183.34 -10 -10 -10 -100    0 -1000 -1000 -10
738 178 pedestrian 0 0 -10 370.44 150.06 531.00 178.51 -10 -10 -10 -100    0 -1000 -1000 -10
738 175 pedestrian 0 0 -10 656.74 143.34 686.83 165.20 -10 -10 -10 -100    0 -1000 -1000 -10
738 174 pedestrian 0 0 -10 564.13 152.05 602.72 192.56 -10 -10 -10 -100    0 -1000 -1000 -10
738 30 pedestrian 0 0 -10 635.42 163.47 676.19 201.16 -10 -10 -10 -100    0 -1000 -1000 -10
738 170 pedestrian 0 0 -10 565.12 169.72 605.21 211.08 -10 -10 -10 -100    0 -1000 -1000 -10
739 182 pedestrian 0 0 -10 608.18 164.64 629.73 185.03 -10 -10 -10 -100    0 -1000 -1000 -10
739 178 pedestrian 0 0 -10 371.92 152.59 535.06 181.85 -10 -10 -10 -100    0 -1000 -1000 -10
739 175 pedestrian 0 0 -10 661.16 145.63 692.21 169.23 -10 -10 -10 -100    0 -1000 -1000 -10
739 174 pedestrian 0 0 -10 565.77 155.15 603.87 194.25 -10 -10 -10 -100    0 -1000 -1000 -10
739 30 pedestrian 0 0 -10 638.82 165.69 679.01 202.96 -10 -10 -10 -100    0 -1000 -1000 -10
739 170 pedestrian 0 0 -10 568.70 171.82 609.76 214.23 -10 -10 -10 -100    0 -1000 -1000 -10
740 182 pedestrian 0 0 -10 612.12 166.09 633.74 187.33 -10 -10 -10 -100    0 -1000 -1000 -10
740 178 pedestrian 0 0 -10 373.41 154.56 538.12 183.64 -10 -10 -10 -100    0 -1000 -1000 -10
740 175 pedestrian 0 0 -10 663.17 148.29 696.22 171.75 -10 -10 -10 -100    0 -1000 -1000 -10
740 174 pedestrian 0 0 -10 569.83 156.89 607.87 196.89 -10 -10 -10 -100    0 -1000 -1000 -10
740 30 pedestrian 0 0 -10 641.77 167.26 681.50 204.07 -10 -10 -10 -100    0 -1000 -1000 -10
740 170 pedestrian 0 0 -10 571.62 173.86 613.90 216.65 -10 -10 -10 -100    0 -1000 -1000 -10
741 182 pedestrian 0 0 -10 616.60 166.36 637.98 187.52 -10 -10 -10 -100    0 -1000 -1000 -10
741 178 pedestrian 0 0 -10 374.79 155.17 544.17 184.99 -10 -10 -10 -100    0 -1000 -1000 -10
741 175 pedestrian 0 0 -10 668.70 149.02 701.19 172.36 -10 -10 -10 -100    0 -1000 -1000 -10
741 174 pedestrian 0 0 -10 575.34 158.16 611.19 196.98 -10 -10 -10 -100    0 -1000 -1000 -10
741 30 pedestrian 0 0 -10 645.04 167.57 684.17 204.10 -10 -10 -10 -100    0 -1000 -1000 -10
741 170 pedestrian 0 0 -10 575.23 174.68 618.20 218.25 -10 -10 -10 -100    0 -1000 -1000 -10
742 182 pedestrian 0 0 -10 619.77 165.81 640.36 186.19 -10 -10 -10 -100    0 -1000 -1000 -10
742 178 pedestrian 0 0 -10 373.96 154.74 549.32 185.24 -10 -10 -10 -100    0 -1000 -1000 -10
742 175 pedestrian 0 0 -10 672.97 148.23 706.97 170.58 -10 -10 -10 -100    0 -1000 -1000 -10
742 174 pedestrian 0 0 -10 579.36 156.43 613.13 196.51 -10 -10 -10 -100    0 -1000 -1000 -10
742 30 pedestrian 0 0 -10 647.80 167.17 686.37 203.02 -10 -10 -10 -100    0 -1000 -1000 -10
742 170 pedestrian 0 0 -10 578.05 173.72 622.20 218.79 -10 -10 -10 -100    0 -1000 -1000 -10
743 182 pedestrian 0 0 -10 624.40 164.85 645.47 184.79 -10 -10 -10 -100    0 -1000 -1000 -10
743 178 pedestrian 0 0 -10 373.69 154.22 550.57 184.59 -10 -10 -10 -100    0 -1000 -1000 -10
743 175 pedestrian 0 0 -10 677.40 147.78 711.48 169.40 -10 -10 -10 -100    0 -1000 -1000 -10
743 174 pedestrian 0 0 -10 580.57 155.86 614.98 195.93 -10 -10 -10 -100    0 -1000 -1000 -10
743 30 pedestrian 0 0 -10 649.45 165.44 689.00 201.90 -10 -10 -10 -100    0 -1000 -1000 -10
743 170 pedestrian 0 0 -10 580.97 173.86 625.51 219.53 -10 -10 -10 -100    0 -1000 -1000 -10
744 182 pedestrian 0 0 -10 628.03 164.52 650.78 185.28 -10 -10 -10 -100    0 -1000 -1000 -10
744 178 pedestrian 0 0 -10 371.02 153.87 552.53 184.21 -10 -10 -10 -100    0 -1000 -1000 -10
744 175 pedestrian 0 0 -10 683.87 144.32 716.09 165.60 -10 -10 -10 -100    0 -1000 -1000 -10
744 174 pedestrian 0 0 -10 583.58 155.40 622.52 196.01 -10 -10 -10 -100    0 -1000 -1000 -10
744 30 pedestrian 0 0 -10 652.35 164.84 691.03 200.51 -10 -10 -10 -100    0 -1000 -1000 -10
744 170 pedestrian 0 0 -10 583.20 173.15 629.14 220.15 -10 -10 -10 -100    0 -1000 -1000 -10
744 172 pedestrian 0 0 -10 580.67 169.86 613.03 202.82 -10 -10 -10 -100    0 -1000 -1000 -10
745 182 pedestrian 0 0 -10 629.43 164.90 650.91 184.85 -10 -10 -10 -100    0 -1000 -1000 -10
745 178 pedestrian 0 0 -10 368.93 153.03 554.25 183.97 -10 -10 -10 -100    0 -1000 -1000 -10
745 175 pedestrian 0 0 -10 686.60 142.76 720.05 165.15 -10 -10 -10 -100    0 -1000 -1000 -10
745 174 pedestrian 0 0 -10 585.99 154.24 624.89 195.62 -10 -10 -10 -100    0 -1000 -1000 -10
745 30 pedestrian 0 0 -10 653.78 164.21 692.29 199.92 -10 -10 -10 -100    0 -1000 -1000 -10
745 170 pedestrian 0 0 -10 585.42 173.27 631.93 221.34 -10 -10 -10 -100    0 -1000 -1000 -10
746 178 pedestrian 0 0 -10 366.53 152.59 552.21 183.72 -10 -10 -10 -100    0 -1000 -1000 -10
746 175 pedestrian 0 0 -10 688.97 142.28 723.45 164.57 -10 -10 -10 -100    0 -1000 -1000 -10
746 174 pedestrian 0 0 -10 585.77 152.91 622.77 195.34 -10 -10 -10 -100    0 -1000 -1000 -10
746 30 pedestrian 0 0 -10 655.04 163.10 692.87 199.22 -10 -10 -10 -100    0 -1000 -1000 -10
746 182 pedestrian 0 0 -10 631.99 164.49 652.45 184.01 -10 -10 -10 -100    0 -1000 -1000 -10
746 170 pedestrian 0 0 -10 586.87 172.46 634.63 221.93 -10 -10 -10 -100    0 -1000 -1000 -10
747 178 pedestrian 0 0 -10 363.82 152.28 555.40 183.06 -10 -10 -10 -100    0 -1000 -1000 -10
747 175 pedestrian 0 0 -10 692.47 142.78 726.32 164.62 -10 -10 -10 -100    0 -1000 -1000 -10
747 174 pedestrian 0 0 -10 587.30 154.07 621.51 196.11 -10 -10 -10 -100    0 -1000 -1000 -10
747 30 pedestrian 0 0 -10 655.88 162.59 692.61 198.18 -10 -10 -10 -100    0 -1000 -1000 -10
747 182 pedestrian 0 0 -10 634.18 164.52 654.19 183.99 -10 -10 -10 -100    0 -1000 -1000 -10
747 170 pedestrian 0 0 -10 587.68 172.37 637.01 223.00 -10 -10 -10 -100    0 -1000 -1000 -10
748 178 pedestrian 0 0 -10 359.63 153.33 556.01 184.31 -10 -10 -10 -100    0 -1000 -1000 -10
748 175 pedestrian 0 0 -10 693.41 142.70 728.92 164.93 -10 -10 -10 -100    0 -1000 -1000 -10
748 174 pedestrian 0 0 -10 587.92 155.65 623.15 198.73 -10 -10 -10 -100    0 -1000 -1000 -10
748 30 pedestrian 0 0 -10 656.53 163.52 692.78 198.45 -10 -10 -10 -100    0 -1000 -1000 -10
748 182 pedestrian 0 0 -10 636.08 165.82 655.74 184.31 -10 -10 -10 -100    0 -1000 -1000 -10
748 170 pedestrian 0 0 -10 588.28 173.38 638.97 225.21 -10 -10 -10 -100    0 -1000 -1000 -10
748 172 pedestrian 0 0 -10 587.67 169.75 624.30 206.31 -10 -10 -10 -100    0 -1000 -1000 -10
749 178 pedestrian 0 0 -10 354.70 153.61 557.11 184.44 -10 -10 -10 -100    0 -1000 -1000 -10
749 175 pedestrian 0 0 -10 694.33 144.27 730.25 166.42 -10 -10 -10 -100    0 -1000 -1000 -10
749 174 pedestrian 0 0 -10 588.51 156.86 624.22 200.64 -10 -10 -10 -100    0 -1000 -1000 -10
749 30 pedestrian 0 0 -10 656.38 164.60 692.25 199.17 -10 -10 -10 -100    0 -1000 -1000 -10
749 182 pedestrian 0 0 -10 637.39 166.60 656.91 185.14 -10 -10 -10 -100    0 -1000 -1000 -10
749 170 pedestrian 0 0 -10 588.36 174.63 640.17 227.02 -10 -10 -10 -100    0 -1000 -1000 -10
749 172 pedestrian 0 0 -10 587.62 170.00 625.47 208.44 -10 -10 -10 -100    0 -1000 -1000 -10
750 178 pedestrian 0 0 -10 351.99 154.81 558.45 185.41 -10 -10 -10 -100    0 -1000 -1000 -10
750 175 pedestrian 0 0 -10 695.20 145.63 732.78 168.06 -10 -10 -10 -100    0 -1000 -1000 -10
750 174 pedestrian 0 0 -10 589.12 158.64 628.97 201.31 -10 -10 -10 -100    0 -1000 -1000 -10
750 30 pedestrian 0 0 -10 656.41 165.60 692.77 199.74 -10 -10 -10 -100    0 -1000 -1000 -10
750 182 pedestrian 0 0 -10 640.30 167.62 659.65 185.34 -10 -10 -10 -100    0 -1000 -1000 -10
750 170 pedestrian 0 0 -10 589.10 176.25 641.27 229.53 -10 -10 -10 -100    0 -1000 -1000 -10
750 172 pedestrian 0 0 -10 587.57 172.51 628.82 211.25 -10 -10 -10 -100    0 -1000 -1000 -10
751 178 pedestrian 0 0 -10 348.65 156.31 557.81 186.78 -10 -10 -10 -100    0 -1000 -1000 -10
751 175 pedestrian 0 0 -10 696.17 146.76 732.50 167.94 -10 -10 -10 -100    0 -1000 -1000 -10
751 174 pedestrian 0 0 -10 588.95 159.88 630.01 204.63 -10 -10 -10 -100    0 -1000 -1000 -10
751 30 pedestrian 0 0 -10 656.63 167.46 691.41 200.81 -10 -10 -10 -100    0 -1000 -1000 -10
751 182 pedestrian 0 0 -10 641.73 167.64 661.60 189.22 -10 -10 -10 -100    0 -1000 -1000 -10
751 170 pedestrian 0 0 -10 589.52 178.11 642.56 232.39 -10 -10 -10 -100    0 -1000 -1000 -10
751 172 pedestrian 0 0 -10 587.96 174.13 629.01 213.50 -10 -10 -10 -100    0 -1000 -1000 -10
752 178 pedestrian 0 0 -10 344.22 158.17 558.06 188.65 -10 -10 -10 -100    0 -1000 -1000 -10
752 175 pedestrian 0 0 -10 697.43 148.10 734.24 168.88 -10 -10 -10 -100    0 -1000 -1000 -10
752 174 pedestrian 0 0 -10 588.47 161.57 629.89 206.52 -10 -10 -10 -100    0 -1000 -1000 -10
752 30 pedestrian 0 0 -10 655.76 169.74 690.67 201.81 -10 -10 -10 -100    0 -1000 -1000 -10
752 170 pedestrian 0 0 -10 589.39 180.16 643.65 235.89 -10 -10 -10 -100    0 -1000 -1000 -10
752 172 pedestrian 0 0 -10 587.46 175.01 629.08 215.92 -10 -10 -10 -100    0 -1000 -1000 -10
753 178 pedestrian 0 0 -10 340.10 159.57 559.91 189.44 -10 -10 -10 -100    0 -1000 -1000 -10
753 175 pedestrian 0 0 -10 696.60 150.40 736.53 170.51 -10 -10 -10 -100    0 -1000 -1000 -10
753 174 pedestrian 0 0 -10 589.76 162.07 629.98 206.12 -10 -10 -10 -100    0 -1000 -1000 -10
753 30 pedestrian 0 0 -10 655.67 170.54 690.52 202.71 -10 -10 -10 -100    0 -1000 -1000 -10
753 170 pedestrian 0 0 -10 589.00 181.14 645.49 239.51 -10 -10 -10 -100    0 -1000 -1000 -10
753 172 pedestrian 0 0 -10 587.28 175.19 630.16 216.31 -10 -10 -10 -100    0 -1000 -1000 -10
754 178 pedestrian 0 0 -10 336.70 159.58 560.51 189.55 -10 -10 -10 -100    0 -1000 -1000 -10
754 175 pedestrian 0 0 -10 696.99 150.55 738.79 170.74 -10 -10 -10 -100    0 -1000 -1000 -10
754 174 pedestrian 0 0 -10 589.57 161.73 629.81 206.23 -10 -10 -10 -100    0 -1000 -1000 -10
754 30 pedestrian 0 0 -10 655.84 170.32 690.34 201.84 -10 -10 -10 -100    0 -1000 -1000 -10
754 170 pedestrian 0 0 -10 588.95 181.15 646.82 241.32 -10 -10 -10 -100    0 -1000 -1000 -10
754 172 pedestrian 0 0 -10 587.34 175.65 631.18 217.84 -10 -10 -10 -100    0 -1000 -1000 -10
755 187 pedestrian 0 0 -10 689.96 164.43 731.70 186.38 -10 -10 -10 -100    0 -1000 -1000 -10
755 178 pedestrian 0 0 -10 331.01 158.79 562.11 189.70 -10 -10 -10 -100    0 -1000 -1000 -10
755 175 pedestrian 0 0 -10 695.55 151.95 739.69 172.61 -10 -10 -10 -100    0 -1000 -1000 -10
755 174 pedestrian 0 0 -10 590.44 160.64 630.72 206.20 -10 -10 -10 -100    0 -1000 -1000 -10
755 30 pedestrian 0 0 -10 655.27 170.08 689.18 201.25 -10 -10 -10 -100    0 -1000 -1000 -10
755 170 pedestrian 0 0 -10 588.93 181.07 648.13 242.21 -10 -10 -10 -100    0 -1000 -1000 -10
755 172 pedestrian 0 0 -10 588.03 175.31 632.97 218.71 -10 -10 -10 -100    0 -1000 -1000 -10
756 187 pedestrian 0 0 -10 695.78 164.42 739.63 186.04 -10 -10 -10 -100    0 -1000 -1000 -10
756 178 pedestrian 0 0 -10 327.64 157.67 559.52 189.23 -10 -10 -10 -100    0 -1000 -1000 -10
756 175 pedestrian 0 0 -10 698.71 151.52 743.63 172.47 -10 -10 -10 -100    0 -1000 -1000 -10
756 174 pedestrian 0 0 -10 589.35 160.62 632.12 207.55 -10 -10 -10 -100    0 -1000 -1000 -10
756 30 pedestrian 0 0 -10 654.61 168.60 688.21 200.37 -10 -10 -10 -100    0 -1000 -1000 -10
756 170 pedestrian 0 0 -10 588.66 180.74 649.76 242.98 -10 -10 -10 -100    0 -1000 -1000 -10
756 172 pedestrian 0 0 -10 587.57 174.25 633.40 218.87 -10 -10 -10 -100    0 -1000 -1000 -10
757 187 pedestrian 0 0 -10 701.45 163.71 748.86 187.06 -10 -10 -10 -100    0 -1000 -1000 -10
757 178 pedestrian 0 0 -10 325.24 157.75 557.52 188.98 -10 -10 -10 -100    0 -1000 -1000 -10
757 175 pedestrian 0 0 -10 700.55 153.07 746.20 174.90 -10 -10 -10 -100    0 -1000 -1000 -10
757 174 pedestrian 0 0 -10 588.89 159.23 632.78 205.41 -10 -10 -10 -100    0 -1000 -1000 -10
757 30 pedestrian 0 0 -10 653.96 168.02 686.56 199.28 -10 -10 -10 -100    0 -1000 -1000 -10
757 170 pedestrian 0 0 -10 588.30 180.82 650.44 244.81 -10 -10 -10 -100    0 -1000 -1000 -10
757 172 pedestrian 0 0 -10 586.57 174.42 633.92 220.26 -10 -10 -10 -100    0 -1000 -1000 -10
758 187 pedestrian 0 0 -10 707.44 163.16 753.09 186.97 -10 -10 -10 -100    0 -1000 -1000 -10
758 178 pedestrian 0 0 -10 319.95 157.42 557.56 188.58 -10 -10 -10 -100    0 -1000 -1000 -10
758 175 pedestrian 0 0 -10 703.28 150.28 748.41 172.91 -10 -10 -10 -100    0 -1000 -1000 -10
758 174 pedestrian 0 0 -10 587.92 159.38 632.94 205.31 -10 -10 -10 -100    0 -1000 -1000 -10
758 30 pedestrian 0 0 -10 653.39 167.87 685.10 198.73 -10 -10 -10 -100    0 -1000 -1000 -10
758 170 pedestrian 0 0 -10 587.86 181.08 651.57 246.76 -10 -10 -10 -100    0 -1000 -1000 -10
758 172 pedestrian 0 0 -10 586.28 174.59 634.23 221.44 -10 -10 -10 -100    0 -1000 -1000 -10
759 187 pedestrian 0 0 -10 714.07 163.06 757.71 187.17 -10 -10 -10 -100    0 -1000 -1000 -10
759 178 pedestrian 0 0 -10 316.25 156.93 556.71 189.03 -10 -10 -10 -100    0 -1000 -1000 -10
759 175 pedestrian 0 0 -10 703.26 149.36 746.95 170.59 -10 -10 -10 -100    0 -1000 -1000 -10
759 174 pedestrian 0 0 -10 587.68 159.11 633.24 206.27 -10 -10 -10 -100    0 -1000 -1000 -10
759 30 pedestrian 0 0 -10 651.87 167.57 684.61 198.09 -10 -10 -10 -100    0 -1000 -1000 -10
759 170 pedestrian 0 0 -10 586.70 181.07 653.04 249.13 -10 -10 -10 -100    0 -1000 -1000 -10
759 172 pedestrian 0 0 -10 585.31 174.48 634.36 223.15 -10 -10 -10 -100    0 -1000 -1000 -10
760 187 pedestrian 0 0 -10 720.52 162.26 763.56 186.72 -10 -10 -10 -100    0 -1000 -1000 -10
760 178 pedestrian 0 0 -10 310.59 157.81 555.75 190.59 -10 -10 -10 -100    0 -1000 -1000 -10
760 175 pedestrian 0 0 -10 702.71 149.69 746.23 170.13 -10 -10 -10 -100    0 -1000 -1000 -10
760 174 pedestrian 0 0 -10 585.41 158.80 632.74 208.71 -10 -10 -10 -100    0 -1000 -1000 -10
760 30 pedestrian 0 0 -10 651.89 167.16 683.32 197.39 -10 -10 -10 -100    0 -1000 -1000 -10
760 170 pedestrian 0 0 -10 586.47 181.24 654.46 250.19 -10 -10 -10 -100    0 -1000 -1000 -10
760 172 pedestrian 0 0 -10 584.66 174.80 634.32 224.84 -10 -10 -10 -100    0 -1000 -1000 -10
761 187 pedestrian 0 0 -10 726.58 160.87 770.39 185.79 -10 -10 -10 -100    0 -1000 -1000 -10
761 178 pedestrian 0 0 -10 306.68 158.40 556.00 191.98 -10 -10 -10 -100    0 -1000 -1000 -10
761 175 pedestrian 0 0 -10 705.27 149.24 748.53 169.58 -10 -10 -10 -100    0 -1000 -1000 -10
761 174 pedestrian 0 0 -10 582.37 158.53 633.54 212.79 -10 -10 -10 -100    0 -1000 -1000 -10
761 30 pedestrian 0 0 -10 651.87 165.87 683.52 196.29 -10 -10 -10 -100    0 -1000 -1000 -10
761 170 pedestrian 0 0 -10 586.36 180.87 655.92 252.67 -10 -10 -10 -100    0 -1000 -1000 -10
761 172 pedestrian 0 0 -10 584.40 174.45 635.91 226.91 -10 -10 -10 -100    0 -1000 -1000 -10
762 187 pedestrian 0 0 -10 732.02 159.92 774.25 185.51 -10 -10 -10 -100    0 -1000 -1000 -10
762 178 pedestrian 0 0 -10 301.99 158.60 554.78 192.95 -10 -10 -10 -100    0 -1000 -1000 -10
762 175 pedestrian 0 0 -10 707.06 148.63 751.89 169.91 -10 -10 -10 -100    0 -1000 -1000 -10
762 174 pedestrian 0 0 -10 579.72 159.04 635.05 220.80 -10 -10 -10 -100    0 -1000 -1000 -10
762 30 pedestrian 0 0 -10 652.14 165.37 683.16 195.79 -10 -10 -10 -100    0 -1000 -1000 -10
762 170 pedestrian 0 0 -10 586.60 180.95 657.94 254.90 -10 -10 -10 -100    0 -1000 -1000 -10
762 172 pedestrian 0 0 -10 585.29 174.74 638.31 228.45 -10 -10 -10 -100    0 -1000 -1000 -10
763 186 pedestrian 0 0 -10 681.67 163.61 710.14 184.19 -10 -10 -10 -100    0 -1000 -1000 -10
763 187 pedestrian 0 0 -10 740.90 159.16 778.85 183.85 -10 -10 -10 -100    0 -1000 -1000 -10
763 178 pedestrian 0 0 -10 287.94 158.61 554.84 193.58 -10 -10 -10 -100    0 -1000 -1000 -10
763 175 pedestrian 0 0 -10 708.66 148.74 754.45 170.07 -10 -10 -10 -100    0 -1000 -1000 -10
763 174 pedestrian 0 0 -10 579.13 159.31 634.70 221.33 -10 -10 -10 -100    0 -1000 -1000 -10
763 30 pedestrian 0 0 -10 652.28 164.94 682.28 194.71 -10 -10 -10 -100    0 -1000 -1000 -10
763 170 pedestrian 0 0 -10 585.75 181.08 660.00 258.10 -10 -10 -10 -100    0 -1000 -1000 -10
763 172 pedestrian 0 0 -10 584.33 174.66 639.26 230.31 -10 -10 -10 -100    0 -1000 -1000 -10
764 187 pedestrian 0 0 -10 746.79 158.68 782.81 182.54 -10 -10 -10 -100    0 -1000 -1000 -10
764 178 pedestrian 0 0 -10 281.23 158.96 555.50 194.17 -10 -10 -10 -100    0 -1000 -1000 -10
764 186 pedestrian 0 0 -10 685.04 163.21 718.09 184.02 -10 -10 -10 -100    0 -1000 -1000 -10
764 175 pedestrian 0 0 -10 709.73 148.52 755.87 169.36 -10 -10 -10 -100    0 -1000 -1000 -10
764 174 pedestrian 0 0 -10 577.98 158.45 635.00 222.78 -10 -10 -10 -100    0 -1000 -1000 -10
764 30 pedestrian 0 0 -10 653.03 164.49 682.16 193.60 -10 -10 -10 -100    0 -1000 -1000 -10
764 170 pedestrian 0 0 -10 585.13 181.07 662.22 260.67 -10 -10 -10 -100    0 -1000 -1000 -10
764 172 pedestrian 0 0 -10 583.59 175.12 640.40 231.44 -10 -10 -10 -100    0 -1000 -1000 -10
765 178 pedestrian 0 0 -10 272.46 159.34 554.76 194.34 -10 -10 -10 -100    0 -1000 -1000 -10
765 186 pedestrian 0 0 -10 689.23 163.03 721.37 183.94 -10 -10 -10 -100    0 -1000 -1000 -10
765 175 pedestrian 0 0 -10 712.34 148.76 759.14 169.77 -10 -10 -10 -100    0 -1000 -1000 -10
765 174 pedestrian 0 0 -10 576.82 158.18 636.84 223.70 -10 -10 -10 -100    0 -1000 -1000 -10
765 30 pedestrian 0 0 -10 653.19 164.22 681.72 193.20 -10 -10 -10 -100    0 -1000 -1000 -10
765 170 pedestrian 0 0 -10 584.74 181.83 664.56 265.13 -10 -10 -10 -100    0 -1000 -1000 -10
765 172 pedestrian 0 0 -10 583.07 175.02 642.43 232.80 -10 -10 -10 -100    0 -1000 -1000 -10
766 178 pedestrian 0 0 -10 268.64 158.99 555.47 194.24 -10 -10 -10 -100    0 -1000 -1000 -10
766 186 pedestrian 0 0 -10 695.14 162.20 729.68 182.61 -10 -10 -10 -100    0 -1000 -1000 -10
766 175 pedestrian 0 0 -10 713.14 147.96 760.60 170.16 -10 -10 -10 -100    0 -1000 -1000 -10
766 174 pedestrian 0 0 -10 576.69 158.03 637.36 223.16 -10 -10 -10 -100    0 -1000 -1000 -10
766 30 pedestrian 0 0 -10 653.37 164.18 681.45 192.49 -10 -10 -10 -100    0 -1000 -1000 -10
766 170 pedestrian 0 0 -10 584.04 182.18 666.98 268.22 -10 -10 -10 -100    0 -1000 -1000 -10
766 172 pedestrian 0 0 -10 583.69 174.40 643.52 233.46 -10 -10 -10 -100    0 -1000 -1000 -10
767 178 pedestrian 0 0 -10 262.67 158.94 553.81 193.81 -10 -10 -10 -100    0 -1000 -1000 -10
767 186 pedestrian 0 0 -10 700.41 161.90 735.90 184.79 -10 -10 -10 -100    0 -1000 -1000 -10
767 175 pedestrian 0 0 -10 712.76 147.72 761.29 170.95 -10 -10 -10 -100    0 -1000 -1000 -10
767 174 pedestrian 0 0 -10 576.70 157.61 637.15 223.11 -10 -10 -10 -100    0 -1000 -1000 -10
767 30 pedestrian 0 0 -10 654.27 164.12 681.66 191.97 -10 -10 -10 -100    0 -1000 -1000 -10
767 170 pedestrian 0 0 -10 583.57 182.15 669.49 272.29 -10 -10 -10 -100    0 -1000 -1000 -10
767 172 pedestrian 0 0 -10 583.42 174.42 644.26 235.04 -10 -10 -10 -100    0 -1000 -1000 -10
768 178 pedestrian 0 0 -10 257.18 157.35 553.25 192.17 -10 -10 -10 -100    0 -1000 -1000 -10
768 186 pedestrian 0 0 -10 706.28 161.02 741.10 184.23 -10 -10 -10 -100    0 -1000 -1000 -10
768 175 pedestrian 0 0 -10 713.07 147.71 762.79 170.58 -10 -10 -10 -100    0 -1000 -1000 -10
768 174 pedestrian 0 0 -10 577.12 157.15 640.10 222.79 -10 -10 -10 -100    0 -1000 -1000 -10
768 30 pedestrian 0 0 -10 654.71 163.40 681.95 190.67 -10 -10 -10 -100    0 -1000 -1000 -10
768 170 pedestrian 0 0 -10 582.59 181.85 671.97 275.92 -10 -10 -10 -100    0 -1000 -1000 -10
768 172 pedestrian 0 0 -10 583.62 175.05 645.93 236.34 -10 -10 -10 -100    0 -1000 -1000 -10
769 178 pedestrian 0 0 -10 255.14 157.49 552.30 192.02 -10 -10 -10 -100    0 -1000 -1000 -10
769 186 pedestrian 0 0 -10 712.03 160.57 747.71 184.53 -10 -10 -10 -100    0 -1000 -1000 -10
769 175 pedestrian 0 0 -10 714.17 147.09 765.43 170.68 -10 -10 -10 -100    0 -1000 -1000 -10
769 174 pedestrian 0 0 -10 577.05 157.20 641.61 223.09 -10 -10 -10 -100    0 -1000 -1000 -10
769 30 pedestrian 0 0 -10 655.43 163.33 682.67 190.03 -10 -10 -10 -100    0 -1000 -1000 -10
769 170 pedestrian 0 0 -10 581.77 181.56 674.84 279.59 -10 -10 -10 -100    0 -1000 -1000 -10
769 172 pedestrian 0 0 -10 583.21 175.08 647.38 238.11 -10 -10 -10 -100    0 -1000 -1000 -10
770 178 pedestrian 0 0 -10 255.23 157.12 553.74 192.55 -10 -10 -10 -100    0 -1000 -1000 -10
770 186 pedestrian 0 0 -10 717.53 158.81 752.94 184.67 -10 -10 -10 -100    0 -1000 -1000 -10
770 175 pedestrian 0 0 -10 714.20 146.64 767.37 170.86 -10 -10 -10 -100    0 -1000 -1000 -10
770 174 pedestrian 0 0 -10 576.68 156.78 642.74 223.72 -10 -10 -10 -100    0 -1000 -1000 -10
770 30 pedestrian 0 0 -10 656.20 163.37 684.32 189.42 -10 -10 -10 -100    0 -1000 -1000 -10
770 170 pedestrian 0 0 -10 581.02 181.55 678.26 284.95 -10 -10 -10 -100    0 -1000 -1000 -10
770 172 pedestrian 0 0 -10 582.03 175.16 647.54 241.00 -10 -10 -10 -100    0 -1000 -1000 -10
771 178 pedestrian 0 0 -10 254.38 157.62 553.77 192.33 -10 -10 -10 -100    0 -1000 -1000 -10
771 186 pedestrian 0 0 -10 721.90 156.78 763.50 183.54 -10 -10 -10 -100    0 -1000 -1000 -10
771 175 pedestrian 0 0 -10 714.81 146.95 768.51 170.31 -10 -10 -10 -100    0 -1000 -1000 -10
771 174 pedestrian 0 0 -10 575.38 156.79 642.95 223.95 -10 -10 -10 -100    0 -1000 -1000 -10
771 30 pedestrian 0 0 -10 657.47 162.61 685.06 188.44 -10 -10 -10 -100    0 -1000 -1000 -10
771 170 pedestrian 0 0 -10 579.63 181.83 681.77 288.57 -10 -10 -10 -100    0 -1000 -1000 -10
771 172 pedestrian 0 0 -10 581.43 175.14 648.79 242.62 -10 -10 -10 -100    0 -1000 -1000 -10
772 178 pedestrian 0 0 -10 247.08 157.28 552.49 192.08 -10 -10 -10 -100    0 -1000 -1000 -10
772 186 pedestrian 0 0 -10 729.55 156.58 770.49 184.59 -10 -10 -10 -100    0 -1000 -1000 -10
772 175 pedestrian 0 0 -10 713.87 145.07 771.45 168.22 -10 -10 -10 -100    0 -1000 -1000 -10
772 174 pedestrian 0 0 -10 574.55 156.57 643.74 224.52 -10 -10 -10 -100    0 -1000 -1000 -10
772 30 pedestrian 0 0 -10 658.52 161.98 687.64 188.15 -10 -10 -10 -100    0 -1000 -1000 -10
772 170 pedestrian 0 0 -10 578.09 182.27 684.14 292.92 -10 -10 -10 -100    0 -1000 -1000 -10
772 172 pedestrian 0 0 -10 581.18 175.27 650.45 244.26 -10 -10 -10 -100    0 -1000 -1000 -10
773 178 pedestrian 0 0 -10 244.42 157.92 552.78 192.25 -10 -10 -10 -100    0 -1000 -1000 -10
773 186 pedestrian 0 0 -10 734.60 155.47 775.36 184.14 -10 -10 -10 -100    0 -1000 -1000 -10
773 175 pedestrian 0 0 -10 714.52 145.51 772.73 168.20 -10 -10 -10 -100    0 -1000 -1000 -10
773 174 pedestrian 0 0 -10 573.68 156.96 643.77 225.58 -10 -10 -10 -100    0 -1000 -1000 -10
773 30 pedestrian 0 0 -10 660.38 161.54 689.94 187.81 -10 -10 -10 -100    0 -1000 -1000 -10
773 170 pedestrian 0 0 -10 576.68 182.48 686.78 297.21 -10 -10 -10 -100    0 -1000 -1000 -10
773 172 pedestrian 0 0 -10 580.26 175.14 650.65 245.37 -10 -10 -10 -100    0 -1000 -1000 -10
774 178 pedestrian 0 0 -10 237.13 158.55 551.68 192.63 -10 -10 -10 -100    0 -1000 -1000 -10
774 186 pedestrian 0 0 -10 741.43 154.99 782.23 184.74 -10 -10 -10 -100    0 -1000 -1000 -10
774 175 pedestrian 0 0 -10 714.47 144.04 774.77 167.87 -10 -10 -10 -100    0 -1000 -1000 -10
774 174 pedestrian 0 0 -10 572.16 156.39 644.35 226.26 -10 -10 -10 -100    0 -1000 -1000 -10
774 30 pedestrian 0 0 -10 662.06 161.33 692.98 187.82 -10 -10 -10 -100    0 -1000 -1000 -10
774 170 pedestrian 0 0 -10 574.79 182.46 689.25 302.44 -10 -10 -10 -100    0 -1000 -1000 -10
774 172 pedestrian 0 0 -10 578.89 174.92 650.92 248.02 -10 -10 -10 -100    0 -1000 -1000 -10
775 178 pedestrian 0 0 -10 227.99 159.45 550.86 192.50 -10 -10 -10 -100    0 -1000 -1000 -10
775 186 pedestrian 0 0 -10 745.54 154.00 785.28 181.76 -10 -10 -10 -100    0 -1000 -1000 -10
775 175 pedestrian 0 0 -10 714.04 144.30 775.43 168.52 -10 -10 -10 -100    0 -1000 -1000 -10
775 174 pedestrian 0 0 -10 570.62 156.48 644.77 227.78 -10 -10 -10 -100    0 -1000 -1000 -10
775 30 pedestrian 0 0 -10 663.64 160.75 696.03 187.94 -10 -10 -10 -100    0 -1000 -1000 -10
775 170 pedestrian 0 0 -10 573.28 183.16 692.69 308.10 -10 -10 -10 -100    0 -1000 -1000 -10
775 172 pedestrian 0 0 -10 577.17 174.87 652.69 249.17 -10 -10 -10 -100    0 -1000 -1000 -10
776 178 pedestrian 0 0 -10 222.51 160.65 549.02 193.12 -10 -10 -10 -100    0 -1000 -1000 -10
776 186 pedestrian 0 0 -10 750.92 152.88 790.30 181.35 -10 -10 -10 -100    0 -1000 -1000 -10
776 175 pedestrian 0 0 -10 714.36 144.25 776.28 168.42 -10 -10 -10 -100    0 -1000 -1000 -10
776 174 pedestrian 0 0 -10 568.67 156.67 644.40 229.18 -10 -10 -10 -100    0 -1000 -1000 -10
776 30 pedestrian 0 0 -10 666.00 160.12 699.75 187.20 -10 -10 -10 -100    0 -1000 -1000 -10
776 170 pedestrian 0 0 -10 571.30 183.68 695.62 312.77 -10 -10 -10 -100    0 -1000 -1000 -10
776 172 pedestrian 0 0 -10 576.24 175.30 651.95 251.64 -10 -10 -10 -100    0 -1000 -1000 -10
777 178 pedestrian 0 0 -10 209.92 160.94 548.67 193.09 -10 -10 -10 -100    0 -1000 -1000 -10
777 186 pedestrian 0 0 -10 756.22 152.37 792.13 181.29 -10 -10 -10 -100    0 -1000 -1000 -10
777 175 pedestrian 0 0 -10 714.37 144.26 776.00 168.45 -10 -10 -10 -100    0 -1000 -1000 -10
777 174 pedestrian 0 0 -10 567.03 156.76 644.05 230.51 -10 -10 -10 -100    0 -1000 -1000 -10
777 30 pedestrian 0 0 -10 668.16 159.79 703.95 186.80 -10 -10 -10 -100    0 -1000 -1000 -10
777 170 pedestrian 0 0 -10 569.36 184.63 697.96 318.45 -10 -10 -10 -100    0 -1000 -1000 -10
777 172 pedestrian 0 0 -10 575.35 175.26 652.43 253.50 -10 -10 -10 -100    0 -1000 -1000 -10
778 178 pedestrian 0 0 -10 198.47 160.50 547.15 192.92 -10 -10 -10 -100    0 -1000 -1000 -10
778 186 pedestrian 0 0 -10 762.87 153.55 799.45 182.13 -10 -10 -10 -100    0 -1000 -1000 -10
778 175 pedestrian 0 0 -10 714.50 143.99 776.50 168.66 -10 -10 -10 -100    0 -1000 -1000 -10
778 174 pedestrian 0 0 -10 565.60 156.72 643.41 231.14 -10 -10 -10 -100    0 -1000 -1000 -10
778 30 pedestrian 0 0 -10 670.59 159.32 707.07 186.08 -10 -10 -10 -100    0 -1000 -1000 -10
778 170 pedestrian 0 0 -10 567.46 184.64 700.36 324.45 -10 -10 -10 -100    0 -1000 -1000 -10
778 172 pedestrian 0 0 -10 574.22 174.92 652.60 254.98 -10 -10 -10 -100    0 -1000 -1000 -10
779 178 pedestrian 0 0 -10 185.61 160.16 546.38 192.86 -10 -10 -10 -100    0 -1000 -1000 -10
779 186 pedestrian 0 0 -10 768.02 153.51 800.70 180.69 -10 -10 -10 -100    0 -1000 -1000 -10
779 175 pedestrian 0 0 -10 715.49 143.87 776.96 168.44 -10 -10 -10 -100    0 -1000 -1000 -10
779 174 pedestrian 0 0 -10 565.09 156.81 641.74 234.04 -10 -10 -10 -100    0 -1000 -1000 -10
779 30 pedestrian 0 0 -10 674.28 158.68 710.16 185.05 -10 -10 -10 -100    0 -1000 -1000 -10
779 170 pedestrian 0 0 -10 565.54 185.35 702.35 328.96 -10 -10 -10 -100    0 -1000 -1000 -10
779 172 pedestrian 0 0 -10 573.58 175.15 653.21 256.59 -10 -10 -10 -100    0 -1000 -1000 -10
780 178 pedestrian 0 0 -10 183.03 161.01 545.72 193.45 -10 -10 -10 -100    0 -1000 -1000 -10
780 186 pedestrian 0 0 -10 769.50 152.82 801.52 178.74 -10 -10 -10 -100    0 -1000 -1000 -10
780 175 pedestrian 0 0 -10 715.79 144.43 777.07 168.67 -10 -10 -10 -100    0 -1000 -1000 -10
780 174 pedestrian 0 0 -10 564.15 157.01 640.99 234.98 -10 -10 -10 -100    0 -1000 -1000 -10
780 30 pedestrian 0 0 -10 677.03 158.40 714.08 184.66 -10 -10 -10 -100    0 -1000 -1000 -10
780 170 pedestrian 0 0 -10 564.24 186.00 705.30 334.60 -10 -10 -10 -100    0 -1000 -1000 -10
780 172 pedestrian 0 0 -10 572.40 176.09 653.35 258.24 -10 -10 -10 -100    0 -1000 -1000 -10
781 178 pedestrian 0 0 -10 178.21 161.38 545.32 193.93 -10 -10 -10 -100    0 -1000 -1000 -10
781 186 pedestrian 0 0 -10 769.87 152.04 801.52 178.10 -10 -10 -10 -100    0 -1000 -1000 -10
781 175 pedestrian 0 0 -10 715.94 144.51 777.51 169.01 -10 -10 -10 -100    0 -1000 -1000 -10
781 174 pedestrian 0 0 -10 563.27 157.34 640.55 235.43 -10 -10 -10 -100    0 -1000 -1000 -10
781 30 pedestrian 0 0 -10 681.76 158.70 718.11 184.51 -10 -10 -10 -100    0 -1000 -1000 -10
781 170 pedestrian 0 0 -10 563.04 186.51 707.64 339.61 -10 -10 -10 -100    0 -1000 -1000 -10
781 172 pedestrian 0 0 -10 571.69 176.21 653.83 259.74 -10 -10 -10 -100    0 -1000 -1000 -10
782 178 pedestrian 0 0 -10 176.93 161.23 545.03 193.71 -10 -10 -10 -100    0 -1000 -1000 -10
782 186 pedestrian 0 0 -10 770.10 152.21 801.90 178.61 -10 -10 -10 -100    0 -1000 -1000 -10
782 175 pedestrian 0 0 -10 716.86 144.27 777.02 169.10 -10 -10 -10 -100    0 -1000 -1000 -10
782 174 pedestrian 0 0 -10 563.45 156.83 640.40 234.90 -10 -10 -10 -100    0 -1000 -1000 -10
782 30 pedestrian 0 0 -10 685.21 157.55 723.92 183.78 -10 -10 -10 -100    0 -1000 -1000 -10
782 170 pedestrian 0 0 -10 561.61 186.61 710.36 344.58 -10 -10 -10 -100    0 -1000 -1000 -10
782 172 pedestrian 0 0 -10 570.85 176.11 654.38 260.75 -10 -10 -10 -100    0 -1000 -1000 -10
783 178 pedestrian 0 0 -10 171.29 160.76 545.44 193.85 -10 -10 -10 -100    0 -1000 -1000 -10
783 186 pedestrian 0 0 -10 771.44 152.91 803.36 179.05 -10 -10 -10 -100    0 -1000 -1000 -10
783 175 pedestrian 0 0 -10 715.91 144.84 776.99 169.53 -10 -10 -10 -100    0 -1000 -1000 -10
783 174 pedestrian 0 0 -10 563.31 156.88 639.71 233.21 -10 -10 -10 -100    0 -1000 -1000 -10
783 30 pedestrian 0 0 -10 690.19 157.84 730.64 183.40 -10 -10 -10 -100    0 -1000 -1000 -10
783 170 pedestrian 0 0 -10 559.97 187.26 712.56 350.18 -10 -10 -10 -100    0 -1000 -1000 -10
783 172 pedestrian 0 0 -10 570.39 176.39 655.14 261.97 -10 -10 -10 -100    0 -1000 -1000 -10
784 178 pedestrian 0 0 -10 168.41 160.74 543.55 193.96 -10 -10 -10 -100    0 -1000 -1000 -10
784 175 pedestrian 0 0 -10 715.12 144.89 776.80 169.75 -10 -10 -10 -100    0 -1000 -1000 -10
784 174 pedestrian 0 0 -10 562.73 156.83 639.29 231.57 -10 -10 -10 -100    0 -1000 -1000 -10
784 30 pedestrian 0 0 -10 694.82 158.13 737.96 183.31 -10 -10 -10 -100    0 -1000 -1000 -10
784 170 pedestrian 0 0 -10 558.54 187.60 714.87 355.06 -10 -10 -10 -100    0 -1000 -1000 -10
784 172 pedestrian 0 0 -10 570.19 176.81 655.94 263.52 -10 -10 -10 -100    0 -1000 -1000 -10
785 178 pedestrian 0 0 -10 166.64 160.44 543.90 193.85 -10 -10 -10 -100    0 -1000 -1000 -10
785 175 pedestrian 0 0 -10 715.23 144.84 776.90 170.13 -10 -10 -10 -100    0 -1000 -1000 -10
785 174 pedestrian 0 0 -10 562.98 156.38 638.58 230.32 -10 -10 -10 -100    0 -1000 -1000 -10
785 30 pedestrian 0 0 -10 701.67 157.13 746.02 182.16 -10 -10 -10 -100    0 -1000 -1000 -10
785 170 pedestrian 0 0 -10 557.32 187.73 716.97 358.59 -10 -10 -10 -100    0 -1000 -1000 -10
785 172 pedestrian 0 0 -10 569.31 176.43 656.01 263.54 -10 -10 -10 -100    0 -1000 -1000 -10
786 178 pedestrian 0 0 -10 163.98 159.74 543.47 194.25 -10 -10 -10 -100    0 -1000 -1000 -10
786 175 pedestrian 0 0 -10 715.21 144.80 777.47 169.60 -10 -10 -10 -100    0 -1000 -1000 -10
786 174 pedestrian 0 0 -10 563.02 155.93 638.00 229.76 -10 -10 -10 -100    0 -1000 -1000 -10
786 30 pedestrian 0 0 -10 706.52 156.87 750.39 182.10 -10 -10 -10 -100    0 -1000 -1000 -10
786 170 pedestrian 0 0 -10 556.04 187.92 719.12 361.99 -10 -10 -10 -100    0 -1000 -1000 -10
786 172 pedestrian 0 0 -10 568.30 176.18 656.14 264.59 -10 -10 -10 -100    0 -1000 -1000 -10
787 178 pedestrian 0 0 -10 162.28 159.26 543.30 194.34 -10 -10 -10 -100    0 -1000 -1000 -10
787 175 pedestrian 0 0 -10 714.10 144.34 776.65 168.95 -10 -10 -10 -100    0 -1000 -1000 -10
787 174 pedestrian 0 0 -10 562.17 155.02 637.63 228.56 -10 -10 -10 -100    0 -1000 -1000 -10
787 30 pedestrian 0 0 -10 711.82 156.65 754.85 181.82 -10 -10 -10 -100    0 -1000 -1000 -10
787 170 pedestrian 0 0 -10 555.29 188.33 720.94 364.49 -10 -10 -10 -100    0 -1000 -1000 -10
787 172 pedestrian 0 0 -10 568.12 176.53 656.48 264.71 -10 -10 -10 -100    0 -1000 -1000 -10
788 178 pedestrian 0 0 -10 160.13 158.77 543.20 194.68 -10 -10 -10 -100    0 -1000 -1000 -10
788 175 pedestrian 0 0 -10 715.20 144.86 776.52 170.21 -10 -10 -10 -100    0 -1000 -1000 -10
788 174 pedestrian 0 0 -10 562.65 154.76 637.90 227.68 -10 -10 -10 -100    0 -1000 -1000 -10
788 30 pedestrian 0 0 -10 718.98 157.75 762.87 181.89 -10 -10 -10 -100    0 -1000 -1000 -10
788 170 pedestrian 0 0 -10 555.45 188.51 722.86 367.40 -10 -10 -10 -100    0 -1000 -1000 -10
788 172 pedestrian 0 0 -10 567.69 176.85 656.96 265.20 -10 -10 -10 -100    0 -1000 -1000 -10
789 178 pedestrian 0 0 -10 159.21 159.36 542.46 195.98 -10 -10 -10 -100    0 -1000 -1000 -10
789 175 pedestrian 0 0 -10 714.48 144.81 777.45 170.25 -10 -10 -10 -100    0 -1000 -1000 -10
789 174 pedestrian 0 0 -10 563.05 155.81 639.14 228.67 -10 -10 -10 -100    0 -1000 -1000 -10
789 30 pedestrian 0 0 -10 725.77 158.19 772.03 182.82 -10 -10 -10 -100    0 -1000 -1000 -10
789 170 pedestrian 0 0 -10 555.11 190.25 724.60 371.58 -10 -10 -10 -100    0 -1000 -1000 -10
789 172 pedestrian 0 0 -10 568.29 177.55 657.73 266.29 -10 -10 -10 -100    0 -1000 -1000 -10
790 178 pedestrian 0 0 -10 157.02 159.82 542.00 197.40 -10 -10 -10 -100    0 -1000 -1000 -10
790 175 pedestrian 0 0 -10 715.11 144.59 777.16 169.25 -10 -10 -10 -100    0 -1000 -1000 -10
790 174 pedestrian 0 0 -10 562.50 156.31 636.78 229.90 -10 -10 -10 -100    0 -1000 -1000 -10
790 30 pedestrian 0 0 -10 734.03 159.19 782.16 183.38 -10 -10 -10 -100    0 -1000 -1000 -10
790 170 pedestrian 0 0 -10 554.19 191.77 726.08 376.00 -10 -10 -10 -100    0 -1000 -1000 -10
790 172 pedestrian 0 0 -10 568.54 179.76 657.51 268.86 -10 -10 -10 -100    0 -1000 -1000 -10
791 178 pedestrian 0 0 -10 155.64 160.82 541.66 199.30 -10 -10 -10 -100    0 -1000 -1000 -10
791 175 pedestrian 0 0 -10 713.85 143.66 776.91 167.72 -10 -10 -10 -100    0 -1000 -1000 -10
791 174 pedestrian 0 0 -10 562.02 156.73 637.95 230.23 -10 -10 -10 -100    0 -1000 -1000 -10
791 30 pedestrian 0 0 -10 742.58 159.26 785.32 181.53 -10 -10 -10 -100    0 -1000 -1000 -10
791 170 pedestrian 0 0 -10 553.86 192.49 727.55 376.00 -10 -10 -10 -100    0 -1000 -1000 -10
791 172 pedestrian 0 0 -10 568.40 180.40 658.00 269.81 -10 -10 -10 -100    0 -1000 -1000 -10
792 178 pedestrian 0 0 -10 153.32 160.66 541.86 199.90 -10 -10 -10 -100    0 -1000 -1000 -10
792 175 pedestrian 0 0 -10 714.43 143.54 776.57 168.25 -10 -10 -10 -100    0 -1000 -1000 -10
792 174 pedestrian 0 0 -10 561.80 156.65 637.73 230.49 -10 -10 -10 -100    0 -1000 -1000 -10
792 30 pedestrian 0 0 -10 747.29 159.97 792.29 181.87 -10 -10 -10 -100    0 -1000 -1000 -10
792 170 pedestrian 0 0 -10 552.75 193.06 728.55 376.00 -10 -10 -10 -100    0 -1000 -1000 -10
792 172 pedestrian 0 0 -10 567.53 180.50 658.16 271.18 -10 -10 -10 -100    0 -1000 -1000 -10
793 178 pedestrian 0 0 -10 151.51 159.96 541.27 199.77 -10 -10 -10 -100    0 -1000 -1000 -10
793 175 pedestrian 0 0 -10 714.65 143.60 776.39 168.16 -10 -10 -10 -100    0 -1000 -1000 -10
793 174 pedestrian 0 0 -10 562.13 156.68 637.91 230.95 -10 -10 -10 -100    0 -1000 -1000 -10
793 170 pedestrian 0 0 -10 552.19 193.35 730.22 376.00 -10 -10 -10 -100    0 -1000 -1000 -10
793 172 pedestrian 0 0 -10 567.38 180.58 658.39 271.34 -10 -10 -10 -100    0 -1000 -1000 -10
794 178 pedestrian 0 0 -10 150.82 159.95 540.98 199.84 -10 -10 -10 -100    0 -1000 -1000 -10
794 186 pedestrian 0 0 -10 761.99 160.30 811.06 182.73 -10 -10 -10 -100    0 -1000 -1000 -10
794 175 pedestrian 0 0 -10 715.19 143.88 776.01 168.31 -10 -10 -10 -100    0 -1000 -1000 -10
794 174 pedestrian 0 0 -10 561.64 156.93 638.25 234.74 -10 -10 -10 -100    0 -1000 -1000 -10
794 170 pedestrian 0 0 -10 551.69 193.79 731.09 376.00 -10 -10 -10 -100    0 -1000 -1000 -10
794 172 pedestrian 0 0 -10 567.37 180.61 658.26 271.16 -10 -10 -10 -100    0 -1000 -1000 -10
795 178 pedestrian 0 0 -10 149.42 160.07 540.56 199.75 -10 -10 -10 -100    0 -1000 -1000 -10
795 175 pedestrian 0 0 -10 714.95 143.49 775.51 168.02 -10 -10 -10 -100    0 -1000 -1000 -10
795 174 pedestrian 0 0 -10 562.03 156.44 639.22 235.23 -10 -10 -10 -100    0 -1000 -1000 -10
795 170 pedestrian 0 0 -10 551.13 193.81 732.34 376.00 -10 -10 -10 -100    0 -1000 -1000 -10
795 172 pedestrian 0 0 -10 567.60 180.54 657.79 270.99 -10 -10 -10 -100    0 -1000 -1000 -10
796 178 pedestrian 0 0 -10 147.96 160.01 539.69 199.69 -10 -10 -10 -100    0 -1000 -1000 -10
796 175 pedestrian 0 0 -10 714.82 143.01 775.64 167.56 -10 -10 -10 -100    0 -1000 -1000 -10
796 174 pedestrian 0 0 -10 562.48 156.15 639.79 236.34 -10 -10 -10 -100    0 -1000 -1000 -10
796 170 pedestrian 0 0 -10 550.63 193.98 733.16 376.00 -10 -10 -10 -100    0 -1000 -1000 -10
796 172 pedestrian 0 0 -10 567.47 180.52 657.54 270.44 -10 -10 -10 -100    0 -1000 -1000 -10
797 178 pedestrian 0 0 -10 150.24 160.58 542.35 200.07 -10 -10 -10 -100    0 -1000 -1000 -10
797 175 pedestrian 0 0 -10 714.70 143.04 775.63 167.57 -10 -10 -10 -100    0 -1000 -1000 -10
797 174 pedestrian 0 0 -10 563.63 155.83 640.62 239.03 -10 -10 -10 -100    0 -1000 -1000 -10
797 170 pedestrian 0 0 -10 549.89 194.13 733.92 376.00 -10 -10 -10 -100    0 -1000 -1000 -10
797 172 pedestrian 0 0 -10 567.48 180.46 657.54 270.38 -10 -10 -10 -100    0 -1000 -1000 -10
798 178 pedestrian 0 0 -10 149.98 160.63 541.89 200.06 -10 -10 -10 -100    0 -1000 -1000 -10
798 175 pedestrian 0 0 -10 714.64 143.08 775.70 167.72 -10 -10 -10 -100    0 -1000 -1000 -10
798 174 pedestrian 0 0 -10 564.02 155.72 641.13 241.15 -10 -10 -10 -100    0 -1000 -1000 -10
798 170 pedestrian 0 0 -10 549.18 194.07 734.32 376.00 -10 -10 -10 -100    0 -1000 -1000 -10
798 172 pedestrian 0 0 -10 567.37 180.36 657.31 270.22 -10 -10 -10 -100    0 -1000 -1000 -10
799 178 pedestrian 0 0 -10 149.02 160.20 541.36 199.89 -10 -10 -10 -100    0 -1000 -1000 -10
799 175 pedestrian 0 0 -10 714.70 142.93 775.85 167.58 -10 -10 -10 -100    0 -1000 -1000 -10
799 174 pedestrian 0 0 -10 564.02 155.65 641.23 242.13 -10 -10 -10 -100    0 -1000 -1000 -10
799 170 pedestrian 0 0 -10 549.06 194.10 734.84 376.00 -10 -10 -10 -100    0 -1000 -1000 -10
799 172 pedestrian 0 0 -10 566.82 180.28 657.55 270.51 -10 -10 -10 -100    0 -1000 -1000 -10
800 178 pedestrian 0 0 -10 148.66 160.29 541.27 200.02 -10 -10 -10 -100    0 -1000 -1000 -10
800 175 pedestrian 0 0 -10 714.76 143.03 775.91 167.76 -10 -10 -10 -100    0 -1000 -1000 -10
800 174 pedestrian 0 0 -10 564.11 155.88 641.56 242.72 -10 -10 -10 -100    0 -1000 -1000 -10
800 170 pedestrian 0 0 -10 548.75 194.41 735.21 376.00 -10 -10 -10 -100    0 -1000 -1000 -10
800 172 pedestrian 0 0 -10 566.57 180.33 657.42 271.17 -10 -10 -10 -100    0 -1000 -1000 -10
801 178 pedestrian 0 0 -10 148.32 160.48 540.25 200.30 -10 -10 -10 -100    0 -1000 -1000 -10
801 175 pedestrian 0 0 -10 714.93 143.22 775.94 167.99 -10 -10 -10 -100    0 -1000 -1000 -10
801 174 pedestrian 0 0 -10 563.82 156.03 641.60 242.92 -10 -10 -10 -100    0 -1000 -1000 -10
801 170 pedestrian 0 0 -10 548.81 194.73 735.84 376.00 -10 -10 -10 -100    0 -1000 -1000 -10
801 172 pedestrian 0 0 -10 566.47 180.41 657.52 271.48 -10 -10 -10 -100    0 -1000 -1000 -10
802 178 pedestrian 0 0 -10 148.02 160.77 539.50 200.52 -10 -10 -10 -100    0 -1000 -1000 -10
802 175 pedestrian 0 0 -10 714.89 143.38 775.89 168.12 -10 -10 -10 -100    0 -1000 -1000 -10
802 174 pedestrian 0 0 -10 563.65 155.96 641.33 242.89 -10 -10 -10 -100    0 -1000 -1000 -10
802 170 pedestrian 0 0 -10 548.69 194.75 736.19 376.00 -10 -10 -10 -100    0 -1000 -1000 -10
802 172 pedestrian 0 0 -10 566.43 180.41 657.20 271.48 -10 -10 -10 -100    0 -1000 -1000 -10
803 178 pedestrian 0 0 -10 147.48 160.69 539.17 200.65 -10 -10 -10 -100    0 -1000 -1000 -10
803 175 pedestrian 0 0 -10 715.23 143.69 775.66 168.33 -10 -10 -10 -100    0 -1000 -1000 -10
803 174 pedestrian 0 0 -10 563.29 155.83 641.27 243.33 -10 -10 -10 -100    0 -1000 -1000 -10
803 170 pedestrian 0 0 -10 548.50 195.01 736.46 376.00 -10 -10 -10 -100    0 -1000 -1000 -10
803 172 pedestrian 0 0 -10 566.10 180.63 657.09 271.26 -10 -10 -10 -100    0 -1000 -1000 -10
804 178 pedestrian 0 0 -10 147.02 160.79 539.02 200.73 -10 -10 -10 -100    0 -1000 -1000 -10
804 175 pedestrian 0 0 -10 715.17 143.89 775.80 168.51 -10 -10 -10 -100    0 -1000 -1000 -10
804 174 pedestrian 0 0 -10 563.56 155.84 641.54 243.41 -10 -10 -10 -100    0 -1000 -1000 -10
804 170 pedestrian 0 0 -10 548.59 195.10 736.74 376.00 -10 -10 -10 -100    0 -1000 -1000 -10
804 172 pedestrian 0 0 -10 566.06 180.69 657.11 271.37 -10 -10 -10 -100    0 -1000 -1000 -10
805 178 pedestrian 0 0 -10 145.99 160.78 539.06 200.77 -10 -10 -10 -100    0 -1000 -1000 -10
805 175 pedestrian 0 0 -10 715.10 143.75 775.72 168.40 -10 -10 -10 -100    0 -1000 -1000 -10
805 174 pedestrian 0 0 -10 563.39 155.89 641.41 243.36 -10 -10 -10 -100    0 -1000 -1000 -10
805 170 pedestrian 0 0 -10 548.30 194.98 736.82 376.00 -10 -10 -10 -100    0 -1000 -1000 -10
805 172 pedestrian 0 0 -10 565.93 180.65 657.05 271.43 -10 -10 -10 -100    0 -1000 -1000 -10
806 178 pedestrian 0 0 -10 145.74 160.71 539.29 200.77 -10 -10 -10 -100    0 -1000 -1000 -10
806 175 pedestrian 0 0 -10 715.13 143.79 775.73 168.48 -10 -10 -10 -100    0 -1000 -1000 -10
806 174 pedestrian 0 0 -10 563.46 155.65 641.44 243.67 -10 -10 -10 -100    0 -1000 -1000 -10
806 170 pedestrian 0 0 -10 548.15 194.99 737.17 376.00 -10 -10 -10 -100    0 -1000 -1000 -10
806 172 pedestrian 0 0 -10 565.78 180.64 657.10 271.64 -10 -10 -10 -100    0 -1000 -1000 -10
807 178 pedestrian 0 0 -10 145.37 160.72 539.51 200.78 -10 -10 -10 -100    0 -1000 -1000 -10
807 175 pedestrian 0 0 -10 715.17 143.72 775.68 168.37 -10 -10 -10 -100    0 -1000 -1000 -10
807 174 pedestrian 0 0 -10 563.36 155.70 641.39 243.79 -10 -10 -10 -100    0 -1000 -1000 -10
807 170 pedestrian 0 0 -10 548.06 195.03 737.24 376.00 -10 -10 -10 -100    0 -1000 -1000 -10
807 172 pedestrian 0 0 -10 565.67 180.66 657.39 271.99 -10 -10 -10 -100    0 -1000 -1000 -10
808 178 pedestrian 0 0 -10 145.31 160.70 539.53 200.69 -10 -10 -10 -100    0 -1000 -1000 -10
808 175 pedestrian 0 0 -10 715.31 143.66 775.75 168.27 -10 -10 -10 -100    0 -1000 -1000 -10
808 174 pedestrian 0 0 -10 563.30 155.84 641.29 243.69 -10 -10 -10 -100    0 -1000 -1000 -10
808 170 pedestrian 0 0 -10 547.92 195.02 737.23 376.00 -10 -10 -10 -100    0 -1000 -1000 -10
808 172 pedestrian 0 0 -10 565.68 180.55 657.41 271.86 -10 -10 -10 -100    0 -1000 -1000 -10
809 178 pedestrian 0 0 -10 145.41 160.66 539.49 200.79 -10 -10 -10 -100    0 -1000 -1000 -10
809 175 pedestrian 0 0 -10 715.19 143.65 775.73 168.32 -10 -10 -10 -100    0 -1000 -1000 -10
809 174 pedestrian 0 0 -10 563.54 155.69 641.44 243.71 -10 -10 -10 -100    0 -1000 -1000 -10
809 170 pedestrian 0 0 -10 547.90 195.07 737.22 376.00 -10 -10 -10 -100    0 -1000 -1000 -10
809 172 pedestrian 0 0 -10 565.88 180.59 657.27 271.96 -10 -10 -10 -100    0 -1000 -1000 -10
810 178 pedestrian 0 0 -10 146.47 160.90 539.33 200.95 -10 -10 -10 -100    0 -1000 -1000 -10
810 175 pedestrian 0 0 -10 714.77 144.02 775.94 168.69 -10 -10 -10 -100    0 -1000 -1000 -10
810 174 pedestrian 0 0 -10 564.18 155.75 641.66 244.14 -10 -10 -10 -100    0 -1000 -1000 -10
810 170 pedestrian 0 0 -10 547.98 195.24 737.26 376.00 -10 -10 -10 -100    0 -1000 -1000 -10
810 172 pedestrian 0 0 -10 565.76 180.82 657.01 272.12 -10 -10 -10 -100    0 -1000 -1000 -10
811 178 pedestrian 0 0 -10 146.75 160.97 539.39 200.98 -10 -10 -10 -100    0 -1000 -1000 -10
811 175 pedestrian 0 0 -10 714.60 144.07 776.03 168.70 -10 -10 -10 -100    0 -1000 -1000 -10
811 174 pedestrian 0 0 -10 564.13 155.72 641.86 244.06 -10 -10 -10 -100    0 -1000 -1000 -10
811 170 pedestrian 0 0 -10 548.31 195.16 737.32 376.00 -10 -10 -10 -100    0 -1000 -1000 -10
811 172 pedestrian 0 0 -10 565.84 180.87 657.01 271.89 -10 -10 -10 -100    0 -1000 -1000 -10
812 178 pedestrian 0 0 -10 145.82 160.80 539.28 200.80 -10 -10 -10 -100    0 -1000 -1000 -10
812 175 pedestrian 0 0 -10 715.14 143.86 775.75 168.50 -10 -10 -10 -100    0 -1000 -1000 -10
812 174 pedestrian 0 0 -10 563.74 155.56 641.80 243.72 -10 -10 -10 -100    0 -1000 -1000 -10
812 170 pedestrian 0 0 -10 548.23 194.96 737.30 376.00 -10 -10 -10 -100    0 -1000 -1000 -10
812 172 pedestrian 0 0 -10 565.87 180.70 657.11 271.69 -10 -10 -10 -100    0 -1000 -1000 -10
813 178 pedestrian 0 0 -10 146.45 161.01 539.39 200.99 -10 -10 -10 -100    0 -1000 -1000 -10
813 175 pedestrian 0 0 -10 714.83 144.03 775.93 168.64 -10 -10 -10 -100    0 -1000 -1000 -10
813 174 pedestrian 0 0 -10 563.89 155.74 641.75 244.21 -10 -10 -10 -100    0 -1000 -1000 -10
813 170 pedestrian 0 0 -10 548.20 195.11 737.29 376.00 -10 -10 -10 -100    0 -1000 -1000 -10
813 172 pedestrian 0 0 -10 565.59 180.84 657.01 271.92 -10 -10 -10 -100    0 -1000 -1000 -10
814 178 pedestrian 0 0 -10 146.09 161.16 538.76 201.08 -10 -10 -10 -100    0 -1000 -1000 -10
814 175 pedestrian 0 0 -10 714.54 144.15 775.88 168.78 -10 -10 -10 -100    0 -1000 -1000 -10
814 174 pedestrian 0 0 -10 563.78 155.81 641.71 244.36 -10 -10 -10 -100    0 -1000 -1000 -10
814 170 pedestrian 0 0 -10 547.85 195.34 737.32 376.00 -10 -10 -10 -100    0 -1000 -1000 -10
814 172 pedestrian 0 0 -10 565.42 180.92 657.06 272.30 -10 -10 -10 -100    0 -1000 -1000 -10
815 178 pedestrian 0 0 -10 146.39 160.91 539.07 200.83 -10 -10 -10 -100    0 -1000 -1000 -10
815 175 pedestrian 0 0 -10 714.86 144.01 775.84 168.66 -10 -10 -10 -100    0 -1000 -1000 -10
815 174 pedestrian 0 0 -10 563.90 155.74 641.65 244.26 -10 -10 -10 -100    0 -1000 -1000 -10
815 170 pedestrian 0 0 -10 548.10 195.13 737.34 376.00 -10 -10 -10 -100    0 -1000 -1000 -10
815 172 pedestrian 0 0 -10 565.52 180.76 657.10 272.19 -10 -10 -10 -100    0 -1000 -1000 -10
816 178 pedestrian 0 0 -10 146.62 160.96 539.23 200.98 -10 -10 -10 -100    0 -1000 -1000 -10
816 175 pedestrian 0 0 -10 714.81 144.12 776.01 168.76 -10 -10 -10 -100    0 -1000 -1000 -10
816 174 pedestrian 0 0 -10 564.23 155.74 641.76 244.02 -10 -10 -10 -100    0 -1000 -1000 -10
816 170 pedestrian 0 0 -10 548.18 195.30 737.22 376.00 -10 -10 -10 -100    0 -1000 -1000 -10
816 172 pedestrian 0 0 -10 565.73 180.83 657.18 272.25 -10 -10 -10 -100    0 -1000 -1000 -10
817 178 pedestrian 0 0 -10 146.71 161.01 539.18 201.03 -10 -10 -10 -100    0 -1000 -1000 -10
817 175 pedestrian 0 0 -10 714.53 144.12 775.94 168.79 -10 -10 -10 -100    0 -1000 -1000 -10
817 174 pedestrian 0 0 -10 564.00 155.73 641.84 244.23 -10 -10 -10 -100    0 -1000 -1000 -10
817 170 pedestrian 0 0 -10 548.22 195.32 737.31 376.00 -10 -10 -10 -100    0 -1000 -1000 -10
817 172 pedestrian 0 0 -10 565.78 180.88 657.18 272.28 -10 -10 -10 -100    0 -1000 -1000 -10
818 178 pedestrian 0 0 -10 146.86 161.01 539.63 200.92 -10 -10 -10 -100    0 -1000 -1000 -10
818 175 pedestrian 0 0 -10 714.76 144.12 775.94 168.76 -10 -10 -10 -100    0 -1000 -1000 -10
818 174 pedestrian 0 0 -10 564.07 155.72 641.79 244.14 -10 -10 -10 -100    0 -1000 -1000 -10
818 170 pedestrian 0 0 -10 548.12 195.16 737.26 376.00 -10 -10 -10 -100    0 -1000 -1000 -10
818 172 pedestrian 0 0 -10 565.79 180.81 657.02 271.93 -10 -10 -10 -100    0 -1000 -1000 -10
819 178 pedestrian 0 0 -10 146.11 160.90 539.73 200.97 -10 -10 -10 -100    0 -1000 -1000 -10
819 175 pedestrian 0 0 -10 714.66 143.97 775.94 168.59 -10 -10 -10 -100    0 -1000 -1000 -10
819 174 pedestrian 0 0 -10 564.15 155.66 641.76 243.87 -10 -10 -10 -100    0 -1000 -1000 -10
819 170 pedestrian 0 0 -10 548.22 195.07 737.25 376.00 -10 -10 -10 -100    0 -1000 -1000 -10
819 172 pedestrian 0 0 -10 565.86 180.76 657.04 271.82 -10 -10 -10 -100    0 -1000 -1000 -10
820 178 pedestrian 0 0 -10 146.94 160.93 539.43 200.97 -10 -10 -10 -100    0 -1000 -1000 -10
820 175 pedestrian 0 0 -10 714.64 144.09 776.12 168.74 -10 -10 -10 -100    0 -1000 -1000 -10
820 174 pedestrian 0 0 -10 564.11 155.75 641.72 244.25 -10 -10 -10 -100    0 -1000 -1000 -10
820 170 pedestrian 0 0 -10 548.25 195.16 737.35 376.00 -10 -10 -10 -100    0 -1000 -1000 -10
820 172 pedestrian 0 0 -10 565.58 180.82 657.04 272.01 -10 -10 -10 -100    0 -1000 -1000 -10
821 178 pedestrian 0 0 -10 146.24 160.95 539.64 201.04 -10 -10 -10 -100    0 -1000 -1000 -10
821 175 pedestrian 0 0 -10 714.56 144.07 776.02 168.73 -10 -10 -10 -100    0 -1000 -1000 -10
821 174 pedestrian 0 0 -10 564.11 155.83 641.72 244.33 -10 -10 -10 -100    0 -1000 -1000 -10
821 170 pedestrian 0 0 -10 547.94 195.13 737.37 376.00 -10 -10 -10 -100    0 -1000 -1000 -10
821 172 pedestrian 0 0 -10 565.49 180.81 656.99 271.99 -10 -10 -10 -100    0 -1000 -1000 -10
822 178 pedestrian 0 0 -10 146.83 160.85 539.58 200.96 -10 -10 -10 -100    0 -1000 -1000 -10
822 175 pedestrian 0 0 -10 714.73 144.10 775.97 168.72 -10 -10 -10 -100    0 -1000 -1000 -10
822 174 pedestrian 0 0 -10 564.09 155.69 641.86 244.36 -10 -10 -10 -100    0 -1000 -1000 -10
822 170 pedestrian 0 0 -10 548.02 195.17 737.30 376.00 -10 -10 -10 -100    0 -1000 -1000 -10
822 172 pedestrian 0 0 -10 565.60 180.75 657.11 272.32 -10 -10 -10 -100    0 -1000 -1000 -10
823 175 pedestrian 0 0 -10 714.69 144.12 776.01 168.72 -10 -10 -10 -100    0 -1000 -1000 -10
823 174 pedestrian 0 0 -10 564.38 155.70 641.75 244.23 -10 -10 -10 -100    0 -1000 -1000 -10
823 178 pedestrian 0 0 -10 146.81 160.89 539.82 201.04 -10 -10 -10 -100    0 -1000 -1000 -10
823 170 pedestrian 0 0 -10 548.03 195.31 737.32 376.00 -10 -10 -10 -100    0 -1000 -1000 -10
823 172 pedestrian 0 0 -10 565.75 180.81 657.35 272.32 -10 -10 -10 -100    0 -1000 -1000 -10
824 175 pedestrian 0 0 -10 714.36 144.19 776.10 168.81 -10 -10 -10 -100    0 -1000 -1000 -10
824 174 pedestrian 0 0 -10 564.20 155.87 641.86 244.34 -10 -10 -10 -100    0 -1000 -1000 -10
824 178 pedestrian 0 0 -10 146.62 160.93 539.22 201.00 -10 -10 -10 -100    0 -1000 -1000 -10
824 170 pedestrian 0 0 -10 547.80 195.28 737.25 376.00 -10 -10 -10 -100    0 -1000 -1000 -10
824 172 pedestrian 0 0 -10 565.75 180.79 657.28 272.36 -10 -10 -10 -100    0 -1000 -1000 -10
825 174 pedestrian 0 0 -10 564.41 155.79 641.84 244.31 -10 -10 -10 -100    0 -1000 -1000 -10
825 178 pedestrian 0 0 -10 146.12 160.98 539.54 201.02 -10 -10 -10 -100    0 -1000 -1000 -10
825 175 pedestrian 0 0 -10 714.61 144.09 776.11 168.71 -10 -10 -10 -100    0 -1000 -1000 -10
825 170 pedestrian 0 0 -10 548.14 195.20 737.36 376.00 -10 -10 -10 -100    0 -1000 -1000 -10
825 172 pedestrian 0 0 -10 565.77 180.81 657.06 272.03 -10 -10 -10 -100    0 -1000 -1000 -10
826 174 pedestrian 0 0 -10 564.14 155.78 641.80 244.20 -10 -10 -10 -100    0 -1000 -1000 -10
826 178 pedestrian 0 0 -10 145.66 161.06 539.69 200.96 -10 -10 -10 -100    0 -1000 -1000 -10
826 175 pedestrian 0 0 -10 714.69 144.09 775.97 168.69 -10 -10 -10 -100    0 -1000 -1000 -10
826 170 pedestrian 0 0 -10 548.21 195.13 737.21 376.00 -10 -10 -10 -100    0 -1000 -1000 -10
826 172 pedestrian 0 0 -10 565.77 180.79 657.12 271.94 -10 -10 -10 -100    0 -1000 -1000 -10
827 174 pedestrian 0 0 -10 564.02 155.75 641.92 244.38 -10 -10 -10 -100    0 -1000 -1000 -10
827 178 pedestrian 0 0 -10 146.20 161.03 539.46 201.03 -10 -10 -10 -100    0 -1000 -1000 -10
827 175 pedestrian 0 0 -10 714.63 144.11 776.06 168.71 -10 -10 -10 -100    0 -1000 -1000 -10
827 170 pedestrian 0 0 -10 548.22 195.12 737.20 376.00 -10 -10 -10 -100    0 -1000 -1000 -10
827 172 pedestrian 0 0 -10 565.54 180.79 657.08 271.94 -10 -10 -10 -100    0 -1000 -1000 -10
828 174 pedestrian 0 0 -10 564.07 155.77 641.79 244.33 -10 -10 -10 -100    0 -1000 -1000 -10
828 178 pedestrian 0 0 -10 146.03 161.02 539.58 201.05 -10 -10 -10 -100    0 -1000 -1000 -10
828 175 pedestrian 0 0 -10 714.79 144.04 776.01 168.63 -10 -10 -10 -100    0 -1000 -1000 -10
828 170 pedestrian 0 0 -10 548.24 195.14 737.20 376.00 -10 -10 -10 -100    0 -1000 -1000 -10
828 172 pedestrian 0 0 -10 565.50 180.82 657.06 271.88 -10 -10 -10 -100    0 -1000 -1000 -10
829 174 pedestrian 0 0 -10 564.31 155.80 641.76 244.21 -10 -10 -10 -100    0 -1000 -1000 -10
829 178 pedestrian 0 0 -10 146.41 160.95 539.38 200.97 -10 -10 -10 -100    0 -1000 -1000 -10
829 175 pedestrian 0 0 -10 714.73 143.99 776.02 168.60 -10 -10 -10 -100    0 -1000 -1000 -10
829 170 pedestrian 0 0 -10 548.07 195.22 737.33 376.00 -10 -10 -10 -100    0 -1000 -1000 -10
829 172 pedestrian 0 0 -10 565.73 180.78 657.23 272.24 -10 -10 -10 -100    0 -1000 -1000 -10
830 174 pedestrian 0 0 -10 564.31 155.71 641.96 244.26 -10 -10 -10 -100    0 -1000 -1000 -10
830 178 pedestrian 0 0 -10 147.63 161.07 539.84 201.04 -10 -10 -10 -100    0 -1000 -1000 -10
830 175 pedestrian 0 0 -10 714.56 144.15 775.88 168.74 -10 -10 -10 -100    0 -1000 -1000 -10
830 170 pedestrian 0 0 -10 548.14 195.27 737.14 376.00 -10 -10 -10 -100    0 -1000 -1000 -10
830 172 pedestrian 0 0 -10 565.84 180.89 657.38 272.28 -10 -10 -10 -100    0 -1000 -1000 -10
831 174 pedestrian 0 0 -10 564.25 155.84 641.97 244.27 -10 -10 -10 -100    0 -1000 -1000 -10
831 178 pedestrian 0 0 -10 147.46 160.97 539.48 201.00 -10 -10 -10 -100    0 -1000 -1000 -10
831 175 pedestrian 0 0 -10 714.54 144.10 776.02 168.74 -10 -10 -10 -100    0 -1000 -1000 -10
831 170 pedestrian 0 0 -10 548.28 195.35 736.84 376.00 -10 -10 -10 -100    0 -1000 -1000 -10
831 172 pedestrian 0 0 -10 565.92 180.92 657.38 272.23 -10 -10 -10 -100    0 -1000 -1000 -10
832 174 pedestrian 0 0 -10 564.15 155.79 641.93 244.26 -10 -10 -10 -100    0 -1000 -1000 -10
832 178 pedestrian 0 0 -10 146.94 160.86 539.51 200.96 -10 -10 -10 -100    0 -1000 -1000 -10
832 175 pedestrian 0 0 -10 714.49 144.07 776.12 168.70 -10 -10 -10 -100    0 -1000 -1000 -10
832 170 pedestrian 0 0 -10 548.28 195.34 736.53 376.00 -10 -10 -10 -100    0 -1000 -1000 -10
832 172 pedestrian 0 0 -10 565.87 180.88 657.15 272.17 -10 -10 -10 -100    0 -1000 -1000 -10
833 174 pedestrian 0 0 -10 564.15 155.66 641.87 244.04 -10 -10 -10 -100    0 -1000 -1000 -10
833 178 pedestrian 0 0 -10 146.71 160.89 539.61 200.88 -10 -10 -10 -100    0 -1000 -1000 -10
833 175 pedestrian 0 0 -10 714.56 144.13 775.98 168.72 -10 -10 -10 -100    0 -1000 -1000 -10
833 170 pedestrian 0 0 -10 548.37 195.16 736.23 376.00 -10 -10 -10 -100    0 -1000 -1000 -10
833 172 pedestrian 0 0 -10 565.77 180.80 657.07 271.74 -10 -10 -10 -100    0 -1000 -1000 -10
834 174 pedestrian 0 0 -10 564.02 155.64 641.84 244.00 -10 -10 -10 -100    0 -1000 -1000 -10
834 178 pedestrian 0 0 -10 146.85 160.99 539.59 200.94 -10 -10 -10 -100    0 -1000 -1000 -10
834 175 pedestrian 0 0 -10 714.71 144.08 775.99 168.72 -10 -10 -10 -100    0 -1000 -1000 -10
834 170 pedestrian 0 0 -10 548.69 195.16 735.81 376.00 -10 -10 -10 -100    0 -1000 -1000 -10
834 172 pedestrian 0 0 -10 565.67 180.83 656.89 271.59 -10 -10 -10 -100    0 -1000 -1000 -10
835 174 pedestrian 0 0 -10 564.09 155.61 641.90 243.85 -10 -10 -10 -100    0 -1000 -1000 -10
835 178 pedestrian 0 0 -10 146.49 161.05 539.54 200.96 -10 -10 -10 -100    0 -1000 -1000 -10
835 175 pedestrian 0 0 -10 714.50 144.15 775.79 168.76 -10 -10 -10 -100    0 -1000 -1000 -10
835 170 pedestrian 0 0 -10 548.83 195.09 735.44 376.00 -10 -10 -10 -100    0 -1000 -1000 -10
835 172 pedestrian 0 0 -10 565.65 180.76 656.72 271.35 -10 -10 -10 -100    0 -1000 -1000 -10
836 174 pedestrian 0 0 -10 564.19 155.69 641.81 243.69 -10 -10 -10 -100    0 -1000 -1000 -10
836 178 pedestrian 0 0 -10 146.29 160.96 539.91 200.98 -10 -10 -10 -100    0 -1000 -1000 -10
836 175 pedestrian 0 0 -10 714.80 144.20 775.98 168.78 -10 -10 -10 -100    0 -1000 -1000 -10
836 170 pedestrian 0 0 -10 549.17 195.20 734.82 376.00 -10 -10 -10 -100    0 -1000 -1000 -10
836 172 pedestrian 0 0 -10 566.05 180.80 656.59 271.33 -10 -10 -10 -100    0 -1000 -1000 -10
