0 16 pedestrian 0 0 -10 243.02 150.82 265.12 226.09 -10 -10 -10 -100    0 -1000 -1000 -10
0 15 pedestrian 0 0 -10 585.70 163.90 615.01 191.67 -10 -10 -10 -100    0 -1000 -1000 -10
0 14 pedestrian 0 0 -10 312.84 159.48 339.39 235.04 -10 -10 -10 -100    0 -1000 -1000 -10
0 13 pedestrian 0 0 -10 388.37 156.48 487.99 208.49 -10 -10 -10 -100    0 -1000 -1000 -10
0 12 pedestrian 0 0 -10 210.79 149.83 237.61 225.88 -10 -10 -10 -100    0 -1000 -1000 -10
0 11 pedestrian 0 0 -10 274.78 151.89 305.34 237.03 -10 -10 -10 -100    0 -1000 -1000 -10
0 10 pedestrian 0 0 -10 780.96 162.61 824.15 293.60 -10 -10 -10 -100    0 -1000 -1000 -10
0 9 pedestrian 0 0 -10 534.69 161.47 575.47 191.78 -10 -10 -10 -100    0 -1000 -1000 -10
0 8 pedestrian 0 0 -10 436.03 157.85 477.38 266.84 -10 -10 -10 -100    0 -1000 -1000 -10
0 7 pedestrian 0 0 -10 737.34 152.44 784.18 298.45 -10 -10 -10 -100    0 -1000 -1000 -10
0 6 pedestrian 0 0 -10 178.29 159.04 222.96 212.59 -10 -10 -10 -100    0 -1000 -1000 -10
0 5 pedestrian 0 0 -10 602.19 171.06 636.97 206.34 -10 -10 -10 -100    0 -1000 -1000 -10
0 4 pedestrian 0 0 -10 324.20 167.37 422.50 338.53 -10 -10 -10 -100    0 -1000 -1000 -10
0 3 pedestrian 0 0 -10 1095.58 185.55 1223.53 244.19 -10 -10 -10 -100    0 -1000 -1000 -10
0 2 pedestrian 0 0 -10 952.99 181.64 1068.15 242.57 -10 -10 -10 -100    0 -1000 -1000 -10
0 1 pedestrian 0 0 -10 1032.45 184.09 1157.46 240.17 -10 -10 -10 -100    0 -1000 -1000 -10
1 16 pedestrian 0 0 -10 242.64 150.61 264.82 226.01 -10 -10 -10 -100    0 -1000 -1000 -10
1 15 pedestrian 0 0 -10 585.34 163.97 614.88 191.81 -10 -10 -10 -100    0 -1000 -1000 -10
1 14 pedestrian 0 0 -10 311.98 159.38 339.77 237.12 -10 -10 -10 -100    0 -1000 -1000 -10
1 13 pedestrian 0 0 -10 389.25 156.80 490.65 208.26 -10 -10 -10 -100    0 -1000 -1000 -10
1 12 pedestrian 0 0 -10 210.56 149.79 237.71 225.65 -10 -10 -10 -100    0 -1000 -1000 -10
1 11 pedestrian 0 0 -10 275.59 153.58 306.07 237.45 -10 -10 -10 -100    0 -1000 -1000 -10
1 10 pedestrian 0 0 -10 785.28 162.18 827.38 292.74 -10 -10 -10 -100    0 -1000 -1000 -10
1 9 pedestrian 0 0 -10 535.63 161.14 575.52 191.34 -10 -10 -10 -100    0 -1000 -1000 -10
1 8 pedestrian 0 0 -10 443.10 157.10 486.40 265.71 -10 -10 -10 -100    0 -1000 -1000 -10
1 7 pedestrian 0 0 -10 741.67 153.88 794.14 298.92 -10 -10 -10 -100    0 -1000 -1000 -10
1 6 pedestrian 0 0 -10 178.36 159.12 222.84 212.50 -10 -10 -10 -100    0 -1000 -1000 -10
1 5 pedestrian 0 0 -10 602.26 171.00 636.85 206.24 -10 -10 -10 -100    0 -1000 -1000 -10
1 4 pedestrian 0 0 -10 302.85 168.51 411.13 347.13 -10 -10 -10 -100    0 -1000 -1000 -10
1 3 pedestrian 0 0 -10 1095.68 185.63 1223.59 244.34 -10 -10 -10 -100    0 -1000 -1000 -10
1 2 pedestrian 0 0 -10 953.07 181.56 1068.10 242.59 -10 -10 -10 -100    0 -1000 -1000 -10
1 1 pedestrian 0 0 -10 1032.31 184.06 1157.54 240.18 -10 -10 -10 -100    0 -1000 -1000 -10
2 16 pedestrian 0 0 -10 242.54 150.52 264.61 225.36 -10 -10 -10 -100    0 -1000 -1000 -10
2 15 pedestrian 0 0 -10 585.10 163.92 615.23 191.86 -10 -10 -10 -100    0 -1000 -1000 -10
2 14 pedestrian 0 0 -10 309.23 158.87 342.47 237.28 -10 -10 -10 -100    0 -1000 -1000 -10
2 13 pedestrian 0 0 -10 384.11 155.90 491.20 205.85 -10 -10 -10 -100    0 -1000 -1000 -10
2 12 pedestrian 0 0 -10 210.45 148.54 238.19 226.58 -10 -10 -10 -100    0 -1000 -1000 -10
2 11 pedestrian 0 0 -10 276.07 152.85 305.78 238.61 -10 -10 -10 -100    0 -1000 -1000 -10
2 10 pedestrian 0 0 -10 790.29 165.03 838.31 295.07 -10 -10 -10 -100    0 -1000 -1000 -10
2 9 pedestrian 0 0 -10 535.93 160.98 576.07 191.39 -10 -10 -10 -100    0 -1000 -1000 -10
2 8 pedestrian 0 0 -10 448.61 157.86 494.27 267.68 -10 -10 -10 -100    0 -1000 -1000 -10
2 7 pedestrian 0 0 -10 745.72 153.21 798.43 299.79 -10 -10 -10 -100    0 -1000 -1000 -10
2 6 pedestrian 0 0 -10 178.67 159.41 222.97 212.44 -10 -10 -10 -100    0 -1000 -1000 -10
2 5 pedestrian 0 0 -10 602.04 171.02 636.82 206.35 -10 -10 -10 -100    0 -1000 -1000 -10
2 4 pedestrian 0 0 -10 276.34 167.61 396.97 358.40 -10 -10 -10 -100    0 -1000 -1000 -10
2 3 pedestrian 0 0 -10 1095.79 185.65 1223.60 244.39 -10 -10 -10 -100    0 -1000 -1000 -10
2 2 pedestrian 0 0 -10 952.92 181.54 1068.19 242.52 -10 -10 -10 -100    0 -1000 -1000 -10
2 1 pedestrian 0 0 -10 1032.33 184.08 1157.61 240.11 -10 -10 -10 -100    0 -1000 -1000 -10
3 16 pedestrian 0 0 -10 242.53 149.34 265.62 225.39 -10 -10 -10 -100    0 -1000 -1000 -10
3 15 pedestrian 0 0 -10 584.99 163.91 614.95 191.55 -10 -10 -10 -100    0 -1000 -1000 -10
3 13 pedestrian 0 0 -10 374.68 154.89 486.11 203.04 -10 -10 -10 -100    0 -1000 -1000 -10
3 12 pedestrian 0 0 -10 210.44 148.05 238.47 226.85 -10 -10 -10 -100    0 -1000 -1000 -10
3 11 pedestrian 0 0 -10 275.77 153.77 306.94 239.38 -10 -10 -10 -100    0 -1000 -1000 -10
3 10 pedestrian 0 0 -10 795.08 163.55 841.75 295.52 -10 -10 -10 -100    0 -1000 -1000 -10
3 9 pedestrian 0 0 -10 535.64 161.10 575.82 191.44 -10 -10 -10 -100    0 -1000 -1000 -10
3 8 pedestrian 0 0 -10 454.16 157.71 502.22 267.58 -10 -10 -10 -100    0 -1000 -1000 -10
3 7 pedestrian 0 0 -10 751.00 151.25 801.61 301.31 -10 -10 -10 -100    0 -1000 -1000 -10
3 6 pedestrian 0 0 -10 178.59 159.17 223.24 212.63 -10 -10 -10 -100    0 -1000 -1000 -10
3 5 pedestrian 0 0 -10 602.02 170.94 636.87 206.33 -10 -10 -10 -100    0 -1000 -1000 -10
3 4 pedestrian 0 0 -10 245.96 171.05 379.89 370.00 -10 -10 -10 -100    0 -1000 -1000 -10
3 3 pedestrian 0 0 -10 1095.71 185.61 1223.65 244.44 -10 -10 -10 -100    0 -1000 -1000 -10
3 2 pedestrian 0 0 -10 952.78 181.50 1068.11 242.54 -10 -10 -10 -100    0 -1000 -1000 -10
3 1 pedestrian 0 0 -10 1032.32 184.09 1157.68 240.10 -10 -10 -10 -100    0 -1000 -1000 -10
4 16 pedestrian 0 0 -10 241.78 149.46 265.27 226.84 -10 -10 -10 -100    0 -1000 -1000 -10
4 15 pedestrian 0 0 -10 585.18 164.26 614.99 191.62 -10 -10 -10 -100    0 -1000 -1000 -10
4 13 pedestrian 0 0 -10 366.92 153.62 475.35 200.70 -10 -10 -10 -100    0 -1000 -1000 -10
4 12 pedestrian 0 0 -10 210.53 148.44 238.70 227.83 -10 -10 -10 -100    0 -1000 -1000 -10
4 11 pedestrian 0 0 -10 272.86 156.47 310.52 237.90 -10 -10 -10 -100    0 -1000 -1000 -10
4 10 pedestrian 0 0 -10 799.08 164.52 844.42 298.43 -10 -10 -10 -100    0 -1000 -1000 -10
4 9 pedestrian 0 0 -10 535.68 161.47 575.69 191.52 -10 -10 -10 -100    0 -1000 -1000 -10
4 8 pedestrian 0 0 -10 458.89 157.89 506.64 269.02 -10 -10 -10 -100    0 -1000 -1000 -10
4 7 pedestrian 0 0 -10 757.53 152.53 803.37 301.59 -10 -10 -10 -100    0 -1000 -1000 -10
4 6 pedestrian 0 0 -10 178.28 159.06 223.29 212.63 -10 -10 -10 -100    0 -1000 -1000 -10
4 5 pedestrian 0 0 -10 602.11 171.09 636.83 206.40 -10 -10 -10 -100    0 -1000 -1000 -10
4 4 pedestrian 0 0 -10 211.46 170.85 362.28 370.00 -10 -10 -10 -100    0 -1000 -1000 -10
4 3 pedestrian 0 0 -10 1095.80 185.58 1223.63 244.43 -10 -10 -10 -100    0 -1000 -1000 -10
4 2 pedestrian 0 0 -10 952.93 181.56 1068.18 242.54 -10 -10 -10 -100    0 -1000 -1000 -10
4 1 pedestrian 0 0 -10 1032.30 184.10 1157.60 240.12 -10 -10 -10 -100    0 -1000 -1000 -10
5 16 pedestrian 0 0 -10 242.10 150.13 266.01 228.92 -10 -10 -10 -100    0 -1000 -1000 -10
5 15 pedestrian 0 0 -10 585.37 164.12 614.81 191.48 -10 -10 -10 -100    0 -1000 -1000 -10
5 13 pedestrian 0 0 -10 364.48 151.75 473.37 199.86 -10 -10 -10 -100    0 -1000 -1000 -10
5 12 pedestrian 0 0 -10 210.92 149.32 237.94 229.11 -10 -10 -10 -100    0 -1000 -1000 -10
5 11 pedestrian 0 0 -10 277.81 153.21 311.04 239.84 -10 -10 -10 -100    0 -1000 -1000 -10
5 10 pedestrian 0 0 -10 807.28 164.89 844.42 297.40 -10 -10 -10 -100    0 -1000 -1000 -10
5 9 pedestrian 0 0 -10 535.94 161.49 575.67 191.45 -10 -10 -10 -100    0 -1000 -1000 -10
5 8 pedestrian 0 0 -10 464.60 157.59 507.41 270.05 -10 -10 -10 -100    0 -1000 -1000 -10
5 7 pedestrian 0 0 -10 763.33 151.00 808.59 304.05 -10 -10 -10 -100    0 -1000 -1000 -10
5 6 pedestrian 0 0 -10 178.06 159.02 222.92 212.51 -10 -10 -10 -100    0 -1000 -1000 -10
5 5 pedestrian 0 0 -10 601.91 171.01 636.87 206.37 -10 -10 -10 -100    0 -1000 -1000 -10
5 4 pedestrian 0 0 -10 173.34 170.50 343.27 370.00 -10 -10 -10 -100    0 -1000 -1000 -10
5 3 pedestrian 0 0 -10 1095.65 185.60 1223.66 244.41 -10 -10 -10 -100    0 -1000 -1000 -10
5 2 pedestrian 0 0 -10 952.98 181.56 1068.05 242.50 -10 -10 -10 -100    0 -1000 -1000 -10
5 1 pedestrian 0 0 -10 1032.24 184.10 1157.49 240.16 -10 -10 -10 -100    0 -1000 -1000 -10
6 16 pedestrian 0 0 -10 243.08 148.97 266.17 229.10 -10 -10 -10 -100    0 -1000 -1000 -10
6 15 pedestrian 0 0 -10 585.74 163.80 614.72 192.20 -10 -10 -10 -100    0 -1000 -1000 -10
6 14 pedestrian 0 0 -10 318.61 160.43 346.54 238.95 -10 -10 -10 -100    0 -1000 -1000 -10
6 13 pedestrian 0 0 -10 366.61 150.87 476.39 200.25 -10 -10 -10 -100    0 -1000 -1000 -10
6 12 pedestrian 0 0 -10 212.37 145.53 240.85 226.16 -10 -10 -10 -100    0 -1000 -1000 -10
6 11 pedestrian 0 0 -10 281.32 153.11 310.29 239.07 -10 -10 -10 -100    0 -1000 -1000 -10
6 10 pedestrian 0 0 -10 816.54 164.67 852.40 299.31 -10 -10 -10 -100    0 -1000 -1000 -10
6 9 pedestrian 0 0 -10 535.73 161.46 575.84 191.44 -10 -10 -10 -100    0 -1000 -1000 -10
6 8 pedestrian 0 0 -10 470.35 156.86 508.89 270.53 -10 -10 -10 -100    0 -1000 -1000 -10
6 7 pedestrian 0 0 -10 768.24 151.76 816.78 306.08 -10 -10 -10 -100    0 -1000 -1000 -10
6 6 pedestrian 0 0 -10 179.35 159.42 222.96 212.48 -10 -10 -10 -100    0 -1000 -1000 -10
6 5 pedestrian 0 0 -10 602.09 171.04 636.87 206.28 -10 -10 -10 -100    0 -1000 -1000 -10
6 4 pedestrian 0 0 -10 123.07 169.92 319.86 370.00 -10 -10 -10 -100    0 -1000 -1000 -10
6 3 pedestrian 0 0 -10 1095.88 185.63 1223.60 244.35 -10 -10 -10 -100    0 -1000 -1000 -10
6 2 pedestrian 0 0 -10 953.01 181.56 1068.18 242.51 -10 -10 -10 -100    0 -1000 -1000 -10
6 1 pedestrian 0 0 -10 1032.36 184.13 1157.67 240.22 -10 -10 -10 -100    0 -1000 -1000 -10
7 16 pedestrian 0 0 -10 243.48 149.66 268.78 229.29 -10 -10 -10 -100    0 -1000 -1000 -10
7 15 pedestrian 0 0 -10 585.32 164.35 614.84 191.15 -10 -10 -10 -100    0 -1000 -1000 -10
7 14 pedestrian 0 0 -10 319.17 160.44 350.36 240.58 -10 -10 -10 -100    0 -1000 -1000 -10
7 13 pedestrian 0 0 -10 366.36 150.21 476.43 200.47 -10 -10 -10 -100    0 -1000 -1000 -10
7 12 pedestrian 0 0 -10 211.38 148.66 238.83 227.81 -10 -10 -10 -100    0 -1000 -1000 -10
7 11 pedestrian 0 0 -10 283.68 152.73 312.23 239.81 -10 -10 -10 -100    0 -1000 -1000 -10
7 10 pedestrian 0 0 -10 820.27 164.31 865.47 299.54 -10 -10 -10 -100    0 -1000 -1000 -10
7 9 pedestrian 0 0 -10 535.75 161.56 575.18 191.02 -10 -10 -10 -100    0 -1000 -1000 -10
7 8 pedestrian 0 0 -10 472.63 156.63 518.21 270.67 -10 -10 -10 -100    0 -1000 -1000 -10
7 7 pedestrian 0 0 -10 770.74 151.63 827.05 306.54 -10 -10 -10 -100    0 -1000 -1000 -10
7 6 pedestrian 0 0 -10 179.15 158.96 223.80 211.39 -10 -10 -10 -100    0 -1000 -1000 -10
7 5 pedestrian 0 0 -10 602.11 171.00 636.74 206.25 -10 -10 -10 -100    0 -1000 -1000 -10
7 4 pedestrian 0 0 -10 66.33 170.27 293.79 370.00 -10 -10 -10 -100    0 -1000 -1000 -10
7 3 pedestrian 0 0 -10 1095.67 185.61 1223.68 244.51 -10 -10 -10 -100    0 -1000 -1000 -10
7 2 pedestrian 0 0 -10 952.84 181.48 1068.10 242.57 -10 -10 -10 -100    0 -1000 -1000 -10
7 1 pedestrian 0 0 -10 1032.17 184.03 1157.70 240.09 -10 -10 -10 -100    0 -1000 -1000 -10
8 16 pedestrian 0 0 -10 244.00 149.31 269.33 229.40 -10 -10 -10 -100    0 -1000 -1000 -10
8 15 pedestrian 0 0 -10 585.71 164.37 614.76 192.17 -10 -10 -10 -100    0 -1000 -1000 -10
8 14 pedestrian 0 0 -10 320.05 160.46 353.25 241.92 -10 -10 -10 -100    0 -1000 -1000 -10
8 13 pedestrian 0 0 -10 367.54 150.21 479.37 200.88 -10 -10 -10 -100    0 -1000 -1000 -10
8 12 pedestrian 0 0 -10 210.61 148.27 237.90 229.36 -10 -10 -10 -100    0 -1000 -1000 -10
8 11 pedestrian 0 0 -10 283.06 151.78 314.04 241.77 -10 -10 -10 -100    0 -1000 -1000 -10
8 10 pedestrian 0 0 -10 823.78 163.45 878.16 302.40 -10 -10 -10 -100    0 -1000 -1000 -10
8 9 pedestrian 0 0 -10 535.30 161.21 575.22 191.02 -10 -10 -10 -100    0 -1000 -1000 -10
8 8 pedestrian 0 0 -10 478.78 155.96 526.36 271.55 -10 -10 -10 -100    0 -1000 -1000 -10
8 7 pedestrian 0 0 -10 775.51 150.60 834.14 307.99 -10 -10 -10 -100    0 -1000 -1000 -10
8 6 pedestrian 0 0 -10 178.48 159.35 223.29 212.31 -10 -10 -10 -100    0 -1000 -1000 -10
8 5 pedestrian 0 0 -10 602.15 171.05 636.81 206.34 -10 -10 -10 -100    0 -1000 -1000 -10
8 4 pedestrian 0 0 -10 2.80 171.10 261.16 370.00 -10 -10 -10 -100    0 -1000 -1000 -10
8 3 pedestrian 0 0 -10 1095.64 185.54 1223.69 244.54 -10 -10 -10 -100    0 -1000 -1000 -10
8 2 pedestrian 0 0 -10 952.76 181.56 1068.10 242.55 -10 -10 -10 -100    0 -1000 -1000 -10
8 1 pedestrian 0 0 -10 1032.23 184.06 1157.66 240.21 -10 -10 -10 -100    0 -1000 -1000 -10
9 16 pedestrian 0 0 -10 243.88 149.62 269.86 229.93 -10 -10 -10 -100    0 -1000 -1000 -10
9 15 pedestrian 0 0 -10 585.56 164.02 614.30 191.71 -10 -10 -10 -100    0 -1000 -1000 -10
9 14 pedestrian 0 0 -10 320.35 161.47 354.28 241.86 -10 -10 -10 -100    0 -1000 -1000 -10
9 13 pedestrian 0 0 -10 367.38 150.04 479.35 200.39 -10 -10 -10 -100    0 -1000 -1000 -10
9 12 pedestrian 0 0 -10 210.31 148.83 238.37 231.07 -10 -10 -10 -100    0 -1000 -1000 -10
9 11 pedestrian 0 0 -10 283.56 151.85 316.59 242.50 -10 -10 -10 -100    0 -1000 -1000 -10
9 10 pedestrian 0 0 -10 826.50 163.51 884.12 303.63 -10 -10 -10 -100    0 -1000 -1000 -10
9 9 pedestrian 0 0 -10 535.44 160.94 575.34 191.14 -10 -10 -10 -100    0 -1000 -1000 -10
9 8 pedestrian 0 0 -10 486.43 156.23 532.61 272.15 -10 -10 -10 -100    0 -1000 -1000 -10
9 7 pedestrian 0 0 -10 785.04 151.52 839.54 310.04 -10 -10 -10 -100    0 -1000 -1000 -10
9 6 pedestrian 0 0 -10 178.26 159.34 222.83 212.58 -10 -10 -10 -100    0 -1000 -1000 -10
9 5 pedestrian 0 0 -10 602.00 170.92 636.84 206.31 -10 -10 -10 -100    0 -1000 -1000 -10
9 4 pedestrian 0 0 -10 0.16 172.86 224.21 370.00 -10 -10 -10 -100    0 -1000 -1000 -10
9 3 pedestrian 0 0 -10 1095.74 185.58 1223.67 244.42 -10 -10 -10 -100    0 -1000 -1000 -10
9 2 pedestrian 0 0 -10 952.84 181.55 1067.98 242.50 -10 -10 -10 -100    0 -1000 -1000 -10
9 1 pedestrian 0 0 -10 1032.23 184.06 1157.57 240.21 -10 -10 -10 -100    0 -1000 -1000 -10
10 16 pedestrian 0 0 -10 244.42 150.05 268.48 230.11 -10 -10 -10 -100    0 -1000 -1000 -10
10 15 pedestrian 0 0 -10 585.49 164.09 615.07 190.91 -10 -10 -10 -100    0 -1000 -1000 -10
10 14 pedestrian 0 0 -10 323.11 160.74 355.36 242.60 -10 -10 -10 -100    0 -1000 -1000 -10
10 13 pedestrian 0 0 -10 366.26 150.34 482.66 199.52 -10 -10 -10 -100    0 -1000 -1000 -10
10 12 pedestrian 0 0 -10 210.36 150.50 238.07 232.13 -10 -10 -10 -100    0 -1000 -1000 -10
10 11 pedestrian 0 0 -10 284.72 152.01 317.50 243.25 -10 -10 -10 -100    0 -1000 -1000 -10
10 10 pedestrian 0 0 -10 831.09 163.04 888.45 305.11 -10 -10 -10 -100    0 -1000 -1000 -10
10 9 pedestrian 0 0 -10 535.71 160.51 575.08 191.04 -10 -10 -10 -100    0 -1000 -1000 -10
10 8 pedestrian 0 0 -10 492.30 156.63 538.08 273.10 -10 -10 -10 -100    0 -1000 -1000 -10
10 7 pedestrian 0 0 -10 794.37 150.20 844.71 310.60 -10 -10 -10 -100    0 -1000 -1000 -10
10 6 pedestrian 0 0 -10 178.44 159.64 222.46 212.55 -10 -10 -10 -100    0 -1000 -1000 -10
10 5 pedestrian 0 0 -10 602.03 171.05 636.79 206.23 -10 -10 -10 -100    0 -1000 -1000 -10
10 4 pedestrian 0 0 -10 0.00 175.26 171.75 370.00 -10 -10 -10 -100    0 -1000 -1000 -10
10 3 pedestrian 0 0 -10 1095.82 185.59 1223.66 244.32 -10 -10 -10 -100    0 -1000 -1000 -10
10 2 pedestrian 0 0 -10 952.62 181.54 1068.02 242.51 -10 -10 -10 -100    0 -1000 -1000 -10
10 1 pedestrian 0 0 -10 1032.40 184.06 1157.54 240.15 -10 -10 -10 -100    0 -1000 -1000 -10
11 16 pedestrian 0 0 -10 244.94 152.52 268.33 231.94 -10 -10 -10 -100    0 -1000 -1000 -10
11 15 pedestrian 0 0 -10 585.55 163.87 615.05 190.81 -10 -10 -10 -100    0 -1000 -1000 -10
11 14 pedestrian 0 0 -10 324.73 160.59 356.03 241.55 -10 -10 -10 -100    0 -1000 -1000 -10
11 13 pedestrian 0 0 -10 343.88 150.85 485.77 198.69 -10 -10 -10 -100    0 -1000 -1000 -10
11 12 pedestrian 0 0 -10 211.58 150.15 238.77 233.43 -10 -10 -10 -100    0 -1000 -1000 -10
11 11 pedestrian 0 0 -10 287.43 152.95 320.67 244.29 -10 -10 -10 -100    0 -1000 -1000 -10
11 10 pedestrian 0 0 -10 841.99 163.60 890.55 304.39 -10 -10 -10 -100    0 -1000 -1000 -10
11 9 pedestrian 0 0 -10 535.33 160.45 575.05 191.13 -10 -10 -10 -100    0 -1000 -1000 -10
11 8 pedestrian 0 0 -10 501.84 154.78 547.87 273.18 -10 -10 -10 -100    0 -1000 -1000 -10
11 7 pedestrian 0 0 -10 805.15 152.50 852.05 312.47 -10 -10 -10 -100    0 -1000 -1000 -10
11 6 pedestrian 0 0 -10 178.61 159.31 222.73 212.43 -10 -10 -10 -100    0 -1000 -1000 -10
11 5 pedestrian 0 0 -10 601.98 170.92 636.63 206.14 -10 -10 -10 -100    0 -1000 -1000 -10
11 4 pedestrian 0 0 -10 0.00 171.08 114.83 370.00 -10 -10 -10 -100    0 -1000 -1000 -10
11 3 pedestrian 0 0 -10 1095.82 185.55 1223.66 244.38 -10 -10 -10 -100    0 -1000 -1000 -10
11 2 pedestrian 0 0 -10 952.72 181.58 1067.89 242.55 -10 -10 -10 -100    0 -1000 -1000 -10
11 1 pedestrian 0 0 -10 1032.42 184.02 1157.56 240.20 -10 -10 -10 -100    0 -1000 -1000 -10
12 16 pedestrian 0 0 -10 244.12 152.98 268.43 233.68 -10 -10 -10 -100    0 -1000 -1000 -10
12 15 pedestrian 0 0 -10 585.63 164.00 615.04 190.70 -10 -10 -10 -100    0 -1000 -1000 -10
12 14 pedestrian 0 0 -10 327.03 159.02 357.80 242.77 -10 -10 -10 -100    0 -1000 -1000 -10
12 13 pedestrian 0 0 -10 343.11 150.81 486.00 198.99 -10 -10 -10 -100    0 -1000 -1000 -10
12 12 pedestrian 0 0 -10 212.19 149.92 238.83 234.08 -10 -10 -10 -100    0 -1000 -1000 -10
12 11 pedestrian 0 0 -10 290.11 153.48 322.16 245.27 -10 -10 -10 -100    0 -1000 -1000 -10
12 10 pedestrian 0 0 -10 852.49 162.55 891.57 304.70 -10 -10 -10 -100    0 -1000 -1000 -10
12 9 pedestrian 0 0 -10 536.19 160.85 575.23 191.38 -10 -10 -10 -100    0 -1000 -1000 -10
12 8 pedestrian 0 0 -10 508.48 154.63 557.51 274.11 -10 -10 -10 -100    0 -1000 -1000 -10
12 7 pedestrian 0 0 -10 810.16 152.20 863.18 315.69 -10 -10 -10 -100    0 -1000 -1000 -10
12 6 pedestrian 0 0 -10 178.48 159.45 222.23 212.04 -10 -10 -10 -100    0 -1000 -1000 -10
12 5 pedestrian 0 0 -10 602.04 170.93 636.73 206.17 -10 -10 -10 -100    0 -1000 -1000 -10
12 3 pedestrian 0 0 -10 1095.74 185.58 1223.69 244.37 -10 -10 -10 -100    0 -1000 -1000 -10
12 2 pedestrian 0 0 -10 952.67 181.61 1067.76 242.55 -10 -10 -10 -100    0 -1000 -1000 -10
12 1 pedestrian 0 0 -10 1032.34 184.05 1157.50 240.17 -10 -10 -10 -100    0 -1000 -1000 -10
13 16 pedestrian 0 0 -10 243.29 151.93 268.41 234.58 -10 -10 -10 -100    0 -1000 -1000 -10
13 15 pedestrian 0 0 -10 585.71 164.31 615.17 190.98 -10 -10 -10 -100    0 -1000 -1000 -10
13 14 pedestrian 0 0 -10 327.59 158.92 359.67 243.32 -10 -10 -10 -100    0 -1000 -1000 -10
13 13 pedestrian 0 0 -10 343.12 150.96 486.29 199.11 -10 -10 -10 -100    0 -1000 -1000 -10
13 12 pedestrian 0 0 -10 212.08 149.46 239.04 234.71 -10 -10 -10 -100    0 -1000 -1000 -10
13 11 pedestrian 0 0 -10 290.40 154.28 322.56 245.26 -10 -10 -10 -100    0 -1000 -1000 -10
13 10 pedestrian 0 0 -10 858.44 162.42 906.05 308.88 -10 -10 -10 -100    0 -1000 -1000 -10
13 9 pedestrian 0 0 -10 536.98 161.17 575.77 191.47 -10 -10 -10 -100    0 -1000 -1000 -10
13 8 pedestrian 0 0 -10 516.19 153.19 567.19 275.56 -10 -10 -10 -100    0 -1000 -1000 -10
13 7 pedestrian 0 0 -10 814.31 150.16 873.62 316.49 -10 -10 -10 -100    0 -1000 -1000 -10
13 6 pedestrian 0 0 -10 178.21 159.27 221.99 212.16 -10 -10 -10 -100    0 -1000 -1000 -10
13 5 pedestrian 0 0 -10 601.99 170.87 636.60 206.24 -10 -10 -10 -100    0 -1000 -1000 -10
13 3 pedestrian 0 0 -10 1095.66 185.62 1223.71 244.45 -10 -10 -10 -100    0 -1000 -1000 -10
13 2 pedestrian 0 0 -10 952.63 181.56 1067.99 242.58 -10 -10 -10 -100    0 -1000 -1000 -10
13 1 pedestrian 0 0 -10 1032.42 184.05 1157.57 240.16 -10 -10 -10 -100    0 -1000 -1000 -10
14 16 pedestrian 0 0 -10 243.72 151.50 268.89 234.12 -10 -10 -10 -100    0 -1000 -1000 -10
14 15 pedestrian 0 0 -10 586.03 164.16 615.06 190.63 -10 -10 -10 -100    0 -1000 -1000 -10
14 14 pedestrian 0 0 -10 330.72 158.93 361.11 243.60 -10 -10 -10 -100    0 -1000 -1000 -10
14 13 pedestrian 0 0 -10 342.78 150.67 486.53 199.03 -10 -10 -10 -100    0 -1000 -1000 -10
14 12 pedestrian 0 0 -10 212.29 148.75 239.61 235.60 -10 -10 -10 -100    0 -1000 -1000 -10
14 11 pedestrian 0 0 -10 292.34 152.24 323.98 245.61 -10 -10 -10 -100    0 -1000 -1000 -10
14 10 pedestrian 0 0 -10 860.65 164.35 919.69 308.68 -10 -10 -10 -100    0 -1000 -1000 -10
14 9 pedestrian 0 0 -10 536.90 160.48 576.16 190.45 -10 -10 -10 -100    0 -1000 -1000 -10
14 8 pedestrian 0 0 -10 521.22 152.49 572.02 276.42 -10 -10 -10 -100    0 -1000 -1000 -10
14 7 pedestrian 0 0 -10 819.10 150.13 880.98 319.44 -10 -10 -10 -100    0 -1000 -1000 -10
14 6 pedestrian 0 0 -10 178.26 159.17 222.04 212.23 -10 -10 -10 -100    0 -1000 -1000 -10
14 5 pedestrian 0 0 -10 601.94 170.81 636.56 206.29 -10 -10 -10 -100    0 -1000 -1000 -10
14 3 pedestrian 0 0 -10 1095.80 185.53 1223.67 244.40 -10 -10 -10 -100    0 -1000 -1000 -10
14 2 pedestrian 0 0 -10 952.59 181.66 1067.85 242.53 -10 -10 -10 -100    0 -1000 -1000 -10
14 1 pedestrian 0 0 -10 1032.35 184.01 1157.50 240.15 -10 -10 -10 -100    0 -1000 -1000 -10
15 16 pedestrian 0 0 -10 245.10 151.92 271.41 235.07 -10 -10 -10 -100    0 -1000 -1000 -10
15 15 pedestrian 0 0 -10 586.62 164.13 615.37 190.92 -10 -10 -10 -100    0 -1000 -1000 -10
15 14 pedestrian 0 0 -10 331.23 158.70 362.84 244.47 -10 -10 -10 -100    0 -1000 -1000 -10
15 13 pedestrian 0 0 -10 342.36 150.56 486.77 198.99 -10 -10 -10 -100    0 -1000 -1000 -10
15 12 pedestrian 0 0 -10 211.78 149.24 240.17 235.97 -10 -10 -10 -100    0 -1000 -1000 -10
15 11 pedestrian 0 0 -10 294.69 151.73 324.72 245.61 -10 -10 -10 -100    0 -1000 -1000 -10
15 10 pedestrian 0 0 -10 865.62 163.06 928.04 309.47 -10 -10 -10 -100    0 -1000 -1000 -10
15 9 pedestrian 0 0 -10 535.60 160.50 575.76 190.47 -10 -10 -10 -100    0 -1000 -1000 -10
15 8 pedestrian 0 0 -10 522.77 155.58 569.88 276.25 -10 -10 -10 -100    0 -1000 -1000 -10
15 7 pedestrian 0 0 -10 828.47 150.61 884.64 319.11 -10 -10 -10 -100    0 -1000 -1000 -10
15 6 pedestrian 0 0 -10 178.29 158.80 222.52 212.21 -10 -10 -10 -100    0 -1000 -1000 -10
15 5 pedestrian 0 0 -10 601.90 170.79 636.61 206.25 -10 -10 -10 -100    0 -1000 -1000 -10
15 3 pedestrian 0 0 -10 1095.71 185.59 1223.66 244.39 -10 -10 -10 -100    0 -1000 -1000 -10
15 2 pedestrian 0 0 -10 952.74 181.67 1067.84 242.54 -10 -10 -10 -100    0 -1000 -1000 -10
15 1 pedestrian 0 0 -10 1032.31 184.07 1157.51 240.16 -10 -10 -10 -100    0 -1000 -1000 -10
16 16 pedestrian 0 0 -10 245.96 152.94 272.55 234.79 -10 -10 -10 -100    0 -1000 -1000 -10
16 15 pedestrian 0 0 -10 586.85 163.92 614.90 191.05 -10 -10 -10 -100    0 -1000 -1000 -10
16 14 pedestrian 0 0 -10 334.14 158.31 366.46 244.96 -10 -10 -10 -100    0 -1000 -1000 -10
16 13 pedestrian 0 0 -10 343.00 150.43 486.68 199.24 -10 -10 -10 -100    0 -1000 -1000 -10
16 12 pedestrian 0 0 -10 211.33 149.50 241.02 236.09 -10 -10 -10 -100    0 -1000 -1000 -10
16 11 pedestrian 0 0 -10 296.27 152.07 328.16 246.78 -10 -10 -10 -100    0 -1000 -1000 -10
16 10 pedestrian 0 0 -10 874.47 161.25 932.60 312.53 -10 -10 -10 -100    0 -1000 -1000 -10
16 9 pedestrian 0 0 -10 535.35 160.55 576.35 191.02 -10 -10 -10 -100    0 -1000 -1000 -10
16 8 pedestrian 0 0 -10 526.67 154.41 571.51 278.36 -10 -10 -10 -100    0 -1000 -1000 -10
16 7 pedestrian 0 0 -10 841.98 149.43 892.44 320.27 -10 -10 -10 -100    0 -1000 -1000 -10
16 6 pedestrian 0 0 -10 178.51 158.87 223.14 212.28 -10 -10 -10 -100    0 -1000 -1000 -10
16 5 pedestrian 0 0 -10 602.07 170.90 636.59 206.29 -10 -10 -10 -100    0 -1000 -1000 -10
16 3 pedestrian 0 0 -10 1095.71 185.52 1223.63 244.26 -10 -10 -10 -100    0 -1000 -1000 -10
16 2 pedestrian 0 0 -10 952.43 181.62 1067.74 242.48 -10 -10 -10 -100    0 -1000 -1000 -10
16 1 pedestrian 0 0 -10 1032.41 184.04 1157.54 240.21 -10 -10 -10 -100    0 -1000 -1000 -10
17 16 pedestrian 0 0 -10 246.51 153.65 273.44 236.75 -10 -10 -10 -100    0 -1000 -1000 -10
17 15 pedestrian 0 0 -10 586.86 164.32 615.33 191.43 -10 -10 -10 -100    0 -1000 -1000 -10
17 14 pedestrian 0 0 -10 336.32 158.51 369.09 246.32 -10 -10 -10 -100    0 -1000 -1000 -10
17 13 pedestrian 0 0 -10 342.80 150.33 487.29 198.94 -10 -10 -10 -100    0 -1000 -1000 -10
17 12 pedestrian 0 0 -10 211.25 150.87 239.77 235.81 -10 -10 -10 -100    0 -1000 -1000 -10
17 11 pedestrian 0 0 -10 297.89 153.41 329.44 247.55 -10 -10 -10 -100    0 -1000 -1000 -10
17 10 pedestrian 0 0 -10 886.75 162.74 937.36 312.94 -10 -10 -10 -100    0 -1000 -1000 -10
17 9 pedestrian 0 0 -10 535.37 161.00 575.91 191.61 -10 -10 -10 -100    0 -1000 -1000 -10
17 8 pedestrian 0 0 -10 529.33 154.63 578.67 279.38 -10 -10 -10 -100    0 -1000 -1000 -10
17 7 pedestrian 0 0 -10 848.10 145.87 907.45 322.81 -10 -10 -10 -100    0 -1000 -1000 -10
17 6 pedestrian 0 0 -10 179.17 159.20 223.48 212.02 -10 -10 -10 -100    0 -1000 -1000 -10
17 5 pedestrian 0 0 -10 602.17 170.90 636.68 206.28 -10 -10 -10 -100    0 -1000 -1000 -10
17 3 pedestrian 0 0 -10 1095.80 185.47 1223.67 244.45 -10 -10 -10 -100    0 -1000 -1000 -10
17 2 pedestrian 0 0 -10 953.13 181.57 1067.76 242.46 -10 -10 -10 -100    0 -1000 -1000 -10
17 1 pedestrian 0 0 -10 1032.37 184.01 1157.51 240.24 -10 -10 -10 -100    0 -1000 -1000 -10
18 16 pedestrian 0 0 -10 246.60 152.70 274.19 236.99 -10 -10 -10 -100    0 -1000 -1000 -10
18 15 pedestrian 0 0 -10 586.72 163.80 615.16 190.65 -10 -10 -10 -100    0 -1000 -1000 -10
18 14 pedestrian 0 0 -10 338.42 158.89 372.24 246.43 -10 -10 -10 -100    0 -1000 -1000 -10
18 13 pedestrian 0 0 -10 342.21 150.57 487.25 198.98 -10 -10 -10 -100    0 -1000 -1000 -10
18 12 pedestrian 0 0 -10 210.56 149.40 240.00 236.50 -10 -10 -10 -100    0 -1000 -1000 -10
18 11 pedestrian 0 0 -10 299.03 153.27 330.02 248.91 -10 -10 -10 -100    0 -1000 -1000 -10
18 10 pedestrian 0 0 -10 895.74 163.35 942.95 317.24 -10 -10 -10 -100    0 -1000 -1000 -10
18 9 pedestrian 0 0 -10 534.95 161.34 576.55 191.71 -10 -10 -10 -100    0 -1000 -1000 -10
18 8 pedestrian 0 0 -10 533.26 153.77 585.96 281.62 -10 -10 -10 -100    0 -1000 -1000 -10
18 7 pedestrian 0 0 -10 853.19 147.97 927.28 325.25 -10 -10 -10 -100    0 -1000 -1000 -10
18 6 pedestrian 0 0 -10 178.97 159.22 223.42 212.17 -10 -10 -10 -100    0 -1000 -1000 -10
18 5 pedestrian 0 0 -10 602.19 170.70 636.66 206.27 -10 -10 -10 -100    0 -1000 -1000 -10
18 3 pedestrian 0 0 -10 1095.82 185.47 1223.70 244.49 -10 -10 -10 -100    0 -1000 -1000 -10
18 2 pedestrian 0 0 -10 953.46 181.60 1067.69 242.48 -10 -10 -10 -100    0 -1000 -1000 -10
18 1 pedestrian 0 0 -10 1032.42 183.99 1157.63 240.17 -10 -10 -10 -100    0 -1000 -1000 -10
19 16 pedestrian 0 0 -10 246.80 153.03 273.58 236.76 -10 -10 -10 -100    0 -1000 -1000 -10
19 15 pedestrian 0 0 -10 586.49 163.97 615.25 191.00 -10 -10 -10 -100    0 -1000 -1000 -10
19 14 pedestrian 0 0 -10 340.41 158.78 374.40 247.04 -10 -10 -10 -100    0 -1000 -1000 -10
19 13 pedestrian 0 0 -10 341.86 150.46 487.34 199.01 -10 -10 -10 -100    0 -1000 -1000 -10
19 12 pedestrian 0 0 -10 211.03 149.71 240.01 237.04 -10 -10 -10 -100    0 -1000 -1000 -10
19 11 pedestrian 0 0 -10 301.91 153.08 333.35 248.30 -10 -10 -10 -100    0 -1000 -1000 -10
19 10 pedestrian 0 0 -10 904.51 159.26 962.15 317.48 -10 -10 -10 -100    0 -1000 -1000 -10
19 9 pedestrian 0 0 -10 534.58 161.11 576.30 191.37 -10 -10 -10 -100    0 -1000 -1000 -10
19 8 pedestrian 0 0 -10 539.16 153.00 589.21 281.84 -10 -10 -10 -100    0 -1000 -1000 -10
19 7 pedestrian 0 0 -10 856.15 148.44 937.10 326.81 -10 -10 -10 -100    0 -1000 -1000 -10
19 6 pedestrian 0 0 -10 178.96 159.52 223.23 212.19 -10 -10 -10 -100    0 -1000 -1000 -10
19 5 pedestrian 0 0 -10 602.26 170.62 636.71 206.43 -10 -10 -10 -100    0 -1000 -1000 -10
19 3 pedestrian 0 0 -10 1095.83 185.46 1223.71 244.47 -10 -10 -10 -100    0 -1000 -1000 -10
19 2 pedestrian 0 0 -10 952.48 181.67 1067.91 242.48 -10 -10 -10 -100    0 -1000 -1000 -10
19 1 pedestrian 0 0 -10 1032.30 183.96 1157.64 240.23 -10 -10 -10 -100    0 -1000 -1000 -10
20 17 pedestrian 0 0 -10 281.35 159.01 305.51 238.44 -10 -10 -10 -100    0 -1000 -1000 -10
20 16 pedestrian 0 0 -10 248.54 153.78 274.54 236.23 -10 -10 -10 -100    0 -1000 -1000 -10
20 15 pedestrian 0 0 -10 586.53 164.09 614.96 191.12 -10 -10 -10 -100    0 -1000 -1000 -10
20 14 pedestrian 0 0 -10 342.19 158.84 378.17 248.00 -10 -10 -10 -100    0 -1000 -1000 -10
20 13 pedestrian 0 0 -10 341.91 150.36 487.20 199.10 -10 -10 -10 -100    0 -1000 -1000 -10
20 12 pedestrian 0 0 -10 211.12 149.31 240.71 238.38 -10 -10 -10 -100    0 -1000 -1000 -10
20 11 pedestrian 0 0 -10 303.16 153.75 335.77 249.50 -10 -10 -10 -100    0 -1000 -1000 -10
20 10 pedestrian 0 0 -10 914.96 160.85 975.34 317.89 -10 -10 -10 -100    0 -1000 -1000 -10
20 9 pedestrian 0 0 -10 533.97 161.39 575.87 191.42 -10 -10 -10 -100    0 -1000 -1000 -10
20 8 pedestrian 0 0 -10 544.90 153.94 595.05 283.73 -10 -10 -10 -100    0 -1000 -1000 -10
20 7 pedestrian 0 0 -10 862.47 148.90 945.47 329.56 -10 -10 -10 -100    0 -1000 -1000 -10
20 6 pedestrian 0 0 -10 178.99 160.09 222.81 212.15 -10 -10 -10 -100    0 -1000 -1000 -10
20 5 pedestrian 0 0 -10 602.11 170.58 636.38 206.24 -10 -10 -10 -100    0 -1000 -1000 -10
20 3 pedestrian 0 0 -10 1095.79 185.53 1223.64 244.36 -10 -10 -10 -100    0 -1000 -1000 -10
20 2 pedestrian 0 0 -10 952.56 181.65 1067.88 242.69 -10 -10 -10 -100    0 -1000 -1000 -10
20 1 pedestrian 0 0 -10 1032.44 184.00 1157.50 240.20 -10 -10 -10 -100    0 -1000 -1000 -10
21 17 pedestrian 0 0 -10 282.17 158.99 308.24 238.53 -10 -10 -10 -100    0 -1000 -1000 -10
21 16 pedestrian 0 0 -10 248.60 154.60 274.81 238.11 -10 -10 -10 -100    0 -1000 -1000 -10
21 15 pedestrian 0 0 -10 586.56 164.26 614.78 190.56 -10 -10 -10 -100    0 -1000 -1000 -10
21 14 pedestrian 0 0 -10 345.37 158.96 380.44 247.91 -10 -10 -10 -100    0 -1000 -1000 -10
21 13 pedestrian 0 0 -10 341.47 150.39 486.80 199.07 -10 -10 -10 -100    0 -1000 -1000 -10
21 12 pedestrian 0 0 -10 211.24 151.13 240.94 238.78 -10 -10 -10 -100    0 -1000 -1000 -10
21 11 pedestrian 0 0 -10 305.76 153.25 340.00 250.16 -10 -10 -10 -100    0 -1000 -1000 -10
21 10 pedestrian 0 0 -10 920.94 162.35 983.23 321.68 -10 -10 -10 -100    0 -1000 -1000 -10
21 9 pedestrian 0 0 -10 534.26 161.58 574.62 191.23 -10 -10 -10 -100    0 -1000 -1000 -10
21 8 pedestrian 0 0 -10 554.92 152.84 604.79 285.47 -10 -10 -10 -100    0 -1000 -1000 -10
21 7 pedestrian 0 0 -10 877.64 149.95 946.66 329.24 -10 -10 -10 -100    0 -1000 -1000 -10
21 6 pedestrian 0 0 -10 179.42 159.88 223.14 212.08 -10 -10 -10 -100    0 -1000 -1000 -10
21 5 pedestrian 0 0 -10 602.17 170.84 636.35 206.83 -10 -10 -10 -100    0 -1000 -1000 -10
21 3 pedestrian 0 0 -10 1095.80 185.55 1223.65 244.31 -10 -10 -10 -100    0 -1000 -1000 -10
21 2 pedestrian 0 0 -10 953.05 181.53 1068.54 242.87 -10 -10 -10 -100    0 -1000 -1000 -10
21 1 pedestrian 0 0 -10 1032.37 183.95 1157.80 240.14 -10 -10 -10 -100    0 -1000 -1000 -10
22 17 pedestrian 0 0 -10 283.93 159.43 309.72 238.66 -10 -10 -10 -100    0 -1000 -1000 -10
22 16 pedestrian 0 0 -10 248.98 154.33 275.88 239.37 -10 -10 -10 -100    0 -1000 -1000 -10
22 15 pedestrian 0 0 -10 586.46 164.59 613.64 190.69 -10 -10 -10 -100    0 -1000 -1000 -10
22 14 pedestrian 0 0 -10 348.37 158.90 381.24 249.01 -10 -10 -10 -100    0 -1000 -1000 -10
22 13 pedestrian 0 0 -10 341.75 150.46 486.85 199.17 -10 -10 -10 -100    0 -1000 -1000 -10
22 12 pedestrian 0 0 -10 211.65 152.17 241.49 239.47 -10 -10 -10 -100    0 -1000 -1000 -10
22 11 pedestrian 0 0 -10 308.92 154.26 342.50 249.28 -10 -10 -10 -100    0 -1000 -1000 -10
22 10 pedestrian 0 0 -10 931.56 162.04 987.97 321.19 -10 -10 -10 -100    0 -1000 -1000 -10
22 9 pedestrian 0 0 -10 532.99 162.29 573.71 192.32 -10 -10 -10 -100    0 -1000 -1000 -10
22 8 pedestrian 0 0 -10 563.74 156.78 611.40 285.38 -10 -10 -10 -100    0 -1000 -1000 -10
22 7 pedestrian 0 0 -10 897.43 150.14 956.52 330.58 -10 -10 -10 -100    0 -1000 -1000 -10
22 6 pedestrian 0 0 -10 179.62 159.98 223.11 212.04 -10 -10 -10 -100    0 -1000 -1000 -10
22 5 pedestrian 0 0 -10 601.54 171.02 636.10 206.28 -10 -10 -10 -100    0 -1000 -1000 -10
22 3 pedestrian 0 0 -10 1095.93 185.55 1223.62 244.32 -10 -10 -10 -100    0 -1000 -1000 -10
22 2 pedestrian 0 0 -10 954.40 181.83 1068.69 243.51 -10 -10 -10 -100    0 -1000 -1000 -10
22 1 pedestrian 0 0 -10 1032.48 183.92 1157.71 240.22 -10 -10 -10 -100    0 -1000 -1000 -10
23 17 pedestrian 0 0 -10 284.93 159.50 311.47 239.26 -10 -10 -10 -100    0 -1000 -1000 -10
23 16 pedestrian 0 0 -10 249.83 154.35 277.26 239.00 -10 -10 -10 -100    0 -1000 -1000 -10
23 15 pedestrian 0 0 -10 585.98 163.53 613.64 191.07 -10 -10 -10 -100    0 -1000 -1000 -10
23 14 pedestrian 0 0 -10 352.05 158.98 385.15 249.87 -10 -10 -10 -100    0 -1000 -1000 -10
23 13 pedestrian 0 0 -10 342.29 150.89 487.07 199.22 -10 -10 -10 -100    0 -1000 -1000 -10
23 12 pedestrian 0 0 -10 212.34 151.53 241.86 238.84 -10 -10 -10 -100    0 -1000 -1000 -10
23 11 pedestrian 0 0 -10 312.07 155.00 344.71 253.83 -10 -10 -10 -100    0 -1000 -1000 -10
23 10 pedestrian 0 0 -10 941.98 160.17 992.94 325.72 -10 -10 -10 -100    0 -1000 -1000 -10
23 9 pedestrian 0 0 -10 531.47 162.67 573.17 192.25 -10 -10 -10 -100    0 -1000 -1000 -10
23 8 pedestrian 0 0 -10 569.15 155.58 616.19 288.03 -10 -10 -10 -100    0 -1000 -1000 -10
23 7 pedestrian 0 0 -10 904.51 149.45 975.91 333.77 -10 -10 -10 -100    0 -1000 -1000 -10
23 6 pedestrian 0 0 -10 179.81 159.91 222.70 211.98 -10 -10 -10 -100    0 -1000 -1000 -10
23 5 pedestrian 0 0 -10 601.65 170.77 636.69 207.33 -10 -10 -10 -100    0 -1000 -1000 -10
23 3 pedestrian 0 0 -10 1095.95 185.55 1223.62 244.26 -10 -10 -10 -100    0 -1000 -1000 -10
23 2 pedestrian 0 0 -10 956.02 181.88 1068.60 243.79 -10 -10 -10 -100    0 -1000 -1000 -10
23 1 pedestrian 0 0 -10 1032.18 183.97 1157.61 240.16 -10 -10 -10 -100    0 -1000 -1000 -10
24 17 pedestrian 0 0 -10 288.95 158.32 314.37 238.77 -10 -10 -10 -100    0 -1000 -1000 -10
24 16 pedestrian 0 0 -10 250.39 153.70 278.16 239.93 -10 -10 -10 -100    0 -1000 -1000 -10
24 15 pedestrian 0 0 -10 586.34 163.26 614.21 190.33 -10 -10 -10 -100    0 -1000 -1000 -10
24 14 pedestrian 0 0 -10 354.98 158.79 389.63 248.76 -10 -10 -10 -100    0 -1000 -1000 -10
24 13 pedestrian 0 0 -10 341.81 150.64 486.97 199.01 -10 -10 -10 -100    0 -1000 -1000 -10
24 12 pedestrian 0 0 -10 212.85 150.47 242.75 240.16 -10 -10 -10 -100    0 -1000 -1000 -10
24 11 pedestrian 0 0 -10 312.29 154.88 346.83 253.46 -10 -10 -10 -100    0 -1000 -1000 -10
24 10 pedestrian 0 0 -10 950.91 161.09 1003.33 329.84 -10 -10 -10 -100    0 -1000 -1000 -10
24 9 pedestrian 0 0 -10 530.48 162.91 572.54 191.82 -10 -10 -10 -100    0 -1000 -1000 -10
24 8 pedestrian 0 0 -10 576.49 156.01 625.04 290.94 -10 -10 -10 -100    0 -1000 -1000 -10
24 7 pedestrian 0 0 -10 909.57 149.26 996.27 338.13 -10 -10 -10 -100    0 -1000 -1000 -10
24 6 pedestrian 0 0 -10 179.50 160.00 222.28 211.96 -10 -10 -10 -100    0 -1000 -1000 -10
24 5 pedestrian 0 0 -10 602.62 171.24 637.90 208.51 -10 -10 -10 -100    0 -1000 -1000 -10
24 3 pedestrian 0 0 -10 1095.85 185.63 1223.61 244.31 -10 -10 -10 -100    0 -1000 -1000 -10
24 2 pedestrian 0 0 -10 954.59 182.11 1068.79 243.98 -10 -10 -10 -100    0 -1000 -1000 -10
24 1 pedestrian 0 0 -10 1032.08 183.97 1157.79 240.05 -10 -10 -10 -100    0 -1000 -1000 -10
25 17 pedestrian 0 0 -10 289.53 159.05 315.69 240.39 -10 -10 -10 -100    0 -1000 -1000 -10
25 16 pedestrian 0 0 -10 251.63 153.53 279.56 240.47 -10 -10 -10 -100    0 -1000 -1000 -10
25 15 pedestrian 0 0 -10 586.24 163.66 613.49 190.97 -10 -10 -10 -100    0 -1000 -1000 -10
25 14 pedestrian 0 0 -10 357.75 158.97 392.34 250.40 -10 -10 -10 -100    0 -1000 -1000 -10
25 13 pedestrian 0 0 -10 342.43 150.77 487.21 199.32 -10 -10 -10 -100    0 -1000 -1000 -10
25 12 pedestrian 0 0 -10 213.63 150.00 245.13 240.88 -10 -10 -10 -100    0 -1000 -1000 -10
25 11 pedestrian 0 0 -10 315.06 154.39 347.70 253.09 -10 -10 -10 -100    0 -1000 -1000 -10
25 10 pedestrian 0 0 -10 957.68 158.85 1016.21 329.83 -10 -10 -10 -100    0 -1000 -1000 -10
25 9 pedestrian 0 0 -10 528.60 163.15 571.18 191.86 -10 -10 -10 -100    0 -1000 -1000 -10
25 8 pedestrian 0 0 -10 585.71 155.63 632.07 291.48 -10 -10 -10 -100    0 -1000 -1000 -10
25 7 pedestrian 0 0 -10 915.94 147.38 1010.87 339.78 -10 -10 -10 -100    0 -1000 -1000 -10
25 6 pedestrian 0 0 -10 179.57 159.66 222.30 211.83 -10 -10 -10 -100    0 -1000 -1000 -10
25 5 pedestrian 0 0 -10 601.47 171.23 637.19 206.21 -10 -10 -10 -100    0 -1000 -1000 -10
25 3 pedestrian 0 0 -10 1095.58 185.60 1223.58 244.11 -10 -10 -10 -100    0 -1000 -1000 -10
25 2 pedestrian 0 0 -10 951.23 182.27 1068.43 244.90 -10 -10 -10 -100    0 -1000 -1000 -10
25 1 pedestrian 0 0 -10 1032.11 183.99 1157.50 240.20 -10 -10 -10 -100    0 -1000 -1000 -10
26 17 pedestrian 0 0 -10 289.45 157.84 315.75 240.87 -10 -10 -10 -100    0 -1000 -1000 -10
26 16 pedestrian 0 0 -10 253.32 153.46 282.32 242.48 -10 -10 -10 -100    0 -1000 -1000 -10
26 15 pedestrian 0 0 -10 586.42 164.21 614.96 191.88 -10 -10 -10 -100    0 -1000 -1000 -10
26 14 pedestrian 0 0 -10 359.74 159.06 393.06 250.11 -10 -10 -10 -100    0 -1000 -1000 -10
26 13 pedestrian 0 0 -10 342.20 150.38 487.60 199.07 -10 -10 -10 -100    0 -1000 -1000 -10
26 12 pedestrian 0 0 -10 214.86 151.74 246.61 241.93 -10 -10 -10 -100    0 -1000 -1000 -10
26 11 pedestrian 0 0 -10 317.32 154.03 349.16 253.79 -10 -10 -10 -100    0 -1000 -1000 -10
26 10 pedestrian 0 0 -10 965.97 158.38 1026.60 329.88 -10 -10 -10 -100    0 -1000 -1000 -10
26 9 pedestrian 0 0 -10 528.23 163.25 571.05 192.10 -10 -10 -10 -100    0 -1000 -1000 -10
26 8 pedestrian 0 0 -10 590.03 154.24 635.00 293.08 -10 -10 -10 -100    0 -1000 -1000 -10
26 7 pedestrian 0 0 -10 926.11 145.87 1015.57 342.57 -10 -10 -10 -100    0 -1000 -1000 -10
26 6 pedestrian 0 0 -10 179.74 159.56 222.44 211.58 -10 -10 -10 -100    0 -1000 -1000 -10
26 5 pedestrian 0 0 -10 603.49 171.49 637.41 206.26 -10 -10 -10 -100    0 -1000 -1000 -10
26 3 pedestrian 0 0 -10 1095.58 185.58 1223.49 244.20 -10 -10 -10 -100    0 -1000 -1000 -10
26 2 pedestrian 0 0 -10 953.44 182.79 1067.91 244.11 -10 -10 -10 -100    0 -1000 -1000 -10
26 1 pedestrian 0 0 -10 1032.21 184.00 1157.34 240.07 -10 -10 -10 -100    0 -1000 -1000 -10
27 17 pedestrian 0 0 -10 292.10 157.87 319.45 241.87 -10 -10 -10 -100    0 -1000 -1000 -10
27 16 pedestrian 0 0 -10 254.88 153.86 285.16 243.32 -10 -10 -10 -100    0 -1000 -1000 -10
27 15 pedestrian 0 0 -10 586.19 163.99 614.89 191.72 -10 -10 -10 -100    0 -1000 -1000 -10
27 14 pedestrian 0 0 -10 364.20 159.57 398.10 251.67 -10 -10 -10 -100    0 -1000 -1000 -10
27 13 pedestrian 0 0 -10 342.00 150.48 487.55 199.20 -10 -10 -10 -100    0 -1000 -1000 -10
27 12 pedestrian 0 0 -10 215.99 152.59 248.06 242.99 -10 -10 -10 -100    0 -1000 -1000 -10
27 11 pedestrian 0 0 -10 319.88 153.66 351.03 254.26 -10 -10 -10 -100    0 -1000 -1000 -10
27 10 pedestrian 0 0 -10 975.88 159.42 1030.12 331.32 -10 -10 -10 -100    0 -1000 -1000 -10
27 9 pedestrian 0 0 -10 527.73 163.10 570.96 192.33 -10 -10 -10 -100    0 -1000 -1000 -10
27 8 pedestrian 0 0 -10 599.35 153.82 653.60 293.12 -10 -10 -10 -100    0 -1000 -1000 -10
27 7 pedestrian 0 0 -10 941.98 145.56 1018.35 343.37 -10 -10 -10 -100    0 -1000 -1000 -10
27 6 pedestrian 0 0 -10 179.62 159.58 222.30 211.48 -10 -10 -10 -100    0 -1000 -1000 -10
27 5 pedestrian 0 0 -10 602.64 170.90 635.73 205.89 -10 -10 -10 -100    0 -1000 -1000 -10
27 3 pedestrian 0 0 -10 1095.51 185.62 1223.50 244.15 -10 -10 -10 -100    0 -1000 -1000 -10
27 2 pedestrian 0 0 -10 952.05 182.21 1067.53 242.14 -10 -10 -10 -100    0 -1000 -1000 -10
27 1 pedestrian 0 0 -10 1031.82 184.04 1157.13 239.95 -10 -10 -10 -100    0 -1000 -1000 -10
28 17 pedestrian 0 0 -10 293.35 158.42 320.28 243.00 -10 -10 -10 -100    0 -1000 -1000 -10
28 16 pedestrian 0 0 -10 255.91 154.46 286.48 244.28 -10 -10 -10 -100    0 -1000 -1000 -10
28 15 pedestrian 0 0 -10 585.84 164.54 614.97 191.64 -10 -10 -10 -100    0 -1000 -1000 -10
28 14 pedestrian 0 0 -10 368.81 159.49 405.61 251.01 -10 -10 -10 -100    0 -1000 -1000 -10
28 13 pedestrian 0 0 -10 342.29 150.79 487.87 199.41 -10 -10 -10 -100    0 -1000 -1000 -10
28 12 pedestrian 0 0 -10 216.44 151.85 248.04 244.19 -10 -10 -10 -100    0 -1000 -1000 -10
28 11 pedestrian 0 0 -10 322.05 154.56 354.45 256.11 -10 -10 -10 -100    0 -1000 -1000 -10
28 10 pedestrian 0 0 -10 986.99 160.60 1039.15 331.54 -10 -10 -10 -100    0 -1000 -1000 -10
28 9 pedestrian 0 0 -10 527.24 163.25 570.77 192.59 -10 -10 -10 -100    0 -1000 -1000 -10
28 8 pedestrian 0 0 -10 608.72 155.20 665.53 296.49 -10 -10 -10 -100    0 -1000 -1000 -10
28 7 pedestrian 0 0 -10 960.05 147.27 1031.32 342.87 -10 -10 -10 -100    0 -1000 -1000 -10
28 6 pedestrian 0 0 -10 179.42 159.54 222.44 211.57 -10 -10 -10 -100    0 -1000 -1000 -10
28 5 pedestrian 0 0 -10 603.16 171.08 636.71 205.86 -10 -10 -10 -100    0 -1000 -1000 -10
28 3 pedestrian 0 0 -10 1095.62 185.63 1223.46 244.09 -10 -10 -10 -100    0 -1000 -1000 -10
28 2 pedestrian 0 0 -10 952.18 182.12 1068.83 241.73 -10 -10 -10 -100    0 -1000 -1000 -10
28 1 pedestrian 0 0 -10 1032.24 184.14 1156.95 240.23 -10 -10 -10 -100    0 -1000 -1000 -10
29 17 pedestrian 0 0 -10 294.77 160.27 321.74 243.85 -10 -10 -10 -100    0 -1000 -1000 -10
29 16 pedestrian 0 0 -10 258.24 153.11 288.35 244.40 -10 -10 -10 -100    0 -1000 -1000 -10
29 15 pedestrian 0 0 -10 586.13 164.72 614.90 191.56 -10 -10 -10 -100    0 -1000 -1000 -10
29 14 pedestrian 0 0 -10 373.93 159.48 412.78 251.71 -10 -10 -10 -100    0 -1000 -1000 -10
29 13 pedestrian 0 0 -10 342.52 150.52 488.26 199.18 -10 -10 -10 -100    0 -1000 -1000 -10
29 12 pedestrian 0 0 -10 217.60 150.12 248.50 243.47 -10 -10 -10 -100    0 -1000 -1000 -10
29 11 pedestrian 0 0 -10 324.68 155.15 357.88 256.19 -10 -10 -10 -100    0 -1000 -1000 -10
29 10 pedestrian 0 0 -10 993.72 160.67 1053.54 336.32 -10 -10 -10 -100    0 -1000 -1000 -10
29 9 pedestrian 0 0 -10 527.11 163.30 571.07 192.53 -10 -10 -10 -100    0 -1000 -1000 -10
29 8 pedestrian 0 0 -10 612.12 152.37 668.72 296.23 -10 -10 -10 -100    0 -1000 -1000 -10
29 7 pedestrian 0 0 -10 966.27 148.24 1044.24 346.29 -10 -10 -10 -100    0 -1000 -1000 -10
29 6 pedestrian 0 0 -10 179.14 159.66 222.31 211.47 -10 -10 -10 -100    0 -1000 -1000 -10
29 5 pedestrian 0 0 -10 603.12 171.13 636.26 205.34 -10 -10 -10 -100    0 -1000 -1000 -10
29 3 pedestrian 0 0 -10 1095.38 185.60 1223.28 243.97 -10 -10 -10 -100    0 -1000 -1000 -10
29 2 pedestrian 0 0 -10 952.84 181.64 1068.21 242.51 -10 -10 -10 -100    0 -1000 -1000 -10
29 1 pedestrian 0 0 -10 1031.52 183.90 1156.95 240.19 -10 -10 -10 -100    0 -1000 -1000 -10
30 17 pedestrian 0 0 -10 295.82 159.31 323.50 242.96 -10 -10 -10 -100    0 -1000 -1000 -10
30 16 pedestrian 0 0 -10 258.39 151.47 286.27 235.00 -10 -10 -10 -100    0 -1000 -1000 -10
30 15 pedestrian 0 0 -10 586.32 164.41 614.80 191.29 -10 -10 -10 -100    0 -1000 -1000 -10
30 14 pedestrian 0 0 -10 376.73 159.45 416.97 251.99 -10 -10 -10 -100    0 -1000 -1000 -10
30 13 pedestrian 0 0 -10 343.42 150.50 488.68 199.36 -10 -10 -10 -100    0 -1000 -1000 -10
30 12 pedestrian 0 0 -10 219.06 149.95 250.59 244.44 -10 -10 -10 -100    0 -1000 -1000 -10
30 11 pedestrian 0 0 -10 327.81 153.24 363.00 256.84 -10 -10 -10 -100    0 -1000 -1000 -10
30 10 pedestrian 0 0 -10 1000.55 160.97 1076.97 340.61 -10 -10 -10 -100    0 -1000 -1000 -10
30 9 pedestrian 0 0 -10 526.82 163.14 570.71 192.33 -10 -10 -10 -100    0 -1000 -1000 -10
30 8 pedestrian 0 0 -10 616.89 151.70 671.84 299.97 -10 -10 -10 -100    0 -1000 -1000 -10
30 7 pedestrian 0 0 -10 972.88 147.90 1061.72 349.11 -10 -10 -10 -100    0 -1000 -1000 -10
30 6 pedestrian 0 0 -10 178.99 159.42 222.44 211.65 -10 -10 -10 -100    0 -1000 -1000 -10
30 5 pedestrian 0 0 -10 602.92 171.12 636.40 205.40 -10 -10 -10 -100    0 -1000 -1000 -10
30 3 pedestrian 0 0 -10 1095.71 185.59 1223.16 243.77 -10 -10 -10 -100    0 -1000 -1000 -10
30 2 pedestrian 0 0 -10 952.72 181.91 1066.25 242.72 -10 -10 -10 -100    0 -1000 -1000 -10
30 1 pedestrian 0 0 -10 1030.53 183.70 1157.38 239.97 -10 -10 -10 -100    0 -1000 -1000 -10
31 17 pedestrian 0 0 -10 299.11 161.13 327.49 244.00 -10 -10 -10 -100    0 -1000 -1000 -10
31 15 pedestrian 0 0 -10 586.56 164.57 614.93 191.43 -10 -10 -10 -100    0 -1000 -1000 -10
31 14 pedestrian 0 0 -10 379.98 159.82 418.40 253.37 -10 -10 -10 -100    0 -1000 -1000 -10
31 13 pedestrian 0 0 -10 343.11 150.38 488.03 199.23 -10 -10 -10 -100    0 -1000 -1000 -10
31 12 pedestrian 0 0 -10 220.94 150.95 254.06 245.87 -10 -10 -10 -100    0 -1000 -1000 -10
31 11 pedestrian 0 0 -10 330.28 153.75 367.34 257.58 -10 -10 -10 -100    0 -1000 -1000 -10
31 10 pedestrian 0 0 -10 1018.30 164.33 1103.34 339.07 -10 -10 -10 -100    0 -1000 -1000 -10
31 9 pedestrian 0 0 -10 527.06 163.13 570.98 192.17 -10 -10 -10 -100    0 -1000 -1000 -10
31 8 pedestrian 0 0 -10 627.82 151.68 687.19 300.37 -10 -10 -10 -100    0 -1000 -1000 -10
31 7 pedestrian 0 0 -10 980.54 147.37 1065.55 349.87 -10 -10 -10 -100    0 -1000 -1000 -10
31 6 pedestrian 0 0 -10 179.15 159.27 222.22 211.55 -10 -10 -10 -100    0 -1000 -1000 -10
31 5 pedestrian 0 0 -10 602.47 171.28 636.21 206.14 -10 -10 -10 -100    0 -1000 -1000 -10
31 3 pedestrian 0 0 -10 1094.58 185.43 1223.07 244.06 -10 -10 -10 -100    0 -1000 -1000 -10
31 2 pedestrian 0 0 -10 953.45 181.26 1068.44 242.71 -10 -10 -10 -100    0 -1000 -1000 -10
31 1 pedestrian 0 0 -10 1032.60 184.05 1157.42 239.73 -10 -10 -10 -100    0 -1000 -1000 -10
32 19 pedestrian 0 0 -10 265.53 153.17 294.33 246.68 -10 -10 -10 -100    0 -1000 -1000 -10
32 17 pedestrian 0 0 -10 299.47 161.17 328.71 243.64 -10 -10 -10 -100    0 -1000 -1000 -10
32 15 pedestrian 0 0 -10 586.47 164.50 614.58 191.05 -10 -10 -10 -100    0 -1000 -1000 -10
32 14 pedestrian 0 0 -10 383.18 159.96 419.65 253.58 -10 -10 -10 -100    0 -1000 -1000 -10
32 13 pedestrian 0 0 -10 342.80 150.47 488.30 199.17 -10 -10 -10 -100    0 -1000 -1000 -10
32 12 pedestrian 0 0 -10 223.08 151.86 257.17 246.66 -10 -10 -10 -100    0 -1000 -1000 -10
32 11 pedestrian 0 0 -10 332.22 154.60 371.31 259.69 -10 -10 -10 -100    0 -1000 -1000 -10
32 10 pedestrian 0 0 -10 1037.93 160.64 1122.30 343.13 -10 -10 -10 -100    0 -1000 -1000 -10
32 9 pedestrian 0 0 -10 526.85 163.15 570.96 192.02 -10 -10 -10 -100    0 -1000 -1000 -10
32 8 pedestrian 0 0 -10 640.06 153.12 698.98 302.24 -10 -10 -10 -100    0 -1000 -1000 -10
32 7 pedestrian 0 0 -10 992.79 147.35 1082.96 352.91 -10 -10 -10 -100    0 -1000 -1000 -10
32 6 pedestrian 0 0 -10 179.11 159.42 222.10 211.55 -10 -10 -10 -100    0 -1000 -1000 -10
32 5 pedestrian 0 0 -10 602.30 171.04 636.19 206.01 -10 -10 -10 -100    0 -1000 -1000 -10
32 3 pedestrian 0 0 -10 1094.66 185.47 1223.04 243.81 -10 -10 -10 -100    0 -1000 -1000 -10
32 2 pedestrian 0 0 -10 953.17 181.62 1067.93 242.54 -10 -10 -10 -100    0 -1000 -1000 -10
32 1 pedestrian 0 0 -10 1032.93 184.46 1157.66 239.89 -10 -10 -10 -100    0 -1000 -1000 -10
33 20 pedestrian 0 0 -10 326.95 154.89 353.20 238.23 -10 -10 -10 -100    0 -1000 -1000 -10
33 19 pedestrian 0 0 -10 266.91 153.42 296.30 247.57 -10 -10 -10 -100    0 -1000 -1000 -10
33 17 pedestrian 0 0 -10 301.86 161.22 331.56 245.14 -10 -10 -10 -100    0 -1000 -1000 -10
33 15 pedestrian 0 0 -10 586.72 164.30 614.55 190.81 -10 -10 -10 -100    0 -1000 -1000 -10
33 14 pedestrian 0 0 -10 386.99 160.68 421.64 254.54 -10 -10 -10 -100    0 -1000 -1000 -10
33 13 pedestrian 0 0 -10 342.47 150.30 488.65 199.07 -10 -10 -10 -100    0 -1000 -1000 -10
33 12 pedestrian 0 0 -10 225.28 152.05 259.11 247.95 -10 -10 -10 -100    0 -1000 -1000 -10
33 11 pedestrian 0 0 -10 336.79 154.94 376.02 260.59 -10 -10 -10 -100    0 -1000 -1000 -10
33 10 pedestrian 0 0 -10 1046.68 160.80 1115.03 343.17 -10 -10 -10 -100    0 -1000 -1000 -10
33 9 pedestrian 0 0 -10 526.72 163.17 571.12 191.84 -10 -10 -10 -100    0 -1000 -1000 -10
33 8 pedestrian 0 0 -10 645.56 153.09 706.45 302.80 -10 -10 -10 -100    0 -1000 -1000 -10
33 7 pedestrian 0 0 -10 1014.83 145.23 1095.83 356.42 -10 -10 -10 -100    0 -1000 -1000 -10
33 6 pedestrian 0 0 -10 179.01 159.29 222.23 211.45 -10 -10 -10 -100    0 -1000 -1000 -10
33 5 pedestrian 0 0 -10 602.57 171.02 636.51 205.97 -10 -10 -10 -100    0 -1000 -1000 -10
33 3 pedestrian 0 0 -10 1094.79 185.49 1223.06 243.65 -10 -10 -10 -100    0 -1000 -1000 -10
33 2 pedestrian 0 0 -10 953.25 181.50 1068.56 242.55 -10 -10 -10 -100    0 -1000 -1000 -10
33 1 pedestrian 0 0 -10 1031.34 184.96 1157.96 240.34 -10 -10 -10 -100    0 -1000 -1000 -10
34 21 pedestrian 0 0 -10 284.96 154.18 314.60 238.88 -10 -10 -10 -100    0 -1000 -1000 -10
34 20 pedestrian 0 0 -10 326.44 154.44 353.57 238.57 -10 -10 -10 -100    0 -1000 -1000 -10
34 19 pedestrian 0 0 -10 268.86 154.10 297.74 247.61 -10 -10 -10 -100    0 -1000 -1000 -10
34 17 pedestrian 0 0 -10 304.90 161.48 335.65 245.70 -10 -10 -10 -100    0 -1000 -1000 -10
34 15 pedestrian 0 0 -10 586.95 164.44 614.57 190.80 -10 -10 -10 -100    0 -1000 -1000 -10
34 14 pedestrian 0 0 -10 390.24 158.96 426.32 254.84 -10 -10 -10 -100    0 -1000 -1000 -10
34 13 pedestrian 0 0 -10 343.02 150.02 488.78 198.87 -10 -10 -10 -100    0 -1000 -1000 -10
34 12 pedestrian 0 0 -10 228.40 151.22 261.01 247.99 -10 -10 -10 -100    0 -1000 -1000 -10
34 11 pedestrian 0 0 -10 341.13 153.73 382.30 260.87 -10 -10 -10 -100    0 -1000 -1000 -10
34 10 pedestrian 0 0 -10 1056.61 163.10 1117.64 345.06 -10 -10 -10 -100    0 -1000 -1000 -10
34 9 pedestrian 0 0 -10 527.23 163.38 571.28 192.02 -10 -10 -10 -100    0 -1000 -1000 -10
34 8 pedestrian 0 0 -10 650.58 151.84 712.20 305.87 -10 -10 -10 -100    0 -1000 -1000 -10
34 7 pedestrian 0 0 -10 1035.71 146.49 1110.07 358.29 -10 -10 -10 -100    0 -1000 -1000 -10
34 6 pedestrian 0 0 -10 178.89 159.38 222.43 211.64 -10 -10 -10 -100    0 -1000 -1000 -10
34 5 pedestrian 0 0 -10 602.47 170.91 636.66 206.08 -10 -10 -10 -100    0 -1000 -1000 -10
34 3 pedestrian 0 0 -10 1096.12 185.44 1223.32 244.00 -10 -10 -10 -100    0 -1000 -1000 -10
34 2 pedestrian 0 0 -10 952.96 181.48 1067.40 242.45 -10 -10 -10 -100    0 -1000 -1000 -10
34 1 pedestrian 0 0 -10 1032.22 184.77 1158.91 239.92 -10 -10 -10 -100    0 -1000 -1000 -10
35 20 pedestrian 0 0 -10 330.50 156.27 357.11 237.59 -10 -10 -10 -100    0 -1000 -1000 -10
35 19 pedestrian 0 0 -10 273.63 154.07 302.00 247.99 -10 -10 -10 -100    0 -1000 -1000 -10
35 17 pedestrian 0 0 -10 306.89 160.64 337.51 245.92 -10 -10 -10 -100    0 -1000 -1000 -10
35 15 pedestrian 0 0 -10 586.96 164.47 614.77 190.77 -10 -10 -10 -100    0 -1000 -1000 -10
35 14 pedestrian 0 0 -10 394.07 158.77 431.40 254.31 -10 -10 -10 -100    0 -1000 -1000 -10
35 13 pedestrian 0 0 -10 342.45 150.43 488.41 199.33 -10 -10 -10 -100    0 -1000 -1000 -10
35 12 pedestrian 0 0 -10 232.41 150.76 264.09 247.92 -10 -10 -10 -100    0 -1000 -1000 -10
35 11 pedestrian 0 0 -10 343.84 154.45 383.96 262.20 -10 -10 -10 -100    0 -1000 -1000 -10
35 10 pedestrian 0 0 -10 1062.72 163.03 1136.52 350.71 -10 -10 -10 -100    0 -1000 -1000 -10
35 9 pedestrian 0 0 -10 527.07 163.38 570.94 192.05 -10 -10 -10 -100    0 -1000 -1000 -10
35 8 pedestrian 0 0 -10 660.77 151.82 716.01 306.79 -10 -10 -10 -100    0 -1000 -1000 -10
35 7 pedestrian 0 0 -10 1042.51 147.74 1133.51 362.86 -10 -10 -10 -100    0 -1000 -1000 -10
35 6 pedestrian 0 0 -10 178.90 159.30 222.84 211.74 -10 -10 -10 -100    0 -1000 -1000 -10
35 5 pedestrian 0 0 -10 602.29 170.93 636.68 206.04 -10 -10 -10 -100    0 -1000 -1000 -10
35 3 pedestrian 0 0 -10 1096.15 185.31 1223.26 244.23 -10 -10 -10 -100    0 -1000 -1000 -10
35 2 pedestrian 0 0 -10 953.02 181.40 1067.73 242.49 -10 -10 -10 -100    0 -1000 -1000 -10
35 1 pedestrian 0 0 -10 1031.89 184.47 1160.12 241.48 -10 -10 -10 -100    0 -1000 -1000 -10
36 20 pedestrian 0 0 -10 329.64 157.78 356.21 237.61 -10 -10 -10 -100    0 -1000 -1000 -10
36 19 pedestrian 0 0 -10 275.49 152.93 306.34 249.96 -10 -10 -10 -100    0 -1000 -1000 -10
36 17 pedestrian 0 0 -10 308.17 159.19 339.08 247.52 -10 -10 -10 -100    0 -1000 -1000 -10
36 15 pedestrian 0 0 -10 586.94 164.51 614.75 190.66 -10 -10 -10 -100    0 -1000 -1000 -10
36 14 pedestrian 0 0 -10 396.44 159.29 435.39 255.56 -10 -10 -10 -100    0 -1000 -1000 -10
36 13 pedestrian 0 0 -10 342.46 150.56 488.59 199.54 -10 -10 -10 -100    0 -1000 -1000 -10
36 12 pedestrian 0 0 -10 234.59 151.44 268.04 249.63 -10 -10 -10 -100    0 -1000 -1000 -10
36 11 pedestrian 0 0 -10 348.26 155.21 386.11 262.62 -10 -10 -10 -100    0 -1000 -1000 -10
36 10 pedestrian 0 0 -10 1074.37 159.50 1160.51 352.87 -10 -10 -10 -100    0 -1000 -1000 -10
36 9 pedestrian 0 0 -10 527.60 163.51 571.50 191.89 -10 -10 -10 -100    0 -1000 -1000 -10
36 8 pedestrian 0 0 -10 670.07 152.75 722.31 309.25 -10 -10 -10 -100    0 -1000 -1000 -10
36 7 pedestrian 0 0 -10 1047.93 148.06 1150.16 365.60 -10 -10 -10 -100    0 -1000 -1000 -10
36 6 pedestrian 0 0 -10 178.95 159.33 222.89 211.72 -10 -10 -10 -100    0 -1000 -1000 -10
36 5 pedestrian 0 0 -10 602.12 171.01 636.95 206.12 -10 -10 -10 -100    0 -1000 -1000 -10
36 3 pedestrian 0 0 -10 1094.62 185.70 1223.01 244.03 -10 -10 -10 -100    0 -1000 -1000 -10
36 2 pedestrian 0 0 -10 952.79 181.47 1068.21 242.59 -10 -10 -10 -100    0 -1000 -1000 -10
36 1 pedestrian 0 0 -10 1032.08 184.93 1155.98 241.10 -10 -10 -10 -100    0 -1000 -1000 -10
37 19 pedestrian 0 0 -10 278.17 153.23 309.12 250.02 -10 -10 -10 -100    0 -1000 -1000 -10
37 17 pedestrian 0 0 -10 311.68 159.12 342.70 249.07 -10 -10 -10 -100    0 -1000 -1000 -10
37 16 pedestrian 0 0 -10 263.85 152.59 296.26 242.52 -10 -10 -10 -100    0 -1000 -1000 -10
37 15 pedestrian 0 0 -10 586.98 164.59 614.56 190.88 -10 -10 -10 -100    0 -1000 -1000 -10
37 14 pedestrian 0 0 -10 402.70 159.23 440.37 255.11 -10 -10 -10 -100    0 -1000 -1000 -10
37 13 pedestrian 0 0 -10 342.41 150.39 488.68 199.64 -10 -10 -10 -100    0 -1000 -1000 -10
37 12 pedestrian 0 0 -10 237.36 151.64 271.00 250.81 -10 -10 -10 -100    0 -1000 -1000 -10
37 11 pedestrian 0 0 -10 352.69 154.44 392.43 263.47 -10 -10 -10 -100    0 -1000 -1000 -10
37 10 pedestrian 0 0 -10 1087.47 163.41 1163.89 355.73 -10 -10 -10 -100    0 -1000 -1000 -10
37 9 pedestrian 0 0 -10 527.43 163.39 571.20 192.18 -10 -10 -10 -100    0 -1000 -1000 -10
37 8 pedestrian 0 0 -10 677.19 152.05 742.72 310.10 -10 -10 -10 -100    0 -1000 -1000 -10
37 7 pedestrian 0 0 -10 1058.29 147.07 1155.97 365.60 -10 -10 -10 -100    0 -1000 -1000 -10
37 6 pedestrian 0 0 -10 178.94 159.57 222.59 211.52 -10 -10 -10 -100    0 -1000 -1000 -10
37 5 pedestrian 0 0 -10 602.42 170.94 636.75 206.07 -10 -10 -10 -100    0 -1000 -1000 -10
37 3 pedestrian 0 0 -10 1093.41 185.89 1221.45 243.85 -10 -10 -10 -100    0 -1000 -1000 -10
37 2 pedestrian 0 0 -10 952.74 181.45 1068.20 242.65 -10 -10 -10 -100    0 -1000 -1000 -10
37 1 pedestrian 0 0 -10 1031.85 183.81 1158.49 240.61 -10 -10 -10 -100    0 -1000 -1000 -10
38 17 pedestrian 0 0 -10 314.55 158.78 346.23 250.54 -10 -10 -10 -100    0 -1000 -1000 -10
38 16 pedestrian 0 0 -10 263.89 153.31 293.55 242.30 -10 -10 -10 -100    0 -1000 -1000 -10
38 15 pedestrian 0 0 -10 587.04 164.55 614.83 190.94 -10 -10 -10 -100    0 -1000 -1000 -10
38 14 pedestrian 0 0 -10 408.07 158.43 446.28 255.58 -10 -10 -10 -100    0 -1000 -1000 -10
38 13 pedestrian 0 0 -10 343.41 150.50 488.32 199.75 -10 -10 -10 -100    0 -1000 -1000 -10
38 12 pedestrian 0 0 -10 239.11 151.88 272.85 253.20 -10 -10 -10 -100    0 -1000 -1000 -10
38 11 pedestrian 0 0 -10 355.16 155.27 397.70 264.49 -10 -10 -10 -100    0 -1000 -1000 -10
38 10 pedestrian 0 0 -10 1100.97 162.71 1164.08 358.63 -10 -10 -10 -100    0 -1000 -1000 -10
38 9 pedestrian 0 0 -10 527.16 163.18 571.09 192.00 -10 -10 -10 -100    0 -1000 -1000 -10
38 8 pedestrian 0 0 -10 682.77 152.14 753.59 312.14 -10 -10 -10 -100    0 -1000 -1000 -10
38 7 pedestrian 0 0 -10 1080.35 148.23 1158.12 369.45 -10 -10 -10 -100    0 -1000 -1000 -10
38 6 pedestrian 0 0 -10 178.75 159.56 222.27 211.58 -10 -10 -10 -100    0 -1000 -1000 -10
38 5 pedestrian 0 0 -10 602.11 171.05 636.93 206.27 -10 -10 -10 -100    0 -1000 -1000 -10
38 3 pedestrian 0 0 -10 1095.09 185.48 1220.11 243.77 -10 -10 -10 -100    0 -1000 -1000 -10
38 2 pedestrian 0 0 -10 952.97 181.65 1068.02 242.84 -10 -10 -10 -100    0 -1000 -1000 -10
38 1 pedestrian 0 0 -10 1032.09 183.96 1158.15 240.46 -10 -10 -10 -100    0 -1000 -1000 -10
39 17 pedestrian 0 0 -10 315.58 158.40 347.24 251.49 -10 -10 -10 -100    0 -1000 -1000 -10
39 16 pedestrian 0 0 -10 263.47 153.05 293.88 240.39 -10 -10 -10 -100    0 -1000 -1000 -10
39 15 pedestrian 0 0 -10 586.96 164.40 614.74 190.74 -10 -10 -10 -100    0 -1000 -1000 -10
39 14 pedestrian 0 0 -10 410.89 158.40 449.36 256.99 -10 -10 -10 -100    0 -1000 -1000 -10
39 13 pedestrian 0 0 -10 343.43 150.34 487.68 199.39 -10 -10 -10 -100    0 -1000 -1000 -10
39 12 pedestrian 0 0 -10 241.01 152.04 274.81 253.62 -10 -10 -10 -100    0 -1000 -1000 -10
39 11 pedestrian 0 0 -10 359.00 154.82 400.93 265.88 -10 -10 -10 -100    0 -1000 -1000 -10
39 10 pedestrian 0 0 -10 1115.81 162.07 1181.81 360.38 -10 -10 -10 -100    0 -1000 -1000 -10
39 9 pedestrian 0 0 -10 527.17 163.08 571.67 191.94 -10 -10 -10 -100    0 -1000 -1000 -10
39 8 pedestrian 0 0 -10 690.62 150.62 760.37 314.94 -10 -10 -10 -100    0 -1000 -1000 -10
39 7 pedestrian 0 0 -10 1097.69 145.11 1177.48 370.00 -10 -10 -10 -100    0 -1000 -1000 -10
39 6 pedestrian 0 0 -10 179.28 159.54 222.61 211.48 -10 -10 -10 -100    0 -1000 -1000 -10
39 5 pedestrian 0 0 -10 602.19 171.03 637.01 206.22 -10 -10 -10 -100    0 -1000 -1000 -10
39 3 pedestrian 0 0 -10 1097.34 184.77 1223.40 244.53 -10 -10 -10 -100    0 -1000 -1000 -10
39 2 pedestrian 0 0 -10 953.02 181.46 1067.97 242.73 -10 -10 -10 -100    0 -1000 -1000 -10
39 1 pedestrian 0 0 -10 1032.38 183.93 1158.67 240.49 -10 -10 -10 -100    0 -1000 -1000 -10
40 21 pedestrian 0 0 -10 285.42 155.05 317.72 253.21 -10 -10 -10 -100    0 -1000 -1000 -10
40 17 pedestrian 0 0 -10 319.81 162.24 350.41 251.19 -10 -10 -10 -100    0 -1000 -1000 -10
40 15 pedestrian 0 0 -10 586.95 164.41 614.97 190.99 -10 -10 -10 -100    0 -1000 -1000 -10
40 14 pedestrian 0 0 -10 414.55 158.63 453.16 257.47 -10 -10 -10 -100    0 -1000 -1000 -10
40 13 pedestrian 0 0 -10 344.28 150.20 487.84 199.53 -10 -10 -10 -100    0 -1000 -1000 -10
40 12 pedestrian 0 0 -10 242.64 151.26 276.07 254.12 -10 -10 -10 -100    0 -1000 -1000 -10
40 11 pedestrian 0 0 -10 361.58 155.07 400.70 266.88 -10 -10 -10 -100    0 -1000 -1000 -10
40 10 pedestrian 0 0 -10 1128.06 166.16 1193.31 362.32 -10 -10 -10 -100    0 -1000 -1000 -10
40 9 pedestrian 0 0 -10 527.40 163.34 573.21 192.60 -10 -10 -10 -100    0 -1000 -1000 -10
40 8 pedestrian 0 0 -10 703.89 148.32 768.32 316.98 -10 -10 -10 -100    0 -1000 -1000 -10
40 7 pedestrian 0 0 -10 1113.31 146.55 1189.85 370.00 -10 -10 -10 -100    0 -1000 -1000 -10
40 6 pedestrian 0 0 -10 179.35 159.53 222.83 211.49 -10 -10 -10 -100    0 -1000 -1000 -10
40 5 pedestrian 0 0 -10 602.24 170.98 636.88 206.14 -10 -10 -10 -100    0 -1000 -1000 -10
40 3 pedestrian 0 0 -10 1096.26 185.89 1223.20 244.95 -10 -10 -10 -100    0 -1000 -1000 -10
40 2 pedestrian 0 0 -10 953.17 181.55 1067.87 242.64 -10 -10 -10 -100    0 -1000 -1000 -10
40 1 pedestrian 0 0 -10 1032.36 184.04 1159.13 240.56 -10 -10 -10 -100    0 -1000 -1000 -10
41 21 pedestrian 0 0 -10 288.88 153.88 321.47 254.35 -10 -10 -10 -100    0 -1000 -1000 -10
41 17 pedestrian 0 0 -10 325.19 162.15 355.52 251.18 -10 -10 -10 -100    0 -1000 -1000 -10
41 15 pedestrian 0 0 -10 586.67 164.58 614.90 191.33 -10 -10 -10 -100    0 -1000 -1000 -10
41 14 pedestrian 0 0 -10 419.24 158.99 455.48 258.66 -10 -10 -10 -100    0 -1000 -1000 -10
41 13 pedestrian 0 0 -10 343.28 150.17 487.28 199.98 -10 -10 -10 -100    0 -1000 -1000 -10
41 12 pedestrian 0 0 -10 246.25 150.99 280.18 255.18 -10 -10 -10 -100    0 -1000 -1000 -10
41 11 pedestrian 0 0 -10 366.71 154.34 406.33 268.85 -10 -10 -10 -100    0 -1000 -1000 -10
41 10 pedestrian 0 0 -10 1146.44 167.36 1220.47 361.47 -10 -10 -10 -100    0 -1000 -1000 -10
41 9 pedestrian 0 0 -10 523.63 163.99 576.25 194.74 -10 -10 -10 -100    0 -1000 -1000 -10
41 8 pedestrian 0 0 -10 718.37 147.58 781.83 317.57 -10 -10 -10 -100    0 -1000 -1000 -10
41 7 pedestrian 0 0 -10 1119.80 146.95 1214.24 370.00 -10 -10 -10 -100    0 -1000 -1000 -10
41 6 pedestrian 0 0 -10 179.32 159.70 222.89 211.43 -10 -10 -10 -100    0 -1000 -1000 -10
41 5 pedestrian 0 0 -10 602.00 171.07 636.92 206.32 -10 -10 -10 -100    0 -1000 -1000 -10
41 3 pedestrian 0 0 -10 1096.43 186.24 1222.37 243.67 -10 -10 -10 -100    0 -1000 -1000 -10
41 2 pedestrian 0 0 -10 952.96 181.44 1067.90 242.71 -10 -10 -10 -100    0 -1000 -1000 -10
41 1 pedestrian 0 0 -10 1032.43 184.04 1157.59 240.30 -10 -10 -10 -100    0 -1000 -1000 -10
42 21 pedestrian 0 0 -10 293.55 153.45 324.93 254.92 -10 -10 -10 -100    0 -1000 -1000 -10
42 17 pedestrian 0 0 -10 329.54 162.86 359.43 251.43 -10 -10 -10 -100    0 -1000 -1000 -10
42 15 pedestrian 0 0 -10 586.71 164.93 615.12 191.64 -10 -10 -10 -100    0 -1000 -1000 -10
42 14 pedestrian 0 0 -10 424.63 159.17 459.72 258.49 -10 -10 -10 -100    0 -1000 -1000 -10
42 13 pedestrian 0 0 -10 342.78 149.97 486.96 199.82 -10 -10 -10 -100    0 -1000 -1000 -10
42 12 pedestrian 0 0 -10 248.70 153.51 288.06 257.67 -10 -10 -10 -100    0 -1000 -1000 -10
42 11 pedestrian 0 0 -10 370.99 153.65 412.33 266.71 -10 -10 -10 -100    0 -1000 -1000 -10
42 10 pedestrian 0 0 -10 1160.77 163.98 1224.00 360.25 -10 -10 -10 -100    0 -1000 -1000 -10
42 9 pedestrian 0 0 -10 523.21 164.34 576.57 195.58 -10 -10 -10 -100    0 -1000 -1000 -10
42 8 pedestrian 0 0 -10 731.63 149.56 793.64 318.90 -10 -10 -10 -100    0 -1000 -1000 -10
42 7 pedestrian 0 0 -10 1131.28 147.49 1224.00 370.00 -10 -10 -10 -100    0 -1000 -1000 -10
42 6 pedestrian 0 0 -10 179.13 160.12 222.62 211.31 -10 -10 -10 -100    0 -1000 -1000 -10
42 5 pedestrian 0 0 -10 602.03 171.10 636.90 206.46 -10 -10 -10 -100    0 -1000 -1000 -10
42 3 pedestrian 0 0 -10 1096.62 185.58 1224.00 244.44 -10 -10 -10 -100    0 -1000 -1000 -10
42 2 pedestrian 0 0 -10 952.89 181.56 1067.97 242.64 -10 -10 -10 -100    0 -1000 -1000 -10
42 1 pedestrian 0 0 -10 1032.48 184.11 1157.68 240.10 -10 -10 -10 -100    0 -1000 -1000 -10
43 21 pedestrian 0 0 -10 298.29 155.15 329.45 256.76 -10 -10 -10 -100    0 -1000 -1000 -10
43 18 pedestrian 0 0 -10 282.16 153.75 331.90 245.58 -10 -10 -10 -100    0 -1000 -1000 -10
43 17 pedestrian 0 0 -10 332.26 162.82 363.74 251.51 -10 -10 -10 -100    0 -1000 -1000 -10
43 15 pedestrian 0 0 -10 586.68 164.86 615.13 191.39 -10 -10 -10 -100    0 -1000 -1000 -10
43 14 pedestrian 0 0 -10 429.59 159.16 463.38 259.32 -10 -10 -10 -100    0 -1000 -1000 -10
43 13 pedestrian 0 0 -10 343.04 150.56 486.70 200.00 -10 -10 -10 -100    0 -1000 -1000 -10
43 12 pedestrian 0 0 -10 250.91 155.81 291.28 259.02 -10 -10 -10 -100    0 -1000 -1000 -10
43 11 pedestrian 0 0 -10 375.88 155.14 418.23 269.21 -10 -10 -10 -100    0 -1000 -1000 -10
43 10 pedestrian 0 0 -10 1177.05 164.82 1224.00 362.71 -10 -10 -10 -100    0 -1000 -1000 -10
43 9 pedestrian 0 0 -10 522.61 164.22 576.78 195.66 -10 -10 -10 -100    0 -1000 -1000 -10
43 8 pedestrian 0 0 -10 738.18 148.56 802.64 321.25 -10 -10 -10 -100    0 -1000 -1000 -10
43 7 pedestrian 0 0 -10 1149.18 146.08 1223.74 370.00 -10 -10 -10 -100    0 -1000 -1000 -10
43 6 pedestrian 0 0 -10 179.44 160.67 222.71 211.18 -10 -10 -10 -100    0 -1000 -1000 -10
43 5 pedestrian 0 0 -10 601.86 171.02 636.94 206.43 -10 -10 -10 -100    0 -1000 -1000 -10
43 3 pedestrian 0 0 -10 1096.04 186.05 1222.38 244.41 -10 -10 -10 -100    0 -1000 -1000 -10
43 2 pedestrian 0 0 -10 953.08 181.68 1068.01 242.50 -10 -10 -10 -100    0 -1000 -1000 -10
43 1 pedestrian 0 0 -10 1032.41 184.13 1157.32 240.11 -10 -10 -10 -100    0 -1000 -1000 -10
44 21 pedestrian 0 0 -10 302.77 155.34 333.31 256.95 -10 -10 -10 -100    0 -1000 -1000 -10
44 17 pedestrian 0 0 -10 334.66 160.77 367.51 253.55 -10 -10 -10 -100    0 -1000 -1000 -10
44 15 pedestrian 0 0 -10 586.40 164.76 614.71 191.89 -10 -10 -10 -100    0 -1000 -1000 -10
44 14 pedestrian 0 0 -10 432.45 158.72 468.25 259.23 -10 -10 -10 -100    0 -1000 -1000 -10
44 13 pedestrian 0 0 -10 343.71 150.44 487.70 199.45 -10 -10 -10 -100    0 -1000 -1000 -10
44 12 pedestrian 0 0 -10 253.67 154.25 293.70 259.15 -10 -10 -10 -100    0 -1000 -1000 -10
44 11 pedestrian 0 0 -10 380.33 154.80 423.69 270.34 -10 -10 -10 -100    0 -1000 -1000 -10
44 10 pedestrian 0 0 -10 1178.27 146.63 1223.69 370.00 -10 -10 -10 -100    0 -1000 -1000 -10
44 9 pedestrian 0 0 -10 523.19 164.19 576.70 195.45 -10 -10 -10 -100    0 -1000 -1000 -10
44 8 pedestrian 0 0 -10 747.38 149.22 810.95 323.40 -10 -10 -10 -100    0 -1000 -1000 -10
44 6 pedestrian 0 0 -10 180.07 160.59 222.88 211.17 -10 -10 -10 -100    0 -1000 -1000 -10
44 5 pedestrian 0 0 -10 601.96 171.05 636.91 206.36 -10 -10 -10 -100    0 -1000 -1000 -10
44 23 pedestrian 0 0 -10 482.20 161.47 526.74 187.92 -10 -10 -10 -100    0 -1000 -1000 -10
44 3 pedestrian 0 0 -10 1096.40 185.60 1221.63 244.71 -10 -10 -10 -100    0 -1000 -1000 -10
44 2 pedestrian 0 0 -10 953.00 181.68 1067.97 242.52 -10 -10 -10 -100    0 -1000 -1000 -10
44 1 pedestrian 0 0 -10 1032.40 184.14 1157.37 240.10 -10 -10 -10 -100    0 -1000 -1000 -10
45 21 pedestrian 0 0 -10 308.02 155.80 339.67 257.52 -10 -10 -10 -100    0 -1000 -1000 -10
45 17 pedestrian 0 0 -10 336.12 160.36 369.93 255.36 -10 -10 -10 -100    0 -1000 -1000 -10
45 15 pedestrian 0 0 -10 586.74 165.09 615.18 191.38 -10 -10 -10 -100    0 -1000 -1000 -10
45 14 pedestrian 0 0 -10 435.01 158.29 472.76 260.35 -10 -10 -10 -100    0 -1000 -1000 -10
45 13 pedestrian 0 0 -10 344.14 150.37 488.55 199.30 -10 -10 -10 -100    0 -1000 -1000 -10
45 12 pedestrian 0 0 -10 262.07 154.54 296.92 259.90 -10 -10 -10 -100    0 -1000 -1000 -10
45 11 pedestrian 0 0 -10 384.92 154.14 427.76 269.81 -10 -10 -10 -100    0 -1000 -1000 -10
45 10 pedestrian 0 0 -10 1192.06 143.16 1223.89 370.00 -10 -10 -10 -100    0 -1000 -1000 -10
45 9 pedestrian 0 0 -10 523.16 164.03 576.66 195.23 -10 -10 -10 -100    0 -1000 -1000 -10
45 8 pedestrian 0 0 -10 757.40 146.62 821.79 324.87 -10 -10 -10 -100    0 -1000 -1000 -10
45 6 pedestrian 0 0 -10 180.46 160.43 223.01 211.33 -10 -10 -10 -100    0 -1000 -1000 -10
45 5 pedestrian 0 0 -10 602.08 170.92 636.95 206.19 -10 -10 -10 -100    0 -1000 -1000 -10
45 23 pedestrian 0 0 -10 482.69 161.34 526.48 186.98 -10 -10 -10 -100    0 -1000 -1000 -10
45 3 pedestrian 0 0 -10 1095.98 185.75 1223.20 243.77 -10 -10 -10 -100    0 -1000 -1000 -10
45 2 pedestrian 0 0 -10 952.94 181.64 1067.93 242.52 -10 -10 -10 -100    0 -1000 -1000 -10
45 1 pedestrian 0 0 -10 1032.33 184.12 1157.41 240.10 -10 -10 -10 -100    0 -1000 -1000 -10
46 21 pedestrian 0 0 -10 311.30 155.52 341.80 258.84 -10 -10 -10 -100    0 -1000 -1000 -10
46 17 pedestrian 0 0 -10 340.30 159.35 374.24 256.43 -10 -10 -10 -100    0 -1000 -1000 -10
46 15 pedestrian 0 0 -10 586.87 164.98 615.12 191.35 -10 -10 -10 -100    0 -1000 -1000 -10
46 14 pedestrian 0 0 -10 438.34 158.07 478.18 262.52 -10 -10 -10 -100    0 -1000 -1000 -10
46 13 pedestrian 0 0 -10 343.23 150.35 489.01 198.59 -10 -10 -10 -100    0 -1000 -1000 -10
46 12 pedestrian 0 0 -10 266.84 155.06 300.83 260.29 -10 -10 -10 -100    0 -1000 -1000 -10
46 11 pedestrian 0 0 -10 390.30 153.34 431.31 269.94 -10 -10 -10 -100    0 -1000 -1000 -10
46 9 pedestrian 0 0 -10 523.45 163.96 576.78 195.43 -10 -10 -10 -100    0 -1000 -1000 -10
46 8 pedestrian 0 0 -10 768.46 148.80 832.20 326.73 -10 -10 -10 -100    0 -1000 -1000 -10
46 6 pedestrian 0 0 -10 180.55 160.33 223.20 211.43 -10 -10 -10 -100    0 -1000 -1000 -10
46 5 pedestrian 0 0 -10 601.95 170.96 636.87 206.36 -10 -10 -10 -100    0 -1000 -1000 -10
46 23 pedestrian 0 0 -10 482.57 161.31 527.31 186.56 -10 -10 -10 -100    0 -1000 -1000 -10
46 3 pedestrian 0 0 -10 1095.80 185.78 1223.33 244.02 -10 -10 -10 -100    0 -1000 -1000 -10
46 2 pedestrian 0 0 -10 952.75 181.58 1068.07 242.53 -10 -10 -10 -100    0 -1000 -1000 -10
46 1 pedestrian 0 0 -10 1032.26 184.10 1157.40 240.13 -10 -10 -10 -100    0 -1000 -1000 -10
47 21 pedestrian 0 0 -10 313.98 154.81 346.51 259.90 -10 -10 -10 -100    0 -1000 -1000 -10
47 17 pedestrian 0 0 -10 345.43 161.20 378.75 256.29 -10 -10 -10 -100    0 -1000 -1000 -10
47 16 pedestrian 0 0 -10 264.32 154.43 315.08 247.77 -10 -10 -10 -100    0 -1000 -1000 -10
47 15 pedestrian 0 0 -10 586.76 164.66 615.22 191.26 -10 -10 -10 -100    0 -1000 -1000 -10
47 14 pedestrian 0 0 -10 444.62 157.87 482.61 262.17 -10 -10 -10 -100    0 -1000 -1000 -10
47 13 pedestrian 0 0 -10 344.30 149.66 488.89 198.83 -10 -10 -10 -100    0 -1000 -1000 -10
47 12 pedestrian 0 0 -10 270.10 155.93 304.13 260.64 -10 -10 -10 -100    0 -1000 -1000 -10
47 11 pedestrian 0 0 -10 394.89 153.76 434.71 271.91 -10 -10 -10 -100    0 -1000 -1000 -10
47 9 pedestrian 0 0 -10 523.27 163.79 576.98 195.41 -10 -10 -10 -100    0 -1000 -1000 -10
47 8 pedestrian 0 0 -10 779.65 148.30 855.18 328.63 -10 -10 -10 -100    0 -1000 -1000 -10
47 6 pedestrian 0 0 -10 180.59 160.44 223.40 211.41 -10 -10 -10 -100    0 -1000 -1000 -10
47 5 pedestrian 0 0 -10 601.93 171.05 636.80 206.29 -10 -10 -10 -100    0 -1000 -1000 -10
47 23 pedestrian 0 0 -10 482.08 161.13 527.07 186.38 -10 -10 -10 -100    0 -1000 -1000 -10
47 3 pedestrian 0 0 -10 1095.95 185.73 1223.46 244.24 -10 -10 -10 -100    0 -1000 -1000 -10
47 2 pedestrian 0 0 -10 953.01 181.59 1067.99 242.50 -10 -10 -10 -100    0 -1000 -1000 -10
47 1 pedestrian 0 0 -10 1032.37 184.10 1157.37 240.16 -10 -10 -10 -100    0 -1000 -1000 -10
48 21 pedestrian 0 0 -10 316.26 158.18 349.20 261.28 -10 -10 -10 -100    0 -1000 -1000 -10
48 17 pedestrian 0 0 -10 347.94 160.15 381.48 256.67 -10 -10 -10 -100    0 -1000 -1000 -10
48 16 pedestrian 0 0 -10 267.10 155.23 319.84 250.49 -10 -10 -10 -100    0 -1000 -1000 -10
48 15 pedestrian 0 0 -10 586.77 164.66 615.13 191.17 -10 -10 -10 -100    0 -1000 -1000 -10
48 14 pedestrian 0 0 -10 450.43 158.27 486.97 262.86 -10 -10 -10 -100    0 -1000 -1000 -10
48 13 pedestrian 0 0 -10 343.51 149.94 488.37 197.97 -10 -10 -10 -100    0 -1000 -1000 -10
48 12 pedestrian 0 0 -10 271.62 155.53 307.21 262.96 -10 -10 -10 -100    0 -1000 -1000 -10
48 11 pedestrian 0 0 -10 399.08 153.67 442.25 271.03 -10 -10 -10 -100    0 -1000 -1000 -10
48 9 pedestrian 0 0 -10 522.47 163.92 576.89 195.47 -10 -10 -10 -100    0 -1000 -1000 -10
48 8 pedestrian 0 0 -10 787.92 149.26 872.01 331.90 -10 -10 -10 -100    0 -1000 -1000 -10
48 6 pedestrian 0 0 -10 180.89 160.60 223.66 211.29 -10 -10 -10 -100    0 -1000 -1000 -10
48 5 pedestrian 0 0 -10 602.07 171.04 636.86 206.24 -10 -10 -10 -100    0 -1000 -1000 -10
48 23 pedestrian 0 0 -10 481.05 161.06 526.05 186.18 -10 -10 -10 -100    0 -1000 -1000 -10
48 3 pedestrian 0 0 -10 1096.21 185.70 1223.49 244.18 -10 -10 -10 -100    0 -1000 -1000 -10
48 2 pedestrian 0 0 -10 953.04 181.59 1068.11 242.47 -10 -10 -10 -100    0 -1000 -1000 -10
48 1 pedestrian 0 0 -10 1032.51 184.11 1157.32 240.16 -10 -10 -10 -100    0 -1000 -1000 -10
49 22 pedestrian 0 0 -10 331.36 154.49 375.03 248.69 -10 -10 -10 -100    0 -1000 -1000 -10
49 21 pedestrian 0 0 -10 318.43 155.21 350.95 261.63 -10 -10 -10 -100    0 -1000 -1000 -10
49 17 pedestrian 0 0 -10 352.14 163.50 384.99 257.62 -10 -10 -10 -100    0 -1000 -1000 -10
49 16 pedestrian 0 0 -10 269.71 155.04 319.87 248.82 -10 -10 -10 -100    0 -1000 -1000 -10
49 15 pedestrian 0 0 -10 586.85 164.72 614.99 191.28 -10 -10 -10 -100    0 -1000 -1000 -10
49 14 pedestrian 0 0 -10 453.36 158.06 491.19 263.86 -10 -10 -10 -100    0 -1000 -1000 -10
49 13 pedestrian 0 0 -10 343.68 150.62 488.38 198.68 -10 -10 -10 -100    0 -1000 -1000 -10
49 12 pedestrian 0 0 -10 275.00 157.21 309.46 263.61 -10 -10 -10 -100    0 -1000 -1000 -10
49 11 pedestrian 0 0 -10 402.37 155.39 450.34 270.93 -10 -10 -10 -100    0 -1000 -1000 -10
49 9 pedestrian 0 0 -10 522.75 164.09 576.66 195.47 -10 -10 -10 -100    0 -1000 -1000 -10
49 8 pedestrian 0 0 -10 799.88 147.50 882.63 334.56 -10 -10 -10 -100    0 -1000 -1000 -10
49 6 pedestrian 0 0 -10 180.87 160.54 223.59 211.33 -10 -10 -10 -100    0 -1000 -1000 -10
49 5 pedestrian 0 0 -10 602.00 170.95 636.99 206.19 -10 -10 -10 -100    0 -1000 -1000 -10
49 23 pedestrian 0 0 -10 481.55 161.35 526.13 185.95 -10 -10 -10 -100    0 -1000 -1000 -10
49 3 pedestrian 0 0 -10 1095.93 185.64 1223.59 244.09 -10 -10 -10 -100    0 -1000 -1000 -10
49 2 pedestrian 0 0 -10 952.77 181.67 1067.80 242.49 -10 -10 -10 -100    0 -1000 -1000 -10
49 1 pedestrian 0 0 -10 1032.44 184.10 1157.25 240.11 -10 -10 -10 -100    0 -1000 -1000 -10
50 21 pedestrian 0 0 -10 323.83 155.81 355.68 262.09 -10 -10 -10 -100    0 -1000 -1000 -10
50 17 pedestrian 0 0 -10 357.24 163.16 390.39 257.32 -10 -10 -10 -100    0 -1000 -1000 -10
50 16 pedestrian 0 0 -10 269.31 154.00 321.73 250.30 -10 -10 -10 -100    0 -1000 -1000 -10
50 15 pedestrian 0 0 -10 586.96 164.78 615.00 191.31 -10 -10 -10 -100    0 -1000 -1000 -10
50 14 pedestrian 0 0 -10 456.34 157.34 495.94 264.97 -10 -10 -10 -100    0 -1000 -1000 -10
50 13 pedestrian 0 0 -10 343.98 150.46 488.17 198.72 -10 -10 -10 -100    0 -1000 -1000 -10
50 12 pedestrian 0 0 -10 277.66 157.34 311.73 264.41 -10 -10 -10 -100    0 -1000 -1000 -10
50 11 pedestrian 0 0 -10 406.28 154.49 453.29 272.49 -10 -10 -10 -100    0 -1000 -1000 -10
50 9 pedestrian 0 0 -10 523.02 164.04 576.49 195.58 -10 -10 -10 -100    0 -1000 -1000 -10
50 8 pedestrian 0 0 -10 817.09 147.47 883.95 336.56 -10 -10 -10 -100    0 -1000 -1000 -10
50 6 pedestrian 0 0 -10 180.83 160.18 223.45 211.47 -10 -10 -10 -100    0 -1000 -1000 -10
50 5 pedestrian 0 0 -10 601.94 170.91 636.82 206.19 -10 -10 -10 -100    0 -1000 -1000 -10
50 23 pedestrian 0 0 -10 482.32 161.13 526.24 186.50 -10 -10 -10 -100    0 -1000 -1000 -10
50 3 pedestrian 0 0 -10 1095.71 185.61 1223.54 244.05 -10 -10 -10 -100    0 -1000 -1000 -10
50 2 pedestrian 0 0 -10 952.70 181.63 1067.92 242.47 -10 -10 -10 -100    0 -1000 -1000 -10
50 1 pedestrian 0 0 -10 1032.48 184.10 1157.30 240.12 -10 -10 -10 -100    0 -1000 -1000 -10
51 21 pedestrian 0 0 -10 327.72 156.09 359.76 262.16 -10 -10 -10 -100    0 -1000 -1000 -10
51 20 pedestrian 0 0 -10 315.51 154.19 369.47 250.83 -10 -10 -10 -100    0 -1000 -1000 -10
51 17 pedestrian 0 0 -10 360.31 163.26 394.53 258.97 -10 -10 -10 -100    0 -1000 -1000 -10
51 16 pedestrian 0 0 -10 269.77 154.19 319.57 248.04 -10 -10 -10 -100    0 -1000 -1000 -10
51 15 pedestrian 0 0 -10 587.09 164.97 615.23 191.54 -10 -10 -10 -100    0 -1000 -1000 -10
51 14 pedestrian 0 0 -10 460.50 157.40 499.75 265.91 -10 -10 -10 -100    0 -1000 -1000 -10
51 13 pedestrian 0 0 -10 343.94 150.41 487.81 198.46 -10 -10 -10 -100    0 -1000 -1000 -10
51 12 pedestrian 0 0 -10 281.28 156.51 317.07 266.01 -10 -10 -10 -100    0 -1000 -1000 -10
51 11 pedestrian 0 0 -10 413.04 153.50 455.56 272.72 -10 -10 -10 -100    0 -1000 -1000 -10
51 9 pedestrian 0 0 -10 523.40 164.08 576.87 195.63 -10 -10 -10 -100    0 -1000 -1000 -10
51 8 pedestrian 0 0 -10 832.03 147.26 905.31 339.63 -10 -10 -10 -100    0 -1000 -1000 -10
51 6 pedestrian 0 0 -10 181.17 160.06 223.80 211.44 -10 -10 -10 -100    0 -1000 -1000 -10
51 5 pedestrian 0 0 -10 602.18 171.04 636.85 206.24 -10 -10 -10 -100    0 -1000 -1000 -10
51 23 pedestrian 0 0 -10 482.10 161.08 526.50 187.09 -10 -10 -10 -100    0 -1000 -1000 -10
51 3 pedestrian 0 0 -10 1095.70 185.53 1223.63 244.14 -10 -10 -10 -100    0 -1000 -1000 -10
51 2 pedestrian 0 0 -10 952.71 181.59 1067.88 242.40 -10 -10 -10 -100    0 -1000 -1000 -10
51 1 pedestrian 0 0 -10 1032.63 184.07 1157.32 240.16 -10 -10 -10 -100    0 -1000 -1000 -10
52 21 pedestrian 0 0 -10 331.19 156.04 364.89 263.96 -10 -10 -10 -100    0 -1000 -1000 -10
52 20 pedestrian 0 0 -10 316.08 154.45 368.97 251.69 -10 -10 -10 -100    0 -1000 -1000 -10
52 17 pedestrian 0 0 -10 363.72 162.75 399.50 259.47 -10 -10 -10 -100    0 -1000 -1000 -10
52 16 pedestrian 0 0 -10 268.93 153.99 314.74 246.98 -10 -10 -10 -100    0 -1000 -1000 -10
52 15 pedestrian 0 0 -10 586.71 164.81 614.88 191.29 -10 -10 -10 -100    0 -1000 -1000 -10
52 14 pedestrian 0 0 -10 466.81 158.07 502.75 265.70 -10 -10 -10 -100    0 -1000 -1000 -10
52 13 pedestrian 0 0 -10 343.55 150.27 487.38 199.52 -10 -10 -10 -100    0 -1000 -1000 -10
52 12 pedestrian 0 0 -10 284.72 155.15 322.90 268.15 -10 -10 -10 -100    0 -1000 -1000 -10
52 11 pedestrian 0 0 -10 418.77 153.94 459.25 274.43 -10 -10 -10 -100    0 -1000 -1000 -10
52 9 pedestrian 0 0 -10 523.51 164.40 577.07 195.75 -10 -10 -10 -100    0 -1000 -1000 -10
52 8 pedestrian 0 0 -10 846.93 147.20 925.85 342.59 -10 -10 -10 -100    0 -1000 -1000 -10
52 6 pedestrian 0 0 -10 181.25 159.81 223.79 211.46 -10 -10 -10 -100    0 -1000 -1000 -10
52 5 pedestrian 0 0 -10 601.97 171.09 636.79 206.34 -10 -10 -10 -100    0 -1000 -1000 -10
52 23 pedestrian 0 0 -10 481.67 161.18 526.54 187.10 -10 -10 -10 -100    0 -1000 -1000 -10
52 3 pedestrian 0 0 -10 1095.60 185.41 1223.59 244.03 -10 -10 -10 -100    0 -1000 -1000 -10
52 2 pedestrian 0 0 -10 953.16 181.56 1067.75 242.35 -10 -10 -10 -100    0 -1000 -1000 -10
52 1 pedestrian 0 0 -10 1032.55 184.02 1157.34 240.16 -10 -10 -10 -100    0 -1000 -1000 -10
53 21 pedestrian 0 0 -10 335.72 157.10 369.83 264.22 -10 -10 -10 -100    0 -1000 -1000 -10
53 20 pedestrian 0 0 -10 317.15 154.17 366.97 247.27 -10 -10 -10 -100    0 -1000 -1000 -10
53 17 pedestrian 0 0 -10 368.33 163.17 403.78 259.66 -10 -10 -10 -100    0 -1000 -1000 -10
53 16 pedestrian 0 0 -10 270.62 154.46 315.33 247.37 -10 -10 -10 -100    0 -1000 -1000 -10
53 15 pedestrian 0 0 -10 586.96 164.90 615.20 191.56 -10 -10 -10 -100    0 -1000 -1000 -10
53 14 pedestrian 0 0 -10 471.15 158.20 506.78 267.09 -10 -10 -10 -100    0 -1000 -1000 -10
53 13 pedestrian 0 0 -10 343.57 150.99 487.14 199.35 -10 -10 -10 -100    0 -1000 -1000 -10
53 12 pedestrian 0 0 -10 286.68 156.83 328.58 268.00 -10 -10 -10 -100    0 -1000 -1000 -10
53 11 pedestrian 0 0 -10 423.21 152.97 465.31 278.03 -10 -10 -10 -100    0 -1000 -1000 -10
53 9 pedestrian 0 0 -10 523.10 164.16 576.98 195.64 -10 -10 -10 -100    0 -1000 -1000 -10
53 8 pedestrian 0 0 -10 859.91 148.45 947.04 345.47 -10 -10 -10 -100    0 -1000 -1000 -10
53 6 pedestrian 0 0 -10 181.20 159.70 223.82 211.48 -10 -10 -10 -100    0 -1000 -1000 -10
53 5 pedestrian 0 0 -10 602.06 170.98 636.61 206.33 -10 -10 -10 -100    0 -1000 -1000 -10
53 23 pedestrian 0 0 -10 481.16 160.81 526.28 187.13 -10 -10 -10 -100    0 -1000 -1000 -10
53 3 pedestrian 0 0 -10 1095.48 185.44 1223.63 243.96 -10 -10 -10 -100    0 -1000 -1000 -10
53 2 pedestrian 0 0 -10 952.81 181.56 1067.96 242.38 -10 -10 -10 -100    0 -1000 -1000 -10
53 1 pedestrian 0 0 -10 1032.56 184.05 1157.27 240.22 -10 -10 -10 -100    0 -1000 -1000 -10
54 24 pedestrian 0 0 -10 250.54 156.49 287.77 192.51 -10 -10 -10 -100    0 -1000 -1000 -10
54 21 pedestrian 0 0 -10 338.62 154.98 373.77 266.29 -10 -10 -10 -100    0 -1000 -1000 -10
54 20 pedestrian 0 0 -10 323.41 154.07 363.73 245.61 -10 -10 -10 -100    0 -1000 -1000 -10
54 17 pedestrian 0 0 -10 372.98 162.63 408.42 259.47 -10 -10 -10 -100    0 -1000 -1000 -10
54 16 pedestrian 0 0 -10 276.09 153.75 325.43 249.74 -10 -10 -10 -100    0 -1000 -1000 -10
54 15 pedestrian 0 0 -10 586.87 164.85 615.18 191.40 -10 -10 -10 -100    0 -1000 -1000 -10
54 14 pedestrian 0 0 -10 474.63 157.28 511.29 266.10 -10 -10 -10 -100    0 -1000 -1000 -10
54 13 pedestrian 0 0 -10 343.48 151.35 487.42 199.57 -10 -10 -10 -100    0 -1000 -1000 -10
54 12 pedestrian 0 0 -10 290.10 157.97 331.75 269.88 -10 -10 -10 -100    0 -1000 -1000 -10
54 11 pedestrian 0 0 -10 428.92 154.08 474.28 276.80 -10 -10 -10 -100    0 -1000 -1000 -10
54 9 pedestrian 0 0 -10 523.83 164.24 576.98 195.67 -10 -10 -10 -100    0 -1000 -1000 -10
54 8 pedestrian 0 0 -10 870.06 147.46 957.14 350.14 -10 -10 -10 -100    0 -1000 -1000 -10
54 6 pedestrian 0 0 -10 181.55 159.87 224.07 211.45 -10 -10 -10 -100    0 -1000 -1000 -10
54 5 pedestrian 0 0 -10 601.98 171.07 636.78 206.36 -10 -10 -10 -100    0 -1000 -1000 -10
54 23 pedestrian 0 0 -10 481.65 161.55 525.92 187.64 -10 -10 -10 -100    0 -1000 -1000 -10
54 3 pedestrian 0 0 -10 1095.83 185.46 1223.65 244.02 -10 -10 -10 -100    0 -1000 -1000 -10
54 2 pedestrian 0 0 -10 952.26 181.63 1068.03 242.48 -10 -10 -10 -100    0 -1000 -1000 -10
54 1 pedestrian 0 0 -10 1032.75 184.02 1157.41 240.18 -10 -10 -10 -100    0 -1000 -1000 -10
55 24 pedestrian 0 0 -10 250.59 156.56 287.11 193.03 -10 -10 -10 -100    0 -1000 -1000 -10
55 21 pedestrian 0 0 -10 342.67 156.73 376.95 265.69 -10 -10 -10 -100    0 -1000 -1000 -10
55 20 pedestrian 0 0 -10 323.63 154.85 362.37 249.75 -10 -10 -10 -100    0 -1000 -1000 -10
55 17 pedestrian 0 0 -10 376.92 163.33 412.16 260.51 -10 -10 -10 -100    0 -1000 -1000 -10
55 16 pedestrian 0 0 -10 281.76 152.60 320.23 248.16 -10 -10 -10 -100    0 -1000 -1000 -10
55 15 pedestrian 0 0 -10 586.85 164.86 615.20 191.41 -10 -10 -10 -100    0 -1000 -1000 -10
55 14 pedestrian 0 0 -10 478.17 157.73 518.06 266.77 -10 -10 -10 -100    0 -1000 -1000 -10
55 13 pedestrian 0 0 -10 343.74 151.08 487.89 199.35 -10 -10 -10 -100    0 -1000 -1000 -10
55 12 pedestrian 0 0 -10 295.94 157.04 337.16 272.29 -10 -10 -10 -100    0 -1000 -1000 -10
55 11 pedestrian 0 0 -10 433.11 153.47 480.80 279.06 -10 -10 -10 -100    0 -1000 -1000 -10
55 9 pedestrian 0 0 -10 523.69 164.08 576.38 195.69 -10 -10 -10 -100    0 -1000 -1000 -10
55 8 pedestrian 0 0 -10 886.37 147.25 966.02 351.20 -10 -10 -10 -100    0 -1000 -1000 -10
55 6 pedestrian 0 0 -10 181.50 160.10 224.10 211.51 -10 -10 -10 -100    0 -1000 -1000 -10
55 5 pedestrian 0 0 -10 602.11 171.03 636.75 206.30 -10 -10 -10 -100    0 -1000 -1000 -10
55 23 pedestrian 0 0 -10 481.84 161.48 524.89 187.69 -10 -10 -10 -100    0 -1000 -1000 -10
55 3 pedestrian 0 0 -10 1095.73 185.47 1223.65 244.12 -10 -10 -10 -100    0 -1000 -1000 -10
55 2 pedestrian 0 0 -10 952.25 181.64 1067.84 242.47 -10 -10 -10 -100    0 -1000 -1000 -10
55 1 pedestrian 0 0 -10 1032.70 184.00 1157.41 240.25 -10 -10 -10 -100    0 -1000 -1000 -10
56 22 pedestrian 0 0 -10 343.82 153.67 398.33 251.82 -10 -10 -10 -100    0 -1000 -1000 -10
56 21 pedestrian 0 0 -10 347.30 157.09 380.80 268.02 -10 -10 -10 -100    0 -1000 -1000 -10
56 17 pedestrian 0 0 -10 381.81 163.12 417.71 261.19 -10 -10 -10 -100    0 -1000 -1000 -10
56 16 pedestrian 0 0 -10 286.04 153.52 315.78 243.61 -10 -10 -10 -100    0 -1000 -1000 -10
56 15 pedestrian 0 0 -10 586.91 164.71 615.20 191.26 -10 -10 -10 -100    0 -1000 -1000 -10
56 14 pedestrian 0 0 -10 482.60 157.16 521.68 268.71 -10 -10 -10 -100    0 -1000 -1000 -10
56 13 pedestrian 0 0 -10 344.21 151.10 488.52 199.37 -10 -10 -10 -100    0 -1000 -1000 -10
56 12 pedestrian 0 0 -10 301.24 155.09 341.25 270.57 -10 -10 -10 -100    0 -1000 -1000 -10
56 11 pedestrian 0 0 -10 437.44 152.28 485.65 281.36 -10 -10 -10 -100    0 -1000 -1000 -10
56 9 pedestrian 0 0 -10 523.83 164.03 576.78 195.56 -10 -10 -10 -100    0 -1000 -1000 -10
56 8 pedestrian 0 0 -10 899.79 146.33 979.82 353.97 -10 -10 -10 -100    0 -1000 -1000 -10
56 6 pedestrian 0 0 -10 181.38 160.15 224.32 211.55 -10 -10 -10 -100    0 -1000 -1000 -10
56 5 pedestrian 0 0 -10 602.08 170.98 636.70 206.25 -10 -10 -10 -100    0 -1000 -1000 -10
56 23 pedestrian 0 0 -10 482.47 161.04 526.58 187.25 -10 -10 -10 -100    0 -1000 -1000 -10
56 3 pedestrian 0 0 -10 1095.68 185.40 1223.71 244.10 -10 -10 -10 -100    0 -1000 -1000 -10
56 2 pedestrian 0 0 -10 951.96 181.53 1068.08 242.87 -10 -10 -10 -100    0 -1000 -1000 -10
56 1 pedestrian 0 0 -10 1032.72 184.05 1157.22 240.23 -10 -10 -10 -100    0 -1000 -1000 -10
57 22 pedestrian 0 0 -10 344.58 153.05 399.79 252.48 -10 -10 -10 -100    0 -1000 -1000 -10
57 21 pedestrian 0 0 -10 350.98 155.10 386.97 269.35 -10 -10 -10 -100    0 -1000 -1000 -10
57 17 pedestrian 0 0 -10 386.79 162.97 422.89 261.64 -10 -10 -10 -100    0 -1000 -1000 -10
57 16 pedestrian 0 0 -10 289.96 154.09 317.13 245.20 -10 -10 -10 -100    0 -1000 -1000 -10
57 15 pedestrian 0 0 -10 586.63 164.47 615.15 191.22 -10 -10 -10 -100    0 -1000 -1000 -10
57 14 pedestrian 0 0 -10 488.75 157.66 526.81 268.19 -10 -10 -10 -100    0 -1000 -1000 -10
57 13 pedestrian 0 0 -10 344.80 150.56 488.61 198.25 -10 -10 -10 -100    0 -1000 -1000 -10
57 12 pedestrian 0 0 -10 304.96 157.32 344.37 271.79 -10 -10 -10 -100    0 -1000 -1000 -10
57 11 pedestrian 0 0 -10 442.54 151.95 485.46 280.76 -10 -10 -10 -100    0 -1000 -1000 -10
57 9 pedestrian 0 0 -10 523.53 163.89 576.68 195.84 -10 -10 -10 -100    0 -1000 -1000 -10
57 8 pedestrian 0 0 -10 909.57 144.41 1014.39 357.59 -10 -10 -10 -100    0 -1000 -1000 -10
57 6 pedestrian 0 0 -10 181.31 160.13 224.44 211.52 -10 -10 -10 -100    0 -1000 -1000 -10
57 5 pedestrian 0 0 -10 601.88 171.04 636.82 206.40 -10 -10 -10 -100    0 -1000 -1000 -10
57 23 pedestrian 0 0 -10 482.50 160.71 526.73 187.41 -10 -10 -10 -100    0 -1000 -1000 -10
57 3 pedestrian 0 0 -10 1095.20 185.41 1223.48 244.09 -10 -10 -10 -100    0 -1000 -1000 -10
57 2 pedestrian 0 0 -10 954.58 182.20 1068.61 243.41 -10 -10 -10 -100    0 -1000 -1000 -10
57 1 pedestrian 0 0 -10 1032.67 183.98 1157.27 240.13 -10 -10 -10 -100    0 -1000 -1000 -10
58 22 pedestrian 0 0 -10 344.68 153.32 400.10 252.78 -10 -10 -10 -100    0 -1000 -1000 -10
58 21 pedestrian 0 0 -10 352.64 155.93 391.58 270.53 -10 -10 -10 -100    0 -1000 -1000 -10
58 17 pedestrian 0 0 -10 390.10 161.76 425.70 261.78 -10 -10 -10 -100    0 -1000 -1000 -10
58 16 pedestrian 0 0 -10 292.19 153.77 322.47 252.23 -10 -10 -10 -100    0 -1000 -1000 -10
58 15 pedestrian 0 0 -10 586.66 164.44 615.35 191.22 -10 -10 -10 -100    0 -1000 -1000 -10
58 14 pedestrian 0 0 -10 494.91 156.81 532.96 269.51 -10 -10 -10 -100    0 -1000 -1000 -10
58 13 pedestrian 0 0 -10 344.82 150.63 488.80 197.77 -10 -10 -10 -100    0 -1000 -1000 -10
58 12 pedestrian 0 0 -10 309.65 155.08 348.65 271.95 -10 -10 -10 -100    0 -1000 -1000 -10
58 11 pedestrian 0 0 -10 447.96 153.07 489.50 280.68 -10 -10 -10 -100    0 -1000 -1000 -10
58 9 pedestrian 0 0 -10 522.60 163.73 576.37 195.96 -10 -10 -10 -100    0 -1000 -1000 -10
58 8 pedestrian 0 0 -10 919.80 146.18 1035.19 361.71 -10 -10 -10 -100    0 -1000 -1000 -10
58 6 pedestrian 0 0 -10 181.45 160.27 224.57 211.43 -10 -10 -10 -100    0 -1000 -1000 -10
58 5 pedestrian 0 0 -10 602.10 171.09 636.47 206.18 -10 -10 -10 -100    0 -1000 -1000 -10
58 23 pedestrian 0 0 -10 483.19 160.16 526.02 186.73 -10 -10 -10 -100    0 -1000 -1000 -10
58 3 pedestrian 0 0 -10 1095.52 185.37 1223.61 243.79 -10 -10 -10 -100    0 -1000 -1000 -10
58 2 pedestrian 0 0 -10 952.93 181.93 1068.79 243.52 -10 -10 -10 -100    0 -1000 -1000 -10
58 1 pedestrian 0 0 -10 1032.43 184.05 1157.09 240.17 -10 -10 -10 -100    0 -1000 -1000 -10
59 22 pedestrian 0 0 -10 345.45 153.50 405.88 252.42 -10 -10 -10 -100    0 -1000 -1000 -10
59 21 pedestrian 0 0 -10 355.70 157.16 393.55 273.42 -10 -10 -10 -100    0 -1000 -1000 -10
59 17 pedestrian 0 0 -10 391.69 160.73 428.23 263.24 -10 -10 -10 -100    0 -1000 -1000 -10
59 16 pedestrian 0 0 -10 294.93 152.10 323.72 249.73 -10 -10 -10 -100    0 -1000 -1000 -10
59 15 pedestrian 0 0 -10 586.59 164.38 615.24 191.24 -10 -10 -10 -100    0 -1000 -1000 -10
59 14 pedestrian 0 0 -10 497.75 156.15 538.39 270.96 -10 -10 -10 -100    0 -1000 -1000 -10
59 13 pedestrian 0 0 -10 344.50 150.70 488.27 197.78 -10 -10 -10 -100    0 -1000 -1000 -10
59 12 pedestrian 0 0 -10 315.24 156.63 352.75 273.57 -10 -10 -10 -100    0 -1000 -1000 -10
59 11 pedestrian 0 0 -10 451.36 153.51 498.48 280.40 -10 -10 -10 -100    0 -1000 -1000 -10
59 9 pedestrian 0 0 -10 523.03 163.63 576.33 195.91 -10 -10 -10 -100    0 -1000 -1000 -10
59 8 pedestrian 0 0 -10 930.60 144.89 1043.09 365.76 -10 -10 -10 -100    0 -1000 -1000 -10
59 6 pedestrian 0 0 -10 181.56 160.42 224.72 211.40 -10 -10 -10 -100    0 -1000 -1000 -10
59 5 pedestrian 0 0 -10 602.10 171.03 636.82 206.26 -10 -10 -10 -100    0 -1000 -1000 -10
59 23 pedestrian 0 0 -10 484.48 160.37 523.68 187.23 -10 -10 -10 -100    0 -1000 -1000 -10
59 3 pedestrian 0 0 -10 1095.54 185.48 1223.59 243.86 -10 -10 -10 -100    0 -1000 -1000 -10
59 2 pedestrian 0 0 -10 952.53 182.30 1068.38 242.58 -10 -10 -10 -100    0 -1000 -1000 -10
59 1 pedestrian 0 0 -10 1032.00 184.04 1156.97 240.07 -10 -10 -10 -100    0 -1000 -1000 -10
60 22 pedestrian 0 0 -10 346.70 153.12 408.47 251.41 -10 -10 -10 -100    0 -1000 -1000 -10
60 21 pedestrian 0 0 -10 361.76 156.61 398.98 271.46 -10 -10 -10 -100    0 -1000 -1000 -10
60 17 pedestrian 0 0 -10 396.32 162.00 432.85 263.97 -10 -10 -10 -100    0 -1000 -1000 -10
60 16 pedestrian 0 0 -10 296.23 153.36 327.66 250.10 -10 -10 -10 -100    0 -1000 -1000 -10
60 15 pedestrian 0 0 -10 586.13 164.51 615.18 191.87 -10 -10 -10 -100    0 -1000 -1000 -10
60 14 pedestrian 0 0 -10 501.43 156.69 545.22 270.56 -10 -10 -10 -100    0 -1000 -1000 -10
60 13 pedestrian 0 0 -10 344.42 150.67 489.24 198.13 -10 -10 -10 -100    0 -1000 -1000 -10
60 12 pedestrian 0 0 -10 318.08 157.90 356.39 274.43 -10 -10 -10 -100    0 -1000 -1000 -10
60 11 pedestrian 0 0 -10 454.42 153.06 505.82 281.64 -10 -10 -10 -100    0 -1000 -1000 -10
60 9 pedestrian 0 0 -10 523.91 163.81 576.25 196.17 -10 -10 -10 -100    0 -1000 -1000 -10
60 8 pedestrian 0 0 -10 956.27 147.73 1050.49 366.78 -10 -10 -10 -100    0 -1000 -1000 -10
60 6 pedestrian 0 0 -10 182.46 160.48 225.17 211.33 -10 -10 -10 -100    0 -1000 -1000 -10
60 5 pedestrian 0 0 -10 602.16 171.06 636.68 206.23 -10 -10 -10 -100    0 -1000 -1000 -10
60 3 pedestrian 0 0 -10 1095.29 185.49 1223.44 243.84 -10 -10 -10 -100    0 -1000 -1000 -10
60 2 pedestrian 0 0 -10 952.86 182.75 1069.08 242.58 -10 -10 -10 -100    0 -1000 -1000 -10
60 1 pedestrian 0 0 -10 1031.78 184.01 1156.94 240.07 -10 -10 -10 -100    0 -1000 -1000 -10
61 24 pedestrian 0 0 -10 274.03 152.17 290.54 197.21 -10 -10 -10 -100    0 -1000 -1000 -10
61 22 pedestrian 0 0 -10 347.25 152.58 410.16 252.95 -10 -10 -10 -100    0 -1000 -1000 -10
61 21 pedestrian 0 0 -10 368.20 155.35 404.64 271.67 -10 -10 -10 -100    0 -1000 -1000 -10
61 17 pedestrian 0 0 -10 399.95 161.69 436.31 264.39 -10 -10 -10 -100    0 -1000 -1000 -10
61 16 pedestrian 0 0 -10 299.52 152.83 330.15 250.02 -10 -10 -10 -100    0 -1000 -1000 -10
61 15 pedestrian 0 0 -10 586.22 164.85 615.35 192.16 -10 -10 -10 -100    0 -1000 -1000 -10
61 14 pedestrian 0 0 -10 507.59 156.44 551.62 270.97 -10 -10 -10 -100    0 -1000 -1000 -10
61 13 pedestrian 0 0 -10 344.77 150.24 489.37 198.40 -10 -10 -10 -100    0 -1000 -1000 -10
61 12 pedestrian 0 0 -10 321.21 157.47 359.89 276.21 -10 -10 -10 -100    0 -1000 -1000 -10
61 11 pedestrian 0 0 -10 459.52 151.74 509.23 281.85 -10 -10 -10 -100    0 -1000 -1000 -10
61 9 pedestrian 0 0 -10 524.05 163.76 576.27 196.48 -10 -10 -10 -100    0 -1000 -1000 -10
61 8 pedestrian 0 0 -10 980.50 148.14 1079.48 370.00 -10 -10 -10 -100    0 -1000 -1000 -10
61 6 pedestrian 0 0 -10 182.97 160.76 225.30 211.60 -10 -10 -10 -100    0 -1000 -1000 -10
61 5 pedestrian 0 0 -10 602.15 171.10 636.63 206.36 -10 -10 -10 -100    0 -1000 -1000 -10
61 3 pedestrian 0 0 -10 1095.68 185.43 1223.47 243.78 -10 -10 -10 -100    0 -1000 -1000 -10
61 2 pedestrian 0 0 -10 952.76 181.93 1067.75 242.74 -10 -10 -10 -100    0 -1000 -1000 -10
61 1 pedestrian 0 0 -10 1032.01 183.91 1157.16 240.21 -10 -10 -10 -100    0 -1000 -1000 -10
62 24 pedestrian 0 0 -10 273.42 152.48 289.48 197.96 -10 -10 -10 -100    0 -1000 -1000 -10
62 22 pedestrian 0 0 -10 347.67 151.36 411.47 257.70 -10 -10 -10 -100    0 -1000 -1000 -10
62 21 pedestrian 0 0 -10 371.64 153.46 409.89 271.73 -10 -10 -10 -100    0 -1000 -1000 -10
62 17 pedestrian 0 0 -10 404.43 161.49 441.50 264.65 -10 -10 -10 -100    0 -1000 -1000 -10
62 16 pedestrian 0 0 -10 305.76 153.52 335.62 253.95 -10 -10 -10 -100    0 -1000 -1000 -10
62 15 pedestrian 0 0 -10 585.88 164.34 615.35 191.88 -10 -10 -10 -100    0 -1000 -1000 -10
62 14 pedestrian 0 0 -10 512.38 155.76 554.02 272.39 -10 -10 -10 -100    0 -1000 -1000 -10
62 13 pedestrian 0 0 -10 344.39 150.04 489.77 198.97 -10 -10 -10 -100    0 -1000 -1000 -10
62 12 pedestrian 0 0 -10 326.03 156.81 365.90 277.95 -10 -10 -10 -100    0 -1000 -1000 -10
62 11 pedestrian 0 0 -10 468.09 150.47 511.94 283.20 -10 -10 -10 -100    0 -1000 -1000 -10
62 9 pedestrian 0 0 -10 523.89 163.37 576.16 196.02 -10 -10 -10 -100    0 -1000 -1000 -10
62 8 pedestrian 0 0 -10 1002.85 143.13 1112.33 370.00 -10 -10 -10 -100    0 -1000 -1000 -10
62 6 pedestrian 0 0 -10 182.54 160.84 225.18 211.39 -10 -10 -10 -100    0 -1000 -1000 -10
62 5 pedestrian 0 0 -10 601.98 170.99 636.48 206.33 -10 -10 -10 -100    0 -1000 -1000 -10
62 3 pedestrian 0 0 -10 1095.28 185.32 1223.76 244.11 -10 -10 -10 -100    0 -1000 -1000 -10
62 2 pedestrian 0 0 -10 953.42 181.74 1067.88 242.38 -10 -10 -10 -100    0 -1000 -1000 -10
62 1 pedestrian 0 0 -10 1030.74 183.74 1157.66 240.32 -10 -10 -10 -100    0 -1000 -1000 -10
63 24 pedestrian 0 0 -10 271.88 152.03 288.26 197.26 -10 -10 -10 -100    0 -1000 -1000 -10
63 22 pedestrian 0 0 -10 346.87 151.85 411.06 257.13 -10 -10 -10 -100    0 -1000 -1000 -10
63 21 pedestrian 0 0 -10 375.68 154.88 413.22 273.60 -10 -10 -10 -100    0 -1000 -1000 -10
63 17 pedestrian 0 0 -10 407.41 163.01 443.89 265.17 -10 -10 -10 -100    0 -1000 -1000 -10
63 16 pedestrian 0 0 -10 305.84 153.49 335.32 253.78 -10 -10 -10 -100    0 -1000 -1000 -10
63 15 pedestrian 0 0 -10 586.12 164.19 615.31 191.73 -10 -10 -10 -100    0 -1000 -1000 -10
63 14 pedestrian 0 0 -10 518.57 156.20 556.91 274.16 -10 -10 -10 -100    0 -1000 -1000 -10
63 13 pedestrian 0 0 -10 344.01 150.07 489.75 199.07 -10 -10 -10 -100    0 -1000 -1000 -10
63 12 pedestrian 0 0 -10 330.56 157.58 372.51 279.01 -10 -10 -10 -100    0 -1000 -1000 -10
63 11 pedestrian 0 0 -10 474.04 151.52 517.69 282.62 -10 -10 -10 -100    0 -1000 -1000 -10
63 9 pedestrian 0 0 -10 523.13 163.21 576.19 195.81 -10 -10 -10 -100    0 -1000 -1000 -10
63 8 pedestrian 0 0 -10 1010.76 144.23 1136.67 370.00 -10 -10 -10 -100    0 -1000 -1000 -10
63 6 pedestrian 0 0 -10 182.49 160.64 225.18 211.38 -10 -10 -10 -100    0 -1000 -1000 -10
63 5 pedestrian 0 0 -10 602.08 170.97 636.53 206.33 -10 -10 -10 -100    0 -1000 -1000 -10
63 3 pedestrian 0 0 -10 1093.50 185.15 1223.20 243.44 -10 -10 -10 -100    0 -1000 -1000 -10
63 2 pedestrian 0 0 -10 953.27 181.36 1069.72 242.40 -10 -10 -10 -100    0 -1000 -1000 -10
63 1 pedestrian 0 0 -10 1033.91 184.61 1158.04 239.51 -10 -10 -10 -100    0 -1000 -1000 -10
64 24 pedestrian 0 0 -10 270.69 152.39 286.54 198.78 -10 -10 -10 -100    0 -1000 -1000 -10
64 22 pedestrian 0 0 -10 348.01 152.55 411.15 258.68 -10 -10 -10 -100    0 -1000 -1000 -10
64 21 pedestrian 0 0 -10 381.10 156.17 419.37 272.51 -10 -10 -10 -100    0 -1000 -1000 -10
64 17 pedestrian 0 0 -10 412.22 162.39 448.54 267.70 -10 -10 -10 -100    0 -1000 -1000 -10
64 16 pedestrian 0 0 -10 307.92 153.48 337.73 253.86 -10 -10 -10 -100    0 -1000 -1000 -10
64 15 pedestrian 0 0 -10 586.01 164.28 615.19 191.73 -10 -10 -10 -100    0 -1000 -1000 -10
64 14 pedestrian 0 0 -10 521.42 155.93 560.59 274.77 -10 -10 -10 -100    0 -1000 -1000 -10
64 13 pedestrian 0 0 -10 343.90 151.08 489.26 199.97 -10 -10 -10 -100    0 -1000 -1000 -10
64 12 pedestrian 0 0 -10 334.69 156.82 379.50 278.99 -10 -10 -10 -100    0 -1000 -1000 -10
64 11 pedestrian 0 0 -10 480.05 151.62 524.54 284.11 -10 -10 -10 -100    0 -1000 -1000 -10
64 9 pedestrian 0 0 -10 522.92 163.59 575.92 196.35 -10 -10 -10 -100    0 -1000 -1000 -10
64 8 pedestrian 0 0 -10 1020.31 141.99 1145.09 370.00 -10 -10 -10 -100    0 -1000 -1000 -10
64 6 pedestrian 0 0 -10 182.09 160.00 225.07 211.43 -10 -10 -10 -100    0 -1000 -1000 -10
64 5 pedestrian 0 0 -10 601.87 170.99 636.77 206.46 -10 -10 -10 -100    0 -1000 -1000 -10
64 3 pedestrian 0 0 -10 1092.98 185.20 1223.29 243.60 -10 -10 -10 -100    0 -1000 -1000 -10
64 2 pedestrian 0 0 -10 953.20 181.37 1067.98 242.40 -10 -10 -10 -100    0 -1000 -1000 -10
64 1 pedestrian 0 0 -10 1031.30 184.98 1158.40 239.94 -10 -10 -10 -100    0 -1000 -1000 -10
65 24 pedestrian 0 0 -10 269.89 152.35 285.93 198.73 -10 -10 -10 -100    0 -1000 -1000 -10
65 21 pedestrian 0 0 -10 385.62 157.28 423.55 274.24 -10 -10 -10 -100    0 -1000 -1000 -10
65 17 pedestrian 0 0 -10 418.69 162.58 456.08 266.76 -10 -10 -10 -100    0 -1000 -1000 -10
65 16 pedestrian 0 0 -10 310.03 153.89 340.00 254.23 -10 -10 -10 -100    0 -1000 -1000 -10
65 15 pedestrian 0 0 -10 586.72 164.47 615.52 191.52 -10 -10 -10 -100    0 -1000 -1000 -10
65 14 pedestrian 0 0 -10 525.10 154.47 569.65 274.69 -10 -10 -10 -100    0 -1000 -1000 -10
65 13 pedestrian 0 0 -10 344.22 150.79 489.25 200.16 -10 -10 -10 -100    0 -1000 -1000 -10
65 12 pedestrian 0 0 -10 337.81 157.60 382.63 279.81 -10 -10 -10 -100    0 -1000 -1000 -10
65 11 pedestrian 0 0 -10 484.26 151.18 534.79 283.88 -10 -10 -10 -100    0 -1000 -1000 -10
65 9 pedestrian 0 0 -10 523.32 163.78 576.01 195.82 -10 -10 -10 -100    0 -1000 -1000 -10
65 8 pedestrian 0 0 -10 1049.34 145.50 1152.98 370.00 -10 -10 -10 -100    0 -1000 -1000 -10
65 6 pedestrian 0 0 -10 182.15 159.95 225.19 211.48 -10 -10 -10 -100    0 -1000 -1000 -10
65 5 pedestrian 0 0 -10 601.92 170.90 636.51 206.34 -10 -10 -10 -100    0 -1000 -1000 -10
65 3 pedestrian 0 0 -10 1093.95 184.88 1223.61 244.36 -10 -10 -10 -100    0 -1000 -1000 -10
65 2 pedestrian 0 0 -10 953.06 181.42 1068.18 242.41 -10 -10 -10 -100    0 -1000 -1000 -10
65 1 pedestrian 0 0 -10 1031.91 184.61 1157.43 240.39 -10 -10 -10 -100    0 -1000 -1000 -10
66 24 pedestrian 0 0 -10 268.03 150.67 285.13 199.96 -10 -10 -10 -100    0 -1000 -1000 -10
66 21 pedestrian 0 0 -10 391.89 156.52 428.77 274.72 -10 -10 -10 -100    0 -1000 -1000 -10
66 20 pedestrian 0 0 -10 345.71 153.07 398.63 254.34 -10 -10 -10 -100    0 -1000 -1000 -10
66 17 pedestrian 0 0 -10 424.68 161.24 462.54 266.92 -10 -10 -10 -100    0 -1000 -1000 -10
66 16 pedestrian 0 0 -10 313.45 154.00 345.06 254.94 -10 -10 -10 -100    0 -1000 -1000 -10
66 15 pedestrian 0 0 -10 586.67 164.40 615.37 191.39 -10 -10 -10 -100    0 -1000 -1000 -10
66 14 pedestrian 0 0 -10 528.83 154.74 577.54 276.40 -10 -10 -10 -100    0 -1000 -1000 -10
66 13 pedestrian 0 0 -10 343.84 150.28 489.57 199.35 -10 -10 -10 -100    0 -1000 -1000 -10
66 12 pedestrian 0 0 -10 341.34 156.26 386.44 282.30 -10 -10 -10 -100    0 -1000 -1000 -10
66 11 pedestrian 0 0 -10 488.87 150.91 538.83 287.20 -10 -10 -10 -100    0 -1000 -1000 -10
66 9 pedestrian 0 0 -10 523.40 163.83 575.81 195.48 -10 -10 -10 -100    0 -1000 -1000 -10
66 8 pedestrian 0 0 -10 1071.83 144.18 1180.23 370.00 -10 -10 -10 -100    0 -1000 -1000 -10
66 6 pedestrian 0 0 -10 181.85 159.96 224.95 211.48 -10 -10 -10 -100    0 -1000 -1000 -10
66 5 pedestrian 0 0 -10 601.97 170.82 636.47 206.38 -10 -10 -10 -100    0 -1000 -1000 -10
66 3 pedestrian 0 0 -10 1093.78 184.74 1221.91 244.10 -10 -10 -10 -100    0 -1000 -1000 -10
66 2 pedestrian 0 0 -10 953.12 181.56 1068.10 242.62 -10 -10 -10 -100    0 -1000 -1000 -10
66 1 pedestrian 0 0 -10 1032.09 183.87 1158.07 241.12 -10 -10 -10 -100    0 -1000 -1000 -10
67 24 pedestrian 0 0 -10 266.98 150.69 283.94 200.37 -10 -10 -10 -100    0 -1000 -1000 -10
67 21 pedestrian 0 0 -10 395.80 157.26 433.67 276.02 -10 -10 -10 -100    0 -1000 -1000 -10
67 20 pedestrian 0 0 -10 346.14 152.24 399.40 253.71 -10 -10 -10 -100    0 -1000 -1000 -10
67 17 pedestrian 0 0 -10 429.35 162.14 466.85 267.32 -10 -10 -10 -100    0 -1000 -1000 -10
67 16 pedestrian 0 0 -10 318.45 153.48 351.50 255.42 -10 -10 -10 -100    0 -1000 -1000 -10
67 15 pedestrian 0 0 -10 586.94 164.27 615.54 190.93 -10 -10 -10 -100    0 -1000 -1000 -10
67 14 pedestrian 0 0 -10 536.33 154.88 580.85 276.78 -10 -10 -10 -100    0 -1000 -1000 -10
67 13 pedestrian 0 0 -10 344.59 149.76 489.71 198.96 -10 -10 -10 -100    0 -1000 -1000 -10
67 12 pedestrian 0 0 -10 346.78 155.06 392.34 283.18 -10 -10 -10 -100    0 -1000 -1000 -10
67 11 pedestrian 0 0 -10 495.93 152.84 544.03 288.77 -10 -10 -10 -100    0 -1000 -1000 -10
67 9 pedestrian 0 0 -10 523.94 163.82 576.50 195.86 -10 -10 -10 -100    0 -1000 -1000 -10
67 8 pedestrian 0 0 -10 1082.32 144.35 1211.13 370.00 -10 -10 -10 -100    0 -1000 -1000 -10
67 6 pedestrian 0 0 -10 182.09 159.96 225.18 211.37 -10 -10 -10 -100    0 -1000 -1000 -10
67 5 pedestrian 0 0 -10 601.94 170.75 636.66 206.40 -10 -10 -10 -100    0 -1000 -1000 -10
67 3 pedestrian 0 0 -10 1095.49 185.86 1221.72 244.18 -10 -10 -10 -100    0 -1000 -1000 -10
67 2 pedestrian 0 0 -10 953.15 181.40 1068.04 242.61 -10 -10 -10 -100    0 -1000 -1000 -10
67 1 pedestrian 0 0 -10 1032.47 184.00 1159.84 240.59 -10 -10 -10 -100    0 -1000 -1000 -10
68 24 pedestrian 0 0 -10 264.88 151.23 282.68 199.92 -10 -10 -10 -100    0 -1000 -1000 -10
68 21 pedestrian 0 0 -10 401.28 156.43 438.51 278.33 -10 -10 -10 -100    0 -1000 -1000 -10
68 20 pedestrian 0 0 -10 346.83 151.97 401.09 253.98 -10 -10 -10 -100    0 -1000 -1000 -10
68 17 pedestrian 0 0 -10 432.57 160.53 471.16 270.94 -10 -10 -10 -100    0 -1000 -1000 -10
68 16 pedestrian 0 0 -10 322.14 154.32 356.99 257.68 -10 -10 -10 -100    0 -1000 -1000 -10
68 15 pedestrian 0 0 -10 585.65 163.94 615.32 190.06 -10 -10 -10 -100    0 -1000 -1000 -10
68 14 pedestrian 0 0 -10 544.39 153.99 589.35 278.31 -10 -10 -10 -100    0 -1000 -1000 -10
68 13 pedestrian 0 0 -10 344.80 149.55 490.56 198.37 -10 -10 -10 -100    0 -1000 -1000 -10
68 12 pedestrian 0 0 -10 353.44 153.84 397.74 282.97 -10 -10 -10 -100    0 -1000 -1000 -10
68 11 pedestrian 0 0 -10 503.11 151.01 545.07 289.53 -10 -10 -10 -100    0 -1000 -1000 -10
68 9 pedestrian 0 0 -10 523.91 164.00 576.26 195.83 -10 -10 -10 -100    0 -1000 -1000 -10
68 8 pedestrian 0 0 -10 1078.47 143.43 1218.02 370.00 -10 -10 -10 -100    0 -1000 -1000 -10
68 6 pedestrian 0 0 -10 181.65 159.82 225.01 211.41 -10 -10 -10 -100    0 -1000 -1000 -10
68 5 pedestrian 0 0 -10 601.79 170.70 636.73 206.80 -10 -10 -10 -100    0 -1000 -1000 -10
68 3 pedestrian 0 0 -10 1096.07 185.79 1222.11 243.31 -10 -10 -10 -100    0 -1000 -1000 -10
68 2 pedestrian 0 0 -10 953.42 181.45 1067.87 242.59 -10 -10 -10 -100    0 -1000 -1000 -10
68 1 pedestrian 0 0 -10 1032.58 184.02 1157.84 240.59 -10 -10 -10 -100    0 -1000 -1000 -10
69 24 pedestrian 0 0 -10 265.90 150.34 283.87 201.02 -10 -10 -10 -100    0 -1000 -1000 -10
69 21 pedestrian 0 0 -10 404.46 157.90 444.39 280.27 -10 -10 -10 -100    0 -1000 -1000 -10
69 20 pedestrian 0 0 -10 348.97 153.17 402.68 254.74 -10 -10 -10 -100    0 -1000 -1000 -10
69 17 pedestrian 0 0 -10 438.73 162.32 477.06 270.07 -10 -10 -10 -100    0 -1000 -1000 -10
69 16 pedestrian 0 0 -10 324.99 154.37 361.45 261.59 -10 -10 -10 -100    0 -1000 -1000 -10
69 15 pedestrian 0 0 -10 585.95 164.30 615.81 191.10 -10 -10 -10 -100    0 -1000 -1000 -10
69 14 pedestrian 0 0 -10 552.60 153.89 601.91 278.54 -10 -10 -10 -100    0 -1000 -1000 -10
69 13 pedestrian 0 0 -10 345.26 150.67 490.71 199.03 -10 -10 -10 -100    0 -1000 -1000 -10
69 12 pedestrian 0 0 -10 359.85 156.83 403.36 285.02 -10 -10 -10 -100    0 -1000 -1000 -10
69 11 pedestrian 0 0 -10 508.49 153.00 552.81 290.42 -10 -10 -10 -100    0 -1000 -1000 -10
69 9 pedestrian 0 0 -10 524.06 163.94 576.13 195.56 -10 -10 -10 -100    0 -1000 -1000 -10
69 8 pedestrian 0 0 -10 1105.41 141.73 1223.70 370.00 -10 -10 -10 -100    0 -1000 -1000 -10
69 6 pedestrian 0 0 -10 181.95 159.85 225.27 211.31 -10 -10 -10 -100    0 -1000 -1000 -10
69 5 pedestrian 0 0 -10 601.33 170.71 636.24 206.83 -10 -10 -10 -100    0 -1000 -1000 -10
69 3 pedestrian 0 0 -10 1095.74 185.32 1222.29 242.73 -10 -10 -10 -100    0 -1000 -1000 -10
69 2 pedestrian 0 0 -10 953.18 181.53 1067.97 242.50 -10 -10 -10 -100    0 -1000 -1000 -10
69 1 pedestrian 0 0 -10 1032.77 184.12 1157.49 240.35 -10 -10 -10 -100    0 -1000 -1000 -10
70 24 pedestrian 0 0 -10 263.26 151.41 281.51 198.29 -10 -10 -10 -100    0 -1000 -1000 -10
70 21 pedestrian 0 0 -10 409.02 156.60 448.75 282.15 -10 -10 -10 -100    0 -1000 -1000 -10
70 20 pedestrian 0 0 -10 351.76 154.28 407.41 255.16 -10 -10 -10 -100    0 -1000 -1000 -10
70 17 pedestrian 0 0 -10 443.96 162.64 482.62 273.39 -10 -10 -10 -100    0 -1000 -1000 -10
70 16 pedestrian 0 0 -10 326.72 153.22 363.60 261.60 -10 -10 -10 -100    0 -1000 -1000 -10
70 15 pedestrian 0 0 -10 585.04 164.24 615.01 191.12 -10 -10 -10 -100    0 -1000 -1000 -10
70 14 pedestrian 0 0 -10 557.86 153.54 611.60 279.98 -10 -10 -10 -100    0 -1000 -1000 -10
70 13 pedestrian 0 0 -10 345.35 151.00 490.84 198.36 -10 -10 -10 -100    0 -1000 -1000 -10
70 12 pedestrian 0 0 -10 364.60 157.90 407.86 286.36 -10 -10 -10 -100    0 -1000 -1000 -10
70 11 pedestrian 0 0 -10 509.82 152.72 561.81 292.22 -10 -10 -10 -100    0 -1000 -1000 -10
70 9 pedestrian 0 0 -10 524.09 163.70 576.36 195.26 -10 -10 -10 -100    0 -1000 -1000 -10
70 8 pedestrian 0 0 -10 1147.58 135.71 1223.69 370.00 -10 -10 -10 -100    0 -1000 -1000 -10
70 6 pedestrian 0 0 -10 182.10 159.89 225.22 211.28 -10 -10 -10 -100    0 -1000 -1000 -10
70 5 pedestrian 0 0 -10 601.43 170.61 636.63 207.08 -10 -10 -10 -100    0 -1000 -1000 -10
70 3 pedestrian 0 0 -10 1095.58 185.55 1221.86 242.38 -10 -10 -10 -100    0 -1000 -1000 -10
70 2 pedestrian 0 0 -10 953.05 181.52 1068.06 242.45 -10 -10 -10 -100    0 -1000 -1000 -10
70 1 pedestrian 0 0 -10 1032.61 184.14 1156.90 240.37 -10 -10 -10 -100    0 -1000 -1000 -10
71 24 pedestrian 0 0 -10 261.08 150.84 279.22 198.29 -10 -10 -10 -100    0 -1000 -1000 -10
71 21 pedestrian 0 0 -10 414.66 156.66 455.81 281.87 -10 -10 -10 -100    0 -1000 -1000 -10
71 20 pedestrian 0 0 -10 356.14 154.15 413.24 257.06 -10 -10 -10 -100    0 -1000 -1000 -10
71 17 pedestrian 0 0 -10 450.77 161.80 489.67 271.86 -10 -10 -10 -100    0 -1000 -1000 -10
71 16 pedestrian 0 0 -10 332.25 152.69 366.17 262.42 -10 -10 -10 -100    0 -1000 -1000 -10
71 15 pedestrian 0 0 -10 586.70 164.65 615.46 191.42 -10 -10 -10 -100    0 -1000 -1000 -10
71 14 pedestrian 0 0 -10 561.09 153.83 618.76 282.45 -10 -10 -10 -100    0 -1000 -1000 -10
71 13 pedestrian 0 0 -10 345.12 150.78 490.68 198.57 -10 -10 -10 -100    0 -1000 -1000 -10
71 12 pedestrian 0 0 -10 368.43 157.32 410.86 288.48 -10 -10 -10 -100    0 -1000 -1000 -10
71 11 pedestrian 0 0 -10 515.29 152.57 570.05 294.36 -10 -10 -10 -100    0 -1000 -1000 -10
71 9 pedestrian 0 0 -10 522.83 164.51 576.20 196.23 -10 -10 -10 -100    0 -1000 -1000 -10
71 8 pedestrian 0 0 -10 1182.37 132.68 1224.00 370.00 -10 -10 -10 -100    0 -1000 -1000 -10
71 6 pedestrian 0 0 -10 181.76 159.91 225.21 211.22 -10 -10 -10 -100    0 -1000 -1000 -10
71 5 pedestrian 0 0 -10 602.60 171.04 636.61 206.78 -10 -10 -10 -100    0 -1000 -1000 -10
71 3 pedestrian 0 0 -10 1095.32 185.24 1223.13 243.38 -10 -10 -10 -100    0 -1000 -1000 -10
71 2 pedestrian 0 0 -10 953.34 181.55 1068.28 242.49 -10 -10 -10 -100    0 -1000 -1000 -10
71 1 pedestrian 0 0 -10 1032.59 184.11 1156.96 240.35 -10 -10 -10 -100    0 -1000 -1000 -10
72 24 pedestrian 0 0 -10 259.92 150.75 278.27 198.62 -10 -10 -10 -100    0 -1000 -1000 -10
72 21 pedestrian 0 0 -10 418.19 154.82 461.18 282.01 -10 -10 -10 -100    0 -1000 -1000 -10
72 20 pedestrian 0 0 -10 360.59 153.81 412.35 255.18 -10 -10 -10 -100    0 -1000 -1000 -10
72 17 pedestrian 0 0 -10 454.22 160.32 498.52 272.92 -10 -10 -10 -100    0 -1000 -1000 -10
72 16 pedestrian 0 0 -10 334.23 153.13 369.32 264.82 -10 -10 -10 -100    0 -1000 -1000 -10
72 15 pedestrian 0 0 -10 586.37 165.30 614.82 192.05 -10 -10 -10 -100    0 -1000 -1000 -10
72 14 pedestrian 0 0 -10 567.09 156.22 624.09 283.73 -10 -10 -10 -100    0 -1000 -1000 -10
72 13 pedestrian 0 0 -10 345.12 149.90 490.98 197.50 -10 -10 -10 -100    0 -1000 -1000 -10
72 12 pedestrian 0 0 -10 371.49 156.78 415.23 288.18 -10 -10 -10 -100    0 -1000 -1000 -10
72 11 pedestrian 0 0 -10 519.54 153.14 574.61 294.33 -10 -10 -10 -100    0 -1000 -1000 -10
72 9 pedestrian 0 0 -10 523.25 164.79 576.13 197.65 -10 -10 -10 -100    0 -1000 -1000 -10
72 6 pedestrian 0 0 -10 182.09 159.76 225.61 211.13 -10 -10 -10 -100    0 -1000 -1000 -10
72 5 pedestrian 0 0 -10 602.04 171.12 636.23 206.88 -10 -10 -10 -100    0 -1000 -1000 -10
72 3 pedestrian 0 0 -10 1095.11 185.33 1223.36 243.70 -10 -10 -10 -100    0 -1000 -1000 -10
72 2 pedestrian 0 0 -10 953.02 181.57 1068.07 242.49 -10 -10 -10 -100    0 -1000 -1000 -10
72 1 pedestrian 0 0 -10 1032.50 184.11 1157.08 240.31 -10 -10 -10 -100    0 -1000 -1000 -10
73 24 pedestrian 0 0 -10 259.06 150.08 277.64 200.47 -10 -10 -10 -100    0 -1000 -1000 -10
73 21 pedestrian 0 0 -10 424.41 154.63 465.83 282.44 -10 -10 -10 -100    0 -1000 -1000 -10
73 20 pedestrian 0 0 -10 369.96 153.99 419.88 257.28 -10 -10 -10 -100    0 -1000 -1000 -10
73 17 pedestrian 0 0 -10 458.43 158.75 501.86 274.09 -10 -10 -10 -100    0 -1000 -1000 -10
73 16 pedestrian 0 0 -10 335.75 154.11 372.13 263.06 -10 -10 -10 -100    0 -1000 -1000 -10
73 15 pedestrian 0 0 -10 585.88 163.95 614.09 191.40 -10 -10 -10 -100    0 -1000 -1000 -10
73 14 pedestrian 0 0 -10 574.86 155.77 624.01 285.33 -10 -10 -10 -100    0 -1000 -1000 -10
73 13 pedestrian 0 0 -10 344.88 149.30 490.86 198.09 -10 -10 -10 -100    0 -1000 -1000 -10
73 12 pedestrian 0 0 -10 376.20 157.98 420.29 289.54 -10 -10 -10 -100    0 -1000 -1000 -10
73 11 pedestrian 0 0 -10 531.65 152.32 579.68 296.87 -10 -10 -10 -100    0 -1000 -1000 -10
73 9 pedestrian 0 0 -10 523.48 164.76 576.43 197.24 -10 -10 -10 -100    0 -1000 -1000 -10
73 6 pedestrian 0 0 -10 182.43 159.92 225.85 211.02 -10 -10 -10 -100    0 -1000 -1000 -10
73 5 pedestrian 0 0 -10 601.48 171.13 636.17 206.59 -10 -10 -10 -100    0 -1000 -1000 -10
73 3 pedestrian 0 0 -10 1095.03 185.32 1223.32 243.59 -10 -10 -10 -100    0 -1000 -1000 -10
73 2 pedestrian 0 0 -10 953.24 181.48 1067.86 242.41 -10 -10 -10 -100    0 -1000 -1000 -10
73 1 pedestrian 0 0 -10 1032.58 184.11 1156.97 240.34 -10 -10 -10 -100    0 -1000 -1000 -10
74 24 pedestrian 0 0 -10 257.78 150.40 276.57 201.36 -10 -10 -10 -100    0 -1000 -1000 -10
74 21 pedestrian 0 0 -10 430.66 154.54 472.53 282.86 -10 -10 -10 -100    0 -1000 -1000 -10
74 20 pedestrian 0 0 -10 373.26 153.58 415.52 255.74 -10 -10 -10 -100    0 -1000 -1000 -10
74 17 pedestrian 0 0 -10 463.88 160.77 505.31 275.06 -10 -10 -10 -100    0 -1000 -1000 -10
74 16 pedestrian 0 0 -10 338.60 154.01 374.65 263.71 -10 -10 -10 -100    0 -1000 -1000 -10
74 15 pedestrian 0 0 -10 585.22 163.53 614.92 191.27 -10 -10 -10 -100    0 -1000 -1000 -10
74 14 pedestrian 0 0 -10 581.18 154.59 624.21 284.85 -10 -10 -10 -100    0 -1000 -1000 -10
74 13 pedestrian 0 0 -10 345.67 149.63 490.88 198.82 -10 -10 -10 -100    0 -1000 -1000 -10
74 12 pedestrian 0 0 -10 381.92 156.94 428.87 291.36 -10 -10 -10 -100    0 -1000 -1000 -10
74 11 pedestrian 0 0 -10 541.87 152.55 591.07 297.31 -10 -10 -10 -100    0 -1000 -1000 -10
74 9 pedestrian 0 0 -10 523.64 164.40 576.02 196.80 -10 -10 -10 -100    0 -1000 -1000 -10
74 6 pedestrian 0 0 -10 182.63 159.92 225.96 210.98 -10 -10 -10 -100    0 -1000 -1000 -10
74 5 pedestrian 0 0 -10 602.93 171.56 636.77 206.22 -10 -10 -10 -100    0 -1000 -1000 -10
74 3 pedestrian 0 0 -10 1094.91 185.29 1223.35 243.58 -10 -10 -10 -100    0 -1000 -1000 -10
74 2 pedestrian 0 0 -10 952.95 181.46 1067.87 242.45 -10 -10 -10 -100    0 -1000 -1000 -10
74 1 pedestrian 0 0 -10 1032.61 184.14 1156.91 240.29 -10 -10 -10 -100    0 -1000 -1000 -10
75 27 pedestrian 0 0 -10 519.59 155.69 550.23 214.58 -10 -10 -10 -100    0 -1000 -1000 -10
75 24 pedestrian 0 0 -10 256.67 150.18 275.48 201.06 -10 -10 -10 -100    0 -1000 -1000 -10
75 21 pedestrian 0 0 -10 434.27 155.86 476.59 284.32 -10 -10 -10 -100    0 -1000 -1000 -10
75 20 pedestrian 0 0 -10 375.48 154.13 416.12 258.63 -10 -10 -10 -100    0 -1000 -1000 -10
75 17 pedestrian 0 0 -10 471.91 162.32 512.56 275.53 -10 -10 -10 -100    0 -1000 -1000 -10
75 16 pedestrian 0 0 -10 343.16 154.01 381.35 264.04 -10 -10 -10 -100    0 -1000 -1000 -10
75 15 pedestrian 0 0 -10 585.47 163.75 615.43 190.72 -10 -10 -10 -100    0 -1000 -1000 -10
75 14 pedestrian 0 0 -10 585.65 154.06 636.25 283.90 -10 -10 -10 -100    0 -1000 -1000 -10
75 13 pedestrian 0 0 -10 345.32 149.82 490.84 198.99 -10 -10 -10 -100    0 -1000 -1000 -10
75 12 pedestrian 0 0 -10 384.88 157.28 438.19 292.44 -10 -10 -10 -100    0 -1000 -1000 -10
75 11 pedestrian 0 0 -10 545.84 151.73 601.17 302.57 -10 -10 -10 -100    0 -1000 -1000 -10
75 9 pedestrian 0 0 -10 523.58 164.03 575.91 195.01 -10 -10 -10 -100    0 -1000 -1000 -10
75 6 pedestrian 0 0 -10 182.90 159.92 226.08 210.78 -10 -10 -10 -100    0 -1000 -1000 -10
75 5 pedestrian 0 0 -10 603.12 170.94 635.92 206.90 -10 -10 -10 -100    0 -1000 -1000 -10
75 3 pedestrian 0 0 -10 1095.06 185.31 1223.36 243.68 -10 -10 -10 -100    0 -1000 -1000 -10
75 2 pedestrian 0 0 -10 953.38 181.51 1068.04 242.42 -10 -10 -10 -100    0 -1000 -1000 -10
75 1 pedestrian 0 0 -10 1032.55 184.09 1157.02 240.34 -10 -10 -10 -100    0 -1000 -1000 -10
76 27 pedestrian 0 0 -10 523.13 157.29 553.48 216.67 -10 -10 -10 -100    0 -1000 -1000 -10
76 24 pedestrian 0 0 -10 256.41 150.51 274.75 200.28 -10 -10 -10 -100    0 -1000 -1000 -10
76 21 pedestrian 0 0 -10 439.78 154.54 482.31 285.51 -10 -10 -10 -100    0 -1000 -1000 -10
76 20 pedestrian 0 0 -10 378.59 154.42 415.14 257.14 -10 -10 -10 -100    0 -1000 -1000 -10
76 29 pedestrian 0 0 -10 296.41 153.57 317.58 216.06 -10 -10 -10 -100    0 -1000 -1000 -10
76 17 pedestrian 0 0 -10 479.10 162.11 519.16 276.72 -10 -10 -10 -100    0 -1000 -1000 -10
76 16 pedestrian 0 0 -10 348.50 153.74 386.37 267.24 -10 -10 -10 -100    0 -1000 -1000 -10
76 15 pedestrian 0 0 -10 585.61 164.44 616.59 191.60 -10 -10 -10 -100    0 -1000 -1000 -10
76 14 pedestrian 0 0 -10 588.70 155.68 644.01 284.38 -10 -10 -10 -100    0 -1000 -1000 -10
76 13 pedestrian 0 0 -10 345.37 149.85 490.38 198.93 -10 -10 -10 -100    0 -1000 -1000 -10
76 12 pedestrian 0 0 -10 388.71 157.68 442.68 293.63 -10 -10 -10 -100    0 -1000 -1000 -10
76 11 pedestrian 0 0 -10 551.84 150.40 609.69 301.56 -10 -10 -10 -100    0 -1000 -1000 -10
76 9 pedestrian 0 0 -10 523.83 164.28 575.94 195.67 -10 -10 -10 -100    0 -1000 -1000 -10
76 6 pedestrian 0 0 -10 182.55 160.00 225.86 210.72 -10 -10 -10 -100    0 -1000 -1000 -10
76 5 pedestrian 0 0 -10 601.58 170.73 635.53 206.64 -10 -10 -10 -100    0 -1000 -1000 -10
76 3 pedestrian 0 0 -10 1095.23 185.38 1223.39 243.76 -10 -10 -10 -100    0 -1000 -1000 -10
76 2 pedestrian 0 0 -10 953.10 181.53 1068.15 242.47 -10 -10 -10 -100    0 -1000 -1000 -10
76 1 pedestrian 0 0 -10 1032.60 184.07 1157.18 240.34 -10 -10 -10 -100    0 -1000 -1000 -10
77 27 pedestrian 0 0 -10 528.17 156.04 558.55 218.76 -10 -10 -10 -100    0 -1000 -1000 -10
77 24 pedestrian 0 0 -10 255.77 150.73 273.65 199.43 -10 -10 -10 -100    0 -1000 -1000 -10
77 21 pedestrian 0 0 -10 445.03 156.40 484.61 284.84 -10 -10 -10 -100    0 -1000 -1000 -10
77 20 pedestrian 0 0 -10 382.22 154.81 417.85 259.41 -10 -10 -10 -100    0 -1000 -1000 -10
77 29 pedestrian 0 0 -10 293.41 153.11 314.72 215.29 -10 -10 -10 -100    0 -1000 -1000 -10
77 17 pedestrian 0 0 -10 484.70 161.65 525.62 276.72 -10 -10 -10 -100    0 -1000 -1000 -10
77 16 pedestrian 0 0 -10 350.08 153.70 389.46 265.99 -10 -10 -10 -100    0 -1000 -1000 -10
77 15 pedestrian 0 0 -10 585.87 164.59 616.20 192.11 -10 -10 -10 -100    0 -1000 -1000 -10
77 14 pedestrian 0 0 -10 596.35 155.53 646.66 285.63 -10 -10 -10 -100    0 -1000 -1000 -10
77 13 pedestrian 0 0 -10 344.81 149.36 489.95 197.89 -10 -10 -10 -100    0 -1000 -1000 -10
77 12 pedestrian 0 0 -10 395.76 156.23 445.98 296.20 -10 -10 -10 -100    0 -1000 -1000 -10
77 11 pedestrian 0 0 -10 558.53 149.42 612.77 302.60 -10 -10 -10 -100    0 -1000 -1000 -10
77 9 pedestrian 0 0 -10 524.12 164.36 575.73 196.27 -10 -10 -10 -100    0 -1000 -1000 -10
77 30 pedestrian 0 0 -10 399.94 154.42 465.30 270.19 -10 -10 -10 -100    0 -1000 -1000 -10
77 6 pedestrian 0 0 -10 182.38 160.09 225.88 210.87 -10 -10 -10 -100    0 -1000 -1000 -10
77 5 pedestrian 0 0 -10 601.41 170.51 638.05 207.37 -10 -10 -10 -100    0 -1000 -1000 -10
77 3 pedestrian 0 0 -10 1095.21 185.39 1223.32 243.78 -10 -10 -10 -100    0 -1000 -1000 -10
77 2 pedestrian 0 0 -10 953.01 181.43 1068.08 242.46 -10 -10 -10 -100    0 -1000 -1000 -10
77 1 pedestrian 0 0 -10 1032.47 184.10 1157.23 240.37 -10 -10 -10 -100    0 -1000 -1000 -10
78 27 pedestrian 0 0 -10 531.25 155.66 561.68 220.81 -10 -10 -10 -100    0 -1000 -1000 -10
78 24 pedestrian 0 0 -10 256.00 150.97 273.90 199.42 -10 -10 -10 -100    0 -1000 -1000 -10
78 21 pedestrian 0 0 -10 451.31 154.50 492.66 285.86 -10 -10 -10 -100    0 -1000 -1000 -10
78 20 pedestrian 0 0 -10 385.88 154.06 418.66 256.94 -10 -10 -10 -100    0 -1000 -1000 -10
78 29 pedestrian 0 0 -10 292.02 153.67 313.34 216.46 -10 -10 -10 -100    0 -1000 -1000 -10
78 17 pedestrian 0 0 -10 491.07 160.67 530.22 278.66 -10 -10 -10 -100    0 -1000 -1000 -10
78 16 pedestrian 0 0 -10 357.41 154.14 397.18 268.79 -10 -10 -10 -100    0 -1000 -1000 -10
78 15 pedestrian 0 0 -10 586.23 164.23 616.25 192.59 -10 -10 -10 -100    0 -1000 -1000 -10
78 14 pedestrian 0 0 -10 606.29 155.59 646.73 285.87 -10 -10 -10 -100    0 -1000 -1000 -10
78 13 pedestrian 0 0 -10 345.45 149.77 489.22 197.47 -10 -10 -10 -100    0 -1000 -1000 -10
78 12 pedestrian 0 0 -10 404.32 156.73 451.22 296.44 -10 -10 -10 -100    0 -1000 -1000 -10
78 11 pedestrian 0 0 -10 566.15 149.77 618.11 304.94 -10 -10 -10 -100    0 -1000 -1000 -10
78 9 pedestrian 0 0 -10 523.95 164.26 575.69 196.27 -10 -10 -10 -100    0 -1000 -1000 -10
78 30 pedestrian 0 0 -10 403.40 153.85 467.54 268.22 -10 -10 -10 -100    0 -1000 -1000 -10
78 6 pedestrian 0 0 -10 182.20 159.87 225.96 211.10 -10 -10 -10 -100    0 -1000 -1000 -10
78 5 pedestrian 0 0 -10 602.00 170.63 637.24 207.70 -10 -10 -10 -100    0 -1000 -1000 -10
78 3 pedestrian 0 0 -10 1095.10 185.41 1223.35 243.72 -10 -10 -10 -100    0 -1000 -1000 -10
78 2 pedestrian 0 0 -10 953.12 181.51 1068.08 242.46 -10 -10 -10 -100    0 -1000 -1000 -10
78 1 pedestrian 0 0 -10 1032.63 184.11 1157.14 240.34 -10 -10 -10 -100    0 -1000 -1000 -10
79 27 pedestrian 0 0 -10 534.02 153.08 564.98 219.70 -10 -10 -10 -100    0 -1000 -1000 -10
79 24 pedestrian 0 0 -10 255.18 150.69 273.20 201.10 -10 -10 -10 -100    0 -1000 -1000 -10
79 21 pedestrian 0 0 -10 455.61 154.25 501.73 288.08 -10 -10 -10 -100    0 -1000 -1000 -10
79 20 pedestrian 0 0 -10 389.21 155.13 419.98 258.06 -10 -10 -10 -100    0 -1000 -1000 -10
79 29 pedestrian 0 0 -10 289.12 153.55 310.29 215.90 -10 -10 -10 -100    0 -1000 -1000 -10
79 17 pedestrian 0 0 -10 495.44 161.24 536.87 278.14 -10 -10 -10 -100    0 -1000 -1000 -10
79 16 pedestrian 0 0 -10 359.18 154.47 401.16 270.01 -10 -10 -10 -100    0 -1000 -1000 -10
79 15 pedestrian 0 0 -10 585.78 164.31 615.38 193.13 -10 -10 -10 -100    0 -1000 -1000 -10
79 14 pedestrian 0 0 -10 619.17 153.94 666.12 286.22 -10 -10 -10 -100    0 -1000 -1000 -10
79 13 pedestrian 0 0 -10 345.65 149.72 489.24 198.52 -10 -10 -10 -100    0 -1000 -1000 -10
79 12 pedestrian 0 0 -10 411.79 156.03 457.08 296.80 -10 -10 -10 -100    0 -1000 -1000 -10
79 11 pedestrian 0 0 -10 576.38 152.14 623.27 304.46 -10 -10 -10 -100    0 -1000 -1000 -10
79 9 pedestrian 0 0 -10 523.71 163.90 575.42 195.69 -10 -10 -10 -100    0 -1000 -1000 -10
79 30 pedestrian 0 0 -10 408.86 154.39 467.20 267.27 -10 -10 -10 -100    0 -1000 -1000 -10
79 6 pedestrian 0 0 -10 182.14 159.69 226.06 211.08 -10 -10 -10 -100    0 -1000 -1000 -10
79 5 pedestrian 0 0 -10 602.85 171.23 637.80 207.35 -10 -10 -10 -100    0 -1000 -1000 -10
79 3 pedestrian 0 0 -10 1095.12 185.23 1223.32 243.61 -10 -10 -10 -100    0 -1000 -1000 -10
79 2 pedestrian 0 0 -10 952.95 181.46 1067.97 242.44 -10 -10 -10 -100    0 -1000 -1000 -10
79 1 pedestrian 0 0 -10 1032.75 184.09 1157.06 240.36 -10 -10 -10 -100    0 -1000 -1000 -10
80 27 pedestrian 0 0 -10 538.03 153.73 571.59 219.65 -10 -10 -10 -100    0 -1000 -1000 -10
80 24 pedestrian 0 0 -10 254.14 151.04 271.92 202.26 -10 -10 -10 -100    0 -1000 -1000 -10
80 21 pedestrian 0 0 -10 459.98 155.50 506.36 291.42 -10 -10 -10 -100    0 -1000 -1000 -10
80 20 pedestrian 0 0 -10 394.46 154.52 425.97 257.44 -10 -10 -10 -100    0 -1000 -1000 -10
80 29 pedestrian 0 0 -10 286.19 153.18 308.19 216.91 -10 -10 -10 -100    0 -1000 -1000 -10
80 17 pedestrian 0 0 -10 500.69 161.31 542.81 281.31 -10 -10 -10 -100    0 -1000 -1000 -10
80 16 pedestrian 0 0 -10 359.63 154.07 402.12 269.91 -10 -10 -10 -100    0 -1000 -1000 -10
80 15 pedestrian 0 0 -10 585.74 163.41 614.32 191.45 -10 -10 -10 -100    0 -1000 -1000 -10
80 14 pedestrian 0 0 -10 628.44 152.98 681.43 291.06 -10 -10 -10 -100    0 -1000 -1000 -10
80 13 pedestrian 0 0 -10 345.78 149.83 489.62 199.24 -10 -10 -10 -100    0 -1000 -1000 -10
80 12 pedestrian 0 0 -10 415.15 155.71 461.65 299.66 -10 -10 -10 -100    0 -1000 -1000 -10
80 11 pedestrian 0 0 -10 580.03 149.91 632.97 305.30 -10 -10 -10 -100    0 -1000 -1000 -10
80 9 pedestrian 0 0 -10 523.53 163.49 575.95 195.15 -10 -10 -10 -100    0 -1000 -1000 -10
80 30 pedestrian 0 0 -10 412.77 155.06 471.22 267.59 -10 -10 -10 -100    0 -1000 -1000 -10
80 6 pedestrian 0 0 -10 182.31 159.22 226.17 211.04 -10 -10 -10 -100    0 -1000 -1000 -10
80 5 pedestrian 0 0 -10 602.82 171.37 634.35 205.03 -10 -10 -10 -100    0 -1000 -1000 -10
80 3 pedestrian 0 0 -10 1095.05 185.30 1223.34 243.64 -10 -10 -10 -100    0 -1000 -1000 -10
80 2 pedestrian 0 0 -10 953.03 181.56 1067.99 242.49 -10 -10 -10 -100    0 -1000 -1000 -10
80 1 pedestrian 0 0 -10 1032.51 184.06 1156.97 240.37 -10 -10 -10 -100    0 -1000 -1000 -10
81 27 pedestrian 0 0 -10 540.47 153.39 575.76 221.31 -10 -10 -10 -100    0 -1000 -1000 -10
81 24 pedestrian 0 0 -10 252.46 151.15 270.83 203.06 -10 -10 -10 -100    0 -1000 -1000 -10
81 21 pedestrian 0 0 -10 461.54 154.51 509.99 291.57 -10 -10 -10 -100    0 -1000 -1000 -10
81 20 pedestrian 0 0 -10 397.17 154.42 429.23 258.48 -10 -10 -10 -100    0 -1000 -1000 -10
81 29 pedestrian 0 0 -10 284.74 152.96 306.44 217.26 -10 -10 -10 -100    0 -1000 -1000 -10
81 17 pedestrian 0 0 -10 506.43 159.68 548.31 281.95 -10 -10 -10 -100    0 -1000 -1000 -10
81 16 pedestrian 0 0 -10 362.71 152.10 403.23 270.92 -10 -10 -10 -100    0 -1000 -1000 -10
81 15 pedestrian 0 0 -10 585.48 164.30 614.76 191.91 -10 -10 -10 -100    0 -1000 -1000 -10
81 14 pedestrian 0 0 -10 635.17 152.56 689.87 290.56 -10 -10 -10 -100    0 -1000 -1000 -10
81 13 pedestrian 0 0 -10 345.21 149.50 488.92 199.49 -10 -10 -10 -100    0 -1000 -1000 -10
81 12 pedestrian 0 0 -10 422.62 155.43 470.55 301.64 -10 -10 -10 -100    0 -1000 -1000 -10
81 11 pedestrian 0 0 -10 584.44 151.01 646.09 306.93 -10 -10 -10 -100    0 -1000 -1000 -10
81 9 pedestrian 0 0 -10 524.29 163.38 576.17 195.11 -10 -10 -10 -100    0 -1000 -1000 -10
81 30 pedestrian 0 0 -10 413.58 154.26 477.90 271.65 -10 -10 -10 -100    0 -1000 -1000 -10
81 6 pedestrian 0 0 -10 182.38 159.22 226.38 211.02 -10 -10 -10 -100    0 -1000 -1000 -10
81 5 pedestrian 0 0 -10 604.00 171.37 636.92 207.66 -10 -10 -10 -100    0 -1000 -1000 -10
81 3 pedestrian 0 0 -10 1095.01 185.29 1223.37 243.69 -10 -10 -10 -100    0 -1000 -1000 -10
81 2 pedestrian 0 0 -10 953.09 181.47 1068.05 242.45 -10 -10 -10 -100    0 -1000 -1000 -10
81 1 pedestrian 0 0 -10 1032.45 184.09 1157.20 240.36 -10 -10 -10 -100    0 -1000 -1000 -10
82 27 pedestrian 0 0 -10 545.78 154.12 580.99 220.37 -10 -10 -10 -100    0 -1000 -1000 -10
82 24 pedestrian 0 0 -10 251.77 151.47 270.21 202.61 -10 -10 -10 -100    0 -1000 -1000 -10
82 21 pedestrian 0 0 -10 471.42 153.58 518.42 290.85 -10 -10 -10 -100    0 -1000 -1000 -10
82 20 pedestrian 0 0 -10 400.17 154.95 433.69 258.84 -10 -10 -10 -100    0 -1000 -1000 -10
82 29 pedestrian 0 0 -10 283.38 153.38 303.66 216.64 -10 -10 -10 -100    0 -1000 -1000 -10
82 17 pedestrian 0 0 -10 510.72 161.33 555.53 282.60 -10 -10 -10 -100    0 -1000 -1000 -10
82 16 pedestrian 0 0 -10 368.29 152.06 406.80 272.01 -10 -10 -10 -100    0 -1000 -1000 -10
82 15 pedestrian 0 0 -10 585.52 164.91 615.29 191.68 -10 -10 -10 -100    0 -1000 -1000 -10
82 14 pedestrian 0 0 -10 645.76 154.34 699.82 292.39 -10 -10 -10 -100    0 -1000 -1000 -10
82 13 pedestrian 0 0 -10 344.81 149.93 490.00 198.90 -10 -10 -10 -100    0 -1000 -1000 -10
82 12 pedestrian 0 0 -10 426.84 157.34 474.42 302.46 -10 -10 -10 -100    0 -1000 -1000 -10
82 11 pedestrian 0 0 -10 587.82 150.60 650.54 308.24 -10 -10 -10 -100    0 -1000 -1000 -10
82 9 pedestrian 0 0 -10 523.76 163.54 576.25 196.01 -10 -10 -10 -100    0 -1000 -1000 -10
82 30 pedestrian 0 0 -10 418.24 154.77 487.63 274.98 -10 -10 -10 -100    0 -1000 -1000 -10
82 6 pedestrian 0 0 -10 182.29 159.26 226.40 211.05 -10 -10 -10 -100    0 -1000 -1000 -10
82 5 pedestrian 0 0 -10 602.60 171.06 635.86 205.49 -10 -10 -10 -100    0 -1000 -1000 -10
82 3 pedestrian 0 0 -10 1095.17 185.31 1223.39 243.76 -10 -10 -10 -100    0 -1000 -1000 -10
82 2 pedestrian 0 0 -10 953.05 181.50 1067.98 242.40 -10 -10 -10 -100    0 -1000 -1000 -10
82 1 pedestrian 0 0 -10 1032.51 184.11 1157.15 240.31 -10 -10 -10 -100    0 -1000 -1000 -10
83 27 pedestrian 0 0 -10 550.94 155.66 585.96 222.30 -10 -10 -10 -100    0 -1000 -1000 -10
83 24 pedestrian 0 0 -10 251.48 150.68 269.76 202.12 -10 -10 -10 -100    0 -1000 -1000 -10
83 21 pedestrian 0 0 -10 479.02 152.97 523.36 292.66 -10 -10 -10 -100    0 -1000 -1000 -10
83 20 pedestrian 0 0 -10 402.54 155.23 438.40 262.36 -10 -10 -10 -100    0 -1000 -1000 -10
83 29 pedestrian 0 0 -10 281.28 153.84 302.93 218.08 -10 -10 -10 -100    0 -1000 -1000 -10
83 17 pedestrian 0 0 -10 517.84 162.06 560.19 283.50 -10 -10 -10 -100    0 -1000 -1000 -10
83 16 pedestrian 0 0 -10 369.79 153.91 410.85 273.22 -10 -10 -10 -100    0 -1000 -1000 -10
83 15 pedestrian 0 0 -10 586.01 165.06 615.36 191.76 -10 -10 -10 -100    0 -1000 -1000 -10
83 14 pedestrian 0 0 -10 652.08 154.12 701.66 293.09 -10 -10 -10 -100    0 -1000 -1000 -10
83 13 pedestrian 0 0 -10 344.43 149.65 490.80 198.65 -10 -10 -10 -100    0 -1000 -1000 -10
83 12 pedestrian 0 0 -10 431.46 155.04 478.18 303.34 -10 -10 -10 -100    0 -1000 -1000 -10
83 11 pedestrian 0 0 -10 597.10 151.06 655.91 308.55 -10 -10 -10 -100    0 -1000 -1000 -10
83 9 pedestrian 0 0 -10 524.04 163.90 576.14 196.46 -10 -10 -10 -100    0 -1000 -1000 -10
83 30 pedestrian 0 0 -10 424.25 154.25 493.25 275.06 -10 -10 -10 -100    0 -1000 -1000 -10
83 6 pedestrian 0 0 -10 181.92 159.27 226.29 211.26 -10 -10 -10 -100    0 -1000 -1000 -10
83 5 pedestrian 0 0 -10 601.82 170.68 634.85 205.63 -10 -10 -10 -100    0 -1000 -1000 -10
83 3 pedestrian 0 0 -10 1095.14 185.29 1223.36 243.72 -10 -10 -10 -100    0 -1000 -1000 -10
83 2 pedestrian 0 0 -10 953.13 181.52 1068.06 242.54 -10 -10 -10 -100    0 -1000 -1000 -10
83 1 pedestrian 0 0 -10 1032.51 184.11 1157.02 240.39 -10 -10 -10 -100    0 -1000 -1000 -10
84 27 pedestrian 0 0 -10 554.83 155.55 589.33 224.05 -10 -10 -10 -100    0 -1000 -1000 -10
84 24 pedestrian 0 0 -10 250.83 151.16 268.87 201.60 -10 -10 -10 -100    0 -1000 -1000 -10
84 21 pedestrian 0 0 -10 483.70 151.51 530.53 296.33 -10 -10 -10 -100    0 -1000 -1000 -10
84 20 pedestrian 0 0 -10 406.80 153.56 441.64 262.11 -10 -10 -10 -100    0 -1000 -1000 -10
84 29 pedestrian 0 0 -10 278.30 153.43 301.04 218.52 -10 -10 -10 -100    0 -1000 -1000 -10
84 17 pedestrian 0 0 -10 523.58 162.06 565.41 285.18 -10 -10 -10 -100    0 -1000 -1000 -10
84 16 pedestrian 0 0 -10 372.69 152.73 414.92 275.31 -10 -10 -10 -100    0 -1000 -1000 -10
84 15 pedestrian 0 0 -10 586.51 165.22 616.03 192.43 -10 -10 -10 -100    0 -1000 -1000 -10
84 14 pedestrian 0 0 -10 656.06 153.69 699.30 294.17 -10 -10 -10 -100    0 -1000 -1000 -10
84 13 pedestrian 0 0 -10 345.04 149.54 491.06 198.04 -10 -10 -10 -100    0 -1000 -1000 -10
84 12 pedestrian 0 0 -10 435.52 155.29 484.53 303.58 -10 -10 -10 -100    0 -1000 -1000 -10
84 11 pedestrian 0 0 -10 611.27 147.88 662.50 307.86 -10 -10 -10 -100    0 -1000 -1000 -10
84 9 pedestrian 0 0 -10 523.45 163.82 577.04 196.75 -10 -10 -10 -100    0 -1000 -1000 -10
84 30 pedestrian 0 0 -10 426.30 153.92 494.75 271.41 -10 -10 -10 -100    0 -1000 -1000 -10
84 6 pedestrian 0 0 -10 181.95 159.35 226.34 211.40 -10 -10 -10 -100    0 -1000 -1000 -10
84 5 pedestrian 0 0 -10 601.88 170.86 635.81 206.41 -10 -10 -10 -100    0 -1000 -1000 -10
84 3 pedestrian 0 0 -10 1095.02 185.42 1223.39 243.76 -10 -10 -10 -100    0 -1000 -1000 -10
84 2 pedestrian 0 0 -10 953.18 181.43 1068.01 242.47 -10 -10 -10 -100    0 -1000 -1000 -10
84 1 pedestrian 0 0 -10 1032.49 184.14 1156.95 240.38 -10 -10 -10 -100    0 -1000 -1000 -10
85 27 pedestrian 0 0 -10 558.96 158.37 591.96 230.49 -10 -10 -10 -100    0 -1000 -1000 -10
85 24 pedestrian 0 0 -10 250.39 150.65 268.79 203.31 -10 -10 -10 -100    0 -1000 -1000 -10
85 21 pedestrian 0 0 -10 489.87 152.94 537.57 297.19 -10 -10 -10 -100    0 -1000 -1000 -10
85 20 pedestrian 0 0 -10 411.39 153.78 447.55 263.58 -10 -10 -10 -100    0 -1000 -1000 -10
85 29 pedestrian 0 0 -10 277.04 152.88 300.39 218.18 -10 -10 -10 -100    0 -1000 -1000 -10
85 17 pedestrian 0 0 -10 531.15 163.30 573.70 284.66 -10 -10 -10 -100    0 -1000 -1000 -10
85 16 pedestrian 0 0 -10 374.90 153.80 417.12 273.62 -10 -10 -10 -100    0 -1000 -1000 -10
85 15 pedestrian 0 0 -10 585.42 163.80 614.84 190.95 -10 -10 -10 -100    0 -1000 -1000 -10
85 14 pedestrian 0 0 -10 652.61 150.33 702.05 298.04 -10 -10 -10 -100    0 -1000 -1000 -10
85 13 pedestrian 0 0 -10 345.68 149.20 489.88 198.35 -10 -10 -10 -100    0 -1000 -1000 -10
85 12 pedestrian 0 0 -10 442.40 155.67 496.32 305.98 -10 -10 -10 -100    0 -1000 -1000 -10
85 11 pedestrian 0 0 -10 622.60 148.01 679.15 309.50 -10 -10 -10 -100    0 -1000 -1000 -10
85 9 pedestrian 0 0 -10 524.20 163.44 576.97 196.82 -10 -10 -10 -100    0 -1000 -1000 -10
85 30 pedestrian 0 0 -10 427.48 154.12 495.51 270.25 -10 -10 -10 -100    0 -1000 -1000 -10
85 6 pedestrian 0 0 -10 181.98 159.14 226.23 211.30 -10 -10 -10 -100    0 -1000 -1000 -10
85 5 pedestrian 0 0 -10 600.92 170.92 636.55 206.41 -10 -10 -10 -100    0 -1000 -1000 -10
85 3 pedestrian 0 0 -10 1095.14 185.38 1223.30 243.70 -10 -10 -10 -100    0 -1000 -1000 -10
85 2 pedestrian 0 0 -10 953.13 181.56 1067.99 242.41 -10 -10 -10 -100    0 -1000 -1000 -10
85 1 pedestrian 0 0 -10 1032.49 184.08 1157.11 240.30 -10 -10 -10 -100    0 -1000 -1000 -10
86 27 pedestrian 0 0 -10 560.93 159.52 596.14 234.56 -10 -10 -10 -100    0 -1000 -1000 -10
86 24 pedestrian 0 0 -10 250.07 151.14 268.49 204.75 -10 -10 -10 -100    0 -1000 -1000 -10
86 21 pedestrian 0 0 -10 495.11 153.35 543.42 301.07 -10 -10 -10 -100    0 -1000 -1000 -10
86 20 pedestrian 0 0 -10 413.89 154.53 448.18 266.31 -10 -10 -10 -100    0 -1000 -1000 -10
86 29 pedestrian 0 0 -10 276.19 152.71 299.12 218.35 -10 -10 -10 -100    0 -1000 -1000 -10
86 17 pedestrian 0 0 -10 537.01 163.25 582.43 288.00 -10 -10 -10 -100    0 -1000 -1000 -10
86 16 pedestrian 0 0 -10 382.88 154.38 425.46 277.83 -10 -10 -10 -100    0 -1000 -1000 -10
86 15 pedestrian 0 0 -10 584.92 164.17 614.85 190.93 -10 -10 -10 -100    0 -1000 -1000 -10
86 14 pedestrian 0 0 -10 653.10 152.38 710.18 299.43 -10 -10 -10 -100    0 -1000 -1000 -10
86 13 pedestrian 0 0 -10 345.81 149.74 490.04 199.22 -10 -10 -10 -100    0 -1000 -1000 -10
86 12 pedestrian 0 0 -10 445.92 155.23 502.59 307.76 -10 -10 -10 -100    0 -1000 -1000 -10
86 11 pedestrian 0 0 -10 629.10 148.40 688.96 312.69 -10 -10 -10 -100    0 -1000 -1000 -10
86 9 pedestrian 0 0 -10 523.99 165.11 576.68 197.03 -10 -10 -10 -100    0 -1000 -1000 -10
86 30 pedestrian 0 0 -10 430.25 153.91 504.71 278.71 -10 -10 -10 -100    0 -1000 -1000 -10
86 6 pedestrian 0 0 -10 182.15 159.01 226.24 211.14 -10 -10 -10 -100    0 -1000 -1000 -10
86 5 pedestrian 0 0 -10 600.60 170.64 635.53 206.58 -10 -10 -10 -100    0 -1000 -1000 -10
86 3 pedestrian 0 0 -10 1095.07 185.47 1223.31 243.79 -10 -10 -10 -100    0 -1000 -1000 -10
86 2 pedestrian 0 0 -10 952.97 181.50 1067.95 242.48 -10 -10 -10 -100    0 -1000 -1000 -10
86 1 pedestrian 0 0 -10 1032.45 184.12 1157.06 240.30 -10 -10 -10 -100    0 -1000 -1000 -10
87 27 pedestrian 0 0 -10 563.75 157.27 599.46 236.80 -10 -10 -10 -100    0 -1000 -1000 -10
87 24 pedestrian 0 0 -10 249.79 151.32 267.86 204.48 -10 -10 -10 -100    0 -1000 -1000 -10
87 21 pedestrian 0 0 -10 504.17 152.17 548.62 298.39 -10 -10 -10 -100    0 -1000 -1000 -10
87 20 pedestrian 0 0 -10 417.09 153.69 452.78 264.85 -10 -10 -10 -100    0 -1000 -1000 -10
87 29 pedestrian 0 0 -10 274.87 153.27 297.87 218.20 -10 -10 -10 -100    0 -1000 -1000 -10
87 17 pedestrian 0 0 -10 545.31 161.10 590.78 287.69 -10 -10 -10 -100    0 -1000 -1000 -10
87 16 pedestrian 0 0 -10 378.18 153.48 422.80 268.88 -10 -10 -10 -100    0 -1000 -1000 -10
87 15 pedestrian 0 0 -10 585.07 163.86 615.79 191.28 -10 -10 -10 -100    0 -1000 -1000 -10
87 14 pedestrian 0 0 -10 656.83 152.02 718.29 300.14 -10 -10 -10 -100    0 -1000 -1000 -10
87 13 pedestrian 0 0 -10 345.39 149.86 490.31 199.66 -10 -10 -10 -100    0 -1000 -1000 -10
87 12 pedestrian 0 0 -10 451.98 154.21 511.39 310.95 -10 -10 -10 -100    0 -1000 -1000 -10
87 11 pedestrian 0 0 -10 635.88 150.04 700.38 312.05 -10 -10 -10 -100    0 -1000 -1000 -10
87 9 pedestrian 0 0 -10 524.23 164.48 576.33 195.97 -10 -10 -10 -100    0 -1000 -1000 -10
87 30 pedestrian 0 0 -10 435.51 154.21 503.99 277.87 -10 -10 -10 -100    0 -1000 -1000 -10
87 6 pedestrian 0 0 -10 182.59 159.03 226.56 211.05 -10 -10 -10 -100    0 -1000 -1000 -10
87 5 pedestrian 0 0 -10 601.18 170.45 636.20 206.40 -10 -10 -10 -100    0 -1000 -1000 -10
87 3 pedestrian 0 0 -10 1095.17 185.43 1223.33 243.85 -10 -10 -10 -100    0 -1000 -1000 -10
87 2 pedestrian 0 0 -10 953.19 181.51 1068.00 242.46 -10 -10 -10 -100    0 -1000 -1000 -10
87 1 pedestrian 0 0 -10 1032.37 184.12 1157.20 240.28 -10 -10 -10 -100    0 -1000 -1000 -10
88 27 pedestrian 0 0 -10 570.69 158.02 606.87 238.64 -10 -10 -10 -100    0 -1000 -1000 -10
88 24 pedestrian 0 0 -10 248.92 151.10 267.78 202.98 -10 -10 -10 -100    0 -1000 -1000 -10
88 21 pedestrian 0 0 -10 510.30 153.30 556.69 300.65 -10 -10 -10 -100    0 -1000 -1000 -10
88 20 pedestrian 0 0 -10 419.44 154.28 460.88 267.95 -10 -10 -10 -100    0 -1000 -1000 -10
88 29 pedestrian 0 0 -10 273.32 153.57 296.07 219.51 -10 -10 -10 -100    0 -1000 -1000 -10
88 17 pedestrian 0 0 -10 550.09 160.48 595.45 290.11 -10 -10 -10 -100    0 -1000 -1000 -10
88 16 pedestrian 0 0 -10 382.94 153.32 429.32 268.14 -10 -10 -10 -100    0 -1000 -1000 -10
88 15 pedestrian 0 0 -10 584.75 164.02 615.92 191.57 -10 -10 -10 -100    0 -1000 -1000 -10
88 14 pedestrian 0 0 -10 666.15 153.75 716.86 301.60 -10 -10 -10 -100    0 -1000 -1000 -10
88 13 pedestrian 0 0 -10 344.84 150.32 490.88 199.92 -10 -10 -10 -100    0 -1000 -1000 -10
88 12 pedestrian 0 0 -10 458.24 155.34 518.04 311.37 -10 -10 -10 -100    0 -1000 -1000 -10
88 11 pedestrian 0 0 -10 644.29 150.82 704.51 313.52 -10 -10 -10 -100    0 -1000 -1000 -10
88 9 pedestrian 0 0 -10 524.05 164.62 576.17 196.68 -10 -10 -10 -100    0 -1000 -1000 -10
88 30 pedestrian 0 0 -10 441.25 153.60 499.78 275.70 -10 -10 -10 -100    0 -1000 -1000 -10
88 6 pedestrian 0 0 -10 182.28 159.17 226.31 211.06 -10 -10 -10 -100    0 -1000 -1000 -10
88 5 pedestrian 0 0 -10 601.42 170.47 636.21 206.08 -10 -10 -10 -100    0 -1000 -1000 -10
88 3 pedestrian 0 0 -10 1095.08 185.41 1223.31 243.82 -10 -10 -10 -100    0 -1000 -1000 -10
88 2 pedestrian 0 0 -10 953.19 181.58 1067.99 242.49 -10 -10 -10 -100    0 -1000 -1000 -10
88 1 pedestrian 0 0 -10 1032.46 184.14 1157.04 240.28 -10 -10 -10 -100    0 -1000 -1000 -10
89 27 pedestrian 0 0 -10 575.65 154.92 612.40 240.99 -10 -10 -10 -100    0 -1000 -1000 -10
89 24 pedestrian 0 0 -10 248.87 150.93 267.51 202.32 -10 -10 -10 -100    0 -1000 -1000 -10
89 22 pedestrian 0 0 -10 397.91 153.22 444.10 283.24 -10 -10 -10 -100    0 -1000 -1000 -10
89 21 pedestrian 0 0 -10 516.98 151.08 565.51 303.71 -10 -10 -10 -100    0 -1000 -1000 -10
89 20 pedestrian 0 0 -10 428.94 154.27 469.72 268.39 -10 -10 -10 -100    0 -1000 -1000 -10
89 29 pedestrian 0 0 -10 271.61 153.43 293.50 219.66 -10 -10 -10 -100    0 -1000 -1000 -10
89 17 pedestrian 0 0 -10 558.75 161.21 605.25 292.15 -10 -10 -10 -100    0 -1000 -1000 -10
89 16 pedestrian 0 0 -10 388.55 153.52 435.08 269.08 -10 -10 -10 -100    0 -1000 -1000 -10
89 15 pedestrian 0 0 -10 585.29 163.41 615.91 191.03 -10 -10 -10 -100    0 -1000 -1000 -10
89 14 pedestrian 0 0 -10 679.79 154.61 724.93 299.75 -10 -10 -10 -100    0 -1000 -1000 -10
89 13 pedestrian 0 0 -10 345.05 150.80 490.28 199.51 -10 -10 -10 -100    0 -1000 -1000 -10
89 12 pedestrian 0 0 -10 469.03 156.06 520.01 314.39 -10 -10 -10 -100    0 -1000 -1000 -10
89 11 pedestrian 0 0 -10 654.76 148.86 708.96 315.86 -10 -10 -10 -100    0 -1000 -1000 -10
89 9 pedestrian 0 0 -10 523.30 163.91 576.12 195.68 -10 -10 -10 -100    0 -1000 -1000 -10
89 30 pedestrian 0 0 -10 446.62 153.69 497.18 277.09 -10 -10 -10 -100    0 -1000 -1000 -10
89 6 pedestrian 0 0 -10 182.23 159.17 226.31 210.98 -10 -10 -10 -100    0 -1000 -1000 -10
89 5 pedestrian 0 0 -10 602.20 170.50 636.92 206.02 -10 -10 -10 -100    0 -1000 -1000 -10
89 3 pedestrian 0 0 -10 1095.17 185.34 1223.36 243.70 -10 -10 -10 -100    0 -1000 -1000 -10
89 2 pedestrian 0 0 -10 953.14 181.52 1068.09 242.54 -10 -10 -10 -100    0 -1000 -1000 -10
89 1 pedestrian 0 0 -10 1032.63 184.10 1157.04 240.28 -10 -10 -10 -100    0 -1000 -1000 -10
90 24 pedestrian 0 0 -10 248.52 150.61 267.21 203.47 -10 -10 -10 -100    0 -1000 -1000 -10
90 22 pedestrian 0 0 -10 402.38 153.56 447.41 283.45 -10 -10 -10 -100    0 -1000 -1000 -10
90 21 pedestrian 0 0 -10 521.22 152.77 578.98 302.76 -10 -10 -10 -100    0 -1000 -1000 -10
90 29 pedestrian 0 0 -10 269.42 153.42 291.32 219.95 -10 -10 -10 -100    0 -1000 -1000 -10
90 17 pedestrian 0 0 -10 564.09 158.43 613.29 294.20 -10 -10 -10 -100    0 -1000 -1000 -10
90 15 pedestrian 0 0 -10 586.12 164.14 614.89 190.77 -10 -10 -10 -100    0 -1000 -1000 -10
90 14 pedestrian 0 0 -10 680.40 151.84 724.70 305.29 -10 -10 -10 -100    0 -1000 -1000 -10
90 13 pedestrian 0 0 -10 345.52 149.67 490.46 198.89 -10 -10 -10 -100    0 -1000 -1000 -10
90 12 pedestrian 0 0 -10 478.93 155.33 525.88 315.01 -10 -10 -10 -100    0 -1000 -1000 -10
90 11 pedestrian 0 0 -10 664.69 148.29 713.18 317.24 -10 -10 -10 -100    0 -1000 -1000 -10
90 9 pedestrian 0 0 -10 523.41 164.32 576.08 196.31 -10 -10 -10 -100    0 -1000 -1000 -10
90 30 pedestrian 0 0 -10 469.92 154.57 522.72 278.40 -10 -10 -10 -100    0 -1000 -1000 -10
90 6 pedestrian 0 0 -10 182.44 159.53 226.56 210.93 -10 -10 -10 -100    0 -1000 -1000 -10
90 5 pedestrian 0 0 -10 601.71 170.44 636.42 206.05 -10 -10 -10 -100    0 -1000 -1000 -10
90 3 pedestrian 0 0 -10 1094.91 185.22 1223.40 243.61 -10 -10 -10 -100    0 -1000 -1000 -10
90 2 pedestrian 0 0 -10 953.32 181.39 1067.98 242.40 -10 -10 -10 -100    0 -1000 -1000 -10
90 1 pedestrian 0 0 -10 1032.59 184.07 1156.98 240.32 -10 -10 -10 -100    0 -1000 -1000 -10
91 24 pedestrian 0 0 -10 246.80 150.00 265.96 204.38 -10 -10 -10 -100    0 -1000 -1000 -10
91 22 pedestrian 0 0 -10 406.26 153.56 449.83 283.85 -10 -10 -10 -100    0 -1000 -1000 -10
91 21 pedestrian 0 0 -10 523.68 154.16 583.47 304.24 -10 -10 -10 -100    0 -1000 -1000 -10
91 29 pedestrian 0 0 -10 268.87 153.22 290.68 221.17 -10 -10 -10 -100    0 -1000 -1000 -10
91 17 pedestrian 0 0 -10 569.89 160.17 619.59 294.02 -10 -10 -10 -100    0 -1000 -1000 -10
91 15 pedestrian 0 0 -10 586.82 164.04 614.85 192.14 -10 -10 -10 -100    0 -1000 -1000 -10
91 13 pedestrian 0 0 -10 345.43 150.10 490.52 199.30 -10 -10 -10 -100    0 -1000 -1000 -10
91 12 pedestrian 0 0 -10 484.97 155.97 534.53 319.97 -10 -10 -10 -100    0 -1000 -1000 -10
91 11 pedestrian 0 0 -10 670.41 148.24 732.82 320.27 -10 -10 -10 -100    0 -1000 -1000 -10
91 9 pedestrian 0 0 -10 523.80 164.42 576.68 196.32 -10 -10 -10 -100    0 -1000 -1000 -10
91 30 pedestrian 0 0 -10 477.32 154.82 528.94 280.29 -10 -10 -10 -100    0 -1000 -1000 -10
91 6 pedestrian 0 0 -10 182.16 159.65 226.29 211.02 -10 -10 -10 -100    0 -1000 -1000 -10
91 5 pedestrian 0 0 -10 603.99 171.42 637.35 206.08 -10 -10 -10 -100    0 -1000 -1000 -10
91 3 pedestrian 0 0 -10 1094.97 185.16 1223.41 243.53 -10 -10 -10 -100    0 -1000 -1000 -10
91 2 pedestrian 0 0 -10 953.31 181.43 1067.95 242.32 -10 -10 -10 -100    0 -1000 -1000 -10
91 1 pedestrian 0 0 -10 1032.49 184.14 1156.89 240.33 -10 -10 -10 -100    0 -1000 -1000 -10
92 24 pedestrian 0 0 -10 244.95 149.70 264.56 204.52 -10 -10 -10 -100    0 -1000 -1000 -10
92 22 pedestrian 0 0 -10 412.13 152.00 455.10 285.19 -10 -10 -10 -100    0 -1000 -1000 -10
92 21 pedestrian 0 0 -10 530.70 154.64 586.99 309.29 -10 -10 -10 -100    0 -1000 -1000 -10
92 29 pedestrian 0 0 -10 265.65 152.54 287.55 222.15 -10 -10 -10 -100    0 -1000 -1000 -10
92 17 pedestrian 0 0 -10 572.81 159.30 625.02 294.90 -10 -10 -10 -100    0 -1000 -1000 -10
92 15 pedestrian 0 0 -10 585.85 163.70 614.95 191.41 -10 -10 -10 -100    0 -1000 -1000 -10
92 13 pedestrian 0 0 -10 345.72 150.08 490.29 199.47 -10 -10 -10 -100    0 -1000 -1000 -10
92 12 pedestrian 0 0 -10 489.15 155.78 543.87 322.14 -10 -10 -10 -100    0 -1000 -1000 -10
92 11 pedestrian 0 0 -10 674.94 147.80 749.25 319.60 -10 -10 -10 -100    0 -1000 -1000 -10
92 9 pedestrian 0 0 -10 523.67 164.05 576.37 196.12 -10 -10 -10 -100    0 -1000 -1000 -10
92 6 pedestrian 0 0 -10 182.10 159.81 226.21 210.96 -10 -10 -10 -100    0 -1000 -1000 -10
92 5 pedestrian 0 0 -10 603.62 170.98 637.44 206.33 -10 -10 -10 -100    0 -1000 -1000 -10
92 3 pedestrian 0 0 -10 1095.15 185.19 1223.44 243.61 -10 -10 -10 -100    0 -1000 -1000 -10
92 2 pedestrian 0 0 -10 953.23 181.49 1068.03 242.43 -10 -10 -10 -100    0 -1000 -1000 -10
92 1 pedestrian 0 0 -10 1032.50 184.09 1157.03 240.38 -10 -10 -10 -100    0 -1000 -1000 -10
93 24 pedestrian 0 0 -10 244.30 149.77 263.37 205.20 -10 -10 -10 -100    0 -1000 -1000 -10
93 22 pedestrian 0 0 -10 416.62 153.85 464.81 287.64 -10 -10 -10 -100    0 -1000 -1000 -10
93 21 pedestrian 0 0 -10 544.77 152.14 594.01 306.66 -10 -10 -10 -100    0 -1000 -1000 -10
93 20 pedestrian 0 0 -10 433.00 153.38 479.40 270.53 -10 -10 -10 -100    0 -1000 -1000 -10
93 29 pedestrian 0 0 -10 263.16 152.71 286.43 221.26 -10 -10 -10 -100    0 -1000 -1000 -10
93 17 pedestrian 0 0 -10 580.31 158.13 630.70 298.24 -10 -10 -10 -100    0 -1000 -1000 -10
93 15 pedestrian 0 0 -10 584.81 163.84 614.81 191.80 -10 -10 -10 -100    0 -1000 -1000 -10
93 13 pedestrian 0 0 -10 345.67 150.01 490.80 199.72 -10 -10 -10 -100    0 -1000 -1000 -10
93 12 pedestrian 0 0 -10 494.62 155.45 550.17 322.33 -10 -10 -10 -100    0 -1000 -1000 -10
93 11 pedestrian 0 0 -10 680.52 145.49 757.06 321.94 -10 -10 -10 -100    0 -1000 -1000 -10
93 9 pedestrian 0 0 -10 524.62 163.86 575.83 195.08 -10 -10 -10 -100    0 -1000 -1000 -10
93 6 pedestrian 0 0 -10 181.98 159.38 226.07 211.01 -10 -10 -10 -100    0 -1000 -1000 -10
93 5 pedestrian 0 0 -10 601.80 171.62 636.41 208.12 -10 -10 -10 -100    0 -1000 -1000 -10
93 31 pedestrian 0 0 -10 715.32 152.48 776.61 307.53 -10 -10 -10 -100    0 -1000 -1000 -10
93 3 pedestrian 0 0 -10 1094.97 185.33 1223.46 243.68 -10 -10 -10 -100    0 -1000 -1000 -10
93 2 pedestrian 0 0 -10 953.13 181.45 1067.99 242.47 -10 -10 -10 -100    0 -1000 -1000 -10
93 1 pedestrian 0 0 -10 1032.61 184.04 1157.02 240.33 -10 -10 -10 -100    0 -1000 -1000 -10
94 32 pedestrian 0 0 -10 481.72 152.36 528.10 278.99 -10 -10 -10 -100    0 -1000 -1000 -10
94 24 pedestrian 0 0 -10 243.86 150.06 262.65 206.47 -10 -10 -10 -100    0 -1000 -1000 -10
94 22 pedestrian 0 0 -10 419.38 153.14 471.77 287.75 -10 -10 -10 -100    0 -1000 -1000 -10
94 21 pedestrian 0 0 -10 554.57 153.63 601.53 307.77 -10 -10 -10 -100    0 -1000 -1000 -10
94 29 pedestrian 0 0 -10 259.56 153.06 283.09 220.75 -10 -10 -10 -100    0 -1000 -1000 -10
94 17 pedestrian 0 0 -10 594.14 160.89 638.43 296.04 -10 -10 -10 -100    0 -1000 -1000 -10
94 16 pedestrian 0 0 -10 412.73 153.22 456.68 272.65 -10 -10 -10 -100    0 -1000 -1000 -10
94 15 pedestrian 0 0 -10 585.18 164.10 615.54 191.85 -10 -10 -10 -100    0 -1000 -1000 -10
94 13 pedestrian 0 0 -10 346.11 150.24 490.86 199.23 -10 -10 -10 -100    0 -1000 -1000 -10
94 12 pedestrian 0 0 -10 506.03 155.98 555.29 321.82 -10 -10 -10 -100    0 -1000 -1000 -10
94 11 pedestrian 0 0 -10 689.24 145.89 760.76 323.38 -10 -10 -10 -100    0 -1000 -1000 -10
94 9 pedestrian 0 0 -10 524.42 163.85 575.92 195.29 -10 -10 -10 -100    0 -1000 -1000 -10
94 6 pedestrian 0 0 -10 182.21 159.45 226.23 210.89 -10 -10 -10 -100    0 -1000 -1000 -10
94 5 pedestrian 0 0 -10 604.42 172.12 639.92 207.37 -10 -10 -10 -100    0 -1000 -1000 -10
94 31 pedestrian 0 0 -10 717.94 151.95 776.67 309.13 -10 -10 -10 -100    0 -1000 -1000 -10
94 3 pedestrian 0 0 -10 1095.03 185.30 1223.45 243.58 -10 -10 -10 -100    0 -1000 -1000 -10
94 2 pedestrian 0 0 -10 953.20 181.44 1067.82 242.45 -10 -10 -10 -100    0 -1000 -1000 -10
94 1 pedestrian 0 0 -10 1032.45 184.08 1156.88 240.40 -10 -10 -10 -100    0 -1000 -1000 -10
95 32 pedestrian 0 0 -10 492.74 151.08 534.16 279.85 -10 -10 -10 -100    0 -1000 -1000 -10
95 27 pedestrian 0 0 -10 603.76 151.57 652.73 239.11 -10 -10 -10 -100    0 -1000 -1000 -10
95 24 pedestrian 0 0 -10 241.80 149.99 261.19 204.07 -10 -10 -10 -100    0 -1000 -1000 -10
95 22 pedestrian 0 0 -10 427.85 153.55 476.28 288.66 -10 -10 -10 -100    0 -1000 -1000 -10
95 21 pedestrian 0 0 -10 560.19 151.84 610.85 312.59 -10 -10 -10 -100    0 -1000 -1000 -10
95 29 pedestrian 0 0 -10 257.30 152.47 281.57 221.38 -10 -10 -10 -100    0 -1000 -1000 -10
95 17 pedestrian 0 0 -10 603.79 161.26 648.78 297.73 -10 -10 -10 -100    0 -1000 -1000 -10
95 16 pedestrian 0 0 -10 418.83 152.88 460.28 278.32 -10 -10 -10 -100    0 -1000 -1000 -10
95 15 pedestrian 0 0 -10 585.54 164.64 615.80 191.84 -10 -10 -10 -100    0 -1000 -1000 -10
95 13 pedestrian 0 0 -10 345.54 150.40 490.87 199.71 -10 -10 -10 -100    0 -1000 -1000 -10
95 12 pedestrian 0 0 -10 514.32 156.10 563.55 324.17 -10 -10 -10 -100    0 -1000 -1000 -10
95 11 pedestrian 0 0 -10 706.94 147.16 763.10 325.27 -10 -10 -10 -100    0 -1000 -1000 -10
95 9 pedestrian 0 0 -10 524.35 164.06 575.84 195.43 -10 -10 -10 -100    0 -1000 -1000 -10
95 6 pedestrian 0 0 -10 182.11 159.74 225.90 210.83 -10 -10 -10 -100    0 -1000 -1000 -10
95 5 pedestrian 0 0 -10 602.67 171.16 638.81 206.69 -10 -10 -10 -100    0 -1000 -1000 -10
95 31 pedestrian 0 0 -10 729.31 150.29 783.01 310.63 -10 -10 -10 -100    0 -1000 -1000 -10
95 3 pedestrian 0 0 -10 1094.96 185.34 1223.37 243.62 -10 -10 -10 -100    0 -1000 -1000 -10
95 2 pedestrian 0 0 -10 953.34 181.48 1067.94 242.43 -10 -10 -10 -100    0 -1000 -1000 -10
95 1 pedestrian 0 0 -10 1032.58 184.08 1156.86 240.28 -10 -10 -10 -100    0 -1000 -1000 -10
96 32 pedestrian 0 0 -10 501.51 151.36 540.90 280.86 -10 -10 -10 -100    0 -1000 -1000 -10
96 27 pedestrian 0 0 -10 615.75 149.03 665.08 241.48 -10 -10 -10 -100    0 -1000 -1000 -10
96 24 pedestrian 0 0 -10 239.82 150.59 259.59 204.37 -10 -10 -10 -100    0 -1000 -1000 -10
96 22 pedestrian 0 0 -10 433.19 153.81 478.38 288.00 -10 -10 -10 -100    0 -1000 -1000 -10
96 21 pedestrian 0 0 -10 564.80 151.84 620.85 313.73 -10 -10 -10 -100    0 -1000 -1000 -10
96 29 pedestrian 0 0 -10 256.80 151.82 280.50 221.88 -10 -10 -10 -100    0 -1000 -1000 -10
96 17 pedestrian 0 0 -10 609.46 158.83 656.75 301.27 -10 -10 -10 -100    0 -1000 -1000 -10
96 16 pedestrian 0 0 -10 425.19 153.55 463.90 274.93 -10 -10 -10 -100    0 -1000 -1000 -10
96 15 pedestrian 0 0 -10 585.95 164.49 615.41 191.66 -10 -10 -10 -100    0 -1000 -1000 -10
96 13 pedestrian 0 0 -10 345.18 150.58 491.31 199.83 -10 -10 -10 -100    0 -1000 -1000 -10
96 12 pedestrian 0 0 -10 516.95 154.39 573.73 327.13 -10 -10 -10 -100    0 -1000 -1000 -10
96 11 pedestrian 0 0 -10 720.88 146.88 774.12 327.77 -10 -10 -10 -100    0 -1000 -1000 -10
96 9 pedestrian 0 0 -10 523.32 163.79 576.11 196.05 -10 -10 -10 -100    0 -1000 -1000 -10
96 6 pedestrian 0 0 -10 182.37 159.42 226.07 210.70 -10 -10 -10 -100    0 -1000 -1000 -10
96 5 pedestrian 0 0 -10 602.51 171.15 636.11 205.76 -10 -10 -10 -100    0 -1000 -1000 -10
96 31 pedestrian 0 0 -10 732.26 151.10 788.45 311.60 -10 -10 -10 -100    0 -1000 -1000 -10
96 3 pedestrian 0 0 -10 1095.07 185.22 1223.43 243.61 -10 -10 -10 -100    0 -1000 -1000 -10
96 2 pedestrian 0 0 -10 953.25 181.44 1067.95 242.41 -10 -10 -10 -100    0 -1000 -1000 -10
96 1 pedestrian 0 0 -10 1032.58 184.09 1156.94 240.31 -10 -10 -10 -100    0 -1000 -1000 -10
97 32 pedestrian 0 0 -10 503.20 152.39 543.45 280.18 -10 -10 -10 -100    0 -1000 -1000 -10
97 27 pedestrian 0 0 -10 621.80 148.38 671.93 242.37 -10 -10 -10 -100    0 -1000 -1000 -10
97 24 pedestrian 0 0 -10 238.02 150.08 258.83 205.51 -10 -10 -10 -100    0 -1000 -1000 -10
97 22 pedestrian 0 0 -10 438.28 152.23 483.81 287.60 -10 -10 -10 -100    0 -1000 -1000 -10
97 21 pedestrian 0 0 -10 574.05 153.96 623.58 313.77 -10 -10 -10 -100    0 -1000 -1000 -10
97 20 pedestrian 0 0 -10 456.59 153.90 505.12 267.21 -10 -10 -10 -100    0 -1000 -1000 -10
97 29 pedestrian 0 0 -10 255.89 151.72 278.46 221.79 -10 -10 -10 -100    0 -1000 -1000 -10
97 17 pedestrian 0 0 -10 615.60 157.92 664.91 302.14 -10 -10 -10 -100    0 -1000 -1000 -10
97 16 pedestrian 0 0 -10 425.29 153.57 462.90 276.17 -10 -10 -10 -100    0 -1000 -1000 -10
97 15 pedestrian 0 0 -10 585.68 163.81 614.33 190.49 -10 -10 -10 -100    0 -1000 -1000 -10
97 13 pedestrian 0 0 -10 345.21 150.61 491.30 200.03 -10 -10 -10 -100    0 -1000 -1000 -10
97 12 pedestrian 0 0 -10 520.33 153.28 586.10 328.52 -10 -10 -10 -100    0 -1000 -1000 -10
97 11 pedestrian 0 0 -10 724.87 147.97 788.95 327.79 -10 -10 -10 -100    0 -1000 -1000 -10
97 9 pedestrian 0 0 -10 524.40 163.72 576.41 195.52 -10 -10 -10 -100    0 -1000 -1000 -10
97 6 pedestrian 0 0 -10 182.49 159.36 226.10 210.76 -10 -10 -10 -100    0 -1000 -1000 -10
97 5 pedestrian 0 0 -10 603.43 170.99 638.46 207.24 -10 -10 -10 -100    0 -1000 -1000 -10
97 31 pedestrian 0 0 -10 736.08 151.33 796.87 313.42 -10 -10 -10 -100    0 -1000 -1000 -10
97 3 pedestrian 0 0 -10 1095.09 185.19 1223.43 243.58 -10 -10 -10 -100    0 -1000 -1000 -10
97 2 pedestrian 0 0 -10 953.08 181.43 1067.93 242.36 -10 -10 -10 -100    0 -1000 -1000 -10
97 1 pedestrian 0 0 -10 1032.61 184.07 1157.03 240.27 -10 -10 -10 -100    0 -1000 -1000 -10
98 32 pedestrian 0 0 -10 501.19 151.08 546.32 280.21 -10 -10 -10 -100    0 -1000 -1000 -10
98 27 pedestrian 0 0 -10 626.16 146.65 681.12 247.46 -10 -10 -10 -100    0 -1000 -1000 -10
98 24 pedestrian 0 0 -10 238.25 150.25 258.41 206.88 -10 -10 -10 -100    0 -1000 -1000 -10
98 22 pedestrian 0 0 -10 448.15 152.17 495.51 292.58 -10 -10 -10 -100    0 -1000 -1000 -10
98 21 pedestrian 0 0 -10 583.17 154.44 628.72 314.55 -10 -10 -10 -100    0 -1000 -1000 -10
98 20 pedestrian 0 0 -10 455.84 154.48 512.52 271.60 -10 -10 -10 -100    0 -1000 -1000 -10
98 29 pedestrian 0 0 -10 254.28 151.42 275.95 221.61 -10 -10 -10 -100    0 -1000 -1000 -10
98 17 pedestrian 0 0 -10 620.71 159.78 670.43 304.36 -10 -10 -10 -100    0 -1000 -1000 -10
98 16 pedestrian 0 0 -10 426.79 155.36 463.38 275.77 -10 -10 -10 -100    0 -1000 -1000 -10
98 15 pedestrian 0 0 -10 585.11 163.87 614.82 190.90 -10 -10 -10 -100    0 -1000 -1000 -10
98 13 pedestrian 0 0 -10 345.38 150.46 490.59 200.09 -10 -10 -10 -100    0 -1000 -1000 -10
98 12 pedestrian 0 0 -10 524.48 155.77 600.85 332.91 -10 -10 -10 -100    0 -1000 -1000 -10
98 11 pedestrian 0 0 -10 728.56 147.45 802.39 330.45 -10 -10 -10 -100    0 -1000 -1000 -10
98 9 pedestrian 0 0 -10 524.25 164.11 576.42 196.06 -10 -10 -10 -100    0 -1000 -1000 -10
98 6 pedestrian 0 0 -10 182.49 159.41 225.89 210.77 -10 -10 -10 -100    0 -1000 -1000 -10
98 5 pedestrian 0 0 -10 601.41 172.31 634.66 206.22 -10 -10 -10 -100    0 -1000 -1000 -10
98 31 pedestrian 0 0 -10 742.45 152.65 805.59 316.06 -10 -10 -10 -100    0 -1000 -1000 -10
98 3 pedestrian 0 0 -10 1095.03 185.13 1223.42 243.55 -10 -10 -10 -100    0 -1000 -1000 -10
98 2 pedestrian 0 0 -10 953.12 181.42 1067.94 242.41 -10 -10 -10 -100    0 -1000 -1000 -10
98 1 pedestrian 0 0 -10 1032.49 184.08 1157.14 240.37 -10 -10 -10 -100    0 -1000 -1000 -10
99 32 pedestrian 0 0 -10 505.28 150.87 549.75 283.27 -10 -10 -10 -100    0 -1000 -1000 -10
99 27 pedestrian 0 0 -10 629.81 146.61 687.22 249.88 -10 -10 -10 -100    0 -1000 -1000 -10
99 24 pedestrian 0 0 -10 239.56 149.75 258.48 206.28 -10 -10 -10 -100    0 -1000 -1000 -10
99 22 pedestrian 0 0 -10 454.25 154.65 500.92 292.87 -10 -10 -10 -100    0 -1000 -1000 -10
99 21 pedestrian 0 0 -10 587.07 152.32 634.41 318.43 -10 -10 -10 -100    0 -1000 -1000 -10
99 20 pedestrian 0 0 -10 459.87 154.04 527.20 271.44 -10 -10 -10 -100    0 -1000 -1000 -10
99 29 pedestrian 0 0 -10 249.67 150.52 272.17 223.09 -10 -10 -10 -100    0 -1000 -1000 -10
99 17 pedestrian 0 0 -10 632.93 157.12 677.44 308.02 -10 -10 -10 -100    0 -1000 -1000 -10
99 16 pedestrian 0 0 -10 428.62 154.13 466.28 277.91 -10 -10 -10 -100    0 -1000 -1000 -10
99 15 pedestrian 0 0 -10 585.64 164.23 616.36 191.35 -10 -10 -10 -100    0 -1000 -1000 -10
99 13 pedestrian 0 0 -10 345.46 150.24 490.04 199.67 -10 -10 -10 -100    0 -1000 -1000 -10
99 12 pedestrian 0 0 -10 532.10 155.97 609.50 336.30 -10 -10 -10 -100    0 -1000 -1000 -10
99 11 pedestrian 0 0 -10 737.30 145.71 805.93 333.36 -10 -10 -10 -100    0 -1000 -1000 -10
99 9 pedestrian 0 0 -10 523.82 163.93 576.36 195.82 -10 -10 -10 -100    0 -1000 -1000 -10
99 6 pedestrian 0 0 -10 182.34 159.37 226.35 210.73 -10 -10 -10 -100    0 -1000 -1000 -10
99 5 pedestrian 0 0 -10 603.14 173.93 638.11 209.88 -10 -10 -10 -100    0 -1000 -1000 -10
99 31 pedestrian 0 0 -10 750.98 150.27 819.27 316.40 -10 -10 -10 -100    0 -1000 -1000 -10
99 3 pedestrian 0 0 -10 1095.01 185.08 1223.44 243.42 -10 -10 -10 -100    0 -1000 -1000 -10
99 2 pedestrian 0 0 -10 952.92 181.34 1067.90 242.40 -10 -10 -10 -100    0 -1000 -1000 -10
99 1 pedestrian 0 0 -10 1032.71 184.07 1157.06 240.35 -10 -10 -10 -100    0 -1000 -1000 -10
100 32 pedestrian 0 0 -10 511.46 151.44 554.98 283.19 -10 -10 -10 -100    0 -1000 -1000 -10
100 27 pedestrian 0 0 -10 638.21 145.92 694.51 247.91 -10 -10 -10 -100    0 -1000 -1000 -10
100 24 pedestrian 0 0 -10 241.85 150.37 261.54 208.13 -10 -10 -10 -100    0 -1000 -1000 -10
100 22 pedestrian 0 0 -10 458.91 153.23 505.13 294.31 -10 -10 -10 -100    0 -1000 -1000 -10
100 21 pedestrian 0 0 -10 586.47 152.33 644.10 322.76 -10 -10 -10 -100    0 -1000 -1000 -10
100 20 pedestrian 0 0 -10 462.46 153.81 532.71 272.31 -10 -10 -10 -100    0 -1000 -1000 -10
100 34 pedestrian 0 0 -10 265.64 155.09 294.25 212.10 -10 -10 -10 -100    0 -1000 -1000 -10
100 29 pedestrian 0 0 -10 247.35 150.90 270.01 223.08 -10 -10 -10 -100    0 -1000 -1000 -10
100 17 pedestrian 0 0 -10 643.81 158.58 684.56 308.15 -10 -10 -10 -100    0 -1000 -1000 -10
100 16 pedestrian 0 0 -10 434.21 153.44 470.98 278.84 -10 -10 -10 -100    0 -1000 -1000 -10
100 15 pedestrian 0 0 -10 584.87 164.59 614.95 191.52 -10 -10 -10 -100    0 -1000 -1000 -10
100 13 pedestrian 0 0 -10 345.78 150.29 490.79 199.86 -10 -10 -10 -100    0 -1000 -1000 -10
100 12 pedestrian 0 0 -10 548.77 155.04 614.52 335.82 -10 -10 -10 -100    0 -1000 -1000 -10
100 11 pedestrian 0 0 -10 756.46 143.55 813.12 334.85 -10 -10 -10 -100    0 -1000 -1000 -10
100 9 pedestrian 0 0 -10 524.47 164.45 576.73 196.03 -10 -10 -10 -100    0 -1000 -1000 -10
100 6 pedestrian 0 0 -10 182.58 159.49 226.26 210.76 -10 -10 -10 -100    0 -1000 -1000 -10
100 5 pedestrian 0 0 -10 601.77 170.85 638.70 208.26 -10 -10 -10 -100    0 -1000 -1000 -10
100 31 pedestrian 0 0 -10 770.16 148.67 834.20 317.17 -10 -10 -10 -100    0 -1000 -1000 -10
100 3 pedestrian 0 0 -10 1094.99 185.05 1223.47 243.45 -10 -10 -10 -100    0 -1000 -1000 -10
100 2 pedestrian 0 0 -10 953.12 181.38 1067.78 242.35 -10 -10 -10 -100    0 -1000 -1000 -10
100 1 pedestrian 0 0 -10 1032.50 184.03 1157.00 240.35 -10 -10 -10 -100    0 -1000 -1000 -10
101 32 pedestrian 0 0 -10 517.39 148.80 562.85 285.02 -10 -10 -10 -100    0 -1000 -1000 -10
101 27 pedestrian 0 0 -10 642.91 145.49 701.83 248.48 -10 -10 -10 -100    0 -1000 -1000 -10
101 24 pedestrian 0 0 -10 242.51 150.07 263.63 211.85 -10 -10 -10 -100    0 -1000 -1000 -10
101 22 pedestrian 0 0 -10 463.01 151.31 505.56 295.71 -10 -10 -10 -100    0 -1000 -1000 -10
101 21 pedestrian 0 0 -10 593.03 150.75 654.73 321.65 -10 -10 -10 -100    0 -1000 -1000 -10
101 20 pedestrian 0 0 -10 464.37 151.53 537.64 271.75 -10 -10 -10 -100    0 -1000 -1000 -10
101 34 pedestrian 0 0 -10 265.47 154.37 291.53 210.53 -10 -10 -10 -100    0 -1000 -1000 -10
101 29 pedestrian 0 0 -10 245.16 150.74 268.35 222.78 -10 -10 -10 -100    0 -1000 -1000 -10
101 17 pedestrian 0 0 -10 648.25 157.04 698.04 308.31 -10 -10 -10 -100    0 -1000 -1000 -10
101 16 pedestrian 0 0 -10 438.71 153.38 473.98 279.59 -10 -10 -10 -100    0 -1000 -1000 -10
101 15 pedestrian 0 0 -10 584.82 164.09 614.64 191.53 -10 -10 -10 -100    0 -1000 -1000 -10
101 13 pedestrian 0 0 -10 345.76 150.11 490.57 199.74 -10 -10 -10 -100    0 -1000 -1000 -10
101 12 pedestrian 0 0 -10 569.04 155.34 619.93 336.85 -10 -10 -10 -100    0 -1000 -1000 -10
101 11 pedestrian 0 0 -10 770.06 145.35 827.89 336.04 -10 -10 -10 -100    0 -1000 -1000 -10
101 9 pedestrian 0 0 -10 524.51 164.28 576.27 195.69 -10 -10 -10 -100    0 -1000 -1000 -10
101 6 pedestrian 0 0 -10 182.52 159.89 226.12 210.67 -10 -10 -10 -100    0 -1000 -1000 -10
101 5 pedestrian 0 0 -10 602.44 171.44 637.69 207.37 -10 -10 -10 -100    0 -1000 -1000 -10
101 31 pedestrian 0 0 -10 777.38 148.81 842.82 320.88 -10 -10 -10 -100    0 -1000 -1000 -10
101 3 pedestrian 0 0 -10 1095.02 185.09 1223.45 243.48 -10 -10 -10 -100    0 -1000 -1000 -10
101 2 pedestrian 0 0 -10 952.90 181.49 1067.88 242.39 -10 -10 -10 -100    0 -1000 -1000 -10
101 1 pedestrian 0 0 -10 1032.57 184.03 1157.04 240.33 -10 -10 -10 -100    0 -1000 -1000 -10
102 27 pedestrian 0 0 -10 649.58 144.86 710.04 253.52 -10 -10 -10 -100    0 -1000 -1000 -10
102 22 pedestrian 0 0 -10 466.34 155.76 507.58 296.95 -10 -10 -10 -100    0 -1000 -1000 -10
102 21 pedestrian 0 0 -10 604.21 150.41 653.94 324.40 -10 -10 -10 -100    0 -1000 -1000 -10
102 20 pedestrian 0 0 -10 463.11 151.76 537.30 274.01 -10 -10 -10 -100    0 -1000 -1000 -10
102 34 pedestrian 0 0 -10 265.84 152.95 288.03 207.96 -10 -10 -10 -100    0 -1000 -1000 -10
102 29 pedestrian 0 0 -10 240.78 149.79 264.47 223.35 -10 -10 -10 -100    0 -1000 -1000 -10
102 17 pedestrian 0 0 -10 654.51 158.25 705.78 311.00 -10 -10 -10 -100    0 -1000 -1000 -10
102 16 pedestrian 0 0 -10 443.98 154.46 478.39 283.68 -10 -10 -10 -100    0 -1000 -1000 -10
102 15 pedestrian 0 0 -10 584.94 163.78 613.59 190.47 -10 -10 -10 -100    0 -1000 -1000 -10
102 13 pedestrian 0 0 -10 345.98 150.32 490.43 199.64 -10 -10 -10 -100    0 -1000 -1000 -10
102 12 pedestrian 0 0 -10 578.62 156.23 629.48 339.92 -10 -10 -10 -100    0 -1000 -1000 -10
102 9 pedestrian 0 0 -10 524.09 164.02 575.88 195.72 -10 -10 -10 -100    0 -1000 -1000 -10
102 32 pedestrian 0 0 -10 522.49 148.51 575.55 285.38 -10 -10 -10 -100    0 -1000 -1000 -10
102 6 pedestrian 0 0 -10 182.98 159.64 225.99 210.53 -10 -10 -10 -100    0 -1000 -1000 -10
102 5 pedestrian 0 0 -10 602.21 171.47 633.21 204.63 -10 -10 -10 -100    0 -1000 -1000 -10
102 31 pedestrian 0 0 -10 777.37 145.35 850.00 338.20 -10 -10 -10 -100    0 -1000 -1000 -10
102 3 pedestrian 0 0 -10 1095.04 185.00 1223.50 243.36 -10 -10 -10 -100    0 -1000 -1000 -10
102 2 pedestrian 0 0 -10 952.84 181.44 1067.93 242.48 -10 -10 -10 -100    0 -1000 -1000 -10
102 1 pedestrian 0 0 -10 1032.63 184.00 1157.17 240.33 -10 -10 -10 -100    0 -1000 -1000 -10
103 27 pedestrian 0 0 -10 658.15 145.04 719.17 257.13 -10 -10 -10 -100    0 -1000 -1000 -10
103 22 pedestrian 0 0 -10 464.32 154.30 512.81 299.35 -10 -10 -10 -100    0 -1000 -1000 -10
103 21 pedestrian 0 0 -10 609.45 153.07 655.69 326.70 -10 -10 -10 -100    0 -1000 -1000 -10
103 20 pedestrian 0 0 -10 468.86 151.80 540.67 274.05 -10 -10 -10 -100    0 -1000 -1000 -10
103 34 pedestrian 0 0 -10 262.15 151.60 283.59 208.22 -10 -10 -10 -100    0 -1000 -1000 -10
103 29 pedestrian 0 0 -10 237.23 148.69 261.15 223.34 -10 -10 -10 -100    0 -1000 -1000 -10
103 17 pedestrian 0 0 -10 658.82 161.43 708.40 310.38 -10 -10 -10 -100    0 -1000 -1000 -10
103 16 pedestrian 0 0 -10 450.00 156.19 485.43 282.24 -10 -10 -10 -100    0 -1000 -1000 -10
103 15 pedestrian 0 0 -10 585.93 164.38 615.73 191.33 -10 -10 -10 -100    0 -1000 -1000 -10
103 13 pedestrian 0 0 -10 346.12 150.42 490.42 199.87 -10 -10 -10 -100    0 -1000 -1000 -10
103 12 pedestrian 0 0 -10 580.56 155.65 644.41 340.98 -10 -10 -10 -100    0 -1000 -1000 -10
103 9 pedestrian 0 0 -10 524.07 164.05 575.99 195.40 -10 -10 -10 -100    0 -1000 -1000 -10
103 32 pedestrian 0 0 -10 523.91 149.20 579.10 284.47 -10 -10 -10 -100    0 -1000 -1000 -10
103 6 pedestrian 0 0 -10 183.31 159.54 226.02 210.61 -10 -10 -10 -100    0 -1000 -1000 -10
103 5 pedestrian 0 0 -10 607.83 173.61 639.42 207.35 -10 -10 -10 -100    0 -1000 -1000 -10
103 31 pedestrian 0 0 -10 780.77 143.15 868.92 339.98 -10 -10 -10 -100    0 -1000 -1000 -10
103 3 pedestrian 0 0 -10 1095.07 184.98 1223.52 243.40 -10 -10 -10 -100    0 -1000 -1000 -10
103 2 pedestrian 0 0 -10 953.18 181.44 1067.94 242.45 -10 -10 -10 -100    0 -1000 -1000 -10
103 1 pedestrian 0 0 -10 1032.67 184.04 1156.90 240.29 -10 -10 -10 -100    0 -1000 -1000 -10
104 27 pedestrian 0 0 -10 664.24 145.31 728.17 259.88 -10 -10 -10 -100    0 -1000 -1000 -10
104 22 pedestrian 0 0 -10 473.05 152.02 522.22 299.28 -10 -10 -10 -100    0 -1000 -1000 -10
104 21 pedestrian 0 0 -10 608.13 153.24 658.59 326.72 -10 -10 -10 -100    0 -1000 -1000 -10
104 20 pedestrian 0 0 -10 476.10 150.88 542.69 277.47 -10 -10 -10 -100    0 -1000 -1000 -10
104 34 pedestrian 0 0 -10 261.79 151.64 283.29 208.84 -10 -10 -10 -100    0 -1000 -1000 -10
104 29 pedestrian 0 0 -10 234.63 148.70 260.18 225.62 -10 -10 -10 -100    0 -1000 -1000 -10
104 17 pedestrian 0 0 -10 661.79 159.39 712.69 312.11 -10 -10 -10 -100    0 -1000 -1000 -10
104 16 pedestrian 0 0 -10 455.06 155.26 493.37 283.33 -10 -10 -10 -100    0 -1000 -1000 -10
104 15 pedestrian 0 0 -10 585.74 164.70 615.92 191.98 -10 -10 -10 -100    0 -1000 -1000 -10
104 13 pedestrian 0 0 -10 346.30 150.42 491.40 200.09 -10 -10 -10 -100    0 -1000 -1000 -10
104 12 pedestrian 0 0 -10 583.30 157.68 651.87 341.48 -10 -10 -10 -100    0 -1000 -1000 -10
104 9 pedestrian 0 0 -10 524.16 163.89 576.65 195.50 -10 -10 -10 -100    0 -1000 -1000 -10
104 32 pedestrian 0 0 -10 525.40 150.32 581.61 286.57 -10 -10 -10 -100    0 -1000 -1000 -10
104 6 pedestrian 0 0 -10 183.58 159.58 226.37 210.69 -10 -10 -10 -100    0 -1000 -1000 -10
104 5 pedestrian 0 0 -10 603.25 171.36 634.77 204.96 -10 -10 -10 -100    0 -1000 -1000 -10
104 31 pedestrian 0 0 -10 784.90 142.68 876.22 343.86 -10 -10 -10 -100    0 -1000 -1000 -10
104 3 pedestrian 0 0 -10 1095.21 185.15 1223.46 243.49 -10 -10 -10 -100    0 -1000 -1000 -10
104 2 pedestrian 0 0 -10 953.03 181.48 1067.98 242.42 -10 -10 -10 -100    0 -1000 -1000 -10
104 1 pedestrian 0 0 -10 1032.75 184.07 1157.05 240.33 -10 -10 -10 -100    0 -1000 -1000 -10
105 22 pedestrian 0 0 -10 479.83 155.34 528.55 299.91 -10 -10 -10 -100    0 -1000 -1000 -10
105 21 pedestrian 0 0 -10 619.97 151.89 668.82 331.41 -10 -10 -10 -100    0 -1000 -1000 -10
105 20 pedestrian 0 0 -10 480.04 152.13 553.76 274.41 -10 -10 -10 -100    0 -1000 -1000 -10
105 34 pedestrian 0 0 -10 261.66 152.15 282.51 208.04 -10 -10 -10 -100    0 -1000 -1000 -10
105 29 pedestrian 0 0 -10 233.33 149.05 259.64 225.31 -10 -10 -10 -100    0 -1000 -1000 -10
105 17 pedestrian 0 0 -10 677.91 160.12 726.80 314.36 -10 -10 -10 -100    0 -1000 -1000 -10
105 16 pedestrian 0 0 -10 456.68 154.31 493.54 284.07 -10 -10 -10 -100    0 -1000 -1000 -10
105 15 pedestrian 0 0 -10 586.20 165.49 616.07 192.06 -10 -10 -10 -100    0 -1000 -1000 -10
105 13 pedestrian 0 0 -10 346.54 150.50 491.15 200.06 -10 -10 -10 -100    0 -1000 -1000 -10
105 12 pedestrian 0 0 -10 599.76 158.58 661.46 343.38 -10 -10 -10 -100    0 -1000 -1000 -10
105 27 pedestrian 0 0 -10 673.67 142.87 739.85 260.04 -10 -10 -10 -100    0 -1000 -1000 -10
105 9 pedestrian 0 0 -10 522.94 163.90 576.30 196.08 -10 -10 -10 -100    0 -1000 -1000 -10
105 32 pedestrian 0 0 -10 530.73 149.58 586.13 288.66 -10 -10 -10 -100    0 -1000 -1000 -10
105 6 pedestrian 0 0 -10 183.55 159.66 226.17 210.60 -10 -10 -10 -100    0 -1000 -1000 -10
105 5 pedestrian 0 0 -10 603.05 171.57 635.83 206.02 -10 -10 -10 -100    0 -1000 -1000 -10
105 31 pedestrian 0 0 -10 801.71 141.50 884.51 344.01 -10 -10 -10 -100    0 -1000 -1000 -10
105 3 pedestrian 0 0 -10 1094.90 185.01 1223.51 243.49 -10 -10 -10 -100    0 -1000 -1000 -10
105 2 pedestrian 0 0 -10 952.85 181.45 1067.90 242.48 -10 -10 -10 -100    0 -1000 -1000 -10
105 1 pedestrian 0 0 -10 1032.73 184.02 1157.10 240.41 -10 -10 -10 -100    0 -1000 -1000 -10
106 22 pedestrian 0 0 -10 488.58 151.47 539.11 301.10 -10 -10 -10 -100    0 -1000 -1000 -10
106 21 pedestrian 0 0 -10 634.26 150.34 680.34 330.99 -10 -10 -10 -100    0 -1000 -1000 -10
106 20 pedestrian 0 0 -10 486.40 151.04 556.85 275.61 -10 -10 -10 -100    0 -1000 -1000 -10
106 34 pedestrian 0 0 -10 260.33 152.29 281.03 208.01 -10 -10 -10 -100    0 -1000 -1000 -10
106 29 pedestrian 0 0 -10 231.52 149.85 257.42 223.40 -10 -10 -10 -100    0 -1000 -1000 -10
106 17 pedestrian 0 0 -10 692.31 158.90 745.34 314.72 -10 -10 -10 -100    0 -1000 -1000 -10
106 16 pedestrian 0 0 -10 457.50 156.24 495.61 285.20 -10 -10 -10 -100    0 -1000 -1000 -10
106 15 pedestrian 0 0 -10 587.20 164.95 615.56 191.26 -10 -10 -10 -100    0 -1000 -1000 -10
106 13 pedestrian 0 0 -10 317.10 149.74 455.19 191.55 -10 -10 -10 -100    0 -1000 -1000 -10
106 12 pedestrian 0 0 -10 620.18 155.38 670.02 347.43 -10 -10 -10 -100    0 -1000 -1000 -10
106 11 pedestrian 0 0 -10 837.65 146.64 899.97 325.21 -10 -10 -10 -100    0 -1000 -1000 -10
106 27 pedestrian 0 0 -10 679.54 142.68 752.99 264.34 -10 -10 -10 -100    0 -1000 -1000 -10
106 9 pedestrian 0 0 -10 523.83 164.11 576.40 195.70 -10 -10 -10 -100    0 -1000 -1000 -10
106 32 pedestrian 0 0 -10 537.08 148.98 589.07 288.20 -10 -10 -10 -100    0 -1000 -1000 -10
106 6 pedestrian 0 0 -10 183.42 160.03 225.95 210.71 -10 -10 -10 -100    0 -1000 -1000 -10
106 5 pedestrian 0 0 -10 603.10 171.04 637.08 206.06 -10 -10 -10 -100    0 -1000 -1000 -10
106 31 pedestrian 0 0 -10 824.84 141.01 890.86 345.61 -10 -10 -10 -100    0 -1000 -1000 -10
106 3 pedestrian 0 0 -10 1095.00 184.88 1223.53 243.44 -10 -10 -10 -100    0 -1000 -1000 -10
106 2 pedestrian 0 0 -10 952.70 181.40 1067.83 242.46 -10 -10 -10 -100    0 -1000 -1000 -10
106 1 pedestrian 0 0 -10 1032.76 184.02 1157.10 240.39 -10 -10 -10 -100    0 -1000 -1000 -10
107 22 pedestrian 0 0 -10 495.05 152.35 544.89 303.08 -10 -10 -10 -100    0 -1000 -1000 -10
107 21 pedestrian 0 0 -10 641.73 149.49 695.77 331.35 -10 -10 -10 -100    0 -1000 -1000 -10
107 20 pedestrian 0 0 -10 488.52 149.74 562.02 280.55 -10 -10 -10 -100    0 -1000 -1000 -10
107 34 pedestrian 0 0 -10 259.31 151.88 279.28 207.90 -10 -10 -10 -100    0 -1000 -1000 -10
107 29 pedestrian 0 0 -10 228.39 148.67 254.67 223.42 -10 -10 -10 -100    0 -1000 -1000 -10
107 17 pedestrian 0 0 -10 705.49 158.60 757.90 315.35 -10 -10 -10 -100    0 -1000 -1000 -10
107 16 pedestrian 0 0 -10 460.53 157.19 501.04 289.12 -10 -10 -10 -100    0 -1000 -1000 -10
107 15 pedestrian 0 0 -10 586.63 165.02 615.68 191.37 -10 -10 -10 -100    0 -1000 -1000 -10
107 13 pedestrian 0 0 -10 317.01 150.08 455.26 191.42 -10 -10 -10 -100    0 -1000 -1000 -10
107 12 pedestrian 0 0 -10 626.66 155.56 687.28 351.86 -10 -10 -10 -100    0 -1000 -1000 -10
107 27 pedestrian 0 0 -10 689.72 142.96 763.68 266.51 -10 -10 -10 -100    0 -1000 -1000 -10
107 9 pedestrian 0 0 -10 524.15 163.56 576.37 195.70 -10 -10 -10 -100    0 -1000 -1000 -10
107 32 pedestrian 0 0 -10 546.65 148.27 598.69 288.78 -10 -10 -10 -100    0 -1000 -1000 -10
107 6 pedestrian 0 0 -10 183.02 160.08 225.83 210.90 -10 -10 -10 -100    0 -1000 -1000 -10
107 5 pedestrian 0 0 -10 601.58 170.89 636.16 206.90 -10 -10 -10 -100    0 -1000 -1000 -10
107 31 pedestrian 0 0 -10 834.51 140.65 907.46 347.49 -10 -10 -10 -100    0 -1000 -1000 -10
107 3 pedestrian 0 0 -10 1095.08 184.88 1223.56 243.38 -10 -10 -10 -100    0 -1000 -1000 -10
107 2 pedestrian 0 0 -10 953.11 181.51 1067.56 242.37 -10 -10 -10 -100    0 -1000 -1000 -10
107 1 pedestrian 0 0 -10 1032.79 183.99 1157.15 240.43 -10 -10 -10 -100    0 -1000 -1000 -10
108 22 pedestrian 0 0 -10 502.23 151.17 550.73 305.28 -10 -10 -10 -100    0 -1000 -1000 -10
108 21 pedestrian 0 0 -10 655.81 150.17 713.16 334.30 -10 -10 -10 -100    0 -1000 -1000 -10
108 20 pedestrian 0 0 -10 495.32 150.82 565.31 280.88 -10 -10 -10 -100    0 -1000 -1000 -10
108 34 pedestrian 0 0 -10 258.00 151.48 278.38 207.93 -10 -10 -10 -100    0 -1000 -1000 -10
108 29 pedestrian 0 0 -10 224.59 148.36 251.35 225.99 -10 -10 -10 -100    0 -1000 -1000 -10
108 17 pedestrian 0 0 -10 708.44 160.60 763.80 316.43 -10 -10 -10 -100    0 -1000 -1000 -10
108 16 pedestrian 0 0 -10 463.88 153.31 507.44 290.62 -10 -10 -10 -100    0 -1000 -1000 -10
108 15 pedestrian 0 0 -10 585.73 164.90 615.74 191.02 -10 -10 -10 -100    0 -1000 -1000 -10
108 13 pedestrian 0 0 -10 317.16 150.06 454.96 191.37 -10 -10 -10 -100    0 -1000 -1000 -10
108 12 pedestrian 0 0 -10 628.91 156.68 711.20 354.62 -10 -10 -10 -100    0 -1000 -1000 -10
108 27 pedestrian 0 0 -10 702.36 143.04 774.67 267.77 -10 -10 -10 -100    0 -1000 -1000 -10
108 9 pedestrian 0 0 -10 524.71 162.96 576.48 195.03 -10 -10 -10 -100    0 -1000 -1000 -10
108 32 pedestrian 0 0 -10 550.39 148.62 608.47 291.75 -10 -10 -10 -100    0 -1000 -1000 -10
108 6 pedestrian 0 0 -10 182.56 160.10 225.50 211.15 -10 -10 -10 -100    0 -1000 -1000 -10
108 5 pedestrian 0 0 -10 601.50 170.76 636.55 207.46 -10 -10 -10 -100    0 -1000 -1000 -10
108 31 pedestrian 0 0 -10 841.32 141.11 928.64 349.72 -10 -10 -10 -100    0 -1000 -1000 -10
108 3 pedestrian 0 0 -10 1095.09 184.87 1223.52 243.47 -10 -10 -10 -100    0 -1000 -1000 -10
108 2 pedestrian 0 0 -10 953.37 181.51 1067.61 242.45 -10 -10 -10 -100    0 -1000 -1000 -10
108 1 pedestrian 0 0 -10 1032.78 184.03 1157.17 240.49 -10 -10 -10 -100    0 -1000 -1000 -10
109 22 pedestrian 0 0 -10 507.24 150.62 563.31 306.00 -10 -10 -10 -100    0 -1000 -1000 -10
109 21 pedestrian 0 0 -10 664.94 151.36 722.81 337.10 -10 -10 -10 -100    0 -1000 -1000 -10
109 20 pedestrian 0 0 -10 496.81 150.03 569.26 280.39 -10 -10 -10 -100    0 -1000 -1000 -10
109 34 pedestrian 0 0 -10 258.00 150.91 277.81 207.92 -10 -10 -10 -100    0 -1000 -1000 -10
109 29 pedestrian 0 0 -10 221.85 147.99 248.28 227.77 -10 -10 -10 -100    0 -1000 -1000 -10
109 17 pedestrian 0 0 -10 713.09 159.43 768.32 316.07 -10 -10 -10 -100    0 -1000 -1000 -10
109 16 pedestrian 0 0 -10 467.20 154.53 513.98 291.72 -10 -10 -10 -100    0 -1000 -1000 -10
109 15 pedestrian 0 0 -10 585.77 164.19 615.02 190.40 -10 -10 -10 -100    0 -1000 -1000 -10
109 13 pedestrian 0 0 -10 317.52 150.10 454.90 191.46 -10 -10 -10 -100    0 -1000 -1000 -10
109 12 pedestrian 0 0 -10 633.48 156.17 722.42 355.81 -10 -10 -10 -100    0 -1000 -1000 -10
109 27 pedestrian 0 0 -10 710.86 141.46 784.60 269.12 -10 -10 -10 -100    0 -1000 -1000 -10
109 9 pedestrian 0 0 -10 524.26 163.11 576.05 194.96 -10 -10 -10 -100    0 -1000 -1000 -10
109 32 pedestrian 0 0 -10 555.76 147.97 615.30 291.32 -10 -10 -10 -100    0 -1000 -1000 -10
109 6 pedestrian 0 0 -10 183.01 159.76 225.63 210.87 -10 -10 -10 -100    0 -1000 -1000 -10
109 5 pedestrian 0 0 -10 601.98 171.06 636.87 206.85 -10 -10 -10 -100    0 -1000 -1000 -10
109 31 pedestrian 0 0 -10 848.33 140.19 940.39 352.25 -10 -10 -10 -100    0 -1000 -1000 -10
109 3 pedestrian 0 0 -10 1094.96 184.86 1223.52 243.56 -10 -10 -10 -100    0 -1000 -1000 -10
109 2 pedestrian 0 0 -10 953.84 181.51 1067.81 242.56 -10 -10 -10 -100    0 -1000 -1000 -10
109 1 pedestrian 0 0 -10 1032.85 184.03 1157.21 240.60 -10 -10 -10 -100    0 -1000 -1000 -10
110 35 pedestrian 0 0 -10 187.31 144.88 202.44 198.52 -10 -10 -10 -100    0 -1000 -1000 -10
110 22 pedestrian 0 0 -10 513.11 149.39 567.20 308.99 -10 -10 -10 -100    0 -1000 -1000 -10
110 21 pedestrian 0 0 -10 672.95 149.03 729.44 335.53 -10 -10 -10 -100    0 -1000 -1000 -10
110 20 pedestrian 0 0 -10 501.40 148.82 573.23 281.03 -10 -10 -10 -100    0 -1000 -1000 -10
110 34 pedestrian 0 0 -10 258.53 152.06 278.25 208.53 -10 -10 -10 -100    0 -1000 -1000 -10
110 29 pedestrian 0 0 -10 220.03 149.87 246.28 226.19 -10 -10 -10 -100    0 -1000 -1000 -10
110 17 pedestrian 0 0 -10 720.67 158.56 776.36 321.02 -10 -10 -10 -100    0 -1000 -1000 -10
110 16 pedestrian 0 0 -10 471.96 154.57 518.32 291.24 -10 -10 -10 -100    0 -1000 -1000 -10
110 15 pedestrian 0 0 -10 586.27 164.07 615.03 190.17 -10 -10 -10 -100    0 -1000 -1000 -10
110 13 pedestrian 0 0 -10 317.36 150.34 455.13 191.51 -10 -10 -10 -100    0 -1000 -1000 -10
110 12 pedestrian 0 0 -10 636.77 154.01 725.65 356.39 -10 -10 -10 -100    0 -1000 -1000 -10
110 27 pedestrian 0 0 -10 717.91 140.95 796.82 273.56 -10 -10 -10 -100    0 -1000 -1000 -10
110 9 pedestrian 0 0 -10 524.49 163.38 576.28 195.32 -10 -10 -10 -100    0 -1000 -1000 -10
110 32 pedestrian 0 0 -10 560.69 147.92 619.89 293.06 -10 -10 -10 -100    0 -1000 -1000 -10
110 6 pedestrian 0 0 -10 182.93 159.07 225.45 210.98 -10 -10 -10 -100    0 -1000 -1000 -10
110 5 pedestrian 0 0 -10 601.80 170.99 637.15 206.64 -10 -10 -10 -100    0 -1000 -1000 -10
110 31 pedestrian 0 0 -10 856.57 141.08 945.93 355.74 -10 -10 -10 -100    0 -1000 -1000 -10
110 3 pedestrian 0 0 -10 1095.04 184.75 1223.54 243.49 -10 -10 -10 -100    0 -1000 -1000 -10
110 2 pedestrian 0 0 -10 952.58 181.60 1068.12 242.83 -10 -10 -10 -100    0 -1000 -1000 -10
110 1 pedestrian 0 0 -10 1032.74 183.98 1157.19 240.61 -10 -10 -10 -100    0 -1000 -1000 -10
111 35 pedestrian 0 0 -10 186.93 145.01 202.22 198.58 -10 -10 -10 -100    0 -1000 -1000 -10
111 22 pedestrian 0 0 -10 518.73 148.76 570.60 308.82 -10 -10 -10 -100    0 -1000 -1000 -10
111 21 pedestrian 0 0 -10 681.01 147.55 731.89 342.28 -10 -10 -10 -100    0 -1000 -1000 -10
111 20 pedestrian 0 0 -10 509.25 148.89 582.12 285.24 -10 -10 -10 -100    0 -1000 -1000 -10
111 34 pedestrian 0 0 -10 258.14 152.60 277.97 209.20 -10 -10 -10 -100    0 -1000 -1000 -10
111 29 pedestrian 0 0 -10 215.51 149.60 243.79 229.63 -10 -10 -10 -100    0 -1000 -1000 -10
111 17 pedestrian 0 0 -10 730.46 157.77 790.56 324.86 -10 -10 -10 -100    0 -1000 -1000 -10
111 16 pedestrian 0 0 -10 478.27 154.24 523.03 291.06 -10 -10 -10 -100    0 -1000 -1000 -10
111 15 pedestrian 0 0 -10 585.09 163.46 614.24 189.84 -10 -10 -10 -100    0 -1000 -1000 -10
111 13 pedestrian 0 0 -10 317.09 150.15 455.23 191.44 -10 -10 -10 -100    0 -1000 -1000 -10
111 12 pedestrian 0 0 -10 653.05 151.67 727.59 355.96 -10 -10 -10 -100    0 -1000 -1000 -10
111 27 pedestrian 0 0 -10 726.03 140.01 805.07 274.17 -10 -10 -10 -100    0 -1000 -1000 -10
111 9 pedestrian 0 0 -10 525.12 163.53 576.30 195.45 -10 -10 -10 -100    0 -1000 -1000 -10
111 32 pedestrian 0 0 -10 565.77 148.84 623.99 293.42 -10 -10 -10 -100    0 -1000 -1000 -10
111 6 pedestrian 0 0 -10 182.69 159.03 225.52 211.13 -10 -10 -10 -100    0 -1000 -1000 -10
111 5 pedestrian 0 0 -10 600.74 171.23 637.15 206.96 -10 -10 -10 -100    0 -1000 -1000 -10
111 31 pedestrian 0 0 -10 878.89 141.00 960.10 356.83 -10 -10 -10 -100    0 -1000 -1000 -10
111 3 pedestrian 0 0 -10 1094.96 184.88 1223.52 243.61 -10 -10 -10 -100    0 -1000 -1000 -10
111 2 pedestrian 0 0 -10 953.21 181.82 1069.09 242.87 -10 -10 -10 -100    0 -1000 -1000 -10
111 1 pedestrian 0 0 -10 1032.55 183.95 1157.32 240.61 -10 -10 -10 -100    0 -1000 -1000 -10
112 35 pedestrian 0 0 -10 186.03 144.82 200.74 198.14 -10 -10 -10 -100    0 -1000 -1000 -10
112 22 pedestrian 0 0 -10 524.76 150.96 572.55 311.91 -10 -10 -10 -100    0 -1000 -1000 -10
112 21 pedestrian 0 0 -10 692.30 144.86 744.11 338.63 -10 -10 -10 -100    0 -1000 -1000 -10
112 20 pedestrian 0 0 -10 514.48 149.57 586.35 284.08 -10 -10 -10 -100    0 -1000 -1000 -10
112 34 pedestrian 0 0 -10 257.87 151.93 277.58 209.39 -10 -10 -10 -100    0 -1000 -1000 -10
112 29 pedestrian 0 0 -10 213.43 148.70 240.60 228.26 -10 -10 -10 -100    0 -1000 -1000 -10
112 17 pedestrian 0 0 -10 736.13 154.28 805.82 324.07 -10 -10 -10 -100    0 -1000 -1000 -10
112 16 pedestrian 0 0 -10 486.41 154.74 529.64 291.53 -10 -10 -10 -100    0 -1000 -1000 -10
112 15 pedestrian 0 0 -10 585.30 164.19 613.76 190.75 -10 -10 -10 -100    0 -1000 -1000 -10
112 13 pedestrian 0 0 -10 316.89 150.08 455.84 191.44 -10 -10 -10 -100    0 -1000 -1000 -10
112 12 pedestrian 0 0 -10 674.17 148.02 734.78 354.31 -10 -10 -10 -100    0 -1000 -1000 -10
112 27 pedestrian 0 0 -10 736.54 137.73 818.20 275.32 -10 -10 -10 -100    0 -1000 -1000 -10
112 9 pedestrian 0 0 -10 524.39 162.92 576.16 195.15 -10 -10 -10 -100    0 -1000 -1000 -10
112 32 pedestrian 0 0 -10 574.73 149.95 623.27 296.18 -10 -10 -10 -100    0 -1000 -1000 -10
112 6 pedestrian 0 0 -10 182.39 158.65 225.67 211.80 -10 -10 -10 -100    0 -1000 -1000 -10
112 5 pedestrian 0 0 -10 601.70 170.98 636.75 207.27 -10 -10 -10 -100    0 -1000 -1000 -10
112 31 pedestrian 0 0 -10 896.46 139.07 970.97 361.47 -10 -10 -10 -100    0 -1000 -1000 -10
112 3 pedestrian 0 0 -10 1094.79 184.83 1223.51 243.51 -10 -10 -10 -100    0 -1000 -1000 -10
112 2 pedestrian 0 0 -10 950.85 181.83 1069.67 242.33 -10 -10 -10 -100    0 -1000 -1000 -10
112 1 pedestrian 0 0 -10 1032.46 184.01 1157.23 240.68 -10 -10 -10 -100    0 -1000 -1000 -10
113 35 pedestrian 0 0 -10 185.66 144.74 199.88 198.11 -10 -10 -10 -100    0 -1000 -1000 -10
113 22 pedestrian 0 0 -10 534.42 152.94 585.12 312.16 -10 -10 -10 -100    0 -1000 -1000 -10
113 21 pedestrian 0 0 -10 706.04 145.76 757.51 344.81 -10 -10 -10 -100    0 -1000 -1000 -10
113 20 pedestrian 0 0 -10 524.01 149.66 592.16 281.87 -10 -10 -10 -100    0 -1000 -1000 -10
113 34 pedestrian 0 0 -10 258.02 151.17 277.16 208.70 -10 -10 -10 -100    0 -1000 -1000 -10
113 29 pedestrian 0 0 -10 209.98 148.37 237.17 228.48 -10 -10 -10 -100    0 -1000 -1000 -10
113 17 pedestrian 0 0 -10 745.90 156.20 809.94 326.57 -10 -10 -10 -100    0 -1000 -1000 -10
113 16 pedestrian 0 0 -10 490.76 156.65 535.63 292.50 -10 -10 -10 -100    0 -1000 -1000 -10
113 15 pedestrian 0 0 -10 586.52 164.07 614.66 190.28 -10 -10 -10 -100    0 -1000 -1000 -10
113 13 pedestrian 0 0 -10 316.76 150.17 455.25 191.30 -10 -10 -10 -100    0 -1000 -1000 -10
113 12 pedestrian 0 0 -10 687.10 147.41 750.14 356.85 -10 -10 -10 -100    0 -1000 -1000 -10
113 27 pedestrian 0 0 -10 746.14 138.00 830.56 280.97 -10 -10 -10 -100    0 -1000 -1000 -10
113 9 pedestrian 0 0 -10 523.74 163.61 576.23 195.94 -10 -10 -10 -100    0 -1000 -1000 -10
113 32 pedestrian 0 0 -10 580.41 149.81 630.57 294.22 -10 -10 -10 -100    0 -1000 -1000 -10
113 6 pedestrian 0 0 -10 182.00 158.94 226.53 212.18 -10 -10 -10 -100    0 -1000 -1000 -10
113 5 pedestrian 0 0 -10 602.52 170.44 637.03 206.47 -10 -10 -10 -100    0 -1000 -1000 -10
113 31 pedestrian 0 0 -10 903.57 139.79 987.43 362.92 -10 -10 -10 -100    0 -1000 -1000 -10
113 3 pedestrian 0 0 -10 1094.93 184.89 1223.43 243.45 -10 -10 -10 -100    0 -1000 -1000 -10
113 2 pedestrian 0 0 -10 952.22 181.98 1069.68 243.15 -10 -10 -10 -100    0 -1000 -1000 -10
113 1 pedestrian 0 0 -10 1032.67 184.01 1157.15 240.63 -10 -10 -10 -100    0 -1000 -1000 -10
114 36 pedestrian 0 0 -10 464.55 166.52 490.38 222.82 -10 -10 -10 -100    0 -1000 -1000 -10
114 35 pedestrian 0 0 -10 184.51 144.13 198.68 197.46 -10 -10 -10 -100    0 -1000 -1000 -10
114 22 pedestrian 0 0 -10 537.73 150.96 598.65 314.86 -10 -10 -10 -100    0 -1000 -1000 -10
114 21 pedestrian 0 0 -10 728.04 145.87 783.95 344.27 -10 -10 -10 -100    0 -1000 -1000 -10
114 20 pedestrian 0 0 -10 527.53 149.39 601.00 280.70 -10 -10 -10 -100    0 -1000 -1000 -10
114 34 pedestrian 0 0 -10 257.61 151.05 276.65 208.19 -10 -10 -10 -100    0 -1000 -1000 -10
114 29 pedestrian 0 0 -10 205.65 149.38 233.73 228.37 -10 -10 -10 -100    0 -1000 -1000 -10
114 17 pedestrian 0 0 -10 755.37 157.36 813.09 326.45 -10 -10 -10 -100    0 -1000 -1000 -10
114 16 pedestrian 0 0 -10 495.44 152.94 544.60 291.95 -10 -10 -10 -100    0 -1000 -1000 -10
114 15 pedestrian 0 0 -10 586.72 164.65 615.14 190.68 -10 -10 -10 -100    0 -1000 -1000 -10
114 13 pedestrian 0 0 -10 316.97 150.18 454.35 191.39 -10 -10 -10 -100    0 -1000 -1000 -10
114 12 pedestrian 0 0 -10 693.35 145.69 771.09 357.78 -10 -10 -10 -100    0 -1000 -1000 -10
114 11 pedestrian 0 0 -10 932.68 147.88 1023.72 345.47 -10 -10 -10 -100    0 -1000 -1000 -10
114 27 pedestrian 0 0 -10 755.13 137.43 839.72 284.14 -10 -10 -10 -100    0 -1000 -1000 -10
114 9 pedestrian 0 0 -10 523.87 164.12 576.87 195.87 -10 -10 -10 -100    0 -1000 -1000 -10
114 32 pedestrian 0 0 -10 585.65 149.65 640.80 294.59 -10 -10 -10 -100    0 -1000 -1000 -10
114 6 pedestrian 0 0 -10 181.24 158.89 227.24 211.54 -10 -10 -10 -100    0 -1000 -1000 -10
114 5 pedestrian 0 0 -10 603.61 171.08 636.69 207.09 -10 -10 -10 -100    0 -1000 -1000 -10
114 31 pedestrian 0 0 -10 911.30 139.78 999.59 366.45 -10 -10 -10 -100    0 -1000 -1000 -10
114 3 pedestrian 0 0 -10 1094.72 184.82 1223.43 243.47 -10 -10 -10 -100    0 -1000 -1000 -10
114 2 pedestrian 0 0 -10 951.83 181.78 1069.69 242.44 -10 -10 -10 -100    0 -1000 -1000 -10
114 1 pedestrian 0 0 -10 1032.24 183.97 1157.20 240.65 -10 -10 -10 -100    0 -1000 -1000 -10
115 36 pedestrian 0 0 -10 463.65 166.20 490.68 223.70 -10 -10 -10 -100    0 -1000 -1000 -10
115 35 pedestrian 0 0 -10 183.97 143.56 198.41 196.87 -10 -10 -10 -100    0 -1000 -1000 -10
115 22 pedestrian 0 0 -10 540.71 148.99 601.79 317.21 -10 -10 -10 -100    0 -1000 -1000 -10
115 21 pedestrian 0 0 -10 727.14 145.98 794.74 346.52 -10 -10 -10 -100    0 -1000 -1000 -10
115 34 pedestrian 0 0 -10 256.68 151.31 276.25 209.48 -10 -10 -10 -100    0 -1000 -1000 -10
115 29 pedestrian 0 0 -10 200.57 148.29 231.82 229.23 -10 -10 -10 -100    0 -1000 -1000 -10
115 17 pedestrian 0 0 -10 774.90 152.80 828.17 328.66 -10 -10 -10 -100    0 -1000 -1000 -10
115 16 pedestrian 0 0 -10 498.43 153.69 548.42 292.80 -10 -10 -10 -100    0 -1000 -1000 -10
115 15 pedestrian 0 0 -10 586.49 164.12 614.76 189.95 -10 -10 -10 -100    0 -1000 -1000 -10
115 13 pedestrian 0 0 -10 316.60 150.05 454.29 191.31 -10 -10 -10 -100    0 -1000 -1000 -10
115 12 pedestrian 0 0 -10 700.18 143.80 780.46 358.49 -10 -10 -10 -100    0 -1000 -1000 -10
115 11 pedestrian 0 0 -10 936.45 146.46 1031.56 348.56 -10 -10 -10 -100    0 -1000 -1000 -10
115 27 pedestrian 0 0 -10 767.39 137.43 854.26 287.72 -10 -10 -10 -100    0 -1000 -1000 -10
115 9 pedestrian 0 0 -10 523.90 164.26 576.52 196.33 -10 -10 -10 -100    0 -1000 -1000 -10
115 32 pedestrian 0 0 -10 591.09 149.39 646.37 298.00 -10 -10 -10 -100    0 -1000 -1000 -10
115 6 pedestrian 0 0 -10 182.16 160.16 228.03 211.03 -10 -10 -10 -100    0 -1000 -1000 -10
115 5 pedestrian 0 0 -10 603.47 171.13 636.83 206.43 -10 -10 -10 -100    0 -1000 -1000 -10
115 31 pedestrian 0 0 -10 917.06 137.35 1010.43 370.00 -10 -10 -10 -100    0 -1000 -1000 -10
115 3 pedestrian 0 0 -10 1094.62 184.88 1223.50 243.52 -10 -10 -10 -100    0 -1000 -1000 -10
115 2 pedestrian 0 0 -10 953.58 181.59 1068.70 243.90 -10 -10 -10 -100    0 -1000 -1000 -10
115 1 pedestrian 0 0 -10 1032.09 183.98 1157.17 240.70 -10 -10 -10 -100    0 -1000 -1000 -10
116 36 pedestrian 0 0 -10 462.84 165.92 491.38 224.54 -10 -10 -10 -100    0 -1000 -1000 -10
116 35 pedestrian 0 0 -10 184.84 143.94 199.60 197.39 -10 -10 -10 -100    0 -1000 -1000 -10
116 21 pedestrian 0 0 -10 726.35 145.14 806.39 353.15 -10 -10 -10 -100    0 -1000 -1000 -10
116 34 pedestrian 0 0 -10 256.04 150.89 276.23 209.96 -10 -10 -10 -100    0 -1000 -1000 -10
116 29 pedestrian 0 0 -10 197.78 149.65 229.03 231.33 -10 -10 -10 -100    0 -1000 -1000 -10
116 17 pedestrian 0 0 -10 791.58 154.04 847.92 332.80 -10 -10 -10 -100    0 -1000 -1000 -10
116 16 pedestrian 0 0 -10 502.93 152.02 552.34 294.76 -10 -10 -10 -100    0 -1000 -1000 -10
116 15 pedestrian 0 0 -10 585.68 164.16 614.84 190.74 -10 -10 -10 -100    0 -1000 -1000 -10
116 13 pedestrian 0 0 -10 316.85 150.34 453.97 191.42 -10 -10 -10 -100    0 -1000 -1000 -10
116 12 pedestrian 0 0 -10 710.15 141.47 788.09 362.23 -10 -10 -10 -100    0 -1000 -1000 -10
116 11 pedestrian 0 0 -10 948.07 145.22 1040.30 349.49 -10 -10 -10 -100    0 -1000 -1000 -10
116 27 pedestrian 0 0 -10 776.55 136.88 868.45 293.63 -10 -10 -10 -100    0 -1000 -1000 -10
116 9 pedestrian 0 0 -10 523.44 164.24 576.41 196.32 -10 -10 -10 -100    0 -1000 -1000 -10
116 32 pedestrian 0 0 -10 596.55 148.52 651.33 297.78 -10 -10 -10 -100    0 -1000 -1000 -10
116 6 pedestrian 0 0 -10 182.45 159.74 226.08 211.45 -10 -10 -10 -100    0 -1000 -1000 -10
116 5 pedestrian 0 0 -10 602.76 170.80 637.97 206.84 -10 -10 -10 -100    0 -1000 -1000 -10
116 31 pedestrian 0 0 -10 934.37 136.28 1019.70 370.00 -10 -10 -10 -100    0 -1000 -1000 -10
116 3 pedestrian 0 0 -10 1094.71 184.99 1223.45 243.56 -10 -10 -10 -100    0 -1000 -1000 -10
116 2 pedestrian 0 0 -10 951.83 181.64 1066.95 242.88 -10 -10 -10 -100    0 -1000 -1000 -10
116 1 pedestrian 0 0 -10 1032.87 184.01 1157.06 240.75 -10 -10 -10 -100    0 -1000 -1000 -10
117 37 pedestrian 0 0 -10 222.29 148.68 243.24 208.13 -10 -10 -10 -100    0 -1000 -1000 -10
117 36 pedestrian 0 0 -10 463.09 165.79 494.03 226.24 -10 -10 -10 -100    0 -1000 -1000 -10
117 35 pedestrian 0 0 -10 185.66 144.01 200.96 198.00 -10 -10 -10 -100    0 -1000 -1000 -10
117 21 pedestrian 0 0 -10 737.76 142.62 819.65 353.79 -10 -10 -10 -100    0 -1000 -1000 -10
117 34 pedestrian 0 0 -10 255.82 150.45 275.91 210.36 -10 -10 -10 -100    0 -1000 -1000 -10
117 29 pedestrian 0 0 -10 194.06 147.64 225.68 231.88 -10 -10 -10 -100    0 -1000 -1000 -10
117 17 pedestrian 0 0 -10 804.86 152.97 867.81 334.73 -10 -10 -10 -100    0 -1000 -1000 -10
117 16 pedestrian 0 0 -10 509.17 152.03 555.29 294.88 -10 -10 -10 -100    0 -1000 -1000 -10
117 15 pedestrian 0 0 -10 584.62 163.48 614.40 190.81 -10 -10 -10 -100    0 -1000 -1000 -10
117 13 pedestrian 0 0 -10 316.73 150.38 454.62 191.53 -10 -10 -10 -100    0 -1000 -1000 -10
117 12 pedestrian 0 0 -10 728.86 138.66 799.03 363.93 -10 -10 -10 -100    0 -1000 -1000 -10
117 11 pedestrian 0 0 -10 961.03 138.30 1043.86 370.00 -10 -10 -10 -100    0 -1000 -1000 -10
117 27 pedestrian 0 0 -10 788.23 134.47 883.77 296.42 -10 -10 -10 -100    0 -1000 -1000 -10
117 9 pedestrian 0 0 -10 523.82 164.01 576.80 195.90 -10 -10 -10 -100    0 -1000 -1000 -10
117 32 pedestrian 0 0 -10 603.33 147.06 653.62 296.99 -10 -10 -10 -100    0 -1000 -1000 -10
117 6 pedestrian 0 0 -10 182.02 158.91 225.49 211.68 -10 -10 -10 -100    0 -1000 -1000 -10
117 5 pedestrian 0 0 -10 603.94 170.54 638.47 206.91 -10 -10 -10 -100    0 -1000 -1000 -10
117 3 pedestrian 0 0 -10 1094.58 184.93 1223.42 243.59 -10 -10 -10 -100    0 -1000 -1000 -10
117 2 pedestrian 0 0 -10 952.45 181.67 1067.77 242.06 -10 -10 -10 -100    0 -1000 -1000 -10
117 1 pedestrian 0 0 -10 1032.35 184.01 1156.98 240.48 -10 -10 -10 -100    0 -1000 -1000 -10
118 37 pedestrian 0 0 -10 221.17 148.64 242.63 209.09 -10 -10 -10 -100    0 -1000 -1000 -10
118 36 pedestrian 0 0 -10 463.01 165.87 496.87 228.20 -10 -10 -10 -100    0 -1000 -1000 -10
118 35 pedestrian 0 0 -10 185.48 144.15 201.42 199.29 -10 -10 -10 -100    0 -1000 -1000 -10
118 21 pedestrian 0 0 -10 754.84 144.07 834.44 361.47 -10 -10 -10 -100    0 -1000 -1000 -10
118 20 pedestrian 0 0 -10 567.86 147.79 623.77 284.80 -10 -10 -10 -100    0 -1000 -1000 -10
118 34 pedestrian 0 0 -10 254.96 150.31 275.47 210.62 -10 -10 -10 -100    0 -1000 -1000 -10
118 29 pedestrian 0 0 -10 191.80 146.75 222.70 232.45 -10 -10 -10 -100    0 -1000 -1000 -10
118 17 pedestrian 0 0 -10 813.17 153.19 879.26 335.16 -10 -10 -10 -100    0 -1000 -1000 -10
118 16 pedestrian 0 0 -10 516.14 152.97 560.94 296.87 -10 -10 -10 -100    0 -1000 -1000 -10
118 15 pedestrian 0 0 -10 586.09 163.47 614.68 190.02 -10 -10 -10 -100    0 -1000 -1000 -10
118 13 pedestrian 0 0 -10 316.74 150.35 454.63 191.50 -10 -10 -10 -100    0 -1000 -1000 -10
118 12 pedestrian 0 0 -10 748.01 139.43 814.56 367.16 -10 -10 -10 -100    0 -1000 -1000 -10
118 11 pedestrian 0 0 -10 988.09 140.11 1073.60 370.00 -10 -10 -10 -100    0 -1000 -1000 -10
118 27 pedestrian 0 0 -10 799.29 135.24 900.49 301.95 -10 -10 -10 -100    0 -1000 -1000 -10
118 9 pedestrian 0 0 -10 523.77 163.66 576.09 195.91 -10 -10 -10 -100    0 -1000 -1000 -10
118 32 pedestrian 0 0 -10 613.22 147.21 658.52 299.57 -10 -10 -10 -100    0 -1000 -1000 -10
118 6 pedestrian 0 0 -10 182.37 158.35 225.28 214.61 -10 -10 -10 -100    0 -1000 -1000 -10
118 5 pedestrian 0 0 -10 602.40 170.88 636.55 206.47 -10 -10 -10 -100    0 -1000 -1000 -10
118 3 pedestrian 0 0 -10 1095.35 184.91 1223.33 243.35 -10 -10 -10 -100    0 -1000 -1000 -10
118 2 pedestrian 0 0 -10 953.07 181.45 1070.34 242.53 -10 -10 -10 -100    0 -1000 -1000 -10
118 1 pedestrian 0 0 -10 1032.20 184.04 1157.72 240.57 -10 -10 -10 -100    0 -1000 -1000 -10
119 37 pedestrian 0 0 -10 219.89 147.17 240.78 209.42 -10 -10 -10 -100    0 -1000 -1000 -10
119 36 pedestrian 0 0 -10 465.60 166.08 498.28 228.02 -10 -10 -10 -100    0 -1000 -1000 -10
119 35 pedestrian 0 0 -10 185.70 144.23 202.20 198.84 -10 -10 -10 -100    0 -1000 -1000 -10
119 22 pedestrian 0 0 -10 587.61 149.03 642.95 322.89 -10 -10 -10 -100    0 -1000 -1000 -10
119 21 pedestrian 0 0 -10 776.29 143.48 855.50 358.91 -10 -10 -10 -100    0 -1000 -1000 -10
119 20 pedestrian 0 0 -10 569.81 148.34 624.70 286.56 -10 -10 -10 -100    0 -1000 -1000 -10
119 34 pedestrian 0 0 -10 254.78 150.53 275.32 210.86 -10 -10 -10 -100    0 -1000 -1000 -10
119 29 pedestrian 0 0 -10 188.39 146.98 220.39 233.68 -10 -10 -10 -100    0 -1000 -1000 -10
119 17 pedestrian 0 0 -10 817.51 154.32 883.56 340.46 -10 -10 -10 -100    0 -1000 -1000 -10
119 16 pedestrian 0 0 -10 524.13 151.40 573.19 297.24 -10 -10 -10 -100    0 -1000 -1000 -10
119 15 pedestrian 0 0 -10 585.78 163.20 614.00 190.03 -10 -10 -10 -100    0 -1000 -1000 -10
119 13 pedestrian 0 0 -10 316.13 150.15 455.03 191.54 -10 -10 -10 -100    0 -1000 -1000 -10
119 12 pedestrian 0 0 -10 752.12 139.35 841.76 370.00 -10 -10 -10 -100    0 -1000 -1000 -10
119 11 pedestrian 0 0 -10 994.62 139.81 1102.73 370.00 -10 -10 -10 -100    0 -1000 -1000 -10
119 27 pedestrian 0 0 -10 813.60 134.51 916.40 306.99 -10 -10 -10 -100    0 -1000 -1000 -10
119 9 pedestrian 0 0 -10 523.42 163.84 575.80 196.23 -10 -10 -10 -100    0 -1000 -1000 -10
119 32 pedestrian 0 0 -10 621.46 145.39 669.30 303.18 -10 -10 -10 -100    0 -1000 -1000 -10
119 6 pedestrian 0 0 -10 182.54 158.47 224.81 214.23 -10 -10 -10 -100    0 -1000 -1000 -10
119 5 pedestrian 0 0 -10 601.42 171.04 632.55 205.02 -10 -10 -10 -100    0 -1000 -1000 -10
119 3 pedestrian 0 0 -10 1095.74 184.91 1222.75 242.93 -10 -10 -10 -100    0 -1000 -1000 -10
119 2 pedestrian 0 0 -10 953.29 181.96 1067.51 242.56 -10 -10 -10 -100    0 -1000 -1000 -10
119 1 pedestrian 0 0 -10 1033.19 184.21 1157.85 240.62 -10 -10 -10 -100    0 -1000 -1000 -10
120 37 pedestrian 0 0 -10 218.47 148.16 239.50 209.21 -10 -10 -10 -100    0 -1000 -1000 -10
120 36 pedestrian 0 0 -10 466.81 164.85 500.97 228.02 -10 -10 -10 -100    0 -1000 -1000 -10
120 35 pedestrian 0 0 -10 185.29 144.13 201.46 198.05 -10 -10 -10 -100    0 -1000 -1000 -10
120 22 pedestrian 0 0 -10 589.92 148.53 648.61 325.33 -10 -10 -10 -100    0 -1000 -1000 -10
120 21 pedestrian 0 0 -10 791.29 148.43 870.44 353.29 -10 -10 -10 -100    0 -1000 -1000 -10
120 20 pedestrian 0 0 -10 571.88 148.92 628.72 288.31 -10 -10 -10 -100    0 -1000 -1000 -10
120 34 pedestrian 0 0 -10 254.60 150.39 275.31 211.03 -10 -10 -10 -100    0 -1000 -1000 -10
120 29 pedestrian 0 0 -10 184.57 147.34 216.15 233.27 -10 -10 -10 -100    0 -1000 -1000 -10
120 17 pedestrian 0 0 -10 828.14 151.42 890.64 339.92 -10 -10 -10 -100    0 -1000 -1000 -10
120 16 pedestrian 0 0 -10 528.44 151.70 582.19 298.02 -10 -10 -10 -100    0 -1000 -1000 -10
120 15 pedestrian 0 0 -10 585.80 164.11 614.30 191.88 -10 -10 -10 -100    0 -1000 -1000 -10
120 13 pedestrian 0 0 -10 316.51 150.05 455.53 191.61 -10 -10 -10 -100    0 -1000 -1000 -10
120 12 pedestrian 0 0 -10 755.75 141.01 858.02 370.00 -10 -10 -10 -100    0 -1000 -1000 -10
120 11 pedestrian 0 0 -10 1003.69 140.53 1124.88 370.00 -10 -10 -10 -100    0 -1000 -1000 -10
120 27 pedestrian 0 0 -10 823.60 134.33 923.53 309.77 -10 -10 -10 -100    0 -1000 -1000 -10
120 9 pedestrian 0 0 -10 523.56 164.13 575.92 197.12 -10 -10 -10 -100    0 -1000 -1000 -10
120 32 pedestrian 0 0 -10 621.83 146.51 674.60 303.53 -10 -10 -10 -100    0 -1000 -1000 -10
120 6 pedestrian 0 0 -10 182.72 158.70 224.07 214.50 -10 -10 -10 -100    0 -1000 -1000 -10
120 5 pedestrian 0 0 -10 605.99 171.24 640.10 206.80 -10 -10 -10 -100    0 -1000 -1000 -10
120 3 pedestrian 0 0 -10 1097.20 184.60 1223.18 243.31 -10 -10 -10 -100    0 -1000 -1000 -10
120 2 pedestrian 0 0 -10 953.45 181.36 1070.93 243.20 -10 -10 -10 -100    0 -1000 -1000 -10
120 1 pedestrian 0 0 -10 1030.44 184.65 1157.77 241.49 -10 -10 -10 -100    0 -1000 -1000 -10
121 37 pedestrian 0 0 -10 218.06 146.54 238.69 209.62 -10 -10 -10 -100    0 -1000 -1000 -10
121 36 pedestrian 0 0 -10 467.22 164.18 504.07 230.02 -10 -10 -10 -100    0 -1000 -1000 -10
121 35 pedestrian 0 0 -10 185.77 144.43 201.70 197.96 -10 -10 -10 -100    0 -1000 -1000 -10
121 22 pedestrian 0 0 -10 592.04 148.98 651.43 325.58 -10 -10 -10 -100    0 -1000 -1000 -10
121 21 pedestrian 0 0 -10 805.70 148.52 886.68 349.44 -10 -10 -10 -100    0 -1000 -1000 -10
121 20 pedestrian 0 0 -10 580.51 151.73 633.07 288.00 -10 -10 -10 -100    0 -1000 -1000 -10
121 34 pedestrian 0 0 -10 254.10 150.43 275.22 212.19 -10 -10 -10 -100    0 -1000 -1000 -10
121 29 pedestrian 0 0 -10 181.70 146.96 213.78 233.34 -10 -10 -10 -100    0 -1000 -1000 -10
121 17 pedestrian 0 0 -10 835.61 149.08 903.20 338.75 -10 -10 -10 -100    0 -1000 -1000 -10
121 16 pedestrian 0 0 -10 532.66 152.31 586.54 300.81 -10 -10 -10 -100    0 -1000 -1000 -10
121 15 pedestrian 0 0 -10 586.19 164.42 614.68 192.53 -10 -10 -10 -100    0 -1000 -1000 -10
121 13 pedestrian 0 0 -10 316.61 150.00 455.57 191.58 -10 -10 -10 -100    0 -1000 -1000 -10
121 12 pedestrian 0 0 -10 765.82 139.54 872.28 370.00 -10 -10 -10 -100    0 -1000 -1000 -10
121 11 pedestrian 0 0 -10 1020.54 139.12 1127.60 370.00 -10 -10 -10 -100    0 -1000 -1000 -10
121 27 pedestrian 0 0 -10 835.85 135.51 948.97 320.05 -10 -10 -10 -100    0 -1000 -1000 -10
121 9 pedestrian 0 0 -10 523.56 164.85 576.28 197.75 -10 -10 -10 -100    0 -1000 -1000 -10
121 32 pedestrian 0 0 -10 625.80 145.40 678.57 306.38 -10 -10 -10 -100    0 -1000 -1000 -10
121 6 pedestrian 0 0 -10 183.37 158.72 226.02 215.07 -10 -10 -10 -100    0 -1000 -1000 -10
121 5 pedestrian 0 0 -10 605.97 173.09 638.30 206.18 -10 -10 -10 -100    0 -1000 -1000 -10
121 3 pedestrian 0 0 -10 1094.99 181.06 1223.77 243.79 -10 -10 -10 -100    0 -1000 -1000 -10
121 2 pedestrian 0 0 -10 953.58 181.25 1068.47 242.72 -10 -10 -10 -100    0 -1000 -1000 -10
121 1 pedestrian 0 0 -10 1030.50 183.84 1159.17 240.37 -10 -10 -10 -100    0 -1000 -1000 -10
122 39 pedestrian 0 0 -10 501.07 158.44 543.41 226.20 -10 -10 -10 -100    0 -1000 -1000 -10
122 37 pedestrian 0 0 -10 218.58 147.14 239.35 210.33 -10 -10 -10 -100    0 -1000 -1000 -10
122 36 pedestrian 0 0 -10 468.56 163.49 508.09 231.91 -10 -10 -10 -100    0 -1000 -1000 -10
122 35 pedestrian 0 0 -10 185.92 144.53 202.12 197.96 -10 -10 -10 -100    0 -1000 -1000 -10
122 22 pedestrian 0 0 -10 607.77 146.89 656.33 324.37 -10 -10 -10 -100    0 -1000 -1000 -10
122 21 pedestrian 0 0 -10 821.32 147.54 897.80 350.94 -10 -10 -10 -100    0 -1000 -1000 -10
122 20 pedestrian 0 0 -10 598.83 148.16 652.40 291.68 -10 -10 -10 -100    0 -1000 -1000 -10
122 34 pedestrian 0 0 -10 253.77 150.84 275.16 212.65 -10 -10 -10 -100    0 -1000 -1000 -10
122 29 pedestrian 0 0 -10 179.11 147.24 210.41 233.68 -10 -10 -10 -100    0 -1000 -1000 -10
122 16 pedestrian 0 0 -10 539.69 150.20 588.40 301.34 -10 -10 -10 -100    0 -1000 -1000 -10
122 15 pedestrian 0 0 -10 587.04 164.44 614.60 191.09 -10 -10 -10 -100    0 -1000 -1000 -10
122 13 pedestrian 0 0 -10 316.24 149.74 454.67 191.56 -10 -10 -10 -100    0 -1000 -1000 -10
122 12 pedestrian 0 0 -10 785.78 140.50 882.91 370.00 -10 -10 -10 -100    0 -1000 -1000 -10
122 11 pedestrian 0 0 -10 1051.75 141.14 1144.13 370.00 -10 -10 -10 -100    0 -1000 -1000 -10
122 27 pedestrian 0 0 -10 849.61 132.41 995.53 328.67 -10 -10 -10 -100    0 -1000 -1000 -10
122 9 pedestrian 0 0 -10 523.08 164.34 576.70 198.16 -10 -10 -10 -100    0 -1000 -1000 -10
122 32 pedestrian 0 0 -10 634.54 143.38 693.01 307.35 -10 -10 -10 -100    0 -1000 -1000 -10
122 6 pedestrian 0 0 -10 183.43 158.90 225.97 216.04 -10 -10 -10 -100    0 -1000 -1000 -10
122 5 pedestrian 0 0 -10 601.95 171.89 638.34 206.37 -10 -10 -10 -100    0 -1000 -1000 -10
122 3 pedestrian 0 0 -10 1107.53 183.17 1223.68 244.14 -10 -10 -10 -100    0 -1000 -1000 -10
122 2 pedestrian 0 0 -10 954.70 181.23 1068.38 242.58 -10 -10 -10 -100    0 -1000 -1000 -10
122 1 pedestrian 0 0 -10 1031.00 184.08 1155.10 241.45 -10 -10 -10 -100    0 -1000 -1000 -10
123 39 pedestrian 0 0 -10 503.37 158.94 544.54 227.65 -10 -10 -10 -100    0 -1000 -1000 -10
123 37 pedestrian 0 0 -10 218.32 147.33 238.91 210.33 -10 -10 -10 -100    0 -1000 -1000 -10
123 36 pedestrian 0 0 -10 471.28 162.35 511.53 233.85 -10 -10 -10 -100    0 -1000 -1000 -10
123 35 pedestrian 0 0 -10 184.46 144.69 200.90 198.11 -10 -10 -10 -100    0 -1000 -1000 -10
123 22 pedestrian 0 0 -10 614.25 147.09 666.17 325.20 -10 -10 -10 -100    0 -1000 -1000 -10
123 21 pedestrian 0 0 -10 844.31 150.23 910.95 345.62 -10 -10 -10 -100    0 -1000 -1000 -10
123 20 pedestrian 0 0 -10 596.65 146.69 647.42 291.34 -10 -10 -10 -100    0 -1000 -1000 -10
123 34 pedestrian 0 0 -10 254.10 150.65 275.16 212.70 -10 -10 -10 -100    0 -1000 -1000 -10
123 29 pedestrian 0 0 -10 174.86 147.26 205.00 232.83 -10 -10 -10 -100    0 -1000 -1000 -10
123 16 pedestrian 0 0 -10 548.13 153.44 591.44 301.04 -10 -10 -10 -100    0 -1000 -1000 -10
123 15 pedestrian 0 0 -10 586.64 164.00 614.95 191.90 -10 -10 -10 -100    0 -1000 -1000 -10
123 13 pedestrian 0 0 -10 316.18 149.85 454.97 191.54 -10 -10 -10 -100    0 -1000 -1000 -10
123 12 pedestrian 0 0 -10 808.05 140.12 889.80 370.00 -10 -10 -10 -100    0 -1000 -1000 -10
123 11 pedestrian 0 0 -10 1070.12 140.26 1174.29 370.00 -10 -10 -10 -100    0 -1000 -1000 -10
123 27 pedestrian 0 0 -10 865.15 133.37 1026.74 328.36 -10 -10 -10 -100    0 -1000 -1000 -10
123 9 pedestrian 0 0 -10 522.92 164.29 576.65 197.66 -10 -10 -10 -100    0 -1000 -1000 -10
123 32 pedestrian 0 0 -10 643.67 144.82 695.81 307.27 -10 -10 -10 -100    0 -1000 -1000 -10
123 6 pedestrian 0 0 -10 183.07 158.93 226.04 214.45 -10 -10 -10 -100    0 -1000 -1000 -10
123 5 pedestrian 0 0 -10 601.07 172.38 633.96 206.08 -10 -10 -10 -100    0 -1000 -1000 -10
123 3 pedestrian 0 0 -10 1132.76 186.74 1223.77 243.72 -10 -10 -10 -100    0 -1000 -1000 -10
123 2 pedestrian 0 0 -10 954.16 181.46 1068.89 242.94 -10 -10 -10 -100    0 -1000 -1000 -10
123 1 pedestrian 0 0 -10 1031.55 183.56 1154.35 241.51 -10 -10 -10 -100    0 -1000 -1000 -10
124 39 pedestrian 0 0 -10 503.61 160.10 546.63 230.48 -10 -10 -10 -100    0 -1000 -1000 -10
124 37 pedestrian 0 0 -10 217.96 146.59 238.14 210.91 -10 -10 -10 -100    0 -1000 -1000 -10
124 36 pedestrian 0 0 -10 472.52 163.21 514.40 235.39 -10 -10 -10 -100    0 -1000 -1000 -10
124 35 pedestrian 0 0 -10 180.67 144.73 198.05 197.21 -10 -10 -10 -100    0 -1000 -1000 -10
124 22 pedestrian 0 0 -10 618.78 146.66 676.74 328.72 -10 -10 -10 -100    0 -1000 -1000 -10
124 20 pedestrian 0 0 -10 598.72 146.02 651.98 292.01 -10 -10 -10 -100    0 -1000 -1000 -10
124 34 pedestrian 0 0 -10 254.15 150.70 274.95 212.51 -10 -10 -10 -100    0 -1000 -1000 -10
124 29 pedestrian 0 0 -10 169.22 146.68 200.51 233.68 -10 -10 -10 -100    0 -1000 -1000 -10
124 16 pedestrian 0 0 -10 555.07 153.22 599.02 301.93 -10 -10 -10 -100    0 -1000 -1000 -10
124 15 pedestrian 0 0 -10 586.06 163.58 614.95 190.95 -10 -10 -10 -100    0 -1000 -1000 -10
124 13 pedestrian 0 0 -10 316.27 149.91 454.25 191.49 -10 -10 -10 -100    0 -1000 -1000 -10
124 12 pedestrian 0 0 -10 828.67 140.47 908.54 370.00 -10 -10 -10 -100    0 -1000 -1000 -10
124 11 pedestrian 0 0 -10 1076.38 139.02 1204.37 370.00 -10 -10 -10 -100    0 -1000 -1000 -10
124 27 pedestrian 0 0 -10 880.26 128.86 1048.63 331.00 -10 -10 -10 -100    0 -1000 -1000 -10
124 9 pedestrian 0 0 -10 522.64 163.84 576.19 196.63 -10 -10 -10 -100    0 -1000 -1000 -10
124 32 pedestrian 0 0 -10 647.66 144.49 696.85 307.85 -10 -10 -10 -100    0 -1000 -1000 -10
124 6 pedestrian 0 0 -10 182.33 158.88 225.35 212.38 -10 -10 -10 -100    0 -1000 -1000 -10
124 5 pedestrian 0 0 -10 603.11 172.80 635.85 206.38 -10 -10 -10 -100    0 -1000 -1000 -10
124 3 pedestrian 0 0 -10 1112.48 187.12 1223.59 244.50 -10 -10 -10 -100    0 -1000 -1000 -10
124 2 pedestrian 0 0 -10 952.69 181.80 1069.98 242.68 -10 -10 -10 -100    0 -1000 -1000 -10
124 1 pedestrian 0 0 -10 1032.00 183.88 1160.11 241.20 -10 -10 -10 -100    0 -1000 -1000 -10
125 37 pedestrian 0 0 -10 216.98 147.48 238.04 211.37 -10 -10 -10 -100    0 -1000 -1000 -10
125 36 pedestrian 0 0 -10 474.90 163.38 518.03 237.70 -10 -10 -10 -100    0 -1000 -1000 -10
125 35 pedestrian 0 0 -10 181.63 144.06 197.18 195.88 -10 -10 -10 -100    0 -1000 -1000 -10
125 39 pedestrian 0 0 -10 504.39 159.56 550.15 232.82 -10 -10 -10 -100    0 -1000 -1000 -10
125 22 pedestrian 0 0 -10 627.05 146.23 697.22 330.68 -10 -10 -10 -100    0 -1000 -1000 -10
125 20 pedestrian 0 0 -10 599.58 148.48 651.30 290.15 -10 -10 -10 -100    0 -1000 -1000 -10
125 34 pedestrian 0 0 -10 253.29 151.00 274.15 212.32 -10 -10 -10 -100    0 -1000 -1000 -10
125 29 pedestrian 0 0 -10 160.47 147.28 197.70 236.63 -10 -10 -10 -100    0 -1000 -1000 -10
125 16 pedestrian 0 0 -10 560.02 150.82 609.21 302.82 -10 -10 -10 -100    0 -1000 -1000 -10
125 15 pedestrian 0 0 -10 586.14 163.56 615.08 191.00 -10 -10 -10 -100    0 -1000 -1000 -10
125 13 pedestrian 0 0 -10 316.69 150.05 454.22 191.60 -10 -10 -10 -100    0 -1000 -1000 -10
125 12 pedestrian 0 0 -10 835.30 140.39 937.13 370.00 -10 -10 -10 -100    0 -1000 -1000 -10
125 11 pedestrian 0 0 -10 1086.02 138.26 1224.00 370.00 -10 -10 -10 -100    0 -1000 -1000 -10
125 27 pedestrian 0 0 -10 901.81 125.41 1079.47 336.45 -10 -10 -10 -100    0 -1000 -1000 -10
125 9 pedestrian 0 0 -10 522.57 164.11 576.06 196.32 -10 -10 -10 -100    0 -1000 -1000 -10
125 32 pedestrian 0 0 -10 645.03 146.29 701.97 313.54 -10 -10 -10 -100    0 -1000 -1000 -10
125 6 pedestrian 0 0 -10 180.81 159.18 224.38 211.48 -10 -10 -10 -100    0 -1000 -1000 -10
125 5 pedestrian 0 0 -10 604.36 171.41 637.85 205.80 -10 -10 -10 -100    0 -1000 -1000 -10
125 2 pedestrian 0 0 -10 956.21 181.25 1069.55 242.02 -10 -10 -10 -100    0 -1000 -1000 -10
125 1 pedestrian 0 0 -10 1032.47 183.90 1157.32 241.09 -10 -10 -10 -100    0 -1000 -1000 -10
126 37 pedestrian 0 0 -10 216.72 147.98 237.66 211.50 -10 -10 -10 -100    0 -1000 -1000 -10
126 36 pedestrian 0 0 -10 477.85 162.38 519.55 237.74 -10 -10 -10 -100    0 -1000 -1000 -10
126 35 pedestrian 0 0 -10 182.37 143.07 196.71 195.55 -10 -10 -10 -100    0 -1000 -1000 -10
126 39 pedestrian 0 0 -10 508.37 159.06 555.50 234.52 -10 -10 -10 -100    0 -1000 -1000 -10
126 22 pedestrian 0 0 -10 635.65 145.36 702.87 331.59 -10 -10 -10 -100    0 -1000 -1000 -10
126 20 pedestrian 0 0 -10 603.76 149.15 654.62 291.75 -10 -10 -10 -100    0 -1000 -1000 -10
126 34 pedestrian 0 0 -10 252.71 151.18 273.93 213.20 -10 -10 -10 -100    0 -1000 -1000 -10
126 29 pedestrian 0 0 -10 156.38 146.84 194.56 238.05 -10 -10 -10 -100    0 -1000 -1000 -10
126 17 pedestrian 0 0 -10 896.40 151.77 963.39 348.14 -10 -10 -10 -100    0 -1000 -1000 -10
126 16 pedestrian 0 0 -10 564.32 152.76 615.45 302.80 -10 -10 -10 -100    0 -1000 -1000 -10
126 15 pedestrian 0 0 -10 585.86 164.13 615.32 192.92 -10 -10 -10 -100    0 -1000 -1000 -10
126 13 pedestrian 0 0 -10 316.35 150.05 454.57 191.59 -10 -10 -10 -100    0 -1000 -1000 -10
126 12 pedestrian 0 0 -10 839.74 142.22 956.80 370.00 -10 -10 -10 -100    0 -1000 -1000 -10
126 11 pedestrian 0 0 -10 1096.42 137.30 1223.37 370.00 -10 -10 -10 -100    0 -1000 -1000 -10
126 27 pedestrian 0 0 -10 927.06 130.50 1107.30 339.12 -10 -10 -10 -100    0 -1000 -1000 -10
126 9 pedestrian 0 0 -10 522.14 163.91 575.92 196.75 -10 -10 -10 -100    0 -1000 -1000 -10
126 32 pedestrian 0 0 -10 650.61 144.66 712.12 312.95 -10 -10 -10 -100    0 -1000 -1000 -10
126 6 pedestrian 0 0 -10 182.47 159.06 225.35 210.64 -10 -10 -10 -100    0 -1000 -1000 -10
126 5 pedestrian 0 0 -10 602.08 170.98 635.63 205.77 -10 -10 -10 -100    0 -1000 -1000 -10
126 2 pedestrian 0 0 -10 944.78 181.64 1066.36 239.51 -10 -10 -10 -100    0 -1000 -1000 -10
126 1 pedestrian 0 0 -10 1033.33 183.87 1156.69 240.66 -10 -10 -10 -100    0 -1000 -1000 -10
127 37 pedestrian 0 0 -10 216.06 147.75 236.82 211.33 -10 -10 -10 -100    0 -1000 -1000 -10
127 36 pedestrian 0 0 -10 479.53 161.92 525.44 239.19 -10 -10 -10 -100    0 -1000 -1000 -10
127 35 pedestrian 0 0 -10 181.87 143.85 195.77 195.50 -10 -10 -10 -100    0 -1000 -1000 -10
127 39 pedestrian 0 0 -10 514.10 157.77 564.25 236.07 -10 -10 -10 -100    0 -1000 -1000 -10
127 22 pedestrian 0 0 -10 642.24 144.78 709.88 332.01 -10 -10 -10 -100    0 -1000 -1000 -10
127 20 pedestrian 0 0 -10 610.30 148.05 657.62 293.98 -10 -10 -10 -100    0 -1000 -1000 -10
127 34 pedestrian 0 0 -10 252.14 151.64 273.20 213.66 -10 -10 -10 -100    0 -1000 -1000 -10
127 29 pedestrian 0 0 -10 153.03 146.02 190.16 238.17 -10 -10 -10 -100    0 -1000 -1000 -10
127 17 pedestrian 0 0 -10 911.41 152.94 988.09 359.01 -10 -10 -10 -100    0 -1000 -1000 -10
127 16 pedestrian 0 0 -10 571.10 150.93 618.74 307.22 -10 -10 -10 -100    0 -1000 -1000 -10
127 15 pedestrian 0 0 -10 585.89 163.83 615.35 192.25 -10 -10 -10 -100    0 -1000 -1000 -10
127 13 pedestrian 0 0 -10 316.21 149.97 454.16 191.57 -10 -10 -10 -100    0 -1000 -1000 -10
127 12 pedestrian 0 0 -10 851.64 141.94 973.13 370.00 -10 -10 -10 -100    0 -1000 -1000 -10
127 11 pedestrian 0 0 -10 1134.53 138.20 1223.77 370.00 -10 -10 -10 -100    0 -1000 -1000 -10
127 27 pedestrian 0 0 -10 963.94 129.96 1145.76 346.47 -10 -10 -10 -100    0 -1000 -1000 -10
127 9 pedestrian 0 0 -10 522.95 163.59 575.59 196.14 -10 -10 -10 -100    0 -1000 -1000 -10
127 32 pedestrian 0 0 -10 652.68 146.17 716.02 310.68 -10 -10 -10 -100    0 -1000 -1000 -10
127 41 pedestrian 0 0 -10 1095.97 184.87 1224.00 243.62 -10 -10 -10 -100    0 -1000 -1000 -10
127 6 pedestrian 0 0 -10 182.53 158.69 225.65 211.31 -10 -10 -10 -100    0 -1000 -1000 -10
127 5 pedestrian 0 0 -10 603.50 171.07 638.32 207.17 -10 -10 -10 -100    0 -1000 -1000 -10
127 2 pedestrian 0 0 -10 957.34 183.53 1066.97 242.63 -10 -10 -10 -100    0 -1000 -1000 -10
127 1 pedestrian 0 0 -10 1033.07 183.96 1157.98 240.88 -10 -10 -10 -100    0 -1000 -1000 -10
128 37 pedestrian 0 0 -10 214.84 146.98 236.09 211.09 -10 -10 -10 -100    0 -1000 -1000 -10
128 36 pedestrian 0 0 -10 481.38 161.70 528.39 242.15 -10 -10 -10 -100    0 -1000 -1000 -10
128 35 pedestrian 0 0 -10 182.45 144.07 195.99 195.90 -10 -10 -10 -100    0 -1000 -1000 -10
128 39 pedestrian 0 0 -10 516.18 156.74 569.93 237.99 -10 -10 -10 -100    0 -1000 -1000 -10
128 22 pedestrian 0 0 -10 651.89 146.95 712.54 332.63 -10 -10 -10 -100    0 -1000 -1000 -10
128 20 pedestrian 0 0 -10 620.92 146.79 668.93 294.54 -10 -10 -10 -100    0 -1000 -1000 -10
128 34 pedestrian 0 0 -10 251.80 151.67 272.96 214.13 -10 -10 -10 -100    0 -1000 -1000 -10
128 29 pedestrian 0 0 -10 150.50 144.30 185.37 236.71 -10 -10 -10 -100    0 -1000 -1000 -10
128 17 pedestrian 0 0 -10 925.59 153.15 994.48 359.71 -10 -10 -10 -100    0 -1000 -1000 -10
128 16 pedestrian 0 0 -10 580.33 151.33 624.38 309.39 -10 -10 -10 -100    0 -1000 -1000 -10
128 15 pedestrian 0 0 -10 586.08 162.99 614.45 190.23 -10 -10 -10 -100    0 -1000 -1000 -10
128 13 pedestrian 0 0 -10 316.37 149.78 454.33 191.52 -10 -10 -10 -100    0 -1000 -1000 -10
128 12 pedestrian 0 0 -10 876.50 143.78 979.23 370.00 -10 -10 -10 -100    0 -1000 -1000 -10
128 11 pedestrian 0 0 -10 1151.80 141.94 1223.09 370.00 -10 -10 -10 -100    0 -1000 -1000 -10
128 27 pedestrian 0 0 -10 991.22 128.44 1187.55 354.29 -10 -10 -10 -100    0 -1000 -1000 -10
128 9 pedestrian 0 0 -10 523.44 163.40 576.32 195.85 -10 -10 -10 -100    0 -1000 -1000 -10
128 32 pedestrian 0 0 -10 667.12 146.51 723.26 315.38 -10 -10 -10 -100    0 -1000 -1000 -10
128 41 pedestrian 0 0 -10 1095.37 184.97 1223.23 243.60 -10 -10 -10 -100    0 -1000 -1000 -10
128 6 pedestrian 0 0 -10 181.21 158.46 224.04 211.15 -10 -10 -10 -100    0 -1000 -1000 -10
128 5 pedestrian 0 0 -10 603.63 169.51 637.35 204.69 -10 -10 -10 -100    0 -1000 -1000 -10
128 2 pedestrian 0 0 -10 957.16 183.23 1064.93 241.83 -10 -10 -10 -100    0 -1000 -1000 -10
128 1 pedestrian 0 0 -10 1037.68 183.36 1160.23 239.21 -10 -10 -10 -100    0 -1000 -1000 -10
129 42 pedestrian 0 0 -10 1174.45 127.54 1223.96 370.00 -10 -10 -10 -100    0 -1000 -1000 -10
129 37 pedestrian 0 0 -10 214.22 146.93 235.62 211.25 -10 -10 -10 -100    0 -1000 -1000 -10
129 36 pedestrian 0 0 -10 484.22 162.11 531.77 243.74 -10 -10 -10 -100    0 -1000 -1000 -10
129 39 pedestrian 0 0 -10 521.09 156.90 576.26 238.24 -10 -10 -10 -100    0 -1000 -1000 -10
129 22 pedestrian 0 0 -10 665.58 145.05 722.95 335.40 -10 -10 -10 -100    0 -1000 -1000 -10
129 20 pedestrian 0 0 -10 625.36 147.30 674.71 295.02 -10 -10 -10 -100    0 -1000 -1000 -10
129 34 pedestrian 0 0 -10 250.43 151.00 272.04 214.13 -10 -10 -10 -100    0 -1000 -1000 -10
129 29 pedestrian 0 0 -10 144.89 145.00 182.37 239.55 -10 -10 -10 -100    0 -1000 -1000 -10
129 17 pedestrian 0 0 -10 934.75 152.03 1001.43 358.84 -10 -10 -10 -100    0 -1000 -1000 -10
129 16 pedestrian 0 0 -10 586.22 150.28 633.72 308.88 -10 -10 -10 -100    0 -1000 -1000 -10
129 15 pedestrian 0 0 -10 586.25 164.11 615.04 191.17 -10 -10 -10 -100    0 -1000 -1000 -10
129 13 pedestrian 0 0 -10 316.37 149.89 454.32 191.72 -10 -10 -10 -100    0 -1000 -1000 -10
129 12 pedestrian 0 0 -10 901.10 142.17 990.03 370.00 -10 -10 -10 -100    0 -1000 -1000 -10
129 27 pedestrian 0 0 -10 1030.22 126.92 1221.97 361.81 -10 -10 -10 -100    0 -1000 -1000 -10
129 9 pedestrian 0 0 -10 522.82 163.61 576.38 196.33 -10 -10 -10 -100    0 -1000 -1000 -10
129 41 pedestrian 0 0 -10 1092.41 184.56 1222.67 244.03 -10 -10 -10 -100    0 -1000 -1000 -10
129 6 pedestrian 0 0 -10 182.99 159.65 225.93 211.57 -10 -10 -10 -100    0 -1000 -1000 -10
129 5 pedestrian 0 0 -10 602.04 170.55 634.23 204.48 -10 -10 -10 -100    0 -1000 -1000 -10
129 2 pedestrian 0 0 -10 955.74 182.37 1068.88 242.48 -10 -10 -10 -100    0 -1000 -1000 -10
129 1 pedestrian 0 0 -10 1032.70 185.28 1155.31 241.21 -10 -10 -10 -100    0 -1000 -1000 -10
130 42 pedestrian 0 0 -10 1179.54 138.80 1223.74 370.00 -10 -10 -10 -100    0 -1000 -1000 -10
130 37 pedestrian 0 0 -10 213.50 146.80 235.49 211.99 -10 -10 -10 -100    0 -1000 -1000 -10
130 36 pedestrian 0 0 -10 487.10 162.90 535.47 246.59 -10 -10 -10 -100    0 -1000 -1000 -10
130 39 pedestrian 0 0 -10 526.04 157.12 582.26 239.65 -10 -10 -10 -100    0 -1000 -1000 -10
130 22 pedestrian 0 0 -10 673.14 146.20 734.00 336.99 -10 -10 -10 -100    0 -1000 -1000 -10
130 20 pedestrian 0 0 -10 629.65 147.11 682.55 298.95 -10 -10 -10 -100    0 -1000 -1000 -10
130 34 pedestrian 0 0 -10 250.00 150.48 271.29 214.13 -10 -10 -10 -100    0 -1000 -1000 -10
130 29 pedestrian 0 0 -10 140.85 146.23 179.15 240.10 -10 -10 -10 -100    0 -1000 -1000 -10
130 17 pedestrian 0 0 -10 950.52 151.83 1025.78 365.88 -10 -10 -10 -100    0 -1000 -1000 -10
130 16 pedestrian 0 0 -10 590.81 149.21 641.81 310.18 -10 -10 -10 -100    0 -1000 -1000 -10
130 15 pedestrian 0 0 -10 586.67 164.60 615.22 191.38 -10 -10 -10 -100    0 -1000 -1000 -10
130 13 pedestrian 0 0 -10 316.24 149.86 454.61 191.58 -10 -10 -10 -100    0 -1000 -1000 -10
130 12 pedestrian 0 0 -10 918.40 143.19 1025.62 370.00 -10 -10 -10 -100    0 -1000 -1000 -10
130 27 pedestrian 0 0 -10 1074.64 124.93 1224.00 359.17 -10 -10 -10 -100    0 -1000 -1000 -10
130 9 pedestrian 0 0 -10 523.87 163.10 576.56 195.37 -10 -10 -10 -100    0 -1000 -1000 -10
130 41 pedestrian 0 0 -10 1088.86 183.81 1212.61 240.71 -10 -10 -10 -100    0 -1000 -1000 -10
130 6 pedestrian 0 0 -10 182.52 159.84 225.26 212.41 -10 -10 -10 -100    0 -1000 -1000 -10
130 5 pedestrian 0 0 -10 604.01 171.13 636.10 206.51 -10 -10 -10 -100    0 -1000 -1000 -10
130 2 pedestrian 0 0 -10 955.47 182.12 1067.63 242.07 -10 -10 -10 -100    0 -1000 -1000 -10
130 1 pedestrian 0 0 -10 1030.48 184.26 1157.25 240.11 -10 -10 -10 -100    0 -1000 -1000 -10
131 38 pedestrian 0 0 -10 480.92 164.60 504.33 208.03 -10 -10 -10 -100    0 -1000 -1000 -10
131 37 pedestrian 0 0 -10 213.09 146.55 235.34 211.69 -10 -10 -10 -100    0 -1000 -1000 -10
131 36 pedestrian 0 0 -10 489.97 163.00 538.73 247.86 -10 -10 -10 -100    0 -1000 -1000 -10
131 39 pedestrian 0 0 -10 530.00 156.63 587.83 242.10 -10 -10 -10 -100    0 -1000 -1000 -10
131 22 pedestrian 0 0 -10 678.38 145.17 744.79 338.74 -10 -10 -10 -100    0 -1000 -1000 -10
131 20 pedestrian 0 0 -10 634.69 146.07 690.10 300.84 -10 -10 -10 -100    0 -1000 -1000 -10
131 34 pedestrian 0 0 -10 249.65 150.96 270.50 214.84 -10 -10 -10 -100    0 -1000 -1000 -10
131 29 pedestrian 0 0 -10 135.51 144.97 175.57 240.96 -10 -10 -10 -100    0 -1000 -1000 -10
131 17 pedestrian 0 0 -10 966.54 157.52 1044.02 365.07 -10 -10 -10 -100    0 -1000 -1000 -10
131 16 pedestrian 0 0 -10 595.00 149.23 651.29 311.43 -10 -10 -10 -100    0 -1000 -1000 -10
131 15 pedestrian 0 0 -10 586.66 164.62 615.85 191.13 -10 -10 -10 -100    0 -1000 -1000 -10
131 13 pedestrian 0 0 -10 316.64 149.94 455.14 191.53 -10 -10 -10 -100    0 -1000 -1000 -10
131 12 pedestrian 0 0 -10 927.25 141.54 1054.53 370.00 -10 -10 -10 -100    0 -1000 -1000 -10
131 27 pedestrian 0 0 -10 1110.00 122.05 1224.00 364.39 -10 -10 -10 -100    0 -1000 -1000 -10
131 9 pedestrian 0 0 -10 524.58 163.65 576.60 195.81 -10 -10 -10 -100    0 -1000 -1000 -10
131 41 pedestrian 0 0 -10 1096.41 185.05 1223.39 241.19 -10 -10 -10 -100    0 -1000 -1000 -10
131 6 pedestrian 0 0 -10 183.33 159.92 225.50 211.82 -10 -10 -10 -100    0 -1000 -1000 -10
131 5 pedestrian 0 0 -10 603.76 171.44 637.11 207.59 -10 -10 -10 -100    0 -1000 -1000 -10
131 2 pedestrian 0 0 -10 953.12 181.95 1067.79 241.69 -10 -10 -10 -100    0 -1000 -1000 -10
131 1 pedestrian 0 0 -10 1032.95 184.10 1156.62 240.22 -10 -10 -10 -100    0 -1000 -1000 -10
132 38 pedestrian 0 0 -10 481.06 165.09 503.52 209.46 -10 -10 -10 -100    0 -1000 -1000 -10
132 37 pedestrian 0 0 -10 212.15 147.38 233.95 211.97 -10 -10 -10 -100    0 -1000 -1000 -10
132 36 pedestrian 0 0 -10 492.14 164.04 542.13 250.02 -10 -10 -10 -100    0 -1000 -1000 -10
132 39 pedestrian 0 0 -10 537.61 157.68 594.45 243.16 -10 -10 -10 -100    0 -1000 -1000 -10
132 22 pedestrian 0 0 -10 682.95 143.86 754.25 340.37 -10 -10 -10 -100    0 -1000 -1000 -10
132 20 pedestrian 0 0 -10 642.48 145.40 699.66 304.31 -10 -10 -10 -100    0 -1000 -1000 -10
132 34 pedestrian 0 0 -10 249.59 151.36 270.73 215.65 -10 -10 -10 -100    0 -1000 -1000 -10
132 29 pedestrian 0 0 -10 132.80 144.06 170.96 240.53 -10 -10 -10 -100    0 -1000 -1000 -10
132 17 pedestrian 0 0 -10 987.15 154.35 1073.06 370.00 -10 -10 -10 -100    0 -1000 -1000 -10
132 16 pedestrian 0 0 -10 600.88 149.61 659.55 312.79 -10 -10 -10 -100    0 -1000 -1000 -10
132 15 pedestrian 0 0 -10 586.17 165.03 615.84 191.74 -10 -10 -10 -100    0 -1000 -1000 -10
132 13 pedestrian 0 0 -10 316.66 149.96 455.11 191.60 -10 -10 -10 -100    0 -1000 -1000 -10
132 12 pedestrian 0 0 -10 935.92 143.14 1069.91 370.00 -10 -10 -10 -100    0 -1000 -1000 -10
132 27 pedestrian 0 0 -10 1145.97 132.27 1224.00 361.76 -10 -10 -10 -100    0 -1000 -1000 -10
132 9 pedestrian 0 0 -10 524.39 164.28 576.55 196.10 -10 -10 -10 -100    0 -1000 -1000 -10
132 41 pedestrian 0 0 -10 1095.58 185.49 1222.34 242.78 -10 -10 -10 -100    0 -1000 -1000 -10
132 6 pedestrian 0 0 -10 183.42 159.95 226.47 211.75 -10 -10 -10 -100    0 -1000 -1000 -10
132 5 pedestrian 0 0 -10 603.07 171.42 636.98 206.70 -10 -10 -10 -100    0 -1000 -1000 -10
132 2 pedestrian 0 0 -10 953.21 183.05 1065.76 242.37 -10 -10 -10 -100    0 -1000 -1000 -10
132 1 pedestrian 0 0 -10 1032.00 184.10 1157.02 240.27 -10 -10 -10 -100    0 -1000 -1000 -10
133 38 pedestrian 0 0 -10 480.43 165.13 502.87 209.46 -10 -10 -10 -100    0 -1000 -1000 -10
133 37 pedestrian 0 0 -10 211.10 147.64 232.71 212.76 -10 -10 -10 -100    0 -1000 -1000 -10
133 36 pedestrian 0 0 -10 494.50 164.35 544.89 252.25 -10 -10 -10 -100    0 -1000 -1000 -10
133 35 pedestrian 0 0 -10 181.57 144.66 195.12 196.73 -10 -10 -10 -100    0 -1000 -1000 -10
133 39 pedestrian 0 0 -10 539.96 158.49 599.83 244.86 -10 -10 -10 -100    0 -1000 -1000 -10
133 22 pedestrian 0 0 -10 697.58 143.19 761.43 342.01 -10 -10 -10 -100    0 -1000 -1000 -10
133 20 pedestrian 0 0 -10 646.63 144.21 703.45 302.67 -10 -10 -10 -100    0 -1000 -1000 -10
133 34 pedestrian 0 0 -10 248.08 152.50 269.82 215.83 -10 -10 -10 -100    0 -1000 -1000 -10
133 29 pedestrian 0 0 -10 128.24 145.20 165.19 241.42 -10 -10 -10 -100    0 -1000 -1000 -10
133 17 pedestrian 0 0 -10 1004.21 155.36 1100.87 370.00 -10 -10 -10 -100    0 -1000 -1000 -10
133 16 pedestrian 0 0 -10 609.04 151.50 661.80 315.34 -10 -10 -10 -100    0 -1000 -1000 -10
133 15 pedestrian 0 0 -10 585.93 164.78 615.16 191.71 -10 -10 -10 -100    0 -1000 -1000 -10
133 13 pedestrian 0 0 -10 316.89 149.94 455.27 191.61 -10 -10 -10 -100    0 -1000 -1000 -10
133 12 pedestrian 0 0 -10 949.77 144.74 1085.30 370.00 -10 -10 -10 -100    0 -1000 -1000 -10
133 9 pedestrian 0 0 -10 524.36 164.22 576.35 196.10 -10 -10 -10 -100    0 -1000 -1000 -10
133 41 pedestrian 0 0 -10 1096.10 185.00 1222.57 242.69 -10 -10 -10 -100    0 -1000 -1000 -10
133 6 pedestrian 0 0 -10 182.42 159.96 226.69 211.59 -10 -10 -10 -100    0 -1000 -1000 -10
133 5 pedestrian 0 0 -10 602.90 171.14 636.20 206.11 -10 -10 -10 -100    0 -1000 -1000 -10
133 2 pedestrian 0 0 -10 952.80 181.85 1066.89 241.72 -10 -10 -10 -100    0 -1000 -1000 -10
133 1 pedestrian 0 0 -10 1031.79 184.25 1157.29 240.10 -10 -10 -10 -100    0 -1000 -1000 -10
134 38 pedestrian 0 0 -10 478.43 165.51 502.80 210.15 -10 -10 -10 -100    0 -1000 -1000 -10
134 37 pedestrian 0 0 -10 210.72 147.26 232.30 213.41 -10 -10 -10 -100    0 -1000 -1000 -10
134 36 pedestrian 0 0 -10 496.20 163.85 549.28 254.45 -10 -10 -10 -100    0 -1000 -1000 -10
134 35 pedestrian 0 0 -10 181.78 144.49 195.09 196.71 -10 -10 -10 -100    0 -1000 -1000 -10
134 39 pedestrian 0 0 -10 544.79 157.62 607.69 246.62 -10 -10 -10 -100    0 -1000 -1000 -10
134 22 pedestrian 0 0 -10 708.77 141.32 772.55 343.48 -10 -10 -10 -100    0 -1000 -1000 -10
134 20 pedestrian 0 0 -10 653.04 144.30 712.26 301.53 -10 -10 -10 -100    0 -1000 -1000 -10
134 34 pedestrian 0 0 -10 247.51 152.28 269.46 216.20 -10 -10 -10 -100    0 -1000 -1000 -10
134 29 pedestrian 0 0 -10 121.91 145.50 158.52 243.23 -10 -10 -10 -100    0 -1000 -1000 -10
134 17 pedestrian 0 0 -10 1023.10 157.59 1126.44 370.00 -10 -10 -10 -100    0 -1000 -1000 -10
134 16 pedestrian 0 0 -10 617.66 148.43 666.77 313.59 -10 -10 -10 -100    0 -1000 -1000 -10
134 15 pedestrian 0 0 -10 586.39 164.52 615.32 191.61 -10 -10 -10 -100    0 -1000 -1000 -10
134 13 pedestrian 0 0 -10 316.25 150.03 454.24 191.59 -10 -10 -10 -100    0 -1000 -1000 -10
134 12 pedestrian 0 0 -10 986.01 142.58 1104.03 370.00 -10 -10 -10 -100    0 -1000 -1000 -10
134 9 pedestrian 0 0 -10 523.21 164.08 576.17 196.51 -10 -10 -10 -100    0 -1000 -1000 -10
134 41 pedestrian 0 0 -10 1095.05 184.69 1223.42 243.19 -10 -10 -10 -100    0 -1000 -1000 -10
134 6 pedestrian 0 0 -10 182.26 159.15 226.98 211.98 -10 -10 -10 -100    0 -1000 -1000 -10
134 5 pedestrian 0 0 -10 602.00 170.87 636.11 206.52 -10 -10 -10 -100    0 -1000 -1000 -10
134 2 pedestrian 0 0 -10 953.46 181.28 1068.30 242.61 -10 -10 -10 -100    0 -1000 -1000 -10
134 1 pedestrian 0 0 -10 1034.43 184.68 1157.95 240.46 -10 -10 -10 -100    0 -1000 -1000 -10
135 38 pedestrian 0 0 -10 477.62 166.02 500.85 209.74 -10 -10 -10 -100    0 -1000 -1000 -10
135 37 pedestrian 0 0 -10 209.65 147.42 230.95 212.64 -10 -10 -10 -100    0 -1000 -1000 -10
135 36 pedestrian 0 0 -10 499.75 163.04 552.76 256.14 -10 -10 -10 -100    0 -1000 -1000 -10
135 35 pedestrian 0 0 -10 181.36 144.35 194.89 196.58 -10 -10 -10 -100    0 -1000 -1000 -10
135 39 pedestrian 0 0 -10 550.91 156.63 612.49 247.97 -10 -10 -10 -100    0 -1000 -1000 -10
135 22 pedestrian 0 0 -10 715.03 141.80 783.84 345.52 -10 -10 -10 -100    0 -1000 -1000 -10
135 20 pedestrian 0 0 -10 661.24 144.47 723.11 302.72 -10 -10 -10 -100    0 -1000 -1000 -10
135 34 pedestrian 0 0 -10 246.46 151.41 268.62 215.87 -10 -10 -10 -100    0 -1000 -1000 -10
135 29 pedestrian 0 0 -10 113.20 144.15 154.81 243.93 -10 -10 -10 -100    0 -1000 -1000 -10
135 17 pedestrian 0 0 -10 1039.49 156.48 1138.69 370.00 -10 -10 -10 -100    0 -1000 -1000 -10
135 16 pedestrian 0 0 -10 626.48 147.71 675.49 316.94 -10 -10 -10 -100    0 -1000 -1000 -10
135 15 pedestrian 0 0 -10 586.75 164.69 615.87 192.21 -10 -10 -10 -100    0 -1000 -1000 -10
135 13 pedestrian 0 0 -10 316.37 150.01 454.43 191.65 -10 -10 -10 -100    0 -1000 -1000 -10
135 12 pedestrian 0 0 -10 1005.72 141.70 1133.94 370.00 -10 -10 -10 -100    0 -1000 -1000 -10
135 9 pedestrian 0 0 -10 523.72 164.01 576.56 196.38 -10 -10 -10 -100    0 -1000 -1000 -10
135 41 pedestrian 0 0 -10 1092.54 184.47 1223.46 243.11 -10 -10 -10 -100    0 -1000 -1000 -10
135 6 pedestrian 0 0 -10 182.36 159.27 226.99 211.36 -10 -10 -10 -100    0 -1000 -1000 -10
135 5 pedestrian 0 0 -10 601.63 170.96 635.71 206.52 -10 -10 -10 -100    0 -1000 -1000 -10
135 2 pedestrian 0 0 -10 953.78 181.28 1068.82 242.28 -10 -10 -10 -100    0 -1000 -1000 -10
135 1 pedestrian 0 0 -10 1031.81 183.90 1158.04 240.29 -10 -10 -10 -100    0 -1000 -1000 -10
136 38 pedestrian 0 0 -10 474.81 166.16 498.01 210.15 -10 -10 -10 -100    0 -1000 -1000 -10
136 37 pedestrian 0 0 -10 208.28 147.96 229.90 213.16 -10 -10 -10 -100    0 -1000 -1000 -10
136 36 pedestrian 0 0 -10 502.74 162.84 556.15 259.66 -10 -10 -10 -100    0 -1000 -1000 -10
136 35 pedestrian 0 0 -10 181.40 144.25 195.33 196.95 -10 -10 -10 -100    0 -1000 -1000 -10
136 39 pedestrian 0 0 -10 556.73 158.07 619.84 249.53 -10 -10 -10 -100    0 -1000 -1000 -10
136 22 pedestrian 0 0 -10 721.45 139.40 802.39 345.84 -10 -10 -10 -100    0 -1000 -1000 -10
136 20 pedestrian 0 0 -10 666.26 145.67 729.05 303.18 -10 -10 -10 -100    0 -1000 -1000 -10
136 34 pedestrian 0 0 -10 244.38 150.98 267.10 215.75 -10 -10 -10 -100    0 -1000 -1000 -10
136 29 pedestrian 0 0 -10 106.32 144.91 151.92 246.25 -10 -10 -10 -100    0 -1000 -1000 -10
136 17 pedestrian 0 0 -10 1060.27 154.58 1152.36 370.00 -10 -10 -10 -100    0 -1000 -1000 -10
136 16 pedestrian 0 0 -10 631.94 149.69 683.83 316.42 -10 -10 -10 -100    0 -1000 -1000 -10
136 15 pedestrian 0 0 -10 586.72 164.65 615.31 191.86 -10 -10 -10 -100    0 -1000 -1000 -10
136 13 pedestrian 0 0 -10 316.20 149.99 454.86 191.75 -10 -10 -10 -100    0 -1000 -1000 -10
136 12 pedestrian 0 0 -10 1025.11 144.64 1152.85 370.00 -10 -10 -10 -100    0 -1000 -1000 -10
136 9 pedestrian 0 0 -10 524.04 164.17 576.71 196.88 -10 -10 -10 -100    0 -1000 -1000 -10
136 41 pedestrian 0 0 -10 1096.84 184.83 1223.64 243.37 -10 -10 -10 -100    0 -1000 -1000 -10
136 6 pedestrian 0 0 -10 182.37 159.01 227.27 211.32 -10 -10 -10 -100    0 -1000 -1000 -10
136 5 pedestrian 0 0 -10 602.24 171.46 636.25 206.54 -10 -10 -10 -100    0 -1000 -1000 -10
136 2 pedestrian 0 0 -10 953.35 181.12 1067.46 242.50 -10 -10 -10 -100    0 -1000 -1000 -10
136 1 pedestrian 0 0 -10 1031.72 183.97 1158.46 240.86 -10 -10 -10 -100    0 -1000 -1000 -10
137 38 pedestrian 0 0 -10 472.79 165.96 495.69 211.96 -10 -10 -10 -100    0 -1000 -1000 -10
137 37 pedestrian 0 0 -10 208.34 148.02 229.52 211.83 -10 -10 -10 -100    0 -1000 -1000 -10
137 36 pedestrian 0 0 -10 506.36 163.08 562.89 263.66 -10 -10 -10 -100    0 -1000 -1000 -10
137 35 pedestrian 0 0 -10 181.47 144.20 195.23 196.52 -10 -10 -10 -100    0 -1000 -1000 -10
137 39 pedestrian 0 0 -10 561.78 157.67 625.90 252.47 -10 -10 -10 -100    0 -1000 -1000 -10
137 22 pedestrian 0 0 -10 727.51 140.50 806.34 346.43 -10 -10 -10 -100    0 -1000 -1000 -10
137 20 pedestrian 0 0 -10 676.41 146.53 733.35 305.55 -10 -10 -10 -100    0 -1000 -1000 -10
137 34 pedestrian 0 0 -10 240.74 151.17 265.43 216.19 -10 -10 -10 -100    0 -1000 -1000 -10
137 29 pedestrian 0 0 -10 103.12 144.27 147.35 247.24 -10 -10 -10 -100    0 -1000 -1000 -10
137 17 pedestrian 0 0 -10 1077.96 153.23 1176.41 370.00 -10 -10 -10 -100    0 -1000 -1000 -10
137 16 pedestrian 0 0 -10 637.78 150.95 692.07 319.10 -10 -10 -10 -100    0 -1000 -1000 -10
137 15 pedestrian 0 0 -10 586.46 164.25 615.05 191.47 -10 -10 -10 -100    0 -1000 -1000 -10
137 13 pedestrian 0 0 -10 316.61 149.96 455.06 191.73 -10 -10 -10 -100    0 -1000 -1000 -10
137 12 pedestrian 0 0 -10 1030.99 143.64 1185.33 370.00 -10 -10 -10 -100    0 -1000 -1000 -10
137 9 pedestrian 0 0 -10 523.42 163.80 576.68 197.03 -10 -10 -10 -100    0 -1000 -1000 -10
137 41 pedestrian 0 0 -10 1099.77 186.43 1222.22 243.60 -10 -10 -10 -100    0 -1000 -1000 -10
137 6 pedestrian 0 0 -10 182.25 159.31 227.29 211.04 -10 -10 -10 -100    0 -1000 -1000 -10
137 5 pedestrian 0 0 -10 601.94 171.55 636.59 206.44 -10 -10 -10 -100    0 -1000 -1000 -10
137 2 pedestrian 0 0 -10 953.50 181.29 1067.87 242.59 -10 -10 -10 -100    0 -1000 -1000 -10
137 1 pedestrian 0 0 -10 1031.75 184.51 1157.34 241.03 -10 -10 -10 -100    0 -1000 -1000 -10
138 38 pedestrian 0 0 -10 470.61 166.49 493.66 213.39 -10 -10 -10 -100    0 -1000 -1000 -10
138 37 pedestrian 0 0 -10 206.83 149.43 228.19 212.58 -10 -10 -10 -100    0 -1000 -1000 -10
138 36 pedestrian 0 0 -10 509.77 162.96 567.78 265.22 -10 -10 -10 -100    0 -1000 -1000 -10
138 35 pedestrian 0 0 -10 182.27 144.18 196.44 197.11 -10 -10 -10 -100    0 -1000 -1000 -10
138 39 pedestrian 0 0 -10 567.35 156.87 632.36 254.29 -10 -10 -10 -100    0 -1000 -1000 -10
138 22 pedestrian 0 0 -10 738.79 140.82 817.60 346.77 -10 -10 -10 -100    0 -1000 -1000 -10
138 20 pedestrian 0 0 -10 687.15 145.34 746.02 306.44 -10 -10 -10 -100    0 -1000 -1000 -10
138 34 pedestrian 0 0 -10 238.46 152.51 264.06 216.93 -10 -10 -10 -100    0 -1000 -1000 -10
138 29 pedestrian 0 0 -10 99.55 143.64 138.99 247.34 -10 -10 -10 -100    0 -1000 -1000 -10
138 17 pedestrian 0 0 -10 1097.93 156.35 1192.69 370.00 -10 -10 -10 -100    0 -1000 -1000 -10
138 16 pedestrian 0 0 -10 647.09 150.35 697.31 321.63 -10 -10 -10 -100    0 -1000 -1000 -10
138 15 pedestrian 0 0 -10 585.50 163.46 615.19 191.56 -10 -10 -10 -100    0 -1000 -1000 -10
138 13 pedestrian 0 0 -10 316.81 150.09 454.79 191.81 -10 -10 -10 -100    0 -1000 -1000 -10
138 12 pedestrian 0 0 -10 1037.82 140.50 1202.38 370.00 -10 -10 -10 -100    0 -1000 -1000 -10
138 9 pedestrian 0 0 -10 523.46 163.55 576.41 197.25 -10 -10 -10 -100    0 -1000 -1000 -10
138 41 pedestrian 0 0 -10 1096.88 185.96 1223.26 243.30 -10 -10 -10 -100    0 -1000 -1000 -10
138 6 pedestrian 0 0 -10 182.50 158.43 227.73 211.30 -10 -10 -10 -100    0 -1000 -1000 -10
138 5 pedestrian 0 0 -10 602.63 171.04 637.39 206.20 -10 -10 -10 -100    0 -1000 -1000 -10
138 2 pedestrian 0 0 -10 953.49 181.30 1067.77 242.58 -10 -10 -10 -100    0 -1000 -1000 -10
138 1 pedestrian 0 0 -10 1032.38 184.10 1157.44 240.64 -10 -10 -10 -100    0 -1000 -1000 -10
139 38 pedestrian 0 0 -10 468.46 166.06 491.61 215.11 -10 -10 -10 -100    0 -1000 -1000 -10
139 37 pedestrian 0 0 -10 205.49 148.93 227.55 213.97 -10 -10 -10 -100    0 -1000 -1000 -10
139 36 pedestrian 0 0 -10 512.68 163.17 574.16 266.66 -10 -10 -10 -100    0 -1000 -1000 -10
139 35 pedestrian 0 0 -10 182.16 144.24 196.56 197.18 -10 -10 -10 -100    0 -1000 -1000 -10
139 39 pedestrian 0 0 -10 572.89 156.93 639.17 256.32 -10 -10 -10 -100    0 -1000 -1000 -10
139 22 pedestrian 0 0 -10 749.42 142.02 819.95 348.07 -10 -10 -10 -100    0 -1000 -1000 -10
139 20 pedestrian 0 0 -10 696.57 144.96 754.21 310.00 -10 -10 -10 -100    0 -1000 -1000 -10
139 34 pedestrian 0 0 -10 236.94 151.20 261.84 217.16 -10 -10 -10 -100    0 -1000 -1000 -10
139 29 pedestrian 0 0 -10 94.03 144.12 135.78 247.58 -10 -10 -10 -100    0 -1000 -1000 -10
139 17 pedestrian 0 0 -10 1116.86 155.32 1217.93 370.00 -10 -10 -10 -100    0 -1000 -1000 -10
139 16 pedestrian 0 0 -10 657.70 148.80 704.22 323.15 -10 -10 -10 -100    0 -1000 -1000 -10
139 15 pedestrian 0 0 -10 585.11 163.27 614.29 191.23 -10 -10 -10 -100    0 -1000 -1000 -10
139 13 pedestrian 0 0 -10 316.30 149.83 455.72 191.74 -10 -10 -10 -100    0 -1000 -1000 -10
139 12 pedestrian 0 0 -10 1071.33 137.60 1221.59 370.00 -10 -10 -10 -100    0 -1000 -1000 -10
139 9 pedestrian 0 0 -10 523.75 163.37 576.36 196.60 -10 -10 -10 -100    0 -1000 -1000 -10
139 32 pedestrian 0 0 -10 744.61 137.86 855.64 327.45 -10 -10 -10 -100    0 -1000 -1000 -10
139 41 pedestrian 0 0 -10 1096.06 184.57 1223.22 243.65 -10 -10 -10 -100    0 -1000 -1000 -10
139 6 pedestrian 0 0 -10 182.40 158.95 227.70 211.75 -10 -10 -10 -100    0 -1000 -1000 -10
139 5 pedestrian 0 0 -10 602.58 170.47 638.03 206.40 -10 -10 -10 -100    0 -1000 -1000 -10
139 2 pedestrian 0 0 -10 953.52 181.42 1067.71 242.55 -10 -10 -10 -100    0 -1000 -1000 -10
139 1 pedestrian 0 0 -10 1032.55 183.98 1156.63 240.23 -10 -10 -10 -100    0 -1000 -1000 -10
140 38 pedestrian 0 0 -10 465.39 166.80 488.91 215.09 -10 -10 -10 -100    0 -1000 -1000 -10
140 37 pedestrian 0 0 -10 203.72 147.25 225.61 215.45 -10 -10 -10 -100    0 -1000 -1000 -10
140 36 pedestrian 0 0 -10 516.40 162.52 582.13 270.15 -10 -10 -10 -100    0 -1000 -1000 -10
140 35 pedestrian 0 0 -10 182.45 144.29 196.72 197.13 -10 -10 -10 -100    0 -1000 -1000 -10
140 39 pedestrian 0 0 -10 578.59 156.58 645.86 258.97 -10 -10 -10 -100    0 -1000 -1000 -10
140 22 pedestrian 0 0 -10 759.65 140.67 828.03 353.99 -10 -10 -10 -100    0 -1000 -1000 -10
140 20 pedestrian 0 0 -10 700.65 145.33 763.75 310.76 -10 -10 -10 -100    0 -1000 -1000 -10
140 34 pedestrian 0 0 -10 235.09 150.27 259.65 217.01 -10 -10 -10 -100    0 -1000 -1000 -10
140 29 pedestrian 0 0 -10 88.23 143.42 129.99 248.20 -10 -10 -10 -100    0 -1000 -1000 -10
140 17 pedestrian 0 0 -10 1149.99 156.30 1224.00 370.00 -10 -10 -10 -100    0 -1000 -1000 -10
140 16 pedestrian 0 0 -10 664.11 147.44 710.88 325.71 -10 -10 -10 -100    0 -1000 -1000 -10
140 15 pedestrian 0 0 -10 585.25 162.81 614.36 189.99 -10 -10 -10 -100    0 -1000 -1000 -10
140 13 pedestrian 0 0 -10 316.51 149.87 455.09 191.70 -10 -10 -10 -100    0 -1000 -1000 -10
140 12 pedestrian 0 0 -10 1096.83 136.29 1224.00 370.00 -10 -10 -10 -100    0 -1000 -1000 -10
140 9 pedestrian 0 0 -10 523.48 163.72 576.55 196.58 -10 -10 -10 -100    0 -1000 -1000 -10
140 32 pedestrian 0 0 -10 750.94 137.15 857.62 332.17 -10 -10 -10 -100    0 -1000 -1000 -10
140 41 pedestrian 0 0 -10 1096.52 185.20 1222.83 242.55 -10 -10 -10 -100    0 -1000 -1000 -10
140 6 pedestrian 0 0 -10 182.19 160.20 226.13 211.41 -10 -10 -10 -100    0 -1000 -1000 -10
140 5 pedestrian 0 0 -10 602.50 170.79 637.32 206.24 -10 -10 -10 -100    0 -1000 -1000 -10
140 2 pedestrian 0 0 -10 953.31 181.32 1067.69 242.46 -10 -10 -10 -100    0 -1000 -1000 -10
140 1 pedestrian 0 0 -10 1032.83 184.03 1157.50 240.40 -10 -10 -10 -100    0 -1000 -1000 -10
141 38 pedestrian 0 0 -10 462.89 166.74 486.75 215.50 -10 -10 -10 -100    0 -1000 -1000 -10
141 37 pedestrian 0 0 -10 201.40 147.05 225.62 213.96 -10 -10 -10 -100    0 -1000 -1000 -10
141 36 pedestrian 0 0 -10 522.55 162.69 589.27 271.65 -10 -10 -10 -100    0 -1000 -1000 -10
141 35 pedestrian 0 0 -10 182.24 144.59 196.97 196.82 -10 -10 -10 -100    0 -1000 -1000 -10
141 39 pedestrian 0 0 -10 583.49 157.51 652.17 260.32 -10 -10 -10 -100    0 -1000 -1000 -10
141 22 pedestrian 0 0 -10 771.48 140.84 855.02 355.10 -10 -10 -10 -100    0 -1000 -1000 -10
141 20 pedestrian 0 0 -10 706.92 145.41 771.88 313.60 -10 -10 -10 -100    0 -1000 -1000 -10
141 34 pedestrian 0 0 -10 233.75 150.58 257.77 217.28 -10 -10 -10 -100    0 -1000 -1000 -10
141 29 pedestrian 0 0 -10 82.33 143.04 124.79 249.68 -10 -10 -10 -100    0 -1000 -1000 -10
141 17 pedestrian 0 0 -10 1168.14 161.49 1223.89 370.00 -10 -10 -10 -100    0 -1000 -1000 -10
141 16 pedestrian 0 0 -10 666.70 150.90 722.98 327.57 -10 -10 -10 -100    0 -1000 -1000 -10
141 15 pedestrian 0 0 -10 585.20 163.01 614.92 190.24 -10 -10 -10 -100    0 -1000 -1000 -10
141 13 pedestrian 0 0 -10 316.27 149.96 455.36 191.70 -10 -10 -10 -100    0 -1000 -1000 -10
141 12 pedestrian 0 0 -10 1112.19 136.18 1224.00 370.00 -10 -10 -10 -100    0 -1000 -1000 -10
141 9 pedestrian 0 0 -10 522.45 164.31 576.13 197.13 -10 -10 -10 -100    0 -1000 -1000 -10
141 32 pedestrian 0 0 -10 764.78 136.99 874.28 334.52 -10 -10 -10 -100    0 -1000 -1000 -10
141 41 pedestrian 0 0 -10 1095.60 184.64 1224.00 243.91 -10 -10 -10 -100    0 -1000 -1000 -10
141 6 pedestrian 0 0 -10 181.88 158.75 224.84 210.08 -10 -10 -10 -100    0 -1000 -1000 -10
141 5 pedestrian 0 0 -10 601.78 169.55 636.45 206.49 -10 -10 -10 -100    0 -1000 -1000 -10
141 2 pedestrian 0 0 -10 953.25 181.39 1067.98 242.45 -10 -10 -10 -100    0 -1000 -1000 -10
141 1 pedestrian 0 0 -10 1032.87 184.11 1156.89 240.35 -10 -10 -10 -100    0 -1000 -1000 -10
142 43 pedestrian 0 0 -10 302.13 157.95 321.96 190.81 -10 -10 -10 -100    0 -1000 -1000 -10
142 38 pedestrian 0 0 -10 459.61 166.82 485.22 216.22 -10 -10 -10 -100    0 -1000 -1000 -10
142 37 pedestrian 0 0 -10 199.75 146.65 225.24 214.25 -10 -10 -10 -100    0 -1000 -1000 -10
142 36 pedestrian 0 0 -10 527.30 162.33 598.24 274.95 -10 -10 -10 -100    0 -1000 -1000 -10
142 35 pedestrian 0 0 -10 182.15 144.32 197.19 196.40 -10 -10 -10 -100    0 -1000 -1000 -10
142 39 pedestrian 0 0 -10 589.28 156.04 660.01 263.78 -10 -10 -10 -100    0 -1000 -1000 -10
142 22 pedestrian 0 0 -10 781.52 139.74 868.84 358.63 -10 -10 -10 -100    0 -1000 -1000 -10
142 20 pedestrian 0 0 -10 714.79 145.28 781.65 315.27 -10 -10 -10 -100    0 -1000 -1000 -10
142 34 pedestrian 0 0 -10 231.90 151.80 255.79 218.50 -10 -10 -10 -100    0 -1000 -1000 -10
142 29 pedestrian 0 0 -10 77.39 143.63 119.61 249.66 -10 -10 -10 -100    0 -1000 -1000 -10
142 16 pedestrian 0 0 -10 671.34 148.50 734.05 324.93 -10 -10 -10 -100    0 -1000 -1000 -10
142 15 pedestrian 0 0 -10 586.07 163.83 616.05 190.91 -10 -10 -10 -100    0 -1000 -1000 -10
142 13 pedestrian 0 0 -10 316.41 149.86 455.51 191.64 -10 -10 -10 -100    0 -1000 -1000 -10
142 12 pedestrian 0 0 -10 1130.75 133.55 1223.95 370.00 -10 -10 -10 -100    0 -1000 -1000 -10
142 9 pedestrian 0 0 -10 523.55 164.43 576.54 196.92 -10 -10 -10 -100    0 -1000 -1000 -10
142 32 pedestrian 0 0 -10 771.51 136.56 883.68 331.25 -10 -10 -10 -100    0 -1000 -1000 -10
142 41 pedestrian 0 0 -10 1095.54 185.09 1222.99 243.42 -10 -10 -10 -100    0 -1000 -1000 -10
142 6 pedestrian 0 0 -10 181.39 158.52 224.85 210.04 -10 -10 -10 -100    0 -1000 -1000 -10
142 5 pedestrian 0 0 -10 603.60 170.48 639.60 206.65 -10 -10 -10 -100    0 -1000 -1000 -10
142 2 pedestrian 0 0 -10 953.28 181.30 1068.03 242.38 -10 -10 -10 -100    0 -1000 -1000 -10
142 1 pedestrian 0 0 -10 1032.84 184.12 1157.09 240.39 -10 -10 -10 -100    0 -1000 -1000 -10
143 38 pedestrian 0 0 -10 457.70 166.04 483.43 217.03 -10 -10 -10 -100    0 -1000 -1000 -10
143 37 pedestrian 0 0 -10 198.80 146.87 223.41 214.58 -10 -10 -10 -100    0 -1000 -1000 -10
143 36 pedestrian 0 0 -10 533.64 163.12 606.84 277.51 -10 -10 -10 -100    0 -1000 -1000 -10
143 35 pedestrian 0 0 -10 182.32 144.29 197.80 196.87 -10 -10 -10 -100    0 -1000 -1000 -10
143 39 pedestrian 0 0 -10 594.23 156.49 669.22 265.59 -10 -10 -10 -100    0 -1000 -1000 -10
143 22 pedestrian 0 0 -10 793.73 138.27 876.70 361.96 -10 -10 -10 -100    0 -1000 -1000 -10
143 20 pedestrian 0 0 -10 720.87 143.67 779.75 316.30 -10 -10 -10 -100    0 -1000 -1000 -10
143 34 pedestrian 0 0 -10 230.65 151.19 253.74 218.36 -10 -10 -10 -100    0 -1000 -1000 -10
143 29 pedestrian 0 0 -10 70.54 142.59 111.82 250.35 -10 -10 -10 -100    0 -1000 -1000 -10
143 16 pedestrian 0 0 -10 676.85 147.04 744.44 328.33 -10 -10 -10 -100    0 -1000 -1000 -10
143 15 pedestrian 0 0 -10 585.35 164.08 616.59 191.26 -10 -10 -10 -100    0 -1000 -1000 -10
143 13 pedestrian 0 0 -10 316.18 149.87 455.44 191.36 -10 -10 -10 -100    0 -1000 -1000 -10
143 12 pedestrian 0 0 -10 1151.43 127.66 1223.75 370.00 -10 -10 -10 -100    0 -1000 -1000 -10
143 9 pedestrian 0 0 -10 522.82 164.58 576.50 197.11 -10 -10 -10 -100    0 -1000 -1000 -10
143 32 pedestrian 0 0 -10 784.03 134.70 893.69 338.96 -10 -10 -10 -100    0 -1000 -1000 -10
143 41 pedestrian 0 0 -10 1095.31 184.43 1223.57 243.52 -10 -10 -10 -100    0 -1000 -1000 -10
143 6 pedestrian 0 0 -10 181.14 158.58 224.97 209.87 -10 -10 -10 -100    0 -1000 -1000 -10
143 5 pedestrian 0 0 -10 602.38 170.00 635.91 204.87 -10 -10 -10 -100    0 -1000 -1000 -10
143 2 pedestrian 0 0 -10 953.16 181.24 1067.93 242.37 -10 -10 -10 -100    0 -1000 -1000 -10
143 1 pedestrian 0 0 -10 1032.76 184.07 1157.13 240.42 -10 -10 -10 -100    0 -1000 -1000 -10
144 38 pedestrian 0 0 -10 454.45 165.97 480.68 217.73 -10 -10 -10 -100    0 -1000 -1000 -10
144 37 pedestrian 0 0 -10 197.14 146.73 222.20 214.97 -10 -10 -10 -100    0 -1000 -1000 -10
144 36 pedestrian 0 0 -10 540.26 162.70 616.04 280.02 -10 -10 -10 -100    0 -1000 -1000 -10
144 35 pedestrian 0 0 -10 182.25 144.24 197.85 197.45 -10 -10 -10 -100    0 -1000 -1000 -10
144 39 pedestrian 0 0 -10 599.15 155.68 677.50 268.32 -10 -10 -10 -100    0 -1000 -1000 -10
144 22 pedestrian 0 0 -10 804.72 138.85 885.11 363.67 -10 -10 -10 -100    0 -1000 -1000 -10
144 20 pedestrian 0 0 -10 726.09 144.80 784.87 315.97 -10 -10 -10 -100    0 -1000 -1000 -10
144 34 pedestrian 0 0 -10 228.17 149.92 252.28 218.42 -10 -10 -10 -100    0 -1000 -1000 -10
144 29 pedestrian 0 0 -10 64.56 143.68 104.88 250.64 -10 -10 -10 -100    0 -1000 -1000 -10
144 16 pedestrian 0 0 -10 687.58 147.09 745.83 330.27 -10 -10 -10 -100    0 -1000 -1000 -10
144 15 pedestrian 0 0 -10 585.27 164.71 616.09 191.79 -10 -10 -10 -100    0 -1000 -1000 -10
144 13 pedestrian 0 0 -10 316.16 149.92 455.02 191.36 -10 -10 -10 -100    0 -1000 -1000 -10
144 12 pedestrian 0 0 -10 1178.29 125.22 1223.97 370.00 -10 -10 -10 -100    0 -1000 -1000 -10
144 9 pedestrian 0 0 -10 523.31 164.85 576.26 196.89 -10 -10 -10 -100    0 -1000 -1000 -10
144 32 pedestrian 0 0 -10 793.99 138.90 905.74 340.10 -10 -10 -10 -100    0 -1000 -1000 -10
144 41 pedestrian 0 0 -10 1095.26 184.32 1223.68 243.37 -10 -10 -10 -100    0 -1000 -1000 -10
144 6 pedestrian 0 0 -10 181.31 159.60 224.52 209.18 -10 -10 -10 -100    0 -1000 -1000 -10
144 5 pedestrian 0 0 -10 601.36 171.33 634.94 205.66 -10 -10 -10 -100    0 -1000 -1000 -10
144 2 pedestrian 0 0 -10 952.85 181.42 1067.89 242.48 -10 -10 -10 -100    0 -1000 -1000 -10
144 1 pedestrian 0 0 -10 1032.85 184.03 1157.25 240.41 -10 -10 -10 -100    0 -1000 -1000 -10
145 38 pedestrian 0 0 -10 452.17 165.59 478.52 219.85 -10 -10 -10 -100    0 -1000 -1000 -10
145 37 pedestrian 0 0 -10 196.12 146.60 221.20 216.05 -10 -10 -10 -100    0 -1000 -1000 -10
145 36 pedestrian 0 0 -10 545.27 162.76 625.58 282.08 -10 -10 -10 -100    0 -1000 -1000 -10
145 35 pedestrian 0 0 -10 182.47 144.44 197.98 197.77 -10 -10 -10 -100    0 -1000 -1000 -10
145 39 pedestrian 0 0 -10 605.49 155.80 686.48 269.79 -10 -10 -10 -100    0 -1000 -1000 -10
145 22 pedestrian 0 0 -10 819.06 138.26 899.29 364.56 -10 -10 -10 -100    0 -1000 -1000 -10
145 20 pedestrian 0 0 -10 733.10 144.37 803.62 316.74 -10 -10 -10 -100    0 -1000 -1000 -10
145 34 pedestrian 0 0 -10 225.98 149.95 250.30 218.50 -10 -10 -10 -100    0 -1000 -1000 -10
145 29 pedestrian 0 0 -10 55.32 141.49 100.91 253.08 -10 -10 -10 -100    0 -1000 -1000 -10
145 16 pedestrian 0 0 -10 700.88 149.42 750.53 330.67 -10 -10 -10 -100    0 -1000 -1000 -10
145 15 pedestrian 0 0 -10 586.92 164.91 615.40 191.48 -10 -10 -10 -100    0 -1000 -1000 -10
145 13 pedestrian 0 0 -10 316.46 149.68 455.11 191.24 -10 -10 -10 -100    0 -1000 -1000 -10
145 9 pedestrian 0 0 -10 523.63 164.49 576.53 196.44 -10 -10 -10 -100    0 -1000 -1000 -10
145 32 pedestrian 0 0 -10 807.72 135.87 911.06 337.21 -10 -10 -10 -100    0 -1000 -1000 -10
145 41 pedestrian 0 0 -10 1094.99 184.69 1223.51 242.92 -10 -10 -10 -100    0 -1000 -1000 -10
145 6 pedestrian 0 0 -10 181.58 160.12 225.22 208.95 -10 -10 -10 -100    0 -1000 -1000 -10
145 5 pedestrian 0 0 -10 602.66 171.47 635.75 205.66 -10 -10 -10 -100    0 -1000 -1000 -10
145 2 pedestrian 0 0 -10 952.97 181.30 1067.97 242.39 -10 -10 -10 -100    0 -1000 -1000 -10
145 1 pedestrian 0 0 -10 1032.89 184.00 1157.10 240.40 -10 -10 -10 -100    0 -1000 -1000 -10
146 38 pedestrian 0 0 -10 449.03 165.60 475.94 221.84 -10 -10 -10 -100    0 -1000 -1000 -10
146 37 pedestrian 0 0 -10 195.39 145.65 220.56 216.34 -10 -10 -10 -100    0 -1000 -1000 -10
146 36 pedestrian 0 0 -10 552.75 162.30 634.78 284.82 -10 -10 -10 -100    0 -1000 -1000 -10
146 35 pedestrian 0 0 -10 183.03 144.17 198.17 197.53 -10 -10 -10 -100    0 -1000 -1000 -10
146 39 pedestrian 0 0 -10 612.08 153.66 697.69 273.30 -10 -10 -10 -100    0 -1000 -1000 -10
146 22 pedestrian 0 0 -10 825.14 137.00 917.60 368.84 -10 -10 -10 -100    0 -1000 -1000 -10
146 20 pedestrian 0 0 -10 740.68 143.54 814.53 320.05 -10 -10 -10 -100    0 -1000 -1000 -10
146 34 pedestrian 0 0 -10 224.90 149.05 247.48 218.35 -10 -10 -10 -100    0 -1000 -1000 -10
146 29 pedestrian 0 0 -10 46.34 142.50 98.38 254.03 -10 -10 -10 -100    0 -1000 -1000 -10
146 16 pedestrian 0 0 -10 710.60 147.68 760.02 332.24 -10 -10 -10 -100    0 -1000 -1000 -10
146 15 pedestrian 0 0 -10 586.49 164.05 616.02 190.94 -10 -10 -10 -100    0 -1000 -1000 -10
146 13 pedestrian 0 0 -10 316.25 149.97 454.87 191.30 -10 -10 -10 -100    0 -1000 -1000 -10
146 9 pedestrian 0 0 -10 523.73 164.36 576.75 196.20 -10 -10 -10 -100    0 -1000 -1000 -10
146 41 pedestrian 0 0 -10 1094.77 184.59 1223.50 242.94 -10 -10 -10 -100    0 -1000 -1000 -10
146 6 pedestrian 0 0 -10 181.93 159.79 225.62 209.14 -10 -10 -10 -100    0 -1000 -1000 -10
146 5 pedestrian 0 0 -10 602.22 171.41 637.10 206.60 -10 -10 -10 -100    0 -1000 -1000 -10
146 2 pedestrian 0 0 -10 953.03 181.28 1068.00 242.43 -10 -10 -10 -100    0 -1000 -1000 -10
146 1 pedestrian 0 0 -10 1032.94 183.97 1157.00 240.49 -10 -10 -10 -100    0 -1000 -1000 -10
147 38 pedestrian 0 0 -10 445.32 165.03 473.27 222.02 -10 -10 -10 -100    0 -1000 -1000 -10
147 37 pedestrian 0 0 -10 193.37 144.49 218.48 217.87 -10 -10 -10 -100    0 -1000 -1000 -10
147 36 pedestrian 0 0 -10 559.76 161.95 643.65 288.03 -10 -10 -10 -100    0 -1000 -1000 -10
147 35 pedestrian 0 0 -10 182.10 143.92 197.28 196.12 -10 -10 -10 -100    0 -1000 -1000 -10
147 39 pedestrian 0 0 -10 618.78 152.60 708.97 274.70 -10 -10 -10 -100    0 -1000 -1000 -10
147 22 pedestrian 0 0 -10 833.97 137.70 931.35 370.00 -10 -10 -10 -100    0 -1000 -1000 -10
147 20 pedestrian 0 0 -10 753.55 144.96 814.69 322.20 -10 -10 -10 -100    0 -1000 -1000 -10
147 34 pedestrian 0 0 -10 222.39 149.11 245.36 218.04 -10 -10 -10 -100    0 -1000 -1000 -10
147 29 pedestrian 0 0 -10 44.98 142.04 93.11 254.02 -10 -10 -10 -100    0 -1000 -1000 -10
147 16 pedestrian 0 0 -10 714.31 147.42 773.19 333.56 -10 -10 -10 -100    0 -1000 -1000 -10
147 15 pedestrian 0 0 -10 585.33 163.31 614.59 190.22 -10 -10 -10 -100    0 -1000 -1000 -10
147 13 pedestrian 0 0 -10 316.27 149.98 454.57 191.31 -10 -10 -10 -100    0 -1000 -1000 -10
147 9 pedestrian 0 0 -10 523.77 164.24 576.58 195.85 -10 -10 -10 -100    0 -1000 -1000 -10
147 41 pedestrian 0 0 -10 1094.71 184.57 1223.51 242.90 -10 -10 -10 -100    0 -1000 -1000 -10
147 6 pedestrian 0 0 -10 181.72 159.22 225.18 208.76 -10 -10 -10 -100    0 -1000 -1000 -10
147 5 pedestrian 0 0 -10 600.76 170.66 636.02 206.56 -10 -10 -10 -100    0 -1000 -1000 -10
147 2 pedestrian 0 0 -10 952.99 181.24 1067.87 242.48 -10 -10 -10 -100    0 -1000 -1000 -10
147 1 pedestrian 0 0 -10 1032.84 184.02 1156.99 240.54 -10 -10 -10 -100    0 -1000 -1000 -10
148 38 pedestrian 0 0 -10 440.85 166.61 470.31 224.64 -10 -10 -10 -100    0 -1000 -1000 -10
148 37 pedestrian 0 0 -10 192.09 146.43 217.39 217.15 -10 -10 -10 -100    0 -1000 -1000 -10
148 36 pedestrian 0 0 -10 566.61 162.87 654.60 291.94 -10 -10 -10 -100    0 -1000 -1000 -10
148 35 pedestrian 0 0 -10 182.88 144.05 197.57 196.96 -10 -10 -10 -100    0 -1000 -1000 -10
148 39 pedestrian 0 0 -10 622.24 152.91 718.06 277.23 -10 -10 -10 -100    0 -1000 -1000 -10
148 22 pedestrian 0 0 -10 841.13 137.56 939.66 370.00 -10 -10 -10 -100    0 -1000 -1000 -10
148 20 pedestrian 0 0 -10 763.12 146.18 818.10 322.57 -10 -10 -10 -100    0 -1000 -1000 -10
148 34 pedestrian 0 0 -10 220.73 149.95 244.12 219.61 -10 -10 -10 -100    0 -1000 -1000 -10
148 29 pedestrian 0 0 -10 41.20 142.36 84.26 254.75 -10 -10 -10 -100    0 -1000 -1000 -10
148 16 pedestrian 0 0 -10 719.41 147.12 788.60 336.37 -10 -10 -10 -100    0 -1000 -1000 -10
148 15 pedestrian 0 0 -10 585.84 163.33 614.61 190.71 -10 -10 -10 -100    0 -1000 -1000 -10
148 13 pedestrian 0 0 -10 316.86 150.22 454.55 191.31 -10 -10 -10 -100    0 -1000 -1000 -10
148 9 pedestrian 0 0 -10 523.63 164.44 576.86 196.36 -10 -10 -10 -100    0 -1000 -1000 -10
148 41 pedestrian 0 0 -10 1094.73 184.52 1223.56 242.94 -10 -10 -10 -100    0 -1000 -1000 -10
148 6 pedestrian 0 0 -10 181.91 159.91 224.78 209.81 -10 -10 -10 -100    0 -1000 -1000 -10
148 5 pedestrian 0 0 -10 601.83 171.07 637.70 206.82 -10 -10 -10 -100    0 -1000 -1000 -10
148 2 pedestrian 0 0 -10 953.36 181.24 1068.06 242.48 -10 -10 -10 -100    0 -1000 -1000 -10
148 1 pedestrian 0 0 -10 1033.00 184.03 1157.02 240.61 -10 -10 -10 -100    0 -1000 -1000 -10
149 38 pedestrian 0 0 -10 437.08 166.35 466.72 225.56 -10 -10 -10 -100    0 -1000 -1000 -10
149 37 pedestrian 0 0 -10 191.16 147.15 213.63 215.59 -10 -10 -10 -100    0 -1000 -1000 -10
149 36 pedestrian 0 0 -10 574.83 162.21 665.57 293.90 -10 -10 -10 -100    0 -1000 -1000 -10
149 35 pedestrian 0 0 -10 182.91 144.54 198.00 198.36 -10 -10 -10 -100    0 -1000 -1000 -10
149 39 pedestrian 0 0 -10 629.85 152.64 728.66 279.33 -10 -10 -10 -100    0 -1000 -1000 -10
149 22 pedestrian 0 0 -10 859.05 136.55 948.89 370.00 -10 -10 -10 -100    0 -1000 -1000 -10
149 20 pedestrian 0 0 -10 770.79 143.56 832.35 322.69 -10 -10 -10 -100    0 -1000 -1000 -10
149 34 pedestrian 0 0 -10 216.88 150.29 241.82 218.69 -10 -10 -10 -100    0 -1000 -1000 -10
149 29 pedestrian 0 0 -10 33.58 140.71 78.23 257.49 -10 -10 -10 -100    0 -1000 -1000 -10
149 16 pedestrian 0 0 -10 733.61 146.34 796.52 338.62 -10 -10 -10 -100    0 -1000 -1000 -10
149 15 pedestrian 0 0 -10 586.34 163.91 615.23 191.24 -10 -10 -10 -100    0 -1000 -1000 -10
149 13 pedestrian 0 0 -10 316.95 150.13 455.13 191.38 -10 -10 -10 -100    0 -1000 -1000 -10
149 9 pedestrian 0 0 -10 523.68 164.36 576.70 196.06 -10 -10 -10 -100    0 -1000 -1000 -10
149 41 pedestrian 0 0 -10 1094.54 184.46 1223.51 242.84 -10 -10 -10 -100    0 -1000 -1000 -10
149 6 pedestrian 0 0 -10 181.79 160.56 225.44 209.66 -10 -10 -10 -100    0 -1000 -1000 -10
149 5 pedestrian 0 0 -10 602.23 170.45 638.18 206.97 -10 -10 -10 -100    0 -1000 -1000 -10
149 2 pedestrian 0 0 -10 953.92 181.26 1067.95 242.42 -10 -10 -10 -100    0 -1000 -1000 -10
149 1 pedestrian 0 0 -10 1032.88 184.00 1157.01 240.58 -10 -10 -10 -100    0 -1000 -1000 -10
150 38 pedestrian 0 0 -10 433.77 166.72 464.09 227.04 -10 -10 -10 -100    0 -1000 -1000 -10
150 37 pedestrian 0 0 -10 186.77 146.23 210.38 215.76 -10 -10 -10 -100    0 -1000 -1000 -10
150 36 pedestrian 0 0 -10 581.25 161.72 674.11 296.31 -10 -10 -10 -100    0 -1000 -1000 -10
150 35 pedestrian 0 0 -10 182.92 144.68 198.70 198.55 -10 -10 -10 -100    0 -1000 -1000 -10
150 39 pedestrian 0 0 -10 637.37 151.71 740.63 283.31 -10 -10 -10 -100    0 -1000 -1000 -10
150 22 pedestrian 0 0 -10 882.57 137.43 964.70 370.00 -10 -10 -10 -100    0 -1000 -1000 -10
150 20 pedestrian 0 0 -10 777.29 145.75 845.69 327.61 -10 -10 -10 -100    0 -1000 -1000 -10
150 34 pedestrian 0 0 -10 215.16 150.29 239.80 219.32 -10 -10 -10 -100    0 -1000 -1000 -10
150 29 pedestrian 0 0 -10 24.91 142.13 73.86 259.13 -10 -10 -10 -100    0 -1000 -1000 -10
150 16 pedestrian 0 0 -10 747.29 145.59 803.33 341.89 -10 -10 -10 -100    0 -1000 -1000 -10
150 15 pedestrian 0 0 -10 586.66 164.52 617.09 192.51 -10 -10 -10 -100    0 -1000 -1000 -10
150 13 pedestrian 0 0 -10 317.37 150.24 455.68 191.37 -10 -10 -10 -100    0 -1000 -1000 -10
150 9 pedestrian 0 0 -10 523.60 164.12 576.75 196.18 -10 -10 -10 -100    0 -1000 -1000 -10
150 41 pedestrian 0 0 -10 1095.07 184.55 1223.53 242.86 -10 -10 -10 -100    0 -1000 -1000 -10
150 6 pedestrian 0 0 -10 181.80 156.38 225.53 209.93 -10 -10 -10 -100    0 -1000 -1000 -10
150 5 pedestrian 0 0 -10 604.01 171.23 637.49 207.01 -10 -10 -10 -100    0 -1000 -1000 -10
150 2 pedestrian 0 0 -10 952.55 181.17 1068.29 242.10 -10 -10 -10 -100    0 -1000 -1000 -10
150 1 pedestrian 0 0 -10 1032.93 184.04 1157.04 240.58 -10 -10 -10 -100    0 -1000 -1000 -10
151 38 pedestrian 0 0 -10 429.90 167.15 461.17 228.30 -10 -10 -10 -100    0 -1000 -1000 -10
151 37 pedestrian 0 0 -10 185.25 146.53 209.10 218.23 -10 -10 -10 -100    0 -1000 -1000 -10
151 36 pedestrian 0 0 -10 589.40 162.13 686.10 299.51 -10 -10 -10 -100    0 -1000 -1000 -10
151 35 pedestrian 0 0 -10 182.68 144.81 199.04 198.63 -10 -10 -10 -100    0 -1000 -1000 -10
151 39 pedestrian 0 0 -10 642.78 152.00 755.76 285.44 -10 -10 -10 -100    0 -1000 -1000 -10
151 22 pedestrian 0 0 -10 889.15 137.38 982.24 370.00 -10 -10 -10 -100    0 -1000 -1000 -10
151 20 pedestrian 0 0 -10 783.86 145.91 852.41 327.05 -10 -10 -10 -100    0 -1000 -1000 -10
151 34 pedestrian 0 0 -10 211.84 152.27 236.97 219.29 -10 -10 -10 -100    0 -1000 -1000 -10
151 29 pedestrian 0 0 -10 21.81 141.75 69.41 260.63 -10 -10 -10 -100    0 -1000 -1000 -10
151 16 pedestrian 0 0 -10 759.19 145.85 813.34 342.28 -10 -10 -10 -100    0 -1000 -1000 -10
151 15 pedestrian 0 0 -10 586.11 164.60 616.97 192.30 -10 -10 -10 -100    0 -1000 -1000 -10
151 13 pedestrian 0 0 -10 317.31 149.97 456.12 191.40 -10 -10 -10 -100    0 -1000 -1000 -10
151 9 pedestrian 0 0 -10 523.69 164.21 576.88 196.20 -10 -10 -10 -100    0 -1000 -1000 -10
151 41 pedestrian 0 0 -10 1094.72 184.57 1223.51 242.93 -10 -10 -10 -100    0 -1000 -1000 -10
151 6 pedestrian 0 0 -10 181.82 159.09 228.56 209.14 -10 -10 -10 -100    0 -1000 -1000 -10
151 5 pedestrian 0 0 -10 602.25 171.43 634.37 206.81 -10 -10 -10 -100    0 -1000 -1000 -10
151 43 pedestrian 0 0 -10 282.50 159.78 309.79 189.72 -10 -10 -10 -100    0 -1000 -1000 -10
151 2 pedestrian 0 0 -10 953.81 181.19 1068.47 242.46 -10 -10 -10 -100    0 -1000 -1000 -10
151 1 pedestrian 0 0 -10 1032.84 184.03 1156.93 240.76 -10 -10 -10 -100    0 -1000 -1000 -10
152 37 pedestrian 0 0 -10 182.48 146.47 205.51 217.68 -10 -10 -10 -100    0 -1000 -1000 -10
152 36 pedestrian 0 0 -10 593.89 159.99 697.98 301.22 -10 -10 -10 -100    0 -1000 -1000 -10
152 35 pedestrian 0 0 -10 181.40 144.57 197.93 198.72 -10 -10 -10 -100    0 -1000 -1000 -10
152 39 pedestrian 0 0 -10 650.75 150.77 769.70 286.71 -10 -10 -10 -100    0 -1000 -1000 -10
152 22 pedestrian 0 0 -10 902.79 135.67 1001.36 370.00 -10 -10 -10 -100    0 -1000 -1000 -10
152 20 pedestrian 0 0 -10 790.51 144.29 859.70 329.93 -10 -10 -10 -100    0 -1000 -1000 -10
152 34 pedestrian 0 0 -10 210.66 150.66 235.20 218.80 -10 -10 -10 -100    0 -1000 -1000 -10
152 29 pedestrian 0 0 -10 17.96 140.54 65.41 262.96 -10 -10 -10 -100    0 -1000 -1000 -10
152 16 pedestrian 0 0 -10 765.16 146.38 830.32 343.61 -10 -10 -10 -100    0 -1000 -1000 -10
152 15 pedestrian 0 0 -10 586.57 164.49 615.61 191.38 -10 -10 -10 -100    0 -1000 -1000 -10
152 38 pedestrian 0 0 -10 425.09 167.15 456.56 229.45 -10 -10 -10 -100    0 -1000 -1000 -10
152 13 pedestrian 0 0 -10 317.07 149.99 455.88 191.45 -10 -10 -10 -100    0 -1000 -1000 -10
152 9 pedestrian 0 0 -10 523.77 164.20 577.00 196.18 -10 -10 -10 -100    0 -1000 -1000 -10
152 41 pedestrian 0 0 -10 1094.69 184.53 1223.49 243.03 -10 -10 -10 -100    0 -1000 -1000 -10
152 6 pedestrian 0 0 -10 182.05 158.86 228.79 209.40 -10 -10 -10 -100    0 -1000 -1000 -10
152 5 pedestrian 0 0 -10 602.33 171.17 634.07 204.99 -10 -10 -10 -100    0 -1000 -1000 -10
152 43 pedestrian 0 0 -10 281.11 159.67 309.23 189.59 -10 -10 -10 -100    0 -1000 -1000 -10
152 2 pedestrian 0 0 -10 953.00 181.68 1069.10 242.97 -10 -10 -10 -100    0 -1000 -1000 -10
152 1 pedestrian 0 0 -10 1032.58 184.00 1156.96 240.72 -10 -10 -10 -100    0 -1000 -1000 -10
153 37 pedestrian 0 0 -10 178.67 145.34 202.14 219.21 -10 -10 -10 -100    0 -1000 -1000 -10
153 36 pedestrian 0 0 -10 602.74 158.99 709.79 306.29 -10 -10 -10 -100    0 -1000 -1000 -10
153 35 pedestrian 0 0 -10 181.10 145.10 197.33 199.33 -10 -10 -10 -100    0 -1000 -1000 -10
153 39 pedestrian 0 0 -10 659.75 150.01 783.06 289.02 -10 -10 -10 -100    0 -1000 -1000 -10
153 22 pedestrian 0 0 -10 912.69 135.95 1014.45 370.00 -10 -10 -10 -100    0 -1000 -1000 -10
153 20 pedestrian 0 0 -10 799.85 144.19 862.78 330.09 -10 -10 -10 -100    0 -1000 -1000 -10
153 34 pedestrian 0 0 -10 209.78 148.35 234.38 221.16 -10 -10 -10 -100    0 -1000 -1000 -10
153 29 pedestrian 0 0 -10 13.74 140.70 63.02 264.83 -10 -10 -10 -100    0 -1000 -1000 -10
153 16 pedestrian 0 0 -10 767.57 146.16 844.88 346.28 -10 -10 -10 -100    0 -1000 -1000 -10
153 15 pedestrian 0 0 -10 586.07 164.32 615.66 191.74 -10 -10 -10 -100    0 -1000 -1000 -10
153 38 pedestrian 0 0 -10 419.40 166.49 453.61 232.14 -10 -10 -10 -100    0 -1000 -1000 -10
153 13 pedestrian 0 0 -10 317.51 150.05 456.26 191.26 -10 -10 -10 -100    0 -1000 -1000 -10
153 9 pedestrian 0 0 -10 523.95 164.25 577.09 196.20 -10 -10 -10 -100    0 -1000 -1000 -10
153 32 pedestrian 0 0 -10 896.34 130.37 984.47 345.41 -10 -10 -10 -100    0 -1000 -1000 -10
153 41 pedestrian 0 0 -10 1094.61 184.54 1223.46 242.99 -10 -10 -10 -100    0 -1000 -1000 -10
153 6 pedestrian 0 0 -10 181.38 158.77 228.92 210.42 -10 -10 -10 -100    0 -1000 -1000 -10
153 5 pedestrian 0 0 -10 602.55 170.75 636.53 206.22 -10 -10 -10 -100    0 -1000 -1000 -10
153 43 pedestrian 0 0 -10 279.16 160.49 309.01 190.08 -10 -10 -10 -100    0 -1000 -1000 -10
153 2 pedestrian 0 0 -10 951.49 181.42 1069.36 242.98 -10 -10 -10 -100    0 -1000 -1000 -10
153 1 pedestrian 0 0 -10 1032.28 184.00 1157.00 240.79 -10 -10 -10 -100    0 -1000 -1000 -10
154 36 pedestrian 0 0 -10 609.54 161.94 724.27 310.35 -10 -10 -10 -100    0 -1000 -1000 -10
154 35 pedestrian 0 0 -10 181.54 145.18 197.58 198.14 -10 -10 -10 -100    0 -1000 -1000 -10
154 39 pedestrian 0 0 -10 669.49 150.62 798.06 290.22 -10 -10 -10 -100    0 -1000 -1000 -10
154 22 pedestrian 0 0 -10 925.61 134.88 1021.01 370.00 -10 -10 -10 -100    0 -1000 -1000 -10
154 37 pedestrian 0 0 -10 178.82 145.19 203.07 218.79 -10 -10 -10 -100    0 -1000 -1000 -10
154 20 pedestrian 0 0 -10 805.82 145.67 862.19 335.15 -10 -10 -10 -100    0 -1000 -1000 -10
154 34 pedestrian 0 0 -10 208.43 149.27 232.30 220.78 -10 -10 -10 -100    0 -1000 -1000 -10
154 29 pedestrian 0 0 -10 7.89 140.97 51.74 264.50 -10 -10 -10 -100    0 -1000 -1000 -10
154 16 pedestrian 0 0 -10 777.66 144.85 854.46 349.99 -10 -10 -10 -100    0 -1000 -1000 -10
154 15 pedestrian 0 0 -10 586.02 164.17 615.59 191.66 -10 -10 -10 -100    0 -1000 -1000 -10
154 38 pedestrian 0 0 -10 414.60 166.04 450.38 234.25 -10 -10 -10 -100    0 -1000 -1000 -10
154 13 pedestrian 0 0 -10 317.34 150.05 456.64 191.45 -10 -10 -10 -100    0 -1000 -1000 -10
154 9 pedestrian 0 0 -10 523.84 164.05 577.11 196.09 -10 -10 -10 -100    0 -1000 -1000 -10
154 32 pedestrian 0 0 -10 920.86 129.94 996.99 357.44 -10 -10 -10 -100    0 -1000 -1000 -10
154 41 pedestrian 0 0 -10 1094.60 184.47 1223.50 243.01 -10 -10 -10 -100    0 -1000 -1000 -10
154 6 pedestrian 0 0 -10 182.01 157.88 228.96 209.77 -10 -10 -10 -100    0 -1000 -1000 -10
154 5 pedestrian 0 0 -10 602.67 170.81 637.40 205.88 -10 -10 -10 -100    0 -1000 -1000 -10
154 43 pedestrian 0 0 -10 275.88 160.47 308.86 189.77 -10 -10 -10 -100    0 -1000 -1000 -10
154 2 pedestrian 0 0 -10 953.88 181.10 1068.48 242.72 -10 -10 -10 -100    0 -1000 -1000 -10
154 1 pedestrian 0 0 -10 1032.61 183.98 1156.98 240.83 -10 -10 -10 -100    0 -1000 -1000 -10
155 36 pedestrian 0 0 -10 615.76 162.11 735.76 313.83 -10 -10 -10 -100    0 -1000 -1000 -10
155 35 pedestrian 0 0 -10 180.96 144.69 197.48 196.33 -10 -10 -10 -100    0 -1000 -1000 -10
155 39 pedestrian 0 0 -10 682.44 149.15 815.42 293.69 -10 -10 -10 -100    0 -1000 -1000 -10
155 22 pedestrian 0 0 -10 942.41 132.55 1033.39 370.00 -10 -10 -10 -100    0 -1000 -1000 -10
155 37 pedestrian 0 0 -10 177.49 144.96 201.62 218.55 -10 -10 -10 -100    0 -1000 -1000 -10
155 20 pedestrian 0 0 -10 820.29 144.11 876.80 337.47 -10 -10 -10 -100    0 -1000 -1000 -10
155 34 pedestrian 0 0 -10 206.47 149.95 230.89 220.77 -10 -10 -10 -100    0 -1000 -1000 -10
155 29 pedestrian 0 0 -10 0.06 139.66 50.48 267.81 -10 -10 -10 -100    0 -1000 -1000 -10
155 16 pedestrian 0 0 -10 787.96 143.90 859.78 352.04 -10 -10 -10 -100    0 -1000 -1000 -10
155 15 pedestrian 0 0 -10 586.14 164.34 615.60 191.81 -10 -10 -10 -100    0 -1000 -1000 -10
155 38 pedestrian 0 0 -10 410.36 165.71 446.78 235.36 -10 -10 -10 -100    0 -1000 -1000 -10
155 13 pedestrian 0 0 -10 317.27 150.00 455.75 191.24 -10 -10 -10 -100    0 -1000 -1000 -10
155 9 pedestrian 0 0 -10 523.73 164.17 577.13 196.19 -10 -10 -10 -100    0 -1000 -1000 -10
155 32 pedestrian 0 0 -10 932.04 129.91 1003.74 354.63 -10 -10 -10 -100    0 -1000 -1000 -10
155 41 pedestrian 0 0 -10 1094.63 184.51 1223.49 243.00 -10 -10 -10 -100    0 -1000 -1000 -10
155 6 pedestrian 0 0 -10 181.56 157.47 228.32 209.18 -10 -10 -10 -100    0 -1000 -1000 -10
155 5 pedestrian 0 0 -10 602.56 170.93 636.54 205.94 -10 -10 -10 -100    0 -1000 -1000 -10
155 43 pedestrian 0 0 -10 274.88 160.11 308.47 189.55 -10 -10 -10 -100    0 -1000 -1000 -10
155 2 pedestrian 0 0 -10 949.51 180.85 1068.48 242.49 -10 -10 -10 -100    0 -1000 -1000 -10
155 1 pedestrian 0 0 -10 1032.87 183.98 1156.83 240.68 -10 -10 -10 -100    0 -1000 -1000 -10
156 36 pedestrian 0 0 -10 621.25 159.78 748.50 316.62 -10 -10 -10 -100    0 -1000 -1000 -10
156 35 pedestrian 0 0 -10 180.39 144.55 198.59 194.93 -10 -10 -10 -100    0 -1000 -1000 -10
156 39 pedestrian 0 0 -10 694.81 147.01 830.95 293.50 -10 -10 -10 -100    0 -1000 -1000 -10
156 22 pedestrian 0 0 -10 959.04 137.00 1052.26 370.00 -10 -10 -10 -100    0 -1000 -1000 -10
156 37 pedestrian 0 0 -10 175.01 145.49 199.95 219.19 -10 -10 -10 -100    0 -1000 -1000 -10
156 20 pedestrian 0 0 -10 830.43 142.65 897.06 337.91 -10 -10 -10 -100    0 -1000 -1000 -10
156 34 pedestrian 0 0 -10 204.63 149.20 229.65 221.40 -10 -10 -10 -100    0 -1000 -1000 -10
156 29 pedestrian 0 0 -10 0.25 138.80 51.21 267.05 -10 -10 -10 -100    0 -1000 -1000 -10
156 16 pedestrian 0 0 -10 799.18 144.35 864.16 351.04 -10 -10 -10 -100    0 -1000 -1000 -10
156 15 pedestrian 0 0 -10 586.03 164.05 615.60 191.74 -10 -10 -10 -100    0 -1000 -1000 -10
156 38 pedestrian 0 0 -10 405.53 165.49 443.20 238.46 -10 -10 -10 -100    0 -1000 -1000 -10
156 13 pedestrian 0 0 -10 317.07 150.16 455.80 191.24 -10 -10 -10 -100    0 -1000 -1000 -10
156 9 pedestrian 0 0 -10 523.83 164.19 577.08 196.13 -10 -10 -10 -100    0 -1000 -1000 -10
156 32 pedestrian 0 0 -10 940.44 129.76 1014.78 356.37 -10 -10 -10 -100    0 -1000 -1000 -10
156 41 pedestrian 0 0 -10 1094.94 184.48 1223.55 242.96 -10 -10 -10 -100    0 -1000 -1000 -10
156 6 pedestrian 0 0 -10 181.03 156.49 227.07 208.74 -10 -10 -10 -100    0 -1000 -1000 -10
156 5 pedestrian 0 0 -10 602.57 170.95 636.57 206.48 -10 -10 -10 -100    0 -1000 -1000 -10
156 43 pedestrian 0 0 -10 274.25 159.78 307.95 189.29 -10 -10 -10 -100    0 -1000 -1000 -10
156 2 pedestrian 0 0 -10 954.10 180.74 1066.51 241.79 -10 -10 -10 -100    0 -1000 -1000 -10
156 1 pedestrian 0 0 -10 1032.48 184.09 1156.77 240.48 -10 -10 -10 -100    0 -1000 -1000 -10
157 36 pedestrian 0 0 -10 627.52 158.99 758.53 319.04 -10 -10 -10 -100    0 -1000 -1000 -10
157 35 pedestrian 0 0 -10 180.87 144.26 199.83 194.14 -10 -10 -10 -100    0 -1000 -1000 -10
157 39 pedestrian 0 0 -10 705.20 148.13 846.99 296.64 -10 -10 -10 -100    0 -1000 -1000 -10
157 22 pedestrian 0 0 -10 967.10 132.95 1068.58 370.00 -10 -10 -10 -100    0 -1000 -1000 -10
157 37 pedestrian 0 0 -10 173.04 144.67 198.76 219.70 -10 -10 -10 -100    0 -1000 -1000 -10
157 20 pedestrian 0 0 -10 834.92 144.58 897.87 340.40 -10 -10 -10 -100    0 -1000 -1000 -10
157 34 pedestrian 0 0 -10 202.77 149.01 228.30 221.93 -10 -10 -10 -100    0 -1000 -1000 -10
157 29 pedestrian 0 0 -10 0.25 137.72 46.57 268.01 -10 -10 -10 -100    0 -1000 -1000 -10
157 16 pedestrian 0 0 -10 811.72 146.36 879.06 354.33 -10 -10 -10 -100    0 -1000 -1000 -10
157 15 pedestrian 0 0 -10 586.83 164.72 615.41 191.20 -10 -10 -10 -100    0 -1000 -1000 -10
157 38 pedestrian 0 0 -10 400.04 165.16 437.65 238.68 -10 -10 -10 -100    0 -1000 -1000 -10
157 13 pedestrian 0 0 -10 316.86 150.14 454.21 191.44 -10 -10 -10 -100    0 -1000 -1000 -10
157 9 pedestrian 0 0 -10 523.95 164.29 577.17 196.19 -10 -10 -10 -100    0 -1000 -1000 -10
157 32 pedestrian 0 0 -10 955.92 130.75 1032.17 359.53 -10 -10 -10 -100    0 -1000 -1000 -10
157 41 pedestrian 0 0 -10 1094.82 184.32 1223.56 242.95 -10 -10 -10 -100    0 -1000 -1000 -10
157 6 pedestrian 0 0 -10 182.42 155.14 226.56 207.62 -10 -10 -10 -100    0 -1000 -1000 -10
157 5 pedestrian 0 0 -10 602.26 171.02 636.43 206.43 -10 -10 -10 -100    0 -1000 -1000 -10
157 43 pedestrian 0 0 -10 273.68 159.29 308.17 189.27 -10 -10 -10 -100    0 -1000 -1000 -10
157 2 pedestrian 0 0 -10 954.12 180.99 1067.75 240.67 -10 -10 -10 -100    0 -1000 -1000 -10
157 1 pedestrian 0 0 -10 1033.85 183.69 1157.33 240.43 -10 -10 -10 -100    0 -1000 -1000 -10
158 36 pedestrian 0 0 -10 634.84 160.49 771.06 320.87 -10 -10 -10 -100    0 -1000 -1000 -10
158 35 pedestrian 0 0 -10 181.67 144.29 200.14 195.10 -10 -10 -10 -100    0 -1000 -1000 -10
158 39 pedestrian 0 0 -10 722.91 146.99 870.29 297.35 -10 -10 -10 -100    0 -1000 -1000 -10
158 22 pedestrian 0 0 -10 978.05 134.94 1094.85 370.00 -10 -10 -10 -100    0 -1000 -1000 -10
158 37 pedestrian 0 0 -10 171.28 143.94 197.35 220.21 -10 -10 -10 -100    0 -1000 -1000 -10
158 20 pedestrian 0 0 -10 845.49 145.25 906.50 342.86 -10 -10 -10 -100    0 -1000 -1000 -10
158 34 pedestrian 0 0 -10 201.05 148.68 226.99 222.48 -10 -10 -10 -100    0 -1000 -1000 -10
158 29 pedestrian 0 0 -10 0.24 139.28 36.74 269.23 -10 -10 -10 -100    0 -1000 -1000 -10
158 16 pedestrian 0 0 -10 818.78 143.00 900.99 354.68 -10 -10 -10 -100    0 -1000 -1000 -10
158 15 pedestrian 0 0 -10 586.79 164.74 615.01 191.04 -10 -10 -10 -100    0 -1000 -1000 -10
158 38 pedestrian 0 0 -10 394.80 164.40 434.19 242.22 -10 -10 -10 -100    0 -1000 -1000 -10
158 13 pedestrian 0 0 -10 316.25 150.12 455.51 191.32 -10 -10 -10 -100    0 -1000 -1000 -10
158 9 pedestrian 0 0 -10 523.84 164.39 577.06 196.12 -10 -10 -10 -100    0 -1000 -1000 -10
158 32 pedestrian 0 0 -10 966.15 129.68 1052.57 362.23 -10 -10 -10 -100    0 -1000 -1000 -10
158 41 pedestrian 0 0 -10 1095.70 184.27 1223.40 242.67 -10 -10 -10 -100    0 -1000 -1000 -10
158 6 pedestrian 0 0 -10 181.35 156.00 225.93 208.09 -10 -10 -10 -100    0 -1000 -1000 -10
158 5 pedestrian 0 0 -10 602.43 171.07 636.86 206.60 -10 -10 -10 -100    0 -1000 -1000 -10
158 43 pedestrian 0 0 -10 271.41 160.55 307.44 189.51 -10 -10 -10 -100    0 -1000 -1000 -10
158 2 pedestrian 0 0 -10 953.12 180.31 1063.43 240.82 -10 -10 -10 -100    0 -1000 -1000 -10
158 1 pedestrian 0 0 -10 1032.91 183.63 1157.39 240.15 -10 -10 -10 -100    0 -1000 -1000 -10
159 35 pedestrian 0 0 -10 181.37 144.33 199.20 195.61 -10 -10 -10 -100    0 -1000 -1000 -10
159 39 pedestrian 0 0 -10 737.72 147.06 891.51 300.56 -10 -10 -10 -100    0 -1000 -1000 -10
159 22 pedestrian 0 0 -10 1000.29 131.23 1107.17 370.00 -10 -10 -10 -100    0 -1000 -1000 -10
159 37 pedestrian 0 0 -10 168.31 144.53 194.85 219.96 -10 -10 -10 -100    0 -1000 -1000 -10
159 20 pedestrian 0 0 -10 859.62 144.68 920.96 342.94 -10 -10 -10 -100    0 -1000 -1000 -10
159 34 pedestrian 0 0 -10 197.74 147.72 224.91 222.29 -10 -10 -10 -100    0 -1000 -1000 -10
159 16 pedestrian 0 0 -10 826.76 144.23 909.20 359.99 -10 -10 -10 -100    0 -1000 -1000 -10
159 15 pedestrian 0 0 -10 586.83 164.77 614.96 191.09 -10 -10 -10 -100    0 -1000 -1000 -10
159 38 pedestrian 0 0 -10 387.33 163.83 430.52 245.23 -10 -10 -10 -100    0 -1000 -1000 -10
159 13 pedestrian 0 0 -10 316.38 149.99 455.99 191.04 -10 -10 -10 -100    0 -1000 -1000 -10
159 36 pedestrian 0 0 -10 643.03 159.92 783.28 323.28 -10 -10 -10 -100    0 -1000 -1000 -10
159 9 pedestrian 0 0 -10 523.49 164.28 576.99 196.03 -10 -10 -10 -100    0 -1000 -1000 -10
159 32 pedestrian 0 0 -10 980.52 129.34 1064.50 362.81 -10 -10 -10 -100    0 -1000 -1000 -10
159 41 pedestrian 0 0 -10 1098.22 184.38 1223.01 242.37 -10 -10 -10 -100    0 -1000 -1000 -10
159 6 pedestrian 0 0 -10 182.80 156.15 226.22 208.74 -10 -10 -10 -100    0 -1000 -1000 -10
159 5 pedestrian 0 0 -10 602.50 171.07 637.09 206.57 -10 -10 -10 -100    0 -1000 -1000 -10
159 2 pedestrian 0 0 -10 954.23 179.94 1069.45 241.48 -10 -10 -10 -100    0 -1000 -1000 -10
159 1 pedestrian 0 0 -10 1033.35 183.54 1157.46 240.89 -10 -10 -10 -100    0 -1000 -1000 -10
160 35 pedestrian 0 0 -10 181.25 144.37 198.89 196.23 -10 -10 -10 -100    0 -1000 -1000 -10
160 39 pedestrian 0 0 -10 756.86 146.45 913.92 304.29 -10 -10 -10 -100    0 -1000 -1000 -10
160 22 pedestrian 0 0 -10 1021.82 134.03 1110.31 370.00 -10 -10 -10 -100    0 -1000 -1000 -10
160 37 pedestrian 0 0 -10 164.79 143.98 194.30 219.12 -10 -10 -10 -100    0 -1000 -1000 -10
160 20 pedestrian 0 0 -10 888.28 144.20 946.82 342.62 -10 -10 -10 -100    0 -1000 -1000 -10
160 34 pedestrian 0 0 -10 194.45 147.71 223.08 222.74 -10 -10 -10 -100    0 -1000 -1000 -10
160 16 pedestrian 0 0 -10 836.26 142.60 912.94 361.23 -10 -10 -10 -100    0 -1000 -1000 -10
160 15 pedestrian 0 0 -10 586.85 164.68 614.25 190.74 -10 -10 -10 -100    0 -1000 -1000 -10
160 38 pedestrian 0 0 -10 381.61 163.89 424.92 246.10 -10 -10 -10 -100    0 -1000 -1000 -10
160 13 pedestrian 0 0 -10 317.28 149.98 455.05 190.83 -10 -10 -10 -100    0 -1000 -1000 -10
160 36 pedestrian 0 0 -10 651.58 159.89 793.79 324.40 -10 -10 -10 -100    0 -1000 -1000 -10
160 9 pedestrian 0 0 -10 523.68 164.25 577.03 195.96 -10 -10 -10 -100    0 -1000 -1000 -10
160 32 pedestrian 0 0 -10 992.58 125.73 1082.01 370.00 -10 -10 -10 -100    0 -1000 -1000 -10
160 41 pedestrian 0 0 -10 1098.04 184.20 1223.02 242.19 -10 -10 -10 -100    0 -1000 -1000 -10
160 6 pedestrian 0 0 -10 183.52 157.22 226.98 208.88 -10 -10 -10 -100    0 -1000 -1000 -10
160 5 pedestrian 0 0 -10 602.36 170.99 636.96 206.46 -10 -10 -10 -100    0 -1000 -1000 -10
160 2 pedestrian 0 0 -10 953.17 181.33 1068.75 241.34 -10 -10 -10 -100    0 -1000 -1000 -10
160 1 pedestrian 0 0 -10 1033.26 183.78 1156.82 240.94 -10 -10 -10 -100    0 -1000 -1000 -10
161 35 pedestrian 0 0 -10 183.04 144.71 199.24 196.06 -10 -10 -10 -100    0 -1000 -1000 -10
161 39 pedestrian 0 0 -10 774.69 144.96 937.21 309.19 -10 -10 -10 -100    0 -1000 -1000 -10
161 22 pedestrian 0 0 -10 1040.92 137.54 1136.36 370.00 -10 -10 -10 -100    0 -1000 -1000 -10
161 37 pedestrian 0 0 -10 161.99 143.71 191.27 219.41 -10 -10 -10 -100    0 -1000 -1000 -10
161 20 pedestrian 0 0 -10 889.78 142.04 948.16 347.37 -10 -10 -10 -100    0 -1000 -1000 -10
161 34 pedestrian 0 0 -10 193.08 147.68 222.23 222.79 -10 -10 -10 -100    0 -1000 -1000 -10
161 16 pedestrian 0 0 -10 848.34 145.90 913.87 364.49 -10 -10 -10 -100    0 -1000 -1000 -10
161 15 pedestrian 0 0 -10 586.57 164.74 614.29 190.85 -10 -10 -10 -100    0 -1000 -1000 -10
161 38 pedestrian 0 0 -10 374.05 163.66 421.24 251.47 -10 -10 -10 -100    0 -1000 -1000 -10
161 13 pedestrian 0 0 -10 318.75 150.47 453.11 191.91 -10 -10 -10 -100    0 -1000 -1000 -10
161 36 pedestrian 0 0 -10 660.03 160.86 807.23 326.18 -10 -10 -10 -100    0 -1000 -1000 -10
161 9 pedestrian 0 0 -10 523.67 164.32 576.99 196.07 -10 -10 -10 -100    0 -1000 -1000 -10
161 32 pedestrian 0 0 -10 1005.66 127.96 1106.99 370.00 -10 -10 -10 -100    0 -1000 -1000 -10
161 41 pedestrian 0 0 -10 1096.78 184.25 1223.76 242.80 -10 -10 -10 -100    0 -1000 -1000 -10
161 6 pedestrian 0 0 -10 182.93 157.92 226.80 209.23 -10 -10 -10 -100    0 -1000 -1000 -10
161 5 pedestrian 0 0 -10 602.20 171.00 636.73 206.54 -10 -10 -10 -100    0 -1000 -1000 -10
161 2 pedestrian 0 0 -10 952.42 181.68 1070.52 241.27 -10 -10 -10 -100    0 -1000 -1000 -10
161 1 pedestrian 0 0 -10 1036.94 183.60 1157.02 239.49 -10 -10 -10 -100    0 -1000 -1000 -10
162 35 pedestrian 0 0 -10 183.20 144.58 199.64 195.51 -10 -10 -10 -100    0 -1000 -1000 -10
162 39 pedestrian 0 0 -10 794.67 143.11 961.23 310.98 -10 -10 -10 -100    0 -1000 -1000 -10
162 22 pedestrian 0 0 -10 1048.38 134.42 1167.69 370.00 -10 -10 -10 -100    0 -1000 -1000 -10
162 37 pedestrian 0 0 -10 158.37 143.16 188.87 219.24 -10 -10 -10 -100    0 -1000 -1000 -10
162 20 pedestrian 0 0 -10 871.10 140.57 947.78 354.50 -10 -10 -10 -100    0 -1000 -1000 -10
162 34 pedestrian 0 0 -10 191.30 149.41 218.95 223.00 -10 -10 -10 -100    0 -1000 -1000 -10
162 16 pedestrian 0 0 -10 853.96 140.28 920.95 370.00 -10 -10 -10 -100    0 -1000 -1000 -10
162 15 pedestrian 0 0 -10 586.88 164.60 614.59 190.88 -10 -10 -10 -100    0 -1000 -1000 -10
162 38 pedestrian 0 0 -10 365.01 164.10 415.43 254.46 -10 -10 -10 -100    0 -1000 -1000 -10
162 13 pedestrian 0 0 -10 319.36 150.92 450.22 193.13 -10 -10 -10 -100    0 -1000 -1000 -10
162 36 pedestrian 0 0 -10 670.48 158.97 819.20 328.97 -10 -10 -10 -100    0 -1000 -1000 -10
162 9 pedestrian 0 0 -10 523.65 164.38 577.17 196.27 -10 -10 -10 -100    0 -1000 -1000 -10
162 32 pedestrian 0 0 -10 1016.55 129.27 1132.65 370.00 -10 -10 -10 -100    0 -1000 -1000 -10
162 41 pedestrian 0 0 -10 1096.70 183.40 1223.50 243.27 -10 -10 -10 -100    0 -1000 -1000 -10
162 6 pedestrian 0 0 -10 182.15 157.75 225.89 208.56 -10 -10 -10 -100    0 -1000 -1000 -10
162 5 pedestrian 0 0 -10 602.19 171.07 636.61 206.51 -10 -10 -10 -100    0 -1000 -1000 -10
162 2 pedestrian 0 0 -10 956.29 181.46 1071.39 242.69 -10 -10 -10 -100    0 -1000 -1000 -10
162 1 pedestrian 0 0 -10 1035.01 183.16 1161.60 239.42 -10 -10 -10 -100    0 -1000 -1000 -10
163 35 pedestrian 0 0 -10 181.32 144.15 198.33 195.78 -10 -10 -10 -100    0 -1000 -1000 -10
163 39 pedestrian 0 0 -10 812.01 141.44 988.34 315.82 -10 -10 -10 -100    0 -1000 -1000 -10
163 22 pedestrian 0 0 -10 1053.99 132.54 1183.61 370.00 -10 -10 -10 -100    0 -1000 -1000 -10
163 37 pedestrian 0 0 -10 156.71 142.88 186.12 220.80 -10 -10 -10 -100    0 -1000 -1000 -10
163 34 pedestrian 0 0 -10 188.13 148.39 215.40 223.83 -10 -10 -10 -100    0 -1000 -1000 -10
163 16 pedestrian 0 0 -10 876.45 146.01 950.45 370.00 -10 -10 -10 -100    0 -1000 -1000 -10
163 15 pedestrian 0 0 -10 586.81 164.97 614.51 191.12 -10 -10 -10 -100    0 -1000 -1000 -10
163 38 pedestrian 0 0 -10 353.80 166.08 410.04 257.99 -10 -10 -10 -100    0 -1000 -1000 -10
163 13 pedestrian 0 0 -10 319.36 151.55 449.35 194.01 -10 -10 -10 -100    0 -1000 -1000 -10
163 36 pedestrian 0 0 -10 678.67 159.32 834.85 329.50 -10 -10 -10 -100    0 -1000 -1000 -10
163 9 pedestrian 0 0 -10 523.76 164.32 577.01 196.15 -10 -10 -10 -100    0 -1000 -1000 -10
163 32 pedestrian 0 0 -10 1030.77 127.11 1142.08 370.00 -10 -10 -10 -100    0 -1000 -1000 -10
163 41 pedestrian 0 0 -10 1096.75 181.89 1223.88 243.44 -10 -10 -10 -100    0 -1000 -1000 -10
163 6 pedestrian 0 0 -10 181.47 157.08 227.77 209.48 -10 -10 -10 -100    0 -1000 -1000 -10
163 5 pedestrian 0 0 -10 602.25 171.32 636.77 206.78 -10 -10 -10 -100    0 -1000 -1000 -10
163 43 pedestrian 0 0 -10 251.29 153.85 287.11 187.31 -10 -10 -10 -100    0 -1000 -1000 -10
163 2 pedestrian 0 0 -10 953.83 180.83 1072.57 243.13 -10 -10 -10 -100    0 -1000 -1000 -10
163 1 pedestrian 0 0 -10 1033.72 183.14 1159.18 238.63 -10 -10 -10 -100    0 -1000 -1000 -10
164 39 pedestrian 0 0 -10 828.97 136.65 1002.20 316.04 -10 -10 -10 -100    0 -1000 -1000 -10
164 35 pedestrian 0 0 -10 181.81 144.46 198.86 196.44 -10 -10 -10 -100    0 -1000 -1000 -10
164 22 pedestrian 0 0 -10 1063.59 131.76 1196.62 370.00 -10 -10 -10 -100    0 -1000 -1000 -10
164 37 pedestrian 0 0 -10 153.86 143.37 182.98 220.67 -10 -10 -10 -100    0 -1000 -1000 -10
164 34 pedestrian 0 0 -10 185.89 148.02 211.04 224.30 -10 -10 -10 -100    0 -1000 -1000 -10
164 16 pedestrian 0 0 -10 885.86 142.14 973.96 370.00 -10 -10 -10 -100    0 -1000 -1000 -10
164 15 pedestrian 0 0 -10 586.38 165.04 614.51 191.39 -10 -10 -10 -100    0 -1000 -1000 -10
164 38 pedestrian 0 0 -10 346.77 165.13 403.19 261.23 -10 -10 -10 -100    0 -1000 -1000 -10
164 13 pedestrian 0 0 -10 318.83 152.48 446.09 195.74 -10 -10 -10 -100    0 -1000 -1000 -10
164 36 pedestrian 0 0 -10 687.78 159.86 847.11 334.77 -10 -10 -10 -100    0 -1000 -1000 -10
164 44 pedestrian 0 0 -10 284.39 147.96 329.82 175.36 -10 -10 -10 -100    0 -1000 -1000 -10
164 9 pedestrian 0 0 -10 523.80 164.43 576.98 196.26 -10 -10 -10 -100    0 -1000 -1000 -10
164 32 pedestrian 0 0 -10 1044.99 129.58 1156.66 370.00 -10 -10 -10 -100    0 -1000 -1000 -10
164 41 pedestrian 0 0 -10 1102.15 184.58 1223.58 243.90 -10 -10 -10 -100    0 -1000 -1000 -10
164 6 pedestrian 0 0 -10 181.54 158.08 228.31 209.09 -10 -10 -10 -100    0 -1000 -1000 -10
164 5 pedestrian 0 0 -10 602.22 171.31 636.55 206.68 -10 -10 -10 -100    0 -1000 -1000 -10
164 43 pedestrian 0 0 -10 250.59 154.16 286.75 187.11 -10 -10 -10 -100    0 -1000 -1000 -10
164 45 pedestrian 0 0 -10 489.38 160.20 517.63 188.38 -10 -10 -10 -100    0 -1000 -1000 -10
164 2 pedestrian 0 0 -10 954.43 181.37 1069.87 243.03 -10 -10 -10 -100    0 -1000 -1000 -10
164 1 pedestrian 0 0 -10 1029.54 182.57 1154.16 239.96 -10 -10 -10 -100    0 -1000 -1000 -10
165 39 pedestrian 0 0 -10 856.69 138.18 1040.31 321.40 -10 -10 -10 -100    0 -1000 -1000 -10
165 35 pedestrian 0 0 -10 182.81 144.69 198.72 196.13 -10 -10 -10 -100    0 -1000 -1000 -10
165 22 pedestrian 0 0 -10 1088.26 130.24 1222.87 370.00 -10 -10 -10 -100    0 -1000 -1000 -10
165 37 pedestrian 0 0 -10 150.54 142.57 182.13 222.54 -10 -10 -10 -100    0 -1000 -1000 -10
165 34 pedestrian 0 0 -10 183.27 148.74 207.45 224.81 -10 -10 -10 -100    0 -1000 -1000 -10
165 16 pedestrian 0 0 -10 894.32 148.41 979.59 370.00 -10 -10 -10 -100    0 -1000 -1000 -10
165 15 pedestrian 0 0 -10 586.16 165.05 614.51 191.38 -10 -10 -10 -100    0 -1000 -1000 -10
165 38 pedestrian 0 0 -10 337.94 165.09 397.37 264.25 -10 -10 -10 -100    0 -1000 -1000 -10
165 13 pedestrian 0 0 -10 318.38 152.65 444.68 196.93 -10 -10 -10 -100    0 -1000 -1000 -10
165 36 pedestrian 0 0 -10 699.33 159.09 862.97 335.84 -10 -10 -10 -100    0 -1000 -1000 -10
165 44 pedestrian 0 0 -10 283.97 147.60 329.78 174.94 -10 -10 -10 -100    0 -1000 -1000 -10
165 9 pedestrian 0 0 -10 523.81 164.38 577.03 196.09 -10 -10 -10 -100    0 -1000 -1000 -10
165 32 pedestrian 0 0 -10 1032.38 130.75 1134.17 370.00 -10 -10 -10 -100    0 -1000 -1000 -10
165 41 pedestrian 0 0 -10 1098.29 183.87 1223.11 243.55 -10 -10 -10 -100    0 -1000 -1000 -10
165 6 pedestrian 0 0 -10 182.97 158.65 227.77 209.45 -10 -10 -10 -100    0 -1000 -1000 -10
165 5 pedestrian 0 0 -10 602.31 171.33 636.62 206.70 -10 -10 -10 -100    0 -1000 -1000 -10
165 43 pedestrian 0 0 -10 250.71 154.42 286.99 187.19 -10 -10 -10 -100    0 -1000 -1000 -10
165 45 pedestrian 0 0 -10 489.18 160.27 517.71 188.72 -10 -10 -10 -100    0 -1000 -1000 -10
165 2 pedestrian 0 0 -10 951.62 181.37 1069.38 242.87 -10 -10 -10 -100    0 -1000 -1000 -10
165 1 pedestrian 0 0 -10 1032.06 184.26 1157.08 240.43 -10 -10 -10 -100    0 -1000 -1000 -10
166 39 pedestrian 0 0 -10 887.96 137.23 1074.84 331.53 -10 -10 -10 -100    0 -1000 -1000 -10
166 35 pedestrian 0 0 -10 181.39 145.33 197.63 196.72 -10 -10 -10 -100    0 -1000 -1000 -10
166 22 pedestrian 0 0 -10 1112.74 128.94 1223.75 370.00 -10 -10 -10 -100    0 -1000 -1000 -10
166 37 pedestrian 0 0 -10 148.85 142.84 179.82 222.21 -10 -10 -10 -100    0 -1000 -1000 -10
166 34 pedestrian 0 0 -10 181.43 149.39 206.00 225.08 -10 -10 -10 -100    0 -1000 -1000 -10
166 16 pedestrian 0 0 -10 910.04 147.79 985.29 370.00 -10 -10 -10 -100    0 -1000 -1000 -10
166 15 pedestrian 0 0 -10 585.85 164.77 614.38 191.77 -10 -10 -10 -100    0 -1000 -1000 -10
166 38 pedestrian 0 0 -10 326.31 162.46 389.52 268.61 -10 -10 -10 -100    0 -1000 -1000 -10
166 13 pedestrian 0 0 -10 317.58 152.55 442.89 197.39 -10 -10 -10 -100    0 -1000 -1000 -10
166 36 pedestrian 0 0 -10 714.56 158.63 876.99 336.11 -10 -10 -10 -100    0 -1000 -1000 -10
166 44 pedestrian 0 0 -10 283.59 147.71 329.32 175.22 -10 -10 -10 -100    0 -1000 -1000 -10
166 9 pedestrian 0 0 -10 523.79 164.43 576.95 196.06 -10 -10 -10 -100    0 -1000 -1000 -10
166 32 pedestrian 0 0 -10 1054.15 133.75 1156.79 370.00 -10 -10 -10 -100    0 -1000 -1000 -10
166 41 pedestrian 0 0 -10 1100.19 184.28 1223.03 242.13 -10 -10 -10 -100    0 -1000 -1000 -10
166 6 pedestrian 0 0 -10 182.59 159.25 227.22 209.78 -10 -10 -10 -100    0 -1000 -1000 -10
166 5 pedestrian 0 0 -10 602.25 171.33 636.59 206.64 -10 -10 -10 -100    0 -1000 -1000 -10
166 43 pedestrian 0 0 -10 251.21 154.37 287.20 186.99 -10 -10 -10 -100    0 -1000 -1000 -10
166 45 pedestrian 0 0 -10 489.20 160.31 517.82 188.53 -10 -10 -10 -100    0 -1000 -1000 -10
166 2 pedestrian 0 0 -10 947.98 182.05 1069.35 242.25 -10 -10 -10 -100    0 -1000 -1000 -10
166 1 pedestrian 0 0 -10 1033.52 184.10 1162.13 241.54 -10 -10 -10 -100    0 -1000 -1000 -10
167 39 pedestrian 0 0 -10 908.14 133.55 1091.19 334.63 -10 -10 -10 -100    0 -1000 -1000 -10
167 22 pedestrian 0 0 -10 1126.80 128.46 1223.66 370.00 -10 -10 -10 -100    0 -1000 -1000 -10
167 37 pedestrian 0 0 -10 145.98 142.99 177.02 222.19 -10 -10 -10 -100    0 -1000 -1000 -10
167 20 pedestrian 0 0 -10 938.91 134.96 1020.56 359.76 -10 -10 -10 -100    0 -1000 -1000 -10
167 34 pedestrian 0 0 -10 178.98 149.31 203.99 224.77 -10 -10 -10 -100    0 -1000 -1000 -10
167 16 pedestrian 0 0 -10 932.24 144.36 995.66 370.00 -10 -10 -10 -100    0 -1000 -1000 -10
167 15 pedestrian 0 0 -10 585.93 164.51 614.55 191.70 -10 -10 -10 -100    0 -1000 -1000 -10
167 38 pedestrian 0 0 -10 313.93 160.93 382.45 272.98 -10 -10 -10 -100    0 -1000 -1000 -10
167 13 pedestrian 0 0 -10 317.15 152.09 442.52 197.26 -10 -10 -10 -100    0 -1000 -1000 -10
167 36 pedestrian 0 0 -10 728.97 158.37 890.52 337.10 -10 -10 -10 -100    0 -1000 -1000 -10
167 44 pedestrian 0 0 -10 283.47 147.30 328.55 174.83 -10 -10 -10 -100    0 -1000 -1000 -10
167 9 pedestrian 0 0 -10 523.93 164.38 576.96 195.97 -10 -10 -10 -100    0 -1000 -1000 -10
167 32 pedestrian 0 0 -10 1064.64 132.46 1167.26 370.00 -10 -10 -10 -100    0 -1000 -1000 -10
167 41 pedestrian 0 0 -10 1092.53 183.99 1220.86 243.13 -10 -10 -10 -100    0 -1000 -1000 -10
167 6 pedestrian 0 0 -10 182.85 160.03 226.76 209.61 -10 -10 -10 -100    0 -1000 -1000 -10
167 5 pedestrian 0 0 -10 602.05 171.23 636.73 206.71 -10 -10 -10 -100    0 -1000 -1000 -10
167 43 pedestrian 0 0 -10 251.44 154.31 287.80 186.38 -10 -10 -10 -100    0 -1000 -1000 -10
167 45 pedestrian 0 0 -10 489.25 160.37 517.83 188.63 -10 -10 -10 -100    0 -1000 -1000 -10
167 2 pedestrian 0 0 -10 948.36 183.84 1067.37 240.77 -10 -10 -10 -100    0 -1000 -1000 -10
167 1 pedestrian 0 0 -10 1030.64 183.88 1155.55 241.58 -10 -10 -10 -100    0 -1000 -1000 -10
168 39 pedestrian 0 0 -10 937.11 135.57 1139.04 337.39 -10 -10 -10 -100    0 -1000 -1000 -10
168 22 pedestrian 0 0 -10 1136.80 133.54 1223.61 370.00 -10 -10 -10 -100    0 -1000 -1000 -10
168 37 pedestrian 0 0 -10 142.70 142.48 173.51 222.55 -10 -10 -10 -100    0 -1000 -1000 -10
168 20 pedestrian 0 0 -10 950.55 137.02 1035.69 367.63 -10 -10 -10 -100    0 -1000 -1000 -10
168 34 pedestrian 0 0 -10 176.95 149.05 201.62 224.42 -10 -10 -10 -100    0 -1000 -1000 -10
168 15 pedestrian 0 0 -10 585.95 164.56 614.34 191.74 -10 -10 -10 -100    0 -1000 -1000 -10
168 38 pedestrian 0 0 -10 301.82 163.92 373.70 277.68 -10 -10 -10 -100    0 -1000 -1000 -10
168 13 pedestrian 0 0 -10 317.19 152.52 443.19 196.85 -10 -10 -10 -100    0 -1000 -1000 -10
168 36 pedestrian 0 0 -10 744.70 157.45 904.59 334.60 -10 -10 -10 -100    0 -1000 -1000 -10
168 44 pedestrian 0 0 -10 283.67 147.67 329.46 175.12 -10 -10 -10 -100    0 -1000 -1000 -10
168 9 pedestrian 0 0 -10 524.01 164.51 576.76 195.86 -10 -10 -10 -100    0 -1000 -1000 -10
168 32 pedestrian 0 0 -10 1073.96 134.25 1179.06 370.00 -10 -10 -10 -100    0 -1000 -1000 -10
168 41 pedestrian 0 0 -10 1095.43 184.78 1219.36 242.80 -10 -10 -10 -100    0 -1000 -1000 -10
168 6 pedestrian 0 0 -10 182.89 160.79 226.18 209.39 -10 -10 -10 -100    0 -1000 -1000 -10
168 5 pedestrian 0 0 -10 602.31 171.39 636.66 206.61 -10 -10 -10 -100    0 -1000 -1000 -10
168 43 pedestrian 0 0 -10 252.83 154.75 288.75 186.45 -10 -10 -10 -100    0 -1000 -1000 -10
168 45 pedestrian 0 0 -10 489.51 160.38 517.74 188.67 -10 -10 -10 -100    0 -1000 -1000 -10
168 2 pedestrian 0 0 -10 953.78 182.64 1066.80 242.28 -10 -10 -10 -100    0 -1000 -1000 -10
168 1 pedestrian 0 0 -10 1034.19 184.23 1154.77 241.13 -10 -10 -10 -100    0 -1000 -1000 -10
169 39 pedestrian 0 0 -10 961.34 135.12 1174.99 343.51 -10 -10 -10 -100    0 -1000 -1000 -10
169 22 pedestrian 0 0 -10 1155.76 130.21 1223.87 370.00 -10 -10 -10 -100    0 -1000 -1000 -10
169 37 pedestrian 0 0 -10 140.24 142.52 172.43 223.34 -10 -10 -10 -100    0 -1000 -1000 -10
169 20 pedestrian 0 0 -10 962.52 137.36 1054.35 366.57 -10 -10 -10 -100    0 -1000 -1000 -10
169 34 pedestrian 0 0 -10 174.93 149.76 199.47 224.99 -10 -10 -10 -100    0 -1000 -1000 -10
169 15 pedestrian 0 0 -10 586.15 164.84 614.46 191.15 -10 -10 -10 -100    0 -1000 -1000 -10
169 38 pedestrian 0 0 -10 287.73 164.49 363.57 282.28 -10 -10 -10 -100    0 -1000 -1000 -10
169 13 pedestrian 0 0 -10 317.72 152.62 443.66 197.22 -10 -10 -10 -100    0 -1000 -1000 -10
169 36 pedestrian 0 0 -10 763.95 157.12 921.21 334.03 -10 -10 -10 -100    0 -1000 -1000 -10
169 44 pedestrian 0 0 -10 283.73 147.80 329.39 175.19 -10 -10 -10 -100    0 -1000 -1000 -10
169 9 pedestrian 0 0 -10 524.10 164.45 576.84 195.87 -10 -10 -10 -100    0 -1000 -1000 -10
169 32 pedestrian 0 0 -10 1096.21 129.36 1192.96 370.00 -10 -10 -10 -100    0 -1000 -1000 -10
169 41 pedestrian 0 0 -10 1098.93 186.11 1221.85 243.80 -10 -10 -10 -100    0 -1000 -1000 -10
169 6 pedestrian 0 0 -10 182.07 159.72 225.99 209.23 -10 -10 -10 -100    0 -1000 -1000 -10
169 5 pedestrian 0 0 -10 602.28 171.29 636.73 206.66 -10 -10 -10 -100    0 -1000 -1000 -10
169 45 pedestrian 0 0 -10 489.85 160.57 518.06 188.72 -10 -10 -10 -100    0 -1000 -1000 -10
169 2 pedestrian 0 0 -10 952.86 181.64 1067.33 241.65 -10 -10 -10 -100    0 -1000 -1000 -10
169 1 pedestrian 0 0 -10 1033.74 183.52 1155.95 240.38 -10 -10 -10 -100    0 -1000 -1000 -10
170 39 pedestrian 0 0 -10 1000.68 134.64 1204.01 344.98 -10 -10 -10 -100    0 -1000 -1000 -10
170 22 pedestrian 0 0 -10 1165.35 111.87 1223.80 370.00 -10 -10 -10 -100    0 -1000 -1000 -10
170 37 pedestrian 0 0 -10 137.97 141.69 169.29 222.70 -10 -10 -10 -100    0 -1000 -1000 -10
170 20 pedestrian 0 0 -10 981.25 135.69 1075.32 367.48 -10 -10 -10 -100    0 -1000 -1000 -10
170 34 pedestrian 0 0 -10 170.91 148.03 196.41 225.76 -10 -10 -10 -100    0 -1000 -1000 -10
170 15 pedestrian 0 0 -10 586.14 164.59 614.46 191.03 -10 -10 -10 -100    0 -1000 -1000 -10
170 38 pedestrian 0 0 -10 271.25 165.17 353.36 289.06 -10 -10 -10 -100    0 -1000 -1000 -10
170 13 pedestrian 0 0 -10 313.50 152.47 443.25 197.31 -10 -10 -10 -100    0 -1000 -1000 -10
170 36 pedestrian 0 0 -10 778.18 154.29 940.37 333.95 -10 -10 -10 -100    0 -1000 -1000 -10
170 44 pedestrian 0 0 -10 283.87 148.36 328.32 175.78 -10 -10 -10 -100    0 -1000 -1000 -10
170 9 pedestrian 0 0 -10 524.10 164.43 576.96 196.09 -10 -10 -10 -100    0 -1000 -1000 -10
170 41 pedestrian 0 0 -10 1106.76 186.12 1223.96 245.21 -10 -10 -10 -100    0 -1000 -1000 -10
170 6 pedestrian 0 0 -10 181.20 160.07 225.96 210.70 -10 -10 -10 -100    0 -1000 -1000 -10
170 5 pedestrian 0 0 -10 602.27 171.26 636.57 206.61 -10 -10 -10 -100    0 -1000 -1000 -10
170 45 pedestrian 0 0 -10 489.95 160.57 518.30 188.56 -10 -10 -10 -100    0 -1000 -1000 -10
170 2 pedestrian 0 0 -10 953.03 182.45 1068.67 242.19 -10 -10 -10 -100    0 -1000 -1000 -10
170 1 pedestrian 0 0 -10 1045.45 183.09 1167.70 240.15 -10 -10 -10 -100    0 -1000 -1000 -10
171 39 pedestrian 0 0 -10 1037.80 138.47 1222.50 351.87 -10 -10 -10 -100    0 -1000 -1000 -10
171 37 pedestrian 0 0 -10 134.82 141.81 167.42 223.75 -10 -10 -10 -100    0 -1000 -1000 -10
171 20 pedestrian 0 0 -10 995.21 138.03 1091.49 370.00 -10 -10 -10 -100    0 -1000 -1000 -10
171 34 pedestrian 0 0 -10 168.46 147.04 196.29 226.10 -10 -10 -10 -100    0 -1000 -1000 -10
171 15 pedestrian 0 0 -10 586.21 164.62 614.51 191.03 -10 -10 -10 -100    0 -1000 -1000 -10
171 38 pedestrian 0 0 -10 253.96 164.66 342.29 295.97 -10 -10 -10 -100    0 -1000 -1000 -10
171 13 pedestrian 0 0 -10 317.26 152.45 443.89 197.25 -10 -10 -10 -100    0 -1000 -1000 -10
171 36 pedestrian 0 0 -10 793.73 153.68 961.03 332.40 -10 -10 -10 -100    0 -1000 -1000 -10
171 44 pedestrian 0 0 -10 282.73 149.34 329.31 176.91 -10 -10 -10 -100    0 -1000 -1000 -10
171 9 pedestrian 0 0 -10 524.13 164.46 577.01 196.05 -10 -10 -10 -100    0 -1000 -1000 -10
171 41 pedestrian 0 0 -10 1106.40 182.83 1223.75 241.56 -10 -10 -10 -100    0 -1000 -1000 -10
171 6 pedestrian 0 0 -10 181.05 159.53 225.52 210.72 -10 -10 -10 -100    0 -1000 -1000 -10
171 5 pedestrian 0 0 -10 602.19 171.33 636.85 206.65 -10 -10 -10 -100    0 -1000 -1000 -10
171 45 pedestrian 0 0 -10 490.32 160.54 518.41 188.21 -10 -10 -10 -100    0 -1000 -1000 -10
171 2 pedestrian 0 0 -10 953.27 181.16 1070.45 242.86 -10 -10 -10 -100    0 -1000 -1000 -10
171 1 pedestrian 0 0 -10 1034.96 183.27 1157.22 241.66 -10 -10 -10 -100    0 -1000 -1000 -10
172 39 pedestrian 0 0 -10 1085.23 139.71 1224.00 349.10 -10 -10 -10 -100    0 -1000 -1000 -10
172 37 pedestrian 0 0 -10 132.55 142.11 165.35 224.16 -10 -10 -10 -100    0 -1000 -1000 -10
172 34 pedestrian 0 0 -10 165.48 147.32 194.87 226.23 -10 -10 -10 -100    0 -1000 -1000 -10
172 16 pedestrian 0 0 -10 994.76 143.41 1092.62 370.00 -10 -10 -10 -100    0 -1000 -1000 -10
172 15 pedestrian 0 0 -10 585.79 164.75 614.12 191.06 -10 -10 -10 -100    0 -1000 -1000 -10
172 38 pedestrian 0 0 -10 232.88 161.83 330.25 303.43 -10 -10 -10 -100    0 -1000 -1000 -10
172 13 pedestrian 0 0 -10 319.26 152.48 443.53 197.06 -10 -10 -10 -100    0 -1000 -1000 -10
172 36 pedestrian 0 0 -10 811.82 153.64 982.32 332.25 -10 -10 -10 -100    0 -1000 -1000 -10
172 44 pedestrian 0 0 -10 284.27 147.88 330.58 175.64 -10 -10 -10 -100    0 -1000 -1000 -10
172 9 pedestrian 0 0 -10 524.11 164.43 577.06 195.96 -10 -10 -10 -100    0 -1000 -1000 -10
172 41 pedestrian 0 0 -10 1101.21 181.49 1222.41 240.94 -10 -10 -10 -100    0 -1000 -1000 -10
172 6 pedestrian 0 0 -10 181.32 158.34 225.29 210.04 -10 -10 -10 -100    0 -1000 -1000 -10
172 5 pedestrian 0 0 -10 602.00 171.28 636.43 206.61 -10 -10 -10 -100    0 -1000 -1000 -10
172 45 pedestrian 0 0 -10 490.03 160.60 518.10 188.41 -10 -10 -10 -100    0 -1000 -1000 -10
172 2 pedestrian 0 0 -10 954.34 181.62 1067.30 242.23 -10 -10 -10 -100    0 -1000 -1000 -10
172 1 pedestrian 0 0 -10 1036.58 183.30 1160.36 240.23 -10 -10 -10 -100    0 -1000 -1000 -10
173 39 pedestrian 0 0 -10 1118.04 140.95 1223.17 352.18 -10 -10 -10 -100    0 -1000 -1000 -10
173 37 pedestrian 0 0 -10 131.04 142.62 161.48 223.59 -10 -10 -10 -100    0 -1000 -1000 -10
173 34 pedestrian 0 0 -10 162.45 146.44 191.35 226.15 -10 -10 -10 -100    0 -1000 -1000 -10
173 15 pedestrian 0 0 -10 586.06 164.73 614.14 190.95 -10 -10 -10 -100    0 -1000 -1000 -10
173 38 pedestrian 0 0 -10 212.29 161.67 317.95 312.61 -10 -10 -10 -100    0 -1000 -1000 -10
173 13 pedestrian 0 0 -10 317.81 152.25 443.59 197.05 -10 -10 -10 -100    0 -1000 -1000 -10
173 36 pedestrian 0 0 -10 830.15 152.10 1001.56 331.91 -10 -10 -10 -100    0 -1000 -1000 -10
173 44 pedestrian 0 0 -10 283.61 147.74 329.52 174.74 -10 -10 -10 -100    0 -1000 -1000 -10
173 9 pedestrian 0 0 -10 524.25 164.33 577.09 195.95 -10 -10 -10 -100    0 -1000 -1000 -10
173 32 pedestrian 0 0 -10 1139.24 128.88 1223.97 370.00 -10 -10 -10 -100    0 -1000 -1000 -10
173 41 pedestrian 0 0 -10 1096.24 184.66 1220.67 241.55 -10 -10 -10 -100    0 -1000 -1000 -10
173 6 pedestrian 0 0 -10 182.39 158.73 226.03 209.99 -10 -10 -10 -100    0 -1000 -1000 -10
173 5 pedestrian 0 0 -10 602.11 171.19 636.62 206.72 -10 -10 -10 -100    0 -1000 -1000 -10
173 45 pedestrian 0 0 -10 490.26 160.63 518.19 188.15 -10 -10 -10 -100    0 -1000 -1000 -10
173 2 pedestrian 0 0 -10 952.56 181.56 1067.23 242.22 -10 -10 -10 -100    0 -1000 -1000 -10
173 1 pedestrian 0 0 -10 1033.34 183.61 1157.90 240.25 -10 -10 -10 -100    0 -1000 -1000 -10
174 39 pedestrian 0 0 -10 1150.84 140.56 1222.65 362.72 -10 -10 -10 -100    0 -1000 -1000 -10
174 37 pedestrian 0 0 -10 128.88 142.53 157.22 224.01 -10 -10 -10 -100    0 -1000 -1000 -10
174 34 pedestrian 0 0 -10 159.41 147.07 186.52 226.76 -10 -10 -10 -100    0 -1000 -1000 -10
174 46 pedestrian 0 0 -10 1154.74 186.44 1224.00 242.37 -10 -10 -10 -100    0 -1000 -1000 -10
174 15 pedestrian 0 0 -10 586.17 164.76 614.29 191.02 -10 -10 -10 -100    0 -1000 -1000 -10
174 38 pedestrian 0 0 -10 187.76 161.48 301.40 320.93 -10 -10 -10 -100    0 -1000 -1000 -10
174 13 pedestrian 0 0 -10 317.22 152.38 443.75 197.19 -10 -10 -10 -100    0 -1000 -1000 -10
174 36 pedestrian 0 0 -10 846.72 151.57 1021.81 331.59 -10 -10 -10 -100    0 -1000 -1000 -10
174 44 pedestrian 0 0 -10 283.65 147.75 329.73 175.12 -10 -10 -10 -100    0 -1000 -1000 -10
174 9 pedestrian 0 0 -10 524.15 164.28 577.19 196.01 -10 -10 -10 -100    0 -1000 -1000 -10
174 32 pedestrian 0 0 -10 1152.53 124.03 1223.73 370.00 -10 -10 -10 -100    0 -1000 -1000 -10
174 41 pedestrian 0 0 -10 1093.74 184.50 1221.17 242.00 -10 -10 -10 -100    0 -1000 -1000 -10
174 6 pedestrian 0 0 -10 182.19 158.81 225.18 210.90 -10 -10 -10 -100    0 -1000 -1000 -10
174 5 pedestrian 0 0 -10 602.22 171.31 636.49 206.58 -10 -10 -10 -100    0 -1000 -1000 -10
174 45 pedestrian 0 0 -10 490.25 160.46 518.32 187.98 -10 -10 -10 -100    0 -1000 -1000 -10
174 2 pedestrian 0 0 -10 953.93 181.46 1067.78 242.12 -10 -10 -10 -100    0 -1000 -1000 -10
174 1 pedestrian 0 0 -10 1030.63 184.49 1157.98 240.28 -10 -10 -10 -100    0 -1000 -1000 -10
175 37 pedestrian 0 0 -10 124.83 142.55 153.66 226.17 -10 -10 -10 -100    0 -1000 -1000 -10
175 20 pedestrian 0 0 -10 1029.45 142.45 1162.84 370.00 -10 -10 -10 -100    0 -1000 -1000 -10
175 34 pedestrian 0 0 -10 153.67 146.68 184.54 228.05 -10 -10 -10 -100    0 -1000 -1000 -10
175 46 pedestrian 0 0 -10 1153.38 184.47 1223.81 241.76 -10 -10 -10 -100    0 -1000 -1000 -10
175 15 pedestrian 0 0 -10 586.23 164.82 614.65 191.19 -10 -10 -10 -100    0 -1000 -1000 -10
175 38 pedestrian 0 0 -10 157.29 159.68 284.25 334.07 -10 -10 -10 -100    0 -1000 -1000 -10
175 13 pedestrian 0 0 -10 317.76 152.45 443.20 197.28 -10 -10 -10 -100    0 -1000 -1000 -10
175 36 pedestrian 0 0 -10 864.93 147.87 1039.02 331.36 -10 -10 -10 -100    0 -1000 -1000 -10
175 44 pedestrian 0 0 -10 283.60 147.74 329.15 175.10 -10 -10 -10 -100    0 -1000 -1000 -10
175 9 pedestrian 0 0 -10 524.20 164.25 577.16 196.01 -10 -10 -10 -100    0 -1000 -1000 -10
175 32 pedestrian 0 0 -10 1167.25 120.58 1223.70 370.00 -10 -10 -10 -100    0 -1000 -1000 -10
175 41 pedestrian 0 0 -10 1090.89 183.88 1222.73 242.45 -10 -10 -10 -100    0 -1000 -1000 -10
175 6 pedestrian 0 0 -10 181.66 158.64 225.91 210.33 -10 -10 -10 -100    0 -1000 -1000 -10
175 5 pedestrian 0 0 -10 602.07 171.17 636.65 206.72 -10 -10 -10 -100    0 -1000 -1000 -10
175 45 pedestrian 0 0 -10 490.06 160.55 518.46 188.14 -10 -10 -10 -100    0 -1000 -1000 -10
175 2 pedestrian 0 0 -10 954.88 181.92 1069.53 242.42 -10 -10 -10 -100    0 -1000 -1000 -10
175 1 pedestrian 0 0 -10 1032.51 184.24 1154.08 240.89 -10 -10 -10 -100    0 -1000 -1000 -10
176 37 pedestrian 0 0 -10 120.47 143.22 149.32 227.50 -10 -10 -10 -100    0 -1000 -1000 -10
176 20 pedestrian 0 0 -10 1068.62 144.73 1177.57 370.00 -10 -10 -10 -100    0 -1000 -1000 -10
176 34 pedestrian 0 0 -10 150.67 146.55 180.33 229.17 -10 -10 -10 -100    0 -1000 -1000 -10
176 15 pedestrian 0 0 -10 586.37 164.96 614.80 191.44 -10 -10 -10 -100    0 -1000 -1000 -10
176 38 pedestrian 0 0 -10 126.64 159.99 264.95 346.91 -10 -10 -10 -100    0 -1000 -1000 -10
176 13 pedestrian 0 0 -10 317.77 152.65 443.27 197.15 -10 -10 -10 -100    0 -1000 -1000 -10
176 36 pedestrian 0 0 -10 885.00 147.51 1065.29 331.08 -10 -10 -10 -100    0 -1000 -1000 -10
176 44 pedestrian 0 0 -10 284.27 148.06 329.55 175.11 -10 -10 -10 -100    0 -1000 -1000 -10
176 9 pedestrian 0 0 -10 523.94 164.17 577.07 196.06 -10 -10 -10 -100    0 -1000 -1000 -10
176 32 pedestrian 0 0 -10 1180.32 122.39 1224.00 370.00 -10 -10 -10 -100    0 -1000 -1000 -10
176 41 pedestrian 0 0 -10 1096.11 184.22 1222.61 243.90 -10 -10 -10 -100    0 -1000 -1000 -10
176 6 pedestrian 0 0 -10 181.10 157.97 223.87 210.02 -10 -10 -10 -100    0 -1000 -1000 -10
176 5 pedestrian 0 0 -10 602.19 171.26 636.71 206.66 -10 -10 -10 -100    0 -1000 -1000 -10
176 45 pedestrian 0 0 -10 489.98 160.39 518.36 187.99 -10 -10 -10 -100    0 -1000 -1000 -10
176 2 pedestrian 0 0 -10 952.36 181.94 1069.29 242.06 -10 -10 -10 -100    0 -1000 -1000 -10
176 1 pedestrian 0 0 -10 1032.65 183.91 1157.01 241.13 -10 -10 -10 -100    0 -1000 -1000 -10
177 37 pedestrian 0 0 -10 116.90 141.72 148.31 230.47 -10 -10 -10 -100    0 -1000 -1000 -10
177 34 pedestrian 0 0 -10 145.66 145.60 186.36 226.90 -10 -10 -10 -100    0 -1000 -1000 -10
177 15 pedestrian 0 0 -10 586.14 164.87 614.62 191.35 -10 -10 -10 -100    0 -1000 -1000 -10
177 38 pedestrian 0 0 -10 80.01 157.78 242.29 363.17 -10 -10 -10 -100    0 -1000 -1000 -10
177 13 pedestrian 0 0 -10 317.83 152.31 442.88 197.07 -10 -10 -10 -100    0 -1000 -1000 -10
177 36 pedestrian 0 0 -10 906.12 148.08 1089.44 332.99 -10 -10 -10 -100    0 -1000 -1000 -10
177 44 pedestrian 0 0 -10 284.07 147.39 329.77 174.61 -10 -10 -10 -100    0 -1000 -1000 -10
177 9 pedestrian 0 0 -10 524.00 164.33 577.04 196.16 -10 -10 -10 -100    0 -1000 -1000 -10
177 41 pedestrian 0 0 -10 1094.60 184.50 1221.69 243.59 -10 -10 -10 -100    0 -1000 -1000 -10
177 6 pedestrian 0 0 -10 182.78 158.07 226.64 210.36 -10 -10 -10 -100    0 -1000 -1000 -10
177 5 pedestrian 0 0 -10 602.25 171.22 636.66 206.69 -10 -10 -10 -100    0 -1000 -1000 -10
177 45 pedestrian 0 0 -10 489.60 160.30 518.55 188.07 -10 -10 -10 -100    0 -1000 -1000 -10
177 2 pedestrian 0 0 -10 955.61 181.62 1068.97 240.74 -10 -10 -10 -100    0 -1000 -1000 -10
177 1 pedestrian 0 0 -10 1032.85 183.98 1156.67 240.62 -10 -10 -10 -100    0 -1000 -1000 -10
178 37 pedestrian 0 0 -10 112.05 140.55 149.43 225.48 -10 -10 -10 -100    0 -1000 -1000 -10
178 34 pedestrian 0 0 -10 144.82 144.70 178.26 222.60 -10 -10 -10 -100    0 -1000 -1000 -10
178 16 pedestrian 0 0 -10 1080.18 141.90 1204.03 370.00 -10 -10 -10 -100    0 -1000 -1000 -10
178 15 pedestrian 0 0 -10 586.15 164.75 614.71 191.40 -10 -10 -10 -100    0 -1000 -1000 -10
178 38 pedestrian 0 0 -10 34.19 157.69 217.51 370.00 -10 -10 -10 -100    0 -1000 -1000 -10
178 13 pedestrian 0 0 -10 317.53 152.18 442.83 197.05 -10 -10 -10 -100    0 -1000 -1000 -10
178 36 pedestrian 0 0 -10 927.53 143.89 1121.10 337.86 -10 -10 -10 -100    0 -1000 -1000 -10
178 44 pedestrian 0 0 -10 283.18 147.38 329.44 174.60 -10 -10 -10 -100    0 -1000 -1000 -10
178 9 pedestrian 0 0 -10 524.08 164.43 576.97 196.20 -10 -10 -10 -100    0 -1000 -1000 -10
178 41 pedestrian 0 0 -10 1095.05 184.45 1221.68 243.30 -10 -10 -10 -100    0 -1000 -1000 -10
178 6 pedestrian 0 0 -10 183.48 158.66 225.35 209.91 -10 -10 -10 -100    0 -1000 -1000 -10
178 5 pedestrian 0 0 -10 602.22 171.18 636.69 206.67 -10 -10 -10 -100    0 -1000 -1000 -10
178 45 pedestrian 0 0 -10 489.69 160.48 518.90 188.24 -10 -10 -10 -100    0 -1000 -1000 -10
178 2 pedestrian 0 0 -10 951.49 181.15 1065.70 242.24 -10 -10 -10 -100    0 -1000 -1000 -10
178 1 pedestrian 0 0 -10 1032.21 184.01 1156.50 240.91 -10 -10 -10 -100    0 -1000 -1000 -10
179 37 pedestrian 0 0 -10 107.35 141.34 145.67 230.60 -10 -10 -10 -100    0 -1000 -1000 -10
179 34 pedestrian 0 0 -10 142.46 145.64 174.90 228.85 -10 -10 -10 -100    0 -1000 -1000 -10
179 16 pedestrian 0 0 -10 1105.26 139.23 1221.94 370.00 -10 -10 -10 -100    0 -1000 -1000 -10
179 15 pedestrian 0 0 -10 586.11 164.85 614.53 191.48 -10 -10 -10 -100    0 -1000 -1000 -10
179 38 pedestrian 0 0 -10 0.00 157.49 186.77 370.00 -10 -10 -10 -100    0 -1000 -1000 -10
179 13 pedestrian 0 0 -10 317.75 152.39 443.14 197.19 -10 -10 -10 -100    0 -1000 -1000 -10
179 36 pedestrian 0 0 -10 953.65 146.13 1147.75 340.72 -10 -10 -10 -100    0 -1000 -1000 -10
179 44 pedestrian 0 0 -10 283.14 147.47 329.17 174.67 -10 -10 -10 -100    0 -1000 -1000 -10
179 9 pedestrian 0 0 -10 524.09 164.41 576.93 196.17 -10 -10 -10 -100    0 -1000 -1000 -10
179 41 pedestrian 0 0 -10 1096.12 184.75 1222.74 243.08 -10 -10 -10 -100    0 -1000 -1000 -10
179 6 pedestrian 0 0 -10 184.02 159.28 225.12 210.29 -10 -10 -10 -100    0 -1000 -1000 -10
179 5 pedestrian 0 0 -10 602.34 171.33 636.65 206.57 -10 -10 -10 -100    0 -1000 -1000 -10
179 45 pedestrian 0 0 -10 489.80 160.28 518.95 188.08 -10 -10 -10 -100    0 -1000 -1000 -10
179 2 pedestrian 0 0 -10 953.85 182.46 1066.23 241.84 -10 -10 -10 -100    0 -1000 -1000 -10
179 1 pedestrian 0 0 -10 1032.24 183.95 1156.97 241.05 -10 -10 -10 -100    0 -1000 -1000 -10
180 35 pedestrian 0 0 -10 180.95 144.66 195.30 195.82 -10 -10 -10 -100    0 -1000 -1000 -10
180 37 pedestrian 0 0 -10 103.07 142.40 138.35 228.14 -10 -10 -10 -100    0 -1000 -1000 -10
180 34 pedestrian 0 0 -10 139.44 144.75 171.06 230.17 -10 -10 -10 -100    0 -1000 -1000 -10
180 15 pedestrian 0 0 -10 586.23 164.75 614.64 191.23 -10 -10 -10 -100    0 -1000 -1000 -10
180 38 pedestrian 0 0 -10 0.22 159.79 152.31 370.00 -10 -10 -10 -100    0 -1000 -1000 -10
180 13 pedestrian 0 0 -10 317.18 152.20 443.21 197.18 -10 -10 -10 -100    0 -1000 -1000 -10
180 36 pedestrian 0 0 -10 977.96 149.34 1171.34 342.67 -10 -10 -10 -100    0 -1000 -1000 -10
180 44 pedestrian 0 0 -10 282.66 147.51 328.96 174.90 -10 -10 -10 -100    0 -1000 -1000 -10
180 9 pedestrian 0 0 -10 524.06 164.29 576.89 196.10 -10 -10 -10 -100    0 -1000 -1000 -10
180 41 pedestrian 0 0 -10 1098.33 184.33 1224.00 242.23 -10 -10 -10 -100    0 -1000 -1000 -10
180 6 pedestrian 0 0 -10 183.65 158.69 225.24 210.32 -10 -10 -10 -100    0 -1000 -1000 -10
180 5 pedestrian 0 0 -10 602.23 171.31 636.41 206.59 -10 -10 -10 -100    0 -1000 -1000 -10
180 45 pedestrian 0 0 -10 489.88 160.27 518.80 188.20 -10 -10 -10 -100    0 -1000 -1000 -10
180 2 pedestrian 0 0 -10 951.99 181.37 1071.42 242.69 -10 -10 -10 -100    0 -1000 -1000 -10
180 1 pedestrian 0 0 -10 1034.41 183.57 1160.15 241.80 -10 -10 -10 -100    0 -1000 -1000 -10
181 35 pedestrian 0 0 -10 180.87 144.96 194.79 195.71 -10 -10 -10 -100    0 -1000 -1000 -10
181 37 pedestrian 0 0 -10 99.55 141.78 134.77 227.48 -10 -10 -10 -100    0 -1000 -1000 -10
181 34 pedestrian 0 0 -10 135.37 144.85 167.33 229.92 -10 -10 -10 -100    0 -1000 -1000 -10
181 15 pedestrian 0 0 -10 586.09 164.87 614.71 191.39 -10 -10 -10 -100    0 -1000 -1000 -10
181 38 pedestrian 0 0 -10 0.00 163.99 112.49 370.00 -10 -10 -10 -100    0 -1000 -1000 -10
181 13 pedestrian 0 0 -10 317.26 152.10 443.00 197.00 -10 -10 -10 -100    0 -1000 -1000 -10
181 36 pedestrian 0 0 -10 1005.15 147.07 1216.45 346.03 -10 -10 -10 -100    0 -1000 -1000 -10
181 44 pedestrian 0 0 -10 282.47 147.66 329.12 175.19 -10 -10 -10 -100    0 -1000 -1000 -10
181 9 pedestrian 0 0 -10 523.83 164.28 576.82 196.02 -10 -10 -10 -100    0 -1000 -1000 -10
181 41 pedestrian 0 0 -10 1092.16 184.10 1219.53 242.93 -10 -10 -10 -100    0 -1000 -1000 -10
181 6 pedestrian 0 0 -10 183.65 158.80 225.06 210.46 -10 -10 -10 -100    0 -1000 -1000 -10
181 5 pedestrian 0 0 -10 602.37 171.39 636.67 206.69 -10 -10 -10 -100    0 -1000 -1000 -10
181 45 pedestrian 0 0 -10 489.76 160.24 518.70 188.02 -10 -10 -10 -100    0 -1000 -1000 -10
181 2 pedestrian 0 0 -10 953.27 181.15 1070.66 241.81 -10 -10 -10 -100    0 -1000 -1000 -10
181 1 pedestrian 0 0 -10 1033.65 185.25 1157.91 242.72 -10 -10 -10 -100    0 -1000 -1000 -10
182 35 pedestrian 0 0 -10 180.86 144.62 194.86 194.73 -10 -10 -10 -100    0 -1000 -1000 -10
182 37 pedestrian 0 0 -10 95.49 140.40 132.07 230.05 -10 -10 -10 -100    0 -1000 -1000 -10
182 20 pedestrian 0 0 -10 1153.72 141.21 1223.80 370.00 -10 -10 -10 -100    0 -1000 -1000 -10
182 34 pedestrian 0 0 -10 130.06 144.25 164.36 230.21 -10 -10 -10 -100    0 -1000 -1000 -10
182 15 pedestrian 0 0 -10 586.25 164.61 614.41 191.02 -10 -10 -10 -100    0 -1000 -1000 -10
182 38 pedestrian 0 0 -10 0.00 159.52 91.49 370.00 -10 -10 -10 -100    0 -1000 -1000 -10
182 13 pedestrian 0 0 -10 317.07 152.39 443.08 196.95 -10 -10 -10 -100    0 -1000 -1000 -10
182 36 pedestrian 0 0 -10 1033.73 149.31 1223.52 349.66 -10 -10 -10 -100    0 -1000 -1000 -10
182 44 pedestrian 0 0 -10 282.70 147.97 328.86 175.31 -10 -10 -10 -100    0 -1000 -1000 -10
182 9 pedestrian 0 0 -10 523.94 164.02 576.95 195.83 -10 -10 -10 -100    0 -1000 -1000 -10
182 41 pedestrian 0 0 -10 1093.94 184.24 1222.20 243.14 -10 -10 -10 -100    0 -1000 -1000 -10
182 6 pedestrian 0 0 -10 183.62 158.71 224.78 210.32 -10 -10 -10 -100    0 -1000 -1000 -10
182 5 pedestrian 0 0 -10 602.14 171.14 636.57 206.63 -10 -10 -10 -100    0 -1000 -1000 -10
182 45 pedestrian 0 0 -10 490.28 160.36 519.04 187.65 -10 -10 -10 -100    0 -1000 -1000 -10
182 2 pedestrian 0 0 -10 954.38 181.83 1069.20 241.20 -10 -10 -10 -100    0 -1000 -1000 -10
182 1 pedestrian 0 0 -10 1033.30 184.79 1158.25 242.03 -10 -10 -10 -100    0 -1000 -1000 -10
183 35 pedestrian 0 0 -10 181.07 144.85 195.35 195.23 -10 -10 -10 -100    0 -1000 -1000 -10
183 37 pedestrian 0 0 -10 89.67 140.52 127.21 229.43 -10 -10 -10 -100    0 -1000 -1000 -10
183 20 pedestrian 0 0 -10 1152.53 135.41 1223.89 370.00 -10 -10 -10 -100    0 -1000 -1000 -10
183 34 pedestrian 0 0 -10 126.88 145.44 161.50 231.24 -10 -10 -10 -100    0 -1000 -1000 -10
183 15 pedestrian 0 0 -10 586.39 164.47 614.63 191.08 -10 -10 -10 -100    0 -1000 -1000 -10
183 13 pedestrian 0 0 -10 317.43 152.19 443.31 197.01 -10 -10 -10 -100    0 -1000 -1000 -10
183 36 pedestrian 0 0 -10 1066.54 147.27 1224.00 354.71 -10 -10 -10 -100    0 -1000 -1000 -10
183 44 pedestrian 0 0 -10 282.34 147.95 328.85 175.52 -10 -10 -10 -100    0 -1000 -1000 -10
183 9 pedestrian 0 0 -10 523.93 164.12 577.04 195.81 -10 -10 -10 -100    0 -1000 -1000 -10
183 41 pedestrian 0 0 -10 1093.73 184.72 1221.69 243.80 -10 -10 -10 -100    0 -1000 -1000 -10
183 6 pedestrian 0 0 -10 183.40 158.95 224.97 210.21 -10 -10 -10 -100    0 -1000 -1000 -10
183 5 pedestrian 0 0 -10 602.32 171.17 636.49 206.53 -10 -10 -10 -100    0 -1000 -1000 -10
183 45 pedestrian 0 0 -10 490.06 160.39 519.04 187.97 -10 -10 -10 -100    0 -1000 -1000 -10
183 2 pedestrian 0 0 -10 953.92 181.73 1068.56 241.67 -10 -10 -10 -100    0 -1000 -1000 -10
183 1 pedestrian 0 0 -10 1032.37 183.98 1156.65 240.86 -10 -10 -10 -100    0 -1000 -1000 -10
184 35 pedestrian 0 0 -10 181.33 144.79 195.52 195.78 -10 -10 -10 -100    0 -1000 -1000 -10
184 37 pedestrian 0 0 -10 84.09 141.27 124.86 230.23 -10 -10 -10 -100    0 -1000 -1000 -10
184 34 pedestrian 0 0 -10 123.99 145.37 157.56 231.90 -10 -10 -10 -100    0 -1000 -1000 -10
184 15 pedestrian 0 0 -10 586.18 164.43 614.57 191.20 -10 -10 -10 -100    0 -1000 -1000 -10
184 13 pedestrian 0 0 -10 317.66 152.29 443.48 197.05 -10 -10 -10 -100    0 -1000 -1000 -10
184 36 pedestrian 0 0 -10 1098.49 148.42 1224.00 356.08 -10 -10 -10 -100    0 -1000 -1000 -10
184 44 pedestrian 0 0 -10 282.50 148.35 329.22 175.62 -10 -10 -10 -100    0 -1000 -1000 -10
184 9 pedestrian 0 0 -10 523.81 164.15 576.96 195.97 -10 -10 -10 -100    0 -1000 -1000 -10
184 41 pedestrian 0 0 -10 1095.80 184.60 1223.28 243.84 -10 -10 -10 -100    0 -1000 -1000 -10
184 6 pedestrian 0 0 -10 183.31 159.28 225.00 210.37 -10 -10 -10 -100    0 -1000 -1000 -10
184 5 pedestrian 0 0 -10 602.20 171.18 636.71 206.68 -10 -10 -10 -100    0 -1000 -1000 -10
184 45 pedestrian 0 0 -10 489.98 160.20 518.85 187.59 -10 -10 -10 -100    0 -1000 -1000 -10
184 2 pedestrian 0 0 -10 953.39 181.10 1068.37 241.61 -10 -10 -10 -100    0 -1000 -1000 -10
184 1 pedestrian 0 0 -10 1033.78 184.12 1156.99 240.69 -10 -10 -10 -100    0 -1000 -1000 -10
185 35 pedestrian 0 0 -10 181.62 144.80 195.68 196.02 -10 -10 -10 -100    0 -1000 -1000 -10
185 37 pedestrian 0 0 -10 81.08 141.76 118.88 229.49 -10 -10 -10 -100    0 -1000 -1000 -10
185 34 pedestrian 0 0 -10 119.20 144.89 153.21 232.61 -10 -10 -10 -100    0 -1000 -1000 -10
185 15 pedestrian 0 0 -10 586.04 164.39 614.47 190.90 -10 -10 -10 -100    0 -1000 -1000 -10
185 13 pedestrian 0 0 -10 317.92 152.36 443.69 197.02 -10 -10 -10 -100    0 -1000 -1000 -10
185 36 pedestrian 0 0 -10 1139.34 147.33 1224.00 360.96 -10 -10 -10 -100    0 -1000 -1000 -10
185 44 pedestrian 0 0 -10 282.67 148.04 329.70 175.47 -10 -10 -10 -100    0 -1000 -1000 -10
185 9 pedestrian 0 0 -10 523.98 164.13 576.98 195.75 -10 -10 -10 -100    0 -1000 -1000 -10
185 41 pedestrian 0 0 -10 1095.91 184.55 1222.62 242.23 -10 -10 -10 -100    0 -1000 -1000 -10
185 6 pedestrian 0 0 -10 182.63 159.24 224.76 210.00 -10 -10 -10 -100    0 -1000 -1000 -10
185 5 pedestrian 0 0 -10 602.38 171.21 636.59 206.58 -10 -10 -10 -100    0 -1000 -1000 -10
185 45 pedestrian 0 0 -10 490.20 160.36 519.62 187.48 -10 -10 -10 -100    0 -1000 -1000 -10
185 2 pedestrian 0 0 -10 952.95 181.34 1068.60 241.03 -10 -10 -10 -100    0 -1000 -1000 -10
185 1 pedestrian 0 0 -10 1034.29 184.17 1157.26 241.19 -10 -10 -10 -100    0 -1000 -1000 -10
186 35 pedestrian 0 0 -10 181.08 144.50 195.16 196.14 -10 -10 -10 -100    0 -1000 -1000 -10
186 37 pedestrian 0 0 -10 77.01 140.89 113.10 229.87 -10 -10 -10 -100    0 -1000 -1000 -10
186 34 pedestrian 0 0 -10 114.47 143.39 149.52 233.71 -10 -10 -10 -100    0 -1000 -1000 -10
186 15 pedestrian 0 0 -10 585.84 164.59 614.47 191.32 -10 -10 -10 -100    0 -1000 -1000 -10
186 13 pedestrian 0 0 -10 317.76 152.37 443.84 197.05 -10 -10 -10 -100    0 -1000 -1000 -10
186 44 pedestrian 0 0 -10 282.28 147.63 329.30 175.18 -10 -10 -10 -100    0 -1000 -1000 -10
186 9 pedestrian 0 0 -10 523.80 164.31 576.92 195.91 -10 -10 -10 -100    0 -1000 -1000 -10
186 41 pedestrian 0 0 -10 1095.23 184.39 1223.40 242.53 -10 -10 -10 -100    0 -1000 -1000 -10
186 6 pedestrian 0 0 -10 182.29 159.59 224.57 210.03 -10 -10 -10 -100    0 -1000 -1000 -10
186 5 pedestrian 0 0 -10 602.31 171.21 636.55 206.69 -10 -10 -10 -100    0 -1000 -1000 -10
186 45 pedestrian 0 0 -10 490.37 160.18 520.03 187.23 -10 -10 -10 -100    0 -1000 -1000 -10
186 2 pedestrian 0 0 -10 953.85 181.44 1069.89 242.35 -10 -10 -10 -100    0 -1000 -1000 -10
186 1 pedestrian 0 0 -10 1033.58 183.85 1157.37 240.66 -10 -10 -10 -100    0 -1000 -1000 -10
187 35 pedestrian 0 0 -10 180.93 144.43 194.96 196.43 -10 -10 -10 -100    0 -1000 -1000 -10
187 37 pedestrian 0 0 -10 72.61 142.27 109.00 230.62 -10 -10 -10 -100    0 -1000 -1000 -10
187 34 pedestrian 0 0 -10 110.77 143.92 145.90 234.78 -10 -10 -10 -100    0 -1000 -1000 -10
187 15 pedestrian 0 0 -10 585.43 164.58 614.32 191.38 -10 -10 -10 -100    0 -1000 -1000 -10
187 13 pedestrian 0 0 -10 318.10 152.19 443.72 196.66 -10 -10 -10 -100    0 -1000 -1000 -10
187 44 pedestrian 0 0 -10 282.67 148.02 329.39 175.28 -10 -10 -10 -100    0 -1000 -1000 -10
187 9 pedestrian 0 0 -10 523.47 164.25 576.96 195.88 -10 -10 -10 -100    0 -1000 -1000 -10
187 41 pedestrian 0 0 -10 1095.18 183.93 1223.55 242.63 -10 -10 -10 -100    0 -1000 -1000 -10
187 6 pedestrian 0 0 -10 182.02 159.36 224.43 210.18 -10 -10 -10 -100    0 -1000 -1000 -10
187 5 pedestrian 0 0 -10 602.16 171.15 636.51 206.66 -10 -10 -10 -100    0 -1000 -1000 -10
187 45 pedestrian 0 0 -10 490.88 159.35 520.79 186.59 -10 -10 -10 -100    0 -1000 -1000 -10
187 2 pedestrian 0 0 -10 953.48 181.40 1067.78 242.07 -10 -10 -10 -100    0 -1000 -1000 -10
187 1 pedestrian 0 0 -10 1033.26 183.78 1157.33 241.16 -10 -10 -10 -100    0 -1000 -1000 -10
188 35 pedestrian 0 0 -10 181.14 144.35 195.22 196.62 -10 -10 -10 -100    0 -1000 -1000 -10
188 37 pedestrian 0 0 -10 64.54 140.04 104.84 232.01 -10 -10 -10 -100    0 -1000 -1000 -10
188 34 pedestrian 0 0 -10 107.89 145.57 143.59 235.22 -10 -10 -10 -100    0 -1000 -1000 -10
188 15 pedestrian 0 0 -10 585.00 164.51 614.26 191.29 -10 -10 -10 -100    0 -1000 -1000 -10
188 13 pedestrian 0 0 -10 318.18 152.25 444.30 196.93 -10 -10 -10 -100    0 -1000 -1000 -10
188 44 pedestrian 0 0 -10 282.81 147.66 329.73 175.10 -10 -10 -10 -100    0 -1000 -1000 -10
188 9 pedestrian 0 0 -10 523.35 164.37 576.94 195.94 -10 -10 -10 -100    0 -1000 -1000 -10
188 41 pedestrian 0 0 -10 1095.48 183.39 1223.89 242.56 -10 -10 -10 -100    0 -1000 -1000 -10
188 6 pedestrian 0 0 -10 182.23 159.19 224.80 210.15 -10 -10 -10 -100    0 -1000 -1000 -10
188 5 pedestrian 0 0 -10 602.23 171.23 636.67 206.84 -10 -10 -10 -100    0 -1000 -1000 -10
188 45 pedestrian 0 0 -10 491.51 159.26 521.47 186.24 -10 -10 -10 -100    0 -1000 -1000 -10
188 2 pedestrian 0 0 -10 953.44 181.35 1068.73 242.07 -10 -10 -10 -100    0 -1000 -1000 -10
188 1 pedestrian 0 0 -10 1033.13 183.80 1157.95 240.92 -10 -10 -10 -100    0 -1000 -1000 -10
189 35 pedestrian 0 0 -10 181.25 144.26 195.41 196.56 -10 -10 -10 -100    0 -1000 -1000 -10
189 37 pedestrian 0 0 -10 56.98 141.36 103.55 231.60 -10 -10 -10 -100    0 -1000 -1000 -10
189 34 pedestrian 0 0 -10 105.41 146.11 141.42 233.30 -10 -10 -10 -100    0 -1000 -1000 -10
189 15 pedestrian 0 0 -10 585.20 164.12 614.48 191.82 -10 -10 -10 -100    0 -1000 -1000 -10
189 13 pedestrian 0 0 -10 318.43 152.26 444.84 196.73 -10 -10 -10 -100    0 -1000 -1000 -10
189 44 pedestrian 0 0 -10 283.22 147.91 330.02 175.10 -10 -10 -10 -100    0 -1000 -1000 -10
189 9 pedestrian 0 0 -10 523.45 164.40 577.09 195.99 -10 -10 -10 -100    0 -1000 -1000 -10
189 41 pedestrian 0 0 -10 1095.41 183.92 1223.34 242.19 -10 -10 -10 -100    0 -1000 -1000 -10
189 6 pedestrian 0 0 -10 182.19 159.25 224.79 210.21 -10 -10 -10 -100    0 -1000 -1000 -10
189 5 pedestrian 0 0 -10 602.21 171.18 636.69 206.68 -10 -10 -10 -100    0 -1000 -1000 -10
189 45 pedestrian 0 0 -10 492.35 158.96 522.76 185.36 -10 -10 -10 -100    0 -1000 -1000 -10
189 2 pedestrian 0 0 -10 953.20 181.28 1068.28 242.13 -10 -10 -10 -100    0 -1000 -1000 -10
189 1 pedestrian 0 0 -10 1032.56 184.53 1157.54 240.76 -10 -10 -10 -100    0 -1000 -1000 -10
190 35 pedestrian 0 0 -10 181.32 144.46 195.68 196.94 -10 -10 -10 -100    0 -1000 -1000 -10
190 37 pedestrian 0 0 -10 52.24 140.98 99.27 232.35 -10 -10 -10 -100    0 -1000 -1000 -10
190 34 pedestrian 0 0 -10 101.60 145.19 137.09 235.04 -10 -10 -10 -100    0 -1000 -1000 -10
190 15 pedestrian 0 0 -10 584.63 164.16 614.58 192.02 -10 -10 -10 -100    0 -1000 -1000 -10
190 13 pedestrian 0 0 -10 318.55 152.41 445.08 196.76 -10 -10 -10 -100    0 -1000 -1000 -10
190 44 pedestrian 0 0 -10 283.52 147.62 330.07 174.99 -10 -10 -10 -100    0 -1000 -1000 -10
190 9 pedestrian 0 0 -10 523.36 164.37 577.26 196.06 -10 -10 -10 -100    0 -1000 -1000 -10
190 41 pedestrian 0 0 -10 1095.57 183.65 1223.37 242.19 -10 -10 -10 -100    0 -1000 -1000 -10
190 6 pedestrian 0 0 -10 182.39 159.47 224.66 210.12 -10 -10 -10 -100    0 -1000 -1000 -10
190 5 pedestrian 0 0 -10 602.14 171.33 636.35 206.64 -10 -10 -10 -100    0 -1000 -1000 -10
190 45 pedestrian 0 0 -10 492.63 158.75 523.51 184.79 -10 -10 -10 -100    0 -1000 -1000 -10
190 2 pedestrian 0 0 -10 953.23 181.27 1068.02 242.24 -10 -10 -10 -100    0 -1000 -1000 -10
190 1 pedestrian 0 0 -10 1032.71 184.53 1156.59 240.58 -10 -10 -10 -100    0 -1000 -1000 -10
191 35 pedestrian 0 0 -10 181.50 144.45 196.12 196.93 -10 -10 -10 -100    0 -1000 -1000 -10
191 37 pedestrian 0 0 -10 48.89 140.49 92.50 232.51 -10 -10 -10 -100    0 -1000 -1000 -10
191 34 pedestrian 0 0 -10 98.05 144.35 133.97 236.01 -10 -10 -10 -100    0 -1000 -1000 -10
191 15 pedestrian 0 0 -10 584.00 164.20 614.29 192.00 -10 -10 -10 -100    0 -1000 -1000 -10
191 13 pedestrian 0 0 -10 318.19 152.33 444.70 196.77 -10 -10 -10 -100    0 -1000 -1000 -10
191 44 pedestrian 0 0 -10 283.44 147.68 329.89 174.86 -10 -10 -10 -100    0 -1000 -1000 -10
191 9 pedestrian 0 0 -10 523.57 164.44 577.25 196.13 -10 -10 -10 -100    0 -1000 -1000 -10
191 41 pedestrian 0 0 -10 1093.61 183.58 1223.24 242.82 -10 -10 -10 -100    0 -1000 -1000 -10
191 6 pedestrian 0 0 -10 182.78 159.44 224.86 210.08 -10 -10 -10 -100    0 -1000 -1000 -10
191 5 pedestrian 0 0 -10 602.17 171.29 636.58 206.68 -10 -10 -10 -100    0 -1000 -1000 -10
191 45 pedestrian 0 0 -10 492.78 158.77 523.99 184.88 -10 -10 -10 -100    0 -1000 -1000 -10
191 2 pedestrian 0 0 -10 953.14 181.29 1068.22 242.25 -10 -10 -10 -100    0 -1000 -1000 -10
191 1 pedestrian 0 0 -10 1032.92 184.07 1155.89 240.22 -10 -10 -10 -100    0 -1000 -1000 -10
192 35 pedestrian 0 0 -10 181.60 144.52 196.38 196.90 -10 -10 -10 -100    0 -1000 -1000 -10
192 37 pedestrian 0 0 -10 45.60 139.98 83.25 233.03 -10 -10 -10 -100    0 -1000 -1000 -10
192 34 pedestrian 0 0 -10 92.23 143.86 131.36 236.28 -10 -10 -10 -100    0 -1000 -1000 -10
192 15 pedestrian 0 0 -10 583.71 163.99 614.54 191.91 -10 -10 -10 -100    0 -1000 -1000 -10
192 13 pedestrian 0 0 -10 318.26 152.23 445.23 196.79 -10 -10 -10 -100    0 -1000 -1000 -10
192 44 pedestrian 0 0 -10 283.29 147.44 329.83 174.77 -10 -10 -10 -100    0 -1000 -1000 -10
192 9 pedestrian 0 0 -10 523.75 164.38 577.47 196.07 -10 -10 -10 -100    0 -1000 -1000 -10
192 41 pedestrian 0 0 -10 1093.67 184.31 1223.30 243.06 -10 -10 -10 -100    0 -1000 -1000 -10
192 6 pedestrian 0 0 -10 182.70 159.38 225.26 210.00 -10 -10 -10 -100    0 -1000 -1000 -10
192 5 pedestrian 0 0 -10 602.07 171.36 636.39 206.70 -10 -10 -10 -100    0 -1000 -1000 -10
192 45 pedestrian 0 0 -10 492.92 158.55 524.48 184.60 -10 -10 -10 -100    0 -1000 -1000 -10
192 2 pedestrian 0 0 -10 953.12 181.32 1068.18 242.26 -10 -10 -10 -100    0 -1000 -1000 -10
192 1 pedestrian 0 0 -10 1033.17 184.05 1156.73 240.29 -10 -10 -10 -100    0 -1000 -1000 -10
193 47 pedestrian 0 0 -10 419.53 156.69 431.81 198.23 -10 -10 -10 -100    0 -1000 -1000 -10
193 35 pedestrian 0 0 -10 181.68 144.68 196.57 197.10 -10 -10 -10 -100    0 -1000 -1000 -10
193 37 pedestrian 0 0 -10 41.14 139.87 79.01 233.28 -10 -10 -10 -100    0 -1000 -1000 -10
193 34 pedestrian 0 0 -10 84.47 143.84 128.92 237.08 -10 -10 -10 -100    0 -1000 -1000 -10
193 15 pedestrian 0 0 -10 583.31 163.92 614.67 191.96 -10 -10 -10 -100    0 -1000 -1000 -10
193 13 pedestrian 0 0 -10 318.06 152.30 445.35 196.91 -10 -10 -10 -100    0 -1000 -1000 -10
193 44 pedestrian 0 0 -10 283.06 147.54 329.67 174.89 -10 -10 -10 -100    0 -1000 -1000 -10
193 9 pedestrian 0 0 -10 523.52 164.38 577.35 196.11 -10 -10 -10 -100    0 -1000 -1000 -10
193 41 pedestrian 0 0 -10 1094.12 184.40 1222.88 242.69 -10 -10 -10 -100    0 -1000 -1000 -10
193 6 pedestrian 0 0 -10 182.55 159.39 225.41 210.29 -10 -10 -10 -100    0 -1000 -1000 -10
193 5 pedestrian 0 0 -10 601.83 171.25 636.52 206.66 -10 -10 -10 -100    0 -1000 -1000 -10
193 45 pedestrian 0 0 -10 492.90 158.40 524.43 184.50 -10 -10 -10 -100    0 -1000 -1000 -10
193 2 pedestrian 0 0 -10 952.95 181.23 1068.13 242.20 -10 -10 -10 -100    0 -1000 -1000 -10
193 1 pedestrian 0 0 -10 1032.92 184.01 1157.94 240.47 -10 -10 -10 -100    0 -1000 -1000 -10
194 47 pedestrian 0 0 -10 419.55 156.47 431.91 198.23 -10 -10 -10 -100    0 -1000 -1000 -10
194 35 pedestrian 0 0 -10 181.53 144.42 196.33 196.77 -10 -10 -10 -100    0 -1000 -1000 -10
194 37 pedestrian 0 0 -10 34.92 139.40 74.82 233.26 -10 -10 -10 -100    0 -1000 -1000 -10
194 34 pedestrian 0 0 -10 81.34 143.54 125.14 238.00 -10 -10 -10 -100    0 -1000 -1000 -10
194 15 pedestrian 0 0 -10 582.34 163.91 614.56 191.98 -10 -10 -10 -100    0 -1000 -1000 -10
194 13 pedestrian 0 0 -10 317.97 152.28 445.46 196.95 -10 -10 -10 -100    0 -1000 -1000 -10
194 44 pedestrian 0 0 -10 282.82 147.37 329.51 174.80 -10 -10 -10 -100    0 -1000 -1000 -10
194 9 pedestrian 0 0 -10 523.61 164.47 577.19 196.19 -10 -10 -10 -100    0 -1000 -1000 -10
194 41 pedestrian 0 0 -10 1095.18 184.22 1223.35 242.71 -10 -10 -10 -100    0 -1000 -1000 -10
194 6 pedestrian 0 0 -10 182.56 159.53 225.27 210.22 -10 -10 -10 -100    0 -1000 -1000 -10
194 5 pedestrian 0 0 -10 601.93 171.29 636.38 206.67 -10 -10 -10 -100    0 -1000 -1000 -10
194 45 pedestrian 0 0 -10 493.05 158.43 524.77 184.45 -10 -10 -10 -100    0 -1000 -1000 -10
194 2 pedestrian 0 0 -10 953.02 181.30 1068.12 242.20 -10 -10 -10 -100    0 -1000 -1000 -10
194 1 pedestrian 0 0 -10 1032.94 184.01 1157.71 240.47 -10 -10 -10 -100    0 -1000 -1000 -10
195 47 pedestrian 0 0 -10 419.43 156.95 431.81 199.24 -10 -10 -10 -100    0 -1000 -1000 -10
195 35 pedestrian 0 0 -10 181.45 144.43 196.50 196.98 -10 -10 -10 -100    0 -1000 -1000 -10
195 37 pedestrian 0 0 -10 27.63 137.29 70.01 233.24 -10 -10 -10 -100    0 -1000 -1000 -10
195 34 pedestrian 0 0 -10 79.06 144.50 120.59 238.46 -10 -10 -10 -100    0 -1000 -1000 -10
195 15 pedestrian 0 0 -10 581.80 163.90 614.39 192.01 -10 -10 -10 -100    0 -1000 -1000 -10
195 13 pedestrian 0 0 -10 318.05 152.35 445.28 196.91 -10 -10 -10 -100    0 -1000 -1000 -10
195 44 pedestrian 0 0 -10 282.73 147.32 329.63 174.87 -10 -10 -10 -100    0 -1000 -1000 -10
195 9 pedestrian 0 0 -10 523.61 164.55 577.21 196.24 -10 -10 -10 -100    0 -1000 -1000 -10
195 41 pedestrian 0 0 -10 1095.06 183.82 1223.40 241.96 -10 -10 -10 -100    0 -1000 -1000 -10
195 6 pedestrian 0 0 -10 182.34 159.28 225.17 210.25 -10 -10 -10 -100    0 -1000 -1000 -10
195 5 pedestrian 0 0 -10 602.03 171.34 636.38 206.66 -10 -10 -10 -100    0 -1000 -1000 -10
195 45 pedestrian 0 0 -10 493.05 158.28 525.16 184.15 -10 -10 -10 -100    0 -1000 -1000 -10
195 2 pedestrian 0 0 -10 952.86 181.28 1068.04 242.25 -10 -10 -10 -100    0 -1000 -1000 -10
195 1 pedestrian 0 0 -10 1033.00 184.07 1156.83 240.55 -10 -10 -10 -100    0 -1000 -1000 -10
196 47 pedestrian 0 0 -10 418.55 157.53 431.11 199.86 -10 -10 -10 -100    0 -1000 -1000 -10
196 35 pedestrian 0 0 -10 181.46 144.56 196.55 197.31 -10 -10 -10 -100    0 -1000 -1000 -10
196 37 pedestrian 0 0 -10 23.25 138.81 63.78 234.44 -10 -10 -10 -100    0 -1000 -1000 -10
196 34 pedestrian 0 0 -10 75.10 144.74 115.26 238.05 -10 -10 -10 -100    0 -1000 -1000 -10
196 15 pedestrian 0 0 -10 581.40 163.92 614.32 191.90 -10 -10 -10 -100    0 -1000 -1000 -10
196 13 pedestrian 0 0 -10 318.34 152.55 445.19 196.80 -10 -10 -10 -100    0 -1000 -1000 -10
196 44 pedestrian 0 0 -10 282.38 147.28 329.46 174.78 -10 -10 -10 -100    0 -1000 -1000 -10
196 9 pedestrian 0 0 -10 523.58 164.48 577.09 196.18 -10 -10 -10 -100    0 -1000 -1000 -10
196 41 pedestrian 0 0 -10 1094.71 184.25 1223.14 241.94 -10 -10 -10 -100    0 -1000 -1000 -10
196 6 pedestrian 0 0 -10 182.35 159.52 225.11 210.15 -10 -10 -10 -100    0 -1000 -1000 -10
196 5 pedestrian 0 0 -10 602.10 171.28 636.50 206.58 -10 -10 -10 -100    0 -1000 -1000 -10
196 45 pedestrian 0 0 -10 492.89 158.14 524.92 184.11 -10 -10 -10 -100    0 -1000 -1000 -10
196 2 pedestrian 0 0 -10 953.18 181.27 1068.06 242.25 -10 -10 -10 -100    0 -1000 -1000 -10
196 1 pedestrian 0 0 -10 1032.84 184.02 1156.93 240.58 -10 -10 -10 -100    0 -1000 -1000 -10
197 47 pedestrian 0 0 -10 418.23 157.62 430.82 200.34 -10 -10 -10 -100    0 -1000 -1000 -10
197 35 pedestrian 0 0 -10 181.33 144.82 196.55 197.79 -10 -10 -10 -100    0 -1000 -1000 -10
197 37 pedestrian 0 0 -10 20.30 139.32 58.40 233.55 -10 -10 -10 -100    0 -1000 -1000 -10
197 34 pedestrian 0 0 -10 71.69 143.58 111.78 239.40 -10 -10 -10 -100    0 -1000 -1000 -10
197 15 pedestrian 0 0 -10 581.24 163.77 614.06 191.66 -10 -10 -10 -100    0 -1000 -1000 -10
197 13 pedestrian 0 0 -10 318.45 152.37 444.64 196.84 -10 -10 -10 -100    0 -1000 -1000 -10
197 44 pedestrian 0 0 -10 282.94 147.41 329.89 174.83 -10 -10 -10 -100    0 -1000 -1000 -10
197 9 pedestrian 0 0 -10 523.64 164.45 576.92 196.16 -10 -10 -10 -100    0 -1000 -1000 -10
197 41 pedestrian 0 0 -10 1094.70 183.98 1223.27 242.02 -10 -10 -10 -100    0 -1000 -1000 -10
197 6 pedestrian 0 0 -10 182.67 159.67 225.30 210.12 -10 -10 -10 -100    0 -1000 -1000 -10
197 5 pedestrian 0 0 -10 601.96 171.17 636.37 206.60 -10 -10 -10 -100    0 -1000 -1000 -10
197 45 pedestrian 0 0 -10 493.00 157.90 525.37 183.91 -10 -10 -10 -100    0 -1000 -1000 -10
197 2 pedestrian 0 0 -10 953.14 181.34 1068.13 242.17 -10 -10 -10 -100    0 -1000 -1000 -10
197 1 pedestrian 0 0 -10 1032.90 184.04 1156.87 240.61 -10 -10 -10 -100    0 -1000 -1000 -10
198 47 pedestrian 0 0 -10 417.80 157.20 430.15 199.97 -10 -10 -10 -100    0 -1000 -1000 -10
198 35 pedestrian 0 0 -10 181.53 145.03 196.73 197.83 -10 -10 -10 -100    0 -1000 -1000 -10
198 37 pedestrian 0 0 -10 14.61 139.24 51.47 235.48 -10 -10 -10 -100    0 -1000 -1000 -10
198 34 pedestrian 0 0 -10 67.60 142.58 107.30 239.34 -10 -10 -10 -100    0 -1000 -1000 -10
198 15 pedestrian 0 0 -10 580.91 163.49 614.14 191.43 -10 -10 -10 -100    0 -1000 -1000 -10
198 13 pedestrian 0 0 -10 317.84 152.28 444.37 196.84 -10 -10 -10 -100    0 -1000 -1000 -10
198 44 pedestrian 0 0 -10 282.55 147.36 329.52 174.95 -10 -10 -10 -100    0 -1000 -1000 -10
198 9 pedestrian 0 0 -10 523.74 164.46 577.07 196.15 -10 -10 -10 -100    0 -1000 -1000 -10
198 41 pedestrian 0 0 -10 1094.53 184.11 1223.50 242.15 -10 -10 -10 -100    0 -1000 -1000 -10
198 6 pedestrian 0 0 -10 182.68 159.99 225.34 210.04 -10 -10 -10 -100    0 -1000 -1000 -10
198 5 pedestrian 0 0 -10 601.87 171.12 636.48 206.64 -10 -10 -10 -100    0 -1000 -1000 -10
198 45 pedestrian 0 0 -10 493.17 158.06 525.36 184.10 -10 -10 -10 -100    0 -1000 -1000 -10
198 2 pedestrian 0 0 -10 953.16 181.25 1068.13 242.16 -10 -10 -10 -100    0 -1000 -1000 -10
198 1 pedestrian 0 0 -10 1032.87 184.02 1156.83 240.49 -10 -10 -10 -100    0 -1000 -1000 -10
199 47 pedestrian 0 0 -10 417.45 157.28 430.15 200.39 -10 -10 -10 -100    0 -1000 -1000 -10
199 35 pedestrian 0 0 -10 181.67 144.97 196.95 197.77 -10 -10 -10 -100    0 -1000 -1000 -10
199 37 pedestrian 0 0 -10 10.50 138.34 48.00 234.54 -10 -10 -10 -100    0 -1000 -1000 -10
199 34 pedestrian 0 0 -10 63.43 142.87 104.13 239.06 -10 -10 -10 -100    0 -1000 -1000 -10
199 15 pedestrian 0 0 -10 580.01 163.70 613.73 191.76 -10 -10 -10 -100    0 -1000 -1000 -10
199 13 pedestrian 0 0 -10 318.19 152.36 444.60 196.86 -10 -10 -10 -100    0 -1000 -1000 -10
199 44 pedestrian 0 0 -10 282.22 147.42 328.90 174.77 -10 -10 -10 -100    0 -1000 -1000 -10
199 9 pedestrian 0 0 -10 523.84 164.36 577.05 196.04 -10 -10 -10 -100    0 -1000 -1000 -10
199 41 pedestrian 0 0 -10 1094.59 184.04 1223.54 242.41 -10 -10 -10 -100    0 -1000 -1000 -10
199 6 pedestrian 0 0 -10 182.64 159.87 225.48 210.08 -10 -10 -10 -100    0 -1000 -1000 -10
199 5 pedestrian 0 0 -10 601.96 171.22 636.65 206.71 -10 -10 -10 -100    0 -1000 -1000 -10
199 45 pedestrian 0 0 -10 493.36 158.11 525.40 184.14 -10 -10 -10 -100    0 -1000 -1000 -10
199 2 pedestrian 0 0 -10 953.03 181.37 1068.20 242.26 -10 -10 -10 -100    0 -1000 -1000 -10
199 1 pedestrian 0 0 -10 1032.96 184.06 1156.92 240.56 -10 -10 -10 -100    0 -1000 -1000 -10
200 47 pedestrian 0 0 -10 416.91 157.30 429.48 200.03 -10 -10 -10 -100    0 -1000 -1000 -10
200 35 pedestrian 0 0 -10 181.78 144.95 197.34 198.27 -10 -10 -10 -100    0 -1000 -1000 -10
200 37 pedestrian 0 0 -10 5.06 139.81 42.86 240.01 -10 -10 -10 -100    0 -1000 -1000 -10
200 34 pedestrian 0 0 -10 60.46 143.38 100.33 239.49 -10 -10 -10 -100    0 -1000 -1000 -10
200 15 pedestrian 0 0 -10 579.31 163.61 613.42 191.76 -10 -10 -10 -100    0 -1000 -1000 -10
200 13 pedestrian 0 0 -10 318.00 152.34 444.26 196.89 -10 -10 -10 -100    0 -1000 -1000 -10
200 44 pedestrian 0 0 -10 282.42 147.09 329.59 174.64 -10 -10 -10 -100    0 -1000 -1000 -10
200 9 pedestrian 0 0 -10 523.95 164.46 577.28 195.97 -10 -10 -10 -100    0 -1000 -1000 -10
200 41 pedestrian 0 0 -10 1094.57 184.03 1223.56 242.45 -10 -10 -10 -100    0 -1000 -1000 -10
200 6 pedestrian 0 0 -10 182.50 159.85 225.26 210.18 -10 -10 -10 -100    0 -1000 -1000 -10
200 5 pedestrian 0 0 -10 602.09 171.24 636.55 206.59 -10 -10 -10 -100    0 -1000 -1000 -10
200 45 pedestrian 0 0 -10 493.48 158.20 525.30 184.24 -10 -10 -10 -100    0 -1000 -1000 -10
200 2 pedestrian 0 0 -10 953.26 181.39 1068.18 242.24 -10 -10 -10 -100    0 -1000 -1000 -10
200 1 pedestrian 0 0 -10 1032.96 184.02 1157.01 240.54 -10 -10 -10 -100    0 -1000 -1000 -10
201 35 pedestrian 0 0 -10 182.04 145.15 197.79 198.37 -10 -10 -10 -100    0 -1000 -1000 -10
201 47 pedestrian 0 0 -10 416.87 157.33 429.07 199.49 -10 -10 -10 -100    0 -1000 -1000 -10
201 37 pedestrian 0 0 -10 0.11 139.22 44.66 254.76 -10 -10 -10 -100    0 -1000 -1000 -10
201 34 pedestrian 0 0 -10 57.42 142.30 95.20 240.92 -10 -10 -10 -100    0 -1000 -1000 -10
201 15 pedestrian 0 0 -10 579.69 163.50 613.89 191.63 -10 -10 -10 -100    0 -1000 -1000 -10
201 13 pedestrian 0 0 -10 318.66 152.30 444.11 196.87 -10 -10 -10 -100    0 -1000 -1000 -10
201 44 pedestrian 0 0 -10 282.68 147.46 329.90 175.08 -10 -10 -10 -100    0 -1000 -1000 -10
201 9 pedestrian 0 0 -10 523.78 164.33 577.29 196.13 -10 -10 -10 -100    0 -1000 -1000 -10
201 41 pedestrian 0 0 -10 1094.64 184.02 1223.57 242.40 -10 -10 -10 -100    0 -1000 -1000 -10
201 6 pedestrian 0 0 -10 182.58 159.98 225.20 210.13 -10 -10 -10 -100    0 -1000 -1000 -10
201 5 pedestrian 0 0 -10 602.06 171.26 636.55 206.65 -10 -10 -10 -100    0 -1000 -1000 -10
201 45 pedestrian 0 0 -10 493.45 158.38 525.28 184.40 -10 -10 -10 -100    0 -1000 -1000 -10
201 2 pedestrian 0 0 -10 953.15 181.29 1068.15 242.15 -10 -10 -10 -100    0 -1000 -1000 -10
201 1 pedestrian 0 0 -10 1032.94 184.07 1157.02 240.51 -10 -10 -10 -100    0 -1000 -1000 -10
202 35 pedestrian 0 0 -10 182.39 145.35 198.56 198.52 -10 -10 -10 -100    0 -1000 -1000 -10
202 47 pedestrian 0 0 -10 416.64 157.16 428.77 199.61 -10 -10 -10 -100    0 -1000 -1000 -10
202 37 pedestrian 0 0 -10 0.19 140.49 45.80 255.47 -10 -10 -10 -100    0 -1000 -1000 -10
202 34 pedestrian 0 0 -10 53.87 141.87 90.05 241.56 -10 -10 -10 -100    0 -1000 -1000 -10
202 15 pedestrian 0 0 -10 579.85 163.53 613.88 191.36 -10 -10 -10 -100    0 -1000 -1000 -10
202 13 pedestrian 0 0 -10 318.27 152.20 444.32 196.94 -10 -10 -10 -100    0 -1000 -1000 -10
202 44 pedestrian 0 0 -10 283.14 147.34 330.16 174.95 -10 -10 -10 -100    0 -1000 -1000 -10
202 9 pedestrian 0 0 -10 523.69 164.44 577.17 196.11 -10 -10 -10 -100    0 -1000 -1000 -10
202 41 pedestrian 0 0 -10 1094.70 184.04 1223.55 242.37 -10 -10 -10 -100    0 -1000 -1000 -10
202 6 pedestrian 0 0 -10 182.60 159.91 225.17 210.18 -10 -10 -10 -100    0 -1000 -1000 -10
202 5 pedestrian 0 0 -10 602.13 171.25 636.56 206.63 -10 -10 -10 -100    0 -1000 -1000 -10
202 45 pedestrian 0 0 -10 493.44 158.20 524.96 184.20 -10 -10 -10 -100    0 -1000 -1000 -10
202 2 pedestrian 0 0 -10 953.27 181.39 1068.25 242.19 -10 -10 -10 -100    0 -1000 -1000 -10
202 1 pedestrian 0 0 -10 1032.92 184.03 1156.98 240.53 -10 -10 -10 -100    0 -1000 -1000 -10
203 35 pedestrian 0 0 -10 182.61 145.31 198.94 198.49 -10 -10 -10 -100    0 -1000 -1000 -10
203 47 pedestrian 0 0 -10 416.54 157.09 428.90 199.75 -10 -10 -10 -100    0 -1000 -1000 -10
203 37 pedestrian 0 0 -10 0.15 134.97 29.54 246.05 -10 -10 -10 -100    0 -1000 -1000 -10
203 34 pedestrian 0 0 -10 46.14 141.92 85.43 241.48 -10 -10 -10 -100    0 -1000 -1000 -10
203 15 pedestrian 0 0 -10 580.16 163.68 613.99 191.77 -10 -10 -10 -100    0 -1000 -1000 -10
203 13 pedestrian 0 0 -10 318.43 152.11 444.33 196.89 -10 -10 -10 -100    0 -1000 -1000 -10
203 44 pedestrian 0 0 -10 282.90 147.58 330.07 175.26 -10 -10 -10 -100    0 -1000 -1000 -10
203 9 pedestrian 0 0 -10 523.66 164.48 577.13 196.17 -10 -10 -10 -100    0 -1000 -1000 -10
203 41 pedestrian 0 0 -10 1094.66 184.16 1223.55 242.44 -10 -10 -10 -100    0 -1000 -1000 -10
203 6 pedestrian 0 0 -10 182.64 159.73 225.26 210.21 -10 -10 -10 -100    0 -1000 -1000 -10
203 5 pedestrian 0 0 -10 601.96 171.18 636.52 206.70 -10 -10 -10 -100    0 -1000 -1000 -10
203 45 pedestrian 0 0 -10 493.10 157.97 524.75 184.05 -10 -10 -10 -100    0 -1000 -1000 -10
203 2 pedestrian 0 0 -10 953.11 181.44 1068.04 242.15 -10 -10 -10 -100    0 -1000 -1000 -10
203 1 pedestrian 0 0 -10 1032.78 183.99 1157.07 240.55 -10 -10 -10 -100    0 -1000 -1000 -10
204 35 pedestrian 0 0 -10 182.38 144.96 198.50 197.86 -10 -10 -10 -100    0 -1000 -1000 -10
204 47 pedestrian 0 0 -10 416.16 157.23 428.78 199.91 -10 -10 -10 -100    0 -1000 -1000 -10
204 37 pedestrian 0 0 -10 0.20 133.40 27.71 242.20 -10 -10 -10 -100    0 -1000 -1000 -10
204 34 pedestrian 0 0 -10 42.78 142.86 84.12 243.32 -10 -10 -10 -100    0 -1000 -1000 -10
204 15 pedestrian 0 0 -10 580.29 163.70 613.68 191.72 -10 -10 -10 -100    0 -1000 -1000 -10
204 13 pedestrian 0 0 -10 318.28 152.31 443.80 196.86 -10 -10 -10 -100    0 -1000 -1000 -10
204 44 pedestrian 0 0 -10 282.82 147.77 329.82 175.20 -10 -10 -10 -100    0 -1000 -1000 -10
204 9 pedestrian 0 0 -10 523.58 164.53 577.16 196.38 -10 -10 -10 -100    0 -1000 -1000 -10
204 41 pedestrian 0 0 -10 1094.45 184.09 1223.56 242.47 -10 -10 -10 -100    0 -1000 -1000 -10
204 6 pedestrian 0 0 -10 182.74 159.60 225.28 210.20 -10 -10 -10 -100    0 -1000 -1000 -10
204 5 pedestrian 0 0 -10 601.93 171.22 636.41 206.65 -10 -10 -10 -100    0 -1000 -1000 -10
204 45 pedestrian 0 0 -10 493.37 158.18 524.96 184.22 -10 -10 -10 -100    0 -1000 -1000 -10
204 2 pedestrian 0 0 -10 953.14 181.31 1068.18 242.20 -10 -10 -10 -100    0 -1000 -1000 -10
204 1 pedestrian 0 0 -10 1032.93 184.03 1157.00 240.54 -10 -10 -10 -100    0 -1000 -1000 -10
205 47 pedestrian 0 0 -10 415.70 157.49 428.56 200.47 -10 -10 -10 -100    0 -1000 -1000 -10
205 37 pedestrian 0 0 -10 0.00 137.02 24.12 242.19 -10 -10 -10 -100    0 -1000 -1000 -10
205 34 pedestrian 0 0 -10 35.52 143.00 76.24 245.03 -10 -10 -10 -100    0 -1000 -1000 -10
205 35 pedestrian 0 0 -10 182.41 144.78 198.39 197.59 -10 -10 -10 -100    0 -1000 -1000 -10
205 15 pedestrian 0 0 -10 580.40 164.29 613.66 191.53 -10 -10 -10 -100    0 -1000 -1000 -10
205 13 pedestrian 0 0 -10 318.77 152.50 443.91 196.94 -10 -10 -10 -100    0 -1000 -1000 -10
205 44 pedestrian 0 0 -10 282.96 147.75 330.13 175.20 -10 -10 -10 -100    0 -1000 -1000 -10
205 9 pedestrian 0 0 -10 523.68 164.45 577.21 196.33 -10 -10 -10 -100    0 -1000 -1000 -10
205 41 pedestrian 0 0 -10 1094.59 184.10 1223.55 242.45 -10 -10 -10 -100    0 -1000 -1000 -10
205 6 pedestrian 0 0 -10 182.81 159.68 225.37 210.25 -10 -10 -10 -100    0 -1000 -1000 -10
205 5 pedestrian 0 0 -10 601.98 171.32 636.67 206.75 -10 -10 -10 -100    0 -1000 -1000 -10
205 48 pedestrian 0 0 -10 22.16 140.92 66.09 253.37 -10 -10 -10 -100    0 -1000 -1000 -10
205 45 pedestrian 0 0 -10 493.35 158.35 525.05 184.20 -10 -10 -10 -100    0 -1000 -1000 -10
205 2 pedestrian 0 0 -10 953.07 181.36 1068.09 242.19 -10 -10 -10 -100    0 -1000 -1000 -10
205 1 pedestrian 0 0 -10 1032.81 184.02 1157.03 240.58 -10 -10 -10 -100    0 -1000 -1000 -10
206 37 pedestrian 0 0 -10 0.00 141.52 23.77 237.24 -10 -10 -10 -100    0 -1000 -1000 -10
206 35 pedestrian 0 0 -10 182.36 144.90 198.58 197.70 -10 -10 -10 -100    0 -1000 -1000 -10
206 15 pedestrian 0 0 -10 580.54 164.14 613.59 191.32 -10 -10 -10 -100    0 -1000 -1000 -10
206 13 pedestrian 0 0 -10 318.66 152.41 443.53 196.92 -10 -10 -10 -100    0 -1000 -1000 -10
206 47 pedestrian 0 0 -10 415.27 157.39 428.66 200.40 -10 -10 -10 -100    0 -1000 -1000 -10
206 44 pedestrian 0 0 -10 281.90 147.60 329.29 175.07 -10 -10 -10 -100    0 -1000 -1000 -10
206 9 pedestrian 0 0 -10 523.74 164.48 577.35 196.51 -10 -10 -10 -100    0 -1000 -1000 -10
206 41 pedestrian 0 0 -10 1094.98 184.19 1223.42 242.24 -10 -10 -10 -100    0 -1000 -1000 -10
206 6 pedestrian 0 0 -10 182.68 159.65 225.39 210.13 -10 -10 -10 -100    0 -1000 -1000 -10
206 5 pedestrian 0 0 -10 601.72 171.26 636.35 206.71 -10 -10 -10 -100    0 -1000 -1000 -10
206 48 pedestrian 0 0 -10 27.04 142.39 76.22 252.45 -10 -10 -10 -100    0 -1000 -1000 -10
206 45 pedestrian 0 0 -10 493.21 158.48 525.13 184.20 -10 -10 -10 -100    0 -1000 -1000 -10
206 2 pedestrian 0 0 -10 953.20 181.22 1068.09 242.21 -10 -10 -10 -100    0 -1000 -1000 -10
206 1 pedestrian 0 0 -10 1032.84 184.02 1156.82 240.52 -10 -10 -10 -100    0 -1000 -1000 -10
207 35 pedestrian 0 0 -10 182.59 144.85 198.91 197.57 -10 -10 -10 -100    0 -1000 -1000 -10
207 15 pedestrian 0 0 -10 581.57 164.23 613.87 191.37 -10 -10 -10 -100    0 -1000 -1000 -10
207 13 pedestrian 0 0 -10 318.27 152.36 443.38 197.20 -10 -10 -10 -100    0 -1000 -1000 -10
207 47 pedestrian 0 0 -10 415.22 157.34 428.88 201.10 -10 -10 -10 -100    0 -1000 -1000 -10
207 44 pedestrian 0 0 -10 282.73 147.93 329.61 175.20 -10 -10 -10 -100    0 -1000 -1000 -10
207 9 pedestrian 0 0 -10 523.67 164.32 577.17 196.37 -10 -10 -10 -100    0 -1000 -1000 -10
207 37 pedestrian 0 0 -10 0.00 140.94 19.81 236.04 -10 -10 -10 -100    0 -1000 -1000 -10
207 41 pedestrian 0 0 -10 1094.95 184.44 1222.78 241.73 -10 -10 -10 -100    0 -1000 -1000 -10
207 6 pedestrian 0 0 -10 182.40 159.53 225.20 210.20 -10 -10 -10 -100    0 -1000 -1000 -10
207 5 pedestrian 0 0 -10 601.85 171.16 636.72 206.82 -10 -10 -10 -100    0 -1000 -1000 -10
207 48 pedestrian 0 0 -10 30.30 142.43 78.50 251.99 -10 -10 -10 -100    0 -1000 -1000 -10
207 45 pedestrian 0 0 -10 492.90 158.17 524.40 184.19 -10 -10 -10 -100    0 -1000 -1000 -10
207 2 pedestrian 0 0 -10 953.20 181.31 1068.23 242.25 -10 -10 -10 -100    0 -1000 -1000 -10
207 1 pedestrian 0 0 -10 1032.78 184.04 1156.95 240.52 -10 -10 -10 -100    0 -1000 -1000 -10
208 20 pedestrian 0 0 -10 1134.96 141.07 1224.00 354.91 -10 -10 -10 -100    0 -1000 -1000 -10
208 35 pedestrian 0 0 -10 182.62 144.84 198.95 197.74 -10 -10 -10 -100    0 -1000 -1000 -10
208 15 pedestrian 0 0 -10 581.84 164.20 613.87 191.34 -10 -10 -10 -100    0 -1000 -1000 -10
208 13 pedestrian 0 0 -10 317.58 152.34 443.32 197.40 -10 -10 -10 -100    0 -1000 -1000 -10
208 47 pedestrian 0 0 -10 415.17 157.26 429.06 201.12 -10 -10 -10 -100    0 -1000 -1000 -10
208 44 pedestrian 0 0 -10 282.52 147.51 329.30 175.02 -10 -10 -10 -100    0 -1000 -1000 -10
208 9 pedestrian 0 0 -10 523.45 164.19 577.00 196.35 -10 -10 -10 -100    0 -1000 -1000 -10
208 41 pedestrian 0 0 -10 1095.44 183.90 1223.47 242.12 -10 -10 -10 -100    0 -1000 -1000 -10
208 6 pedestrian 0 0 -10 182.10 159.21 225.08 210.22 -10 -10 -10 -100    0 -1000 -1000 -10
208 5 pedestrian 0 0 -10 601.90 171.16 636.39 206.70 -10 -10 -10 -100    0 -1000 -1000 -10
208 48 pedestrian 0 0 -10 43.38 144.74 82.94 251.41 -10 -10 -10 -100    0 -1000 -1000 -10
208 45 pedestrian 0 0 -10 493.30 158.07 524.38 184.22 -10 -10 -10 -100    0 -1000 -1000 -10
208 2 pedestrian 0 0 -10 953.27 181.33 1068.20 242.28 -10 -10 -10 -100    0 -1000 -1000 -10
208 1 pedestrian 0 0 -10 1032.88 184.03 1157.05 240.50 -10 -10 -10 -100    0 -1000 -1000 -10
