0 10 pedestrian 0 0 -10 743.22 150.89 803.45 184.69 -10 -10 -10 -100    0 -1000 -1000 -10
0 9 pedestrian 0 0 -10 509.58 170.28 521.40 190.16 -10 -10 -10 -100    0 -1000 -1000 -10
0 8 pedestrian 0 0 -10 522.98 169.96 535.17 189.08 -10 -10 -10 -100    0 -1000 -1000 -10
0 7 pedestrian 0 0 -10 671.25 160.06 696.63 181.18 -10 -10 -10 -100    0 -1000 -1000 -10
0 6 pedestrian 0 0 -10 564.55 161.98 605.69 188.78 -10 -10 -10 -100    0 -1000 -1000 -10
0 5 pedestrian 0 0 -10 542.38 167.12 562.56 190.06 -10 -10 -10 -100    0 -1000 -1000 -10
0 4 pedestrian 0 0 -10 916.70 137.29 943.13 208.88 -10 -10 -10 -100    0 -1000 -1000 -10
0 3 pedestrian 0 0 -10 484.86 170.84 502.32 194.27 -10 -10 -10 -100    0 -1000 -1000 -10
0 2 pedestrian 0 0 -10 616.84 161.03 655.16 185.18 -10 -10 -10 -100    0 -1000 -1000 -10
0 1 pedestrian 0 0 -10 424.55 173.64 448.98 202.34 -10 -10 -10 -100    0 -1000 -1000 -10
1 11 pedestrian 0 0 -10 939.47 130.11 974.02 213.76 -10 -10 -10 -100    0 -1000 -1000 -10
1 10 pedestrian 0 0 -10 752.79 151.83 818.28 182.71 -10 -10 -10 -100    0 -1000 -1000 -10
1 9 pedestrian 0 0 -10 508.58 170.24 520.50 190.41 -10 -10 -10 -100    0 -1000 -1000 -10
1 7 pedestrian 0 0 -10 673.50 158.92 700.47 182.17 -10 -10 -10 -100    0 -1000 -1000 -10
1 6 pedestrian 0 0 -10 564.46 162.75 604.90 189.50 -10 -10 -10 -100    0 -1000 -1000 -10
1 5 pedestrian 0 0 -10 540.62 167.42 562.76 190.93 -10 -10 -10 -100    0 -1000 -1000 -10
1 3 pedestrian 0 0 -10 484.23 170.51 501.56 194.66 -10 -10 -10 -100    0 -1000 -1000 -10
1 2 pedestrian 0 0 -10 614.19 161.15 651.16 185.06 -10 -10 -10 -100    0 -1000 -1000 -10
1 1 pedestrian 0 0 -10 422.76 173.51 446.91 202.31 -10 -10 -10 -100    0 -1000 -1000 -10
2 13 pedestrian 0 0 -10 964.86 128.95 999.34 217.11 -10 -10 -10 -100    0 -1000 -1000 -10
2 12 pedestrian 0 0 -10 563.74 166.10 583.19 185.45 -10 -10 -10 -100    0 -1000 -1000 -10
2 10 pedestrian 0 0 -10 754.24 152.19 808.72 175.72 -10 -10 -10 -100    0 -1000 -1000 -10
2 9 pedestrian 0 0 -10 507.59 170.40 521.04 190.90 -10 -10 -10 -100    0 -1000 -1000 -10
2 7 pedestrian 0 0 -10 675.21 159.88 701.89 183.69 -10 -10 -10 -100    0 -1000 -1000 -10
2 6 pedestrian 0 0 -10 567.31 162.39 605.37 189.10 -10 -10 -10 -100    0 -1000 -1000 -10
2 5 pedestrian 0 0 -10 537.16 167.90 561.24 189.81 -10 -10 -10 -100    0 -1000 -1000 -10
2 3 pedestrian 0 0 -10 484.25 170.77 501.61 193.90 -10 -10 -10 -100    0 -1000 -1000 -10
2 2 pedestrian 0 0 -10 614.09 161.44 650.71 185.56 -10 -10 -10 -100    0 -1000 -1000 -10
2 1 pedestrian 0 0 -10 420.83 173.17 446.11 202.10 -10 -10 -10 -100    0 -1000 -1000 -10
3 10 pedestrian 0 0 -10 755.04 150.14 809.90 173.73 -10 -10 -10 -100    0 -1000 -1000 -10
3 9 pedestrian 0 0 -10 508.57 170.68 520.13 189.88 -10 -10 -10 -100    0 -1000 -1000 -10
3 7 pedestrian 0 0 -10 675.69 159.29 703.18 182.92 -10 -10 -10 -100    0 -1000 -1000 -10
3 5 pedestrian 0 0 -10 535.42 166.76 560.76 189.15 -10 -10 -10 -100    0 -1000 -1000 -10
3 3 pedestrian 0 0 -10 483.41 170.67 500.79 194.19 -10 -10 -10 -100    0 -1000 -1000 -10
3 2 pedestrian 0 0 -10 614.16 161.68 650.84 186.04 -10 -10 -10 -100    0 -1000 -1000 -10
3 1 pedestrian 0 0 -10 420.42 173.80 445.45 202.08 -10 -10 -10 -100    0 -1000 -1000 -10
4 10 pedestrian 0 0 -10 758.23 151.35 812.99 173.93 -10 -10 -10 -100    0 -1000 -1000 -10
4 9 pedestrian 0 0 -10 508.53 170.98 520.18 189.36 -10 -10 -10 -100    0 -1000 -1000 -10
4 7 pedestrian 0 0 -10 676.68 159.68 704.97 183.95 -10 -10 -10 -100    0 -1000 -1000 -10
4 5 pedestrian 0 0 -10 532.56 167.22 561.15 189.33 -10 -10 -10 -100    0 -1000 -1000 -10
4 3 pedestrian 0 0 -10 481.94 171.25 499.71 194.27 -10 -10 -10 -100    0 -1000 -1000 -10
4 2 pedestrian 0 0 -10 615.54 162.23 651.10 186.55 -10 -10 -10 -100    0 -1000 -1000 -10
4 1 pedestrian 0 0 -10 420.22 173.85 445.36 202.60 -10 -10 -10 -100    0 -1000 -1000 -10
5 12 pedestrian 0 0 -10 561.25 165.10 581.25 183.93 -10 -10 -10 -100    0 -1000 -1000 -10
5 10 pedestrian 0 0 -10 758.08 148.90 820.38 174.28 -10 -10 -10 -100    0 -1000 -1000 -10
5 9 pedestrian 0 0 -10 508.88 170.92 521.11 190.24 -10 -10 -10 -100    0 -1000 -1000 -10
5 7 pedestrian 0 0 -10 677.79 158.87 705.32 182.74 -10 -10 -10 -100    0 -1000 -1000 -10
5 5 pedestrian 0 0 -10 531.39 167.88 558.58 189.92 -10 -10 -10 -100    0 -1000 -1000 -10
5 3 pedestrian 0 0 -10 485.57 171.95 501.35 193.65 -10 -10 -10 -100    0 -1000 -1000 -10
5 2 pedestrian 0 0 -10 614.80 161.74 649.97 185.76 -10 -10 -10 -100    0 -1000 -1000 -10
5 1 pedestrian 0 0 -10 421.50 174.72 447.07 203.49 -10 -10 -10 -100    0 -1000 -1000 -10
6 12 pedestrian 0 0 -10 559.88 163.38 581.19 182.87 -10 -10 -10 -100    0 -1000 -1000 -10
6 10 pedestrian 0 0 -10 764.60 147.61 824.35 173.28 -10 -10 -10 -100    0 -1000 -1000 -10
6 7 pedestrian 0 0 -10 675.15 158.06 704.49 182.41 -10 -10 -10 -100    0 -1000 -1000 -10
6 3 pedestrian 0 0 -10 485.79 171.42 500.78 193.67 -10 -10 -10 -100    0 -1000 -1000 -10
6 2 pedestrian 0 0 -10 614.81 160.43 648.81 183.27 -10 -10 -10 -100    0 -1000 -1000 -10
6 1 pedestrian 0 0 -10 422.80 174.45 449.20 203.08 -10 -10 -10 -100    0 -1000 -1000 -10
7 12 pedestrian 0 0 -10 559.08 161.60 580.33 181.31 -10 -10 -10 -100    0 -1000 -1000 -10
7 10 pedestrian 0 0 -10 767.02 146.01 830.29 171.62 -10 -10 -10 -100    0 -1000 -1000 -10
7 7 pedestrian 0 0 -10 679.83 157.37 705.38 180.86 -10 -10 -10 -100    0 -1000 -1000 -10
7 3 pedestrian 0 0 -10 484.89 170.26 501.03 193.33 -10 -10 -10 -100    0 -1000 -1000 -10
7 2 pedestrian 0 0 -10 612.68 158.95 642.34 178.63 -10 -10 -10 -100    0 -1000 -1000 -10
7 1 pedestrian 0 0 -10 421.38 173.69 447.64 202.43 -10 -10 -10 -100    0 -1000 -1000 -10
8 12 pedestrian 0 0 -10 557.81 161.39 579.54 181.17 -10 -10 -10 -100    0 -1000 -1000 -10
8 10 pedestrian 0 0 -10 768.11 146.89 835.23 171.96 -10 -10 -10 -100    0 -1000 -1000 -10
8 7 pedestrian 0 0 -10 685.33 155.54 707.23 178.84 -10 -10 -10 -100    0 -1000 -1000 -10
8 2 pedestrian 0 0 -10 608.19 156.87 635.12 173.27 -10 -10 -10 -100    0 -1000 -1000 -10
8 1 pedestrian 0 0 -10 420.64 174.16 447.64 203.40 -10 -10 -10 -100    0 -1000 -1000 -10
9 12 pedestrian 0 0 -10 556.72 162.18 579.55 182.54 -10 -10 -10 -100    0 -1000 -1000 -10
9 10 pedestrian 0 0 -10 769.72 145.32 835.59 171.93 -10 -10 -10 -100    0 -1000 -1000 -10
9 7 pedestrian 0 0 -10 686.59 156.15 707.69 179.28 -10 -10 -10 -100    0 -1000 -1000 -10
9 5 pedestrian 0 0 -10 531.74 162.37 553.42 185.15 -10 -10 -10 -100    0 -1000 -1000 -10
9 2 pedestrian 0 0 -10 607.21 156.35 635.07 173.01 -10 -10 -10 -100    0 -1000 -1000 -10
9 1 pedestrian 0 0 -10 420.94 174.93 448.07 204.63 -10 -10 -10 -100    0 -1000 -1000 -10
10 12 pedestrian 0 0 -10 554.48 160.57 579.03 180.45 -10 -10 -10 -100    0 -1000 -1000 -10
10 10 pedestrian 0 0 -10 776.59 144.61 845.88 171.56 -10 -10 -10 -100    0 -1000 -1000 -10
10 7 pedestrian 0 0 -10 688.64 154.31 708.95 178.27 -10 -10 -10 -100    0 -1000 -1000 -10
10 5 pedestrian 0 0 -10 530.80 159.48 553.00 184.09 -10 -10 -10 -100    0 -1000 -1000 -10
10 2 pedestrian 0 0 -10 604.80 153.85 632.70 170.15 -10 -10 -10 -100    0 -1000 -1000 -10
10 1 pedestrian 0 0 -10 422.63 172.04 448.81 201.66 -10 -10 -10 -100    0 -1000 -1000 -10
11 12 pedestrian 0 0 -10 553.10 157.24 578.52 178.90 -10 -10 -10 -100    0 -1000 -1000 -10
11 10 pedestrian 0 0 -10 777.14 145.76 848.34 174.48 -10 -10 -10 -100    0 -1000 -1000 -10
11 7 pedestrian 0 0 -10 689.60 148.97 709.93 177.28 -10 -10 -10 -100    0 -1000 -1000 -10
11 2 pedestrian 0 0 -10 605.80 149.70 631.24 166.75 -10 -10 -10 -100    0 -1000 -1000 -10
11 1 pedestrian 0 0 -10 424.47 164.44 452.46 196.95 -10 -10 -10 -100    0 -1000 -1000 -10
12 12 pedestrian 0 0 -10 551.24 157.45 577.14 179.16 -10 -10 -10 -100    0 -1000 -1000 -10
12 10 pedestrian 0 0 -10 782.56 144.01 857.74 174.53 -10 -10 -10 -100    0 -1000 -1000 -10
12 7 pedestrian 0 0 -10 691.22 147.24 711.28 177.08 -10 -10 -10 -100    0 -1000 -1000 -10
12 1 pedestrian 0 0 -10 425.01 164.07 452.66 196.94 -10 -10 -10 -100    0 -1000 -1000 -10
13 12 pedestrian 0 0 -10 549.80 160.06 576.70 182.39 -10 -10 -10 -100    0 -1000 -1000 -10
13 10 pedestrian 0 0 -10 793.44 143.52 869.98 172.86 -10 -10 -10 -100    0 -1000 -1000 -10
13 7 pedestrian 0 0 -10 694.62 150.41 714.11 178.06 -10 -10 -10 -100    0 -1000 -1000 -10
13 1 pedestrian 0 0 -10 425.36 166.92 454.30 201.07 -10 -10 -10 -100    0 -1000 -1000 -10
14 12 pedestrian 0 0 -10 548.95 162.52 575.72 184.47 -10 -10 -10 -100    0 -1000 -1000 -10
14 10 pedestrian 0 0 -10 793.17 142.94 873.63 174.52 -10 -10 -10 -100    0 -1000 -1000 -10
14 7 pedestrian 0 0 -10 696.04 151.24 716.46 179.15 -10 -10 -10 -100    0 -1000 -1000 -10
14 1 pedestrian 0 0 -10 424.05 168.32 452.78 201.94 -10 -10 -10 -100    0 -1000 -1000 -10
15 12 pedestrian 0 0 -10 548.56 162.73 574.61 185.10 -10 -10 -10 -100    0 -1000 -1000 -10
15 10 pedestrian 0 0 -10 793.28 143.47 879.07 174.88 -10 -10 -10 -100    0 -1000 -1000 -10
15 7 pedestrian 0 0 -10 696.07 150.66 716.82 179.56 -10 -10 -10 -100    0 -1000 -1000 -10
15 1 pedestrian 0 0 -10 424.47 169.01 452.47 202.52 -10 -10 -10 -100    0 -1000 -1000 -10
16 12 pedestrian 0 0 -10 546.76 162.04 573.57 184.39 -10 -10 -10 -100    0 -1000 -1000 -10
16 10 pedestrian 0 0 -10 803.55 141.83 886.50 174.06 -10 -10 -10 -100    0 -1000 -1000 -10
16 7 pedestrian 0 0 -10 697.55 148.01 718.48 179.00 -10 -10 -10 -100    0 -1000 -1000 -10
16 1 pedestrian 0 0 -10 421.87 167.83 450.78 201.11 -10 -10 -10 -100    0 -1000 -1000 -10
17 19 pedestrian 0 0 -10 469.54 166.99 482.07 191.74 -10 -10 -10 -100    0 -1000 -1000 -10
17 12 pedestrian 0 0 -10 544.49 162.32 572.18 185.18 -10 -10 -10 -100    0 -1000 -1000 -10
17 10 pedestrian 0 0 -10 811.16 142.30 892.34 175.43 -10 -10 -10 -100    0 -1000 -1000 -10
17 7 pedestrian 0 0 -10 698.64 148.07 720.05 179.58 -10 -10 -10 -100    0 -1000 -1000 -10
17 1 pedestrian 0 0 -10 421.10 167.23 451.17 201.99 -10 -10 -10 -100    0 -1000 -1000 -10
18 21 pedestrian 0 0 -10 777.54 150.94 818.34 175.96 -10 -10 -10 -100    0 -1000 -1000 -10
18 19 pedestrian 0 0 -10 468.15 166.52 480.68 192.62 -10 -10 -10 -100    0 -1000 -1000 -10
18 12 pedestrian 0 0 -10 543.45 162.36 571.37 186.25 -10 -10 -10 -100    0 -1000 -1000 -10
18 10 pedestrian 0 0 -10 816.46 142.05 905.69 175.82 -10 -10 -10 -100    0 -1000 -1000 -10
18 7 pedestrian 0 0 -10 700.04 148.41 722.12 180.07 -10 -10 -10 -100    0 -1000 -1000 -10
18 6 pedestrian 0 0 -10 586.74 161.24 612.07 186.57 -10 -10 -10 -100    0 -1000 -1000 -10
18 2 pedestrian 0 0 -10 611.00 150.97 643.29 171.78 -10 -10 -10 -100    0 -1000 -1000 -10
18 1 pedestrian 0 0 -10 419.98 168.08 449.81 203.82 -10 -10 -10 -100    0 -1000 -1000 -10
19 22 pedestrian 0 0 -10 27.72 184.67 116.05 222.73 -10 -10 -10 -100    0 -1000 -1000 -10
19 21 pedestrian 0 0 -10 779.48 151.46 818.32 176.20 -10 -10 -10 -100    0 -1000 -1000 -10
19 12 pedestrian 0 0 -10 541.95 163.79 570.15 188.51 -10 -10 -10 -100    0 -1000 -1000 -10
19 10 pedestrian 0 0 -10 821.75 141.58 911.86 175.96 -10 -10 -10 -100    0 -1000 -1000 -10
19 7 pedestrian 0 0 -10 700.82 147.85 723.43 181.81 -10 -10 -10 -100    0 -1000 -1000 -10
19 6 pedestrian 0 0 -10 591.65 162.95 617.76 187.15 -10 -10 -10 -100    0 -1000 -1000 -10
19 5 pedestrian 0 0 -10 502.76 161.81 543.37 189.86 -10 -10 -10 -100    0 -1000 -1000 -10
19 2 pedestrian 0 0 -10 611.00 153.60 643.49 172.96 -10 -10 -10 -100    0 -1000 -1000 -10
19 1 pedestrian 0 0 -10 417.63 170.80 447.48 207.27 -10 -10 -10 -100    0 -1000 -1000 -10
20 22 pedestrian 0 0 -10 2.35 188.33 114.43 227.66 -10 -10 -10 -100    0 -1000 -1000 -10
20 21 pedestrian 0 0 -10 783.27 152.39 824.51 177.48 -10 -10 -10 -100    0 -1000 -1000 -10
20 12 pedestrian 0 0 -10 540.47 165.35 569.50 190.91 -10 -10 -10 -100    0 -1000 -1000 -10
20 10 pedestrian 0 0 -10 826.04 140.34 919.26 176.93 -10 -10 -10 -100    0 -1000 -1000 -10
20 7 pedestrian 0 0 -10 701.31 149.15 723.74 183.06 -10 -10 -10 -100    0 -1000 -1000 -10
20 6 pedestrian 0 0 -10 595.82 164.25 618.62 190.56 -10 -10 -10 -100    0 -1000 -1000 -10
20 5 pedestrian 0 0 -10 503.23 162.36 543.77 189.54 -10 -10 -10 -100    0 -1000 -1000 -10
20 2 pedestrian 0 0 -10 609.59 153.93 643.20 174.59 -10 -10 -10 -100    0 -1000 -1000 -10
20 1 pedestrian 0 0 -10 416.03 173.08 445.93 209.60 -10 -10 -10 -100    0 -1000 -1000 -10
21 22 pedestrian 0 0 -10 0.13 186.48 104.65 229.65 -10 -10 -10 -100    0 -1000 -1000 -10
21 21 pedestrian 0 0 -10 788.42 154.39 828.13 179.21 -10 -10 -10 -100    0 -1000 -1000 -10
21 12 pedestrian 0 0 -10 538.04 167.16 568.17 192.85 -10 -10 -10 -100    0 -1000 -1000 -10
21 10 pedestrian 0 0 -10 833.90 140.48 931.97 178.44 -10 -10 -10 -100    0 -1000 -1000 -10
21 7 pedestrian 0 0 -10 702.17 150.70 723.73 183.17 -10 -10 -10 -100    0 -1000 -1000 -10
21 6 pedestrian 0 0 -10 598.49 165.12 619.81 191.22 -10 -10 -10 -100    0 -1000 -1000 -10
21 5 pedestrian 0 0 -10 502.58 162.47 542.26 190.69 -10 -10 -10 -100    0 -1000 -1000 -10
21 2 pedestrian 0 0 -10 608.40 156.99 643.61 176.44 -10 -10 -10 -100    0 -1000 -1000 -10
21 1 pedestrian 0 0 -10 412.77 174.76 443.27 211.24 -10 -10 -10 -100    0 -1000 -1000 -10
22 22 pedestrian 0 0 -10 0.08 186.38 91.77 232.68 -10 -10 -10 -100    0 -1000 -1000 -10
22 21 pedestrian 0 0 -10 793.28 153.98 833.48 179.05 -10 -10 -10 -100    0 -1000 -1000 -10
22 12 pedestrian 0 0 -10 535.74 167.65 567.62 194.44 -10 -10 -10 -100    0 -1000 -1000 -10
22 10 pedestrian 0 0 -10 838.99 140.58 941.20 180.04 -10 -10 -10 -100    0 -1000 -1000 -10
22 7 pedestrian 0 0 -10 704.12 149.20 724.95 183.35 -10 -10 -10 -100    0 -1000 -1000 -10
22 6 pedestrian 0 0 -10 603.22 165.82 626.11 192.53 -10 -10 -10 -100    0 -1000 -1000 -10
22 5 pedestrian 0 0 -10 500.59 162.38 540.58 191.19 -10 -10 -10 -100    0 -1000 -1000 -10
22 2 pedestrian 0 0 -10 608.41 157.60 644.41 176.62 -10 -10 -10 -100    0 -1000 -1000 -10
22 1 pedestrian 0 0 -10 411.96 175.36 440.67 212.29 -10 -10 -10 -100    0 -1000 -1000 -10
23 21 pedestrian 0 0 -10 795.98 151.38 841.73 179.14 -10 -10 -10 -100    0 -1000 -1000 -10
23 12 pedestrian 0 0 -10 533.06 167.84 565.14 195.11 -10 -10 -10 -100    0 -1000 -1000 -10
23 10 pedestrian 0 0 -10 848.60 138.35 955.18 179.03 -10 -10 -10 -100    0 -1000 -1000 -10
23 7 pedestrian 0 0 -10 705.45 148.88 725.38 181.71 -10 -10 -10 -100    0 -1000 -1000 -10
23 6 pedestrian 0 0 -10 607.70 164.33 631.32 191.48 -10 -10 -10 -100    0 -1000 -1000 -10
23 5 pedestrian 0 0 -10 501.92 162.53 543.40 191.75 -10 -10 -10 -100    0 -1000 -1000 -10
23 2 pedestrian 0 0 -10 608.00 157.95 643.76 177.10 -10 -10 -10 -100    0 -1000 -1000 -10
23 1 pedestrian 0 0 -10 409.07 174.50 436.62 213.17 -10 -10 -10 -100    0 -1000 -1000 -10
24 21 pedestrian 0 0 -10 796.00 147.53 890.85 181.84 -10 -10 -10 -100    0 -1000 -1000 -10
24 19 pedestrian 0 0 -10 458.95 168.62 471.09 200.67 -10 -10 -10 -100    0 -1000 -1000 -10
24 12 pedestrian 0 0 -10 531.79 168.66 563.51 195.76 -10 -10 -10 -100    0 -1000 -1000 -10
24 10 pedestrian 0 0 -10 855.08 138.54 963.15 178.62 -10 -10 -10 -100    0 -1000 -1000 -10
24 7 pedestrian 0 0 -10 707.97 149.53 728.31 181.74 -10 -10 -10 -100    0 -1000 -1000 -10
24 6 pedestrian 0 0 -10 612.58 163.53 640.26 191.53 -10 -10 -10 -100    0 -1000 -1000 -10
24 5 pedestrian 0 0 -10 503.69 162.24 541.76 191.58 -10 -10 -10 -100    0 -1000 -1000 -10
24 2 pedestrian 0 0 -10 606.97 160.52 646.21 182.09 -10 -10 -10 -100    0 -1000 -1000 -10
24 1 pedestrian 0 0 -10 406.23 174.94 432.21 212.91 -10 -10 -10 -100    0 -1000 -1000 -10
25 21 pedestrian 0 0 -10 801.96 149.78 893.73 182.91 -10 -10 -10 -100    0 -1000 -1000 -10
25 19 pedestrian 0 0 -10 459.03 170.32 471.99 202.94 -10 -10 -10 -100    0 -1000 -1000 -10
25 12 pedestrian 0 0 -10 528.93 169.76 562.79 198.42 -10 -10 -10 -100    0 -1000 -1000 -10
25 10 pedestrian 0 0 -10 863.63 136.98 981.09 180.43 -10 -10 -10 -100    0 -1000 -1000 -10
25 7 pedestrian 0 0 -10 710.49 151.62 730.45 182.61 -10 -10 -10 -100    0 -1000 -1000 -10
25 6 pedestrian 0 0 -10 616.65 164.06 644.06 193.69 -10 -10 -10 -100    0 -1000 -1000 -10
25 5 pedestrian 0 0 -10 511.82 163.00 541.20 191.68 -10 -10 -10 -100    0 -1000 -1000 -10
25 2 pedestrian 0 0 -10 605.56 161.61 646.06 184.06 -10 -10 -10 -100    0 -1000 -1000 -10
25 1 pedestrian 0 0 -10 404.85 175.57 427.81 214.27 -10 -10 -10 -100    0 -1000 -1000 -10
26 21 pedestrian 0 0 -10 805.10 150.76 905.72 186.60 -10 -10 -10 -100    0 -1000 -1000 -10
26 19 pedestrian 0 0 -10 457.95 172.31 470.84 206.36 -10 -10 -10 -100    0 -1000 -1000 -10
26 12 pedestrian 0 0 -10 527.35 172.18 561.62 202.47 -10 -10 -10 -100    0 -1000 -1000 -10
26 10 pedestrian 0 0 -10 875.85 140.11 993.79 183.99 -10 -10 -10 -100    0 -1000 -1000 -10
26 7 pedestrian 0 0 -10 712.91 156.28 735.83 187.12 -10 -10 -10 -100    0 -1000 -1000 -10
26 6 pedestrian 0 0 -10 622.66 167.24 650.91 198.24 -10 -10 -10 -100    0 -1000 -1000 -10
26 2 pedestrian 0 0 -10 605.01 165.57 643.55 187.25 -10 -10 -10 -100    0 -1000 -1000 -10
26 1 pedestrian 0 0 -10 401.26 178.57 426.73 218.70 -10 -10 -10 -100    0 -1000 -1000 -10
27 21 pedestrian 0 0 -10 807.71 155.25 911.41 189.35 -10 -10 -10 -100    0 -1000 -1000 -10
27 19 pedestrian 0 0 -10 457.23 175.67 468.69 208.72 -10 -10 -10 -100    0 -1000 -1000 -10
27 12 pedestrian 0 0 -10 524.59 175.14 559.94 206.03 -10 -10 -10 -100    0 -1000 -1000 -10
27 10 pedestrian 0 0 -10 885.05 141.70 1007.95 188.86 -10 -10 -10 -100    0 -1000 -1000 -10
27 7 pedestrian 0 0 -10 714.05 158.41 736.48 189.31 -10 -10 -10 -100    0 -1000 -1000 -10
27 6 pedestrian 0 0 -10 626.86 169.43 655.77 201.34 -10 -10 -10 -100    0 -1000 -1000 -10
27 2 pedestrian 0 0 -10 603.25 167.90 650.56 190.25 -10 -10 -10 -100    0 -1000 -1000 -10
27 1 pedestrian 0 0 -10 399.69 181.60 423.03 221.47 -10 -10 -10 -100    0 -1000 -1000 -10
28 21 pedestrian 0 0 -10 812.77 153.80 920.71 189.68 -10 -10 -10 -100    0 -1000 -1000 -10
28 19 pedestrian 0 0 -10 455.79 173.76 467.97 208.97 -10 -10 -10 -100    0 -1000 -1000 -10
28 12 pedestrian 0 0 -10 521.75 174.54 558.20 206.11 -10 -10 -10 -100    0 -1000 -1000 -10
28 10 pedestrian 0 0 -10 896.62 141.93 1022.18 190.50 -10 -10 -10 -100    0 -1000 -1000 -10
28 7 pedestrian 0 0 -10 715.55 158.02 738.62 189.33 -10 -10 -10 -100    0 -1000 -1000 -10
28 6 pedestrian 0 0 -10 631.78 168.21 661.56 200.58 -10 -10 -10 -100    0 -1000 -1000 -10
28 2 pedestrian 0 0 -10 604.08 167.51 650.93 189.72 -10 -10 -10 -100    0 -1000 -1000 -10
28 1 pedestrian 0 0 -10 395.13 180.81 418.97 221.19 -10 -10 -10 -100    0 -1000 -1000 -10
29 25 pedestrian 0 0 -10 370.65 181.41 391.21 215.31 -10 -10 -10 -100    0 -1000 -1000 -10
29 24 pedestrian 0 0 -10 583.58 167.50 610.12 199.01 -10 -10 -10 -100    0 -1000 -1000 -10
29 21 pedestrian 0 0 -10 812.91 153.05 913.48 189.21 -10 -10 -10 -100    0 -1000 -1000 -10
29 19 pedestrian 0 0 -10 452.07 174.11 465.21 208.38 -10 -10 -10 -100    0 -1000 -1000 -10
29 12 pedestrian 0 0 -10 519.38 173.44 556.29 205.74 -10 -10 -10 -100    0 -1000 -1000 -10
29 10 pedestrian 0 0 -10 908.00 139.75 1044.90 191.36 -10 -10 -10 -100    0 -1000 -1000 -10
29 7 pedestrian 0 0 -10 716.43 157.28 739.84 188.72 -10 -10 -10 -100    0 -1000 -1000 -10
29 6 pedestrian 0 0 -10 638.11 166.56 667.81 199.68 -10 -10 -10 -100    0 -1000 -1000 -10
29 2 pedestrian 0 0 -10 600.93 165.59 650.09 189.55 -10 -10 -10 -100    0 -1000 -1000 -10
29 1 pedestrian 0 0 -10 388.34 178.34 413.67 219.59 -10 -10 -10 -100    0 -1000 -1000 -10
30 25 pedestrian 0 0 -10 364.69 182.18 385.14 216.10 -10 -10 -10 -100    0 -1000 -1000 -10
30 24 pedestrian 0 0 -10 589.87 167.91 616.38 200.02 -10 -10 -10 -100    0 -1000 -1000 -10
30 21 pedestrian 0 0 -10 817.89 154.45 924.29 187.75 -10 -10 -10 -100    0 -1000 -1000 -10
30 19 pedestrian 0 0 -10 448.91 173.99 465.67 211.71 -10 -10 -10 -100    0 -1000 -1000 -10
30 12 pedestrian 0 0 -10 517.29 174.24 555.39 207.63 -10 -10 -10 -100    0 -1000 -1000 -10
30 10 pedestrian 0 0 -10 921.48 139.17 1063.41 191.17 -10 -10 -10 -100    0 -1000 -1000 -10
30 9 pedestrian 0 0 -10 503.56 169.84 521.56 202.57 -10 -10 -10 -100    0 -1000 -1000 -10
30 7 pedestrian 0 0 -10 720.57 158.98 743.26 189.17 -10 -10 -10 -100    0 -1000 -1000 -10
30 6 pedestrian 0 0 -10 643.52 167.17 673.25 200.82 -10 -10 -10 -100    0 -1000 -1000 -10
30 2 pedestrian 0 0 -10 601.20 165.56 649.56 189.25 -10 -10 -10 -100    0 -1000 -1000 -10
30 1 pedestrian 0 0 -10 382.88 179.03 408.27 221.05 -10 -10 -10 -100    0 -1000 -1000 -10
31 21 pedestrian 0 0 -10 823.28 151.28 939.47 185.90 -10 -10 -10 -100    0 -1000 -1000 -10
31 19 pedestrian 0 0 -10 446.57 173.17 462.71 211.20 -10 -10 -10 -100    0 -1000 -1000 -10
31 12 pedestrian 0 0 -10 514.95 173.32 553.61 208.00 -10 -10 -10 -100    0 -1000 -1000 -10
31 10 pedestrian 0 0 -10 936.27 136.30 1083.90 192.02 -10 -10 -10 -100    0 -1000 -1000 -10
31 9 pedestrian 0 0 -10 497.24 168.58 518.98 202.72 -10 -10 -10 -100    0 -1000 -1000 -10
31 24 pedestrian 0 0 -10 594.87 165.89 621.43 199.36 -10 -10 -10 -100    0 -1000 -1000 -10
31 7 pedestrian 0 0 -10 722.19 158.07 744.77 187.51 -10 -10 -10 -100    0 -1000 -1000 -10
31 6 pedestrian 0 0 -10 650.69 164.44 681.42 199.80 -10 -10 -10 -100    0 -1000 -1000 -10
31 25 pedestrian 0 0 -10 358.20 180.07 379.29 215.85 -10 -10 -10 -100    0 -1000 -1000 -10
31 2 pedestrian 0 0 -10 600.15 163.49 649.97 188.73 -10 -10 -10 -100    0 -1000 -1000 -10
31 1 pedestrian 0 0 -10 376.50 178.05 403.79 219.54 -10 -10 -10 -100    0 -1000 -1000 -10
32 21 pedestrian 0 0 -10 823.91 150.52 945.87 183.85 -10 -10 -10 -100    0 -1000 -1000 -10
32 19 pedestrian 0 0 -10 445.93 170.72 460.72 210.57 -10 -10 -10 -100    0 -1000 -1000 -10
32 12 pedestrian 0 0 -10 511.75 171.45 553.26 208.33 -10 -10 -10 -100    0 -1000 -1000 -10
32 10 pedestrian 0 0 -10 951.57 134.63 1108.12 193.61 -10 -10 -10 -100    0 -1000 -1000 -10
32 9 pedestrian 0 0 -10 496.17 165.84 517.00 200.41 -10 -10 -10 -100    0 -1000 -1000 -10
32 24 pedestrian 0 0 -10 600.78 164.84 629.94 198.86 -10 -10 -10 -100    0 -1000 -1000 -10
32 7 pedestrian 0 0 -10 724.93 157.46 749.28 187.22 -10 -10 -10 -100    0 -1000 -1000 -10
32 6 pedestrian 0 0 -10 657.24 162.37 689.36 198.92 -10 -10 -10 -100    0 -1000 -1000 -10
32 25 pedestrian 0 0 -10 352.18 179.97 371.70 214.07 -10 -10 -10 -100    0 -1000 -1000 -10
32 2 pedestrian 0 0 -10 602.56 162.52 652.84 186.89 -10 -10 -10 -100    0 -1000 -1000 -10
32 1 pedestrian 0 0 -10 372.82 176.45 400.63 219.28 -10 -10 -10 -100    0 -1000 -1000 -10
33 21 pedestrian 0 0 -10 830.60 148.82 961.03 183.54 -10 -10 -10 -100    0 -1000 -1000 -10
33 19 pedestrian 0 0 -10 445.73 171.04 460.68 211.10 -10 -10 -10 -100    0 -1000 -1000 -10
33 12 pedestrian 0 0 -10 509.35 170.80 552.20 209.33 -10 -10 -10 -100    0 -1000 -1000 -10
33 10 pedestrian 0 0 -10 969.19 132.69 1135.78 194.35 -10 -10 -10 -100    0 -1000 -1000 -10
33 9 pedestrian 0 0 -10 489.70 166.90 509.08 201.09 -10 -10 -10 -100    0 -1000 -1000 -10
33 24 pedestrian 0 0 -10 605.70 163.27 637.08 198.86 -10 -10 -10 -100    0 -1000 -1000 -10
33 7 pedestrian 0 0 -10 727.52 157.55 753.50 186.97 -10 -10 -10 -100    0 -1000 -1000 -10
33 6 pedestrian 0 0 -10 664.66 161.91 697.56 197.60 -10 -10 -10 -100    0 -1000 -1000 -10
33 25 pedestrian 0 0 -10 348.58 178.34 369.46 214.14 -10 -10 -10 -100    0 -1000 -1000 -10
33 2 pedestrian 0 0 -10 603.88 161.09 652.68 186.80 -10 -10 -10 -100    0 -1000 -1000 -10
33 1 pedestrian 0 0 -10 367.00 175.55 396.83 219.70 -10 -10 -10 -100    0 -1000 -1000 -10
34 21 pedestrian 0 0 -10 836.53 147.24 973.32 185.75 -10 -10 -10 -100    0 -1000 -1000 -10
34 19 pedestrian 0 0 -10 444.78 171.47 462.50 212.53 -10 -10 -10 -100    0 -1000 -1000 -10
34 12 pedestrian 0 0 -10 505.29 172.93 551.02 211.34 -10 -10 -10 -100    0 -1000 -1000 -10
34 10 pedestrian 0 0 -10 987.71 132.68 1164.98 197.96 -10 -10 -10 -100    0 -1000 -1000 -10
34 9 pedestrian 0 0 -10 486.84 168.18 505.99 202.37 -10 -10 -10 -100    0 -1000 -1000 -10
34 24 pedestrian 0 0 -10 611.63 163.87 644.33 200.60 -10 -10 -10 -100    0 -1000 -1000 -10
34 7 pedestrian 0 0 -10 728.17 158.25 754.93 188.54 -10 -10 -10 -100    0 -1000 -1000 -10
34 6 pedestrian 0 0 -10 670.89 161.61 704.98 199.27 -10 -10 -10 -100    0 -1000 -1000 -10
34 25 pedestrian 0 0 -10 346.80 178.74 366.62 215.99 -10 -10 -10 -100    0 -1000 -1000 -10
34 1 pedestrian 0 0 -10 362.46 176.25 393.59 221.53 -10 -10 -10 -100    0 -1000 -1000 -10
35 19 pedestrian 0 0 -10 441.66 171.99 460.46 213.85 -10 -10 -10 -100    0 -1000 -1000 -10
35 21 pedestrian 0 0 -10 842.06 145.57 982.54 184.55 -10 -10 -10 -100    0 -1000 -1000 -10
35 12 pedestrian 0 0 -10 502.94 173.18 550.10 212.65 -10 -10 -10 -100    0 -1000 -1000 -10
35 26 pedestrian 0 0 -10 550.95 167.41 576.51 201.26 -10 -10 -10 -100    0 -1000 -1000 -10
35 10 pedestrian 0 0 -10 1008.50 131.05 1195.18 200.80 -10 -10 -10 -100    0 -1000 -1000 -10
35 9 pedestrian 0 0 -10 482.84 166.72 505.34 201.86 -10 -10 -10 -100    0 -1000 -1000 -10
35 24 pedestrian 0 0 -10 619.66 164.59 650.75 200.83 -10 -10 -10 -100    0 -1000 -1000 -10
35 7 pedestrian 0 0 -10 729.55 157.19 759.19 188.96 -10 -10 -10 -100    0 -1000 -1000 -10
35 6 pedestrian 0 0 -10 679.04 159.60 713.68 198.24 -10 -10 -10 -100    0 -1000 -1000 -10
35 25 pedestrian 0 0 -10 338.23 180.87 358.33 217.00 -10 -10 -10 -100    0 -1000 -1000 -10
35 1 pedestrian 0 0 -10 357.89 176.61 390.05 222.31 -10 -10 -10 -100    0 -1000 -1000 -10
36 21 pedestrian 0 0 -10 845.39 144.39 992.92 179.74 -10 -10 -10 -100    0 -1000 -1000 -10
36 12 pedestrian 0 0 -10 498.90 172.38 548.97 213.03 -10 -10 -10 -100    0 -1000 -1000 -10
36 26 pedestrian 0 0 -10 557.08 166.17 586.87 200.24 -10 -10 -10 -100    0 -1000 -1000 -10
36 10 pedestrian 0 0 -10 1031.95 128.45 1224.00 201.66 -10 -10 -10 -100    0 -1000 -1000 -10
36 24 pedestrian 0 0 -10 626.90 162.61 660.77 201.13 -10 -10 -10 -100    0 -1000 -1000 -10
36 7 pedestrian 0 0 -10 732.90 155.00 763.84 189.15 -10 -10 -10 -100    0 -1000 -1000 -10
36 6 pedestrian 0 0 -10 686.36 156.73 723.08 198.79 -10 -10 -10 -100    0 -1000 -1000 -10
36 25 pedestrian 0 0 -10 332.12 179.92 354.23 216.07 -10 -10 -10 -100    0 -1000 -1000 -10
36 1 pedestrian 0 0 -10 353.34 176.45 386.42 222.58 -10 -10 -10 -100    0 -1000 -1000 -10
37 21 pedestrian 0 0 -10 917.52 142.17 994.36 170.46 -10 -10 -10 -100    0 -1000 -1000 -10
37 12 pedestrian 0 0 -10 495.77 171.49 546.70 213.47 -10 -10 -10 -100    0 -1000 -1000 -10
37 26 pedestrian 0 0 -10 562.10 163.61 594.58 199.82 -10 -10 -10 -100    0 -1000 -1000 -10
37 10 pedestrian 0 0 -10 1056.69 125.53 1224.00 205.05 -10 -10 -10 -100    0 -1000 -1000 -10
37 24 pedestrian 0 0 -10 635.77 161.29 669.59 201.46 -10 -10 -10 -100    0 -1000 -1000 -10
37 7 pedestrian 0 0 -10 738.99 154.92 770.92 189.20 -10 -10 -10 -100    0 -1000 -1000 -10
37 6 pedestrian 0 0 -10 696.17 156.58 733.16 197.66 -10 -10 -10 -100    0 -1000 -1000 -10
37 25 pedestrian 0 0 -10 325.82 178.44 351.05 216.68 -10 -10 -10 -100    0 -1000 -1000 -10
37 2 pedestrian 0 0 -10 600.02 160.25 638.91 185.76 -10 -10 -10 -100    0 -1000 -1000 -10
37 1 pedestrian 0 0 -10 348.80 173.79 384.46 222.18 -10 -10 -10 -100    0 -1000 -1000 -10
38 21 pedestrian 0 0 -10 926.72 143.94 1002.96 171.41 -10 -10 -10 -100    0 -1000 -1000 -10
38 12 pedestrian 0 0 -10 492.16 172.17 544.32 215.32 -10 -10 -10 -100    0 -1000 -1000 -10
38 26 pedestrian 0 0 -10 565.08 165.18 596.39 200.36 -10 -10 -10 -100    0 -1000 -1000 -10
38 10 pedestrian 0 0 -10 1083.77 125.25 1223.74 207.49 -10 -10 -10 -100    0 -1000 -1000 -10
38 24 pedestrian 0 0 -10 643.36 162.34 678.35 202.08 -10 -10 -10 -100    0 -1000 -1000 -10
38 7 pedestrian 0 0 -10 745.85 156.71 778.18 189.28 -10 -10 -10 -100    0 -1000 -1000 -10
38 6 pedestrian 0 0 -10 703.91 155.18 742.43 197.23 -10 -10 -10 -100    0 -1000 -1000 -10
38 25 pedestrian 0 0 -10 321.44 179.70 347.16 217.80 -10 -10 -10 -100    0 -1000 -1000 -10
38 2 pedestrian 0 0 -10 601.81 159.96 640.93 186.44 -10 -10 -10 -100    0 -1000 -1000 -10
38 1 pedestrian 0 0 -10 344.34 175.10 381.75 223.84 -10 -10 -10 -100    0 -1000 -1000 -10
39 28 pedestrian 0 0 -10 862.81 153.02 928.34 183.52 -10 -10 -10 -100    0 -1000 -1000 -10
39 21 pedestrian 0 0 -10 931.54 141.36 1015.71 169.80 -10 -10 -10 -100    0 -1000 -1000 -10
39 12 pedestrian 0 0 -10 489.08 171.62 542.31 216.08 -10 -10 -10 -100    0 -1000 -1000 -10
39 26 pedestrian 0 0 -10 571.03 162.41 601.13 198.04 -10 -10 -10 -100    0 -1000 -1000 -10
39 10 pedestrian 0 0 -10 1119.18 130.52 1224.00 208.62 -10 -10 -10 -100    0 -1000 -1000 -10
39 24 pedestrian 0 0 -10 653.66 160.60 689.21 201.45 -10 -10 -10 -100    0 -1000 -1000 -10
39 7 pedestrian 0 0 -10 748.73 154.73 778.73 189.95 -10 -10 -10 -100    0 -1000 -1000 -10
39 6 pedestrian 0 0 -10 714.41 153.73 755.75 196.51 -10 -10 -10 -100    0 -1000 -1000 -10
39 25 pedestrian 0 0 -10 313.93 179.92 342.08 217.75 -10 -10 -10 -100    0 -1000 -1000 -10
39 27 pedestrian 0 0 -10 1041.20 138.25 1101.53 169.11 -10 -10 -10 -100    0 -1000 -1000 -10
39 2 pedestrian 0 0 -10 604.41 158.94 644.74 185.83 -10 -10 -10 -100    0 -1000 -1000 -10
39 1 pedestrian 0 0 -10 340.30 174.46 379.92 223.82 -10 -10 -10 -100    0 -1000 -1000 -10
40 28 pedestrian 0 0 -10 871.13 154.55 939.45 185.59 -10 -10 -10 -100    0 -1000 -1000 -10
40 21 pedestrian 0 0 -10 941.13 141.78 1025.95 171.37 -10 -10 -10 -100    0 -1000 -1000 -10
40 12 pedestrian 0 0 -10 486.04 171.67 540.95 218.75 -10 -10 -10 -100    0 -1000 -1000 -10
40 26 pedestrian 0 0 -10 578.91 161.87 610.26 197.66 -10 -10 -10 -100    0 -1000 -1000 -10
40 10 pedestrian 0 0 -10 1157.35 124.35 1223.97 212.29 -10 -10 -10 -100    0 -1000 -1000 -10
40 24 pedestrian 0 0 -10 663.19 160.41 700.15 202.70 -10 -10 -10 -100    0 -1000 -1000 -10
40 7 pedestrian 0 0 -10 752.96 154.56 785.39 191.79 -10 -10 -10 -100    0 -1000 -1000 -10
40 6 pedestrian 0 0 -10 724.44 152.53 766.63 198.63 -10 -10 -10 -100    0 -1000 -1000 -10
40 25 pedestrian 0 0 -10 309.49 179.03 339.88 219.31 -10 -10 -10 -100    0 -1000 -1000 -10
40 27 pedestrian 0 0 -10 1049.45 141.18 1102.00 169.08 -10 -10 -10 -100    0 -1000 -1000 -10
40 2 pedestrian 0 0 -10 605.08 158.90 647.03 187.19 -10 -10 -10 -100    0 -1000 -1000 -10
40 1 pedestrian 0 0 -10 337.33 174.69 378.91 225.29 -10 -10 -10 -100    0 -1000 -1000 -10
41 28 pedestrian 0 0 -10 878.46 152.88 948.85 186.73 -10 -10 -10 -100    0 -1000 -1000 -10
41 21 pedestrian 0 0 -10 949.15 141.02 1040.03 172.74 -10 -10 -10 -100    0 -1000 -1000 -10
41 12 pedestrian 0 0 -10 481.61 171.73 539.35 220.55 -10 -10 -10 -100    0 -1000 -1000 -10
41 26 pedestrian 0 0 -10 585.35 161.72 616.75 196.05 -10 -10 -10 -100    0 -1000 -1000 -10
41 10 pedestrian 0 0 -10 1200.66 115.34 1223.92 226.35 -10 -10 -10 -100    0 -1000 -1000 -10
41 24 pedestrian 0 0 -10 673.74 158.33 713.36 203.45 -10 -10 -10 -100    0 -1000 -1000 -10
41 6 pedestrian 0 0 -10 736.17 150.13 778.89 197.85 -10 -10 -10 -100    0 -1000 -1000 -10
41 25 pedestrian 0 0 -10 305.47 181.09 336.65 221.27 -10 -10 -10 -100    0 -1000 -1000 -10
41 27 pedestrian 0 0 -10 1054.04 140.42 1109.39 169.31 -10 -10 -10 -100    0 -1000 -1000 -10
41 2 pedestrian 0 0 -10 607.85 159.20 647.45 185.88 -10 -10 -10 -100    0 -1000 -1000 -10
41 1 pedestrian 0 0 -10 333.73 176.14 375.44 226.76 -10 -10 -10 -100    0 -1000 -1000 -10
42 28 pedestrian 0 0 -10 886.99 154.09 960.22 187.62 -10 -10 -10 -100    0 -1000 -1000 -10
42 21 pedestrian 0 0 -10 956.89 141.44 1049.34 174.53 -10 -10 -10 -100    0 -1000 -1000 -10
42 12 pedestrian 0 0 -10 476.08 172.25 537.67 223.17 -10 -10 -10 -100    0 -1000 -1000 -10
42 26 pedestrian 0 0 -10 594.17 160.92 625.89 196.37 -10 -10 -10 -100    0 -1000 -1000 -10
42 24 pedestrian 0 0 -10 685.19 158.74 723.76 203.03 -10 -10 -10 -100    0 -1000 -1000 -10
42 6 pedestrian 0 0 -10 746.64 150.49 790.85 199.69 -10 -10 -10 -100    0 -1000 -1000 -10
42 25 pedestrian 0 0 -10 299.76 180.60 332.27 220.97 -10 -10 -10 -100    0 -1000 -1000 -10
42 27 pedestrian 0 0 -10 1062.12 142.26 1120.35 172.39 -10 -10 -10 -100    0 -1000 -1000 -10
42 2 pedestrian 0 0 -10 607.00 159.51 648.27 183.05 -10 -10 -10 -100    0 -1000 -1000 -10
42 1 pedestrian 0 0 -10 329.33 176.22 372.66 227.53 -10 -10 -10 -100    0 -1000 -1000 -10
43 19 pedestrian 0 0 -10 425.29 161.92 444.49 210.28 -10 -10 -10 -100    0 -1000 -1000 -10
43 28 pedestrian 0 0 -10 891.80 153.13 971.17 187.74 -10 -10 -10 -100    0 -1000 -1000 -10
43 21 pedestrian 0 0 -10 966.93 140.03 1061.68 173.56 -10 -10 -10 -100    0 -1000 -1000 -10
43 12 pedestrian 0 0 -10 471.22 170.51 535.80 223.30 -10 -10 -10 -100    0 -1000 -1000 -10
43 26 pedestrian 0 0 -10 600.53 158.13 633.19 194.83 -10 -10 -10 -100    0 -1000 -1000 -10
43 24 pedestrian 0 0 -10 696.42 155.39 736.35 202.05 -10 -10 -10 -100    0 -1000 -1000 -10
43 6 pedestrian 0 0 -10 759.62 150.56 805.85 198.45 -10 -10 -10 -100    0 -1000 -1000 -10
43 25 pedestrian 0 0 -10 292.38 177.47 326.72 218.83 -10 -10 -10 -100    0 -1000 -1000 -10
43 27 pedestrian 0 0 -10 1070.85 142.05 1130.83 170.78 -10 -10 -10 -100    0 -1000 -1000 -10
43 1 pedestrian 0 0 -10 324.72 173.02 371.49 227.76 -10 -10 -10 -100    0 -1000 -1000 -10
44 19 pedestrian 0 0 -10 418.63 159.82 439.41 211.02 -10 -10 -10 -100    0 -1000 -1000 -10
44 30 pedestrian 0 0 -10 1174.42 139.04 1223.82 173.67 -10 -10 -10 -100    0 -1000 -1000 -10
44 28 pedestrian 0 0 -10 899.62 152.93 977.39 188.59 -10 -10 -10 -100    0 -1000 -1000 -10
44 21 pedestrian 0 0 -10 976.13 139.74 1066.55 173.99 -10 -10 -10 -100    0 -1000 -1000 -10
44 12 pedestrian 0 0 -10 466.02 169.29 534.49 224.89 -10 -10 -10 -100    0 -1000 -1000 -10
44 26 pedestrian 0 0 -10 608.87 155.36 643.78 193.89 -10 -10 -10 -100    0 -1000 -1000 -10
44 24 pedestrian 0 0 -10 709.54 153.78 752.63 201.61 -10 -10 -10 -100    0 -1000 -1000 -10
44 6 pedestrian 0 0 -10 772.48 148.40 820.19 198.56 -10 -10 -10 -100    0 -1000 -1000 -10
44 25 pedestrian 0 0 -10 286.81 175.56 323.17 219.43 -10 -10 -10 -100    0 -1000 -1000 -10
44 27 pedestrian 0 0 -10 1075.11 146.75 1136.90 171.39 -10 -10 -10 -100    0 -1000 -1000 -10
44 1 pedestrian 0 0 -10 320.42 171.76 369.76 228.16 -10 -10 -10 -100    0 -1000 -1000 -10
45 19 pedestrian 0 0 -10 423.44 160.01 441.82 210.29 -10 -10 -10 -100    0 -1000 -1000 -10
45 30 pedestrian 0 0 -10 1187.86 136.65 1224.00 175.69 -10 -10 -10 -100    0 -1000 -1000 -10
45 28 pedestrian 0 0 -10 905.15 153.02 983.98 189.15 -10 -10 -10 -100    0 -1000 -1000 -10
45 21 pedestrian 0 0 -10 984.18 140.49 1085.20 174.05 -10 -10 -10 -100    0 -1000 -1000 -10
45 12 pedestrian 0 0 -10 460.94 168.16 532.91 226.52 -10 -10 -10 -100    0 -1000 -1000 -10
45 26 pedestrian 0 0 -10 618.38 156.32 652.22 193.51 -10 -10 -10 -100    0 -1000 -1000 -10
45 24 pedestrian 0 0 -10 723.78 151.86 767.40 201.66 -10 -10 -10 -100    0 -1000 -1000 -10
45 6 pedestrian 0 0 -10 785.21 145.84 835.36 199.07 -10 -10 -10 -100    0 -1000 -1000 -10
45 25 pedestrian 0 0 -10 277.58 175.28 317.92 219.42 -10 -10 -10 -100    0 -1000 -1000 -10
45 27 pedestrian 0 0 -10 1085.17 146.00 1150.89 170.72 -10 -10 -10 -100    0 -1000 -1000 -10
45 1 pedestrian 0 0 -10 314.49 169.37 365.20 228.06 -10 -10 -10 -100    0 -1000 -1000 -10
46 19 pedestrian 0 0 -10 421.57 160.25 442.86 211.73 -10 -10 -10 -100    0 -1000 -1000 -10
46 30 pedestrian 0 0 -10 1203.97 138.14 1224.00 181.06 -10 -10 -10 -100    0 -1000 -1000 -10
46 28 pedestrian 0 0 -10 912.75 153.28 994.84 190.40 -10 -10 -10 -100    0 -1000 -1000 -10
46 21 pedestrian 0 0 -10 993.76 141.67 1098.02 175.41 -10 -10 -10 -100    0 -1000 -1000 -10
46 12 pedestrian 0 0 -10 456.41 169.53 530.75 229.13 -10 -10 -10 -100    0 -1000 -1000 -10
46 26 pedestrian 0 0 -10 627.25 157.38 661.85 194.39 -10 -10 -10 -100    0 -1000 -1000 -10
46 24 pedestrian 0 0 -10 735.81 150.18 783.20 201.55 -10 -10 -10 -100    0 -1000 -1000 -10
46 6 pedestrian 0 0 -10 802.89 144.67 855.46 201.28 -10 -10 -10 -100    0 -1000 -1000 -10
46 5 pedestrian 0 0 -10 516.02 157.54 536.08 210.57 -10 -10 -10 -100    0 -1000 -1000 -10
46 25 pedestrian 0 0 -10 272.59 174.09 312.42 220.23 -10 -10 -10 -100    0 -1000 -1000 -10
46 27 pedestrian 0 0 -10 1094.00 145.19 1167.01 172.36 -10 -10 -10 -100    0 -1000 -1000 -10
46 1 pedestrian 0 0 -10 310.37 169.30 364.61 231.06 -10 -10 -10 -100    0 -1000 -1000 -10
47 19 pedestrian 0 0 -10 417.90 159.78 440.59 215.26 -10 -10 -10 -100    0 -1000 -1000 -10
47 28 pedestrian 0 0 -10 921.70 153.76 1006.66 192.63 -10 -10 -10 -100    0 -1000 -1000 -10
47 21 pedestrian 0 0 -10 1002.70 141.73 1110.16 176.94 -10 -10 -10 -100    0 -1000 -1000 -10
47 12 pedestrian 0 0 -10 450.21 169.88 527.48 232.02 -10 -10 -10 -100    0 -1000 -1000 -10
47 26 pedestrian 0 0 -10 636.33 156.49 671.87 194.81 -10 -10 -10 -100    0 -1000 -1000 -10
47 24 pedestrian 0 0 -10 751.05 147.92 798.32 201.73 -10 -10 -10 -100    0 -1000 -1000 -10
47 6 pedestrian 0 0 -10 814.78 143.49 871.38 201.10 -10 -10 -10 -100    0 -1000 -1000 -10
47 5 pedestrian 0 0 -10 515.10 158.49 539.30 213.89 -10 -10 -10 -100    0 -1000 -1000 -10
47 25 pedestrian 0 0 -10 265.02 175.41 305.38 220.44 -10 -10 -10 -100    0 -1000 -1000 -10
47 27 pedestrian 0 0 -10 1104.41 147.76 1183.39 177.27 -10 -10 -10 -100    0 -1000 -1000 -10
47 2 pedestrian 0 0 -10 603.53 156.41 649.32 178.55 -10 -10 -10 -100    0 -1000 -1000 -10
47 1 pedestrian 0 0 -10 306.69 169.54 364.00 231.15 -10 -10 -10 -100    0 -1000 -1000 -10
48 19 pedestrian 0 0 -10 415.24 157.64 440.32 216.06 -10 -10 -10 -100    0 -1000 -1000 -10
48 28 pedestrian 0 0 -10 928.77 153.08 1013.65 192.60 -10 -10 -10 -100    0 -1000 -1000 -10
48 21 pedestrian 0 0 -10 1016.94 140.50 1123.37 176.22 -10 -10 -10 -100    0 -1000 -1000 -10
48 23 pedestrian 0 0 -10 378.51 163.76 400.35 219.15 -10 -10 -10 -100    0 -1000 -1000 -10
48 12 pedestrian 0 0 -10 444.79 169.29 525.71 233.87 -10 -10 -10 -100    0 -1000 -1000 -10
48 26 pedestrian 0 0 -10 646.09 153.64 683.01 194.24 -10 -10 -10 -100    0 -1000 -1000 -10
48 24 pedestrian 0 0 -10 768.03 146.40 819.14 201.40 -10 -10 -10 -100    0 -1000 -1000 -10
48 6 pedestrian 0 0 -10 832.69 139.87 891.93 201.28 -10 -10 -10 -100    0 -1000 -1000 -10
48 5 pedestrian 0 0 -10 517.06 155.93 541.63 212.95 -10 -10 -10 -100    0 -1000 -1000 -10
48 25 pedestrian 0 0 -10 253.77 172.35 296.55 221.20 -10 -10 -10 -100    0 -1000 -1000 -10
48 27 pedestrian 0 0 -10 1113.69 141.62 1196.91 179.52 -10 -10 -10 -100    0 -1000 -1000 -10
48 2 pedestrian 0 0 -10 603.84 154.56 650.17 176.08 -10 -10 -10 -100    0 -1000 -1000 -10
48 1 pedestrian 0 0 -10 305.19 168.89 362.53 232.13 -10 -10 -10 -100    0 -1000 -1000 -10
49 19 pedestrian 0 0 -10 414.88 156.55 438.35 219.24 -10 -10 -10 -100    0 -1000 -1000 -10
49 28 pedestrian 0 0 -10 936.80 150.95 1023.59 192.58 -10 -10 -10 -100    0 -1000 -1000 -10
49 21 pedestrian 0 0 -10 1026.53 138.81 1136.81 176.78 -10 -10 -10 -100    0 -1000 -1000 -10
49 12 pedestrian 0 0 -10 438.04 168.33 523.04 235.80 -10 -10 -10 -100    0 -1000 -1000 -10
49 26 pedestrian 0 0 -10 657.48 152.99 693.25 192.81 -10 -10 -10 -100    0 -1000 -1000 -10
49 24 pedestrian 0 0 -10 784.18 144.13 834.40 199.94 -10 -10 -10 -100    0 -1000 -1000 -10
49 6 pedestrian 0 0 -10 847.73 138.22 910.70 202.43 -10 -10 -10 -100    0 -1000 -1000 -10
49 5 pedestrian 0 0 -10 521.18 154.17 544.98 210.68 -10 -10 -10 -100    0 -1000 -1000 -10
49 25 pedestrian 0 0 -10 256.93 172.90 299.16 221.66 -10 -10 -10 -100    0 -1000 -1000 -10
49 27 pedestrian 0 0 -10 1118.97 140.06 1211.37 179.83 -10 -10 -10 -100    0 -1000 -1000 -10
49 2 pedestrian 0 0 -10 607.99 154.02 651.74 173.81 -10 -10 -10 -100    0 -1000 -1000 -10
49 1 pedestrian 0 0 -10 299.72 167.59 360.84 234.05 -10 -10 -10 -100    0 -1000 -1000 -10
50 19 pedestrian 0 0 -10 414.20 156.69 433.88 221.04 -10 -10 -10 -100    0 -1000 -1000 -10
50 28 pedestrian 0 0 -10 945.64 150.09 1038.24 194.24 -10 -10 -10 -100    0 -1000 -1000 -10
50 21 pedestrian 0 0 -10 1035.00 138.10 1150.59 177.27 -10 -10 -10 -100    0 -1000 -1000 -10
50 12 pedestrian 0 0 -10 429.72 167.83 521.42 239.08 -10 -10 -10 -100    0 -1000 -1000 -10
50 26 pedestrian 0 0 -10 669.18 151.82 707.22 193.17 -10 -10 -10 -100    0 -1000 -1000 -10
50 24 pedestrian 0 0 -10 800.41 143.16 853.24 199.79 -10 -10 -10 -100    0 -1000 -1000 -10
50 6 pedestrian 0 0 -10 864.89 138.31 928.82 202.96 -10 -10 -10 -100    0 -1000 -1000 -10
50 5 pedestrian 0 0 -10 525.80 152.63 549.20 211.62 -10 -10 -10 -100    0 -1000 -1000 -10
50 25 pedestrian 0 0 -10 245.81 171.69 291.87 224.38 -10 -10 -10 -100    0 -1000 -1000 -10
50 27 pedestrian 0 0 -10 1125.81 138.87 1222.93 181.05 -10 -10 -10 -100    0 -1000 -1000 -10
50 2 pedestrian 0 0 -10 611.05 154.16 651.87 173.92 -10 -10 -10 -100    0 -1000 -1000 -10
50 1 pedestrian 0 0 -10 297.79 168.00 359.48 235.23 -10 -10 -10 -100    0 -1000 -1000 -10
51 19 pedestrian 0 0 -10 413.11 158.19 433.81 226.04 -10 -10 -10 -100    0 -1000 -1000 -10
51 28 pedestrian 0 0 -10 954.80 151.10 1048.78 196.99 -10 -10 -10 -100    0 -1000 -1000 -10
51 21 pedestrian 0 0 -10 1046.49 138.97 1166.12 179.33 -10 -10 -10 -100    0 -1000 -1000 -10
51 12 pedestrian 0 0 -10 421.30 170.03 519.14 245.74 -10 -10 -10 -100    0 -1000 -1000 -10
51 26 pedestrian 0 0 -10 680.58 154.54 717.66 195.91 -10 -10 -10 -100    0 -1000 -1000 -10
51 24 pedestrian 0 0 -10 817.56 142.42 870.65 200.48 -10 -10 -10 -100    0 -1000 -1000 -10
51 6 pedestrian 0 0 -10 883.74 141.04 949.74 205.62 -10 -10 -10 -100    0 -1000 -1000 -10
51 5 pedestrian 0 0 -10 527.21 156.52 554.10 216.28 -10 -10 -10 -100    0 -1000 -1000 -10
51 25 pedestrian 0 0 -10 241.13 176.10 284.18 232.19 -10 -10 -10 -100    0 -1000 -1000 -10
51 27 pedestrian 0 0 -10 1134.93 138.58 1224.00 183.04 -10 -10 -10 -100    0 -1000 -1000 -10
51 2 pedestrian 0 0 -10 612.50 157.10 652.19 177.59 -10 -10 -10 -100    0 -1000 -1000 -10
51 1 pedestrian 0 0 -10 294.75 172.01 357.68 237.39 -10 -10 -10 -100    0 -1000 -1000 -10
52 33 pedestrian 0 0 -10 330.14 168.58 364.84 230.68 -10 -10 -10 -100    0 -1000 -1000 -10
52 19 pedestrian 0 0 -10 409.78 157.52 431.40 228.28 -10 -10 -10 -100    0 -1000 -1000 -10
52 28 pedestrian 0 0 -10 962.84 151.71 1063.23 198.08 -10 -10 -10 -100    0 -1000 -1000 -10
52 21 pedestrian 0 0 -10 1059.40 139.34 1181.16 180.20 -10 -10 -10 -100    0 -1000 -1000 -10
52 12 pedestrian 0 0 -10 413.09 170.61 515.81 250.12 -10 -10 -10 -100    0 -1000 -1000 -10
52 26 pedestrian 0 0 -10 693.01 155.01 731.92 195.52 -10 -10 -10 -100    0 -1000 -1000 -10
52 24 pedestrian 0 0 -10 835.47 140.78 891.19 202.05 -10 -10 -10 -100    0 -1000 -1000 -10
52 6 pedestrian 0 0 -10 904.48 135.44 976.39 207.51 -10 -10 -10 -100    0 -1000 -1000 -10
52 5 pedestrian 0 0 -10 528.92 158.07 559.43 220.31 -10 -10 -10 -100    0 -1000 -1000 -10
52 25 pedestrian 0 0 -10 248.95 178.16 268.75 229.61 -10 -10 -10 -100    0 -1000 -1000 -10
52 27 pedestrian 0 0 -10 1143.42 137.64 1224.00 185.19 -10 -10 -10 -100    0 -1000 -1000 -10
52 2 pedestrian 0 0 -10 612.56 159.40 654.47 179.14 -10 -10 -10 -100    0 -1000 -1000 -10
52 1 pedestrian 0 0 -10 293.08 169.84 363.22 240.44 -10 -10 -10 -100    0 -1000 -1000 -10
53 33 pedestrian 0 0 -10 319.69 169.06 343.36 234.42 -10 -10 -10 -100    0 -1000 -1000 -10
53 19 pedestrian 0 0 -10 405.88 160.06 427.24 230.26 -10 -10 -10 -100    0 -1000 -1000 -10
53 28 pedestrian 0 0 -10 971.67 153.91 1082.30 189.63 -10 -10 -10 -100    0 -1000 -1000 -10
53 21 pedestrian 0 0 -10 1069.82 139.29 1196.46 180.99 -10 -10 -10 -100    0 -1000 -1000 -10
53 12 pedestrian 0 0 -10 404.80 171.54 512.42 254.44 -10 -10 -10 -100    0 -1000 -1000 -10
53 26 pedestrian 0 0 -10 704.76 155.43 742.79 197.45 -10 -10 -10 -100    0 -1000 -1000 -10
53 24 pedestrian 0 0 -10 856.47 138.68 915.96 203.51 -10 -10 -10 -100    0 -1000 -1000 -10
53 6 pedestrian 0 0 -10 925.15 135.96 1002.85 207.50 -10 -10 -10 -100    0 -1000 -1000 -10
53 5 pedestrian 0 0 -10 538.85 158.98 562.24 221.95 -10 -10 -10 -100    0 -1000 -1000 -10
53 25 pedestrian 0 0 -10 233.81 178.16 255.42 232.16 -10 -10 -10 -100    0 -1000 -1000 -10
53 27 pedestrian 0 0 -10 1161.95 135.87 1223.93 180.04 -10 -10 -10 -100    0 -1000 -1000 -10
53 2 pedestrian 0 0 -10 614.96 161.63 654.11 181.04 -10 -10 -10 -100    0 -1000 -1000 -10
53 1 pedestrian 0 0 -10 290.47 169.14 360.68 241.48 -10 -10 -10 -100    0 -1000 -1000 -10
54 33 pedestrian 0 0 -10 303.59 168.97 327.18 236.50 -10 -10 -10 -100    0 -1000 -1000 -10
54 19 pedestrian 0 0 -10 398.98 157.04 421.40 233.67 -10 -10 -10 -100    0 -1000 -1000 -10
54 28 pedestrian 0 0 -10 980.81 153.40 1093.86 188.75 -10 -10 -10 -100    0 -1000 -1000 -10
54 21 pedestrian 0 0 -10 1079.75 138.49 1215.35 181.41 -10 -10 -10 -100    0 -1000 -1000 -10
54 12 pedestrian 0 0 -10 393.52 172.04 509.48 259.91 -10 -10 -10 -100    0 -1000 -1000 -10
54 26 pedestrian 0 0 -10 718.62 155.55 758.13 198.76 -10 -10 -10 -100    0 -1000 -1000 -10
54 24 pedestrian 0 0 -10 876.71 138.71 937.72 203.51 -10 -10 -10 -100    0 -1000 -1000 -10
54 6 pedestrian 0 0 -10 948.18 131.97 1038.04 210.48 -10 -10 -10 -100    0 -1000 -1000 -10
54 5 pedestrian 0 0 -10 542.25 159.08 565.13 224.51 -10 -10 -10 -100    0 -1000 -1000 -10
54 25 pedestrian 0 0 -10 225.64 179.01 249.42 234.50 -10 -10 -10 -100    0 -1000 -1000 -10
54 2 pedestrian 0 0 -10 616.06 161.97 654.67 181.07 -10 -10 -10 -100    0 -1000 -1000 -10
54 1 pedestrian 0 0 -10 288.64 168.00 361.64 244.06 -10 -10 -10 -100    0 -1000 -1000 -10
55 34 pedestrian 0 0 -10 228.17 178.64 251.07 236.85 -10 -10 -10 -100    0 -1000 -1000 -10
55 33 pedestrian 0 0 -10 280.57 171.56 317.34 240.55 -10 -10 -10 -100    0 -1000 -1000 -10
55 19 pedestrian 0 0 -10 387.90 157.90 410.90 235.54 -10 -10 -10 -100    0 -1000 -1000 -10
55 28 pedestrian 0 0 -10 989.72 153.15 1106.77 188.41 -10 -10 -10 -100    0 -1000 -1000 -10
55 21 pedestrian 0 0 -10 1092.25 137.49 1222.32 180.23 -10 -10 -10 -100    0 -1000 -1000 -10
55 12 pedestrian 0 0 -10 382.03 173.69 504.98 267.78 -10 -10 -10 -100    0 -1000 -1000 -10
55 26 pedestrian 0 0 -10 729.68 153.87 771.51 198.61 -10 -10 -10 -100    0 -1000 -1000 -10
55 24 pedestrian 0 0 -10 897.20 136.90 962.64 203.21 -10 -10 -10 -100    0 -1000 -1000 -10
55 6 pedestrian 0 0 -10 975.39 132.93 1060.75 211.49 -10 -10 -10 -100    0 -1000 -1000 -10
55 5 pedestrian 0 0 -10 544.47 158.29 571.92 226.60 -10 -10 -10 -100    0 -1000 -1000 -10
55 25 pedestrian 0 0 -10 216.71 178.84 241.21 236.51 -10 -10 -10 -100    0 -1000 -1000 -10
55 2 pedestrian 0 0 -10 617.50 162.83 656.14 181.28 -10 -10 -10 -100    0 -1000 -1000 -10
55 1 pedestrian 0 0 -10 286.63 168.07 361.19 243.63 -10 -10 -10 -100    0 -1000 -1000 -10
56 34 pedestrian 0 0 -10 220.90 178.79 244.27 236.58 -10 -10 -10 -100    0 -1000 -1000 -10
56 33 pedestrian 0 0 -10 263.86 171.19 301.66 245.31 -10 -10 -10 -100    0 -1000 -1000 -10
56 28 pedestrian 0 0 -10 1003.72 149.65 1118.62 187.58 -10 -10 -10 -100    0 -1000 -1000 -10
56 21 pedestrian 0 0 -10 1103.43 135.32 1223.80 180.07 -10 -10 -10 -100    0 -1000 -1000 -10
56 35 pedestrian 0 0 -10 839.78 149.52 867.32 198.16 -10 -10 -10 -100    0 -1000 -1000 -10
56 12 pedestrian 0 0 -10 370.78 174.35 500.54 273.21 -10 -10 -10 -100    0 -1000 -1000 -10
56 26 pedestrian 0 0 -10 745.51 153.10 787.13 198.43 -10 -10 -10 -100    0 -1000 -1000 -10
56 9 pedestrian 0 0 -10 475.09 165.67 507.94 197.29 -10 -10 -10 -100    0 -1000 -1000 -10
56 24 pedestrian 0 0 -10 917.77 135.88 987.54 205.04 -10 -10 -10 -100    0 -1000 -1000 -10
56 6 pedestrian 0 0 -10 996.20 128.26 1087.86 212.44 -10 -10 -10 -100    0 -1000 -1000 -10
56 5 pedestrian 0 0 -10 544.98 157.60 576.10 228.06 -10 -10 -10 -100    0 -1000 -1000 -10
56 25 pedestrian 0 0 -10 213.22 179.46 235.51 238.18 -10 -10 -10 -100    0 -1000 -1000 -10
56 2 pedestrian 0 0 -10 618.91 162.57 655.90 181.19 -10 -10 -10 -100    0 -1000 -1000 -10
56 1 pedestrian 0 0 -10 285.93 168.34 363.82 245.18 -10 -10 -10 -100    0 -1000 -1000 -10
57 34 pedestrian 0 0 -10 214.62 178.91 238.27 238.62 -10 -10 -10 -100    0 -1000 -1000 -10
57 33 pedestrian 0 0 -10 247.33 172.20 279.98 248.50 -10 -10 -10 -100    0 -1000 -1000 -10
57 31 pedestrian 0 0 -10 403.41 156.41 424.29 236.99 -10 -10 -10 -100    0 -1000 -1000 -10
57 21 pedestrian 0 0 -10 1118.09 134.67 1223.97 179.26 -10 -10 -10 -100    0 -1000 -1000 -10
57 35 pedestrian 0 0 -10 847.26 148.72 874.61 198.28 -10 -10 -10 -100    0 -1000 -1000 -10
57 12 pedestrian 0 0 -10 359.19 175.49 497.54 278.53 -10 -10 -10 -100    0 -1000 -1000 -10
57 26 pedestrian 0 0 -10 760.25 151.47 802.64 196.03 -10 -10 -10 -100    0 -1000 -1000 -10
57 9 pedestrian 0 0 -10 472.83 166.08 507.41 196.23 -10 -10 -10 -100    0 -1000 -1000 -10
57 24 pedestrian 0 0 -10 942.08 132.62 1015.00 203.88 -10 -10 -10 -100    0 -1000 -1000 -10
57 6 pedestrian 0 0 -10 1018.25 129.22 1125.77 212.44 -10 -10 -10 -100    0 -1000 -1000 -10
57 5 pedestrian 0 0 -10 550.60 157.88 580.63 228.69 -10 -10 -10 -100    0 -1000 -1000 -10
57 25 pedestrian 0 0 -10 203.51 180.55 228.15 239.47 -10 -10 -10 -100    0 -1000 -1000 -10
57 2 pedestrian 0 0 -10 619.63 163.28 656.63 181.81 -10 -10 -10 -100    0 -1000 -1000 -10
57 1 pedestrian 0 0 -10 283.38 168.19 364.36 248.74 -10 -10 -10 -100    0 -1000 -1000 -10
58 33 pedestrian 0 0 -10 231.85 171.43 260.18 247.60 -10 -10 -10 -100    0 -1000 -1000 -10
58 31 pedestrian 0 0 -10 405.50 155.11 426.45 241.46 -10 -10 -10 -100    0 -1000 -1000 -10
58 21 pedestrian 0 0 -10 1129.74 132.82 1224.00 178.68 -10 -10 -10 -100    0 -1000 -1000 -10
58 35 pedestrian 0 0 -10 854.07 148.31 881.27 198.64 -10 -10 -10 -100    0 -1000 -1000 -10
58 12 pedestrian 0 0 -10 345.97 176.46 492.88 284.42 -10 -10 -10 -100    0 -1000 -1000 -10
58 26 pedestrian 0 0 -10 776.25 150.66 819.62 196.89 -10 -10 -10 -100    0 -1000 -1000 -10
58 9 pedestrian 0 0 -10 470.40 166.53 506.69 195.51 -10 -10 -10 -100    0 -1000 -1000 -10
58 24 pedestrian 0 0 -10 964.17 132.35 1041.85 206.56 -10 -10 -10 -100    0 -1000 -1000 -10
58 6 pedestrian 0 0 -10 1052.70 123.85 1158.99 215.41 -10 -10 -10 -100    0 -1000 -1000 -10
58 5 pedestrian 0 0 -10 558.75 157.61 586.35 230.28 -10 -10 -10 -100    0 -1000 -1000 -10
58 25 pedestrian 0 0 -10 198.17 178.28 226.36 241.12 -10 -10 -10 -100    0 -1000 -1000 -10
58 2 pedestrian 0 0 -10 619.46 163.57 657.73 182.07 -10 -10 -10 -100    0 -1000 -1000 -10
58 1 pedestrian 0 0 -10 279.67 167.24 361.44 250.62 -10 -10 -10 -100    0 -1000 -1000 -10
59 33 pedestrian 0 0 -10 208.01 170.61 242.48 253.01 -10 -10 -10 -100    0 -1000 -1000 -10
59 31 pedestrian 0 0 -10 404.11 154.49 426.82 244.39 -10 -10 -10 -100    0 -1000 -1000 -10
59 21 pedestrian 0 0 -10 1140.93 132.32 1224.00 177.50 -10 -10 -10 -100    0 -1000 -1000 -10
59 35 pedestrian 0 0 -10 859.04 147.33 887.60 199.47 -10 -10 -10 -100    0 -1000 -1000 -10
59 12 pedestrian 0 0 -10 331.54 176.85 489.03 292.71 -10 -10 -10 -100    0 -1000 -1000 -10
59 26 pedestrian 0 0 -10 789.93 150.93 833.50 197.50 -10 -10 -10 -100    0 -1000 -1000 -10
59 9 pedestrian 0 0 -10 468.48 166.64 505.53 195.00 -10 -10 -10 -100    0 -1000 -1000 -10
59 24 pedestrian 0 0 -10 992.94 134.36 1070.25 207.04 -10 -10 -10 -100    0 -1000 -1000 -10
59 6 pedestrian 0 0 -10 1086.47 124.14 1193.16 218.19 -10 -10 -10 -100    0 -1000 -1000 -10
59 5 pedestrian 0 0 -10 564.06 154.99 594.63 231.84 -10 -10 -10 -100    0 -1000 -1000 -10
59 25 pedestrian 0 0 -10 188.55 178.68 218.87 245.60 -10 -10 -10 -100    0 -1000 -1000 -10
59 2 pedestrian 0 0 -10 618.76 163.56 658.83 182.99 -10 -10 -10 -100    0 -1000 -1000 -10
59 1 pedestrian 0 0 -10 282.65 167.32 366.11 252.12 -10 -10 -10 -100    0 -1000 -1000 -10
60 36 pedestrian 0 0 -10 224.10 174.40 252.10 246.19 -10 -10 -10 -100    0 -1000 -1000 -10
60 33 pedestrian 0 0 -10 187.71 172.74 224.97 256.03 -10 -10 -10 -100    0 -1000 -1000 -10
60 31 pedestrian 0 0 -10 403.11 154.85 426.16 242.88 -10 -10 -10 -100    0 -1000 -1000 -10
60 28 pedestrian 0 0 -10 1041.70 148.41 1164.77 185.52 -10 -10 -10 -100    0 -1000 -1000 -10
60 21 pedestrian 0 0 -10 1152.03 130.17 1224.00 174.34 -10 -10 -10 -100    0 -1000 -1000 -10
60 35 pedestrian 0 0 -10 866.40 147.84 894.14 200.59 -10 -10 -10 -100    0 -1000 -1000 -10
60 12 pedestrian 0 0 -10 317.66 177.60 485.60 299.79 -10 -10 -10 -100    0 -1000 -1000 -10
60 26 pedestrian 0 0 -10 804.73 150.10 852.43 198.67 -10 -10 -10 -100    0 -1000 -1000 -10
60 9 pedestrian 0 0 -10 465.36 167.31 504.93 195.05 -10 -10 -10 -100    0 -1000 -1000 -10
60 24 pedestrian 0 0 -10 1021.43 131.68 1104.51 209.56 -10 -10 -10 -100    0 -1000 -1000 -10
60 6 pedestrian 0 0 -10 1119.74 121.77 1222.58 218.20 -10 -10 -10 -100    0 -1000 -1000 -10
60 5 pedestrian 0 0 -10 568.26 153.58 604.08 234.36 -10 -10 -10 -100    0 -1000 -1000 -10
60 25 pedestrian 0 0 -10 178.62 177.03 211.37 250.58 -10 -10 -10 -100    0 -1000 -1000 -10
60 2 pedestrian 0 0 -10 619.09 163.72 659.18 183.32 -10 -10 -10 -100    0 -1000 -1000 -10
60 1 pedestrian 0 0 -10 283.95 166.96 366.44 253.78 -10 -10 -10 -100    0 -1000 -1000 -10
61 36 pedestrian 0 0 -10 206.57 174.48 237.99 249.35 -10 -10 -10 -100    0 -1000 -1000 -10
61 33 pedestrian 0 0 -10 166.40 170.80 209.91 261.21 -10 -10 -10 -100    0 -1000 -1000 -10
61 31 pedestrian 0 0 -10 398.04 152.55 421.88 249.54 -10 -10 -10 -100    0 -1000 -1000 -10
61 28 pedestrian 0 0 -10 1050.87 144.84 1188.87 184.70 -10 -10 -10 -100    0 -1000 -1000 -10
61 21 pedestrian 0 0 -10 1161.06 128.63 1223.93 175.11 -10 -10 -10 -100    0 -1000 -1000 -10
61 35 pedestrian 0 0 -10 872.39 146.23 901.42 199.57 -10 -10 -10 -100    0 -1000 -1000 -10
61 12 pedestrian 0 0 -10 301.02 178.05 480.60 308.73 -10 -10 -10 -100    0 -1000 -1000 -10
61 26 pedestrian 0 0 -10 823.31 149.05 870.71 195.92 -10 -10 -10 -100    0 -1000 -1000 -10
61 9 pedestrian 0 0 -10 462.70 166.91 504.06 194.64 -10 -10 -10 -100    0 -1000 -1000 -10
61 24 pedestrian 0 0 -10 1047.65 126.40 1136.13 208.31 -10 -10 -10 -100    0 -1000 -1000 -10
61 6 pedestrian 0 0 -10 1155.31 119.16 1224.00 219.54 -10 -10 -10 -100    0 -1000 -1000 -10
61 5 pedestrian 0 0 -10 573.18 153.12 608.76 236.87 -10 -10 -10 -100    0 -1000 -1000 -10
61 2 pedestrian 0 0 -10 619.35 162.78 660.42 183.04 -10 -10 -10 -100    0 -1000 -1000 -10
61 1 pedestrian 0 0 -10 284.03 166.91 370.52 256.16 -10 -10 -10 -100    0 -1000 -1000 -10
62 39 pedestrian 0 0 -10 743.01 152.92 773.12 180.40 -10 -10 -10 -100    0 -1000 -1000 -10
62 36 pedestrian 0 0 -10 184.25 175.09 223.56 252.52 -10 -10 -10 -100    0 -1000 -1000 -10
62 33 pedestrian 0 0 -10 148.22 170.61 186.64 261.23 -10 -10 -10 -100    0 -1000 -1000 -10
62 31 pedestrian 0 0 -10 396.22 150.59 421.93 254.27 -10 -10 -10 -100    0 -1000 -1000 -10
62 28 pedestrian 0 0 -10 1081.29 138.70 1200.92 186.52 -10 -10 -10 -100    0 -1000 -1000 -10
62 21 pedestrian 0 0 -10 1177.70 124.73 1223.34 180.90 -10 -10 -10 -100    0 -1000 -1000 -10
62 35 pedestrian 0 0 -10 879.05 143.68 905.80 197.95 -10 -10 -10 -100    0 -1000 -1000 -10
62 12 pedestrian 0 0 -10 280.11 178.93 474.36 317.51 -10 -10 -10 -100    0 -1000 -1000 -10
62 26 pedestrian 0 0 -10 837.09 145.22 886.46 195.66 -10 -10 -10 -100    0 -1000 -1000 -10
62 9 pedestrian 0 0 -10 460.77 167.46 503.92 194.24 -10 -10 -10 -100    0 -1000 -1000 -10
62 24 pedestrian 0 0 -10 1078.83 125.44 1168.48 210.23 -10 -10 -10 -100    0 -1000 -1000 -10
62 5 pedestrian 0 0 -10 581.39 153.60 613.93 235.93 -10 -10 -10 -100    0 -1000 -1000 -10
62 2 pedestrian 0 0 -10 620.44 162.30 660.78 182.11 -10 -10 -10 -100    0 -1000 -1000 -10
62 1 pedestrian 0 0 -10 284.20 162.40 370.23 256.28 -10 -10 -10 -100    0 -1000 -1000 -10
63 39 pedestrian 0 0 -10 745.78 153.00 776.52 181.24 -10 -10 -10 -100    0 -1000 -1000 -10
63 36 pedestrian 0 0 -10 168.01 177.38 203.22 254.35 -10 -10 -10 -100    0 -1000 -1000 -10
63 33 pedestrian 0 0 -10 125.59 170.92 162.64 265.87 -10 -10 -10 -100    0 -1000 -1000 -10
63 31 pedestrian 0 0 -10 392.55 152.03 420.66 254.83 -10 -10 -10 -100    0 -1000 -1000 -10
63 35 pedestrian 0 0 -10 874.27 143.49 914.55 198.84 -10 -10 -10 -100    0 -1000 -1000 -10
63 12 pedestrian 0 0 -10 260.47 178.94 469.60 328.25 -10 -10 -10 -100    0 -1000 -1000 -10
63 26 pedestrian 0 0 -10 855.62 145.12 909.37 199.84 -10 -10 -10 -100    0 -1000 -1000 -10
63 9 pedestrian 0 0 -10 459.30 167.52 503.33 194.58 -10 -10 -10 -100    0 -1000 -1000 -10
63 24 pedestrian 0 0 -10 1109.28 122.12 1208.50 214.01 -10 -10 -10 -100    0 -1000 -1000 -10
63 5 pedestrian 0 0 -10 588.58 151.89 621.47 239.49 -10 -10 -10 -100    0 -1000 -1000 -10
63 2 pedestrian 0 0 -10 617.32 162.28 655.37 182.77 -10 -10 -10 -100    0 -1000 -1000 -10
63 1 pedestrian 0 0 -10 275.15 163.93 358.71 259.00 -10 -10 -10 -100    0 -1000 -1000 -10
64 39 pedestrian 0 0 -10 747.43 153.61 779.96 183.03 -10 -10 -10 -100    0 -1000 -1000 -10
64 36 pedestrian 0 0 -10 151.01 176.31 183.11 257.09 -10 -10 -10 -100    0 -1000 -1000 -10
64 33 pedestrian 0 0 -10 96.72 170.45 139.00 269.59 -10 -10 -10 -100    0 -1000 -1000 -10
64 31 pedestrian 0 0 -10 388.87 153.49 424.93 257.27 -10 -10 -10 -100    0 -1000 -1000 -10
64 35 pedestrian 0 0 -10 877.72 144.35 922.73 201.48 -10 -10 -10 -100    0 -1000 -1000 -10
64 12 pedestrian 0 0 -10 234.19 179.42 462.70 339.62 -10 -10 -10 -100    0 -1000 -1000 -10
64 9 pedestrian 0 0 -10 457.70 167.38 503.55 194.58 -10 -10 -10 -100    0 -1000 -1000 -10
64 24 pedestrian 0 0 -10 1151.06 120.79 1223.59 216.87 -10 -10 -10 -100    0 -1000 -1000 -10
64 5 pedestrian 0 0 -10 590.69 150.28 631.50 241.34 -10 -10 -10 -100    0 -1000 -1000 -10
64 2 pedestrian 0 0 -10 612.65 161.91 654.33 184.23 -10 -10 -10 -100    0 -1000 -1000 -10
64 1 pedestrian 0 0 -10 286.18 164.13 365.13 258.57 -10 -10 -10 -100    0 -1000 -1000 -10
65 39 pedestrian 0 0 -10 747.15 152.25 780.68 183.06 -10 -10 -10 -100    0 -1000 -1000 -10
65 36 pedestrian 0 0 -10 130.18 178.09 164.05 261.19 -10 -10 -10 -100    0 -1000 -1000 -10
65 33 pedestrian 0 0 -10 68.39 172.73 119.29 273.12 -10 -10 -10 -100    0 -1000 -1000 -10
65 31 pedestrian 0 0 -10 393.61 152.36 425.25 258.75 -10 -10 -10 -100    0 -1000 -1000 -10
65 35 pedestrian 0 0 -10 894.92 144.93 929.86 201.89 -10 -10 -10 -100    0 -1000 -1000 -10
65 12 pedestrian 0 0 -10 207.85 180.67 455.01 353.99 -10 -10 -10 -100    0 -1000 -1000 -10
65 9 pedestrian 0 0 -10 457.84 167.50 502.91 194.58 -10 -10 -10 -100    0 -1000 -1000 -10
65 24 pedestrian 0 0 -10 1187.61 126.33 1223.95 222.78 -10 -10 -10 -100    0 -1000 -1000 -10
65 5 pedestrian 0 0 -10 593.88 149.92 638.73 245.33 -10 -10 -10 -100    0 -1000 -1000 -10
65 1 pedestrian 0 0 -10 298.10 162.82 396.63 261.66 -10 -10 -10 -100    0 -1000 -1000 -10
66 39 pedestrian 0 0 -10 747.25 151.62 783.38 183.04 -10 -10 -10 -100    0 -1000 -1000 -10
66 36 pedestrian 0 0 -10 103.91 179.28 141.90 263.71 -10 -10 -10 -100    0 -1000 -1000 -10
66 33 pedestrian 0 0 -10 42.40 173.93 95.91 279.83 -10 -10 -10 -100    0 -1000 -1000 -10
66 31 pedestrian 0 0 -10 392.14 151.06 427.55 264.82 -10 -10 -10 -100    0 -1000 -1000 -10
66 28 pedestrian 0 0 -10 1097.31 144.12 1224.00 190.17 -10 -10 -10 -100    0 -1000 -1000 -10
66 35 pedestrian 0 0 -10 902.42 144.40 933.76 204.21 -10 -10 -10 -100    0 -1000 -1000 -10
66 12 pedestrian 0 0 -10 178.41 180.64 448.87 368.51 -10 -10 -10 -100    0 -1000 -1000 -10
66 9 pedestrian 0 0 -10 460.28 167.47 499.52 193.86 -10 -10 -10 -100    0 -1000 -1000 -10
66 5 pedestrian 0 0 -10 598.96 149.89 645.14 247.35 -10 -10 -10 -100    0 -1000 -1000 -10
66 25 pedestrian 0 0 -10 150.20 176.28 182.76 257.30 -10 -10 -10 -100    0 -1000 -1000 -10
66 1 pedestrian 0 0 -10 299.77 163.38 397.94 263.44 -10 -10 -10 -100    0 -1000 -1000 -10
67 39 pedestrian 0 0 -10 749.81 151.29 785.37 184.68 -10 -10 -10 -100    0 -1000 -1000 -10
67 36 pedestrian 0 0 -10 86.07 182.30 125.21 268.84 -10 -10 -10 -100    0 -1000 -1000 -10
67 33 pedestrian 0 0 -10 20.69 174.75 72.45 282.68 -10 -10 -10 -100    0 -1000 -1000 -10
67 31 pedestrian 0 0 -10 391.37 148.25 436.24 273.91 -10 -10 -10 -100    0 -1000 -1000 -10
67 28 pedestrian 0 0 -10 1105.67 146.78 1223.68 192.86 -10 -10 -10 -100    0 -1000 -1000 -10
67 35 pedestrian 0 0 -10 910.36 143.93 940.20 206.57 -10 -10 -10 -100    0 -1000 -1000 -10
67 12 pedestrian 0 0 -10 148.19 183.17 442.16 370.00 -10 -10 -10 -100    0 -1000 -1000 -10
67 9 pedestrian 0 0 -10 461.68 166.50 492.13 192.20 -10 -10 -10 -100    0 -1000 -1000 -10
67 5 pedestrian 0 0 -10 611.09 147.86 663.27 251.36 -10 -10 -10 -100    0 -1000 -1000 -10
67 25 pedestrian 0 0 -10 141.83 176.86 173.08 263.43 -10 -10 -10 -100    0 -1000 -1000 -10
67 1 pedestrian 0 0 -10 305.54 164.23 404.79 268.59 -10 -10 -10 -100    0 -1000 -1000 -10
68 42 pedestrian 0 0 -10 176.93 158.51 210.08 273.34 -10 -10 -10 -100    0 -1000 -1000 -10
68 39 pedestrian 0 0 -10 749.11 150.79 788.40 184.42 -10 -10 -10 -100    0 -1000 -1000 -10
68 36 pedestrian 0 0 -10 64.55 183.66 106.53 272.57 -10 -10 -10 -100    0 -1000 -1000 -10
68 33 pedestrian 0 0 -10 0.16 178.22 43.72 286.68 -10 -10 -10 -100    0 -1000 -1000 -10
68 31 pedestrian 0 0 -10 390.21 149.42 440.68 276.51 -10 -10 -10 -100    0 -1000 -1000 -10
68 28 pedestrian 0 0 -10 1114.82 148.47 1224.00 194.86 -10 -10 -10 -100    0 -1000 -1000 -10
68 35 pedestrian 0 0 -10 914.33 144.40 946.27 208.42 -10 -10 -10 -100    0 -1000 -1000 -10
68 12 pedestrian 0 0 -10 113.05 183.91 438.11 370.00 -10 -10 -10 -100    0 -1000 -1000 -10
68 26 pedestrian 0 0 -10 957.18 142.64 1010.60 196.81 -10 -10 -10 -100    0 -1000 -1000 -10
68 9 pedestrian 0 0 -10 460.26 166.99 491.19 192.74 -10 -10 -10 -100    0 -1000 -1000 -10
68 5 pedestrian 0 0 -10 621.48 149.13 676.58 254.20 -10 -10 -10 -100    0 -1000 -1000 -10
68 25 pedestrian 0 0 -10 137.63 176.90 165.12 263.85 -10 -10 -10 -100    0 -1000 -1000 -10
68 1 pedestrian 0 0 -10 311.01 164.24 407.64 270.51 -10 -10 -10 -100    0 -1000 -1000 -10
69 42 pedestrian 0 0 -10 151.76 160.15 186.11 273.50 -10 -10 -10 -100    0 -1000 -1000 -10
69 39 pedestrian 0 0 -10 750.55 149.84 791.91 185.16 -10 -10 -10 -100    0 -1000 -1000 -10
69 36 pedestrian 0 0 -10 42.35 184.74 82.89 276.82 -10 -10 -10 -100    0 -1000 -1000 -10
69 33 pedestrian 0 0 -10 0.12 185.56 28.09 289.05 -10 -10 -10 -100    0 -1000 -1000 -10
69 31 pedestrian 0 0 -10 393.96 148.55 446.66 279.28 -10 -10 -10 -100    0 -1000 -1000 -10
69 28 pedestrian 0 0 -10 1124.50 147.23 1224.00 194.37 -10 -10 -10 -100    0 -1000 -1000 -10
69 35 pedestrian 0 0 -10 921.36 143.44 952.02 208.80 -10 -10 -10 -100    0 -1000 -1000 -10
69 12 pedestrian 0 0 -10 80.90 183.96 429.74 370.00 -10 -10 -10 -100    0 -1000 -1000 -10
69 26 pedestrian 0 0 -10 976.94 142.28 1033.57 196.74 -10 -10 -10 -100    0 -1000 -1000 -10
69 9 pedestrian 0 0 -10 459.46 166.41 490.19 192.40 -10 -10 -10 -100    0 -1000 -1000 -10
69 5 pedestrian 0 0 -10 628.72 147.82 692.57 257.08 -10 -10 -10 -100    0 -1000 -1000 -10
69 2 pedestrian 0 0 -10 619.33 153.97 685.15 184.77 -10 -10 -10 -100    0 -1000 -1000 -10
69 1 pedestrian 0 0 -10 319.30 163.59 420.86 273.32 -10 -10 -10 -100    0 -1000 -1000 -10
70 42 pedestrian 0 0 -10 128.07 165.90 164.04 275.72 -10 -10 -10 -100    0 -1000 -1000 -10
70 39 pedestrian 0 0 -10 750.81 148.69 797.56 184.76 -10 -10 -10 -100    0 -1000 -1000 -10
70 36 pedestrian 0 0 -10 16.87 186.36 59.28 280.35 -10 -10 -10 -100    0 -1000 -1000 -10
70 31 pedestrian 0 0 -10 395.15 148.19 452.59 283.40 -10 -10 -10 -100    0 -1000 -1000 -10
70 43 pedestrian 0 0 -10 106.52 180.88 134.36 274.29 -10 -10 -10 -100    0 -1000 -1000 -10
70 28 pedestrian 0 0 -10 1131.03 148.71 1223.69 194.79 -10 -10 -10 -100    0 -1000 -1000 -10
70 35 pedestrian 0 0 -10 926.34 144.76 957.26 210.93 -10 -10 -10 -100    0 -1000 -1000 -10
70 12 pedestrian 0 0 -10 42.82 185.95 423.15 370.00 -10 -10 -10 -100    0 -1000 -1000 -10
70 26 pedestrian 0 0 -10 998.67 141.45 1055.87 198.07 -10 -10 -10 -100    0 -1000 -1000 -10
70 9 pedestrian 0 0 -10 457.97 166.92 489.05 193.25 -10 -10 -10 -100    0 -1000 -1000 -10
70 5 pedestrian 0 0 -10 634.71 146.56 700.37 262.69 -10 -10 -10 -100    0 -1000 -1000 -10
70 2 pedestrian 0 0 -10 618.45 153.60 688.36 184.67 -10 -10 -10 -100    0 -1000 -1000 -10
70 1 pedestrian 0 0 -10 325.76 163.28 427.52 275.83 -10 -10 -10 -100    0 -1000 -1000 -10
71 39 pedestrian 0 0 -10 751.06 147.18 805.89 186.46 -10 -10 -10 -100    0 -1000 -1000 -10
71 36 pedestrian 0 0 -10 0.00 188.28 36.78 284.96 -10 -10 -10 -100    0 -1000 -1000 -10
71 31 pedestrian 0 0 -10 396.44 149.42 453.39 288.90 -10 -10 -10 -100    0 -1000 -1000 -10
71 28 pedestrian 0 0 -10 1141.87 149.19 1223.74 197.20 -10 -10 -10 -100    0 -1000 -1000 -10
71 35 pedestrian 0 0 -10 931.45 144.91 963.05 212.48 -10 -10 -10 -100    0 -1000 -1000 -10
71 12 pedestrian 0 0 -10 3.11 187.00 412.41 370.00 -10 -10 -10 -100    0 -1000 -1000 -10
71 26 pedestrian 0 0 -10 1022.44 140.23 1078.66 197.99 -10 -10 -10 -100    0 -1000 -1000 -10
71 9 pedestrian 0 0 -10 457.09 166.88 488.46 193.77 -10 -10 -10 -100    0 -1000 -1000 -10
71 42 pedestrian 0 0 -10 114.59 166.02 148.98 279.55 -10 -10 -10 -100    0 -1000 -1000 -10
71 5 pedestrian 0 0 -10 647.53 146.52 703.96 263.50 -10 -10 -10 -100    0 -1000 -1000 -10
71 2 pedestrian 0 0 -10 619.42 153.74 686.41 184.05 -10 -10 -10 -100    0 -1000 -1000 -10
71 1 pedestrian 0 0 -10 333.34 162.47 442.02 280.52 -10 -10 -10 -100    0 -1000 -1000 -10
72 39 pedestrian 0 0 -10 752.74 147.36 810.08 187.19 -10 -10 -10 -100    0 -1000 -1000 -10
72 36 pedestrian 0 0 -10 0.09 191.33 21.15 288.91 -10 -10 -10 -100    0 -1000 -1000 -10
72 31 pedestrian 0 0 -10 400.27 148.08 456.17 291.26 -10 -10 -10 -100    0 -1000 -1000 -10
72 28 pedestrian 0 0 -10 1150.86 148.67 1224.00 196.99 -10 -10 -10 -100    0 -1000 -1000 -10
72 35 pedestrian 0 0 -10 936.69 145.40 968.69 212.69 -10 -10 -10 -100    0 -1000 -1000 -10
72 12 pedestrian 0 0 -10 4.96 188.27 403.60 370.00 -10 -10 -10 -100    0 -1000 -1000 -10
72 26 pedestrian 0 0 -10 1042.88 139.06 1103.74 196.73 -10 -10 -10 -100    0 -1000 -1000 -10
72 9 pedestrian 0 0 -10 455.94 166.83 487.47 193.69 -10 -10 -10 -100    0 -1000 -1000 -10
72 42 pedestrian 0 0 -10 95.60 165.17 139.35 279.03 -10 -10 -10 -100    0 -1000 -1000 -10
72 5 pedestrian 0 0 -10 660.01 146.63 705.03 268.50 -10 -10 -10 -100    0 -1000 -1000 -10
72 2 pedestrian 0 0 -10 618.97 155.04 667.07 182.34 -10 -10 -10 -100    0 -1000 -1000 -10
72 1 pedestrian 0 0 -10 343.51 161.37 448.76 281.65 -10 -10 -10 -100    0 -1000 -1000 -10
73 39 pedestrian 0 0 -10 753.86 147.41 810.66 187.68 -10 -10 -10 -100    0 -1000 -1000 -10
73 31 pedestrian 0 0 -10 405.96 147.52 462.61 295.07 -10 -10 -10 -100    0 -1000 -1000 -10
73 28 pedestrian 0 0 -10 1157.45 149.81 1223.58 197.69 -10 -10 -10 -100    0 -1000 -1000 -10
73 35 pedestrian 0 0 -10 942.28 144.24 974.91 213.48 -10 -10 -10 -100    0 -1000 -1000 -10
73 12 pedestrian 0 0 -10 1.14 189.74 392.42 370.00 -10 -10 -10 -100    0 -1000 -1000 -10
73 26 pedestrian 0 0 -10 1064.90 138.70 1124.31 195.59 -10 -10 -10 -100    0 -1000 -1000 -10
73 9 pedestrian 0 0 -10 455.54 166.76 486.72 193.55 -10 -10 -10 -100    0 -1000 -1000 -10
73 42 pedestrian 0 0 -10 72.18 164.41 118.36 284.43 -10 -10 -10 -100    0 -1000 -1000 -10
73 5 pedestrian 0 0 -10 665.05 145.65 722.64 268.61 -10 -10 -10 -100    0 -1000 -1000 -10
73 2 pedestrian 0 0 -10 618.95 155.15 662.42 181.89 -10 -10 -10 -100    0 -1000 -1000 -10
73 1 pedestrian 0 0 -10 355.61 161.09 461.42 277.78 -10 -10 -10 -100    0 -1000 -1000 -10
74 39 pedestrian 0 0 -10 754.40 148.80 814.38 187.60 -10 -10 -10 -100    0 -1000 -1000 -10
74 31 pedestrian 0 0 -10 410.45 147.11 469.76 297.29 -10 -10 -10 -100    0 -1000 -1000 -10
74 28 pedestrian 0 0 -10 1167.32 148.80 1223.52 198.42 -10 -10 -10 -100    0 -1000 -1000 -10
74 35 pedestrian 0 0 -10 947.95 144.19 979.97 214.69 -10 -10 -10 -100    0 -1000 -1000 -10
74 12 pedestrian 0 0 -10 1.00 190.35 380.97 370.00 -10 -10 -10 -100    0 -1000 -1000 -10
74 26 pedestrian 0 0 -10 1087.15 138.58 1147.44 194.69 -10 -10 -10 -100    0 -1000 -1000 -10
74 9 pedestrian 0 0 -10 454.70 167.17 486.13 193.78 -10 -10 -10 -100    0 -1000 -1000 -10
74 42 pedestrian 0 0 -10 50.02 165.14 93.20 289.57 -10 -10 -10 -100    0 -1000 -1000 -10
74 5 pedestrian 0 0 -10 673.13 145.78 738.48 274.30 -10 -10 -10 -100    0 -1000 -1000 -10
74 2 pedestrian 0 0 -10 618.68 155.27 663.90 181.63 -10 -10 -10 -100    0 -1000 -1000 -10
74 1 pedestrian 0 0 -10 365.75 163.14 473.27 282.32 -10 -10 -10 -100    0 -1000 -1000 -10
75 39 pedestrian 0 0 -10 751.60 151.34 816.45 186.12 -10 -10 -10 -100    0 -1000 -1000 -10
75 31 pedestrian 0 0 -10 410.28 146.58 476.92 299.77 -10 -10 -10 -100    0 -1000 -1000 -10
75 28 pedestrian 0 0 -10 1176.55 148.77 1223.72 200.65 -10 -10 -10 -100    0 -1000 -1000 -10
75 35 pedestrian 0 0 -10 953.35 143.43 985.45 214.62 -10 -10 -10 -100    0 -1000 -1000 -10
75 12 pedestrian 0 0 -10 2.20 191.75 373.94 370.00 -10 -10 -10 -100    0 -1000 -1000 -10
75 26 pedestrian 0 0 -10 1106.90 136.50 1167.55 191.88 -10 -10 -10 -100    0 -1000 -1000 -10
75 9 pedestrian 0 0 -10 453.61 166.92 485.40 193.90 -10 -10 -10 -100    0 -1000 -1000 -10
75 42 pedestrian 0 0 -10 28.59 167.30 71.71 292.27 -10 -10 -10 -100    0 -1000 -1000 -10
75 5 pedestrian 0 0 -10 689.57 144.21 747.76 277.40 -10 -10 -10 -100    0 -1000 -1000 -10
75 2 pedestrian 0 0 -10 618.19 154.89 664.39 181.55 -10 -10 -10 -100    0 -1000 -1000 -10
75 1 pedestrian 0 0 -10 382.20 160.22 489.78 280.31 -10 -10 -10 -100    0 -1000 -1000 -10
76 39 pedestrian 0 0 -10 752.34 151.49 820.26 187.13 -10 -10 -10 -100    0 -1000 -1000 -10
76 34 pedestrian 0 0 -10 104.39 176.35 134.49 277.68 -10 -10 -10 -100    0 -1000 -1000 -10
76 31 pedestrian 0 0 -10 413.02 145.10 484.52 306.35 -10 -10 -10 -100    0 -1000 -1000 -10
76 28 pedestrian 0 0 -10 1181.65 149.22 1223.71 200.51 -10 -10 -10 -100    0 -1000 -1000 -10
76 35 pedestrian 0 0 -10 958.08 143.29 990.28 216.01 -10 -10 -10 -100    0 -1000 -1000 -10
76 12 pedestrian 0 0 -10 3.25 193.17 367.19 370.00 -10 -10 -10 -100    0 -1000 -1000 -10
76 26 pedestrian 0 0 -10 1128.06 137.18 1192.78 192.72 -10 -10 -10 -100    0 -1000 -1000 -10
76 9 pedestrian 0 0 -10 452.79 167.74 485.14 194.27 -10 -10 -10 -100    0 -1000 -1000 -10
76 42 pedestrian 0 0 -10 7.29 165.85 57.04 293.45 -10 -10 -10 -100    0 -1000 -1000 -10
76 5 pedestrian 0 0 -10 710.44 144.70 758.71 280.15 -10 -10 -10 -100    0 -1000 -1000 -10
76 2 pedestrian 0 0 -10 617.56 154.94 664.14 181.74 -10 -10 -10 -100    0 -1000 -1000 -10
76 1 pedestrian 0 0 -10 395.82 159.55 504.89 285.47 -10 -10 -10 -100    0 -1000 -1000 -10
77 39 pedestrian 0 0 -10 797.51 150.97 825.78 186.53 -10 -10 -10 -100    0 -1000 -1000 -10
77 34 pedestrian 0 0 -10 100.75 176.31 131.41 282.19 -10 -10 -10 -100    0 -1000 -1000 -10
77 31 pedestrian 0 0 -10 416.59 143.65 490.48 308.71 -10 -10 -10 -100    0 -1000 -1000 -10
77 28 pedestrian 0 0 -10 1189.56 148.74 1223.63 201.27 -10 -10 -10 -100    0 -1000 -1000 -10
77 35 pedestrian 0 0 -10 964.38 142.91 996.40 216.45 -10 -10 -10 -100    0 -1000 -1000 -10
77 12 pedestrian 0 0 -10 0.00 193.79 359.48 370.00 -10 -10 -10 -100    0 -1000 -1000 -10
77 26 pedestrian 0 0 -10 1152.03 137.62 1216.68 189.53 -10 -10 -10 -100    0 -1000 -1000 -10
77 9 pedestrian 0 0 -10 452.91 168.06 485.01 195.08 -10 -10 -10 -100    0 -1000 -1000 -10
77 42 pedestrian 0 0 -10 0.07 166.28 44.07 297.76 -10 -10 -10 -100    0 -1000 -1000 -10
77 5 pedestrian 0 0 -10 728.20 143.51 787.39 283.86 -10 -10 -10 -100    0 -1000 -1000 -10
77 25 pedestrian 0 0 -10 87.15 179.24 118.52 281.92 -10 -10 -10 -100    0 -1000 -1000 -10
77 2 pedestrian 0 0 -10 617.36 155.26 664.23 182.29 -10 -10 -10 -100    0 -1000 -1000 -10
77 1 pedestrian 0 0 -10 407.13 159.07 523.69 283.77 -10 -10 -10 -100    0 -1000 -1000 -10
78 39 pedestrian 0 0 -10 800.11 151.80 828.07 187.86 -10 -10 -10 -100    0 -1000 -1000 -10
78 34 pedestrian 0 0 -10 94.54 173.53 125.64 285.36 -10 -10 -10 -100    0 -1000 -1000 -10
78 31 pedestrian 0 0 -10 428.10 141.81 497.30 309.41 -10 -10 -10 -100    0 -1000 -1000 -10
78 28 pedestrian 0 0 -10 1197.44 145.24 1223.98 199.96 -10 -10 -10 -100    0 -1000 -1000 -10
78 35 pedestrian 0 0 -10 967.35 142.31 1000.44 217.18 -10 -10 -10 -100    0 -1000 -1000 -10
78 12 pedestrian 0 0 -10 0.53 194.76 352.85 370.00 -10 -10 -10 -100    0 -1000 -1000 -10
78 9 pedestrian 0 0 -10 453.65 166.77 487.77 193.89 -10 -10 -10 -100    0 -1000 -1000 -10
78 42 pedestrian 0 0 -10 0.17 167.37 26.93 297.41 -10 -10 -10 -100    0 -1000 -1000 -10
78 5 pedestrian 0 0 -10 745.29 143.96 810.15 284.99 -10 -10 -10 -100    0 -1000 -1000 -10
78 25 pedestrian 0 0 -10 82.70 179.04 116.08 284.51 -10 -10 -10 -100    0 -1000 -1000 -10
78 2 pedestrian 0 0 -10 617.55 154.89 664.12 182.12 -10 -10 -10 -100    0 -1000 -1000 -10
78 1 pedestrian 0 0 -10 422.10 161.96 540.76 287.61 -10 -10 -10 -100    0 -1000 -1000 -10
79 39 pedestrian 0 0 -10 804.11 152.11 832.42 190.60 -10 -10 -10 -100    0 -1000 -1000 -10
79 34 pedestrian 0 0 -10 90.60 173.97 124.45 285.45 -10 -10 -10 -100    0 -1000 -1000 -10
79 31 pedestrian 0 0 -10 437.95 141.80 502.72 312.29 -10 -10 -10 -100    0 -1000 -1000 -10
79 28 pedestrian 0 0 -10 1199.94 139.06 1223.85 198.65 -10 -10 -10 -100    0 -1000 -1000 -10
79 35 pedestrian 0 0 -10 970.04 142.07 1004.45 217.09 -10 -10 -10 -100    0 -1000 -1000 -10
79 12 pedestrian 0 0 -10 0.00 196.24 346.98 370.00 -10 -10 -10 -100    0 -1000 -1000 -10
79 9 pedestrian 0 0 -10 451.95 166.16 485.26 193.63 -10 -10 -10 -100    0 -1000 -1000 -10
79 5 pedestrian 0 0 -10 752.49 144.18 816.76 288.48 -10 -10 -10 -100    0 -1000 -1000 -10
79 25 pedestrian 0 0 -10 77.49 181.92 113.36 288.91 -10 -10 -10 -100    0 -1000 -1000 -10
79 2 pedestrian 0 0 -10 617.70 154.90 664.09 182.25 -10 -10 -10 -100    0 -1000 -1000 -10
79 1 pedestrian 0 0 -10 440.92 157.36 561.66 285.18 -10 -10 -10 -100    0 -1000 -1000 -10
80 39 pedestrian 0 0 -10 808.66 151.02 839.52 188.03 -10 -10 -10 -100    0 -1000 -1000 -10
80 34 pedestrian 0 0 -10 87.59 174.56 124.91 289.49 -10 -10 -10 -100    0 -1000 -1000 -10
80 31 pedestrian 0 0 -10 445.34 141.24 512.66 319.83 -10 -10 -10 -100    0 -1000 -1000 -10
80 35 pedestrian 0 0 -10 975.27 140.65 1009.93 216.95 -10 -10 -10 -100    0 -1000 -1000 -10
80 12 pedestrian 0 0 -10 0.77 197.33 338.38 370.00 -10 -10 -10 -100    0 -1000 -1000 -10
80 9 pedestrian 0 0 -10 451.71 165.74 484.86 193.33 -10 -10 -10 -100    0 -1000 -1000 -10
80 5 pedestrian 0 0 -10 762.84 141.62 818.44 290.94 -10 -10 -10 -100    0 -1000 -1000 -10
80 25 pedestrian 0 0 -10 76.97 181.75 113.03 287.63 -10 -10 -10 -100    0 -1000 -1000 -10
80 2 pedestrian 0 0 -10 617.43 154.94 663.41 182.02 -10 -10 -10 -100    0 -1000 -1000 -10
80 1 pedestrian 0 0 -10 463.69 157.66 580.04 288.85 -10 -10 -10 -100    0 -1000 -1000 -10
81 39 pedestrian 0 0 -10 812.44 149.09 840.79 188.73 -10 -10 -10 -100    0 -1000 -1000 -10
81 34 pedestrian 0 0 -10 86.45 175.50 124.33 292.07 -10 -10 -10 -100    0 -1000 -1000 -10
81 31 pedestrian 0 0 -10 453.37 144.14 521.78 317.62 -10 -10 -10 -100    0 -1000 -1000 -10
81 35 pedestrian 0 0 -10 977.19 140.72 1012.52 216.98 -10 -10 -10 -100    0 -1000 -1000 -10
81 12 pedestrian 0 0 -10 1.55 197.58 332.23 370.00 -10 -10 -10 -100    0 -1000 -1000 -10
81 9 pedestrian 0 0 -10 450.17 165.61 482.98 194.16 -10 -10 -10 -100    0 -1000 -1000 -10
81 5 pedestrian 0 0 -10 780.11 140.88 840.07 293.36 -10 -10 -10 -100    0 -1000 -1000 -10
81 25 pedestrian 0 0 -10 76.39 181.27 115.77 292.58 -10 -10 -10 -100    0 -1000 -1000 -10
81 2 pedestrian 0 0 -10 616.97 154.89 663.65 181.83 -10 -10 -10 -100    0 -1000 -1000 -10
81 1 pedestrian 0 0 -10 481.36 156.21 598.36 286.00 -10 -10 -10 -100    0 -1000 -1000 -10
82 34 pedestrian 0 0 -10 79.49 179.91 120.82 295.58 -10 -10 -10 -100    0 -1000 -1000 -10
82 44 pedestrian 0 0 -10 748.90 149.13 778.86 185.25 -10 -10 -10 -100    0 -1000 -1000 -10
82 31 pedestrian 0 0 -10 460.53 142.17 530.56 322.98 -10 -10 -10 -100    0 -1000 -1000 -10
82 35 pedestrian 0 0 -10 980.20 141.26 1016.58 218.67 -10 -10 -10 -100    0 -1000 -1000 -10
82 12 pedestrian 0 0 -10 0.00 197.58 326.85 370.00 -10 -10 -10 -100    0 -1000 -1000 -10
82 9 pedestrian 0 0 -10 449.63 165.36 482.89 193.99 -10 -10 -10 -100    0 -1000 -1000 -10
82 5 pedestrian 0 0 -10 792.39 140.97 862.29 295.81 -10 -10 -10 -100    0 -1000 -1000 -10
82 25 pedestrian 0 0 -10 88.35 174.12 129.22 293.10 -10 -10 -10 -100    0 -1000 -1000 -10
82 2 pedestrian 0 0 -10 616.92 154.68 663.86 181.36 -10 -10 -10 -100    0 -1000 -1000 -10
82 1 pedestrian 0 0 -10 499.60 152.78 617.62 285.36 -10 -10 -10 -100    0 -1000 -1000 -10
83 34 pedestrian 0 0 -10 80.30 179.67 120.58 297.28 -10 -10 -10 -100    0 -1000 -1000 -10
83 44 pedestrian 0 0 -10 748.90 149.39 778.48 184.83 -10 -10 -10 -100    0 -1000 -1000 -10
83 31 pedestrian 0 0 -10 470.23 139.39 538.56 315.68 -10 -10 -10 -100    0 -1000 -1000 -10
83 35 pedestrian 0 0 -10 981.91 140.26 1018.85 218.89 -10 -10 -10 -100    0 -1000 -1000 -10
83 12 pedestrian 0 0 -10 0.00 198.58 320.84 370.00 -10 -10 -10 -100    0 -1000 -1000 -10
83 10 pedestrian 0 0 -10 1166.67 139.83 1223.79 188.59 -10 -10 -10 -100    0 -1000 -1000 -10
83 9 pedestrian 0 0 -10 449.14 165.35 482.80 194.24 -10 -10 -10 -100    0 -1000 -1000 -10
83 5 pedestrian 0 0 -10 804.07 142.45 878.69 299.87 -10 -10 -10 -100    0 -1000 -1000 -10
83 25 pedestrian 0 0 -10 97.97 173.84 134.34 290.14 -10 -10 -10 -100    0 -1000 -1000 -10
83 2 pedestrian 0 0 -10 616.75 154.58 664.27 181.21 -10 -10 -10 -100    0 -1000 -1000 -10
83 1 pedestrian 0 0 -10 522.06 152.45 639.72 283.95 -10 -10 -10 -100    0 -1000 -1000 -10
84 34 pedestrian 0 0 -10 84.71 181.31 125.18 294.06 -10 -10 -10 -100    0 -1000 -1000 -10
84 44 pedestrian 0 0 -10 748.32 149.97 778.30 185.03 -10 -10 -10 -100    0 -1000 -1000 -10
84 31 pedestrian 0 0 -10 480.95 143.50 551.58 322.03 -10 -10 -10 -100    0 -1000 -1000 -10
84 35 pedestrian 0 0 -10 984.37 139.72 1020.86 218.13 -10 -10 -10 -100    0 -1000 -1000 -10
84 12 pedestrian 0 0 -10 0.00 198.92 316.47 370.00 -10 -10 -10 -100    0 -1000 -1000 -10
84 10 pedestrian 0 0 -10 1155.69 141.11 1224.00 192.67 -10 -10 -10 -100    0 -1000 -1000 -10
84 9 pedestrian 0 0 -10 448.77 165.40 482.89 194.13 -10 -10 -10 -100    0 -1000 -1000 -10
84 5 pedestrian 0 0 -10 820.79 141.43 890.42 301.53 -10 -10 -10 -100    0 -1000 -1000 -10
84 25 pedestrian 0 0 -10 100.21 171.30 137.25 289.70 -10 -10 -10 -100    0 -1000 -1000 -10
84 2 pedestrian 0 0 -10 617.60 154.43 665.37 181.33 -10 -10 -10 -100    0 -1000 -1000 -10
84 1 pedestrian 0 0 -10 544.43 154.75 662.68 285.90 -10 -10 -10 -100    0 -1000 -1000 -10
85 39 pedestrian 0 0 -10 823.04 149.66 858.89 190.41 -10 -10 -10 -100    0 -1000 -1000 -10
85 34 pedestrian 0 0 -10 90.12 180.43 128.00 295.88 -10 -10 -10 -100    0 -1000 -1000 -10
85 44 pedestrian 0 0 -10 748.56 150.69 779.06 185.38 -10 -10 -10 -100    0 -1000 -1000 -10
85 31 pedestrian 0 0 -10 493.40 141.97 567.30 330.91 -10 -10 -10 -100    0 -1000 -1000 -10
85 35 pedestrian 0 0 -10 986.09 139.32 1022.14 217.94 -10 -10 -10 -100    0 -1000 -1000 -10
85 12 pedestrian 0 0 -10 0.18 200.38 312.66 370.00 -10 -10 -10 -100    0 -1000 -1000 -10
85 10 pedestrian 0 0 -10 1144.43 141.65 1224.00 194.84 -10 -10 -10 -100    0 -1000 -1000 -10
85 9 pedestrian 0 0 -10 448.37 165.59 482.56 194.05 -10 -10 -10 -100    0 -1000 -1000 -10
85 5 pedestrian 0 0 -10 840.85 137.98 909.62 301.97 -10 -10 -10 -100    0 -1000 -1000 -10
85 25 pedestrian 0 0 -10 102.50 171.06 140.09 289.52 -10 -10 -10 -100    0 -1000 -1000 -10
85 2 pedestrian 0 0 -10 616.85 154.44 665.01 181.89 -10 -10 -10 -100    0 -1000 -1000 -10
85 1 pedestrian 0 0 -10 566.07 154.69 685.18 286.48 -10 -10 -10 -100    0 -1000 -1000 -10
86 34 pedestrian 0 0 -10 94.21 181.32 134.22 296.13 -10 -10 -10 -100    0 -1000 -1000 -10
86 44 pedestrian 0 0 -10 748.99 150.75 778.97 185.63 -10 -10 -10 -100    0 -1000 -1000 -10
86 31 pedestrian 0 0 -10 502.84 143.68 581.16 332.13 -10 -10 -10 -100    0 -1000 -1000 -10
86 39 pedestrian 0 0 -10 826.64 149.09 859.26 189.82 -10 -10 -10 -100    0 -1000 -1000 -10
86 35 pedestrian 0 0 -10 986.98 139.46 1022.20 218.06 -10 -10 -10 -100    0 -1000 -1000 -10
86 12 pedestrian 0 0 -10 0.28 201.78 309.09 370.00 -10 -10 -10 -100    0 -1000 -1000 -10
86 10 pedestrian 0 0 -10 1130.84 142.43 1224.00 191.01 -10 -10 -10 -100    0 -1000 -1000 -10
86 9 pedestrian 0 0 -10 447.93 165.75 482.48 194.20 -10 -10 -10 -100    0 -1000 -1000 -10
86 5 pedestrian 0 0 -10 856.02 138.69 924.56 303.39 -10 -10 -10 -100    0 -1000 -1000 -10
86 25 pedestrian 0 0 -10 108.94 172.65 147.13 291.88 -10 -10 -10 -100    0 -1000 -1000 -10
86 2 pedestrian 0 0 -10 618.01 154.45 664.77 181.77 -10 -10 -10 -100    0 -1000 -1000 -10
86 1 pedestrian 0 0 -10 587.31 154.39 706.82 285.37 -10 -10 -10 -100    0 -1000 -1000 -10
87 34 pedestrian 0 0 -10 96.14 180.22 140.19 297.69 -10 -10 -10 -100    0 -1000 -1000 -10
87 44 pedestrian 0 0 -10 748.83 150.34 778.45 185.43 -10 -10 -10 -100    0 -1000 -1000 -10
87 31 pedestrian 0 0 -10 516.06 145.38 595.64 333.02 -10 -10 -10 -100    0 -1000 -1000 -10
87 39 pedestrian 0 0 -10 831.99 148.41 860.80 189.62 -10 -10 -10 -100    0 -1000 -1000 -10
87 35 pedestrian 0 0 -10 987.74 139.71 1023.26 218.82 -10 -10 -10 -100    0 -1000 -1000 -10
87 12 pedestrian 0 0 -10 0.25 202.08 306.37 370.00 -10 -10 -10 -100    0 -1000 -1000 -10
87 10 pedestrian 0 0 -10 1111.93 143.02 1223.62 188.13 -10 -10 -10 -100    0 -1000 -1000 -10
87 9 pedestrian 0 0 -10 447.67 166.03 482.50 194.44 -10 -10 -10 -100    0 -1000 -1000 -10
87 5 pedestrian 0 0 -10 866.28 138.99 939.33 306.05 -10 -10 -10 -100    0 -1000 -1000 -10
87 25 pedestrian 0 0 -10 115.73 171.58 154.02 293.64 -10 -10 -10 -100    0 -1000 -1000 -10
87 2 pedestrian 0 0 -10 617.48 154.36 663.87 181.15 -10 -10 -10 -100    0 -1000 -1000 -10
87 1 pedestrian 0 0 -10 610.22 153.87 727.92 283.84 -10 -10 -10 -100    0 -1000 -1000 -10
88 34 pedestrian 0 0 -10 98.81 180.52 143.15 299.98 -10 -10 -10 -100    0 -1000 -1000 -10
88 44 pedestrian 0 0 -10 748.77 150.82 778.55 185.41 -10 -10 -10 -100    0 -1000 -1000 -10
88 31 pedestrian 0 0 -10 528.67 146.29 602.14 333.12 -10 -10 -10 -100    0 -1000 -1000 -10
88 39 pedestrian 0 0 -10 835.26 148.00 862.72 189.05 -10 -10 -10 -100    0 -1000 -1000 -10
88 35 pedestrian 0 0 -10 988.59 139.77 1024.43 219.53 -10 -10 -10 -100    0 -1000 -1000 -10
88 12 pedestrian 0 0 -10 0.01 202.30 303.33 370.00 -10 -10 -10 -100    0 -1000 -1000 -10
88 10 pedestrian 0 0 -10 1101.05 142.19 1222.67 187.86 -10 -10 -10 -100    0 -1000 -1000 -10
88 9 pedestrian 0 0 -10 447.33 166.36 482.43 194.77 -10 -10 -10 -100    0 -1000 -1000 -10
88 5 pedestrian 0 0 -10 879.36 138.89 952.34 306.95 -10 -10 -10 -100    0 -1000 -1000 -10
88 25 pedestrian 0 0 -10 120.45 169.50 159.12 295.38 -10 -10 -10 -100    0 -1000 -1000 -10
88 2 pedestrian 0 0 -10 616.60 155.40 663.49 181.29 -10 -10 -10 -100    0 -1000 -1000 -10
88 1 pedestrian 0 0 -10 633.39 155.60 751.13 282.75 -10 -10 -10 -100    0 -1000 -1000 -10
89 34 pedestrian 0 0 -10 103.55 178.57 144.80 296.88 -10 -10 -10 -100    0 -1000 -1000 -10
89 44 pedestrian 0 0 -10 748.82 150.21 778.32 184.92 -10 -10 -10 -100    0 -1000 -1000 -10
89 31 pedestrian 0 0 -10 540.61 146.23 615.33 330.69 -10 -10 -10 -100    0 -1000 -1000 -10
89 39 pedestrian 0 0 -10 838.27 148.15 864.57 189.46 -10 -10 -10 -100    0 -1000 -1000 -10
89 35 pedestrian 0 0 -10 989.10 139.48 1025.69 219.69 -10 -10 -10 -100    0 -1000 -1000 -10
89 12 pedestrian 0 0 -10 0.38 201.70 301.67 370.00 -10 -10 -10 -100    0 -1000 -1000 -10
89 10 pedestrian 0 0 -10 1087.05 142.37 1219.18 188.47 -10 -10 -10 -100    0 -1000 -1000 -10
89 9 pedestrian 0 0 -10 447.04 166.39 482.01 194.83 -10 -10 -10 -100    0 -1000 -1000 -10
89 5 pedestrian 0 0 -10 904.12 137.28 971.97 308.84 -10 -10 -10 -100    0 -1000 -1000 -10
89 25 pedestrian 0 0 -10 127.28 167.84 164.71 293.46 -10 -10 -10 -100    0 -1000 -1000 -10
89 2 pedestrian 0 0 -10 617.89 155.08 664.94 181.56 -10 -10 -10 -100    0 -1000 -1000 -10
89 1 pedestrian 0 0 -10 655.58 155.63 772.66 282.72 -10 -10 -10 -100    0 -1000 -1000 -10
90 34 pedestrian 0 0 -10 108.81 178.47 145.77 298.38 -10 -10 -10 -100    0 -1000 -1000 -10
90 44 pedestrian 0 0 -10 748.33 150.66 778.69 185.38 -10 -10 -10 -100    0 -1000 -1000 -10
90 31 pedestrian 0 0 -10 553.34 146.11 627.74 336.51 -10 -10 -10 -100    0 -1000 -1000 -10
90 39 pedestrian 0 0 -10 839.03 147.63 865.88 189.65 -10 -10 -10 -100    0 -1000 -1000 -10
90 35 pedestrian 0 0 -10 989.59 140.18 1025.97 219.19 -10 -10 -10 -100    0 -1000 -1000 -10
90 12 pedestrian 0 0 -10 0.00 201.62 300.91 370.00 -10 -10 -10 -100    0 -1000 -1000 -10
90 10 pedestrian 0 0 -10 1070.75 142.84 1200.26 188.29 -10 -10 -10 -100    0 -1000 -1000 -10
90 9 pedestrian 0 0 -10 446.77 166.65 481.69 195.16 -10 -10 -10 -100    0 -1000 -1000 -10
90 5 pedestrian 0 0 -10 923.32 135.90 989.21 309.58 -10 -10 -10 -100    0 -1000 -1000 -10
90 25 pedestrian 0 0 -10 132.53 168.35 170.45 292.77 -10 -10 -10 -100    0 -1000 -1000 -10
90 2 pedestrian 0 0 -10 618.11 155.23 664.46 181.67 -10 -10 -10 -100    0 -1000 -1000 -10
90 1 pedestrian 0 0 -10 679.02 157.10 798.34 282.04 -10 -10 -10 -100    0 -1000 -1000 -10
91 34 pedestrian 0 0 -10 115.51 179.87 151.32 298.52 -10 -10 -10 -100    0 -1000 -1000 -10
91 44 pedestrian 0 0 -10 750.00 149.74 778.68 185.55 -10 -10 -10 -100    0 -1000 -1000 -10
91 31 pedestrian 0 0 -10 565.38 146.61 641.14 338.65 -10 -10 -10 -100    0 -1000 -1000 -10
91 39 pedestrian 0 0 -10 839.15 147.88 867.01 188.69 -10 -10 -10 -100    0 -1000 -1000 -10
91 35 pedestrian 0 0 -10 989.58 140.18 1025.69 219.07 -10 -10 -10 -100    0 -1000 -1000 -10
91 12 pedestrian 0 0 -10 0.00 200.71 300.74 370.00 -10 -10 -10 -100    0 -1000 -1000 -10
91 10 pedestrian 0 0 -10 1055.71 142.95 1189.38 189.38 -10 -10 -10 -100    0 -1000 -1000 -10
91 9 pedestrian 0 0 -10 446.81 166.81 481.63 195.33 -10 -10 -10 -100    0 -1000 -1000 -10
91 5 pedestrian 0 0 -10 929.31 136.88 1013.68 308.75 -10 -10 -10 -100    0 -1000 -1000 -10
91 25 pedestrian 0 0 -10 136.93 171.83 176.62 292.76 -10 -10 -10 -100    0 -1000 -1000 -10
91 2 pedestrian 0 0 -10 618.61 155.05 665.20 181.87 -10 -10 -10 -100    0 -1000 -1000 -10
91 1 pedestrian 0 0 -10 702.91 155.58 820.32 280.14 -10 -10 -10 -100    0 -1000 -1000 -10
92 44 pedestrian 0 0 -10 749.76 147.39 779.43 185.28 -10 -10 -10 -100    0 -1000 -1000 -10
92 31 pedestrian 0 0 -10 572.52 147.84 657.36 338.90 -10 -10 -10 -100    0 -1000 -1000 -10
92 39 pedestrian 0 0 -10 839.47 149.02 868.21 188.61 -10 -10 -10 -100    0 -1000 -1000 -10
92 35 pedestrian 0 0 -10 989.31 139.24 1025.71 219.12 -10 -10 -10 -100    0 -1000 -1000 -10
92 12 pedestrian 0 0 -10 0.00 200.11 301.11 370.00 -10 -10 -10 -100    0 -1000 -1000 -10
92 10 pedestrian 0 0 -10 1039.03 143.89 1170.84 190.24 -10 -10 -10 -100    0 -1000 -1000 -10
92 9 pedestrian 0 0 -10 446.67 167.07 481.51 195.55 -10 -10 -10 -100    0 -1000 -1000 -10
92 34 pedestrian 0 0 -10 122.24 178.14 155.34 297.63 -10 -10 -10 -100    0 -1000 -1000 -10
92 5 pedestrian 0 0 -10 935.58 135.53 1024.12 310.10 -10 -10 -10 -100    0 -1000 -1000 -10
92 25 pedestrian 0 0 -10 145.13 172.49 183.91 293.44 -10 -10 -10 -100    0 -1000 -1000 -10
92 2 pedestrian 0 0 -10 618.34 153.74 664.46 181.60 -10 -10 -10 -100    0 -1000 -1000 -10
92 1 pedestrian 0 0 -10 725.03 154.41 844.05 279.99 -10 -10 -10 -100    0 -1000 -1000 -10
93 44 pedestrian 0 0 -10 749.58 148.96 778.75 185.37 -10 -10 -10 -100    0 -1000 -1000 -10
93 31 pedestrian 0 0 -10 585.47 147.62 664.09 336.36 -10 -10 -10 -100    0 -1000 -1000 -10
93 39 pedestrian 0 0 -10 841.44 150.36 870.73 188.61 -10 -10 -10 -100    0 -1000 -1000 -10
93 35 pedestrian 0 0 -10 989.05 141.26 1023.69 220.84 -10 -10 -10 -100    0 -1000 -1000 -10
93 12 pedestrian 0 0 -10 0.00 201.05 301.67 370.00 -10 -10 -10 -100    0 -1000 -1000 -10
93 10 pedestrian 0 0 -10 1024.33 145.31 1152.20 191.06 -10 -10 -10 -100    0 -1000 -1000 -10
93 9 pedestrian 0 0 -10 446.80 168.10 481.74 196.75 -10 -10 -10 -100    0 -1000 -1000 -10
93 34 pedestrian 0 0 -10 133.75 177.87 164.99 296.72 -10 -10 -10 -100    0 -1000 -1000 -10
93 5 pedestrian 0 0 -10 956.82 136.87 1028.84 308.16 -10 -10 -10 -100    0 -1000 -1000 -10
93 25 pedestrian 0 0 -10 154.31 170.15 193.72 294.60 -10 -10 -10 -100    0 -1000 -1000 -10
93 2 pedestrian 0 0 -10 618.18 153.98 664.67 181.70 -10 -10 -10 -100    0 -1000 -1000 -10
93 1 pedestrian 0 0 -10 748.15 153.58 870.75 280.60 -10 -10 -10 -100    0 -1000 -1000 -10
94 44 pedestrian 0 0 -10 749.21 151.49 780.85 187.04 -10 -10 -10 -100    0 -1000 -1000 -10
94 31 pedestrian 0 0 -10 593.69 148.80 674.58 332.61 -10 -10 -10 -100    0 -1000 -1000 -10
94 39 pedestrian 0 0 -10 842.80 152.39 875.92 190.67 -10 -10 -10 -100    0 -1000 -1000 -10
94 35 pedestrian 0 0 -10 989.75 142.83 1027.20 222.89 -10 -10 -10 -100    0 -1000 -1000 -10
94 12 pedestrian 0 0 -10 0.00 202.97 300.92 370.00 -10 -10 -10 -100    0 -1000 -1000 -10
94 10 pedestrian 0 0 -10 1007.30 147.58 1134.80 192.94 -10 -10 -10 -100    0 -1000 -1000 -10
94 9 pedestrian 0 0 -10 446.69 169.78 481.93 198.38 -10 -10 -10 -100    0 -1000 -1000 -10
94 5 pedestrian 0 0 -10 981.30 136.86 1041.53 307.83 -10 -10 -10 -100    0 -1000 -1000 -10
94 25 pedestrian 0 0 -10 151.29 173.75 190.60 299.36 -10 -10 -10 -100    0 -1000 -1000 -10
94 2 pedestrian 0 0 -10 617.82 155.34 664.05 181.60 -10 -10 -10 -100    0 -1000 -1000 -10
94 1 pedestrian 0 0 -10 771.60 155.47 894.22 281.36 -10 -10 -10 -100    0 -1000 -1000 -10
95 31 pedestrian 0 0 -10 614.48 148.40 684.61 335.19 -10 -10 -10 -100    0 -1000 -1000 -10
95 44 pedestrian 0 0 -10 747.84 151.53 779.39 186.70 -10 -10 -10 -100    0 -1000 -1000 -10
95 35 pedestrian 0 0 -10 990.84 143.10 1026.76 224.45 -10 -10 -10 -100    0 -1000 -1000 -10
95 12 pedestrian 0 0 -10 0.00 203.01 300.45 370.00 -10 -10 -10 -100    0 -1000 -1000 -10
95 10 pedestrian 0 0 -10 987.14 148.97 1121.06 194.48 -10 -10 -10 -100    0 -1000 -1000 -10
95 9 pedestrian 0 0 -10 446.62 170.76 481.64 199.06 -10 -10 -10 -100    0 -1000 -1000 -10
95 5 pedestrian 0 0 -10 989.97 133.83 1072.71 309.67 -10 -10 -10 -100    0 -1000 -1000 -10
95 2 pedestrian 0 0 -10 618.35 153.87 663.46 181.02 -10 -10 -10 -100    0 -1000 -1000 -10
95 1 pedestrian 0 0 -10 795.47 154.23 917.53 280.30 -10 -10 -10 -100    0 -1000 -1000 -10
96 44 pedestrian 0 0 -10 747.56 150.35 779.42 186.30 -10 -10 -10 -100    0 -1000 -1000 -10
96 35 pedestrian 0 0 -10 991.03 143.77 1028.28 223.52 -10 -10 -10 -100    0 -1000 -1000 -10
96 12 pedestrian 0 0 -10 0.00 202.53 301.01 370.00 -10 -10 -10 -100    0 -1000 -1000 -10
96 10 pedestrian 0 0 -10 975.58 149.66 1100.61 196.53 -10 -10 -10 -100    0 -1000 -1000 -10
96 9 pedestrian 0 0 -10 446.63 170.13 481.90 198.71 -10 -10 -10 -100    0 -1000 -1000 -10
96 31 pedestrian 0 0 -10 627.30 147.54 710.35 341.71 -10 -10 -10 -100    0 -1000 -1000 -10
96 5 pedestrian 0 0 -10 995.39 130.35 1100.13 304.71 -10 -10 -10 -100    0 -1000 -1000 -10
96 2 pedestrian 0 0 -10 617.12 154.64 663.18 181.48 -10 -10 -10 -100    0 -1000 -1000 -10
96 1 pedestrian 0 0 -10 819.50 154.95 943.10 279.25 -10 -10 -10 -100    0 -1000 -1000 -10
97 44 pedestrian 0 0 -10 747.83 150.82 778.83 186.30 -10 -10 -10 -100    0 -1000 -1000 -10
97 35 pedestrian 0 0 -10 993.11 145.03 1026.54 223.94 -10 -10 -10 -100    0 -1000 -1000 -10
97 45 pedestrian 0 0 -10 181.27 171.46 219.72 295.28 -10 -10 -10 -100    0 -1000 -1000 -10
97 12 pedestrian 0 0 -10 0.00 202.55 301.12 370.00 -10 -10 -10 -100    0 -1000 -1000 -10
97 10 pedestrian 0 0 -10 955.88 148.87 1081.81 196.81 -10 -10 -10 -100    0 -1000 -1000 -10
97 9 pedestrian 0 0 -10 446.53 170.59 481.68 199.05 -10 -10 -10 -100    0 -1000 -1000 -10
97 31 pedestrian 0 0 -10 632.02 148.49 722.71 343.33 -10 -10 -10 -100    0 -1000 -1000 -10
97 5 pedestrian 0 0 -10 1007.37 129.09 1100.55 303.33 -10 -10 -10 -100    0 -1000 -1000 -10
97 2 pedestrian 0 0 -10 616.88 155.79 663.35 182.64 -10 -10 -10 -100    0 -1000 -1000 -10
97 1 pedestrian 0 0 -10 841.90 154.61 966.86 278.13 -10 -10 -10 -100    0 -1000 -1000 -10
98 39 pedestrian 0 0 -10 851.22 153.30 889.22 195.10 -10 -10 -10 -100    0 -1000 -1000 -10
98 44 pedestrian 0 0 -10 748.34 150.21 779.52 186.28 -10 -10 -10 -100    0 -1000 -1000 -10
98 35 pedestrian 0 0 -10 990.54 146.54 1024.61 222.91 -10 -10 -10 -100    0 -1000 -1000 -10
98 45 pedestrian 0 0 -10 189.86 170.10 228.17 294.93 -10 -10 -10 -100    0 -1000 -1000 -10
98 12 pedestrian 0 0 -10 0.00 201.95 301.01 370.00 -10 -10 -10 -100    0 -1000 -1000 -10
98 10 pedestrian 0 0 -10 937.78 148.08 1072.48 197.32 -10 -10 -10 -100    0 -1000 -1000 -10
98 9 pedestrian 0 0 -10 446.40 170.30 481.66 198.79 -10 -10 -10 -100    0 -1000 -1000 -10
98 31 pedestrian 0 0 -10 643.25 147.99 727.46 340.93 -10 -10 -10 -100    0 -1000 -1000 -10
98 5 pedestrian 0 0 -10 1029.70 124.68 1107.26 302.06 -10 -10 -10 -100    0 -1000 -1000 -10
98 2 pedestrian 0 0 -10 616.12 155.63 662.61 182.21 -10 -10 -10 -100    0 -1000 -1000 -10
98 1 pedestrian 0 0 -10 867.66 152.46 993.54 276.36 -10 -10 -10 -100    0 -1000 -1000 -10
99 39 pedestrian 0 0 -10 853.39 152.43 894.75 198.14 -10 -10 -10 -100    0 -1000 -1000 -10
99 44 pedestrian 0 0 -10 748.80 150.08 779.81 185.98 -10 -10 -10 -100    0 -1000 -1000 -10
99 35 pedestrian 0 0 -10 990.25 143.45 1025.86 223.76 -10 -10 -10 -100    0 -1000 -1000 -10
99 45 pedestrian 0 0 -10 199.58 169.25 240.30 292.89 -10 -10 -10 -100    0 -1000 -1000 -10
99 12 pedestrian 0 0 -10 0.00 201.94 301.27 370.00 -10 -10 -10 -100    0 -1000 -1000 -10
99 10 pedestrian 0 0 -10 916.23 149.67 1041.89 195.29 -10 -10 -10 -100    0 -1000 -1000 -10
99 9 pedestrian 0 0 -10 446.54 170.06 481.81 198.73 -10 -10 -10 -100    0 -1000 -1000 -10
99 31 pedestrian 0 0 -10 660.15 146.99 732.75 342.56 -10 -10 -10 -100    0 -1000 -1000 -10
99 5 pedestrian 0 0 -10 1043.89 120.38 1127.32 299.83 -10 -10 -10 -100    0 -1000 -1000 -10
99 2 pedestrian 0 0 -10 616.24 154.20 664.05 181.24 -10 -10 -10 -100    0 -1000 -1000 -10
99 1 pedestrian 0 0 -10 893.09 147.98 1016.24 273.92 -10 -10 -10 -100    0 -1000 -1000 -10
100 39 pedestrian 0 0 -10 854.25 153.17 895.12 198.55 -10 -10 -10 -100    0 -1000 -1000 -10
100 44 pedestrian 0 0 -10 746.95 149.97 778.50 185.94 -10 -10 -10 -100    0 -1000 -1000 -10
100 35 pedestrian 0 0 -10 989.95 143.61 1025.30 224.58 -10 -10 -10 -100    0 -1000 -1000 -10
100 45 pedestrian 0 0 -10 207.71 168.44 254.51 291.91 -10 -10 -10 -100    0 -1000 -1000 -10
100 12 pedestrian 0 0 -10 0.00 201.95 301.12 370.00 -10 -10 -10 -100    0 -1000 -1000 -10
100 10 pedestrian 0 0 -10 905.58 154.61 1021.10 197.68 -10 -10 -10 -100    0 -1000 -1000 -10
100 9 pedestrian 0 0 -10 446.47 170.58 481.57 199.01 -10 -10 -10 -100    0 -1000 -1000 -10
100 31 pedestrian 0 0 -10 675.74 146.71 741.49 340.40 -10 -10 -10 -100    0 -1000 -1000 -10
100 5 pedestrian 0 0 -10 1061.71 119.49 1149.38 298.33 -10 -10 -10 -100    0 -1000 -1000 -10
100 25 pedestrian 0 0 -10 180.13 177.29 228.72 297.07 -10 -10 -10 -100    0 -1000 -1000 -10
100 2 pedestrian 0 0 -10 616.90 154.64 663.68 181.43 -10 -10 -10 -100    0 -1000 -1000 -10
100 1 pedestrian 0 0 -10 916.05 146.76 1045.33 270.73 -10 -10 -10 -100    0 -1000 -1000 -10
101 39 pedestrian 0 0 -10 854.95 152.69 896.02 199.04 -10 -10 -10 -100    0 -1000 -1000 -10
101 44 pedestrian 0 0 -10 747.76 149.61 779.64 186.17 -10 -10 -10 -100    0 -1000 -1000 -10
101 35 pedestrian 0 0 -10 987.95 142.44 1024.91 223.02 -10 -10 -10 -100    0 -1000 -1000 -10
101 45 pedestrian 0 0 -10 214.96 168.96 263.77 289.95 -10 -10 -10 -100    0 -1000 -1000 -10
101 12 pedestrian 0 0 -10 0.00 201.62 300.98 370.00 -10 -10 -10 -100    0 -1000 -1000 -10
101 10 pedestrian 0 0 -10 890.93 153.71 1007.93 199.75 -10 -10 -10 -100    0 -1000 -1000 -10
101 9 pedestrian 0 0 -10 446.53 170.21 481.62 198.79 -10 -10 -10 -100    0 -1000 -1000 -10
101 31 pedestrian 0 0 -10 690.63 147.62 759.86 343.75 -10 -10 -10 -100    0 -1000 -1000 -10
101 5 pedestrian 0 0 -10 1069.72 118.60 1155.30 297.45 -10 -10 -10 -100    0 -1000 -1000 -10
101 25 pedestrian 0 0 -10 186.88 174.43 233.62 297.06 -10 -10 -10 -100    0 -1000 -1000 -10
101 2 pedestrian 0 0 -10 616.50 154.53 663.14 181.33 -10 -10 -10 -100    0 -1000 -1000 -10
101 1 pedestrian 0 0 -10 940.62 143.55 1068.11 267.40 -10 -10 -10 -100    0 -1000 -1000 -10
102 39 pedestrian 0 0 -10 858.52 152.80 906.04 197.34 -10 -10 -10 -100    0 -1000 -1000 -10
102 44 pedestrian 0 0 -10 749.24 150.30 779.55 186.33 -10 -10 -10 -100    0 -1000 -1000 -10
102 35 pedestrian 0 0 -10 989.24 143.20 1025.24 224.51 -10 -10 -10 -100    0 -1000 -1000 -10
102 45 pedestrian 0 0 -10 217.23 167.23 270.14 290.89 -10 -10 -10 -100    0 -1000 -1000 -10
102 12 pedestrian 0 0 -10 0.00 201.61 300.46 370.00 -10 -10 -10 -100    0 -1000 -1000 -10
102 10 pedestrian 0 0 -10 874.24 156.00 983.99 199.60 -10 -10 -10 -100    0 -1000 -1000 -10
102 9 pedestrian 0 0 -10 446.60 170.24 481.70 198.75 -10 -10 -10 -100    0 -1000 -1000 -10
102 31 pedestrian 0 0 -10 697.91 150.43 782.03 342.74 -10 -10 -10 -100    0 -1000 -1000 -10
102 5 pedestrian 0 0 -10 1083.58 119.85 1160.06 297.70 -10 -10 -10 -100    0 -1000 -1000 -10
102 25 pedestrian 0 0 -10 196.08 173.08 239.34 294.09 -10 -10 -10 -100    0 -1000 -1000 -10
102 2 pedestrian 0 0 -10 616.91 154.83 663.95 181.48 -10 -10 -10 -100    0 -1000 -1000 -10
102 1 pedestrian 0 0 -10 965.69 140.17 1091.43 267.33 -10 -10 -10 -100    0 -1000 -1000 -10
103 44 pedestrian 0 0 -10 746.02 149.89 779.23 187.41 -10 -10 -10 -100    0 -1000 -1000 -10
103 35 pedestrian 0 0 -10 989.99 143.47 1028.25 227.30 -10 -10 -10 -100    0 -1000 -1000 -10
103 45 pedestrian 0 0 -10 228.56 167.41 272.79 292.02 -10 -10 -10 -100    0 -1000 -1000 -10
103 12 pedestrian 0 0 -10 0.00 201.67 300.89 370.00 -10 -10 -10 -100    0 -1000 -1000 -10
103 10 pedestrian 0 0 -10 859.92 156.54 969.99 199.77 -10 -10 -10 -100    0 -1000 -1000 -10
103 9 pedestrian 0 0 -10 446.55 170.44 481.58 198.84 -10 -10 -10 -100    0 -1000 -1000 -10
103 31 pedestrian 0 0 -10 708.00 149.99 793.00 342.74 -10 -10 -10 -100    0 -1000 -1000 -10
103 5 pedestrian 0 0 -10 1097.55 116.44 1182.36 293.50 -10 -10 -10 -100    0 -1000 -1000 -10
103 25 pedestrian 0 0 -10 201.02 172.49 241.21 294.93 -10 -10 -10 -100    0 -1000 -1000 -10
103 39 pedestrian 0 0 -10 860.73 153.50 910.21 197.92 -10 -10 -10 -100    0 -1000 -1000 -10
103 2 pedestrian 0 0 -10 616.92 155.01 663.81 181.79 -10 -10 -10 -100    0 -1000 -1000 -10
103 1 pedestrian 0 0 -10 986.97 139.45 1117.23 260.66 -10 -10 -10 -100    0 -1000 -1000 -10
104 44 pedestrian 0 0 -10 747.06 148.61 777.10 185.94 -10 -10 -10 -100    0 -1000 -1000 -10
104 35 pedestrian 0 0 -10 988.91 143.57 1024.73 223.65 -10 -10 -10 -100    0 -1000 -1000 -10
104 45 pedestrian 0 0 -10 239.87 167.31 278.77 290.66 -10 -10 -10 -100    0 -1000 -1000 -10
104 12 pedestrian 0 0 -10 0.00 201.36 300.97 370.00 -10 -10 -10 -100    0 -1000 -1000 -10
104 10 pedestrian 0 0 -10 841.30 156.72 950.30 200.49 -10 -10 -10 -100    0 -1000 -1000 -10
104 9 pedestrian 0 0 -10 446.66 170.26 481.62 198.77 -10 -10 -10 -100    0 -1000 -1000 -10
104 31 pedestrian 0 0 -10 720.66 147.84 800.88 339.86 -10 -10 -10 -100    0 -1000 -1000 -10
104 5 pedestrian 0 0 -10 1111.62 114.04 1202.01 295.67 -10 -10 -10 -100    0 -1000 -1000 -10
104 25 pedestrian 0 0 -10 207.13 175.39 249.13 294.15 -10 -10 -10 -100    0 -1000 -1000 -10
104 39 pedestrian 0 0 -10 862.45 153.40 908.62 193.89 -10 -10 -10 -100    0 -1000 -1000 -10
104 2 pedestrian 0 0 -10 616.78 154.80 663.56 181.55 -10 -10 -10 -100    0 -1000 -1000 -10
104 1 pedestrian 0 0 -10 1011.21 137.26 1142.40 260.47 -10 -10 -10 -100    0 -1000 -1000 -10
105 44 pedestrian 0 0 -10 747.55 149.52 779.91 185.90 -10 -10 -10 -100    0 -1000 -1000 -10
105 35 pedestrian 0 0 -10 988.89 142.91 1025.18 223.12 -10 -10 -10 -100    0 -1000 -1000 -10
105 45 pedestrian 0 0 -10 246.71 166.69 288.47 290.31 -10 -10 -10 -100    0 -1000 -1000 -10
105 12 pedestrian 0 0 -10 0.00 201.47 301.05 370.00 -10 -10 -10 -100    0 -1000 -1000 -10
105 10 pedestrian 0 0 -10 825.85 157.22 932.87 200.64 -10 -10 -10 -100    0 -1000 -1000 -10
105 9 pedestrian 0 0 -10 446.40 169.98 481.65 198.49 -10 -10 -10 -100    0 -1000 -1000 -10
105 31 pedestrian 0 0 -10 741.58 145.46 816.58 341.12 -10 -10 -10 -100    0 -1000 -1000 -10
105 5 pedestrian 0 0 -10 1123.80 116.78 1224.00 296.51 -10 -10 -10 -100    0 -1000 -1000 -10
105 25 pedestrian 0 0 -10 212.70 174.98 255.19 294.83 -10 -10 -10 -100    0 -1000 -1000 -10
105 39 pedestrian 0 0 -10 862.58 153.42 905.20 193.71 -10 -10 -10 -100    0 -1000 -1000 -10
105 2 pedestrian 0 0 -10 616.79 154.90 663.75 181.61 -10 -10 -10 -100    0 -1000 -1000 -10
105 1 pedestrian 0 0 -10 1037.08 136.16 1169.00 259.77 -10 -10 -10 -100    0 -1000 -1000 -10
106 46 pedestrian 0 0 -10 740.59 151.89 812.14 322.90 -10 -10 -10 -100    0 -1000 -1000 -10
106 35 pedestrian 0 0 -10 988.83 143.64 1025.60 223.38 -10 -10 -10 -100    0 -1000 -1000 -10
106 45 pedestrian 0 0 -10 252.77 167.64 297.99 290.28 -10 -10 -10 -100    0 -1000 -1000 -10
106 12 pedestrian 0 0 -10 0.00 201.38 300.41 370.00 -10 -10 -10 -100    0 -1000 -1000 -10
106 10 pedestrian 0 0 -10 808.08 158.60 915.80 200.91 -10 -10 -10 -100    0 -1000 -1000 -10
106 9 pedestrian 0 0 -10 446.35 169.97 481.66 198.52 -10 -10 -10 -100    0 -1000 -1000 -10
106 31 pedestrian 0 0 -10 755.43 142.29 831.16 341.41 -10 -10 -10 -100    0 -1000 -1000 -10
106 5 pedestrian 0 0 -10 1130.84 113.18 1223.56 297.22 -10 -10 -10 -100    0 -1000 -1000 -10
106 25 pedestrian 0 0 -10 219.98 172.44 260.27 294.85 -10 -10 -10 -100    0 -1000 -1000 -10
106 2 pedestrian 0 0 -10 616.91 154.84 663.85 181.48 -10 -10 -10 -100    0 -1000 -1000 -10
106 1 pedestrian 0 0 -10 1060.20 134.72 1196.52 258.34 -10 -10 -10 -100    0 -1000 -1000 -10
107 46 pedestrian 0 0 -10 746.19 151.69 831.27 323.98 -10 -10 -10 -100    0 -1000 -1000 -10
107 35 pedestrian 0 0 -10 988.78 143.00 1025.54 223.19 -10 -10 -10 -100    0 -1000 -1000 -10
107 45 pedestrian 0 0 -10 261.48 166.84 306.02 290.42 -10 -10 -10 -100    0 -1000 -1000 -10
107 12 pedestrian 0 0 -10 0.00 201.54 301.02 370.00 -10 -10 -10 -100    0 -1000 -1000 -10
107 10 pedestrian 0 0 -10 796.51 158.42 898.57 200.59 -10 -10 -10 -100    0 -1000 -1000 -10
107 9 pedestrian 0 0 -10 446.55 170.30 481.61 198.75 -10 -10 -10 -100    0 -1000 -1000 -10
107 31 pedestrian 0 0 -10 761.79 145.01 849.47 339.70 -10 -10 -10 -100    0 -1000 -1000 -10
107 5 pedestrian 0 0 -10 1152.65 112.10 1223.61 295.84 -10 -10 -10 -100    0 -1000 -1000 -10
107 25 pedestrian 0 0 -10 226.54 170.69 266.43 291.79 -10 -10 -10 -100    0 -1000 -1000 -10
107 2 pedestrian 0 0 -10 616.58 154.78 663.83 181.64 -10 -10 -10 -100    0 -1000 -1000 -10
107 1 pedestrian 0 0 -10 1085.76 131.91 1220.46 256.90 -10 -10 -10 -100    0 -1000 -1000 -10
108 46 pedestrian 0 0 -10 749.20 153.55 840.28 324.85 -10 -10 -10 -100    0 -1000 -1000 -10
108 35 pedestrian 0 0 -10 988.90 142.68 1025.74 223.13 -10 -10 -10 -100    0 -1000 -1000 -10
108 45 pedestrian 0 0 -10 270.22 165.69 312.27 291.97 -10 -10 -10 -100    0 -1000 -1000 -10
108 12 pedestrian 0 0 -10 0.00 201.47 300.85 370.00 -10 -10 -10 -100    0 -1000 -1000 -10
108 10 pedestrian 0 0 -10 779.92 159.76 881.38 200.75 -10 -10 -10 -100    0 -1000 -1000 -10
108 9 pedestrian 0 0 -10 446.33 169.96 481.67 198.47 -10 -10 -10 -100    0 -1000 -1000 -10
108 31 pedestrian 0 0 -10 767.59 146.51 863.32 339.16 -10 -10 -10 -100    0 -1000 -1000 -10
108 5 pedestrian 0 0 -10 1173.64 110.98 1223.47 296.69 -10 -10 -10 -100    0 -1000 -1000 -10
108 25 pedestrian 0 0 -10 232.29 171.32 274.17 292.88 -10 -10 -10 -100    0 -1000 -1000 -10
108 2 pedestrian 0 0 -10 616.60 154.84 663.91 181.57 -10 -10 -10 -100    0 -1000 -1000 -10
108 1 pedestrian 0 0 -10 1107.75 128.78 1224.00 255.21 -10 -10 -10 -100    0 -1000 -1000 -10
109 46 pedestrian 0 0 -10 759.75 152.25 845.31 325.45 -10 -10 -10 -100    0 -1000 -1000 -10
109 35 pedestrian 0 0 -10 989.20 142.78 1025.79 222.82 -10 -10 -10 -100    0 -1000 -1000 -10
109 45 pedestrian 0 0 -10 275.72 165.60 318.02 289.62 -10 -10 -10 -100    0 -1000 -1000 -10
109 12 pedestrian 0 0 -10 0.00 201.63 300.91 370.00 -10 -10 -10 -100    0 -1000 -1000 -10
109 10 pedestrian 0 0 -10 764.10 160.43 865.80 201.85 -10 -10 -10 -100    0 -1000 -1000 -10
109 9 pedestrian 0 0 -10 446.55 170.15 481.71 198.62 -10 -10 -10 -100    0 -1000 -1000 -10
109 31 pedestrian 0 0 -10 783.63 144.49 866.23 339.04 -10 -10 -10 -100    0 -1000 -1000 -10
109 5 pedestrian 0 0 -10 1186.71 114.91 1223.73 298.84 -10 -10 -10 -100    0 -1000 -1000 -10
109 25 pedestrian 0 0 -10 239.70 172.39 284.58 291.56 -10 -10 -10 -100    0 -1000 -1000 -10
109 39 pedestrian 0 0 -10 865.36 155.13 902.41 200.01 -10 -10 -10 -100    0 -1000 -1000 -10
109 2 pedestrian 0 0 -10 616.56 154.81 663.74 181.39 -10 -10 -10 -100    0 -1000 -1000 -10
109 1 pedestrian 0 0 -10 1132.50 127.64 1223.73 251.99 -10 -10 -10 -100    0 -1000 -1000 -10
110 35 pedestrian 0 0 -10 989.03 143.17 1025.56 222.99 -10 -10 -10 -100    0 -1000 -1000 -10
110 45 pedestrian 0 0 -10 282.81 166.02 325.13 290.77 -10 -10 -10 -100    0 -1000 -1000 -10
110 12 pedestrian 0 0 -10 0.00 201.78 300.21 370.00 -10 -10 -10 -100    0 -1000 -1000 -10
110 10 pedestrian 0 0 -10 750.65 163.06 850.15 202.55 -10 -10 -10 -100    0 -1000 -1000 -10
110 9 pedestrian 0 0 -10 446.48 170.22 481.68 198.68 -10 -10 -10 -100    0 -1000 -1000 -10
110 31 pedestrian 0 0 -10 797.31 142.99 872.16 339.70 -10 -10 -10 -100    0 -1000 -1000 -10
110 46 pedestrian 0 0 -10 773.81 151.80 849.88 326.00 -10 -10 -10 -100    0 -1000 -1000 -10
110 5 pedestrian 0 0 -10 1199.69 108.20 1223.63 297.00 -10 -10 -10 -100    0 -1000 -1000 -10
110 25 pedestrian 0 0 -10 247.88 172.43 295.06 291.89 -10 -10 -10 -100    0 -1000 -1000 -10
110 39 pedestrian 0 0 -10 865.25 155.05 903.36 199.24 -10 -10 -10 -100    0 -1000 -1000 -10
110 2 pedestrian 0 0 -10 616.80 154.88 663.75 181.56 -10 -10 -10 -100    0 -1000 -1000 -10
110 1 pedestrian 0 0 -10 1157.50 128.13 1223.47 248.23 -10 -10 -10 -100    0 -1000 -1000 -10
111 35 pedestrian 0 0 -10 988.93 142.89 1025.83 223.31 -10 -10 -10 -100    0 -1000 -1000 -10
111 45 pedestrian 0 0 -10 289.91 165.52 337.94 289.81 -10 -10 -10 -100    0 -1000 -1000 -10
111 12 pedestrian 0 0 -10 0.00 201.88 300.98 370.00 -10 -10 -10 -100    0 -1000 -1000 -10
111 10 pedestrian 0 0 -10 738.59 163.18 828.60 201.46 -10 -10 -10 -100    0 -1000 -1000 -10
111 9 pedestrian 0 0 -10 446.42 170.08 481.72 198.48 -10 -10 -10 -100    0 -1000 -1000 -10
111 31 pedestrian 0 0 -10 815.40 142.87 883.72 338.04 -10 -10 -10 -100    0 -1000 -1000 -10
111 46 pedestrian 0 0 -10 793.07 149.36 852.86 325.59 -10 -10 -10 -100    0 -1000 -1000 -10
111 25 pedestrian 0 0 -10 255.82 172.44 301.50 293.51 -10 -10 -10 -100    0 -1000 -1000 -10
111 39 pedestrian 0 0 -10 863.63 154.89 902.56 199.54 -10 -10 -10 -100    0 -1000 -1000 -10
111 2 pedestrian 0 0 -10 616.71 154.76 663.91 181.46 -10 -10 -10 -100    0 -1000 -1000 -10
111 1 pedestrian 0 0 -10 1181.65 124.07 1223.91 247.90 -10 -10 -10 -100    0 -1000 -1000 -10
112 35 pedestrian 0 0 -10 988.96 142.97 1025.71 223.21 -10 -10 -10 -100    0 -1000 -1000 -10
112 45 pedestrian 0 0 -10 296.50 165.36 347.07 291.65 -10 -10 -10 -100    0 -1000 -1000 -10
112 12 pedestrian 0 0 -10 0.00 201.96 301.09 370.00 -10 -10 -10 -100    0 -1000 -1000 -10
112 10 pedestrian 0 0 -10 727.16 163.44 819.75 202.26 -10 -10 -10 -100    0 -1000 -1000 -10
112 9 pedestrian 0 0 -10 446.43 169.93 481.80 198.35 -10 -10 -10 -100    0 -1000 -1000 -10
112 31 pedestrian 0 0 -10 825.01 142.56 902.35 336.26 -10 -10 -10 -100    0 -1000 -1000 -10
112 46 pedestrian 0 0 -10 803.26 150.90 862.15 326.64 -10 -10 -10 -100    0 -1000 -1000 -10
112 25 pedestrian 0 0 -10 265.11 170.99 305.87 292.95 -10 -10 -10 -100    0 -1000 -1000 -10
112 39 pedestrian 0 0 -10 862.03 154.80 904.22 199.70 -10 -10 -10 -100    0 -1000 -1000 -10
112 2 pedestrian 0 0 -10 616.75 154.64 664.58 181.50 -10 -10 -10 -100    0 -1000 -1000 -10
113 35 pedestrian 0 0 -10 988.82 143.31 1025.72 223.57 -10 -10 -10 -100    0 -1000 -1000 -10
113 45 pedestrian 0 0 -10 305.23 165.32 352.74 290.74 -10 -10 -10 -100    0 -1000 -1000 -10
113 12 pedestrian 0 0 -10 0.00 202.22 301.55 370.00 -10 -10 -10 -100    0 -1000 -1000 -10
113 10 pedestrian 0 0 -10 715.64 163.61 806.30 201.54 -10 -10 -10 -100    0 -1000 -1000 -10
113 9 pedestrian 0 0 -10 446.47 170.05 481.72 198.33 -10 -10 -10 -100    0 -1000 -1000 -10
113 31 pedestrian 0 0 -10 827.45 142.29 916.36 336.11 -10 -10 -10 -100    0 -1000 -1000 -10
113 46 pedestrian 0 0 -10 803.65 151.41 882.22 327.10 -10 -10 -10 -100    0 -1000 -1000 -10
113 25 pedestrian 0 0 -10 272.08 169.27 313.89 291.49 -10 -10 -10 -100    0 -1000 -1000 -10
113 39 pedestrian 0 0 -10 861.17 155.93 904.07 199.82 -10 -10 -10 -100    0 -1000 -1000 -10
113 2 pedestrian 0 0 -10 616.79 154.81 663.80 181.67 -10 -10 -10 -100    0 -1000 -1000 -10
114 35 pedestrian 0 0 -10 989.06 143.46 1025.53 223.20 -10 -10 -10 -100    0 -1000 -1000 -10
114 45 pedestrian 0 0 -10 318.37 164.25 359.71 289.33 -10 -10 -10 -100    0 -1000 -1000 -10
114 12 pedestrian 0 0 -10 0.00 201.98 301.29 370.00 -10 -10 -10 -100    0 -1000 -1000 -10
114 10 pedestrian 0 0 -10 706.94 164.02 792.76 201.16 -10 -10 -10 -100    0 -1000 -1000 -10
114 9 pedestrian 0 0 -10 446.52 169.99 481.76 198.28 -10 -10 -10 -100    0 -1000 -1000 -10
114 31 pedestrian 0 0 -10 839.14 141.29 928.80 335.26 -10 -10 -10 -100    0 -1000 -1000 -10
114 46 pedestrian 0 0 -10 808.88 150.65 901.31 326.13 -10 -10 -10 -100    0 -1000 -1000 -10
114 25 pedestrian 0 0 -10 278.43 172.69 322.51 293.67 -10 -10 -10 -100    0 -1000 -1000 -10
114 39 pedestrian 0 0 -10 863.98 155.32 904.56 199.17 -10 -10 -10 -100    0 -1000 -1000 -10
114 2 pedestrian 0 0 -10 616.47 154.69 663.70 181.41 -10 -10 -10 -100    0 -1000 -1000 -10
115 35 pedestrian 0 0 -10 989.12 143.49 1025.63 223.12 -10 -10 -10 -100    0 -1000 -1000 -10
115 45 pedestrian 0 0 -10 327.37 165.91 367.76 289.83 -10 -10 -10 -100    0 -1000 -1000 -10
115 12 pedestrian 0 0 -10 0.00 202.00 301.30 370.00 -10 -10 -10 -100    0 -1000 -1000 -10
115 10 pedestrian 0 0 -10 699.30 164.01 779.87 200.73 -10 -10 -10 -100    0 -1000 -1000 -10
115 9 pedestrian 0 0 -10 446.49 169.90 481.72 198.31 -10 -10 -10 -100    0 -1000 -1000 -10
115 31 pedestrian 0 0 -10 856.19 139.53 934.00 336.11 -10 -10 -10 -100    0 -1000 -1000 -10
115 46 pedestrian 0 0 -10 830.67 150.61 911.08 324.44 -10 -10 -10 -100    0 -1000 -1000 -10
115 25 pedestrian 0 0 -10 283.52 170.71 333.14 292.82 -10 -10 -10 -100    0 -1000 -1000 -10
115 39 pedestrian 0 0 -10 860.15 154.95 902.96 199.23 -10 -10 -10 -100    0 -1000 -1000 -10
115 2 pedestrian 0 0 -10 616.65 154.91 663.30 181.40 -10 -10 -10 -100    0 -1000 -1000 -10
116 35 pedestrian 0 0 -10 989.52 143.39 1026.18 222.94 -10 -10 -10 -100    0 -1000 -1000 -10
116 45 pedestrian 0 0 -10 335.68 167.12 378.43 291.60 -10 -10 -10 -100    0 -1000 -1000 -10
116 12 pedestrian 0 0 -10 0.00 201.86 301.40 370.00 -10 -10 -10 -100    0 -1000 -1000 -10
116 10 pedestrian 0 0 -10 689.79 164.50 768.59 200.82 -10 -10 -10 -100    0 -1000 -1000 -10
116 9 pedestrian 0 0 -10 446.49 169.92 481.70 198.26 -10 -10 -10 -100    0 -1000 -1000 -10
116 31 pedestrian 0 0 -10 881.40 139.01 949.18 335.10 -10 -10 -10 -100    0 -1000 -1000 -10
116 46 pedestrian 0 0 -10 861.69 147.90 919.66 323.74 -10 -10 -10 -100    0 -1000 -1000 -10
116 25 pedestrian 0 0 -10 293.37 171.87 338.09 295.43 -10 -10 -10 -100    0 -1000 -1000 -10
116 39 pedestrian 0 0 -10 862.48 156.41 904.15 199.67 -10 -10 -10 -100    0 -1000 -1000 -10
116 2 pedestrian 0 0 -10 616.41 154.86 663.47 181.34 -10 -10 -10 -100    0 -1000 -1000 -10
117 35 pedestrian 0 0 -10 990.01 142.65 1026.68 222.42 -10 -10 -10 -100    0 -1000 -1000 -10
117 45 pedestrian 0 0 -10 342.02 167.19 388.42 290.65 -10 -10 -10 -100    0 -1000 -1000 -10
117 12 pedestrian 0 0 -10 0.00 202.23 301.25 370.00 -10 -10 -10 -100    0 -1000 -1000 -10
117 10 pedestrian 0 0 -10 683.08 164.56 757.12 199.88 -10 -10 -10 -100    0 -1000 -1000 -10
117 9 pedestrian 0 0 -10 446.55 169.94 481.73 198.29 -10 -10 -10 -100    0 -1000 -1000 -10
117 31 pedestrian 0 0 -10 896.38 138.79 977.99 333.69 -10 -10 -10 -100    0 -1000 -1000 -10
117 46 pedestrian 0 0 -10 874.53 145.83 945.23 325.11 -10 -10 -10 -100    0 -1000 -1000 -10
117 25 pedestrian 0 0 -10 301.30 170.80 344.54 291.10 -10 -10 -10 -100    0 -1000 -1000 -10
117 39 pedestrian 0 0 -10 866.13 156.71 906.08 200.39 -10 -10 -10 -100    0 -1000 -1000 -10
117 2 pedestrian 0 0 -10 616.48 154.74 663.70 181.37 -10 -10 -10 -100    0 -1000 -1000 -10
118 35 pedestrian 0 0 -10 989.95 142.81 1026.56 221.95 -10 -10 -10 -100    0 -1000 -1000 -10
118 45 pedestrian 0 0 -10 348.83 165.42 394.65 291.72 -10 -10 -10 -100    0 -1000 -1000 -10
118 12 pedestrian 0 0 -10 0.00 202.14 301.17 370.00 -10 -10 -10 -100    0 -1000 -1000 -10
118 10 pedestrian 0 0 -10 676.54 165.17 746.53 199.10 -10 -10 -10 -100    0 -1000 -1000 -10
118 9 pedestrian 0 0 -10 446.52 169.90 481.72 198.27 -10 -10 -10 -100    0 -1000 -1000 -10
118 31 pedestrian 0 0 -10 902.33 136.08 1001.13 332.32 -10 -10 -10 -100    0 -1000 -1000 -10
118 46 pedestrian 0 0 -10 877.01 147.95 963.93 323.10 -10 -10 -10 -100    0 -1000 -1000 -10
118 25 pedestrian 0 0 -10 309.61 169.46 354.97 293.70 -10 -10 -10 -100    0 -1000 -1000 -10
118 39 pedestrian 0 0 -10 872.48 154.94 907.39 197.70 -10 -10 -10 -100    0 -1000 -1000 -10
118 2 pedestrian 0 0 -10 616.79 154.97 664.24 181.48 -10 -10 -10 -100    0 -1000 -1000 -10
119 35 pedestrian 0 0 -10 990.61 142.96 1027.08 221.84 -10 -10 -10 -100    0 -1000 -1000 -10
119 45 pedestrian 0 0 -10 358.62 166.64 404.16 289.90 -10 -10 -10 -100    0 -1000 -1000 -10
119 12 pedestrian 0 0 -10 0.00 202.36 300.91 370.00 -10 -10 -10 -100    0 -1000 -1000 -10
119 10 pedestrian 0 0 -10 671.56 164.85 735.46 198.45 -10 -10 -10 -100    0 -1000 -1000 -10
119 9 pedestrian 0 0 -10 446.61 169.76 481.77 198.21 -10 -10 -10 -100    0 -1000 -1000 -10
119 31 pedestrian 0 0 -10 909.71 135.10 1008.55 331.10 -10 -10 -10 -100    0 -1000 -1000 -10
119 46 pedestrian 0 0 -10 887.11 145.29 978.93 324.25 -10 -10 -10 -100    0 -1000 -1000 -10
119 25 pedestrian 0 0 -10 315.98 172.59 366.23 296.08 -10 -10 -10 -100    0 -1000 -1000 -10
119 39 pedestrian 0 0 -10 878.76 153.87 916.52 198.78 -10 -10 -10 -100    0 -1000 -1000 -10
119 2 pedestrian 0 0 -10 616.60 154.74 664.03 181.30 -10 -10 -10 -100    0 -1000 -1000 -10
120 35 pedestrian 0 0 -10 992.12 142.61 1027.62 220.64 -10 -10 -10 -100    0 -1000 -1000 -10
120 45 pedestrian 0 0 -10 367.04 167.67 414.55 291.20 -10 -10 -10 -100    0 -1000 -1000 -10
120 12 pedestrian 0 0 -10 0.00 202.37 300.99 370.00 -10 -10 -10 -100    0 -1000 -1000 -10
120 10 pedestrian 0 0 -10 667.43 164.86 725.52 197.55 -10 -10 -10 -100    0 -1000 -1000 -10
120 9 pedestrian 0 0 -10 446.57 169.76 481.77 198.26 -10 -10 -10 -100    0 -1000 -1000 -10
120 31 pedestrian 0 0 -10 913.39 136.59 1007.15 330.07 -10 -10 -10 -100    0 -1000 -1000 -10
120 46 pedestrian 0 0 -10 890.69 144.35 982.03 320.87 -10 -10 -10 -100    0 -1000 -1000 -10
120 25 pedestrian 0 0 -10 322.47 172.74 370.97 294.76 -10 -10 -10 -100    0 -1000 -1000 -10
120 39 pedestrian 0 0 -10 878.62 152.83 919.87 199.87 -10 -10 -10 -100    0 -1000 -1000 -10
120 2 pedestrian 0 0 -10 616.36 154.83 663.71 181.34 -10 -10 -10 -100    0 -1000 -1000 -10
121 35 pedestrian 0 0 -10 991.22 142.58 1027.23 220.77 -10 -10 -10 -100    0 -1000 -1000 -10
121 45 pedestrian 0 0 -10 373.43 165.41 430.40 290.94 -10 -10 -10 -100    0 -1000 -1000 -10
121 12 pedestrian 0 0 -10 0.00 202.32 301.28 370.00 -10 -10 -10 -100    0 -1000 -1000 -10
121 44 pedestrian 0 0 -10 748.53 158.80 765.36 182.92 -10 -10 -10 -100    0 -1000 -1000 -10
121 10 pedestrian 0 0 -10 662.82 164.82 718.11 197.26 -10 -10 -10 -100    0 -1000 -1000 -10
121 9 pedestrian 0 0 -10 446.64 169.59 481.71 198.16 -10 -10 -10 -100    0 -1000 -1000 -10
121 31 pedestrian 0 0 -10 931.31 136.25 1009.77 329.15 -10 -10 -10 -100    0 -1000 -1000 -10
121 46 pedestrian 0 0 -10 912.52 142.14 989.42 320.92 -10 -10 -10 -100    0 -1000 -1000 -10
121 25 pedestrian 0 0 -10 331.05 170.13 379.70 294.99 -10 -10 -10 -100    0 -1000 -1000 -10
121 39 pedestrian 0 0 -10 878.09 152.65 919.30 199.84 -10 -10 -10 -100    0 -1000 -1000 -10
121 2 pedestrian 0 0 -10 616.87 154.86 663.80 181.32 -10 -10 -10 -100    0 -1000 -1000 -10
122 35 pedestrian 0 0 -10 990.93 141.64 1027.56 220.73 -10 -10 -10 -100    0 -1000 -1000 -10
122 45 pedestrian 0 0 -10 379.70 164.86 436.89 290.63 -10 -10 -10 -100    0 -1000 -1000 -10
122 12 pedestrian 0 0 -10 0.00 202.57 301.52 370.00 -10 -10 -10 -100    0 -1000 -1000 -10
122 44 pedestrian 0 0 -10 748.20 158.56 764.72 182.82 -10 -10 -10 -100    0 -1000 -1000 -10
122 10 pedestrian 0 0 -10 659.28 164.89 711.12 196.42 -10 -10 -10 -100    0 -1000 -1000 -10
122 9 pedestrian 0 0 -10 446.56 169.56 481.66 198.10 -10 -10 -10 -100    0 -1000 -1000 -10
122 31 pedestrian 0 0 -10 952.95 132.55 1024.86 329.74 -10 -10 -10 -100    0 -1000 -1000 -10
122 46 pedestrian 0 0 -10 917.63 139.61 979.15 320.59 -10 -10 -10 -100    0 -1000 -1000 -10
122 25 pedestrian 0 0 -10 343.98 171.40 388.43 294.46 -10 -10 -10 -100    0 -1000 -1000 -10
122 39 pedestrian 0 0 -10 877.81 152.52 919.29 199.91 -10 -10 -10 -100    0 -1000 -1000 -10
122 2 pedestrian 0 0 -10 616.62 154.77 663.64 181.17 -10 -10 -10 -100    0 -1000 -1000 -10
123 35 pedestrian 0 0 -10 991.68 142.36 1029.20 221.71 -10 -10 -10 -100    0 -1000 -1000 -10
123 45 pedestrian 0 0 -10 389.18 162.70 440.21 289.58 -10 -10 -10 -100    0 -1000 -1000 -10
123 12 pedestrian 0 0 -10 0.00 202.30 301.61 370.00 -10 -10 -10 -100    0 -1000 -1000 -10
123 44 pedestrian 0 0 -10 748.50 158.15 765.62 182.51 -10 -10 -10 -100    0 -1000 -1000 -10
123 10 pedestrian 0 0 -10 657.20 165.42 704.35 196.06 -10 -10 -10 -100    0 -1000 -1000 -10
123 9 pedestrian 0 0 -10 446.47 169.50 481.72 198.10 -10 -10 -10 -100    0 -1000 -1000 -10
123 31 pedestrian 0 0 -10 963.30 133.10 1048.02 330.70 -10 -10 -10 -100    0 -1000 -1000 -10
123 46 pedestrian 0 0 -10 938.15 139.69 1018.13 319.92 -10 -10 -10 -100    0 -1000 -1000 -10
123 25 pedestrian 0 0 -10 354.06 171.01 401.06 293.60 -10 -10 -10 -100    0 -1000 -1000 -10
123 39 pedestrian 0 0 -10 877.81 152.50 919.37 200.00 -10 -10 -10 -100    0 -1000 -1000 -10
123 2 pedestrian 0 0 -10 616.81 155.11 663.58 181.10 -10 -10 -10 -100    0 -1000 -1000 -10
124 45 pedestrian 0 0 -10 401.13 165.02 443.31 289.64 -10 -10 -10 -100    0 -1000 -1000 -10
124 12 pedestrian 0 0 -10 0.03 202.22 301.57 370.00 -10 -10 -10 -100    0 -1000 -1000 -10
124 44 pedestrian 0 0 -10 747.80 158.03 764.73 182.67 -10 -10 -10 -100    0 -1000 -1000 -10
124 10 pedestrian 0 0 -10 655.94 165.16 698.77 195.71 -10 -10 -10 -100    0 -1000 -1000 -10
124 9 pedestrian 0 0 -10 446.68 169.39 481.61 198.08 -10 -10 -10 -100    0 -1000 -1000 -10
124 31 pedestrian 0 0 -10 976.66 130.47 1073.99 329.29 -10 -10 -10 -100    0 -1000 -1000 -10
124 46 pedestrian 0 0 -10 959.01 138.74 1052.12 321.63 -10 -10 -10 -100    0 -1000 -1000 -10
124 35 pedestrian 0 0 -10 995.23 142.56 1032.56 221.02 -10 -10 -10 -100    0 -1000 -1000 -10
124 25 pedestrian 0 0 -10 360.27 170.79 414.02 293.22 -10 -10 -10 -100    0 -1000 -1000 -10
124 39 pedestrian 0 0 -10 877.53 152.27 919.28 199.93 -10 -10 -10 -100    0 -1000 -1000 -10
124 2 pedestrian 0 0 -10 616.88 155.02 663.46 180.95 -10 -10 -10 -100    0 -1000 -1000 -10
125 45 pedestrian 0 0 -10 415.45 165.39 453.62 291.38 -10 -10 -10 -100    0 -1000 -1000 -10
125 12 pedestrian 0 0 -10 0.00 202.33 301.41 370.00 -10 -10 -10 -100    0 -1000 -1000 -10
125 44 pedestrian 0 0 -10 747.60 157.53 764.65 182.50 -10 -10 -10 -100    0 -1000 -1000 -10
125 10 pedestrian 0 0 -10 653.95 165.11 694.07 195.16 -10 -10 -10 -100    0 -1000 -1000 -10
125 9 pedestrian 0 0 -10 446.56 169.20 481.60 198.24 -10 -10 -10 -100    0 -1000 -1000 -10
125 31 pedestrian 0 0 -10 981.79 129.13 1074.64 329.75 -10 -10 -10 -100    0 -1000 -1000 -10
125 46 pedestrian 0 0 -10 969.50 137.59 1059.49 322.88 -10 -10 -10 -100    0 -1000 -1000 -10
125 35 pedestrian 0 0 -10 991.51 143.06 1027.71 222.89 -10 -10 -10 -100    0 -1000 -1000 -10
125 25 pedestrian 0 0 -10 369.65 170.93 422.28 294.19 -10 -10 -10 -100    0 -1000 -1000 -10
125 39 pedestrian 0 0 -10 877.30 152.18 919.26 199.97 -10 -10 -10 -100    0 -1000 -1000 -10
125 2 pedestrian 0 0 -10 616.92 155.25 663.40 181.11 -10 -10 -10 -100    0 -1000 -1000 -10
126 45 pedestrian 0 0 -10 418.39 163.58 466.35 288.82 -10 -10 -10 -100    0 -1000 -1000 -10
126 12 pedestrian 0 0 -10 0.00 202.47 301.65 370.00 -10 -10 -10 -100    0 -1000 -1000 -10
126 44 pedestrian 0 0 -10 747.32 157.49 764.27 182.69 -10 -10 -10 -100    0 -1000 -1000 -10
126 10 pedestrian 0 0 -10 652.60 164.88 690.12 194.72 -10 -10 -10 -100    0 -1000 -1000 -10
126 9 pedestrian 0 0 -10 446.01 169.09 481.61 198.54 -10 -10 -10 -100    0 -1000 -1000 -10
126 31 pedestrian 0 0 -10 997.87 128.81 1074.92 325.96 -10 -10 -10 -100    0 -1000 -1000 -10
126 46 pedestrian 0 0 -10 988.65 136.64 1062.46 318.14 -10 -10 -10 -100    0 -1000 -1000 -10
126 35 pedestrian 0 0 -10 991.07 141.94 1027.30 221.95 -10 -10 -10 -100    0 -1000 -1000 -10
126 25 pedestrian 0 0 -10 381.87 169.66 429.43 294.43 -10 -10 -10 -100    0 -1000 -1000 -10
126 39 pedestrian 0 0 -10 877.14 152.64 919.87 199.92 -10 -10 -10 -100    0 -1000 -1000 -10
126 2 pedestrian 0 0 -10 616.89 155.26 663.31 181.11 -10 -10 -10 -100    0 -1000 -1000 -10
127 45 pedestrian 0 0 -10 425.50 162.67 474.00 290.43 -10 -10 -10 -100    0 -1000 -1000 -10
127 12 pedestrian 0 0 -10 0.00 202.29 301.79 370.00 -10 -10 -10 -100    0 -1000 -1000 -10
127 44 pedestrian 0 0 -10 748.07 157.49 764.15 182.60 -10 -10 -10 -100    0 -1000 -1000 -10
127 10 pedestrian 0 0 -10 651.38 165.31 686.99 194.59 -10 -10 -10 -100    0 -1000 -1000 -10
127 9 pedestrian 0 0 -10 449.24 169.71 482.03 197.79 -10 -10 -10 -100    0 -1000 -1000 -10
127 31 pedestrian 0 0 -10 1015.60 126.50 1096.66 326.38 -10 -10 -10 -100    0 -1000 -1000 -10
127 46 pedestrian 0 0 -10 994.27 134.92 1065.97 317.09 -10 -10 -10 -100    0 -1000 -1000 -10
127 35 pedestrian 0 0 -10 989.89 142.36 1027.62 222.53 -10 -10 -10 -100    0 -1000 -1000 -10
127 25 pedestrian 0 0 -10 392.36 167.48 442.06 296.08 -10 -10 -10 -100    0 -1000 -1000 -10
127 39 pedestrian 0 0 -10 877.41 152.56 919.71 200.11 -10 -10 -10 -100    0 -1000 -1000 -10
127 2 pedestrian 0 0 -10 616.94 154.98 663.43 180.88 -10 -10 -10 -100    0 -1000 -1000 -10
128 45 pedestrian 0 0 -10 437.17 163.97 476.89 288.79 -10 -10 -10 -100    0 -1000 -1000 -10
128 12 pedestrian 0 0 -10 0.00 202.19 301.73 370.00 -10 -10 -10 -100    0 -1000 -1000 -10
128 44 pedestrian 0 0 -10 747.76 157.20 763.32 182.54 -10 -10 -10 -100    0 -1000 -1000 -10
128 10 pedestrian 0 0 -10 650.48 165.44 684.13 194.21 -10 -10 -10 -100    0 -1000 -1000 -10
128 9 pedestrian 0 0 -10 447.87 170.13 482.26 199.61 -10 -10 -10 -100    0 -1000 -1000 -10
128 31 pedestrian 0 0 -10 1028.66 124.77 1117.96 325.16 -10 -10 -10 -100    0 -1000 -1000 -10
128 46 pedestrian 0 0 -10 994.32 135.15 1076.26 315.76 -10 -10 -10 -100    0 -1000 -1000 -10
128 35 pedestrian 0 0 -10 991.64 141.33 1029.20 221.67 -10 -10 -10 -100    0 -1000 -1000 -10
128 25 pedestrian 0 0 -10 401.29 167.87 456.80 294.72 -10 -10 -10 -100    0 -1000 -1000 -10
128 39 pedestrian 0 0 -10 877.06 152.61 920.12 200.05 -10 -10 -10 -100    0 -1000 -1000 -10
128 2 pedestrian 0 0 -10 617.35 155.15 663.52 180.87 -10 -10 -10 -100    0 -1000 -1000 -10
129 45 pedestrian 0 0 -10 444.37 163.12 484.61 287.70 -10 -10 -10 -100    0 -1000 -1000 -10
129 12 pedestrian 0 0 -10 0.00 202.39 301.75 370.00 -10 -10 -10 -100    0 -1000 -1000 -10
129 44 pedestrian 0 0 -10 747.18 157.25 763.20 182.81 -10 -10 -10 -100    0 -1000 -1000 -10
129 10 pedestrian 0 0 -10 649.75 166.48 681.39 193.63 -10 -10 -10 -100    0 -1000 -1000 -10
129 9 pedestrian 0 0 -10 443.73 170.03 481.82 203.08 -10 -10 -10 -100    0 -1000 -1000 -10
129 31 pedestrian 0 0 -10 1041.13 124.82 1147.23 324.81 -10 -10 -10 -100    0 -1000 -1000 -10
129 46 pedestrian 0 0 -10 1035.72 133.15 1126.43 314.58 -10 -10 -10 -100    0 -1000 -1000 -10
129 35 pedestrian 0 0 -10 991.66 141.82 1029.52 221.83 -10 -10 -10 -100    0 -1000 -1000 -10
129 25 pedestrian 0 0 -10 409.99 167.92 465.80 294.07 -10 -10 -10 -100    0 -1000 -1000 -10
129 39 pedestrian 0 0 -10 877.52 152.39 920.24 199.98 -10 -10 -10 -100    0 -1000 -1000 -10
129 2 pedestrian 0 0 -10 616.95 154.94 663.54 180.97 -10 -10 -10 -100    0 -1000 -1000 -10
130 45 pedestrian 0 0 -10 456.91 165.69 494.29 287.04 -10 -10 -10 -100    0 -1000 -1000 -10
130 12 pedestrian 0 0 -10 0.00 202.43 301.74 370.00 -10 -10 -10 -100    0 -1000 -1000 -10
130 44 pedestrian 0 0 -10 746.09 157.16 762.49 183.02 -10 -10 -10 -100    0 -1000 -1000 -10
130 10 pedestrian 0 0 -10 648.36 166.87 678.68 192.96 -10 -10 -10 -100    0 -1000 -1000 -10
130 9 pedestrian 0 0 -10 447.65 169.57 482.12 198.53 -10 -10 -10 -100    0 -1000 -1000 -10
130 31 pedestrian 0 0 -10 1050.61 124.70 1152.72 325.29 -10 -10 -10 -100    0 -1000 -1000 -10
130 35 pedestrian 0 0 -10 991.28 141.43 1029.19 221.60 -10 -10 -10 -100    0 -1000 -1000 -10
130 25 pedestrian 0 0 -10 415.14 170.27 463.96 294.18 -10 -10 -10 -100    0 -1000 -1000 -10
130 39 pedestrian 0 0 -10 877.60 152.57 920.39 200.21 -10 -10 -10 -100    0 -1000 -1000 -10
130 2 pedestrian 0 0 -10 617.18 154.97 663.84 180.89 -10 -10 -10 -100    0 -1000 -1000 -10
131 45 pedestrian 0 0 -10 460.23 164.41 505.82 287.83 -10 -10 -10 -100    0 -1000 -1000 -10
131 12 pedestrian 0 0 -10 0.00 202.53 301.69 370.00 -10 -10 -10 -100    0 -1000 -1000 -10
131 44 pedestrian 0 0 -10 745.53 157.33 762.12 183.13 -10 -10 -10 -100    0 -1000 -1000 -10
131 10 pedestrian 0 0 -10 647.94 167.37 677.06 193.01 -10 -10 -10 -100    0 -1000 -1000 -10
131 9 pedestrian 0 0 -10 448.09 169.17 484.11 200.98 -10 -10 -10 -100    0 -1000 -1000 -10
131 31 pedestrian 0 0 -10 1060.30 124.28 1159.21 323.30 -10 -10 -10 -100    0 -1000 -1000 -10
131 35 pedestrian 0 0 -10 991.61 141.76 1029.39 221.32 -10 -10 -10 -100    0 -1000 -1000 -10
131 25 pedestrian 0 0 -10 431.07 167.89 476.07 291.78 -10 -10 -10 -100    0 -1000 -1000 -10
131 39 pedestrian 0 0 -10 877.66 152.75 920.55 200.33 -10 -10 -10 -100    0 -1000 -1000 -10
131 2 pedestrian 0 0 -10 617.02 154.87 663.58 181.04 -10 -10 -10 -100    0 -1000 -1000 -10
132 45 pedestrian 0 0 -10 465.45 163.08 516.40 291.49 -10 -10 -10 -100    0 -1000 -1000 -10
132 12 pedestrian 0 0 -10 0.00 202.46 301.70 370.00 -10 -10 -10 -100    0 -1000 -1000 -10
132 44 pedestrian 0 0 -10 745.52 157.43 761.94 183.21 -10 -10 -10 -100    0 -1000 -1000 -10
132 10 pedestrian 0 0 -10 647.04 167.53 675.31 192.98 -10 -10 -10 -100    0 -1000 -1000 -10
132 9 pedestrian 0 0 -10 446.56 169.05 482.01 198.72 -10 -10 -10 -100    0 -1000 -1000 -10
132 31 pedestrian 0 0 -10 1074.32 120.79 1162.30 323.49 -10 -10 -10 -100    0 -1000 -1000 -10
132 35 pedestrian 0 0 -10 991.46 141.26 1029.41 221.62 -10 -10 -10 -100    0 -1000 -1000 -10
132 25 pedestrian 0 0 -10 441.51 164.86 487.18 293.51 -10 -10 -10 -100    0 -1000 -1000 -10
132 39 pedestrian 0 0 -10 877.81 152.86 920.97 200.39 -10 -10 -10 -100    0 -1000 -1000 -10
132 2 pedestrian 0 0 -10 616.94 154.73 663.50 181.05 -10 -10 -10 -100    0 -1000 -1000 -10
133 45 pedestrian 0 0 -10 472.38 165.20 517.51 287.10 -10 -10 -10 -100    0 -1000 -1000 -10
133 12 pedestrian 0 0 -10 0.00 202.33 301.96 370.00 -10 -10 -10 -100    0 -1000 -1000 -10
133 44 pedestrian 0 0 -10 744.87 157.65 761.47 183.43 -10 -10 -10 -100    0 -1000 -1000 -10
133 10 pedestrian 0 0 -10 646.01 167.51 673.33 192.63 -10 -10 -10 -100    0 -1000 -1000 -10
133 9 pedestrian 0 0 -10 447.22 168.69 484.10 198.66 -10 -10 -10 -100    0 -1000 -1000 -10
133 31 pedestrian 0 0 -10 1097.71 117.59 1174.67 323.79 -10 -10 -10 -100    0 -1000 -1000 -10
133 46 pedestrian 0 0 -10 1062.47 130.37 1135.52 310.64 -10 -10 -10 -100    0 -1000 -1000 -10
133 35 pedestrian 0 0 -10 991.51 141.29 1029.59 221.80 -10 -10 -10 -100    0 -1000 -1000 -10
133 25 pedestrian 0 0 -10 447.81 163.51 502.31 290.84 -10 -10 -10 -100    0 -1000 -1000 -10
133 39 pedestrian 0 0 -10 877.36 152.54 920.84 200.72 -10 -10 -10 -100    0 -1000 -1000 -10
133 2 pedestrian 0 0 -10 616.77 154.85 663.20 181.01 -10 -10 -10 -100    0 -1000 -1000 -10
134 45 pedestrian 0 0 -10 481.36 164.72 523.22 291.57 -10 -10 -10 -100    0 -1000 -1000 -10
134 12 pedestrian 0 0 -10 0.00 202.46 301.84 370.00 -10 -10 -10 -100    0 -1000 -1000 -10
134 44 pedestrian 0 0 -10 743.98 157.57 761.30 183.31 -10 -10 -10 -100    0 -1000 -1000 -10
134 10 pedestrian 0 0 -10 645.76 167.17 671.86 192.14 -10 -10 -10 -100    0 -1000 -1000 -10
134 9 pedestrian 0 0 -10 447.03 169.21 481.25 198.39 -10 -10 -10 -100    0 -1000 -1000 -10
134 31 pedestrian 0 0 -10 1106.49 119.36 1186.64 326.11 -10 -10 -10 -100    0 -1000 -1000 -10
134 46 pedestrian 0 0 -10 1073.26 130.36 1154.82 310.15 -10 -10 -10 -100    0 -1000 -1000 -10
134 35 pedestrian 0 0 -10 991.52 141.70 1029.61 221.71 -10 -10 -10 -100    0 -1000 -1000 -10
134 25 pedestrian 0 0 -10 453.09 162.42 507.50 292.44 -10 -10 -10 -100    0 -1000 -1000 -10
134 39 pedestrian 0 0 -10 877.84 152.79 921.13 200.43 -10 -10 -10 -100    0 -1000 -1000 -10
134 2 pedestrian 0 0 -10 616.79 154.92 662.73 180.93 -10 -10 -10 -100    0 -1000 -1000 -10
135 45 pedestrian 0 0 -10 493.60 161.88 533.08 290.39 -10 -10 -10 -100    0 -1000 -1000 -10
135 12 pedestrian 0 0 -10 0.00 202.42 301.74 370.00 -10 -10 -10 -100    0 -1000 -1000 -10
135 44 pedestrian 0 0 -10 739.74 157.81 756.61 183.14 -10 -10 -10 -100    0 -1000 -1000 -10
135 10 pedestrian 0 0 -10 645.22 167.04 670.41 191.80 -10 -10 -10 -100    0 -1000 -1000 -10
135 9 pedestrian 0 0 -10 447.03 169.49 481.44 198.26 -10 -10 -10 -100    0 -1000 -1000 -10
135 31 pedestrian 0 0 -10 1115.12 117.12 1219.69 324.98 -10 -10 -10 -100    0 -1000 -1000 -10
135 46 pedestrian 0 0 -10 1082.06 128.40 1170.21 313.21 -10 -10 -10 -100    0 -1000 -1000 -10
135 35 pedestrian 0 0 -10 991.41 141.70 1029.63 221.70 -10 -10 -10 -100    0 -1000 -1000 -10
135 25 pedestrian 0 0 -10 464.35 163.07 511.56 293.06 -10 -10 -10 -100    0 -1000 -1000 -10
135 39 pedestrian 0 0 -10 877.92 152.54 921.46 200.28 -10 -10 -10 -100    0 -1000 -1000 -10
135 2 pedestrian 0 0 -10 616.71 155.13 663.02 181.01 -10 -10 -10 -100    0 -1000 -1000 -10
136 45 pedestrian 0 0 -10 500.75 163.94 543.07 285.81 -10 -10 -10 -100    0 -1000 -1000 -10
136 12 pedestrian 0 0 -10 0.00 202.37 301.74 370.00 -10 -10 -10 -100    0 -1000 -1000 -10
136 44 pedestrian 0 0 -10 739.40 157.81 757.14 183.53 -10 -10 -10 -100    0 -1000 -1000 -10
136 10 pedestrian 0 0 -10 644.94 166.90 669.49 191.52 -10 -10 -10 -100    0 -1000 -1000 -10
136 9 pedestrian 0 0 -10 446.94 169.56 481.78 198.11 -10 -10 -10 -100    0 -1000 -1000 -10
136 31 pedestrian 0 0 -10 1123.61 111.64 1223.48 324.18 -10 -10 -10 -100    0 -1000 -1000 -10
136 46 pedestrian 0 0 -10 1103.96 125.21 1180.61 305.19 -10 -10 -10 -100    0 -1000 -1000 -10
136 35 pedestrian 0 0 -10 991.24 141.41 1029.61 221.77 -10 -10 -10 -100    0 -1000 -1000 -10
136 25 pedestrian 0 0 -10 481.12 166.94 523.59 293.14 -10 -10 -10 -100    0 -1000 -1000 -10
136 39 pedestrian 0 0 -10 878.21 152.61 921.35 200.34 -10 -10 -10 -100    0 -1000 -1000 -10
136 2 pedestrian 0 0 -10 616.44 155.18 663.04 181.22 -10 -10 -10 -100    0 -1000 -1000 -10
137 45 pedestrian 0 0 -10 504.75 164.50 553.11 290.28 -10 -10 -10 -100    0 -1000 -1000 -10
137 12 pedestrian 0 0 -10 0.00 202.62 301.78 370.00 -10 -10 -10 -100    0 -1000 -1000 -10
137 44 pedestrian 0 0 -10 737.97 157.44 755.86 183.41 -10 -10 -10 -100    0 -1000 -1000 -10
137 10 pedestrian 0 0 -10 644.70 166.93 668.41 190.95 -10 -10 -10 -100    0 -1000 -1000 -10
137 9 pedestrian 0 0 -10 446.84 169.55 481.90 198.15 -10 -10 -10 -100    0 -1000 -1000 -10
137 31 pedestrian 0 0 -10 1143.01 109.02 1223.61 324.69 -10 -10 -10 -100    0 -1000 -1000 -10
137 46 pedestrian 0 0 -10 1110.28 124.05 1183.41 305.96 -10 -10 -10 -100    0 -1000 -1000 -10
137 35 pedestrian 0 0 -10 991.27 141.18 1029.73 221.74 -10 -10 -10 -100    0 -1000 -1000 -10
137 25 pedestrian 0 0 -10 486.62 165.94 534.49 293.11 -10 -10 -10 -100    0 -1000 -1000 -10
137 39 pedestrian 0 0 -10 878.25 152.58 921.47 200.31 -10 -10 -10 -100    0 -1000 -1000 -10
137 2 pedestrian 0 0 -10 616.14 155.06 662.71 181.26 -10 -10 -10 -100    0 -1000 -1000 -10
138 45 pedestrian 0 0 -10 511.88 164.74 558.67 288.79 -10 -10 -10 -100    0 -1000 -1000 -10
138 12 pedestrian 0 0 -10 0.00 202.65 301.87 370.00 -10 -10 -10 -100    0 -1000 -1000 -10
138 44 pedestrian 0 0 -10 737.40 157.70 755.30 183.44 -10 -10 -10 -100    0 -1000 -1000 -10
138 10 pedestrian 0 0 -10 643.19 166.51 667.06 189.25 -10 -10 -10 -100    0 -1000 -1000 -10
138 9 pedestrian 0 0 -10 446.88 169.66 482.02 198.11 -10 -10 -10 -100    0 -1000 -1000 -10
138 31 pedestrian 0 0 -10 1160.08 110.53 1223.57 321.80 -10 -10 -10 -100    0 -1000 -1000 -10
138 46 pedestrian 0 0 -10 1107.36 128.11 1179.35 306.41 -10 -10 -10 -100    0 -1000 -1000 -10
138 35 pedestrian 0 0 -10 991.44 141.29 1029.81 221.63 -10 -10 -10 -100    0 -1000 -1000 -10
138 25 pedestrian 0 0 -10 493.22 166.96 547.26 292.86 -10 -10 -10 -100    0 -1000 -1000 -10
138 39 pedestrian 0 0 -10 878.29 152.61 921.27 200.36 -10 -10 -10 -100    0 -1000 -1000 -10
138 2 pedestrian 0 0 -10 616.11 155.11 662.69 181.25 -10 -10 -10 -100    0 -1000 -1000 -10
139 45 pedestrian 0 0 -10 522.44 163.99 565.15 288.11 -10 -10 -10 -100    0 -1000 -1000 -10
139 12 pedestrian 0 0 -10 0.00 202.75 301.90 370.00 -10 -10 -10 -100    0 -1000 -1000 -10
139 44 pedestrian 0 0 -10 736.35 157.37 755.31 183.06 -10 -10 -10 -100    0 -1000 -1000 -10
139 10 pedestrian 0 0 -10 642.89 166.55 666.20 188.67 -10 -10 -10 -100    0 -1000 -1000 -10
139 9 pedestrian 0 0 -10 446.83 169.60 482.06 198.00 -10 -10 -10 -100    0 -1000 -1000 -10
139 31 pedestrian 0 0 -10 1177.22 114.93 1223.86 313.34 -10 -10 -10 -100    0 -1000 -1000 -10
139 46 pedestrian 0 0 -10 1119.01 123.47 1221.89 307.22 -10 -10 -10 -100    0 -1000 -1000 -10
139 35 pedestrian 0 0 -10 991.37 141.35 1029.64 221.62 -10 -10 -10 -100    0 -1000 -1000 -10
139 25 pedestrian 0 0 -10 500.11 166.96 552.34 294.18 -10 -10 -10 -100    0 -1000 -1000 -10
139 39 pedestrian 0 0 -10 878.46 152.59 921.47 200.23 -10 -10 -10 -100    0 -1000 -1000 -10
139 2 pedestrian 0 0 -10 616.20 155.13 662.78 181.39 -10 -10 -10 -100    0 -1000 -1000 -10
140 45 pedestrian 0 0 -10 533.68 162.55 573.62 286.16 -10 -10 -10 -100    0 -1000 -1000 -10
140 12 pedestrian 0 0 -10 0.00 202.70 301.76 370.00 -10 -10 -10 -100    0 -1000 -1000 -10
140 44 pedestrian 0 0 -10 736.41 157.22 755.87 183.45 -10 -10 -10 -100    0 -1000 -1000 -10
140 10 pedestrian 0 0 -10 642.70 166.43 665.69 188.48 -10 -10 -10 -100    0 -1000 -1000 -10
140 9 pedestrian 0 0 -10 446.87 169.57 482.14 197.99 -10 -10 -10 -100    0 -1000 -1000 -10
140 31 pedestrian 0 0 -10 1181.81 120.52 1223.67 311.89 -10 -10 -10 -100    0 -1000 -1000 -10
140 46 pedestrian 0 0 -10 1123.72 124.15 1222.98 306.61 -10 -10 -10 -100    0 -1000 -1000 -10
140 35 pedestrian 0 0 -10 991.35 141.58 1029.46 221.60 -10 -10 -10 -100    0 -1000 -1000 -10
140 25 pedestrian 0 0 -10 513.34 168.33 557.93 291.97 -10 -10 -10 -100    0 -1000 -1000 -10
140 39 pedestrian 0 0 -10 878.59 152.65 921.40 200.21 -10 -10 -10 -100    0 -1000 -1000 -10
140 2 pedestrian 0 0 -10 616.02 154.89 662.75 181.48 -10 -10 -10 -100    0 -1000 -1000 -10
141 12 pedestrian 0 0 -10 0.00 202.47 301.90 370.00 -10 -10 -10 -100    0 -1000 -1000 -10
141 44 pedestrian 0 0 -10 736.10 157.23 755.63 183.08 -10 -10 -10 -100    0 -1000 -1000 -10
141 10 pedestrian 0 0 -10 642.33 166.44 665.15 187.81 -10 -10 -10 -100    0 -1000 -1000 -10
141 9 pedestrian 0 0 -10 446.97 169.50 482.24 197.88 -10 -10 -10 -100    0 -1000 -1000 -10
141 46 pedestrian 0 0 -10 1137.27 119.81 1224.00 305.15 -10 -10 -10 -100    0 -1000 -1000 -10
141 35 pedestrian 0 0 -10 991.39 141.32 1029.58 221.58 -10 -10 -10 -100    0 -1000 -1000 -10
141 45 pedestrian 0 0 -10 539.58 164.76 583.39 285.00 -10 -10 -10 -100    0 -1000 -1000 -10
141 25 pedestrian 0 0 -10 524.08 168.48 566.98 290.76 -10 -10 -10 -100    0 -1000 -1000 -10
141 39 pedestrian 0 0 -10 878.66 152.51 921.54 200.09 -10 -10 -10 -100    0 -1000 -1000 -10
141 2 pedestrian 0 0 -10 615.94 154.55 662.42 181.30 -10 -10 -10 -100    0 -1000 -1000 -10
142 44 pedestrian 0 0 -10 734.79 157.32 755.64 183.64 -10 -10 -10 -100    0 -1000 -1000 -10
142 10 pedestrian 0 0 -10 641.98 166.74 664.23 187.36 -10 -10 -10 -100    0 -1000 -1000 -10
142 9 pedestrian 0 0 -10 447.03 169.60 482.13 197.93 -10 -10 -10 -100    0 -1000 -1000 -10
142 46 pedestrian 0 0 -10 1161.16 117.78 1223.70 305.37 -10 -10 -10 -100    0 -1000 -1000 -10
142 35 pedestrian 0 0 -10 991.38 141.45 1029.49 221.66 -10 -10 -10 -100    0 -1000 -1000 -10
142 45 pedestrian 0 0 -10 546.06 162.68 593.84 287.70 -10 -10 -10 -100    0 -1000 -1000 -10
142 25 pedestrian 0 0 -10 529.59 166.82 578.02 291.33 -10 -10 -10 -100    0 -1000 -1000 -10
142 39 pedestrian 0 0 -10 878.74 152.48 921.62 200.24 -10 -10 -10 -100    0 -1000 -1000 -10
142 2 pedestrian 0 0 -10 615.90 154.46 663.42 181.21 -10 -10 -10 -100    0 -1000 -1000 -10
142 12 pedestrian 0 0 -10 0.00 202.49 302.03 370.00 -10 -10 -10 -100    0 -1000 -1000 -10
143 44 pedestrian 0 0 -10 733.52 156.95 755.51 183.36 -10 -10 -10 -100    0 -1000 -1000 -10
143 10 pedestrian 0 0 -10 641.87 166.88 663.33 186.96 -10 -10 -10 -100    0 -1000 -1000 -10
143 9 pedestrian 0 0 -10 447.01 169.66 482.15 197.95 -10 -10 -10 -100    0 -1000 -1000 -10
143 46 pedestrian 0 0 -10 1172.83 118.96 1223.70 307.07 -10 -10 -10 -100    0 -1000 -1000 -10
143 35 pedestrian 0 0 -10 991.45 141.38 1029.55 221.69 -10 -10 -10 -100    0 -1000 -1000 -10
143 45 pedestrian 0 0 -10 554.74 160.62 598.23 288.87 -10 -10 -10 -100    0 -1000 -1000 -10
143 25 pedestrian 0 0 -10 538.60 167.53 587.86 292.94 -10 -10 -10 -100    0 -1000 -1000 -10
143 39 pedestrian 0 0 -10 878.72 152.56 921.94 200.24 -10 -10 -10 -100    0 -1000 -1000 -10
143 2 pedestrian 0 0 -10 616.26 154.65 663.71 181.21 -10 -10 -10 -100    0 -1000 -1000 -10
143 12 pedestrian 0 0 -10 0.00 202.77 301.97 370.00 -10 -10 -10 -100    0 -1000 -1000 -10
144 44 pedestrian 0 0 -10 732.63 156.68 755.30 183.30 -10 -10 -10 -100    0 -1000 -1000 -10
144 10 pedestrian 0 0 -10 641.49 166.79 662.38 186.47 -10 -10 -10 -100    0 -1000 -1000 -10
144 9 pedestrian 0 0 -10 447.06 169.60 482.16 197.94 -10 -10 -10 -100    0 -1000 -1000 -10
144 46 pedestrian 0 0 -10 1181.76 112.36 1223.77 308.30 -10 -10 -10 -100    0 -1000 -1000 -10
144 35 pedestrian 0 0 -10 991.39 141.58 1029.50 221.67 -10 -10 -10 -100    0 -1000 -1000 -10
144 45 pedestrian 0 0 -10 564.52 164.18 602.83 286.96 -10 -10 -10 -100    0 -1000 -1000 -10
144 25 pedestrian 0 0 -10 546.11 167.20 595.31 292.21 -10 -10 -10 -100    0 -1000 -1000 -10
144 39 pedestrian 0 0 -10 879.05 152.15 922.21 200.00 -10 -10 -10 -100    0 -1000 -1000 -10
144 2 pedestrian 0 0 -10 616.32 154.73 663.55 181.20 -10 -10 -10 -100    0 -1000 -1000 -10
144 12 pedestrian 0 0 -10 0.01 202.59 301.97 370.00 -10 -10 -10 -100    0 -1000 -1000 -10
145 44 pedestrian 0 0 -10 731.56 156.74 753.96 183.29 -10 -10 -10 -100    0 -1000 -1000 -10
145 10 pedestrian 0 0 -10 641.10 166.86 661.87 186.26 -10 -10 -10 -100    0 -1000 -1000 -10
145 9 pedestrian 0 0 -10 447.08 169.70 482.14 198.09 -10 -10 -10 -100    0 -1000 -1000 -10
145 46 pedestrian 0 0 -10 1195.75 115.30 1223.76 309.39 -10 -10 -10 -100    0 -1000 -1000 -10
145 35 pedestrian 0 0 -10 991.38 141.48 1029.41 221.65 -10 -10 -10 -100    0 -1000 -1000 -10
145 45 pedestrian 0 0 -10 574.21 163.28 613.99 286.43 -10 -10 -10 -100    0 -1000 -1000 -10
145 25 pedestrian 0 0 -10 559.81 166.58 602.71 291.41 -10 -10 -10 -100    0 -1000 -1000 -10
145 39 pedestrian 0 0 -10 879.13 152.17 922.43 199.81 -10 -10 -10 -100    0 -1000 -1000 -10
145 2 pedestrian 0 0 -10 617.27 154.79 663.72 181.24 -10 -10 -10 -100    0 -1000 -1000 -10
145 12 pedestrian 0 0 -10 0.00 202.58 301.96 370.00 -10 -10 -10 -100    0 -1000 -1000 -10
146 44 pedestrian 0 0 -10 732.30 156.49 754.44 183.36 -10 -10 -10 -100    0 -1000 -1000 -10
146 10 pedestrian 0 0 -10 641.07 166.88 661.30 185.74 -10 -10 -10 -100    0 -1000 -1000 -10
146 9 pedestrian 0 0 -10 447.04 169.72 482.13 198.09 -10 -10 -10 -100    0 -1000 -1000 -10
146 35 pedestrian 0 0 -10 991.48 141.35 1029.51 221.56 -10 -10 -10 -100    0 -1000 -1000 -10
146 45 pedestrian 0 0 -10 582.50 159.81 627.46 287.21 -10 -10 -10 -100    0 -1000 -1000 -10
146 25 pedestrian 0 0 -10 568.19 166.84 611.12 292.75 -10 -10 -10 -100    0 -1000 -1000 -10
146 39 pedestrian 0 0 -10 879.17 152.07 922.18 199.83 -10 -10 -10 -100    0 -1000 -1000 -10
146 2 pedestrian 0 0 -10 617.44 154.84 664.25 181.01 -10 -10 -10 -100    0 -1000 -1000 -10
146 12 pedestrian 0 0 -10 0.00 202.68 301.94 370.00 -10 -10 -10 -100    0 -1000 -1000 -10
147 44 pedestrian 0 0 -10 731.92 156.18 754.01 183.46 -10 -10 -10 -100    0 -1000 -1000 -10
147 10 pedestrian 0 0 -10 640.37 166.82 660.47 185.49 -10 -10 -10 -100    0 -1000 -1000 -10
147 9 pedestrian 0 0 -10 447.03 169.69 482.14 198.10 -10 -10 -10 -100    0 -1000 -1000 -10
147 35 pedestrian 0 0 -10 991.53 141.41 1029.60 221.57 -10 -10 -10 -100    0 -1000 -1000 -10
147 45 pedestrian 0 0 -10 589.01 163.34 634.29 285.05 -10 -10 -10 -100    0 -1000 -1000 -10
147 25 pedestrian 0 0 -10 573.69 168.06 621.83 292.56 -10 -10 -10 -100    0 -1000 -1000 -10
147 39 pedestrian 0 0 -10 878.96 152.42 922.27 199.88 -10 -10 -10 -100    0 -1000 -1000 -10
147 2 pedestrian 0 0 -10 617.01 154.75 663.94 180.94 -10 -10 -10 -100    0 -1000 -1000 -10
147 12 pedestrian 0 0 -10 0.01 202.80 302.00 370.00 -10 -10 -10 -100    0 -1000 -1000 -10
148 44 pedestrian 0 0 -10 732.23 156.27 754.47 183.37 -10 -10 -10 -100    0 -1000 -1000 -10
148 10 pedestrian 0 0 -10 639.98 166.51 659.65 185.33 -10 -10 -10 -100    0 -1000 -1000 -10
148 9 pedestrian 0 0 -10 447.06 169.78 482.15 198.20 -10 -10 -10 -100    0 -1000 -1000 -10
148 35 pedestrian 0 0 -10 991.36 141.47 1029.40 221.55 -10 -10 -10 -100    0 -1000 -1000 -10
148 45 pedestrian 0 0 -10 599.76 165.12 640.75 287.08 -10 -10 -10 -100    0 -1000 -1000 -10
148 25 pedestrian 0 0 -10 578.85 168.20 629.96 292.71 -10 -10 -10 -100    0 -1000 -1000 -10
148 39 pedestrian 0 0 -10 878.96 152.30 922.44 199.76 -10 -10 -10 -100    0 -1000 -1000 -10
148 2 pedestrian 0 0 -10 617.32 154.90 663.98 181.39 -10 -10 -10 -100    0 -1000 -1000 -10
148 12 pedestrian 0 0 -10 0.11 202.68 302.06 370.00 -10 -10 -10 -100    0 -1000 -1000 -10
149 44 pedestrian 0 0 -10 732.04 156.28 753.97 183.13 -10 -10 -10 -100    0 -1000 -1000 -10
149 10 pedestrian 0 0 -10 639.42 165.81 659.64 184.23 -10 -10 -10 -100    0 -1000 -1000 -10
149 9 pedestrian 0 0 -10 447.05 169.76 482.17 198.19 -10 -10 -10 -100    0 -1000 -1000 -10
149 35 pedestrian 0 0 -10 991.54 141.48 1029.53 221.42 -10 -10 -10 -100    0 -1000 -1000 -10
149 45 pedestrian 0 0 -10 607.77 163.49 644.47 286.77 -10 -10 -10 -100    0 -1000 -1000 -10
149 25 pedestrian 0 0 -10 589.13 165.88 637.14 291.68 -10 -10 -10 -100    0 -1000 -1000 -10
149 39 pedestrian 0 0 -10 879.24 152.01 922.50 199.68 -10 -10 -10 -100    0 -1000 -1000 -10
149 2 pedestrian 0 0 -10 617.47 155.06 664.43 181.47 -10 -10 -10 -100    0 -1000 -1000 -10
149 12 pedestrian 0 0 -10 0.08 202.67 301.82 370.00 -10 -10 -10 -100    0 -1000 -1000 -10
150 44 pedestrian 0 0 -10 731.82 156.08 754.09 183.50 -10 -10 -10 -100    0 -1000 -1000 -10
150 10 pedestrian 0 0 -10 641.50 165.69 661.06 182.61 -10 -10 -10 -100    0 -1000 -1000 -10
150 9 pedestrian 0 0 -10 447.04 169.88 482.12 198.26 -10 -10 -10 -100    0 -1000 -1000 -10
150 35 pedestrian 0 0 -10 991.43 141.48 1029.50 221.62 -10 -10 -10 -100    0 -1000 -1000 -10
150 45 pedestrian 0 0 -10 611.89 164.87 654.09 287.89 -10 -10 -10 -100    0 -1000 -1000 -10
150 25 pedestrian 0 0 -10 604.66 168.33 647.12 291.37 -10 -10 -10 -100    0 -1000 -1000 -10
150 39 pedestrian 0 0 -10 879.26 151.95 922.42 199.71 -10 -10 -10 -100    0 -1000 -1000 -10
150 2 pedestrian 0 0 -10 617.37 154.73 664.70 180.66 -10 -10 -10 -100    0 -1000 -1000 -10
150 12 pedestrian 0 0 -10 0.04 202.67 301.76 370.00 -10 -10 -10 -100    0 -1000 -1000 -10
151 44 pedestrian 0 0 -10 731.65 155.48 753.92 183.40 -10 -10 -10 -100    0 -1000 -1000 -10
151 9 pedestrian 0 0 -10 447.16 169.75 482.12 198.24 -10 -10 -10 -100    0 -1000 -1000 -10
151 35 pedestrian 0 0 -10 991.55 141.33 1029.51 221.52 -10 -10 -10 -100    0 -1000 -1000 -10
151 45 pedestrian 0 0 -10 619.98 164.38 666.18 284.39 -10 -10 -10 -100    0 -1000 -1000 -10
151 25 pedestrian 0 0 -10 610.12 168.95 655.93 291.33 -10 -10 -10 -100    0 -1000 -1000 -10
151 39 pedestrian 0 0 -10 879.34 151.89 922.42 199.55 -10 -10 -10 -100    0 -1000 -1000 -10
151 2 pedestrian 0 0 -10 617.09 154.49 662.58 179.85 -10 -10 -10 -100    0 -1000 -1000 -10
151 12 pedestrian 0 0 -10 0.06 202.80 301.84 370.00 -10 -10 -10 -100    0 -1000 -1000 -10
152 44 pedestrian 0 0 -10 731.79 156.17 753.69 183.37 -10 -10 -10 -100    0 -1000 -1000 -10
152 9 pedestrian 0 0 -10 447.17 169.76 482.08 198.26 -10 -10 -10 -100    0 -1000 -1000 -10
152 35 pedestrian 0 0 -10 991.51 141.45 1029.46 221.61 -10 -10 -10 -100    0 -1000 -1000 -10
152 45 pedestrian 0 0 -10 626.73 165.24 675.92 286.30 -10 -10 -10 -100    0 -1000 -1000 -10
152 25 pedestrian 0 0 -10 615.24 168.29 665.39 291.54 -10 -10 -10 -100    0 -1000 -1000 -10
152 39 pedestrian 0 0 -10 879.37 151.81 922.34 199.54 -10 -10 -10 -100    0 -1000 -1000 -10
152 2 pedestrian 0 0 -10 616.49 154.87 663.02 180.49 -10 -10 -10 -100    0 -1000 -1000 -10
152 12 pedestrian 0 0 -10 0.01 202.87 302.00 370.00 -10 -10 -10 -100    0 -1000 -1000 -10
153 44 pedestrian 0 0 -10 731.84 155.89 753.61 183.26 -10 -10 -10 -100    0 -1000 -1000 -10
153 9 pedestrian 0 0 -10 447.18 169.75 481.99 198.25 -10 -10 -10 -100    0 -1000 -1000 -10
153 35 pedestrian 0 0 -10 991.44 141.28 1029.45 221.66 -10 -10 -10 -100    0 -1000 -1000 -10
153 45 pedestrian 0 0 -10 635.62 165.57 682.06 286.82 -10 -10 -10 -100    0 -1000 -1000 -10
153 25 pedestrian 0 0 -10 624.28 166.22 676.67 292.28 -10 -10 -10 -100    0 -1000 -1000 -10
153 39 pedestrian 0 0 -10 879.19 152.03 922.86 199.79 -10 -10 -10 -100    0 -1000 -1000 -10
153 2 pedestrian 0 0 -10 616.58 154.87 662.96 180.60 -10 -10 -10 -100    0 -1000 -1000 -10
153 12 pedestrian 0 0 -10 0.02 202.83 301.84 370.00 -10 -10 -10 -100    0 -1000 -1000 -10
154 44 pedestrian 0 0 -10 732.20 156.04 754.05 183.34 -10 -10 -10 -100    0 -1000 -1000 -10
154 9 pedestrian 0 0 -10 447.23 169.76 481.91 198.34 -10 -10 -10 -100    0 -1000 -1000 -10
154 35 pedestrian 0 0 -10 991.52 141.50 1029.47 221.59 -10 -10 -10 -100    0 -1000 -1000 -10
154 25 pedestrian 0 0 -10 632.65 167.37 683.89 292.52 -10 -10 -10 -100    0 -1000 -1000 -10
154 39 pedestrian 0 0 -10 879.43 151.65 922.51 199.50 -10 -10 -10 -100    0 -1000 -1000 -10
154 2 pedestrian 0 0 -10 616.85 155.07 663.63 180.59 -10 -10 -10 -100    0 -1000 -1000 -10
154 12 pedestrian 0 0 -10 0.00 202.91 301.84 370.00 -10 -10 -10 -100    0 -1000 -1000 -10
155 44 pedestrian 0 0 -10 732.12 155.96 754.50 183.37 -10 -10 -10 -100    0 -1000 -1000 -10
155 9 pedestrian 0 0 -10 447.18 169.93 481.76 198.41 -10 -10 -10 -100    0 -1000 -1000 -10
155 35 pedestrian 0 0 -10 991.49 141.41 1029.46 221.60 -10 -10 -10 -100    0 -1000 -1000 -10
155 25 pedestrian 0 0 -10 644.87 166.08 694.48 291.85 -10 -10 -10 -100    0 -1000 -1000 -10
155 39 pedestrian 0 0 -10 879.39 151.43 922.48 199.34 -10 -10 -10 -100    0 -1000 -1000 -10
155 2 pedestrian 0 0 -10 616.76 155.03 664.06 180.78 -10 -10 -10 -100    0 -1000 -1000 -10
155 12 pedestrian 0 0 -10 0.00 202.80 301.83 370.00 -10 -10 -10 -100    0 -1000 -1000 -10
156 44 pedestrian 0 0 -10 732.13 156.21 753.86 183.18 -10 -10 -10 -100    0 -1000 -1000 -10
156 9 pedestrian 0 0 -10 447.21 169.84 481.68 198.46 -10 -10 -10 -100    0 -1000 -1000 -10
156 35 pedestrian 0 0 -10 991.54 141.35 1029.50 221.61 -10 -10 -10 -100    0 -1000 -1000 -10
156 25 pedestrian 0 0 -10 651.76 168.90 703.40 291.80 -10 -10 -10 -100    0 -1000 -1000 -10
156 39 pedestrian 0 0 -10 879.51 151.55 922.26 199.24 -10 -10 -10 -100    0 -1000 -1000 -10
156 2 pedestrian 0 0 -10 616.42 154.89 664.30 180.85 -10 -10 -10 -100    0 -1000 -1000 -10
156 12 pedestrian 0 0 -10 0.06 202.93 301.99 370.00 -10 -10 -10 -100    0 -1000 -1000 -10
157 44 pedestrian 0 0 -10 732.21 156.61 753.45 183.13 -10 -10 -10 -100    0 -1000 -1000 -10
157 9 pedestrian 0 0 -10 447.20 169.81 481.55 198.48 -10 -10 -10 -100    0 -1000 -1000 -10
157 35 pedestrian 0 0 -10 991.54 141.26 1029.52 221.58 -10 -10 -10 -100    0 -1000 -1000 -10
157 25 pedestrian 0 0 -10 656.53 168.28 713.79 291.10 -10 -10 -10 -100    0 -1000 -1000 -10
157 39 pedestrian 0 0 -10 879.16 151.59 922.34 199.37 -10 -10 -10 -100    0 -1000 -1000 -10
157 2 pedestrian 0 0 -10 616.35 154.72 663.87 180.91 -10 -10 -10 -100    0 -1000 -1000 -10
157 12 pedestrian 0 0 -10 0.08 202.88 301.85 370.00 -10 -10 -10 -100    0 -1000 -1000 -10
158 44 pedestrian 0 0 -10 731.69 156.35 753.75 183.14 -10 -10 -10 -100    0 -1000 -1000 -10
158 9 pedestrian 0 0 -10 447.05 169.96 481.34 198.72 -10 -10 -10 -100    0 -1000 -1000 -10
158 35 pedestrian 0 0 -10 991.42 141.06 1029.51 221.63 -10 -10 -10 -100    0 -1000 -1000 -10
158 25 pedestrian 0 0 -10 665.12 168.39 719.17 289.83 -10 -10 -10 -100    0 -1000 -1000 -10
158 39 pedestrian 0 0 -10 878.81 151.47 921.64 199.27 -10 -10 -10 -100    0 -1000 -1000 -10
158 2 pedestrian 0 0 -10 616.88 155.26 664.86 181.29 -10 -10 -10 -100    0 -1000 -1000 -10
158 12 pedestrian 0 0 -10 0.08 202.99 301.84 370.00 -10 -10 -10 -100    0 -1000 -1000 -10
159 44 pedestrian 0 0 -10 732.49 156.31 754.27 182.88 -10 -10 -10 -100    0 -1000 -1000 -10
159 9 pedestrian 0 0 -10 446.83 170.15 481.05 199.03 -10 -10 -10 -100    0 -1000 -1000 -10
159 35 pedestrian 0 0 -10 991.46 141.16 1029.60 221.67 -10 -10 -10 -100    0 -1000 -1000 -10
159 25 pedestrian 0 0 -10 677.39 167.40 726.55 289.27 -10 -10 -10 -100    0 -1000 -1000 -10
159 39 pedestrian 0 0 -10 877.10 151.15 919.35 198.39 -10 -10 -10 -100    0 -1000 -1000 -10
159 2 pedestrian 0 0 -10 617.65 158.33 670.80 185.45 -10 -10 -10 -100    0 -1000 -1000 -10
159 12 pedestrian 0 0 -10 0.08 203.07 301.84 370.00 -10 -10 -10 -100    0 -1000 -1000 -10
160 44 pedestrian 0 0 -10 733.07 156.81 753.86 183.01 -10 -10 -10 -100    0 -1000 -1000 -10
160 9 pedestrian 0 0 -10 446.64 170.37 480.85 199.36 -10 -10 -10 -100    0 -1000 -1000 -10
160 35 pedestrian 0 0 -10 991.29 141.13 1029.55 221.65 -10 -10 -10 -100    0 -1000 -1000 -10
160 25 pedestrian 0 0 -10 689.22 168.57 733.85 288.39 -10 -10 -10 -100    0 -1000 -1000 -10
160 39 pedestrian 0 0 -10 875.74 150.70 918.09 197.97 -10 -10 -10 -100    0 -1000 -1000 -10
160 2 pedestrian 0 0 -10 617.77 159.17 673.95 186.93 -10 -10 -10 -100    0 -1000 -1000 -10
160 12 pedestrian 0 0 -10 0.00 202.99 301.85 370.00 -10 -10 -10 -100    0 -1000 -1000 -10
161 44 pedestrian 0 0 -10 731.60 157.25 752.69 183.37 -10 -10 -10 -100    0 -1000 -1000 -10
161 9 pedestrian 0 0 -10 446.56 170.28 480.79 199.37 -10 -10 -10 -100    0 -1000 -1000 -10
161 35 pedestrian 0 0 -10 991.38 141.19 1029.55 221.67 -10 -10 -10 -100    0 -1000 -1000 -10
161 25 pedestrian 0 0 -10 694.22 169.32 742.19 288.94 -10 -10 -10 -100    0 -1000 -1000 -10
161 39 pedestrian 0 0 -10 875.42 150.85 917.68 197.96 -10 -10 -10 -100    0 -1000 -1000 -10
161 2 pedestrian 0 0 -10 617.76 159.46 675.05 187.28 -10 -10 -10 -100    0 -1000 -1000 -10
161 12 pedestrian 0 0 -10 0.00 202.86 301.94 370.00 -10 -10 -10 -100    0 -1000 -1000 -10
162 44 pedestrian 0 0 -10 733.09 156.60 755.14 183.85 -10 -10 -10 -100    0 -1000 -1000 -10
162 9 pedestrian 0 0 -10 446.39 170.25 480.79 199.57 -10 -10 -10 -100    0 -1000 -1000 -10
162 35 pedestrian 0 0 -10 991.47 140.98 1029.69 221.73 -10 -10 -10 -100    0 -1000 -1000 -10
162 25 pedestrian 0 0 -10 700.84 167.06 749.90 289.19 -10 -10 -10 -100    0 -1000 -1000 -10
162 39 pedestrian 0 0 -10 874.94 150.76 917.33 197.89 -10 -10 -10 -100    0 -1000 -1000 -10
162 2 pedestrian 0 0 -10 617.51 159.16 676.05 187.51 -10 -10 -10 -100    0 -1000 -1000 -10
162 12 pedestrian 0 0 -10 0.00 202.89 301.83 370.00 -10 -10 -10 -100    0 -1000 -1000 -10
163 44 pedestrian 0 0 -10 734.22 156.06 756.14 183.30 -10 -10 -10 -100    0 -1000 -1000 -10
163 9 pedestrian 0 0 -10 446.04 170.37 480.68 199.77 -10 -10 -10 -100    0 -1000 -1000 -10
163 35 pedestrian 0 0 -10 991.48 141.10 1029.74 221.75 -10 -10 -10 -100    0 -1000 -1000 -10
163 25 pedestrian 0 0 -10 709.92 166.81 759.65 288.98 -10 -10 -10 -100    0 -1000 -1000 -10
163 39 pedestrian 0 0 -10 874.28 150.60 916.80 197.76 -10 -10 -10 -100    0 -1000 -1000 -10
163 2 pedestrian 0 0 -10 617.74 159.28 676.75 187.70 -10 -10 -10 -100    0 -1000 -1000 -10
163 12 pedestrian 0 0 -10 0.00 202.86 301.94 370.00 -10 -10 -10 -100    0 -1000 -1000 -10
164 44 pedestrian 0 0 -10 734.03 156.95 756.60 183.66 -10 -10 -10 -100    0 -1000 -1000 -10
164 9 pedestrian 0 0 -10 445.85 170.36 480.47 199.88 -10 -10 -10 -100    0 -1000 -1000 -10
164 35 pedestrian 0 0 -10 991.45 141.22 1029.60 221.63 -10 -10 -10 -100    0 -1000 -1000 -10
164 25 pedestrian 0 0 -10 718.10 166.72 767.42 287.42 -10 -10 -10 -100    0 -1000 -1000 -10
164 39 pedestrian 0 0 -10 873.81 150.55 916.50 197.74 -10 -10 -10 -100    0 -1000 -1000 -10
164 2 pedestrian 0 0 -10 617.82 159.26 676.96 187.87 -10 -10 -10 -100    0 -1000 -1000 -10
164 12 pedestrian 0 0 -10 0.00 202.93 301.93 370.00 -10 -10 -10 -100    0 -1000 -1000 -10
165 44 pedestrian 0 0 -10 733.54 157.01 755.07 183.68 -10 -10 -10 -100    0 -1000 -1000 -10
165 9 pedestrian 0 0 -10 445.61 170.45 480.19 199.99 -10 -10 -10 -100    0 -1000 -1000 -10
165 35 pedestrian 0 0 -10 991.57 141.30 1029.63 221.58 -10 -10 -10 -100    0 -1000 -1000 -10
165 25 pedestrian 0 0 -10 728.46 167.04 776.10 288.07 -10 -10 -10 -100    0 -1000 -1000 -10
165 39 pedestrian 0 0 -10 873.81 150.54 916.26 197.76 -10 -10 -10 -100    0 -1000 -1000 -10
165 2 pedestrian 0 0 -10 617.81 159.21 678.20 187.97 -10 -10 -10 -100    0 -1000 -1000 -10
165 12 pedestrian 0 0 -10 0.04 202.85 301.91 370.00 -10 -10 -10 -100    0 -1000 -1000 -10
166 44 pedestrian 0 0 -10 731.71 156.33 752.70 183.53 -10 -10 -10 -100    0 -1000 -1000 -10
166 9 pedestrian 0 0 -10 444.96 170.17 479.99 200.09 -10 -10 -10 -100    0 -1000 -1000 -10
166 35 pedestrian 0 0 -10 991.38 141.02 1029.50 221.58 -10 -10 -10 -100    0 -1000 -1000 -10
166 25 pedestrian 0 0 -10 733.00 165.14 784.87 287.50 -10 -10 -10 -100    0 -1000 -1000 -10
166 39 pedestrian 0 0 -10 873.36 150.44 916.20 197.63 -10 -10 -10 -100    0 -1000 -1000 -10
166 2 pedestrian 0 0 -10 617.81 159.00 678.78 187.94 -10 -10 -10 -100    0 -1000 -1000 -10
166 12 pedestrian 0 0 -10 0.00 202.95 301.76 370.00 -10 -10 -10 -100    0 -1000 -1000 -10
167 44 pedestrian 0 0 -10 732.04 156.10 754.12 183.08 -10 -10 -10 -100    0 -1000 -1000 -10
167 9 pedestrian 0 0 -10 444.54 170.23 479.68 200.21 -10 -10 -10 -100    0 -1000 -1000 -10
167 35 pedestrian 0 0 -10 991.38 141.16 1029.48 221.47 -10 -10 -10 -100    0 -1000 -1000 -10
167 25 pedestrian 0 0 -10 737.77 164.63 792.28 287.06 -10 -10 -10 -100    0 -1000 -1000 -10
167 39 pedestrian 0 0 -10 872.89 150.36 915.97 197.69 -10 -10 -10 -100    0 -1000 -1000 -10
167 2 pedestrian 0 0 -10 617.91 159.05 677.95 187.92 -10 -10 -10 -100    0 -1000 -1000 -10
167 12 pedestrian 0 0 -10 0.05 202.88 301.63 370.00 -10 -10 -10 -100    0 -1000 -1000 -10
168 44 pedestrian 0 0 -10 731.96 155.96 753.94 183.32 -10 -10 -10 -100    0 -1000 -1000 -10
168 9 pedestrian 0 0 -10 443.96 170.34 479.30 200.36 -10 -10 -10 -100    0 -1000 -1000 -10
168 35 pedestrian 0 0 -10 991.48 141.24 1029.56 221.61 -10 -10 -10 -100    0 -1000 -1000 -10
168 25 pedestrian 0 0 -10 747.78 162.84 803.74 287.54 -10 -10 -10 -100    0 -1000 -1000 -10
168 39 pedestrian 0 0 -10 872.57 150.26 915.69 197.74 -10 -10 -10 -100    0 -1000 -1000 -10
168 2 pedestrian 0 0 -10 617.55 159.00 677.05 187.90 -10 -10 -10 -100    0 -1000 -1000 -10
168 12 pedestrian 0 0 -10 0.20 202.94 301.65 370.00 -10 -10 -10 -100    0 -1000 -1000 -10
169 44 pedestrian 0 0 -10 732.31 156.48 753.84 183.27 -10 -10 -10 -100    0 -1000 -1000 -10
169 9 pedestrian 0 0 -10 443.60 170.37 479.09 200.62 -10 -10 -10 -100    0 -1000 -1000 -10
169 35 pedestrian 0 0 -10 991.48 141.18 1029.54 221.49 -10 -10 -10 -100    0 -1000 -1000 -10
169 25 pedestrian 0 0 -10 752.06 161.89 803.36 282.32 -10 -10 -10 -100    0 -1000 -1000 -10
169 39 pedestrian 0 0 -10 872.74 150.25 915.77 197.59 -10 -10 -10 -100    0 -1000 -1000 -10
169 2 pedestrian 0 0 -10 617.49 159.08 676.87 187.85 -10 -10 -10 -100    0 -1000 -1000 -10
169 12 pedestrian 0 0 -10 0.15 202.77 301.61 370.00 -10 -10 -10 -100    0 -1000 -1000 -10
170 44 pedestrian 0 0 -10 732.82 156.38 753.79 183.14 -10 -10 -10 -100    0 -1000 -1000 -10
170 9 pedestrian 0 0 -10 443.16 170.43 478.90 201.01 -10 -10 -10 -100    0 -1000 -1000 -10
170 35 pedestrian 0 0 -10 991.47 141.13 1029.52 221.57 -10 -10 -10 -100    0 -1000 -1000 -10
170 39 pedestrian 0 0 -10 872.39 150.11 915.56 197.64 -10 -10 -10 -100    0 -1000 -1000 -10
170 2 pedestrian 0 0 -10 617.73 159.17 677.20 187.88 -10 -10 -10 -100    0 -1000 -1000 -10
170 12 pedestrian 0 0 -10 0.11 202.84 301.70 370.00 -10 -10 -10 -100    0 -1000 -1000 -10
171 44 pedestrian 0 0 -10 732.56 156.46 753.50 183.14 -10 -10 -10 -100    0 -1000 -1000 -10
171 9 pedestrian 0 0 -10 442.53 170.43 478.71 201.28 -10 -10 -10 -100    0 -1000 -1000 -10
171 35 pedestrian 0 0 -10 991.42 141.14 1029.53 221.52 -10 -10 -10 -100    0 -1000 -1000 -10
171 39 pedestrian 0 0 -10 872.20 150.19 915.40 197.63 -10 -10 -10 -100    0 -1000 -1000 -10
171 2 pedestrian 0 0 -10 617.48 159.02 676.90 187.88 -10 -10 -10 -100    0 -1000 -1000 -10
171 12 pedestrian 0 0 -10 0.05 202.73 301.49 370.00 -10 -10 -10 -100    0 -1000 -1000 -10
172 44 pedestrian 0 0 -10 731.89 156.14 752.44 182.73 -10 -10 -10 -100    0 -1000 -1000 -10
172 9 pedestrian 0 0 -10 441.92 170.47 478.35 201.63 -10 -10 -10 -100    0 -1000 -1000 -10
172 35 pedestrian 0 0 -10 991.36 141.23 1029.54 221.57 -10 -10 -10 -100    0 -1000 -1000 -10
172 45 pedestrian 0 0 -10 784.58 163.32 830.10 285.10 -10 -10 -10 -100    0 -1000 -1000 -10
172 39 pedestrian 0 0 -10 871.95 150.16 915.24 197.67 -10 -10 -10 -100    0 -1000 -1000 -10
172 2 pedestrian 0 0 -10 617.28 158.98 676.82 187.98 -10 -10 -10 -100    0 -1000 -1000 -10
172 12 pedestrian 0 0 -10 0.04 202.85 301.71 370.00 -10 -10 -10 -100    0 -1000 -1000 -10
173 44 pedestrian 0 0 -10 729.66 156.16 750.50 182.76 -10 -10 -10 -100    0 -1000 -1000 -10
173 9 pedestrian 0 0 -10 441.59 170.60 477.91 202.03 -10 -10 -10 -100    0 -1000 -1000 -10
173 35 pedestrian 0 0 -10 991.43 141.30 1029.52 221.56 -10 -10 -10 -100    0 -1000 -1000 -10
173 45 pedestrian 0 0 -10 792.96 160.00 838.51 286.04 -10 -10 -10 -100    0 -1000 -1000 -10
173 25 pedestrian 0 0 -10 781.82 158.06 830.65 280.53 -10 -10 -10 -100    0 -1000 -1000 -10
173 39 pedestrian 0 0 -10 871.62 150.10 915.22 197.67 -10 -10 -10 -100    0 -1000 -1000 -10
173 2 pedestrian 0 0 -10 617.22 158.61 676.74 188.03 -10 -10 -10 -100    0 -1000 -1000 -10
173 12 pedestrian 0 0 -10 0.12 202.80 301.66 370.00 -10 -10 -10 -100    0 -1000 -1000 -10
174 44 pedestrian 0 0 -10 727.89 156.60 748.33 182.24 -10 -10 -10 -100    0 -1000 -1000 -10
174 9 pedestrian 0 0 -10 440.97 170.63 477.51 202.70 -10 -10 -10 -100    0 -1000 -1000 -10
174 35 pedestrian 0 0 -10 991.29 141.20 1029.49 221.61 -10 -10 -10 -100    0 -1000 -1000 -10
174 45 pedestrian 0 0 -10 801.32 161.23 843.75 283.73 -10 -10 -10 -100    0 -1000 -1000 -10
174 25 pedestrian 0 0 -10 788.50 158.23 836.56 280.56 -10 -10 -10 -100    0 -1000 -1000 -10
174 39 pedestrian 0 0 -10 871.54 150.02 915.25 197.71 -10 -10 -10 -100    0 -1000 -1000 -10
174 2 pedestrian 0 0 -10 617.30 158.64 676.71 188.05 -10 -10 -10 -100    0 -1000 -1000 -10
174 12 pedestrian 0 0 -10 0.12 202.88 301.72 370.00 -10 -10 -10 -100    0 -1000 -1000 -10
175 44 pedestrian 0 0 -10 725.35 157.04 745.90 182.05 -10 -10 -10 -100    0 -1000 -1000 -10
175 9 pedestrian 0 0 -10 440.74 170.69 477.28 203.15 -10 -10 -10 -100    0 -1000 -1000 -10
175 35 pedestrian 0 0 -10 991.40 141.39 1029.50 221.63 -10 -10 -10 -100    0 -1000 -1000 -10
175 45 pedestrian 0 0 -10 813.46 162.76 857.66 286.58 -10 -10 -10 -100    0 -1000 -1000 -10
175 25 pedestrian 0 0 -10 801.94 158.80 845.72 280.67 -10 -10 -10 -100    0 -1000 -1000 -10
175 39 pedestrian 0 0 -10 871.45 150.08 915.18 197.81 -10 -10 -10 -100    0 -1000 -1000 -10
175 2 pedestrian 0 0 -10 617.39 158.59 676.55 187.97 -10 -10 -10 -100    0 -1000 -1000 -10
175 12 pedestrian 0 0 -10 0.03 203.09 301.86 370.00 -10 -10 -10 -100    0 -1000 -1000 -10
176 9 pedestrian 0 0 -10 440.45 170.79 477.08 203.39 -10 -10 -10 -100    0 -1000 -1000 -10
176 44 pedestrian 0 0 -10 723.10 156.28 742.72 181.36 -10 -10 -10 -100    0 -1000 -1000 -10
176 35 pedestrian 0 0 -10 991.42 141.36 1029.48 221.50 -10 -10 -10 -100    0 -1000 -1000 -10
176 45 pedestrian 0 0 -10 821.52 160.57 869.05 285.09 -10 -10 -10 -100    0 -1000 -1000 -10
176 25 pedestrian 0 0 -10 811.72 158.69 855.85 282.11 -10 -10 -10 -100    0 -1000 -1000 -10
176 39 pedestrian 0 0 -10 871.73 150.25 915.23 197.82 -10 -10 -10 -100    0 -1000 -1000 -10
176 2 pedestrian 0 0 -10 617.49 158.44 676.48 187.71 -10 -10 -10 -100    0 -1000 -1000 -10
176 12 pedestrian 0 0 -10 0.00 203.06 301.82 370.00 -10 -10 -10 -100    0 -1000 -1000 -10
177 9 pedestrian 0 0 -10 440.74 170.93 476.49 203.34 -10 -10 -10 -100    0 -1000 -1000 -10
177 44 pedestrian 0 0 -10 723.19 157.17 744.22 180.64 -10 -10 -10 -100    0 -1000 -1000 -10
177 35 pedestrian 0 0 -10 991.43 141.48 1029.55 221.69 -10 -10 -10 -100    0 -1000 -1000 -10
177 45 pedestrian 0 0 -10 827.64 159.53 874.66 283.91 -10 -10 -10 -100    0 -1000 -1000 -10
177 39 pedestrian 0 0 -10 871.05 150.39 915.01 197.68 -10 -10 -10 -100    0 -1000 -1000 -10
177 2 pedestrian 0 0 -10 629.74 163.64 681.53 183.02 -10 -10 -10 -100    0 -1000 -1000 -10
177 12 pedestrian 0 0 -10 0.01 203.21 302.30 370.00 -10 -10 -10 -100    0 -1000 -1000 -10
178 9 pedestrian 0 0 -10 440.23 170.89 476.46 203.53 -10 -10 -10 -100    0 -1000 -1000 -10
178 44 pedestrian 0 0 -10 723.84 156.98 744.33 180.85 -10 -10 -10 -100    0 -1000 -1000 -10
178 35 pedestrian 0 0 -10 991.51 141.49 1029.57 221.55 -10 -10 -10 -100    0 -1000 -1000 -10
178 45 pedestrian 0 0 -10 839.18 162.52 887.23 285.34 -10 -10 -10 -100    0 -1000 -1000 -10
178 39 pedestrian 0 0 -10 871.52 150.08 915.16 197.61 -10 -10 -10 -100    0 -1000 -1000 -10
178 2 pedestrian 0 0 -10 630.19 163.77 681.12 182.54 -10 -10 -10 -100    0 -1000 -1000 -10
178 12 pedestrian 0 0 -10 0.05 203.18 302.38 370.00 -10 -10 -10 -100    0 -1000 -1000 -10
179 9 pedestrian 0 0 -10 440.04 170.67 476.52 203.76 -10 -10 -10 -100    0 -1000 -1000 -10
179 44 pedestrian 0 0 -10 723.31 156.83 743.86 180.90 -10 -10 -10 -100    0 -1000 -1000 -10
179 35 pedestrian 0 0 -10 991.55 141.46 1029.55 221.56 -10 -10 -10 -100    0 -1000 -1000 -10
179 45 pedestrian 0 0 -10 848.43 162.12 896.99 285.42 -10 -10 -10 -100    0 -1000 -1000 -10
179 39 pedestrian 0 0 -10 871.91 150.17 915.55 197.86 -10 -10 -10 -100    0 -1000 -1000 -10
179 2 pedestrian 0 0 -10 630.42 163.78 681.33 182.46 -10 -10 -10 -100    0 -1000 -1000 -10
179 12 pedestrian 0 0 -10 0.02 203.27 302.28 370.00 -10 -10 -10 -100    0 -1000 -1000 -10
180 9 pedestrian 0 0 -10 439.96 170.71 476.62 204.31 -10 -10 -10 -100    0 -1000 -1000 -10
180 44 pedestrian 0 0 -10 723.54 157.11 744.17 181.10 -10 -10 -10 -100    0 -1000 -1000 -10
180 35 pedestrian 0 0 -10 991.44 141.39 1029.57 221.85 -10 -10 -10 -100    0 -1000 -1000 -10
180 45 pedestrian 0 0 -10 855.22 158.33 912.74 285.02 -10 -10 -10 -100    0 -1000 -1000 -10
180 25 pedestrian 0 0 -10 845.84 157.42 905.48 274.37 -10 -10 -10 -100    0 -1000 -1000 -10
180 39 pedestrian 0 0 -10 872.15 149.90 915.55 197.42 -10 -10 -10 -100    0 -1000 -1000 -10
180 2 pedestrian 0 0 -10 630.34 163.80 680.95 182.44 -10 -10 -10 -100    0 -1000 -1000 -10
180 12 pedestrian 0 0 -10 0.00 203.34 302.24 370.00 -10 -10 -10 -100    0 -1000 -1000 -10
181 48 pedestrian 0 0 -10 563.11 163.12 593.66 180.32 -10 -10 -10 -100    0 -1000 -1000 -10
181 9 pedestrian 0 0 -10 439.83 170.65 476.86 204.64 -10 -10 -10 -100    0 -1000 -1000 -10
181 44 pedestrian 0 0 -10 723.70 156.91 744.37 181.09 -10 -10 -10 -100    0 -1000 -1000 -10
181 35 pedestrian 0 0 -10 991.58 141.21 1029.71 221.79 -10 -10 -10 -100    0 -1000 -1000 -10
181 25 pedestrian 0 0 -10 858.03 158.69 902.40 281.98 -10 -10 -10 -100    0 -1000 -1000 -10
181 39 pedestrian 0 0 -10 872.11 150.21 915.25 197.58 -10 -10 -10 -100    0 -1000 -1000 -10
181 2 pedestrian 0 0 -10 630.30 163.80 681.12 182.35 -10 -10 -10 -100    0 -1000 -1000 -10
181 12 pedestrian 0 0 -10 0.00 203.33 302.09 370.00 -10 -10 -10 -100    0 -1000 -1000 -10
182 48 pedestrian 0 0 -10 566.65 163.42 594.78 180.63 -10 -10 -10 -100    0 -1000 -1000 -10
182 9 pedestrian 0 0 -10 439.59 170.83 477.39 205.11 -10 -10 -10 -100    0 -1000 -1000 -10
182 44 pedestrian 0 0 -10 723.21 157.27 743.53 180.89 -10 -10 -10 -100    0 -1000 -1000 -10
182 35 pedestrian 0 0 -10 991.39 141.32 1029.66 221.70 -10 -10 -10 -100    0 -1000 -1000 -10
182 25 pedestrian 0 0 -10 866.26 156.77 908.45 278.32 -10 -10 -10 -100    0 -1000 -1000 -10
182 39 pedestrian 0 0 -10 871.20 150.94 915.58 197.55 -10 -10 -10 -100    0 -1000 -1000 -10
182 2 pedestrian 0 0 -10 630.23 163.89 681.50 182.39 -10 -10 -10 -100    0 -1000 -1000 -10
182 12 pedestrian 0 0 -10 0.00 203.32 302.23 370.00 -10 -10 -10 -100    0 -1000 -1000 -10
183 48 pedestrian 0 0 -10 567.39 163.14 595.49 180.50 -10 -10 -10 -100    0 -1000 -1000 -10
183 9 pedestrian 0 0 -10 439.50 170.90 477.95 205.65 -10 -10 -10 -100    0 -1000 -1000 -10
183 44 pedestrian 0 0 -10 723.40 157.37 743.85 180.93 -10 -10 -10 -100    0 -1000 -1000 -10
183 35 pedestrian 0 0 -10 991.44 141.22 1029.68 221.85 -10 -10 -10 -100    0 -1000 -1000 -10
183 25 pedestrian 0 0 -10 874.26 158.09 916.64 280.53 -10 -10 -10 -100    0 -1000 -1000 -10
183 39 pedestrian 0 0 -10 872.21 150.81 915.95 197.89 -10 -10 -10 -100    0 -1000 -1000 -10
183 2 pedestrian 0 0 -10 630.27 163.82 682.09 182.64 -10 -10 -10 -100    0 -1000 -1000 -10
183 12 pedestrian 0 0 -10 0.00 203.25 302.11 370.00 -10 -10 -10 -100    0 -1000 -1000 -10
184 48 pedestrian 0 0 -10 567.84 163.37 596.45 180.66 -10 -10 -10 -100    0 -1000 -1000 -10
184 9 pedestrian 0 0 -10 439.62 170.78 478.57 206.00 -10 -10 -10 -100    0 -1000 -1000 -10
184 44 pedestrian 0 0 -10 723.47 157.54 744.45 180.69 -10 -10 -10 -100    0 -1000 -1000 -10
184 35 pedestrian 0 0 -10 991.44 141.56 1029.64 221.76 -10 -10 -10 -100    0 -1000 -1000 -10
184 45 pedestrian 0 0 -10 889.45 162.05 935.00 283.54 -10 -10 -10 -100    0 -1000 -1000 -10
184 25 pedestrian 0 0 -10 878.42 156.61 922.96 278.31 -10 -10 -10 -100    0 -1000 -1000 -10
184 39 pedestrian 0 0 -10 872.07 150.86 914.71 196.71 -10 -10 -10 -100    0 -1000 -1000 -10
184 2 pedestrian 0 0 -10 630.25 163.82 681.97 182.49 -10 -10 -10 -100    0 -1000 -1000 -10
184 12 pedestrian 0 0 -10 0.00 203.15 302.12 370.00 -10 -10 -10 -100    0 -1000 -1000 -10
185 48 pedestrian 0 0 -10 568.60 163.38 597.34 180.87 -10 -10 -10 -100    0 -1000 -1000 -10
185 9 pedestrian 0 0 -10 439.81 170.78 479.78 206.77 -10 -10 -10 -100    0 -1000 -1000 -10
185 44 pedestrian 0 0 -10 723.25 157.43 744.64 180.76 -10 -10 -10 -100    0 -1000 -1000 -10
185 35 pedestrian 0 0 -10 991.55 141.34 1029.56 221.53 -10 -10 -10 -100    0 -1000 -1000 -10
185 45 pedestrian 0 0 -10 900.09 160.53 949.73 281.00 -10 -10 -10 -100    0 -1000 -1000 -10
185 25 pedestrian 0 0 -10 889.63 156.88 934.52 279.11 -10 -10 -10 -100    0 -1000 -1000 -10
185 39 pedestrian 0 0 -10 872.37 150.17 916.18 197.37 -10 -10 -10 -100    0 -1000 -1000 -10
185 2 pedestrian 0 0 -10 629.92 163.67 681.65 182.50 -10 -10 -10 -100    0 -1000 -1000 -10
185 12 pedestrian 0 0 -10 0.00 203.01 302.08 370.00 -10 -10 -10 -100    0 -1000 -1000 -10
186 48 pedestrian 0 0 -10 569.34 163.23 598.46 181.02 -10 -10 -10 -100    0 -1000 -1000 -10
186 9 pedestrian 0 0 -10 439.96 170.75 481.69 207.47 -10 -10 -10 -100    0 -1000 -1000 -10
186 44 pedestrian 0 0 -10 723.00 157.04 743.94 180.81 -10 -10 -10 -100    0 -1000 -1000 -10
186 35 pedestrian 0 0 -10 991.35 141.39 1029.38 221.47 -10 -10 -10 -100    0 -1000 -1000 -10
186 45 pedestrian 0 0 -10 909.52 157.42 955.45 281.13 -10 -10 -10 -100    0 -1000 -1000 -10
186 25 pedestrian 0 0 -10 896.87 153.76 941.08 279.13 -10 -10 -10 -100    0 -1000 -1000 -10
186 39 pedestrian 0 0 -10 872.30 150.17 915.91 197.67 -10 -10 -10 -100    0 -1000 -1000 -10
186 2 pedestrian 0 0 -10 630.33 163.69 681.16 182.44 -10 -10 -10 -100    0 -1000 -1000 -10
186 12 pedestrian 0 0 -10 0.00 203.08 301.93 370.00 -10 -10 -10 -100    0 -1000 -1000 -10
187 48 pedestrian 0 0 -10 569.72 163.20 599.48 181.32 -10 -10 -10 -100    0 -1000 -1000 -10
187 9 pedestrian 0 0 -10 440.15 170.83 483.22 207.87 -10 -10 -10 -100    0 -1000 -1000 -10
187 44 pedestrian 0 0 -10 723.29 157.14 744.02 180.73 -10 -10 -10 -100    0 -1000 -1000 -10
187 35 pedestrian 0 0 -10 991.61 141.50 1029.43 221.46 -10 -10 -10 -100    0 -1000 -1000 -10
187 45 pedestrian 0 0 -10 916.97 160.38 966.27 279.25 -10 -10 -10 -100    0 -1000 -1000 -10
187 25 pedestrian 0 0 -10 904.28 156.24 950.93 275.94 -10 -10 -10 -100    0 -1000 -1000 -10
187 39 pedestrian 0 0 -10 871.98 150.22 915.30 197.52 -10 -10 -10 -100    0 -1000 -1000 -10
187 2 pedestrian 0 0 -10 630.81 163.78 681.64 182.38 -10 -10 -10 -100    0 -1000 -1000 -10
187 12 pedestrian 0 0 -10 0.00 203.24 302.18 370.00 -10 -10 -10 -100    0 -1000 -1000 -10
188 48 pedestrian 0 0 -10 569.32 163.15 599.54 181.59 -10 -10 -10 -100    0 -1000 -1000 -10
188 9 pedestrian 0 0 -10 439.89 170.87 484.94 208.64 -10 -10 -10 -100    0 -1000 -1000 -10
188 44 pedestrian 0 0 -10 722.88 157.10 744.17 180.69 -10 -10 -10 -100    0 -1000 -1000 -10
188 35 pedestrian 0 0 -10 991.35 141.54 1029.33 221.82 -10 -10 -10 -100    0 -1000 -1000 -10
188 45 pedestrian 0 0 -10 925.17 157.95 975.01 279.11 -10 -10 -10 -100    0 -1000 -1000 -10
188 25 pedestrian 0 0 -10 909.35 154.62 960.19 275.06 -10 -10 -10 -100    0 -1000 -1000 -10
188 39 pedestrian 0 0 -10 871.88 149.99 915.81 197.48 -10 -10 -10 -100    0 -1000 -1000 -10
188 2 pedestrian 0 0 -10 631.40 163.84 682.12 182.54 -10 -10 -10 -100    0 -1000 -1000 -10
188 12 pedestrian 0 0 -10 0.00 203.13 302.30 370.00 -10 -10 -10 -100    0 -1000 -1000 -10
189 48 pedestrian 0 0 -10 569.33 162.87 601.62 182.19 -10 -10 -10 -100    0 -1000 -1000 -10
189 9 pedestrian 0 0 -10 439.76 170.83 486.99 208.95 -10 -10 -10 -100    0 -1000 -1000 -10
189 44 pedestrian 0 0 -10 722.98 157.16 743.99 180.58 -10 -10 -10 -100    0 -1000 -1000 -10
189 35 pedestrian 0 0 -10 991.67 141.36 1029.50 221.82 -10 -10 -10 -100    0 -1000 -1000 -10
189 45 pedestrian 0 0 -10 935.48 159.84 994.27 279.85 -10 -10 -10 -100    0 -1000 -1000 -10
189 25 pedestrian 0 0 -10 913.48 154.15 961.05 273.27 -10 -10 -10 -100    0 -1000 -1000 -10
189 39 pedestrian 0 0 -10 871.54 150.00 915.10 197.36 -10 -10 -10 -100    0 -1000 -1000 -10
189 2 pedestrian 0 0 -10 631.37 163.82 682.32 182.69 -10 -10 -10 -100    0 -1000 -1000 -10
189 12 pedestrian 0 0 -10 0.00 203.15 302.25 370.00 -10 -10 -10 -100    0 -1000 -1000 -10
190 48 pedestrian 0 0 -10 569.35 162.56 603.81 182.90 -10 -10 -10 -100    0 -1000 -1000 -10
190 9 pedestrian 0 0 -10 439.95 170.79 489.50 209.55 -10 -10 -10 -100    0 -1000 -1000 -10
190 44 pedestrian 0 0 -10 722.44 157.11 743.26 180.51 -10 -10 -10 -100    0 -1000 -1000 -10
190 35 pedestrian 0 0 -10 991.84 141.66 1029.50 221.85 -10 -10 -10 -100    0 -1000 -1000 -10
190 45 pedestrian 0 0 -10 945.98 158.93 1007.84 279.89 -10 -10 -10 -100    0 -1000 -1000 -10
190 25 pedestrian 0 0 -10 920.40 153.93 968.78 273.65 -10 -10 -10 -100    0 -1000 -1000 -10
190 39 pedestrian 0 0 -10 871.63 150.04 914.90 197.46 -10 -10 -10 -100    0 -1000 -1000 -10
190 2 pedestrian 0 0 -10 631.07 163.66 682.75 182.53 -10 -10 -10 -100    0 -1000 -1000 -10
190 12 pedestrian 0 0 -10 0.00 203.10 302.23 370.00 -10 -10 -10 -100    0 -1000 -1000 -10
191 48 pedestrian 0 0 -10 568.53 162.82 604.48 183.86 -10 -10 -10 -100    0 -1000 -1000 -10
191 9 pedestrian 0 0 -10 440.43 170.66 491.31 210.25 -10 -10 -10 -100    0 -1000 -1000 -10
191 44 pedestrian 0 0 -10 722.37 157.03 743.20 180.57 -10 -10 -10 -100    0 -1000 -1000 -10
191 35 pedestrian 0 0 -10 992.96 141.35 1029.66 221.65 -10 -10 -10 -100    0 -1000 -1000 -10
191 45 pedestrian 0 0 -10 949.18 158.52 1007.20 279.11 -10 -10 -10 -100    0 -1000 -1000 -10
191 25 pedestrian 0 0 -10 936.90 152.91 982.20 275.58 -10 -10 -10 -100    0 -1000 -1000 -10
191 39 pedestrian 0 0 -10 871.53 149.95 914.85 197.59 -10 -10 -10 -100    0 -1000 -1000 -10
191 2 pedestrian 0 0 -10 630.84 163.70 681.93 182.57 -10 -10 -10 -100    0 -1000 -1000 -10
191 12 pedestrian 0 0 -10 0.00 202.90 302.02 370.00 -10 -10 -10 -100    0 -1000 -1000 -10
192 48 pedestrian 0 0 -10 568.52 162.62 605.61 184.59 -10 -10 -10 -100    0 -1000 -1000 -10
192 9 pedestrian 0 0 -10 440.87 170.53 494.44 210.90 -10 -10 -10 -100    0 -1000 -1000 -10
192 44 pedestrian 0 0 -10 722.79 157.20 743.51 180.61 -10 -10 -10 -100    0 -1000 -1000 -10
192 35 pedestrian 0 0 -10 993.41 141.40 1030.20 221.33 -10 -10 -10 -100    0 -1000 -1000 -10
192 45 pedestrian 0 0 -10 956.04 156.81 1009.30 276.66 -10 -10 -10 -100    0 -1000 -1000 -10
192 25 pedestrian 0 0 -10 948.08 150.19 994.95 271.36 -10 -10 -10 -100    0 -1000 -1000 -10
192 39 pedestrian 0 0 -10 871.60 149.95 914.93 197.37 -10 -10 -10 -100    0 -1000 -1000 -10
192 2 pedestrian 0 0 -10 629.89 163.70 681.77 182.63 -10 -10 -10 -100    0 -1000 -1000 -10
192 12 pedestrian 0 0 -10 0.00 202.87 302.08 370.00 -10 -10 -10 -100    0 -1000 -1000 -10
193 48 pedestrian 0 0 -10 568.12 162.49 605.93 184.96 -10 -10 -10 -100    0 -1000 -1000 -10
193 9 pedestrian 0 0 -10 441.49 170.39 497.89 211.29 -10 -10 -10 -100    0 -1000 -1000 -10
193 44 pedestrian 0 0 -10 722.56 157.09 743.41 180.73 -10 -10 -10 -100    0 -1000 -1000 -10
193 35 pedestrian 0 0 -10 993.36 141.88 1030.43 221.77 -10 -10 -10 -100    0 -1000 -1000 -10
193 45 pedestrian 0 0 -10 964.50 154.14 1016.27 276.55 -10 -10 -10 -100    0 -1000 -1000 -10
193 25 pedestrian 0 0 -10 952.60 149.43 1000.78 271.74 -10 -10 -10 -100    0 -1000 -1000 -10
193 39 pedestrian 0 0 -10 871.89 150.04 915.21 197.44 -10 -10 -10 -100    0 -1000 -1000 -10
193 2 pedestrian 0 0 -10 629.54 163.77 682.43 182.68 -10 -10 -10 -100    0 -1000 -1000 -10
193 12 pedestrian 0 0 -10 0.00 202.91 302.09 370.00 -10 -10 -10 -100    0 -1000 -1000 -10
194 48 pedestrian 0 0 -10 567.82 162.46 606.30 185.39 -10 -10 -10 -100    0 -1000 -1000 -10
194 9 pedestrian 0 0 -10 441.88 170.20 501.88 211.52 -10 -10 -10 -100    0 -1000 -1000 -10
194 44 pedestrian 0 0 -10 722.66 156.81 743.78 180.72 -10 -10 -10 -100    0 -1000 -1000 -10
194 35 pedestrian 0 0 -10 993.90 142.11 1030.24 220.08 -10 -10 -10 -100    0 -1000 -1000 -10
194 45 pedestrian 0 0 -10 974.41 153.77 1022.09 277.15 -10 -10 -10 -100    0 -1000 -1000 -10
194 25 pedestrian 0 0 -10 961.26 149.12 1006.75 271.50 -10 -10 -10 -100    0 -1000 -1000 -10
194 39 pedestrian 0 0 -10 871.69 150.10 915.14 197.47 -10 -10 -10 -100    0 -1000 -1000 -10
194 2 pedestrian 0 0 -10 629.18 163.66 681.93 182.74 -10 -10 -10 -100    0 -1000 -1000 -10
194 12 pedestrian 0 0 -10 0.00 202.84 302.09 370.00 -10 -10 -10 -100    0 -1000 -1000 -10
195 48 pedestrian 0 0 -10 568.39 162.46 606.68 185.51 -10 -10 -10 -100    0 -1000 -1000 -10
195 9 pedestrian 0 0 -10 443.43 169.70 504.88 211.82 -10 -10 -10 -100    0 -1000 -1000 -10
195 44 pedestrian 0 0 -10 722.95 156.95 743.57 180.72 -10 -10 -10 -100    0 -1000 -1000 -10
195 35 pedestrian 0 0 -10 991.26 141.55 1029.76 220.79 -10 -10 -10 -100    0 -1000 -1000 -10
195 45 pedestrian 0 0 -10 979.05 153.22 1026.37 275.21 -10 -10 -10 -100    0 -1000 -1000 -10
195 25 pedestrian 0 0 -10 964.87 149.50 1011.77 270.01 -10 -10 -10 -100    0 -1000 -1000 -10
195 39 pedestrian 0 0 -10 871.63 150.07 915.05 197.52 -10 -10 -10 -100    0 -1000 -1000 -10
195 2 pedestrian 0 0 -10 629.28 163.70 682.00 182.77 -10 -10 -10 -100    0 -1000 -1000 -10
195 12 pedestrian 0 0 -10 0.00 202.77 301.94 370.00 -10 -10 -10 -100    0 -1000 -1000 -10
196 48 pedestrian 0 0 -10 568.25 162.43 606.51 185.65 -10 -10 -10 -100    0 -1000 -1000 -10
196 9 pedestrian 0 0 -10 444.87 169.79 507.81 212.08 -10 -10 -10 -100    0 -1000 -1000 -10
196 44 pedestrian 0 0 -10 723.37 156.91 743.90 180.57 -10 -10 -10 -100    0 -1000 -1000 -10
196 35 pedestrian 0 0 -10 990.87 141.35 1029.42 221.55 -10 -10 -10 -100    0 -1000 -1000 -10
196 25 pedestrian 0 0 -10 978.82 149.99 1028.60 272.29 -10 -10 -10 -100    0 -1000 -1000 -10
196 39 pedestrian 0 0 -10 871.61 150.04 915.06 197.45 -10 -10 -10 -100    0 -1000 -1000 -10
196 2 pedestrian 0 0 -10 629.34 163.75 681.19 182.89 -10 -10 -10 -100    0 -1000 -1000 -10
196 12 pedestrian 0 0 -10 0.00 202.99 302.18 370.00 -10 -10 -10 -100    0 -1000 -1000 -10
197 48 pedestrian 0 0 -10 567.01 162.32 606.69 185.76 -10 -10 -10 -100    0 -1000 -1000 -10
197 9 pedestrian 0 0 -10 446.46 169.76 512.51 212.43 -10 -10 -10 -100    0 -1000 -1000 -10
197 44 pedestrian 0 0 -10 723.09 156.85 743.65 180.72 -10 -10 -10 -100    0 -1000 -1000 -10
197 35 pedestrian 0 0 -10 991.57 141.65 1029.79 220.15 -10 -10 -10 -100    0 -1000 -1000 -10
197 25 pedestrian 0 0 -10 979.23 148.12 1022.84 268.48 -10 -10 -10 -100    0 -1000 -1000 -10
197 39 pedestrian 0 0 -10 871.78 150.06 915.40 197.43 -10 -10 -10 -100    0 -1000 -1000 -10
197 2 pedestrian 0 0 -10 629.03 163.82 682.10 183.05 -10 -10 -10 -100    0 -1000 -1000 -10
197 12 pedestrian 0 0 -10 0.00 203.00 302.25 370.00 -10 -10 -10 -100    0 -1000 -1000 -10
198 48 pedestrian 0 0 -10 567.85 162.43 606.54 185.66 -10 -10 -10 -100    0 -1000 -1000 -10
198 9 pedestrian 0 0 -10 448.74 169.05 517.96 212.49 -10 -10 -10 -100    0 -1000 -1000 -10
198 44 pedestrian 0 0 -10 723.20 156.74 743.97 180.76 -10 -10 -10 -100    0 -1000 -1000 -10
198 35 pedestrian 0 0 -10 990.96 141.65 1030.97 221.41 -10 -10 -10 -100    0 -1000 -1000 -10
198 25 pedestrian 0 0 -10 980.77 149.17 1019.86 266.21 -10 -10 -10 -100    0 -1000 -1000 -10
198 39 pedestrian 0 0 -10 871.64 150.09 915.11 197.42 -10 -10 -10 -100    0 -1000 -1000 -10
198 2 pedestrian 0 0 -10 628.79 163.89 681.62 183.09 -10 -10 -10 -100    0 -1000 -1000 -10
198 12 pedestrian 0 0 -10 0.00 202.91 302.21 370.00 -10 -10 -10 -100    0 -1000 -1000 -10
199 48 pedestrian 0 0 -10 567.81 162.36 606.71 185.59 -10 -10 -10 -100    0 -1000 -1000 -10
199 9 pedestrian 0 0 -10 451.06 168.77 523.10 212.95 -10 -10 -10 -100    0 -1000 -1000 -10
199 44 pedestrian 0 0 -10 723.33 156.75 744.11 180.84 -10 -10 -10 -100    0 -1000 -1000 -10
199 35 pedestrian 0 0 -10 990.28 140.52 1029.61 222.83 -10 -10 -10 -100    0 -1000 -1000 -10
199 45 pedestrian 0 0 -10 1016.71 149.94 1063.21 269.72 -10 -10 -10 -100    0 -1000 -1000 -10
199 25 pedestrian 0 0 -10 991.38 149.98 1041.40 268.07 -10 -10 -10 -100    0 -1000 -1000 -10
199 39 pedestrian 0 0 -10 871.94 150.16 915.22 197.41 -10 -10 -10 -100    0 -1000 -1000 -10
199 2 pedestrian 0 0 -10 628.85 163.85 680.84 183.05 -10 -10 -10 -100    0 -1000 -1000 -10
199 12 pedestrian 0 0 -10 0.00 202.79 302.26 370.00 -10 -10 -10 -100    0 -1000 -1000 -10
200 9 pedestrian 0 0 -10 453.65 168.84 528.97 212.93 -10 -10 -10 -100    0 -1000 -1000 -10
200 48 pedestrian 0 0 -10 567.92 162.34 606.90 185.82 -10 -10 -10 -100    0 -1000 -1000 -10
200 44 pedestrian 0 0 -10 723.45 156.67 744.16 180.79 -10 -10 -10 -100    0 -1000 -1000 -10
200 35 pedestrian 0 0 -10 990.88 141.50 1029.56 221.72 -10 -10 -10 -100    0 -1000 -1000 -10
200 45 pedestrian 0 0 -10 1024.58 150.94 1070.14 268.69 -10 -10 -10 -100    0 -1000 -1000 -10
200 39 pedestrian 0 0 -10 871.84 150.23 915.26 197.50 -10 -10 -10 -100    0 -1000 -1000 -10
200 2 pedestrian 0 0 -10 629.24 163.70 681.14 183.04 -10 -10 -10 -100    0 -1000 -1000 -10
200 12 pedestrian 0 0 -10 0.00 202.70 302.08 370.00 -10 -10 -10 -100    0 -1000 -1000 -10
201 9 pedestrian 0 0 -10 456.77 168.74 533.06 213.35 -10 -10 -10 -100    0 -1000 -1000 -10
201 48 pedestrian 0 0 -10 567.91 162.53 606.90 186.04 -10 -10 -10 -100    0 -1000 -1000 -10
201 44 pedestrian 0 0 -10 722.94 156.98 743.50 180.83 -10 -10 -10 -100    0 -1000 -1000 -10
201 35 pedestrian 0 0 -10 991.03 141.58 1029.03 221.78 -10 -10 -10 -100    0 -1000 -1000 -10
201 45 pedestrian 0 0 -10 1028.70 149.32 1073.00 268.14 -10 -10 -10 -100    0 -1000 -1000 -10
201 39 pedestrian 0 0 -10 871.77 150.22 915.16 197.49 -10 -10 -10 -100    0 -1000 -1000 -10
201 2 pedestrian 0 0 -10 629.41 163.78 681.78 183.06 -10 -10 -10 -100    0 -1000 -1000 -10
201 12 pedestrian 0 0 -10 0.00 202.88 302.17 370.00 -10 -10 -10 -100    0 -1000 -1000 -10
202 9 pedestrian 0 0 -10 459.90 168.38 539.57 214.34 -10 -10 -10 -100    0 -1000 -1000 -10
202 48 pedestrian 0 0 -10 567.97 162.38 607.18 186.01 -10 -10 -10 -100    0 -1000 -1000 -10
202 44 pedestrian 0 0 -10 722.73 156.78 743.56 180.89 -10 -10 -10 -100    0 -1000 -1000 -10
202 35 pedestrian 0 0 -10 991.06 141.03 1029.24 222.13 -10 -10 -10 -100    0 -1000 -1000 -10
202 45 pedestrian 0 0 -10 1034.02 147.11 1076.85 267.25 -10 -10 -10 -100    0 -1000 -1000 -10
202 39 pedestrian 0 0 -10 871.80 150.17 915.32 197.50 -10 -10 -10 -100    0 -1000 -1000 -10
202 2 pedestrian 0 0 -10 629.36 163.73 681.70 183.03 -10 -10 -10 -100    0 -1000 -1000 -10
202 12 pedestrian 0 0 -10 0.00 202.91 302.28 370.00 -10 -10 -10 -100    0 -1000 -1000 -10
203 9 pedestrian 0 0 -10 463.20 168.31 547.47 214.19 -10 -10 -10 -100    0 -1000 -1000 -10
203 48 pedestrian 0 0 -10 568.15 162.47 607.22 186.08 -10 -10 -10 -100    0 -1000 -1000 -10
203 44 pedestrian 0 0 -10 722.23 157.22 742.86 180.96 -10 -10 -10 -100    0 -1000 -1000 -10
203 35 pedestrian 0 0 -10 991.16 141.25 1029.29 221.92 -10 -10 -10 -100    0 -1000 -1000 -10
203 45 pedestrian 0 0 -10 1039.32 147.52 1083.38 265.56 -10 -10 -10 -100    0 -1000 -1000 -10
203 39 pedestrian 0 0 -10 871.86 150.21 915.33 197.43 -10 -10 -10 -100    0 -1000 -1000 -10
203 2 pedestrian 0 0 -10 630.22 163.63 682.14 183.16 -10 -10 -10 -100    0 -1000 -1000 -10
203 12 pedestrian 0 0 -10 0.00 203.04 302.37 370.00 -10 -10 -10 -100    0 -1000 -1000 -10
204 9 pedestrian 0 0 -10 467.63 168.17 554.67 215.45 -10 -10 -10 -100    0 -1000 -1000 -10
204 48 pedestrian 0 0 -10 568.38 162.43 607.31 186.11 -10 -10 -10 -100    0 -1000 -1000 -10
204 44 pedestrian 0 0 -10 723.01 157.21 744.02 181.08 -10 -10 -10 -100    0 -1000 -1000 -10
204 35 pedestrian 0 0 -10 991.19 141.53 1029.10 221.88 -10 -10 -10 -100    0 -1000 -1000 -10
204 45 pedestrian 0 0 -10 1049.30 145.95 1100.33 266.97 -10 -10 -10 -100    0 -1000 -1000 -10
204 39 pedestrian 0 0 -10 871.82 150.25 915.32 197.49 -10 -10 -10 -100    0 -1000 -1000 -10
204 2 pedestrian 0 0 -10 630.37 163.56 681.88 183.04 -10 -10 -10 -100    0 -1000 -1000 -10
204 12 pedestrian 0 0 -10 0.00 203.05 302.49 370.00 -10 -10 -10 -100    0 -1000 -1000 -10
205 9 pedestrian 0 0 -10 471.19 168.29 561.88 215.72 -10 -10 -10 -100    0 -1000 -1000 -10
205 48 pedestrian 0 0 -10 568.97 162.21 608.25 186.19 -10 -10 -10 -100    0 -1000 -1000 -10
205 44 pedestrian 0 0 -10 723.12 156.87 744.00 181.10 -10 -10 -10 -100    0 -1000 -1000 -10
205 35 pedestrian 0 0 -10 991.09 141.14 1029.13 221.88 -10 -10 -10 -100    0 -1000 -1000 -10
205 45 pedestrian 0 0 -10 1057.16 144.60 1111.74 266.18 -10 -10 -10 -100    0 -1000 -1000 -10
205 39 pedestrian 0 0 -10 871.82 150.20 915.28 197.56 -10 -10 -10 -100    0 -1000 -1000 -10
205 2 pedestrian 0 0 -10 630.06 163.58 681.88 183.19 -10 -10 -10 -100    0 -1000 -1000 -10
205 12 pedestrian 0 0 -10 0.00 203.03 302.51 370.00 -10 -10 -10 -100    0 -1000 -1000 -10
206 9 pedestrian 0 0 -10 476.84 168.29 570.82 215.96 -10 -10 -10 -100    0 -1000 -1000 -10
206 48 pedestrian 0 0 -10 569.39 162.28 607.48 186.03 -10 -10 -10 -100    0 -1000 -1000 -10
206 44 pedestrian 0 0 -10 723.00 156.79 743.65 181.07 -10 -10 -10 -100    0 -1000 -1000 -10
206 35 pedestrian 0 0 -10 991.05 141.33 1029.02 221.81 -10 -10 -10 -100    0 -1000 -1000 -10
206 45 pedestrian 0 0 -10 1064.60 143.72 1114.33 262.84 -10 -10 -10 -100    0 -1000 -1000 -10
206 25 pedestrian 0 0 -10 1040.31 140.67 1096.57 259.22 -10 -10 -10 -100    0 -1000 -1000 -10
206 39 pedestrian 0 0 -10 871.79 150.25 915.36 197.60 -10 -10 -10 -100    0 -1000 -1000 -10
206 2 pedestrian 0 0 -10 630.49 163.64 682.13 183.21 -10 -10 -10 -100    0 -1000 -1000 -10
206 12 pedestrian 0 0 -10 0.00 203.06 302.42 370.00 -10 -10 -10 -100    0 -1000 -1000 -10
207 9 pedestrian 0 0 -10 482.36 168.05 580.32 216.44 -10 -10 -10 -100    0 -1000 -1000 -10
207 48 pedestrian 0 0 -10 570.35 162.22 608.62 185.60 -10 -10 -10 -100    0 -1000 -1000 -10
207 44 pedestrian 0 0 -10 722.74 156.91 743.49 181.11 -10 -10 -10 -100    0 -1000 -1000 -10
207 35 pedestrian 0 0 -10 991.28 141.11 1029.42 221.95 -10 -10 -10 -100    0 -1000 -1000 -10
207 45 pedestrian 0 0 -10 1070.01 142.33 1118.75 262.23 -10 -10 -10 -100    0 -1000 -1000 -10
207 25 pedestrian 0 0 -10 1047.34 139.00 1096.69 255.91 -10 -10 -10 -100    0 -1000 -1000 -10
207 39 pedestrian 0 0 -10 871.87 150.24 915.56 197.68 -10 -10 -10 -100    0 -1000 -1000 -10
207 2 pedestrian 0 0 -10 630.62 163.58 682.10 183.23 -10 -10 -10 -100    0 -1000 -1000 -10
207 12 pedestrian 0 0 -10 0.00 203.16 302.48 370.00 -10 -10 -10 -100    0 -1000 -1000 -10
208 9 pedestrian 0 0 -10 487.25 167.98 590.68 216.97 -10 -10 -10 -100    0 -1000 -1000 -10
208 48 pedestrian 0 0 -10 568.26 162.54 608.44 187.02 -10 -10 -10 -100    0 -1000 -1000 -10
208 44 pedestrian 0 0 -10 723.38 157.08 744.87 181.14 -10 -10 -10 -100    0 -1000 -1000 -10
208 35 pedestrian 0 0 -10 991.23 141.04 1029.44 222.14 -10 -10 -10 -100    0 -1000 -1000 -10
208 45 pedestrian 0 0 -10 1079.05 143.76 1126.54 260.61 -10 -10 -10 -100    0 -1000 -1000 -10
208 25 pedestrian 0 0 -10 1051.50 138.40 1100.52 257.49 -10 -10 -10 -100    0 -1000 -1000 -10
208 39 pedestrian 0 0 -10 871.75 150.10 915.49 197.66 -10 -10 -10 -100    0 -1000 -1000 -10
208 2 pedestrian 0 0 -10 630.97 163.46 683.12 183.21 -10 -10 -10 -100    0 -1000 -1000 -10
208 12 pedestrian 0 0 -10 0.00 203.20 302.54 370.00 -10 -10 -10 -100    0 -1000 -1000 -10
209 9 pedestrian 0 0 -10 493.82 168.02 600.02 217.06 -10 -10 -10 -100    0 -1000 -1000 -10
209 48 pedestrian 0 0 -10 568.35 162.18 608.38 186.27 -10 -10 -10 -100    0 -1000 -1000 -10
209 44 pedestrian 0 0 -10 722.81 157.08 743.90 181.11 -10 -10 -10 -100    0 -1000 -1000 -10
209 35 pedestrian 0 0 -10 991.28 141.14 1029.59 222.12 -10 -10 -10 -100    0 -1000 -1000 -10
209 45 pedestrian 0 0 -10 1084.48 142.20 1137.92 261.93 -10 -10 -10 -100    0 -1000 -1000 -10
209 25 pedestrian 0 0 -10 1056.72 137.22 1115.34 256.71 -10 -10 -10 -100    0 -1000 -1000 -10
209 39 pedestrian 0 0 -10 872.06 150.19 915.69 197.71 -10 -10 -10 -100    0 -1000 -1000 -10
209 2 pedestrian 0 0 -10 630.59 163.46 683.13 183.33 -10 -10 -10 -100    0 -1000 -1000 -10
209 12 pedestrian 0 0 -10 0.00 203.09 302.60 370.00 -10 -10 -10 -100    0 -1000 -1000 -10
210 9 pedestrian 0 0 -10 499.14 168.44 611.31 217.43 -10 -10 -10 -100    0 -1000 -1000 -10
210 48 pedestrian 0 0 -10 568.50 162.50 607.77 185.82 -10 -10 -10 -100    0 -1000 -1000 -10
210 44 pedestrian 0 0 -10 722.66 157.16 743.97 181.34 -10 -10 -10 -100    0 -1000 -1000 -10
210 35 pedestrian 0 0 -10 991.32 141.46 1029.64 222.14 -10 -10 -10 -100    0 -1000 -1000 -10
210 45 pedestrian 0 0 -10 1088.17 142.18 1146.64 260.38 -10 -10 -10 -100    0 -1000 -1000 -10
210 25 pedestrian 0 0 -10 1066.75 136.96 1123.05 255.99 -10 -10 -10 -100    0 -1000 -1000 -10
210 39 pedestrian 0 0 -10 871.85 150.22 915.51 197.73 -10 -10 -10 -100    0 -1000 -1000 -10
210 2 pedestrian 0 0 -10 629.60 163.58 681.98 183.32 -10 -10 -10 -100    0 -1000 -1000 -10
210 12 pedestrian 0 0 -10 0.00 203.18 302.53 370.00 -10 -10 -10 -100    0 -1000 -1000 -10
211 9 pedestrian 0 0 -10 508.64 168.63 622.49 218.11 -10 -10 -10 -100    0 -1000 -1000 -10
211 48 pedestrian 0 0 -10 571.76 162.36 609.30 185.73 -10 -10 -10 -100    0 -1000 -1000 -10
211 44 pedestrian 0 0 -10 722.09 156.92 744.01 181.61 -10 -10 -10 -100    0 -1000 -1000 -10
211 35 pedestrian 0 0 -10 991.16 141.56 1029.55 222.13 -10 -10 -10 -100    0 -1000 -1000 -10
211 45 pedestrian 0 0 -10 1098.48 141.51 1147.14 257.83 -10 -10 -10 -100    0 -1000 -1000 -10
211 25 pedestrian 0 0 -10 1069.86 135.66 1129.54 253.74 -10 -10 -10 -100    0 -1000 -1000 -10
211 39 pedestrian 0 0 -10 871.98 150.20 915.67 197.72 -10 -10 -10 -100    0 -1000 -1000 -10
211 2 pedestrian 0 0 -10 629.80 163.45 681.90 183.09 -10 -10 -10 -100    0 -1000 -1000 -10
211 12 pedestrian 0 0 -10 0.00 203.28 302.46 370.00 -10 -10 -10 -100    0 -1000 -1000 -10
212 9 pedestrian 0 0 -10 515.94 167.94 634.24 218.33 -10 -10 -10 -100    0 -1000 -1000 -10
212 48 pedestrian 0 0 -10 568.30 162.44 605.84 185.63 -10 -10 -10 -100    0 -1000 -1000 -10
212 44 pedestrian 0 0 -10 721.16 156.89 742.99 181.78 -10 -10 -10 -100    0 -1000 -1000 -10
212 35 pedestrian 0 0 -10 991.31 142.08 1029.53 222.03 -10 -10 -10 -100    0 -1000 -1000 -10
212 45 pedestrian 0 0 -10 1109.89 141.99 1151.51 256.08 -10 -10 -10 -100    0 -1000 -1000 -10
212 25 pedestrian 0 0 -10 1079.89 134.39 1130.05 252.01 -10 -10 -10 -100    0 -1000 -1000 -10
212 39 pedestrian 0 0 -10 872.01 150.17 915.74 197.75 -10 -10 -10 -100    0 -1000 -1000 -10
212 2 pedestrian 0 0 -10 629.44 163.43 681.88 183.11 -10 -10 -10 -100    0 -1000 -1000 -10
212 12 pedestrian 0 0 -10 0.00 203.42 302.66 370.00 -10 -10 -10 -100    0 -1000 -1000 -10
213 9 pedestrian 0 0 -10 524.75 168.00 646.77 218.84 -10 -10 -10 -100    0 -1000 -1000 -10
213 48 pedestrian 0 0 -10 569.32 162.76 606.19 184.88 -10 -10 -10 -100    0 -1000 -1000 -10
213 44 pedestrian 0 0 -10 719.98 156.64 742.22 182.06 -10 -10 -10 -100    0 -1000 -1000 -10
213 35 pedestrian 0 0 -10 991.37 142.19 1029.60 221.98 -10 -10 -10 -100    0 -1000 -1000 -10
213 45 pedestrian 0 0 -10 1118.29 141.23 1161.53 256.27 -10 -10 -10 -100    0 -1000 -1000 -10
213 25 pedestrian 0 0 -10 1089.99 134.55 1132.75 250.43 -10 -10 -10 -100    0 -1000 -1000 -10
213 39 pedestrian 0 0 -10 871.79 150.03 915.53 197.65 -10 -10 -10 -100    0 -1000 -1000 -10
213 2 pedestrian 0 0 -10 629.55 163.15 681.29 182.74 -10 -10 -10 -100    0 -1000 -1000 -10
213 12 pedestrian 0 0 -10 0.00 203.41 302.68 370.00 -10 -10 -10 -100    0 -1000 -1000 -10
214 9 pedestrian 0 0 -10 534.91 168.23 659.92 219.15 -10 -10 -10 -100    0 -1000 -1000 -10
214 48 pedestrian 0 0 -10 569.40 162.26 604.78 185.59 -10 -10 -10 -100    0 -1000 -1000 -10
214 44 pedestrian 0 0 -10 718.72 156.30 741.44 182.68 -10 -10 -10 -100    0 -1000 -1000 -10
214 35 pedestrian 0 0 -10 991.36 142.35 1029.60 222.04 -10 -10 -10 -100    0 -1000 -1000 -10
214 45 pedestrian 0 0 -10 1126.18 141.19 1172.36 258.43 -10 -10 -10 -100    0 -1000 -1000 -10
214 25 pedestrian 0 0 -10 1095.93 132.55 1135.91 251.39 -10 -10 -10 -100    0 -1000 -1000 -10
214 39 pedestrian 0 0 -10 871.95 150.10 915.64 197.75 -10 -10 -10 -100    0 -1000 -1000 -10
214 2 pedestrian 0 0 -10 629.21 163.19 681.20 182.59 -10 -10 -10 -100    0 -1000 -1000 -10
214 12 pedestrian 0 0 -10 0.00 203.43 302.68 370.00 -10 -10 -10 -100    0 -1000 -1000 -10
215 9 pedestrian 0 0 -10 544.76 167.65 671.51 219.38 -10 -10 -10 -100    0 -1000 -1000 -10
215 48 pedestrian 0 0 -10 568.25 162.33 606.54 186.37 -10 -10 -10 -100    0 -1000 -1000 -10
215 44 pedestrian 0 0 -10 716.55 155.82 739.39 183.59 -10 -10 -10 -100    0 -1000 -1000 -10
215 35 pedestrian 0 0 -10 991.43 142.06 1029.71 221.96 -10 -10 -10 -100    0 -1000 -1000 -10
215 45 pedestrian 0 0 -10 1130.31 141.39 1179.02 257.73 -10 -10 -10 -100    0 -1000 -1000 -10
215 25 pedestrian 0 0 -10 1106.12 134.21 1151.85 250.01 -10 -10 -10 -100    0 -1000 -1000 -10
215 39 pedestrian 0 0 -10 872.09 150.27 915.84 197.78 -10 -10 -10 -100    0 -1000 -1000 -10
215 2 pedestrian 0 0 -10 628.90 163.38 681.37 183.07 -10 -10 -10 -100    0 -1000 -1000 -10
215 12 pedestrian 0 0 -10 0.00 203.45 302.64 370.00 -10 -10 -10 -100    0 -1000 -1000 -10
216 9 pedestrian 0 0 -10 556.75 167.42 686.02 220.04 -10 -10 -10 -100    0 -1000 -1000 -10
216 48 pedestrian 0 0 -10 566.56 162.29 604.70 185.25 -10 -10 -10 -100    0 -1000 -1000 -10
216 44 pedestrian 0 0 -10 712.45 154.80 734.96 183.84 -10 -10 -10 -100    0 -1000 -1000 -10
216 35 pedestrian 0 0 -10 991.35 141.97 1029.67 221.98 -10 -10 -10 -100    0 -1000 -1000 -10
216 45 pedestrian 0 0 -10 1139.66 138.46 1186.58 255.69 -10 -10 -10 -100    0 -1000 -1000 -10
216 25 pedestrian 0 0 -10 1114.33 135.04 1165.73 250.83 -10 -10 -10 -100    0 -1000 -1000 -10
216 39 pedestrian 0 0 -10 871.96 150.20 915.72 197.73 -10 -10 -10 -100    0 -1000 -1000 -10
216 2 pedestrian 0 0 -10 629.00 163.36 681.28 183.72 -10 -10 -10 -100    0 -1000 -1000 -10
216 12 pedestrian 0 0 -10 0.00 203.32 302.61 370.00 -10 -10 -10 -100    0 -1000 -1000 -10
217 9 pedestrian 0 0 -10 567.33 167.85 700.22 220.63 -10 -10 -10 -100    0 -1000 -1000 -10
217 48 pedestrian 0 0 -10 566.89 162.55 607.29 185.15 -10 -10 -10 -100    0 -1000 -1000 -10
217 44 pedestrian 0 0 -10 711.22 154.02 734.14 184.25 -10 -10 -10 -100    0 -1000 -1000 -10
217 35 pedestrian 0 0 -10 991.28 141.90 1029.62 221.90 -10 -10 -10 -100    0 -1000 -1000 -10
217 45 pedestrian 0 0 -10 1145.66 136.97 1191.79 252.94 -10 -10 -10 -100    0 -1000 -1000 -10
217 25 pedestrian 0 0 -10 1116.01 132.06 1166.23 249.20 -10 -10 -10 -100    0 -1000 -1000 -10
217 39 pedestrian 0 0 -10 871.94 150.17 915.79 197.85 -10 -10 -10 -100    0 -1000 -1000 -10
217 2 pedestrian 0 0 -10 628.68 163.17 679.04 183.85 -10 -10 -10 -100    0 -1000 -1000 -10
217 12 pedestrian 0 0 -10 0.00 203.37 302.57 370.00 -10 -10 -10 -100    0 -1000 -1000 -10
218 9 pedestrian 0 0 -10 579.08 167.30 713.31 220.26 -10 -10 -10 -100    0 -1000 -1000 -10
218 48 pedestrian 0 0 -10 566.97 162.11 607.68 185.31 -10 -10 -10 -100    0 -1000 -1000 -10
218 44 pedestrian 0 0 -10 710.31 153.68 733.70 184.76 -10 -10 -10 -100    0 -1000 -1000 -10
218 35 pedestrian 0 0 -10 991.27 141.74 1029.55 221.97 -10 -10 -10 -100    0 -1000 -1000 -10
218 45 pedestrian 0 0 -10 1149.32 136.54 1196.54 252.73 -10 -10 -10 -100    0 -1000 -1000 -10
218 25 pedestrian 0 0 -10 1121.30 129.10 1165.80 242.35 -10 -10 -10 -100    0 -1000 -1000 -10
218 39 pedestrian 0 0 -10 871.87 150.19 915.78 197.81 -10 -10 -10 -100    0 -1000 -1000 -10
218 2 pedestrian 0 0 -10 629.13 163.38 680.65 183.85 -10 -10 -10 -100    0 -1000 -1000 -10
218 12 pedestrian 0 0 -10 0.00 203.51 302.68 370.00 -10 -10 -10 -100    0 -1000 -1000 -10
219 9 pedestrian 0 0 -10 591.73 166.74 728.18 220.50 -10 -10 -10 -100    0 -1000 -1000 -10
219 48 pedestrian 0 0 -10 568.21 161.36 606.75 185.33 -10 -10 -10 -100    0 -1000 -1000 -10
219 44 pedestrian 0 0 -10 710.29 153.16 733.81 184.74 -10 -10 -10 -100    0 -1000 -1000 -10
219 35 pedestrian 0 0 -10 991.20 141.49 1029.40 222.03 -10 -10 -10 -100    0 -1000 -1000 -10
219 45 pedestrian 0 0 -10 1153.25 139.20 1200.49 252.43 -10 -10 -10 -100    0 -1000 -1000 -10
219 25 pedestrian 0 0 -10 1125.15 129.74 1168.07 244.08 -10 -10 -10 -100    0 -1000 -1000 -10
219 39 pedestrian 0 0 -10 872.02 150.09 915.79 197.72 -10 -10 -10 -100    0 -1000 -1000 -10
219 2 pedestrian 0 0 -10 631.85 162.78 681.36 183.68 -10 -10 -10 -100    0 -1000 -1000 -10
219 12 pedestrian 0 0 -10 0.00 203.64 302.62 370.00 -10 -10 -10 -100    0 -1000 -1000 -10
220 9 pedestrian 0 0 -10 604.27 166.12 743.54 220.15 -10 -10 -10 -100    0 -1000 -1000 -10
220 48 pedestrian 0 0 -10 567.67 161.40 607.00 185.36 -10 -10 -10 -100    0 -1000 -1000 -10
220 44 pedestrian 0 0 -10 711.79 152.20 734.76 184.42 -10 -10 -10 -100    0 -1000 -1000 -10
220 35 pedestrian 0 0 -10 991.26 141.74 1029.37 222.06 -10 -10 -10 -100    0 -1000 -1000 -10
220 45 pedestrian 0 0 -10 1162.79 137.12 1209.33 251.91 -10 -10 -10 -100    0 -1000 -1000 -10
220 25 pedestrian 0 0 -10 1132.91 129.09 1180.27 244.56 -10 -10 -10 -100    0 -1000 -1000 -10
220 39 pedestrian 0 0 -10 872.13 150.12 915.74 197.66 -10 -10 -10 -100    0 -1000 -1000 -10
220 2 pedestrian 0 0 -10 632.49 162.71 681.35 183.14 -10 -10 -10 -100    0 -1000 -1000 -10
220 12 pedestrian 0 0 -10 0.00 203.56 302.58 370.00 -10 -10 -10 -100    0 -1000 -1000 -10
221 9 pedestrian 0 0 -10 618.23 164.97 758.34 220.01 -10 -10 -10 -100    0 -1000 -1000 -10
221 48 pedestrian 0 0 -10 567.89 161.50 607.87 185.73 -10 -10 -10 -100    0 -1000 -1000 -10
221 44 pedestrian 0 0 -10 712.08 152.43 734.53 184.91 -10 -10 -10 -100    0 -1000 -1000 -10
221 35 pedestrian 0 0 -10 991.23 141.70 1029.42 222.00 -10 -10 -10 -100    0 -1000 -1000 -10
221 45 pedestrian 0 0 -10 1167.66 136.29 1219.43 248.59 -10 -10 -10 -100    0 -1000 -1000 -10
221 25 pedestrian 0 0 -10 1140.15 131.49 1190.13 244.64 -10 -10 -10 -100    0 -1000 -1000 -10
221 39 pedestrian 0 0 -10 872.02 150.18 915.72 197.65 -10 -10 -10 -100    0 -1000 -1000 -10
221 2 pedestrian 0 0 -10 636.38 162.35 682.24 182.04 -10 -10 -10 -100    0 -1000 -1000 -10
221 12 pedestrian 0 0 -10 0.00 203.51 302.71 370.00 -10 -10 -10 -100    0 -1000 -1000 -10
222 9 pedestrian 0 0 -10 633.79 164.84 773.21 219.71 -10 -10 -10 -100    0 -1000 -1000 -10
222 48 pedestrian 0 0 -10 567.84 161.76 607.71 185.95 -10 -10 -10 -100    0 -1000 -1000 -10
222 44 pedestrian 0 0 -10 710.69 151.96 733.81 184.14 -10 -10 -10 -100    0 -1000 -1000 -10
222 35 pedestrian 0 0 -10 991.11 141.89 1029.39 222.14 -10 -10 -10 -100    0 -1000 -1000 -10
222 45 pedestrian 0 0 -10 1179.99 135.68 1223.05 250.83 -10 -10 -10 -100    0 -1000 -1000 -10
222 25 pedestrian 0 0 -10 1145.39 128.59 1196.18 242.97 -10 -10 -10 -100    0 -1000 -1000 -10
222 39 pedestrian 0 0 -10 872.30 150.26 915.71 197.66 -10 -10 -10 -100    0 -1000 -1000 -10
222 2 pedestrian 0 0 -10 638.07 162.05 680.65 181.19 -10 -10 -10 -100    0 -1000 -1000 -10
222 12 pedestrian 0 0 -10 0.00 203.51 302.68 370.00 -10 -10 -10 -100    0 -1000 -1000 -10
223 9 pedestrian 0 0 -10 647.16 163.80 787.65 219.18 -10 -10 -10 -100    0 -1000 -1000 -10
223 48 pedestrian 0 0 -10 567.86 161.92 607.41 186.14 -10 -10 -10 -100    0 -1000 -1000 -10
223 44 pedestrian 0 0 -10 709.95 152.90 733.98 183.07 -10 -10 -10 -100    0 -1000 -1000 -10
223 35 pedestrian 0 0 -10 991.29 141.67 1029.57 222.04 -10 -10 -10 -100    0 -1000 -1000 -10
223 45 pedestrian 0 0 -10 1192.71 135.92 1224.00 248.60 -10 -10 -10 -100    0 -1000 -1000 -10
223 25 pedestrian 0 0 -10 1155.39 128.03 1199.80 240.67 -10 -10 -10 -100    0 -1000 -1000 -10
223 39 pedestrian 0 0 -10 872.10 150.24 915.77 197.58 -10 -10 -10 -100    0 -1000 -1000 -10
223 2 pedestrian 0 0 -10 644.36 161.74 679.03 181.99 -10 -10 -10 -100    0 -1000 -1000 -10
223 12 pedestrian 0 0 -10 0.00 203.53 302.82 370.00 -10 -10 -10 -100    0 -1000 -1000 -10
224 9 pedestrian 0 0 -10 662.28 162.85 803.90 218.21 -10 -10 -10 -100    0 -1000 -1000 -10
224 48 pedestrian 0 0 -10 567.82 161.89 607.24 186.42 -10 -10 -10 -100    0 -1000 -1000 -10
224 44 pedestrian 0 0 -10 711.26 152.62 735.07 183.37 -10 -10 -10 -100    0 -1000 -1000 -10
224 35 pedestrian 0 0 -10 991.16 141.70 1029.48 222.03 -10 -10 -10 -100    0 -1000 -1000 -10
224 45 pedestrian 0 0 -10 1193.54 137.04 1224.00 249.89 -10 -10 -10 -100    0 -1000 -1000 -10
224 25 pedestrian 0 0 -10 1157.73 126.85 1197.54 239.22 -10 -10 -10 -100    0 -1000 -1000 -10
224 39 pedestrian 0 0 -10 872.24 150.15 916.09 197.67 -10 -10 -10 -100    0 -1000 -1000 -10
224 2 pedestrian 0 0 -10 646.75 161.52 677.30 181.48 -10 -10 -10 -100    0 -1000 -1000 -10
224 12 pedestrian 0 0 -10 0.00 203.52 302.71 370.00 -10 -10 -10 -100    0 -1000 -1000 -10
225 9 pedestrian 0 0 -10 678.27 162.44 818.69 217.81 -10 -10 -10 -100    0 -1000 -1000 -10
225 48 pedestrian 0 0 -10 567.91 161.92 607.30 186.55 -10 -10 -10 -100    0 -1000 -1000 -10
225 44 pedestrian 0 0 -10 710.00 153.14 734.41 184.11 -10 -10 -10 -100    0 -1000 -1000 -10
225 35 pedestrian 0 0 -10 991.26 141.87 1029.53 222.05 -10 -10 -10 -100    0 -1000 -1000 -10
225 45 pedestrian 0 0 -10 1195.90 131.28 1223.86 249.61 -10 -10 -10 -100    0 -1000 -1000 -10
225 25 pedestrian 0 0 -10 1161.99 128.09 1201.47 238.60 -10 -10 -10 -100    0 -1000 -1000 -10
225 39 pedestrian 0 0 -10 872.19 150.09 916.19 197.69 -10 -10 -10 -100    0 -1000 -1000 -10
225 2 pedestrian 0 0 -10 651.08 161.44 680.57 182.07 -10 -10 -10 -100    0 -1000 -1000 -10
225 12 pedestrian 0 0 -10 0.00 203.55 302.76 370.00 -10 -10 -10 -100    0 -1000 -1000 -10
226 9 pedestrian 0 0 -10 694.61 162.09 836.15 217.46 -10 -10 -10 -100    0 -1000 -1000 -10
226 48 pedestrian 0 0 -10 567.75 161.90 607.20 186.52 -10 -10 -10 -100    0 -1000 -1000 -10
226 44 pedestrian 0 0 -10 709.75 152.54 734.94 184.51 -10 -10 -10 -100    0 -1000 -1000 -10
226 35 pedestrian 0 0 -10 991.19 142.02 1029.50 222.03 -10 -10 -10 -100    0 -1000 -1000 -10
226 25 pedestrian 0 0 -10 1166.40 128.78 1208.60 238.85 -10 -10 -10 -100    0 -1000 -1000 -10
226 39 pedestrian 0 0 -10 872.13 150.16 916.08 197.71 -10 -10 -10 -100    0 -1000 -1000 -10
226 2 pedestrian 0 0 -10 650.66 161.36 680.91 181.99 -10 -10 -10 -100    0 -1000 -1000 -10
226 12 pedestrian 0 0 -10 0.00 203.55 302.70 370.00 -10 -10 -10 -100    0 -1000 -1000 -10
227 9 pedestrian 0 0 -10 710.26 161.95 854.40 217.36 -10 -10 -10 -100    0 -1000 -1000 -10
227 48 pedestrian 0 0 -10 567.46 161.50 606.71 185.87 -10 -10 -10 -100    0 -1000 -1000 -10
227 44 pedestrian 0 0 -10 711.61 153.71 735.24 183.42 -10 -10 -10 -100    0 -1000 -1000 -10
227 35 pedestrian 0 0 -10 990.96 142.10 1029.41 222.13 -10 -10 -10 -100    0 -1000 -1000 -10
227 25 pedestrian 0 0 -10 1169.95 128.07 1218.51 239.12 -10 -10 -10 -100    0 -1000 -1000 -10
227 39 pedestrian 0 0 -10 872.22 150.19 915.95 197.61 -10 -10 -10 -100    0 -1000 -1000 -10
227 2 pedestrian 0 0 -10 653.16 161.24 684.22 181.69 -10 -10 -10 -100    0 -1000 -1000 -10
227 12 pedestrian 0 0 -10 0.00 203.63 302.67 370.00 -10 -10 -10 -100    0 -1000 -1000 -10
228 9 pedestrian 0 0 -10 726.78 161.67 871.20 216.75 -10 -10 -10 -100    0 -1000 -1000 -10
228 48 pedestrian 0 0 -10 567.40 161.56 606.35 185.81 -10 -10 -10 -100    0 -1000 -1000 -10
228 44 pedestrian 0 0 -10 704.81 157.46 728.04 182.98 -10 -10 -10 -100    0 -1000 -1000 -10
228 35 pedestrian 0 0 -10 990.95 142.38 1029.31 222.08 -10 -10 -10 -100    0 -1000 -1000 -10
228 25 pedestrian 0 0 -10 1174.82 126.21 1222.29 236.64 -10 -10 -10 -100    0 -1000 -1000 -10
228 39 pedestrian 0 0 -10 872.40 150.25 916.15 197.65 -10 -10 -10 -100    0 -1000 -1000 -10
228 2 pedestrian 0 0 -10 652.82 161.23 682.19 181.25 -10 -10 -10 -100    0 -1000 -1000 -10
228 12 pedestrian 0 0 -10 0.00 203.65 302.67 370.00 -10 -10 -10 -100    0 -1000 -1000 -10
229 9 pedestrian 0 0 -10 741.78 160.76 888.21 216.15 -10 -10 -10 -100    0 -1000 -1000 -10
229 48 pedestrian 0 0 -10 568.07 161.56 606.60 185.73 -10 -10 -10 -100    0 -1000 -1000 -10
229 44 pedestrian 0 0 -10 704.50 159.33 726.48 182.50 -10 -10 -10 -100    0 -1000 -1000 -10
229 35 pedestrian 0 0 -10 990.89 142.26 1029.29 222.11 -10 -10 -10 -100    0 -1000 -1000 -10
229 25 pedestrian 0 0 -10 1181.54 126.27 1222.92 237.86 -10 -10 -10 -100    0 -1000 -1000 -10
229 39 pedestrian 0 0 -10 872.48 150.17 916.43 198.63 -10 -10 -10 -100    0 -1000 -1000 -10
229 2 pedestrian 0 0 -10 654.04 161.57 683.19 181.08 -10 -10 -10 -100    0 -1000 -1000 -10
229 12 pedestrian 0 0 -10 0.00 203.68 302.81 370.00 -10 -10 -10 -100    0 -1000 -1000 -10
230 9 pedestrian 0 0 -10 759.62 160.33 906.78 215.12 -10 -10 -10 -100    0 -1000 -1000 -10
230 48 pedestrian 0 0 -10 568.31 161.68 606.74 185.80 -10 -10 -10 -100    0 -1000 -1000 -10
230 44 pedestrian 0 0 -10 705.20 160.06 726.29 182.24 -10 -10 -10 -100    0 -1000 -1000 -10
230 35 pedestrian 0 0 -10 990.76 142.67 1029.12 222.24 -10 -10 -10 -100    0 -1000 -1000 -10
230 25 pedestrian 0 0 -10 1187.08 125.38 1223.28 237.86 -10 -10 -10 -100    0 -1000 -1000 -10
230 39 pedestrian 0 0 -10 873.06 150.09 916.51 197.35 -10 -10 -10 -100    0 -1000 -1000 -10
230 2 pedestrian 0 0 -10 654.12 161.55 682.12 181.19 -10 -10 -10 -100    0 -1000 -1000 -10
230 12 pedestrian 0 0 -10 0.00 203.64 302.71 370.00 -10 -10 -10 -100    0 -1000 -1000 -10
231 9 pedestrian 0 0 -10 775.92 159.43 927.68 215.25 -10 -10 -10 -100    0 -1000 -1000 -10
231 48 pedestrian 0 0 -10 567.24 161.69 606.47 185.84 -10 -10 -10 -100    0 -1000 -1000 -10
231 44 pedestrian 0 0 -10 706.07 160.29 726.91 182.08 -10 -10 -10 -100    0 -1000 -1000 -10
231 35 pedestrian 0 0 -10 990.87 142.36 1029.18 222.34 -10 -10 -10 -100    0 -1000 -1000 -10
231 25 pedestrian 0 0 -10 1191.56 124.01 1223.59 238.59 -10 -10 -10 -100    0 -1000 -1000 -10
231 39 pedestrian 0 0 -10 873.34 150.11 916.58 197.04 -10 -10 -10 -100    0 -1000 -1000 -10
231 2 pedestrian 0 0 -10 654.58 161.43 682.89 181.41 -10 -10 -10 -100    0 -1000 -1000 -10
231 12 pedestrian 0 0 -10 0.00 203.68 302.82 370.00 -10 -10 -10 -100    0 -1000 -1000 -10
232 9 pedestrian 0 0 -10 791.43 159.01 946.02 215.13 -10 -10 -10 -100    0 -1000 -1000 -10
232 48 pedestrian 0 0 -10 563.73 163.39 604.86 185.01 -10 -10 -10 -100    0 -1000 -1000 -10
232 44 pedestrian 0 0 -10 705.43 160.56 726.54 182.23 -10 -10 -10 -100    0 -1000 -1000 -10
232 35 pedestrian 0 0 -10 990.92 142.61 1029.19 222.45 -10 -10 -10 -100    0 -1000 -1000 -10
232 25 pedestrian 0 0 -10 1197.82 119.95 1223.71 238.03 -10 -10 -10 -100    0 -1000 -1000 -10
232 39 pedestrian 0 0 -10 872.41 149.04 915.31 197.00 -10 -10 -10 -100    0 -1000 -1000 -10
232 2 pedestrian 0 0 -10 654.34 161.42 682.77 181.37 -10 -10 -10 -100    0 -1000 -1000 -10
232 12 pedestrian 0 0 -10 0.00 203.89 302.79 370.00 -10 -10 -10 -100    0 -1000 -1000 -10
233 9 pedestrian 0 0 -10 808.77 158.77 966.41 215.12 -10 -10 -10 -100    0 -1000 -1000 -10
233 48 pedestrian 0 0 -10 558.58 164.96 600.41 183.92 -10 -10 -10 -100    0 -1000 -1000 -10
233 44 pedestrian 0 0 -10 705.86 159.73 727.10 182.19 -10 -10 -10 -100    0 -1000 -1000 -10
233 35 pedestrian 0 0 -10 991.12 142.32 1029.30 222.37 -10 -10 -10 -100    0 -1000 -1000 -10
233 25 pedestrian 0 0 -10 1206.49 121.15 1223.95 237.43 -10 -10 -10 -100    0 -1000 -1000 -10
233 39 pedestrian 0 0 -10 873.41 148.75 917.23 197.46 -10 -10 -10 -100    0 -1000 -1000 -10
233 2 pedestrian 0 0 -10 653.21 161.77 681.79 181.00 -10 -10 -10 -100    0 -1000 -1000 -10
233 12 pedestrian 0 0 -10 0.00 204.03 303.01 370.00 -10 -10 -10 -100    0 -1000 -1000 -10
234 9 pedestrian 0 0 -10 826.83 158.31 984.45 214.44 -10 -10 -10 -100    0 -1000 -1000 -10
234 48 pedestrian 0 0 -10 558.04 165.12 599.80 183.85 -10 -10 -10 -100    0 -1000 -1000 -10
234 44 pedestrian 0 0 -10 705.69 159.93 727.04 182.16 -10 -10 -10 -100    0 -1000 -1000 -10
234 35 pedestrian 0 0 -10 991.83 142.29 1029.52 221.98 -10 -10 -10 -100    0 -1000 -1000 -10
234 39 pedestrian 0 0 -10 871.53 150.48 915.79 199.80 -10 -10 -10 -100    0 -1000 -1000 -10
234 2 pedestrian 0 0 -10 653.68 161.88 682.69 181.05 -10 -10 -10 -100    0 -1000 -1000 -10
234 12 pedestrian 0 0 -10 0.00 204.03 302.82 370.00 -10 -10 -10 -100    0 -1000 -1000 -10
235 9 pedestrian 0 0 -10 843.21 158.10 1002.86 214.80 -10 -10 -10 -100    0 -1000 -1000 -10
235 48 pedestrian 0 0 -10 556.56 165.05 599.82 184.05 -10 -10 -10 -100    0 -1000 -1000 -10
235 44 pedestrian 0 0 -10 706.66 159.91 727.72 182.19 -10 -10 -10 -100    0 -1000 -1000 -10
235 35 pedestrian 0 0 -10 991.28 141.95 1029.09 221.65 -10 -10 -10 -100    0 -1000 -1000 -10
235 39 pedestrian 0 0 -10 872.59 148.79 915.69 198.82 -10 -10 -10 -100    0 -1000 -1000 -10
235 2 pedestrian 0 0 -10 653.22 161.93 682.00 180.91 -10 -10 -10 -100    0 -1000 -1000 -10
235 12 pedestrian 0 0 -10 0.00 203.90 302.95 370.00 -10 -10 -10 -100    0 -1000 -1000 -10
236 9 pedestrian 0 0 -10 862.54 158.61 1019.87 214.21 -10 -10 -10 -100    0 -1000 -1000 -10
236 48 pedestrian 0 0 -10 556.64 165.12 599.70 183.99 -10 -10 -10 -100    0 -1000 -1000 -10
236 44 pedestrian 0 0 -10 705.87 159.94 727.18 182.00 -10 -10 -10 -100    0 -1000 -1000 -10
236 35 pedestrian 0 0 -10 991.58 141.93 1029.13 222.11 -10 -10 -10 -100    0 -1000 -1000 -10
236 39 pedestrian 0 0 -10 872.03 149.17 917.29 198.65 -10 -10 -10 -100    0 -1000 -1000 -10
236 2 pedestrian 0 0 -10 652.65 161.95 681.56 180.99 -10 -10 -10 -100    0 -1000 -1000 -10
236 12 pedestrian 0 0 -10 0.00 204.01 302.88 370.00 -10 -10 -10 -100    0 -1000 -1000 -10
237 9 pedestrian 0 0 -10 883.20 157.06 1034.11 214.05 -10 -10 -10 -100    0 -1000 -1000 -10
237 48 pedestrian 0 0 -10 555.67 165.05 599.66 184.11 -10 -10 -10 -100    0 -1000 -1000 -10
237 44 pedestrian 0 0 -10 705.90 160.18 726.94 182.24 -10 -10 -10 -100    0 -1000 -1000 -10
237 35 pedestrian 0 0 -10 992.72 141.96 1029.27 221.46 -10 -10 -10 -100    0 -1000 -1000 -10
237 39 pedestrian 0 0 -10 871.94 150.01 917.33 197.96 -10 -10 -10 -100    0 -1000 -1000 -10
237 2 pedestrian 0 0 -10 652.83 161.98 681.49 181.01 -10 -10 -10 -100    0 -1000 -1000 -10
237 12 pedestrian 0 0 -10 0.00 204.12 302.92 370.00 -10 -10 -10 -100    0 -1000 -1000 -10
238 9 pedestrian 0 0 -10 899.90 156.09 1066.87 213.31 -10 -10 -10 -100    0 -1000 -1000 -10
238 48 pedestrian 0 0 -10 555.83 164.92 599.34 183.89 -10 -10 -10 -100    0 -1000 -1000 -10
238 44 pedestrian 0 0 -10 706.27 160.10 727.01 182.34 -10 -10 -10 -100    0 -1000 -1000 -10
238 35 pedestrian 0 0 -10 991.69 141.54 1029.36 222.26 -10 -10 -10 -100    0 -1000 -1000 -10
238 39 pedestrian 0 0 -10 872.26 150.41 916.55 197.91 -10 -10 -10 -100    0 -1000 -1000 -10
238 2 pedestrian 0 0 -10 652.99 161.89 682.50 181.06 -10 -10 -10 -100    0 -1000 -1000 -10
238 12 pedestrian 0 0 -10 0.00 204.27 302.89 370.00 -10 -10 -10 -100    0 -1000 -1000 -10
239 9 pedestrian 0 0 -10 920.53 155.72 1084.25 212.16 -10 -10 -10 -100    0 -1000 -1000 -10
239 48 pedestrian 0 0 -10 556.72 164.92 598.94 183.72 -10 -10 -10 -100    0 -1000 -1000 -10
239 44 pedestrian 0 0 -10 705.98 160.15 727.35 182.20 -10 -10 -10 -100    0 -1000 -1000 -10
239 35 pedestrian 0 0 -10 991.28 142.10 1029.39 222.35 -10 -10 -10 -100    0 -1000 -1000 -10
239 39 pedestrian 0 0 -10 872.38 150.51 915.87 198.15 -10 -10 -10 -100    0 -1000 -1000 -10
239 2 pedestrian 0 0 -10 652.88 161.65 682.75 180.95 -10 -10 -10 -100    0 -1000 -1000 -10
239 12 pedestrian 0 0 -10 0.00 204.30 302.90 370.00 -10 -10 -10 -100    0 -1000 -1000 -10
240 9 pedestrian 0 0 -10 940.55 155.84 1103.71 211.85 -10 -10 -10 -100    0 -1000 -1000 -10
240 48 pedestrian 0 0 -10 556.63 164.68 598.90 183.56 -10 -10 -10 -100    0 -1000 -1000 -10
240 44 pedestrian 0 0 -10 706.17 159.69 727.32 182.32 -10 -10 -10 -100    0 -1000 -1000 -10
240 35 pedestrian 0 0 -10 991.84 141.72 1029.15 221.53 -10 -10 -10 -100    0 -1000 -1000 -10
240 39 pedestrian 0 0 -10 872.56 150.28 916.42 198.00 -10 -10 -10 -100    0 -1000 -1000 -10
240 2 pedestrian 0 0 -10 652.64 161.71 682.74 181.05 -10 -10 -10 -100    0 -1000 -1000 -10
240 12 pedestrian 0 0 -10 0.00 204.19 302.97 370.00 -10 -10 -10 -100    0 -1000 -1000 -10
241 9 pedestrian 0 0 -10 964.50 155.37 1127.19 212.02 -10 -10 -10 -100    0 -1000 -1000 -10
241 48 pedestrian 0 0 -10 556.21 164.86 598.97 183.47 -10 -10 -10 -100    0 -1000 -1000 -10
241 44 pedestrian 0 0 -10 706.28 159.62 727.34 182.24 -10 -10 -10 -100    0 -1000 -1000 -10
241 35 pedestrian 0 0 -10 993.42 141.00 1031.04 220.64 -10 -10 -10 -100    0 -1000 -1000 -10
241 39 pedestrian 0 0 -10 872.79 150.50 916.51 197.98 -10 -10 -10 -100    0 -1000 -1000 -10
241 2 pedestrian 0 0 -10 653.06 161.81 683.19 181.03 -10 -10 -10 -100    0 -1000 -1000 -10
241 12 pedestrian 0 0 -10 0.00 204.12 302.88 370.00 -10 -10 -10 -100    0 -1000 -1000 -10
242 9 pedestrian 0 0 -10 979.94 154.50 1144.83 211.92 -10 -10 -10 -100    0 -1000 -1000 -10
242 48 pedestrian 0 0 -10 556.30 165.17 598.99 183.80 -10 -10 -10 -100    0 -1000 -1000 -10
242 44 pedestrian 0 0 -10 706.07 159.58 727.10 182.06 -10 -10 -10 -100    0 -1000 -1000 -10
242 35 pedestrian 0 0 -10 990.99 141.29 1029.81 222.29 -10 -10 -10 -100    0 -1000 -1000 -10
242 39 pedestrian 0 0 -10 872.80 150.46 916.19 197.87 -10 -10 -10 -100    0 -1000 -1000 -10
242 2 pedestrian 0 0 -10 652.78 161.94 682.28 181.07 -10 -10 -10 -100    0 -1000 -1000 -10
242 12 pedestrian 0 0 -10 0.00 204.07 302.89 370.00 -10 -10 -10 -100    0 -1000 -1000 -10
243 9 pedestrian 0 0 -10 997.85 153.09 1166.16 210.07 -10 -10 -10 -100    0 -1000 -1000 -10
243 48 pedestrian 0 0 -10 555.56 165.16 599.20 183.90 -10 -10 -10 -100    0 -1000 -1000 -10
243 44 pedestrian 0 0 -10 706.35 160.03 726.84 181.79 -10 -10 -10 -100    0 -1000 -1000 -10
243 35 pedestrian 0 0 -10 990.95 141.88 1029.09 222.61 -10 -10 -10 -100    0 -1000 -1000 -10
243 39 pedestrian 0 0 -10 872.88 150.48 916.29 197.94 -10 -10 -10 -100    0 -1000 -1000 -10
243 2 pedestrian 0 0 -10 653.49 161.75 682.66 180.80 -10 -10 -10 -100    0 -1000 -1000 -10
243 12 pedestrian 0 0 -10 0.00 204.09 302.87 370.00 -10 -10 -10 -100    0 -1000 -1000 -10
244 9 pedestrian 0 0 -10 1017.98 152.04 1187.86 208.34 -10 -10 -10 -100    0 -1000 -1000 -10
244 48 pedestrian 0 0 -10 555.41 165.31 598.54 183.93 -10 -10 -10 -100    0 -1000 -1000 -10
244 44 pedestrian 0 0 -10 706.32 159.80 726.67 181.92 -10 -10 -10 -100    0 -1000 -1000 -10
244 35 pedestrian 0 0 -10 990.89 142.04 1029.07 222.58 -10 -10 -10 -100    0 -1000 -1000 -10
244 39 pedestrian 0 0 -10 872.95 150.44 916.46 197.95 -10 -10 -10 -100    0 -1000 -1000 -10
244 2 pedestrian 0 0 -10 653.30 161.64 682.97 180.73 -10 -10 -10 -100    0 -1000 -1000 -10
244 12 pedestrian 0 0 -10 0.00 204.16 302.95 370.00 -10 -10 -10 -100    0 -1000 -1000 -10
245 9 pedestrian 0 0 -10 1036.83 150.67 1205.65 207.10 -10 -10 -10 -100    0 -1000 -1000 -10
245 48 pedestrian 0 0 -10 554.36 164.96 598.94 184.06 -10 -10 -10 -100    0 -1000 -1000 -10
245 44 pedestrian 0 0 -10 706.51 159.96 726.52 182.06 -10 -10 -10 -100    0 -1000 -1000 -10
245 35 pedestrian 0 0 -10 991.02 142.05 1029.00 222.51 -10 -10 -10 -100    0 -1000 -1000 -10
245 39 pedestrian 0 0 -10 872.93 150.41 916.48 197.95 -10 -10 -10 -100    0 -1000 -1000 -10
245 2 pedestrian 0 0 -10 654.74 161.77 683.41 180.66 -10 -10 -10 -100    0 -1000 -1000 -10
245 12 pedestrian 0 0 -10 0.00 204.02 302.90 370.00 -10 -10 -10 -100    0 -1000 -1000 -10
246 9 pedestrian 0 0 -10 1057.92 149.29 1224.00 205.16 -10 -10 -10 -100    0 -1000 -1000 -10
246 48 pedestrian 0 0 -10 553.15 164.88 598.55 184.06 -10 -10 -10 -100    0 -1000 -1000 -10
246 44 pedestrian 0 0 -10 706.61 159.35 727.45 182.06 -10 -10 -10 -100    0 -1000 -1000 -10
246 35 pedestrian 0 0 -10 991.27 142.11 1029.46 222.42 -10 -10 -10 -100    0 -1000 -1000 -10
246 39 pedestrian 0 0 -10 872.80 150.52 916.29 197.95 -10 -10 -10 -100    0 -1000 -1000 -10
246 2 pedestrian 0 0 -10 656.69 161.45 684.42 180.18 -10 -10 -10 -100    0 -1000 -1000 -10
246 12 pedestrian 0 0 -10 0.00 204.07 302.85 370.00 -10 -10 -10 -100    0 -1000 -1000 -10
247 9 pedestrian 0 0 -10 1078.04 148.60 1224.00 203.09 -10 -10 -10 -100    0 -1000 -1000 -10
247 48 pedestrian 0 0 -10 551.95 164.90 599.18 184.20 -10 -10 -10 -100    0 -1000 -1000 -10
247 44 pedestrian 0 0 -10 706.56 159.35 727.33 182.13 -10 -10 -10 -100    0 -1000 -1000 -10
247 35 pedestrian 0 0 -10 991.31 142.25 1029.62 222.34 -10 -10 -10 -100    0 -1000 -1000 -10
247 39 pedestrian 0 0 -10 872.96 150.42 916.34 197.98 -10 -10 -10 -100    0 -1000 -1000 -10
247 2 pedestrian 0 0 -10 657.70 161.30 683.86 179.91 -10 -10 -10 -100    0 -1000 -1000 -10
247 12 pedestrian 0 0 -10 0.00 204.07 302.90 370.00 -10 -10 -10 -100    0 -1000 -1000 -10
248 9 pedestrian 0 0 -10 1097.07 147.76 1224.00 201.89 -10 -10 -10 -100    0 -1000 -1000 -10
248 48 pedestrian 0 0 -10 550.18 164.47 599.86 184.62 -10 -10 -10 -100    0 -1000 -1000 -10
248 44 pedestrian 0 0 -10 706.93 159.45 727.26 182.04 -10 -10 -10 -100    0 -1000 -1000 -10
248 35 pedestrian 0 0 -10 990.99 142.11 1029.42 222.32 -10 -10 -10 -100    0 -1000 -1000 -10
248 39 pedestrian 0 0 -10 872.99 150.41 916.51 197.91 -10 -10 -10 -100    0 -1000 -1000 -10
248 2 pedestrian 0 0 -10 662.19 160.31 684.62 178.25 -10 -10 -10 -100    0 -1000 -1000 -10
248 12 pedestrian 0 0 -10 0.00 204.04 302.80 370.00 -10 -10 -10 -100    0 -1000 -1000 -10
249 9 pedestrian 0 0 -10 1116.51 145.92 1223.70 200.62 -10 -10 -10 -100    0 -1000 -1000 -10
249 48 pedestrian 0 0 -10 548.57 164.39 600.85 184.91 -10 -10 -10 -100    0 -1000 -1000 -10
249 44 pedestrian 0 0 -10 706.10 159.10 727.44 182.04 -10 -10 -10 -100    0 -1000 -1000 -10
249 35 pedestrian 0 0 -10 991.01 141.93 1029.47 222.34 -10 -10 -10 -100    0 -1000 -1000 -10
249 39 pedestrian 0 0 -10 873.07 150.49 916.40 197.90 -10 -10 -10 -100    0 -1000 -1000 -10
249 2 pedestrian 0 0 -10 662.19 160.09 684.55 178.02 -10 -10 -10 -100    0 -1000 -1000 -10
249 12 pedestrian 0 0 -10 0.00 203.91 302.84 370.00 -10 -10 -10 -100    0 -1000 -1000 -10
250 9 pedestrian 0 0 -10 1138.69 144.80 1223.73 199.20 -10 -10 -10 -100    0 -1000 -1000 -10
250 48 pedestrian 0 0 -10 547.51 163.88 600.81 185.18 -10 -10 -10 -100    0 -1000 -1000 -10
250 44 pedestrian 0 0 -10 705.59 159.72 726.36 181.90 -10 -10 -10 -100    0 -1000 -1000 -10
250 35 pedestrian 0 0 -10 991.01 141.71 1029.47 222.34 -10 -10 -10 -100    0 -1000 -1000 -10
250 39 pedestrian 0 0 -10 872.94 150.27 916.37 197.72 -10 -10 -10 -100    0 -1000 -1000 -10
250 2 pedestrian 0 0 -10 662.62 160.45 682.87 177.68 -10 -10 -10 -100    0 -1000 -1000 -10
250 12 pedestrian 0 0 -10 0.00 203.98 302.72 370.00 -10 -10 -10 -100    0 -1000 -1000 -10
251 9 pedestrian 0 0 -10 1159.37 147.40 1223.76 199.09 -10 -10 -10 -100    0 -1000 -1000 -10
251 48 pedestrian 0 0 -10 547.11 163.75 601.26 185.42 -10 -10 -10 -100    0 -1000 -1000 -10
251 44 pedestrian 0 0 -10 705.76 159.59 726.54 181.92 -10 -10 -10 -100    0 -1000 -1000 -10
251 35 pedestrian 0 0 -10 990.98 141.85 1029.33 222.35 -10 -10 -10 -100    0 -1000 -1000 -10
251 39 pedestrian 0 0 -10 873.12 150.17 916.51 197.57 -10 -10 -10 -100    0 -1000 -1000 -10
251 2 pedestrian 0 0 -10 663.18 160.18 683.33 177.44 -10 -10 -10 -100    0 -1000 -1000 -10
251 12 pedestrian 0 0 -10 0.00 203.95 302.87 370.00 -10 -10 -10 -100    0 -1000 -1000 -10
252 9 pedestrian 0 0 -10 1177.04 146.26 1223.82 199.15 -10 -10 -10 -100    0 -1000 -1000 -10
252 48 pedestrian 0 0 -10 546.41 163.58 600.85 185.26 -10 -10 -10 -100    0 -1000 -1000 -10
252 44 pedestrian 0 0 -10 705.84 159.71 726.54 181.93 -10 -10 -10 -100    0 -1000 -1000 -10
252 35 pedestrian 0 0 -10 990.97 141.78 1029.48 222.47 -10 -10 -10 -100    0 -1000 -1000 -10
252 39 pedestrian 0 0 -10 872.93 150.22 916.49 197.55 -10 -10 -10 -100    0 -1000 -1000 -10
252 2 pedestrian 0 0 -10 663.15 160.04 683.33 177.22 -10 -10 -10 -100    0 -1000 -1000 -10
252 12 pedestrian 0 0 -10 0.00 203.89 302.79 370.00 -10 -10 -10 -100    0 -1000 -1000 -10
253 48 pedestrian 0 0 -10 544.49 163.45 600.94 185.48 -10 -10 -10 -100    0 -1000 -1000 -10
253 44 pedestrian 0 0 -10 705.74 159.64 726.35 181.91 -10 -10 -10 -100    0 -1000 -1000 -10
253 35 pedestrian 0 0 -10 991.10 141.67 1029.56 222.47 -10 -10 -10 -100    0 -1000 -1000 -10
253 39 pedestrian 0 0 -10 873.08 150.03 916.54 197.55 -10 -10 -10 -100    0 -1000 -1000 -10
253 2 pedestrian 0 0 -10 662.92 160.26 682.40 177.43 -10 -10 -10 -100    0 -1000 -1000 -10
253 12 pedestrian 0 0 -10 0.00 203.93 302.80 370.00 -10 -10 -10 -100    0 -1000 -1000 -10
254 48 pedestrian 0 0 -10 544.22 163.49 600.97 185.46 -10 -10 -10 -100    0 -1000 -1000 -10
254 44 pedestrian 0 0 -10 705.36 159.70 726.08 181.93 -10 -10 -10 -100    0 -1000 -1000 -10
254 35 pedestrian 0 0 -10 991.11 141.70 1029.56 222.48 -10 -10 -10 -100    0 -1000 -1000 -10
254 39 pedestrian 0 0 -10 872.98 150.10 916.68 197.48 -10 -10 -10 -100    0 -1000 -1000 -10
254 2 pedestrian 0 0 -10 662.96 160.21 682.65 177.48 -10 -10 -10 -100    0 -1000 -1000 -10
254 12 pedestrian 0 0 -10 0.00 203.96 302.87 370.00 -10 -10 -10 -100    0 -1000 -1000 -10
255 48 pedestrian 0 0 -10 541.94 163.41 601.11 186.08 -10 -10 -10 -100    0 -1000 -1000 -10
255 44 pedestrian 0 0 -10 705.45 159.44 726.65 182.27 -10 -10 -10 -100    0 -1000 -1000 -10
255 35 pedestrian 0 0 -10 991.27 141.68 1029.71 222.41 -10 -10 -10 -100    0 -1000 -1000 -10
255 39 pedestrian 0 0 -10 872.95 150.04 916.63 197.54 -10 -10 -10 -100    0 -1000 -1000 -10
255 2 pedestrian 0 0 -10 663.03 160.31 682.31 177.52 -10 -10 -10 -100    0 -1000 -1000 -10
255 12 pedestrian 0 0 -10 0.00 203.88 302.86 370.00 -10 -10 -10 -100    0 -1000 -1000 -10
256 48 pedestrian 0 0 -10 538.41 163.55 600.59 186.27 -10 -10 -10 -100    0 -1000 -1000 -10
256 44 pedestrian 0 0 -10 705.40 159.66 725.96 181.98 -10 -10 -10 -100    0 -1000 -1000 -10
256 35 pedestrian 0 0 -10 991.22 141.94 1029.65 222.51 -10 -10 -10 -100    0 -1000 -1000 -10
256 39 pedestrian 0 0 -10 873.11 150.02 916.72 197.65 -10 -10 -10 -100    0 -1000 -1000 -10
256 2 pedestrian 0 0 -10 662.95 160.44 682.39 177.63 -10 -10 -10 -100    0 -1000 -1000 -10
256 12 pedestrian 0 0 -10 0.00 203.98 302.85 370.00 -10 -10 -10 -100    0 -1000 -1000 -10
257 48 pedestrian 0 0 -10 531.12 163.21 599.72 187.30 -10 -10 -10 -100    0 -1000 -1000 -10
257 44 pedestrian 0 0 -10 705.74 159.59 726.92 182.31 -10 -10 -10 -100    0 -1000 -1000 -10
257 35 pedestrian 0 0 -10 991.22 141.74 1029.73 222.50 -10 -10 -10 -100    0 -1000 -1000 -10
257 39 pedestrian 0 0 -10 873.17 150.14 916.61 197.54 -10 -10 -10 -100    0 -1000 -1000 -10
257 12 pedestrian 0 0 -10 0.00 204.07 302.75 370.00 -10 -10 -10 -100    0 -1000 -1000 -10
258 48 pedestrian 0 0 -10 529.05 163.20 599.73 188.24 -10 -10 -10 -100    0 -1000 -1000 -10
258 44 pedestrian 0 0 -10 705.88 159.55 726.66 182.34 -10 -10 -10 -100    0 -1000 -1000 -10
258 35 pedestrian 0 0 -10 991.28 141.68 1029.63 222.48 -10 -10 -10 -100    0 -1000 -1000 -10
258 39 pedestrian 0 0 -10 873.26 149.92 916.76 197.47 -10 -10 -10 -100    0 -1000 -1000 -10
258 12 pedestrian 0 0 -10 0.00 203.90 302.81 370.00 -10 -10 -10 -100    0 -1000 -1000 -10
259 48 pedestrian 0 0 -10 529.13 163.16 599.54 187.74 -10 -10 -10 -100    0 -1000 -1000 -10
259 44 pedestrian 0 0 -10 705.78 159.65 726.71 182.51 -10 -10 -10 -100    0 -1000 -1000 -10
259 35 pedestrian 0 0 -10 991.20 141.87 1029.64 222.61 -10 -10 -10 -100    0 -1000 -1000 -10
259 39 pedestrian 0 0 -10 873.08 150.06 916.92 197.55 -10 -10 -10 -100    0 -1000 -1000 -10
259 12 pedestrian 0 0 -10 0.00 204.18 302.66 370.00 -10 -10 -10 -100    0 -1000 -1000 -10
260 48 pedestrian 0 0 -10 527.70 162.76 599.31 188.36 -10 -10 -10 -100    0 -1000 -1000 -10
260 44 pedestrian 0 0 -10 705.75 159.48 726.76 182.33 -10 -10 -10 -100    0 -1000 -1000 -10
260 35 pedestrian 0 0 -10 991.23 142.14 1029.61 222.51 -10 -10 -10 -100    0 -1000 -1000 -10
260 39 pedestrian 0 0 -10 873.12 150.03 916.65 197.58 -10 -10 -10 -100    0 -1000 -1000 -10
260 12 pedestrian 0 0 -10 0.00 203.85 302.87 370.00 -10 -10 -10 -100    0 -1000 -1000 -10
261 48 pedestrian 0 0 -10 528.38 162.62 599.35 187.64 -10 -10 -10 -100    0 -1000 -1000 -10
261 44 pedestrian 0 0 -10 705.62 159.63 726.71 182.52 -10 -10 -10 -100    0 -1000 -1000 -10
261 35 pedestrian 0 0 -10 991.07 142.29 1029.57 222.71 -10 -10 -10 -100    0 -1000 -1000 -10
261 39 pedestrian 0 0 -10 873.24 150.09 916.84 197.60 -10 -10 -10 -100    0 -1000 -1000 -10
261 12 pedestrian 0 0 -10 0.00 203.96 302.85 370.00 -10 -10 -10 -100    0 -1000 -1000 -10
262 48 pedestrian 0 0 -10 527.16 162.62 599.50 187.93 -10 -10 -10 -100    0 -1000 -1000 -10
262 44 pedestrian 0 0 -10 705.13 159.58 726.46 182.32 -10 -10 -10 -100    0 -1000 -1000 -10
262 35 pedestrian 0 0 -10 991.22 142.28 1029.54 222.63 -10 -10 -10 -100    0 -1000 -1000 -10
262 39 pedestrian 0 0 -10 873.14 149.99 916.80 197.57 -10 -10 -10 -100    0 -1000 -1000 -10
262 12 pedestrian 0 0 -10 0.00 203.93 302.70 370.00 -10 -10 -10 -100    0 -1000 -1000 -10
263 48 pedestrian 0 0 -10 526.48 162.39 599.30 187.78 -10 -10 -10 -100    0 -1000 -1000 -10
263 44 pedestrian 0 0 -10 705.60 159.64 726.54 182.30 -10 -10 -10 -100    0 -1000 -1000 -10
263 35 pedestrian 0 0 -10 991.15 141.97 1029.57 222.56 -10 -10 -10 -100    0 -1000 -1000 -10
263 39 pedestrian 0 0 -10 873.15 150.01 916.72 197.54 -10 -10 -10 -100    0 -1000 -1000 -10
263 12 pedestrian 0 0 -10 0.00 203.97 302.75 370.00 -10 -10 -10 -100    0 -1000 -1000 -10
264 48 pedestrian 0 0 -10 523.47 162.38 599.47 188.57 -10 -10 -10 -100    0 -1000 -1000 -10
264 44 pedestrian 0 0 -10 705.60 159.58 726.29 181.98 -10 -10 -10 -100    0 -1000 -1000 -10
264 35 pedestrian 0 0 -10 991.20 142.00 1029.64 222.55 -10 -10 -10 -100    0 -1000 -1000 -10
264 39 pedestrian 0 0 -10 873.13 150.09 916.65 197.56 -10 -10 -10 -100    0 -1000 -1000 -10
264 12 pedestrian 0 0 -10 0.00 203.99 302.78 370.00 -10 -10 -10 -100    0 -1000 -1000 -10
265 48 pedestrian 0 0 -10 521.34 162.21 599.35 189.16 -10 -10 -10 -100    0 -1000 -1000 -10
265 44 pedestrian 0 0 -10 705.07 159.39 726.15 182.29 -10 -10 -10 -100    0 -1000 -1000 -10
265 35 pedestrian 0 0 -10 991.07 141.82 1029.59 222.56 -10 -10 -10 -100    0 -1000 -1000 -10
265 39 pedestrian 0 0 -10 873.20 150.12 916.78 197.55 -10 -10 -10 -100    0 -1000 -1000 -10
265 12 pedestrian 0 0 -10 0.00 203.87 302.71 370.00 -10 -10 -10 -100    0 -1000 -1000 -10
266 48 pedestrian 0 0 -10 517.75 161.99 598.79 189.99 -10 -10 -10 -100    0 -1000 -1000 -10
266 44 pedestrian 0 0 -10 705.19 159.40 726.32 182.37 -10 -10 -10 -100    0 -1000 -1000 -10
266 35 pedestrian 0 0 -10 991.19 142.00 1029.61 222.73 -10 -10 -10 -100    0 -1000 -1000 -10
266 39 pedestrian 0 0 -10 873.25 150.07 916.86 197.55 -10 -10 -10 -100    0 -1000 -1000 -10
266 12 pedestrian 0 0 -10 0.00 204.11 302.84 370.00 -10 -10 -10 -100    0 -1000 -1000 -10
267 48 pedestrian 0 0 -10 518.52 162.38 598.46 189.64 -10 -10 -10 -100    0 -1000 -1000 -10
267 44 pedestrian 0 0 -10 705.14 159.50 726.18 182.39 -10 -10 -10 -100    0 -1000 -1000 -10
267 35 pedestrian 0 0 -10 991.15 142.05 1029.51 222.67 -10 -10 -10 -100    0 -1000 -1000 -10
267 39 pedestrian 0 0 -10 873.13 150.03 916.76 197.53 -10 -10 -10 -100    0 -1000 -1000 -10
267 2 pedestrian 0 0 -10 667.39 160.61 686.39 177.57 -10 -10 -10 -100    0 -1000 -1000 -10
267 12 pedestrian 0 0 -10 0.00 204.15 302.74 370.00 -10 -10 -10 -100    0 -1000 -1000 -10
268 48 pedestrian 0 0 -10 519.00 162.22 597.73 189.93 -10 -10 -10 -100    0 -1000 -1000 -10
268 44 pedestrian 0 0 -10 705.75 159.46 726.68 182.34 -10 -10 -10 -100    0 -1000 -1000 -10
268 35 pedestrian 0 0 -10 991.17 142.08 1029.45 222.56 -10 -10 -10 -100    0 -1000 -1000 -10
268 39 pedestrian 0 0 -10 873.15 149.98 916.69 197.34 -10 -10 -10 -100    0 -1000 -1000 -10
268 2 pedestrian 0 0 -10 667.85 160.58 686.90 177.42 -10 -10 -10 -100    0 -1000 -1000 -10
268 12 pedestrian 0 0 -10 0.00 204.11 302.79 370.00 -10 -10 -10 -100    0 -1000 -1000 -10
269 48 pedestrian 0 0 -10 506.95 161.88 597.95 191.33 -10 -10 -10 -100    0 -1000 -1000 -10
269 44 pedestrian 0 0 -10 705.55 159.42 726.59 182.36 -10 -10 -10 -100    0 -1000 -1000 -10
269 35 pedestrian 0 0 -10 991.24 142.04 1029.54 222.67 -10 -10 -10 -100    0 -1000 -1000 -10
269 39 pedestrian 0 0 -10 873.36 149.95 916.77 197.27 -10 -10 -10 -100    0 -1000 -1000 -10
269 12 pedestrian 0 0 -10 0.00 204.03 302.88 370.00 -10 -10 -10 -100    0 -1000 -1000 -10
270 44 pedestrian 0 0 -10 705.58 159.41 726.64 182.27 -10 -10 -10 -100    0 -1000 -1000 -10
270 35 pedestrian 0 0 -10 991.22 141.73 1029.63 222.64 -10 -10 -10 -100    0 -1000 -1000 -10
270 39 pedestrian 0 0 -10 873.22 149.96 916.69 197.27 -10 -10 -10 -100    0 -1000 -1000 -10
270 12 pedestrian 0 0 -10 0.00 204.19 302.84 370.00 -10 -10 -10 -100    0 -1000 -1000 -10
271 44 pedestrian 0 0 -10 705.86 159.67 726.46 181.96 -10 -10 -10 -100    0 -1000 -1000 -10
271 35 pedestrian 0 0 -10 991.29 142.14 1029.63 222.70 -10 -10 -10 -100    0 -1000 -1000 -10
271 39 pedestrian 0 0 -10 873.19 149.98 916.91 197.34 -10 -10 -10 -100    0 -1000 -1000 -10
271 12 pedestrian 0 0 -10 0.00 204.05 302.90 370.00 -10 -10 -10 -100    0 -1000 -1000 -10
272 49 pedestrian 0 0 -10 496.76 162.42 548.62 191.63 -10 -10 -10 -100    0 -1000 -1000 -10
272 44 pedestrian 0 0 -10 705.96 159.92 726.79 182.00 -10 -10 -10 -100    0 -1000 -1000 -10
272 35 pedestrian 0 0 -10 991.24 142.15 1029.58 222.69 -10 -10 -10 -100    0 -1000 -1000 -10
272 39 pedestrian 0 0 -10 873.23 149.90 916.80 197.34 -10 -10 -10 -100    0 -1000 -1000 -10
272 12 pedestrian 0 0 -10 0.00 204.19 302.81 370.00 -10 -10 -10 -100    0 -1000 -1000 -10
273 50 pedestrian 0 0 -10 562.15 162.91 596.85 186.38 -10 -10 -10 -100    0 -1000 -1000 -10
273 49 pedestrian 0 0 -10 489.20 160.98 546.95 193.05 -10 -10 -10 -100    0 -1000 -1000 -10
273 44 pedestrian 0 0 -10 706.14 160.13 726.90 182.10 -10 -10 -10 -100    0 -1000 -1000 -10
273 35 pedestrian 0 0 -10 991.28 141.85 1029.70 222.73 -10 -10 -10 -100    0 -1000 -1000 -10
273 39 pedestrian 0 0 -10 873.16 149.83 916.66 197.29 -10 -10 -10 -100    0 -1000 -1000 -10
273 12 pedestrian 0 0 -10 0.00 204.20 302.88 370.00 -10 -10 -10 -100    0 -1000 -1000 -10
274 50 pedestrian 0 0 -10 559.57 162.44 596.18 186.32 -10 -10 -10 -100    0 -1000 -1000 -10
274 49 pedestrian 0 0 -10 485.94 161.18 543.46 193.95 -10 -10 -10 -100    0 -1000 -1000 -10
274 44 pedestrian 0 0 -10 705.83 160.19 726.78 182.15 -10 -10 -10 -100    0 -1000 -1000 -10
274 35 pedestrian 0 0 -10 991.34 141.96 1029.64 222.61 -10 -10 -10 -100    0 -1000 -1000 -10
274 39 pedestrian 0 0 -10 873.18 149.84 916.76 197.25 -10 -10 -10 -100    0 -1000 -1000 -10
274 12 pedestrian 0 0 -10 0.00 204.15 302.86 370.00 -10 -10 -10 -100    0 -1000 -1000 -10
275 50 pedestrian 0 0 -10 558.60 162.52 597.16 186.77 -10 -10 -10 -100    0 -1000 -1000 -10
275 49 pedestrian 0 0 -10 482.07 160.62 540.74 195.32 -10 -10 -10 -100    0 -1000 -1000 -10
275 44 pedestrian 0 0 -10 705.38 159.92 726.50 182.10 -10 -10 -10 -100    0 -1000 -1000 -10
275 35 pedestrian 0 0 -10 991.26 141.85 1029.65 222.71 -10 -10 -10 -100    0 -1000 -1000 -10
275 39 pedestrian 0 0 -10 873.11 149.84 916.71 197.20 -10 -10 -10 -100    0 -1000 -1000 -10
275 12 pedestrian 0 0 -10 0.00 203.95 302.78 370.00 -10 -10 -10 -100    0 -1000 -1000 -10
276 50 pedestrian 0 0 -10 557.55 162.40 595.34 187.28 -10 -10 -10 -100    0 -1000 -1000 -10
276 49 pedestrian 0 0 -10 479.12 159.56 539.96 196.52 -10 -10 -10 -100    0 -1000 -1000 -10
276 44 pedestrian 0 0 -10 705.18 160.14 726.19 182.02 -10 -10 -10 -100    0 -1000 -1000 -10
276 35 pedestrian 0 0 -10 991.31 141.95 1029.62 222.68 -10 -10 -10 -100    0 -1000 -1000 -10
276 39 pedestrian 0 0 -10 873.28 149.65 916.82 197.12 -10 -10 -10 -100    0 -1000 -1000 -10
276 12 pedestrian 0 0 -10 0.00 204.01 302.90 370.00 -10 -10 -10 -100    0 -1000 -1000 -10
277 50 pedestrian 0 0 -10 556.65 162.03 593.77 187.33 -10 -10 -10 -100    0 -1000 -1000 -10
277 49 pedestrian 0 0 -10 476.39 158.68 537.35 196.19 -10 -10 -10 -100    0 -1000 -1000 -10
277 44 pedestrian 0 0 -10 704.99 160.47 725.66 181.89 -10 -10 -10 -100    0 -1000 -1000 -10
277 35 pedestrian 0 0 -10 991.23 141.74 1029.61 222.67 -10 -10 -10 -100    0 -1000 -1000 -10
277 39 pedestrian 0 0 -10 873.16 149.64 916.72 197.01 -10 -10 -10 -100    0 -1000 -1000 -10
277 12 pedestrian 0 0 -10 0.00 204.13 302.83 370.00 -10 -10 -10 -100    0 -1000 -1000 -10
278 50 pedestrian 0 0 -10 555.58 161.78 589.46 186.65 -10 -10 -10 -100    0 -1000 -1000 -10
278 49 pedestrian 0 0 -10 475.32 158.32 536.44 195.20 -10 -10 -10 -100    0 -1000 -1000 -10
278 35 pedestrian 0 0 -10 991.27 141.86 1029.62 222.58 -10 -10 -10 -100    0 -1000 -1000 -10
278 39 pedestrian 0 0 -10 873.36 149.49 916.95 196.88 -10 -10 -10 -100    0 -1000 -1000 -10
278 12 pedestrian 0 0 -10 0.00 204.07 303.04 370.00 -10 -10 -10 -100    0 -1000 -1000 -10
279 50 pedestrian 0 0 -10 554.00 161.94 585.43 185.32 -10 -10 -10 -100    0 -1000 -1000 -10
279 49 pedestrian 0 0 -10 494.49 161.67 533.96 190.58 -10 -10 -10 -100    0 -1000 -1000 -10
279 35 pedestrian 0 0 -10 991.29 142.17 1029.63 222.62 -10 -10 -10 -100    0 -1000 -1000 -10
279 39 pedestrian 0 0 -10 873.48 149.22 917.11 196.57 -10 -10 -10 -100    0 -1000 -1000 -10
279 12 pedestrian 0 0 -10 0.00 204.08 302.97 370.00 -10 -10 -10 -100    0 -1000 -1000 -10
280 50 pedestrian 0 0 -10 553.46 162.45 584.17 185.17 -10 -10 -10 -100    0 -1000 -1000 -10
280 49 pedestrian 0 0 -10 491.80 162.03 530.42 190.44 -10 -10 -10 -100    0 -1000 -1000 -10
280 35 pedestrian 0 0 -10 991.23 141.96 1029.56 222.72 -10 -10 -10 -100    0 -1000 -1000 -10
280 39 pedestrian 0 0 -10 873.39 149.16 916.89 196.52 -10 -10 -10 -100    0 -1000 -1000 -10
280 12 pedestrian 0 0 -10 0.00 204.04 302.94 370.00 -10 -10 -10 -100    0 -1000 -1000 -10
281 51 pedestrian 0 0 -10 467.00 171.35 495.07 193.70 -10 -10 -10 -100    0 -1000 -1000 -10
281 50 pedestrian 0 0 -10 551.49 163.03 582.83 185.58 -10 -10 -10 -100    0 -1000 -1000 -10
281 49 pedestrian 0 0 -10 489.18 162.98 529.14 190.54 -10 -10 -10 -100    0 -1000 -1000 -10
281 35 pedestrian 0 0 -10 991.16 141.89 1029.61 222.77 -10 -10 -10 -100    0 -1000 -1000 -10
281 39 pedestrian 0 0 -10 873.44 149.11 917.05 196.50 -10 -10 -10 -100    0 -1000 -1000 -10
281 12 pedestrian 0 0 -10 0.00 204.02 302.92 370.00 -10 -10 -10 -100    0 -1000 -1000 -10
282 51 pedestrian 0 0 -10 463.36 171.33 492.18 194.80 -10 -10 -10 -100    0 -1000 -1000 -10
282 50 pedestrian 0 0 -10 549.84 162.88 581.13 185.25 -10 -10 -10 -100    0 -1000 -1000 -10
282 49 pedestrian 0 0 -10 487.79 162.95 527.50 190.34 -10 -10 -10 -100    0 -1000 -1000 -10
282 35 pedestrian 0 0 -10 991.29 141.94 1029.61 222.66 -10 -10 -10 -100    0 -1000 -1000 -10
282 39 pedestrian 0 0 -10 873.26 149.13 916.89 196.58 -10 -10 -10 -100    0 -1000 -1000 -10
282 12 pedestrian 0 0 -10 0.00 204.10 302.94 370.00 -10 -10 -10 -100    0 -1000 -1000 -10
283 50 pedestrian 0 0 -10 547.94 163.29 581.29 186.01 -10 -10 -10 -100    0 -1000 -1000 -10
283 49 pedestrian 0 0 -10 488.53 163.12 529.12 190.44 -10 -10 -10 -100    0 -1000 -1000 -10
283 35 pedestrian 0 0 -10 991.22 141.93 1029.61 222.69 -10 -10 -10 -100    0 -1000 -1000 -10
283 51 pedestrian 0 0 -10 460.23 171.08 489.55 195.38 -10 -10 -10 -100    0 -1000 -1000 -10
283 39 pedestrian 0 0 -10 873.40 149.21 916.84 196.50 -10 -10 -10 -100    0 -1000 -1000 -10
283 12 pedestrian 0 0 -10 0.00 204.10 302.87 370.00 -10 -10 -10 -100    0 -1000 -1000 -10
284 49 pedestrian 0 0 -10 490.42 163.00 526.98 188.60 -10 -10 -10 -100    0 -1000 -1000 -10
284 35 pedestrian 0 0 -10 991.07 142.04 1029.54 222.75 -10 -10 -10 -100    0 -1000 -1000 -10
284 51 pedestrian 0 0 -10 457.36 171.00 487.37 195.81 -10 -10 -10 -100    0 -1000 -1000 -10
284 50 pedestrian 0 0 -10 546.91 163.64 579.21 185.54 -10 -10 -10 -100    0 -1000 -1000 -10
284 39 pedestrian 0 0 -10 873.44 149.21 916.89 196.42 -10 -10 -10 -100    0 -1000 -1000 -10
284 12 pedestrian 0 0 -10 0.00 204.02 302.93 370.00 -10 -10 -10 -100    0 -1000 -1000 -10
285 49 pedestrian 0 0 -10 489.69 162.85 525.66 188.71 -10 -10 -10 -100    0 -1000 -1000 -10
285 35 pedestrian 0 0 -10 991.07 141.97 1029.53 222.72 -10 -10 -10 -100    0 -1000 -1000 -10
285 51 pedestrian 0 0 -10 454.76 170.35 485.37 195.91 -10 -10 -10 -100    0 -1000 -1000 -10
285 50 pedestrian 0 0 -10 544.44 164.30 577.43 186.37 -10 -10 -10 -100    0 -1000 -1000 -10
285 39 pedestrian 0 0 -10 873.58 149.15 917.05 196.32 -10 -10 -10 -100    0 -1000 -1000 -10
285 12 pedestrian 0 0 -10 0.00 203.89 302.85 370.00 -10 -10 -10 -100    0 -1000 -1000 -10
286 35 pedestrian 0 0 -10 991.05 141.89 1029.40 222.64 -10 -10 -10 -100    0 -1000 -1000 -10
286 51 pedestrian 0 0 -10 452.98 171.08 482.74 196.73 -10 -10 -10 -100    0 -1000 -1000 -10
286 50 pedestrian 0 0 -10 540.62 163.86 570.74 186.99 -10 -10 -10 -100    0 -1000 -1000 -10
286 39 pedestrian 0 0 -10 873.43 149.02 916.99 196.40 -10 -10 -10 -100    0 -1000 -1000 -10
286 12 pedestrian 0 0 -10 0.00 204.11 302.85 370.00 -10 -10 -10 -100    0 -1000 -1000 -10
287 35 pedestrian 0 0 -10 991.15 142.12 1029.45 222.69 -10 -10 -10 -100    0 -1000 -1000 -10
287 51 pedestrian 0 0 -10 450.24 171.47 480.47 197.52 -10 -10 -10 -100    0 -1000 -1000 -10
287 50 pedestrian 0 0 -10 534.41 164.28 566.02 187.54 -10 -10 -10 -100    0 -1000 -1000 -10
287 39 pedestrian 0 0 -10 873.48 149.14 917.06 196.39 -10 -10 -10 -100    0 -1000 -1000 -10
287 12 pedestrian 0 0 -10 0.00 204.08 302.81 370.00 -10 -10 -10 -100    0 -1000 -1000 -10
288 35 pedestrian 0 0 -10 991.07 142.27 1029.47 222.72 -10 -10 -10 -100    0 -1000 -1000 -10
288 51 pedestrian 0 0 -10 448.68 171.88 478.63 198.06 -10 -10 -10 -100    0 -1000 -1000 -10
288 50 pedestrian 0 0 -10 530.07 164.72 560.22 187.93 -10 -10 -10 -100    0 -1000 -1000 -10
288 39 pedestrian 0 0 -10 873.60 149.07 917.08 196.44 -10 -10 -10 -100    0 -1000 -1000 -10
288 12 pedestrian 0 0 -10 0.00 204.05 302.81 370.00 -10 -10 -10 -100    0 -1000 -1000 -10
289 35 pedestrian 0 0 -10 991.08 142.14 1029.38 222.74 -10 -10 -10 -100    0 -1000 -1000 -10
289 51 pedestrian 0 0 -10 445.14 172.38 476.27 198.88 -10 -10 -10 -100    0 -1000 -1000 -10
289 50 pedestrian 0 0 -10 527.66 164.87 557.57 187.74 -10 -10 -10 -100    0 -1000 -1000 -10
289 39 pedestrian 0 0 -10 873.27 149.06 916.87 196.48 -10 -10 -10 -100    0 -1000 -1000 -10
289 12 pedestrian 0 0 -10 0.00 204.22 302.88 370.00 -10 -10 -10 -100    0 -1000 -1000 -10
290 35 pedestrian 0 0 -10 991.06 142.16 1029.40 222.76 -10 -10 -10 -100    0 -1000 -1000 -10
290 51 pedestrian 0 0 -10 442.61 171.80 474.26 199.63 -10 -10 -10 -100    0 -1000 -1000 -10
290 50 pedestrian 0 0 -10 524.07 164.53 554.34 189.28 -10 -10 -10 -100    0 -1000 -1000 -10
290 39 pedestrian 0 0 -10 873.49 149.03 916.97 196.46 -10 -10 -10 -100    0 -1000 -1000 -10
290 12 pedestrian 0 0 -10 0.00 204.14 302.92 370.00 -10 -10 -10 -100    0 -1000 -1000 -10
291 35 pedestrian 0 0 -10 991.21 141.95 1029.58 222.75 -10 -10 -10 -100    0 -1000 -1000 -10
291 51 pedestrian 0 0 -10 440.72 171.95 473.13 200.73 -10 -10 -10 -100    0 -1000 -1000 -10
291 50 pedestrian 0 0 -10 521.63 164.26 552.75 188.26 -10 -10 -10 -100    0 -1000 -1000 -10
291 39 pedestrian 0 0 -10 873.37 148.97 916.98 196.46 -10 -10 -10 -100    0 -1000 -1000 -10
291 12 pedestrian 0 0 -10 0.00 204.00 302.91 370.00 -10 -10 -10 -100    0 -1000 -1000 -10
292 35 pedestrian 0 0 -10 991.15 142.00 1029.55 222.90 -10 -10 -10 -100    0 -1000 -1000 -10
292 51 pedestrian 0 0 -10 438.48 172.24 470.68 201.39 -10 -10 -10 -100    0 -1000 -1000 -10
292 50 pedestrian 0 0 -10 517.68 164.17 550.02 187.81 -10 -10 -10 -100    0 -1000 -1000 -10
292 39 pedestrian 0 0 -10 873.21 149.16 916.87 196.63 -10 -10 -10 -100    0 -1000 -1000 -10
292 12 pedestrian 0 0 -10 0.00 204.03 303.02 370.00 -10 -10 -10 -100    0 -1000 -1000 -10
293 35 pedestrian 0 0 -10 991.14 141.97 1029.58 222.84 -10 -10 -10 -100    0 -1000 -1000 -10
293 51 pedestrian 0 0 -10 436.27 172.23 469.34 202.40 -10 -10 -10 -100    0 -1000 -1000 -10
293 50 pedestrian 0 0 -10 513.75 164.24 546.87 187.57 -10 -10 -10 -100    0 -1000 -1000 -10
293 39 pedestrian 0 0 -10 873.36 149.20 916.97 196.50 -10 -10 -10 -100    0 -1000 -1000 -10
293 12 pedestrian 0 0 -10 0.00 203.92 302.99 370.00 -10 -10 -10 -100    0 -1000 -1000 -10
294 35 pedestrian 0 0 -10 991.19 142.07 1029.60 222.91 -10 -10 -10 -100    0 -1000 -1000 -10
294 51 pedestrian 0 0 -10 434.56 172.94 467.81 203.36 -10 -10 -10 -100    0 -1000 -1000 -10
294 50 pedestrian 0 0 -10 510.84 164.28 542.73 187.28 -10 -10 -10 -100    0 -1000 -1000 -10
294 39 pedestrian 0 0 -10 873.33 149.24 916.86 196.58 -10 -10 -10 -100    0 -1000 -1000 -10
294 12 pedestrian 0 0 -10 0.00 204.03 302.95 370.00 -10 -10 -10 -100    0 -1000 -1000 -10
295 35 pedestrian 0 0 -10 991.22 141.96 1029.58 222.79 -10 -10 -10 -100    0 -1000 -1000 -10
295 51 pedestrian 0 0 -10 431.94 172.88 466.90 204.21 -10 -10 -10 -100    0 -1000 -1000 -10
295 50 pedestrian 0 0 -10 503.42 164.93 539.28 189.38 -10 -10 -10 -100    0 -1000 -1000 -10
295 39 pedestrian 0 0 -10 873.34 149.16 916.82 196.49 -10 -10 -10 -100    0 -1000 -1000 -10
295 12 pedestrian 0 0 -10 0.00 204.06 302.84 370.00 -10 -10 -10 -100    0 -1000 -1000 -10
296 35 pedestrian 0 0 -10 991.21 142.19 1029.52 222.80 -10 -10 -10 -100    0 -1000 -1000 -10
296 51 pedestrian 0 0 -10 430.59 172.52 466.07 205.44 -10 -10 -10 -100    0 -1000 -1000 -10
296 50 pedestrian 0 0 -10 501.72 164.41 537.45 189.12 -10 -10 -10 -100    0 -1000 -1000 -10
296 39 pedestrian 0 0 -10 873.27 149.17 916.77 196.44 -10 -10 -10 -100    0 -1000 -1000 -10
296 12 pedestrian 0 0 -10 0.00 204.04 302.80 370.00 -10 -10 -10 -100    0 -1000 -1000 -10
297 35 pedestrian 0 0 -10 991.31 142.26 1029.73 222.89 -10 -10 -10 -100    0 -1000 -1000 -10
297 51 pedestrian 0 0 -10 429.00 172.35 465.06 206.11 -10 -10 -10 -100    0 -1000 -1000 -10
297 50 pedestrian 0 0 -10 498.22 164.40 534.55 188.95 -10 -10 -10 -100    0 -1000 -1000 -10
297 39 pedestrian 0 0 -10 873.11 149.29 916.62 196.65 -10 -10 -10 -100    0 -1000 -1000 -10
297 12 pedestrian 0 0 -10 0.00 203.96 302.89 370.00 -10 -10 -10 -100    0 -1000 -1000 -10
298 35 pedestrian 0 0 -10 991.31 142.29 1029.76 222.84 -10 -10 -10 -100    0 -1000 -1000 -10
298 51 pedestrian 0 0 -10 427.95 172.27 464.88 207.65 -10 -10 -10 -100    0 -1000 -1000 -10
298 50 pedestrian 0 0 -10 496.36 164.71 531.27 189.78 -10 -10 -10 -100    0 -1000 -1000 -10
298 39 pedestrian 0 0 -10 873.35 149.31 916.85 196.56 -10 -10 -10 -100    0 -1000 -1000 -10
298 12 pedestrian 0 0 -10 0.00 204.01 302.88 370.00 -10 -10 -10 -100    0 -1000 -1000 -10
299 53 pedestrian 0 0 -10 399.37 172.61 433.09 195.62 -10 -10 -10 -100    0 -1000 -1000 -10
299 35 pedestrian 0 0 -10 991.30 142.23 1029.73 222.81 -10 -10 -10 -100    0 -1000 -1000 -10
299 51 pedestrian 0 0 -10 427.23 172.05 465.67 208.74 -10 -10 -10 -100    0 -1000 -1000 -10
299 50 pedestrian 0 0 -10 490.84 164.50 528.25 190.89 -10 -10 -10 -100    0 -1000 -1000 -10
299 39 pedestrian 0 0 -10 873.20 149.19 916.68 196.52 -10 -10 -10 -100    0 -1000 -1000 -10
299 12 pedestrian 0 0 -10 0.00 203.96 302.84 370.00 -10 -10 -10 -100    0 -1000 -1000 -10
300 53 pedestrian 0 0 -10 397.61 172.37 432.53 195.64 -10 -10 -10 -100    0 -1000 -1000 -10
300 35 pedestrian 0 0 -10 991.37 142.10 1029.81 222.88 -10 -10 -10 -100    0 -1000 -1000 -10
300 51 pedestrian 0 0 -10 427.40 171.91 467.59 209.43 -10 -10 -10 -100    0 -1000 -1000 -10
300 50 pedestrian 0 0 -10 485.81 164.21 524.42 192.27 -10 -10 -10 -100    0 -1000 -1000 -10
300 39 pedestrian 0 0 -10 873.08 149.16 916.73 196.57 -10 -10 -10 -100    0 -1000 -1000 -10
300 12 pedestrian 0 0 -10 0.00 203.87 302.88 370.00 -10 -10 -10 -100    0 -1000 -1000 -10
301 53 pedestrian 0 0 -10 394.97 172.28 430.69 195.75 -10 -10 -10 -100    0 -1000 -1000 -10
301 35 pedestrian 0 0 -10 991.48 142.02 1029.88 222.83 -10 -10 -10 -100    0 -1000 -1000 -10
301 51 pedestrian 0 0 -10 427.98 171.98 470.56 210.33 -10 -10 -10 -100    0 -1000 -1000 -10
301 50 pedestrian 0 0 -10 482.77 164.79 518.09 192.81 -10 -10 -10 -100    0 -1000 -1000 -10
301 39 pedestrian 0 0 -10 873.21 149.19 916.77 196.59 -10 -10 -10 -100    0 -1000 -1000 -10
301 12 pedestrian 0 0 -10 0.00 203.93 302.82 370.00 -10 -10 -10 -100    0 -1000 -1000 -10
302 53 pedestrian 0 0 -10 390.18 172.04 426.72 196.02 -10 -10 -10 -100    0 -1000 -1000 -10
302 35 pedestrian 0 0 -10 991.35 142.08 1029.80 222.93 -10 -10 -10 -100    0 -1000 -1000 -10
302 51 pedestrian 0 0 -10 427.43 171.18 475.66 211.37 -10 -10 -10 -100    0 -1000 -1000 -10
302 50 pedestrian 0 0 -10 479.21 165.28 512.21 193.66 -10 -10 -10 -100    0 -1000 -1000 -10
302 39 pedestrian 0 0 -10 873.07 149.40 916.41 196.73 -10 -10 -10 -100    0 -1000 -1000 -10
302 12 pedestrian 0 0 -10 0.00 204.02 302.71 370.00 -10 -10 -10 -100    0 -1000 -1000 -10
303 53 pedestrian 0 0 -10 387.35 172.19 423.78 196.29 -10 -10 -10 -100    0 -1000 -1000 -10
303 35 pedestrian 0 0 -10 991.33 141.94 1029.80 222.82 -10 -10 -10 -100    0 -1000 -1000 -10
303 51 pedestrian 0 0 -10 427.93 170.72 482.82 212.27 -10 -10 -10 -100    0 -1000 -1000 -10
303 50 pedestrian 0 0 -10 475.36 165.00 509.11 192.81 -10 -10 -10 -100    0 -1000 -1000 -10
303 39 pedestrian 0 0 -10 873.05 149.35 916.52 196.77 -10 -10 -10 -100    0 -1000 -1000 -10
303 12 pedestrian 0 0 -10 0.00 203.91 302.87 370.00 -10 -10 -10 -100    0 -1000 -1000 -10
304 53 pedestrian 0 0 -10 382.79 172.20 420.61 197.07 -10 -10 -10 -100    0 -1000 -1000 -10
304 35 pedestrian 0 0 -10 991.19 142.18 1029.74 222.92 -10 -10 -10 -100    0 -1000 -1000 -10
304 51 pedestrian 0 0 -10 430.11 170.07 490.82 212.77 -10 -10 -10 -100    0 -1000 -1000 -10
304 50 pedestrian 0 0 -10 475.36 166.28 507.71 193.06 -10 -10 -10 -100    0 -1000 -1000 -10
304 39 pedestrian 0 0 -10 872.80 149.37 916.43 196.85 -10 -10 -10 -100    0 -1000 -1000 -10
304 12 pedestrian 0 0 -10 0.00 204.05 303.06 370.00 -10 -10 -10 -100    0 -1000 -1000 -10
305 53 pedestrian 0 0 -10 378.98 172.31 418.19 197.79 -10 -10 -10 -100    0 -1000 -1000 -10
305 35 pedestrian 0 0 -10 991.24 142.27 1029.65 222.86 -10 -10 -10 -100    0 -1000 -1000 -10
305 51 pedestrian 0 0 -10 433.95 170.20 502.07 213.74 -10 -10 -10 -100    0 -1000 -1000 -10
305 50 pedestrian 0 0 -10 475.04 165.64 506.59 192.21 -10 -10 -10 -100    0 -1000 -1000 -10
305 39 pedestrian 0 0 -10 872.91 149.32 916.54 196.78 -10 -10 -10 -100    0 -1000 -1000 -10
305 12 pedestrian 0 0 -10 0.00 204.09 303.17 370.00 -10 -10 -10 -100    0 -1000 -1000 -10
306 53 pedestrian 0 0 -10 375.76 172.30 415.16 198.28 -10 -10 -10 -100    0 -1000 -1000 -10
306 35 pedestrian 0 0 -10 991.29 142.34 1029.75 222.94 -10 -10 -10 -100    0 -1000 -1000 -10
306 51 pedestrian 0 0 -10 438.65 169.17 513.85 213.65 -10 -10 -10 -100    0 -1000 -1000 -10
306 39 pedestrian 0 0 -10 872.97 149.45 916.52 196.74 -10 -10 -10 -100    0 -1000 -1000 -10
306 12 pedestrian 0 0 -10 0.00 204.19 303.40 370.00 -10 -10 -10 -100    0 -1000 -1000 -10
307 53 pedestrian 0 0 -10 372.76 173.08 411.72 198.89 -10 -10 -10 -100    0 -1000 -1000 -10
307 35 pedestrian 0 0 -10 991.16 142.45 1029.73 222.96 -10 -10 -10 -100    0 -1000 -1000 -10
307 51 pedestrian 0 0 -10 443.80 168.70 529.56 214.51 -10 -10 -10 -100    0 -1000 -1000 -10
307 39 pedestrian 0 0 -10 872.88 149.36 916.33 196.95 -10 -10 -10 -100    0 -1000 -1000 -10
307 12 pedestrian 0 0 -10 0.00 204.20 303.39 370.00 -10 -10 -10 -100    0 -1000 -1000 -10
308 53 pedestrian 0 0 -10 368.89 172.99 408.73 199.65 -10 -10 -10 -100    0 -1000 -1000 -10
308 35 pedestrian 0 0 -10 991.18 142.42 1029.71 222.99 -10 -10 -10 -100    0 -1000 -1000 -10
308 51 pedestrian 0 0 -10 451.94 168.34 546.07 215.06 -10 -10 -10 -100    0 -1000 -1000 -10
308 39 pedestrian 0 0 -10 873.02 149.43 916.42 196.80 -10 -10 -10 -100    0 -1000 -1000 -10
308 12 pedestrian 0 0 -10 0.00 204.45 303.56 370.00 -10 -10 -10 -100    0 -1000 -1000 -10
309 53 pedestrian 0 0 -10 366.40 173.42 406.00 200.23 -10 -10 -10 -100    0 -1000 -1000 -10
309 35 pedestrian 0 0 -10 991.29 142.47 1029.67 222.99 -10 -10 -10 -100    0 -1000 -1000 -10
309 51 pedestrian 0 0 -10 462.04 168.32 563.40 215.86 -10 -10 -10 -100    0 -1000 -1000 -10
309 39 pedestrian 0 0 -10 872.86 149.35 916.47 196.74 -10 -10 -10 -100    0 -1000 -1000 -10
309 12 pedestrian 0 0 -10 0.00 204.44 303.66 370.00 -10 -10 -10 -100    0 -1000 -1000 -10
310 53 pedestrian 0 0 -10 363.30 173.82 403.83 200.63 -10 -10 -10 -100    0 -1000 -1000 -10
310 35 pedestrian 0 0 -10 991.34 142.34 1029.80 222.99 -10 -10 -10 -100    0 -1000 -1000 -10
310 51 pedestrian 0 0 -10 474.90 167.77 582.76 216.75 -10 -10 -10 -100    0 -1000 -1000 -10
310 39 pedestrian 0 0 -10 872.97 149.27 916.63 196.79 -10 -10 -10 -100    0 -1000 -1000 -10
310 12 pedestrian 0 0 -10 0.00 204.43 303.62 370.00 -10 -10 -10 -100    0 -1000 -1000 -10
311 53 pedestrian 0 0 -10 359.18 173.39 400.52 201.22 -10 -10 -10 -100    0 -1000 -1000 -10
311 35 pedestrian 0 0 -10 991.28 142.38 1029.70 222.97 -10 -10 -10 -100    0 -1000 -1000 -10
311 51 pedestrian 0 0 -10 488.21 167.52 604.86 217.14 -10 -10 -10 -100    0 -1000 -1000 -10
311 50 pedestrian 0 0 -10 441.49 165.82 486.96 199.78 -10 -10 -10 -100    0 -1000 -1000 -10
311 39 pedestrian 0 0 -10 873.03 149.45 916.53 196.72 -10 -10 -10 -100    0 -1000 -1000 -10
311 12 pedestrian 0 0 -10 0.00 204.45 303.64 370.00 -10 -10 -10 -100    0 -1000 -1000 -10
312 53 pedestrian 0 0 -10 354.29 173.50 397.59 202.07 -10 -10 -10 -100    0 -1000 -1000 -10
312 35 pedestrian 0 0 -10 991.29 142.15 1029.73 223.11 -10 -10 -10 -100    0 -1000 -1000 -10
312 51 pedestrian 0 0 -10 506.34 166.57 627.18 217.19 -10 -10 -10 -100    0 -1000 -1000 -10
312 50 pedestrian 0 0 -10 431.40 165.53 487.36 200.14 -10 -10 -10 -100    0 -1000 -1000 -10
312 39 pedestrian 0 0 -10 873.07 149.43 916.51 196.86 -10 -10 -10 -100    0 -1000 -1000 -10
312 12 pedestrian 0 0 -10 0.00 204.66 303.60 370.00 -10 -10 -10 -100    0 -1000 -1000 -10
313 53 pedestrian 0 0 -10 350.11 173.93 393.95 203.02 -10 -10 -10 -100    0 -1000 -1000 -10
313 35 pedestrian 0 0 -10 991.32 142.31 1029.67 223.05 -10 -10 -10 -100    0 -1000 -1000 -10
313 51 pedestrian 0 0 -10 523.13 166.01 651.37 216.88 -10 -10 -10 -100    0 -1000 -1000 -10
313 50 pedestrian 0 0 -10 429.64 165.34 487.44 200.06 -10 -10 -10 -100    0 -1000 -1000 -10
313 39 pedestrian 0 0 -10 872.91 149.48 916.42 196.79 -10 -10 -10 -100    0 -1000 -1000 -10
313 12 pedestrian 0 0 -10 0.00 204.50 303.48 370.00 -10 -10 -10 -100    0 -1000 -1000 -10
314 53 pedestrian 0 0 -10 345.63 173.48 390.49 203.51 -10 -10 -10 -100    0 -1000 -1000 -10
314 35 pedestrian 0 0 -10 991.35 142.33 1029.77 223.07 -10 -10 -10 -100    0 -1000 -1000 -10
314 51 pedestrian 0 0 -10 543.77 165.31 675.06 217.14 -10 -10 -10 -100    0 -1000 -1000 -10
314 50 pedestrian 0 0 -10 427.51 165.24 487.52 200.31 -10 -10 -10 -100    0 -1000 -1000 -10
314 39 pedestrian 0 0 -10 872.98 149.58 916.46 196.95 -10 -10 -10 -100    0 -1000 -1000 -10
314 12 pedestrian 0 0 -10 0.00 204.52 303.39 370.00 -10 -10 -10 -100    0 -1000 -1000 -10
315 53 pedestrian 0 0 -10 340.52 173.27 387.44 204.21 -10 -10 -10 -100    0 -1000 -1000 -10
315 35 pedestrian 0 0 -10 991.41 142.18 1029.82 223.07 -10 -10 -10 -100    0 -1000 -1000 -10
315 51 pedestrian 0 0 -10 565.24 164.42 699.78 216.67 -10 -10 -10 -100    0 -1000 -1000 -10
315 50 pedestrian 0 0 -10 426.44 165.40 486.74 199.58 -10 -10 -10 -100    0 -1000 -1000 -10
315 39 pedestrian 0 0 -10 872.78 149.54 916.40 197.09 -10 -10 -10 -100    0 -1000 -1000 -10
315 12 pedestrian 0 0 -10 0.00 204.42 303.59 370.00 -10 -10 -10 -100    0 -1000 -1000 -10
316 53 pedestrian 0 0 -10 335.37 173.62 384.00 205.33 -10 -10 -10 -100    0 -1000 -1000 -10
316 35 pedestrian 0 0 -10 991.43 141.87 1029.97 223.18 -10 -10 -10 -100    0 -1000 -1000 -10
316 51 pedestrian 0 0 -10 589.73 163.20 724.93 216.27 -10 -10 -10 -100    0 -1000 -1000 -10
316 50 pedestrian 0 0 -10 424.06 165.10 486.19 199.54 -10 -10 -10 -100    0 -1000 -1000 -10
316 39 pedestrian 0 0 -10 872.84 149.63 916.33 197.01 -10 -10 -10 -100    0 -1000 -1000 -10
316 12 pedestrian 0 0 -10 0.00 204.40 303.62 370.00 -10 -10 -10 -100    0 -1000 -1000 -10
317 53 pedestrian 0 0 -10 329.89 173.51 379.82 206.04 -10 -10 -10 -100    0 -1000 -1000 -10
317 35 pedestrian 0 0 -10 991.29 142.13 1029.85 223.15 -10 -10 -10 -100    0 -1000 -1000 -10
317 51 pedestrian 0 0 -10 614.43 162.82 750.30 215.70 -10 -10 -10 -100    0 -1000 -1000 -10
317 50 pedestrian 0 0 -10 451.68 169.54 477.74 194.21 -10 -10 -10 -100    0 -1000 -1000 -10
317 39 pedestrian 0 0 -10 872.79 149.68 916.50 197.12 -10 -10 -10 -100    0 -1000 -1000 -10
317 12 pedestrian 0 0 -10 0.00 204.42 303.57 370.00 -10 -10 -10 -100    0 -1000 -1000 -10
318 53 pedestrian 0 0 -10 324.49 173.47 375.78 207.37 -10 -10 -10 -100    0 -1000 -1000 -10
318 35 pedestrian 0 0 -10 991.29 142.20 1029.85 223.04 -10 -10 -10 -100    0 -1000 -1000 -10
318 51 pedestrian 0 0 -10 640.61 162.43 776.75 215.06 -10 -10 -10 -100    0 -1000 -1000 -10
318 50 pedestrian 0 0 -10 449.52 169.95 477.14 195.22 -10 -10 -10 -100    0 -1000 -1000 -10
318 39 pedestrian 0 0 -10 872.75 149.72 916.47 197.07 -10 -10 -10 -100    0 -1000 -1000 -10
318 12 pedestrian 0 0 -10 0.00 204.37 303.80 370.00 -10 -10 -10 -100    0 -1000 -1000 -10
319 53 pedestrian 0 0 -10 318.73 174.56 371.70 208.73 -10 -10 -10 -100    0 -1000 -1000 -10
319 35 pedestrian 0 0 -10 991.33 142.05 1029.80 223.06 -10 -10 -10 -100    0 -1000 -1000 -10
319 51 pedestrian 0 0 -10 667.57 161.22 804.34 214.69 -10 -10 -10 -100    0 -1000 -1000 -10
319 50 pedestrian 0 0 -10 447.76 170.25 476.21 196.25 -10 -10 -10 -100    0 -1000 -1000 -10
319 39 pedestrian 0 0 -10 872.60 149.74 916.43 197.13 -10 -10 -10 -100    0 -1000 -1000 -10
319 52 pedestrian 0 0 -10 411.15 167.48 437.21 201.69 -10 -10 -10 -100    0 -1000 -1000 -10
319 12 pedestrian 0 0 -10 0.00 204.36 303.92 370.00 -10 -10 -10 -100    0 -1000 -1000 -10
320 53 pedestrian 0 0 -10 312.41 174.80 367.82 209.53 -10 -10 -10 -100    0 -1000 -1000 -10
320 35 pedestrian 0 0 -10 991.28 141.72 1029.95 223.13 -10 -10 -10 -100    0 -1000 -1000 -10
320 51 pedestrian 0 0 -10 694.46 160.27 830.05 214.35 -10 -10 -10 -100    0 -1000 -1000 -10
320 50 pedestrian 0 0 -10 446.40 170.32 474.81 196.56 -10 -10 -10 -100    0 -1000 -1000 -10
320 39 pedestrian 0 0 -10 872.61 149.66 916.52 197.20 -10 -10 -10 -100    0 -1000 -1000 -10
320 52 pedestrian 0 0 -10 408.49 168.58 435.62 202.86 -10 -10 -10 -100    0 -1000 -1000 -10
320 12 pedestrian 0 0 -10 0.00 204.32 303.88 370.00 -10 -10 -10 -100    0 -1000 -1000 -10
321 53 pedestrian 0 0 -10 305.03 174.77 363.43 210.43 -10 -10 -10 -100    0 -1000 -1000 -10
321 35 pedestrian 0 0 -10 991.34 141.96 1029.90 222.96 -10 -10 -10 -100    0 -1000 -1000 -10
321 51 pedestrian 0 0 -10 719.95 159.19 859.21 213.93 -10 -10 -10 -100    0 -1000 -1000 -10
321 50 pedestrian 0 0 -10 444.42 170.31 474.15 197.58 -10 -10 -10 -100    0 -1000 -1000 -10
321 39 pedestrian 0 0 -10 873.05 149.66 916.63 197.03 -10 -10 -10 -100    0 -1000 -1000 -10
321 52 pedestrian 0 0 -10 407.33 168.41 434.31 203.40 -10 -10 -10 -100    0 -1000 -1000 -10
321 12 pedestrian 0 0 -10 0.00 204.53 303.85 370.00 -10 -10 -10 -100    0 -1000 -1000 -10
322 53 pedestrian 0 0 -10 298.95 174.78 358.17 211.67 -10 -10 -10 -100    0 -1000 -1000 -10
322 35 pedestrian 0 0 -10 991.23 141.97 1029.96 223.12 -10 -10 -10 -100    0 -1000 -1000 -10
322 51 pedestrian 0 0 -10 745.90 158.63 887.61 212.91 -10 -10 -10 -100    0 -1000 -1000 -10
322 50 pedestrian 0 0 -10 442.90 170.49 473.07 197.98 -10 -10 -10 -100    0 -1000 -1000 -10
322 39 pedestrian 0 0 -10 871.99 149.68 916.54 198.27 -10 -10 -10 -100    0 -1000 -1000 -10
322 52 pedestrian 0 0 -10 404.68 168.50 431.55 203.51 -10 -10 -10 -100    0 -1000 -1000 -10
322 12 pedestrian 0 0 -10 0.00 204.37 303.90 370.00 -10 -10 -10 -100    0 -1000 -1000 -10
323 53 pedestrian 0 0 -10 292.71 174.52 353.75 213.07 -10 -10 -10 -100    0 -1000 -1000 -10
323 35 pedestrian 0 0 -10 991.34 142.07 1029.79 222.95 -10 -10 -10 -100    0 -1000 -1000 -10
323 51 pedestrian 0 0 -10 772.28 158.38 918.31 211.89 -10 -10 -10 -100    0 -1000 -1000 -10
323 50 pedestrian 0 0 -10 441.67 170.84 471.80 198.66 -10 -10 -10 -100    0 -1000 -1000 -10
323 39 pedestrian 0 0 -10 873.58 149.92 917.80 198.19 -10 -10 -10 -100    0 -1000 -1000 -10
323 52 pedestrian 0 0 -10 400.32 168.47 425.59 202.96 -10 -10 -10 -100    0 -1000 -1000 -10
323 12 pedestrian 0 0 -10 0.00 204.55 303.95 370.00 -10 -10 -10 -100    0 -1000 -1000 -10
324 53 pedestrian 0 0 -10 285.66 174.25 348.06 214.28 -10 -10 -10 -100    0 -1000 -1000 -10
324 35 pedestrian 0 0 -10 991.43 142.08 1029.81 223.12 -10 -10 -10 -100    0 -1000 -1000 -10
324 51 pedestrian 0 0 -10 796.75 157.24 945.43 210.31 -10 -10 -10 -100    0 -1000 -1000 -10
324 50 pedestrian 0 0 -10 439.89 170.74 471.25 199.88 -10 -10 -10 -100    0 -1000 -1000 -10
324 39 pedestrian 0 0 -10 872.09 148.05 915.54 196.09 -10 -10 -10 -100    0 -1000 -1000 -10
324 52 pedestrian 0 0 -10 397.92 167.91 416.50 200.18 -10 -10 -10 -100    0 -1000 -1000 -10
324 12 pedestrian 0 0 -10 0.00 204.43 303.93 370.00 -10 -10 -10 -100    0 -1000 -1000 -10
325 53 pedestrian 0 0 -10 276.78 174.99 342.05 215.37 -10 -10 -10 -100    0 -1000 -1000 -10
325 35 pedestrian 0 0 -10 991.68 141.87 1029.91 222.94 -10 -10 -10 -100    0 -1000 -1000 -10
325 51 pedestrian 0 0 -10 823.74 156.53 974.67 210.37 -10 -10 -10 -100    0 -1000 -1000 -10
325 50 pedestrian 0 0 -10 437.70 170.99 470.84 200.78 -10 -10 -10 -100    0 -1000 -1000 -10
325 39 pedestrian 0 0 -10 873.15 148.16 917.57 198.10 -10 -10 -10 -100    0 -1000 -1000 -10
325 52 pedestrian 0 0 -10 394.05 168.09 412.37 201.09 -10 -10 -10 -100    0 -1000 -1000 -10
325 12 pedestrian 0 0 -10 0.00 204.60 303.72 370.00 -10 -10 -10 -100    0 -1000 -1000 -10
326 53 pedestrian 0 0 -10 267.06 175.22 336.53 216.91 -10 -10 -10 -100    0 -1000 -1000 -10
326 35 pedestrian 0 0 -10 990.65 142.28 1029.11 222.83 -10 -10 -10 -100    0 -1000 -1000 -10
326 51 pedestrian 0 0 -10 847.98 155.63 1000.06 209.47 -10 -10 -10 -100    0 -1000 -1000 -10
326 50 pedestrian 0 0 -10 436.71 171.07 470.38 201.41 -10 -10 -10 -100    0 -1000 -1000 -10
326 39 pedestrian 0 0 -10 872.99 148.32 917.63 197.75 -10 -10 -10 -100    0 -1000 -1000 -10
326 52 pedestrian 0 0 -10 389.54 167.46 409.20 200.70 -10 -10 -10 -100    0 -1000 -1000 -10
326 12 pedestrian 0 0 -10 0.00 204.62 303.50 370.00 -10 -10 -10 -100    0 -1000 -1000 -10
327 53 pedestrian 0 0 -10 257.83 174.04 329.91 218.54 -10 -10 -10 -100    0 -1000 -1000 -10
327 35 pedestrian 0 0 -10 991.67 143.04 1028.85 223.21 -10 -10 -10 -100    0 -1000 -1000 -10
327 51 pedestrian 0 0 -10 877.14 154.35 1030.32 209.62 -10 -10 -10 -100    0 -1000 -1000 -10
327 50 pedestrian 0 0 -10 436.44 171.29 470.45 202.06 -10 -10 -10 -100    0 -1000 -1000 -10
327 39 pedestrian 0 0 -10 872.08 149.45 917.79 198.57 -10 -10 -10 -100    0 -1000 -1000 -10
327 52 pedestrian 0 0 -10 384.52 167.68 406.54 202.18 -10 -10 -10 -100    0 -1000 -1000 -10
327 12 pedestrian 0 0 -10 0.00 204.73 303.50 370.00 -10 -10 -10 -100    0 -1000 -1000 -10
328 53 pedestrian 0 0 -10 247.94 174.69 323.43 220.31 -10 -10 -10 -100    0 -1000 -1000 -10
328 35 pedestrian 0 0 -10 992.38 141.68 1029.75 223.71 -10 -10 -10 -100    0 -1000 -1000 -10
328 51 pedestrian 0 0 -10 902.34 153.84 1067.10 209.70 -10 -10 -10 -100    0 -1000 -1000 -10
328 50 pedestrian 0 0 -10 436.64 171.54 471.60 202.65 -10 -10 -10 -100    0 -1000 -1000 -10
328 39 pedestrian 0 0 -10 872.89 149.83 917.35 197.26 -10 -10 -10 -100    0 -1000 -1000 -10
328 52 pedestrian 0 0 -10 381.11 167.42 403.46 203.73 -10 -10 -10 -100    0 -1000 -1000 -10
328 12 pedestrian 0 0 -10 0.00 204.80 303.64 370.00 -10 -10 -10 -100    0 -1000 -1000 -10
329 54 pedestrian 0 0 -10 673.31 160.72 698.91 177.22 -10 -10 -10 -100    0 -1000 -1000 -10
329 53 pedestrian 0 0 -10 236.43 175.29 316.46 223.01 -10 -10 -10 -100    0 -1000 -1000 -10
329 35 pedestrian 0 0 -10 992.56 142.47 1029.96 223.32 -10 -10 -10 -100    0 -1000 -1000 -10
329 51 pedestrian 0 0 -10 929.31 154.02 1093.88 208.03 -10 -10 -10 -100    0 -1000 -1000 -10
329 50 pedestrian 0 0 -10 437.77 171.27 473.20 203.30 -10 -10 -10 -100    0 -1000 -1000 -10
329 39 pedestrian 0 0 -10 872.63 149.76 916.15 197.32 -10 -10 -10 -100    0 -1000 -1000 -10
329 52 pedestrian 0 0 -10 376.46 168.28 398.79 206.07 -10 -10 -10 -100    0 -1000 -1000 -10
329 12 pedestrian 0 0 -10 0.00 205.02 303.69 370.00 -10 -10 -10 -100    0 -1000 -1000 -10
330 54 pedestrian 0 0 -10 673.95 160.46 700.93 177.40 -10 -10 -10 -100    0 -1000 -1000 -10
330 53 pedestrian 0 0 -10 226.44 176.22 311.53 224.64 -10 -10 -10 -100    0 -1000 -1000 -10
330 35 pedestrian 0 0 -10 992.67 142.16 1030.45 222.07 -10 -10 -10 -100    0 -1000 -1000 -10
330 51 pedestrian 0 0 -10 955.95 155.11 1127.32 208.22 -10 -10 -10 -100    0 -1000 -1000 -10
330 50 pedestrian 0 0 -10 438.14 171.40 476.02 204.40 -10 -10 -10 -100    0 -1000 -1000 -10
330 39 pedestrian 0 0 -10 872.94 149.71 916.46 197.18 -10 -10 -10 -100    0 -1000 -1000 -10
330 52 pedestrian 0 0 -10 370.99 168.35 394.00 207.68 -10 -10 -10 -100    0 -1000 -1000 -10
330 12 pedestrian 0 0 -10 0.00 205.27 303.68 370.00 -10 -10 -10 -100    0 -1000 -1000 -10
331 54 pedestrian 0 0 -10 673.73 160.48 700.91 177.30 -10 -10 -10 -100    0 -1000 -1000 -10
331 53 pedestrian 0 0 -10 212.46 175.83 304.41 227.29 -10 -10 -10 -100    0 -1000 -1000 -10
331 35 pedestrian 0 0 -10 990.95 142.10 1028.71 222.64 -10 -10 -10 -100    0 -1000 -1000 -10
331 51 pedestrian 0 0 -10 981.43 151.99 1154.98 208.49 -10 -10 -10 -100    0 -1000 -1000 -10
331 50 pedestrian 0 0 -10 439.29 171.52 479.66 204.97 -10 -10 -10 -100    0 -1000 -1000 -10
331 39 pedestrian 0 0 -10 873.06 149.73 916.28 197.09 -10 -10 -10 -100    0 -1000 -1000 -10
331 52 pedestrian 0 0 -10 365.30 168.89 390.74 210.13 -10 -10 -10 -100    0 -1000 -1000 -10
331 12 pedestrian 0 0 -10 0.00 205.46 303.59 370.00 -10 -10 -10 -100    0 -1000 -1000 -10
332 54 pedestrian 0 0 -10 673.53 160.38 701.30 177.62 -10 -10 -10 -100    0 -1000 -1000 -10
332 53 pedestrian 0 0 -10 198.29 176.87 293.73 229.48 -10 -10 -10 -100    0 -1000 -1000 -10
332 35 pedestrian 0 0 -10 991.39 142.17 1029.90 222.87 -10 -10 -10 -100    0 -1000 -1000 -10
332 51 pedestrian 0 0 -10 1010.44 150.27 1185.79 206.54 -10 -10 -10 -100    0 -1000 -1000 -10
332 50 pedestrian 0 0 -10 440.11 171.28 483.54 206.26 -10 -10 -10 -100    0 -1000 -1000 -10
332 39 pedestrian 0 0 -10 873.08 149.73 916.26 197.09 -10 -10 -10 -100    0 -1000 -1000 -10
332 52 pedestrian 0 0 -10 359.38 168.95 384.99 211.59 -10 -10 -10 -100    0 -1000 -1000 -10
332 12 pedestrian 0 0 -10 0.00 205.91 303.63 370.00 -10 -10 -10 -100    0 -1000 -1000 -10
333 54 pedestrian 0 0 -10 673.34 160.12 701.10 177.50 -10 -10 -10 -100    0 -1000 -1000 -10
333 53 pedestrian 0 0 -10 182.30 178.35 285.13 232.58 -10 -10 -10 -100    0 -1000 -1000 -10
333 35 pedestrian 0 0 -10 991.24 142.08 1029.09 223.01 -10 -10 -10 -100    0 -1000 -1000 -10
333 51 pedestrian 0 0 -10 1035.96 148.04 1215.93 205.30 -10 -10 -10 -100    0 -1000 -1000 -10
333 50 pedestrian 0 0 -10 441.71 171.00 488.55 206.84 -10 -10 -10 -100    0 -1000 -1000 -10
333 39 pedestrian 0 0 -10 872.98 149.77 916.14 197.08 -10 -10 -10 -100    0 -1000 -1000 -10
333 52 pedestrian 0 0 -10 352.79 169.72 380.20 213.16 -10 -10 -10 -100    0 -1000 -1000 -10
333 12 pedestrian 0 0 -10 0.00 205.29 303.33 370.00 -10 -10 -10 -100    0 -1000 -1000 -10
334 54 pedestrian 0 0 -10 673.20 160.13 701.90 177.69 -10 -10 -10 -100    0 -1000 -1000 -10
334 53 pedestrian 0 0 -10 167.43 178.26 276.83 236.24 -10 -10 -10 -100    0 -1000 -1000 -10
334 35 pedestrian 0 0 -10 991.41 142.35 1029.77 222.91 -10 -10 -10 -100    0 -1000 -1000 -10
334 51 pedestrian 0 0 -10 1064.87 147.02 1224.00 204.02 -10 -10 -10 -100    0 -1000 -1000 -10
334 50 pedestrian 0 0 -10 444.15 170.88 494.26 208.13 -10 -10 -10 -100    0 -1000 -1000 -10
334 39 pedestrian 0 0 -10 873.11 149.78 916.26 197.01 -10 -10 -10 -100    0 -1000 -1000 -10
334 52 pedestrian 0 0 -10 343.92 170.95 372.08 217.06 -10 -10 -10 -100    0 -1000 -1000 -10
334 12 pedestrian 0 0 -10 0.00 205.19 303.52 370.00 -10 -10 -10 -100    0 -1000 -1000 -10
335 54 pedestrian 0 0 -10 673.21 160.36 700.91 177.55 -10 -10 -10 -100    0 -1000 -1000 -10
335 53 pedestrian 0 0 -10 148.63 178.70 264.77 240.00 -10 -10 -10 -100    0 -1000 -1000 -10
335 35 pedestrian 0 0 -10 991.27 142.66 1029.73 222.97 -10 -10 -10 -100    0 -1000 -1000 -10
335 51 pedestrian 0 0 -10 1090.12 145.82 1224.00 204.07 -10 -10 -10 -100    0 -1000 -1000 -10
335 50 pedestrian 0 0 -10 447.30 170.99 502.27 208.48 -10 -10 -10 -100    0 -1000 -1000 -10
335 39 pedestrian 0 0 -10 873.06 149.82 916.12 197.09 -10 -10 -10 -100    0 -1000 -1000 -10
335 52 pedestrian 0 0 -10 333.27 170.43 365.76 220.28 -10 -10 -10 -100    0 -1000 -1000 -10
335 12 pedestrian 0 0 -10 0.00 204.83 304.09 370.00 -10 -10 -10 -100    0 -1000 -1000 -10
336 54 pedestrian 0 0 -10 673.75 160.32 700.15 177.30 -10 -10 -10 -100    0 -1000 -1000 -10
336 53 pedestrian 0 0 -10 128.45 178.86 252.85 244.87 -10 -10 -10 -100    0 -1000 -1000 -10
336 35 pedestrian 0 0 -10 991.24 142.30 1029.69 222.84 -10 -10 -10 -100    0 -1000 -1000 -10
336 51 pedestrian 0 0 -10 1117.72 147.44 1223.70 203.69 -10 -10 -10 -100    0 -1000 -1000 -10
336 50 pedestrian 0 0 -10 450.93 170.82 509.09 208.95 -10 -10 -10 -100    0 -1000 -1000 -10
336 39 pedestrian 0 0 -10 872.78 149.66 916.00 196.96 -10 -10 -10 -100    0 -1000 -1000 -10
336 52 pedestrian 0 0 -10 325.01 170.51 358.50 223.82 -10 -10 -10 -100    0 -1000 -1000 -10
336 12 pedestrian 0 0 -10 0.00 204.58 304.19 370.00 -10 -10 -10 -100    0 -1000 -1000 -10
337 54 pedestrian 0 0 -10 673.12 160.16 699.79 177.51 -10 -10 -10 -100    0 -1000 -1000 -10
337 53 pedestrian 0 0 -10 105.36 179.15 238.68 248.80 -10 -10 -10 -100    0 -1000 -1000 -10
337 35 pedestrian 0 0 -10 991.26 142.22 1029.61 222.95 -10 -10 -10 -100    0 -1000 -1000 -10
337 51 pedestrian 0 0 -10 1142.85 148.85 1223.82 204.60 -10 -10 -10 -100    0 -1000 -1000 -10
337 50 pedestrian 0 0 -10 455.86 170.05 519.77 208.58 -10 -10 -10 -100    0 -1000 -1000 -10
337 39 pedestrian 0 0 -10 872.98 149.77 916.05 197.04 -10 -10 -10 -100    0 -1000 -1000 -10
337 52 pedestrian 0 0 -10 310.81 171.01 349.42 225.56 -10 -10 -10 -100    0 -1000 -1000 -10
337 12 pedestrian 0 0 -10 0.00 203.76 303.89 370.00 -10 -10 -10 -100    0 -1000 -1000 -10
338 54 pedestrian 0 0 -10 672.99 160.25 699.51 177.46 -10 -10 -10 -100    0 -1000 -1000 -10
338 53 pedestrian 0 0 -10 80.87 180.00 224.68 253.83 -10 -10 -10 -100    0 -1000 -1000 -10
338 35 pedestrian 0 0 -10 991.28 142.09 1029.58 222.83 -10 -10 -10 -100    0 -1000 -1000 -10
338 51 pedestrian 0 0 -10 1169.14 148.67 1223.88 203.16 -10 -10 -10 -100    0 -1000 -1000 -10
338 50 pedestrian 0 0 -10 462.06 169.91 529.63 209.23 -10 -10 -10 -100    0 -1000 -1000 -10
338 39 pedestrian 0 0 -10 872.84 149.71 916.08 197.18 -10 -10 -10 -100    0 -1000 -1000 -10
338 52 pedestrian 0 0 -10 299.09 170.84 339.79 230.14 -10 -10 -10 -100    0 -1000 -1000 -10
338 12 pedestrian 0 0 -10 0.00 203.90 303.79 370.00 -10 -10 -10 -100    0 -1000 -1000 -10
339 54 pedestrian 0 0 -10 673.15 160.45 699.11 177.38 -10 -10 -10 -100    0 -1000 -1000 -10
339 53 pedestrian 0 0 -10 51.37 180.65 209.02 257.42 -10 -10 -10 -100    0 -1000 -1000 -10
339 35 pedestrian 0 0 -10 991.06 142.03 1029.57 222.84 -10 -10 -10 -100    0 -1000 -1000 -10
339 51 pedestrian 0 0 -10 1194.06 146.13 1223.86 200.10 -10 -10 -10 -100    0 -1000 -1000 -10
339 50 pedestrian 0 0 -10 468.57 168.89 539.83 209.53 -10 -10 -10 -100    0 -1000 -1000 -10
339 39 pedestrian 0 0 -10 872.96 149.76 916.22 197.23 -10 -10 -10 -100    0 -1000 -1000 -10
339 52 pedestrian 0 0 -10 284.11 170.85 327.54 232.17 -10 -10 -10 -100    0 -1000 -1000 -10
339 12 pedestrian 0 0 -10 0.00 202.88 303.66 370.00 -10 -10 -10 -100    0 -1000 -1000 -10
340 54 pedestrian 0 0 -10 673.34 160.40 699.84 177.25 -10 -10 -10 -100    0 -1000 -1000 -10
340 53 pedestrian 0 0 -10 15.76 182.02 187.27 262.50 -10 -10 -10 -100    0 -1000 -1000 -10
340 35 pedestrian 0 0 -10 991.22 142.11 1029.60 222.81 -10 -10 -10 -100    0 -1000 -1000 -10
340 50 pedestrian 0 0 -10 476.18 168.40 552.69 209.62 -10 -10 -10 -100    0 -1000 -1000 -10
340 39 pedestrian 0 0 -10 872.87 149.87 916.24 197.23 -10 -10 -10 -100    0 -1000 -1000 -10
340 52 pedestrian 0 0 -10 264.78 170.30 313.59 236.72 -10 -10 -10 -100    0 -1000 -1000 -10
340 12 pedestrian 0 0 -10 0.00 204.72 303.57 370.00 -10 -10 -10 -100    0 -1000 -1000 -10
341 54 pedestrian 0 0 -10 671.71 160.68 697.58 177.30 -10 -10 -10 -100    0 -1000 -1000 -10
341 53 pedestrian 0 0 -10 0.08 182.38 170.06 273.76 -10 -10 -10 -100    0 -1000 -1000 -10
341 35 pedestrian 0 0 -10 991.15 141.48 1029.61 222.68 -10 -10 -10 -100    0 -1000 -1000 -10
341 50 pedestrian 0 0 -10 484.77 168.45 563.36 210.35 -10 -10 -10 -100    0 -1000 -1000 -10
341 39 pedestrian 0 0 -10 872.85 149.83 916.17 197.20 -10 -10 -10 -100    0 -1000 -1000 -10
341 52 pedestrian 0 0 -10 243.13 169.45 298.31 242.74 -10 -10 -10 -100    0 -1000 -1000 -10
341 12 pedestrian 0 0 -10 0.00 203.95 303.92 370.00 -10 -10 -10 -100    0 -1000 -1000 -10
342 54 pedestrian 0 0 -10 670.31 160.81 696.15 177.39 -10 -10 -10 -100    0 -1000 -1000 -10
342 53 pedestrian 0 0 -10 0.14 183.63 149.39 279.30 -10 -10 -10 -100    0 -1000 -1000 -10
342 35 pedestrian 0 0 -10 991.09 141.50 1029.64 222.79 -10 -10 -10 -100    0 -1000 -1000 -10
342 50 pedestrian 0 0 -10 493.59 167.97 577.16 210.93 -10 -10 -10 -100    0 -1000 -1000 -10
342 39 pedestrian 0 0 -10 872.77 149.86 916.12 197.20 -10 -10 -10 -100    0 -1000 -1000 -10
342 52 pedestrian 0 0 -10 219.31 170.78 281.57 248.85 -10 -10 -10 -100    0 -1000 -1000 -10
342 12 pedestrian 0 0 -10 0.00 204.60 303.99 370.00 -10 -10 -10 -100    0 -1000 -1000 -10
343 54 pedestrian 0 0 -10 668.47 160.77 694.02 177.32 -10 -10 -10 -100    0 -1000 -1000 -10
343 53 pedestrian 0 0 -10 0.00 185.31 124.92 284.04 -10 -10 -10 -100    0 -1000 -1000 -10
343 35 pedestrian 0 0 -10 990.96 141.43 1029.57 222.93 -10 -10 -10 -100    0 -1000 -1000 -10
343 50 pedestrian 0 0 -10 504.14 167.52 592.37 211.42 -10 -10 -10 -100    0 -1000 -1000 -10
343 39 pedestrian 0 0 -10 872.96 149.83 916.25 197.20 -10 -10 -10 -100    0 -1000 -1000 -10
343 52 pedestrian 0 0 -10 185.91 169.80 260.26 257.05 -10 -10 -10 -100    0 -1000 -1000 -10
343 12 pedestrian 0 0 -10 0.00 206.19 303.96 370.00 -10 -10 -10 -100    0 -1000 -1000 -10
344 54 pedestrian 0 0 -10 666.36 160.76 688.21 177.21 -10 -10 -10 -100    0 -1000 -1000 -10
344 53 pedestrian 0 0 -10 0.00 186.20 92.00 286.30 -10 -10 -10 -100    0 -1000 -1000 -10
344 35 pedestrian 0 0 -10 990.95 141.86 1029.44 222.80 -10 -10 -10 -100    0 -1000 -1000 -10
344 50 pedestrian 0 0 -10 514.99 167.57 607.23 211.55 -10 -10 -10 -100    0 -1000 -1000 -10
344 39 pedestrian 0 0 -10 873.01 149.80 916.42 197.30 -10 -10 -10 -100    0 -1000 -1000 -10
344 52 pedestrian 0 0 -10 154.71 169.96 234.86 264.93 -10 -10 -10 -100    0 -1000 -1000 -10
344 12 pedestrian 0 0 -10 0.00 206.37 303.83 370.00 -10 -10 -10 -100    0 -1000 -1000 -10
345 53 pedestrian 0 0 -10 0.03 188.08 57.14 283.63 -10 -10 -10 -100    0 -1000 -1000 -10
345 35 pedestrian 0 0 -10 991.03 141.82 1029.54 222.87 -10 -10 -10 -100    0 -1000 -1000 -10
345 50 pedestrian 0 0 -10 526.17 166.63 622.03 212.29 -10 -10 -10 -100    0 -1000 -1000 -10
345 39 pedestrian 0 0 -10 872.62 149.84 916.24 197.34 -10 -10 -10 -100    0 -1000 -1000 -10
345 52 pedestrian 0 0 -10 110.16 170.24 204.92 273.76 -10 -10 -10 -100    0 -1000 -1000 -10
345 12 pedestrian 0 0 -10 0.00 204.77 302.97 370.00 -10 -10 -10 -100    0 -1000 -1000 -10
346 35 pedestrian 0 0 -10 991.10 141.95 1029.59 222.89 -10 -10 -10 -100    0 -1000 -1000 -10
346 50 pedestrian 0 0 -10 540.01 166.57 639.29 212.65 -10 -10 -10 -100    0 -1000 -1000 -10
346 39 pedestrian 0 0 -10 872.62 149.83 916.12 197.35 -10 -10 -10 -100    0 -1000 -1000 -10
346 52 pedestrian 0 0 -10 54.82 171.79 170.60 290.80 -10 -10 -10 -100    0 -1000 -1000 -10
346 12 pedestrian 0 0 -10 0.00 206.32 303.51 370.00 -10 -10 -10 -100    0 -1000 -1000 -10
347 35 pedestrian 0 0 -10 991.22 141.71 1029.68 222.83 -10 -10 -10 -100    0 -1000 -1000 -10
347 50 pedestrian 0 0 -10 553.05 166.04 657.61 213.26 -10 -10 -10 -100    0 -1000 -1000 -10
347 39 pedestrian 0 0 -10 872.77 149.88 916.26 197.42 -10 -10 -10 -100    0 -1000 -1000 -10
347 52 pedestrian 0 0 -10 0.10 172.50 119.47 301.26 -10 -10 -10 -100    0 -1000 -1000 -10
347 12 pedestrian 0 0 -10 0.00 205.72 303.31 370.00 -10 -10 -10 -100    0 -1000 -1000 -10
348 35 pedestrian 0 0 -10 991.26 141.87 1029.75 222.81 -10 -10 -10 -100    0 -1000 -1000 -10
348 50 pedestrian 0 0 -10 566.47 166.05 674.06 213.78 -10 -10 -10 -100    0 -1000 -1000 -10
348 39 pedestrian 0 0 -10 872.74 149.96 916.40 197.41 -10 -10 -10 -100    0 -1000 -1000 -10
348 12 pedestrian 0 0 -10 0.00 204.22 303.30 370.00 -10 -10 -10 -100    0 -1000 -1000 -10
349 35 pedestrian 0 0 -10 991.22 141.78 1029.70 222.95 -10 -10 -10 -100    0 -1000 -1000 -10
349 50 pedestrian 0 0 -10 583.42 165.24 691.93 213.76 -10 -10 -10 -100    0 -1000 -1000 -10
349 39 pedestrian 0 0 -10 872.72 149.89 916.39 197.32 -10 -10 -10 -100    0 -1000 -1000 -10
349 12 pedestrian 0 0 -10 0.00 204.25 303.45 370.00 -10 -10 -10 -100    0 -1000 -1000 -10
350 35 pedestrian 0 0 -10 991.08 142.03 1029.58 222.93 -10 -10 -10 -100    0 -1000 -1000 -10
350 50 pedestrian 0 0 -10 599.09 164.83 709.98 213.94 -10 -10 -10 -100    0 -1000 -1000 -10
350 39 pedestrian 0 0 -10 872.68 149.93 916.33 197.44 -10 -10 -10 -100    0 -1000 -1000 -10
350 12 pedestrian 0 0 -10 0.00 204.29 303.36 370.00 -10 -10 -10 -100    0 -1000 -1000 -10
351 35 pedestrian 0 0 -10 991.16 142.06 1029.61 222.87 -10 -10 -10 -100    0 -1000 -1000 -10
351 50 pedestrian 0 0 -10 616.61 164.56 728.33 214.04 -10 -10 -10 -100    0 -1000 -1000 -10
351 39 pedestrian 0 0 -10 872.79 150.02 916.31 197.45 -10 -10 -10 -100    0 -1000 -1000 -10
351 12 pedestrian 0 0 -10 0.00 204.38 303.40 370.00 -10 -10 -10 -100    0 -1000 -1000 -10
352 35 pedestrian 0 0 -10 991.14 142.06 1029.66 222.89 -10 -10 -10 -100    0 -1000 -1000 -10
352 50 pedestrian 0 0 -10 635.83 163.80 748.74 214.15 -10 -10 -10 -100    0 -1000 -1000 -10
352 39 pedestrian 0 0 -10 872.84 150.07 916.41 197.44 -10 -10 -10 -100    0 -1000 -1000 -10
352 12 pedestrian 0 0 -10 0.00 204.21 303.56 370.00 -10 -10 -10 -100    0 -1000 -1000 -10
353 35 pedestrian 0 0 -10 991.00 142.15 1029.62 223.00 -10 -10 -10 -100    0 -1000 -1000 -10
353 50 pedestrian 0 0 -10 653.56 163.30 768.28 214.02 -10 -10 -10 -100    0 -1000 -1000 -10
353 39 pedestrian 0 0 -10 872.68 150.05 916.40 197.39 -10 -10 -10 -100    0 -1000 -1000 -10
353 12 pedestrian 0 0 -10 0.00 204.27 303.62 370.00 -10 -10 -10 -100    0 -1000 -1000 -10
354 35 pedestrian 0 0 -10 991.28 141.89 1029.81 222.89 -10 -10 -10 -100    0 -1000 -1000 -10
354 50 pedestrian 0 0 -10 675.05 162.92 788.40 213.86 -10 -10 -10 -100    0 -1000 -1000 -10
354 39 pedestrian 0 0 -10 872.84 149.87 916.53 197.30 -10 -10 -10 -100    0 -1000 -1000 -10
354 12 pedestrian 0 0 -10 0.00 204.28 303.61 370.00 -10 -10 -10 -100    0 -1000 -1000 -10
355 35 pedestrian 0 0 -10 991.20 141.92 1029.74 222.94 -10 -10 -10 -100    0 -1000 -1000 -10
355 50 pedestrian 0 0 -10 695.80 162.16 811.98 213.68 -10 -10 -10 -100    0 -1000 -1000 -10
355 39 pedestrian 0 0 -10 872.81 149.92 916.48 197.41 -10 -10 -10 -100    0 -1000 -1000 -10
355 12 pedestrian 0 0 -10 0.00 204.34 303.71 370.00 -10 -10 -10 -100    0 -1000 -1000 -10
356 54 pedestrian 0 0 -10 647.74 158.91 677.43 177.19 -10 -10 -10 -100    0 -1000 -1000 -10
356 35 pedestrian 0 0 -10 991.16 141.92 1029.76 222.86 -10 -10 -10 -100    0 -1000 -1000 -10
356 50 pedestrian 0 0 -10 716.48 161.67 832.15 213.55 -10 -10 -10 -100    0 -1000 -1000 -10
356 39 pedestrian 0 0 -10 872.59 149.86 916.52 197.44 -10 -10 -10 -100    0 -1000 -1000 -10
356 12 pedestrian 0 0 -10 0.00 204.52 303.56 370.00 -10 -10 -10 -100    0 -1000 -1000 -10
357 54 pedestrian 0 0 -10 644.83 157.46 699.94 176.40 -10 -10 -10 -100    0 -1000 -1000 -10
357 35 pedestrian 0 0 -10 991.24 141.86 1029.78 222.84 -10 -10 -10 -100    0 -1000 -1000 -10
357 50 pedestrian 0 0 -10 739.48 160.80 855.45 212.93 -10 -10 -10 -100    0 -1000 -1000 -10
357 39 pedestrian 0 0 -10 873.25 149.99 916.86 197.32 -10 -10 -10 -100    0 -1000 -1000 -10
357 12 pedestrian 0 0 -10 0.00 204.50 303.49 370.00 -10 -10 -10 -100    0 -1000 -1000 -10
358 54 pedestrian 0 0 -10 644.49 157.09 701.92 175.84 -10 -10 -10 -100    0 -1000 -1000 -10
358 35 pedestrian 0 0 -10 991.27 142.17 1029.87 222.89 -10 -10 -10 -100    0 -1000 -1000 -10
358 50 pedestrian 0 0 -10 760.47 160.22 878.83 212.72 -10 -10 -10 -100    0 -1000 -1000 -10
358 39 pedestrian 0 0 -10 872.48 149.76 916.31 197.39 -10 -10 -10 -100    0 -1000 -1000 -10
358 12 pedestrian 0 0 -10 0.00 204.58 303.43 370.00 -10 -10 -10 -100    0 -1000 -1000 -10
359 54 pedestrian 0 0 -10 643.23 157.04 700.69 175.66 -10 -10 -10 -100    0 -1000 -1000 -10
359 35 pedestrian 0 0 -10 991.22 142.06 1029.76 222.80 -10 -10 -10 -100    0 -1000 -1000 -10
359 50 pedestrian 0 0 -10 781.82 159.30 902.97 212.19 -10 -10 -10 -100    0 -1000 -1000 -10
359 39 pedestrian 0 0 -10 873.01 149.42 916.75 196.62 -10 -10 -10 -100    0 -1000 -1000 -10
359 12 pedestrian 0 0 -10 0.00 204.49 303.41 370.00 -10 -10 -10 -100    0 -1000 -1000 -10
360 54 pedestrian 0 0 -10 642.60 157.57 699.43 176.02 -10 -10 -10 -100    0 -1000 -1000 -10
360 35 pedestrian 0 0 -10 991.25 142.12 1029.85 223.01 -10 -10 -10 -100    0 -1000 -1000 -10
360 50 pedestrian 0 0 -10 803.82 158.52 929.25 211.28 -10 -10 -10 -100    0 -1000 -1000 -10
360 39 pedestrian 0 0 -10 874.39 148.77 917.54 196.65 -10 -10 -10 -100    0 -1000 -1000 -10
360 12 pedestrian 0 0 -10 0.00 204.62 303.42 370.00 -10 -10 -10 -100    0 -1000 -1000 -10
361 54 pedestrian 0 0 -10 642.50 159.44 696.28 178.36 -10 -10 -10 -100    0 -1000 -1000 -10
361 35 pedestrian 0 0 -10 991.18 142.27 1029.84 223.08 -10 -10 -10 -100    0 -1000 -1000 -10
361 50 pedestrian 0 0 -10 825.73 158.06 953.01 210.89 -10 -10 -10 -100    0 -1000 -1000 -10
361 39 pedestrian 0 0 -10 873.77 147.60 917.91 197.37 -10 -10 -10 -100    0 -1000 -1000 -10
361 12 pedestrian 0 0 -10 0.00 204.54 303.35 370.00 -10 -10 -10 -100    0 -1000 -1000 -10
362 54 pedestrian 0 0 -10 642.71 159.71 697.04 177.74 -10 -10 -10 -100    0 -1000 -1000 -10
362 35 pedestrian 0 0 -10 991.71 142.43 1029.89 222.89 -10 -10 -10 -100    0 -1000 -1000 -10
362 50 pedestrian 0 0 -10 846.94 157.07 977.70 210.58 -10 -10 -10 -100    0 -1000 -1000 -10
362 39 pedestrian 0 0 -10 873.45 149.08 916.28 197.45 -10 -10 -10 -100    0 -1000 -1000 -10
362 12 pedestrian 0 0 -10 0.00 204.56 303.34 370.00 -10 -10 -10 -100    0 -1000 -1000 -10
363 54 pedestrian 0 0 -10 640.63 159.53 694.51 178.29 -10 -10 -10 -100    0 -1000 -1000 -10
363 35 pedestrian 0 0 -10 991.05 142.53 1029.21 222.76 -10 -10 -10 -100    0 -1000 -1000 -10
363 50 pedestrian 0 0 -10 868.67 155.51 1001.97 210.45 -10 -10 -10 -100    0 -1000 -1000 -10
363 39 pedestrian 0 0 -10 872.51 149.07 916.45 198.89 -10 -10 -10 -100    0 -1000 -1000 -10
363 12 pedestrian 0 0 -10 0.00 204.63 303.33 370.00 -10 -10 -10 -100    0 -1000 -1000 -10
364 54 pedestrian 0 0 -10 640.51 159.51 694.27 178.07 -10 -10 -10 -100    0 -1000 -1000 -10
364 35 pedestrian 0 0 -10 991.65 142.23 1029.16 222.62 -10 -10 -10 -100    0 -1000 -1000 -10
364 50 pedestrian 0 0 -10 892.16 155.60 1025.67 209.88 -10 -10 -10 -100    0 -1000 -1000 -10
364 39 pedestrian 0 0 -10 872.63 149.29 917.18 196.73 -10 -10 -10 -100    0 -1000 -1000 -10
364 12 pedestrian 0 0 -10 0.00 204.46 303.36 370.00 -10 -10 -10 -100    0 -1000 -1000 -10
365 54 pedestrian 0 0 -10 639.72 159.04 691.79 178.16 -10 -10 -10 -100    0 -1000 -1000 -10
365 35 pedestrian 0 0 -10 992.26 142.31 1029.67 222.87 -10 -10 -10 -100    0 -1000 -1000 -10
365 50 pedestrian 0 0 -10 914.43 155.62 1055.43 208.81 -10 -10 -10 -100    0 -1000 -1000 -10
365 39 pedestrian 0 0 -10 872.60 149.77 916.84 197.71 -10 -10 -10 -100    0 -1000 -1000 -10
365 12 pedestrian 0 0 -10 0.00 204.59 303.40 370.00 -10 -10 -10 -100    0 -1000 -1000 -10
366 54 pedestrian 0 0 -10 638.88 159.18 691.00 177.98 -10 -10 -10 -100    0 -1000 -1000 -10
366 35 pedestrian 0 0 -10 992.04 141.92 1029.74 222.79 -10 -10 -10 -100    0 -1000 -1000 -10
366 50 pedestrian 0 0 -10 936.48 154.80 1077.09 208.31 -10 -10 -10 -100    0 -1000 -1000 -10
366 39 pedestrian 0 0 -10 872.73 149.77 916.62 197.69 -10 -10 -10 -100    0 -1000 -1000 -10
366 12 pedestrian 0 0 -10 0.00 204.59 303.40 370.00 -10 -10 -10 -100    0 -1000 -1000 -10
367 54 pedestrian 0 0 -10 637.49 158.94 689.38 177.92 -10 -10 -10 -100    0 -1000 -1000 -10
367 35 pedestrian 0 0 -10 994.37 141.89 1030.28 222.31 -10 -10 -10 -100    0 -1000 -1000 -10
367 50 pedestrian 0 0 -10 958.36 153.77 1099.47 207.48 -10 -10 -10 -100    0 -1000 -1000 -10
367 39 pedestrian 0 0 -10 873.13 149.73 917.10 197.50 -10 -10 -10 -100    0 -1000 -1000 -10
367 12 pedestrian 0 0 -10 0.00 204.41 303.35 370.00 -10 -10 -10 -100    0 -1000 -1000 -10
368 54 pedestrian 0 0 -10 637.33 159.08 688.57 177.93 -10 -10 -10 -100    0 -1000 -1000 -10
368 35 pedestrian 0 0 -10 990.71 141.63 1029.81 222.76 -10 -10 -10 -100    0 -1000 -1000 -10
368 50 pedestrian 0 0 -10 977.86 152.12 1124.61 206.25 -10 -10 -10 -100    0 -1000 -1000 -10
368 39 pedestrian 0 0 -10 873.12 149.88 916.58 197.49 -10 -10 -10 -100    0 -1000 -1000 -10
368 12 pedestrian 0 0 -10 0.00 204.53 303.25 370.00 -10 -10 -10 -100    0 -1000 -1000 -10
369 54 pedestrian 0 0 -10 636.31 159.03 687.43 178.02 -10 -10 -10 -100    0 -1000 -1000 -10
369 35 pedestrian 0 0 -10 991.60 141.76 1030.30 222.92 -10 -10 -10 -100    0 -1000 -1000 -10
369 50 pedestrian 0 0 -10 997.58 151.54 1144.56 204.94 -10 -10 -10 -100    0 -1000 -1000 -10
369 39 pedestrian 0 0 -10 873.23 149.86 916.77 197.29 -10 -10 -10 -100    0 -1000 -1000 -10
369 12 pedestrian 0 0 -10 0.00 204.47 303.26 370.00 -10 -10 -10 -100    0 -1000 -1000 -10
370 35 pedestrian 0 0 -10 990.91 142.06 1029.23 222.92 -10 -10 -10 -100    0 -1000 -1000 -10
370 54 pedestrian 0 0 -10 635.31 159.05 686.55 178.15 -10 -10 -10 -100    0 -1000 -1000 -10
370 50 pedestrian 0 0 -10 1026.44 149.60 1168.35 202.06 -10 -10 -10 -100    0 -1000 -1000 -10
370 39 pedestrian 0 0 -10 873.25 149.94 916.66 197.31 -10 -10 -10 -100    0 -1000 -1000 -10
370 12 pedestrian 0 0 -10 0.00 204.41 303.26 370.00 -10 -10 -10 -100    0 -1000 -1000 -10
371 35 pedestrian 0 0 -10 991.15 141.93 1029.34 223.08 -10 -10 -10 -100    0 -1000 -1000 -10
371 54 pedestrian 0 0 -10 633.10 158.98 685.34 178.32 -10 -10 -10 -100    0 -1000 -1000 -10
371 50 pedestrian 0 0 -10 1050.21 147.44 1192.82 199.98 -10 -10 -10 -100    0 -1000 -1000 -10
371 39 pedestrian 0 0 -10 873.33 149.89 916.84 197.29 -10 -10 -10 -100    0 -1000 -1000 -10
371 12 pedestrian 0 0 -10 0.00 204.38 303.29 370.00 -10 -10 -10 -100    0 -1000 -1000 -10
372 35 pedestrian 0 0 -10 991.37 142.09 1029.85 222.84 -10 -10 -10 -100    0 -1000 -1000 -10
372 54 pedestrian 0 0 -10 632.10 159.06 685.26 178.24 -10 -10 -10 -100    0 -1000 -1000 -10
372 50 pedestrian 0 0 -10 1071.08 146.19 1213.89 198.75 -10 -10 -10 -100    0 -1000 -1000 -10
372 39 pedestrian 0 0 -10 873.34 149.96 916.72 197.27 -10 -10 -10 -100    0 -1000 -1000 -10
372 12 pedestrian 0 0 -10 0.00 204.40 303.33 370.00 -10 -10 -10 -100    0 -1000 -1000 -10
373 35 pedestrian 0 0 -10 991.42 142.27 1029.72 222.81 -10 -10 -10 -100    0 -1000 -1000 -10
373 54 pedestrian 0 0 -10 630.02 159.02 683.64 178.84 -10 -10 -10 -100    0 -1000 -1000 -10
373 50 pedestrian 0 0 -10 1092.06 145.38 1223.98 198.56 -10 -10 -10 -100    0 -1000 -1000 -10
373 39 pedestrian 0 0 -10 873.21 149.96 916.55 197.33 -10 -10 -10 -100    0 -1000 -1000 -10
373 12 pedestrian 0 0 -10 0.00 204.36 303.27 370.00 -10 -10 -10 -100    0 -1000 -1000 -10
374 35 pedestrian 0 0 -10 991.38 141.85 1029.82 222.79 -10 -10 -10 -100    0 -1000 -1000 -10
374 54 pedestrian 0 0 -10 630.43 158.78 683.73 178.84 -10 -10 -10 -100    0 -1000 -1000 -10
374 50 pedestrian 0 0 -10 1114.07 144.58 1224.00 196.67 -10 -10 -10 -100    0 -1000 -1000 -10
374 39 pedestrian 0 0 -10 873.44 149.83 916.75 197.33 -10 -10 -10 -100    0 -1000 -1000 -10
374 12 pedestrian 0 0 -10 0.00 204.36 303.24 370.00 -10 -10 -10 -100    0 -1000 -1000 -10
375 35 pedestrian 0 0 -10 991.38 141.98 1029.80 222.78 -10 -10 -10 -100    0 -1000 -1000 -10
375 54 pedestrian 0 0 -10 626.68 159.13 682.36 179.10 -10 -10 -10 -100    0 -1000 -1000 -10
375 50 pedestrian 0 0 -10 1134.02 144.68 1223.71 195.33 -10 -10 -10 -100    0 -1000 -1000 -10
375 39 pedestrian 0 0 -10 873.44 149.94 916.77 197.25 -10 -10 -10 -100    0 -1000 -1000 -10
375 12 pedestrian 0 0 -10 0.00 204.25 303.25 370.00 -10 -10 -10 -100    0 -1000 -1000 -10
