0 10 pedestrian 0 0 -10 523.83 135.78 538.98 195.03 -10 -10 -10 -100    0 -1000 -1000 -10
0 9 pedestrian 0 0 -10 486.72 136.90 504.75 192.05 -10 -10 -10 -100    0 -1000 -1000 -10
0 8 pedestrian 0 0 -10 571.04 115.05 701.84 151.54 -10 -10 -10 -100    0 -1000 -1000 -10
0 7 pedestrian 0 0 -10 567.02 138.70 580.66 193.48 -10 -10 -10 -100    0 -1000 -1000 -10
0 6 pedestrian 0 0 -10 497.00 132.13 527.87 183.97 -10 -10 -10 -100    0 -1000 -1000 -10
0 5 pedestrian 0 0 -10 468.53 134.73 552.93 355.81 -10 -10 -10 -100    0 -1000 -1000 -10
0 4 pedestrian 0 0 -10 389.69 144.05 497.70 370.00 -10 -10 -10 -100    0 -1000 -1000 -10
0 3 pedestrian 0 0 -10 85.50 108.99 258.58 335.13 -10 -10 -10 -100    0 -1000 -1000 -10
0 2 pedestrian 0 0 -10 700.79 107.82 1221.23 164.25 -10 -10 -10 -100    0 -1000 -1000 -10
0 1 pedestrian 0 0 -10 221.22 122.34 387.10 239.71 -10 -10 -10 -100    0 -1000 -1000 -10
1 9 pedestrian 0 0 -10 486.70 138.96 504.43 203.91 -10 -10 -10 -100    0 -1000 -1000 -10
1 7 pedestrian 0 0 -10 567.79 139.05 581.08 192.75 -10 -10 -10 -100    0 -1000 -1000 -10
1 6 pedestrian 0 0 -10 497.91 132.50 534.11 179.29 -10 -10 -10 -100    0 -1000 -1000 -10
1 5 pedestrian 0 0 -10 481.90 135.01 564.71 358.71 -10 -10 -10 -100    0 -1000 -1000 -10
1 4 pedestrian 0 0 -10 404.43 142.54 502.30 370.00 -10 -10 -10 -100    0 -1000 -1000 -10
1 3 pedestrian 0 0 -10 85.80 108.65 259.36 335.41 -10 -10 -10 -100    0 -1000 -1000 -10
1 2 pedestrian 0 0 -10 699.36 107.79 1221.09 164.34 -10 -10 -10 -100    0 -1000 -1000 -10
1 1 pedestrian 0 0 -10 221.38 122.08 386.57 239.90 -10 -10 -10 -100    0 -1000 -1000 -10
2 11 pedestrian 0 0 -10 504.52 132.02 529.98 183.58 -10 -10 -10 -100    0 -1000 -1000 -10
2 9 pedestrian 0 0 -10 487.80 138.53 505.11 201.39 -10 -10 -10 -100    0 -1000 -1000 -10
2 8 pedestrian 0 0 -10 570.29 115.24 702.22 151.59 -10 -10 -10 -100    0 -1000 -1000 -10
2 7 pedestrian 0 0 -10 567.34 139.56 581.65 192.92 -10 -10 -10 -100    0 -1000 -1000 -10
2 6 pedestrian 0 0 -10 497.54 131.23 532.40 179.61 -10 -10 -10 -100    0 -1000 -1000 -10
2 5 pedestrian 0 0 -10 500.93 133.07 572.74 360.97 -10 -10 -10 -100    0 -1000 -1000 -10
2 4 pedestrian 0 0 -10 417.60 143.36 507.84 370.00 -10 -10 -10 -100    0 -1000 -1000 -10
2 3 pedestrian 0 0 -10 85.71 109.97 259.12 335.75 -10 -10 -10 -100    0 -1000 -1000 -10
2 2 pedestrian 0 0 -10 699.13 107.67 1220.93 164.18 -10 -10 -10 -100    0 -1000 -1000 -10
2 1 pedestrian 0 0 -10 221.95 122.24 386.47 238.65 -10 -10 -10 -100    0 -1000 -1000 -10
3 9 pedestrian 0 0 -10 485.72 138.59 505.72 202.93 -10 -10 -10 -100    0 -1000 -1000 -10
3 7 pedestrian 0 0 -10 566.55 138.96 581.25 193.20 -10 -10 -10 -100    0 -1000 -1000 -10
3 6 pedestrian 0 0 -10 495.80 130.23 528.19 179.77 -10 -10 -10 -100    0 -1000 -1000 -10
3 5 pedestrian 0 0 -10 511.48 130.58 586.88 369.33 -10 -10 -10 -100    0 -1000 -1000 -10
3 4 pedestrian 0 0 -10 436.15 143.00 520.11 370.00 -10 -10 -10 -100    0 -1000 -1000 -10
3 3 pedestrian 0 0 -10 85.42 109.51 259.59 335.15 -10 -10 -10 -100    0 -1000 -1000 -10
3 2 pedestrian 0 0 -10 698.47 107.75 1220.92 164.28 -10 -10 -10 -100    0 -1000 -1000 -10
3 1 pedestrian 0 0 -10 221.85 122.12 386.44 238.42 -10 -10 -10 -100    0 -1000 -1000 -10
4 9 pedestrian 0 0 -10 485.94 138.85 508.46 202.13 -10 -10 -10 -100    0 -1000 -1000 -10
4 8 pedestrian 0 0 -10 572.55 114.89 702.59 151.90 -10 -10 -10 -100    0 -1000 -1000 -10
4 7 pedestrian 0 0 -10 570.31 139.95 581.98 191.02 -10 -10 -10 -100    0 -1000 -1000 -10
4 6 pedestrian 0 0 -10 495.41 129.64 526.84 182.34 -10 -10 -10 -100    0 -1000 -1000 -10
4 5 pedestrian 0 0 -10 521.54 134.13 599.54 370.00 -10 -10 -10 -100    0 -1000 -1000 -10
4 4 pedestrian 0 0 -10 447.53 141.80 537.59 370.00 -10 -10 -10 -100    0 -1000 -1000 -10
4 3 pedestrian 0 0 -10 84.98 109.26 259.54 335.55 -10 -10 -10 -100    0 -1000 -1000 -10
4 2 pedestrian 0 0 -10 700.17 107.72 1220.75 164.28 -10 -10 -10 -100    0 -1000 -1000 -10
4 1 pedestrian 0 0 -10 221.96 121.95 386.68 238.58 -10 -10 -10 -100    0 -1000 -1000 -10
5 10 pedestrian 0 0 -10 522.17 130.38 538.49 194.97 -10 -10 -10 -100    0 -1000 -1000 -10
5 8 pedestrian 0 0 -10 573.24 114.79 701.46 151.60 -10 -10 -10 -100    0 -1000 -1000 -10
5 6 pedestrian 0 0 -10 490.40 129.59 526.09 178.87 -10 -10 -10 -100    0 -1000 -1000 -10
5 5 pedestrian 0 0 -10 529.98 132.77 609.62 370.00 -10 -10 -10 -100    0 -1000 -1000 -10
5 4 pedestrian 0 0 -10 456.07 146.41 555.23 370.00 -10 -10 -10 -100    0 -1000 -1000 -10
5 3 pedestrian 0 0 -10 85.05 109.55 259.59 335.27 -10 -10 -10 -100    0 -1000 -1000 -10
5 2 pedestrian 0 0 -10 700.70 107.80 1220.43 164.38 -10 -10 -10 -100    0 -1000 -1000 -10
5 1 pedestrian 0 0 -10 221.87 122.18 387.03 238.64 -10 -10 -10 -100    0 -1000 -1000 -10
6 10 pedestrian 0 0 -10 522.76 130.47 537.39 192.64 -10 -10 -10 -100    0 -1000 -1000 -10
6 8 pedestrian 0 0 -10 573.70 115.46 700.27 151.42 -10 -10 -10 -100    0 -1000 -1000 -10
6 6 pedestrian 0 0 -10 488.88 129.67 522.56 183.89 -10 -10 -10 -100    0 -1000 -1000 -10
6 5 pedestrian 0 0 -10 537.39 134.11 617.22 370.00 -10 -10 -10 -100    0 -1000 -1000 -10
6 4 pedestrian 0 0 -10 464.20 144.22 575.31 370.00 -10 -10 -10 -100    0 -1000 -1000 -10
6 3 pedestrian 0 0 -10 85.42 110.34 259.77 334.71 -10 -10 -10 -100    0 -1000 -1000 -10
6 2 pedestrian 0 0 -10 699.91 107.87 1220.81 164.51 -10 -10 -10 -100    0 -1000 -1000 -10
6 1 pedestrian 0 0 -10 222.28 122.41 386.87 238.90 -10 -10 -10 -100    0 -1000 -1000 -10
7 10 pedestrian 0 0 -10 519.60 128.83 537.91 192.74 -10 -10 -10 -100    0 -1000 -1000 -10
7 8 pedestrian 0 0 -10 573.04 115.88 699.90 151.53 -10 -10 -10 -100    0 -1000 -1000 -10
7 6 pedestrian 0 0 -10 487.78 130.49 521.07 185.36 -10 -10 -10 -100    0 -1000 -1000 -10
7 5 pedestrian 0 0 -10 561.09 134.52 627.62 370.00 -10 -10 -10 -100    0 -1000 -1000 -10
7 4 pedestrian 0 0 -10 484.18 146.78 578.04 370.00 -10 -10 -10 -100    0 -1000 -1000 -10
7 3 pedestrian 0 0 -10 85.85 110.33 260.65 335.51 -10 -10 -10 -100    0 -1000 -1000 -10
7 2 pedestrian 0 0 -10 699.40 107.79 1220.36 164.22 -10 -10 -10 -100    0 -1000 -1000 -10
7 1 pedestrian 0 0 -10 222.34 122.36 386.68 238.66 -10 -10 -10 -100    0 -1000 -1000 -10
8 10 pedestrian 0 0 -10 521.81 129.38 538.66 193.64 -10 -10 -10 -100    0 -1000 -1000 -10
8 9 pedestrian 0 0 -10 495.68 140.00 515.35 208.62 -10 -10 -10 -100    0 -1000 -1000 -10
8 8 pedestrian 0 0 -10 573.22 115.97 699.92 151.29 -10 -10 -10 -100    0 -1000 -1000 -10
8 6 pedestrian 0 0 -10 484.12 131.53 519.36 186.98 -10 -10 -10 -100    0 -1000 -1000 -10
8 5 pedestrian 0 0 -10 581.22 135.28 641.10 370.00 -10 -10 -10 -100    0 -1000 -1000 -10
8 4 pedestrian 0 0 -10 508.77 145.48 581.98 370.00 -10 -10 -10 -100    0 -1000 -1000 -10
8 2 pedestrian 0 0 -10 699.88 107.83 1220.12 164.12 -10 -10 -10 -100    0 -1000 -1000 -10
8 1 pedestrian 0 0 -10 220.99 122.34 387.41 240.46 -10 -10 -10 -100    0 -1000 -1000 -10
9 10 pedestrian 0 0 -10 520.04 130.49 538.53 195.67 -10 -10 -10 -100    0 -1000 -1000 -10
9 9 pedestrian 0 0 -10 497.05 139.00 515.64 207.54 -10 -10 -10 -100    0 -1000 -1000 -10
9 8 pedestrian 0 0 -10 573.74 115.88 699.48 150.96 -10 -10 -10 -100    0 -1000 -1000 -10
9 6 pedestrian 0 0 -10 477.79 131.96 513.91 187.29 -10 -10 -10 -100    0 -1000 -1000 -10
9 5 pedestrian 0 0 -10 591.76 136.48 661.69 370.00 -10 -10 -10 -100    0 -1000 -1000 -10
9 4 pedestrian 0 0 -10 520.71 143.10 614.71 370.00 -10 -10 -10 -100    0 -1000 -1000 -10
9 2 pedestrian 0 0 -10 699.39 107.83 1219.88 164.21 -10 -10 -10 -100    0 -1000 -1000 -10
9 1 pedestrian 0 0 -10 221.94 122.81 387.52 238.43 -10 -10 -10 -100    0 -1000 -1000 -10
10 10 pedestrian 0 0 -10 519.40 130.12 536.76 195.70 -10 -10 -10 -100    0 -1000 -1000 -10
10 9 pedestrian 0 0 -10 499.12 140.36 516.79 208.23 -10 -10 -10 -100    0 -1000 -1000 -10
10 8 pedestrian 0 0 -10 573.91 116.26 699.41 151.29 -10 -10 -10 -100    0 -1000 -1000 -10
10 6 pedestrian 0 0 -10 475.45 132.95 509.74 188.48 -10 -10 -10 -100    0 -1000 -1000 -10
10 5 pedestrian 0 0 -10 596.38 136.84 683.14 370.00 -10 -10 -10 -100    0 -1000 -1000 -10
10 4 pedestrian 0 0 -10 530.07 142.08 638.81 370.00 -10 -10 -10 -100    0 -1000 -1000 -10
10 2 pedestrian 0 0 -10 698.91 107.83 1220.16 164.34 -10 -10 -10 -100    0 -1000 -1000 -10
10 1 pedestrian 0 0 -10 220.95 122.68 386.99 237.78 -10 -10 -10 -100    0 -1000 -1000 -10
11 13 pedestrian 0 0 -10 242.90 133.74 316.63 333.89 -10 -10 -10 -100    0 -1000 -1000 -10
11 10 pedestrian 0 0 -10 518.94 133.18 535.80 197.55 -10 -10 -10 -100    0 -1000 -1000 -10
11 9 pedestrian 0 0 -10 500.15 140.30 517.89 208.40 -10 -10 -10 -100    0 -1000 -1000 -10
11 8 pedestrian 0 0 -10 573.69 116.43 700.11 151.42 -10 -10 -10 -100    0 -1000 -1000 -10
11 6 pedestrian 0 0 -10 474.63 133.43 507.44 189.27 -10 -10 -10 -100    0 -1000 -1000 -10
11 5 pedestrian 0 0 -10 596.95 137.49 681.99 370.00 -10 -10 -10 -100    0 -1000 -1000 -10
11 4 pedestrian 0 0 -10 542.28 139.65 655.89 370.00 -10 -10 -10 -100    0 -1000 -1000 -10
11 2 pedestrian 0 0 -10 698.69 107.82 1220.29 164.19 -10 -10 -10 -100    0 -1000 -1000 -10
11 1 pedestrian 0 0 -10 219.32 121.59 387.13 239.02 -10 -10 -10 -100    0 -1000 -1000 -10
12 13 pedestrian 0 0 -10 259.04 131.79 324.09 336.45 -10 -10 -10 -100    0 -1000 -1000 -10
12 12 pedestrian 0 0 -10 543.93 138.47 560.56 197.80 -10 -10 -10 -100    0 -1000 -1000 -10
12 10 pedestrian 0 0 -10 518.57 131.20 535.33 197.66 -10 -10 -10 -100    0 -1000 -1000 -10
12 9 pedestrian 0 0 -10 501.48 141.43 520.65 209.52 -10 -10 -10 -100    0 -1000 -1000 -10
12 8 pedestrian 0 0 -10 574.00 116.51 700.27 151.88 -10 -10 -10 -100    0 -1000 -1000 -10
12 6 pedestrian 0 0 -10 472.96 132.78 505.87 189.25 -10 -10 -10 -100    0 -1000 -1000 -10
12 5 pedestrian 0 0 -10 605.42 135.84 685.18 370.00 -10 -10 -10 -100    0 -1000 -1000 -10
12 4 pedestrian 0 0 -10 558.11 138.47 666.20 370.00 -10 -10 -10 -100    0 -1000 -1000 -10
12 2 pedestrian 0 0 -10 698.17 107.78 1220.71 164.13 -10 -10 -10 -100    0 -1000 -1000 -10
12 1 pedestrian 0 0 -10 220.74 122.20 386.35 236.98 -10 -10 -10 -100    0 -1000 -1000 -10
13 13 pedestrian 0 0 -10 269.96 131.56 338.88 337.44 -10 -10 -10 -100    0 -1000 -1000 -10
13 12 pedestrian 0 0 -10 544.48 139.05 560.29 198.04 -10 -10 -10 -100    0 -1000 -1000 -10
13 10 pedestrian 0 0 -10 518.62 131.16 535.22 197.20 -10 -10 -10 -100    0 -1000 -1000 -10
13 9 pedestrian 0 0 -10 503.74 140.44 523.04 209.77 -10 -10 -10 -100    0 -1000 -1000 -10
13 8 pedestrian 0 0 -10 574.42 116.57 699.90 151.65 -10 -10 -10 -100    0 -1000 -1000 -10
13 7 pedestrian 0 0 -10 571.03 137.17 586.69 195.46 -10 -10 -10 -100    0 -1000 -1000 -10
13 6 pedestrian 0 0 -10 469.98 133.14 501.94 189.91 -10 -10 -10 -100    0 -1000 -1000 -10
13 5 pedestrian 0 0 -10 624.66 135.25 705.52 370.00 -10 -10 -10 -100    0 -1000 -1000 -10
13 4 pedestrian 0 0 -10 578.81 138.70 669.81 370.00 -10 -10 -10 -100    0 -1000 -1000 -10
13 2 pedestrian 0 0 -10 696.77 107.81 1220.05 164.01 -10 -10 -10 -100    0 -1000 -1000 -10
13 1 pedestrian 0 0 -10 220.24 122.60 387.06 238.95 -10 -10 -10 -100    0 -1000 -1000 -10
14 13 pedestrian 0 0 -10 283.62 134.09 353.62 340.20 -10 -10 -10 -100    0 -1000 -1000 -10
14 12 pedestrian 0 0 -10 543.66 138.42 559.36 198.19 -10 -10 -10 -100    0 -1000 -1000 -10
14 9 pedestrian 0 0 -10 504.91 140.70 523.73 209.67 -10 -10 -10 -100    0 -1000 -1000 -10
14 8 pedestrian 0 0 -10 574.21 116.39 699.43 151.08 -10 -10 -10 -100    0 -1000 -1000 -10
14 7 pedestrian 0 0 -10 571.56 140.02 588.45 199.02 -10 -10 -10 -100    0 -1000 -1000 -10
14 6 pedestrian 0 0 -10 466.90 133.42 499.67 190.83 -10 -10 -10 -100    0 -1000 -1000 -10
14 5 pedestrian 0 0 -10 652.33 132.93 721.14 370.00 -10 -10 -10 -100    0 -1000 -1000 -10
14 4 pedestrian 0 0 -10 596.49 138.18 672.81 370.00 -10 -10 -10 -100    0 -1000 -1000 -10
14 2 pedestrian 0 0 -10 697.34 107.78 1220.33 164.02 -10 -10 -10 -100    0 -1000 -1000 -10
14 1 pedestrian 0 0 -10 220.19 122.27 386.62 237.91 -10 -10 -10 -100    0 -1000 -1000 -10
15 14 pedestrian 0 0 -10 272.34 113.40 333.63 350.97 -10 -10 -10 -100    0 -1000 -1000 -10
15 13 pedestrian 0 0 -10 297.18 136.19 362.90 342.93 -10 -10 -10 -100    0 -1000 -1000 -10
15 12 pedestrian 0 0 -10 543.77 138.25 559.41 199.43 -10 -10 -10 -100    0 -1000 -1000 -10
15 9 pedestrian 0 0 -10 507.47 138.66 526.55 210.87 -10 -10 -10 -100    0 -1000 -1000 -10
15 8 pedestrian 0 0 -10 573.78 116.50 699.28 151.58 -10 -10 -10 -100    0 -1000 -1000 -10
15 7 pedestrian 0 0 -10 571.78 139.75 588.06 198.50 -10 -10 -10 -100    0 -1000 -1000 -10
15 6 pedestrian 0 0 -10 464.29 134.29 495.77 191.23 -10 -10 -10 -100    0 -1000 -1000 -10
15 5 pedestrian 0 0 -10 654.79 132.14 734.54 370.00 -10 -10 -10 -100    0 -1000 -1000 -10
15 4 pedestrian 0 0 -10 591.30 139.07 691.74 370.00 -10 -10 -10 -100    0 -1000 -1000 -10
15 2 pedestrian 0 0 -10 697.91 107.81 1220.26 163.93 -10 -10 -10 -100    0 -1000 -1000 -10
15 1 pedestrian 0 0 -10 221.04 121.70 385.73 236.89 -10 -10 -10 -100    0 -1000 -1000 -10
16 14 pedestrian 0 0 -10 271.22 114.33 331.45 353.68 -10 -10 -10 -100    0 -1000 -1000 -10
16 13 pedestrian 0 0 -10 314.78 136.07 375.20 342.63 -10 -10 -10 -100    0 -1000 -1000 -10
16 12 pedestrian 0 0 -10 543.56 139.02 559.48 199.30 -10 -10 -10 -100    0 -1000 -1000 -10
16 9 pedestrian 0 0 -10 509.65 138.35 529.16 212.65 -10 -10 -10 -100    0 -1000 -1000 -10
16 8 pedestrian 0 0 -10 573.83 116.69 699.62 151.82 -10 -10 -10 -100    0 -1000 -1000 -10
16 7 pedestrian 0 0 -10 572.51 138.28 587.93 197.59 -10 -10 -10 -100    0 -1000 -1000 -10
16 6 pedestrian 0 0 -10 459.93 133.45 493.96 192.09 -10 -10 -10 -100    0 -1000 -1000 -10
16 5 pedestrian 0 0 -10 664.13 133.95 750.44 370.00 -10 -10 -10 -100    0 -1000 -1000 -10
16 4 pedestrian 0 0 -10 592.79 140.43 712.09 370.00 -10 -10 -10 -100    0 -1000 -1000 -10
16 2 pedestrian 0 0 -10 698.25 107.85 1220.12 163.89 -10 -10 -10 -100    0 -1000 -1000 -10
16 1 pedestrian 0 0 -10 220.98 121.20 386.75 239.38 -10 -10 -10 -100    0 -1000 -1000 -10
17 14 pedestrian 0 0 -10 266.75 112.75 331.49 355.43 -10 -10 -10 -100    0 -1000 -1000 -10
17 13 pedestrian 0 0 -10 318.88 135.77 400.29 344.30 -10 -10 -10 -100    0 -1000 -1000 -10
17 12 pedestrian 0 0 -10 543.99 138.96 560.10 200.13 -10 -10 -10 -100    0 -1000 -1000 -10
17 9 pedestrian 0 0 -10 511.52 137.71 531.31 212.41 -10 -10 -10 -100    0 -1000 -1000 -10
17 8 pedestrian 0 0 -10 573.85 116.56 700.33 151.92 -10 -10 -10 -100    0 -1000 -1000 -10
17 7 pedestrian 0 0 -10 574.29 139.02 589.68 198.51 -10 -10 -10 -100    0 -1000 -1000 -10
17 6 pedestrian 0 0 -10 456.20 133.43 491.82 193.45 -10 -10 -10 -100    0 -1000 -1000 -10
17 5 pedestrian 0 0 -10 670.38 133.44 759.31 370.00 -10 -10 -10 -100    0 -1000 -1000 -10
17 4 pedestrian 0 0 -10 605.58 140.69 718.03 370.00 -10 -10 -10 -100    0 -1000 -1000 -10
17 2 pedestrian 0 0 -10 699.33 107.67 1218.39 164.04 -10 -10 -10 -100    0 -1000 -1000 -10
17 1 pedestrian 0 0 -10 220.87 121.09 387.66 238.58 -10 -10 -10 -100    0 -1000 -1000 -10
18 14 pedestrian 0 0 -10 269.56 113.08 334.84 360.77 -10 -10 -10 -100    0 -1000 -1000 -10
18 13 pedestrian 0 0 -10 322.93 132.78 422.16 342.11 -10 -10 -10 -100    0 -1000 -1000 -10
18 12 pedestrian 0 0 -10 544.46 138.02 561.51 200.23 -10 -10 -10 -100    0 -1000 -1000 -10
18 9 pedestrian 0 0 -10 512.63 140.45 532.22 213.27 -10 -10 -10 -100    0 -1000 -1000 -10
18 8 pedestrian 0 0 -10 573.75 115.67 699.51 151.79 -10 -10 -10 -100    0 -1000 -1000 -10
18 7 pedestrian 0 0 -10 575.12 140.66 591.50 199.01 -10 -10 -10 -100    0 -1000 -1000 -10
18 6 pedestrian 0 0 -10 449.77 134.23 487.74 193.07 -10 -10 -10 -100    0 -1000 -1000 -10
18 5 pedestrian 0 0 -10 684.77 132.55 774.70 370.00 -10 -10 -10 -100    0 -1000 -1000 -10
18 4 pedestrian 0 0 -10 630.81 141.19 731.41 370.00 -10 -10 -10 -100    0 -1000 -1000 -10
18 2 pedestrian 0 0 -10 698.84 107.75 1220.28 163.92 -10 -10 -10 -100    0 -1000 -1000 -10
18 1 pedestrian 0 0 -10 221.21 121.10 387.39 238.80 -10 -10 -10 -100    0 -1000 -1000 -10
19 14 pedestrian 0 0 -10 276.93 112.98 351.49 366.44 -10 -10 -10 -100    0 -1000 -1000 -10
19 13 pedestrian 0 0 -10 326.55 131.46 428.52 344.26 -10 -10 -10 -100    0 -1000 -1000 -10
19 12 pedestrian 0 0 -10 544.63 134.92 562.63 199.76 -10 -10 -10 -100    0 -1000 -1000 -10
19 9 pedestrian 0 0 -10 513.29 139.24 533.47 213.09 -10 -10 -10 -100    0 -1000 -1000 -10
19 8 pedestrian 0 0 -10 573.24 116.19 700.80 151.44 -10 -10 -10 -100    0 -1000 -1000 -10
19 7 pedestrian 0 0 -10 575.99 140.48 592.84 200.09 -10 -10 -10 -100    0 -1000 -1000 -10
19 6 pedestrian 0 0 -10 444.39 133.15 485.69 194.37 -10 -10 -10 -100    0 -1000 -1000 -10
19 5 pedestrian 0 0 -10 704.53 130.61 780.74 370.00 -10 -10 -10 -100    0 -1000 -1000 -10
19 4 pedestrian 0 0 -10 663.69 137.39 751.46 370.00 -10 -10 -10 -100    0 -1000 -1000 -10
19 2 pedestrian 0 0 -10 699.94 107.78 1215.63 163.97 -10 -10 -10 -100    0 -1000 -1000 -10
19 1 pedestrian 0 0 -10 221.20 120.79 386.26 237.15 -10 -10 -10 -100    0 -1000 -1000 -10
20 16 pedestrian 0 0 -10 480.71 136.02 513.74 188.88 -10 -10 -10 -100    0 -1000 -1000 -10
20 15 pedestrian 0 0 -10 1019.54 136.84 1224.00 370.00 -10 -10 -10 -100    0 -1000 -1000 -10
20 14 pedestrian 0 0 -10 281.09 115.96 363.62 365.61 -10 -10 -10 -100    0 -1000 -1000 -10
20 13 pedestrian 0 0 -10 340.27 130.49 434.04 345.85 -10 -10 -10 -100    0 -1000 -1000 -10
20 12 pedestrian 0 0 -10 544.92 136.07 563.01 200.46 -10 -10 -10 -100    0 -1000 -1000 -10
20 9 pedestrian 0 0 -10 514.51 139.57 535.43 213.61 -10 -10 -10 -100    0 -1000 -1000 -10
20 8 pedestrian 0 0 -10 573.08 116.24 701.01 151.45 -10 -10 -10 -100    0 -1000 -1000 -10
20 7 pedestrian 0 0 -10 576.41 140.21 594.14 200.28 -10 -10 -10 -100    0 -1000 -1000 -10
20 6 pedestrian 0 0 -10 441.82 134.28 482.24 193.91 -10 -10 -10 -100    0 -1000 -1000 -10
20 5 pedestrian 0 0 -10 719.73 130.18 794.38 370.00 -10 -10 -10 -100    0 -1000 -1000 -10
20 4 pedestrian 0 0 -10 672.15 137.83 760.30 370.00 -10 -10 -10 -100    0 -1000 -1000 -10
20 2 pedestrian 0 0 -10 701.88 107.77 1215.20 164.06 -10 -10 -10 -100    0 -1000 -1000 -10
20 1 pedestrian 0 0 -10 221.16 121.69 385.84 238.72 -10 -10 -10 -100    0 -1000 -1000 -10
21 16 pedestrian 0 0 -10 480.26 136.78 515.55 190.23 -10 -10 -10 -100    0 -1000 -1000 -10
21 15 pedestrian 0 0 -10 990.71 139.89 1192.13 370.00 -10 -10 -10 -100    0 -1000 -1000 -10
21 14 pedestrian 0 0 -10 294.07 116.50 367.51 367.37 -10 -10 -10 -100    0 -1000 -1000 -10
21 13 pedestrian 0 0 -10 371.17 128.95 443.87 345.29 -10 -10 -10 -100    0 -1000 -1000 -10
21 12 pedestrian 0 0 -10 544.71 137.51 562.26 201.16 -10 -10 -10 -100    0 -1000 -1000 -10
21 9 pedestrian 0 0 -10 515.78 139.54 536.76 214.12 -10 -10 -10 -100    0 -1000 -1000 -10
21 8 pedestrian 0 0 -10 573.07 116.49 700.34 151.57 -10 -10 -10 -100    0 -1000 -1000 -10
21 7 pedestrian 0 0 -10 576.36 140.05 594.76 200.87 -10 -10 -10 -100    0 -1000 -1000 -10
21 6 pedestrian 0 0 -10 437.12 134.11 478.14 195.65 -10 -10 -10 -100    0 -1000 -1000 -10
21 5 pedestrian 0 0 -10 721.70 131.39 811.15 370.00 -10 -10 -10 -100    0 -1000 -1000 -10
21 4 pedestrian 0 0 -10 683.33 138.19 783.50 370.00 -10 -10 -10 -100    0 -1000 -1000 -10
21 2 pedestrian 0 0 -10 699.75 107.80 1214.93 163.77 -10 -10 -10 -100    0 -1000 -1000 -10
21 1 pedestrian 0 0 -10 221.03 122.29 385.65 239.22 -10 -10 -10 -100    0 -1000 -1000 -10
22 16 pedestrian 0 0 -10 479.87 136.12 517.27 189.85 -10 -10 -10 -100    0 -1000 -1000 -10
22 15 pedestrian 0 0 -10 976.03 143.30 1138.84 370.00 -10 -10 -10 -100    0 -1000 -1000 -10
22 14 pedestrian 0 0 -10 306.40 115.17 372.47 368.17 -10 -10 -10 -100    0 -1000 -1000 -10
22 13 pedestrian 0 0 -10 392.80 132.20 459.38 350.63 -10 -10 -10 -100    0 -1000 -1000 -10
22 12 pedestrian 0 0 -10 544.77 138.07 562.00 202.38 -10 -10 -10 -100    0 -1000 -1000 -10
22 9 pedestrian 0 0 -10 518.32 139.68 539.39 215.59 -10 -10 -10 -100    0 -1000 -1000 -10
22 8 pedestrian 0 0 -10 573.07 116.26 700.26 151.50 -10 -10 -10 -100    0 -1000 -1000 -10
22 7 pedestrian 0 0 -10 576.52 140.25 595.89 201.31 -10 -10 -10 -100    0 -1000 -1000 -10
22 6 pedestrian 0 0 -10 429.00 133.60 474.88 198.11 -10 -10 -10 -100    0 -1000 -1000 -10
22 5 pedestrian 0 0 -10 725.66 131.36 836.78 370.00 -10 -10 -10 -100    0 -1000 -1000 -10
22 4 pedestrian 0 0 -10 692.49 139.20 805.70 370.00 -10 -10 -10 -100    0 -1000 -1000 -10
22 2 pedestrian 0 0 -10 702.03 107.68 1221.10 163.79 -10 -10 -10 -100    0 -1000 -1000 -10
22 1 pedestrian 0 0 -10 220.77 122.70 387.02 238.41 -10 -10 -10 -100    0 -1000 -1000 -10
23 16 pedestrian 0 0 -10 479.89 134.75 518.63 189.43 -10 -10 -10 -100    0 -1000 -1000 -10
23 15 pedestrian 0 0 -10 957.25 141.53 1093.00 370.00 -10 -10 -10 -100    0 -1000 -1000 -10
23 14 pedestrian 0 0 -10 315.14 112.67 386.74 370.00 -10 -10 -10 -100    0 -1000 -1000 -10
23 13 pedestrian 0 0 -10 397.59 129.95 477.35 351.95 -10 -10 -10 -100    0 -1000 -1000 -10
23 12 pedestrian 0 0 -10 545.35 137.95 562.35 201.14 -10 -10 -10 -100    0 -1000 -1000 -10
23 9 pedestrian 0 0 -10 517.56 139.52 539.95 216.63 -10 -10 -10 -100    0 -1000 -1000 -10
23 8 pedestrian 0 0 -10 573.48 116.02 700.49 151.60 -10 -10 -10 -100    0 -1000 -1000 -10
23 7 pedestrian 0 0 -10 576.47 139.75 596.59 202.30 -10 -10 -10 -100    0 -1000 -1000 -10
23 6 pedestrian 0 0 -10 421.37 132.67 469.91 196.51 -10 -10 -10 -100    0 -1000 -1000 -10
23 4 pedestrian 0 0 -10 717.87 137.87 831.70 370.00 -10 -10 -10 -100    0 -1000 -1000 -10
23 2 pedestrian 0 0 -10 698.27 107.64 1218.36 164.26 -10 -10 -10 -100    0 -1000 -1000 -10
23 1 pedestrian 0 0 -10 220.54 121.70 386.57 238.60 -10 -10 -10 -100    0 -1000 -1000 -10
24 16 pedestrian 0 0 -10 479.68 133.55 520.87 187.72 -10 -10 -10 -100    0 -1000 -1000 -10
24 15 pedestrian 0 0 -10 929.69 140.43 1048.55 370.00 -10 -10 -10 -100    0 -1000 -1000 -10
24 14 pedestrian 0 0 -10 324.63 115.23 403.23 370.00 -10 -10 -10 -100    0 -1000 -1000 -10
24 13 pedestrian 0 0 -10 408.84 133.04 491.08 353.68 -10 -10 -10 -100    0 -1000 -1000 -10
24 12 pedestrian 0 0 -10 544.60 137.38 561.87 201.34 -10 -10 -10 -100    0 -1000 -1000 -10
24 9 pedestrian 0 0 -10 520.32 140.72 541.88 216.72 -10 -10 -10 -100    0 -1000 -1000 -10
24 8 pedestrian 0 0 -10 573.43 116.00 700.62 151.62 -10 -10 -10 -100    0 -1000 -1000 -10
24 7 pedestrian 0 0 -10 576.99 140.01 597.68 202.01 -10 -10 -10 -100    0 -1000 -1000 -10
24 6 pedestrian 0 0 -10 415.22 132.06 464.49 192.42 -10 -10 -10 -100    0 -1000 -1000 -10
24 4 pedestrian 0 0 -10 732.78 136.47 838.80 370.00 -10 -10 -10 -100    0 -1000 -1000 -10
24 2 pedestrian 0 0 -10 699.21 107.64 1220.53 163.93 -10 -10 -10 -100    0 -1000 -1000 -10
24 1 pedestrian 0 0 -10 221.06 122.31 386.46 238.38 -10 -10 -10 -100    0 -1000 -1000 -10
25 16 pedestrian 0 0 -10 479.62 133.74 521.71 187.16 -10 -10 -10 -100    0 -1000 -1000 -10
25 15 pedestrian 0 0 -10 901.41 139.42 1026.98 370.00 -10 -10 -10 -100    0 -1000 -1000 -10
25 14 pedestrian 0 0 -10 329.52 116.19 424.74 370.00 -10 -10 -10 -100    0 -1000 -1000 -10
25 13 pedestrian 0 0 -10 423.44 133.73 498.16 356.69 -10 -10 -10 -100    0 -1000 -1000 -10
25 12 pedestrian 0 0 -10 544.66 137.58 561.60 202.25 -10 -10 -10 -100    0 -1000 -1000 -10
25 9 pedestrian 0 0 -10 522.64 138.76 544.52 217.20 -10 -10 -10 -100    0 -1000 -1000 -10
25 8 pedestrian 0 0 -10 573.37 116.10 700.79 151.64 -10 -10 -10 -100    0 -1000 -1000 -10
25 7 pedestrian 0 0 -10 577.30 140.42 597.67 201.65 -10 -10 -10 -100    0 -1000 -1000 -10
25 6 pedestrian 0 0 -10 411.47 132.58 462.51 192.89 -10 -10 -10 -100    0 -1000 -1000 -10
25 2 pedestrian 0 0 -10 698.02 107.76 1221.08 164.09 -10 -10 -10 -100    0 -1000 -1000 -10
25 1 pedestrian 0 0 -10 221.54 122.69 386.35 238.51 -10 -10 -10 -100    0 -1000 -1000 -10
26 16 pedestrian 0 0 -10 476.91 132.56 522.44 186.72 -10 -10 -10 -100    0 -1000 -1000 -10
26 15 pedestrian 0 0 -10 870.53 144.25 1009.53 370.00 -10 -10 -10 -100    0 -1000 -1000 -10
26 14 pedestrian 0 0 -10 338.23 115.92 436.51 370.00 -10 -10 -10 -100    0 -1000 -1000 -10
26 13 pedestrian 0 0 -10 447.71 132.02 508.57 359.12 -10 -10 -10 -100    0 -1000 -1000 -10
26 12 pedestrian 0 0 -10 544.06 136.71 561.28 202.08 -10 -10 -10 -100    0 -1000 -1000 -10
26 9 pedestrian 0 0 -10 524.92 139.57 548.34 217.99 -10 -10 -10 -100    0 -1000 -1000 -10
26 8 pedestrian 0 0 -10 573.55 116.11 701.03 151.60 -10 -10 -10 -100    0 -1000 -1000 -10
26 7 pedestrian 0 0 -10 578.65 140.03 598.64 202.09 -10 -10 -10 -100    0 -1000 -1000 -10
26 6 pedestrian 0 0 -10 407.26 133.51 456.26 195.36 -10 -10 -10 -100    0 -1000 -1000 -10
26 5 pedestrian 0 0 -10 784.44 124.97 904.82 370.00 -10 -10 -10 -100    0 -1000 -1000 -10
26 2 pedestrian 0 0 -10 696.40 107.73 1221.73 163.63 -10 -10 -10 -100    0 -1000 -1000 -10
26 1 pedestrian 0 0 -10 220.99 122.40 384.38 239.24 -10 -10 -10 -100    0 -1000 -1000 -10
27 16 pedestrian 0 0 -10 479.07 132.31 523.78 185.78 -10 -10 -10 -100    0 -1000 -1000 -10
27 15 pedestrian 0 0 -10 848.62 146.41 976.51 370.00 -10 -10 -10 -100    0 -1000 -1000 -10
27 14 pedestrian 0 0 -10 355.25 114.78 441.14 370.00 -10 -10 -10 -100    0 -1000 -1000 -10
27 13 pedestrian 0 0 -10 455.91 130.06 530.24 359.18 -10 -10 -10 -100    0 -1000 -1000 -10
27 12 pedestrian 0 0 -10 544.06 136.93 560.92 202.96 -10 -10 -10 -100    0 -1000 -1000 -10
27 9 pedestrian 0 0 -10 526.24 139.27 549.92 218.89 -10 -10 -10 -100    0 -1000 -1000 -10
27 8 pedestrian 0 0 -10 573.43 115.90 701.28 151.57 -10 -10 -10 -100    0 -1000 -1000 -10
27 7 pedestrian 0 0 -10 580.47 140.40 599.39 203.10 -10 -10 -10 -100    0 -1000 -1000 -10
27 6 pedestrian 0 0 -10 398.52 132.85 450.44 196.70 -10 -10 -10 -100    0 -1000 -1000 -10
27 5 pedestrian 0 0 -10 816.13 132.26 923.90 370.00 -10 -10 -10 -100    0 -1000 -1000 -10
27 2 pedestrian 0 0 -10 700.18 107.56 1221.49 163.66 -10 -10 -10 -100    0 -1000 -1000 -10
27 1 pedestrian 0 0 -10 221.12 122.24 385.28 239.10 -10 -10 -10 -100    0 -1000 -1000 -10
28 16 pedestrian 0 0 -10 480.53 133.02 521.99 186.05 -10 -10 -10 -100    0 -1000 -1000 -10
28 15 pedestrian 0 0 -10 824.77 133.97 949.03 370.00 -10 -10 -10 -100    0 -1000 -1000 -10
28 14 pedestrian 0 0 -10 372.42 113.34 443.49 370.00 -10 -10 -10 -100    0 -1000 -1000 -10
28 13 pedestrian 0 0 -10 461.74 128.02 555.24 361.64 -10 -10 -10 -100    0 -1000 -1000 -10
28 12 pedestrian 0 0 -10 544.22 135.70 561.15 203.54 -10 -10 -10 -100    0 -1000 -1000 -10
28 9 pedestrian 0 0 -10 528.57 136.64 551.69 220.04 -10 -10 -10 -100    0 -1000 -1000 -10
28 8 pedestrian 0 0 -10 573.86 115.98 700.89 151.53 -10 -10 -10 -100    0 -1000 -1000 -10
28 7 pedestrian 0 0 -10 582.07 139.26 600.87 204.01 -10 -10 -10 -100    0 -1000 -1000 -10
28 6 pedestrian 0 0 -10 393.41 134.31 445.58 195.83 -10 -10 -10 -100    0 -1000 -1000 -10
28 4 pedestrian 0 0 -10 780.12 140.26 910.14 370.00 -10 -10 -10 -100    0 -1000 -1000 -10
28 2 pedestrian 0 0 -10 700.86 107.79 1221.30 163.81 -10 -10 -10 -100    0 -1000 -1000 -10
28 1 pedestrian 0 0 -10 221.38 122.33 387.05 239.63 -10 -10 -10 -100    0 -1000 -1000 -10
29 16 pedestrian 0 0 -10 478.21 132.75 521.20 186.10 -10 -10 -10 -100    0 -1000 -1000 -10
29 14 pedestrian 0 0 -10 385.46 113.87 459.91 370.00 -10 -10 -10 -100    0 -1000 -1000 -10
29 13 pedestrian 0 0 -10 467.61 127.10 568.43 364.21 -10 -10 -10 -100    0 -1000 -1000 -10
29 12 pedestrian 0 0 -10 545.70 135.32 562.77 204.39 -10 -10 -10 -100    0 -1000 -1000 -10
29 9 pedestrian 0 0 -10 529.98 137.30 552.94 220.24 -10 -10 -10 -100    0 -1000 -1000 -10
29 8 pedestrian 0 0 -10 573.56 116.03 701.13 151.69 -10 -10 -10 -100    0 -1000 -1000 -10
29 7 pedestrian 0 0 -10 583.23 139.92 602.03 203.67 -10 -10 -10 -100    0 -1000 -1000 -10
29 6 pedestrian 0 0 -10 385.94 134.81 439.49 198.63 -10 -10 -10 -100    0 -1000 -1000 -10
29 4 pedestrian 0 0 -10 798.40 137.17 962.55 370.00 -10 -10 -10 -100    0 -1000 -1000 -10
29 2 pedestrian 0 0 -10 699.87 107.89 1220.04 163.61 -10 -10 -10 -100    0 -1000 -1000 -10
29 1 pedestrian 0 0 -10 221.25 122.29 387.12 239.34 -10 -10 -10 -100    0 -1000 -1000 -10
30 16 pedestrian 0 0 -10 475.13 132.56 522.64 187.23 -10 -10 -10 -100    0 -1000 -1000 -10
30 14 pedestrian 0 0 -10 389.69 116.39 480.21 370.00 -10 -10 -10 -100    0 -1000 -1000 -10
30 13 pedestrian 0 0 -10 480.30 129.16 577.86 367.16 -10 -10 -10 -100    0 -1000 -1000 -10
30 12 pedestrian 0 0 -10 540.98 136.45 560.57 204.24 -10 -10 -10 -100    0 -1000 -1000 -10
30 8 pedestrian 0 0 -10 573.65 116.07 701.70 151.79 -10 -10 -10 -100    0 -1000 -1000 -10
30 7 pedestrian 0 0 -10 583.91 140.46 602.96 204.30 -10 -10 -10 -100    0 -1000 -1000 -10
30 6 pedestrian 0 0 -10 377.74 135.50 430.20 198.29 -10 -10 -10 -100    0 -1000 -1000 -10
30 4 pedestrian 0 0 -10 829.19 127.69 952.30 370.00 -10 -10 -10 -100    0 -1000 -1000 -10
30 2 pedestrian 0 0 -10 701.60 107.74 1221.27 164.08 -10 -10 -10 -100    0 -1000 -1000 -10
30 1 pedestrian 0 0 -10 221.26 122.35 387.18 239.29 -10 -10 -10 -100    0 -1000 -1000 -10
31 16 pedestrian 0 0 -10 469.23 134.06 522.07 187.84 -10 -10 -10 -100    0 -1000 -1000 -10
31 14 pedestrian 0 0 -10 396.48 121.81 493.90 370.00 -10 -10 -10 -100    0 -1000 -1000 -10
31 13 pedestrian 0 0 -10 505.84 129.95 585.27 369.32 -10 -10 -10 -100    0 -1000 -1000 -10
31 12 pedestrian 0 0 -10 545.64 134.81 563.17 198.51 -10 -10 -10 -100    0 -1000 -1000 -10
31 8 pedestrian 0 0 -10 573.04 116.14 701.43 151.75 -10 -10 -10 -100    0 -1000 -1000 -10
31 7 pedestrian 0 0 -10 586.36 141.38 604.61 203.45 -10 -10 -10 -100    0 -1000 -1000 -10
31 6 pedestrian 0 0 -10 369.52 136.76 421.52 200.41 -10 -10 -10 -100    0 -1000 -1000 -10
31 5 pedestrian 0 0 -10 822.64 125.48 1006.38 370.00 -10 -10 -10 -100    0 -1000 -1000 -10
31 4 pedestrian 0 0 -10 852.92 123.63 978.20 370.00 -10 -10 -10 -100    0 -1000 -1000 -10
31 2 pedestrian 0 0 -10 702.86 107.77 1221.62 164.21 -10 -10 -10 -100    0 -1000 -1000 -10
31 1 pedestrian 0 0 -10 221.40 122.38 385.98 238.96 -10 -10 -10 -100    0 -1000 -1000 -10
32 16 pedestrian 0 0 -10 473.08 133.25 520.74 187.04 -10 -10 -10 -100    0 -1000 -1000 -10
32 15 pedestrian 0 0 -10 743.73 145.95 851.93 370.00 -10 -10 -10 -100    0 -1000 -1000 -10
32 14 pedestrian 0 0 -10 411.98 119.24 502.58 370.00 -10 -10 -10 -100    0 -1000 -1000 -10
32 13 pedestrian 0 0 -10 523.78 130.99 598.31 370.00 -10 -10 -10 -100    0 -1000 -1000 -10
32 8 pedestrian 0 0 -10 572.50 116.23 700.61 151.48 -10 -10 -10 -100    0 -1000 -1000 -10
32 7 pedestrian 0 0 -10 588.04 141.23 605.88 204.62 -10 -10 -10 -100    0 -1000 -1000 -10
32 6 pedestrian 0 0 -10 363.05 137.49 411.92 197.22 -10 -10 -10 -100    0 -1000 -1000 -10
32 5 pedestrian 0 0 -10 889.15 124.39 1030.33 370.00 -10 -10 -10 -100    0 -1000 -1000 -10
32 2 pedestrian 0 0 -10 698.96 107.68 1218.85 163.99 -10 -10 -10 -100    0 -1000 -1000 -10
32 1 pedestrian 0 0 -10 221.57 122.72 387.46 238.60 -10 -10 -10 -100    0 -1000 -1000 -10
33 16 pedestrian 0 0 -10 476.73 133.49 520.58 186.53 -10 -10 -10 -100    0 -1000 -1000 -10
33 15 pedestrian 0 0 -10 723.80 142.59 824.36 370.00 -10 -10 -10 -100    0 -1000 -1000 -10
33 14 pedestrian 0 0 -10 432.89 116.88 508.13 370.00 -10 -10 -10 -100    0 -1000 -1000 -10
33 13 pedestrian 0 0 -10 534.51 126.08 617.38 370.00 -10 -10 -10 -100    0 -1000 -1000 -10
33 8 pedestrian 0 0 -10 573.01 116.10 700.21 151.59 -10 -10 -10 -100    0 -1000 -1000 -10
33 7 pedestrian 0 0 -10 589.41 141.25 607.92 204.81 -10 -10 -10 -100    0 -1000 -1000 -10
33 6 pedestrian 0 0 -10 355.81 136.83 407.74 200.59 -10 -10 -10 -100    0 -1000 -1000 -10
33 5 pedestrian 0 0 -10 931.14 123.26 1030.52 370.00 -10 -10 -10 -100    0 -1000 -1000 -10
33 2 pedestrian 0 0 -10 698.16 107.87 1219.47 163.86 -10 -10 -10 -100    0 -1000 -1000 -10
33 1 pedestrian 0 0 -10 221.35 122.74 388.50 239.42 -10 -10 -10 -100    0 -1000 -1000 -10
34 16 pedestrian 0 0 -10 479.29 133.46 521.77 182.75 -10 -10 -10 -100    0 -1000 -1000 -10
34 15 pedestrian 0 0 -10 698.38 144.07 803.46 370.00 -10 -10 -10 -100    0 -1000 -1000 -10
34 14 pedestrian 0 0 -10 447.39 112.70 527.07 370.00 -10 -10 -10 -100    0 -1000 -1000 -10
34 13 pedestrian 0 0 -10 545.84 129.18 639.17 370.00 -10 -10 -10 -100    0 -1000 -1000 -10
34 8 pedestrian 0 0 -10 573.76 116.20 700.09 151.55 -10 -10 -10 -100    0 -1000 -1000 -10
34 7 pedestrian 0 0 -10 590.09 140.62 607.65 201.03 -10 -10 -10 -100    0 -1000 -1000 -10
34 6 pedestrian 0 0 -10 343.43 134.58 398.31 201.74 -10 -10 -10 -100    0 -1000 -1000 -10
34 5 pedestrian 0 0 -10 953.11 125.90 1051.52 370.00 -10 -10 -10 -100    0 -1000 -1000 -10
34 2 pedestrian 0 0 -10 698.57 107.98 1219.75 163.68 -10 -10 -10 -100    0 -1000 -1000 -10
34 1 pedestrian 0 0 -10 221.53 122.76 389.52 239.09 -10 -10 -10 -100    0 -1000 -1000 -10
35 16 pedestrian 0 0 -10 479.75 134.95 522.18 186.56 -10 -10 -10 -100    0 -1000 -1000 -10
35 15 pedestrian 0 0 -10 685.93 146.67 788.77 370.00 -10 -10 -10 -100    0 -1000 -1000 -10
35 14 pedestrian 0 0 -10 456.31 115.37 550.04 370.00 -10 -10 -10 -100    0 -1000 -1000 -10
35 13 pedestrian 0 0 -10 558.39 130.20 648.36 370.00 -10 -10 -10 -100    0 -1000 -1000 -10
35 10 pedestrian 0 0 -10 523.41 129.73 543.26 208.25 -10 -10 -10 -100    0 -1000 -1000 -10
35 8 pedestrian 0 0 -10 572.86 116.20 700.59 151.38 -10 -10 -10 -100    0 -1000 -1000 -10
35 7 pedestrian 0 0 -10 588.36 141.39 608.94 204.34 -10 -10 -10 -100    0 -1000 -1000 -10
35 6 pedestrian 0 0 -10 335.74 133.33 392.72 205.05 -10 -10 -10 -100    0 -1000 -1000 -10
35 5 pedestrian 0 0 -10 971.53 116.57 1078.06 370.00 -10 -10 -10 -100    0 -1000 -1000 -10
35 4 pedestrian 0 0 -10 922.99 133.89 1107.98 370.00 -10 -10 -10 -100    0 -1000 -1000 -10
35 2 pedestrian 0 0 -10 700.02 107.71 1220.49 163.47 -10 -10 -10 -100    0 -1000 -1000 -10
35 1 pedestrian 0 0 -10 221.34 123.19 389.37 238.76 -10 -10 -10 -100    0 -1000 -1000 -10
36 16 pedestrian 0 0 -10 457.22 131.25 516.30 187.04 -10 -10 -10 -100    0 -1000 -1000 -10
36 15 pedestrian 0 0 -10 666.76 147.92 764.64 370.00 -10 -10 -10 -100    0 -1000 -1000 -10
36 14 pedestrian 0 0 -10 460.35 115.58 569.78 370.00 -10 -10 -10 -100    0 -1000 -1000 -10
36 13 pedestrian 0 0 -10 578.52 134.41 663.35 370.00 -10 -10 -10 -100    0 -1000 -1000 -10
36 10 pedestrian 0 0 -10 516.11 132.09 545.69 195.47 -10 -10 -10 -100    0 -1000 -1000 -10
36 9 pedestrian 0 0 -10 545.76 138.66 571.60 223.63 -10 -10 -10 -100    0 -1000 -1000 -10
36 8 pedestrian 0 0 -10 573.02 116.65 701.54 151.92 -10 -10 -10 -100    0 -1000 -1000 -10
36 7 pedestrian 0 0 -10 594.17 140.12 617.11 210.43 -10 -10 -10 -100    0 -1000 -1000 -10
36 6 pedestrian 0 0 -10 328.37 133.93 384.45 206.04 -10 -10 -10 -100    0 -1000 -1000 -10
36 5 pedestrian 0 0 -10 989.45 121.23 1104.69 370.00 -10 -10 -10 -100    0 -1000 -1000 -10
36 4 pedestrian 0 0 -10 946.58 136.30 1137.27 370.00 -10 -10 -10 -100    0 -1000 -1000 -10
36 2 pedestrian 0 0 -10 698.08 107.94 1217.92 163.77 -10 -10 -10 -100    0 -1000 -1000 -10
36 1 pedestrian 0 0 -10 221.27 123.52 388.10 238.85 -10 -10 -10 -100    0 -1000 -1000 -10
37 16 pedestrian 0 0 -10 450.15 131.43 515.81 187.76 -10 -10 -10 -100    0 -1000 -1000 -10
37 15 pedestrian 0 0 -10 644.63 145.41 737.07 370.00 -10 -10 -10 -100    0 -1000 -1000 -10
37 14 pedestrian 0 0 -10 473.69 117.18 585.65 370.00 -10 -10 -10 -100    0 -1000 -1000 -10
37 13 pedestrian 0 0 -10 590.09 131.76 682.91 370.00 -10 -10 -10 -100    0 -1000 -1000 -10
37 10 pedestrian 0 0 -10 512.01 138.12 550.66 188.67 -10 -10 -10 -100    0 -1000 -1000 -10
37 9 pedestrian 0 0 -10 547.67 136.70 573.75 226.43 -10 -10 -10 -100    0 -1000 -1000 -10
37 8 pedestrian 0 0 -10 573.79 116.51 701.43 151.08 -10 -10 -10 -100    0 -1000 -1000 -10
37 7 pedestrian 0 0 -10 591.67 139.93 611.52 208.75 -10 -10 -10 -100    0 -1000 -1000 -10
37 6 pedestrian 0 0 -10 319.81 133.26 378.83 203.55 -10 -10 -10 -100    0 -1000 -1000 -10
37 5 pedestrian 0 0 -10 1016.88 111.87 1140.72 370.00 -10 -10 -10 -100    0 -1000 -1000 -10
37 4 pedestrian 0 0 -10 971.60 137.29 1168.35 370.00 -10 -10 -10 -100    0 -1000 -1000 -10
37 2 pedestrian 0 0 -10 698.52 107.81 1217.84 163.54 -10 -10 -10 -100    0 -1000 -1000 -10
37 1 pedestrian 0 0 -10 221.31 123.59 386.93 238.28 -10 -10 -10 -100    0 -1000 -1000 -10
38 16 pedestrian 0 0 -10 445.30 130.90 518.04 187.43 -10 -10 -10 -100    0 -1000 -1000 -10
38 14 pedestrian 0 0 -10 489.81 113.03 596.35 370.00 -10 -10 -10 -100    0 -1000 -1000 -10
38 13 pedestrian 0 0 -10 602.10 132.52 700.40 370.00 -10 -10 -10 -100    0 -1000 -1000 -10
38 10 pedestrian 0 0 -10 517.02 133.88 549.00 182.52 -10 -10 -10 -100    0 -1000 -1000 -10
38 9 pedestrian 0 0 -10 549.22 136.76 572.82 230.58 -10 -10 -10 -100    0 -1000 -1000 -10
38 8 pedestrian 0 0 -10 572.91 116.06 701.91 152.33 -10 -10 -10 -100    0 -1000 -1000 -10
38 7 pedestrian 0 0 -10 592.88 140.31 613.73 208.53 -10 -10 -10 -100    0 -1000 -1000 -10
38 6 pedestrian 0 0 -10 308.14 133.96 375.48 207.41 -10 -10 -10 -100    0 -1000 -1000 -10
38 4 pedestrian 0 0 -10 998.20 139.05 1206.34 370.00 -10 -10 -10 -100    0 -1000 -1000 -10
38 2 pedestrian 0 0 -10 698.00 107.82 1215.79 163.92 -10 -10 -10 -100    0 -1000 -1000 -10
38 1 pedestrian 0 0 -10 221.21 123.63 388.30 237.95 -10 -10 -10 -100    0 -1000 -1000 -10
39 16 pedestrian 0 0 -10 436.72 130.01 520.22 186.75 -10 -10 -10 -100    0 -1000 -1000 -10
39 14 pedestrian 0 0 -10 511.31 112.84 610.68 370.00 -10 -10 -10 -100    0 -1000 -1000 -10
39 13 pedestrian 0 0 -10 608.53 132.56 716.62 370.00 -10 -10 -10 -100    0 -1000 -1000 -10
39 10 pedestrian 0 0 -10 526.76 131.83 551.30 222.54 -10 -10 -10 -100    0 -1000 -1000 -10
39 8 pedestrian 0 0 -10 574.24 116.06 701.20 152.89 -10 -10 -10 -100    0 -1000 -1000 -10
39 7 pedestrian 0 0 -10 594.33 140.76 612.68 209.44 -10 -10 -10 -100    0 -1000 -1000 -10
39 6 pedestrian 0 0 -10 302.10 135.19 357.79 204.18 -10 -10 -10 -100    0 -1000 -1000 -10
39 4 pedestrian 0 0 -10 1028.30 140.77 1224.00 370.00 -10 -10 -10 -100    0 -1000 -1000 -10
39 2 pedestrian 0 0 -10 697.68 107.87 1215.80 164.03 -10 -10 -10 -100    0 -1000 -1000 -10
39 1 pedestrian 0 0 -10 221.30 123.50 387.40 237.42 -10 -10 -10 -100    0 -1000 -1000 -10
40 16 pedestrian 0 0 -10 429.06 129.63 515.06 186.86 -10 -10 -10 -100    0 -1000 -1000 -10
40 14 pedestrian 0 0 -10 528.98 117.86 622.56 370.00 -10 -10 -10 -100    0 -1000 -1000 -10
40 13 pedestrian 0 0 -10 620.46 131.45 725.33 370.00 -10 -10 -10 -100    0 -1000 -1000 -10
40 10 pedestrian 0 0 -10 524.85 127.25 548.34 211.18 -10 -10 -10 -100    0 -1000 -1000 -10
40 8 pedestrian 0 0 -10 573.23 116.05 702.26 151.27 -10 -10 -10 -100    0 -1000 -1000 -10
40 7 pedestrian 0 0 -10 595.59 132.38 616.24 208.68 -10 -10 -10 -100    0 -1000 -1000 -10
40 4 pedestrian 0 0 -10 1057.93 143.48 1223.87 370.00 -10 -10 -10 -100    0 -1000 -1000 -10
40 2 pedestrian 0 0 -10 697.07 107.80 1216.01 163.91 -10 -10 -10 -100    0 -1000 -1000 -10
40 1 pedestrian 0 0 -10 221.30 122.94 387.63 237.86 -10 -10 -10 -100    0 -1000 -1000 -10
41 16 pedestrian 0 0 -10 424.73 130.29 511.73 188.85 -10 -10 -10 -100    0 -1000 -1000 -10
41 14 pedestrian 0 0 -10 539.60 119.06 650.62 370.00 -10 -10 -10 -100    0 -1000 -1000 -10
41 13 pedestrian 0 0 -10 642.88 129.38 737.69 370.00 -10 -10 -10 -100    0 -1000 -1000 -10
41 10 pedestrian 0 0 -10 524.93 128.03 548.12 209.59 -10 -10 -10 -100    0 -1000 -1000 -10
41 7 pedestrian 0 0 -10 601.85 132.89 622.51 207.32 -10 -10 -10 -100    0 -1000 -1000 -10
41 2 pedestrian 0 0 -10 697.51 107.83 1215.97 163.91 -10 -10 -10 -100    0 -1000 -1000 -10
41 1 pedestrian 0 0 -10 221.51 123.56 387.88 238.21 -10 -10 -10 -100    0 -1000 -1000 -10
42 16 pedestrian 0 0 -10 419.78 130.59 510.31 189.49 -10 -10 -10 -100    0 -1000 -1000 -10
42 14 pedestrian 0 0 -10 548.25 116.68 661.58 370.00 -10 -10 -10 -100    0 -1000 -1000 -10
42 13 pedestrian 0 0 -10 663.05 129.58 755.07 370.00 -10 -10 -10 -100    0 -1000 -1000 -10
42 10 pedestrian 0 0 -10 525.72 128.48 549.16 209.86 -10 -10 -10 -100    0 -1000 -1000 -10
42 9 pedestrian 0 0 -10 555.33 137.79 581.80 230.87 -10 -10 -10 -100    0 -1000 -1000 -10
42 2 pedestrian 0 0 -10 697.81 107.76 1217.58 163.92 -10 -10 -10 -100    0 -1000 -1000 -10
42 1 pedestrian 0 0 -10 221.43 123.40 388.13 238.24 -10 -10 -10 -100    0 -1000 -1000 -10
43 16 pedestrian 0 0 -10 414.00 130.41 508.26 190.85 -10 -10 -10 -100    0 -1000 -1000 -10
43 14 pedestrian 0 0 -10 569.54 113.37 676.68 370.00 -10 -10 -10 -100    0 -1000 -1000 -10
43 13 pedestrian 0 0 -10 674.74 128.70 771.28 370.00 -10 -10 -10 -100    0 -1000 -1000 -10
43 10 pedestrian 0 0 -10 526.49 129.29 549.72 211.65 -10 -10 -10 -100    0 -1000 -1000 -10
43 9 pedestrian 0 0 -10 558.00 138.05 585.84 232.56 -10 -10 -10 -100    0 -1000 -1000 -10
43 2 pedestrian 0 0 -10 700.28 107.71 1218.70 164.06 -10 -10 -10 -100    0 -1000 -1000 -10
43 1 pedestrian 0 0 -10 221.12 123.31 387.86 238.53 -10 -10 -10 -100    0 -1000 -1000 -10
44 16 pedestrian 0 0 -10 409.66 131.17 508.54 192.15 -10 -10 -10 -100    0 -1000 -1000 -10
44 14 pedestrian 0 0 -10 583.08 111.48 682.52 370.00 -10 -10 -10 -100    0 -1000 -1000 -10
44 13 pedestrian 0 0 -10 688.78 131.84 790.44 370.00 -10 -10 -10 -100    0 -1000 -1000 -10
44 10 pedestrian 0 0 -10 526.35 125.32 551.94 216.30 -10 -10 -10 -100    0 -1000 -1000 -10
44 9 pedestrian 0 0 -10 563.22 137.49 592.10 232.64 -10 -10 -10 -100    0 -1000 -1000 -10
44 2 pedestrian 0 0 -10 699.29 107.74 1218.52 164.24 -10 -10 -10 -100    0 -1000 -1000 -10
44 1 pedestrian 0 0 -10 221.26 123.32 387.71 238.68 -10 -10 -10 -100    0 -1000 -1000 -10
45 19 pedestrian 0 0 -10 497.90 137.12 535.46 186.89 -10 -10 -10 -100    0 -1000 -1000 -10
45 16 pedestrian 0 0 -10 410.22 132.36 507.35 192.64 -10 -10 -10 -100    0 -1000 -1000 -10
45 15 pedestrian 0 0 -10 491.61 139.43 577.23 361.05 -10 -10 -10 -100    0 -1000 -1000 -10
45 14 pedestrian 0 0 -10 613.81 109.24 719.19 370.00 -10 -10 -10 -100    0 -1000 -1000 -10
45 13 pedestrian 0 0 -10 700.55 130.05 808.24 370.00 -10 -10 -10 -100    0 -1000 -1000 -10
45 10 pedestrian 0 0 -10 526.12 128.10 549.82 201.50 -10 -10 -10 -100    0 -1000 -1000 -10
45 9 pedestrian 0 0 -10 565.68 140.27 595.23 231.58 -10 -10 -10 -100    0 -1000 -1000 -10
45 7 pedestrian 0 0 -10 603.36 138.72 623.55 213.58 -10 -10 -10 -100    0 -1000 -1000 -10
45 2 pedestrian 0 0 -10 698.60 107.81 1218.96 164.16 -10 -10 -10 -100    0 -1000 -1000 -10
45 1 pedestrian 0 0 -10 221.98 122.67 387.19 238.65 -10 -10 -10 -100    0 -1000 -1000 -10
46 19 pedestrian 0 0 -10 490.50 138.74 531.10 189.59 -10 -10 -10 -100    0 -1000 -1000 -10
46 16 pedestrian 0 0 -10 448.19 135.04 506.27 192.14 -10 -10 -10 -100    0 -1000 -1000 -10
46 15 pedestrian 0 0 -10 484.50 139.76 545.39 360.45 -10 -10 -10 -100    0 -1000 -1000 -10
46 14 pedestrian 0 0 -10 629.25 109.62 736.95 370.00 -10 -10 -10 -100    0 -1000 -1000 -10
46 13 pedestrian 0 0 -10 720.56 127.52 823.73 370.00 -10 -10 -10 -100    0 -1000 -1000 -10
46 10 pedestrian 0 0 -10 528.46 129.77 552.19 215.17 -10 -10 -10 -100    0 -1000 -1000 -10
46 9 pedestrian 0 0 -10 568.04 138.60 598.28 233.96 -10 -10 -10 -100    0 -1000 -1000 -10
46 7 pedestrian 0 0 -10 604.13 139.30 627.39 213.15 -10 -10 -10 -100    0 -1000 -1000 -10
46 2 pedestrian 0 0 -10 700.63 107.70 1219.55 164.12 -10 -10 -10 -100    0 -1000 -1000 -10
46 1 pedestrian 0 0 -10 222.45 122.60 387.51 238.88 -10 -10 -10 -100    0 -1000 -1000 -10
47 19 pedestrian 0 0 -10 489.96 138.25 526.54 186.95 -10 -10 -10 -100    0 -1000 -1000 -10
47 16 pedestrian 0 0 -10 442.88 136.26 504.54 196.02 -10 -10 -10 -100    0 -1000 -1000 -10
47 15 pedestrian 0 0 -10 453.79 144.63 534.16 359.18 -10 -10 -10 -100    0 -1000 -1000 -10
47 14 pedestrian 0 0 -10 638.44 112.36 757.02 370.00 -10 -10 -10 -100    0 -1000 -1000 -10
47 13 pedestrian 0 0 -10 739.17 126.56 837.27 370.00 -10 -10 -10 -100    0 -1000 -1000 -10
47 10 pedestrian 0 0 -10 528.36 127.16 550.88 215.80 -10 -10 -10 -100    0 -1000 -1000 -10
47 9 pedestrian 0 0 -10 572.30 138.40 600.95 235.46 -10 -10 -10 -100    0 -1000 -1000 -10
47 7 pedestrian 0 0 -10 605.83 139.87 629.74 213.84 -10 -10 -10 -100    0 -1000 -1000 -10
47 2 pedestrian 0 0 -10 699.18 107.74 1219.57 164.05 -10 -10 -10 -100    0 -1000 -1000 -10
47 1 pedestrian 0 0 -10 222.23 122.23 386.81 238.62 -10 -10 -10 -100    0 -1000 -1000 -10
48 21 pedestrian 0 0 -10 381.64 140.36 431.91 191.62 -10 -10 -10 -100    0 -1000 -1000 -10
48 20 pedestrian 0 0 -10 560.79 138.49 580.65 215.93 -10 -10 -10 -100    0 -1000 -1000 -10
48 19 pedestrian 0 0 -10 490.04 138.63 524.18 186.62 -10 -10 -10 -100    0 -1000 -1000 -10
48 16 pedestrian 0 0 -10 443.33 136.96 503.44 199.81 -10 -10 -10 -100    0 -1000 -1000 -10
48 15 pedestrian 0 0 -10 429.30 145.96 522.34 359.64 -10 -10 -10 -100    0 -1000 -1000 -10
48 14 pedestrian 0 0 -10 652.22 111.72 783.67 370.00 -10 -10 -10 -100    0 -1000 -1000 -10
48 13 pedestrian 0 0 -10 746.06 120.37 850.79 370.00 -10 -10 -10 -100    0 -1000 -1000 -10
48 10 pedestrian 0 0 -10 529.12 127.36 550.55 214.66 -10 -10 -10 -100    0 -1000 -1000 -10
48 9 pedestrian 0 0 -10 576.44 138.50 603.31 237.40 -10 -10 -10 -100    0 -1000 -1000 -10
48 7 pedestrian 0 0 -10 607.99 139.73 631.77 214.15 -10 -10 -10 -100    0 -1000 -1000 -10
48 2 pedestrian 0 0 -10 698.52 107.59 1220.91 164.01 -10 -10 -10 -100    0 -1000 -1000 -10
48 1 pedestrian 0 0 -10 221.34 122.48 387.38 239.05 -10 -10 -10 -100    0 -1000 -1000 -10
49 21 pedestrian 0 0 -10 380.73 140.93 428.68 189.80 -10 -10 -10 -100    0 -1000 -1000 -10
49 20 pedestrian 0 0 -10 561.45 138.40 582.17 214.56 -10 -10 -10 -100    0 -1000 -1000 -10
49 19 pedestrian 0 0 -10 486.76 137.53 521.02 187.60 -10 -10 -10 -100    0 -1000 -1000 -10
49 16 pedestrian 0 0 -10 444.02 136.54 504.95 194.54 -10 -10 -10 -100    0 -1000 -1000 -10
49 15 pedestrian 0 0 -10 413.61 142.00 493.08 357.45 -10 -10 -10 -100    0 -1000 -1000 -10
49 14 pedestrian 0 0 -10 676.04 109.96 800.14 370.00 -10 -10 -10 -100    0 -1000 -1000 -10
49 13 pedestrian 0 0 -10 760.32 124.97 872.62 370.00 -10 -10 -10 -100    0 -1000 -1000 -10
49 10 pedestrian 0 0 -10 529.48 125.10 552.01 215.43 -10 -10 -10 -100    0 -1000 -1000 -10
49 9 pedestrian 0 0 -10 579.11 139.56 605.40 237.84 -10 -10 -10 -100    0 -1000 -1000 -10
49 7 pedestrian 0 0 -10 609.92 140.11 634.40 214.86 -10 -10 -10 -100    0 -1000 -1000 -10
49 2 pedestrian 0 0 -10 697.57 107.63 1221.14 163.83 -10 -10 -10 -100    0 -1000 -1000 -10
49 1 pedestrian 0 0 -10 221.75 122.08 387.01 238.95 -10 -10 -10 -100    0 -1000 -1000 -10
50 21 pedestrian 0 0 -10 379.54 142.02 428.92 190.06 -10 -10 -10 -100    0 -1000 -1000 -10
50 20 pedestrian 0 0 -10 560.86 136.87 582.04 215.48 -10 -10 -10 -100    0 -1000 -1000 -10
50 19 pedestrian 0 0 -10 482.62 137.51 518.82 187.22 -10 -10 -10 -100    0 -1000 -1000 -10
50 16 pedestrian 0 0 -10 434.16 137.15 500.60 196.04 -10 -10 -10 -100    0 -1000 -1000 -10
50 15 pedestrian 0 0 -10 404.69 142.89 463.19 353.12 -10 -10 -10 -100    0 -1000 -1000 -10
50 14 pedestrian 0 0 -10 703.22 105.50 816.28 370.00 -10 -10 -10 -100    0 -1000 -1000 -10
50 13 pedestrian 0 0 -10 768.41 123.90 896.20 370.00 -10 -10 -10 -100    0 -1000 -1000 -10
50 10 pedestrian 0 0 -10 529.23 125.01 552.59 215.99 -10 -10 -10 -100    0 -1000 -1000 -10
50 9 pedestrian 0 0 -10 581.30 138.00 608.51 238.92 -10 -10 -10 -100    0 -1000 -1000 -10
50 7 pedestrian 0 0 -10 611.48 140.55 637.38 216.80 -10 -10 -10 -100    0 -1000 -1000 -10
50 2 pedestrian 0 0 -10 697.15 107.73 1220.51 163.97 -10 -10 -10 -100    0 -1000 -1000 -10
50 1 pedestrian 0 0 -10 222.06 122.55 388.41 239.14 -10 -10 -10 -100    0 -1000 -1000 -10
51 21 pedestrian 0 0 -10 381.00 141.08 429.88 189.93 -10 -10 -10 -100    0 -1000 -1000 -10
51 20 pedestrian 0 0 -10 562.47 136.97 585.37 217.37 -10 -10 -10 -100    0 -1000 -1000 -10
51 19 pedestrian 0 0 -10 478.96 138.45 515.05 187.64 -10 -10 -10 -100    0 -1000 -1000 -10
51 16 pedestrian 0 0 -10 426.23 137.22 494.45 194.91 -10 -10 -10 -100    0 -1000 -1000 -10
51 15 pedestrian 0 0 -10 377.51 140.04 458.88 351.53 -10 -10 -10 -100    0 -1000 -1000 -10
51 14 pedestrian 0 0 -10 712.66 102.99 825.73 370.00 -10 -10 -10 -100    0 -1000 -1000 -10
51 13 pedestrian 0 0 -10 807.03 121.17 920.03 370.00 -10 -10 -10 -100    0 -1000 -1000 -10
51 10 pedestrian 0 0 -10 530.03 125.68 554.13 216.80 -10 -10 -10 -100    0 -1000 -1000 -10
51 9 pedestrian 0 0 -10 583.29 138.46 613.86 239.65 -10 -10 -10 -100    0 -1000 -1000 -10
51 7 pedestrian 0 0 -10 614.43 142.00 639.36 217.06 -10 -10 -10 -100    0 -1000 -1000 -10
51 2 pedestrian 0 0 -10 696.88 107.76 1220.51 163.91 -10 -10 -10 -100    0 -1000 -1000 -10
51 1 pedestrian 0 0 -10 221.88 122.68 388.16 239.33 -10 -10 -10 -100    0 -1000 -1000 -10
52 21 pedestrian 0 0 -10 380.94 140.93 429.95 191.57 -10 -10 -10 -100    0 -1000 -1000 -10
52 20 pedestrian 0 0 -10 562.44 138.31 585.77 217.39 -10 -10 -10 -100    0 -1000 -1000 -10
52 19 pedestrian 0 0 -10 475.66 138.15 512.26 187.71 -10 -10 -10 -100    0 -1000 -1000 -10
52 16 pedestrian 0 0 -10 422.12 136.99 490.17 195.28 -10 -10 -10 -100    0 -1000 -1000 -10
52 15 pedestrian 0 0 -10 344.98 142.05 450.95 351.85 -10 -10 -10 -100    0 -1000 -1000 -10
52 14 pedestrian 0 0 -10 724.50 103.72 839.08 370.00 -10 -10 -10 -100    0 -1000 -1000 -10
52 13 pedestrian 0 0 -10 844.21 120.92 939.31 370.00 -10 -10 -10 -100    0 -1000 -1000 -10
52 10 pedestrian 0 0 -10 531.47 126.11 555.90 217.34 -10 -10 -10 -100    0 -1000 -1000 -10
52 9 pedestrian 0 0 -10 582.49 137.06 617.43 241.71 -10 -10 -10 -100    0 -1000 -1000 -10
52 7 pedestrian 0 0 -10 616.75 142.11 639.35 215.98 -10 -10 -10 -100    0 -1000 -1000 -10
52 2 pedestrian 0 0 -10 696.95 107.85 1220.37 163.79 -10 -10 -10 -100    0 -1000 -1000 -10
52 1 pedestrian 0 0 -10 221.82 122.34 387.03 238.79 -10 -10 -10 -100    0 -1000 -1000 -10
53 21 pedestrian 0 0 -10 380.46 141.22 430.02 189.92 -10 -10 -10 -100    0 -1000 -1000 -10
53 20 pedestrian 0 0 -10 562.02 136.17 585.54 217.99 -10 -10 -10 -100    0 -1000 -1000 -10
53 19 pedestrian 0 0 -10 474.27 138.49 509.68 188.01 -10 -10 -10 -100    0 -1000 -1000 -10
53 16 pedestrian 0 0 -10 422.10 136.10 492.16 195.09 -10 -10 -10 -100    0 -1000 -1000 -10
53 15 pedestrian 0 0 -10 337.23 143.65 426.18 349.81 -10 -10 -10 -100    0 -1000 -1000 -10
53 14 pedestrian 0 0 -10 742.21 100.58 928.68 370.00 -10 -10 -10 -100    0 -1000 -1000 -10
53 13 pedestrian 0 0 -10 865.46 120.05 972.24 370.00 -10 -10 -10 -100    0 -1000 -1000 -10
53 10 pedestrian 0 0 -10 531.43 123.34 555.99 217.23 -10 -10 -10 -100    0 -1000 -1000 -10
53 9 pedestrian 0 0 -10 586.17 137.43 620.55 243.56 -10 -10 -10 -100    0 -1000 -1000 -10
53 7 pedestrian 0 0 -10 617.53 141.87 640.19 217.23 -10 -10 -10 -100    0 -1000 -1000 -10
53 2 pedestrian 0 0 -10 692.53 107.89 1220.44 163.31 -10 -10 -10 -100    0 -1000 -1000 -10
53 1 pedestrian 0 0 -10 221.91 122.72 388.27 239.23 -10 -10 -10 -100    0 -1000 -1000 -10
54 21 pedestrian 0 0 -10 380.66 141.54 431.66 189.61 -10 -10 -10 -100    0 -1000 -1000 -10
54 20 pedestrian 0 0 -10 562.60 136.69 587.21 218.28 -10 -10 -10 -100    0 -1000 -1000 -10
54 19 pedestrian 0 0 -10 471.82 138.62 506.27 188.49 -10 -10 -10 -100    0 -1000 -1000 -10
54 16 pedestrian 0 0 -10 422.05 135.95 491.05 196.27 -10 -10 -10 -100    0 -1000 -1000 -10
54 15 pedestrian 0 0 -10 329.69 143.05 401.30 348.13 -10 -10 -10 -100    0 -1000 -1000 -10
54 14 pedestrian 0 0 -10 761.56 95.54 954.41 370.00 -10 -10 -10 -100    0 -1000 -1000 -10
54 13 pedestrian 0 0 -10 883.07 122.96 1006.27 370.00 -10 -10 -10 -100    0 -1000 -1000 -10
54 10 pedestrian 0 0 -10 531.61 124.60 557.29 218.35 -10 -10 -10 -100    0 -1000 -1000 -10
54 9 pedestrian 0 0 -10 589.91 137.74 623.62 243.31 -10 -10 -10 -100    0 -1000 -1000 -10
54 7 pedestrian 0 0 -10 619.41 141.63 641.65 218.34 -10 -10 -10 -100    0 -1000 -1000 -10
54 2 pedestrian 0 0 -10 693.47 107.73 1220.49 163.45 -10 -10 -10 -100    0 -1000 -1000 -10
54 1 pedestrian 0 0 -10 222.05 122.37 388.59 239.09 -10 -10 -10 -100    0 -1000 -1000 -10
55 21 pedestrian 0 0 -10 381.36 139.91 431.43 188.97 -10 -10 -10 -100    0 -1000 -1000 -10
55 20 pedestrian 0 0 -10 564.32 135.78 589.11 219.06 -10 -10 -10 -100    0 -1000 -1000 -10
55 19 pedestrian 0 0 -10 469.79 139.35 504.12 188.51 -10 -10 -10 -100    0 -1000 -1000 -10
55 16 pedestrian 0 0 -10 417.60 136.04 486.36 196.42 -10 -10 -10 -100    0 -1000 -1000 -10
55 15 pedestrian 0 0 -10 318.75 141.47 384.56 347.65 -10 -10 -10 -100    0 -1000 -1000 -10
55 14 pedestrian 0 0 -10 784.16 90.03 977.88 370.00 -10 -10 -10 -100    0 -1000 -1000 -10
55 13 pedestrian 0 0 -10 901.12 129.57 1040.52 370.00 -10 -10 -10 -100    0 -1000 -1000 -10
55 10 pedestrian 0 0 -10 534.74 124.40 558.69 219.10 -10 -10 -10 -100    0 -1000 -1000 -10
55 9 pedestrian 0 0 -10 594.24 139.24 627.57 245.52 -10 -10 -10 -100    0 -1000 -1000 -10
55 7 pedestrian 0 0 -10 621.25 140.60 643.10 219.67 -10 -10 -10 -100    0 -1000 -1000 -10
55 2 pedestrian 0 0 -10 695.63 107.73 1219.92 163.67 -10 -10 -10 -100    0 -1000 -1000 -10
55 1 pedestrian 0 0 -10 221.95 122.32 388.90 239.31 -10 -10 -10 -100    0 -1000 -1000 -10
56 21 pedestrian 0 0 -10 380.70 139.99 430.63 189.68 -10 -10 -10 -100    0 -1000 -1000 -10
56 20 pedestrian 0 0 -10 567.12 134.62 591.49 219.18 -10 -10 -10 -100    0 -1000 -1000 -10
56 19 pedestrian 0 0 -10 464.80 138.58 501.80 189.70 -10 -10 -10 -100    0 -1000 -1000 -10
56 16 pedestrian 0 0 -10 412.50 136.78 457.07 195.66 -10 -10 -10 -100    0 -1000 -1000 -10
56 15 pedestrian 0 0 -10 298.07 143.00 370.67 348.64 -10 -10 -10 -100    0 -1000 -1000 -10
56 14 pedestrian 0 0 -10 807.97 87.97 1011.01 370.00 -10 -10 -10 -100    0 -1000 -1000 -10
56 13 pedestrian 0 0 -10 927.31 128.26 1073.89 370.00 -10 -10 -10 -100    0 -1000 -1000 -10
56 10 pedestrian 0 0 -10 536.09 127.75 560.78 219.76 -10 -10 -10 -100    0 -1000 -1000 -10
56 9 pedestrian 0 0 -10 596.34 140.05 631.71 246.71 -10 -10 -10 -100    0 -1000 -1000 -10
56 7 pedestrian 0 0 -10 623.77 141.38 644.81 220.90 -10 -10 -10 -100    0 -1000 -1000 -10
56 2 pedestrian 0 0 -10 694.23 107.06 1219.33 163.75 -10 -10 -10 -100    0 -1000 -1000 -10
56 1 pedestrian 0 0 -10 221.17 122.66 388.39 242.23 -10 -10 -10 -100    0 -1000 -1000 -10
57 21 pedestrian 0 0 -10 380.98 139.61 429.29 189.60 -10 -10 -10 -100    0 -1000 -1000 -10
57 20 pedestrian 0 0 -10 568.18 136.72 594.33 221.00 -10 -10 -10 -100    0 -1000 -1000 -10
57 19 pedestrian 0 0 -10 460.31 138.83 499.02 189.91 -10 -10 -10 -100    0 -1000 -1000 -10
57 16 pedestrian 0 0 -10 412.32 139.03 455.46 195.92 -10 -10 -10 -100    0 -1000 -1000 -10
57 15 pedestrian 0 0 -10 279.20 144.54 350.20 346.97 -10 -10 -10 -100    0 -1000 -1000 -10
57 14 pedestrian 0 0 -10 823.96 91.29 1038.13 370.00 -10 -10 -10 -100    0 -1000 -1000 -10
57 13 pedestrian 0 0 -10 922.39 125.37 1132.01 370.00 -10 -10 -10 -100    0 -1000 -1000 -10
57 10 pedestrian 0 0 -10 537.14 127.40 562.38 220.50 -10 -10 -10 -100    0 -1000 -1000 -10
57 9 pedestrian 0 0 -10 600.95 140.56 635.27 247.74 -10 -10 -10 -100    0 -1000 -1000 -10
57 7 pedestrian 0 0 -10 627.67 141.72 647.37 219.68 -10 -10 -10 -100    0 -1000 -1000 -10
57 2 pedestrian 0 0 -10 698.38 107.46 1218.97 163.18 -10 -10 -10 -100    0 -1000 -1000 -10
57 1 pedestrian 0 0 -10 220.59 122.53 387.41 239.75 -10 -10 -10 -100    0 -1000 -1000 -10
58 21 pedestrian 0 0 -10 380.41 140.70 428.00 189.98 -10 -10 -10 -100    0 -1000 -1000 -10
58 20 pedestrian 0 0 -10 569.67 136.45 595.85 223.03 -10 -10 -10 -100    0 -1000 -1000 -10
58 19 pedestrian 0 0 -10 458.94 138.44 495.74 189.73 -10 -10 -10 -100    0 -1000 -1000 -10
58 16 pedestrian 0 0 -10 413.64 138.73 457.28 196.27 -10 -10 -10 -100    0 -1000 -1000 -10
58 15 pedestrian 0 0 -10 267.40 143.48 328.47 341.10 -10 -10 -10 -100    0 -1000 -1000 -10
58 14 pedestrian 0 0 -10 846.64 96.24 1072.77 370.00 -10 -10 -10 -100    0 -1000 -1000 -10
58 13 pedestrian 0 0 -10 945.18 120.51 1172.87 370.00 -10 -10 -10 -100    0 -1000 -1000 -10
58 10 pedestrian 0 0 -10 539.53 125.66 565.08 221.92 -10 -10 -10 -100    0 -1000 -1000 -10
58 9 pedestrian 0 0 -10 603.57 138.39 637.11 248.90 -10 -10 -10 -100    0 -1000 -1000 -10
58 7 pedestrian 0 0 -10 629.40 141.34 650.53 220.30 -10 -10 -10 -100    0 -1000 -1000 -10
58 2 pedestrian 0 0 -10 699.16 106.95 1218.26 163.52 -10 -10 -10 -100    0 -1000 -1000 -10
58 1 pedestrian 0 0 -10 220.11 122.33 387.53 238.89 -10 -10 -10 -100    0 -1000 -1000 -10
59 23 pedestrian 0 0 -10 520.66 134.19 544.05 181.46 -10 -10 -10 -100    0 -1000 -1000 -10
59 21 pedestrian 0 0 -10 380.46 140.68 428.61 190.06 -10 -10 -10 -100    0 -1000 -1000 -10
59 20 pedestrian 0 0 -10 570.30 137.31 597.12 223.63 -10 -10 -10 -100    0 -1000 -1000 -10
59 19 pedestrian 0 0 -10 455.39 138.47 493.13 191.71 -10 -10 -10 -100    0 -1000 -1000 -10
59 16 pedestrian 0 0 -10 413.90 138.06 457.70 197.31 -10 -10 -10 -100    0 -1000 -1000 -10
59 15 pedestrian 0 0 -10 254.83 144.93 315.13 341.24 -10 -10 -10 -100    0 -1000 -1000 -10
59 14 pedestrian 0 0 -10 875.26 95.92 1107.72 370.00 -10 -10 -10 -100    0 -1000 -1000 -10
59 13 pedestrian 0 0 -10 971.63 125.97 1205.23 370.00 -10 -10 -10 -100    0 -1000 -1000 -10
59 10 pedestrian 0 0 -10 541.21 124.03 567.04 222.90 -10 -10 -10 -100    0 -1000 -1000 -10
59 9 pedestrian 0 0 -10 607.35 138.06 642.05 250.02 -10 -10 -10 -100    0 -1000 -1000 -10
59 7 pedestrian 0 0 -10 632.88 140.69 651.96 218.46 -10 -10 -10 -100    0 -1000 -1000 -10
59 2 pedestrian 0 0 -10 699.87 108.13 1209.56 164.09 -10 -10 -10 -100    0 -1000 -1000 -10
59 1 pedestrian 0 0 -10 221.01 122.00 388.48 238.00 -10 -10 -10 -100    0 -1000 -1000 -10
60 23 pedestrian 0 0 -10 518.29 133.34 542.59 181.16 -10 -10 -10 -100    0 -1000 -1000 -10
60 21 pedestrian 0 0 -10 379.23 140.86 427.35 190.63 -10 -10 -10 -100    0 -1000 -1000 -10
60 20 pedestrian 0 0 -10 570.94 136.95 598.99 223.81 -10 -10 -10 -100    0 -1000 -1000 -10
60 19 pedestrian 0 0 -10 452.00 138.69 490.66 192.10 -10 -10 -10 -100    0 -1000 -1000 -10
60 16 pedestrian 0 0 -10 414.19 138.70 457.69 197.14 -10 -10 -10 -100    0 -1000 -1000 -10
60 15 pedestrian 0 0 -10 253.10 149.98 306.37 337.39 -10 -10 -10 -100    0 -1000 -1000 -10
60 14 pedestrian 0 0 -10 900.28 91.77 1141.85 370.00 -10 -10 -10 -100    0 -1000 -1000 -10
60 13 pedestrian 0 0 -10 1003.22 125.51 1224.00 370.00 -10 -10 -10 -100    0 -1000 -1000 -10
60 10 pedestrian 0 0 -10 541.57 124.42 567.53 223.63 -10 -10 -10 -100    0 -1000 -1000 -10
60 9 pedestrian 0 0 -10 609.40 138.30 644.76 251.97 -10 -10 -10 -100    0 -1000 -1000 -10
60 7 pedestrian 0 0 -10 634.56 140.84 654.14 220.65 -10 -10 -10 -100    0 -1000 -1000 -10
60 2 pedestrian 0 0 -10 700.19 108.11 1209.23 163.63 -10 -10 -10 -100    0 -1000 -1000 -10
60 1 pedestrian 0 0 -10 221.18 121.39 388.30 236.28 -10 -10 -10 -100    0 -1000 -1000 -10
61 23 pedestrian 0 0 -10 515.53 134.02 544.16 182.79 -10 -10 -10 -100    0 -1000 -1000 -10
61 21 pedestrian 0 0 -10 379.23 140.38 427.51 190.09 -10 -10 -10 -100    0 -1000 -1000 -10
61 20 pedestrian 0 0 -10 571.83 137.07 599.48 224.98 -10 -10 -10 -100    0 -1000 -1000 -10
61 19 pedestrian 0 0 -10 448.73 139.15 488.01 192.12 -10 -10 -10 -100    0 -1000 -1000 -10
61 16 pedestrian 0 0 -10 414.15 137.62 456.88 196.10 -10 -10 -10 -100    0 -1000 -1000 -10
61 15 pedestrian 0 0 -10 243.92 150.48 293.94 335.75 -10 -10 -10 -100    0 -1000 -1000 -10
61 14 pedestrian 0 0 -10 923.32 87.82 1175.05 370.00 -10 -10 -10 -100    0 -1000 -1000 -10
61 13 pedestrian 0 0 -10 1036.67 122.13 1224.00 370.00 -10 -10 -10 -100    0 -1000 -1000 -10
61 10 pedestrian 0 0 -10 541.27 123.49 568.83 224.67 -10 -10 -10 -100    0 -1000 -1000 -10
61 9 pedestrian 0 0 -10 612.31 138.76 649.98 253.45 -10 -10 -10 -100    0 -1000 -1000 -10
61 7 pedestrian 0 0 -10 635.93 142.18 657.08 222.82 -10 -10 -10 -100    0 -1000 -1000 -10
61 2 pedestrian 0 0 -10 696.01 107.96 1218.73 163.87 -10 -10 -10 -100    0 -1000 -1000 -10
61 1 pedestrian 0 0 -10 221.86 122.04 388.18 238.81 -10 -10 -10 -100    0 -1000 -1000 -10
62 21 pedestrian 0 0 -10 379.95 140.82 426.49 189.10 -10 -10 -10 -100    0 -1000 -1000 -10
62 20 pedestrian 0 0 -10 572.79 136.87 600.68 225.64 -10 -10 -10 -100    0 -1000 -1000 -10
62 19 pedestrian 0 0 -10 446.04 138.93 484.96 192.64 -10 -10 -10 -100    0 -1000 -1000 -10
62 16 pedestrian 0 0 -10 413.53 137.98 453.80 195.28 -10 -10 -10 -100    0 -1000 -1000 -10
62 15 pedestrian 0 0 -10 232.39 146.28 282.94 328.27 -10 -10 -10 -100    0 -1000 -1000 -10
62 14 pedestrian 0 0 -10 950.30 89.84 1209.54 370.00 -10 -10 -10 -100    0 -1000 -1000 -10
62 13 pedestrian 0 0 -10 1068.27 116.66 1223.73 370.00 -10 -10 -10 -100    0 -1000 -1000 -10
62 23 pedestrian 0 0 -10 514.70 134.35 545.07 182.74 -10 -10 -10 -100    0 -1000 -1000 -10
62 10 pedestrian 0 0 -10 542.89 123.27 569.93 224.93 -10 -10 -10 -100    0 -1000 -1000 -10
62 9 pedestrian 0 0 -10 614.97 139.58 655.27 256.00 -10 -10 -10 -100    0 -1000 -1000 -10
62 7 pedestrian 0 0 -10 636.02 142.02 657.91 223.69 -10 -10 -10 -100    0 -1000 -1000 -10
62 2 pedestrian 0 0 -10 697.80 107.50 1221.94 164.08 -10 -10 -10 -100    0 -1000 -1000 -10
62 1 pedestrian 0 0 -10 222.22 121.91 388.40 240.28 -10 -10 -10 -100    0 -1000 -1000 -10
63 21 pedestrian 0 0 -10 380.95 139.76 424.49 188.96 -10 -10 -10 -100    0 -1000 -1000 -10
63 20 pedestrian 0 0 -10 573.64 136.26 602.71 227.21 -10 -10 -10 -100    0 -1000 -1000 -10
63 19 pedestrian 0 0 -10 443.68 138.67 482.19 192.87 -10 -10 -10 -100    0 -1000 -1000 -10
63 16 pedestrian 0 0 -10 411.86 139.50 453.17 195.96 -10 -10 -10 -100    0 -1000 -1000 -10
63 14 pedestrian 0 0 -10 977.61 86.08 1224.00 370.00 -10 -10 -10 -100    0 -1000 -1000 -10
63 23 pedestrian 0 0 -10 513.00 135.34 544.90 182.83 -10 -10 -10 -100    0 -1000 -1000 -10
63 10 pedestrian 0 0 -10 543.96 123.58 572.37 226.46 -10 -10 -10 -100    0 -1000 -1000 -10
63 9 pedestrian 0 0 -10 619.91 137.89 659.42 257.97 -10 -10 -10 -100    0 -1000 -1000 -10
63 7 pedestrian 0 0 -10 637.97 139.36 658.71 223.47 -10 -10 -10 -100    0 -1000 -1000 -10
63 2 pedestrian 0 0 -10 696.41 107.94 1213.75 163.97 -10 -10 -10 -100    0 -1000 -1000 -10
63 1 pedestrian 0 0 -10 222.72 122.52 388.35 238.93 -10 -10 -10 -100    0 -1000 -1000 -10
64 21 pedestrian 0 0 -10 380.02 140.42 421.40 188.96 -10 -10 -10 -100    0 -1000 -1000 -10
64 20 pedestrian 0 0 -10 575.30 136.13 605.12 227.13 -10 -10 -10 -100    0 -1000 -1000 -10
64 19 pedestrian 0 0 -10 438.70 138.76 478.00 193.57 -10 -10 -10 -100    0 -1000 -1000 -10
64 16 pedestrian 0 0 -10 410.26 139.33 451.25 194.07 -10 -10 -10 -100    0 -1000 -1000 -10
64 14 pedestrian 0 0 -10 1014.24 86.60 1224.00 370.00 -10 -10 -10 -100    0 -1000 -1000 -10
64 23 pedestrian 0 0 -10 512.28 134.94 543.36 182.98 -10 -10 -10 -100    0 -1000 -1000 -10
64 10 pedestrian 0 0 -10 543.31 123.03 572.72 227.34 -10 -10 -10 -100    0 -1000 -1000 -10
64 9 pedestrian 0 0 -10 626.06 137.45 664.48 259.03 -10 -10 -10 -100    0 -1000 -1000 -10
64 7 pedestrian 0 0 -10 634.68 138.21 658.37 226.84 -10 -10 -10 -100    0 -1000 -1000 -10
64 2 pedestrian 0 0 -10 697.20 108.00 1215.75 164.09 -10 -10 -10 -100    0 -1000 -1000 -10
64 1 pedestrian 0 0 -10 222.37 122.71 387.58 239.02 -10 -10 -10 -100    0 -1000 -1000 -10
65 21 pedestrian 0 0 -10 381.92 140.20 418.72 190.27 -10 -10 -10 -100    0 -1000 -1000 -10
65 20 pedestrian 0 0 -10 577.85 137.51 607.76 226.05 -10 -10 -10 -100    0 -1000 -1000 -10
65 19 pedestrian 0 0 -10 435.05 139.61 474.37 193.09 -10 -10 -10 -100    0 -1000 -1000 -10
65 16 pedestrian 0 0 -10 407.55 139.66 443.28 191.93 -10 -10 -10 -100    0 -1000 -1000 -10
65 14 pedestrian 0 0 -10 1052.05 84.58 1224.00 370.00 -10 -10 -10 -100    0 -1000 -1000 -10
65 23 pedestrian 0 0 -10 513.52 134.84 539.02 181.31 -10 -10 -10 -100    0 -1000 -1000 -10
65 10 pedestrian 0 0 -10 543.74 122.35 573.45 227.61 -10 -10 -10 -100    0 -1000 -1000 -10
65 9 pedestrian 0 0 -10 630.35 139.21 670.50 261.28 -10 -10 -10 -100    0 -1000 -1000 -10
65 7 pedestrian 0 0 -10 637.97 139.73 662.64 225.10 -10 -10 -10 -100    0 -1000 -1000 -10
65 2 pedestrian 0 0 -10 697.19 107.95 1212.98 164.13 -10 -10 -10 -100    0 -1000 -1000 -10
65 1 pedestrian 0 0 -10 222.40 123.46 388.11 238.13 -10 -10 -10 -100    0 -1000 -1000 -10
66 21 pedestrian 0 0 -10 371.76 141.78 407.28 191.97 -10 -10 -10 -100    0 -1000 -1000 -10
66 20 pedestrian 0 0 -10 581.42 137.71 609.93 226.60 -10 -10 -10 -100    0 -1000 -1000 -10
66 19 pedestrian 0 0 -10 427.97 139.11 469.10 196.12 -10 -10 -10 -100    0 -1000 -1000 -10
66 16 pedestrian 0 0 -10 405.65 139.00 439.73 192.53 -10 -10 -10 -100    0 -1000 -1000 -10
66 14 pedestrian 0 0 -10 1111.74 89.30 1223.92 370.00 -10 -10 -10 -100    0 -1000 -1000 -10
66 23 pedestrian 0 0 -10 513.42 135.06 532.68 180.66 -10 -10 -10 -100    0 -1000 -1000 -10
66 10 pedestrian 0 0 -10 545.75 123.91 573.62 227.84 -10 -10 -10 -100    0 -1000 -1000 -10
66 9 pedestrian 0 0 -10 633.67 140.12 676.70 263.49 -10 -10 -10 -100    0 -1000 -1000 -10
66 7 pedestrian 0 0 -10 640.79 141.12 664.76 224.05 -10 -10 -10 -100    0 -1000 -1000 -10
66 2 pedestrian 0 0 -10 697.08 107.97 1214.19 164.02 -10 -10 -10 -100    0 -1000 -1000 -10
66 1 pedestrian 0 0 -10 224.14 126.76 391.43 231.22 -10 -10 -10 -100    0 -1000 -1000 -10
67 20 pedestrian 0 0 -10 582.15 136.94 611.49 228.83 -10 -10 -10 -100    0 -1000 -1000 -10
67 19 pedestrian 0 0 -10 425.56 140.00 465.67 197.94 -10 -10 -10 -100    0 -1000 -1000 -10
67 16 pedestrian 0 0 -10 404.15 139.88 437.34 194.26 -10 -10 -10 -100    0 -1000 -1000 -10
67 23 pedestrian 0 0 -10 512.91 134.84 531.18 180.52 -10 -10 -10 -100    0 -1000 -1000 -10
67 10 pedestrian 0 0 -10 545.76 124.73 573.82 229.44 -10 -10 -10 -100    0 -1000 -1000 -10
67 9 pedestrian 0 0 -10 638.99 140.58 681.00 265.14 -10 -10 -10 -100    0 -1000 -1000 -10
67 7 pedestrian 0 0 -10 645.91 140.27 670.77 226.83 -10 -10 -10 -100    0 -1000 -1000 -10
67 2 pedestrian 0 0 -10 697.50 107.99 1217.75 164.12 -10 -10 -10 -100    0 -1000 -1000 -10
67 1 pedestrian 0 0 -10 237.58 131.40 392.65 222.16 -10 -10 -10 -100    0 -1000 -1000 -10
68 20 pedestrian 0 0 -10 584.63 135.35 615.69 230.30 -10 -10 -10 -100    0 -1000 -1000 -10
68 19 pedestrian 0 0 -10 422.48 139.53 462.54 196.91 -10 -10 -10 -100    0 -1000 -1000 -10
68 16 pedestrian 0 0 -10 401.73 139.46 434.23 194.18 -10 -10 -10 -100    0 -1000 -1000 -10
68 23 pedestrian 0 0 -10 512.21 135.83 529.44 181.55 -10 -10 -10 -100    0 -1000 -1000 -10
68 10 pedestrian 0 0 -10 545.34 124.51 573.67 230.63 -10 -10 -10 -100    0 -1000 -1000 -10
68 9 pedestrian 0 0 -10 646.10 138.26 685.09 267.15 -10 -10 -10 -100    0 -1000 -1000 -10
68 7 pedestrian 0 0 -10 648.47 139.96 674.50 227.39 -10 -10 -10 -100    0 -1000 -1000 -10
68 2 pedestrian 0 0 -10 698.19 107.88 1220.48 163.99 -10 -10 -10 -100    0 -1000 -1000 -10
68 1 pedestrian 0 0 -10 241.27 133.58 392.23 219.97 -10 -10 -10 -100    0 -1000 -1000 -10
69 20 pedestrian 0 0 -10 586.95 135.56 617.74 231.35 -10 -10 -10 -100    0 -1000 -1000 -10
69 19 pedestrian 0 0 -10 419.31 139.72 460.29 197.07 -10 -10 -10 -100    0 -1000 -1000 -10
69 16 pedestrian 0 0 -10 401.49 139.80 434.16 196.19 -10 -10 -10 -100    0 -1000 -1000 -10
69 23 pedestrian 0 0 -10 511.31 135.86 528.10 181.31 -10 -10 -10 -100    0 -1000 -1000 -10
69 10 pedestrian 0 0 -10 545.81 122.56 574.70 231.82 -10 -10 -10 -100    0 -1000 -1000 -10
69 9 pedestrian 0 0 -10 652.30 138.17 691.28 269.51 -10 -10 -10 -100    0 -1000 -1000 -10
69 7 pedestrian 0 0 -10 649.97 140.77 676.32 229.81 -10 -10 -10 -100    0 -1000 -1000 -10
69 2 pedestrian 0 0 -10 698.54 107.83 1220.29 163.98 -10 -10 -10 -100    0 -1000 -1000 -10
69 1 pedestrian 0 0 -10 241.49 133.51 392.62 219.98 -10 -10 -10 -100    0 -1000 -1000 -10
70 20 pedestrian 0 0 -10 589.56 135.91 621.29 232.33 -10 -10 -10 -100    0 -1000 -1000 -10
70 19 pedestrian 0 0 -10 415.86 139.58 458.03 197.12 -10 -10 -10 -100    0 -1000 -1000 -10
70 16 pedestrian 0 0 -10 400.29 140.14 431.91 195.19 -10 -10 -10 -100    0 -1000 -1000 -10
70 23 pedestrian 0 0 -10 509.60 136.42 526.40 181.05 -10 -10 -10 -100    0 -1000 -1000 -10
70 10 pedestrian 0 0 -10 546.04 121.89 576.02 232.03 -10 -10 -10 -100    0 -1000 -1000 -10
70 9 pedestrian 0 0 -10 656.93 138.46 699.84 271.40 -10 -10 -10 -100    0 -1000 -1000 -10
70 7 pedestrian 0 0 -10 652.09 140.96 679.47 230.79 -10 -10 -10 -100    0 -1000 -1000 -10
70 2 pedestrian 0 0 -10 698.33 108.06 1219.07 164.18 -10 -10 -10 -100    0 -1000 -1000 -10
70 1 pedestrian 0 0 -10 241.39 133.07 392.68 219.92 -10 -10 -10 -100    0 -1000 -1000 -10
71 19 pedestrian 0 0 -10 413.72 139.39 455.97 196.70 -10 -10 -10 -100    0 -1000 -1000 -10
71 16 pedestrian 0 0 -10 400.64 139.15 433.19 195.72 -10 -10 -10 -100    0 -1000 -1000 -10
71 23 pedestrian 0 0 -10 507.61 136.84 525.34 181.32 -10 -10 -10 -100    0 -1000 -1000 -10
71 10 pedestrian 0 0 -10 547.68 120.64 578.27 233.21 -10 -10 -10 -100    0 -1000 -1000 -10
71 9 pedestrian 0 0 -10 660.83 138.56 706.54 274.08 -10 -10 -10 -100    0 -1000 -1000 -10
71 20 pedestrian 0 0 -10 591.39 136.85 624.06 231.45 -10 -10 -10 -100    0 -1000 -1000 -10
71 7 pedestrian 0 0 -10 654.06 142.39 678.90 230.62 -10 -10 -10 -100    0 -1000 -1000 -10
71 2 pedestrian 0 0 -10 698.95 107.86 1220.68 164.03 -10 -10 -10 -100    0 -1000 -1000 -10
71 1 pedestrian 0 0 -10 240.82 133.21 395.48 220.76 -10 -10 -10 -100    0 -1000 -1000 -10
72 23 pedestrian 0 0 -10 505.72 136.35 523.93 181.53 -10 -10 -10 -100    0 -1000 -1000 -10
72 10 pedestrian 0 0 -10 547.41 120.87 579.54 234.71 -10 -10 -10 -100    0 -1000 -1000 -10
72 9 pedestrian 0 0 -10 664.75 139.19 711.71 276.71 -10 -10 -10 -100    0 -1000 -1000 -10
72 20 pedestrian 0 0 -10 593.75 137.39 626.64 233.12 -10 -10 -10 -100    0 -1000 -1000 -10
72 7 pedestrian 0 0 -10 655.29 142.15 679.91 228.38 -10 -10 -10 -100    0 -1000 -1000 -10
72 16 pedestrian 0 0 -10 400.70 138.82 431.95 195.42 -10 -10 -10 -100    0 -1000 -1000 -10
72 19 pedestrian 0 0 -10 411.72 139.04 452.81 196.44 -10 -10 -10 -100    0 -1000 -1000 -10
72 2 pedestrian 0 0 -10 697.67 108.00 1219.41 164.08 -10 -10 -10 -100    0 -1000 -1000 -10
72 1 pedestrian 0 0 -10 240.14 133.28 395.19 220.50 -10 -10 -10 -100    0 -1000 -1000 -10
73 23 pedestrian 0 0 -10 503.87 138.11 523.36 181.32 -10 -10 -10 -100    0 -1000 -1000 -10
73 10 pedestrian 0 0 -10 551.34 121.85 582.20 235.51 -10 -10 -10 -100    0 -1000 -1000 -10
73 9 pedestrian 0 0 -10 671.61 139.45 718.31 279.71 -10 -10 -10 -100    0 -1000 -1000 -10
73 20 pedestrian 0 0 -10 595.45 136.53 628.31 236.09 -10 -10 -10 -100    0 -1000 -1000 -10
73 7 pedestrian 0 0 -10 657.55 141.93 682.76 230.46 -10 -10 -10 -100    0 -1000 -1000 -10
73 16 pedestrian 0 0 -10 399.85 139.68 431.63 196.82 -10 -10 -10 -100    0 -1000 -1000 -10
73 19 pedestrian 0 0 -10 408.17 138.65 449.72 195.96 -10 -10 -10 -100    0 -1000 -1000 -10
73 2 pedestrian 0 0 -10 699.10 107.85 1220.54 164.02 -10 -10 -10 -100    0 -1000 -1000 -10
73 1 pedestrian 0 0 -10 240.35 133.37 395.22 220.28 -10 -10 -10 -100    0 -1000 -1000 -10
74 23 pedestrian 0 0 -10 500.95 139.82 521.13 181.45 -10 -10 -10 -100    0 -1000 -1000 -10
74 10 pedestrian 0 0 -10 552.15 121.63 582.54 236.59 -10 -10 -10 -100    0 -1000 -1000 -10
74 9 pedestrian 0 0 -10 678.16 137.18 724.32 281.74 -10 -10 -10 -100    0 -1000 -1000 -10
74 20 pedestrian 0 0 -10 597.48 137.38 627.84 234.19 -10 -10 -10 -100    0 -1000 -1000 -10
74 7 pedestrian 0 0 -10 659.01 141.51 687.71 231.36 -10 -10 -10 -100    0 -1000 -1000 -10
74 24 pedestrian 0 0 -10 531.03 141.57 548.66 185.75 -10 -10 -10 -100    0 -1000 -1000 -10
74 19 pedestrian 0 0 -10 401.32 136.56 448.65 196.19 -10 -10 -10 -100    0 -1000 -1000 -10
74 2 pedestrian 0 0 -10 699.17 107.84 1220.46 163.96 -10 -10 -10 -100    0 -1000 -1000 -10
74 1 pedestrian 0 0 -10 240.34 133.25 394.54 220.72 -10 -10 -10 -100    0 -1000 -1000 -10
75 23 pedestrian 0 0 -10 498.77 138.34 517.09 180.66 -10 -10 -10 -100    0 -1000 -1000 -10
75 10 pedestrian 0 0 -10 551.45 121.69 583.13 238.30 -10 -10 -10 -100    0 -1000 -1000 -10
75 9 pedestrian 0 0 -10 682.39 138.78 732.44 283.83 -10 -10 -10 -100    0 -1000 -1000 -10
75 20 pedestrian 0 0 -10 600.07 136.02 630.24 234.80 -10 -10 -10 -100    0 -1000 -1000 -10
75 7 pedestrian 0 0 -10 661.68 141.83 690.10 232.81 -10 -10 -10 -100    0 -1000 -1000 -10
75 24 pedestrian 0 0 -10 528.03 141.45 544.21 181.68 -10 -10 -10 -100    0 -1000 -1000 -10
75 19 pedestrian 0 0 -10 395.73 136.12 446.34 195.61 -10 -10 -10 -100    0 -1000 -1000 -10
75 2 pedestrian 0 0 -10 700.80 107.89 1220.15 163.92 -10 -10 -10 -100    0 -1000 -1000 -10
75 1 pedestrian 0 0 -10 240.51 132.91 392.92 220.46 -10 -10 -10 -100    0 -1000 -1000 -10
76 23 pedestrian 0 0 -10 497.53 138.14 514.95 181.37 -10 -10 -10 -100    0 -1000 -1000 -10
76 10 pedestrian 0 0 -10 554.51 121.78 584.24 237.76 -10 -10 -10 -100    0 -1000 -1000 -10
76 9 pedestrian 0 0 -10 686.62 138.08 739.96 286.24 -10 -10 -10 -100    0 -1000 -1000 -10
76 20 pedestrian 0 0 -10 602.19 137.52 634.44 236.27 -10 -10 -10 -100    0 -1000 -1000 -10
76 7 pedestrian 0 0 -10 664.03 141.56 692.77 234.04 -10 -10 -10 -100    0 -1000 -1000 -10
76 24 pedestrian 0 0 -10 523.68 140.36 541.64 182.20 -10 -10 -10 -100    0 -1000 -1000 -10
76 19 pedestrian 0 0 -10 391.62 135.58 445.22 196.04 -10 -10 -10 -100    0 -1000 -1000 -10
76 2 pedestrian 0 0 -10 701.08 107.81 1220.12 163.85 -10 -10 -10 -100    0 -1000 -1000 -10
76 1 pedestrian 0 0 -10 241.15 133.07 392.12 220.22 -10 -10 -10 -100    0 -1000 -1000 -10
77 23 pedestrian 0 0 -10 494.53 136.97 513.42 182.57 -10 -10 -10 -100    0 -1000 -1000 -10
77 10 pedestrian 0 0 -10 557.05 121.53 585.72 239.31 -10 -10 -10 -100    0 -1000 -1000 -10
77 9 pedestrian 0 0 -10 695.22 138.53 746.94 286.68 -10 -10 -10 -100    0 -1000 -1000 -10
77 20 pedestrian 0 0 -10 605.38 137.16 639.50 236.94 -10 -10 -10 -100    0 -1000 -1000 -10
77 7 pedestrian 0 0 -10 667.23 140.90 696.01 235.40 -10 -10 -10 -100    0 -1000 -1000 -10
77 24 pedestrian 0 0 -10 520.05 140.01 539.80 181.71 -10 -10 -10 -100    0 -1000 -1000 -10
77 19 pedestrian 0 0 -10 388.79 135.98 440.70 196.87 -10 -10 -10 -100    0 -1000 -1000 -10
77 2 pedestrian 0 0 -10 701.24 107.83 1220.47 164.03 -10 -10 -10 -100    0 -1000 -1000 -10
77 1 pedestrian 0 0 -10 241.07 132.94 392.78 220.11 -10 -10 -10 -100    0 -1000 -1000 -10
78 23 pedestrian 0 0 -10 492.16 137.13 511.30 182.11 -10 -10 -10 -100    0 -1000 -1000 -10
78 10 pedestrian 0 0 -10 558.85 122.91 587.31 240.52 -10 -10 -10 -100    0 -1000 -1000 -10
78 9 pedestrian 0 0 -10 703.04 137.78 749.89 288.30 -10 -10 -10 -100    0 -1000 -1000 -10
78 20 pedestrian 0 0 -10 607.05 138.17 641.87 239.72 -10 -10 -10 -100    0 -1000 -1000 -10
78 7 pedestrian 0 0 -10 669.29 141.80 701.40 236.08 -10 -10 -10 -100    0 -1000 -1000 -10
78 16 pedestrian 0 0 -10 384.30 137.49 430.32 198.24 -10 -10 -10 -100    0 -1000 -1000 -10
78 24 pedestrian 0 0 -10 518.66 139.65 538.28 182.47 -10 -10 -10 -100    0 -1000 -1000 -10
78 19 pedestrian 0 0 -10 390.50 134.94 440.46 196.69 -10 -10 -10 -100    0 -1000 -1000 -10
78 2 pedestrian 0 0 -10 701.13 107.77 1220.39 163.93 -10 -10 -10 -100    0 -1000 -1000 -10
78 1 pedestrian 0 0 -10 241.19 133.30 392.44 220.07 -10 -10 -10 -100    0 -1000 -1000 -10
79 23 pedestrian 0 0 -10 490.10 137.33 509.69 182.80 -10 -10 -10 -100    0 -1000 -1000 -10
79 10 pedestrian 0 0 -10 559.41 122.41 589.20 243.19 -10 -10 -10 -100    0 -1000 -1000 -10
79 9 pedestrian 0 0 -10 709.73 138.12 757.70 291.34 -10 -10 -10 -100    0 -1000 -1000 -10
79 20 pedestrian 0 0 -10 610.16 137.72 645.92 240.60 -10 -10 -10 -100    0 -1000 -1000 -10
79 7 pedestrian 0 0 -10 671.61 143.69 704.07 238.13 -10 -10 -10 -100    0 -1000 -1000 -10
79 16 pedestrian 0 0 -10 381.88 137.35 430.09 198.95 -10 -10 -10 -100    0 -1000 -1000 -10
79 24 pedestrian 0 0 -10 516.45 139.78 533.58 182.26 -10 -10 -10 -100    0 -1000 -1000 -10
79 19 pedestrian 0 0 -10 388.74 134.22 440.03 197.29 -10 -10 -10 -100    0 -1000 -1000 -10
79 2 pedestrian 0 0 -10 700.56 107.74 1220.44 164.05 -10 -10 -10 -100    0 -1000 -1000 -10
79 1 pedestrian 0 0 -10 241.21 133.14 391.87 220.18 -10 -10 -10 -100    0 -1000 -1000 -10
80 23 pedestrian 0 0 -10 489.25 137.15 508.23 183.36 -10 -10 -10 -100    0 -1000 -1000 -10
80 10 pedestrian 0 0 -10 560.90 122.06 592.71 244.76 -10 -10 -10 -100    0 -1000 -1000 -10
80 9 pedestrian 0 0 -10 716.35 139.61 768.12 295.11 -10 -10 -10 -100    0 -1000 -1000 -10
80 20 pedestrian 0 0 -10 612.81 137.57 649.24 241.99 -10 -10 -10 -100    0 -1000 -1000 -10
80 7 pedestrian 0 0 -10 674.39 143.92 706.33 238.76 -10 -10 -10 -100    0 -1000 -1000 -10
80 16 pedestrian 0 0 -10 380.87 138.62 427.60 197.24 -10 -10 -10 -100    0 -1000 -1000 -10
80 24 pedestrian 0 0 -10 514.81 138.77 531.12 182.85 -10 -10 -10 -100    0 -1000 -1000 -10
80 19 pedestrian 0 0 -10 387.40 134.65 437.92 194.88 -10 -10 -10 -100    0 -1000 -1000 -10
80 2 pedestrian 0 0 -10 699.87 107.75 1220.67 164.00 -10 -10 -10 -100    0 -1000 -1000 -10
80 1 pedestrian 0 0 -10 241.08 132.93 391.67 219.89 -10 -10 -10 -100    0 -1000 -1000 -10
81 23 pedestrian 0 0 -10 487.23 137.48 504.03 182.74 -10 -10 -10 -100    0 -1000 -1000 -10
81 10 pedestrian 0 0 -10 561.42 120.82 594.88 244.85 -10 -10 -10 -100    0 -1000 -1000 -10
81 9 pedestrian 0 0 -10 721.15 140.42 776.28 299.93 -10 -10 -10 -100    0 -1000 -1000 -10
81 20 pedestrian 0 0 -10 615.46 137.72 653.13 242.63 -10 -10 -10 -100    0 -1000 -1000 -10
81 7 pedestrian 0 0 -10 676.94 143.89 708.14 239.30 -10 -10 -10 -100    0 -1000 -1000 -10
81 16 pedestrian 0 0 -10 376.78 138.11 424.13 198.53 -10 -10 -10 -100    0 -1000 -1000 -10
81 24 pedestrian 0 0 -10 512.70 138.26 529.16 182.12 -10 -10 -10 -100    0 -1000 -1000 -10
81 19 pedestrian 0 0 -10 384.49 134.41 437.18 196.80 -10 -10 -10 -100    0 -1000 -1000 -10
81 2 pedestrian 0 0 -10 700.10 107.77 1220.55 163.88 -10 -10 -10 -100    0 -1000 -1000 -10
81 1 pedestrian 0 0 -10 240.87 133.12 392.06 220.18 -10 -10 -10 -100    0 -1000 -1000 -10
82 23 pedestrian 0 0 -10 486.11 137.47 502.40 182.52 -10 -10 -10 -100    0 -1000 -1000 -10
82 10 pedestrian 0 0 -10 561.95 119.61 595.56 244.31 -10 -10 -10 -100    0 -1000 -1000 -10
82 9 pedestrian 0 0 -10 726.24 139.96 782.36 304.60 -10 -10 -10 -100    0 -1000 -1000 -10
82 20 pedestrian 0 0 -10 618.19 137.35 657.80 245.38 -10 -10 -10 -100    0 -1000 -1000 -10
82 7 pedestrian 0 0 -10 679.82 142.67 710.21 239.58 -10 -10 -10 -100    0 -1000 -1000 -10
82 16 pedestrian 0 0 -10 370.16 139.18 414.91 199.82 -10 -10 -10 -100    0 -1000 -1000 -10
82 24 pedestrian 0 0 -10 509.85 139.15 528.25 182.04 -10 -10 -10 -100    0 -1000 -1000 -10
82 19 pedestrian 0 0 -10 385.72 134.37 435.58 197.03 -10 -10 -10 -100    0 -1000 -1000 -10
82 2 pedestrian 0 0 -10 700.94 107.88 1219.71 163.94 -10 -10 -10 -100    0 -1000 -1000 -10
82 1 pedestrian 0 0 -10 240.93 132.87 391.90 220.10 -10 -10 -10 -100    0 -1000 -1000 -10
83 10 pedestrian 0 0 -10 558.14 120.80 597.25 247.64 -10 -10 -10 -100    0 -1000 -1000 -10
83 9 pedestrian 0 0 -10 734.16 139.56 789.11 305.47 -10 -10 -10 -100    0 -1000 -1000 -10
83 20 pedestrian 0 0 -10 620.41 135.39 659.05 246.07 -10 -10 -10 -100    0 -1000 -1000 -10
83 7 pedestrian 0 0 -10 681.90 142.79 713.13 240.95 -10 -10 -10 -100    0 -1000 -1000 -10
83 24 pedestrian 0 0 -10 482.36 136.68 521.56 183.08 -10 -10 -10 -100    0 -1000 -1000 -10
83 19 pedestrian 0 0 -10 386.04 134.84 433.27 198.70 -10 -10 -10 -100    0 -1000 -1000 -10
83 2 pedestrian 0 0 -10 700.75 107.87 1220.33 163.98 -10 -10 -10 -100    0 -1000 -1000 -10
83 1 pedestrian 0 0 -10 241.01 132.58 391.90 219.84 -10 -10 -10 -100    0 -1000 -1000 -10
84 10 pedestrian 0 0 -10 559.48 121.86 600.67 249.70 -10 -10 -10 -100    0 -1000 -1000 -10
84 9 pedestrian 0 0 -10 746.85 138.71 799.39 309.41 -10 -10 -10 -100    0 -1000 -1000 -10
84 20 pedestrian 0 0 -10 623.38 136.01 661.99 247.79 -10 -10 -10 -100    0 -1000 -1000 -10
84 7 pedestrian 0 0 -10 684.13 143.79 717.71 242.19 -10 -10 -10 -100    0 -1000 -1000 -10
84 24 pedestrian 0 0 -10 479.20 137.97 522.44 184.01 -10 -10 -10 -100    0 -1000 -1000 -10
84 19 pedestrian 0 0 -10 386.18 134.40 431.56 200.27 -10 -10 -10 -100    0 -1000 -1000 -10
84 2 pedestrian 0 0 -10 700.32 107.82 1220.07 163.99 -10 -10 -10 -100    0 -1000 -1000 -10
84 1 pedestrian 0 0 -10 240.55 132.66 392.71 219.85 -10 -10 -10 -100    0 -1000 -1000 -10
85 10 pedestrian 0 0 -10 564.77 121.21 604.33 250.32 -10 -10 -10 -100    0 -1000 -1000 -10
85 9 pedestrian 0 0 -10 751.35 139.85 810.55 314.13 -10 -10 -10 -100    0 -1000 -1000 -10
85 20 pedestrian 0 0 -10 627.20 137.47 667.37 249.10 -10 -10 -10 -100    0 -1000 -1000 -10
85 7 pedestrian 0 0 -10 686.78 143.79 720.43 243.37 -10 -10 -10 -100    0 -1000 -1000 -10
85 21 pedestrian 0 0 -10 353.91 142.16 400.68 202.62 -10 -10 -10 -100    0 -1000 -1000 -10
85 24 pedestrian 0 0 -10 476.40 137.92 518.85 183.40 -10 -10 -10 -100    0 -1000 -1000 -10
85 19 pedestrian 0 0 -10 389.22 136.14 434.37 202.81 -10 -10 -10 -100    0 -1000 -1000 -10
85 2 pedestrian 0 0 -10 700.33 107.82 1220.10 163.95 -10 -10 -10 -100    0 -1000 -1000 -10
85 1 pedestrian 0 0 -10 240.83 133.16 393.35 220.03 -10 -10 -10 -100    0 -1000 -1000 -10
86 10 pedestrian 0 0 -10 565.68 120.46 606.46 252.97 -10 -10 -10 -100    0 -1000 -1000 -10
86 9 pedestrian 0 0 -10 756.17 141.04 820.16 318.22 -10 -10 -10 -100    0 -1000 -1000 -10
86 20 pedestrian 0 0 -10 630.13 137.50 671.13 250.77 -10 -10 -10 -100    0 -1000 -1000 -10
86 7 pedestrian 0 0 -10 689.95 142.51 723.07 244.21 -10 -10 -10 -100    0 -1000 -1000 -10
86 21 pedestrian 0 0 -10 346.91 141.22 398.85 202.37 -10 -10 -10 -100    0 -1000 -1000 -10
86 24 pedestrian 0 0 -10 474.26 138.19 515.42 183.75 -10 -10 -10 -100    0 -1000 -1000 -10
86 19 pedestrian 0 0 -10 388.34 133.97 432.94 201.34 -10 -10 -10 -100    0 -1000 -1000 -10
86 2 pedestrian 0 0 -10 701.00 107.88 1220.18 163.96 -10 -10 -10 -100    0 -1000 -1000 -10
86 1 pedestrian 0 0 -10 240.91 133.34 394.29 219.94 -10 -10 -10 -100    0 -1000 -1000 -10
87 10 pedestrian 0 0 -10 572.76 119.50 610.42 253.59 -10 -10 -10 -100    0 -1000 -1000 -10
87 9 pedestrian 0 0 -10 767.64 141.10 826.11 319.73 -10 -10 -10 -100    0 -1000 -1000 -10
87 20 pedestrian 0 0 -10 630.85 136.98 674.28 251.16 -10 -10 -10 -100    0 -1000 -1000 -10
87 7 pedestrian 0 0 -10 693.93 142.27 728.87 244.88 -10 -10 -10 -100    0 -1000 -1000 -10
87 24 pedestrian 0 0 -10 472.79 137.64 515.61 183.91 -10 -10 -10 -100    0 -1000 -1000 -10
87 19 pedestrian 0 0 -10 393.51 135.08 436.47 198.34 -10 -10 -10 -100    0 -1000 -1000 -10
87 2 pedestrian 0 0 -10 701.38 107.80 1220.17 163.92 -10 -10 -10 -100    0 -1000 -1000 -10
87 1 pedestrian 0 0 -10 240.98 133.62 394.18 220.29 -10 -10 -10 -100    0 -1000 -1000 -10
88 10 pedestrian 0 0 -10 576.03 119.28 614.32 255.66 -10 -10 -10 -100    0 -1000 -1000 -10
88 9 pedestrian 0 0 -10 780.09 138.92 832.17 325.95 -10 -10 -10 -100    0 -1000 -1000 -10
88 20 pedestrian 0 0 -10 631.39 135.80 675.01 252.92 -10 -10 -10 -100    0 -1000 -1000 -10
88 7 pedestrian 0 0 -10 696.84 143.09 734.26 247.02 -10 -10 -10 -100    0 -1000 -1000 -10
88 24 pedestrian 0 0 -10 471.01 137.08 512.69 184.52 -10 -10 -10 -100    0 -1000 -1000 -10
88 19 pedestrian 0 0 -10 406.08 134.19 442.66 192.23 -10 -10 -10 -100    0 -1000 -1000 -10
88 2 pedestrian 0 0 -10 701.51 107.78 1219.89 164.00 -10 -10 -10 -100    0 -1000 -1000 -10
88 1 pedestrian 0 0 -10 240.74 132.98 394.32 220.18 -10 -10 -10 -100    0 -1000 -1000 -10
89 10 pedestrian 0 0 -10 579.52 120.64 617.94 258.07 -10 -10 -10 -100    0 -1000 -1000 -10
89 9 pedestrian 0 0 -10 785.45 139.62 843.59 330.18 -10 -10 -10 -100    0 -1000 -1000 -10
89 20 pedestrian 0 0 -10 633.23 136.40 677.37 255.37 -10 -10 -10 -100    0 -1000 -1000 -10
89 7 pedestrian 0 0 -10 700.33 142.75 737.26 247.65 -10 -10 -10 -100    0 -1000 -1000 -10
89 24 pedestrian 0 0 -10 469.37 137.69 507.53 185.40 -10 -10 -10 -100    0 -1000 -1000 -10
89 19 pedestrian 0 0 -10 405.60 134.27 444.64 193.12 -10 -10 -10 -100    0 -1000 -1000 -10
89 2 pedestrian 0 0 -10 701.63 107.89 1220.14 163.92 -10 -10 -10 -100    0 -1000 -1000 -10
89 1 pedestrian 0 0 -10 240.17 132.74 393.88 220.33 -10 -10 -10 -100    0 -1000 -1000 -10
90 25 pedestrian 0 0 -10 551.83 134.16 590.74 182.27 -10 -10 -10 -100    0 -1000 -1000 -10
90 10 pedestrian 0 0 -10 582.99 120.43 620.53 259.60 -10 -10 -10 -100    0 -1000 -1000 -10
90 9 pedestrian 0 0 -10 792.74 140.65 858.95 334.89 -10 -10 -10 -100    0 -1000 -1000 -10
90 20 pedestrian 0 0 -10 635.47 137.79 679.29 256.34 -10 -10 -10 -100    0 -1000 -1000 -10
90 7 pedestrian 0 0 -10 703.77 144.39 739.48 249.12 -10 -10 -10 -100    0 -1000 -1000 -10
90 24 pedestrian 0 0 -10 467.30 137.77 507.29 186.06 -10 -10 -10 -100    0 -1000 -1000 -10
90 19 pedestrian 0 0 -10 425.90 138.90 447.93 191.02 -10 -10 -10 -100    0 -1000 -1000 -10
90 2 pedestrian 0 0 -10 700.97 107.93 1220.18 163.76 -10 -10 -10 -100    0 -1000 -1000 -10
90 1 pedestrian 0 0 -10 240.99 133.31 392.33 220.20 -10 -10 -10 -100    0 -1000 -1000 -10
91 25 pedestrian 0 0 -10 549.13 133.94 590.97 182.57 -10 -10 -10 -100    0 -1000 -1000 -10
91 10 pedestrian 0 0 -10 587.53 121.97 623.33 261.95 -10 -10 -10 -100    0 -1000 -1000 -10
91 9 pedestrian 0 0 -10 797.38 141.69 870.06 341.33 -10 -10 -10 -100    0 -1000 -1000 -10
91 20 pedestrian 0 0 -10 636.12 138.09 679.89 259.00 -10 -10 -10 -100    0 -1000 -1000 -10
91 7 pedestrian 0 0 -10 706.73 142.40 741.82 250.48 -10 -10 -10 -100    0 -1000 -1000 -10
91 24 pedestrian 0 0 -10 466.40 138.46 506.06 186.03 -10 -10 -10 -100    0 -1000 -1000 -10
91 19 pedestrian 0 0 -10 428.21 140.47 450.57 192.81 -10 -10 -10 -100    0 -1000 -1000 -10
91 2 pedestrian 0 0 -10 698.46 108.10 1219.08 163.80 -10 -10 -10 -100    0 -1000 -1000 -10
91 1 pedestrian 0 0 -10 240.62 133.23 392.52 220.09 -10 -10 -10 -100    0 -1000 -1000 -10
92 25 pedestrian 0 0 -10 546.93 133.76 585.05 183.29 -10 -10 -10 -100    0 -1000 -1000 -10
92 10 pedestrian 0 0 -10 588.43 120.48 627.59 262.54 -10 -10 -10 -100    0 -1000 -1000 -10
92 9 pedestrian 0 0 -10 808.64 141.31 876.43 346.67 -10 -10 -10 -100    0 -1000 -1000 -10
92 20 pedestrian 0 0 -10 637.04 137.87 680.45 261.74 -10 -10 -10 -100    0 -1000 -1000 -10
92 7 pedestrian 0 0 -10 710.80 142.66 746.23 251.28 -10 -10 -10 -100    0 -1000 -1000 -10
92 24 pedestrian 0 0 -10 484.45 138.98 503.28 185.55 -10 -10 -10 -100    0 -1000 -1000 -10
92 19 pedestrian 0 0 -10 431.05 140.23 451.62 190.09 -10 -10 -10 -100    0 -1000 -1000 -10
92 2 pedestrian 0 0 -10 696.65 108.08 1219.71 163.96 -10 -10 -10 -100    0 -1000 -1000 -10
92 1 pedestrian 0 0 -10 240.91 133.18 392.08 220.21 -10 -10 -10 -100    0 -1000 -1000 -10
93 25 pedestrian 0 0 -10 545.42 134.50 582.44 183.88 -10 -10 -10 -100    0 -1000 -1000 -10
93 10 pedestrian 0 0 -10 586.86 122.05 628.52 265.00 -10 -10 -10 -100    0 -1000 -1000 -10
93 9 pedestrian 0 0 -10 826.68 140.42 890.53 350.43 -10 -10 -10 -100    0 -1000 -1000 -10
93 20 pedestrian 0 0 -10 638.90 137.62 683.32 262.93 -10 -10 -10 -100    0 -1000 -1000 -10
93 7 pedestrian 0 0 -10 714.61 143.96 752.51 252.13 -10 -10 -10 -100    0 -1000 -1000 -10
93 24 pedestrian 0 0 -10 485.01 137.95 502.26 185.87 -10 -10 -10 -100    0 -1000 -1000 -10
93 19 pedestrian 0 0 -10 435.25 137.36 454.58 185.78 -10 -10 -10 -100    0 -1000 -1000 -10
93 2 pedestrian 0 0 -10 696.84 108.12 1219.36 163.71 -10 -10 -10 -100    0 -1000 -1000 -10
93 1 pedestrian 0 0 -10 240.97 133.32 392.24 220.29 -10 -10 -10 -100    0 -1000 -1000 -10
94 25 pedestrian 0 0 -10 544.72 135.10 579.25 183.60 -10 -10 -10 -100    0 -1000 -1000 -10
94 26 pedestrian 0 0 -10 394.26 134.22 417.95 183.01 -10 -10 -10 -100    0 -1000 -1000 -10
94 10 pedestrian 0 0 -10 585.55 124.74 629.30 266.13 -10 -10 -10 -100    0 -1000 -1000 -10
94 9 pedestrian 0 0 -10 842.92 142.49 909.51 353.71 -10 -10 -10 -100    0 -1000 -1000 -10
94 20 pedestrian 0 0 -10 642.04 138.64 686.05 263.73 -10 -10 -10 -100    0 -1000 -1000 -10
94 7 pedestrian 0 0 -10 719.34 143.52 756.59 253.66 -10 -10 -10 -100    0 -1000 -1000 -10
94 2 pedestrian 0 0 -10 697.05 108.03 1220.02 163.89 -10 -10 -10 -100    0 -1000 -1000 -10
94 1 pedestrian 0 0 -10 240.93 133.35 392.35 220.25 -10 -10 -10 -100    0 -1000 -1000 -10
95 25 pedestrian 0 0 -10 543.99 135.63 578.91 183.81 -10 -10 -10 -100    0 -1000 -1000 -10
95 26 pedestrian 0 0 -10 392.60 135.03 414.77 181.34 -10 -10 -10 -100    0 -1000 -1000 -10
95 10 pedestrian 0 0 -10 586.79 126.23 631.93 267.90 -10 -10 -10 -100    0 -1000 -1000 -10
95 9 pedestrian 0 0 -10 845.39 142.67 934.64 357.81 -10 -10 -10 -100    0 -1000 -1000 -10
95 20 pedestrian 0 0 -10 644.44 139.25 690.07 266.56 -10 -10 -10 -100    0 -1000 -1000 -10
95 7 pedestrian 0 0 -10 723.61 143.55 761.38 255.09 -10 -10 -10 -100    0 -1000 -1000 -10
95 2 pedestrian 0 0 -10 698.19 107.93 1219.35 163.66 -10 -10 -10 -100    0 -1000 -1000 -10
95 1 pedestrian 0 0 -10 241.03 133.31 392.46 220.29 -10 -10 -10 -100    0 -1000 -1000 -10
96 25 pedestrian 0 0 -10 543.01 134.59 578.10 184.04 -10 -10 -10 -100    0 -1000 -1000 -10
96 23 pedestrian 0 0 -10 444.65 136.31 498.77 188.93 -10 -10 -10 -100    0 -1000 -1000 -10
96 10 pedestrian 0 0 -10 587.61 125.27 635.04 271.03 -10 -10 -10 -100    0 -1000 -1000 -10
96 9 pedestrian 0 0 -10 852.60 143.63 947.91 363.85 -10 -10 -10 -100    0 -1000 -1000 -10
96 20 pedestrian 0 0 -10 646.18 139.26 693.62 268.56 -10 -10 -10 -100    0 -1000 -1000 -10
96 7 pedestrian 0 0 -10 726.98 143.54 765.96 256.19 -10 -10 -10 -100    0 -1000 -1000 -10
96 2 pedestrian 0 0 -10 697.88 107.87 1219.60 163.69 -10 -10 -10 -100    0 -1000 -1000 -10
96 1 pedestrian 0 0 -10 241.07 133.14 391.82 220.07 -10 -10 -10 -100    0 -1000 -1000 -10
97 25 pedestrian 0 0 -10 542.96 135.06 578.44 184.18 -10 -10 -10 -100    0 -1000 -1000 -10
97 23 pedestrian 0 0 -10 444.55 136.94 497.06 189.31 -10 -10 -10 -100    0 -1000 -1000 -10
97 10 pedestrian 0 0 -10 595.86 121.44 639.21 275.80 -10 -10 -10 -100    0 -1000 -1000 -10
97 9 pedestrian 0 0 -10 874.71 142.67 957.75 367.55 -10 -10 -10 -100    0 -1000 -1000 -10
97 20 pedestrian 0 0 -10 647.82 138.10 696.05 270.99 -10 -10 -10 -100    0 -1000 -1000 -10
97 7 pedestrian 0 0 -10 732.10 144.41 773.93 259.00 -10 -10 -10 -100    0 -1000 -1000 -10
97 2 pedestrian 0 0 -10 698.86 107.87 1219.30 163.51 -10 -10 -10 -100    0 -1000 -1000 -10
97 1 pedestrian 0 0 -10 240.92 133.24 391.79 220.05 -10 -10 -10 -100    0 -1000 -1000 -10
98 25 pedestrian 0 0 -10 544.51 135.49 577.95 183.39 -10 -10 -10 -100    0 -1000 -1000 -10
98 23 pedestrian 0 0 -10 444.67 135.82 496.28 188.61 -10 -10 -10 -100    0 -1000 -1000 -10
98 10 pedestrian 0 0 -10 603.72 119.75 643.28 277.77 -10 -10 -10 -100    0 -1000 -1000 -10
98 9 pedestrian 0 0 -10 897.07 141.22 968.21 370.00 -10 -10 -10 -100    0 -1000 -1000 -10
98 20 pedestrian 0 0 -10 651.00 138.66 699.09 273.33 -10 -10 -10 -100    0 -1000 -1000 -10
98 7 pedestrian 0 0 -10 736.99 144.66 781.44 259.19 -10 -10 -10 -100    0 -1000 -1000 -10
98 2 pedestrian 0 0 -10 700.37 107.73 1219.32 163.55 -10 -10 -10 -100    0 -1000 -1000 -10
98 1 pedestrian 0 0 -10 240.72 133.23 390.60 219.66 -10 -10 -10 -100    0 -1000 -1000 -10
99 25 pedestrian 0 0 -10 545.35 136.05 578.08 183.23 -10 -10 -10 -100    0 -1000 -1000 -10
99 23 pedestrian 0 0 -10 443.75 134.73 494.92 188.32 -10 -10 -10 -100    0 -1000 -1000 -10
99 10 pedestrian 0 0 -10 607.23 123.36 646.87 278.05 -10 -10 -10 -100    0 -1000 -1000 -10
99 9 pedestrian 0 0 -10 909.10 142.01 996.89 370.00 -10 -10 -10 -100    0 -1000 -1000 -10
99 20 pedestrian 0 0 -10 653.16 140.49 701.23 275.16 -10 -10 -10 -100    0 -1000 -1000 -10
99 7 pedestrian 0 0 -10 740.19 145.86 785.31 262.29 -10 -10 -10 -100    0 -1000 -1000 -10
99 2 pedestrian 0 0 -10 699.54 107.81 1219.39 163.44 -10 -10 -10 -100    0 -1000 -1000 -10
99 1 pedestrian 0 0 -10 240.93 133.24 390.69 220.01 -10 -10 -10 -100    0 -1000 -1000 -10
100 25 pedestrian 0 0 -10 545.60 136.12 577.87 183.36 -10 -10 -10 -100    0 -1000 -1000 -10
100 23 pedestrian 0 0 -10 441.33 134.62 493.86 188.61 -10 -10 -10 -100    0 -1000 -1000 -10
100 10 pedestrian 0 0 -10 611.40 124.76 651.54 280.88 -10 -10 -10 -100    0 -1000 -1000 -10
100 9 pedestrian 0 0 -10 918.95 142.77 1025.20 370.00 -10 -10 -10 -100    0 -1000 -1000 -10
100 20 pedestrian 0 0 -10 656.74 142.32 704.38 277.66 -10 -10 -10 -100    0 -1000 -1000 -10
100 7 pedestrian 0 0 -10 743.61 145.30 788.48 263.23 -10 -10 -10 -100    0 -1000 -1000 -10
100 2 pedestrian 0 0 -10 699.58 107.85 1218.75 163.65 -10 -10 -10 -100    0 -1000 -1000 -10
100 1 pedestrian 0 0 -10 240.97 133.47 391.23 220.06 -10 -10 -10 -100    0 -1000 -1000 -10
101 25 pedestrian 0 0 -10 545.33 135.86 577.83 183.32 -10 -10 -10 -100    0 -1000 -1000 -10
101 23 pedestrian 0 0 -10 438.94 135.28 490.67 188.79 -10 -10 -10 -100    0 -1000 -1000 -10
101 10 pedestrian 0 0 -10 614.99 123.81 657.29 282.27 -10 -10 -10 -100    0 -1000 -1000 -10
101 9 pedestrian 0 0 -10 930.81 141.97 1042.38 370.00 -10 -10 -10 -100    0 -1000 -1000 -10
101 20 pedestrian 0 0 -10 659.27 143.49 707.34 280.51 -10 -10 -10 -100    0 -1000 -1000 -10
101 7 pedestrian 0 0 -10 747.99 145.00 791.44 264.20 -10 -10 -10 -100    0 -1000 -1000 -10
101 2 pedestrian 0 0 -10 699.97 107.87 1219.06 163.41 -10 -10 -10 -100    0 -1000 -1000 -10
101 1 pedestrian 0 0 -10 240.96 133.48 392.30 219.91 -10 -10 -10 -100    0 -1000 -1000 -10
102 25 pedestrian 0 0 -10 545.33 135.84 578.17 183.93 -10 -10 -10 -100    0 -1000 -1000 -10
102 23 pedestrian 0 0 -10 436.91 135.43 489.30 189.46 -10 -10 -10 -100    0 -1000 -1000 -10
102 10 pedestrian 0 0 -10 614.33 122.18 661.71 285.82 -10 -10 -10 -100    0 -1000 -1000 -10
102 9 pedestrian 0 0 -10 957.81 142.25 1053.94 370.00 -10 -10 -10 -100    0 -1000 -1000 -10
102 20 pedestrian 0 0 -10 662.69 141.05 711.49 283.74 -10 -10 -10 -100    0 -1000 -1000 -10
102 7 pedestrian 0 0 -10 752.87 144.62 798.95 266.28 -10 -10 -10 -100    0 -1000 -1000 -10
102 2 pedestrian 0 0 -10 698.54 107.91 1216.39 163.95 -10 -10 -10 -100    0 -1000 -1000 -10
102 1 pedestrian 0 0 -10 240.75 133.37 392.29 220.11 -10 -10 -10 -100    0 -1000 -1000 -10
103 25 pedestrian 0 0 -10 545.30 135.44 578.28 184.14 -10 -10 -10 -100    0 -1000 -1000 -10
103 23 pedestrian 0 0 -10 436.93 135.61 492.82 189.79 -10 -10 -10 -100    0 -1000 -1000 -10
103 10 pedestrian 0 0 -10 610.30 121.12 663.82 288.10 -10 -10 -10 -100    0 -1000 -1000 -10
103 9 pedestrian 0 0 -10 983.62 138.61 1082.39 370.00 -10 -10 -10 -100    0 -1000 -1000 -10
103 20 pedestrian 0 0 -10 667.42 140.35 717.22 286.39 -10 -10 -10 -100    0 -1000 -1000 -10
103 7 pedestrian 0 0 -10 757.74 144.18 803.99 268.24 -10 -10 -10 -100    0 -1000 -1000 -10
103 2 pedestrian 0 0 -10 701.62 107.68 1217.16 164.04 -10 -10 -10 -100    0 -1000 -1000 -10
103 1 pedestrian 0 0 -10 241.00 133.13 392.82 220.03 -10 -10 -10 -100    0 -1000 -1000 -10
104 25 pedestrian 0 0 -10 545.44 135.38 578.31 184.58 -10 -10 -10 -100    0 -1000 -1000 -10
104 23 pedestrian 0 0 -10 435.33 135.60 490.97 190.07 -10 -10 -10 -100    0 -1000 -1000 -10
104 10 pedestrian 0 0 -10 609.49 121.33 665.83 292.05 -10 -10 -10 -100    0 -1000 -1000 -10
104 9 pedestrian 0 0 -10 1002.17 135.63 1106.28 370.00 -10 -10 -10 -100    0 -1000 -1000 -10
104 20 pedestrian 0 0 -10 671.14 140.91 721.55 289.48 -10 -10 -10 -100    0 -1000 -1000 -10
104 7 pedestrian 0 0 -10 763.63 144.14 808.98 269.25 -10 -10 -10 -100    0 -1000 -1000 -10
104 2 pedestrian 0 0 -10 700.30 107.90 1218.91 163.76 -10 -10 -10 -100    0 -1000 -1000 -10
104 1 pedestrian 0 0 -10 241.03 133.37 392.51 220.16 -10 -10 -10 -100    0 -1000 -1000 -10
105 25 pedestrian 0 0 -10 545.33 135.40 578.19 183.92 -10 -10 -10 -100    0 -1000 -1000 -10
105 23 pedestrian 0 0 -10 433.35 137.13 492.96 191.54 -10 -10 -10 -100    0 -1000 -1000 -10
105 10 pedestrian 0 0 -10 612.35 123.20 669.09 295.28 -10 -10 -10 -100    0 -1000 -1000 -10
105 9 pedestrian 0 0 -10 1026.46 137.42 1137.50 370.00 -10 -10 -10 -100    0 -1000 -1000 -10
105 20 pedestrian 0 0 -10 674.93 142.50 728.78 291.60 -10 -10 -10 -100    0 -1000 -1000 -10
105 7 pedestrian 0 0 -10 769.63 144.71 814.00 270.51 -10 -10 -10 -100    0 -1000 -1000 -10
105 2 pedestrian 0 0 -10 700.62 108.03 1216.59 164.08 -10 -10 -10 -100    0 -1000 -1000 -10
105 1 pedestrian 0 0 -10 240.84 133.26 391.96 220.03 -10 -10 -10 -100    0 -1000 -1000 -10
106 25 pedestrian 0 0 -10 544.80 135.45 577.98 184.14 -10 -10 -10 -100    0 -1000 -1000 -10
106 23 pedestrian 0 0 -10 432.40 139.08 469.28 191.18 -10 -10 -10 -100    0 -1000 -1000 -10
106 10 pedestrian 0 0 -10 614.13 122.80 671.51 296.84 -10 -10 -10 -100    0 -1000 -1000 -10
106 9 pedestrian 0 0 -10 1038.37 135.46 1151.24 370.00 -10 -10 -10 -100    0 -1000 -1000 -10
106 20 pedestrian 0 0 -10 680.43 142.52 734.58 293.73 -10 -10 -10 -100    0 -1000 -1000 -10
106 7 pedestrian 0 0 -10 776.44 145.25 821.50 270.63 -10 -10 -10 -100    0 -1000 -1000 -10
106 2 pedestrian 0 0 -10 700.87 108.00 1216.69 164.05 -10 -10 -10 -100    0 -1000 -1000 -10
106 1 pedestrian 0 0 -10 240.68 133.50 392.75 220.30 -10 -10 -10 -100    0 -1000 -1000 -10
107 25 pedestrian 0 0 -10 544.21 135.52 577.96 184.66 -10 -10 -10 -100    0 -1000 -1000 -10
107 23 pedestrian 0 0 -10 430.81 140.49 466.65 190.66 -10 -10 -10 -100    0 -1000 -1000 -10
107 10 pedestrian 0 0 -10 615.64 123.41 672.32 300.28 -10 -10 -10 -100    0 -1000 -1000 -10
107 9 pedestrian 0 0 -10 1071.90 134.63 1177.74 370.00 -10 -10 -10 -100    0 -1000 -1000 -10
107 20 pedestrian 0 0 -10 683.19 140.26 737.45 294.63 -10 -10 -10 -100    0 -1000 -1000 -10
107 7 pedestrian 0 0 -10 782.30 145.06 829.69 275.27 -10 -10 -10 -100    0 -1000 -1000 -10
107 2 pedestrian 0 0 -10 700.07 108.01 1214.19 164.23 -10 -10 -10 -100    0 -1000 -1000 -10
107 1 pedestrian 0 0 -10 240.29 133.22 392.98 220.65 -10 -10 -10 -100    0 -1000 -1000 -10
108 25 pedestrian 0 0 -10 544.67 135.83 577.96 184.32 -10 -10 -10 -100    0 -1000 -1000 -10
108 23 pedestrian 0 0 -10 428.55 139.61 465.60 191.13 -10 -10 -10 -100    0 -1000 -1000 -10
108 10 pedestrian 0 0 -10 618.04 121.34 674.50 304.13 -10 -10 -10 -100    0 -1000 -1000 -10
108 9 pedestrian 0 0 -10 1103.92 134.28 1198.03 370.00 -10 -10 -10 -100    0 -1000 -1000 -10
108 20 pedestrian 0 0 -10 685.44 140.53 741.71 299.60 -10 -10 -10 -100    0 -1000 -1000 -10
108 7 pedestrian 0 0 -10 787.38 145.86 837.17 277.59 -10 -10 -10 -100    0 -1000 -1000 -10
108 24 pedestrian 0 0 -10 476.60 136.24 501.79 189.42 -10 -10 -10 -100    0 -1000 -1000 -10
108 2 pedestrian 0 0 -10 699.91 107.99 1213.71 164.19 -10 -10 -10 -100    0 -1000 -1000 -10
108 1 pedestrian 0 0 -10 240.68 132.92 392.77 220.54 -10 -10 -10 -100    0 -1000 -1000 -10
109 25 pedestrian 0 0 -10 544.81 135.62 577.66 184.06 -10 -10 -10 -100    0 -1000 -1000 -10
109 23 pedestrian 0 0 -10 424.82 138.62 463.26 190.05 -10 -10 -10 -100    0 -1000 -1000 -10
109 10 pedestrian 0 0 -10 628.71 121.41 679.15 306.48 -10 -10 -10 -100    0 -1000 -1000 -10
109 9 pedestrian 0 0 -10 1103.34 133.16 1223.02 370.00 -10 -10 -10 -100    0 -1000 -1000 -10
109 20 pedestrian 0 0 -10 690.22 143.39 747.46 302.51 -10 -10 -10 -100    0 -1000 -1000 -10
109 7 pedestrian 0 0 -10 792.93 146.29 840.21 279.59 -10 -10 -10 -100    0 -1000 -1000 -10
109 24 pedestrian 0 0 -10 480.46 136.26 501.76 188.55 -10 -10 -10 -100    0 -1000 -1000 -10
109 2 pedestrian 0 0 -10 699.81 107.93 1214.37 164.14 -10 -10 -10 -100    0 -1000 -1000 -10
109 1 pedestrian 0 0 -10 240.79 133.01 392.41 220.03 -10 -10 -10 -100    0 -1000 -1000 -10
110 25 pedestrian 0 0 -10 544.10 135.51 577.77 184.56 -10 -10 -10 -100    0 -1000 -1000 -10
110 23 pedestrian 0 0 -10 418.49 137.39 460.21 190.05 -10 -10 -10 -100    0 -1000 -1000 -10
110 10 pedestrian 0 0 -10 636.08 121.16 682.07 310.50 -10 -10 -10 -100    0 -1000 -1000 -10
110 9 pedestrian 0 0 -10 1122.19 134.69 1223.85 370.00 -10 -10 -10 -100    0 -1000 -1000 -10
110 20 pedestrian 0 0 -10 694.36 143.34 750.26 307.46 -10 -10 -10 -100    0 -1000 -1000 -10
110 7 pedestrian 0 0 -10 797.35 146.11 844.57 280.55 -10 -10 -10 -100    0 -1000 -1000 -10
110 24 pedestrian 0 0 -10 483.62 135.31 504.70 187.79 -10 -10 -10 -100    0 -1000 -1000 -10
110 2 pedestrian 0 0 -10 701.50 107.99 1219.37 164.18 -10 -10 -10 -100    0 -1000 -1000 -10
110 1 pedestrian 0 0 -10 241.25 133.28 392.97 219.72 -10 -10 -10 -100    0 -1000 -1000 -10
111 25 pedestrian 0 0 -10 545.07 135.60 578.07 183.86 -10 -10 -10 -100    0 -1000 -1000 -10
111 23 pedestrian 0 0 -10 415.81 137.13 457.44 190.32 -10 -10 -10 -100    0 -1000 -1000 -10
111 10 pedestrian 0 0 -10 638.62 125.89 687.33 314.24 -10 -10 -10 -100    0 -1000 -1000 -10
111 9 pedestrian 0 0 -10 1156.28 147.23 1223.92 370.00 -10 -10 -10 -100    0 -1000 -1000 -10
111 20 pedestrian 0 0 -10 697.52 143.21 754.49 310.14 -10 -10 -10 -100    0 -1000 -1000 -10
111 7 pedestrian 0 0 -10 802.71 145.60 851.42 283.10 -10 -10 -10 -100    0 -1000 -1000 -10
111 24 pedestrian 0 0 -10 485.95 135.12 507.23 187.90 -10 -10 -10 -100    0 -1000 -1000 -10
111 2 pedestrian 0 0 -10 701.16 107.88 1219.47 164.14 -10 -10 -10 -100    0 -1000 -1000 -10
111 1 pedestrian 0 0 -10 240.49 133.16 392.98 219.84 -10 -10 -10 -100    0 -1000 -1000 -10
112 25 pedestrian 0 0 -10 545.29 135.88 578.11 184.13 -10 -10 -10 -100    0 -1000 -1000 -10
112 23 pedestrian 0 0 -10 415.15 137.87 456.44 191.15 -10 -10 -10 -100    0 -1000 -1000 -10
112 10 pedestrian 0 0 -10 641.72 124.22 691.45 320.97 -10 -10 -10 -100    0 -1000 -1000 -10
112 20 pedestrian 0 0 -10 702.56 142.02 760.78 313.52 -10 -10 -10 -100    0 -1000 -1000 -10
112 7 pedestrian 0 0 -10 807.48 144.84 858.03 286.21 -10 -10 -10 -100    0 -1000 -1000 -10
112 24 pedestrian 0 0 -10 488.05 135.46 510.95 188.53 -10 -10 -10 -100    0 -1000 -1000 -10
112 2 pedestrian 0 0 -10 701.46 107.94 1219.59 164.10 -10 -10 -10 -100    0 -1000 -1000 -10
112 1 pedestrian 0 0 -10 240.63 133.20 392.45 220.11 -10 -10 -10 -100    0 -1000 -1000 -10
113 25 pedestrian 0 0 -10 545.36 135.80 578.01 184.22 -10 -10 -10 -100    0 -1000 -1000 -10
113 23 pedestrian 0 0 -10 415.29 138.25 454.58 191.59 -10 -10 -10 -100    0 -1000 -1000 -10
113 10 pedestrian 0 0 -10 641.91 120.35 696.92 325.26 -10 -10 -10 -100    0 -1000 -1000 -10
113 20 pedestrian 0 0 -10 707.38 141.10 769.22 318.85 -10 -10 -10 -100    0 -1000 -1000 -10
113 7 pedestrian 0 0 -10 813.22 146.82 866.41 288.68 -10 -10 -10 -100    0 -1000 -1000 -10
113 24 pedestrian 0 0 -10 489.41 135.65 513.12 188.24 -10 -10 -10 -100    0 -1000 -1000 -10
113 2 pedestrian 0 0 -10 701.79 108.01 1219.86 164.09 -10 -10 -10 -100    0 -1000 -1000 -10
113 1 pedestrian 0 0 -10 240.77 133.15 392.97 220.02 -10 -10 -10 -100    0 -1000 -1000 -10
114 25 pedestrian 0 0 -10 544.98 136.13 578.20 184.05 -10 -10 -10 -100    0 -1000 -1000 -10
114 23 pedestrian 0 0 -10 412.32 138.24 450.98 191.80 -10 -10 -10 -100    0 -1000 -1000 -10
114 10 pedestrian 0 0 -10 640.06 121.20 700.70 328.30 -10 -10 -10 -100    0 -1000 -1000 -10
114 20 pedestrian 0 0 -10 711.49 143.43 774.13 322.40 -10 -10 -10 -100    0 -1000 -1000 -10
114 7 pedestrian 0 0 -10 819.99 145.90 872.86 289.38 -10 -10 -10 -100    0 -1000 -1000 -10
114 24 pedestrian 0 0 -10 492.86 135.98 514.58 186.98 -10 -10 -10 -100    0 -1000 -1000 -10
114 2 pedestrian 0 0 -10 701.93 107.98 1219.73 164.10 -10 -10 -10 -100    0 -1000 -1000 -10
114 1 pedestrian 0 0 -10 240.80 133.10 393.30 220.11 -10 -10 -10 -100    0 -1000 -1000 -10
115 25 pedestrian 0 0 -10 544.41 136.56 578.20 184.12 -10 -10 -10 -100    0 -1000 -1000 -10
115 23 pedestrian 0 0 -10 410.20 137.06 448.04 191.20 -10 -10 -10 -100    0 -1000 -1000 -10
115 10 pedestrian 0 0 -10 639.19 124.74 702.99 333.17 -10 -10 -10 -100    0 -1000 -1000 -10
115 20 pedestrian 0 0 -10 717.60 144.09 782.84 326.50 -10 -10 -10 -100    0 -1000 -1000 -10
115 7 pedestrian 0 0 -10 827.83 147.01 881.16 291.16 -10 -10 -10 -100    0 -1000 -1000 -10
115 24 pedestrian 0 0 -10 497.58 135.54 517.63 186.53 -10 -10 -10 -100    0 -1000 -1000 -10
115 2 pedestrian 0 0 -10 701.30 108.04 1219.92 164.00 -10 -10 -10 -100    0 -1000 -1000 -10
115 1 pedestrian 0 0 -10 241.06 133.44 394.11 220.02 -10 -10 -10 -100    0 -1000 -1000 -10
116 25 pedestrian 0 0 -10 544.26 136.38 577.93 184.21 -10 -10 -10 -100    0 -1000 -1000 -10
116 23 pedestrian 0 0 -10 408.06 137.90 445.92 191.80 -10 -10 -10 -100    0 -1000 -1000 -10
116 10 pedestrian 0 0 -10 642.54 125.80 708.85 338.74 -10 -10 -10 -100    0 -1000 -1000 -10
116 20 pedestrian 0 0 -10 723.55 143.55 790.26 330.87 -10 -10 -10 -100    0 -1000 -1000 -10
116 7 pedestrian 0 0 -10 833.74 146.58 892.00 293.83 -10 -10 -10 -100    0 -1000 -1000 -10
116 24 pedestrian 0 0 -10 501.39 136.45 519.90 187.21 -10 -10 -10 -100    0 -1000 -1000 -10
116 2 pedestrian 0 0 -10 701.73 108.01 1220.39 163.90 -10 -10 -10 -100    0 -1000 -1000 -10
116 1 pedestrian 0 0 -10 241.01 133.59 393.50 219.82 -10 -10 -10 -100    0 -1000 -1000 -10
117 23 pedestrian 0 0 -10 406.83 138.58 444.47 192.13 -10 -10 -10 -100    0 -1000 -1000 -10
117 10 pedestrian 0 0 -10 648.28 124.83 713.71 342.96 -10 -10 -10 -100    0 -1000 -1000 -10
117 20 pedestrian 0 0 -10 727.19 143.13 795.89 333.42 -10 -10 -10 -100    0 -1000 -1000 -10
117 7 pedestrian 0 0 -10 841.99 147.94 902.57 297.17 -10 -10 -10 -100    0 -1000 -1000 -10
117 25 pedestrian 0 0 -10 544.42 136.12 577.85 184.21 -10 -10 -10 -100    0 -1000 -1000 -10
117 24 pedestrian 0 0 -10 504.14 135.88 524.61 187.23 -10 -10 -10 -100    0 -1000 -1000 -10
117 2 pedestrian 0 0 -10 702.07 107.98 1219.72 164.06 -10 -10 -10 -100    0 -1000 -1000 -10
117 1 pedestrian 0 0 -10 240.97 133.36 393.73 220.14 -10 -10 -10 -100    0 -1000 -1000 -10
118 10 pedestrian 0 0 -10 658.33 121.56 719.49 348.07 -10 -10 -10 -100    0 -1000 -1000 -10
118 20 pedestrian 0 0 -10 730.14 145.01 798.46 339.24 -10 -10 -10 -100    0 -1000 -1000 -10
118 7 pedestrian 0 0 -10 850.86 148.54 911.25 300.11 -10 -10 -10 -100    0 -1000 -1000 -10
118 25 pedestrian 0 0 -10 544.67 135.54 577.62 184.37 -10 -10 -10 -100    0 -1000 -1000 -10
118 23 pedestrian 0 0 -10 404.56 139.51 441.45 191.81 -10 -10 -10 -100    0 -1000 -1000 -10
118 24 pedestrian 0 0 -10 506.20 135.47 527.55 187.79 -10 -10 -10 -100    0 -1000 -1000 -10
118 2 pedestrian 0 0 -10 700.12 107.87 1219.57 164.02 -10 -10 -10 -100    0 -1000 -1000 -10
118 1 pedestrian 0 0 -10 240.87 132.98 394.58 220.05 -10 -10 -10 -100    0 -1000 -1000 -10
119 10 pedestrian 0 0 -10 672.62 120.74 727.15 351.17 -10 -10 -10 -100    0 -1000 -1000 -10
119 20 pedestrian 0 0 -10 734.34 148.59 801.95 348.14 -10 -10 -10 -100    0 -1000 -1000 -10
119 7 pedestrian 0 0 -10 859.02 148.72 918.36 302.64 -10 -10 -10 -100    0 -1000 -1000 -10
119 25 pedestrian 0 0 -10 544.54 135.92 577.50 183.96 -10 -10 -10 -100    0 -1000 -1000 -10
119 23 pedestrian 0 0 -10 405.20 139.43 440.26 191.86 -10 -10 -10 -100    0 -1000 -1000 -10
119 24 pedestrian 0 0 -10 507.74 136.07 528.94 186.40 -10 -10 -10 -100    0 -1000 -1000 -10
119 2 pedestrian 0 0 -10 699.96 107.84 1220.03 163.80 -10 -10 -10 -100    0 -1000 -1000 -10
119 1 pedestrian 0 0 -10 240.98 132.84 395.26 219.95 -10 -10 -10 -100    0 -1000 -1000 -10
120 10 pedestrian 0 0 -10 676.85 122.51 734.75 353.75 -10 -10 -10 -100    0 -1000 -1000 -10
120 20 pedestrian 0 0 -10 738.85 150.10 803.58 353.53 -10 -10 -10 -100    0 -1000 -1000 -10
120 7 pedestrian 0 0 -10 869.09 147.31 926.58 307.05 -10 -10 -10 -100    0 -1000 -1000 -10
120 25 pedestrian 0 0 -10 544.41 135.94 577.65 183.70 -10 -10 -10 -100    0 -1000 -1000 -10
120 23 pedestrian 0 0 -10 400.80 139.98 438.34 193.88 -10 -10 -10 -100    0 -1000 -1000 -10
120 24 pedestrian 0 0 -10 512.18 135.81 531.96 186.39 -10 -10 -10 -100    0 -1000 -1000 -10
120 2 pedestrian 0 0 -10 700.87 107.99 1219.93 163.89 -10 -10 -10 -100    0 -1000 -1000 -10
120 1 pedestrian 0 0 -10 241.03 133.05 394.17 219.80 -10 -10 -10 -100    0 -1000 -1000 -10
121 10 pedestrian 0 0 -10 682.10 125.30 746.91 360.00 -10 -10 -10 -100    0 -1000 -1000 -10
121 20 pedestrian 0 0 -10 745.60 147.08 811.68 357.94 -10 -10 -10 -100    0 -1000 -1000 -10
121 7 pedestrian 0 0 -10 879.93 147.18 939.03 307.82 -10 -10 -10 -100    0 -1000 -1000 -10
121 25 pedestrian 0 0 -10 544.28 135.80 577.66 183.64 -10 -10 -10 -100    0 -1000 -1000 -10
121 23 pedestrian 0 0 -10 397.41 139.78 436.60 194.68 -10 -10 -10 -100    0 -1000 -1000 -10
121 24 pedestrian 0 0 -10 514.95 135.43 535.29 185.63 -10 -10 -10 -100    0 -1000 -1000 -10
121 2 pedestrian 0 0 -10 700.87 107.97 1221.12 163.88 -10 -10 -10 -100    0 -1000 -1000 -10
121 1 pedestrian 0 0 -10 240.83 132.81 393.10 219.62 -10 -10 -10 -100    0 -1000 -1000 -10
122 10 pedestrian 0 0 -10 686.06 125.63 751.18 364.82 -10 -10 -10 -100    0 -1000 -1000 -10
122 20 pedestrian 0 0 -10 749.64 145.53 819.26 360.38 -10 -10 -10 -100    0 -1000 -1000 -10
122 7 pedestrian 0 0 -10 888.59 148.11 953.78 313.59 -10 -10 -10 -100    0 -1000 -1000 -10
122 25 pedestrian 0 0 -10 544.08 135.92 577.44 183.81 -10 -10 -10 -100    0 -1000 -1000 -10
122 23 pedestrian 0 0 -10 396.09 139.79 434.48 195.64 -10 -10 -10 -100    0 -1000 -1000 -10
122 24 pedestrian 0 0 -10 517.14 136.52 538.09 186.70 -10 -10 -10 -100    0 -1000 -1000 -10
122 2 pedestrian 0 0 -10 700.90 108.02 1220.29 163.71 -10 -10 -10 -100    0 -1000 -1000 -10
122 1 pedestrian 0 0 -10 241.07 133.22 393.09 219.74 -10 -10 -10 -100    0 -1000 -1000 -10
123 10 pedestrian 0 0 -10 690.32 121.46 757.49 370.00 -10 -10 -10 -100    0 -1000 -1000 -10
123 20 pedestrian 0 0 -10 756.58 145.78 826.54 368.17 -10 -10 -10 -100    0 -1000 -1000 -10
123 7 pedestrian 0 0 -10 899.33 148.76 964.27 315.44 -10 -10 -10 -100    0 -1000 -1000 -10
123 25 pedestrian 0 0 -10 544.40 136.51 577.56 183.68 -10 -10 -10 -100    0 -1000 -1000 -10
123 23 pedestrian 0 0 -10 394.78 141.07 431.82 195.51 -10 -10 -10 -100    0 -1000 -1000 -10
123 24 pedestrian 0 0 -10 519.27 138.88 540.29 186.04 -10 -10 -10 -100    0 -1000 -1000 -10
123 2 pedestrian 0 0 -10 701.37 108.01 1220.04 163.66 -10 -10 -10 -100    0 -1000 -1000 -10
123 1 pedestrian 0 0 -10 240.99 132.89 393.86 219.82 -10 -10 -10 -100    0 -1000 -1000 -10
124 10 pedestrian 0 0 -10 690.60 116.11 767.63 370.00 -10 -10 -10 -100    0 -1000 -1000 -10
124 20 pedestrian 0 0 -10 759.67 146.11 835.00 370.00 -10 -10 -10 -100    0 -1000 -1000 -10
124 7 pedestrian 0 0 -10 910.29 148.36 970.62 319.93 -10 -10 -10 -100    0 -1000 -1000 -10
124 25 pedestrian 0 0 -10 544.32 136.23 577.64 183.89 -10 -10 -10 -100    0 -1000 -1000 -10
124 23 pedestrian 0 0 -10 393.83 141.57 430.65 196.58 -10 -10 -10 -100    0 -1000 -1000 -10
124 24 pedestrian 0 0 -10 520.91 140.25 541.01 186.41 -10 -10 -10 -100    0 -1000 -1000 -10
124 2 pedestrian 0 0 -10 700.31 108.01 1220.09 163.87 -10 -10 -10 -100    0 -1000 -1000 -10
124 1 pedestrian 0 0 -10 241.02 132.69 393.61 219.74 -10 -10 -10 -100    0 -1000 -1000 -10
125 10 pedestrian 0 0 -10 693.87 116.77 772.82 370.00 -10 -10 -10 -100    0 -1000 -1000 -10
125 20 pedestrian 0 0 -10 767.09 146.42 847.86 370.00 -10 -10 -10 -100    0 -1000 -1000 -10
125 7 pedestrian 0 0 -10 922.17 148.15 985.57 320.98 -10 -10 -10 -100    0 -1000 -1000 -10
125 25 pedestrian 0 0 -10 543.76 136.80 577.46 184.32 -10 -10 -10 -100    0 -1000 -1000 -10
125 23 pedestrian 0 0 -10 391.96 140.94 427.42 194.44 -10 -10 -10 -100    0 -1000 -1000 -10
125 24 pedestrian 0 0 -10 522.19 140.41 542.60 185.15 -10 -10 -10 -100    0 -1000 -1000 -10
125 2 pedestrian 0 0 -10 700.03 108.05 1220.52 164.06 -10 -10 -10 -100    0 -1000 -1000 -10
125 1 pedestrian 0 0 -10 241.25 132.46 392.28 219.97 -10 -10 -10 -100    0 -1000 -1000 -10
126 20 pedestrian 0 0 -10 776.28 143.84 855.80 370.00 -10 -10 -10 -100    0 -1000 -1000 -10
126 7 pedestrian 0 0 -10 934.74 148.88 1007.47 327.73 -10 -10 -10 -100    0 -1000 -1000 -10
126 25 pedestrian 0 0 -10 543.39 137.00 577.06 184.42 -10 -10 -10 -100    0 -1000 -1000 -10
126 23 pedestrian 0 0 -10 390.95 141.02 423.95 195.37 -10 -10 -10 -100    0 -1000 -1000 -10
126 24 pedestrian 0 0 -10 524.66 139.65 544.91 184.86 -10 -10 -10 -100    0 -1000 -1000 -10
126 10 pedestrian 0 0 -10 696.33 118.19 781.97 370.00 -10 -10 -10 -100    0 -1000 -1000 -10
126 2 pedestrian 0 0 -10 701.55 108.03 1219.52 163.79 -10 -10 -10 -100    0 -1000 -1000 -10
126 1 pedestrian 0 0 -10 240.87 132.80 391.76 219.74 -10 -10 -10 -100    0 -1000 -1000 -10
127 20 pedestrian 0 0 -10 781.75 143.42 862.91 370.00 -10 -10 -10 -100    0 -1000 -1000 -10
127 7 pedestrian 0 0 -10 946.35 149.91 1021.38 330.97 -10 -10 -10 -100    0 -1000 -1000 -10
127 25 pedestrian 0 0 -10 543.68 137.09 577.22 184.18 -10 -10 -10 -100    0 -1000 -1000 -10
127 23 pedestrian 0 0 -10 389.95 141.80 422.78 198.17 -10 -10 -10 -100    0 -1000 -1000 -10
127 24 pedestrian 0 0 -10 526.52 139.31 546.88 184.64 -10 -10 -10 -100    0 -1000 -1000 -10
127 10 pedestrian 0 0 -10 700.32 114.97 789.65 370.00 -10 -10 -10 -100    0 -1000 -1000 -10
127 2 pedestrian 0 0 -10 698.98 108.12 1219.48 164.01 -10 -10 -10 -100    0 -1000 -1000 -10
127 1 pedestrian 0 0 -10 240.97 132.45 391.60 220.03 -10 -10 -10 -100    0 -1000 -1000 -10
128 20 pedestrian 0 0 -10 791.14 145.78 871.46 370.00 -10 -10 -10 -100    0 -1000 -1000 -10
128 7 pedestrian 0 0 -10 959.79 150.92 1032.20 333.68 -10 -10 -10 -100    0 -1000 -1000 -10
128 25 pedestrian 0 0 -10 543.36 137.13 577.44 183.68 -10 -10 -10 -100    0 -1000 -1000 -10
128 23 pedestrian 0 0 -10 393.88 142.63 423.42 198.01 -10 -10 -10 -100    0 -1000 -1000 -10
128 24 pedestrian 0 0 -10 523.35 140.11 546.20 184.60 -10 -10 -10 -100    0 -1000 -1000 -10
128 10 pedestrian 0 0 -10 709.32 114.98 798.39 370.00 -10 -10 -10 -100    0 -1000 -1000 -10
128 2 pedestrian 0 0 -10 699.18 108.00 1219.47 164.05 -10 -10 -10 -100    0 -1000 -1000 -10
128 1 pedestrian 0 0 -10 241.04 132.41 390.97 219.78 -10 -10 -10 -100    0 -1000 -1000 -10
129 20 pedestrian 0 0 -10 799.87 148.35 881.45 370.00 -10 -10 -10 -100    0 -1000 -1000 -10
129 7 pedestrian 0 0 -10 971.05 149.90 1041.75 337.19 -10 -10 -10 -100    0 -1000 -1000 -10
129 25 pedestrian 0 0 -10 543.75 136.77 577.67 183.44 -10 -10 -10 -100    0 -1000 -1000 -10
129 23 pedestrian 0 0 -10 391.27 142.86 417.99 197.50 -10 -10 -10 -100    0 -1000 -1000 -10
129 24 pedestrian 0 0 -10 523.79 139.40 547.56 184.43 -10 -10 -10 -100    0 -1000 -1000 -10
129 10 pedestrian 0 0 -10 724.80 110.12 806.90 370.00 -10 -10 -10 -100    0 -1000 -1000 -10
129 2 pedestrian 0 0 -10 703.53 107.98 1218.66 163.95 -10 -10 -10 -100    0 -1000 -1000 -10
129 1 pedestrian 0 0 -10 240.96 132.42 391.03 219.86 -10 -10 -10 -100    0 -1000 -1000 -10
130 20 pedestrian 0 0 -10 809.14 147.51 895.19 370.00 -10 -10 -10 -100    0 -1000 -1000 -10
130 7 pedestrian 0 0 -10 982.38 150.38 1060.80 339.26 -10 -10 -10 -100    0 -1000 -1000 -10
130 25 pedestrian 0 0 -10 544.16 136.35 577.97 183.59 -10 -10 -10 -100    0 -1000 -1000 -10
130 24 pedestrian 0 0 -10 524.59 139.58 549.89 184.02 -10 -10 -10 -100    0 -1000 -1000 -10
130 10 pedestrian 0 0 -10 739.33 109.80 814.50 370.00 -10 -10 -10 -100    0 -1000 -1000 -10
130 2 pedestrian 0 0 -10 701.59 107.90 1218.31 163.72 -10 -10 -10 -100    0 -1000 -1000 -10
130 1 pedestrian 0 0 -10 240.89 132.33 392.37 219.85 -10 -10 -10 -100    0 -1000 -1000 -10
131 20 pedestrian 0 0 -10 820.42 142.86 911.04 370.00 -10 -10 -10 -100    0 -1000 -1000 -10
131 7 pedestrian 0 0 -10 995.80 151.67 1080.47 345.26 -10 -10 -10 -100    0 -1000 -1000 -10
131 25 pedestrian 0 0 -10 544.55 135.71 578.11 183.33 -10 -10 -10 -100    0 -1000 -1000 -10
131 10 pedestrian 0 0 -10 744.21 112.54 826.57 370.00 -10 -10 -10 -100    0 -1000 -1000 -10
131 2 pedestrian 0 0 -10 702.94 107.82 1218.34 163.42 -10 -10 -10 -100    0 -1000 -1000 -10
131 1 pedestrian 0 0 -10 241.04 133.14 392.09 220.02 -10 -10 -10 -100    0 -1000 -1000 -10
132 20 pedestrian 0 0 -10 828.92 142.65 934.15 370.00 -10 -10 -10 -100    0 -1000 -1000 -10
132 7 pedestrian 0 0 -10 1007.13 152.38 1095.53 349.07 -10 -10 -10 -100    0 -1000 -1000 -10
132 25 pedestrian 0 0 -10 545.04 135.61 578.10 184.00 -10 -10 -10 -100    0 -1000 -1000 -10
132 10 pedestrian 0 0 -10 751.61 111.95 840.87 370.00 -10 -10 -10 -100    0 -1000 -1000 -10
132 2 pedestrian 0 0 -10 702.07 107.77 1218.78 163.35 -10 -10 -10 -100    0 -1000 -1000 -10
132 1 pedestrian 0 0 -10 241.23 133.10 392.18 220.06 -10 -10 -10 -100    0 -1000 -1000 -10
133 20 pedestrian 0 0 -10 846.13 144.18 955.87 370.00 -10 -10 -10 -100    0 -1000 -1000 -10
133 7 pedestrian 0 0 -10 1017.31 150.38 1106.57 352.36 -10 -10 -10 -100    0 -1000 -1000 -10
133 25 pedestrian 0 0 -10 545.78 135.73 578.19 183.50 -10 -10 -10 -100    0 -1000 -1000 -10
133 10 pedestrian 0 0 -10 759.76 106.35 852.01 370.00 -10 -10 -10 -100    0 -1000 -1000 -10
133 2 pedestrian 0 0 -10 700.50 107.71 1218.29 163.45 -10 -10 -10 -100    0 -1000 -1000 -10
133 1 pedestrian 0 0 -10 241.02 133.09 392.30 220.15 -10 -10 -10 -100    0 -1000 -1000 -10
134 20 pedestrian 0 0 -10 852.37 142.87 975.09 370.00 -10 -10 -10 -100    0 -1000 -1000 -10
134 7 pedestrian 0 0 -10 1032.67 151.11 1120.13 357.43 -10 -10 -10 -100    0 -1000 -1000 -10
134 25 pedestrian 0 0 -10 545.34 135.77 578.07 183.50 -10 -10 -10 -100    0 -1000 -1000 -10
134 10 pedestrian 0 0 -10 766.90 99.31 860.93 370.00 -10 -10 -10 -100    0 -1000 -1000 -10
134 2 pedestrian 0 0 -10 699.25 107.76 1216.31 163.75 -10 -10 -10 -100    0 -1000 -1000 -10
134 1 pedestrian 0 0 -10 241.19 132.94 392.13 220.14 -10 -10 -10 -100    0 -1000 -1000 -10
135 20 pedestrian 0 0 -10 873.79 140.54 997.68 370.00 -10 -10 -10 -100    0 -1000 -1000 -10
135 7 pedestrian 0 0 -10 1047.28 151.28 1144.20 364.14 -10 -10 -10 -100    0 -1000 -1000 -10
135 25 pedestrian 0 0 -10 544.88 135.56 578.03 183.82 -10 -10 -10 -100    0 -1000 -1000 -10
135 10 pedestrian 0 0 -10 768.34 93.96 874.85 370.00 -10 -10 -10 -100    0 -1000 -1000 -10
135 2 pedestrian 0 0 -10 696.92 107.77 1218.51 163.61 -10 -10 -10 -100    0 -1000 -1000 -10
135 1 pedestrian 0 0 -10 241.09 132.75 392.46 219.99 -10 -10 -10 -100    0 -1000 -1000 -10
136 20 pedestrian 0 0 -10 890.32 138.83 1012.16 370.00 -10 -10 -10 -100    0 -1000 -1000 -10
136 7 pedestrian 0 0 -10 1066.59 152.90 1166.29 370.00 -10 -10 -10 -100    0 -1000 -1000 -10
136 25 pedestrian 0 0 -10 544.74 135.74 577.67 184.27 -10 -10 -10 -100    0 -1000 -1000 -10
136 10 pedestrian 0 0 -10 772.76 93.52 885.46 370.00 -10 -10 -10 -100    0 -1000 -1000 -10
136 2 pedestrian 0 0 -10 698.00 107.89 1217.64 163.53 -10 -10 -10 -100    0 -1000 -1000 -10
136 1 pedestrian 0 0 -10 240.76 132.60 392.71 220.23 -10 -10 -10 -100    0 -1000 -1000 -10
137 20 pedestrian 0 0 -10 904.17 139.43 1027.35 370.00 -10 -10 -10 -100    0 -1000 -1000 -10
137 7 pedestrian 0 0 -10 1083.77 153.41 1182.45 370.00 -10 -10 -10 -100    0 -1000 -1000 -10
137 25 pedestrian 0 0 -10 544.94 136.22 577.65 184.38 -10 -10 -10 -100    0 -1000 -1000 -10
137 10 pedestrian 0 0 -10 781.12 90.21 903.64 370.00 -10 -10 -10 -100    0 -1000 -1000 -10
137 2 pedestrian 0 0 -10 700.63 107.92 1218.35 163.72 -10 -10 -10 -100    0 -1000 -1000 -10
137 1 pedestrian 0 0 -10 241.10 132.93 393.68 220.34 -10 -10 -10 -100    0 -1000 -1000 -10
138 20 pedestrian 0 0 -10 917.02 140.49 1036.68 370.00 -10 -10 -10 -100    0 -1000 -1000 -10
138 7 pedestrian 0 0 -10 1100.66 153.46 1196.36 370.00 -10 -10 -10 -100    0 -1000 -1000 -10
138 25 pedestrian 0 0 -10 545.07 136.37 577.62 184.36 -10 -10 -10 -100    0 -1000 -1000 -10
138 10 pedestrian 0 0 -10 792.66 86.09 924.22 370.00 -10 -10 -10 -100    0 -1000 -1000 -10
138 2 pedestrian 0 0 -10 698.34 107.84 1217.95 163.67 -10 -10 -10 -100    0 -1000 -1000 -10
138 1 pedestrian 0 0 -10 240.43 132.76 393.21 220.04 -10 -10 -10 -100    0 -1000 -1000 -10
139 20 pedestrian 0 0 -10 936.63 142.82 1071.19 370.00 -10 -10 -10 -100    0 -1000 -1000 -10
139 7 pedestrian 0 0 -10 1119.30 153.94 1212.30 370.00 -10 -10 -10 -100    0 -1000 -1000 -10
139 25 pedestrian 0 0 -10 544.99 135.87 577.42 184.22 -10 -10 -10 -100    0 -1000 -1000 -10
139 10 pedestrian 0 0 -10 805.67 85.25 936.37 370.00 -10 -10 -10 -100    0 -1000 -1000 -10
139 2 pedestrian 0 0 -10 695.77 107.54 1215.21 163.64 -10 -10 -10 -100    0 -1000 -1000 -10
139 1 pedestrian 0 0 -10 241.38 132.92 393.70 220.28 -10 -10 -10 -100    0 -1000 -1000 -10
140 20 pedestrian 0 0 -10 937.16 139.26 1120.28 370.00 -10 -10 -10 -100    0 -1000 -1000 -10
140 7 pedestrian 0 0 -10 1137.35 151.67 1223.89 370.00 -10 -10 -10 -100    0 -1000 -1000 -10
140 25 pedestrian 0 0 -10 546.10 134.75 578.36 184.16 -10 -10 -10 -100    0 -1000 -1000 -10
140 10 pedestrian 0 0 -10 816.28 79.92 953.67 370.00 -10 -10 -10 -100    0 -1000 -1000 -10
140 2 pedestrian 0 0 -10 699.14 107.37 1219.73 164.35 -10 -10 -10 -100    0 -1000 -1000 -10
140 1 pedestrian 0 0 -10 240.82 132.74 392.79 220.13 -10 -10 -10 -100    0 -1000 -1000 -10
141 20 pedestrian 0 0 -10 972.35 138.26 1146.86 370.00 -10 -10 -10 -100    0 -1000 -1000 -10
141 7 pedestrian 0 0 -10 1151.01 145.16 1224.00 370.00 -10 -10 -10 -100    0 -1000 -1000 -10
141 25 pedestrian 0 0 -10 548.52 133.99 579.48 184.46 -10 -10 -10 -100    0 -1000 -1000 -10
141 10 pedestrian 0 0 -10 832.67 82.94 972.78 370.00 -10 -10 -10 -100    0 -1000 -1000 -10
141 2 pedestrian 0 0 -10 698.03 107.40 1219.05 163.66 -10 -10 -10 -100    0 -1000 -1000 -10
141 1 pedestrian 0 0 -10 241.06 132.56 392.15 219.90 -10 -10 -10 -100    0 -1000 -1000 -10
142 20 pedestrian 0 0 -10 994.83 142.33 1179.63 370.00 -10 -10 -10 -100    0 -1000 -1000 -10
142 25 pedestrian 0 0 -10 552.16 135.36 580.28 185.01 -10 -10 -10 -100    0 -1000 -1000 -10
142 10 pedestrian 0 0 -10 831.61 87.29 1036.24 370.00 -10 -10 -10 -100    0 -1000 -1000 -10
142 2 pedestrian 0 0 -10 695.86 107.64 1218.96 163.92 -10 -10 -10 -100    0 -1000 -1000 -10
142 1 pedestrian 0 0 -10 241.65 132.72 392.21 219.99 -10 -10 -10 -100    0 -1000 -1000 -10
143 20 pedestrian 0 0 -10 1020.80 144.05 1210.85 370.00 -10 -10 -10 -100    0 -1000 -1000 -10
143 25 pedestrian 0 0 -10 551.94 135.34 579.53 185.41 -10 -10 -10 -100    0 -1000 -1000 -10
143 10 pedestrian 0 0 -10 846.51 88.07 1059.69 370.00 -10 -10 -10 -100    0 -1000 -1000 -10
143 2 pedestrian 0 0 -10 698.91 107.93 1215.25 164.69 -10 -10 -10 -100    0 -1000 -1000 -10
143 1 pedestrian 0 0 -10 241.78 132.50 392.46 219.98 -10 -10 -10 -100    0 -1000 -1000 -10
144 20 pedestrian 0 0 -10 1041.48 146.23 1223.67 370.00 -10 -10 -10 -100    0 -1000 -1000 -10
144 25 pedestrian 0 0 -10 551.46 136.31 580.11 184.82 -10 -10 -10 -100    0 -1000 -1000 -10
144 10 pedestrian 0 0 -10 866.54 86.90 1089.34 370.00 -10 -10 -10 -100    0 -1000 -1000 -10
144 2 pedestrian 0 0 -10 701.94 108.51 1206.05 164.42 -10 -10 -10 -100    0 -1000 -1000 -10
144 1 pedestrian 0 0 -10 242.16 133.09 392.08 219.79 -10 -10 -10 -100    0 -1000 -1000 -10
