0 8 pedestrian 0 0 -10 543.85 181.53 569.32 205.94 -10 -10 -10 -100    0 -1000 -1000 -10
0 7 pedestrian 0 0 -10 572.00 178.66 598.71 200.92 -10 -10 -10 -100    0 -1000 -1000 -10
0 6 pedestrian 0 0 -10 635.92 178.50 666.62 205.41 -10 -10 -10 -100    0 -1000 -1000 -10
0 5 pedestrian 0 0 -10 495.23 188.77 527.06 216.15 -10 -10 -10 -100    0 -1000 -1000 -10
0 4 pedestrian 0 0 -10 385.39 193.69 462.49 254.87 -10 -10 -10 -100    0 -1000 -1000 -10
0 3 pedestrian 0 0 -10 687.61 177.39 756.93 244.51 -10 -10 -10 -100    0 -1000 -1000 -10
0 2 pedestrian 0 0 -10 715.97 176.86 855.22 284.59 -10 -10 -10 -100    0 -1000 -1000 -10
0 1 pedestrian 0 0 -10 775.82 170.43 1239.63 375.00 -10 -10 -10 -100    0 -1000 -1000 -10
1 9 pedestrian 0 0 -10 665.81 171.46 704.10 193.21 -10 -10 -10 -100    0 -1000 -1000 -10
1 8 pedestrian 0 0 -10 545.06 182.42 572.30 205.28 -10 -10 -10 -100    0 -1000 -1000 -10
1 7 pedestrian 0 0 -10 573.48 180.13 600.84 202.15 -10 -10 -10 -100    0 -1000 -1000 -10
1 6 pedestrian 0 0 -10 636.38 180.02 667.88 206.89 -10 -10 -10 -100    0 -1000 -1000 -10
1 5 pedestrian 0 0 -10 492.22 191.21 525.43 218.96 -10 -10 -10 -100    0 -1000 -1000 -10
1 4 pedestrian 0 0 -10 373.56 195.97 456.18 260.81 -10 -10 -10 -100    0 -1000 -1000 -10
1 3 pedestrian 0 0 -10 692.22 178.65 768.10 249.86 -10 -10 -10 -100    0 -1000 -1000 -10
1 2 pedestrian 0 0 -10 725.03 179.15 883.05 296.92 -10 -10 -10 -100    0 -1000 -1000 -10
1 1 pedestrian 0 0 -10 795.73 168.28 1241.05 375.00 -10 -10 -10 -100    0 -1000 -1000 -10
2 11 pedestrian 0 0 -10 617.42 178.61 635.58 195.06 -10 -10 -10 -100    0 -1000 -1000 -10
2 10 pedestrian 0 0 -10 771.71 162.72 804.28 188.94 -10 -10 -10 -100    0 -1000 -1000 -10
2 9 pedestrian 0 0 -10 666.59 171.02 711.52 191.68 -10 -10 -10 -100    0 -1000 -1000 -10
2 8 pedestrian 0 0 -10 538.80 179.62 571.96 206.37 -10 -10 -10 -100    0 -1000 -1000 -10
2 7 pedestrian 0 0 -10 572.91 179.24 602.45 200.46 -10 -10 -10 -100    0 -1000 -1000 -10
2 6 pedestrian 0 0 -10 637.41 178.68 669.82 206.03 -10 -10 -10 -100    0 -1000 -1000 -10
2 5 pedestrian 0 0 -10 490.01 189.59 524.21 218.17 -10 -10 -10 -100    0 -1000 -1000 -10
2 4 pedestrian 0 0 -10 358.79 195.21 448.56 263.34 -10 -10 -10 -100    0 -1000 -1000 -10
2 3 pedestrian 0 0 -10 697.81 178.17 779.13 254.42 -10 -10 -10 -100    0 -1000 -1000 -10
2 2 pedestrian 0 0 -10 733.94 179.61 916.88 309.29 -10 -10 -10 -100    0 -1000 -1000 -10
2 1 pedestrian 0 0 -10 824.74 173.94 1242.00 375.00 -10 -10 -10 -100    0 -1000 -1000 -10
3 8 pedestrian 0 0 -10 535.72 178.33 572.91 205.06 -10 -10 -10 -100    0 -1000 -1000 -10
3 7 pedestrian 0 0 -10 575.20 176.90 606.59 198.58 -10 -10 -10 -100    0 -1000 -1000 -10
3 6 pedestrian 0 0 -10 637.99 175.02 670.49 203.79 -10 -10 -10 -100    0 -1000 -1000 -10
3 5 pedestrian 0 0 -10 486.58 187.53 522.42 216.82 -10 -10 -10 -100    0 -1000 -1000 -10
3 4 pedestrian 0 0 -10 343.13 193.22 440.29 265.85 -10 -10 -10 -100    0 -1000 -1000 -10
3 3 pedestrian 0 0 -10 704.82 176.51 791.48 258.65 -10 -10 -10 -100    0 -1000 -1000 -10
3 2 pedestrian 0 0 -10 746.79 175.84 959.10 324.72 -10 -10 -10 -100    0 -1000 -1000 -10
3 1 pedestrian 0 0 -10 865.30 169.86 1241.68 375.00 -10 -10 -10 -100    0 -1000 -1000 -10
4 9 pedestrian 0 0 -10 668.58 166.08 713.77 187.21 -10 -10 -10 -100    0 -1000 -1000 -10
4 8 pedestrian 0 0 -10 532.44 176.33 574.02 204.38 -10 -10 -10 -100    0 -1000 -1000 -10
4 7 pedestrian 0 0 -10 577.42 174.95 611.55 197.47 -10 -10 -10 -100    0 -1000 -1000 -10
4 6 pedestrian 0 0 -10 639.55 173.91 672.78 203.21 -10 -10 -10 -100    0 -1000 -1000 -10
4 5 pedestrian 0 0 -10 483.71 185.79 519.01 216.06 -10 -10 -10 -100    0 -1000 -1000 -10
4 4 pedestrian 0 0 -10 328.41 192.73 431.87 269.81 -10 -10 -10 -100    0 -1000 -1000 -10
4 3 pedestrian 0 0 -10 710.96 175.37 808.19 264.91 -10 -10 -10 -100    0 -1000 -1000 -10
4 2 pedestrian 0 0 -10 762.22 174.48 1020.68 347.95 -10 -10 -10 -100    0 -1000 -1000 -10
4 1 pedestrian 0 0 -10 929.44 165.17 1241.85 375.00 -10 -10 -10 -100    0 -1000 -1000 -10
5 11 pedestrian 0 0 -10 620.71 173.03 642.40 191.29 -10 -10 -10 -100    0 -1000 -1000 -10
5 10 pedestrian 0 0 -10 781.13 158.79 813.03 184.61 -10 -10 -10 -100    0 -1000 -1000 -10
5 9 pedestrian 0 0 -10 668.67 165.73 712.68 185.81 -10 -10 -10 -100    0 -1000 -1000 -10
5 8 pedestrian 0 0 -10 531.37 174.69 576.74 203.09 -10 -10 -10 -100    0 -1000 -1000 -10
5 7 pedestrian 0 0 -10 578.54 173.46 617.05 196.63 -10 -10 -10 -100    0 -1000 -1000 -10
5 6 pedestrian 0 0 -10 640.43 172.55 674.87 203.19 -10 -10 -10 -100    0 -1000 -1000 -10
5 5 pedestrian 0 0 -10 479.53 185.17 516.24 216.70 -10 -10 -10 -100    0 -1000 -1000 -10
5 4 pedestrian 0 0 -10 308.43 193.14 422.13 274.39 -10 -10 -10 -100    0 -1000 -1000 -10
5 3 pedestrian 0 0 -10 718.32 174.82 828.29 272.10 -10 -10 -10 -100    0 -1000 -1000 -10
5 2 pedestrian 0 0 -10 780.08 175.29 1099.10 375.00 -10 -10 -10 -100    0 -1000 -1000 -10
5 1 pedestrian 0 0 -10 1042.07 166.32 1241.84 375.00 -10 -10 -10 -100    0 -1000 -1000 -10
6 11 pedestrian 0 0 -10 619.12 173.53 640.45 191.65 -10 -10 -10 -100    0 -1000 -1000 -10
6 10 pedestrian 0 0 -10 783.16 154.80 816.92 186.75 -10 -10 -10 -100    0 -1000 -1000 -10
6 9 pedestrian 0 0 -10 667.88 166.05 711.80 186.16 -10 -10 -10 -100    0 -1000 -1000 -10
6 8 pedestrian 0 0 -10 530.54 175.03 577.42 203.55 -10 -10 -10 -100    0 -1000 -1000 -10
6 7 pedestrian 0 0 -10 580.90 173.62 621.43 196.80 -10 -10 -10 -100    0 -1000 -1000 -10
6 6 pedestrian 0 0 -10 642.42 172.86 675.54 204.06 -10 -10 -10 -100    0 -1000 -1000 -10
6 5 pedestrian 0 0 -10 476.49 185.95 513.67 218.48 -10 -10 -10 -100    0 -1000 -1000 -10
6 4 pedestrian 0 0 -10 288.21 194.41 410.83 282.61 -10 -10 -10 -100    0 -1000 -1000 -10
6 3 pedestrian 0 0 -10 726.66 175.41 850.92 282.35 -10 -10 -10 -100    0 -1000 -1000 -10
6 2 pedestrian 0 0 -10 801.19 178.68 1218.12 375.00 -10 -10 -10 -100    0 -1000 -1000 -10
7 12 pedestrian 0 0 -10 489.71 186.34 524.75 214.26 -10 -10 -10 -100    0 -1000 -1000 -10
7 10 pedestrian 0 0 -10 786.31 152.84 819.58 184.16 -10 -10 -10 -100    0 -1000 -1000 -10
7 9 pedestrian 0 0 -10 666.81 166.37 710.21 186.04 -10 -10 -10 -100    0 -1000 -1000 -10
7 8 pedestrian 0 0 -10 530.78 175.22 578.45 203.84 -10 -10 -10 -100    0 -1000 -1000 -10
7 7 pedestrian 0 0 -10 585.58 173.49 629.71 198.52 -10 -10 -10 -100    0 -1000 -1000 -10
7 6 pedestrian 0 0 -10 643.24 173.30 677.67 205.45 -10 -10 -10 -100    0 -1000 -1000 -10
7 5 pedestrian 0 0 -10 473.33 186.93 512.13 220.47 -10 -10 -10 -100    0 -1000 -1000 -10
7 4 pedestrian 0 0 -10 263.71 195.41 399.28 290.52 -10 -10 -10 -100    0 -1000 -1000 -10
7 3 pedestrian 0 0 -10 736.59 175.26 878.55 295.08 -10 -10 -10 -100    0 -1000 -1000 -10
7 2 pedestrian 0 0 -10 825.35 183.01 1239.67 375.00 -10 -10 -10 -100    0 -1000 -1000 -10
8 12 pedestrian 0 0 -10 484.92 187.17 523.06 215.68 -10 -10 -10 -100    0 -1000 -1000 -10
8 10 pedestrian 0 0 -10 792.29 154.78 825.86 182.10 -10 -10 -10 -100    0 -1000 -1000 -10
8 9 pedestrian 0 0 -10 669.27 165.83 712.22 186.96 -10 -10 -10 -100    0 -1000 -1000 -10
8 8 pedestrian 0 0 -10 529.52 175.85 577.72 204.28 -10 -10 -10 -100    0 -1000 -1000 -10
8 7 pedestrian 0 0 -10 588.64 174.11 632.26 198.91 -10 -10 -10 -100    0 -1000 -1000 -10
8 6 pedestrian 0 0 -10 644.12 173.10 680.13 206.46 -10 -10 -10 -100    0 -1000 -1000 -10
8 5 pedestrian 0 0 -10 468.66 188.15 508.79 222.41 -10 -10 -10 -100    0 -1000 -1000 -10
8 4 pedestrian 0 0 -10 233.98 197.60 385.18 301.49 -10 -10 -10 -100    0 -1000 -1000 -10
8 3 pedestrian 0 0 -10 746.32 175.40 910.95 311.44 -10 -10 -10 -100    0 -1000 -1000 -10
8 2 pedestrian 0 0 -10 871.53 184.83 1241.29 375.00 -10 -10 -10 -100    0 -1000 -1000 -10
9 12 pedestrian 0 0 -10 483.06 186.44 521.08 216.70 -10 -10 -10 -100    0 -1000 -1000 -10
9 10 pedestrian 0 0 -10 797.92 155.94 828.05 182.55 -10 -10 -10 -100    0 -1000 -1000 -10
9 9 pedestrian 0 0 -10 670.80 166.54 711.98 187.66 -10 -10 -10 -100    0 -1000 -1000 -10
9 8 pedestrian 0 0 -10 530.12 175.42 577.76 204.01 -10 -10 -10 -100    0 -1000 -1000 -10
9 7 pedestrian 0 0 -10 590.63 175.23 637.01 199.41 -10 -10 -10 -100    0 -1000 -1000 -10
9 6 pedestrian 0 0 -10 644.87 174.51 682.81 208.25 -10 -10 -10 -100    0 -1000 -1000 -10
9 5 pedestrian 0 0 -10 463.73 188.01 506.29 224.08 -10 -10 -10 -100    0 -1000 -1000 -10
9 4 pedestrian 0 0 -10 201.99 198.88 369.82 312.56 -10 -10 -10 -100    0 -1000 -1000 -10
9 3 pedestrian 0 0 -10 761.49 176.98 956.57 331.30 -10 -10 -10 -100    0 -1000 -1000 -10
9 2 pedestrian 0 0 -10 928.12 186.92 1241.99 375.00 -10 -10 -10 -100    0 -1000 -1000 -10
10 12 pedestrian 0 0 -10 481.73 186.36 519.83 216.95 -10 -10 -10 -100    0 -1000 -1000 -10
10 10 pedestrian 0 0 -10 799.32 156.44 830.07 184.26 -10 -10 -10 -100    0 -1000 -1000 -10
10 9 pedestrian 0 0 -10 678.22 166.39 718.60 188.23 -10 -10 -10 -100    0 -1000 -1000 -10
10 8 pedestrian 0 0 -10 526.54 175.45 575.60 205.38 -10 -10 -10 -100    0 -1000 -1000 -10
10 7 pedestrian 0 0 -10 595.16 174.20 640.74 199.53 -10 -10 -10 -100    0 -1000 -1000 -10
10 6 pedestrian 0 0 -10 645.95 174.41 684.14 208.39 -10 -10 -10 -100    0 -1000 -1000 -10
10 5 pedestrian 0 0 -10 459.28 188.52 503.23 224.95 -10 -10 -10 -100    0 -1000 -1000 -10
10 4 pedestrian 0 0 -10 160.49 199.38 353.01 326.00 -10 -10 -10 -100    0 -1000 -1000 -10
10 3 pedestrian 0 0 -10 778.46 177.37 1014.42 357.07 -10 -10 -10 -100    0 -1000 -1000 -10
10 2 pedestrian 0 0 -10 982.68 200.45 1242.00 375.00 -10 -10 -10 -100    0 -1000 -1000 -10
11 14 pedestrian 0 0 -10 260.33 198.51 322.42 233.25 -10 -10 -10 -100    0 -1000 -1000 -10
11 13 pedestrian 0 0 -10 210.19 197.81 278.07 233.24 -10 -10 -10 -100    0 -1000 -1000 -10
11 12 pedestrian 0 0 -10 474.83 187.13 516.47 219.13 -10 -10 -10 -100    0 -1000 -1000 -10
11 10 pedestrian 0 0 -10 807.54 155.39 836.73 187.59 -10 -10 -10 -100    0 -1000 -1000 -10
11 9 pedestrian 0 0 -10 682.47 165.19 721.56 187.54 -10 -10 -10 -100    0 -1000 -1000 -10
11 8 pedestrian 0 0 -10 519.57 176.88 574.00 208.75 -10 -10 -10 -100    0 -1000 -1000 -10
11 7 pedestrian 0 0 -10 598.79 176.12 644.73 200.73 -10 -10 -10 -100    0 -1000 -1000 -10
11 6 pedestrian 0 0 -10 646.85 174.06 686.00 209.78 -10 -10 -10 -100    0 -1000 -1000 -10
11 5 pedestrian 0 0 -10 454.75 188.82 498.58 226.35 -10 -10 -10 -100    0 -1000 -1000 -10
11 4 pedestrian 0 0 -10 110.93 201.70 331.44 342.58 -10 -10 -10 -100    0 -1000 -1000 -10
11 3 pedestrian 0 0 -10 800.61 178.66 1097.25 375.00 -10 -10 -10 -100    0 -1000 -1000 -10
12 15 pedestrian 0 0 -10 160.73 203.53 228.54 234.76 -10 -10 -10 -100    0 -1000 -1000 -10
12 14 pedestrian 0 0 -10 250.14 199.22 315.45 234.52 -10 -10 -10 -100    0 -1000 -1000 -10
12 13 pedestrian 0 0 -10 197.68 198.90 270.52 235.48 -10 -10 -10 -100    0 -1000 -1000 -10
12 12 pedestrian 0 0 -10 473.59 187.37 514.79 219.62 -10 -10 -10 -100    0 -1000 -1000 -10
12 10 pedestrian 0 0 -10 809.14 155.36 840.87 191.36 -10 -10 -10 -100    0 -1000 -1000 -10
12 9 pedestrian 0 0 -10 684.78 164.31 724.63 187.40 -10 -10 -10 -100    0 -1000 -1000 -10
12 8 pedestrian 0 0 -10 517.65 177.54 573.41 209.53 -10 -10 -10 -100    0 -1000 -1000 -10
12 7 pedestrian 0 0 -10 602.43 178.31 649.57 202.66 -10 -10 -10 -100    0 -1000 -1000 -10
12 6 pedestrian 0 0 -10 647.47 174.68 688.60 211.74 -10 -10 -10 -100    0 -1000 -1000 -10
12 5 pedestrian 0 0 -10 449.11 189.38 496.72 228.36 -10 -10 -10 -100    0 -1000 -1000 -10
12 4 pedestrian 0 0 -10 47.81 203.15 306.83 363.59 -10 -10 -10 -100    0 -1000 -1000 -10
12 3 pedestrian 0 0 -10 824.82 181.78 1216.59 375.00 -10 -10 -10 -100    0 -1000 -1000 -10
13 18 pedestrian 0 0 -10 96.22 207.04 173.15 244.45 -10 -10 -10 -100    0 -1000 -1000 -10
13 17 pedestrian 0 0 -10 572.49 176.46 593.10 196.34 -10 -10 -10 -100    0 -1000 -1000 -10
13 16 pedestrian 0 0 -10 724.41 158.16 754.17 182.04 -10 -10 -10 -100    0 -1000 -1000 -10
13 15 pedestrian 0 0 -10 146.69 204.80 216.83 238.47 -10 -10 -10 -100    0 -1000 -1000 -10
13 14 pedestrian 0 0 -10 239.20 199.64 307.65 236.63 -10 -10 -10 -100    0 -1000 -1000 -10
13 13 pedestrian 0 0 -10 186.08 199.76 261.87 237.17 -10 -10 -10 -100    0 -1000 -1000 -10
13 12 pedestrian 0 0 -10 469.42 187.35 511.65 221.65 -10 -10 -10 -100    0 -1000 -1000 -10
13 10 pedestrian 0 0 -10 807.67 156.26 839.27 188.89 -10 -10 -10 -100    0 -1000 -1000 -10
13 9 pedestrian 0 0 -10 684.78 164.33 725.27 187.45 -10 -10 -10 -100    0 -1000 -1000 -10
13 8 pedestrian 0 0 -10 518.52 178.49 573.83 209.38 -10 -10 -10 -100    0 -1000 -1000 -10
13 7 pedestrian 0 0 -10 606.50 178.42 655.08 203.01 -10 -10 -10 -100    0 -1000 -1000 -10
13 6 pedestrian 0 0 -10 649.01 175.12 692.13 213.17 -10 -10 -10 -100    0 -1000 -1000 -10
13 5 pedestrian 0 0 -10 442.89 190.11 494.30 230.53 -10 -10 -10 -100    0 -1000 -1000 -10
13 4 pedestrian 0 0 -10 0.00 210.19 276.42 375.00 -10 -10 -10 -100    0 -1000 -1000 -10
13 3 pedestrian 0 0 -10 862.86 183.04 1241.98 375.00 -10 -10 -10 -100    0 -1000 -1000 -10
14 18 pedestrian 0 0 -10 79.96 207.38 163.65 244.40 -10 -10 -10 -100    0 -1000 -1000 -10
14 17 pedestrian 0 0 -10 571.50 175.69 593.27 195.74 -10 -10 -10 -100    0 -1000 -1000 -10
14 16 pedestrian 0 0 -10 726.11 158.21 756.74 181.40 -10 -10 -10 -100    0 -1000 -1000 -10
14 15 pedestrian 0 0 -10 134.74 204.12 207.45 237.64 -10 -10 -10 -100    0 -1000 -1000 -10
14 14 pedestrian 0 0 -10 228.84 200.25 300.96 237.45 -10 -10 -10 -100    0 -1000 -1000 -10
14 13 pedestrian 0 0 -10 174.47 199.04 253.19 237.00 -10 -10 -10 -100    0 -1000 -1000 -10
14 12 pedestrian 0 0 -10 463.83 187.16 509.58 222.05 -10 -10 -10 -100    0 -1000 -1000 -10
14 10 pedestrian 0 0 -10 816.54 158.15 847.19 185.44 -10 -10 -10 -100    0 -1000 -1000 -10
14 9 pedestrian 0 0 -10 685.89 164.50 725.02 187.10 -10 -10 -10 -100    0 -1000 -1000 -10
14 8 pedestrian 0 0 -10 519.42 177.84 574.95 208.07 -10 -10 -10 -100    0 -1000 -1000 -10
14 7 pedestrian 0 0 -10 611.69 177.42 658.06 202.37 -10 -10 -10 -100    0 -1000 -1000 -10
14 6 pedestrian 0 0 -10 650.37 174.15 694.17 213.53 -10 -10 -10 -100    0 -1000 -1000 -10
14 5 pedestrian 0 0 -10 436.89 189.66 489.95 232.13 -10 -10 -10 -100    0 -1000 -1000 -10
14 4 pedestrian 0 0 -10 0.59 214.45 241.03 375.00 -10 -10 -10 -100    0 -1000 -1000 -10
14 3 pedestrian 0 0 -10 912.53 187.62 1242.00 375.00 -10 -10 -10 -100    0 -1000 -1000 -10
15 18 pedestrian 0 0 -10 66.91 207.73 152.77 246.53 -10 -10 -10 -100    0 -1000 -1000 -10
15 17 pedestrian 0 0 -10 572.43 174.98 592.98 194.42 -10 -10 -10 -100    0 -1000 -1000 -10
15 16 pedestrian 0 0 -10 727.71 157.28 758.24 180.16 -10 -10 -10 -100    0 -1000 -1000 -10
15 15 pedestrian 0 0 -10 120.91 205.16 198.26 241.05 -10 -10 -10 -100    0 -1000 -1000 -10
15 14 pedestrian 0 0 -10 216.46 200.29 290.02 239.46 -10 -10 -10 -100    0 -1000 -1000 -10
15 13 pedestrian 0 0 -10 159.84 199.31 243.39 238.53 -10 -10 -10 -100    0 -1000 -1000 -10
15 12 pedestrian 0 0 -10 458.69 186.59 506.33 222.98 -10 -10 -10 -100    0 -1000 -1000 -10
15 10 pedestrian 0 0 -10 819.18 158.18 851.14 184.19 -10 -10 -10 -100    0 -1000 -1000 -10
15 9 pedestrian 0 0 -10 683.49 164.04 724.64 187.10 -10 -10 -10 -100    0 -1000 -1000 -10
15 8 pedestrian 0 0 -10 518.38 177.84 574.57 208.02 -10 -10 -10 -100    0 -1000 -1000 -10
15 7 pedestrian 0 0 -10 618.92 177.58 665.47 201.75 -10 -10 -10 -100    0 -1000 -1000 -10
15 6 pedestrian 0 0 -10 651.27 173.68 697.47 213.99 -10 -10 -10 -100    0 -1000 -1000 -10
15 5 pedestrian 0 0 -10 430.54 189.17 486.29 233.34 -10 -10 -10 -100    0 -1000 -1000 -10
15 4 pedestrian 0 0 -10 0.00 221.04 197.80 375.00 -10 -10 -10 -100    0 -1000 -1000 -10
15 3 pedestrian 0 0 -10 986.86 195.83 1241.82 375.00 -10 -10 -10 -100    0 -1000 -1000 -10
16 18 pedestrian 0 0 -10 50.92 208.04 141.22 247.58 -10 -10 -10 -100    0 -1000 -1000 -10
16 17 pedestrian 0 0 -10 571.62 174.88 592.57 194.70 -10 -10 -10 -100    0 -1000 -1000 -10
16 16 pedestrian 0 0 -10 730.10 154.40 772.47 181.84 -10 -10 -10 -100    0 -1000 -1000 -10
16 15 pedestrian 0 0 -10 103.77 205.30 185.61 242.90 -10 -10 -10 -100    0 -1000 -1000 -10
16 14 pedestrian 0 0 -10 201.14 200.71 280.28 243.05 -10 -10 -10 -100    0 -1000 -1000 -10
16 13 pedestrian 0 0 -10 145.43 200.38 232.91 241.60 -10 -10 -10 -100    0 -1000 -1000 -10
16 12 pedestrian 0 0 -10 453.54 187.08 503.39 224.69 -10 -10 -10 -100    0 -1000 -1000 -10
16 10 pedestrian 0 0 -10 821.19 154.43 858.18 185.87 -10 -10 -10 -100    0 -1000 -1000 -10
16 9 pedestrian 0 0 -10 681.58 163.72 723.71 186.77 -10 -10 -10 -100    0 -1000 -1000 -10
16 8 pedestrian 0 0 -10 516.36 177.73 574.02 208.38 -10 -10 -10 -100    0 -1000 -1000 -10
16 7 pedestrian 0 0 -10 626.03 177.09 670.46 200.55 -10 -10 -10 -100    0 -1000 -1000 -10
16 6 pedestrian 0 0 -10 652.16 172.83 700.55 214.21 -10 -10 -10 -100    0 -1000 -1000 -10
16 5 pedestrian 0 0 -10 423.32 189.15 481.73 235.25 -10 -10 -10 -100    0 -1000 -1000 -10
16 4 pedestrian 0 0 -10 0.00 225.16 142.81 375.00 -10 -10 -10 -100    0 -1000 -1000 -10
17 22 pedestrian 0 0 -10 482.93 179.64 521.22 215.63 -10 -10 -10 -100    0 -1000 -1000 -10
17 18 pedestrian 0 0 -10 32.85 210.28 125.63 250.06 -10 -10 -10 -100    0 -1000 -1000 -10
17 17 pedestrian 0 0 -10 570.67 174.28 592.41 194.55 -10 -10 -10 -100    0 -1000 -1000 -10
17 16 pedestrian 0 0 -10 733.72 152.90 776.11 180.49 -10 -10 -10 -100    0 -1000 -1000 -10
17 15 pedestrian 0 0 -10 88.65 207.86 171.32 247.47 -10 -10 -10 -100    0 -1000 -1000 -10
17 14 pedestrian 0 0 -10 188.80 202.83 268.02 245.31 -10 -10 -10 -100    0 -1000 -1000 -10
17 13 pedestrian 0 0 -10 129.00 203.12 220.25 245.29 -10 -10 -10 -100    0 -1000 -1000 -10
17 12 pedestrian 0 0 -10 448.41 188.34 499.31 226.37 -10 -10 -10 -100    0 -1000 -1000 -10
17 10 pedestrian 0 0 -10 820.60 151.87 861.44 182.95 -10 -10 -10 -100    0 -1000 -1000 -10
17 9 pedestrian 0 0 -10 684.93 162.87 726.38 186.35 -10 -10 -10 -100    0 -1000 -1000 -10
17 8 pedestrian 0 0 -10 515.12 177.56 573.76 209.17 -10 -10 -10 -100    0 -1000 -1000 -10
17 7 pedestrian 0 0 -10 631.21 174.25 671.37 199.77 -10 -10 -10 -100    0 -1000 -1000 -10
17 6 pedestrian 0 0 -10 653.22 171.88 704.48 215.49 -10 -10 -10 -100    0 -1000 -1000 -10
17 5 pedestrian 0 0 -10 416.15 189.56 476.33 238.08 -10 -10 -10 -100    0 -1000 -1000 -10
17 4 pedestrian 0 0 -10 0.12 235.55 72.16 375.00 -10 -10 -10 -100    0 -1000 -1000 -10
18 22 pedestrian 0 0 -10 479.11 179.91 519.93 218.33 -10 -10 -10 -100    0 -1000 -1000 -10
18 18 pedestrian 0 0 -10 13.62 211.39 112.99 253.66 -10 -10 -10 -100    0 -1000 -1000 -10
18 17 pedestrian 0 0 -10 570.67 174.72 591.85 194.86 -10 -10 -10 -100    0 -1000 -1000 -10
18 16 pedestrian 0 0 -10 730.30 152.50 777.63 180.37 -10 -10 -10 -100    0 -1000 -1000 -10
18 15 pedestrian 0 0 -10 70.12 208.96 158.43 250.39 -10 -10 -10 -100    0 -1000 -1000 -10
18 13 pedestrian 0 0 -10 113.44 203.83 209.31 247.74 -10 -10 -10 -100    0 -1000 -1000 -10
18 12 pedestrian 0 0 -10 442.97 188.58 496.13 228.48 -10 -10 -10 -100    0 -1000 -1000 -10
18 10 pedestrian 0 0 -10 823.74 152.78 867.73 183.06 -10 -10 -10 -100    0 -1000 -1000 -10
18 9 pedestrian 0 0 -10 677.88 164.27 723.27 186.69 -10 -10 -10 -100    0 -1000 -1000 -10
18 8 pedestrian 0 0 -10 514.44 177.65 572.98 209.82 -10 -10 -10 -100    0 -1000 -1000 -10
18 6 pedestrian 0 0 -10 654.11 172.76 706.34 217.49 -10 -10 -10 -100    0 -1000 -1000 -10
18 5 pedestrian 0 0 -10 408.00 190.83 472.78 240.90 -10 -10 -10 -100    0 -1000 -1000 -10
19 22 pedestrian 0 0 -10 475.84 182.29 518.03 221.25 -10 -10 -10 -100    0 -1000 -1000 -10
19 21 pedestrian 0 0 -10 600.65 173.50 617.12 190.72 -10 -10 -10 -100    0 -1000 -1000 -10
19 18 pedestrian 0 0 -10 0.00 214.93 96.57 258.70 -10 -10 -10 -100    0 -1000 -1000 -10
19 17 pedestrian 0 0 -10 570.36 176.63 593.34 196.75 -10 -10 -10 -100    0 -1000 -1000 -10
19 16 pedestrian 0 0 -10 732.29 153.21 781.20 180.91 -10 -10 -10 -100    0 -1000 -1000 -10
19 15 pedestrian 0 0 -10 52.05 212.17 145.96 253.93 -10 -10 -10 -100    0 -1000 -1000 -10
19 13 pedestrian 0 0 -10 97.13 206.09 197.34 251.57 -10 -10 -10 -100    0 -1000 -1000 -10
19 12 pedestrian 0 0 -10 437.08 191.30 492.82 233.00 -10 -10 -10 -100    0 -1000 -1000 -10
19 10 pedestrian 0 0 -10 829.28 154.42 873.28 185.73 -10 -10 -10 -100    0 -1000 -1000 -10
19 9 pedestrian 0 0 -10 687.21 165.61 727.43 187.44 -10 -10 -10 -100    0 -1000 -1000 -10
19 8 pedestrian 0 0 -10 519.20 178.97 573.47 210.46 -10 -10 -10 -100    0 -1000 -1000 -10
19 6 pedestrian 0 0 -10 656.84 174.65 709.49 221.48 -10 -10 -10 -100    0 -1000 -1000 -10
19 5 pedestrian 0 0 -10 399.73 194.21 467.65 246.64 -10 -10 -10 -100    0 -1000 -1000 -10
20 22 pedestrian 0 0 -10 473.86 183.81 515.86 223.05 -10 -10 -10 -100    0 -1000 -1000 -10
20 21 pedestrian 0 0 -10 599.02 174.49 615.57 192.51 -10 -10 -10 -100    0 -1000 -1000 -10
20 18 pedestrian 0 0 -10 0.34 217.47 81.47 262.67 -10 -10 -10 -100    0 -1000 -1000 -10
20 17 pedestrian 0 0 -10 569.61 178.12 593.76 198.65 -10 -10 -10 -100    0 -1000 -1000 -10
20 16 pedestrian 0 0 -10 732.93 156.21 781.83 181.94 -10 -10 -10 -100    0 -1000 -1000 -10
20 15 pedestrian 0 0 -10 30.81 215.90 126.43 260.27 -10 -10 -10 -100    0 -1000 -1000 -10
20 13 pedestrian 0 0 -10 77.02 208.51 185.12 255.83 -10 -10 -10 -100    0 -1000 -1000 -10
20 12 pedestrian 0 0 -10 431.42 193.91 489.53 237.07 -10 -10 -10 -100    0 -1000 -1000 -10
20 11 pedestrian 0 0 -10 621.45 174.86 647.40 195.73 -10 -10 -10 -100    0 -1000 -1000 -10
20 10 pedestrian 0 0 -10 840.51 155.11 878.68 185.75 -10 -10 -10 -100    0 -1000 -1000 -10
20 9 pedestrian 0 0 -10 684.19 165.73 724.75 188.23 -10 -10 -10 -100    0 -1000 -1000 -10
20 8 pedestrian 0 0 -10 519.63 180.06 573.41 211.40 -10 -10 -10 -100    0 -1000 -1000 -10
20 6 pedestrian 0 0 -10 659.00 176.33 714.61 224.50 -10 -10 -10 -100    0 -1000 -1000 -10
20 5 pedestrian 0 0 -10 389.80 196.87 461.37 252.57 -10 -10 -10 -100    0 -1000 -1000 -10
21 28 pedestrian 0 0 -10 1043.61 123.69 1152.11 180.31 -10 -10 -10 -100    0 -1000 -1000 -10
21 22 pedestrian 0 0 -10 468.66 182.48 513.94 223.29 -10 -10 -10 -100    0 -1000 -1000 -10
21 21 pedestrian 0 0 -10 600.14 172.78 617.05 191.25 -10 -10 -10 -100    0 -1000 -1000 -10
21 18 pedestrian 0 0 -10 0.01 216.61 61.39 261.72 -10 -10 -10 -100    0 -1000 -1000 -10
21 17 pedestrian 0 0 -10 568.61 176.94 593.45 197.85 -10 -10 -10 -100    0 -1000 -1000 -10
21 16 pedestrian 0 0 -10 730.35 152.17 781.20 181.05 -10 -10 -10 -100    0 -1000 -1000 -10
21 15 pedestrian 0 0 -10 11.42 214.65 113.86 260.67 -10 -10 -10 -100    0 -1000 -1000 -10
21 13 pedestrian 0 0 -10 58.12 207.58 171.14 257.42 -10 -10 -10 -100    0 -1000 -1000 -10
21 12 pedestrian 0 0 -10 426.94 192.72 486.17 237.51 -10 -10 -10 -100    0 -1000 -1000 -10
21 11 pedestrian 0 0 -10 620.69 172.55 647.93 194.89 -10 -10 -10 -100    0 -1000 -1000 -10
21 10 pedestrian 0 0 -10 849.07 154.26 884.83 183.66 -10 -10 -10 -100    0 -1000 -1000 -10
21 8 pedestrian 0 0 -10 521.22 178.03 573.77 209.15 -10 -10 -10 -100    0 -1000 -1000 -10
21 6 pedestrian 0 0 -10 659.97 174.04 719.88 225.62 -10 -10 -10 -100    0 -1000 -1000 -10
21 5 pedestrian 0 0 -10 378.75 196.66 455.03 255.20 -10 -10 -10 -100    0 -1000 -1000 -10
22 30 pedestrian 0 0 -10 1133.78 102.21 1241.47 178.98 -10 -10 -10 -100    0 -1000 -1000 -10
22 29 pedestrian 0 0 -10 482.44 181.75 524.17 216.71 -10 -10 -10 -100    0 -1000 -1000 -10
22 28 pedestrian 0 0 -10 1057.62 123.39 1167.39 181.31 -10 -10 -10 -100    0 -1000 -1000 -10
22 22 pedestrian 0 0 -10 463.86 180.21 511.58 223.72 -10 -10 -10 -100    0 -1000 -1000 -10
22 21 pedestrian 0 0 -10 594.02 173.28 610.02 190.21 -10 -10 -10 -100    0 -1000 -1000 -10
22 18 pedestrian 0 0 -10 0.00 214.59 48.92 259.84 -10 -10 -10 -100    0 -1000 -1000 -10
22 17 pedestrian 0 0 -10 566.48 176.14 592.97 197.91 -10 -10 -10 -100    0 -1000 -1000 -10
22 16 pedestrian 0 0 -10 730.49 146.46 822.52 181.22 -10 -10 -10 -100    0 -1000 -1000 -10
22 15 pedestrian 0 0 -10 0.00 212.68 100.10 259.52 -10 -10 -10 -100    0 -1000 -1000 -10
22 13 pedestrian 0 0 -10 39.76 206.52 156.20 257.29 -10 -10 -10 -100    0 -1000 -1000 -10
22 12 pedestrian 0 0 -10 416.98 191.93 481.17 238.93 -10 -10 -10 -100    0 -1000 -1000 -10
22 11 pedestrian 0 0 -10 617.59 170.78 648.51 192.96 -10 -10 -10 -100    0 -1000 -1000 -10
22 10 pedestrian 0 0 -10 862.21 156.25 890.78 185.34 -10 -10 -10 -100    0 -1000 -1000 -10
22 8 pedestrian 0 0 -10 521.25 176.39 574.33 207.19 -10 -10 -10 -100    0 -1000 -1000 -10
22 6 pedestrian 0 0 -10 662.05 173.03 723.31 226.85 -10 -10 -10 -100    0 -1000 -1000 -10
22 5 pedestrian 0 0 -10 367.17 195.89 447.82 257.74 -10 -10 -10 -100    0 -1000 -1000 -10
23 30 pedestrian 0 0 -10 1147.30 101.92 1241.71 178.99 -10 -10 -10 -100    0 -1000 -1000 -10
23 29 pedestrian 0 0 -10 479.34 180.78 519.98 217.26 -10 -10 -10 -100    0 -1000 -1000 -10
23 28 pedestrian 0 0 -10 1070.32 122.03 1187.23 183.27 -10 -10 -10 -100    0 -1000 -1000 -10
23 22 pedestrian 0 0 -10 459.65 179.90 508.01 224.54 -10 -10 -10 -100    0 -1000 -1000 -10
23 21 pedestrian 0 0 -10 595.39 173.10 610.31 190.05 -10 -10 -10 -100    0 -1000 -1000 -10
23 17 pedestrian 0 0 -10 565.10 176.10 592.87 197.84 -10 -10 -10 -100    0 -1000 -1000 -10
23 16 pedestrian 0 0 -10 732.44 145.45 824.15 180.87 -10 -10 -10 -100    0 -1000 -1000 -10
23 15 pedestrian 0 0 -10 0.19 212.85 79.63 260.72 -10 -10 -10 -100    0 -1000 -1000 -10
23 13 pedestrian 0 0 -10 10.70 206.07 138.25 260.52 -10 -10 -10 -100    0 -1000 -1000 -10
23 12 pedestrian 0 0 -10 410.36 191.73 477.08 241.60 -10 -10 -10 -100    0 -1000 -1000 -10
23 11 pedestrian 0 0 -10 617.40 170.42 649.04 193.67 -10 -10 -10 -100    0 -1000 -1000 -10
23 10 pedestrian 0 0 -10 874.72 157.34 899.56 185.72 -10 -10 -10 -100    0 -1000 -1000 -10
23 8 pedestrian 0 0 -10 520.19 177.07 572.79 206.34 -10 -10 -10 -100    0 -1000 -1000 -10
23 6 pedestrian 0 0 -10 664.15 173.04 729.08 229.56 -10 -10 -10 -100    0 -1000 -1000 -10
23 5 pedestrian 0 0 -10 354.27 195.88 440.29 260.84 -10 -10 -10 -100    0 -1000 -1000 -10
24 30 pedestrian 0 0 -10 1166.21 101.76 1242.00 179.97 -10 -10 -10 -100    0 -1000 -1000 -10
24 29 pedestrian 0 0 -10 477.16 180.58 518.23 216.97 -10 -10 -10 -100    0 -1000 -1000 -10
24 28 pedestrian 0 0 -10 1082.13 121.47 1207.20 183.36 -10 -10 -10 -100    0 -1000 -1000 -10
24 22 pedestrian 0 0 -10 454.41 178.88 505.12 225.02 -10 -10 -10 -100    0 -1000 -1000 -10
24 21 pedestrian 0 0 -10 594.86 173.14 609.96 190.23 -10 -10 -10 -100    0 -1000 -1000 -10
24 17 pedestrian 0 0 -10 563.15 176.83 591.49 198.03 -10 -10 -10 -100    0 -1000 -1000 -10
24 16 pedestrian 0 0 -10 732.68 146.37 822.34 180.51 -10 -10 -10 -100    0 -1000 -1000 -10
24 15 pedestrian 0 0 -10 0.00 208.27 73.39 260.91 -10 -10 -10 -100    0 -1000 -1000 -10
24 13 pedestrian 0 0 -10 0.85 205.74 121.00 260.34 -10 -10 -10 -100    0 -1000 -1000 -10
24 12 pedestrian 0 0 -10 400.26 192.21 470.76 242.95 -10 -10 -10 -100    0 -1000 -1000 -10
24 11 pedestrian 0 0 -10 615.99 169.33 648.87 192.58 -10 -10 -10 -100    0 -1000 -1000 -10
24 10 pedestrian 0 0 -10 883.03 155.45 911.17 184.44 -10 -10 -10 -100    0 -1000 -1000 -10
24 8 pedestrian 0 0 -10 519.28 177.24 572.47 205.95 -10 -10 -10 -100    0 -1000 -1000 -10
24 6 pedestrian 0 0 -10 666.75 171.93 734.79 231.82 -10 -10 -10 -100    0 -1000 -1000 -10
24 5 pedestrian 0 0 -10 338.26 195.95 432.24 264.55 -10 -10 -10 -100    0 -1000 -1000 -10
25 30 pedestrian 0 0 -10 1186.30 102.63 1241.96 180.03 -10 -10 -10 -100    0 -1000 -1000 -10
25 29 pedestrian 0 0 -10 473.71 180.73 517.91 218.76 -10 -10 -10 -100    0 -1000 -1000 -10
25 28 pedestrian 0 0 -10 1100.90 120.86 1228.94 184.98 -10 -10 -10 -100    0 -1000 -1000 -10
25 22 pedestrian 0 0 -10 449.75 179.18 502.58 226.90 -10 -10 -10 -100    0 -1000 -1000 -10
25 21 pedestrian 0 0 -10 594.40 173.49 610.83 190.57 -10 -10 -10 -100    0 -1000 -1000 -10
25 17 pedestrian 0 0 -10 562.74 177.11 590.94 199.04 -10 -10 -10 -100    0 -1000 -1000 -10
25 16 pedestrian 0 0 -10 731.73 146.81 822.02 180.48 -10 -10 -10 -100    0 -1000 -1000 -10
25 13 pedestrian 0 0 -10 0.00 205.95 108.61 266.16 -10 -10 -10 -100    0 -1000 -1000 -10
25 12 pedestrian 0 0 -10 391.17 192.88 466.53 246.40 -10 -10 -10 -100    0 -1000 -1000 -10
25 11 pedestrian 0 0 -10 612.93 169.10 648.65 192.68 -10 -10 -10 -100    0 -1000 -1000 -10
25 8 pedestrian 0 0 -10 518.46 177.42 572.10 206.51 -10 -10 -10 -100    0 -1000 -1000 -10
25 6 pedestrian 0 0 -10 669.27 174.56 741.27 235.58 -10 -10 -10 -100    0 -1000 -1000 -10
25 5 pedestrian 0 0 -10 323.11 196.40 424.92 269.29 -10 -10 -10 -100    0 -1000 -1000 -10
26 29 pedestrian 0 0 -10 470.37 182.26 514.57 220.76 -10 -10 -10 -100    0 -1000 -1000 -10
26 28 pedestrian 0 0 -10 1116.94 120.84 1241.83 188.12 -10 -10 -10 -100    0 -1000 -1000 -10
26 22 pedestrian 0 0 -10 444.90 180.86 499.38 230.15 -10 -10 -10 -100    0 -1000 -1000 -10
26 21 pedestrian 0 0 -10 595.13 174.26 612.01 192.05 -10 -10 -10 -100    0 -1000 -1000 -10
26 17 pedestrian 0 0 -10 562.17 178.45 591.23 200.15 -10 -10 -10 -100    0 -1000 -1000 -10
26 16 pedestrian 0 0 -10 732.39 146.59 820.85 181.23 -10 -10 -10 -100    0 -1000 -1000 -10
26 13 pedestrian 0 0 -10 0.17 207.46 79.48 263.11 -10 -10 -10 -100    0 -1000 -1000 -10
26 12 pedestrian 0 0 -10 380.57 194.46 461.39 250.96 -10 -10 -10 -100    0 -1000 -1000 -10
26 11 pedestrian 0 0 -10 613.57 170.79 649.36 193.85 -10 -10 -10 -100    0 -1000 -1000 -10
26 8 pedestrian 0 0 -10 518.03 178.82 573.65 209.57 -10 -10 -10 -100    0 -1000 -1000 -10
26 6 pedestrian 0 0 -10 672.67 176.09 749.23 241.84 -10 -10 -10 -100    0 -1000 -1000 -10
26 5 pedestrian 0 0 -10 305.00 197.60 414.29 274.27 -10 -10 -10 -100    0 -1000 -1000 -10
27 29 pedestrian 0 0 -10 468.16 183.48 512.05 222.10 -10 -10 -10 -100    0 -1000 -1000 -10
27 28 pedestrian 0 0 -10 1132.07 121.92 1241.45 189.67 -10 -10 -10 -100    0 -1000 -1000 -10
27 22 pedestrian 0 0 -10 439.23 181.22 496.71 232.13 -10 -10 -10 -100    0 -1000 -1000 -10
27 21 pedestrian 0 0 -10 595.06 175.06 611.93 193.05 -10 -10 -10 -100    0 -1000 -1000 -10
27 16 pedestrian 0 0 -10 735.91 147.21 820.16 183.17 -10 -10 -10 -100    0 -1000 -1000 -10
27 13 pedestrian 0 0 -10 0.00 204.27 60.21 258.96 -10 -10 -10 -100    0 -1000 -1000 -10
27 12 pedestrian 0 0 -10 370.88 195.58 455.27 254.16 -10 -10 -10 -100    0 -1000 -1000 -10
27 11 pedestrian 0 0 -10 615.08 170.40 650.20 194.25 -10 -10 -10 -100    0 -1000 -1000 -10
27 8 pedestrian 0 0 -10 515.92 179.80 574.42 210.05 -10 -10 -10 -100    0 -1000 -1000 -10
27 6 pedestrian 0 0 -10 676.03 177.69 757.49 246.83 -10 -10 -10 -100    0 -1000 -1000 -10
27 5 pedestrian 0 0 -10 284.24 197.27 404.43 279.41 -10 -10 -10 -100    0 -1000 -1000 -10
28 29 pedestrian 0 0 -10 463.68 181.66 511.07 220.74 -10 -10 -10 -100    0 -1000 -1000 -10
28 28 pedestrian 0 0 -10 1150.86 119.01 1241.58 192.29 -10 -10 -10 -100    0 -1000 -1000 -10
28 22 pedestrian 0 0 -10 433.46 179.44 493.83 232.66 -10 -10 -10 -100    0 -1000 -1000 -10
28 21 pedestrian 0 0 -10 595.67 174.38 611.48 191.49 -10 -10 -10 -100    0 -1000 -1000 -10
28 16 pedestrian 0 0 -10 745.96 147.36 828.04 183.94 -10 -10 -10 -100    0 -1000 -1000 -10
28 12 pedestrian 0 0 -10 360.60 194.03 449.83 255.46 -10 -10 -10 -100    0 -1000 -1000 -10
28 11 pedestrian 0 0 -10 616.68 169.10 650.62 191.75 -10 -10 -10 -100    0 -1000 -1000 -10
28 8 pedestrian 0 0 -10 513.57 178.51 582.31 210.01 -10 -10 -10 -100    0 -1000 -1000 -10
28 6 pedestrian 0 0 -10 679.67 175.47 767.23 249.60 -10 -10 -10 -100    0 -1000 -1000 -10
28 5 pedestrian 0 0 -10 261.43 196.39 392.75 284.48 -10 -10 -10 -100    0 -1000 -1000 -10
29 29 pedestrian 0 0 -10 458.40 180.35 509.11 221.51 -10 -10 -10 -100    0 -1000 -1000 -10
29 28 pedestrian 0 0 -10 1170.88 116.99 1242.00 193.64 -10 -10 -10 -100    0 -1000 -1000 -10
29 22 pedestrian 0 0 -10 425.52 177.99 489.93 233.41 -10 -10 -10 -100    0 -1000 -1000 -10
29 21 pedestrian 0 0 -10 595.71 172.59 612.51 189.31 -10 -10 -10 -100    0 -1000 -1000 -10
29 16 pedestrian 0 0 -10 752.13 152.10 837.40 189.63 -10 -10 -10 -100    0 -1000 -1000 -10
29 15 pedestrian 0 0 -10 0.00 194.61 85.59 261.74 -10 -10 -10 -100    0 -1000 -1000 -10
29 12 pedestrian 0 0 -10 347.09 192.74 443.09 257.73 -10 -10 -10 -100    0 -1000 -1000 -10
29 8 pedestrian 0 0 -10 513.19 176.35 591.86 210.38 -10 -10 -10 -100    0 -1000 -1000 -10
29 7 pedestrian 0 0 -10 663.95 162.25 722.91 185.65 -10 -10 -10 -100    0 -1000 -1000 -10
29 6 pedestrian 0 0 -10 681.80 175.08 776.18 252.19 -10 -10 -10 -100    0 -1000 -1000 -10
29 5 pedestrian 0 0 -10 234.33 195.80 379.60 291.28 -10 -10 -10 -100    0 -1000 -1000 -10
30 29 pedestrian 0 0 -10 453.93 180.52 505.97 222.85 -10 -10 -10 -100    0 -1000 -1000 -10
30 28 pedestrian 0 0 -10 1192.28 122.80 1241.65 195.40 -10 -10 -10 -100    0 -1000 -1000 -10
30 22 pedestrian 0 0 -10 419.46 177.49 486.74 234.55 -10 -10 -10 -100    0 -1000 -1000 -10
30 21 pedestrian 0 0 -10 595.73 172.75 612.68 189.21 -10 -10 -10 -100    0 -1000 -1000 -10
30 16 pedestrian 0 0 -10 766.32 152.33 874.26 194.38 -10 -10 -10 -100    0 -1000 -1000 -10
30 15 pedestrian 0 0 -10 0.07 197.30 57.82 268.36 -10 -10 -10 -100    0 -1000 -1000 -10
30 12 pedestrian 0 0 -10 332.17 192.46 436.65 261.36 -10 -10 -10 -100    0 -1000 -1000 -10
30 8 pedestrian 0 0 -10 508.97 176.44 594.84 210.90 -10 -10 -10 -100    0 -1000 -1000 -10
30 7 pedestrian 0 0 -10 663.85 163.38 728.04 187.94 -10 -10 -10 -100    0 -1000 -1000 -10
30 6 pedestrian 0 0 -10 687.58 175.16 789.54 256.68 -10 -10 -10 -100    0 -1000 -1000 -10
30 5 pedestrian 0 0 -10 202.65 197.35 364.21 302.02 -10 -10 -10 -100    0 -1000 -1000 -10
31 29 pedestrian 0 0 -10 450.30 182.12 502.98 225.41 -10 -10 -10 -100    0 -1000 -1000 -10
31 28 pedestrian 0 0 -10 1216.63 118.46 1242.00 192.86 -10 -10 -10 -100    0 -1000 -1000 -10
31 22 pedestrian 0 0 -10 411.91 178.52 482.61 237.96 -10 -10 -10 -100    0 -1000 -1000 -10
31 16 pedestrian 0 0 -10 782.50 153.97 895.00 198.37 -10 -10 -10 -100    0 -1000 -1000 -10
31 12 pedestrian 0 0 -10 315.54 193.35 426.50 266.68 -10 -10 -10 -100    0 -1000 -1000 -10
31 8 pedestrian 0 0 -10 509.52 177.31 595.47 211.57 -10 -10 -10 -100    0 -1000 -1000 -10
31 7 pedestrian 0 0 -10 666.61 164.67 735.80 189.98 -10 -10 -10 -100    0 -1000 -1000 -10
31 6 pedestrian 0 0 -10 693.13 175.12 803.27 263.40 -10 -10 -10 -100    0 -1000 -1000 -10
31 5 pedestrian 0 0 -10 164.34 200.36 347.55 315.33 -10 -10 -10 -100    0 -1000 -1000 -10
32 29 pedestrian 0 0 -10 445.26 182.10 500.45 227.42 -10 -10 -10 -100    0 -1000 -1000 -10
32 22 pedestrian 0 0 -10 404.60 178.45 478.36 241.29 -10 -10 -10 -100    0 -1000 -1000 -10
32 16 pedestrian 0 0 -10 803.73 152.88 919.16 202.15 -10 -10 -10 -100    0 -1000 -1000 -10
32 12 pedestrian 0 0 -10 294.56 194.17 418.94 273.03 -10 -10 -10 -100    0 -1000 -1000 -10
32 11 pedestrian 0 0 -10 636.93 175.74 658.82 196.61 -10 -10 -10 -100    0 -1000 -1000 -10
32 8 pedestrian 0 0 -10 510.01 177.19 596.51 211.71 -10 -10 -10 -100    0 -1000 -1000 -10
32 7 pedestrian 0 0 -10 667.89 164.43 747.94 192.81 -10 -10 -10 -100    0 -1000 -1000 -10
32 6 pedestrian 0 0 -10 700.48 173.74 820.23 269.74 -10 -10 -10 -100    0 -1000 -1000 -10
32 5 pedestrian 0 0 -10 117.87 203.01 327.99 330.87 -10 -10 -10 -100    0 -1000 -1000 -10
33 29 pedestrian 0 0 -10 439.87 181.44 498.48 228.69 -10 -10 -10 -100    0 -1000 -1000 -10
33 22 pedestrian 0 0 -10 394.60 178.40 473.63 243.47 -10 -10 -10 -100    0 -1000 -1000 -10
33 16 pedestrian 0 0 -10 814.58 148.40 943.02 204.14 -10 -10 -10 -100    0 -1000 -1000 -10
33 12 pedestrian 0 0 -10 271.78 194.69 408.68 279.38 -10 -10 -10 -100    0 -1000 -1000 -10
33 11 pedestrian 0 0 -10 637.65 175.52 659.52 196.26 -10 -10 -10 -100    0 -1000 -1000 -10
33 8 pedestrian 0 0 -10 510.53 176.87 595.05 212.16 -10 -10 -10 -100    0 -1000 -1000 -10
33 7 pedestrian 0 0 -10 670.17 163.87 754.45 196.49 -10 -10 -10 -100    0 -1000 -1000 -10
33 6 pedestrian 0 0 -10 707.24 172.75 839.93 276.35 -10 -10 -10 -100    0 -1000 -1000 -10
33 5 pedestrian 0 0 -10 59.16 205.57 303.72 350.16 -10 -10 -10 -100    0 -1000 -1000 -10
34 29 pedestrian 0 0 -10 434.03 181.13 494.41 230.74 -10 -10 -10 -100    0 -1000 -1000 -10
34 22 pedestrian 0 0 -10 384.82 178.05 468.35 247.46 -10 -10 -10 -100    0 -1000 -1000 -10
34 16 pedestrian 0 0 -10 826.37 149.96 966.94 205.55 -10 -10 -10 -100    0 -1000 -1000 -10
34 12 pedestrian 0 0 -10 246.57 196.98 395.46 289.12 -10 -10 -10 -100    0 -1000 -1000 -10
34 11 pedestrian 0 0 -10 639.33 174.95 661.54 196.53 -10 -10 -10 -100    0 -1000 -1000 -10
34 8 pedestrian 0 0 -10 512.50 177.44 595.57 212.53 -10 -10 -10 -100    0 -1000 -1000 -10
34 7 pedestrian 0 0 -10 673.63 161.03 750.75 199.36 -10 -10 -10 -100    0 -1000 -1000 -10
34 6 pedestrian 0 0 -10 715.84 173.72 863.48 287.32 -10 -10 -10 -100    0 -1000 -1000 -10
34 5 pedestrian 0 0 -10 0.44 209.42 274.16 372.64 -10 -10 -10 -100    0 -1000 -1000 -10
35 31 pedestrian 0 0 -10 619.64 173.88 638.41 190.93 -10 -10 -10 -100    0 -1000 -1000 -10
35 29 pedestrian 0 0 -10 425.66 180.48 489.51 231.84 -10 -10 -10 -100    0 -1000 -1000 -10
35 22 pedestrian 0 0 -10 371.53 178.86 462.05 251.74 -10 -10 -10 -100    0 -1000 -1000 -10
35 16 pedestrian 0 0 -10 829.87 150.52 966.77 206.09 -10 -10 -10 -100    0 -1000 -1000 -10
35 12 pedestrian 0 0 -10 216.16 198.61 382.84 300.49 -10 -10 -10 -100    0 -1000 -1000 -10
35 11 pedestrian 0 0 -10 638.99 175.13 661.46 196.58 -10 -10 -10 -100    0 -1000 -1000 -10
35 7 pedestrian 0 0 -10 674.55 157.96 730.65 196.58 -10 -10 -10 -100    0 -1000 -1000 -10
35 6 pedestrian 0 0 -10 724.09 174.59 893.83 301.80 -10 -10 -10 -100    0 -1000 -1000 -10
35 5 pedestrian 0 0 -10 0.19 213.28 241.74 375.00 -10 -10 -10 -100    0 -1000 -1000 -10
36 31 pedestrian 0 0 -10 615.96 173.22 634.65 190.67 -10 -10 -10 -100    0 -1000 -1000 -10
36 29 pedestrian 0 0 -10 417.53 179.30 484.93 232.30 -10 -10 -10 -100    0 -1000 -1000 -10
36 22 pedestrian 0 0 -10 357.91 178.78 454.17 255.89 -10 -10 -10 -100    0 -1000 -1000 -10
36 16 pedestrian 0 0 -10 888.77 143.89 1034.14 206.48 -10 -10 -10 -100    0 -1000 -1000 -10
36 12 pedestrian 0 0 -10 173.66 199.95 364.01 311.27 -10 -10 -10 -100    0 -1000 -1000 -10
36 11 pedestrian 0 0 -10 638.70 174.24 661.95 196.39 -10 -10 -10 -100    0 -1000 -1000 -10
36 9 pedestrian 0 0 -10 694.98 166.85 764.21 191.12 -10 -10 -10 -100    0 -1000 -1000 -10
36 7 pedestrian 0 0 -10 675.04 159.38 720.85 194.15 -10 -10 -10 -100    0 -1000 -1000 -10
36 6 pedestrian 0 0 -10 734.06 174.79 928.52 316.54 -10 -10 -10 -100    0 -1000 -1000 -10
36 5 pedestrian 0 0 -10 0.00 216.35 198.18 375.00 -10 -10 -10 -100    0 -1000 -1000 -10
37 33 pedestrian 0 0 -10 770.63 151.44 837.76 181.36 -10 -10 -10 -100    0 -1000 -1000 -10
37 32 pedestrian 0 0 -10 466.89 181.01 512.60 216.75 -10 -10 -10 -100    0 -1000 -1000 -10
37 31 pedestrian 0 0 -10 617.15 171.61 635.38 189.41 -10 -10 -10 -100    0 -1000 -1000 -10
37 29 pedestrian 0 0 -10 406.81 178.45 478.72 232.95 -10 -10 -10 -100    0 -1000 -1000 -10
37 22 pedestrian 0 0 -10 341.30 178.35 445.09 259.48 -10 -10 -10 -100    0 -1000 -1000 -10
37 17 pedestrian 0 0 -10 546.79 177.59 577.74 201.78 -10 -10 -10 -100    0 -1000 -1000 -10
37 16 pedestrian 0 0 -10 891.64 144.75 1030.68 206.19 -10 -10 -10 -100    0 -1000 -1000 -10
37 12 pedestrian 0 0 -10 119.11 200.63 342.24 325.46 -10 -10 -10 -100    0 -1000 -1000 -10
37 11 pedestrian 0 0 -10 638.61 172.33 662.01 195.57 -10 -10 -10 -100    0 -1000 -1000 -10
37 9 pedestrian 0 0 -10 695.27 165.53 762.51 190.36 -10 -10 -10 -100    0 -1000 -1000 -10
37 7 pedestrian 0 0 -10 675.09 158.84 715.16 192.86 -10 -10 -10 -100    0 -1000 -1000 -10
37 6 pedestrian 0 0 -10 745.43 171.93 971.65 334.87 -10 -10 -10 -100    0 -1000 -1000 -10
37 5 pedestrian 0 0 -10 0.00 220.92 140.77 375.00 -10 -10 -10 -100    0 -1000 -1000 -10
38 33 pedestrian 0 0 -10 773.89 149.33 858.60 181.86 -10 -10 -10 -100    0 -1000 -1000 -10
38 32 pedestrian 0 0 -10 461.71 181.24 508.38 218.25 -10 -10 -10 -100    0 -1000 -1000 -10
38 31 pedestrian 0 0 -10 617.32 171.51 635.13 189.41 -10 -10 -10 -100    0 -1000 -1000 -10
38 29 pedestrian 0 0 -10 395.83 178.24 472.88 236.16 -10 -10 -10 -100    0 -1000 -1000 -10
38 22 pedestrian 0 0 -10 323.66 178.19 436.04 264.27 -10 -10 -10 -100    0 -1000 -1000 -10
38 17 pedestrian 0 0 -10 541.93 177.04 575.94 203.35 -10 -10 -10 -100    0 -1000 -1000 -10
38 16 pedestrian 0 0 -10 926.48 149.71 1091.21 211.19 -10 -10 -10 -100    0 -1000 -1000 -10
38 12 pedestrian 0 0 -10 56.30 203.23 316.62 343.67 -10 -10 -10 -100    0 -1000 -1000 -10
38 11 pedestrian 0 0 -10 637.73 172.46 661.62 195.85 -10 -10 -10 -100    0 -1000 -1000 -10
38 9 pedestrian 0 0 -10 695.95 165.43 768.91 190.40 -10 -10 -10 -100    0 -1000 -1000 -10
38 7 pedestrian 0 0 -10 674.29 159.53 713.65 192.79 -10 -10 -10 -100    0 -1000 -1000 -10
38 6 pedestrian 0 0 -10 759.12 172.78 1029.93 363.34 -10 -10 -10 -100    0 -1000 -1000 -10
38 5 pedestrian 0 0 -10 0.12 229.86 67.43 375.00 -10 -10 -10 -100    0 -1000 -1000 -10
38 34 pedestrian 0 0 -10 510.82 175.86 540.85 207.33 -10 -10 -10 -100    0 -1000 -1000 -10
39 33 pedestrian 0 0 -10 771.25 148.32 852.23 181.57 -10 -10 -10 -100    0 -1000 -1000 -10
39 32 pedestrian 0 0 -10 455.41 182.22 503.15 219.43 -10 -10 -10 -100    0 -1000 -1000 -10
39 31 pedestrian 0 0 -10 616.06 172.80 633.97 190.67 -10 -10 -10 -100    0 -1000 -1000 -10
39 29 pedestrian 0 0 -10 384.70 178.84 465.19 239.46 -10 -10 -10 -100    0 -1000 -1000 -10
39 22 pedestrian 0 0 -10 302.38 179.11 424.45 271.22 -10 -10 -10 -100    0 -1000 -1000 -10
39 21 pedestrian 0 0 -10 593.33 171.81 612.03 190.66 -10 -10 -10 -100    0 -1000 -1000 -10
39 17 pedestrian 0 0 -10 537.23 178.06 572.56 205.06 -10 -10 -10 -100    0 -1000 -1000 -10
39 16 pedestrian 0 0 -10 938.26 151.31 1090.53 212.29 -10 -10 -10 -100    0 -1000 -1000 -10
39 12 pedestrian 0 0 -10 0.19 206.80 288.05 368.84 -10 -10 -10 -100    0 -1000 -1000 -10
39 11 pedestrian 0 0 -10 636.19 173.53 659.41 196.39 -10 -10 -10 -100    0 -1000 -1000 -10
39 9 pedestrian 0 0 -10 695.76 165.69 770.93 191.85 -10 -10 -10 -100    0 -1000 -1000 -10
39 7 pedestrian 0 0 -10 674.44 161.06 712.52 193.20 -10 -10 -10 -100    0 -1000 -1000 -10
39 6 pedestrian 0 0 -10 774.21 173.57 1108.35 375.00 -10 -10 -10 -100    0 -1000 -1000 -10
39 34 pedestrian 0 0 -10 507.43 176.89 538.24 210.17 -10 -10 -10 -100    0 -1000 -1000 -10
40 33 pedestrian 0 0 -10 769.93 148.85 851.11 183.00 -10 -10 -10 -100    0 -1000 -1000 -10
40 32 pedestrian 0 0 -10 448.92 184.11 498.37 221.96 -10 -10 -10 -100    0 -1000 -1000 -10
40 31 pedestrian 0 0 -10 613.68 172.54 633.59 191.76 -10 -10 -10 -100    0 -1000 -1000 -10
40 29 pedestrian 0 0 -10 371.11 179.44 457.06 244.05 -10 -10 -10 -100    0 -1000 -1000 -10
40 22 pedestrian 0 0 -10 277.85 178.03 413.32 278.14 -10 -10 -10 -100    0 -1000 -1000 -10
40 21 pedestrian 0 0 -10 590.79 171.40 610.64 191.35 -10 -10 -10 -100    0 -1000 -1000 -10
40 17 pedestrian 0 0 -10 531.28 178.83 568.94 207.14 -10 -10 -10 -100    0 -1000 -1000 -10
40 16 pedestrian 0 0 -10 970.14 152.85 1128.64 214.15 -10 -10 -10 -100    0 -1000 -1000 -10
40 12 pedestrian 0 0 -10 0.22 212.85 255.12 375.00 -10 -10 -10 -100    0 -1000 -1000 -10
40 11 pedestrian 0 0 -10 635.36 173.43 659.31 197.40 -10 -10 -10 -100    0 -1000 -1000 -10
40 9 pedestrian 0 0 -10 696.81 165.46 769.31 191.66 -10 -10 -10 -100    0 -1000 -1000 -10
40 7 pedestrian 0 0 -10 673.71 162.00 713.00 193.34 -10 -10 -10 -100    0 -1000 -1000 -10
40 6 pedestrian 0 0 -10 797.15 177.24 1223.23 375.00 -10 -10 -10 -100    0 -1000 -1000 -10
40 34 pedestrian 0 0 -10 503.18 174.26 533.40 213.11 -10 -10 -10 -100    0 -1000 -1000 -10
41 33 pedestrian 0 0 -10 773.16 148.68 854.25 182.19 -10 -10 -10 -100    0 -1000 -1000 -10
41 32 pedestrian 0 0 -10 442.39 184.22 493.26 223.09 -10 -10 -10 -100    0 -1000 -1000 -10
41 31 pedestrian 0 0 -10 612.42 172.48 632.90 191.90 -10 -10 -10 -100    0 -1000 -1000 -10
41 29 pedestrian 0 0 -10 356.59 179.68 448.26 247.96 -10 -10 -10 -100    0 -1000 -1000 -10
41 22 pedestrian 0 0 -10 248.34 176.63 399.19 284.86 -10 -10 -10 -100    0 -1000 -1000 -10
41 21 pedestrian 0 0 -10 588.41 170.98 609.40 190.86 -10 -10 -10 -100    0 -1000 -1000 -10
41 17 pedestrian 0 0 -10 526.98 179.28 565.28 208.29 -10 -10 -10 -100    0 -1000 -1000 -10
41 16 pedestrian 0 0 -10 1016.80 148.72 1210.09 215.16 -10 -10 -10 -100    0 -1000 -1000 -10
41 12 pedestrian 0 0 -10 0.00 219.44 211.96 375.00 -10 -10 -10 -100    0 -1000 -1000 -10
41 11 pedestrian 0 0 -10 634.22 173.70 658.19 197.37 -10 -10 -10 -100    0 -1000 -1000 -10
41 9 pedestrian 0 0 -10 696.47 164.56 773.19 191.84 -10 -10 -10 -100    0 -1000 -1000 -10
41 7 pedestrian 0 0 -10 673.17 161.20 713.55 193.27 -10 -10 -10 -100    0 -1000 -1000 -10
41 6 pedestrian 0 0 -10 823.58 179.18 1241.73 375.00 -10 -10 -10 -100    0 -1000 -1000 -10
41 34 pedestrian 0 0 -10 497.38 173.57 528.63 211.93 -10 -10 -10 -100    0 -1000 -1000 -10
42 32 pedestrian 0 0 -10 431.65 183.69 488.32 225.76 -10 -10 -10 -100    0 -1000 -1000 -10
42 29 pedestrian 0 0 -10 338.92 180.00 438.84 252.09 -10 -10 -10 -100    0 -1000 -1000 -10
42 22 pedestrian 0 0 -10 212.94 176.49 383.00 295.04 -10 -10 -10 -100    0 -1000 -1000 -10
42 21 pedestrian 0 0 -10 585.78 169.61 607.73 189.92 -10 -10 -10 -100    0 -1000 -1000 -10
42 33 pedestrian 0 0 -10 770.69 148.15 855.50 181.96 -10 -10 -10 -100    0 -1000 -1000 -10
42 17 pedestrian 0 0 -10 521.08 178.27 562.33 209.52 -10 -10 -10 -100    0 -1000 -1000 -10
42 16 pedestrian 0 0 -10 1026.90 149.45 1240.22 226.63 -10 -10 -10 -100    0 -1000 -1000 -10
42 12 pedestrian 0 0 -10 0.00 227.62 160.78 375.00 -10 -10 -10 -100    0 -1000 -1000 -10
42 11 pedestrian 0 0 -10 633.16 172.76 657.65 197.51 -10 -10 -10 -100    0 -1000 -1000 -10
42 9 pedestrian 0 0 -10 695.64 163.07 775.42 191.54 -10 -10 -10 -100    0 -1000 -1000 -10
42 7 pedestrian 0 0 -10 672.56 160.30 713.35 192.06 -10 -10 -10 -100    0 -1000 -1000 -10
42 6 pedestrian 0 0 -10 859.79 177.61 1242.00 375.00 -10 -10 -10 -100    0 -1000 -1000 -10
42 35 pedestrian 0 0 -10 860.42 146.16 934.24 177.68 -10 -10 -10 -100    0 -1000 -1000 -10
42 34 pedestrian 0 0 -10 493.42 172.76 527.57 212.46 -10 -10 -10 -100    0 -1000 -1000 -10
43 32 pedestrian 0 0 -10 425.18 184.14 482.57 227.56 -10 -10 -10 -100    0 -1000 -1000 -10
43 29 pedestrian 0 0 -10 319.67 181.19 428.38 257.09 -10 -10 -10 -100    0 -1000 -1000 -10
43 22 pedestrian 0 0 -10 171.22 179.20 366.01 307.51 -10 -10 -10 -100    0 -1000 -1000 -10
43 21 pedestrian 0 0 -10 584.29 169.94 605.96 190.37 -10 -10 -10 -100    0 -1000 -1000 -10
43 33 pedestrian 0 0 -10 772.13 148.55 850.73 182.46 -10 -10 -10 -100    0 -1000 -1000 -10
43 17 pedestrian 0 0 -10 515.83 178.89 558.63 212.08 -10 -10 -10 -100    0 -1000 -1000 -10
43 16 pedestrian 0 0 -10 1027.46 149.94 1241.60 229.77 -10 -10 -10 -100    0 -1000 -1000 -10
43 12 pedestrian 0 0 -10 0.04 236.11 92.17 375.00 -10 -10 -10 -100    0 -1000 -1000 -10
43 11 pedestrian 0 0 -10 632.14 173.12 657.58 198.08 -10 -10 -10 -100    0 -1000 -1000 -10
43 9 pedestrian 0 0 -10 696.97 162.73 777.56 191.44 -10 -10 -10 -100    0 -1000 -1000 -10
43 7 pedestrian 0 0 -10 671.51 160.52 715.18 193.57 -10 -10 -10 -100    0 -1000 -1000 -10
43 6 pedestrian 0 0 -10 911.84 178.19 1242.00 375.00 -10 -10 -10 -100    0 -1000 -1000 -10
43 35 pedestrian 0 0 -10 860.81 144.88 940.32 177.35 -10 -10 -10 -100    0 -1000 -1000 -10
43 34 pedestrian 0 0 -10 488.16 173.77 520.68 213.39 -10 -10 -10 -100    0 -1000 -1000 -10
44 29 pedestrian 0 0 -10 301.17 181.28 416.86 262.69 -10 -10 -10 -100    0 -1000 -1000 -10
44 22 pedestrian 0 0 -10 118.62 180.75 344.07 322.88 -10 -10 -10 -100    0 -1000 -1000 -10
44 21 pedestrian 0 0 -10 583.51 171.43 603.02 190.14 -10 -10 -10 -100    0 -1000 -1000 -10
44 32 pedestrian 0 0 -10 414.47 185.16 476.49 228.76 -10 -10 -10 -100    0 -1000 -1000 -10
44 33 pedestrian 0 0 -10 771.46 148.30 845.43 182.69 -10 -10 -10 -100    0 -1000 -1000 -10
44 17 pedestrian 0 0 -10 510.71 179.62 555.53 213.26 -10 -10 -10 -100    0 -1000 -1000 -10
44 16 pedestrian 0 0 -10 993.49 150.04 1242.00 230.22 -10 -10 -10 -100    0 -1000 -1000 -10
44 11 pedestrian 0 0 -10 631.50 174.55 656.80 199.18 -10 -10 -10 -100    0 -1000 -1000 -10
44 9 pedestrian 0 0 -10 697.15 163.89 781.32 192.86 -10 -10 -10 -100    0 -1000 -1000 -10
44 7 pedestrian 0 0 -10 670.83 160.60 711.11 194.74 -10 -10 -10 -100    0 -1000 -1000 -10
44 6 pedestrian 0 0 -10 984.68 189.32 1241.77 375.00 -10 -10 -10 -100    0 -1000 -1000 -10
44 35 pedestrian 0 0 -10 862.14 146.87 941.63 179.53 -10 -10 -10 -100    0 -1000 -1000 -10
44 34 pedestrian 0 0 -10 483.41 177.56 518.73 213.14 -10 -10 -10 -100    0 -1000 -1000 -10
45 29 pedestrian 0 0 -10 273.57 182.36 404.45 269.53 -10 -10 -10 -100    0 -1000 -1000 -10
45 22 pedestrian 0 0 -10 54.58 183.17 320.84 347.30 -10 -10 -10 -100    0 -1000 -1000 -10
45 21 pedestrian 0 0 -10 582.07 171.94 600.29 190.22 -10 -10 -10 -100    0 -1000 -1000 -10
45 32 pedestrian 0 0 -10 403.49 185.61 469.94 233.12 -10 -10 -10 -100    0 -1000 -1000 -10
45 33 pedestrian 0 0 -10 777.40 147.83 858.90 182.90 -10 -10 -10 -100    0 -1000 -1000 -10
45 17 pedestrian 0 0 -10 503.26 180.15 552.04 216.53 -10 -10 -10 -100    0 -1000 -1000 -10
45 16 pedestrian 0 0 -10 1022.08 150.05 1241.24 221.82 -10 -10 -10 -100    0 -1000 -1000 -10
45 11 pedestrian 0 0 -10 630.84 174.61 657.27 200.67 -10 -10 -10 -100    0 -1000 -1000 -10
45 9 pedestrian 0 0 -10 699.55 164.04 784.31 193.55 -10 -10 -10 -100    0 -1000 -1000 -10
45 7 pedestrian 0 0 -10 656.79 161.41 694.61 192.43 -10 -10 -10 -100    0 -1000 -1000 -10
45 6 pedestrian 0 0 -10 1153.61 187.48 1242.00 375.00 -10 -10 -10 -100    0 -1000 -1000 -10
45 35 pedestrian 0 0 -10 868.07 144.88 954.04 179.60 -10 -10 -10 -100    0 -1000 -1000 -10
45 34 pedestrian 0 0 -10 478.99 179.37 515.22 214.92 -10 -10 -10 -100    0 -1000 -1000 -10
46 29 pedestrian 0 0 -10 245.77 184.23 390.84 277.91 -10 -10 -10 -100    0 -1000 -1000 -10
46 31 pedestrian 0 0 -10 606.48 172.52 627.07 191.35 -10 -10 -10 -100    0 -1000 -1000 -10
46 22 pedestrian 0 0 -10 0.00 183.93 293.82 373.79 -10 -10 -10 -100    0 -1000 -1000 -10
46 21 pedestrian 0 0 -10 582.53 171.94 599.91 189.11 -10 -10 -10 -100    0 -1000 -1000 -10
46 32 pedestrian 0 0 -10 395.09 186.62 463.65 234.65 -10 -10 -10 -100    0 -1000 -1000 -10
46 33 pedestrian 0 0 -10 785.17 147.12 872.89 183.81 -10 -10 -10 -100    0 -1000 -1000 -10
46 17 pedestrian 0 0 -10 497.59 180.12 549.78 218.63 -10 -10 -10 -100    0 -1000 -1000 -10
46 16 pedestrian 0 0 -10 1065.41 152.20 1241.30 208.08 -10 -10 -10 -100    0 -1000 -1000 -10
46 11 pedestrian 0 0 -10 629.84 174.84 657.18 201.01 -10 -10 -10 -100    0 -1000 -1000 -10
46 9 pedestrian 0 0 -10 702.97 162.99 788.17 194.13 -10 -10 -10 -100    0 -1000 -1000 -10
46 7 pedestrian 0 0 -10 653.87 161.24 694.39 191.32 -10 -10 -10 -100    0 -1000 -1000 -10
46 35 pedestrian 0 0 -10 874.36 145.07 956.90 178.56 -10 -10 -10 -100    0 -1000 -1000 -10
46 34 pedestrian 0 0 -10 474.86 179.67 509.48 216.87 -10 -10 -10 -100    0 -1000 -1000 -10
47 29 pedestrian 0 0 -10 214.66 186.02 375.81 288.21 -10 -10 -10 -100    0 -1000 -1000 -10
47 31 pedestrian 0 0 -10 607.13 171.56 627.46 190.65 -10 -10 -10 -100    0 -1000 -1000 -10
47 22 pedestrian 0 0 -10 0.48 186.25 261.44 375.00 -10 -10 -10 -100    0 -1000 -1000 -10
47 21 pedestrian 0 0 -10 582.97 171.19 600.26 188.73 -10 -10 -10 -100    0 -1000 -1000 -10
47 32 pedestrian 0 0 -10 384.42 185.98 456.23 237.58 -10 -10 -10 -100    0 -1000 -1000 -10
47 33 pedestrian 0 0 -10 787.86 145.72 877.84 182.49 -10 -10 -10 -100    0 -1000 -1000 -10
47 17 pedestrian 0 0 -10 490.17 180.44 545.28 221.01 -10 -10 -10 -100    0 -1000 -1000 -10
47 16 pedestrian 0 0 -10 1068.70 151.48 1241.69 208.14 -10 -10 -10 -100    0 -1000 -1000 -10
47 11 pedestrian 0 0 -10 628.93 173.96 657.09 200.98 -10 -10 -10 -100    0 -1000 -1000 -10
47 9 pedestrian 0 0 -10 705.29 162.16 791.20 193.05 -10 -10 -10 -100    0 -1000 -1000 -10
47 7 pedestrian 0 0 -10 656.76 161.63 695.77 190.01 -10 -10 -10 -100    0 -1000 -1000 -10
47 35 pedestrian 0 0 -10 879.69 142.63 963.78 177.31 -10 -10 -10 -100    0 -1000 -1000 -10
47 34 pedestrian 0 0 -10 470.17 179.28 503.24 219.16 -10 -10 -10 -100    0 -1000 -1000 -10
48 31 pedestrian 0 0 -10 605.79 171.85 627.93 192.36 -10 -10 -10 -100    0 -1000 -1000 -10
48 22 pedestrian 0 0 -10 0.00 189.85 222.84 375.00 -10 -10 -10 -100    0 -1000 -1000 -10
48 21 pedestrian 0 0 -10 581.80 171.14 600.83 190.71 -10 -10 -10 -100    0 -1000 -1000 -10
48 32 pedestrian 0 0 -10 372.69 189.73 449.12 241.99 -10 -10 -10 -100    0 -1000 -1000 -10
48 33 pedestrian 0 0 -10 787.11 144.78 877.42 182.23 -10 -10 -10 -100    0 -1000 -1000 -10
48 17 pedestrian 0 0 -10 482.22 181.63 541.97 225.85 -10 -10 -10 -100    0 -1000 -1000 -10
48 16 pedestrian 0 0 -10 1115.34 150.63 1241.57 210.05 -10 -10 -10 -100    0 -1000 -1000 -10
48 11 pedestrian 0 0 -10 628.89 175.05 657.54 203.07 -10 -10 -10 -100    0 -1000 -1000 -10
48 9 pedestrian 0 0 -10 706.26 163.11 795.53 194.87 -10 -10 -10 -100    0 -1000 -1000 -10
48 7 pedestrian 0 0 -10 655.49 159.86 695.17 188.53 -10 -10 -10 -100    0 -1000 -1000 -10
48 29 pedestrian 0 0 -10 176.52 188.62 358.63 301.74 -10 -10 -10 -100    0 -1000 -1000 -10
48 36 pedestrian 0 0 -10 699.77 155.69 780.21 194.61 -10 -10 -10 -100    0 -1000 -1000 -10
48 35 pedestrian 0 0 -10 886.38 140.68 970.18 176.39 -10 -10 -10 -100    0 -1000 -1000 -10
48 34 pedestrian 0 0 -10 465.53 180.10 495.86 220.98 -10 -10 -10 -100    0 -1000 -1000 -10
49 31 pedestrian 0 0 -10 605.95 174.83 628.59 195.99 -10 -10 -10 -100    0 -1000 -1000 -10
49 22 pedestrian 0 0 -10 0.05 194.59 173.08 375.00 -10 -10 -10 -100    0 -1000 -1000 -10
49 21 pedestrian 0 0 -10 581.24 173.41 601.47 195.28 -10 -10 -10 -100    0 -1000 -1000 -10
49 32 pedestrian 0 0 -10 359.76 193.69 441.73 250.71 -10 -10 -10 -100    0 -1000 -1000 -10
49 33 pedestrian 0 0 -10 787.56 146.34 877.42 182.46 -10 -10 -10 -100    0 -1000 -1000 -10
49 17 pedestrian 0 0 -10 474.03 185.73 537.51 232.40 -10 -10 -10 -100    0 -1000 -1000 -10
49 16 pedestrian 0 0 -10 1122.00 144.64 1241.64 218.26 -10 -10 -10 -100    0 -1000 -1000 -10
49 11 pedestrian 0 0 -10 629.05 177.37 658.82 206.93 -10 -10 -10 -100    0 -1000 -1000 -10
49 9 pedestrian 0 0 -10 706.96 165.73 800.42 199.29 -10 -10 -10 -100    0 -1000 -1000 -10
49 7 pedestrian 0 0 -10 657.23 160.52 697.82 193.02 -10 -10 -10 -100    0 -1000 -1000 -10
49 29 pedestrian 0 0 -10 131.93 195.73 340.14 322.44 -10 -10 -10 -100    0 -1000 -1000 -10
49 36 pedestrian 0 0 -10 701.63 159.17 786.81 199.23 -10 -10 -10 -100    0 -1000 -1000 -10
49 35 pedestrian 0 0 -10 887.96 142.88 977.76 179.64 -10 -10 -10 -100    0 -1000 -1000 -10
49 34 pedestrian 0 0 -10 461.09 185.42 493.00 224.17 -10 -10 -10 -100    0 -1000 -1000 -10
50 31 pedestrian 0 0 -10 605.90 176.77 628.66 197.54 -10 -10 -10 -100    0 -1000 -1000 -10
50 22 pedestrian 0 0 -10 0.00 205.56 109.35 375.00 -10 -10 -10 -100    0 -1000 -1000 -10
50 21 pedestrian 0 0 -10 579.51 174.62 600.18 196.10 -10 -10 -10 -100    0 -1000 -1000 -10
50 32 pedestrian 0 0 -10 343.76 196.97 433.15 257.38 -10 -10 -10 -100    0 -1000 -1000 -10
50 33 pedestrian 0 0 -10 786.22 146.63 874.53 183.69 -10 -10 -10 -100    0 -1000 -1000 -10
50 17 pedestrian 0 0 -10 464.19 188.84 534.06 238.35 -10 -10 -10 -100    0 -1000 -1000 -10
50 16 pedestrian 0 0 -10 1151.54 157.13 1241.78 217.62 -10 -10 -10 -100    0 -1000 -1000 -10
50 11 pedestrian 0 0 -10 629.03 180.19 659.24 210.47 -10 -10 -10 -100    0 -1000 -1000 -10
50 9 pedestrian 0 0 -10 710.10 168.19 807.07 202.91 -10 -10 -10 -100    0 -1000 -1000 -10
50 8 pedestrian 0 0 -10 528.03 177.36 563.62 220.81 -10 -10 -10 -100    0 -1000 -1000 -10
50 7 pedestrian 0 0 -10 657.75 161.43 700.38 194.08 -10 -10 -10 -100    0 -1000 -1000 -10
50 29 pedestrian 0 0 -10 79.85 199.74 318.71 342.29 -10 -10 -10 -100    0 -1000 -1000 -10
50 36 pedestrian 0 0 -10 704.07 160.10 791.22 201.44 -10 -10 -10 -100    0 -1000 -1000 -10
50 35 pedestrian 0 0 -10 895.50 144.36 988.23 182.53 -10 -10 -10 -100    0 -1000 -1000 -10
51 31 pedestrian 0 0 -10 605.57 175.65 628.82 197.66 -10 -10 -10 -100    0 -1000 -1000 -10
51 21 pedestrian 0 0 -10 578.16 173.85 599.30 195.95 -10 -10 -10 -100    0 -1000 -1000 -10
51 32 pedestrian 0 0 -10 326.72 196.19 423.77 260.33 -10 -10 -10 -100    0 -1000 -1000 -10
51 33 pedestrian 0 0 -10 789.50 144.43 880.45 182.61 -10 -10 -10 -100    0 -1000 -1000 -10
51 17 pedestrian 0 0 -10 455.61 187.77 528.62 241.03 -10 -10 -10 -100    0 -1000 -1000 -10
51 16 pedestrian 0 0 -10 1146.59 157.64 1242.00 211.48 -10 -10 -10 -100    0 -1000 -1000 -10
51 11 pedestrian 0 0 -10 628.83 178.91 660.32 210.82 -10 -10 -10 -100    0 -1000 -1000 -10
51 9 pedestrian 0 0 -10 711.39 166.08 812.92 202.65 -10 -10 -10 -100    0 -1000 -1000 -10
51 8 pedestrian 0 0 -10 526.89 177.09 562.90 220.07 -10 -10 -10 -100    0 -1000 -1000 -10
51 7 pedestrian 0 0 -10 655.71 160.15 702.51 191.78 -10 -10 -10 -100    0 -1000 -1000 -10
51 29 pedestrian 0 0 -10 10.11 199.62 292.43 361.61 -10 -10 -10 -100    0 -1000 -1000 -10
51 36 pedestrian 0 0 -10 706.72 159.02 794.21 200.65 -10 -10 -10 -100    0 -1000 -1000 -10
51 35 pedestrian 0 0 -10 901.29 143.39 997.87 183.08 -10 -10 -10 -100    0 -1000 -1000 -10
52 31 pedestrian 0 0 -10 605.06 173.35 630.38 196.43 -10 -10 -10 -100    0 -1000 -1000 -10
52 21 pedestrian 0 0 -10 578.50 171.10 598.69 193.15 -10 -10 -10 -100    0 -1000 -1000 -10
52 32 pedestrian 0 0 -10 311.72 194.02 413.25 260.28 -10 -10 -10 -100    0 -1000 -1000 -10
52 33 pedestrian 0 0 -10 805.07 144.72 924.17 183.01 -10 -10 -10 -100    0 -1000 -1000 -10
52 17 pedestrian 0 0 -10 443.35 185.74 523.43 243.26 -10 -10 -10 -100    0 -1000 -1000 -10
52 16 pedestrian 0 0 -10 1202.15 156.95 1241.72 216.61 -10 -10 -10 -100    0 -1000 -1000 -10
52 11 pedestrian 0 0 -10 628.84 176.66 661.06 209.12 -10 -10 -10 -100    0 -1000 -1000 -10
52 9 pedestrian 0 0 -10 714.69 164.32 819.08 200.93 -10 -10 -10 -100    0 -1000 -1000 -10
52 8 pedestrian 0 0 -10 519.35 173.36 559.93 221.11 -10 -10 -10 -100    0 -1000 -1000 -10
52 7 pedestrian 0 0 -10 656.63 159.31 701.22 191.40 -10 -10 -10 -100    0 -1000 -1000 -10
52 29 pedestrian 0 0 -10 0.29 196.99 263.87 375.00 -10 -10 -10 -100    0 -1000 -1000 -10
52 36 pedestrian 0 0 -10 710.60 157.86 797.72 199.69 -10 -10 -10 -100    0 -1000 -1000 -10
52 35 pedestrian 0 0 -10 910.86 141.60 1006.99 180.94 -10 -10 -10 -100    0 -1000 -1000 -10
53 21 pedestrian 0 0 -10 578.99 171.20 599.25 192.95 -10 -10 -10 -100    0 -1000 -1000 -10
53 32 pedestrian 0 0 -10 292.99 194.09 405.18 267.17 -10 -10 -10 -100    0 -1000 -1000 -10
53 33 pedestrian 0 0 -10 825.43 144.85 932.85 182.65 -10 -10 -10 -100    0 -1000 -1000 -10
53 31 pedestrian 0 0 -10 604.97 172.86 631.60 196.39 -10 -10 -10 -100    0 -1000 -1000 -10
53 17 pedestrian 0 0 -10 431.62 186.52 517.66 248.02 -10 -10 -10 -100    0 -1000 -1000 -10
53 11 pedestrian 0 0 -10 629.41 176.48 663.37 209.95 -10 -10 -10 -100    0 -1000 -1000 -10
53 9 pedestrian 0 0 -10 718.47 163.13 825.93 202.62 -10 -10 -10 -100    0 -1000 -1000 -10
53 8 pedestrian 0 0 -10 513.99 171.84 557.38 224.53 -10 -10 -10 -100    0 -1000 -1000 -10
53 7 pedestrian 0 0 -10 657.22 159.82 703.91 193.54 -10 -10 -10 -100    0 -1000 -1000 -10
53 29 pedestrian 0 0 -10 0.00 199.49 226.18 375.00 -10 -10 -10 -100    0 -1000 -1000 -10
53 36 pedestrian 0 0 -10 713.74 155.57 804.23 200.33 -10 -10 -10 -100    0 -1000 -1000 -10
53 35 pedestrian 0 0 -10 916.25 140.24 1017.23 180.93 -10 -10 -10 -100    0 -1000 -1000 -10
54 21 pedestrian 0 0 -10 578.63 171.00 598.89 193.32 -10 -10 -10 -100    0 -1000 -1000 -10
54 32 pedestrian 0 0 -10 269.94 195.14 392.77 272.24 -10 -10 -10 -100    0 -1000 -1000 -10
54 33 pedestrian 0 0 -10 840.13 145.71 938.26 182.07 -10 -10 -10 -100    0 -1000 -1000 -10
54 31 pedestrian 0 0 -10 604.66 172.97 632.37 196.93 -10 -10 -10 -100    0 -1000 -1000 -10
54 17 pedestrian 0 0 -10 418.34 188.22 512.63 255.55 -10 -10 -10 -100    0 -1000 -1000 -10
54 11 pedestrian 0 0 -10 629.87 176.91 665.05 211.46 -10 -10 -10 -100    0 -1000 -1000 -10
54 9 pedestrian 0 0 -10 720.74 162.43 833.99 203.56 -10 -10 -10 -100    0 -1000 -1000 -10
54 8 pedestrian 0 0 -10 511.99 171.99 557.53 225.69 -10 -10 -10 -100    0 -1000 -1000 -10
54 7 pedestrian 0 0 -10 664.15 160.91 726.53 201.60 -10 -10 -10 -100    0 -1000 -1000 -10
54 29 pedestrian 0 0 -10 0.02 204.49 181.02 375.00 -10 -10 -10 -100    0 -1000 -1000 -10
54 36 pedestrian 0 0 -10 716.27 153.69 813.78 201.51 -10 -10 -10 -100    0 -1000 -1000 -10
54 35 pedestrian 0 0 -10 926.12 140.11 1029.11 181.68 -10 -10 -10 -100    0 -1000 -1000 -10
55 21 pedestrian 0 0 -10 578.86 171.12 598.78 193.66 -10 -10 -10 -100    0 -1000 -1000 -10
55 32 pedestrian 0 0 -10 243.77 197.80 380.90 280.70 -10 -10 -10 -100    0 -1000 -1000 -10
55 33 pedestrian 0 0 -10 837.87 147.15 937.74 181.74 -10 -10 -10 -100    0 -1000 -1000 -10
55 31 pedestrian 0 0 -10 604.43 172.85 633.28 197.27 -10 -10 -10 -100    0 -1000 -1000 -10
55 17 pedestrian 0 0 -10 401.63 189.88 505.01 263.50 -10 -10 -10 -100    0 -1000 -1000 -10
55 11 pedestrian 0 0 -10 630.85 176.65 667.14 212.80 -10 -10 -10 -100    0 -1000 -1000 -10
55 9 pedestrian 0 0 -10 725.88 162.71 840.97 204.37 -10 -10 -10 -100    0 -1000 -1000 -10
55 8 pedestrian 0 0 -10 511.08 172.28 556.19 225.62 -10 -10 -10 -100    0 -1000 -1000 -10
55 7 pedestrian 0 0 -10 666.27 160.81 729.81 201.68 -10 -10 -10 -100    0 -1000 -1000 -10
55 29 pedestrian 0 0 -10 0.00 211.10 126.91 375.00 -10 -10 -10 -100    0 -1000 -1000 -10
55 36 pedestrian 0 0 -10 719.53 153.80 818.19 202.80 -10 -10 -10 -100    0 -1000 -1000 -10
55 35 pedestrian 0 0 -10 933.15 137.76 1039.68 180.98 -10 -10 -10 -100    0 -1000 -1000 -10
56 21 pedestrian 0 0 -10 579.87 171.06 598.92 193.47 -10 -10 -10 -100    0 -1000 -1000 -10
56 32 pedestrian 0 0 -10 216.45 198.49 365.46 287.71 -10 -10 -10 -100    0 -1000 -1000 -10
56 33 pedestrian 0 0 -10 841.29 146.21 944.77 181.48 -10 -10 -10 -100    0 -1000 -1000 -10
56 31 pedestrian 0 0 -10 604.90 172.37 634.11 197.52 -10 -10 -10 -100    0 -1000 -1000 -10
56 17 pedestrian 0 0 -10 382.93 190.57 500.38 271.12 -10 -10 -10 -100    0 -1000 -1000 -10
56 11 pedestrian 0 0 -10 632.21 175.99 669.57 213.20 -10 -10 -10 -100    0 -1000 -1000 -10
56 9 pedestrian 0 0 -10 729.16 162.22 851.15 205.25 -10 -10 -10 -100    0 -1000 -1000 -10
56 8 pedestrian 0 0 -10 511.18 171.78 556.67 226.13 -10 -10 -10 -100    0 -1000 -1000 -10
56 7 pedestrian 0 0 -10 666.28 161.26 733.19 200.80 -10 -10 -10 -100    0 -1000 -1000 -10
56 36 pedestrian 0 0 -10 724.19 151.85 827.78 203.15 -10 -10 -10 -100    0 -1000 -1000 -10
56 35 pedestrian 0 0 -10 944.45 136.57 1054.17 180.19 -10 -10 -10 -100    0 -1000 -1000 -10
57 21 pedestrian 0 0 -10 579.52 170.49 599.13 194.12 -10 -10 -10 -100    0 -1000 -1000 -10
57 32 pedestrian 0 0 -10 186.23 198.68 351.48 295.38 -10 -10 -10 -100    0 -1000 -1000 -10
57 33 pedestrian 0 0 -10 854.45 145.90 961.54 181.46 -10 -10 -10 -100    0 -1000 -1000 -10
57 31 pedestrian 0 0 -10 605.57 171.86 635.39 197.30 -10 -10 -10 -100    0 -1000 -1000 -10
57 17 pedestrian 0 0 -10 364.08 191.85 491.71 280.00 -10 -10 -10 -100    0 -1000 -1000 -10
57 11 pedestrian 0 0 -10 633.47 175.84 673.89 213.69 -10 -10 -10 -100    0 -1000 -1000 -10
57 37 pedestrian 0 0 -10 456.39 187.31 518.67 238.76 -10 -10 -10 -100    0 -1000 -1000 -10
57 9 pedestrian 0 0 -10 737.36 160.67 863.47 204.90 -10 -10 -10 -100    0 -1000 -1000 -10
57 8 pedestrian 0 0 -10 510.51 170.83 557.42 225.56 -10 -10 -10 -100    0 -1000 -1000 -10
57 7 pedestrian 0 0 -10 666.48 160.07 735.85 200.75 -10 -10 -10 -100    0 -1000 -1000 -10
57 36 pedestrian 0 0 -10 727.43 150.42 839.27 202.79 -10 -10 -10 -100    0 -1000 -1000 -10
57 35 pedestrian 0 0 -10 956.29 134.47 1067.32 179.10 -10 -10 -10 -100    0 -1000 -1000 -10
58 21 pedestrian 0 0 -10 582.23 169.98 601.29 193.64 -10 -10 -10 -100    0 -1000 -1000 -10
58 32 pedestrian 0 0 -10 146.83 199.93 333.43 305.57 -10 -10 -10 -100    0 -1000 -1000 -10
58 33 pedestrian 0 0 -10 874.94 146.84 976.00 182.48 -10 -10 -10 -100    0 -1000 -1000 -10
58 31 pedestrian 0 0 -10 606.90 171.99 637.10 197.94 -10 -10 -10 -100    0 -1000 -1000 -10
58 17 pedestrian 0 0 -10 339.20 192.41 483.56 290.20 -10 -10 -10 -100    0 -1000 -1000 -10
58 11 pedestrian 0 0 -10 635.89 175.72 676.89 215.23 -10 -10 -10 -100    0 -1000 -1000 -10
58 37 pedestrian 0 0 -10 445.09 187.62 513.85 244.61 -10 -10 -10 -100    0 -1000 -1000 -10
58 9 pedestrian 0 0 -10 742.91 161.32 874.29 207.31 -10 -10 -10 -100    0 -1000 -1000 -10
58 8 pedestrian 0 0 -10 510.59 170.78 557.68 224.85 -10 -10 -10 -100    0 -1000 -1000 -10
58 7 pedestrian 0 0 -10 667.29 160.26 739.41 200.77 -10 -10 -10 -100    0 -1000 -1000 -10
58 36 pedestrian 0 0 -10 730.02 150.44 841.23 204.58 -10 -10 -10 -100    0 -1000 -1000 -10
58 35 pedestrian 0 0 -10 967.02 133.33 1085.39 179.13 -10 -10 -10 -100    0 -1000 -1000 -10
59 21 pedestrian 0 0 -10 581.48 170.72 600.23 193.98 -10 -10 -10 -100    0 -1000 -1000 -10
59 32 pedestrian 0 0 -10 99.14 203.46 313.00 321.04 -10 -10 -10 -100    0 -1000 -1000 -10
59 33 pedestrian 0 0 -10 877.72 147.66 986.42 183.40 -10 -10 -10 -100    0 -1000 -1000 -10
59 31 pedestrian 0 0 -10 606.72 173.11 639.28 199.08 -10 -10 -10 -100    0 -1000 -1000 -10
59 17 pedestrian 0 0 -10 308.25 193.39 472.96 304.24 -10 -10 -10 -100    0 -1000 -1000 -10
59 11 pedestrian 0 0 -10 638.07 176.75 679.72 216.71 -10 -10 -10 -100    0 -1000 -1000 -10
59 37 pedestrian 0 0 -10 432.27 190.46 508.84 251.16 -10 -10 -10 -100    0 -1000 -1000 -10
59 9 pedestrian 0 0 -10 749.41 161.80 887.73 210.21 -10 -10 -10 -100    0 -1000 -1000 -10
59 8 pedestrian 0 0 -10 508.91 172.46 560.84 221.26 -10 -10 -10 -100    0 -1000 -1000 -10
59 7 pedestrian 0 0 -10 668.86 159.73 747.51 204.67 -10 -10 -10 -100    0 -1000 -1000 -10
59 36 pedestrian 0 0 -10 737.90 148.67 855.49 205.98 -10 -10 -10 -100    0 -1000 -1000 -10
59 35 pedestrian 0 0 -10 979.07 131.86 1099.48 179.63 -10 -10 -10 -100    0 -1000 -1000 -10
60 21 pedestrian 0 0 -10 581.40 171.17 600.75 192.31 -10 -10 -10 -100    0 -1000 -1000 -10
60 32 pedestrian 0 0 -10 42.64 208.57 291.49 343.35 -10 -10 -10 -100    0 -1000 -1000 -10
60 33 pedestrian 0 0 -10 870.72 148.39 981.25 182.97 -10 -10 -10 -100    0 -1000 -1000 -10
60 31 pedestrian 0 0 -10 607.29 172.99 642.96 198.51 -10 -10 -10 -100    0 -1000 -1000 -10
60 17 pedestrian 0 0 -10 268.63 194.22 461.15 321.47 -10 -10 -10 -100    0 -1000 -1000 -10
60 11 pedestrian 0 0 -10 640.32 175.93 682.79 217.47 -10 -10 -10 -100    0 -1000 -1000 -10
60 37 pedestrian 0 0 -10 416.69 190.30 502.73 256.61 -10 -10 -10 -100    0 -1000 -1000 -10
60 9 pedestrian 0 0 -10 758.29 161.53 901.12 210.47 -10 -10 -10 -100    0 -1000 -1000 -10
60 8 pedestrian 0 0 -10 497.68 175.18 562.86 215.27 -10 -10 -10 -100    0 -1000 -1000 -10
60 7 pedestrian 0 0 -10 673.24 157.76 759.54 207.08 -10 -10 -10 -100    0 -1000 -1000 -10
60 36 pedestrian 0 0 -10 748.75 149.37 869.29 206.92 -10 -10 -10 -100    0 -1000 -1000 -10
60 35 pedestrian 0 0 -10 992.57 129.82 1122.17 179.47 -10 -10 -10 -100    0 -1000 -1000 -10
61 21 pedestrian 0 0 -10 582.33 170.64 602.67 191.24 -10 -10 -10 -100    0 -1000 -1000 -10
61 32 pedestrian 0 0 -10 1.03 209.27 264.60 361.27 -10 -10 -10 -100    0 -1000 -1000 -10
61 33 pedestrian 0 0 -10 878.37 146.64 995.73 182.87 -10 -10 -10 -100    0 -1000 -1000 -10
61 31 pedestrian 0 0 -10 608.84 172.85 644.13 197.71 -10 -10 -10 -100    0 -1000 -1000 -10
61 17 pedestrian 0 0 -10 217.84 195.87 446.27 345.14 -10 -10 -10 -100    0 -1000 -1000 -10
61 11 pedestrian 0 0 -10 642.57 175.09 686.73 217.48 -10 -10 -10 -100    0 -1000 -1000 -10
61 37 pedestrian 0 0 -10 397.25 188.02 495.29 260.34 -10 -10 -10 -100    0 -1000 -1000 -10
61 9 pedestrian 0 0 -10 763.09 161.03 914.31 213.76 -10 -10 -10 -100    0 -1000 -1000 -10
61 8 pedestrian 0 0 -10 493.85 174.45 563.18 214.25 -10 -10 -10 -100    0 -1000 -1000 -10
61 7 pedestrian 0 0 -10 673.23 157.12 763.76 207.29 -10 -10 -10 -100    0 -1000 -1000 -10
61 36 pedestrian 0 0 -10 750.40 148.43 872.30 207.67 -10 -10 -10 -100    0 -1000 -1000 -10
61 35 pedestrian 0 0 -10 1004.96 128.24 1137.66 179.88 -10 -10 -10 -100    0 -1000 -1000 -10
62 33 pedestrian 0 0 -10 894.09 143.89 1029.03 185.39 -10 -10 -10 -100    0 -1000 -1000 -10
62 31 pedestrian 0 0 -10 609.41 172.71 646.95 198.62 -10 -10 -10 -100    0 -1000 -1000 -10
62 17 pedestrian 0 0 -10 146.31 199.58 429.19 375.00 -10 -10 -10 -100    0 -1000 -1000 -10
62 32 pedestrian 0 0 -10 0.00 208.28 230.98 375.00 -10 -10 -10 -100    0 -1000 -1000 -10
62 21 pedestrian 0 0 -10 584.81 169.40 605.25 191.60 -10 -10 -10 -100    0 -1000 -1000 -10
62 11 pedestrian 0 0 -10 644.15 175.55 691.25 220.00 -10 -10 -10 -100    0 -1000 -1000 -10
62 37 pedestrian 0 0 -10 377.17 188.47 486.58 267.86 -10 -10 -10 -100    0 -1000 -1000 -10
62 9 pedestrian 0 0 -10 772.98 162.14 934.63 216.77 -10 -10 -10 -100    0 -1000 -1000 -10
62 8 pedestrian 0 0 -10 492.35 174.02 563.76 215.84 -10 -10 -10 -100    0 -1000 -1000 -10
62 7 pedestrian 0 0 -10 674.33 156.98 765.60 207.10 -10 -10 -10 -100    0 -1000 -1000 -10
62 36 pedestrian 0 0 -10 760.67 146.84 889.21 211.27 -10 -10 -10 -100    0 -1000 -1000 -10
62 35 pedestrian 0 0 -10 1023.81 129.29 1163.34 182.45 -10 -10 -10 -100    0 -1000 -1000 -10
63 33 pedestrian 0 0 -10 925.04 138.25 1051.26 191.68 -10 -10 -10 -100    0 -1000 -1000 -10
63 31 pedestrian 0 0 -10 610.58 171.99 647.58 199.40 -10 -10 -10 -100    0 -1000 -1000 -10
63 17 pedestrian 0 0 -10 48.80 204.70 405.49 375.00 -10 -10 -10 -100    0 -1000 -1000 -10
63 32 pedestrian 0 0 -10 0.00 213.82 179.37 375.00 -10 -10 -10 -100    0 -1000 -1000 -10
63 21 pedestrian 0 0 -10 586.72 167.85 609.93 192.73 -10 -10 -10 -100    0 -1000 -1000 -10
63 11 pedestrian 0 0 -10 646.64 176.06 697.37 222.76 -10 -10 -10 -100    0 -1000 -1000 -10
63 37 pedestrian 0 0 -10 356.38 189.37 477.40 278.60 -10 -10 -10 -100    0 -1000 -1000 -10
63 9 pedestrian 0 0 -10 780.91 162.66 952.17 220.53 -10 -10 -10 -100    0 -1000 -1000 -10
63 8 pedestrian 0 0 -10 495.46 173.68 563.77 215.36 -10 -10 -10 -100    0 -1000 -1000 -10
63 7 pedestrian 0 0 -10 672.77 158.14 761.60 207.40 -10 -10 -10 -100    0 -1000 -1000 -10
63 36 pedestrian 0 0 -10 766.36 148.12 906.78 215.20 -10 -10 -10 -100    0 -1000 -1000 -10
63 35 pedestrian 0 0 -10 1039.88 129.75 1186.60 186.03 -10 -10 -10 -100    0 -1000 -1000 -10
64 33 pedestrian 0 0 -10 925.93 135.77 1058.02 192.84 -10 -10 -10 -100    0 -1000 -1000 -10
64 31 pedestrian 0 0 -10 611.81 172.50 647.39 201.08 -10 -10 -10 -100    0 -1000 -1000 -10
64 17 pedestrian 0 0 -10 0.00 210.48 376.29 375.00 -10 -10 -10 -100    0 -1000 -1000 -10
64 32 pedestrian 0 0 -10 0.00 216.81 134.78 375.00 -10 -10 -10 -100    0 -1000 -1000 -10
64 21 pedestrian 0 0 -10 588.75 169.18 609.95 194.82 -10 -10 -10 -100    0 -1000 -1000 -10
64 11 pedestrian 0 0 -10 650.10 177.57 703.57 226.62 -10 -10 -10 -100    0 -1000 -1000 -10
64 37 pedestrian 0 0 -10 329.77 190.70 467.19 292.88 -10 -10 -10 -100    0 -1000 -1000 -10
64 9 pedestrian 0 0 -10 795.90 163.16 973.83 224.00 -10 -10 -10 -100    0 -1000 -1000 -10
64 8 pedestrian 0 0 -10 509.93 171.95 562.82 209.43 -10 -10 -10 -100    0 -1000 -1000 -10
64 7 pedestrian 0 0 -10 674.31 157.61 758.38 207.96 -10 -10 -10 -100    0 -1000 -1000 -10
64 36 pedestrian 0 0 -10 776.93 148.01 922.87 218.68 -10 -10 -10 -100    0 -1000 -1000 -10
64 35 pedestrian 0 0 -10 1057.14 130.26 1210.28 187.72 -10 -10 -10 -100    0 -1000 -1000 -10
65 33 pedestrian 0 0 -10 940.94 142.81 1054.36 187.93 -10 -10 -10 -100    0 -1000 -1000 -10
65 31 pedestrian 0 0 -10 612.53 171.48 646.64 201.31 -10 -10 -10 -100    0 -1000 -1000 -10
65 17 pedestrian 0 0 -10 0.00 219.02 339.69 375.00 -10 -10 -10 -100    0 -1000 -1000 -10
65 32 pedestrian 0 0 -10 0.00 228.06 66.88 375.00 -10 -10 -10 -100    0 -1000 -1000 -10
65 21 pedestrian 0 0 -10 590.23 168.80 611.32 195.50 -10 -10 -10 -100    0 -1000 -1000 -10
65 11 pedestrian 0 0 -10 653.47 178.46 709.22 229.36 -10 -10 -10 -100    0 -1000 -1000 -10
65 37 pedestrian 0 0 -10 293.99 196.07 453.47 312.02 -10 -10 -10 -100    0 -1000 -1000 -10
65 9 pedestrian 0 0 -10 809.33 163.78 995.92 227.94 -10 -10 -10 -100    0 -1000 -1000 -10
65 8 pedestrian 0 0 -10 510.79 171.30 564.77 209.18 -10 -10 -10 -100    0 -1000 -1000 -10
65 7 pedestrian 0 0 -10 685.24 162.01 743.81 198.54 -10 -10 -10 -100    0 -1000 -1000 -10
65 36 pedestrian 0 0 -10 784.94 147.04 939.36 221.53 -10 -10 -10 -100    0 -1000 -1000 -10
65 35 pedestrian 0 0 -10 1076.42 129.46 1234.32 188.42 -10 -10 -10 -100    0 -1000 -1000 -10
66 33 pedestrian 0 0 -10 985.92 132.94 1116.06 195.57 -10 -10 -10 -100    0 -1000 -1000 -10
66 31 pedestrian 0 0 -10 610.76 171.59 645.99 201.49 -10 -10 -10 -100    0 -1000 -1000 -10
66 17 pedestrian 0 0 -10 0.16 228.47 282.56 375.00 -10 -10 -10 -100    0 -1000 -1000 -10
66 21 pedestrian 0 0 -10 590.77 169.88 611.66 196.21 -10 -10 -10 -100    0 -1000 -1000 -10
66 11 pedestrian 0 0 -10 655.11 178.75 715.61 234.24 -10 -10 -10 -100    0 -1000 -1000 -10
66 37 pedestrian 0 0 -10 245.14 199.40 438.17 336.11 -10 -10 -10 -100    0 -1000 -1000 -10
66 9 pedestrian 0 0 -10 821.40 166.02 1023.58 233.60 -10 -10 -10 -100    0 -1000 -1000 -10
66 8 pedestrian 0 0 -10 510.43 173.49 566.07 211.40 -10 -10 -10 -100    0 -1000 -1000 -10
66 7 pedestrian 0 0 -10 689.30 162.19 748.85 198.95 -10 -10 -10 -100    0 -1000 -1000 -10
66 36 pedestrian 0 0 -10 795.28 146.84 958.69 223.42 -10 -10 -10 -100    0 -1000 -1000 -10
66 35 pedestrian 0 0 -10 1095.44 130.89 1242.00 191.62 -10 -10 -10 -100    0 -1000 -1000 -10
67 38 pedestrian 0 0 -10 474.03 185.14 513.76 219.26 -10 -10 -10 -100    0 -1000 -1000 -10
67 33 pedestrian 0 0 -10 993.58 130.31 1125.84 197.09 -10 -10 -10 -100    0 -1000 -1000 -10
67 31 pedestrian 0 0 -10 612.62 172.17 647.89 202.53 -10 -10 -10 -100    0 -1000 -1000 -10
67 17 pedestrian 0 0 -10 0.00 251.01 197.35 375.00 -10 -10 -10 -100    0 -1000 -1000 -10
67 21 pedestrian 0 0 -10 592.55 171.04 612.46 196.47 -10 -10 -10 -100    0 -1000 -1000 -10
67 11 pedestrian 0 0 -10 657.29 179.85 721.28 237.68 -10 -10 -10 -100    0 -1000 -1000 -10
67 37 pedestrian 0 0 -10 183.26 202.31 417.76 364.33 -10 -10 -10 -100    0 -1000 -1000 -10
67 9 pedestrian 0 0 -10 836.40 166.07 1053.75 239.26 -10 -10 -10 -100    0 -1000 -1000 -10
67 8 pedestrian 0 0 -10 507.94 175.05 568.02 213.76 -10 -10 -10 -100    0 -1000 -1000 -10
67 7 pedestrian 0 0 -10 689.76 162.13 754.87 201.54 -10 -10 -10 -100    0 -1000 -1000 -10
67 36 pedestrian 0 0 -10 806.82 145.98 981.74 227.53 -10 -10 -10 -100    0 -1000 -1000 -10
67 35 pedestrian 0 0 -10 1118.01 129.21 1241.72 195.46 -10 -10 -10 -100    0 -1000 -1000 -10
67 34 pedestrian 0 0 -10 420.99 183.72 480.40 235.66 -10 -10 -10 -100    0 -1000 -1000 -10
68 41 pedestrian 0 0 -10 387.56 208.59 446.07 245.71 -10 -10 -10 -100    0 -1000 -1000 -10
68 40 pedestrian 0 0 -10 764.28 160.89 902.33 217.94 -10 -10 -10 -100    0 -1000 -1000 -10
68 39 pedestrian 0 0 -10 277.84 196.00 400.36 279.49 -10 -10 -10 -100    0 -1000 -1000 -10
68 38 pedestrian 0 0 -10 470.82 184.92 513.30 219.86 -10 -10 -10 -100    0 -1000 -1000 -10
68 33 pedestrian 0 0 -10 1002.02 150.50 1125.41 190.83 -10 -10 -10 -100    0 -1000 -1000 -10
68 31 pedestrian 0 0 -10 613.13 171.92 648.57 202.14 -10 -10 -10 -100    0 -1000 -1000 -10
68 21 pedestrian 0 0 -10 594.88 170.74 614.66 196.61 -10 -10 -10 -100    0 -1000 -1000 -10
68 11 pedestrian 0 0 -10 661.41 180.07 728.83 240.34 -10 -10 -10 -100    0 -1000 -1000 -10
68 37 pedestrian 0 0 -10 96.31 206.17 391.51 375.00 -10 -10 -10 -100    0 -1000 -1000 -10
68 9 pedestrian 0 0 -10 849.35 164.46 1087.85 243.29 -10 -10 -10 -100    0 -1000 -1000 -10
68 8 pedestrian 0 0 -10 506.89 176.49 569.93 214.62 -10 -10 -10 -100    0 -1000 -1000 -10
68 7 pedestrian 0 0 -10 690.40 161.88 758.12 201.60 -10 -10 -10 -100    0 -1000 -1000 -10
68 36 pedestrian 0 0 -10 817.37 144.49 1004.50 230.46 -10 -10 -10 -100    0 -1000 -1000 -10
68 35 pedestrian 0 0 -10 1141.40 126.75 1241.75 195.37 -10 -10 -10 -100    0 -1000 -1000 -10
68 34 pedestrian 0 0 -10 414.62 183.77 478.65 238.21 -10 -10 -10 -100    0 -1000 -1000 -10
69 41 pedestrian 0 0 -10 375.62 209.75 439.79 248.87 -10 -10 -10 -100    0 -1000 -1000 -10
69 40 pedestrian 0 0 -10 773.53 159.60 917.52 218.63 -10 -10 -10 -100    0 -1000 -1000 -10
69 39 pedestrian 0 0 -10 252.37 196.43 389.19 288.33 -10 -10 -10 -100    0 -1000 -1000 -10
69 38 pedestrian 0 0 -10 467.55 183.41 512.32 219.47 -10 -10 -10 -100    0 -1000 -1000 -10
69 33 pedestrian 0 0 -10 1021.41 148.79 1141.78 188.36 -10 -10 -10 -100    0 -1000 -1000 -10
69 31 pedestrian 0 0 -10 617.95 172.91 653.49 201.35 -10 -10 -10 -100    0 -1000 -1000 -10
69 11 pedestrian 0 0 -10 664.80 179.35 736.15 242.55 -10 -10 -10 -100    0 -1000 -1000 -10
69 37 pedestrian 0 0 -10 2.07 210.67 355.56 375.00 -10 -10 -10 -100    0 -1000 -1000 -10
69 9 pedestrian 0 0 -10 864.77 162.64 1126.72 247.29 -10 -10 -10 -100    0 -1000 -1000 -10
69 8 pedestrian 0 0 -10 506.77 176.00 570.42 214.10 -10 -10 -10 -100    0 -1000 -1000 -10
69 7 pedestrian 0 0 -10 693.30 163.02 761.68 200.53 -10 -10 -10 -100    0 -1000 -1000 -10
69 36 pedestrian 0 0 -10 829.59 140.80 1032.44 232.92 -10 -10 -10 -100    0 -1000 -1000 -10
69 35 pedestrian 0 0 -10 1167.20 124.49 1242.00 195.08 -10 -10 -10 -100    0 -1000 -1000 -10
69 34 pedestrian 0 0 -10 407.79 183.45 474.48 240.42 -10 -10 -10 -100    0 -1000 -1000 -10
70 41 pedestrian 0 0 -10 364.48 210.61 432.33 251.75 -10 -10 -10 -100    0 -1000 -1000 -10
70 40 pedestrian 0 0 -10 783.89 157.88 935.77 219.55 -10 -10 -10 -100    0 -1000 -1000 -10
70 39 pedestrian 0 0 -10 223.51 197.82 376.28 295.27 -10 -10 -10 -100    0 -1000 -1000 -10
70 38 pedestrian 0 0 -10 464.21 183.64 510.84 220.87 -10 -10 -10 -100    0 -1000 -1000 -10
70 33 pedestrian 0 0 -10 1041.60 145.86 1172.08 187.50 -10 -10 -10 -100    0 -1000 -1000 -10
70 31 pedestrian 0 0 -10 621.87 173.40 660.01 200.30 -10 -10 -10 -100    0 -1000 -1000 -10
70 11 pedestrian 0 0 -10 669.56 179.19 745.79 246.37 -10 -10 -10 -100    0 -1000 -1000 -10
70 37 pedestrian 0 0 -10 0.20 222.67 306.93 375.00 -10 -10 -10 -100    0 -1000 -1000 -10
70 9 pedestrian 0 0 -10 887.92 160.34 1174.28 252.88 -10 -10 -10 -100    0 -1000 -1000 -10
70 8 pedestrian 0 0 -10 505.90 176.61 570.29 213.90 -10 -10 -10 -100    0 -1000 -1000 -10
70 7 pedestrian 0 0 -10 695.52 162.56 767.62 197.64 -10 -10 -10 -100    0 -1000 -1000 -10
70 36 pedestrian 0 0 -10 843.82 136.75 1061.07 235.62 -10 -10 -10 -100    0 -1000 -1000 -10
70 35 pedestrian 0 0 -10 1194.08 123.03 1241.91 195.79 -10 -10 -10 -100    0 -1000 -1000 -10
70 34 pedestrian 0 0 -10 398.38 183.85 471.28 243.16 -10 -10 -10 -100    0 -1000 -1000 -10
71 41 pedestrian 0 0 -10 351.64 211.94 423.39 255.09 -10 -10 -10 -100    0 -1000 -1000 -10
71 40 pedestrian 0 0 -10 793.85 157.47 952.78 222.31 -10 -10 -10 -100    0 -1000 -1000 -10
71 39 pedestrian 0 0 -10 189.82 199.56 359.26 307.24 -10 -10 -10 -100    0 -1000 -1000 -10
71 38 pedestrian 0 0 -10 461.50 183.03 510.07 221.59 -10 -10 -10 -100    0 -1000 -1000 -10
71 33 pedestrian 0 0 -10 1061.52 142.78 1199.07 184.77 -10 -10 -10 -100    0 -1000 -1000 -10
71 31 pedestrian 0 0 -10 624.37 173.55 665.70 200.99 -10 -10 -10 -100    0 -1000 -1000 -10
71 11 pedestrian 0 0 -10 674.02 178.84 754.08 249.72 -10 -10 -10 -100    0 -1000 -1000 -10
71 37 pedestrian 0 0 -10 0.00 237.39 242.34 375.00 -10 -10 -10 -100    0 -1000 -1000 -10
71 9 pedestrian 0 0 -10 913.40 158.87 1225.31 261.71 -10 -10 -10 -100    0 -1000 -1000 -10
71 8 pedestrian 0 0 -10 506.99 176.32 572.11 214.00 -10 -10 -10 -100    0 -1000 -1000 -10
71 7 pedestrian 0 0 -10 698.36 162.90 771.04 195.96 -10 -10 -10 -100    0 -1000 -1000 -10
71 36 pedestrian 0 0 -10 859.78 134.51 1096.84 239.49 -10 -10 -10 -100    0 -1000 -1000 -10
71 34 pedestrian 0 0 -10 388.40 184.41 467.34 244.95 -10 -10 -10 -100    0 -1000 -1000 -10
72 41 pedestrian 0 0 -10 339.69 213.59 416.74 259.93 -10 -10 -10 -100    0 -1000 -1000 -10
72 40 pedestrian 0 0 -10 804.82 156.66 974.38 224.41 -10 -10 -10 -100    0 -1000 -1000 -10
72 39 pedestrian 0 0 -10 149.89 202.29 341.70 321.19 -10 -10 -10 -100    0 -1000 -1000 -10
72 38 pedestrian 0 0 -10 458.18 182.69 509.13 222.83 -10 -10 -10 -100    0 -1000 -1000 -10
72 31 pedestrian 0 0 -10 626.25 173.61 668.45 201.03 -10 -10 -10 -100    0 -1000 -1000 -10
72 21 pedestrian 0 0 -10 599.93 171.70 622.56 193.27 -10 -10 -10 -100    0 -1000 -1000 -10
72 11 pedestrian 0 0 -10 678.47 179.05 764.80 253.43 -10 -10 -10 -100    0 -1000 -1000 -10
72 37 pedestrian 0 0 -10 0.58 199.39 115.84 375.00 -10 -10 -10 -100    0 -1000 -1000 -10
72 9 pedestrian 0 0 -10 939.97 157.11 1242.00 270.11 -10 -10 -10 -100    0 -1000 -1000 -10
72 8 pedestrian 0 0 -10 506.59 175.44 574.35 215.20 -10 -10 -10 -100    0 -1000 -1000 -10
72 7 pedestrian 0 0 -10 698.04 161.76 773.98 195.49 -10 -10 -10 -100    0 -1000 -1000 -10
72 42 pedestrian 0 0 -10 1136.96 138.94 1242.00 194.29 -10 -10 -10 -100    0 -1000 -1000 -10
72 36 pedestrian 0 0 -10 882.59 130.12 1138.26 244.61 -10 -10 -10 -100    0 -1000 -1000 -10
72 34 pedestrian 0 0 -10 379.56 183.74 460.40 248.04 -10 -10 -10 -100    0 -1000 -1000 -10
73 41 pedestrian 0 0 -10 322.86 216.27 406.75 265.58 -10 -10 -10 -100    0 -1000 -1000 -10
73 40 pedestrian 0 0 -10 817.22 155.44 998.59 226.88 -10 -10 -10 -100    0 -1000 -1000 -10
73 39 pedestrian 0 0 -10 97.40 205.19 320.16 339.54 -10 -10 -10 -100    0 -1000 -1000 -10
73 38 pedestrian 0 0 -10 454.16 182.38 504.20 223.29 -10 -10 -10 -100    0 -1000 -1000 -10
73 31 pedestrian 0 0 -10 624.91 173.80 668.89 201.26 -10 -10 -10 -100    0 -1000 -1000 -10
73 21 pedestrian 0 0 -10 601.44 171.33 623.69 193.18 -10 -10 -10 -100    0 -1000 -1000 -10
73 11 pedestrian 0 0 -10 682.09 178.28 778.75 258.06 -10 -10 -10 -100    0 -1000 -1000 -10
73 9 pedestrian 0 0 -10 973.29 155.45 1241.73 279.27 -10 -10 -10 -100    0 -1000 -1000 -10
73 8 pedestrian 0 0 -10 502.56 173.73 576.46 216.48 -10 -10 -10 -100    0 -1000 -1000 -10
73 7 pedestrian 0 0 -10 698.27 157.58 781.51 194.62 -10 -10 -10 -100    0 -1000 -1000 -10
73 42 pedestrian 0 0 -10 1155.47 133.28 1242.00 192.75 -10 -10 -10 -100    0 -1000 -1000 -10
73 36 pedestrian 0 0 -10 904.34 123.93 1188.50 249.68 -10 -10 -10 -100    0 -1000 -1000 -10
73 34 pedestrian 0 0 -10 368.19 183.09 454.89 250.49 -10 -10 -10 -100    0 -1000 -1000 -10
74 40 pedestrian 0 0 -10 831.37 150.69 1025.38 227.54 -10 -10 -10 -100    0 -1000 -1000 -10
74 39 pedestrian 0 0 -10 34.27 206.87 293.71 360.83 -10 -10 -10 -100    0 -1000 -1000 -10
74 38 pedestrian 0 0 -10 449.62 180.57 503.51 223.52 -10 -10 -10 -100    0 -1000 -1000 -10
74 31 pedestrian 0 0 -10 625.07 172.39 666.62 199.96 -10 -10 -10 -100    0 -1000 -1000 -10
74 21 pedestrian 0 0 -10 602.94 168.42 624.42 190.26 -10 -10 -10 -100    0 -1000 -1000 -10
74 41 pedestrian 0 0 -10 305.59 218.08 396.31 271.79 -10 -10 -10 -100    0 -1000 -1000 -10
74 11 pedestrian 0 0 -10 687.59 177.02 793.38 263.13 -10 -10 -10 -100    0 -1000 -1000 -10
74 9 pedestrian 0 0 -10 1011.44 151.56 1241.88 291.85 -10 -10 -10 -100    0 -1000 -1000 -10
74 8 pedestrian 0 0 -10 502.10 171.27 577.65 215.83 -10 -10 -10 -100    0 -1000 -1000 -10
74 7 pedestrian 0 0 -10 699.23 155.83 788.08 193.06 -10 -10 -10 -100    0 -1000 -1000 -10
74 36 pedestrian 0 0 -10 930.91 116.70 1240.51 254.94 -10 -10 -10 -100    0 -1000 -1000 -10
74 34 pedestrian 0 0 -10 353.03 182.45 448.51 254.03 -10 -10 -10 -100    0 -1000 -1000 -10
75 40 pedestrian 0 0 -10 845.79 144.94 1053.83 228.62 -10 -10 -10 -100    0 -1000 -1000 -10
75 39 pedestrian 0 0 -10 0.26 209.31 263.67 375.00 -10 -10 -10 -100    0 -1000 -1000 -10
75 38 pedestrian 0 0 -10 444.53 180.05 500.40 224.33 -10 -10 -10 -100    0 -1000 -1000 -10
75 31 pedestrian 0 0 -10 624.74 171.51 667.35 200.13 -10 -10 -10 -100    0 -1000 -1000 -10
75 21 pedestrian 0 0 -10 603.56 167.68 623.69 188.58 -10 -10 -10 -100    0 -1000 -1000 -10
75 41 pedestrian 0 0 -10 283.06 221.69 385.68 279.93 -10 -10 -10 -100    0 -1000 -1000 -10
75 11 pedestrian 0 0 -10 694.09 174.79 809.71 270.16 -10 -10 -10 -100    0 -1000 -1000 -10
75 9 pedestrian 0 0 -10 1067.91 148.20 1242.00 308.96 -10 -10 -10 -100    0 -1000 -1000 -10
75 8 pedestrian 0 0 -10 499.80 169.69 577.67 215.97 -10 -10 -10 -100    0 -1000 -1000 -10
75 7 pedestrian 0 0 -10 702.55 154.68 793.69 191.40 -10 -10 -10 -100    0 -1000 -1000 -10
75 36 pedestrian 0 0 -10 963.09 110.91 1242.00 261.10 -10 -10 -10 -100    0 -1000 -1000 -10
75 34 pedestrian 0 0 -10 338.42 181.94 440.75 258.11 -10 -10 -10 -100    0 -1000 -1000 -10
76 40 pedestrian 0 0 -10 864.12 141.81 1090.61 230.64 -10 -10 -10 -100    0 -1000 -1000 -10
76 39 pedestrian 0 0 -10 0.00 211.73 223.39 375.00 -10 -10 -10 -100    0 -1000 -1000 -10
76 38 pedestrian 0 0 -10 438.93 180.34 497.43 226.29 -10 -10 -10 -100    0 -1000 -1000 -10
76 31 pedestrian 0 0 -10 627.20 171.63 666.91 199.33 -10 -10 -10 -100    0 -1000 -1000 -10
76 21 pedestrian 0 0 -10 605.40 167.60 626.83 188.17 -10 -10 -10 -100    0 -1000 -1000 -10
76 41 pedestrian 0 0 -10 256.13 224.74 371.85 288.41 -10 -10 -10 -100    0 -1000 -1000 -10
76 11 pedestrian 0 0 -10 701.80 175.21 830.76 278.23 -10 -10 -10 -100    0 -1000 -1000 -10
76 9 pedestrian 0 0 -10 1131.42 134.95 1242.00 325.50 -10 -10 -10 -100    0 -1000 -1000 -10
76 8 pedestrian 0 0 -10 499.54 170.05 577.52 216.92 -10 -10 -10 -100    0 -1000 -1000 -10
76 7 pedestrian 0 0 -10 711.05 153.55 806.80 190.31 -10 -10 -10 -100    0 -1000 -1000 -10
76 36 pedestrian 0 0 -10 998.55 104.34 1242.00 271.63 -10 -10 -10 -100    0 -1000 -1000 -10
76 34 pedestrian 0 0 -10 321.22 182.78 433.61 263.86 -10 -10 -10 -100    0 -1000 -1000 -10
77 40 pedestrian 0 0 -10 889.12 139.39 1133.69 235.11 -10 -10 -10 -100    0 -1000 -1000 -10
77 39 pedestrian 0 0 -10 0.00 217.81 173.62 375.00 -10 -10 -10 -100    0 -1000 -1000 -10
77 38 pedestrian 0 0 -10 434.02 181.52 493.93 228.93 -10 -10 -10 -100    0 -1000 -1000 -10
77 31 pedestrian 0 0 -10 629.49 171.28 671.92 199.55 -10 -10 -10 -100    0 -1000 -1000 -10
77 21 pedestrian 0 0 -10 608.39 168.55 629.42 188.87 -10 -10 -10 -100    0 -1000 -1000 -10
77 41 pedestrian 0 0 -10 226.77 228.77 354.57 299.16 -10 -10 -10 -100    0 -1000 -1000 -10
77 11 pedestrian 0 0 -10 708.80 175.37 853.60 288.93 -10 -10 -10 -100    0 -1000 -1000 -10
77 8 pedestrian 0 0 -10 501.81 171.06 578.70 217.05 -10 -10 -10 -100    0 -1000 -1000 -10
77 7 pedestrian 0 0 -10 709.29 154.32 810.43 190.24 -10 -10 -10 -100    0 -1000 -1000 -10
77 36 pedestrian 0 0 -10 1046.88 102.02 1242.00 288.97 -10 -10 -10 -100    0 -1000 -1000 -10
77 34 pedestrian 0 0 -10 302.88 183.54 424.69 270.24 -10 -10 -10 -100    0 -1000 -1000 -10
78 40 pedestrian 0 0 -10 909.68 136.17 1183.49 241.31 -10 -10 -10 -100    0 -1000 -1000 -10
78 39 pedestrian 0 0 -10 0.00 226.06 106.52 375.00 -10 -10 -10 -100    0 -1000 -1000 -10
78 38 pedestrian 0 0 -10 427.37 182.59 491.64 232.41 -10 -10 -10 -100    0 -1000 -1000 -10
78 31 pedestrian 0 0 -10 633.32 170.60 671.29 198.31 -10 -10 -10 -100    0 -1000 -1000 -10
78 21 pedestrian 0 0 -10 611.42 168.96 630.66 189.25 -10 -10 -10 -100    0 -1000 -1000 -10
78 41 pedestrian 0 0 -10 190.66 234.60 332.09 311.47 -10 -10 -10 -100    0 -1000 -1000 -10
78 11 pedestrian 0 0 -10 717.93 174.96 884.00 302.79 -10 -10 -10 -100    0 -1000 -1000 -10
78 8 pedestrian 0 0 -10 503.91 171.52 578.63 214.73 -10 -10 -10 -100    0 -1000 -1000 -10
78 7 pedestrian 0 0 -10 709.69 154.83 820.39 191.19 -10 -10 -10 -100    0 -1000 -1000 -10
78 36 pedestrian 0 0 -10 1107.09 85.52 1242.00 308.51 -10 -10 -10 -100    0 -1000 -1000 -10
78 34 pedestrian 0 0 -10 281.79 184.88 414.91 278.90 -10 -10 -10 -100    0 -1000 -1000 -10
79 40 pedestrian 0 0 -10 936.67 133.37 1239.82 246.42 -10 -10 -10 -100    0 -1000 -1000 -10
79 38 pedestrian 0 0 -10 421.02 183.01 488.57 235.73 -10 -10 -10 -100    0 -1000 -1000 -10
79 31 pedestrian 0 0 -10 635.77 170.45 676.10 200.49 -10 -10 -10 -100    0 -1000 -1000 -10
79 21 pedestrian 0 0 -10 613.09 169.62 632.21 189.25 -10 -10 -10 -100    0 -1000 -1000 -10
79 41 pedestrian 0 0 -10 144.60 239.86 310.15 328.27 -10 -10 -10 -100    0 -1000 -1000 -10
79 11 pedestrian 0 0 -10 729.84 175.41 922.09 318.82 -10 -10 -10 -100    0 -1000 -1000 -10
79 8 pedestrian 0 0 -10 509.31 170.57 581.31 211.49 -10 -10 -10 -100    0 -1000 -1000 -10
79 7 pedestrian 0 0 -10 710.50 156.56 829.60 193.00 -10 -10 -10 -100    0 -1000 -1000 -10
79 43 pedestrian 0 0 -10 955.74 148.09 1055.99 181.75 -10 -10 -10 -100    0 -1000 -1000 -10
79 34 pedestrian 0 0 -10 255.17 186.34 404.46 288.66 -10 -10 -10 -100    0 -1000 -1000 -10
80 40 pedestrian 0 0 -10 970.25 130.48 1241.46 255.11 -10 -10 -10 -100    0 -1000 -1000 -10
80 38 pedestrian 0 0 -10 413.37 183.39 484.89 237.71 -10 -10 -10 -100    0 -1000 -1000 -10
80 31 pedestrian 0 0 -10 637.44 168.05 681.62 200.82 -10 -10 -10 -100    0 -1000 -1000 -10
80 21 pedestrian 0 0 -10 614.66 168.81 633.74 188.71 -10 -10 -10 -100    0 -1000 -1000 -10
80 41 pedestrian 0 0 -10 88.72 248.21 282.53 347.17 -10 -10 -10 -100    0 -1000 -1000 -10
80 11 pedestrian 0 0 -10 743.04 174.60 967.86 340.37 -10 -10 -10 -100    0 -1000 -1000 -10
80 8 pedestrian 0 0 -10 512.49 170.12 581.32 210.33 -10 -10 -10 -100    0 -1000 -1000 -10
80 7 pedestrian 0 0 -10 712.34 155.46 836.79 195.46 -10 -10 -10 -100    0 -1000 -1000 -10
80 43 pedestrian 0 0 -10 968.75 147.31 1070.12 181.36 -10 -10 -10 -100    0 -1000 -1000 -10
80 34 pedestrian 0 0 -10 226.18 186.52 391.12 298.54 -10 -10 -10 -100    0 -1000 -1000 -10
81 40 pedestrian 0 0 -10 1011.13 124.82 1242.00 265.44 -10 -10 -10 -100    0 -1000 -1000 -10
81 38 pedestrian 0 0 -10 402.96 184.26 480.29 242.02 -10 -10 -10 -100    0 -1000 -1000 -10
81 31 pedestrian 0 0 -10 641.29 167.03 691.61 202.55 -10 -10 -10 -100    0 -1000 -1000 -10
81 21 pedestrian 0 0 -10 615.02 169.00 634.75 189.19 -10 -10 -10 -100    0 -1000 -1000 -10
81 41 pedestrian 0 0 -10 15.66 255.13 245.75 374.27 -10 -10 -10 -100    0 -1000 -1000 -10
81 11 pedestrian 0 0 -10 757.62 175.04 1034.53 371.70 -10 -10 -10 -100    0 -1000 -1000 -10
81 8 pedestrian 0 0 -10 512.13 169.11 581.18 210.26 -10 -10 -10 -100    0 -1000 -1000 -10
81 7 pedestrian 0 0 -10 713.60 150.01 844.80 198.89 -10 -10 -10 -100    0 -1000 -1000 -10
81 43 pedestrian 0 0 -10 992.84 143.57 1098.76 181.83 -10 -10 -10 -100    0 -1000 -1000 -10
81 34 pedestrian 0 0 -10 187.92 188.76 374.73 312.53 -10 -10 -10 -100    0 -1000 -1000 -10
82 44 pedestrian 0 0 -10 440.41 184.51 499.33 228.91 -10 -10 -10 -100    0 -1000 -1000 -10
82 40 pedestrian 0 0 -10 1059.46 119.28 1241.95 278.85 -10 -10 -10 -100    0 -1000 -1000 -10
82 38 pedestrian 0 0 -10 392.65 184.66 473.72 245.96 -10 -10 -10 -100    0 -1000 -1000 -10
82 31 pedestrian 0 0 -10 640.86 167.31 694.11 204.13 -10 -10 -10 -100    0 -1000 -1000 -10
82 21 pedestrian 0 0 -10 614.72 168.83 634.73 188.71 -10 -10 -10 -100    0 -1000 -1000 -10
82 41 pedestrian 0 0 -10 0.00 266.02 202.51 375.00 -10 -10 -10 -100    0 -1000 -1000 -10
82 11 pedestrian 0 0 -10 778.24 176.49 1124.33 375.00 -10 -10 -10 -100    0 -1000 -1000 -10
82 8 pedestrian 0 0 -10 512.16 170.19 580.56 211.02 -10 -10 -10 -100    0 -1000 -1000 -10
82 7 pedestrian 0 0 -10 716.67 149.19 851.45 199.68 -10 -10 -10 -100    0 -1000 -1000 -10
82 43 pedestrian 0 0 -10 1005.51 142.81 1118.07 182.47 -10 -10 -10 -100    0 -1000 -1000 -10
82 34 pedestrian 0 0 -10 138.35 190.66 355.06 330.04 -10 -10 -10 -100    0 -1000 -1000 -10
83 44 pedestrian 0 0 -10 431.96 183.75 494.68 231.50 -10 -10 -10 -100    0 -1000 -1000 -10
83 40 pedestrian 0 0 -10 1119.31 114.26 1241.62 301.95 -10 -10 -10 -100    0 -1000 -1000 -10
83 38 pedestrian 0 0 -10 379.40 185.24 467.48 249.77 -10 -10 -10 -100    0 -1000 -1000 -10
83 33 pedestrian 0 0 -10 1058.89 137.08 1180.40 179.84 -10 -10 -10 -100    0 -1000 -1000 -10
83 31 pedestrian 0 0 -10 641.93 166.23 698.37 204.26 -10 -10 -10 -100    0 -1000 -1000 -10
83 45 pedestrian 0 0 -10 985.09 140.41 1090.13 176.09 -10 -10 -10 -100    0 -1000 -1000 -10
83 46 pedestrian 0 0 -10 464.04 181.94 510.94 222.40 -10 -10 -10 -100    0 -1000 -1000 -10
83 21 pedestrian 0 0 -10 616.00 167.73 635.93 188.42 -10 -10 -10 -100    0 -1000 -1000 -10
83 41 pedestrian 0 0 -10 0.18 279.04 142.61 375.00 -10 -10 -10 -100    0 -1000 -1000 -10
83 11 pedestrian 0 0 -10 802.65 178.57 1242.00 375.00 -10 -10 -10 -100    0 -1000 -1000 -10
83 8 pedestrian 0 0 -10 512.42 169.97 581.10 210.28 -10 -10 -10 -100    0 -1000 -1000 -10
83 7 pedestrian 0 0 -10 719.12 148.36 860.50 201.05 -10 -10 -10 -100    0 -1000 -1000 -10
83 43 pedestrian 0 0 -10 1018.40 139.80 1133.25 180.88 -10 -10 -10 -100    0 -1000 -1000 -10
83 34 pedestrian 0 0 -10 81.21 192.38 332.14 350.49 -10 -10 -10 -100    0 -1000 -1000 -10
84 44 pedestrian 0 0 -10 422.16 184.40 489.30 234.60 -10 -10 -10 -100    0 -1000 -1000 -10
84 38 pedestrian 0 0 -10 365.86 184.72 460.02 253.67 -10 -10 -10 -100    0 -1000 -1000 -10
84 33 pedestrian 0 0 -10 1069.83 134.06 1201.10 178.12 -10 -10 -10 -100    0 -1000 -1000 -10
84 31 pedestrian 0 0 -10 641.34 165.42 703.36 205.55 -10 -10 -10 -100    0 -1000 -1000 -10
84 45 pedestrian 0 0 -10 993.79 138.20 1106.46 173.12 -10 -10 -10 -100    0 -1000 -1000 -10
84 46 pedestrian 0 0 -10 457.13 183.18 505.78 225.44 -10 -10 -10 -100    0 -1000 -1000 -10
84 21 pedestrian 0 0 -10 615.23 167.02 635.85 187.90 -10 -10 -10 -100    0 -1000 -1000 -10
84 11 pedestrian 0 0 -10 833.97 182.78 1241.08 375.00 -10 -10 -10 -100    0 -1000 -1000 -10
84 8 pedestrian 0 0 -10 507.63 170.86 579.85 211.31 -10 -10 -10 -100    0 -1000 -1000 -10
84 7 pedestrian 0 0 -10 718.15 142.97 874.25 203.24 -10 -10 -10 -100    0 -1000 -1000 -10
84 43 pedestrian 0 0 -10 1033.43 136.00 1156.26 177.66 -10 -10 -10 -100    0 -1000 -1000 -10
84 34 pedestrian 0 0 -10 2.13 195.92 305.47 375.00 -10 -10 -10 -100    0 -1000 -1000 -10
85 44 pedestrian 0 0 -10 412.29 185.16 483.51 238.03 -10 -10 -10 -100    0 -1000 -1000 -10
85 38 pedestrian 0 0 -10 350.17 185.88 452.61 259.00 -10 -10 -10 -100    0 -1000 -1000 -10
85 33 pedestrian 0 0 -10 1091.57 131.02 1226.56 174.47 -10 -10 -10 -100    0 -1000 -1000 -10
85 31 pedestrian 0 0 -10 642.43 166.57 702.91 205.61 -10 -10 -10 -100    0 -1000 -1000 -10
85 45 pedestrian 0 0 -10 1004.69 135.83 1118.43 172.47 -10 -10 -10 -100    0 -1000 -1000 -10
85 46 pedestrian 0 0 -10 448.89 182.96 501.81 227.05 -10 -10 -10 -100    0 -1000 -1000 -10
85 21 pedestrian 0 0 -10 616.33 167.62 636.53 188.16 -10 -10 -10 -100    0 -1000 -1000 -10
85 11 pedestrian 0 0 -10 879.81 182.87 1242.00 375.00 -10 -10 -10 -100    0 -1000 -1000 -10
85 8 pedestrian 0 0 -10 510.75 170.25 580.16 211.45 -10 -10 -10 -100    0 -1000 -1000 -10
85 7 pedestrian 0 0 -10 729.20 145.80 884.21 201.46 -10 -10 -10 -100    0 -1000 -1000 -10
85 43 pedestrian 0 0 -10 1047.48 133.64 1182.42 176.40 -10 -10 -10 -100    0 -1000 -1000 -10
85 34 pedestrian 0 0 -10 0.38 199.90 271.03 375.00 -10 -10 -10 -100    0 -1000 -1000 -10
86 44 pedestrian 0 0 -10 401.52 186.01 477.88 242.49 -10 -10 -10 -100    0 -1000 -1000 -10
86 38 pedestrian 0 0 -10 330.21 186.84 442.09 266.25 -10 -10 -10 -100    0 -1000 -1000 -10
86 33 pedestrian 0 0 -10 1107.05 126.95 1241.89 173.39 -10 -10 -10 -100    0 -1000 -1000 -10
86 31 pedestrian 0 0 -10 665.37 170.51 704.61 205.99 -10 -10 -10 -100    0 -1000 -1000 -10
86 45 pedestrian 0 0 -10 1010.40 135.13 1126.31 171.55 -10 -10 -10 -100    0 -1000 -1000 -10
86 46 pedestrian 0 0 -10 442.91 184.35 498.17 229.54 -10 -10 -10 -100    0 -1000 -1000 -10
86 21 pedestrian 0 0 -10 616.19 169.06 637.44 188.22 -10 -10 -10 -100    0 -1000 -1000 -10
86 11 pedestrian 0 0 -10 945.09 177.08 1242.00 375.00 -10 -10 -10 -100    0 -1000 -1000 -10
86 8 pedestrian 0 0 -10 540.91 169.61 582.18 202.39 -10 -10 -10 -100    0 -1000 -1000 -10
86 7 pedestrian 0 0 -10 782.39 150.61 890.29 198.16 -10 -10 -10 -100    0 -1000 -1000 -10
86 43 pedestrian 0 0 -10 1061.15 129.30 1200.06 175.33 -10 -10 -10 -100    0 -1000 -1000 -10
86 34 pedestrian 0 0 -10 0.00 200.75 229.00 375.00 -10 -10 -10 -100    0 -1000 -1000 -10
87 44 pedestrian 0 0 -10 387.62 186.80 469.68 246.04 -10 -10 -10 -100    0 -1000 -1000 -10
87 38 pedestrian 0 0 -10 307.15 189.28 430.19 273.68 -10 -10 -10 -100    0 -1000 -1000 -10
87 33 pedestrian 0 0 -10 1127.51 123.66 1241.97 172.49 -10 -10 -10 -100    0 -1000 -1000 -10
87 31 pedestrian 0 0 -10 665.09 170.47 705.83 206.58 -10 -10 -10 -100    0 -1000 -1000 -10
87 45 pedestrian 0 0 -10 1027.24 134.22 1152.82 171.79 -10 -10 -10 -100    0 -1000 -1000 -10
87 46 pedestrian 0 0 -10 433.26 184.25 491.68 232.74 -10 -10 -10 -100    0 -1000 -1000 -10
87 21 pedestrian 0 0 -10 614.99 168.51 637.02 188.11 -10 -10 -10 -100    0 -1000 -1000 -10
87 11 pedestrian 0 0 -10 1043.77 203.32 1241.56 375.00 -10 -10 -10 -100    0 -1000 -1000 -10
87 8 pedestrian 0 0 -10 541.73 169.37 582.02 202.03 -10 -10 -10 -100    0 -1000 -1000 -10
87 7 pedestrian 0 0 -10 786.17 148.43 885.97 197.59 -10 -10 -10 -100    0 -1000 -1000 -10
87 43 pedestrian 0 0 -10 1074.63 126.83 1220.96 173.61 -10 -10 -10 -100    0 -1000 -1000 -10
87 34 pedestrian 0 0 -10 0.00 205.04 175.56 375.00 -10 -10 -10 -100    0 -1000 -1000 -10
88 48 pedestrian 0 0 -10 1065.81 132.74 1204.93 176.05 -10 -10 -10 -100    0 -1000 -1000 -10
88 47 pedestrian 0 0 -10 457.84 183.61 509.24 224.74 -10 -10 -10 -100    0 -1000 -1000 -10
88 44 pedestrian 0 0 -10 373.21 188.28 461.12 251.54 -10 -10 -10 -100    0 -1000 -1000 -10
88 38 pedestrian 0 0 -10 281.88 190.56 418.04 283.50 -10 -10 -10 -100    0 -1000 -1000 -10
88 33 pedestrian 0 0 -10 1148.77 121.55 1242.00 174.94 -10 -10 -10 -100    0 -1000 -1000 -10
88 31 pedestrian 0 0 -10 665.75 171.48 708.17 208.34 -10 -10 -10 -100    0 -1000 -1000 -10
88 45 pedestrian 0 0 -10 1036.02 134.03 1154.97 174.12 -10 -10 -10 -100    0 -1000 -1000 -10
88 46 pedestrian 0 0 -10 422.90 186.31 485.38 236.32 -10 -10 -10 -100    0 -1000 -1000 -10
88 21 pedestrian 0 0 -10 613.23 168.97 635.15 188.63 -10 -10 -10 -100    0 -1000 -1000 -10
88 8 pedestrian 0 0 -10 538.63 168.37 580.97 201.79 -10 -10 -10 -100    0 -1000 -1000 -10
88 7 pedestrian 0 0 -10 791.48 149.00 909.07 200.35 -10 -10 -10 -100    0 -1000 -1000 -10
88 43 pedestrian 0 0 -10 1097.62 127.20 1240.14 174.47 -10 -10 -10 -100    0 -1000 -1000 -10
88 34 pedestrian 0 0 -10 0.00 217.33 105.08 375.00 -10 -10 -10 -100    0 -1000 -1000 -10
89 51 pedestrian 0 0 -10 765.48 150.84 860.65 197.29 -10 -10 -10 -100    0 -1000 -1000 -10
89 50 pedestrian 0 0 -10 641.07 171.25 674.18 199.13 -10 -10 -10 -100    0 -1000 -1000 -10
89 49 pedestrian 0 0 -10 488.42 183.42 531.07 216.47 -10 -10 -10 -100    0 -1000 -1000 -10
89 48 pedestrian 0 0 -10 1079.80 131.55 1221.37 176.54 -10 -10 -10 -100    0 -1000 -1000 -10
89 47 pedestrian 0 0 -10 450.01 185.88 504.03 227.22 -10 -10 -10 -100    0 -1000 -1000 -10
89 44 pedestrian 0 0 -10 356.02 191.05 451.00 257.99 -10 -10 -10 -100    0 -1000 -1000 -10
89 38 pedestrian 0 0 -10 251.62 193.42 403.36 295.49 -10 -10 -10 -100    0 -1000 -1000 -10
89 33 pedestrian 0 0 -10 1160.95 121.94 1242.00 177.36 -10 -10 -10 -100    0 -1000 -1000 -10
89 31 pedestrian 0 0 -10 666.10 172.33 709.95 209.95 -10 -10 -10 -100    0 -1000 -1000 -10
89 45 pedestrian 0 0 -10 1045.41 133.47 1171.10 174.23 -10 -10 -10 -100    0 -1000 -1000 -10
89 46 pedestrian 0 0 -10 412.30 188.45 479.49 241.11 -10 -10 -10 -100    0 -1000 -1000 -10
89 21 pedestrian 0 0 -10 612.64 170.42 634.43 189.95 -10 -10 -10 -100    0 -1000 -1000 -10
89 8 pedestrian 0 0 -10 539.99 171.33 577.54 202.58 -10 -10 -10 -100    0 -1000 -1000 -10
89 7 pedestrian 0 0 -10 800.61 148.09 920.64 201.48 -10 -10 -10 -100    0 -1000 -1000 -10
89 43 pedestrian 0 0 -10 1108.77 125.55 1242.00 177.26 -10 -10 -10 -100    0 -1000 -1000 -10
89 52 pedestrian 0 0 -10 737.12 156.64 812.31 200.37 -10 -10 -10 -100    0 -1000 -1000 -10
90 51 pedestrian 0 0 -10 773.05 151.00 869.63 199.62 -10 -10 -10 -100    0 -1000 -1000 -10
90 50 pedestrian 0 0 -10 639.82 173.51 672.47 200.74 -10 -10 -10 -100    0 -1000 -1000 -10
90 49 pedestrian 0 0 -10 481.43 185.30 525.91 219.65 -10 -10 -10 -100    0 -1000 -1000 -10
90 48 pedestrian 0 0 -10 1093.04 129.58 1231.39 173.40 -10 -10 -10 -100    0 -1000 -1000 -10
90 47 pedestrian 0 0 -10 440.55 187.66 498.58 231.72 -10 -10 -10 -100    0 -1000 -1000 -10
90 44 pedestrian 0 0 -10 337.19 193.19 441.07 265.14 -10 -10 -10 -100    0 -1000 -1000 -10
90 38 pedestrian 0 0 -10 213.80 196.25 386.91 309.31 -10 -10 -10 -100    0 -1000 -1000 -10
90 33 pedestrian 0 0 -10 1183.73 117.26 1241.93 175.47 -10 -10 -10 -100    0 -1000 -1000 -10
90 31 pedestrian 0 0 -10 666.78 173.30 712.98 213.73 -10 -10 -10 -100    0 -1000 -1000 -10
90 45 pedestrian 0 0 -10 1060.48 131.92 1204.51 176.51 -10 -10 -10 -100    0 -1000 -1000 -10
90 46 pedestrian 0 0 -10 399.51 189.68 472.23 245.16 -10 -10 -10 -100    0 -1000 -1000 -10
90 21 pedestrian 0 0 -10 611.22 171.84 632.28 191.74 -10 -10 -10 -100    0 -1000 -1000 -10
90 8 pedestrian 0 0 -10 536.54 174.14 575.33 203.91 -10 -10 -10 -100    0 -1000 -1000 -10
90 7 pedestrian 0 0 -10 806.71 148.01 932.53 204.22 -10 -10 -10 -100    0 -1000 -1000 -10
90 43 pedestrian 0 0 -10 1127.49 123.62 1242.00 172.35 -10 -10 -10 -100    0 -1000 -1000 -10
90 52 pedestrian 0 0 -10 743.97 158.70 814.51 203.12 -10 -10 -10 -100    0 -1000 -1000 -10
91 51 pedestrian 0 0 -10 779.15 153.49 874.24 203.41 -10 -10 -10 -100    0 -1000 -1000 -10
91 50 pedestrian 0 0 -10 637.09 175.73 675.28 205.26 -10 -10 -10 -100    0 -1000 -1000 -10
91 49 pedestrian 0 0 -10 474.83 187.36 523.69 223.81 -10 -10 -10 -100    0 -1000 -1000 -10
91 48 pedestrian 0 0 -10 1109.92 130.55 1242.00 177.17 -10 -10 -10 -100    0 -1000 -1000 -10
91 47 pedestrian 0 0 -10 432.03 189.12 493.64 235.56 -10 -10 -10 -100    0 -1000 -1000 -10
91 44 pedestrian 0 0 -10 315.88 196.61 430.83 273.05 -10 -10 -10 -100    0 -1000 -1000 -10
91 38 pedestrian 0 0 -10 171.00 199.72 366.86 324.53 -10 -10 -10 -100    0 -1000 -1000 -10
91 31 pedestrian 0 0 -10 666.84 176.17 716.48 218.66 -10 -10 -10 -100    0 -1000 -1000 -10
91 45 pedestrian 0 0 -10 1073.99 132.32 1207.21 176.99 -10 -10 -10 -100    0 -1000 -1000 -10
91 46 pedestrian 0 0 -10 386.78 192.58 463.60 251.09 -10 -10 -10 -100    0 -1000 -1000 -10
91 21 pedestrian 0 0 -10 608.13 172.37 631.61 194.56 -10 -10 -10 -100    0 -1000 -1000 -10
91 8 pedestrian 0 0 -10 530.33 176.43 572.61 207.42 -10 -10 -10 -100    0 -1000 -1000 -10
91 7 pedestrian 0 0 -10 814.31 149.11 945.81 207.33 -10 -10 -10 -100    0 -1000 -1000 -10
91 43 pedestrian 0 0 -10 1145.29 120.14 1242.00 176.84 -10 -10 -10 -100    0 -1000 -1000 -10
91 52 pedestrian 0 0 -10 748.04 161.73 813.59 205.75 -10 -10 -10 -100    0 -1000 -1000 -10
92 51 pedestrian 0 0 -10 783.04 153.96 883.49 204.89 -10 -10 -10 -100    0 -1000 -1000 -10
92 50 pedestrian 0 0 -10 636.08 176.52 675.38 207.26 -10 -10 -10 -100    0 -1000 -1000 -10
92 49 pedestrian 0 0 -10 468.90 188.89 517.87 226.23 -10 -10 -10 -100    0 -1000 -1000 -10
92 48 pedestrian 0 0 -10 1124.19 128.78 1242.00 177.01 -10 -10 -10 -100    0 -1000 -1000 -10
92 47 pedestrian 0 0 -10 422.57 192.06 487.09 239.91 -10 -10 -10 -100    0 -1000 -1000 -10
92 44 pedestrian 0 0 -10 292.90 198.99 420.31 282.81 -10 -10 -10 -100    0 -1000 -1000 -10
92 38 pedestrian 0 0 -10 119.26 202.34 348.68 343.94 -10 -10 -10 -100    0 -1000 -1000 -10
92 31 pedestrian 0 0 -10 666.27 175.64 717.88 221.36 -10 -10 -10 -100    0 -1000 -1000 -10
92 45 pedestrian 0 0 -10 1086.03 131.06 1222.04 176.35 -10 -10 -10 -100    0 -1000 -1000 -10
92 46 pedestrian 0 0 -10 374.65 194.12 455.90 256.71 -10 -10 -10 -100    0 -1000 -1000 -10
92 21 pedestrian 0 0 -10 605.15 173.14 630.20 196.03 -10 -10 -10 -100    0 -1000 -1000 -10
92 8 pedestrian 0 0 -10 530.92 178.42 570.21 208.36 -10 -10 -10 -100    0 -1000 -1000 -10
92 7 pedestrian 0 0 -10 820.51 149.69 960.76 210.87 -10 -10 -10 -100    0 -1000 -1000 -10
92 43 pedestrian 0 0 -10 1171.13 116.42 1241.92 177.12 -10 -10 -10 -100    0 -1000 -1000 -10
92 52 pedestrian 0 0 -10 751.35 162.52 815.35 207.29 -10 -10 -10 -100    0 -1000 -1000 -10
93 53 pedestrian 0 0 -10 821.20 146.11 921.82 206.58 -10 -10 -10 -100    0 -1000 -1000 -10
93 51 pedestrian 0 0 -10 790.80 151.32 895.58 205.02 -10 -10 -10 -100    0 -1000 -1000 -10
93 50 pedestrian 0 0 -10 635.80 175.46 676.41 206.84 -10 -10 -10 -100    0 -1000 -1000 -10
93 49 pedestrian 0 0 -10 462.78 187.81 514.15 226.97 -10 -10 -10 -100    0 -1000 -1000 -10
93 48 pedestrian 0 0 -10 1142.28 126.90 1242.00 175.41 -10 -10 -10 -100    0 -1000 -1000 -10
93 47 pedestrian 0 0 -10 411.56 191.58 481.13 242.09 -10 -10 -10 -100    0 -1000 -1000 -10
93 44 pedestrian 0 0 -10 264.29 199.62 406.08 290.29 -10 -10 -10 -100    0 -1000 -1000 -10
93 38 pedestrian 0 0 -10 53.78 204.39 323.33 365.76 -10 -10 -10 -100    0 -1000 -1000 -10
93 31 pedestrian 0 0 -10 667.57 175.10 720.65 221.53 -10 -10 -10 -100    0 -1000 -1000 -10
93 45 pedestrian 0 0 -10 1102.97 128.21 1240.57 175.26 -10 -10 -10 -100    0 -1000 -1000 -10
93 46 pedestrian 0 0 -10 358.41 193.65 446.92 259.99 -10 -10 -10 -100    0 -1000 -1000 -10
93 21 pedestrian 0 0 -10 602.02 171.62 630.32 195.64 -10 -10 -10 -100    0 -1000 -1000 -10
93 8 pedestrian 0 0 -10 523.45 178.54 564.30 208.95 -10 -10 -10 -100    0 -1000 -1000 -10
93 7 pedestrian 0 0 -10 830.70 147.24 976.96 211.10 -10 -10 -10 -100    0 -1000 -1000 -10
93 52 pedestrian 0 0 -10 755.64 160.24 815.68 206.39 -10 -10 -10 -100    0 -1000 -1000 -10
94 53 pedestrian 0 0 -10 829.10 142.97 935.60 207.04 -10 -10 -10 -100    0 -1000 -1000 -10
94 51 pedestrian 0 0 -10 795.70 149.19 905.79 204.49 -10 -10 -10 -100    0 -1000 -1000 -10
94 50 pedestrian 0 0 -10 633.63 173.51 674.42 205.34 -10 -10 -10 -100    0 -1000 -1000 -10
94 49 pedestrian 0 0 -10 453.93 185.72 510.51 226.81 -10 -10 -10 -100    0 -1000 -1000 -10
94 48 pedestrian 0 0 -10 1165.36 121.79 1241.94 174.55 -10 -10 -10 -100    0 -1000 -1000 -10
94 47 pedestrian 0 0 -10 401.67 190.76 474.60 243.29 -10 -10 -10 -100    0 -1000 -1000 -10
94 44 pedestrian 0 0 -10 232.47 199.38 391.61 298.31 -10 -10 -10 -100    0 -1000 -1000 -10
94 38 pedestrian 0 0 -10 0.12 208.49 293.88 375.00 -10 -10 -10 -100    0 -1000 -1000 -10
94 31 pedestrian 0 0 -10 667.59 173.73 724.17 221.76 -10 -10 -10 -100    0 -1000 -1000 -10
94 45 pedestrian 0 0 -10 1121.28 124.90 1242.00 174.12 -10 -10 -10 -100    0 -1000 -1000 -10
94 46 pedestrian 0 0 -10 341.67 193.08 437.65 263.98 -10 -10 -10 -100    0 -1000 -1000 -10
94 21 pedestrian 0 0 -10 601.12 170.32 628.12 193.52 -10 -10 -10 -100    0 -1000 -1000 -10
94 8 pedestrian 0 0 -10 515.78 177.14 560.12 208.09 -10 -10 -10 -100    0 -1000 -1000 -10
94 7 pedestrian 0 0 -10 839.24 145.23 996.53 212.08 -10 -10 -10 -100    0 -1000 -1000 -10
94 52 pedestrian 0 0 -10 763.00 156.74 840.58 204.38 -10 -10 -10 -100    0 -1000 -1000 -10
95 53 pedestrian 0 0 -10 838.33 141.42 952.16 208.92 -10 -10 -10 -100    0 -1000 -1000 -10
95 51 pedestrian 0 0 -10 802.49 147.67 919.78 206.50 -10 -10 -10 -100    0 -1000 -1000 -10
95 50 pedestrian 0 0 -10 633.70 173.09 673.99 204.73 -10 -10 -10 -100    0 -1000 -1000 -10
95 49 pedestrian 0 0 -10 448.30 187.02 505.44 228.56 -10 -10 -10 -100    0 -1000 -1000 -10
95 48 pedestrian 0 0 -10 1188.77 119.44 1241.98 174.95 -10 -10 -10 -100    0 -1000 -1000 -10
95 47 pedestrian 0 0 -10 391.17 191.44 468.05 245.91 -10 -10 -10 -100    0 -1000 -1000 -10
95 44 pedestrian 0 0 -10 195.09 200.93 374.74 310.33 -10 -10 -10 -100    0 -1000 -1000 -10
95 38 pedestrian 0 0 -10 0.00 215.06 259.86 375.00 -10 -10 -10 -100    0 -1000 -1000 -10
95 31 pedestrian 0 0 -10 669.26 172.89 728.95 223.68 -10 -10 -10 -100    0 -1000 -1000 -10
95 45 pedestrian 0 0 -10 1141.26 122.80 1242.00 171.87 -10 -10 -10 -100    0 -1000 -1000 -10
95 46 pedestrian 0 0 -10 322.31 194.51 426.50 269.61 -10 -10 -10 -100    0 -1000 -1000 -10
95 21 pedestrian 0 0 -10 599.25 169.91 626.43 192.72 -10 -10 -10 -100    0 -1000 -1000 -10
95 8 pedestrian 0 0 -10 510.84 176.92 557.89 209.54 -10 -10 -10 -100    0 -1000 -1000 -10
95 7 pedestrian 0 0 -10 846.43 143.25 1017.43 214.55 -10 -10 -10 -100    0 -1000 -1000 -10
95 52 pedestrian 0 0 -10 764.84 156.11 856.65 203.61 -10 -10 -10 -100    0 -1000 -1000 -10
96 53 pedestrian 0 0 -10 849.88 140.15 968.89 210.64 -10 -10 -10 -100    0 -1000 -1000 -10
96 51 pedestrian 0 0 -10 811.27 147.08 933.06 207.82 -10 -10 -10 -100    0 -1000 -1000 -10
96 50 pedestrian 0 0 -10 633.69 174.62 673.79 204.45 -10 -10 -10 -100    0 -1000 -1000 -10
96 49 pedestrian 0 0 -10 440.38 187.48 501.01 230.88 -10 -10 -10 -100    0 -1000 -1000 -10
96 47 pedestrian 0 0 -10 378.84 193.04 461.49 250.85 -10 -10 -10 -100    0 -1000 -1000 -10
96 44 pedestrian 0 0 -10 149.69 203.54 355.96 325.38 -10 -10 -10 -100    0 -1000 -1000 -10
96 38 pedestrian 0 0 -10 0.00 220.46 213.31 375.00 -10 -10 -10 -100    0 -1000 -1000 -10
96 31 pedestrian 0 0 -10 670.50 173.34 732.71 227.35 -10 -10 -10 -100    0 -1000 -1000 -10
96 45 pedestrian 0 0 -10 1162.16 121.37 1241.58 173.03 -10 -10 -10 -100    0 -1000 -1000 -10
96 46 pedestrian 0 0 -10 297.01 196.22 414.73 278.02 -10 -10 -10 -100    0 -1000 -1000 -10
96 21 pedestrian 0 0 -10 597.54 171.60 624.10 193.32 -10 -10 -10 -100    0 -1000 -1000 -10
96 8 pedestrian 0 0 -10 505.43 176.53 554.61 211.95 -10 -10 -10 -100    0 -1000 -1000 -10
96 7 pedestrian 0 0 -10 863.01 141.89 1042.37 217.39 -10 -10 -10 -100    0 -1000 -1000 -10
96 52 pedestrian 0 0 -10 770.24 153.04 880.89 205.73 -10 -10 -10 -100    0 -1000 -1000 -10
97 53 pedestrian 0 0 -10 861.57 138.36 988.55 212.45 -10 -10 -10 -100    0 -1000 -1000 -10
97 51 pedestrian 0 0 -10 819.42 145.83 949.47 209.95 -10 -10 -10 -100    0 -1000 -1000 -10
97 50 pedestrian 0 0 -10 634.79 175.55 673.98 204.82 -10 -10 -10 -100    0 -1000 -1000 -10
97 49 pedestrian 0 0 -10 434.39 188.72 497.13 233.52 -10 -10 -10 -100    0 -1000 -1000 -10
97 47 pedestrian 0 0 -10 366.03 194.74 454.22 255.43 -10 -10 -10 -100    0 -1000 -1000 -10
97 44 pedestrian 0 0 -10 96.44 206.30 333.98 343.98 -10 -10 -10 -100    0 -1000 -1000 -10
97 38 pedestrian 0 0 -10 0.00 228.33 157.01 375.00 -10 -10 -10 -100    0 -1000 -1000 -10
97 31 pedestrian 0 0 -10 672.55 173.76 738.95 230.18 -10 -10 -10 -100    0 -1000 -1000 -10
97 45 pedestrian 0 0 -10 1184.20 116.14 1241.99 172.95 -10 -10 -10 -100    0 -1000 -1000 -10
97 46 pedestrian 0 0 -10 276.46 198.63 403.52 286.27 -10 -10 -10 -100    0 -1000 -1000 -10
97 21 pedestrian 0 0 -10 596.76 171.52 624.33 193.95 -10 -10 -10 -100    0 -1000 -1000 -10
97 8 pedestrian 0 0 -10 505.79 177.68 553.61 212.83 -10 -10 -10 -100    0 -1000 -1000 -10
97 7 pedestrian 0 0 -10 878.81 139.80 1071.25 220.43 -10 -10 -10 -100    0 -1000 -1000 -10
97 52 pedestrian 0 0 -10 775.85 153.38 893.36 207.37 -10 -10 -10 -100    0 -1000 -1000 -10
98 53 pedestrian 0 0 -10 876.50 135.82 1011.56 215.31 -10 -10 -10 -100    0 -1000 -1000 -10
98 51 pedestrian 0 0 -10 829.15 144.29 969.55 212.59 -10 -10 -10 -100    0 -1000 -1000 -10
98 50 pedestrian 0 0 -10 634.79 175.87 672.27 204.55 -10 -10 -10 -100    0 -1000 -1000 -10
98 49 pedestrian 0 0 -10 426.59 188.90 493.40 235.29 -10 -10 -10 -100    0 -1000 -1000 -10
98 47 pedestrian 0 0 -10 352.07 195.27 447.45 260.68 -10 -10 -10 -100    0 -1000 -1000 -10
98 44 pedestrian 0 0 -10 31.97 209.81 309.23 366.56 -10 -10 -10 -100    0 -1000 -1000 -10
98 38 pedestrian 0 0 -10 0.00 242.01 83.01 375.00 -10 -10 -10 -100    0 -1000 -1000 -10
98 31 pedestrian 0 0 -10 676.16 174.18 746.21 233.68 -10 -10 -10 -100    0 -1000 -1000 -10
98 46 pedestrian 0 0 -10 248.91 200.12 389.74 295.60 -10 -10 -10 -100    0 -1000 -1000 -10
98 21 pedestrian 0 0 -10 595.84 171.24 622.68 194.19 -10 -10 -10 -100    0 -1000 -1000 -10
98 8 pedestrian 0 0 -10 502.42 175.95 554.85 216.22 -10 -10 -10 -100    0 -1000 -1000 -10
98 7 pedestrian 0 0 -10 895.78 137.48 1105.53 224.50 -10 -10 -10 -100    0 -1000 -1000 -10
98 52 pedestrian 0 0 -10 783.25 152.61 907.59 210.04 -10 -10 -10 -100    0 -1000 -1000 -10
99 55 pedestrian 0 0 -10 665.59 172.18 721.80 224.30 -10 -10 -10 -100    0 -1000 -1000 -10
99 53 pedestrian 0 0 -10 894.06 134.49 1038.74 217.87 -10 -10 -10 -100    0 -1000 -1000 -10
99 51 pedestrian 0 0 -10 840.56 142.43 989.18 214.84 -10 -10 -10 -100    0 -1000 -1000 -10
99 50 pedestrian 0 0 -10 634.07 175.82 669.61 203.80 -10 -10 -10 -100    0 -1000 -1000 -10
99 49 pedestrian 0 0 -10 419.24 188.83 488.45 237.61 -10 -10 -10 -100    0 -1000 -1000 -10
99 47 pedestrian 0 0 -10 336.27 196.07 439.83 265.82 -10 -10 -10 -100    0 -1000 -1000 -10
99 44 pedestrian 0 0 -10 0.11 213.39 278.28 375.00 -10 -10 -10 -100    0 -1000 -1000 -10
99 31 pedestrian 0 0 -10 678.39 173.98 756.17 236.78 -10 -10 -10 -100    0 -1000 -1000 -10
99 46 pedestrian 0 0 -10 217.08 201.14 374.37 306.38 -10 -10 -10 -100    0 -1000 -1000 -10
99 21 pedestrian 0 0 -10 593.29 169.81 620.38 195.05 -10 -10 -10 -100    0 -1000 -1000 -10
99 8 pedestrian 0 0 -10 490.81 171.68 555.53 223.98 -10 -10 -10 -100    0 -1000 -1000 -10
99 7 pedestrian 0 0 -10 917.01 134.45 1146.44 229.42 -10 -10 -10 -100    0 -1000 -1000 -10
99 52 pedestrian 0 0 -10 792.41 151.26 924.39 211.55 -10 -10 -10 -100    0 -1000 -1000 -10
100 55 pedestrian 0 0 -10 669.15 172.61 727.95 227.16 -10 -10 -10 -100    0 -1000 -1000 -10
100 53 pedestrian 0 0 -10 914.76 133.35 1069.45 222.50 -10 -10 -10 -100    0 -1000 -1000 -10
100 51 pedestrian 0 0 -10 855.46 141.27 1010.41 218.20 -10 -10 -10 -100    0 -1000 -1000 -10
100 50 pedestrian 0 0 -10 634.57 174.62 667.26 204.06 -10 -10 -10 -100    0 -1000 -1000 -10
100 49 pedestrian 0 0 -10 409.57 188.81 483.95 240.08 -10 -10 -10 -100    0 -1000 -1000 -10
100 47 pedestrian 0 0 -10 316.94 196.60 430.78 271.48 -10 -10 -10 -100    0 -1000 -1000 -10
100 44 pedestrian 0 0 -10 0.35 218.79 242.69 375.00 -10 -10 -10 -100    0 -1000 -1000 -10
100 31 pedestrian 0 0 -10 682.46 174.05 767.03 242.16 -10 -10 -10 -100    0 -1000 -1000 -10
100 46 pedestrian 0 0 -10 177.41 202.93 357.11 318.96 -10 -10 -10 -100    0 -1000 -1000 -10
100 21 pedestrian 0 0 -10 591.51 168.22 620.42 196.26 -10 -10 -10 -100    0 -1000 -1000 -10
100 8 pedestrian 0 0 -10 490.79 171.08 556.98 224.08 -10 -10 -10 -100    0 -1000 -1000 -10
100 7 pedestrian 0 0 -10 940.19 131.84 1192.90 234.22 -10 -10 -10 -100    0 -1000 -1000 -10
100 52 pedestrian 0 0 -10 802.77 150.65 941.68 213.94 -10 -10 -10 -100    0 -1000 -1000 -10
101 55 pedestrian 0 0 -10 672.55 171.78 733.33 230.49 -10 -10 -10 -100    0 -1000 -1000 -10
101 53 pedestrian 0 0 -10 935.08 131.40 1105.77 227.46 -10 -10 -10 -100    0 -1000 -1000 -10
101 51 pedestrian 0 0 -10 871.23 139.51 1037.16 221.24 -10 -10 -10 -100    0 -1000 -1000 -10
101 50 pedestrian 0 0 -10 635.74 175.48 671.65 206.37 -10 -10 -10 -100    0 -1000 -1000 -10
101 49 pedestrian 0 0 -10 399.86 189.44 480.23 243.10 -10 -10 -10 -100    0 -1000 -1000 -10
101 47 pedestrian 0 0 -10 296.86 197.25 421.70 278.98 -10 -10 -10 -100    0 -1000 -1000 -10
101 44 pedestrian 0 0 -10 0.00 224.56 193.83 375.00 -10 -10 -10 -100    0 -1000 -1000 -10
101 31 pedestrian 0 0 -10 686.65 173.63 777.69 246.01 -10 -10 -10 -100    0 -1000 -1000 -10
101 46 pedestrian 0 0 -10 127.36 205.04 335.83 336.29 -10 -10 -10 -100    0 -1000 -1000 -10
101 21 pedestrian 0 0 -10 588.86 167.83 619.49 196.80 -10 -10 -10 -100    0 -1000 -1000 -10
101 8 pedestrian 0 0 -10 490.15 171.06 557.62 223.14 -10 -10 -10 -100    0 -1000 -1000 -10
101 7 pedestrian 0 0 -10 969.28 128.20 1242.00 240.87 -10 -10 -10 -100    0 -1000 -1000 -10
101 52 pedestrian 0 0 -10 813.38 150.33 962.09 216.42 -10 -10 -10 -100    0 -1000 -1000 -10
101 56 pedestrian 0 0 -10 656.90 143.15 691.55 190.92 -10 -10 -10 -100    0 -1000 -1000 -10
102 55 pedestrian 0 0 -10 675.85 172.20 741.09 233.57 -10 -10 -10 -100    0 -1000 -1000 -10
102 53 pedestrian 0 0 -10 960.41 130.76 1146.30 235.02 -10 -10 -10 -100    0 -1000 -1000 -10
102 51 pedestrian 0 0 -10 886.25 139.80 1071.15 227.67 -10 -10 -10 -100    0 -1000 -1000 -10
102 50 pedestrian 0 0 -10 637.82 174.81 675.08 208.27 -10 -10 -10 -100    0 -1000 -1000 -10
102 49 pedestrian 0 0 -10 388.70 189.66 474.19 246.45 -10 -10 -10 -100    0 -1000 -1000 -10
102 47 pedestrian 0 0 -10 269.34 197.99 409.42 285.23 -10 -10 -10 -100    0 -1000 -1000 -10
102 44 pedestrian 0 0 -10 0.00 232.55 131.31 375.00 -10 -10 -10 -100    0 -1000 -1000 -10
102 31 pedestrian 0 0 -10 693.42 175.63 789.41 250.93 -10 -10 -10 -100    0 -1000 -1000 -10
102 46 pedestrian 0 0 -10 62.05 207.89 310.49 359.45 -10 -10 -10 -100    0 -1000 -1000 -10
102 21 pedestrian 0 0 -10 587.41 167.52 618.95 197.21 -10 -10 -10 -100    0 -1000 -1000 -10
102 8 pedestrian 0 0 -10 488.57 171.30 556.29 223.84 -10 -10 -10 -100    0 -1000 -1000 -10
102 7 pedestrian 0 0 -10 1000.96 127.26 1241.96 250.04 -10 -10 -10 -100    0 -1000 -1000 -10
102 52 pedestrian 0 0 -10 828.21 149.69 989.51 219.67 -10 -10 -10 -100    0 -1000 -1000 -10
102 56 pedestrian 0 0 -10 658.62 141.46 697.34 192.75 -10 -10 -10 -100    0 -1000 -1000 -10
103 53 pedestrian 0 0 -10 988.57 127.84 1198.84 241.00 -10 -10 -10 -100    0 -1000 -1000 -10
103 51 pedestrian 0 0 -10 908.66 137.32 1106.96 232.26 -10 -10 -10 -100    0 -1000 -1000 -10
103 50 pedestrian 0 0 -10 638.22 174.86 690.43 215.33 -10 -10 -10 -100    0 -1000 -1000 -10
103 49 pedestrian 0 0 -10 378.05 189.86 468.21 249.74 -10 -10 -10 -100    0 -1000 -1000 -10
103 47 pedestrian 0 0 -10 243.37 198.69 396.95 292.43 -10 -10 -10 -100    0 -1000 -1000 -10
103 31 pedestrian 0 0 -10 698.28 175.42 803.72 257.21 -10 -10 -10 -100    0 -1000 -1000 -10
103 55 pedestrian 0 0 -10 679.12 172.88 747.96 237.09 -10 -10 -10 -100    0 -1000 -1000 -10
103 46 pedestrian 0 0 -10 0.52 213.82 279.53 375.00 -10 -10 -10 -100    0 -1000 -1000 -10
103 21 pedestrian 0 0 -10 584.34 168.04 618.41 198.01 -10 -10 -10 -100    0 -1000 -1000 -10
103 8 pedestrian 0 0 -10 488.99 172.31 556.65 223.86 -10 -10 -10 -100    0 -1000 -1000 -10
103 7 pedestrian 0 0 -10 1039.14 125.60 1241.97 260.99 -10 -10 -10 -100    0 -1000 -1000 -10
103 52 pedestrian 0 0 -10 845.51 149.66 1015.22 223.62 -10 -10 -10 -100    0 -1000 -1000 -10
103 56 pedestrian 0 0 -10 659.34 143.31 700.49 193.49 -10 -10 -10 -100    0 -1000 -1000 -10
104 53 pedestrian 0 0 -10 1023.60 124.84 1240.74 248.41 -10 -10 -10 -100    0 -1000 -1000 -10
104 51 pedestrian 0 0 -10 930.88 136.72 1148.13 239.04 -10 -10 -10 -100    0 -1000 -1000 -10
104 50 pedestrian 0 0 -10 639.80 174.70 696.55 217.53 -10 -10 -10 -100    0 -1000 -1000 -10
104 49 pedestrian 0 0 -10 364.99 189.67 463.31 253.32 -10 -10 -10 -100    0 -1000 -1000 -10
104 47 pedestrian 0 0 -10 211.39 198.97 383.08 302.18 -10 -10 -10 -100    0 -1000 -1000 -10
104 31 pedestrian 0 0 -10 705.51 175.70 820.43 265.22 -10 -10 -10 -100    0 -1000 -1000 -10
104 55 pedestrian 0 0 -10 682.79 172.67 756.89 240.45 -10 -10 -10 -100    0 -1000 -1000 -10
104 46 pedestrian 0 0 -10 0.50 218.03 243.48 375.00 -10 -10 -10 -100    0 -1000 -1000 -10
104 21 pedestrian 0 0 -10 581.74 168.48 617.89 198.29 -10 -10 -10 -100    0 -1000 -1000 -10
104 8 pedestrian 0 0 -10 489.68 172.71 556.60 222.69 -10 -10 -10 -100    0 -1000 -1000 -10
104 7 pedestrian 0 0 -10 1085.06 125.61 1241.76 272.71 -10 -10 -10 -100    0 -1000 -1000 -10
104 52 pedestrian 0 0 -10 863.29 148.90 1046.99 229.16 -10 -10 -10 -100    0 -1000 -1000 -10
104 56 pedestrian 0 0 -10 658.18 146.12 699.78 193.47 -10 -10 -10 -100    0 -1000 -1000 -10
105 53 pedestrian 0 0 -10 1068.53 122.27 1241.74 261.04 -10 -10 -10 -100    0 -1000 -1000 -10
105 51 pedestrian 0 0 -10 957.16 134.54 1197.17 246.39 -10 -10 -10 -100    0 -1000 -1000 -10
105 50 pedestrian 0 0 -10 639.34 173.46 678.71 208.13 -10 -10 -10 -100    0 -1000 -1000 -10
105 49 pedestrian 0 0 -10 349.36 190.39 455.97 258.25 -10 -10 -10 -100    0 -1000 -1000 -10
105 47 pedestrian 0 0 -10 170.21 199.66 366.21 313.21 -10 -10 -10 -100    0 -1000 -1000 -10
105 31 pedestrian 0 0 -10 713.49 176.90 839.46 272.77 -10 -10 -10 -100    0 -1000 -1000 -10
105 55 pedestrian 0 0 -10 687.61 172.56 766.57 245.54 -10 -10 -10 -100    0 -1000 -1000 -10
105 46 pedestrian 0 0 -10 0.00 223.87 197.57 375.00 -10 -10 -10 -100    0 -1000 -1000 -10
105 21 pedestrian 0 0 -10 578.09 168.21 616.47 198.47 -10 -10 -10 -100    0 -1000 -1000 -10
105 57 pedestrian 0 0 -10 46.58 166.49 118.14 246.88 -10 -10 -10 -100    0 -1000 -1000 -10
105 8 pedestrian 0 0 -10 489.04 172.00 556.07 222.10 -10 -10 -10 -100    0 -1000 -1000 -10
105 7 pedestrian 0 0 -10 1144.27 119.89 1241.90 293.04 -10 -10 -10 -100    0 -1000 -1000 -10
105 52 pedestrian 0 0 -10 884.78 148.12 1083.31 234.22 -10 -10 -10 -100    0 -1000 -1000 -10
105 56 pedestrian 0 0 -10 660.58 143.63 700.88 193.54 -10 -10 -10 -100    0 -1000 -1000 -10
106 51 pedestrian 0 0 -10 986.76 132.21 1242.00 255.60 -10 -10 -10 -100    0 -1000 -1000 -10
106 50 pedestrian 0 0 -10 639.32 172.47 676.09 208.41 -10 -10 -10 -100    0 -1000 -1000 -10
106 49 pedestrian 0 0 -10 333.79 191.57 448.21 263.56 -10 -10 -10 -100    0 -1000 -1000 -10
106 47 pedestrian 0 0 -10 121.34 201.37 347.65 329.68 -10 -10 -10 -100    0 -1000 -1000 -10
106 31 pedestrian 0 0 -10 721.27 176.97 862.04 282.98 -10 -10 -10 -100    0 -1000 -1000 -10
106 55 pedestrian 0 0 -10 692.63 172.08 777.72 249.86 -10 -10 -10 -100    0 -1000 -1000 -10
106 46 pedestrian 0 0 -10 0.00 230.56 138.21 375.00 -10 -10 -10 -100    0 -1000 -1000 -10
106 21 pedestrian 0 0 -10 574.23 168.83 615.37 198.92 -10 -10 -10 -100    0 -1000 -1000 -10
106 57 pedestrian 0 0 -10 6.53 173.92 81.46 251.79 -10 -10 -10 -100    0 -1000 -1000 -10
106 8 pedestrian 0 0 -10 485.45 172.03 555.63 222.76 -10 -10 -10 -100    0 -1000 -1000 -10
106 7 pedestrian 0 0 -10 1112.08 119.83 1241.96 274.00 -10 -10 -10 -100    0 -1000 -1000 -10
106 52 pedestrian 0 0 -10 901.94 148.24 1121.32 240.13 -10 -10 -10 -100    0 -1000 -1000 -10
106 56 pedestrian 0 0 -10 659.59 142.95 704.93 193.19 -10 -10 -10 -100    0 -1000 -1000 -10
107 51 pedestrian 0 0 -10 1024.95 131.07 1241.94 262.27 -10 -10 -10 -100    0 -1000 -1000 -10
107 50 pedestrian 0 0 -10 640.86 173.18 677.88 208.23 -10 -10 -10 -100    0 -1000 -1000 -10
107 49 pedestrian 0 0 -10 314.66 192.54 437.92 270.34 -10 -10 -10 -100    0 -1000 -1000 -10
107 47 pedestrian 0 0 -10 57.47 205.07 325.58 351.67 -10 -10 -10 -100    0 -1000 -1000 -10
107 31 pedestrian 0 0 -10 730.55 177.54 890.54 295.64 -10 -10 -10 -100    0 -1000 -1000 -10
107 55 pedestrian 0 0 -10 697.52 174.17 790.93 255.85 -10 -10 -10 -100    0 -1000 -1000 -10
107 21 pedestrian 0 0 -10 571.24 170.09 614.30 199.57 -10 -10 -10 -100    0 -1000 -1000 -10
107 8 pedestrian 0 0 -10 480.29 171.20 556.41 224.04 -10 -10 -10 -100    0 -1000 -1000 -10
107 7 pedestrian 0 0 -10 1173.28 120.12 1241.81 282.89 -10 -10 -10 -100    0 -1000 -1000 -10
107 52 pedestrian 0 0 -10 918.73 145.44 1163.25 246.44 -10 -10 -10 -100    0 -1000 -1000 -10
107 56 pedestrian 0 0 -10 662.22 138.69 716.71 191.69 -10 -10 -10 -100    0 -1000 -1000 -10
108 59 pedestrian 0 0 -10 673.64 178.43 735.89 227.99 -10 -10 -10 -100    0 -1000 -1000 -10
108 58 pedestrian 0 0 -10 390.33 189.38 466.86 249.80 -10 -10 -10 -100    0 -1000 -1000 -10
108 51 pedestrian 0 0 -10 1063.91 128.27 1241.97 281.00 -10 -10 -10 -100    0 -1000 -1000 -10
108 50 pedestrian 0 0 -10 642.47 176.34 680.28 208.70 -10 -10 -10 -100    0 -1000 -1000 -10
108 49 pedestrian 0 0 -10 291.77 194.27 428.20 277.61 -10 -10 -10 -100    0 -1000 -1000 -10
108 47 pedestrian 0 0 -10 0.28 209.47 296.97 375.00 -10 -10 -10 -100    0 -1000 -1000 -10
108 31 pedestrian 0 0 -10 741.91 179.44 923.98 310.56 -10 -10 -10 -100    0 -1000 -1000 -10
108 55 pedestrian 0 0 -10 702.23 174.14 803.10 261.84 -10 -10 -10 -100    0 -1000 -1000 -10
108 21 pedestrian 0 0 -10 567.16 171.84 609.26 201.12 -10 -10 -10 -100    0 -1000 -1000 -10
108 8 pedestrian 0 0 -10 473.56 172.09 553.72 227.05 -10 -10 -10 -100    0 -1000 -1000 -10
108 52 pedestrian 0 0 -10 942.07 144.84 1212.34 257.68 -10 -10 -10 -100    0 -1000 -1000 -10
108 56 pedestrian 0 0 -10 669.94 132.76 734.81 183.91 -10 -10 -10 -100    0 -1000 -1000 -10
109 60 pedestrian 0 0 -10 117.07 174.05 417.95 224.69 -10 -10 -10 -100    0 -1000 -1000 -10
109 59 pedestrian 0 0 -10 676.16 179.62 742.14 231.42 -10 -10 -10 -100    0 -1000 -1000 -10
109 58 pedestrian 0 0 -10 379.00 190.54 459.72 254.66 -10 -10 -10 -100    0 -1000 -1000 -10
109 51 pedestrian 0 0 -10 1114.95 126.78 1241.66 307.29 -10 -10 -10 -100    0 -1000 -1000 -10
109 50 pedestrian 0 0 -10 646.25 177.89 687.28 211.65 -10 -10 -10 -100    0 -1000 -1000 -10
109 49 pedestrian 0 0 -10 267.85 195.74 418.36 286.43 -10 -10 -10 -100    0 -1000 -1000 -10
109 47 pedestrian 0 0 -10 0.08 215.53 264.19 375.00 -10 -10 -10 -100    0 -1000 -1000 -10
109 31 pedestrian 0 0 -10 755.73 180.51 965.96 331.10 -10 -10 -10 -100    0 -1000 -1000 -10
109 55 pedestrian 0 0 -10 708.78 174.78 820.14 270.83 -10 -10 -10 -100    0 -1000 -1000 -10
109 21 pedestrian 0 0 -10 565.27 174.10 605.89 193.48 -10 -10 -10 -100    0 -1000 -1000 -10
109 52 pedestrian 0 0 -10 970.42 146.24 1242.00 268.38 -10 -10 -10 -100    0 -1000 -1000 -10
109 56 pedestrian 0 0 -10 668.90 137.27 730.86 186.16 -10 -10 -10 -100    0 -1000 -1000 -10
110 61 pedestrian 0 0 -10 664.15 180.89 720.70 225.30 -10 -10 -10 -100    0 -1000 -1000 -10
110 60 pedestrian 0 0 -10 79.06 167.50 406.51 231.15 -10 -10 -10 -100    0 -1000 -1000 -10
110 59 pedestrian 0 0 -10 679.94 180.00 747.89 233.77 -10 -10 -10 -100    0 -1000 -1000 -10
110 58 pedestrian 0 0 -10 366.08 191.98 452.57 259.14 -10 -10 -10 -100    0 -1000 -1000 -10
110 50 pedestrian 0 0 -10 649.10 178.63 691.18 213.56 -10 -10 -10 -100    0 -1000 -1000 -10
110 49 pedestrian 0 0 -10 238.98 197.57 404.74 297.25 -10 -10 -10 -100    0 -1000 -1000 -10
110 47 pedestrian 0 0 -10 0.00 220.55 225.29 375.00 -10 -10 -10 -100    0 -1000 -1000 -10
110 31 pedestrian 0 0 -10 770.72 183.19 1024.27 357.17 -10 -10 -10 -100    0 -1000 -1000 -10
110 55 pedestrian 0 0 -10 715.74 175.93 840.29 279.64 -10 -10 -10 -100    0 -1000 -1000 -10
110 21 pedestrian 0 0 -10 560.68 174.41 604.11 193.52 -10 -10 -10 -100    0 -1000 -1000 -10
110 52 pedestrian 0 0 -10 1004.93 146.03 1242.00 278.74 -10 -10 -10 -100    0 -1000 -1000 -10
110 56 pedestrian 0 0 -10 674.83 135.89 736.09 185.39 -10 -10 -10 -100    0 -1000 -1000 -10
111 61 pedestrian 0 0 -10 666.19 181.53 725.86 227.05 -10 -10 -10 -100    0 -1000 -1000 -10
111 60 pedestrian 0 0 -10 45.74 160.77 390.33 233.34 -10 -10 -10 -100    0 -1000 -1000 -10
111 59 pedestrian 0 0 -10 683.03 180.24 756.28 237.17 -10 -10 -10 -100    0 -1000 -1000 -10
111 58 pedestrian 0 0 -10 349.78 192.57 444.63 263.99 -10 -10 -10 -100    0 -1000 -1000 -10
111 50 pedestrian 0 0 -10 650.91 178.39 692.62 214.10 -10 -10 -10 -100    0 -1000 -1000 -10
111 49 pedestrian 0 0 -10 204.81 199.25 390.76 307.49 -10 -10 -10 -100    0 -1000 -1000 -10
111 47 pedestrian 0 0 -10 0.00 226.78 174.56 375.00 -10 -10 -10 -100    0 -1000 -1000 -10
111 31 pedestrian 0 0 -10 789.99 183.21 1100.46 375.00 -10 -10 -10 -100    0 -1000 -1000 -10
111 55 pedestrian 0 0 -10 723.79 176.55 862.41 289.65 -10 -10 -10 -100    0 -1000 -1000 -10
111 21 pedestrian 0 0 -10 555.98 174.47 601.30 193.24 -10 -10 -10 -100    0 -1000 -1000 -10
111 52 pedestrian 0 0 -10 1047.49 145.36 1242.00 292.14 -10 -10 -10 -100    0 -1000 -1000 -10
111 56 pedestrian 0 0 -10 676.14 135.17 738.56 184.00 -10 -10 -10 -100    0 -1000 -1000 -10
112 61 pedestrian 0 0 -10 668.85 180.89 729.04 227.79 -10 -10 -10 -100    0 -1000 -1000 -10
112 60 pedestrian 0 0 -10 0.22 155.90 422.56 240.81 -10 -10 -10 -100    0 -1000 -1000 -10
112 59 pedestrian 0 0 -10 686.90 180.25 764.94 240.93 -10 -10 -10 -100    0 -1000 -1000 -10
112 58 pedestrian 0 0 -10 330.72 192.16 435.74 269.45 -10 -10 -10 -100    0 -1000 -1000 -10
112 50 pedestrian 0 0 -10 652.14 176.95 693.26 213.92 -10 -10 -10 -100    0 -1000 -1000 -10
112 49 pedestrian 0 0 -10 163.58 201.22 376.41 321.04 -10 -10 -10 -100    0 -1000 -1000 -10
112 47 pedestrian 0 0 -10 0.00 231.56 113.02 375.00 -10 -10 -10 -100    0 -1000 -1000 -10
112 62 pedestrian 0 0 -10 427.24 186.42 499.60 236.37 -10 -10 -10 -100    0 -1000 -1000 -10
112 31 pedestrian 0 0 -10 813.30 184.02 1209.58 375.00 -10 -10 -10 -100    0 -1000 -1000 -10
112 55 pedestrian 0 0 -10 732.72 176.52 890.38 302.07 -10 -10 -10 -100    0 -1000 -1000 -10
112 21 pedestrian 0 0 -10 548.53 173.70 593.96 193.31 -10 -10 -10 -100    0 -1000 -1000 -10
112 52 pedestrian 0 0 -10 1108.70 146.43 1241.90 321.82 -10 -10 -10 -100    0 -1000 -1000 -10
112 63 pedestrian 0 0 -10 496.30 180.06 531.52 212.77 -10 -10 -10 -100    0 -1000 -1000 -10
112 56 pedestrian 0 0 -10 677.81 133.66 740.66 182.09 -10 -10 -10 -100    0 -1000 -1000 -10
113 61 pedestrian 0 0 -10 670.24 180.42 736.64 230.01 -10 -10 -10 -100    0 -1000 -1000 -10
113 60 pedestrian 0 0 -10 0.00 155.65 431.04 254.13 -10 -10 -10 -100    0 -1000 -1000 -10
113 59 pedestrian 0 0 -10 690.22 179.83 773.10 244.08 -10 -10 -10 -100    0 -1000 -1000 -10
113 58 pedestrian 0 0 -10 312.63 193.17 425.40 274.68 -10 -10 -10 -100    0 -1000 -1000 -10
113 50 pedestrian 0 0 -10 653.45 176.50 697.85 215.15 -10 -10 -10 -100    0 -1000 -1000 -10
113 49 pedestrian 0 0 -10 112.02 203.02 357.99 337.96 -10 -10 -10 -100    0 -1000 -1000 -10
113 62 pedestrian 0 0 -10 421.67 186.69 494.75 238.55 -10 -10 -10 -100    0 -1000 -1000 -10
113 31 pedestrian 0 0 -10 844.20 185.87 1241.56 375.00 -10 -10 -10 -100    0 -1000 -1000 -10
113 55 pedestrian 0 0 -10 742.49 175.69 925.09 318.50 -10 -10 -10 -100    0 -1000 -1000 -10
113 21 pedestrian 0 0 -10 540.95 172.93 590.13 193.98 -10 -10 -10 -100    0 -1000 -1000 -10
113 63 pedestrian 0 0 -10 493.38 179.21 529.79 213.13 -10 -10 -10 -100    0 -1000 -1000 -10
113 56 pedestrian 0 0 -10 677.96 132.92 744.14 180.07 -10 -10 -10 -100    0 -1000 -1000 -10
114 59 pedestrian 0 0 -10 693.60 180.82 783.25 248.94 -10 -10 -10 -100    0 -1000 -1000 -10
114 58 pedestrian 0 0 -10 287.95 193.08 413.02 281.94 -10 -10 -10 -100    0 -1000 -1000 -10
114 50 pedestrian 0 0 -10 654.63 177.25 701.68 216.36 -10 -10 -10 -100    0 -1000 -1000 -10
114 49 pedestrian 0 0 -10 48.84 206.46 334.22 358.75 -10 -10 -10 -100    0 -1000 -1000 -10
114 60 pedestrian 0 0 -10 0.00 155.39 427.50 257.38 -10 -10 -10 -100    0 -1000 -1000 -10
114 62 pedestrian 0 0 -10 411.24 187.17 490.15 240.67 -10 -10 -10 -100    0 -1000 -1000 -10
114 31 pedestrian 0 0 -10 887.79 186.81 1241.66 375.00 -10 -10 -10 -100    0 -1000 -1000 -10
114 55 pedestrian 0 0 -10 755.09 177.37 969.04 340.47 -10 -10 -10 -100    0 -1000 -1000 -10
114 21 pedestrian 0 0 -10 534.79 173.96 583.66 194.99 -10 -10 -10 -100    0 -1000 -1000 -10
114 61 pedestrian 0 0 -10 672.32 181.73 741.22 233.54 -10 -10 -10 -100    0 -1000 -1000 -10
114 63 pedestrian 0 0 -10 490.29 179.04 527.61 214.06 -10 -10 -10 -100    0 -1000 -1000 -10
114 56 pedestrian 0 0 -10 676.24 132.10 747.79 182.90 -10 -10 -10 -100    0 -1000 -1000 -10
115 58 pedestrian 0 0 -10 262.82 194.75 400.88 291.08 -10 -10 -10 -100    0 -1000 -1000 -10
115 50 pedestrian 0 0 -10 656.22 178.43 704.45 217.79 -10 -10 -10 -100    0 -1000 -1000 -10
115 49 pedestrian 0 0 -10 0.48 209.01 309.98 375.00 -10 -10 -10 -100    0 -1000 -1000 -10
115 60 pedestrian 0 0 -10 0.00 157.36 427.33 261.40 -10 -10 -10 -100    0 -1000 -1000 -10
115 62 pedestrian 0 0 -10 401.46 186.90 484.83 243.97 -10 -10 -10 -100    0 -1000 -1000 -10
115 31 pedestrian 0 0 -10 947.90 188.50 1242.00 375.00 -10 -10 -10 -100    0 -1000 -1000 -10
115 55 pedestrian 0 0 -10 769.97 178.19 1027.20 368.72 -10 -10 -10 -100    0 -1000 -1000 -10
115 59 pedestrian 0 0 -10 697.61 181.57 793.45 254.53 -10 -10 -10 -100    0 -1000 -1000 -10
115 21 pedestrian 0 0 -10 527.70 174.69 578.49 195.77 -10 -10 -10 -100    0 -1000 -1000 -10
115 61 pedestrian 0 0 -10 675.01 182.65 746.43 236.51 -10 -10 -10 -100    0 -1000 -1000 -10
115 63 pedestrian 0 0 -10 486.96 179.50 525.49 215.25 -10 -10 -10 -100    0 -1000 -1000 -10
115 56 pedestrian 0 0 -10 674.81 132.35 748.03 185.03 -10 -10 -10 -100    0 -1000 -1000 -10
116 58 pedestrian 0 0 -10 230.05 195.30 386.47 300.33 -10 -10 -10 -100    0 -1000 -1000 -10
116 50 pedestrian 0 0 -10 658.07 178.08 708.76 219.75 -10 -10 -10 -100    0 -1000 -1000 -10
116 49 pedestrian 0 0 -10 0.00 211.33 278.23 375.00 -10 -10 -10 -100    0 -1000 -1000 -10
116 60 pedestrian 0 0 -10 0.00 156.30 424.54 260.33 -10 -10 -10 -100    0 -1000 -1000 -10
116 62 pedestrian 0 0 -10 389.35 186.72 479.32 246.54 -10 -10 -10 -100    0 -1000 -1000 -10
116 31 pedestrian 0 0 -10 1041.41 186.65 1241.89 375.00 -10 -10 -10 -100    0 -1000 -1000 -10
116 55 pedestrian 0 0 -10 787.66 177.93 1104.17 375.00 -10 -10 -10 -100    0 -1000 -1000 -10
116 59 pedestrian 0 0 -10 704.64 181.30 809.16 258.41 -10 -10 -10 -100    0 -1000 -1000 -10
116 21 pedestrian 0 0 -10 520.03 174.25 573.06 196.01 -10 -10 -10 -100    0 -1000 -1000 -10
116 61 pedestrian 0 0 -10 677.96 182.19 753.68 240.02 -10 -10 -10 -100    0 -1000 -1000 -10
116 63 pedestrian 0 0 -10 482.97 178.73 523.01 215.34 -10 -10 -10 -100    0 -1000 -1000 -10
116 56 pedestrian 0 0 -10 673.81 130.98 755.44 184.31 -10 -10 -10 -100    0 -1000 -1000 -10
117 58 pedestrian 0 0 -10 192.66 197.11 370.15 312.14 -10 -10 -10 -100    0 -1000 -1000 -10
117 50 pedestrian 0 0 -10 658.19 177.31 710.94 220.42 -10 -10 -10 -100    0 -1000 -1000 -10
117 49 pedestrian 0 0 -10 0.43 215.14 239.78 375.00 -10 -10 -10 -100    0 -1000 -1000 -10
117 60 pedestrian 0 0 -10 0.00 155.22 422.98 260.92 -10 -10 -10 -100    0 -1000 -1000 -10
117 62 pedestrian 0 0 -10 376.02 186.49 473.91 249.74 -10 -10 -10 -100    0 -1000 -1000 -10
117 55 pedestrian 0 0 -10 811.23 178.31 1216.89 375.00 -10 -10 -10 -100    0 -1000 -1000 -10
117 59 pedestrian 0 0 -10 709.75 181.09 823.06 264.08 -10 -10 -10 -100    0 -1000 -1000 -10
117 21 pedestrian 0 0 -10 511.89 174.29 565.69 196.25 -10 -10 -10 -100    0 -1000 -1000 -10
117 61 pedestrian 0 0 -10 681.34 181.87 760.61 242.11 -10 -10 -10 -100    0 -1000 -1000 -10
117 63 pedestrian 0 0 -10 478.50 178.09 520.39 215.85 -10 -10 -10 -100    0 -1000 -1000 -10
117 56 pedestrian 0 0 -10 673.50 127.83 759.16 184.10 -10 -10 -10 -100    0 -1000 -1000 -10
118 58 pedestrian 0 0 -10 148.62 197.34 351.04 327.35 -10 -10 -10 -100    0 -1000 -1000 -10
118 50 pedestrian 0 0 -10 659.30 175.98 714.19 220.57 -10 -10 -10 -100    0 -1000 -1000 -10
118 49 pedestrian 0 0 -10 0.00 220.83 192.12 375.00 -10 -10 -10 -100    0 -1000 -1000 -10
118 60 pedestrian 0 0 -10 0.95 156.90 424.57 262.46 -10 -10 -10 -100    0 -1000 -1000 -10
118 62 pedestrian 0 0 -10 363.47 185.95 466.51 252.01 -10 -10 -10 -100    0 -1000 -1000 -10
118 55 pedestrian 0 0 -10 837.90 179.10 1240.11 375.00 -10 -10 -10 -100    0 -1000 -1000 -10
118 59 pedestrian 0 0 -10 716.61 180.18 835.74 270.06 -10 -10 -10 -100    0 -1000 -1000 -10
118 21 pedestrian 0 0 -10 503.90 172.71 558.47 196.83 -10 -10 -10 -100    0 -1000 -1000 -10
118 61 pedestrian 0 0 -10 684.00 180.26 770.40 244.15 -10 -10 -10 -100    0 -1000 -1000 -10
118 63 pedestrian 0 0 -10 473.69 177.55 517.18 215.81 -10 -10 -10 -100    0 -1000 -1000 -10
118 56 pedestrian 0 0 -10 671.99 124.97 760.76 182.33 -10 -10 -10 -100    0 -1000 -1000 -10
119 50 pedestrian 0 0 -10 663.18 174.86 717.19 220.32 -10 -10 -10 -100    0 -1000 -1000 -10
119 49 pedestrian 0 0 -10 0.00 229.70 128.15 375.00 -10 -10 -10 -100    0 -1000 -1000 -10
119 60 pedestrian 0 0 -10 0.00 155.61 417.44 258.77 -10 -10 -10 -100    0 -1000 -1000 -10
119 62 pedestrian 0 0 -10 346.80 185.25 459.55 255.99 -10 -10 -10 -100    0 -1000 -1000 -10
119 55 pedestrian 0 0 -10 875.02 178.87 1241.65 375.00 -10 -10 -10 -100    0 -1000 -1000 -10
119 59 pedestrian 0 0 -10 724.31 178.74 856.28 275.36 -10 -10 -10 -100    0 -1000 -1000 -10
119 21 pedestrian 0 0 -10 493.38 171.79 550.13 194.88 -10 -10 -10 -100    0 -1000 -1000 -10
119 61 pedestrian 0 0 -10 687.39 178.29 781.83 245.81 -10 -10 -10 -100    0 -1000 -1000 -10
119 63 pedestrian 0 0 -10 469.00 176.33 514.14 216.26 -10 -10 -10 -100    0 -1000 -1000 -10
119 56 pedestrian 0 0 -10 674.37 123.89 763.50 182.05 -10 -10 -10 -100    0 -1000 -1000 -10
119 58 pedestrian 0 0 -10 92.35 198.76 329.62 343.80 -10 -10 -10 -100    0 -1000 -1000 -10
120 50 pedestrian 0 0 -10 663.85 175.34 722.89 223.64 -10 -10 -10 -100    0 -1000 -1000 -10
120 60 pedestrian 0 0 -10 0.00 155.87 420.04 258.64 -10 -10 -10 -100    0 -1000 -1000 -10
120 62 pedestrian 0 0 -10 329.06 184.98 451.39 261.08 -10 -10 -10 -100    0 -1000 -1000 -10
120 55 pedestrian 0 0 -10 924.36 181.03 1242.00 375.00 -10 -10 -10 -100    0 -1000 -1000 -10
120 59 pedestrian 0 0 -10 731.42 178.66 879.51 284.41 -10 -10 -10 -100    0 -1000 -1000 -10
120 21 pedestrian 0 0 -10 488.90 172.55 543.95 196.98 -10 -10 -10 -100    0 -1000 -1000 -10
120 61 pedestrian 0 0 -10 691.20 178.13 788.87 250.07 -10 -10 -10 -100    0 -1000 -1000 -10
120 63 pedestrian 0 0 -10 464.63 176.72 511.23 218.58 -10 -10 -10 -100    0 -1000 -1000 -10
120 56 pedestrian 0 0 -10 675.47 124.74 769.87 183.09 -10 -10 -10 -100    0 -1000 -1000 -10
120 58 pedestrian 0 0 -10 22.66 203.88 302.09 368.71 -10 -10 -10 -100    0 -1000 -1000 -10
121 50 pedestrian 0 0 -10 665.88 175.70 728.04 227.05 -10 -10 -10 -100    0 -1000 -1000 -10
121 60 pedestrian 0 0 -10 0.00 157.29 448.11 254.55 -10 -10 -10 -100    0 -1000 -1000 -10
121 62 pedestrian 0 0 -10 311.35 186.56 443.04 268.16 -10 -10 -10 -100    0 -1000 -1000 -10
121 55 pedestrian 0 0 -10 998.92 180.13 1241.89 375.00 -10 -10 -10 -100    0 -1000 -1000 -10
121 59 pedestrian 0 0 -10 740.87 179.40 907.81 296.82 -10 -10 -10 -100    0 -1000 -1000 -10
121 21 pedestrian 0 0 -10 485.18 176.14 528.22 206.43 -10 -10 -10 -100    0 -1000 -1000 -10
121 61 pedestrian 0 0 -10 695.62 179.38 799.98 256.15 -10 -10 -10 -100    0 -1000 -1000 -10
121 64 pedestrian 0 0 -10 658.46 174.86 704.58 217.25 -10 -10 -10 -100    0 -1000 -1000 -10
121 63 pedestrian 0 0 -10 458.67 177.97 508.67 220.35 -10 -10 -10 -100    0 -1000 -1000 -10
121 56 pedestrian 0 0 -10 678.09 125.09 788.60 186.49 -10 -10 -10 -100    0 -1000 -1000 -10
121 58 pedestrian 0 0 -10 0.06 208.28 271.42 375.00 -10 -10 -10 -100    0 -1000 -1000 -10
122 50 pedestrian 0 0 -10 668.35 175.58 733.39 229.09 -10 -10 -10 -100    0 -1000 -1000 -10
122 60 pedestrian 0 0 -10 0.30 155.18 475.55 247.95 -10 -10 -10 -100    0 -1000 -1000 -10
122 62 pedestrian 0 0 -10 287.98 186.64 432.42 275.44 -10 -10 -10 -100    0 -1000 -1000 -10
122 55 pedestrian 0 0 -10 1136.49 179.52 1241.84 375.00 -10 -10 -10 -100    0 -1000 -1000 -10
122 59 pedestrian 0 0 -10 751.90 179.57 941.73 310.39 -10 -10 -10 -100    0 -1000 -1000 -10
122 61 pedestrian 0 0 -10 701.14 179.25 813.98 261.46 -10 -10 -10 -100    0 -1000 -1000 -10
122 64 pedestrian 0 0 -10 660.01 175.10 707.22 218.49 -10 -10 -10 -100    0 -1000 -1000 -10
122 63 pedestrian 0 0 -10 454.06 178.03 506.17 221.25 -10 -10 -10 -100    0 -1000 -1000 -10
122 56 pedestrian 0 0 -10 680.22 124.91 806.32 188.45 -10 -10 -10 -100    0 -1000 -1000 -10
122 58 pedestrian 0 0 -10 0.00 212.04 234.26 375.00 -10 -10 -10 -100    0 -1000 -1000 -10
123 50 pedestrian 0 0 -10 670.40 174.00 739.56 230.48 -10 -10 -10 -100    0 -1000 -1000 -10
123 60 pedestrian 0 0 -10 0.00 160.74 240.39 246.91 -10 -10 -10 -100    0 -1000 -1000 -10
123 62 pedestrian 0 0 -10 263.95 189.24 420.06 283.33 -10 -10 -10 -100    0 -1000 -1000 -10
123 59 pedestrian 0 0 -10 764.04 178.92 983.90 326.09 -10 -10 -10 -100    0 -1000 -1000 -10
123 61 pedestrian 0 0 -10 705.73 178.38 829.94 267.39 -10 -10 -10 -100    0 -1000 -1000 -10
123 64 pedestrian 0 0 -10 661.46 173.95 712.22 218.15 -10 -10 -10 -100    0 -1000 -1000 -10
123 8 pedestrian 0 0 -10 476.73 176.86 517.99 215.35 -10 -10 -10 -100    0 -1000 -1000 -10
123 63 pedestrian 0 0 -10 445.95 176.47 502.29 222.74 -10 -10 -10 -100    0 -1000 -1000 -10
123 56 pedestrian 0 0 -10 681.68 120.13 805.26 185.72 -10 -10 -10 -100    0 -1000 -1000 -10
123 58 pedestrian 0 0 -10 0.00 218.20 185.82 375.00 -10 -10 -10 -100    0 -1000 -1000 -10
124 65 pedestrian 0 0 -10 707.67 152.04 739.40 199.80 -10 -10 -10 -100    0 -1000 -1000 -10
124 50 pedestrian 0 0 -10 673.74 173.85 745.00 232.05 -10 -10 -10 -100    0 -1000 -1000 -10
124 60 pedestrian 0 0 -10 0.10 160.13 225.99 247.28 -10 -10 -10 -100    0 -1000 -1000 -10
124 62 pedestrian 0 0 -10 235.65 191.01 407.93 293.21 -10 -10 -10 -100    0 -1000 -1000 -10
124 59 pedestrian 0 0 -10 778.24 177.88 1039.15 348.20 -10 -10 -10 -100    0 -1000 -1000 -10
124 61 pedestrian 0 0 -10 712.00 177.28 848.64 273.12 -10 -10 -10 -100    0 -1000 -1000 -10
124 64 pedestrian 0 0 -10 663.89 171.94 718.56 218.84 -10 -10 -10 -100    0 -1000 -1000 -10
124 8 pedestrian 0 0 -10 474.11 176.79 514.06 215.02 -10 -10 -10 -100    0 -1000 -1000 -10
124 63 pedestrian 0 0 -10 440.11 176.19 499.70 223.29 -10 -10 -10 -100    0 -1000 -1000 -10
124 56 pedestrian 0 0 -10 684.13 120.18 793.18 185.62 -10 -10 -10 -100    0 -1000 -1000 -10
124 58 pedestrian 0 0 -10 0.00 224.27 123.47 375.00 -10 -10 -10 -100    0 -1000 -1000 -10
125 65 pedestrian 0 0 -10 711.55 150.32 744.31 200.34 -10 -10 -10 -100    0 -1000 -1000 -10
125 50 pedestrian 0 0 -10 675.56 172.25 752.46 234.86 -10 -10 -10 -100    0 -1000 -1000 -10
125 60 pedestrian 0 0 -10 0.34 164.62 206.72 252.43 -10 -10 -10 -100    0 -1000 -1000 -10
125 62 pedestrian 0 0 -10 201.36 192.34 394.23 305.67 -10 -10 -10 -100    0 -1000 -1000 -10
125 59 pedestrian 0 0 -10 794.51 177.54 1112.66 375.00 -10 -10 -10 -100    0 -1000 -1000 -10
125 61 pedestrian 0 0 -10 718.21 177.71 868.73 281.53 -10 -10 -10 -100    0 -1000 -1000 -10
125 64 pedestrian 0 0 -10 665.12 171.66 723.22 220.13 -10 -10 -10 -100    0 -1000 -1000 -10
125 8 pedestrian 0 0 -10 467.98 176.15 510.53 215.62 -10 -10 -10 -100    0 -1000 -1000 -10
125 63 pedestrian 0 0 -10 433.50 175.17 495.52 225.59 -10 -10 -10 -100    0 -1000 -1000 -10
125 56 pedestrian 0 0 -10 683.51 118.37 778.86 186.18 -10 -10 -10 -100    0 -1000 -1000 -10
126 50 pedestrian 0 0 -10 678.47 172.14 759.30 237.53 -10 -10 -10 -100    0 -1000 -1000 -10
126 60 pedestrian 0 0 -10 0.55 166.25 200.18 251.21 -10 -10 -10 -100    0 -1000 -1000 -10
126 62 pedestrian 0 0 -10 159.85 195.33 379.10 320.28 -10 -10 -10 -100    0 -1000 -1000 -10
126 59 pedestrian 0 0 -10 816.70 176.08 1223.48 375.00 -10 -10 -10 -100    0 -1000 -1000 -10
126 61 pedestrian 0 0 -10 726.08 177.37 897.57 293.32 -10 -10 -10 -100    0 -1000 -1000 -10
126 64 pedestrian 0 0 -10 667.89 171.40 728.78 222.85 -10 -10 -10 -100    0 -1000 -1000 -10
126 8 pedestrian 0 0 -10 462.54 176.59 507.05 217.36 -10 -10 -10 -100    0 -1000 -1000 -10
126 63 pedestrian 0 0 -10 425.99 175.96 492.01 228.44 -10 -10 -10 -100    0 -1000 -1000 -10
126 56 pedestrian 0 0 -10 684.35 114.28 775.71 186.79 -10 -10 -10 -100    0 -1000 -1000 -10
127 50 pedestrian 0 0 -10 681.64 171.15 767.85 239.62 -10 -10 -10 -100    0 -1000 -1000 -10
127 60 pedestrian 0 0 -10 0.00 171.10 129.52 255.87 -10 -10 -10 -100    0 -1000 -1000 -10
127 62 pedestrian 0 0 -10 110.45 197.65 359.12 337.49 -10 -10 -10 -100    0 -1000 -1000 -10
127 59 pedestrian 0 0 -10 846.91 173.40 1240.30 375.00 -10 -10 -10 -100    0 -1000 -1000 -10
127 61 pedestrian 0 0 -10 736.26 177.01 926.54 304.49 -10 -10 -10 -100    0 -1000 -1000 -10
127 64 pedestrian 0 0 -10 669.89 170.76 732.92 223.27 -10 -10 -10 -100    0 -1000 -1000 -10
127 8 pedestrian 0 0 -10 457.44 176.77 504.30 218.14 -10 -10 -10 -100    0 -1000 -1000 -10
127 63 pedestrian 0 0 -10 419.03 175.59 486.81 229.72 -10 -10 -10 -100    0 -1000 -1000 -10
127 56 pedestrian 0 0 -10 685.34 115.36 776.31 187.07 -10 -10 -10 -100    0 -1000 -1000 -10
128 50 pedestrian 0 0 -10 685.23 169.95 775.74 243.06 -10 -10 -10 -100    0 -1000 -1000 -10
128 60 pedestrian 0 0 -10 0.00 178.75 86.79 259.85 -10 -10 -10 -100    0 -1000 -1000 -10
128 62 pedestrian 0 0 -10 46.19 199.58 338.62 360.49 -10 -10 -10 -100    0 -1000 -1000 -10
128 59 pedestrian 0 0 -10 884.00 172.21 1241.82 375.00 -10 -10 -10 -100    0 -1000 -1000 -10
128 61 pedestrian 0 0 -10 746.70 175.61 966.98 320.29 -10 -10 -10 -100    0 -1000 -1000 -10
128 64 pedestrian 0 0 -10 672.07 169.22 738.62 225.74 -10 -10 -10 -100    0 -1000 -1000 -10
128 8 pedestrian 0 0 -10 450.38 176.84 500.07 220.08 -10 -10 -10 -100    0 -1000 -1000 -10
128 63 pedestrian 0 0 -10 409.41 175.14 483.15 232.36 -10 -10 -10 -100    0 -1000 -1000 -10
128 56 pedestrian 0 0 -10 687.65 118.55 863.18 185.82 -10 -10 -10 -100    0 -1000 -1000 -10
129 50 pedestrian 0 0 -10 690.34 168.45 789.07 246.94 -10 -10 -10 -100    0 -1000 -1000 -10
129 62 pedestrian 0 0 -10 0.00 201.79 314.12 375.00 -10 -10 -10 -100    0 -1000 -1000 -10
129 59 pedestrian 0 0 -10 932.73 169.77 1241.75 375.00 -10 -10 -10 -100    0 -1000 -1000 -10
129 61 pedestrian 0 0 -10 760.06 173.49 1014.62 339.30 -10 -10 -10 -100    0 -1000 -1000 -10
129 64 pedestrian 0 0 -10 674.51 168.13 746.36 226.92 -10 -10 -10 -100    0 -1000 -1000 -10
129 8 pedestrian 0 0 -10 444.59 175.72 497.22 220.39 -10 -10 -10 -100    0 -1000 -1000 -10
129 63 pedestrian 0 0 -10 400.35 175.17 477.08 233.75 -10 -10 -10 -100    0 -1000 -1000 -10
129 56 pedestrian 0 0 -10 691.02 117.98 865.20 177.02 -10 -10 -10 -100    0 -1000 -1000 -10
130 50 pedestrian 0 0 -10 694.80 168.57 800.31 253.72 -10 -10 -10 -100    0 -1000 -1000 -10
130 62 pedestrian 0 0 -10 0.01 205.31 283.17 375.00 -10 -10 -10 -100    0 -1000 -1000 -10
130 59 pedestrian 0 0 -10 1013.20 168.61 1241.76 375.00 -10 -10 -10 -100    0 -1000 -1000 -10
130 61 pedestrian 0 0 -10 775.07 172.37 1075.74 365.46 -10 -10 -10 -100    0 -1000 -1000 -10
130 64 pedestrian 0 0 -10 677.72 167.97 753.84 229.56 -10 -10 -10 -100    0 -1000 -1000 -10
130 8 pedestrian 0 0 -10 440.02 176.14 493.62 222.38 -10 -10 -10 -100    0 -1000 -1000 -10
130 63 pedestrian 0 0 -10 389.91 175.25 470.61 236.74 -10 -10 -10 -100    0 -1000 -1000 -10
130 56 pedestrian 0 0 -10 692.15 116.35 867.87 175.10 -10 -10 -10 -100    0 -1000 -1000 -10
131 50 pedestrian 0 0 -10 699.95 168.98 814.56 258.97 -10 -10 -10 -100    0 -1000 -1000 -10
131 62 pedestrian 0 0 -10 0.00 209.95 245.98 375.00 -10 -10 -10 -100    0 -1000 -1000 -10
131 59 pedestrian 0 0 -10 1130.85 170.73 1241.81 375.00 -10 -10 -10 -100    0 -1000 -1000 -10
131 61 pedestrian 0 0 -10 792.50 172.24 1158.96 375.00 -10 -10 -10 -100    0 -1000 -1000 -10
131 64 pedestrian 0 0 -10 680.34 167.79 761.53 232.78 -10 -10 -10 -100    0 -1000 -1000 -10
131 8 pedestrian 0 0 -10 432.55 177.40 489.05 225.60 -10 -10 -10 -100    0 -1000 -1000 -10
131 63 pedestrian 0 0 -10 377.61 176.78 464.77 241.70 -10 -10 -10 -100    0 -1000 -1000 -10
131 56 pedestrian 0 0 -10 694.33 115.54 880.76 173.71 -10 -10 -10 -100    0 -1000 -1000 -10
132 67 pedestrian 0 0 -10 89.53 168.23 268.07 254.13 -10 -10 -10 -100    0 -1000 -1000 -10
132 50 pedestrian 0 0 -10 703.87 169.93 828.40 268.60 -10 -10 -10 -100    0 -1000 -1000 -10
132 62 pedestrian 0 0 -10 0.00 217.04 204.21 375.00 -10 -10 -10 -100    0 -1000 -1000 -10
132 68 pedestrian 0 0 -10 807.78 144.90 881.95 191.58 -10 -10 -10 -100    0 -1000 -1000 -10
132 61 pedestrian 0 0 -10 815.42 175.17 1241.35 375.00 -10 -10 -10 -100    0 -1000 -1000 -10
132 64 pedestrian 0 0 -10 682.28 169.96 767.04 237.55 -10 -10 -10 -100    0 -1000 -1000 -10
132 8 pedestrian 0 0 -10 423.42 179.56 483.83 230.74 -10 -10 -10 -100    0 -1000 -1000 -10
132 63 pedestrian 0 0 -10 364.59 179.91 457.98 248.64 -10 -10 -10 -100    0 -1000 -1000 -10
132 56 pedestrian 0 0 -10 691.85 115.76 893.76 176.21 -10 -10 -10 -100    0 -1000 -1000 -10
133 50 pedestrian 0 0 -10 710.66 172.02 846.65 278.30 -10 -10 -10 -100    0 -1000 -1000 -10
133 67 pedestrian 0 0 -10 50.10 166.53 255.69 260.99 -10 -10 -10 -100    0 -1000 -1000 -10
133 62 pedestrian 0 0 -10 0.00 223.69 151.24 375.00 -10 -10 -10 -100    0 -1000 -1000 -10
133 68 pedestrian 0 0 -10 811.02 146.75 881.32 193.06 -10 -10 -10 -100    0 -1000 -1000 -10
133 61 pedestrian 0 0 -10 844.09 180.16 1241.17 375.00 -10 -10 -10 -100    0 -1000 -1000 -10
133 64 pedestrian 0 0 -10 686.64 171.98 776.50 246.09 -10 -10 -10 -100    0 -1000 -1000 -10
133 8 pedestrian 0 0 -10 416.37 182.72 479.06 236.45 -10 -10 -10 -100    0 -1000 -1000 -10
133 65 pedestrian 0 0 -10 750.43 149.90 767.13 211.88 -10 -10 -10 -100    0 -1000 -1000 -10
133 63 pedestrian 0 0 -10 351.06 182.94 450.40 256.14 -10 -10 -10 -100    0 -1000 -1000 -10
133 56 pedestrian 0 0 -10 692.20 117.05 869.96 179.32 -10 -10 -10 -100    0 -1000 -1000 -10
134 50 pedestrian 0 0 -10 718.62 174.52 868.23 290.59 -10 -10 -10 -100    0 -1000 -1000 -10
134 67 pedestrian 0 0 -10 8.94 166.76 238.38 266.15 -10 -10 -10 -100    0 -1000 -1000 -10
134 68 pedestrian 0 0 -10 832.67 149.11 914.81 202.64 -10 -10 -10 -100    0 -1000 -1000 -10
134 61 pedestrian 0 0 -10 883.73 183.13 1242.00 375.00 -10 -10 -10 -100    0 -1000 -1000 -10
134 64 pedestrian 0 0 -10 690.05 174.77 786.68 253.63 -10 -10 -10 -100    0 -1000 -1000 -10
134 8 pedestrian 0 0 -10 406.46 186.02 474.09 242.65 -10 -10 -10 -100    0 -1000 -1000 -10
134 65 pedestrian 0 0 -10 756.32 152.47 773.58 216.46 -10 -10 -10 -100    0 -1000 -1000 -10
134 63 pedestrian 0 0 -10 334.14 186.09 442.12 265.28 -10 -10 -10 -100    0 -1000 -1000 -10
134 56 pedestrian 0 0 -10 693.67 116.85 893.72 182.06 -10 -10 -10 -100    0 -1000 -1000 -10
135 50 pedestrian 0 0 -10 726.21 177.01 893.63 304.58 -10 -10 -10 -100    0 -1000 -1000 -10
135 67 pedestrian 0 0 -10 0.00 166.43 229.04 267.88 -10 -10 -10 -100    0 -1000 -1000 -10
135 68 pedestrian 0 0 -10 832.90 148.55 915.14 201.46 -10 -10 -10 -100    0 -1000 -1000 -10
135 61 pedestrian 0 0 -10 932.26 184.42 1242.00 375.00 -10 -10 -10 -100    0 -1000 -1000 -10
135 64 pedestrian 0 0 -10 696.14 177.39 799.69 259.44 -10 -10 -10 -100    0 -1000 -1000 -10
135 8 pedestrian 0 0 -10 397.68 189.27 467.45 247.31 -10 -10 -10 -100    0 -1000 -1000 -10
135 65 pedestrian 0 0 -10 762.50 153.44 779.00 218.73 -10 -10 -10 -100    0 -1000 -1000 -10
135 63 pedestrian 0 0 -10 316.93 190.42 432.27 273.07 -10 -10 -10 -100    0 -1000 -1000 -10
135 56 pedestrian 0 0 -10 692.60 115.92 919.32 187.76 -10 -10 -10 -100    0 -1000 -1000 -10
136 50 pedestrian 0 0 -10 735.61 178.15 923.21 320.59 -10 -10 -10 -100    0 -1000 -1000 -10
136 67 pedestrian 0 0 -10 0.04 169.87 217.76 276.60 -10 -10 -10 -100    0 -1000 -1000 -10
136 68 pedestrian 0 0 -10 836.01 149.81 913.58 201.01 -10 -10 -10 -100    0 -1000 -1000 -10
136 61 pedestrian 0 0 -10 1006.74 187.44 1241.97 375.00 -10 -10 -10 -100    0 -1000 -1000 -10
136 64 pedestrian 0 0 -10 699.10 177.57 810.10 263.99 -10 -10 -10 -100    0 -1000 -1000 -10
136 8 pedestrian 0 0 -10 386.95 189.89 462.26 251.78 -10 -10 -10 -100    0 -1000 -1000 -10
136 65 pedestrian 0 0 -10 766.08 153.74 783.39 218.95 -10 -10 -10 -100    0 -1000 -1000 -10
136 63 pedestrian 0 0 -10 297.61 191.65 423.54 279.89 -10 -10 -10 -100    0 -1000 -1000 -10
136 56 pedestrian 0 0 -10 693.62 113.81 928.79 188.94 -10 -10 -10 -100    0 -1000 -1000 -10
137 67 pedestrian 0 0 -10 0.07 169.95 223.64 310.24 -10 -10 -10 -100    0 -1000 -1000 -10
137 68 pedestrian 0 0 -10 839.05 147.78 919.82 204.19 -10 -10 -10 -100    0 -1000 -1000 -10
137 50 pedestrian 0 0 -10 747.68 178.06 961.03 336.69 -10 -10 -10 -100    0 -1000 -1000 -10
137 61 pedestrian 0 0 -10 1133.97 190.23 1242.00 375.00 -10 -10 -10 -100    0 -1000 -1000 -10
137 64 pedestrian 0 0 -10 703.51 177.14 823.88 269.55 -10 -10 -10 -100    0 -1000 -1000 -10
137 8 pedestrian 0 0 -10 372.67 188.23 454.59 254.20 -10 -10 -10 -100    0 -1000 -1000 -10
137 65 pedestrian 0 0 -10 769.94 150.92 788.45 221.06 -10 -10 -10 -100    0 -1000 -1000 -10
137 63 pedestrian 0 0 -10 274.97 189.64 413.86 285.37 -10 -10 -10 -100    0 -1000 -1000 -10
137 56 pedestrian 0 0 -10 696.41 110.56 952.40 187.19 -10 -10 -10 -100    0 -1000 -1000 -10
138 70 pedestrian 0 0 -10 696.83 176.32 771.70 242.86 -10 -10 -10 -100    0 -1000 -1000 -10
138 67 pedestrian 0 0 -10 0.00 171.14 212.03 317.27 -10 -10 -10 -100    0 -1000 -1000 -10
138 68 pedestrian 0 0 -10 854.15 148.47 933.05 206.16 -10 -10 -10 -100    0 -1000 -1000 -10
138 50 pedestrian 0 0 -10 760.38 176.69 1008.51 358.24 -10 -10 -10 -100    0 -1000 -1000 -10
138 64 pedestrian 0 0 -10 709.66 175.19 842.66 277.92 -10 -10 -10 -100    0 -1000 -1000 -10
138 69 pedestrian 0 0 -10 758.39 149.19 777.94 222.01 -10 -10 -10 -100    0 -1000 -1000 -10
138 8 pedestrian 0 0 -10 360.28 187.19 446.18 256.48 -10 -10 -10 -100    0 -1000 -1000 -10
138 65 pedestrian 0 0 -10 777.81 149.89 795.55 221.93 -10 -10 -10 -100    0 -1000 -1000 -10
138 63 pedestrian 0 0 -10 250.07 188.58 401.45 291.06 -10 -10 -10 -100    0 -1000 -1000 -10
138 56 pedestrian 0 0 -10 696.70 108.27 958.88 186.00 -10 -10 -10 -100    0 -1000 -1000 -10
139 70 pedestrian 0 0 -10 700.16 177.15 777.90 244.77 -10 -10 -10 -100    0 -1000 -1000 -10
139 67 pedestrian 0 0 -10 0.01 173.34 177.89 314.07 -10 -10 -10 -100    0 -1000 -1000 -10
139 68 pedestrian 0 0 -10 863.38 149.23 938.59 201.93 -10 -10 -10 -100    0 -1000 -1000 -10
139 50 pedestrian 0 0 -10 773.79 177.60 1073.02 375.00 -10 -10 -10 -100    0 -1000 -1000 -10
139 64 pedestrian 0 0 -10 716.73 175.67 860.15 285.28 -10 -10 -10 -100    0 -1000 -1000 -10
139 69 pedestrian 0 0 -10 763.53 149.92 783.26 221.07 -10 -10 -10 -100    0 -1000 -1000 -10
139 8 pedestrian 0 0 -10 344.63 187.00 437.27 259.88 -10 -10 -10 -100    0 -1000 -1000 -10
139 65 pedestrian 0 0 -10 782.83 147.79 803.53 222.65 -10 -10 -10 -100    0 -1000 -1000 -10
139 63 pedestrian 0 0 -10 219.87 188.51 386.68 298.84 -10 -10 -10 -100    0 -1000 -1000 -10
139 56 pedestrian 0 0 -10 699.67 106.53 950.22 183.64 -10 -10 -10 -100    0 -1000 -1000 -10
140 67 pedestrian 0 0 -10 0.00 171.83 151.71 274.94 -10 -10 -10 -100    0 -1000 -1000 -10
140 68 pedestrian 0 0 -10 860.85 150.31 933.75 199.37 -10 -10 -10 -100    0 -1000 -1000 -10
140 70 pedestrian 0 0 -10 702.99 178.66 789.57 250.28 -10 -10 -10 -100    0 -1000 -1000 -10
140 50 pedestrian 0 0 -10 789.38 178.33 1161.79 375.00 -10 -10 -10 -100    0 -1000 -1000 -10
140 64 pedestrian 0 0 -10 724.31 176.83 881.76 299.28 -10 -10 -10 -100    0 -1000 -1000 -10
140 69 pedestrian 0 0 -10 768.28 149.89 790.67 224.90 -10 -10 -10 -100    0 -1000 -1000 -10
140 8 pedestrian 0 0 -10 326.56 188.69 427.33 265.48 -10 -10 -10 -100    0 -1000 -1000 -10
140 65 pedestrian 0 0 -10 788.22 147.08 811.76 226.20 -10 -10 -10 -100    0 -1000 -1000 -10
140 63 pedestrian 0 0 -10 184.49 189.42 370.86 309.69 -10 -10 -10 -100    0 -1000 -1000 -10
140 56 pedestrian 0 0 -10 703.50 104.46 957.52 182.47 -10 -10 -10 -100    0 -1000 -1000 -10
141 67 pedestrian 0 0 -10 0.19 172.61 162.72 279.08 -10 -10 -10 -100    0 -1000 -1000 -10
141 68 pedestrian 0 0 -10 861.30 152.01 937.31 201.14 -10 -10 -10 -100    0 -1000 -1000 -10
141 70 pedestrian 0 0 -10 706.45 179.99 801.47 258.07 -10 -10 -10 -100    0 -1000 -1000 -10
141 50 pedestrian 0 0 -10 809.83 178.93 1242.00 375.00 -10 -10 -10 -100    0 -1000 -1000 -10
141 64 pedestrian 0 0 -10 730.44 179.92 908.30 312.90 -10 -10 -10 -100    0 -1000 -1000 -10
141 69 pedestrian 0 0 -10 775.69 149.81 798.47 227.07 -10 -10 -10 -100    0 -1000 -1000 -10
141 8 pedestrian 0 0 -10 306.14 191.52 417.03 274.08 -10 -10 -10 -100    0 -1000 -1000 -10
141 65 pedestrian 0 0 -10 793.46 146.81 818.13 228.79 -10 -10 -10 -100    0 -1000 -1000 -10
141 63 pedestrian 0 0 -10 140.91 190.04 351.71 322.80 -10 -10 -10 -100    0 -1000 -1000 -10
141 56 pedestrian 0 0 -10 704.25 104.38 954.15 183.43 -10 -10 -10 -100    0 -1000 -1000 -10
142 67 pedestrian 0 0 -10 0.10 177.28 120.86 273.67 -10 -10 -10 -100    0 -1000 -1000 -10
142 68 pedestrian 0 0 -10 881.21 158.44 960.81 207.74 -10 -10 -10 -100    0 -1000 -1000 -10
142 70 pedestrian 0 0 -10 710.99 182.44 814.03 265.82 -10 -10 -10 -100    0 -1000 -1000 -10
142 50 pedestrian 0 0 -10 840.30 181.05 1242.00 375.00 -10 -10 -10 -100    0 -1000 -1000 -10
142 21 pedestrian 0 0 -10 353.41 177.62 447.19 218.46 -10 -10 -10 -100    0 -1000 -1000 -10
142 64 pedestrian 0 0 -10 739.10 181.34 941.02 333.78 -10 -10 -10 -100    0 -1000 -1000 -10
142 69 pedestrian 0 0 -10 783.10 150.11 806.27 232.52 -10 -10 -10 -100    0 -1000 -1000 -10
142 8 pedestrian 0 0 -10 284.40 192.61 405.41 282.33 -10 -10 -10 -100    0 -1000 -1000 -10
142 65 pedestrian 0 0 -10 799.92 146.80 825.55 232.73 -10 -10 -10 -100    0 -1000 -1000 -10
142 63 pedestrian 0 0 -10 88.67 192.23 330.99 340.07 -10 -10 -10 -100    0 -1000 -1000 -10
142 56 pedestrian 0 0 -10 702.58 105.63 958.38 184.08 -10 -10 -10 -100    0 -1000 -1000 -10
143 67 pedestrian 0 0 -10 0.06 176.78 83.69 269.47 -10 -10 -10 -100    0 -1000 -1000 -10
143 68 pedestrian 0 0 -10 879.61 161.53 965.64 210.30 -10 -10 -10 -100    0 -1000 -1000 -10
143 70 pedestrian 0 0 -10 714.80 183.59 826.19 273.34 -10 -10 -10 -100    0 -1000 -1000 -10
143 50 pedestrian 0 0 -10 870.81 182.31 1237.83 375.00 -10 -10 -10 -100    0 -1000 -1000 -10
143 21 pedestrian 0 0 -10 345.51 178.81 440.07 220.62 -10 -10 -10 -100    0 -1000 -1000 -10
143 64 pedestrian 0 0 -10 749.25 183.03 979.55 354.21 -10 -10 -10 -100    0 -1000 -1000 -10
143 69 pedestrian 0 0 -10 788.28 150.29 815.23 231.82 -10 -10 -10 -100    0 -1000 -1000 -10
143 8 pedestrian 0 0 -10 259.75 193.55 392.24 289.85 -10 -10 -10 -100    0 -1000 -1000 -10
143 65 pedestrian 0 0 -10 807.57 145.94 834.40 234.84 -10 -10 -10 -100    0 -1000 -1000 -10
143 63 pedestrian 0 0 -10 26.27 194.31 307.46 361.42 -10 -10 -10 -100    0 -1000 -1000 -10
143 56 pedestrian 0 0 -10 703.66 105.13 959.27 184.55 -10 -10 -10 -100    0 -1000 -1000 -10
144 68 pedestrian 0 0 -10 883.23 161.65 960.96 209.38 -10 -10 -10 -100    0 -1000 -1000 -10
144 70 pedestrian 0 0 -10 720.67 183.71 840.81 281.61 -10 -10 -10 -100    0 -1000 -1000 -10
144 50 pedestrian 0 0 -10 921.17 192.88 1242.00 375.00 -10 -10 -10 -100    0 -1000 -1000 -10
144 21 pedestrian 0 0 -10 336.10 178.65 434.27 221.98 -10 -10 -10 -100    0 -1000 -1000 -10
144 64 pedestrian 0 0 -10 761.73 183.47 1031.90 375.00 -10 -10 -10 -100    0 -1000 -1000 -10
144 69 pedestrian 0 0 -10 792.58 148.29 817.69 234.61 -10 -10 -10 -100    0 -1000 -1000 -10
144 8 pedestrian 0 0 -10 230.09 193.97 379.15 299.05 -10 -10 -10 -100    0 -1000 -1000 -10
144 65 pedestrian 0 0 -10 818.29 143.45 844.59 231.81 -10 -10 -10 -100    0 -1000 -1000 -10
144 63 pedestrian 0 0 -10 0.01 196.59 279.57 375.00 -10 -10 -10 -100    0 -1000 -1000 -10
144 56 pedestrian 0 0 -10 705.78 103.87 961.12 184.45 -10 -10 -10 -100    0 -1000 -1000 -10
145 68 pedestrian 0 0 -10 898.18 160.77 977.37 208.19 -10 -10 -10 -100    0 -1000 -1000 -10
145 70 pedestrian 0 0 -10 726.03 184.45 858.14 288.48 -10 -10 -10 -100    0 -1000 -1000 -10
145 50 pedestrian 0 0 -10 1118.51 191.90 1241.78 375.00 -10 -10 -10 -100    0 -1000 -1000 -10
145 21 pedestrian 0 0 -10 323.18 176.57 428.98 223.25 -10 -10 -10 -100    0 -1000 -1000 -10
145 64 pedestrian 0 0 -10 776.94 183.84 1099.78 375.00 -10 -10 -10 -100    0 -1000 -1000 -10
145 69 pedestrian 0 0 -10 795.37 146.39 824.11 235.73 -10 -10 -10 -100    0 -1000 -1000 -10
145 8 pedestrian 0 0 -10 195.53 194.52 363.10 307.92 -10 -10 -10 -100    0 -1000 -1000 -10
145 65 pedestrian 0 0 -10 825.98 140.20 855.86 230.80 -10 -10 -10 -100    0 -1000 -1000 -10
145 63 pedestrian 0 0 -10 0.61 201.09 248.71 375.00 -10 -10 -10 -100    0 -1000 -1000 -10
145 56 pedestrian 0 0 -10 707.36 101.78 973.15 183.21 -10 -10 -10 -100    0 -1000 -1000 -10
146 68 pedestrian 0 0 -10 912.18 157.60 991.11 205.05 -10 -10 -10 -100    0 -1000 -1000 -10
146 70 pedestrian 0 0 -10 732.19 183.08 880.50 299.32 -10 -10 -10 -100    0 -1000 -1000 -10
146 21 pedestrian 0 0 -10 311.22 175.47 421.18 222.63 -10 -10 -10 -100    0 -1000 -1000 -10
146 64 pedestrian 0 0 -10 792.81 181.86 1188.65 375.00 -10 -10 -10 -100    0 -1000 -1000 -10
146 69 pedestrian 0 0 -10 803.11 141.76 833.28 242.20 -10 -10 -10 -100    0 -1000 -1000 -10
146 8 pedestrian 0 0 -10 156.28 196.29 346.39 318.13 -10 -10 -10 -100    0 -1000 -1000 -10
146 65 pedestrian 0 0 -10 832.78 137.69 864.48 240.53 -10 -10 -10 -100    0 -1000 -1000 -10
146 71 pedestrian 0 0 -10 985.42 140.97 1090.17 199.00 -10 -10 -10 -100    0 -1000 -1000 -10
146 63 pedestrian 0 0 -10 0.00 203.67 206.55 375.00 -10 -10 -10 -100    0 -1000 -1000 -10
146 56 pedestrian 0 0 -10 710.33 99.40 985.65 182.01 -10 -10 -10 -100    0 -1000 -1000 -10
147 68 pedestrian 0 0 -10 948.61 156.16 1006.62 200.33 -10 -10 -10 -100    0 -1000 -1000 -10
147 70 pedestrian 0 0 -10 739.88 181.85 911.69 309.48 -10 -10 -10 -100    0 -1000 -1000 -10
147 21 pedestrian 0 0 -10 301.23 173.36 416.81 221.94 -10 -10 -10 -100    0 -1000 -1000 -10
147 64 pedestrian 0 0 -10 817.49 182.94 1240.83 375.00 -10 -10 -10 -100    0 -1000 -1000 -10
147 69 pedestrian 0 0 -10 811.21 140.47 844.25 249.75 -10 -10 -10 -100    0 -1000 -1000 -10
147 8 pedestrian 0 0 -10 113.81 195.89 325.78 331.58 -10 -10 -10 -100    0 -1000 -1000 -10
147 65 pedestrian 0 0 -10 844.99 138.32 876.76 246.64 -10 -10 -10 -100    0 -1000 -1000 -10
147 71 pedestrian 0 0 -10 983.92 136.57 1108.00 197.22 -10 -10 -10 -100    0 -1000 -1000 -10
147 63 pedestrian 0 0 -10 0.00 206.82 161.78 375.00 -10 -10 -10 -100    0 -1000 -1000 -10
147 56 pedestrian 0 0 -10 708.86 98.62 994.76 179.23 -10 -10 -10 -100    0 -1000 -1000 -10
148 70 pedestrian 0 0 -10 748.68 183.94 935.22 322.25 -10 -10 -10 -100    0 -1000 -1000 -10
148 21 pedestrian 0 0 -10 295.45 172.91 407.87 221.87 -10 -10 -10 -100    0 -1000 -1000 -10
148 64 pedestrian 0 0 -10 839.65 188.73 1242.00 375.00 -10 -10 -10 -100    0 -1000 -1000 -10
148 69 pedestrian 0 0 -10 822.31 140.52 854.95 255.09 -10 -10 -10 -100    0 -1000 -1000 -10
148 8 pedestrian 0 0 -10 64.95 199.05 304.55 348.68 -10 -10 -10 -100    0 -1000 -1000 -10
148 65 pedestrian 0 0 -10 856.33 137.64 890.66 251.47 -10 -10 -10 -100    0 -1000 -1000 -10
148 71 pedestrian 0 0 -10 989.92 130.95 1142.16 196.48 -10 -10 -10 -100    0 -1000 -1000 -10
148 56 pedestrian 0 0 -10 711.18 99.78 999.31 178.97 -10 -10 -10 -100    0 -1000 -1000 -10
149 70 pedestrian 0 0 -10 760.06 184.17 971.97 339.91 -10 -10 -10 -100    0 -1000 -1000 -10
149 21 pedestrian 0 0 -10 287.93 173.03 402.12 223.93 -10 -10 -10 -100    0 -1000 -1000 -10
149 64 pedestrian 0 0 -10 879.42 191.88 1241.81 375.00 -10 -10 -10 -100    0 -1000 -1000 -10
149 69 pedestrian 0 0 -10 831.59 140.00 864.84 258.55 -10 -10 -10 -100    0 -1000 -1000 -10
149 8 pedestrian 0 0 -10 5.75 200.32 278.30 367.55 -10 -10 -10 -100    0 -1000 -1000 -10
149 65 pedestrian 0 0 -10 867.79 136.28 901.65 253.95 -10 -10 -10 -100    0 -1000 -1000 -10
149 71 pedestrian 0 0 -10 1000.55 129.02 1175.12 200.26 -10 -10 -10 -100    0 -1000 -1000 -10
149 56 pedestrian 0 0 -10 708.09 100.05 1008.44 181.12 -10 -10 -10 -100    0 -1000 -1000 -10
150 72 pedestrian 0 0 -10 392.83 161.27 455.53 213.00 -10 -10 -10 -100    0 -1000 -1000 -10
150 70 pedestrian 0 0 -10 769.91 184.64 1013.87 361.47 -10 -10 -10 -100    0 -1000 -1000 -10
150 21 pedestrian 0 0 -10 278.49 174.83 394.52 226.86 -10 -10 -10 -100    0 -1000 -1000 -10
150 64 pedestrian 0 0 -10 923.52 195.94 1242.00 375.00 -10 -10 -10 -100    0 -1000 -1000 -10
150 69 pedestrian 0 0 -10 841.33 138.81 877.41 263.63 -10 -10 -10 -100    0 -1000 -1000 -10
150 8 pedestrian 0 0 -10 0.00 204.57 249.87 375.00 -10 -10 -10 -100    0 -1000 -1000 -10
150 65 pedestrian 0 0 -10 882.22 134.34 916.35 258.40 -10 -10 -10 -100    0 -1000 -1000 -10
150 71 pedestrian 0 0 -10 1023.10 130.65 1208.69 205.29 -10 -10 -10 -100    0 -1000 -1000 -10
150 56 pedestrian 0 0 -10 704.80 100.14 1017.87 183.17 -10 -10 -10 -100    0 -1000 -1000 -10
151 72 pedestrian 0 0 -10 388.74 166.90 447.74 209.38 -10 -10 -10 -100    0 -1000 -1000 -10
151 70 pedestrian 0 0 -10 783.06 186.79 1070.06 375.00 -10 -10 -10 -100    0 -1000 -1000 -10
151 21 pedestrian 0 0 -10 268.06 176.29 386.46 229.41 -10 -10 -10 -100    0 -1000 -1000 -10
151 64 pedestrian 0 0 -10 992.65 194.83 1241.98 375.00 -10 -10 -10 -100    0 -1000 -1000 -10
151 69 pedestrian 0 0 -10 852.49 137.82 891.86 265.71 -10 -10 -10 -100    0 -1000 -1000 -10
151 8 pedestrian 0 0 -10 0.00 208.42 217.04 375.00 -10 -10 -10 -100    0 -1000 -1000 -10
151 65 pedestrian 0 0 -10 894.63 133.10 930.92 262.32 -10 -10 -10 -100    0 -1000 -1000 -10
151 71 pedestrian 0 0 -10 1039.87 130.88 1236.70 217.35 -10 -10 -10 -100    0 -1000 -1000 -10
151 56 pedestrian 0 0 -10 705.24 102.28 1027.82 188.23 -10 -10 -10 -100    0 -1000 -1000 -10
152 72 pedestrian 0 0 -10 384.28 169.53 438.12 204.46 -10 -10 -10 -100    0 -1000 -1000 -10
152 70 pedestrian 0 0 -10 797.94 189.21 1136.16 375.00 -10 -10 -10 -100    0 -1000 -1000 -10
152 21 pedestrian 0 0 -10 257.12 176.82 378.69 231.11 -10 -10 -10 -100    0 -1000 -1000 -10
152 64 pedestrian 0 0 -10 1092.54 200.89 1242.00 375.00 -10 -10 -10 -100    0 -1000 -1000 -10
152 69 pedestrian 0 0 -10 861.00 134.45 905.79 271.87 -10 -10 -10 -100    0 -1000 -1000 -10
152 8 pedestrian 0 0 -10 0.00 209.98 178.19 375.00 -10 -10 -10 -100    0 -1000 -1000 -10
152 65 pedestrian 0 0 -10 905.59 129.40 951.33 269.65 -10 -10 -10 -100    0 -1000 -1000 -10
152 71 pedestrian 0 0 -10 1061.55 130.26 1242.00 221.69 -10 -10 -10 -100    0 -1000 -1000 -10
152 56 pedestrian 0 0 -10 707.65 101.33 1044.72 189.15 -10 -10 -10 -100    0 -1000 -1000 -10
153 72 pedestrian 0 0 -10 381.98 171.47 438.67 203.23 -10 -10 -10 -100    0 -1000 -1000 -10
153 70 pedestrian 0 0 -10 816.48 188.84 1229.01 375.00 -10 -10 -10 -100    0 -1000 -1000 -10
153 21 pedestrian 0 0 -10 246.42 176.56 372.36 233.08 -10 -10 -10 -100    0 -1000 -1000 -10
153 69 pedestrian 0 0 -10 876.19 131.72 925.24 277.69 -10 -10 -10 -100    0 -1000 -1000 -10
153 65 pedestrian 0 0 -10 924.69 123.84 974.03 276.56 -10 -10 -10 -100    0 -1000 -1000 -10
153 71 pedestrian 0 0 -10 1094.37 137.05 1241.96 222.02 -10 -10 -10 -100    0 -1000 -1000 -10
153 56 pedestrian 0 0 -10 707.62 101.08 1048.45 190.27 -10 -10 -10 -100    0 -1000 -1000 -10
154 72 pedestrian 0 0 -10 375.05 170.81 433.64 204.66 -10 -10 -10 -100    0 -1000 -1000 -10
154 73 pedestrian 0 0 -10 40.61 178.11 249.86 267.61 -10 -10 -10 -100    0 -1000 -1000 -10
154 70 pedestrian 0 0 -10 841.44 189.12 1242.00 375.00 -10 -10 -10 -100    0 -1000 -1000 -10
154 21 pedestrian 0 0 -10 235.20 176.20 364.98 233.90 -10 -10 -10 -100    0 -1000 -1000 -10
154 69 pedestrian 0 0 -10 893.73 127.16 942.99 283.05 -10 -10 -10 -100    0 -1000 -1000 -10
154 65 pedestrian 0 0 -10 945.01 120.82 997.41 283.57 -10 -10 -10 -100    0 -1000 -1000 -10
154 71 pedestrian 0 0 -10 1123.03 139.28 1241.72 226.45 -10 -10 -10 -100    0 -1000 -1000 -10
154 56 pedestrian 0 0 -10 708.72 101.14 1054.37 190.18 -10 -10 -10 -100    0 -1000 -1000 -10
155 72 pedestrian 0 0 -10 359.06 169.94 421.27 213.24 -10 -10 -10 -100    0 -1000 -1000 -10
155 73 pedestrian 0 0 -10 125.40 178.13 239.30 241.68 -10 -10 -10 -100    0 -1000 -1000 -10
155 70 pedestrian 0 0 -10 869.59 190.15 1241.94 375.00 -10 -10 -10 -100    0 -1000 -1000 -10
155 21 pedestrian 0 0 -10 224.44 176.45 359.67 236.65 -10 -10 -10 -100    0 -1000 -1000 -10
155 69 pedestrian 0 0 -10 911.72 122.83 971.77 294.47 -10 -10 -10 -100    0 -1000 -1000 -10
155 65 pedestrian 0 0 -10 969.06 118.34 1025.66 294.84 -10 -10 -10 -100    0 -1000 -1000 -10
155 71 pedestrian 0 0 -10 1187.65 127.68 1241.84 217.41 -10 -10 -10 -100    0 -1000 -1000 -10
155 56 pedestrian 0 0 -10 705.70 100.86 889.42 188.65 -10 -10 -10 -100    0 -1000 -1000 -10
156 72 pedestrian 0 0 -10 347.01 170.79 417.19 217.52 -10 -10 -10 -100    0 -1000 -1000 -10
156 73 pedestrian 0 0 -10 111.99 176.58 235.60 241.51 -10 -10 -10 -100    0 -1000 -1000 -10
156 70 pedestrian 0 0 -10 900.39 193.33 1241.93 375.00 -10 -10 -10 -100    0 -1000 -1000 -10
156 21 pedestrian 0 0 -10 213.60 176.74 352.03 238.16 -10 -10 -10 -100    0 -1000 -1000 -10
156 69 pedestrian 0 0 -10 933.14 119.78 994.54 300.22 -10 -10 -10 -100    0 -1000 -1000 -10
156 65 pedestrian 0 0 -10 992.28 114.57 1052.55 301.07 -10 -10 -10 -100    0 -1000 -1000 -10
156 56 pedestrian 0 0 -10 707.18 100.57 889.96 189.45 -10 -10 -10 -100    0 -1000 -1000 -10
157 72 pedestrian 0 0 -10 339.89 170.11 416.82 221.10 -10 -10 -10 -100    0 -1000 -1000 -10
157 73 pedestrian 0 0 -10 118.70 175.54 234.28 241.98 -10 -10 -10 -100    0 -1000 -1000 -10
157 70 pedestrian 0 0 -10 942.06 196.02 1241.50 375.00 -10 -10 -10 -100    0 -1000 -1000 -10
157 21 pedestrian 0 0 -10 199.94 177.65 345.34 241.08 -10 -10 -10 -100    0 -1000 -1000 -10
157 69 pedestrian 0 0 -10 958.56 114.00 1024.96 309.90 -10 -10 -10 -100    0 -1000 -1000 -10
157 56 pedestrian 0 0 -10 707.35 100.09 898.79 191.37 -10 -10 -10 -100    0 -1000 -1000 -10
157 74 pedestrian 0 0 -10 816.67 164.96 923.37 207.89 -10 -10 -10 -100    0 -1000 -1000 -10
158 72 pedestrian 0 0 -10 340.78 171.85 415.58 222.19 -10 -10 -10 -100    0 -1000 -1000 -10
158 73 pedestrian 0 0 -10 113.79 176.42 223.96 241.29 -10 -10 -10 -100    0 -1000 -1000 -10
158 70 pedestrian 0 0 -10 1000.48 203.53 1242.00 375.00 -10 -10 -10 -100    0 -1000 -1000 -10
158 21 pedestrian 0 0 -10 188.60 179.30 336.65 244.62 -10 -10 -10 -100    0 -1000 -1000 -10
158 69 pedestrian 0 0 -10 987.11 110.76 1054.23 320.12 -10 -10 -10 -100    0 -1000 -1000 -10
158 67 pedestrian 0 0 -10 0.00 222.77 59.06 285.89 -10 -10 -10 -100    0 -1000 -1000 -10
158 56 pedestrian 0 0 -10 708.77 98.93 903.11 192.54 -10 -10 -10 -100    0 -1000 -1000 -10
158 74 pedestrian 0 0 -10 823.49 165.11 931.99 210.57 -10 -10 -10 -100    0 -1000 -1000 -10
159 72 pedestrian 0 0 -10 346.03 175.48 410.35 216.22 -10 -10 -10 -100    0 -1000 -1000 -10
159 73 pedestrian 0 0 -10 107.22 180.90 215.67 242.12 -10 -10 -10 -100    0 -1000 -1000 -10
159 21 pedestrian 0 0 -10 177.00 182.43 330.27 248.57 -10 -10 -10 -100    0 -1000 -1000 -10
159 67 pedestrian 0 0 -10 0.21 226.36 35.11 292.42 -10 -10 -10 -100    0 -1000 -1000 -10
159 75 pedestrian 0 0 -10 0.44 213.03 108.59 260.01 -10 -10 -10 -100    0 -1000 -1000 -10
159 56 pedestrian 0 0 -10 709.79 99.61 909.78 194.65 -10 -10 -10 -100    0 -1000 -1000 -10
159 74 pedestrian 0 0 -10 831.07 165.18 938.32 212.02 -10 -10 -10 -100    0 -1000 -1000 -10
160 68 pedestrian 0 0 -10 959.77 157.27 1123.32 211.43 -10 -10 -10 -100    0 -1000 -1000 -10
160 72 pedestrian 0 0 -10 349.65 178.18 407.82 212.45 -10 -10 -10 -100    0 -1000 -1000 -10
160 73 pedestrian 0 0 -10 97.68 189.51 174.35 241.50 -10 -10 -10 -100    0 -1000 -1000 -10
160 21 pedestrian 0 0 -10 162.62 182.16 321.01 250.18 -10 -10 -10 -100    0 -1000 -1000 -10
160 75 pedestrian 0 0 -10 0.19 213.01 94.10 262.27 -10 -10 -10 -100    0 -1000 -1000 -10
160 56 pedestrian 0 0 -10 711.75 98.65 911.88 194.47 -10 -10 -10 -100    0 -1000 -1000 -10
160 74 pedestrian 0 0 -10 836.26 164.70 947.80 213.79 -10 -10 -10 -100    0 -1000 -1000 -10
161 78 pedestrian 0 0 -10 1159.46 92.48 1241.66 362.20 -10 -10 -10 -100    0 -1000 -1000 -10
161 68 pedestrian 0 0 -10 967.34 156.51 1138.44 210.71 -10 -10 -10 -100    0 -1000 -1000 -10
161 72 pedestrian 0 0 -10 350.24 179.26 404.72 209.93 -10 -10 -10 -100    0 -1000 -1000 -10
161 73 pedestrian 0 0 -10 88.33 191.00 146.42 240.69 -10 -10 -10 -100    0 -1000 -1000 -10
161 21 pedestrian 0 0 -10 148.72 182.27 312.67 252.63 -10 -10 -10 -100    0 -1000 -1000 -10
161 75 pedestrian 0 0 -10 0.24 213.57 78.30 262.82 -10 -10 -10 -100    0 -1000 -1000 -10
161 56 pedestrian 0 0 -10 714.55 96.81 917.98 195.26 -10 -10 -10 -100    0 -1000 -1000 -10
161 74 pedestrian 0 0 -10 840.24 164.40 954.51 215.10 -10 -10 -10 -100    0 -1000 -1000 -10
162 78 pedestrian 0 0 -10 1196.08 86.23 1241.81 375.00 -10 -10 -10 -100    0 -1000 -1000 -10
162 68 pedestrian 0 0 -10 975.82 155.00 1144.39 211.06 -10 -10 -10 -100    0 -1000 -1000 -10
162 72 pedestrian 0 0 -10 346.99 179.66 401.94 209.91 -10 -10 -10 -100    0 -1000 -1000 -10
162 73 pedestrian 0 0 -10 71.06 192.34 130.81 239.35 -10 -10 -10 -100    0 -1000 -1000 -10
162 21 pedestrian 0 0 -10 134.08 181.27 303.43 253.85 -10 -10 -10 -100    0 -1000 -1000 -10
162 75 pedestrian 0 0 -10 0.00 214.54 62.08 263.85 -10 -10 -10 -100    0 -1000 -1000 -10
162 65 pedestrian 0 0 -10 1120.66 95.35 1236.25 375.00 -10 -10 -10 -100    0 -1000 -1000 -10
162 56 pedestrian 0 0 -10 714.07 94.25 918.78 195.37 -10 -10 -10 -100    0 -1000 -1000 -10
162 74 pedestrian 0 0 -10 843.79 164.51 963.27 214.30 -10 -10 -10 -100    0 -1000 -1000 -10
163 68 pedestrian 0 0 -10 982.18 153.97 1161.07 212.45 -10 -10 -10 -100    0 -1000 -1000 -10
163 72 pedestrian 0 0 -10 336.48 179.90 395.19 210.17 -10 -10 -10 -100    0 -1000 -1000 -10
163 73 pedestrian 0 0 -10 58.52 193.23 116.93 240.96 -10 -10 -10 -100    0 -1000 -1000 -10
163 80 pedestrian 0 0 -10 259.73 186.07 331.66 227.38 -10 -10 -10 -100    0 -1000 -1000 -10
163 21 pedestrian 0 0 -10 119.79 181.49 293.36 256.55 -10 -10 -10 -100    0 -1000 -1000 -10
163 75 pedestrian 0 0 -10 0.00 216.08 48.12 267.79 -10 -10 -10 -100    0 -1000 -1000 -10
163 65 pedestrian 0 0 -10 1144.69 79.78 1241.88 375.00 -10 -10 -10 -100    0 -1000 -1000 -10
163 56 pedestrian 0 0 -10 714.39 93.20 924.32 195.61 -10 -10 -10 -100    0 -1000 -1000 -10
163 74 pedestrian 0 0 -10 848.99 163.69 966.55 215.99 -10 -10 -10 -100    0 -1000 -1000 -10
164 68 pedestrian 0 0 -10 995.08 155.39 1173.91 213.48 -10 -10 -10 -100    0 -1000 -1000 -10
164 72 pedestrian 0 0 -10 329.46 180.29 392.92 211.27 -10 -10 -10 -100    0 -1000 -1000 -10
164 73 pedestrian 0 0 -10 43.87 193.54 105.32 243.98 -10 -10 -10 -100    0 -1000 -1000 -10
164 80 pedestrian 0 0 -10 252.60 188.28 324.29 230.11 -10 -10 -10 -100    0 -1000 -1000 -10
164 21 pedestrian 0 0 -10 102.96 182.81 283.89 259.33 -10 -10 -10 -100    0 -1000 -1000 -10
164 75 pedestrian 0 0 -10 0.00 219.32 30.85 270.33 -10 -10 -10 -100    0 -1000 -1000 -10
164 65 pedestrian 0 0 -10 1180.47 72.84 1241.92 375.00 -10 -10 -10 -100    0 -1000 -1000 -10
164 56 pedestrian 0 0 -10 715.32 92.81 928.21 196.75 -10 -10 -10 -100    0 -1000 -1000 -10
164 74 pedestrian 0 0 -10 852.44 165.46 978.11 218.39 -10 -10 -10 -100    0 -1000 -1000 -10
165 68 pedestrian 0 0 -10 1000.23 155.83 1181.56 216.84 -10 -10 -10 -100    0 -1000 -1000 -10
165 72 pedestrian 0 0 -10 325.56 181.08 388.27 214.60 -10 -10 -10 -100    0 -1000 -1000 -10
165 73 pedestrian 0 0 -10 24.51 193.40 90.86 256.57 -10 -10 -10 -100    0 -1000 -1000 -10
165 80 pedestrian 0 0 -10 244.85 190.22 316.39 232.92 -10 -10 -10 -100    0 -1000 -1000 -10
165 21 pedestrian 0 0 -10 86.26 184.59 273.70 264.59 -10 -10 -10 -100    0 -1000 -1000 -10
165 56 pedestrian 0 0 -10 715.52 93.59 932.25 198.12 -10 -10 -10 -100    0 -1000 -1000 -10
165 74 pedestrian 0 0 -10 857.06 167.05 985.65 221.15 -10 -10 -10 -100    0 -1000 -1000 -10
166 68 pedestrian 0 0 -10 1003.10 157.34 1200.08 219.37 -10 -10 -10 -100    0 -1000 -1000 -10
166 72 pedestrian 0 0 -10 317.28 182.85 381.63 216.49 -10 -10 -10 -100    0 -1000 -1000 -10
166 73 pedestrian 0 0 -10 5.88 194.39 76.79 260.77 -10 -10 -10 -100    0 -1000 -1000 -10
166 80 pedestrian 0 0 -10 234.36 192.07 307.94 235.80 -10 -10 -10 -100    0 -1000 -1000 -10
166 21 pedestrian 0 0 -10 66.63 187.21 261.73 269.08 -10 -10 -10 -100    0 -1000 -1000 -10
166 56 pedestrian 0 0 -10 715.84 93.15 934.83 198.53 -10 -10 -10 -100    0 -1000 -1000 -10
166 74 pedestrian 0 0 -10 861.29 167.74 992.46 223.24 -10 -10 -10 -100    0 -1000 -1000 -10
167 68 pedestrian 0 0 -10 1011.03 155.15 1218.26 220.16 -10 -10 -10 -100    0 -1000 -1000 -10
167 72 pedestrian 0 0 -10 307.38 183.51 373.42 218.28 -10 -10 -10 -100    0 -1000 -1000 -10
167 73 pedestrian 0 0 -10 0.19 197.92 59.93 269.67 -10 -10 -10 -100    0 -1000 -1000 -10
167 80 pedestrian 0 0 -10 221.97 193.00 300.73 238.31 -10 -10 -10 -100    0 -1000 -1000 -10
167 21 pedestrian 0 0 -10 48.56 188.27 250.23 272.26 -10 -10 -10 -100    0 -1000 -1000 -10
167 56 pedestrian 0 0 -10 714.25 92.18 938.17 199.59 -10 -10 -10 -100    0 -1000 -1000 -10
167 74 pedestrian 0 0 -10 864.86 167.24 1000.24 223.96 -10 -10 -10 -100    0 -1000 -1000 -10
168 68 pedestrian 0 0 -10 1018.05 154.23 1216.37 220.67 -10 -10 -10 -100    0 -1000 -1000 -10
168 72 pedestrian 0 0 -10 297.22 183.46 366.40 219.63 -10 -10 -10 -100    0 -1000 -1000 -10
168 73 pedestrian 0 0 -10 0.00 198.78 42.31 270.60 -10 -10 -10 -100    0 -1000 -1000 -10
168 80 pedestrian 0 0 -10 212.79 193.70 292.21 240.11 -10 -10 -10 -100    0 -1000 -1000 -10
168 21 pedestrian 0 0 -10 30.14 189.03 237.20 274.83 -10 -10 -10 -100    0 -1000 -1000 -10
168 56 pedestrian 0 0 -10 712.51 90.26 939.91 198.83 -10 -10 -10 -100    0 -1000 -1000 -10
168 74 pedestrian 0 0 -10 869.60 166.80 1007.24 224.67 -10 -10 -10 -100    0 -1000 -1000 -10
169 68 pedestrian 0 0 -10 1024.23 154.49 1226.35 221.93 -10 -10 -10 -100    0 -1000 -1000 -10
169 72 pedestrian 0 0 -10 287.09 181.49 359.31 219.59 -10 -10 -10 -100    0 -1000 -1000 -10
169 80 pedestrian 0 0 -10 201.92 193.47 282.05 241.57 -10 -10 -10 -100    0 -1000 -1000 -10
169 21 pedestrian 0 0 -10 9.34 188.20 225.45 277.90 -10 -10 -10 -100    0 -1000 -1000 -10
169 56 pedestrian 0 0 -10 711.98 89.73 943.64 200.00 -10 -10 -10 -100    0 -1000 -1000 -10
169 74 pedestrian 0 0 -10 872.14 166.80 1015.00 226.16 -10 -10 -10 -100    0 -1000 -1000 -10
170 68 pedestrian 0 0 -10 1031.95 154.58 1239.40 222.14 -10 -10 -10 -100    0 -1000 -1000 -10
170 72 pedestrian 0 0 -10 279.15 182.61 350.95 220.33 -10 -10 -10 -100    0 -1000 -1000 -10
170 80 pedestrian 0 0 -10 193.13 193.93 273.89 242.46 -10 -10 -10 -100    0 -1000 -1000 -10
170 21 pedestrian 0 0 -10 0.00 187.89 211.50 280.50 -10 -10 -10 -100    0 -1000 -1000 -10
170 56 pedestrian 0 0 -10 710.92 88.01 947.83 200.37 -10 -10 -10 -100    0 -1000 -1000 -10
170 74 pedestrian 0 0 -10 876.80 167.23 1023.00 227.28 -10 -10 -10 -100    0 -1000 -1000 -10
171 68 pedestrian 0 0 -10 1040.29 153.23 1241.20 222.72 -10 -10 -10 -100    0 -1000 -1000 -10
171 72 pedestrian 0 0 -10 267.13 182.27 344.42 221.65 -10 -10 -10 -100    0 -1000 -1000 -10
171 80 pedestrian 0 0 -10 181.01 194.54 265.85 243.93 -10 -10 -10 -100    0 -1000 -1000 -10
171 21 pedestrian 0 0 -10 0.00 187.89 199.99 283.41 -10 -10 -10 -100    0 -1000 -1000 -10
171 56 pedestrian 0 0 -10 711.37 85.90 952.47 200.82 -10 -10 -10 -100    0 -1000 -1000 -10
171 74 pedestrian 0 0 -10 880.78 165.90 1031.19 228.11 -10 -10 -10 -100    0 -1000 -1000 -10
172 68 pedestrian 0 0 -10 1048.01 151.84 1241.49 223.83 -10 -10 -10 -100    0 -1000 -1000 -10
172 72 pedestrian 0 0 -10 258.58 182.72 337.37 221.56 -10 -10 -10 -100    0 -1000 -1000 -10
172 80 pedestrian 0 0 -10 172.27 194.49 256.84 245.07 -10 -10 -10 -100    0 -1000 -1000 -10
172 21 pedestrian 0 0 -10 0.19 187.69 185.84 286.14 -10 -10 -10 -100    0 -1000 -1000 -10
172 56 pedestrian 0 0 -10 710.02 84.42 955.36 201.84 -10 -10 -10 -100    0 -1000 -1000 -10
172 74 pedestrian 0 0 -10 885.19 165.89 1039.03 229.39 -10 -10 -10 -100    0 -1000 -1000 -10
173 68 pedestrian 0 0 -10 1054.45 150.27 1241.86 223.26 -10 -10 -10 -100    0 -1000 -1000 -10
173 72 pedestrian 0 0 -10 249.21 183.85 331.25 223.01 -10 -10 -10 -100    0 -1000 -1000 -10
173 80 pedestrian 0 0 -10 160.03 194.43 248.96 247.90 -10 -10 -10 -100    0 -1000 -1000 -10
173 21 pedestrian 0 0 -10 0.03 188.63 172.62 289.99 -10 -10 -10 -100    0 -1000 -1000 -10
173 56 pedestrian 0 0 -10 709.12 82.20 956.82 201.06 -10 -10 -10 -100    0 -1000 -1000 -10
173 74 pedestrian 0 0 -10 888.15 164.41 1047.37 230.44 -10 -10 -10 -100    0 -1000 -1000 -10
174 68 pedestrian 0 0 -10 1063.10 148.75 1241.82 223.78 -10 -10 -10 -100    0 -1000 -1000 -10
174 72 pedestrian 0 0 -10 244.23 183.96 326.50 223.24 -10 -10 -10 -100    0 -1000 -1000 -10
174 80 pedestrian 0 0 -10 150.55 194.55 239.48 247.75 -10 -10 -10 -100    0 -1000 -1000 -10
174 21 pedestrian 0 0 -10 0.00 188.49 158.87 292.47 -10 -10 -10 -100    0 -1000 -1000 -10
174 56 pedestrian 0 0 -10 709.92 80.08 957.90 199.56 -10 -10 -10 -100    0 -1000 -1000 -10
174 74 pedestrian 0 0 -10 893.96 163.58 1056.08 230.82 -10 -10 -10 -100    0 -1000 -1000 -10
175 68 pedestrian 0 0 -10 1073.90 150.57 1241.86 228.25 -10 -10 -10 -100    0 -1000 -1000 -10
175 72 pedestrian 0 0 -10 237.07 185.28 321.68 223.12 -10 -10 -10 -100    0 -1000 -1000 -10
175 80 pedestrian 0 0 -10 141.59 194.19 232.55 248.86 -10 -10 -10 -100    0 -1000 -1000 -10
175 21 pedestrian 0 0 -10 0.00 188.05 145.88 294.68 -10 -10 -10 -100    0 -1000 -1000 -10
175 56 pedestrian 0 0 -10 709.78 79.22 959.28 200.27 -10 -10 -10 -100    0 -1000 -1000 -10
175 74 pedestrian 0 0 -10 899.12 164.76 1066.42 233.63 -10 -10 -10 -100    0 -1000 -1000 -10
176 68 pedestrian 0 0 -10 1082.95 153.06 1241.69 237.58 -10 -10 -10 -100    0 -1000 -1000 -10
176 72 pedestrian 0 0 -10 229.91 186.92 318.91 224.99 -10 -10 -10 -100    0 -1000 -1000 -10
176 80 pedestrian 0 0 -10 133.70 193.66 224.56 249.90 -10 -10 -10 -100    0 -1000 -1000 -10
176 21 pedestrian 0 0 -10 0.00 187.59 134.65 296.29 -10 -10 -10 -100    0 -1000 -1000 -10
176 56 pedestrian 0 0 -10 710.85 79.42 963.02 201.85 -10 -10 -10 -100    0 -1000 -1000 -10
176 74 pedestrian 0 0 -10 905.55 166.79 1075.02 237.24 -10 -10 -10 -100    0 -1000 -1000 -10
177 68 pedestrian 0 0 -10 1090.51 149.63 1242.00 248.09 -10 -10 -10 -100    0 -1000 -1000 -10
177 72 pedestrian 0 0 -10 225.89 187.23 316.13 226.02 -10 -10 -10 -100    0 -1000 -1000 -10
177 80 pedestrian 0 0 -10 127.29 194.97 220.38 250.94 -10 -10 -10 -100    0 -1000 -1000 -10
177 21 pedestrian 0 0 -10 0.00 187.37 124.08 297.83 -10 -10 -10 -100    0 -1000 -1000 -10
177 56 pedestrian 0 0 -10 711.51 79.04 965.74 201.83 -10 -10 -10 -100    0 -1000 -1000 -10
177 74 pedestrian 0 0 -10 911.02 167.39 1083.93 239.84 -10 -10 -10 -100    0 -1000 -1000 -10
178 68 pedestrian 0 0 -10 1100.09 147.48 1241.80 252.35 -10 -10 -10 -100    0 -1000 -1000 -10
178 72 pedestrian 0 0 -10 224.13 187.76 310.56 225.71 -10 -10 -10 -100    0 -1000 -1000 -10
178 80 pedestrian 0 0 -10 121.59 194.83 215.94 250.85 -10 -10 -10 -100    0 -1000 -1000 -10
178 21 pedestrian 0 0 -10 0.00 186.76 117.23 299.07 -10 -10 -10 -100    0 -1000 -1000 -10
178 56 pedestrian 0 0 -10 714.30 77.10 971.45 201.02 -10 -10 -10 -100    0 -1000 -1000 -10
178 74 pedestrian 0 0 -10 920.23 167.41 1093.89 240.71 -10 -10 -10 -100    0 -1000 -1000 -10
179 68 pedestrian 0 0 -10 1108.41 145.82 1241.81 253.19 -10 -10 -10 -100    0 -1000 -1000 -10
179 72 pedestrian 0 0 -10 220.96 188.37 308.25 226.37 -10 -10 -10 -100    0 -1000 -1000 -10
179 80 pedestrian 0 0 -10 121.32 195.55 215.14 251.00 -10 -10 -10 -100    0 -1000 -1000 -10
179 21 pedestrian 0 0 -10 0.00 186.73 109.15 301.53 -10 -10 -10 -100    0 -1000 -1000 -10
179 56 pedestrian 0 0 -10 717.74 75.14 978.00 200.16 -10 -10 -10 -100    0 -1000 -1000 -10
179 74 pedestrian 0 0 -10 928.46 167.78 1097.93 242.00 -10 -10 -10 -100    0 -1000 -1000 -10
180 68 pedestrian 0 0 -10 1121.93 141.18 1242.00 254.65 -10 -10 -10 -100    0 -1000 -1000 -10
180 72 pedestrian 0 0 -10 219.34 189.18 305.81 226.91 -10 -10 -10 -100    0 -1000 -1000 -10
180 80 pedestrian 0 0 -10 114.73 194.17 213.32 252.99 -10 -10 -10 -100    0 -1000 -1000 -10
180 21 pedestrian 0 0 -10 0.00 186.87 101.68 302.80 -10 -10 -10 -100    0 -1000 -1000 -10
180 56 pedestrian 0 0 -10 720.50 74.49 985.96 200.91 -10 -10 -10 -100    0 -1000 -1000 -10
180 74 pedestrian 0 0 -10 938.06 168.12 1117.88 244.51 -10 -10 -10 -100    0 -1000 -1000 -10
181 68 pedestrian 0 0 -10 1139.67 144.85 1242.00 256.81 -10 -10 -10 -100    0 -1000 -1000 -10
181 72 pedestrian 0 0 -10 217.52 189.15 304.03 227.14 -10 -10 -10 -100    0 -1000 -1000 -10
181 80 pedestrian 0 0 -10 110.67 195.24 208.16 253.40 -10 -10 -10 -100    0 -1000 -1000 -10
181 21 pedestrian 0 0 -10 0.00 186.62 95.33 305.01 -10 -10 -10 -100    0 -1000 -1000 -10
181 56 pedestrian 0 0 -10 724.35 72.90 995.16 201.71 -10 -10 -10 -100    0 -1000 -1000 -10
181 74 pedestrian 0 0 -10 948.50 168.62 1139.58 247.04 -10 -10 -10 -100    0 -1000 -1000 -10
182 68 pedestrian 0 0 -10 1155.29 147.51 1241.83 258.04 -10 -10 -10 -100    0 -1000 -1000 -10
182 72 pedestrian 0 0 -10 216.67 188.41 305.77 226.41 -10 -10 -10 -100    0 -1000 -1000 -10
182 80 pedestrian 0 0 -10 109.18 192.37 205.16 251.94 -10 -10 -10 -100    0 -1000 -1000 -10
182 21 pedestrian 0 0 -10 0.00 185.18 93.22 304.34 -10 -10 -10 -100    0 -1000 -1000 -10
182 56 pedestrian 0 0 -10 729.34 71.58 1006.57 201.55 -10 -10 -10 -100    0 -1000 -1000 -10
182 74 pedestrian 0 0 -10 960.01 168.07 1146.92 248.80 -10 -10 -10 -100    0 -1000 -1000 -10
183 68 pedestrian 0 0 -10 1178.78 149.68 1241.79 261.42 -10 -10 -10 -100    0 -1000 -1000 -10
183 72 pedestrian 0 0 -10 215.39 185.61 306.80 225.20 -10 -10 -10 -100    0 -1000 -1000 -10
183 80 pedestrian 0 0 -10 109.04 190.62 204.07 250.78 -10 -10 -10 -100    0 -1000 -1000 -10
183 21 pedestrian 0 0 -10 0.14 182.41 82.32 305.67 -10 -10 -10 -100    0 -1000 -1000 -10
183 56 pedestrian 0 0 -10 734.02 68.67 1018.58 201.18 -10 -10 -10 -100    0 -1000 -1000 -10
183 74 pedestrian 0 0 -10 971.23 168.24 1174.58 250.85 -10 -10 -10 -100    0 -1000 -1000 -10
184 72 pedestrian 0 0 -10 215.81 184.44 310.85 225.43 -10 -10 -10 -100    0 -1000 -1000 -10
184 80 pedestrian 0 0 -10 110.61 189.35 204.86 250.52 -10 -10 -10 -100    0 -1000 -1000 -10
184 21 pedestrian 0 0 -10 0.00 181.63 77.62 308.26 -10 -10 -10 -100    0 -1000 -1000 -10
184 68 pedestrian 0 0 -10 1197.94 145.96 1241.95 265.68 -10 -10 -10 -100    0 -1000 -1000 -10
184 56 pedestrian 0 0 -10 739.80 66.82 1030.07 201.90 -10 -10 -10 -100    0 -1000 -1000 -10
184 74 pedestrian 0 0 -10 985.27 168.65 1202.04 254.32 -10 -10 -10 -100    0 -1000 -1000 -10
185 72 pedestrian 0 0 -10 215.99 182.42 314.35 224.98 -10 -10 -10 -100    0 -1000 -1000 -10
185 80 pedestrian 0 0 -10 114.82 189.11 209.34 250.01 -10 -10 -10 -100    0 -1000 -1000 -10
185 21 pedestrian 0 0 -10 0.00 180.48 76.90 309.64 -10 -10 -10 -100    0 -1000 -1000 -10
185 68 pedestrian 0 0 -10 1218.22 143.20 1242.00 271.29 -10 -10 -10 -100    0 -1000 -1000 -10
185 56 pedestrian 0 0 -10 748.61 65.39 1043.77 202.50 -10 -10 -10 -100    0 -1000 -1000 -10
185 74 pedestrian 0 0 -10 999.75 168.55 1222.52 257.18 -10 -10 -10 -100    0 -1000 -1000 -10
186 80 pedestrian 0 0 -10 120.16 188.50 212.83 249.77 -10 -10 -10 -100    0 -1000 -1000 -10
186 21 pedestrian 0 0 -10 0.00 180.02 78.96 311.53 -10 -10 -10 -100    0 -1000 -1000 -10
186 72 pedestrian 0 0 -10 208.76 178.81 319.81 226.00 -10 -10 -10 -100    0 -1000 -1000 -10
186 56 pedestrian 0 0 -10 757.02 65.39 1058.81 203.06 -10 -10 -10 -100    0 -1000 -1000 -10
186 74 pedestrian 0 0 -10 1014.25 169.96 1240.93 260.21 -10 -10 -10 -100    0 -1000 -1000 -10
187 80 pedestrian 0 0 -10 127.03 187.86 218.33 249.24 -10 -10 -10 -100    0 -1000 -1000 -10
187 21 pedestrian 0 0 -10 0.00 179.44 82.74 309.71 -10 -10 -10 -100    0 -1000 -1000 -10
187 72 pedestrian 0 0 -10 205.96 176.25 327.52 226.37 -10 -10 -10 -100    0 -1000 -1000 -10
187 56 pedestrian 0 0 -10 766.46 63.85 1073.28 204.06 -10 -10 -10 -100    0 -1000 -1000 -10
187 74 pedestrian 0 0 -10 1029.75 171.33 1241.91 263.56 -10 -10 -10 -100    0 -1000 -1000 -10
188 80 pedestrian 0 0 -10 132.98 186.92 224.32 248.49 -10 -10 -10 -100    0 -1000 -1000 -10
188 21 pedestrian 0 0 -10 0.00 177.17 86.59 311.05 -10 -10 -10 -100    0 -1000 -1000 -10
188 81 pedestrian 0 0 -10 51.77 173.98 140.30 247.57 -10 -10 -10 -100    0 -1000 -1000 -10
188 72 pedestrian 0 0 -10 210.22 174.47 332.79 225.81 -10 -10 -10 -100    0 -1000 -1000 -10
188 56 pedestrian 0 0 -10 774.27 63.06 1087.83 204.94 -10 -10 -10 -100    0 -1000 -1000 -10
188 74 pedestrian 0 0 -10 1044.92 172.57 1241.74 266.25 -10 -10 -10 -100    0 -1000 -1000 -10
189 80 pedestrian 0 0 -10 138.39 186.10 231.54 248.43 -10 -10 -10 -100    0 -1000 -1000 -10
189 21 pedestrian 0 0 -10 0.00 176.33 91.27 309.25 -10 -10 -10 -100    0 -1000 -1000 -10
189 81 pedestrian 0 0 -10 57.15 173.46 141.01 247.54 -10 -10 -10 -100    0 -1000 -1000 -10
189 72 pedestrian 0 0 -10 215.18 174.92 341.78 225.95 -10 -10 -10 -100    0 -1000 -1000 -10
189 56 pedestrian 0 0 -10 780.94 63.09 1102.48 205.22 -10 -10 -10 -100    0 -1000 -1000 -10
189 74 pedestrian 0 0 -10 1062.47 175.24 1241.98 269.01 -10 -10 -10 -100    0 -1000 -1000 -10
190 21 pedestrian 0 0 -10 0.00 175.34 95.17 309.52 -10 -10 -10 -100    0 -1000 -1000 -10
190 80 pedestrian 0 0 -10 145.23 186.11 236.36 248.23 -10 -10 -10 -100    0 -1000 -1000 -10
190 81 pedestrian 0 0 -10 66.84 170.28 147.35 247.81 -10 -10 -10 -100    0 -1000 -1000 -10
190 72 pedestrian 0 0 -10 217.28 174.17 344.37 223.86 -10 -10 -10 -100    0 -1000 -1000 -10
190 56 pedestrian 0 0 -10 787.72 61.36 1242.00 211.49 -10 -10 -10 -100    0 -1000 -1000 -10
190 74 pedestrian 0 0 -10 1078.38 177.21 1241.97 272.78 -10 -10 -10 -100    0 -1000 -1000 -10
191 21 pedestrian 0 0 -10 0.00 174.38 101.16 308.51 -10 -10 -10 -100    0 -1000 -1000 -10
191 80 pedestrian 0 0 -10 152.25 186.04 242.14 247.29 -10 -10 -10 -100    0 -1000 -1000 -10
191 81 pedestrian 0 0 -10 68.41 185.98 145.67 252.95 -10 -10 -10 -100    0 -1000 -1000 -10
191 72 pedestrian 0 0 -10 226.80 174.17 353.47 223.19 -10 -10 -10 -100    0 -1000 -1000 -10
191 56 pedestrian 0 0 -10 794.64 60.18 1242.00 212.29 -10 -10 -10 -100    0 -1000 -1000 -10
191 74 pedestrian 0 0 -10 1094.78 178.65 1241.98 275.62 -10 -10 -10 -100    0 -1000 -1000 -10
192 21 pedestrian 0 0 -10 0.00 173.56 108.43 310.36 -10 -10 -10 -100    0 -1000 -1000 -10
192 80 pedestrian 0 0 -10 161.28 185.75 249.92 247.53 -10 -10 -10 -100    0 -1000 -1000 -10
192 81 pedestrian 0 0 -10 75.12 185.54 155.04 255.26 -10 -10 -10 -100    0 -1000 -1000 -10
192 72 pedestrian 0 0 -10 232.09 174.52 360.79 223.89 -10 -10 -10 -100    0 -1000 -1000 -10
192 56 pedestrian 0 0 -10 809.40 60.70 1242.00 213.67 -10 -10 -10 -100    0 -1000 -1000 -10
192 74 pedestrian 0 0 -10 1111.82 180.75 1242.00 280.21 -10 -10 -10 -100    0 -1000 -1000 -10
193 21 pedestrian 0 0 -10 0.00 173.58 116.03 311.43 -10 -10 -10 -100    0 -1000 -1000 -10
193 80 pedestrian 0 0 -10 169.72 186.25 259.25 248.37 -10 -10 -10 -100    0 -1000 -1000 -10
193 81 pedestrian 0 0 -10 82.40 185.21 162.33 253.95 -10 -10 -10 -100    0 -1000 -1000 -10
193 72 pedestrian 0 0 -10 239.74 175.80 369.40 225.07 -10 -10 -10 -100    0 -1000 -1000 -10
193 56 pedestrian 0 0 -10 817.55 61.59 1242.00 217.04 -10 -10 -10 -100    0 -1000 -1000 -10
193 74 pedestrian 0 0 -10 1130.44 182.31 1242.00 285.19 -10 -10 -10 -100    0 -1000 -1000 -10
194 21 pedestrian 0 0 -10 0.00 173.32 124.66 313.09 -10 -10 -10 -100    0 -1000 -1000 -10
194 80 pedestrian 0 0 -10 179.15 187.05 268.09 248.93 -10 -10 -10 -100    0 -1000 -1000 -10
194 81 pedestrian 0 0 -10 93.78 186.71 170.34 254.31 -10 -10 -10 -100    0 -1000 -1000 -10
194 72 pedestrian 0 0 -10 245.47 175.99 374.60 224.90 -10 -10 -10 -100    0 -1000 -1000 -10
194 56 pedestrian 0 0 -10 826.33 60.72 1242.00 217.81 -10 -10 -10 -100    0 -1000 -1000 -10
194 74 pedestrian 0 0 -10 1151.77 179.87 1242.00 291.54 -10 -10 -10 -100    0 -1000 -1000 -10
195 80 pedestrian 0 0 -10 190.84 186.53 277.76 247.97 -10 -10 -10 -100    0 -1000 -1000 -10
195 81 pedestrian 0 0 -10 104.70 186.69 180.28 253.01 -10 -10 -10 -100    0 -1000 -1000 -10
195 21 pedestrian 0 0 -10 0.01 173.04 134.01 311.78 -10 -10 -10 -100    0 -1000 -1000 -10
195 72 pedestrian 0 0 -10 256.08 175.97 384.95 223.87 -10 -10 -10 -100    0 -1000 -1000 -10
195 56 pedestrian 0 0 -10 839.02 59.82 1242.00 218.55 -10 -10 -10 -100    0 -1000 -1000 -10
195 74 pedestrian 0 0 -10 1174.56 177.99 1241.89 294.64 -10 -10 -10 -100    0 -1000 -1000 -10
196 80 pedestrian 0 0 -10 200.56 185.72 287.12 246.85 -10 -10 -10 -100    0 -1000 -1000 -10
196 81 pedestrian 0 0 -10 115.44 185.87 192.41 252.79 -10 -10 -10 -100    0 -1000 -1000 -10
196 21 pedestrian 0 0 -10 0.03 171.94 144.06 309.41 -10 -10 -10 -100    0 -1000 -1000 -10
196 72 pedestrian 0 0 -10 264.98 174.79 396.23 223.85 -10 -10 -10 -100    0 -1000 -1000 -10
196 56 pedestrian 0 0 -10 849.15 59.02 1242.00 219.63 -10 -10 -10 -100    0 -1000 -1000 -10
196 74 pedestrian 0 0 -10 1198.91 184.29 1242.00 298.07 -10 -10 -10 -100    0 -1000 -1000 -10
197 81 pedestrian 0 0 -10 127.65 184.24 201.51 251.85 -10 -10 -10 -100    0 -1000 -1000 -10
197 80 pedestrian 0 0 -10 211.37 184.50 296.82 245.99 -10 -10 -10 -100    0 -1000 -1000 -10
197 21 pedestrian 0 0 -10 0.00 170.30 152.89 307.36 -10 -10 -10 -100    0 -1000 -1000 -10
197 72 pedestrian 0 0 -10 274.22 174.95 406.24 222.37 -10 -10 -10 -100    0 -1000 -1000 -10
197 56 pedestrian 0 0 -10 863.01 55.42 1242.00 302.76 -10 -10 -10 -100    0 -1000 -1000 -10
198 81 pedestrian 0 0 -10 139.79 183.22 215.31 250.20 -10 -10 -10 -100    0 -1000 -1000 -10
198 80 pedestrian 0 0 -10 222.96 183.29 308.27 245.02 -10 -10 -10 -100    0 -1000 -1000 -10
198 21 pedestrian 0 0 -10 0.03 168.94 163.76 306.62 -10 -10 -10 -100    0 -1000 -1000 -10
198 72 pedestrian 0 0 -10 288.91 174.39 417.20 221.33 -10 -10 -10 -100    0 -1000 -1000 -10
198 56 pedestrian 0 0 -10 873.94 54.61 1242.00 257.96 -10 -10 -10 -100    0 -1000 -1000 -10
199 80 pedestrian 0 0 -10 234.88 181.76 319.30 244.87 -10 -10 -10 -100    0 -1000 -1000 -10
199 21 pedestrian 0 0 -10 0.03 167.58 175.23 305.53 -10 -10 -10 -100    0 -1000 -1000 -10
199 72 pedestrian 0 0 -10 302.14 174.55 426.70 219.56 -10 -10 -10 -100    0 -1000 -1000 -10
199 81 pedestrian 0 0 -10 152.80 182.86 224.25 248.53 -10 -10 -10 -100    0 -1000 -1000 -10
199 56 pedestrian 0 0 -10 887.91 53.49 1242.00 258.53 -10 -10 -10 -100    0 -1000 -1000 -10
200 80 pedestrian 0 0 -10 246.42 182.74 330.12 244.65 -10 -10 -10 -100    0 -1000 -1000 -10
200 21 pedestrian 0 0 -10 0.03 167.29 186.41 305.76 -10 -10 -10 -100    0 -1000 -1000 -10
200 72 pedestrian 0 0 -10 314.87 174.42 436.82 220.02 -10 -10 -10 -100    0 -1000 -1000 -10
200 81 pedestrian 0 0 -10 165.68 182.72 237.33 249.37 -10 -10 -10 -100    0 -1000 -1000 -10
200 56 pedestrian 0 0 -10 901.70 52.70 1242.00 257.29 -10 -10 -10 -100    0 -1000 -1000 -10
201 80 pedestrian 0 0 -10 259.86 183.41 342.78 244.84 -10 -10 -10 -100    0 -1000 -1000 -10
201 21 pedestrian 0 0 -10 0.00 168.60 198.99 306.03 -10 -10 -10 -100    0 -1000 -1000 -10
201 72 pedestrian 0 0 -10 331.30 175.37 449.05 220.69 -10 -10 -10 -100    0 -1000 -1000 -10
201 81 pedestrian 0 0 -10 178.04 183.84 251.03 250.45 -10 -10 -10 -100    0 -1000 -1000 -10
201 56 pedestrian 0 0 -10 920.75 51.00 1242.00 256.35 -10 -10 -10 -100    0 -1000 -1000 -10
202 80 pedestrian 0 0 -10 274.65 184.93 357.27 245.94 -10 -10 -10 -100    0 -1000 -1000 -10
202 21 pedestrian 0 0 -10 0.00 169.98 212.64 307.17 -10 -10 -10 -100    0 -1000 -1000 -10
202 72 pedestrian 0 0 -10 345.08 176.73 466.63 222.59 -10 -10 -10 -100    0 -1000 -1000 -10
202 81 pedestrian 0 0 -10 194.33 184.93 264.18 251.76 -10 -10 -10 -100    0 -1000 -1000 -10
202 56 pedestrian 0 0 -10 939.53 49.48 1242.00 258.48 -10 -10 -10 -100    0 -1000 -1000 -10
203 80 pedestrian 0 0 -10 290.99 185.99 372.02 247.96 -10 -10 -10 -100    0 -1000 -1000 -10
203 21 pedestrian 0 0 -10 0.44 171.76 227.25 308.57 -10 -10 -10 -100    0 -1000 -1000 -10
203 72 pedestrian 0 0 -10 365.18 176.53 481.48 222.99 -10 -10 -10 -100    0 -1000 -1000 -10
203 81 pedestrian 0 0 -10 211.37 186.19 280.14 252.62 -10 -10 -10 -100    0 -1000 -1000 -10
203 56 pedestrian 0 0 -10 961.18 49.17 1242.00 258.48 -10 -10 -10 -100    0 -1000 -1000 -10
204 80 pedestrian 0 0 -10 308.37 186.39 389.40 248.73 -10 -10 -10 -100    0 -1000 -1000 -10
204 21 pedestrian 0 0 -10 0.36 173.03 244.86 310.13 -10 -10 -10 -100    0 -1000 -1000 -10
204 72 pedestrian 0 0 -10 387.02 177.42 497.29 224.06 -10 -10 -10 -100    0 -1000 -1000 -10
204 81 pedestrian 0 0 -10 229.34 187.28 297.75 254.27 -10 -10 -10 -100    0 -1000 -1000 -10
204 56 pedestrian 0 0 -10 987.68 49.54 1242.00 259.63 -10 -10 -10 -100    0 -1000 -1000 -10
205 80 pedestrian 0 0 -10 328.18 186.23 408.64 248.66 -10 -10 -10 -100    0 -1000 -1000 -10
205 21 pedestrian 0 0 -10 0.00 173.27 263.86 310.90 -10 -10 -10 -100    0 -1000 -1000 -10
205 72 pedestrian 0 0 -10 401.38 176.39 516.07 224.31 -10 -10 -10 -100    0 -1000 -1000 -10
205 81 pedestrian 0 0 -10 249.43 187.36 316.88 252.84 -10 -10 -10 -100    0 -1000 -1000 -10
205 56 pedestrian 0 0 -10 1015.44 52.57 1242.00 238.02 -10 -10 -10 -100    0 -1000 -1000 -10
206 80 pedestrian 0 0 -10 349.40 186.10 428.48 248.38 -10 -10 -10 -100    0 -1000 -1000 -10
206 21 pedestrian 0 0 -10 5.47 174.27 283.29 310.75 -10 -10 -10 -100    0 -1000 -1000 -10
206 72 pedestrian 0 0 -10 431.30 174.75 538.87 223.03 -10 -10 -10 -100    0 -1000 -1000 -10
206 81 pedestrian 0 0 -10 270.95 187.31 339.08 253.10 -10 -10 -10 -100    0 -1000 -1000 -10
206 56 pedestrian 0 0 -10 1047.51 49.33 1241.90 223.95 -10 -10 -10 -100    0 -1000 -1000 -10
207 80 pedestrian 0 0 -10 372.83 185.47 451.24 248.18 -10 -10 -10 -100    0 -1000 -1000 -10
207 21 pedestrian 0 0 -10 33.56 173.19 307.29 311.05 -10 -10 -10 -100    0 -1000 -1000 -10
207 72 pedestrian 0 0 -10 452.59 173.57 559.28 223.10 -10 -10 -10 -100    0 -1000 -1000 -10
207 81 pedestrian 0 0 -10 296.66 186.35 362.15 251.67 -10 -10 -10 -100    0 -1000 -1000 -10
207 56 pedestrian 0 0 -10 1081.92 52.00 1242.00 233.46 -10 -10 -10 -100    0 -1000 -1000 -10
208 80 pedestrian 0 0 -10 397.15 184.40 475.85 247.64 -10 -10 -10 -100    0 -1000 -1000 -10
208 21 pedestrian 0 0 -10 62.49 172.90 330.89 313.25 -10 -10 -10 -100    0 -1000 -1000 -10
208 72 pedestrian 0 0 -10 479.02 171.34 585.31 223.00 -10 -10 -10 -100    0 -1000 -1000 -10
208 81 pedestrian 0 0 -10 320.87 185.18 387.10 251.76 -10 -10 -10 -100    0 -1000 -1000 -10
208 56 pedestrian 0 0 -10 1119.86 53.76 1241.77 260.82 -10 -10 -10 -100    0 -1000 -1000 -10
209 82 pedestrian 0 0 -10 0.26 189.19 81.35 241.18 -10 -10 -10 -100    0 -1000 -1000 -10
209 80 pedestrian 0 0 -10 423.86 183.92 500.58 247.00 -10 -10 -10 -100    0 -1000 -1000 -10
209 21 pedestrian 0 0 -10 93.24 172.53 355.75 314.15 -10 -10 -10 -100    0 -1000 -1000 -10
209 72 pedestrian 0 0 -10 500.68 169.07 609.86 223.17 -10 -10 -10 -100    0 -1000 -1000 -10
209 81 pedestrian 0 0 -10 346.07 184.38 412.65 250.60 -10 -10 -10 -100    0 -1000 -1000 -10
209 56 pedestrian 0 0 -10 1157.74 41.62 1241.76 257.11 -10 -10 -10 -100    0 -1000 -1000 -10
210 82 pedestrian 0 0 -10 0.00 187.35 116.82 238.22 -10 -10 -10 -100    0 -1000 -1000 -10
210 80 pedestrian 0 0 -10 450.73 183.25 528.07 246.96 -10 -10 -10 -100    0 -1000 -1000 -10
210 21 pedestrian 0 0 -10 124.21 172.53 382.80 315.11 -10 -10 -10 -100    0 -1000 -1000 -10
210 72 pedestrian 0 0 -10 528.02 166.45 641.31 223.28 -10 -10 -10 -100    0 -1000 -1000 -10
210 81 pedestrian 0 0 -10 374.75 184.10 439.81 249.05 -10 -10 -10 -100    0 -1000 -1000 -10
211 83 pedestrian 0 0 -10 0.15 208.56 136.32 290.76 -10 -10 -10 -100    0 -1000 -1000 -10
211 82 pedestrian 0 0 -10 32.81 187.61 154.96 238.65 -10 -10 -10 -100    0 -1000 -1000 -10
211 80 pedestrian 0 0 -10 479.19 183.42 556.75 246.52 -10 -10 -10 -100    0 -1000 -1000 -10
211 21 pedestrian 0 0 -10 156.73 172.44 409.99 316.69 -10 -10 -10 -100    0 -1000 -1000 -10
211 72 pedestrian 0 0 -10 555.20 164.39 669.57 222.78 -10 -10 -10 -100    0 -1000 -1000 -10
211 81 pedestrian 0 0 -10 403.34 183.46 469.21 249.16 -10 -10 -10 -100    0 -1000 -1000 -10
212 83 pedestrian 0 0 -10 11.70 209.87 170.46 289.96 -10 -10 -10 -100    0 -1000 -1000 -10
212 82 pedestrian 0 0 -10 76.36 186.86 191.54 237.41 -10 -10 -10 -100    0 -1000 -1000 -10
212 80 pedestrian 0 0 -10 509.49 183.75 587.31 246.35 -10 -10 -10 -100    0 -1000 -1000 -10
212 21 pedestrian 0 0 -10 189.02 172.90 439.82 318.30 -10 -10 -10 -100    0 -1000 -1000 -10
212 72 pedestrian 0 0 -10 583.85 163.95 703.07 223.93 -10 -10 -10 -100    0 -1000 -1000 -10
212 81 pedestrian 0 0 -10 433.72 182.48 499.22 248.73 -10 -10 -10 -100    0 -1000 -1000 -10
213 83 pedestrian 0 0 -10 52.36 209.02 205.03 288.63 -10 -10 -10 -100    0 -1000 -1000 -10
213 82 pedestrian 0 0 -10 119.46 185.72 228.89 234.80 -10 -10 -10 -100    0 -1000 -1000 -10
213 80 pedestrian 0 0 -10 540.25 182.11 618.53 246.84 -10 -10 -10 -100    0 -1000 -1000 -10
213 21 pedestrian 0 0 -10 222.30 171.48 470.22 319.54 -10 -10 -10 -100    0 -1000 -1000 -10
213 72 pedestrian 0 0 -10 615.70 162.64 735.60 223.87 -10 -10 -10 -100    0 -1000 -1000 -10
213 81 pedestrian 0 0 -10 464.39 181.82 529.50 247.35 -10 -10 -10 -100    0 -1000 -1000 -10
214 83 pedestrian 0 0 -10 92.21 206.83 241.19 285.60 -10 -10 -10 -100    0 -1000 -1000 -10
214 82 pedestrian 0 0 -10 161.77 184.17 266.41 233.24 -10 -10 -10 -100    0 -1000 -1000 -10
214 80 pedestrian 0 0 -10 572.12 181.24 652.40 246.72 -10 -10 -10 -100    0 -1000 -1000 -10
214 21 pedestrian 0 0 -10 254.85 169.55 502.05 320.01 -10 -10 -10 -100    0 -1000 -1000 -10
214 72 pedestrian 0 0 -10 647.99 161.54 772.49 224.29 -10 -10 -10 -100    0 -1000 -1000 -10
214 81 pedestrian 0 0 -10 495.71 180.95 561.17 247.04 -10 -10 -10 -100    0 -1000 -1000 -10
215 83 pedestrian 0 0 -10 132.11 205.26 276.38 283.71 -10 -10 -10 -100    0 -1000 -1000 -10
215 82 pedestrian 0 0 -10 201.07 183.31 302.96 231.33 -10 -10 -10 -100    0 -1000 -1000 -10
215 80 pedestrian 0 0 -10 605.45 179.97 686.21 247.05 -10 -10 -10 -100    0 -1000 -1000 -10
215 21 pedestrian 0 0 -10 288.17 167.88 534.82 322.25 -10 -10 -10 -100    0 -1000 -1000 -10
215 72 pedestrian 0 0 -10 682.05 159.85 811.86 224.25 -10 -10 -10 -100    0 -1000 -1000 -10
215 81 pedestrian 0 0 -10 528.21 180.08 594.77 246.91 -10 -10 -10 -100    0 -1000 -1000 -10
216 83 pedestrian 0 0 -10 170.78 203.92 310.42 281.23 -10 -10 -10 -100    0 -1000 -1000 -10
216 82 pedestrian 0 0 -10 238.07 181.38 338.44 229.34 -10 -10 -10 -100    0 -1000 -1000 -10
216 80 pedestrian 0 0 -10 639.72 180.16 723.40 248.23 -10 -10 -10 -100    0 -1000 -1000 -10
216 21 pedestrian 0 0 -10 320.39 166.00 567.79 324.52 -10 -10 -10 -100    0 -1000 -1000 -10
216 72 pedestrian 0 0 -10 721.68 160.08 851.65 225.22 -10 -10 -10 -100    0 -1000 -1000 -10
216 81 pedestrian 0 0 -10 559.82 179.13 627.93 247.60 -10 -10 -10 -100    0 -1000 -1000 -10
217 83 pedestrian 0 0 -10 209.37 202.51 343.83 279.81 -10 -10 -10 -100    0 -1000 -1000 -10
217 82 pedestrian 0 0 -10 276.37 179.89 373.95 226.88 -10 -10 -10 -100    0 -1000 -1000 -10
217 80 pedestrian 0 0 -10 674.92 180.23 761.43 249.19 -10 -10 -10 -100    0 -1000 -1000 -10
217 21 pedestrian 0 0 -10 352.42 164.38 602.89 328.15 -10 -10 -10 -100    0 -1000 -1000 -10
217 72 pedestrian 0 0 -10 759.34 158.40 898.02 225.78 -10 -10 -10 -100    0 -1000 -1000 -10
217 81 pedestrian 0 0 -10 594.26 178.07 662.15 246.40 -10 -10 -10 -100    0 -1000 -1000 -10
218 83 pedestrian 0 0 -10 244.12 202.17 376.56 278.88 -10 -10 -10 -100    0 -1000 -1000 -10
218 82 pedestrian 0 0 -10 312.08 179.43 407.76 226.27 -10 -10 -10 -100    0 -1000 -1000 -10
218 80 pedestrian 0 0 -10 711.37 180.31 801.49 252.26 -10 -10 -10 -100    0 -1000 -1000 -10
218 21 pedestrian 0 0 -10 383.09 163.77 638.54 332.61 -10 -10 -10 -100    0 -1000 -1000 -10
218 72 pedestrian 0 0 -10 799.57 157.30 945.86 227.90 -10 -10 -10 -100    0 -1000 -1000 -10
218 81 pedestrian 0 0 -10 626.80 177.69 698.79 249.37 -10 -10 -10 -100    0 -1000 -1000 -10
219 83 pedestrian 0 0 -10 277.75 201.43 407.86 279.42 -10 -10 -10 -100    0 -1000 -1000 -10
219 82 pedestrian 0 0 -10 342.79 178.74 439.76 225.52 -10 -10 -10 -100    0 -1000 -1000 -10
219 80 pedestrian 0 0 -10 747.47 180.31 842.82 253.56 -10 -10 -10 -100    0 -1000 -1000 -10
219 21 pedestrian 0 0 -10 413.38 162.16 674.95 337.57 -10 -10 -10 -100    0 -1000 -1000 -10
219 72 pedestrian 0 0 -10 841.19 156.32 993.75 229.43 -10 -10 -10 -100    0 -1000 -1000 -10
219 81 pedestrian 0 0 -10 662.78 177.88 733.62 249.49 -10 -10 -10 -100    0 -1000 -1000 -10
220 86 pedestrian 0 0 -10 189.19 193.65 253.83 238.67 -10 -10 -10 -100    0 -1000 -1000 -10
220 83 pedestrian 0 0 -10 307.88 200.94 437.07 278.65 -10 -10 -10 -100    0 -1000 -1000 -10
220 82 pedestrian 0 0 -10 375.46 177.38 469.94 223.74 -10 -10 -10 -100    0 -1000 -1000 -10
220 80 pedestrian 0 0 -10 783.79 177.78 885.76 254.84 -10 -10 -10 -100    0 -1000 -1000 -10
220 21 pedestrian 0 0 -10 442.19 160.03 712.31 343.30 -10 -10 -10 -100    0 -1000 -1000 -10
220 72 pedestrian 0 0 -10 881.86 152.80 1037.60 229.40 -10 -10 -10 -100    0 -1000 -1000 -10
220 81 pedestrian 0 0 -10 694.46 176.27 770.82 249.76 -10 -10 -10 -100    0 -1000 -1000 -10
221 86 pedestrian 0 0 -10 222.36 192.42 286.13 237.19 -10 -10 -10 -100    0 -1000 -1000 -10
221 84 pedestrian 0 0 -10 33.21 177.26 142.64 224.71 -10 -10 -10 -100    0 -1000 -1000 -10
221 83 pedestrian 0 0 -10 337.59 199.58 464.70 277.98 -10 -10 -10 -100    0 -1000 -1000 -10
221 82 pedestrian 0 0 -10 406.10 175.31 500.33 221.90 -10 -10 -10 -100    0 -1000 -1000 -10
221 80 pedestrian 0 0 -10 821.68 173.86 930.81 254.73 -10 -10 -10 -100    0 -1000 -1000 -10
221 21 pedestrian 0 0 -10 469.90 156.33 750.60 349.00 -10 -10 -10 -100    0 -1000 -1000 -10
221 72 pedestrian 0 0 -10 922.32 148.90 1084.51 229.01 -10 -10 -10 -100    0 -1000 -1000 -10
221 81 pedestrian 0 0 -10 729.27 172.46 808.78 249.47 -10 -10 -10 -100    0 -1000 -1000 -10
222 84 pedestrian 0 0 -10 73.86 177.19 182.44 222.22 -10 -10 -10 -100    0 -1000 -1000 -10
222 83 pedestrian 0 0 -10 365.40 197.40 493.13 278.06 -10 -10 -10 -100    0 -1000 -1000 -10
222 82 pedestrian 0 0 -10 433.62 172.88 528.78 219.47 -10 -10 -10 -100    0 -1000 -1000 -10
222 80 pedestrian 0 0 -10 860.62 171.04 979.30 255.08 -10 -10 -10 -100    0 -1000 -1000 -10
222 21 pedestrian 0 0 -10 497.39 152.29 791.97 356.38 -10 -10 -10 -100    0 -1000 -1000 -10
222 72 pedestrian 0 0 -10 969.64 145.04 1142.37 228.14 -10 -10 -10 -100    0 -1000 -1000 -10
222 81 pedestrian 0 0 -10 763.52 169.73 850.75 252.03 -10 -10 -10 -100    0 -1000 -1000 -10
223 84 pedestrian 0 0 -10 116.10 174.46 218.29 221.24 -10 -10 -10 -100    0 -1000 -1000 -10
223 83 pedestrian 0 0 -10 392.85 195.37 522.12 278.01 -10 -10 -10 -100    0 -1000 -1000 -10
223 82 pedestrian 0 0 -10 464.26 171.13 557.84 217.54 -10 -10 -10 -100    0 -1000 -1000 -10
223 80 pedestrian 0 0 -10 901.97 166.43 1033.00 257.60 -10 -10 -10 -100    0 -1000 -1000 -10
223 21 pedestrian 0 0 -10 525.37 147.26 837.23 366.07 -10 -10 -10 -100    0 -1000 -1000 -10
223 72 pedestrian 0 0 -10 1015.39 144.20 1203.45 227.19 -10 -10 -10 -100    0 -1000 -1000 -10
223 81 pedestrian 0 0 -10 799.63 167.50 894.77 251.81 -10 -10 -10 -100    0 -1000 -1000 -10
224 84 pedestrian 0 0 -10 154.73 174.82 254.81 220.03 -10 -10 -10 -100    0 -1000 -1000 -10
224 83 pedestrian 0 0 -10 420.53 194.64 551.95 279.36 -10 -10 -10 -100    0 -1000 -1000 -10
224 82 pedestrian 0 0 -10 493.01 169.89 587.47 216.20 -10 -10 -10 -100    0 -1000 -1000 -10
224 80 pedestrian 0 0 -10 948.00 161.96 1094.47 257.54 -10 -10 -10 -100    0 -1000 -1000 -10
224 21 pedestrian 0 0 -10 553.96 141.16 891.02 375.00 -10 -10 -10 -100    0 -1000 -1000 -10
224 72 pedestrian 0 0 -10 1077.13 143.26 1242.00 222.36 -10 -10 -10 -100    0 -1000 -1000 -10
224 81 pedestrian 0 0 -10 837.18 164.16 945.23 255.21 -10 -10 -10 -100    0 -1000 -1000 -10
225 92 pedestrian 0 0 -10 351.03 184.41 408.87 228.62 -10 -10 -10 -100    0 -1000 -1000 -10
225 84 pedestrian 0 0 -10 191.07 171.59 292.75 216.97 -10 -10 -10 -100    0 -1000 -1000 -10
225 83 pedestrian 0 0 -10 449.73 192.16 582.88 279.21 -10 -10 -10 -100    0 -1000 -1000 -10
225 82 pedestrian 0 0 -10 524.52 165.80 619.27 213.89 -10 -10 -10 -100    0 -1000 -1000 -10
225 80 pedestrian 0 0 -10 998.36 155.58 1163.49 258.61 -10 -10 -10 -100    0 -1000 -1000 -10
225 21 pedestrian 0 0 -10 586.90 133.96 953.70 375.00 -10 -10 -10 -100    0 -1000 -1000 -10
225 72 pedestrian 0 0 -10 1142.70 131.51 1241.84 217.16 -10 -10 -10 -100    0 -1000 -1000 -10
225 81 pedestrian 0 0 -10 875.07 160.08 999.14 255.46 -10 -10 -10 -100    0 -1000 -1000 -10
226 93 pedestrian 0 0 -10 0.00 206.49 131.62 323.50 -10 -10 -10 -100    0 -1000 -1000 -10
226 92 pedestrian 0 0 -10 382.17 183.23 438.59 226.33 -10 -10 -10 -100    0 -1000 -1000 -10
226 84 pedestrian 0 0 -10 225.02 170.65 328.35 217.29 -10 -10 -10 -100    0 -1000 -1000 -10
226 83 pedestrian 0 0 -10 479.06 190.56 615.18 280.21 -10 -10 -10 -100    0 -1000 -1000 -10
226 82 pedestrian 0 0 -10 554.82 163.43 652.02 211.88 -10 -10 -10 -100    0 -1000 -1000 -10
226 80 pedestrian 0 0 -10 1056.30 149.15 1241.50 259.85 -10 -10 -10 -100    0 -1000 -1000 -10
226 21 pedestrian 0 0 -10 620.49 126.04 1027.21 375.00 -10 -10 -10 -100    0 -1000 -1000 -10
226 81 pedestrian 0 0 -10 918.46 157.12 1059.36 259.34 -10 -10 -10 -100    0 -1000 -1000 -10
227 93 pedestrian 0 0 -10 0.00 205.34 158.08 326.39 -10 -10 -10 -100    0 -1000 -1000 -10
227 92 pedestrian 0 0 -10 412.25 181.89 468.40 226.24 -10 -10 -10 -100    0 -1000 -1000 -10
227 84 pedestrian 0 0 -10 263.40 170.03 360.96 215.40 -10 -10 -10 -100    0 -1000 -1000 -10
227 83 pedestrian 0 0 -10 507.19 189.88 648.35 282.76 -10 -10 -10 -100    0 -1000 -1000 -10
227 82 pedestrian 0 0 -10 585.87 161.72 683.19 210.85 -10 -10 -10 -100    0 -1000 -1000 -10
227 80 pedestrian 0 0 -10 1118.44 146.68 1241.86 265.89 -10 -10 -10 -100    0 -1000 -1000 -10
227 21 pedestrian 0 0 -10 655.00 119.49 1115.36 375.00 -10 -10 -10 -100    0 -1000 -1000 -10
227 81 pedestrian 0 0 -10 967.07 153.88 1119.17 265.00 -10 -10 -10 -100    0 -1000 -1000 -10
228 93 pedestrian 0 0 -10 11.52 204.86 181.69 330.18 -10 -10 -10 -100    0 -1000 -1000 -10
228 92 pedestrian 0 0 -10 440.36 182.44 497.27 226.93 -10 -10 -10 -100    0 -1000 -1000 -10
228 84 pedestrian 0 0 -10 294.40 169.50 392.51 215.01 -10 -10 -10 -100    0 -1000 -1000 -10
228 83 pedestrian 0 0 -10 535.57 190.45 681.34 288.02 -10 -10 -10 -100    0 -1000 -1000 -10
228 82 pedestrian 0 0 -10 615.69 162.21 715.23 212.03 -10 -10 -10 -100    0 -1000 -1000 -10
228 80 pedestrian 0 0 -10 1186.27 149.09 1241.93 269.47 -10 -10 -10 -100    0 -1000 -1000 -10
228 21 pedestrian 0 0 -10 694.34 112.83 1226.45 375.00 -10 -10 -10 -100    0 -1000 -1000 -10
228 81 pedestrian 0 0 -10 1009.16 148.91 1197.64 270.15 -10 -10 -10 -100    0 -1000 -1000 -10
229 93 pedestrian 0 0 -10 22.88 205.98 202.46 335.17 -10 -10 -10 -100    0 -1000 -1000 -10
229 92 pedestrian 0 0 -10 466.82 183.75 522.97 228.88 -10 -10 -10 -100    0 -1000 -1000 -10
229 84 pedestrian 0 0 -10 322.15 172.23 421.72 214.93 -10 -10 -10 -100    0 -1000 -1000 -10
229 83 pedestrian 0 0 -10 562.25 191.24 713.87 294.03 -10 -10 -10 -100    0 -1000 -1000 -10
229 82 pedestrian 0 0 -10 641.91 162.87 746.16 214.54 -10 -10 -10 -100    0 -1000 -1000 -10
229 21 pedestrian 0 0 -10 730.75 97.92 1242.00 375.00 -10 -10 -10 -100    0 -1000 -1000 -10
230 93 pedestrian 0 0 -10 28.58 209.53 219.48 345.01 -10 -10 -10 -100    0 -1000 -1000 -10
230 92 pedestrian 0 0 -10 489.24 184.76 547.66 231.97 -10 -10 -10 -100    0 -1000 -1000 -10
230 84 pedestrian 0 0 -10 342.99 174.19 447.28 217.97 -10 -10 -10 -100    0 -1000 -1000 -10
230 83 pedestrian 0 0 -10 586.30 192.87 747.02 301.93 -10 -10 -10 -100    0 -1000 -1000 -10
230 82 pedestrian 0 0 -10 669.41 162.51 775.33 216.31 -10 -10 -10 -100    0 -1000 -1000 -10
230 21 pedestrian 0 0 -10 771.25 91.32 1241.41 375.00 -10 -10 -10 -100    0 -1000 -1000 -10
231 93 pedestrian 0 0 -10 29.19 213.14 230.33 356.76 -10 -10 -10 -100    0 -1000 -1000 -10
231 92 pedestrian 0 0 -10 509.36 188.62 568.78 235.85 -10 -10 -10 -100    0 -1000 -1000 -10
231 84 pedestrian 0 0 -10 367.39 178.34 467.54 220.14 -10 -10 -10 -100    0 -1000 -1000 -10
231 83 pedestrian 0 0 -10 609.06 196.69 780.35 310.85 -10 -10 -10 -100    0 -1000 -1000 -10
231 82 pedestrian 0 0 -10 692.57 164.23 803.36 218.85 -10 -10 -10 -100    0 -1000 -1000 -10
231 21 pedestrian 0 0 -10 811.15 85.86 1241.67 375.00 -10 -10 -10 -100    0 -1000 -1000 -10
232 93 pedestrian 0 0 -10 27.93 215.33 238.56 366.76 -10 -10 -10 -100    0 -1000 -1000 -10
232 92 pedestrian 0 0 -10 528.05 189.83 588.93 238.17 -10 -10 -10 -100    0 -1000 -1000 -10
232 90 pedestrian 0 0 -10 147.99 193.38 240.05 233.28 -10 -10 -10 -100    0 -1000 -1000 -10
232 84 pedestrian 0 0 -10 388.72 180.30 489.70 221.16 -10 -10 -10 -100    0 -1000 -1000 -10
232 83 pedestrian 0 0 -10 630.93 198.72 815.53 322.58 -10 -10 -10 -100    0 -1000 -1000 -10
232 82 pedestrian 0 0 -10 718.49 165.29 831.37 222.32 -10 -10 -10 -100    0 -1000 -1000 -10
232 21 pedestrian 0 0 -10 859.10 85.88 1242.00 375.00 -10 -10 -10 -100    0 -1000 -1000 -10
233 106 pedestrian 0 0 -10 535.70 187.99 583.67 232.23 -10 -10 -10 -100    0 -1000 -1000 -10
233 105 pedestrian 0 0 -10 676.45 178.89 780.94 218.71 -10 -10 -10 -100    0 -1000 -1000 -10
233 93 pedestrian 0 0 -10 9.22 217.05 246.77 375.00 -10 -10 -10 -100    0 -1000 -1000 -10
233 92 pedestrian 0 0 -10 547.88 190.97 608.53 240.52 -10 -10 -10 -100    0 -1000 -1000 -10
233 90 pedestrian 0 0 -10 165.10 191.14 264.24 234.99 -10 -10 -10 -100    0 -1000 -1000 -10
233 84 pedestrian 0 0 -10 403.73 181.43 507.60 222.42 -10 -10 -10 -100    0 -1000 -1000 -10
233 83 pedestrian 0 0 -10 654.37 199.63 854.77 335.05 -10 -10 -10 -100    0 -1000 -1000 -10
233 82 pedestrian 0 0 -10 742.27 166.76 860.30 224.61 -10 -10 -10 -100    0 -1000 -1000 -10
233 21 pedestrian 0 0 -10 915.07 91.20 1242.00 375.00 -10 -10 -10 -100    0 -1000 -1000 -10
234 109 pedestrian 0 0 -10 384.43 192.08 428.24 229.25 -10 -10 -10 -100    0 -1000 -1000 -10
234 106 pedestrian 0 0 -10 555.56 188.37 600.79 232.37 -10 -10 -10 -100    0 -1000 -1000 -10
234 105 pedestrian 0 0 -10 699.69 179.03 805.27 219.74 -10 -10 -10 -100    0 -1000 -1000 -10
234 93 pedestrian 0 0 -10 0.00 220.24 252.68 375.00 -10 -10 -10 -100    0 -1000 -1000 -10
234 92 pedestrian 0 0 -10 565.06 191.15 629.59 243.63 -10 -10 -10 -100    0 -1000 -1000 -10
234 90 pedestrian 0 0 -10 183.80 190.03 282.76 239.70 -10 -10 -10 -100    0 -1000 -1000 -10
234 84 pedestrian 0 0 -10 424.80 181.72 526.51 223.21 -10 -10 -10 -100    0 -1000 -1000 -10
234 83 pedestrian 0 0 -10 678.10 201.08 900.09 349.49 -10 -10 -10 -100    0 -1000 -1000 -10
234 82 pedestrian 0 0 -10 770.30 167.69 889.94 227.82 -10 -10 -10 -100    0 -1000 -1000 -10
234 21 pedestrian 0 0 -10 974.58 144.41 1241.07 375.00 -10 -10 -10 -100    0 -1000 -1000 -10
235 109 pedestrian 0 0 -10 403.04 191.59 446.61 229.21 -10 -10 -10 -100    0 -1000 -1000 -10
235 106 pedestrian 0 0 -10 574.40 187.52 621.23 233.35 -10 -10 -10 -100    0 -1000 -1000 -10
235 105 pedestrian 0 0 -10 722.93 178.33 831.69 219.60 -10 -10 -10 -100    0 -1000 -1000 -10
235 93 pedestrian 0 0 -10 0.01 219.60 257.26 375.00 -10 -10 -10 -100    0 -1000 -1000 -10
235 92 pedestrian 0 0 -10 583.55 190.24 650.83 244.77 -10 -10 -10 -100    0 -1000 -1000 -10
235 90 pedestrian 0 0 -10 202.56 189.21 302.77 239.75 -10 -10 -10 -100    0 -1000 -1000 -10
235 84 pedestrian 0 0 -10 442.06 182.02 546.43 222.31 -10 -10 -10 -100    0 -1000 -1000 -10
235 83 pedestrian 0 0 -10 704.04 203.16 949.85 365.13 -10 -10 -10 -100    0 -1000 -1000 -10
235 82 pedestrian 0 0 -10 797.65 166.97 924.22 230.49 -10 -10 -10 -100    0 -1000 -1000 -10
235 21 pedestrian 0 0 -10 967.87 153.34 1242.00 375.00 -10 -10 -10 -100    0 -1000 -1000 -10
236 109 pedestrian 0 0 -10 419.79 189.83 465.52 228.03 -10 -10 -10 -100    0 -1000 -1000 -10
236 106 pedestrian 0 0 -10 593.49 186.72 642.24 234.17 -10 -10 -10 -100    0 -1000 -1000 -10
236 105 pedestrian 0 0 -10 744.72 177.35 862.94 221.86 -10 -10 -10 -100    0 -1000 -1000 -10
236 93 pedestrian 0 0 -10 0.52 220.94 258.86 375.00 -10 -10 -10 -100    0 -1000 -1000 -10
236 92 pedestrian 0 0 -10 603.65 189.63 671.51 245.27 -10 -10 -10 -100    0 -1000 -1000 -10
236 90 pedestrian 0 0 -10 216.18 188.09 315.47 238.13 -10 -10 -10 -100    0 -1000 -1000 -10
236 84 pedestrian 0 0 -10 461.90 181.02 566.07 221.29 -10 -10 -10 -100    0 -1000 -1000 -10
236 83 pedestrian 0 0 -10 731.62 204.06 1010.97 375.00 -10 -10 -10 -100    0 -1000 -1000 -10
236 82 pedestrian 0 0 -10 820.55 166.15 955.17 232.74 -10 -10 -10 -100    0 -1000 -1000 -10
237 109 pedestrian 0 0 -10 434.88 187.90 479.86 226.52 -10 -10 -10 -100    0 -1000 -1000 -10
237 106 pedestrian 0 0 -10 610.10 185.42 661.22 233.41 -10 -10 -10 -100    0 -1000 -1000 -10
237 105 pedestrian 0 0 -10 764.76 175.68 885.18 221.58 -10 -10 -10 -100    0 -1000 -1000 -10
237 93 pedestrian 0 0 -10 0.68 219.71 258.47 375.00 -10 -10 -10 -100    0 -1000 -1000 -10
237 92 pedestrian 0 0 -10 620.66 188.49 692.33 246.38 -10 -10 -10 -100    0 -1000 -1000 -10
237 90 pedestrian 0 0 -10 220.90 185.77 319.44 235.24 -10 -10 -10 -100    0 -1000 -1000 -10
237 84 pedestrian 0 0 -10 477.90 179.43 582.82 218.97 -10 -10 -10 -100    0 -1000 -1000 -10
237 83 pedestrian 0 0 -10 758.90 206.23 1081.52 375.00 -10 -10 -10 -100    0 -1000 -1000 -10
237 82 pedestrian 0 0 -10 848.40 165.52 989.10 233.76 -10 -10 -10 -100    0 -1000 -1000 -10
238 114 pedestrian 0 0 -10 830.55 175.20 959.04 231.27 -10 -10 -10 -100    0 -1000 -1000 -10
238 109 pedestrian 0 0 -10 447.54 186.27 494.58 224.75 -10 -10 -10 -100    0 -1000 -1000 -10
238 106 pedestrian 0 0 -10 626.01 184.10 679.92 233.61 -10 -10 -10 -100    0 -1000 -1000 -10
238 105 pedestrian 0 0 -10 786.25 174.62 911.83 222.38 -10 -10 -10 -100    0 -1000 -1000 -10
238 93 pedestrian 0 0 -10 0.18 217.12 253.62 375.00 -10 -10 -10 -100    0 -1000 -1000 -10
238 92 pedestrian 0 0 -10 636.41 187.81 711.04 247.47 -10 -10 -10 -100    0 -1000 -1000 -10
238 90 pedestrian 0 0 -10 233.99 188.34 327.32 227.02 -10 -10 -10 -100    0 -1000 -1000 -10
238 84 pedestrian 0 0 -10 491.88 177.58 597.38 216.61 -10 -10 -10 -100    0 -1000 -1000 -10
238 83 pedestrian 0 0 -10 787.96 208.77 1169.30 375.00 -10 -10 -10 -100    0 -1000 -1000 -10
238 82 pedestrian 0 0 -10 870.87 164.54 1023.23 236.24 -10 -10 -10 -100    0 -1000 -1000 -10
239 114 pedestrian 0 0 -10 850.91 175.55 989.12 232.62 -10 -10 -10 -100    0 -1000 -1000 -10
239 109 pedestrian 0 0 -10 458.30 185.60 504.71 224.27 -10 -10 -10 -100    0 -1000 -1000 -10
239 106 pedestrian 0 0 -10 639.65 183.54 694.58 233.63 -10 -10 -10 -100    0 -1000 -1000 -10
239 105 pedestrian 0 0 -10 805.01 175.38 938.26 223.73 -10 -10 -10 -100    0 -1000 -1000 -10
239 93 pedestrian 0 0 -10 0.28 216.97 243.17 375.00 -10 -10 -10 -100    0 -1000 -1000 -10
239 92 pedestrian 0 0 -10 651.18 187.90 728.59 249.10 -10 -10 -10 -100    0 -1000 -1000 -10
239 90 pedestrian 0 0 -10 255.22 190.16 345.23 222.74 -10 -10 -10 -100    0 -1000 -1000 -10
239 84 pedestrian 0 0 -10 503.68 176.74 611.39 214.77 -10 -10 -10 -100    0 -1000 -1000 -10
239 83 pedestrian 0 0 -10 821.71 212.01 1241.21 375.00 -10 -10 -10 -100    0 -1000 -1000 -10
239 82 pedestrian 0 0 -10 894.48 164.22 1055.34 238.50 -10 -10 -10 -100    0 -1000 -1000 -10
240 114 pedestrian 0 0 -10 874.43 174.54 1022.39 235.99 -10 -10 -10 -100    0 -1000 -1000 -10
240 109 pedestrian 0 0 -10 467.02 184.99 514.31 224.34 -10 -10 -10 -100    0 -1000 -1000 -10
240 106 pedestrian 0 0 -10 651.85 183.46 708.52 234.97 -10 -10 -10 -100    0 -1000 -1000 -10
240 105 pedestrian 0 0 -10 823.36 174.99 957.68 226.11 -10 -10 -10 -100    0 -1000 -1000 -10
240 93 pedestrian 0 0 -10 0.00 215.91 227.51 375.00 -10 -10 -10 -100    0 -1000 -1000 -10
240 92 pedestrian 0 0 -10 663.80 187.58 744.93 251.32 -10 -10 -10 -100    0 -1000 -1000 -10
240 90 pedestrian 0 0 -10 264.41 190.70 355.26 222.82 -10 -10 -10 -100    0 -1000 -1000 -10
240 84 pedestrian 0 0 -10 514.42 176.34 622.80 215.05 -10 -10 -10 -100    0 -1000 -1000 -10
240 83 pedestrian 0 0 -10 853.95 215.79 1241.40 375.00 -10 -10 -10 -100    0 -1000 -1000 -10
240 82 pedestrian 0 0 -10 919.85 163.17 1087.09 245.45 -10 -10 -10 -100    0 -1000 -1000 -10
241 114 pedestrian 0 0 -10 892.91 175.19 1046.64 239.05 -10 -10 -10 -100    0 -1000 -1000 -10
241 109 pedestrian 0 0 -10 473.71 184.73 521.36 225.28 -10 -10 -10 -100    0 -1000 -1000 -10
241 106 pedestrian 0 0 -10 662.71 183.73 721.97 237.02 -10 -10 -10 -100    0 -1000 -1000 -10
241 105 pedestrian 0 0 -10 840.46 174.86 981.91 228.95 -10 -10 -10 -100    0 -1000 -1000 -10
241 93 pedestrian 0 0 -10 0.00 219.71 202.36 375.00 -10 -10 -10 -100    0 -1000 -1000 -10
241 92 pedestrian 0 0 -10 674.60 187.89 760.88 254.26 -10 -10 -10 -100    0 -1000 -1000 -10
241 90 pedestrian 0 0 -10 267.11 190.56 360.02 222.20 -10 -10 -10 -100    0 -1000 -1000 -10
241 84 pedestrian 0 0 -10 520.30 174.99 631.68 215.36 -10 -10 -10 -100    0 -1000 -1000 -10
241 83 pedestrian 0 0 -10 895.44 219.56 1241.94 375.00 -10 -10 -10 -100    0 -1000 -1000 -10
241 82 pedestrian 0 0 -10 941.22 162.66 1123.15 245.33 -10 -10 -10 -100    0 -1000 -1000 -10
242 114 pedestrian 0 0 -10 910.26 175.05 1072.48 241.39 -10 -10 -10 -100    0 -1000 -1000 -10
242 109 pedestrian 0 0 -10 477.84 185.23 527.34 226.56 -10 -10 -10 -100    0 -1000 -1000 -10
242 106 pedestrian 0 0 -10 671.55 184.04 732.87 239.84 -10 -10 -10 -100    0 -1000 -1000 -10
242 105 pedestrian 0 0 -10 853.83 175.39 1003.63 231.19 -10 -10 -10 -100    0 -1000 -1000 -10
242 93 pedestrian 0 0 -10 0.00 223.48 168.92 375.00 -10 -10 -10 -100    0 -1000 -1000 -10
242 92 pedestrian 0 0 -10 684.65 188.40 775.17 257.77 -10 -10 -10 -100    0 -1000 -1000 -10
242 90 pedestrian 0 0 -10 266.84 190.84 362.87 223.05 -10 -10 -10 -100    0 -1000 -1000 -10
242 84 pedestrian 0 0 -10 524.64 175.26 638.17 215.67 -10 -10 -10 -100    0 -1000 -1000 -10
242 83 pedestrian 0 0 -10 938.92 233.14 1241.43 375.00 -10 -10 -10 -100    0 -1000 -1000 -10
242 82 pedestrian 0 0 -10 966.66 161.69 1156.47 249.26 -10 -10 -10 -100    0 -1000 -1000 -10
242 118 pedestrian 0 0 -10 655.02 177.40 682.00 206.09 -10 -10 -10 -100    0 -1000 -1000 -10
243 114 pedestrian 0 0 -10 930.43 172.60 1098.87 243.56 -10 -10 -10 -100    0 -1000 -1000 -10
243 109 pedestrian 0 0 -10 480.84 184.33 531.39 227.07 -10 -10 -10 -100    0 -1000 -1000 -10
243 106 pedestrian 0 0 -10 678.16 183.81 742.78 241.08 -10 -10 -10 -100    0 -1000 -1000 -10
243 105 pedestrian 0 0 -10 868.98 174.19 1022.84 232.43 -10 -10 -10 -100    0 -1000 -1000 -10
243 93 pedestrian 0 0 -10 0.00 225.09 119.23 375.00 -10 -10 -10 -100    0 -1000 -1000 -10
243 92 pedestrian 0 0 -10 693.03 188.88 788.86 261.48 -10 -10 -10 -100    0 -1000 -1000 -10
243 90 pedestrian 0 0 -10 265.83 190.59 363.91 223.26 -10 -10 -10 -100    0 -1000 -1000 -10
243 84 pedestrian 0 0 -10 529.56 173.82 643.17 215.81 -10 -10 -10 -100    0 -1000 -1000 -10
243 83 pedestrian 0 0 -10 993.54 256.35 1241.63 375.00 -10 -10 -10 -100    0 -1000 -1000 -10
243 82 pedestrian 0 0 -10 989.75 160.86 1190.91 253.07 -10 -10 -10 -100    0 -1000 -1000 -10
243 118 pedestrian 0 0 -10 661.31 177.69 687.10 205.39 -10 -10 -10 -100    0 -1000 -1000 -10
244 114 pedestrian 0 0 -10 949.67 171.15 1133.41 244.91 -10 -10 -10 -100    0 -1000 -1000 -10
244 109 pedestrian 0 0 -10 481.64 183.80 533.54 227.09 -10 -10 -10 -100    0 -1000 -1000 -10
244 106 pedestrian 0 0 -10 684.74 183.25 751.21 242.55 -10 -10 -10 -100    0 -1000 -1000 -10
244 105 pedestrian 0 0 -10 882.80 173.86 1049.38 233.79 -10 -10 -10 -100    0 -1000 -1000 -10
244 92 pedestrian 0 0 -10 700.41 188.43 801.80 265.37 -10 -10 -10 -100    0 -1000 -1000 -10
244 90 pedestrian 0 0 -10 269.33 187.41 366.97 222.56 -10 -10 -10 -100    0 -1000 -1000 -10
244 84 pedestrian 0 0 -10 533.84 173.00 650.19 215.46 -10 -10 -10 -100    0 -1000 -1000 -10
244 83 pedestrian 0 0 -10 1101.67 305.22 1241.78 375.00 -10 -10 -10 -100    0 -1000 -1000 -10
244 82 pedestrian 0 0 -10 1013.07 158.85 1229.37 256.06 -10 -10 -10 -100    0 -1000 -1000 -10
244 118 pedestrian 0 0 -10 667.58 175.90 693.76 204.92 -10 -10 -10 -100    0 -1000 -1000 -10
245 114 pedestrian 0 0 -10 972.25 170.41 1163.94 247.08 -10 -10 -10 -100    0 -1000 -1000 -10
245 109 pedestrian 0 0 -10 481.39 183.15 535.50 227.12 -10 -10 -10 -100    0 -1000 -1000 -10
245 106 pedestrian 0 0 -10 691.33 182.60 760.70 243.57 -10 -10 -10 -100    0 -1000 -1000 -10
245 105 pedestrian 0 0 -10 897.44 172.72 1068.54 234.43 -10 -10 -10 -100    0 -1000 -1000 -10
245 92 pedestrian 0 0 -10 709.52 187.82 815.92 268.26 -10 -10 -10 -100    0 -1000 -1000 -10
245 90 pedestrian 0 0 -10 267.42 186.69 365.32 222.68 -10 -10 -10 -100    0 -1000 -1000 -10
245 84 pedestrian 0 0 -10 539.23 172.44 653.42 213.82 -10 -10 -10 -100    0 -1000 -1000 -10
245 82 pedestrian 0 0 -10 1041.07 157.68 1241.98 259.71 -10 -10 -10 -100    0 -1000 -1000 -10
245 118 pedestrian 0 0 -10 670.71 175.02 699.44 205.37 -10 -10 -10 -100    0 -1000 -1000 -10
246 114 pedestrian 0 0 -10 989.90 168.21 1194.83 248.71 -10 -10 -10 -100    0 -1000 -1000 -10
246 109 pedestrian 0 0 -10 480.87 181.66 536.71 226.47 -10 -10 -10 -100    0 -1000 -1000 -10
246 106 pedestrian 0 0 -10 697.28 181.56 771.06 244.90 -10 -10 -10 -100    0 -1000 -1000 -10
246 105 pedestrian 0 0 -10 911.75 170.65 1090.92 234.99 -10 -10 -10 -100    0 -1000 -1000 -10
246 92 pedestrian 0 0 -10 716.87 186.23 831.97 270.97 -10 -10 -10 -100    0 -1000 -1000 -10
246 90 pedestrian 0 0 -10 262.14 186.35 364.66 223.43 -10 -10 -10 -100    0 -1000 -1000 -10
246 84 pedestrian 0 0 -10 545.94 170.48 659.09 212.13 -10 -10 -10 -100    0 -1000 -1000 -10
246 82 pedestrian 0 0 -10 1068.10 155.62 1241.91 261.05 -10 -10 -10 -100    0 -1000 -1000 -10
246 118 pedestrian 0 0 -10 675.40 171.92 702.51 202.78 -10 -10 -10 -100    0 -1000 -1000 -10
247 114 pedestrian 0 0 -10 1013.76 165.86 1232.54 251.65 -10 -10 -10 -100    0 -1000 -1000 -10
247 111 pedestrian 0 0 -10 504.62 178.39 554.11 218.29 -10 -10 -10 -100    0 -1000 -1000 -10
247 109 pedestrian 0 0 -10 480.05 179.87 538.17 226.14 -10 -10 -10 -100    0 -1000 -1000 -10
247 106 pedestrian 0 0 -10 703.70 178.97 780.70 245.46 -10 -10 -10 -100    0 -1000 -1000 -10
247 105 pedestrian 0 0 -10 927.94 165.67 1117.40 234.73 -10 -10 -10 -100    0 -1000 -1000 -10
247 92 pedestrian 0 0 -10 725.89 184.15 849.53 274.36 -10 -10 -10 -100    0 -1000 -1000 -10
247 90 pedestrian 0 0 -10 256.73 186.57 360.86 223.49 -10 -10 -10 -100    0 -1000 -1000 -10
247 84 pedestrian 0 0 -10 550.11 168.86 666.76 210.01 -10 -10 -10 -100    0 -1000 -1000 -10
247 82 pedestrian 0 0 -10 1100.98 153.18 1241.63 264.52 -10 -10 -10 -100    0 -1000 -1000 -10
247 118 pedestrian 0 0 -10 680.07 169.71 707.77 201.08 -10 -10 -10 -100    0 -1000 -1000 -10
248 114 pedestrian 0 0 -10 1038.48 165.94 1242.00 254.15 -10 -10 -10 -100    0 -1000 -1000 -10
248 111 pedestrian 0 0 -10 503.88 176.89 555.16 218.69 -10 -10 -10 -100    0 -1000 -1000 -10
248 109 pedestrian 0 0 -10 478.96 178.98 539.41 226.64 -10 -10 -10 -100    0 -1000 -1000 -10
248 106 pedestrian 0 0 -10 710.22 178.07 792.07 248.88 -10 -10 -10 -100    0 -1000 -1000 -10
248 105 pedestrian 0 0 -10 942.73 164.25 1144.91 236.37 -10 -10 -10 -100    0 -1000 -1000 -10
248 92 pedestrian 0 0 -10 734.41 184.19 868.93 280.23 -10 -10 -10 -100    0 -1000 -1000 -10
248 90 pedestrian 0 0 -10 252.73 187.65 357.81 224.64 -10 -10 -10 -100    0 -1000 -1000 -10
248 84 pedestrian 0 0 -10 552.55 167.18 670.92 209.22 -10 -10 -10 -100    0 -1000 -1000 -10
248 82 pedestrian 0 0 -10 1126.79 154.47 1241.87 269.74 -10 -10 -10 -100    0 -1000 -1000 -10
248 118 pedestrian 0 0 -10 683.52 169.12 712.46 201.27 -10 -10 -10 -100    0 -1000 -1000 -10
249 114 pedestrian 0 0 -10 1066.63 167.53 1242.00 261.82 -10 -10 -10 -100    0 -1000 -1000 -10
249 111 pedestrian 0 0 -10 503.24 178.45 555.98 220.78 -10 -10 -10 -100    0 -1000 -1000 -10
249 109 pedestrian 0 0 -10 477.21 179.83 540.48 229.38 -10 -10 -10 -100    0 -1000 -1000 -10
249 106 pedestrian 0 0 -10 716.32 179.53 805.44 252.96 -10 -10 -10 -100    0 -1000 -1000 -10
249 105 pedestrian 0 0 -10 960.64 165.24 1170.06 240.43 -10 -10 -10 -100    0 -1000 -1000 -10
249 92 pedestrian 0 0 -10 742.88 186.23 890.74 288.82 -10 -10 -10 -100    0 -1000 -1000 -10
249 90 pedestrian 0 0 -10 246.06 187.55 352.67 225.63 -10 -10 -10 -100    0 -1000 -1000 -10
249 84 pedestrian 0 0 -10 554.98 167.92 673.21 209.49 -10 -10 -10 -100    0 -1000 -1000 -10
249 82 pedestrian 0 0 -10 1159.14 156.93 1242.00 277.06 -10 -10 -10 -100    0 -1000 -1000 -10
249 118 pedestrian 0 0 -10 687.78 169.59 716.84 202.77 -10 -10 -10 -100    0 -1000 -1000 -10
250 114 pedestrian 0 0 -10 1096.59 169.03 1241.61 267.14 -10 -10 -10 -100    0 -1000 -1000 -10
250 111 pedestrian 0 0 -10 502.30 181.99 556.33 225.16 -10 -10 -10 -100    0 -1000 -1000 -10
250 109 pedestrian 0 0 -10 473.96 183.14 539.70 234.38 -10 -10 -10 -100    0 -1000 -1000 -10
250 106 pedestrian 0 0 -10 721.68 182.39 815.74 260.09 -10 -10 -10 -100    0 -1000 -1000 -10
250 105 pedestrian 0 0 -10 981.52 168.83 1201.77 245.57 -10 -10 -10 -100    0 -1000 -1000 -10
250 92 pedestrian 0 0 -10 753.08 189.21 914.02 301.70 -10 -10 -10 -100    0 -1000 -1000 -10
250 90 pedestrian 0 0 -10 240.86 186.32 351.94 228.53 -10 -10 -10 -100    0 -1000 -1000 -10
250 84 pedestrian 0 0 -10 556.54 168.91 679.61 211.95 -10 -10 -10 -100    0 -1000 -1000 -10
250 118 pedestrian 0 0 -10 690.20 172.69 719.37 206.31 -10 -10 -10 -100    0 -1000 -1000 -10
251 114 pedestrian 0 0 -10 1127.07 174.61 1241.82 273.67 -10 -10 -10 -100    0 -1000 -1000 -10
251 111 pedestrian 0 0 -10 500.29 185.52 555.08 230.56 -10 -10 -10 -100    0 -1000 -1000 -10
251 109 pedestrian 0 0 -10 470.25 187.44 538.51 239.44 -10 -10 -10 -100    0 -1000 -1000 -10
251 106 pedestrian 0 0 -10 726.87 185.81 825.99 268.57 -10 -10 -10 -100    0 -1000 -1000 -10
251 105 pedestrian 0 0 -10 997.34 171.58 1236.92 253.52 -10 -10 -10 -100    0 -1000 -1000 -10
251 92 pedestrian 0 0 -10 761.46 193.24 940.78 316.41 -10 -10 -10 -100    0 -1000 -1000 -10
251 90 pedestrian 0 0 -10 231.73 188.33 342.91 230.55 -10 -10 -10 -100    0 -1000 -1000 -10
251 118 pedestrian 0 0 -10 691.64 177.36 721.71 210.60 -10 -10 -10 -100    0 -1000 -1000 -10
252 114 pedestrian 0 0 -10 1157.71 171.96 1241.94 278.03 -10 -10 -10 -100    0 -1000 -1000 -10
252 111 pedestrian 0 0 -10 498.45 188.32 553.54 234.80 -10 -10 -10 -100    0 -1000 -1000 -10
252 109 pedestrian 0 0 -10 466.45 190.05 535.42 244.26 -10 -10 -10 -100    0 -1000 -1000 -10
252 106 pedestrian 0 0 -10 732.74 188.17 840.00 277.04 -10 -10 -10 -100    0 -1000 -1000 -10
252 105 pedestrian 0 0 -10 1016.84 174.50 1242.00 260.52 -10 -10 -10 -100    0 -1000 -1000 -10
252 92 pedestrian 0 0 -10 772.84 196.81 972.58 332.20 -10 -10 -10 -100    0 -1000 -1000 -10
252 90 pedestrian 0 0 -10 219.41 189.94 336.36 234.30 -10 -10 -10 -100    0 -1000 -1000 -10
252 118 pedestrian 0 0 -10 692.58 179.06 723.37 213.77 -10 -10 -10 -100    0 -1000 -1000 -10
253 111 pedestrian 0 0 -10 495.74 189.22 552.22 236.33 -10 -10 -10 -100    0 -1000 -1000 -10
253 109 pedestrian 0 0 -10 461.32 190.47 532.30 247.03 -10 -10 -10 -100    0 -1000 -1000 -10
253 106 pedestrian 0 0 -10 738.51 190.38 855.88 285.26 -10 -10 -10 -100    0 -1000 -1000 -10
253 105 pedestrian 0 0 -10 1036.58 175.87 1242.00 266.49 -10 -10 -10 -100    0 -1000 -1000 -10
253 92 pedestrian 0 0 -10 782.91 200.10 1010.26 350.39 -10 -10 -10 -100    0 -1000 -1000 -10
253 90 pedestrian 0 0 -10 209.37 191.55 329.05 236.65 -10 -10 -10 -100    0 -1000 -1000 -10
253 119 pedestrian 0 0 -10 602.19 178.36 685.31 210.18 -10 -10 -10 -100    0 -1000 -1000 -10
253 118 pedestrian 0 0 -10 693.18 179.83 725.46 215.63 -10 -10 -10 -100    0 -1000 -1000 -10
254 111 pedestrian 0 0 -10 491.10 189.13 549.95 237.95 -10 -10 -10 -100    0 -1000 -1000 -10
254 109 pedestrian 0 0 -10 454.35 190.59 529.04 249.44 -10 -10 -10 -100    0 -1000 -1000 -10
254 106 pedestrian 0 0 -10 744.66 191.48 868.27 292.42 -10 -10 -10 -100    0 -1000 -1000 -10
254 105 pedestrian 0 0 -10 1060.02 174.91 1242.00 272.11 -10 -10 -10 -100    0 -1000 -1000 -10
254 92 pedestrian 0 0 -10 796.24 201.85 1056.97 370.32 -10 -10 -10 -100    0 -1000 -1000 -10
254 90 pedestrian 0 0 -10 198.31 191.41 320.88 237.63 -10 -10 -10 -100    0 -1000 -1000 -10
254 119 pedestrian 0 0 -10 601.11 179.70 685.38 209.96 -10 -10 -10 -100    0 -1000 -1000 -10
254 118 pedestrian 0 0 -10 693.74 180.23 727.07 216.62 -10 -10 -10 -100    0 -1000 -1000 -10
255 111 pedestrian 0 0 -10 486.05 186.51 546.20 236.71 -10 -10 -10 -100    0 -1000 -1000 -10
255 109 pedestrian 0 0 -10 448.07 188.61 525.24 249.26 -10 -10 -10 -100    0 -1000 -1000 -10
255 106 pedestrian 0 0 -10 749.82 190.20 886.63 297.66 -10 -10 -10 -100    0 -1000 -1000 -10
255 105 pedestrian 0 0 -10 1083.43 176.81 1241.98 276.64 -10 -10 -10 -100    0 -1000 -1000 -10
255 92 pedestrian 0 0 -10 811.81 202.74 1117.62 375.00 -10 -10 -10 -100    0 -1000 -1000 -10
255 90 pedestrian 0 0 -10 179.81 190.62 312.62 238.17 -10 -10 -10 -100    0 -1000 -1000 -10
255 119 pedestrian 0 0 -10 599.35 178.05 684.71 207.61 -10 -10 -10 -100    0 -1000 -1000 -10
255 120 pedestrian 0 0 -10 514.31 188.80 562.80 227.79 -10 -10 -10 -100    0 -1000 -1000 -10
255 118 pedestrian 0 0 -10 693.76 178.32 728.57 215.24 -10 -10 -10 -100    0 -1000 -1000 -10
256 109 pedestrian 0 0 -10 439.61 184.60 520.05 247.99 -10 -10 -10 -100    0 -1000 -1000 -10
256 106 pedestrian 0 0 -10 757.07 187.98 907.23 304.53 -10 -10 -10 -100    0 -1000 -1000 -10
256 105 pedestrian 0 0 -10 1111.92 179.15 1242.00 281.82 -10 -10 -10 -100    0 -1000 -1000 -10
256 111 pedestrian 0 0 -10 481.78 183.77 542.67 234.74 -10 -10 -10 -100    0 -1000 -1000 -10
256 92 pedestrian 0 0 -10 828.03 202.80 1196.33 375.00 -10 -10 -10 -100    0 -1000 -1000 -10
256 90 pedestrian 0 0 -10 164.39 187.86 298.47 237.30 -10 -10 -10 -100    0 -1000 -1000 -10
256 119 pedestrian 0 0 -10 597.13 175.90 684.73 204.09 -10 -10 -10 -100    0 -1000 -1000 -10
256 120 pedestrian 0 0 -10 510.07 186.70 558.13 226.22 -10 -10 -10 -100    0 -1000 -1000 -10
256 118 pedestrian 0 0 -10 693.91 175.51 729.83 213.10 -10 -10 -10 -100    0 -1000 -1000 -10
257 106 pedestrian 0 0 -10 764.45 187.69 929.24 315.34 -10 -10 -10 -100    0 -1000 -1000 -10
257 105 pedestrian 0 0 -10 1148.79 182.17 1241.58 287.64 -10 -10 -10 -100    0 -1000 -1000 -10
257 109 pedestrian 0 0 -10 430.63 182.08 515.73 249.24 -10 -10 -10 -100    0 -1000 -1000 -10
257 111 pedestrian 0 0 -10 475.66 181.19 538.72 236.01 -10 -10 -10 -100    0 -1000 -1000 -10
257 113 pedestrian 0 0 -10 523.29 183.14 569.61 218.78 -10 -10 -10 -100    0 -1000 -1000 -10
257 92 pedestrian 0 0 -10 846.55 205.04 1239.23 375.00 -10 -10 -10 -100    0 -1000 -1000 -10
257 90 pedestrian 0 0 -10 148.57 185.82 287.36 236.84 -10 -10 -10 -100    0 -1000 -1000 -10
257 119 pedestrian 0 0 -10 594.91 174.91 684.19 202.62 -10 -10 -10 -100    0 -1000 -1000 -10
257 120 pedestrian 0 0 -10 503.31 185.15 554.75 225.26 -10 -10 -10 -100    0 -1000 -1000 -10
257 118 pedestrian 0 0 -10 693.71 173.38 730.86 212.02 -10 -10 -10 -100    0 -1000 -1000 -10
258 106 pedestrian 0 0 -10 773.41 187.88 960.64 326.90 -10 -10 -10 -100    0 -1000 -1000 -10
258 105 pedestrian 0 0 -10 1184.87 178.72 1241.55 290.35 -10 -10 -10 -100    0 -1000 -1000 -10
258 109 pedestrian 0 0 -10 421.04 183.24 511.85 252.90 -10 -10 -10 -100    0 -1000 -1000 -10
258 111 pedestrian 0 0 -10 469.87 181.72 535.29 237.68 -10 -10 -10 -100    0 -1000 -1000 -10
258 113 pedestrian 0 0 -10 522.80 184.09 567.70 219.45 -10 -10 -10 -100    0 -1000 -1000 -10
258 92 pedestrian 0 0 -10 874.11 210.17 1241.92 375.00 -10 -10 -10 -100    0 -1000 -1000 -10
258 90 pedestrian 0 0 -10 127.47 185.56 274.75 238.95 -10 -10 -10 -100    0 -1000 -1000 -10
258 119 pedestrian 0 0 -10 593.78 174.70 684.90 202.94 -10 -10 -10 -100    0 -1000 -1000 -10
258 120 pedestrian 0 0 -10 499.90 186.08 552.54 228.07 -10 -10 -10 -100    0 -1000 -1000 -10
258 118 pedestrian 0 0 -10 694.03 173.80 731.94 213.31 -10 -10 -10 -100    0 -1000 -1000 -10
259 109 pedestrian 0 0 -10 410.06 185.27 504.47 257.99 -10 -10 -10 -100    0 -1000 -1000 -10
259 111 pedestrian 0 0 -10 463.18 182.91 532.46 241.47 -10 -10 -10 -100    0 -1000 -1000 -10
259 113 pedestrian 0 0 -10 520.89 184.70 566.15 221.78 -10 -10 -10 -100    0 -1000 -1000 -10
259 92 pedestrian 0 0 -10 908.01 215.51 1241.95 375.00 -10 -10 -10 -100    0 -1000 -1000 -10
259 90 pedestrian 0 0 -10 106.72 187.88 267.85 242.68 -10 -10 -10 -100    0 -1000 -1000 -10
259 119 pedestrian 0 0 -10 592.04 174.59 685.61 204.09 -10 -10 -10 -100    0 -1000 -1000 -10
259 120 pedestrian 0 0 -10 497.82 186.61 550.64 228.83 -10 -10 -10 -100    0 -1000 -1000 -10
259 106 pedestrian 0 0 -10 783.60 188.65 993.24 339.33 -10 -10 -10 -100    0 -1000 -1000 -10
259 118 pedestrian 0 0 -10 693.94 174.52 733.59 215.12 -10 -10 -10 -100    0 -1000 -1000 -10
260 109 pedestrian 0 0 -10 398.36 186.86 498.63 263.38 -10 -10 -10 -100    0 -1000 -1000 -10
260 111 pedestrian 0 0 -10 454.86 184.79 526.13 244.09 -10 -10 -10 -100    0 -1000 -1000 -10
260 113 pedestrian 0 0 -10 513.73 185.78 562.64 223.98 -10 -10 -10 -100    0 -1000 -1000 -10
260 92 pedestrian 0 0 -10 954.15 220.67 1242.00 375.00 -10 -10 -10 -100    0 -1000 -1000 -10
260 90 pedestrian 0 0 -10 84.53 190.59 248.53 246.22 -10 -10 -10 -100    0 -1000 -1000 -10
260 119 pedestrian 0 0 -10 590.29 172.23 681.11 205.36 -10 -10 -10 -100    0 -1000 -1000 -10
260 120 pedestrian 0 0 -10 491.15 187.89 546.10 232.17 -10 -10 -10 -100    0 -1000 -1000 -10
260 106 pedestrian 0 0 -10 795.34 188.32 1035.35 355.43 -10 -10 -10 -100    0 -1000 -1000 -10
260 118 pedestrian 0 0 -10 693.84 174.81 734.93 216.25 -10 -10 -10 -100    0 -1000 -1000 -10
261 109 pedestrian 0 0 -10 384.79 186.82 492.76 267.32 -10 -10 -10 -100    0 -1000 -1000 -10
261 111 pedestrian 0 0 -10 448.79 184.46 524.61 246.42 -10 -10 -10 -100    0 -1000 -1000 -10
261 113 pedestrian 0 0 -10 509.87 185.90 559.27 225.22 -10 -10 -10 -100    0 -1000 -1000 -10
261 92 pedestrian 0 0 -10 1053.01 257.17 1241.94 375.00 -10 -10 -10 -100    0 -1000 -1000 -10
261 90 pedestrian 0 0 -10 62.29 190.39 232.91 248.65 -10 -10 -10 -100    0 -1000 -1000 -10
261 119 pedestrian 0 0 -10 588.07 170.95 681.81 205.90 -10 -10 -10 -100    0 -1000 -1000 -10
261 120 pedestrian 0 0 -10 486.93 187.68 543.37 233.01 -10 -10 -10 -100    0 -1000 -1000 -10
261 106 pedestrian 0 0 -10 810.11 189.10 1092.56 375.00 -10 -10 -10 -100    0 -1000 -1000 -10
261 118 pedestrian 0 0 -10 694.80 174.76 737.10 216.74 -10 -10 -10 -100    0 -1000 -1000 -10
262 109 pedestrian 0 0 -10 370.88 187.15 486.28 272.53 -10 -10 -10 -100    0 -1000 -1000 -10
262 111 pedestrian 0 0 -10 439.53 184.17 518.02 248.31 -10 -10 -10 -100    0 -1000 -1000 -10
262 113 pedestrian 0 0 -10 505.20 184.40 556.24 225.62 -10 -10 -10 -100    0 -1000 -1000 -10
262 90 pedestrian 0 0 -10 28.27 190.37 214.94 252.01 -10 -10 -10 -100    0 -1000 -1000 -10
262 119 pedestrian 0 0 -10 586.61 170.01 682.50 205.92 -10 -10 -10 -100    0 -1000 -1000 -10
262 107 pedestrian 0 0 -10 277.68 173.57 365.08 215.49 -10 -10 -10 -100    0 -1000 -1000 -10
262 120 pedestrian 0 0 -10 480.06 187.51 540.29 235.56 -10 -10 -10 -100    0 -1000 -1000 -10
262 106 pedestrian 0 0 -10 826.40 190.32 1168.75 375.00 -10 -10 -10 -100    0 -1000 -1000 -10
262 118 pedestrian 0 0 -10 694.68 173.46 738.67 217.49 -10 -10 -10 -100    0 -1000 -1000 -10
263 109 pedestrian 0 0 -10 354.80 187.51 478.75 278.03 -10 -10 -10 -100    0 -1000 -1000 -10
263 111 pedestrian 0 0 -10 429.35 184.50 513.45 252.05 -10 -10 -10 -100    0 -1000 -1000 -10
263 113 pedestrian 0 0 -10 501.47 185.14 553.61 227.19 -10 -10 -10 -100    0 -1000 -1000 -10
263 90 pedestrian 0 0 -10 4.83 191.87 195.19 256.93 -10 -10 -10 -100    0 -1000 -1000 -10
263 119 pedestrian 0 0 -10 584.38 171.02 680.00 205.32 -10 -10 -10 -100    0 -1000 -1000 -10
263 107 pedestrian 0 0 -10 267.02 175.33 353.56 216.86 -10 -10 -10 -100    0 -1000 -1000 -10
263 120 pedestrian 0 0 -10 474.01 188.23 536.42 237.58 -10 -10 -10 -100    0 -1000 -1000 -10
263 106 pedestrian 0 0 -10 847.22 192.37 1241.86 375.00 -10 -10 -10 -100    0 -1000 -1000 -10
263 118 pedestrian 0 0 -10 695.95 173.79 741.46 218.63 -10 -10 -10 -100    0 -1000 -1000 -10
264 109 pedestrian 0 0 -10 336.57 189.24 470.51 285.63 -10 -10 -10 -100    0 -1000 -1000 -10
264 111 pedestrian 0 0 -10 419.96 185.83 508.91 257.29 -10 -10 -10 -100    0 -1000 -1000 -10
264 113 pedestrian 0 0 -10 495.94 186.80 549.88 230.74 -10 -10 -10 -100    0 -1000 -1000 -10
264 90 pedestrian 0 0 -10 0.00 194.28 175.72 264.76 -10 -10 -10 -100    0 -1000 -1000 -10
264 119 pedestrian 0 0 -10 583.03 170.57 680.76 205.99 -10 -10 -10 -100    0 -1000 -1000 -10
264 107 pedestrian 0 0 -10 253.04 176.48 343.18 218.42 -10 -10 -10 -100    0 -1000 -1000 -10
264 120 pedestrian 0 0 -10 467.17 189.18 531.63 241.25 -10 -10 -10 -100    0 -1000 -1000 -10
264 106 pedestrian 0 0 -10 872.91 193.37 1241.98 375.00 -10 -10 -10 -100    0 -1000 -1000 -10
264 118 pedestrian 0 0 -10 696.41 174.11 743.74 220.74 -10 -10 -10 -100    0 -1000 -1000 -10
265 111 pedestrian 0 0 -10 409.01 186.58 502.48 261.40 -10 -10 -10 -100    0 -1000 -1000 -10
265 113 pedestrian 0 0 -10 490.81 187.99 546.53 233.13 -10 -10 -10 -100    0 -1000 -1000 -10
265 90 pedestrian 0 0 -10 0.26 197.20 155.81 266.12 -10 -10 -10 -100    0 -1000 -1000 -10
265 119 pedestrian 0 0 -10 583.34 171.24 679.71 205.59 -10 -10 -10 -100    0 -1000 -1000 -10
265 107 pedestrian 0 0 -10 241.32 176.43 332.15 219.27 -10 -10 -10 -100    0 -1000 -1000 -10
265 120 pedestrian 0 0 -10 460.65 191.32 527.97 244.31 -10 -10 -10 -100    0 -1000 -1000 -10
265 109 pedestrian 0 0 -10 316.15 190.36 462.08 293.48 -10 -10 -10 -100    0 -1000 -1000 -10
265 106 pedestrian 0 0 -10 906.36 195.49 1240.65 375.00 -10 -10 -10 -100    0 -1000 -1000 -10
265 118 pedestrian 0 0 -10 696.34 174.36 745.58 222.91 -10 -10 -10 -100    0 -1000 -1000 -10
266 113 pedestrian 0 0 -10 486.35 187.48 544.24 234.88 -10 -10 -10 -100    0 -1000 -1000 -10
266 90 pedestrian 0 0 -10 0.04 197.47 131.63 271.10 -10 -10 -10 -100    0 -1000 -1000 -10
266 119 pedestrian 0 0 -10 580.97 170.87 676.58 206.65 -10 -10 -10 -100    0 -1000 -1000 -10
266 107 pedestrian 0 0 -10 220.85 174.84 310.39 224.75 -10 -10 -10 -100    0 -1000 -1000 -10
266 111 pedestrian 0 0 -10 395.75 186.12 496.49 267.60 -10 -10 -10 -100    0 -1000 -1000 -10
266 120 pedestrian 0 0 -10 452.68 192.16 523.58 247.38 -10 -10 -10 -100    0 -1000 -1000 -10
266 109 pedestrian 0 0 -10 290.40 189.47 453.06 302.29 -10 -10 -10 -100    0 -1000 -1000 -10
266 106 pedestrian 0 0 -10 949.84 197.76 1242.00 375.00 -10 -10 -10 -100    0 -1000 -1000 -10
266 118 pedestrian 0 0 -10 698.46 174.56 748.62 224.05 -10 -10 -10 -100    0 -1000 -1000 -10
267 113 pedestrian 0 0 -10 480.57 186.66 541.13 235.94 -10 -10 -10 -100    0 -1000 -1000 -10
267 90 pedestrian 0 0 -10 0.00 197.91 105.03 273.74 -10 -10 -10 -100    0 -1000 -1000 -10
267 119 pedestrian 0 0 -10 578.18 170.96 649.34 209.29 -10 -10 -10 -100    0 -1000 -1000 -10
267 107 pedestrian 0 0 -10 211.69 172.60 292.49 226.34 -10 -10 -10 -100    0 -1000 -1000 -10
267 111 pedestrian 0 0 -10 381.86 186.07 489.64 272.20 -10 -10 -10 -100    0 -1000 -1000 -10
267 120 pedestrian 0 0 -10 443.38 191.26 518.96 249.46 -10 -10 -10 -100    0 -1000 -1000 -10
267 109 pedestrian 0 0 -10 263.82 188.38 441.31 310.65 -10 -10 -10 -100    0 -1000 -1000 -10
267 106 pedestrian 0 0 -10 1008.22 196.09 1241.92 375.00 -10 -10 -10 -100    0 -1000 -1000 -10
267 118 pedestrian 0 0 -10 700.18 173.29 752.82 224.46 -10 -10 -10 -100    0 -1000 -1000 -10
268 90 pedestrian 0 0 -10 0.00 194.11 69.93 276.60 -10 -10 -10 -100    0 -1000 -1000 -10
268 113 pedestrian 0 0 -10 474.61 186.68 536.53 236.38 -10 -10 -10 -100    0 -1000 -1000 -10
268 119 pedestrian 0 0 -10 575.58 170.66 648.34 209.87 -10 -10 -10 -100    0 -1000 -1000 -10
268 107 pedestrian 0 0 -10 198.75 173.31 279.82 228.69 -10 -10 -10 -100    0 -1000 -1000 -10
268 111 pedestrian 0 0 -10 365.85 185.98 482.20 276.20 -10 -10 -10 -100    0 -1000 -1000 -10
268 120 pedestrian 0 0 -10 435.97 190.55 515.06 251.59 -10 -10 -10 -100    0 -1000 -1000 -10
268 109 pedestrian 0 0 -10 228.90 188.49 426.85 321.89 -10 -10 -10 -100    0 -1000 -1000 -10
268 106 pedestrian 0 0 -10 1095.64 204.04 1241.69 375.00 -10 -10 -10 -100    0 -1000 -1000 -10
268 118 pedestrian 0 0 -10 702.64 172.37 756.39 225.15 -10 -10 -10 -100    0 -1000 -1000 -10
269 90 pedestrian 0 0 -10 0.00 197.54 43.14 269.27 -10 -10 -10 -100    0 -1000 -1000 -10
269 113 pedestrian 0 0 -10 468.83 186.09 533.38 238.90 -10 -10 -10 -100    0 -1000 -1000 -10
269 119 pedestrian 0 0 -10 572.83 171.09 646.56 208.51 -10 -10 -10 -100    0 -1000 -1000 -10
269 111 pedestrian 0 0 -10 347.81 185.12 474.52 282.74 -10 -10 -10 -100    0 -1000 -1000 -10
269 120 pedestrian 0 0 -10 423.74 190.76 508.71 255.94 -10 -10 -10 -100    0 -1000 -1000 -10
269 109 pedestrian 0 0 -10 187.59 189.22 412.82 336.76 -10 -10 -10 -100    0 -1000 -1000 -10
269 118 pedestrian 0 0 -10 702.81 172.13 759.54 226.99 -10 -10 -10 -100    0 -1000 -1000 -10
270 121 pedestrian 0 0 -10 658.32 171.18 686.60 193.61 -10 -10 -10 -100    0 -1000 -1000 -10
270 113 pedestrian 0 0 -10 461.35 186.59 530.84 241.70 -10 -10 -10 -100    0 -1000 -1000 -10
270 111 pedestrian 0 0 -10 325.40 186.29 466.18 289.82 -10 -10 -10 -100    0 -1000 -1000 -10
270 120 pedestrian 0 0 -10 413.08 192.05 503.01 258.29 -10 -10 -10 -100    0 -1000 -1000 -10
270 109 pedestrian 0 0 -10 136.11 190.81 395.63 356.93 -10 -10 -10 -100    0 -1000 -1000 -10
270 118 pedestrian 0 0 -10 704.58 172.73 763.54 228.00 -10 -10 -10 -100    0 -1000 -1000 -10
271 121 pedestrian 0 0 -10 658.70 172.31 689.91 193.45 -10 -10 -10 -100    0 -1000 -1000 -10
271 113 pedestrian 0 0 -10 451.45 186.37 526.33 243.66 -10 -10 -10 -100    0 -1000 -1000 -10
271 111 pedestrian 0 0 -10 301.60 186.88 455.47 297.96 -10 -10 -10 -100    0 -1000 -1000 -10
271 120 pedestrian 0 0 -10 401.79 192.49 496.29 262.83 -10 -10 -10 -100    0 -1000 -1000 -10
271 109 pedestrian 0 0 -10 69.69 191.90 377.19 375.00 -10 -10 -10 -100    0 -1000 -1000 -10
271 118 pedestrian 0 0 -10 706.25 172.39 767.71 230.28 -10 -10 -10 -100    0 -1000 -1000 -10
272 121 pedestrian 0 0 -10 661.35 172.17 692.97 192.04 -10 -10 -10 -100    0 -1000 -1000 -10
272 113 pedestrian 0 0 -10 445.12 185.83 521.67 245.61 -10 -10 -10 -100    0 -1000 -1000 -10
272 111 pedestrian 0 0 -10 272.03 186.29 446.38 306.15 -10 -10 -10 -100    0 -1000 -1000 -10
272 120 pedestrian 0 0 -10 387.79 192.22 490.01 265.99 -10 -10 -10 -100    0 -1000 -1000 -10
272 109 pedestrian 0 0 -10 0.00 193.73 355.14 375.00 -10 -10 -10 -100    0 -1000 -1000 -10
272 118 pedestrian 0 0 -10 708.95 170.84 772.96 231.93 -10 -10 -10 -100    0 -1000 -1000 -10
273 124 pedestrian 0 0 -10 566.36 176.32 598.62 202.68 -10 -10 -10 -100    0 -1000 -1000 -10
273 123 pedestrian 0 0 -10 691.67 174.85 727.85 207.55 -10 -10 -10 -100    0 -1000 -1000 -10
273 122 pedestrian 0 0 -10 615.39 174.31 635.96 191.11 -10 -10 -10 -100    0 -1000 -1000 -10
273 121 pedestrian 0 0 -10 660.98 170.72 691.61 190.55 -10 -10 -10 -100    0 -1000 -1000 -10
273 113 pedestrian 0 0 -10 433.44 183.78 516.25 246.81 -10 -10 -10 -100    0 -1000 -1000 -10
273 111 pedestrian 0 0 -10 240.64 184.41 433.87 315.30 -10 -10 -10 -100    0 -1000 -1000 -10
273 120 pedestrian 0 0 -10 371.58 190.64 482.81 269.79 -10 -10 -10 -100    0 -1000 -1000 -10
273 109 pedestrian 0 0 -10 0.74 191.84 325.80 375.00 -10 -10 -10 -100    0 -1000 -1000 -10
273 118 pedestrian 0 0 -10 711.72 168.66 778.03 232.49 -10 -10 -10 -100    0 -1000 -1000 -10
274 123 pedestrian 0 0 -10 691.24 173.91 728.61 207.83 -10 -10 -10 -100    0 -1000 -1000 -10
274 122 pedestrian 0 0 -10 614.36 173.03 634.80 190.13 -10 -10 -10 -100    0 -1000 -1000 -10
274 124 pedestrian 0 0 -10 564.25 174.97 597.88 201.79 -10 -10 -10 -100    0 -1000 -1000 -10
274 121 pedestrian 0 0 -10 659.88 169.48 689.67 190.09 -10 -10 -10 -100    0 -1000 -1000 -10
274 113 pedestrian 0 0 -10 421.23 183.09 510.69 249.66 -10 -10 -10 -100    0 -1000 -1000 -10
274 111 pedestrian 0 0 -10 198.67 183.39 419.30 329.72 -10 -10 -10 -100    0 -1000 -1000 -10
274 120 pedestrian 0 0 -10 352.83 190.62 473.50 274.87 -10 -10 -10 -100    0 -1000 -1000 -10
274 109 pedestrian 0 0 -10 0.21 193.17 289.89 375.00 -10 -10 -10 -100    0 -1000 -1000 -10
274 118 pedestrian 0 0 -10 713.59 168.01 783.94 234.34 -10 -10 -10 -100    0 -1000 -1000 -10
275 122 pedestrian 0 0 -10 610.73 172.45 632.33 190.25 -10 -10 -10 -100    0 -1000 -1000 -10
275 124 pedestrian 0 0 -10 560.68 174.79 594.62 201.75 -10 -10 -10 -100    0 -1000 -1000 -10
275 121 pedestrian 0 0 -10 659.63 168.95 688.84 189.61 -10 -10 -10 -100    0 -1000 -1000 -10
275 113 pedestrian 0 0 -10 409.39 183.04 504.06 253.31 -10 -10 -10 -100    0 -1000 -1000 -10
275 123 pedestrian 0 0 -10 691.02 172.85 730.61 209.63 -10 -10 -10 -100    0 -1000 -1000 -10
275 111 pedestrian 0 0 -10 146.66 185.04 401.91 347.60 -10 -10 -10 -100    0 -1000 -1000 -10
275 120 pedestrian 0 0 -10 333.55 191.71 462.68 282.99 -10 -10 -10 -100    0 -1000 -1000 -10
275 109 pedestrian 0 0 -10 0.00 194.22 243.47 375.00 -10 -10 -10 -100    0 -1000 -1000 -10
275 118 pedestrian 0 0 -10 715.31 166.86 789.97 236.70 -10 -10 -10 -100    0 -1000 -1000 -10
276 122 pedestrian 0 0 -10 609.31 172.16 630.71 190.46 -10 -10 -10 -100    0 -1000 -1000 -10
276 124 pedestrian 0 0 -10 557.00 175.01 592.73 203.18 -10 -10 -10 -100    0 -1000 -1000 -10
276 121 pedestrian 0 0 -10 659.77 167.79 687.83 189.98 -10 -10 -10 -100    0 -1000 -1000 -10
276 113 pedestrian 0 0 -10 394.29 184.08 496.34 258.77 -10 -10 -10 -100    0 -1000 -1000 -10
276 123 pedestrian 0 0 -10 689.68 172.81 731.71 210.59 -10 -10 -10 -100    0 -1000 -1000 -10
276 111 pedestrian 0 0 -10 81.77 184.91 381.27 371.00 -10 -10 -10 -100    0 -1000 -1000 -10
276 120 pedestrian 0 0 -10 309.12 192.84 451.66 291.12 -10 -10 -10 -100    0 -1000 -1000 -10
276 109 pedestrian 0 0 -10 0.00 197.68 182.18 375.00 -10 -10 -10 -100    0 -1000 -1000 -10
276 118 pedestrian 0 0 -10 716.62 166.86 797.00 240.09 -10 -10 -10 -100    0 -1000 -1000 -10
277 122 pedestrian 0 0 -10 607.11 172.24 629.76 190.81 -10 -10 -10 -100    0 -1000 -1000 -10
277 124 pedestrian 0 0 -10 553.78 175.20 590.27 203.58 -10 -10 -10 -100    0 -1000 -1000 -10
277 121 pedestrian 0 0 -10 659.78 167.04 687.38 189.91 -10 -10 -10 -100    0 -1000 -1000 -10
277 113 pedestrian 0 0 -10 378.07 183.81 488.74 263.91 -10 -10 -10 -100    0 -1000 -1000 -10
277 123 pedestrian 0 0 -10 689.50 172.22 731.76 211.15 -10 -10 -10 -100    0 -1000 -1000 -10
277 111 pedestrian 0 0 -10 0.00 186.75 356.06 375.00 -10 -10 -10 -100    0 -1000 -1000 -10
277 120 pedestrian 0 0 -10 280.07 193.68 438.76 301.00 -10 -10 -10 -100    0 -1000 -1000 -10
277 109 pedestrian 0 0 -10 0.00 205.43 92.59 375.00 -10 -10 -10 -100    0 -1000 -1000 -10
277 118 pedestrian 0 0 -10 719.74 166.41 805.25 242.61 -10 -10 -10 -100    0 -1000 -1000 -10
278 122 pedestrian 0 0 -10 604.20 174.23 626.66 192.84 -10 -10 -10 -100    0 -1000 -1000 -10
278 124 pedestrian 0 0 -10 550.79 176.37 587.84 205.92 -10 -10 -10 -100    0 -1000 -1000 -10
278 121 pedestrian 0 0 -10 659.62 167.65 686.44 191.75 -10 -10 -10 -100    0 -1000 -1000 -10
278 113 pedestrian 0 0 -10 361.31 185.74 478.84 270.97 -10 -10 -10 -100    0 -1000 -1000 -10
278 123 pedestrian 0 0 -10 689.19 172.02 734.50 216.46 -10 -10 -10 -100    0 -1000 -1000 -10
278 111 pedestrian 0 0 -10 0.00 190.95 327.85 375.00 -10 -10 -10 -100    0 -1000 -1000 -10
278 120 pedestrian 0 0 -10 247.01 197.58 424.71 315.34 -10 -10 -10 -100    0 -1000 -1000 -10
278 118 pedestrian 0 0 -10 721.83 166.69 812.85 247.11 -10 -10 -10 -100    0 -1000 -1000 -10
279 122 pedestrian 0 0 -10 601.97 176.97 624.01 194.70 -10 -10 -10 -100    0 -1000 -1000 -10
279 124 pedestrian 0 0 -10 546.79 178.93 585.78 209.25 -10 -10 -10 -100    0 -1000 -1000 -10
279 121 pedestrian 0 0 -10 660.37 169.49 687.45 194.47 -10 -10 -10 -100    0 -1000 -1000 -10
279 113 pedestrian 0 0 -10 339.07 188.53 470.29 280.12 -10 -10 -10 -100    0 -1000 -1000 -10
279 123 pedestrian 0 0 -10 688.46 173.29 735.08 217.89 -10 -10 -10 -100    0 -1000 -1000 -10
279 111 pedestrian 0 0 -10 0.06 193.18 290.96 375.00 -10 -10 -10 -100    0 -1000 -1000 -10
279 120 pedestrian 0 0 -10 205.37 200.37 408.49 332.70 -10 -10 -10 -100    0 -1000 -1000 -10
279 118 pedestrian 0 0 -10 724.33 169.41 823.02 253.82 -10 -10 -10 -100    0 -1000 -1000 -10
280 122 pedestrian 0 0 -10 599.83 180.70 622.22 198.57 -10 -10 -10 -100    0 -1000 -1000 -10
280 124 pedestrian 0 0 -10 542.41 182.28 582.26 214.10 -10 -10 -10 -100    0 -1000 -1000 -10
280 121 pedestrian 0 0 -10 658.58 172.25 686.04 199.05 -10 -10 -10 -100    0 -1000 -1000 -10
280 113 pedestrian 0 0 -10 313.49 192.32 459.50 291.81 -10 -10 -10 -100    0 -1000 -1000 -10
280 123 pedestrian 0 0 -10 687.17 174.94 720.27 214.51 -10 -10 -10 -100    0 -1000 -1000 -10
280 111 pedestrian 0 0 -10 0.10 194.57 243.39 375.00 -10 -10 -10 -100    0 -1000 -1000 -10
280 120 pedestrian 0 0 -10 154.14 204.73 389.78 355.16 -10 -10 -10 -100    0 -1000 -1000 -10
280 118 pedestrian 0 0 -10 727.17 172.92 834.37 262.32 -10 -10 -10 -100    0 -1000 -1000 -10
281 125 pedestrian 0 0 -10 616.82 174.76 648.95 199.03 -10 -10 -10 -100    0 -1000 -1000 -10
281 122 pedestrian 0 0 -10 598.24 182.43 620.08 201.55 -10 -10 -10 -100    0 -1000 -1000 -10
281 124 pedestrian 0 0 -10 538.81 184.82 579.55 217.07 -10 -10 -10 -100    0 -1000 -1000 -10
281 121 pedestrian 0 0 -10 656.68 174.63 682.50 204.00 -10 -10 -10 -100    0 -1000 -1000 -10
281 113 pedestrian 0 0 -10 287.68 194.92 447.65 303.22 -10 -10 -10 -100    0 -1000 -1000 -10
281 111 pedestrian 0 0 -10 0.00 199.08 183.59 375.00 -10 -10 -10 -100    0 -1000 -1000 -10
281 120 pedestrian 0 0 -10 90.70 208.01 369.20 375.00 -10 -10 -10 -100    0 -1000 -1000 -10
281 118 pedestrian 0 0 -10 734.84 175.31 845.54 270.55 -10 -10 -10 -100    0 -1000 -1000 -10
282 125 pedestrian 0 0 -10 612.90 173.77 648.32 197.65 -10 -10 -10 -100    0 -1000 -1000 -10
282 122 pedestrian 0 0 -10 595.86 181.21 618.49 200.79 -10 -10 -10 -100    0 -1000 -1000 -10
282 124 pedestrian 0 0 -10 535.17 183.47 576.71 216.38 -10 -10 -10 -100    0 -1000 -1000 -10
282 121 pedestrian 0 0 -10 656.72 173.07 683.79 202.85 -10 -10 -10 -100    0 -1000 -1000 -10
282 113 pedestrian 0 0 -10 254.66 196.01 434.37 314.67 -10 -10 -10 -100    0 -1000 -1000 -10
282 111 pedestrian 0 0 -10 0.08 196.51 102.08 375.00 -10 -10 -10 -100    0 -1000 -1000 -10
282 120 pedestrian 0 0 -10 6.34 209.58 341.88 375.00 -10 -10 -10 -100    0 -1000 -1000 -10
282 118 pedestrian 0 0 -10 738.02 173.27 858.28 274.81 -10 -10 -10 -100    0 -1000 -1000 -10
283 125 pedestrian 0 0 -10 613.63 169.20 651.19 192.20 -10 -10 -10 -100    0 -1000 -1000 -10
283 122 pedestrian 0 0 -10 592.55 175.46 616.65 195.49 -10 -10 -10 -100    0 -1000 -1000 -10
283 124 pedestrian 0 0 -10 530.78 178.74 573.28 211.84 -10 -10 -10 -100    0 -1000 -1000 -10
283 121 pedestrian 0 0 -10 658.30 168.74 683.81 197.38 -10 -10 -10 -100    0 -1000 -1000 -10
283 113 pedestrian 0 0 -10 216.93 191.90 421.31 323.42 -10 -10 -10 -100    0 -1000 -1000 -10
283 126 pedestrian 0 0 -10 706.07 176.90 761.23 226.26 -10 -10 -10 -100    0 -1000 -1000 -10
283 127 pedestrian 0 0 -10 722.25 182.95 794.56 241.50 -10 -10 -10 -100    0 -1000 -1000 -10
283 120 pedestrian 0 0 -10 0.21 210.50 309.58 375.00 -10 -10 -10 -100    0 -1000 -1000 -10
283 118 pedestrian 0 0 -10 743.65 167.37 875.04 276.42 -10 -10 -10 -100    0 -1000 -1000 -10
284 122 pedestrian 0 0 -10 590.24 169.46 614.10 188.76 -10 -10 -10 -100    0 -1000 -1000 -10
284 124 pedestrian 0 0 -10 525.90 172.40 569.74 206.94 -10 -10 -10 -100    0 -1000 -1000 -10
284 121 pedestrian 0 0 -10 657.78 163.31 679.50 188.52 -10 -10 -10 -100    0 -1000 -1000 -10
284 113 pedestrian 0 0 -10 170.80 188.93 406.02 334.79 -10 -10 -10 -100    0 -1000 -1000 -10
284 126 pedestrian 0 0 -10 707.56 170.66 765.28 221.98 -10 -10 -10 -100    0 -1000 -1000 -10
284 127 pedestrian 0 0 -10 725.63 176.44 802.93 238.17 -10 -10 -10 -100    0 -1000 -1000 -10
284 125 pedestrian 0 0 -10 616.06 163.76 654.40 184.73 -10 -10 -10 -100    0 -1000 -1000 -10
284 120 pedestrian 0 0 -10 0.00 212.26 267.86 375.00 -10 -10 -10 -100    0 -1000 -1000 -10
284 118 pedestrian 0 0 -10 747.90 159.71 893.38 277.06 -10 -10 -10 -100    0 -1000 -1000 -10
285 122 pedestrian 0 0 -10 588.71 166.51 613.49 186.70 -10 -10 -10 -100    0 -1000 -1000 -10
285 124 pedestrian 0 0 -10 521.50 169.85 566.94 205.48 -10 -10 -10 -100    0 -1000 -1000 -10
285 121 pedestrian 0 0 -10 656.22 161.90 678.81 185.45 -10 -10 -10 -100    0 -1000 -1000 -10
285 113 pedestrian 0 0 -10 110.44 188.44 386.85 355.70 -10 -10 -10 -100    0 -1000 -1000 -10
285 126 pedestrian 0 0 -10 711.75 169.14 771.95 222.41 -10 -10 -10 -100    0 -1000 -1000 -10
285 127 pedestrian 0 0 -10 729.53 175.10 807.81 237.00 -10 -10 -10 -100    0 -1000 -1000 -10
285 125 pedestrian 0 0 -10 618.34 161.79 657.64 181.44 -10 -10 -10 -100    0 -1000 -1000 -10
285 120 pedestrian 0 0 -10 0.00 215.58 214.54 375.00 -10 -10 -10 -100    0 -1000 -1000 -10
285 118 pedestrian 0 0 -10 753.33 153.95 916.72 282.07 -10 -10 -10 -100    0 -1000 -1000 -10
286 122 pedestrian 0 0 -10 586.09 167.84 611.64 187.85 -10 -10 -10 -100    0 -1000 -1000 -10
286 124 pedestrian 0 0 -10 517.54 171.41 563.38 208.07 -10 -10 -10 -100    0 -1000 -1000 -10
286 121 pedestrian 0 0 -10 657.25 163.27 678.19 184.75 -10 -10 -10 -100    0 -1000 -1000 -10
286 128 pedestrian 0 0 -10 703.28 168.31 750.90 213.57 -10 -10 -10 -100    0 -1000 -1000 -10
286 113 pedestrian 0 0 -10 32.80 193.26 362.32 375.00 -10 -10 -10 -100    0 -1000 -1000 -10
286 126 pedestrian 0 0 -10 714.16 168.97 777.59 225.30 -10 -10 -10 -100    0 -1000 -1000 -10
286 127 pedestrian 0 0 -10 733.05 175.62 819.54 243.11 -10 -10 -10 -100    0 -1000 -1000 -10
286 125 pedestrian 0 0 -10 620.94 163.78 659.32 182.47 -10 -10 -10 -100    0 -1000 -1000 -10
286 120 pedestrian 0 0 -10 0.00 225.73 142.30 375.00 -10 -10 -10 -100    0 -1000 -1000 -10
286 118 pedestrian 0 0 -10 760.96 152.08 945.37 293.22 -10 -10 -10 -100    0 -1000 -1000 -10
287 122 pedestrian 0 0 -10 584.20 170.99 608.40 191.25 -10 -10 -10 -100    0 -1000 -1000 -10
287 124 pedestrian 0 0 -10 512.24 173.40 560.70 212.03 -10 -10 -10 -100    0 -1000 -1000 -10
287 121 pedestrian 0 0 -10 657.39 166.59 678.65 186.95 -10 -10 -10 -100    0 -1000 -1000 -10
287 128 pedestrian 0 0 -10 706.14 171.77 753.97 217.60 -10 -10 -10 -100    0 -1000 -1000 -10
287 113 pedestrian 0 0 -10 0.03 198.41 333.54 375.00 -10 -10 -10 -100    0 -1000 -1000 -10
287 126 pedestrian 0 0 -10 715.90 170.90 783.62 230.34 -10 -10 -10 -100    0 -1000 -1000 -10
287 123 pedestrian 0 0 -10 682.85 166.84 710.83 198.55 -10 -10 -10 -100    0 -1000 -1000 -10
287 127 pedestrian 0 0 -10 737.12 178.50 830.01 249.97 -10 -10 -10 -100    0 -1000 -1000 -10
287 125 pedestrian 0 0 -10 625.99 166.31 661.55 186.99 -10 -10 -10 -100    0 -1000 -1000 -10
287 118 pedestrian 0 0 -10 770.03 154.63 977.78 307.52 -10 -10 -10 -100    0 -1000 -1000 -10
288 122 pedestrian 0 0 -10 581.83 171.77 607.30 194.59 -10 -10 -10 -100    0 -1000 -1000 -10
288 124 pedestrian 0 0 -10 507.01 174.60 557.98 214.67 -10 -10 -10 -100    0 -1000 -1000 -10
288 121 pedestrian 0 0 -10 657.70 168.70 677.28 187.07 -10 -10 -10 -100    0 -1000 -1000 -10
288 128 pedestrian 0 0 -10 706.85 173.63 757.68 222.15 -10 -10 -10 -100    0 -1000 -1000 -10
288 113 pedestrian 0 0 -10 0.14 200.74 296.50 375.00 -10 -10 -10 -100    0 -1000 -1000 -10
288 119 pedestrian 0 0 -10 550.84 165.74 592.30 217.82 -10 -10 -10 -100    0 -1000 -1000 -10
288 126 pedestrian 0 0 -10 718.31 173.81 789.58 234.72 -10 -10 -10 -100    0 -1000 -1000 -10
288 123 pedestrian 0 0 -10 683.45 169.85 712.10 201.59 -10 -10 -10 -100    0 -1000 -1000 -10
288 127 pedestrian 0 0 -10 742.29 181.71 842.74 257.88 -10 -10 -10 -100    0 -1000 -1000 -10
288 125 pedestrian 0 0 -10 632.82 168.74 664.21 186.29 -10 -10 -10 -100    0 -1000 -1000 -10
288 118 pedestrian 0 0 -10 778.34 154.41 1020.42 327.02 -10 -10 -10 -100    0 -1000 -1000 -10
289 122 pedestrian 0 0 -10 580.00 174.74 605.09 197.18 -10 -10 -10 -100    0 -1000 -1000 -10
289 124 pedestrian 0 0 -10 502.31 178.16 554.70 219.00 -10 -10 -10 -100    0 -1000 -1000 -10
289 121 pedestrian 0 0 -10 661.86 171.43 683.41 190.56 -10 -10 -10 -100    0 -1000 -1000 -10
289 128 pedestrian 0 0 -10 708.58 175.57 761.68 225.89 -10 -10 -10 -100    0 -1000 -1000 -10
289 113 pedestrian 0 0 -10 0.56 205.97 248.28 375.00 -10 -10 -10 -100    0 -1000 -1000 -10
289 119 pedestrian 0 0 -10 546.95 171.57 587.19 217.86 -10 -10 -10 -100    0 -1000 -1000 -10
289 126 pedestrian 0 0 -10 720.96 173.95 797.00 240.55 -10 -10 -10 -100    0 -1000 -1000 -10
289 123 pedestrian 0 0 -10 684.48 171.24 714.83 203.92 -10 -10 -10 -100    0 -1000 -1000 -10
289 127 pedestrian 0 0 -10 747.27 183.76 856.78 265.89 -10 -10 -10 -100    0 -1000 -1000 -10
289 125 pedestrian 0 0 -10 635.60 169.19 670.53 189.91 -10 -10 -10 -100    0 -1000 -1000 -10
289 118 pedestrian 0 0 -10 790.70 153.92 1072.83 349.39 -10 -10 -10 -100    0 -1000 -1000 -10
290 122 pedestrian 0 0 -10 578.57 179.09 602.73 201.50 -10 -10 -10 -100    0 -1000 -1000 -10
290 124 pedestrian 0 0 -10 496.49 182.68 550.16 225.60 -10 -10 -10 -100    0 -1000 -1000 -10
290 128 pedestrian 0 0 -10 710.25 180.12 765.50 231.19 -10 -10 -10 -100    0 -1000 -1000 -10
290 113 pedestrian 0 0 -10 0.00 215.91 184.76 375.00 -10 -10 -10 -100    0 -1000 -1000 -10
290 119 pedestrian 0 0 -10 547.38 175.91 585.66 223.74 -10 -10 -10 -100    0 -1000 -1000 -10
290 126 pedestrian 0 0 -10 723.19 177.86 805.39 247.08 -10 -10 -10 -100    0 -1000 -1000 -10
290 123 pedestrian 0 0 -10 684.94 173.55 717.97 208.01 -10 -10 -10 -100    0 -1000 -1000 -10
290 127 pedestrian 0 0 -10 754.06 187.85 876.25 277.65 -10 -10 -10 -100    0 -1000 -1000 -10
290 125 pedestrian 0 0 -10 640.51 173.72 672.22 194.83 -10 -10 -10 -100    0 -1000 -1000 -10
290 118 pedestrian 0 0 -10 804.79 156.25 1144.25 375.00 -10 -10 -10 -100    0 -1000 -1000 -10
291 122 pedestrian 0 0 -10 576.79 182.32 603.66 205.10 -10 -10 -10 -100    0 -1000 -1000 -10
291 124 pedestrian 0 0 -10 490.12 186.46 546.08 231.78 -10 -10 -10 -100    0 -1000 -1000 -10
291 128 pedestrian 0 0 -10 710.29 183.70 770.90 237.77 -10 -10 -10 -100    0 -1000 -1000 -10
291 113 pedestrian 0 0 -10 0.10 212.33 99.21 375.00 -10 -10 -10 -100    0 -1000 -1000 -10
291 119 pedestrian 0 0 -10 541.91 182.85 582.03 228.16 -10 -10 -10 -100    0 -1000 -1000 -10
291 126 pedestrian 0 0 -10 726.93 181.68 814.06 254.85 -10 -10 -10 -100    0 -1000 -1000 -10
291 123 pedestrian 0 0 -10 682.93 177.97 721.56 213.89 -10 -10 -10 -100    0 -1000 -1000 -10
291 127 pedestrian 0 0 -10 760.47 190.85 897.16 290.99 -10 -10 -10 -100    0 -1000 -1000 -10
291 118 pedestrian 0 0 -10 818.24 154.44 1240.82 375.00 -10 -10 -10 -100    0 -1000 -1000 -10
292 124 pedestrian 0 0 -10 483.44 188.83 543.50 235.44 -10 -10 -10 -100    0 -1000 -1000 -10
292 122 pedestrian 0 0 -10 572.14 184.17 599.20 206.34 -10 -10 -10 -100    0 -1000 -1000 -10
292 128 pedestrian 0 0 -10 715.20 185.95 777.98 242.60 -10 -10 -10 -100    0 -1000 -1000 -10
292 119 pedestrian 0 0 -10 533.40 185.67 577.22 229.49 -10 -10 -10 -100    0 -1000 -1000 -10
292 126 pedestrian 0 0 -10 730.61 182.82 823.53 260.18 -10 -10 -10 -100    0 -1000 -1000 -10
292 123 pedestrian 0 0 -10 682.72 181.04 720.87 214.26 -10 -10 -10 -100    0 -1000 -1000 -10
292 127 pedestrian 0 0 -10 769.28 194.34 918.46 303.61 -10 -10 -10 -100    0 -1000 -1000 -10
292 118 pedestrian 0 0 -10 843.77 150.91 1241.88 375.00 -10 -10 -10 -100    0 -1000 -1000 -10
292 129 pedestrian 0 0 -10 700.25 184.55 749.37 229.41 -10 -10 -10 -100    0 -1000 -1000 -10
293 124 pedestrian 0 0 -10 477.14 187.06 539.37 236.43 -10 -10 -10 -100    0 -1000 -1000 -10
293 122 pedestrian 0 0 -10 569.49 182.83 596.65 205.46 -10 -10 -10 -100    0 -1000 -1000 -10
293 128 pedestrian 0 0 -10 716.81 185.02 784.23 243.35 -10 -10 -10 -100    0 -1000 -1000 -10
293 119 pedestrian 0 0 -10 527.38 185.08 570.65 229.37 -10 -10 -10 -100    0 -1000 -1000 -10
293 126 pedestrian 0 0 -10 735.33 181.96 837.20 264.58 -10 -10 -10 -100    0 -1000 -1000 -10
293 123 pedestrian 0 0 -10 683.62 180.19 725.31 215.76 -10 -10 -10 -100    0 -1000 -1000 -10
293 127 pedestrian 0 0 -10 777.57 194.90 948.82 315.52 -10 -10 -10 -100    0 -1000 -1000 -10
293 118 pedestrian 0 0 -10 872.05 148.21 1241.33 375.00 -10 -10 -10 -100    0 -1000 -1000 -10
293 129 pedestrian 0 0 -10 701.56 182.85 754.57 230.65 -10 -10 -10 -100    0 -1000 -1000 -10
294 124 pedestrian 0 0 -10 469.87 186.10 534.32 236.90 -10 -10 -10 -100    0 -1000 -1000 -10
294 122 pedestrian 0 0 -10 566.48 181.27 593.85 205.18 -10 -10 -10 -100    0 -1000 -1000 -10
294 128 pedestrian 0 0 -10 719.22 184.12 791.81 246.56 -10 -10 -10 -100    0 -1000 -1000 -10
294 119 pedestrian 0 0 -10 525.17 183.38 567.71 226.24 -10 -10 -10 -100    0 -1000 -1000 -10
294 126 pedestrian 0 0 -10 741.21 181.57 852.01 269.61 -10 -10 -10 -100    0 -1000 -1000 -10
294 123 pedestrian 0 0 -10 685.10 179.07 728.57 217.42 -10 -10 -10 -100    0 -1000 -1000 -10
294 127 pedestrian 0 0 -10 789.93 195.71 986.23 329.97 -10 -10 -10 -100    0 -1000 -1000 -10
294 118 pedestrian 0 0 -10 907.54 152.96 1242.00 375.00 -10 -10 -10 -100    0 -1000 -1000 -10
294 129 pedestrian 0 0 -10 701.78 181.24 758.58 231.76 -10 -10 -10 -100    0 -1000 -1000 -10
295 124 pedestrian 0 0 -10 462.14 185.68 529.68 238.03 -10 -10 -10 -100    0 -1000 -1000 -10
295 122 pedestrian 0 0 -10 564.15 180.20 591.73 203.98 -10 -10 -10 -100    0 -1000 -1000 -10
295 128 pedestrian 0 0 -10 721.14 182.58 798.58 248.91 -10 -10 -10 -100    0 -1000 -1000 -10
295 119 pedestrian 0 0 -10 498.52 184.39 550.19 227.03 -10 -10 -10 -100    0 -1000 -1000 -10
295 126 pedestrian 0 0 -10 745.28 180.54 865.84 275.34 -10 -10 -10 -100    0 -1000 -1000 -10
295 127 pedestrian 0 0 -10 802.93 196.27 1030.54 346.71 -10 -10 -10 -100    0 -1000 -1000 -10
295 118 pedestrian 0 0 -10 954.24 156.25 1242.00 375.00 -10 -10 -10 -100    0 -1000 -1000 -10
295 129 pedestrian 0 0 -10 704.14 181.14 764.06 233.30 -10 -10 -10 -100    0 -1000 -1000 -10
296 124 pedestrian 0 0 -10 452.61 186.12 524.28 240.59 -10 -10 -10 -100    0 -1000 -1000 -10
296 122 pedestrian 0 0 -10 561.14 179.54 589.83 204.57 -10 -10 -10 -100    0 -1000 -1000 -10
296 128 pedestrian 0 0 -10 726.35 183.08 807.71 252.58 -10 -10 -10 -100    0 -1000 -1000 -10
296 119 pedestrian 0 0 -10 491.28 184.37 546.77 226.94 -10 -10 -10 -100    0 -1000 -1000 -10
296 126 pedestrian 0 0 -10 753.64 180.14 884.06 282.58 -10 -10 -10 -100    0 -1000 -1000 -10
296 127 pedestrian 0 0 -10 820.31 196.41 1086.08 368.99 -10 -10 -10 -100    0 -1000 -1000 -10
296 129 pedestrian 0 0 -10 706.71 181.38 767.74 235.90 -10 -10 -10 -100    0 -1000 -1000 -10
297 124 pedestrian 0 0 -10 443.62 185.68 518.58 242.93 -10 -10 -10 -100    0 -1000 -1000 -10
297 122 pedestrian 0 0 -10 558.10 179.03 588.44 204.38 -10 -10 -10 -100    0 -1000 -1000 -10
297 128 pedestrian 0 0 -10 729.42 182.84 818.49 255.89 -10 -10 -10 -100    0 -1000 -1000 -10
297 119 pedestrian 0 0 -10 482.96 184.23 543.30 228.31 -10 -10 -10 -100    0 -1000 -1000 -10
297 126 pedestrian 0 0 -10 760.58 179.44 907.10 291.61 -10 -10 -10 -100    0 -1000 -1000 -10
297 127 pedestrian 0 0 -10 838.94 198.19 1170.47 375.00 -10 -10 -10 -100    0 -1000 -1000 -10
297 125 pedestrian 0 0 -10 650.41 174.97 676.17 199.24 -10 -10 -10 -100    0 -1000 -1000 -10
297 129 pedestrian 0 0 -10 710.21 180.59 774.22 237.33 -10 -10 -10 -100    0 -1000 -1000 -10
298 124 pedestrian 0 0 -10 433.71 185.07 513.65 245.27 -10 -10 -10 -100    0 -1000 -1000 -10
298 122 pedestrian 0 0 -10 555.92 178.37 585.86 203.78 -10 -10 -10 -100    0 -1000 -1000 -10
298 128 pedestrian 0 0 -10 734.37 181.31 829.95 258.66 -10 -10 -10 -100    0 -1000 -1000 -10
298 119 pedestrian 0 0 -10 477.78 183.20 540.23 228.76 -10 -10 -10 -100    0 -1000 -1000 -10
298 126 pedestrian 0 0 -10 770.07 179.23 930.00 301.12 -10 -10 -10 -100    0 -1000 -1000 -10
298 123 pedestrian 0 0 -10 695.56 177.91 750.15 224.65 -10 -10 -10 -100    0 -1000 -1000 -10
298 127 pedestrian 0 0 -10 862.48 200.67 1241.33 375.00 -10 -10 -10 -100    0 -1000 -1000 -10
298 125 pedestrian 0 0 -10 652.15 173.96 677.33 198.25 -10 -10 -10 -100    0 -1000 -1000 -10
298 129 pedestrian 0 0 -10 712.08 178.75 780.32 238.27 -10 -10 -10 -100    0 -1000 -1000 -10
299 124 pedestrian 0 0 -10 422.50 185.06 506.72 248.30 -10 -10 -10 -100    0 -1000 -1000 -10
299 122 pedestrian 0 0 -10 552.03 177.30 582.81 203.86 -10 -10 -10 -100    0 -1000 -1000 -10
299 128 pedestrian 0 0 -10 739.45 180.82 844.62 263.71 -10 -10 -10 -100    0 -1000 -1000 -10
299 119 pedestrian 0 0 -10 469.97 182.67 534.96 230.81 -10 -10 -10 -100    0 -1000 -1000 -10
299 130 pedestrian 0 0 -10 497.15 181.21 550.90 220.93 -10 -10 -10 -100    0 -1000 -1000 -10
299 126 pedestrian 0 0 -10 780.42 177.93 963.54 313.41 -10 -10 -10 -100    0 -1000 -1000 -10
299 123 pedestrian 0 0 -10 695.86 176.64 752.82 225.79 -10 -10 -10 -100    0 -1000 -1000 -10
299 127 pedestrian 0 0 -10 895.72 206.17 1241.91 375.00 -10 -10 -10 -100    0 -1000 -1000 -10
299 125 pedestrian 0 0 -10 647.28 173.15 673.82 195.91 -10 -10 -10 -100    0 -1000 -1000 -10
299 129 pedestrian 0 0 -10 713.41 178.16 786.67 240.03 -10 -10 -10 -100    0 -1000 -1000 -10
300 122 pedestrian 0 0 -10 549.47 177.43 581.15 203.95 -10 -10 -10 -100    0 -1000 -1000 -10
300 124 pedestrian 0 0 -10 410.04 185.15 500.97 252.43 -10 -10 -10 -100    0 -1000 -1000 -10
300 128 pedestrian 0 0 -10 745.13 181.88 860.51 271.74 -10 -10 -10 -100    0 -1000 -1000 -10
300 119 pedestrian 0 0 -10 462.87 182.50 529.62 232.33 -10 -10 -10 -100    0 -1000 -1000 -10
300 130 pedestrian 0 0 -10 490.26 181.69 547.03 221.98 -10 -10 -10 -100    0 -1000 -1000 -10
300 126 pedestrian 0 0 -10 793.83 177.84 1001.39 328.33 -10 -10 -10 -100    0 -1000 -1000 -10
300 123 pedestrian 0 0 -10 698.10 176.64 757.84 228.86 -10 -10 -10 -100    0 -1000 -1000 -10
300 127 pedestrian 0 0 -10 941.16 208.56 1242.00 375.00 -10 -10 -10 -100    0 -1000 -1000 -10
300 125 pedestrian 0 0 -10 652.04 173.20 678.76 196.34 -10 -10 -10 -100    0 -1000 -1000 -10
300 131 pedestrian 0 0 -10 682.52 174.79 723.83 212.17 -10 -10 -10 -100    0 -1000 -1000 -10
300 129 pedestrian 0 0 -10 716.28 177.98 794.77 243.11 -10 -10 -10 -100    0 -1000 -1000 -10
301 122 pedestrian 0 0 -10 545.57 177.88 577.13 204.73 -10 -10 -10 -100    0 -1000 -1000 -10
301 124 pedestrian 0 0 -10 396.60 185.98 493.72 256.85 -10 -10 -10 -100    0 -1000 -1000 -10
301 128 pedestrian 0 0 -10 752.15 182.17 878.23 279.44 -10 -10 -10 -100    0 -1000 -1000 -10
301 119 pedestrian 0 0 -10 452.43 182.92 525.11 235.77 -10 -10 -10 -100    0 -1000 -1000 -10
301 130 pedestrian 0 0 -10 484.38 181.79 543.95 223.38 -10 -10 -10 -100    0 -1000 -1000 -10
301 126 pedestrian 0 0 -10 810.30 177.09 1052.52 348.83 -10 -10 -10 -100    0 -1000 -1000 -10
301 123 pedestrian 0 0 -10 698.47 176.94 762.77 231.31 -10 -10 -10 -100    0 -1000 -1000 -10
301 127 pedestrian 0 0 -10 998.74 210.89 1242.00 375.00 -10 -10 -10 -100    0 -1000 -1000 -10
301 125 pedestrian 0 0 -10 652.68 172.91 679.50 197.15 -10 -10 -10 -100    0 -1000 -1000 -10
301 131 pedestrian 0 0 -10 681.71 175.39 724.99 213.45 -10 -10 -10 -100    0 -1000 -1000 -10
301 129 pedestrian 0 0 -10 719.54 177.53 803.10 247.69 -10 -10 -10 -100    0 -1000 -1000 -10
302 122 pedestrian 0 0 -10 541.44 177.36 575.58 205.49 -10 -10 -10 -100    0 -1000 -1000 -10
302 124 pedestrian 0 0 -10 381.03 186.56 484.92 261.98 -10 -10 -10 -100    0 -1000 -1000 -10
302 128 pedestrian 0 0 -10 760.27 182.63 899.37 288.91 -10 -10 -10 -100    0 -1000 -1000 -10
302 119 pedestrian 0 0 -10 444.12 182.95 519.46 238.01 -10 -10 -10 -100    0 -1000 -1000 -10
302 130 pedestrian 0 0 -10 479.59 182.13 539.67 226.04 -10 -10 -10 -100    0 -1000 -1000 -10
302 126 pedestrian 0 0 -10 828.19 179.33 1117.60 375.00 -10 -10 -10 -100    0 -1000 -1000 -10
302 123 pedestrian 0 0 -10 701.12 177.84 768.24 233.91 -10 -10 -10 -100    0 -1000 -1000 -10
302 127 pedestrian 0 0 -10 1083.38 227.20 1241.93 375.00 -10 -10 -10 -100    0 -1000 -1000 -10
302 125 pedestrian 0 0 -10 647.79 173.50 678.02 197.50 -10 -10 -10 -100    0 -1000 -1000 -10
302 131 pedestrian 0 0 -10 681.97 175.57 727.48 215.69 -10 -10 -10 -100    0 -1000 -1000 -10
302 129 pedestrian 0 0 -10 723.27 178.53 811.96 251.16 -10 -10 -10 -100    0 -1000 -1000 -10
303 122 pedestrian 0 0 -10 538.63 177.35 574.26 206.23 -10 -10 -10 -100    0 -1000 -1000 -10
303 124 pedestrian 0 0 -10 363.52 187.36 475.96 267.85 -10 -10 -10 -100    0 -1000 -1000 -10
303 128 pedestrian 0 0 -10 768.86 183.24 924.99 300.82 -10 -10 -10 -100    0 -1000 -1000 -10
303 119 pedestrian 0 0 -10 434.33 183.55 514.01 241.14 -10 -10 -10 -100    0 -1000 -1000 -10
303 130 pedestrian 0 0 -10 471.41 182.52 534.03 227.63 -10 -10 -10 -100    0 -1000 -1000 -10
303 126 pedestrian 0 0 -10 850.99 181.82 1206.39 375.00 -10 -10 -10 -100    0 -1000 -1000 -10
303 123 pedestrian 0 0 -10 702.75 177.89 774.19 236.89 -10 -10 -10 -100    0 -1000 -1000 -10
303 125 pedestrian 0 0 -10 643.03 173.88 676.16 197.32 -10 -10 -10 -100    0 -1000 -1000 -10
303 131 pedestrian 0 0 -10 681.52 175.92 727.68 217.15 -10 -10 -10 -100    0 -1000 -1000 -10
303 129 pedestrian 0 0 -10 727.62 178.83 822.78 255.82 -10 -10 -10 -100    0 -1000 -1000 -10
304 122 pedestrian 0 0 -10 535.29 178.45 571.15 207.47 -10 -10 -10 -100    0 -1000 -1000 -10
304 124 pedestrian 0 0 -10 343.28 188.46 466.93 275.64 -10 -10 -10 -100    0 -1000 -1000 -10
304 128 pedestrian 0 0 -10 778.24 184.71 958.35 314.84 -10 -10 -10 -100    0 -1000 -1000 -10
304 119 pedestrian 0 0 -10 423.29 184.47 506.47 244.97 -10 -10 -10 -100    0 -1000 -1000 -10
304 130 pedestrian 0 0 -10 464.12 183.98 530.60 230.46 -10 -10 -10 -100    0 -1000 -1000 -10
304 126 pedestrian 0 0 -10 882.61 183.14 1242.00 375.00 -10 -10 -10 -100    0 -1000 -1000 -10
304 123 pedestrian 0 0 -10 705.13 178.74 781.71 241.67 -10 -10 -10 -100    0 -1000 -1000 -10
304 125 pedestrian 0 0 -10 635.71 173.60 674.43 195.57 -10 -10 -10 -100    0 -1000 -1000 -10
304 131 pedestrian 0 0 -10 681.77 174.99 721.44 211.90 -10 -10 -10 -100    0 -1000 -1000 -10
304 129 pedestrian 0 0 -10 733.11 179.90 835.74 262.12 -10 -10 -10 -100    0 -1000 -1000 -10
305 122 pedestrian 0 0 -10 531.31 178.63 566.97 208.97 -10 -10 -10 -100    0 -1000 -1000 -10
305 124 pedestrian 0 0 -10 320.97 189.51 455.88 283.45 -10 -10 -10 -100    0 -1000 -1000 -10
305 128 pedestrian 0 0 -10 791.62 185.71 997.41 331.91 -10 -10 -10 -100    0 -1000 -1000 -10
305 119 pedestrian 0 0 -10 410.32 185.02 500.53 249.32 -10 -10 -10 -100    0 -1000 -1000 -10
305 130 pedestrian 0 0 -10 454.57 184.29 524.77 233.75 -10 -10 -10 -100    0 -1000 -1000 -10
305 126 pedestrian 0 0 -10 921.06 183.31 1241.96 375.00 -10 -10 -10 -100    0 -1000 -1000 -10
305 123 pedestrian 0 0 -10 705.68 178.58 788.98 244.99 -10 -10 -10 -100    0 -1000 -1000 -10
305 125 pedestrian 0 0 -10 621.93 173.67 664.30 194.07 -10 -10 -10 -100    0 -1000 -1000 -10
305 131 pedestrian 0 0 -10 679.16 175.98 718.08 211.32 -10 -10 -10 -100    0 -1000 -1000 -10
305 129 pedestrian 0 0 -10 737.44 180.45 850.33 269.30 -10 -10 -10 -100    0 -1000 -1000 -10
306 122 pedestrian 0 0 -10 527.60 178.41 563.54 209.67 -10 -10 -10 -100    0 -1000 -1000 -10
306 124 pedestrian 0 0 -10 294.93 190.42 443.96 293.14 -10 -10 -10 -100    0 -1000 -1000 -10
306 128 pedestrian 0 0 -10 807.08 186.17 1052.50 352.34 -10 -10 -10 -100    0 -1000 -1000 -10
306 119 pedestrian 0 0 -10 397.09 185.92 493.22 253.72 -10 -10 -10 -100    0 -1000 -1000 -10
306 130 pedestrian 0 0 -10 446.19 184.54 520.51 235.93 -10 -10 -10 -100    0 -1000 -1000 -10
306 126 pedestrian 0 0 -10 974.52 184.10 1242.00 375.00 -10 -10 -10 -100    0 -1000 -1000 -10
306 123 pedestrian 0 0 -10 708.24 177.91 796.90 249.51 -10 -10 -10 -100    0 -1000 -1000 -10
306 125 pedestrian 0 0 -10 614.71 173.82 663.44 194.71 -10 -10 -10 -100    0 -1000 -1000 -10
306 129 pedestrian 0 0 -10 744.10 180.69 867.20 276.51 -10 -10 -10 -100    0 -1000 -1000 -10
307 122 pedestrian 0 0 -10 523.24 178.46 560.24 210.38 -10 -10 -10 -100    0 -1000 -1000 -10
307 121 pedestrian 0 0 -10 654.00 172.60 681.70 198.12 -10 -10 -10 -100    0 -1000 -1000 -10
307 124 pedestrian 0 0 -10 264.80 190.44 431.01 303.14 -10 -10 -10 -100    0 -1000 -1000 -10
307 128 pedestrian 0 0 -10 825.14 186.59 1123.89 375.00 -10 -10 -10 -100    0 -1000 -1000 -10
307 119 pedestrian 0 0 -10 382.09 185.87 484.08 257.83 -10 -10 -10 -100    0 -1000 -1000 -10
307 130 pedestrian 0 0 -10 435.82 184.63 515.25 239.31 -10 -10 -10 -100    0 -1000 -1000 -10
307 126 pedestrian 0 0 -10 1052.25 182.85 1242.00 375.00 -10 -10 -10 -100    0 -1000 -1000 -10
307 123 pedestrian 0 0 -10 711.45 177.52 807.57 253.60 -10 -10 -10 -100    0 -1000 -1000 -10
307 125 pedestrian 0 0 -10 604.45 173.35 657.08 193.77 -10 -10 -10 -100    0 -1000 -1000 -10
307 129 pedestrian 0 0 -10 751.64 180.89 885.99 284.65 -10 -10 -10 -100    0 -1000 -1000 -10
308 132 pedestrian 0 0 -10 701.43 177.35 767.43 237.46 -10 -10 -10 -100    0 -1000 -1000 -10
308 122 pedestrian 0 0 -10 519.60 178.69 557.72 211.59 -10 -10 -10 -100    0 -1000 -1000 -10
308 121 pedestrian 0 0 -10 651.99 172.49 681.30 199.21 -10 -10 -10 -100    0 -1000 -1000 -10
308 124 pedestrian 0 0 -10 228.80 192.27 416.54 316.52 -10 -10 -10 -100    0 -1000 -1000 -10
308 128 pedestrian 0 0 -10 848.38 188.15 1221.95 375.00 -10 -10 -10 -100    0 -1000 -1000 -10
308 119 pedestrian 0 0 -10 366.84 187.22 476.71 263.87 -10 -10 -10 -100    0 -1000 -1000 -10
308 130 pedestrian 0 0 -10 425.36 184.78 509.85 242.24 -10 -10 -10 -100    0 -1000 -1000 -10
308 123 pedestrian 0 0 -10 714.42 177.48 816.95 257.27 -10 -10 -10 -100    0 -1000 -1000 -10
308 125 pedestrian 0 0 -10 599.11 173.19 649.68 194.56 -10 -10 -10 -100    0 -1000 -1000 -10
308 133 pedestrian 0 0 -10 562.05 171.47 598.67 194.68 -10 -10 -10 -100    0 -1000 -1000 -10
308 129 pedestrian 0 0 -10 759.42 180.57 912.46 295.81 -10 -10 -10 -100    0 -1000 -1000 -10
309 132 pedestrian 0 0 -10 703.24 176.48 774.50 239.21 -10 -10 -10 -100    0 -1000 -1000 -10
309 122 pedestrian 0 0 -10 515.51 178.92 554.83 212.27 -10 -10 -10 -100    0 -1000 -1000 -10
309 121 pedestrian 0 0 -10 650.43 171.82 679.74 199.95 -10 -10 -10 -100    0 -1000 -1000 -10
309 124 pedestrian 0 0 -10 184.11 193.93 399.28 332.49 -10 -10 -10 -100    0 -1000 -1000 -10
309 128 pedestrian 0 0 -10 878.23 192.11 1242.00 375.00 -10 -10 -10 -100    0 -1000 -1000 -10
309 119 pedestrian 0 0 -10 347.26 187.89 468.42 270.33 -10 -10 -10 -100    0 -1000 -1000 -10
309 130 pedestrian 0 0 -10 414.12 185.22 503.97 245.27 -10 -10 -10 -100    0 -1000 -1000 -10
309 123 pedestrian 0 0 -10 720.07 178.00 829.46 262.01 -10 -10 -10 -100    0 -1000 -1000 -10
309 133 pedestrian 0 0 -10 563.60 171.80 622.89 194.67 -10 -10 -10 -100    0 -1000 -1000 -10
309 131 pedestrian 0 0 -10 693.82 175.80 748.27 223.48 -10 -10 -10 -100    0 -1000 -1000 -10
309 129 pedestrian 0 0 -10 769.42 182.21 943.36 308.47 -10 -10 -10 -100    0 -1000 -1000 -10
310 132 pedestrian 0 0 -10 706.58 175.90 782.79 242.02 -10 -10 -10 -100    0 -1000 -1000 -10
310 122 pedestrian 0 0 -10 510.85 178.50 551.11 212.82 -10 -10 -10 -100    0 -1000 -1000 -10
310 121 pedestrian 0 0 -10 650.72 171.25 681.40 199.89 -10 -10 -10 -100    0 -1000 -1000 -10
310 124 pedestrian 0 0 -10 128.44 196.00 380.43 353.24 -10 -10 -10 -100    0 -1000 -1000 -10
310 128 pedestrian 0 0 -10 917.04 194.44 1241.77 375.00 -10 -10 -10 -100    0 -1000 -1000 -10
310 119 pedestrian 0 0 -10 326.35 187.73 457.59 276.17 -10 -10 -10 -100    0 -1000 -1000 -10
310 130 pedestrian 0 0 -10 400.37 184.96 497.45 248.61 -10 -10 -10 -100    0 -1000 -1000 -10
310 123 pedestrian 0 0 -10 723.75 177.45 844.93 268.35 -10 -10 -10 -100    0 -1000 -1000 -10
310 133 pedestrian 0 0 -10 563.37 171.03 641.30 196.23 -10 -10 -10 -100    0 -1000 -1000 -10
310 131 pedestrian 0 0 -10 695.75 174.82 751.28 224.67 -10 -10 -10 -100    0 -1000 -1000 -10
310 129 pedestrian 0 0 -10 780.45 181.63 978.02 323.45 -10 -10 -10 -100    0 -1000 -1000 -10
311 132 pedestrian 0 0 -10 709.31 175.65 791.15 245.15 -10 -10 -10 -100    0 -1000 -1000 -10
311 122 pedestrian 0 0 -10 505.75 178.89 547.19 213.59 -10 -10 -10 -100    0 -1000 -1000 -10
311 121 pedestrian 0 0 -10 650.81 171.37 681.34 198.72 -10 -10 -10 -100    0 -1000 -1000 -10
311 124 pedestrian 0 0 -10 57.60 198.03 356.37 375.00 -10 -10 -10 -100    0 -1000 -1000 -10
311 128 pedestrian 0 0 -10 970.67 199.48 1242.00 375.00 -10 -10 -10 -100    0 -1000 -1000 -10
311 119 pedestrian 0 0 -10 299.01 188.36 446.38 284.83 -10 -10 -10 -100    0 -1000 -1000 -10
311 130 pedestrian 0 0 -10 386.16 185.39 491.20 253.36 -10 -10 -10 -100    0 -1000 -1000 -10
311 123 pedestrian 0 0 -10 730.18 177.73 863.69 275.26 -10 -10 -10 -100    0 -1000 -1000 -10
311 133 pedestrian 0 0 -10 562.16 170.55 638.82 196.37 -10 -10 -10 -100    0 -1000 -1000 -10
311 131 pedestrian 0 0 -10 700.26 174.67 759.12 227.70 -10 -10 -10 -100    0 -1000 -1000 -10
311 129 pedestrian 0 0 -10 797.12 184.02 1026.88 343.69 -10 -10 -10 -100    0 -1000 -1000 -10
312 132 pedestrian 0 0 -10 711.71 176.36 803.00 252.02 -10 -10 -10 -100    0 -1000 -1000 -10
312 122 pedestrian 0 0 -10 501.11 179.58 543.69 215.30 -10 -10 -10 -100    0 -1000 -1000 -10
312 121 pedestrian 0 0 -10 651.51 171.22 680.41 199.11 -10 -10 -10 -100    0 -1000 -1000 -10
312 124 pedestrian 0 0 -10 0.16 197.88 330.59 375.00 -10 -10 -10 -100    0 -1000 -1000 -10
312 128 pedestrian 0 0 -10 1041.35 206.15 1241.98 375.00 -10 -10 -10 -100    0 -1000 -1000 -10
312 119 pedestrian 0 0 -10 270.02 190.19 433.48 296.18 -10 -10 -10 -100    0 -1000 -1000 -10
312 130 pedestrian 0 0 -10 370.20 187.47 483.69 258.51 -10 -10 -10 -100    0 -1000 -1000 -10
312 123 pedestrian 0 0 -10 737.94 177.28 882.26 285.11 -10 -10 -10 -100    0 -1000 -1000 -10
312 133 pedestrian 0 0 -10 559.65 171.75 638.89 196.68 -10 -10 -10 -100    0 -1000 -1000 -10
312 131 pedestrian 0 0 -10 701.28 174.93 763.40 231.30 -10 -10 -10 -100    0 -1000 -1000 -10
312 129 pedestrian 0 0 -10 815.26 186.96 1086.62 372.09 -10 -10 -10 -100    0 -1000 -1000 -10
313 134 pedestrian 0 0 -10 689.93 176.02 739.87 222.39 -10 -10 -10 -100    0 -1000 -1000 -10
313 132 pedestrian 0 0 -10 715.27 176.99 814.00 257.36 -10 -10 -10 -100    0 -1000 -1000 -10
313 122 pedestrian 0 0 -10 495.06 179.48 541.64 217.45 -10 -10 -10 -100    0 -1000 -1000 -10
313 121 pedestrian 0 0 -10 653.46 171.32 683.35 199.69 -10 -10 -10 -100    0 -1000 -1000 -10
313 124 pedestrian 0 0 -10 0.03 200.17 299.52 375.00 -10 -10 -10 -100    0 -1000 -1000 -10
313 119 pedestrian 0 0 -10 236.29 192.50 420.20 309.11 -10 -10 -10 -100    0 -1000 -1000 -10
313 130 pedestrian 0 0 -10 353.46 188.79 474.46 265.47 -10 -10 -10 -100    0 -1000 -1000 -10
313 123 pedestrian 0 0 -10 744.62 178.87 908.70 296.72 -10 -10 -10 -100    0 -1000 -1000 -10
313 133 pedestrian 0 0 -10 555.27 170.40 640.47 197.26 -10 -10 -10 -100    0 -1000 -1000 -10
313 131 pedestrian 0 0 -10 701.86 176.63 769.07 235.48 -10 -10 -10 -100    0 -1000 -1000 -10
313 129 pedestrian 0 0 -10 835.73 189.30 1167.64 375.00 -10 -10 -10 -100    0 -1000 -1000 -10
314 134 pedestrian 0 0 -10 689.79 176.85 748.01 226.01 -10 -10 -10 -100    0 -1000 -1000 -10
314 132 pedestrian 0 0 -10 719.23 179.60 826.93 264.02 -10 -10 -10 -100    0 -1000 -1000 -10
314 122 pedestrian 0 0 -10 490.05 179.94 537.80 219.07 -10 -10 -10 -100    0 -1000 -1000 -10
314 124 pedestrian 0 0 -10 0.11 202.98 262.87 375.00 -10 -10 -10 -100    0 -1000 -1000 -10
314 119 pedestrian 0 0 -10 199.36 194.23 405.29 324.08 -10 -10 -10 -100    0 -1000 -1000 -10
314 130 pedestrian 0 0 -10 334.23 189.40 465.61 272.19 -10 -10 -10 -100    0 -1000 -1000 -10
314 123 pedestrian 0 0 -10 752.20 181.31 940.28 310.83 -10 -10 -10 -100    0 -1000 -1000 -10
314 133 pedestrian 0 0 -10 551.64 171.40 651.57 198.59 -10 -10 -10 -100    0 -1000 -1000 -10
314 131 pedestrian 0 0 -10 705.21 177.99 776.29 239.30 -10 -10 -10 -100    0 -1000 -1000 -10
314 129 pedestrian 0 0 -10 867.63 192.10 1238.43 375.00 -10 -10 -10 -100    0 -1000 -1000 -10
315 134 pedestrian 0 0 -10 690.68 177.94 753.38 228.46 -10 -10 -10 -100    0 -1000 -1000 -10
315 132 pedestrian 0 0 -10 723.89 179.85 839.27 270.37 -10 -10 -10 -100    0 -1000 -1000 -10
315 122 pedestrian 0 0 -10 484.91 180.35 534.46 220.77 -10 -10 -10 -100    0 -1000 -1000 -10
315 124 pedestrian 0 0 -10 0.00 208.01 210.91 375.00 -10 -10 -10 -100    0 -1000 -1000 -10
315 119 pedestrian 0 0 -10 142.66 195.87 386.36 343.08 -10 -10 -10 -100    0 -1000 -1000 -10
315 130 pedestrian 0 0 -10 312.67 190.36 456.06 278.41 -10 -10 -10 -100    0 -1000 -1000 -10
315 123 pedestrian 0 0 -10 761.33 182.79 977.26 328.74 -10 -10 -10 -100    0 -1000 -1000 -10
315 131 pedestrian 0 0 -10 709.13 178.62 783.37 244.13 -10 -10 -10 -100    0 -1000 -1000 -10
315 129 pedestrian 0 0 -10 902.01 195.58 1242.00 375.00 -10 -10 -10 -100    0 -1000 -1000 -10
316 134 pedestrian 0 0 -10 691.67 179.42 756.61 231.75 -10 -10 -10 -100    0 -1000 -1000 -10
316 132 pedestrian 0 0 -10 728.73 182.53 856.41 279.55 -10 -10 -10 -100    0 -1000 -1000 -10
316 122 pedestrian 0 0 -10 478.61 180.25 530.20 222.58 -10 -10 -10 -100    0 -1000 -1000 -10
316 124 pedestrian 0 0 -10 0.00 214.23 141.23 375.00 -10 -10 -10 -100    0 -1000 -1000 -10
316 119 pedestrian 0 0 -10 80.78 198.08 363.41 366.50 -10 -10 -10 -100    0 -1000 -1000 -10
316 130 pedestrian 0 0 -10 289.79 191.82 445.67 287.49 -10 -10 -10 -100    0 -1000 -1000 -10
316 123 pedestrian 0 0 -10 774.74 183.83 1022.87 349.60 -10 -10 -10 -100    0 -1000 -1000 -10
316 131 pedestrian 0 0 -10 711.20 180.17 790.37 248.63 -10 -10 -10 -100    0 -1000 -1000 -10
316 129 pedestrian 0 0 -10 946.88 199.34 1242.00 375.00 -10 -10 -10 -100    0 -1000 -1000 -10
317 136 pedestrian 0 0 -10 496.54 179.82 543.21 217.66 -10 -10 -10 -100    0 -1000 -1000 -10
317 135 pedestrian 0 0 -10 621.42 170.71 697.71 201.14 -10 -10 -10 -100    0 -1000 -1000 -10
317 134 pedestrian 0 0 -10 694.50 180.46 761.16 235.28 -10 -10 -10 -100    0 -1000 -1000 -10
317 132 pedestrian 0 0 -10 736.19 182.40 876.30 288.62 -10 -10 -10 -100    0 -1000 -1000 -10
317 122 pedestrian 0 0 -10 472.77 180.80 525.64 224.11 -10 -10 -10 -100    0 -1000 -1000 -10
317 119 pedestrian 0 0 -10 3.31 200.93 338.86 375.00 -10 -10 -10 -100    0 -1000 -1000 -10
317 130 pedestrian 0 0 -10 259.90 192.67 433.73 297.64 -10 -10 -10 -100    0 -1000 -1000 -10
317 123 pedestrian 0 0 -10 788.06 185.27 1079.46 375.00 -10 -10 -10 -100    0 -1000 -1000 -10
317 131 pedestrian 0 0 -10 714.13 181.03 798.47 254.31 -10 -10 -10 -100    0 -1000 -1000 -10
317 129 pedestrian 0 0 -10 1006.33 206.93 1242.00 375.00 -10 -10 -10 -100    0 -1000 -1000 -10
318 136 pedestrian 0 0 -10 491.07 178.02 540.95 217.57 -10 -10 -10 -100    0 -1000 -1000 -10
318 135 pedestrian 0 0 -10 622.82 169.78 697.42 198.65 -10 -10 -10 -100    0 -1000 -1000 -10
318 134 pedestrian 0 0 -10 695.63 179.69 765.64 236.19 -10 -10 -10 -100    0 -1000 -1000 -10
318 132 pedestrian 0 0 -10 743.39 181.58 897.36 298.37 -10 -10 -10 -100    0 -1000 -1000 -10
318 122 pedestrian 0 0 -10 466.72 179.74 521.63 224.67 -10 -10 -10 -100    0 -1000 -1000 -10
318 119 pedestrian 0 0 -10 0.11 202.34 309.06 375.00 -10 -10 -10 -100    0 -1000 -1000 -10
318 130 pedestrian 0 0 -10 225.98 192.93 420.27 306.74 -10 -10 -10 -100    0 -1000 -1000 -10
318 123 pedestrian 0 0 -10 805.91 187.81 1156.22 375.00 -10 -10 -10 -100    0 -1000 -1000 -10
318 131 pedestrian 0 0 -10 717.68 179.49 809.51 257.13 -10 -10 -10 -100    0 -1000 -1000 -10
318 129 pedestrian 0 0 -10 1093.74 215.71 1241.96 375.00 -10 -10 -10 -100    0 -1000 -1000 -10
319 138 pedestrian 0 0 -10 64.70 166.33 175.98 243.69 -10 -10 -10 -100    0 -1000 -1000 -10
319 136 pedestrian 0 0 -10 484.17 177.85 536.93 217.96 -10 -10 -10 -100    0 -1000 -1000 -10
319 135 pedestrian 0 0 -10 622.48 168.55 698.04 197.25 -10 -10 -10 -100    0 -1000 -1000 -10
319 134 pedestrian 0 0 -10 698.01 178.30 771.96 237.98 -10 -10 -10 -100    0 -1000 -1000 -10
319 132 pedestrian 0 0 -10 751.96 180.47 926.72 310.11 -10 -10 -10 -100    0 -1000 -1000 -10
319 122 pedestrian 0 0 -10 459.17 178.85 517.08 225.18 -10 -10 -10 -100    0 -1000 -1000 -10
319 119 pedestrian 0 0 -10 0.34 206.30 272.01 375.00 -10 -10 -10 -100    0 -1000 -1000 -10
319 130 pedestrian 0 0 -10 183.38 193.70 405.22 321.35 -10 -10 -10 -100    0 -1000 -1000 -10
319 123 pedestrian 0 0 -10 827.84 190.28 1242.00 375.00 -10 -10 -10 -100    0 -1000 -1000 -10
319 131 pedestrian 0 0 -10 722.11 178.81 821.25 260.17 -10 -10 -10 -100    0 -1000 -1000 -10
320 138 pedestrian 0 0 -10 60.12 165.23 175.28 243.31 -10 -10 -10 -100    0 -1000 -1000 -10
320 136 pedestrian 0 0 -10 479.25 177.44 533.66 219.35 -10 -10 -10 -100    0 -1000 -1000 -10
320 134 pedestrian 0 0 -10 701.31 178.45 780.38 241.62 -10 -10 -10 -100    0 -1000 -1000 -10
320 132 pedestrian 0 0 -10 760.84 180.57 958.51 324.96 -10 -10 -10 -100    0 -1000 -1000 -10
320 122 pedestrian 0 0 -10 451.88 179.05 512.96 227.35 -10 -10 -10 -100    0 -1000 -1000 -10
320 119 pedestrian 0 0 -10 0.00 210.59 224.83 375.00 -10 -10 -10 -100    0 -1000 -1000 -10
320 130 pedestrian 0 0 -10 133.94 196.40 388.21 338.41 -10 -10 -10 -100    0 -1000 -1000 -10
320 123 pedestrian 0 0 -10 853.11 191.24 1241.82 375.00 -10 -10 -10 -100    0 -1000 -1000 -10
320 139 pedestrian 0 0 -10 696.19 176.00 753.33 225.40 -10 -10 -10 -100    0 -1000 -1000 -10
320 131 pedestrian 0 0 -10 726.42 178.60 834.45 266.29 -10 -10 -10 -100    0 -1000 -1000 -10
321 138 pedestrian 0 0 -10 20.37 170.69 144.08 245.01 -10 -10 -10 -100    0 -1000 -1000 -10
321 136 pedestrian 0 0 -10 472.80 178.37 529.42 221.74 -10 -10 -10 -100    0 -1000 -1000 -10
321 134 pedestrian 0 0 -10 703.59 178.70 786.04 244.96 -10 -10 -10 -100    0 -1000 -1000 -10
321 132 pedestrian 0 0 -10 772.24 181.24 1001.33 342.11 -10 -10 -10 -100    0 -1000 -1000 -10
321 122 pedestrian 0 0 -10 443.20 179.08 507.30 230.45 -10 -10 -10 -100    0 -1000 -1000 -10
321 119 pedestrian 0 0 -10 0.00 219.87 165.88 375.00 -10 -10 -10 -100    0 -1000 -1000 -10
321 130 pedestrian 0 0 -10 76.91 199.86 368.11 361.49 -10 -10 -10 -100    0 -1000 -1000 -10
321 123 pedestrian 0 0 -10 888.29 194.33 1242.00 375.00 -10 -10 -10 -100    0 -1000 -1000 -10
321 139 pedestrian 0 0 -10 696.45 176.59 757.48 227.26 -10 -10 -10 -100    0 -1000 -1000 -10
321 131 pedestrian 0 0 -10 731.04 180.02 850.08 273.70 -10 -10 -10 -100    0 -1000 -1000 -10
322 136 pedestrian 0 0 -10 465.97 178.11 526.11 223.43 -10 -10 -10 -100    0 -1000 -1000 -10
322 134 pedestrian 0 0 -10 705.68 178.30 794.72 248.90 -10 -10 -10 -100    0 -1000 -1000 -10
322 132 pedestrian 0 0 -10 786.71 180.05 1053.65 366.67 -10 -10 -10 -100    0 -1000 -1000 -10
322 122 pedestrian 0 0 -10 434.96 179.65 500.75 232.46 -10 -10 -10 -100    0 -1000 -1000 -10
322 138 pedestrian 0 0 -10 0.03 170.03 117.94 250.53 -10 -10 -10 -100    0 -1000 -1000 -10
322 130 pedestrian 0 0 -10 6.41 202.04 347.65 375.00 -10 -10 -10 -100    0 -1000 -1000 -10
322 123 pedestrian 0 0 -10 937.35 196.09 1241.95 375.00 -10 -10 -10 -100    0 -1000 -1000 -10
322 139 pedestrian 0 0 -10 697.66 175.91 761.13 228.20 -10 -10 -10 -100    0 -1000 -1000 -10
322 133 pedestrian 0 0 -10 589.68 168.37 703.23 198.61 -10 -10 -10 -100    0 -1000 -1000 -10
322 131 pedestrian 0 0 -10 738.12 179.14 868.68 281.23 -10 -10 -10 -100    0 -1000 -1000 -10
323 136 pedestrian 0 0 -10 459.99 178.10 520.31 225.49 -10 -10 -10 -100    0 -1000 -1000 -10
323 134 pedestrian 0 0 -10 708.77 179.61 805.23 252.89 -10 -10 -10 -100    0 -1000 -1000 -10
323 132 pedestrian 0 0 -10 803.21 181.77 1118.08 375.00 -10 -10 -10 -100    0 -1000 -1000 -10
323 122 pedestrian 0 0 -10 425.81 179.79 496.72 234.69 -10 -10 -10 -100    0 -1000 -1000 -10
323 138 pedestrian 0 0 -10 0.00 175.58 107.85 257.54 -10 -10 -10 -100    0 -1000 -1000 -10
323 130 pedestrian 0 0 -10 0.00 206.32 319.15 375.00 -10 -10 -10 -100    0 -1000 -1000 -10
323 123 pedestrian 0 0 -10 1003.93 201.22 1242.00 375.00 -10 -10 -10 -100    0 -1000 -1000 -10
323 139 pedestrian 0 0 -10 700.39 176.06 763.40 231.22 -10 -10 -10 -100    0 -1000 -1000 -10
323 133 pedestrian 0 0 -10 579.06 167.83 708.58 198.45 -10 -10 -10 -100    0 -1000 -1000 -10
323 131 pedestrian 0 0 -10 745.38 180.26 887.51 290.41 -10 -10 -10 -100    0 -1000 -1000 -10
324 136 pedestrian 0 0 -10 452.97 177.66 516.04 226.64 -10 -10 -10 -100    0 -1000 -1000 -10
324 134 pedestrian 0 0 -10 712.56 178.91 815.10 258.00 -10 -10 -10 -100    0 -1000 -1000 -10
324 132 pedestrian 0 0 -10 825.05 184.01 1210.57 375.00 -10 -10 -10 -100    0 -1000 -1000 -10
324 122 pedestrian 0 0 -10 415.75 179.34 490.77 237.54 -10 -10 -10 -100    0 -1000 -1000 -10
324 138 pedestrian 0 0 -10 0.00 172.83 48.51 252.86 -10 -10 -10 -100    0 -1000 -1000 -10
324 130 pedestrian 0 0 -10 0.26 208.80 286.36 375.00 -10 -10 -10 -100    0 -1000 -1000 -10
324 123 pedestrian 0 0 -10 1109.43 213.90 1241.77 375.00 -10 -10 -10 -100    0 -1000 -1000 -10
324 139 pedestrian 0 0 -10 702.81 176.48 770.48 233.52 -10 -10 -10 -100    0 -1000 -1000 -10
324 133 pedestrian 0 0 -10 621.47 169.20 726.03 198.07 -10 -10 -10 -100    0 -1000 -1000 -10
324 131 pedestrian 0 0 -10 753.92 180.48 911.64 302.15 -10 -10 -10 -100    0 -1000 -1000 -10
325 136 pedestrian 0 0 -10 445.27 176.66 512.66 228.84 -10 -10 -10 -100    0 -1000 -1000 -10
325 134 pedestrian 0 0 -10 714.68 178.87 827.39 262.71 -10 -10 -10 -100    0 -1000 -1000 -10
325 132 pedestrian 0 0 -10 850.92 187.67 1241.22 375.00 -10 -10 -10 -100    0 -1000 -1000 -10
325 122 pedestrian 0 0 -10 403.88 180.08 483.14 241.09 -10 -10 -10 -100    0 -1000 -1000 -10
325 130 pedestrian 0 0 -10 0.00 213.08 246.53 375.00 -10 -10 -10 -100    0 -1000 -1000 -10
325 139 pedestrian 0 0 -10 704.94 176.76 776.93 237.08 -10 -10 -10 -100    0 -1000 -1000 -10
325 133 pedestrian 0 0 -10 626.23 163.91 685.48 201.66 -10 -10 -10 -100    0 -1000 -1000 -10
325 131 pedestrian 0 0 -10 763.11 181.35 940.15 314.61 -10 -10 -10 -100    0 -1000 -1000 -10
326 136 pedestrian 0 0 -10 437.13 176.72 505.86 230.53 -10 -10 -10 -100    0 -1000 -1000 -10
326 134 pedestrian 0 0 -10 718.49 179.02 840.89 268.81 -10 -10 -10 -100    0 -1000 -1000 -10
326 132 pedestrian 0 0 -10 889.10 191.37 1242.00 375.00 -10 -10 -10 -100    0 -1000 -1000 -10
326 122 pedestrian 0 0 -10 392.29 180.23 475.62 244.29 -10 -10 -10 -100    0 -1000 -1000 -10
326 130 pedestrian 0 0 -10 0.00 215.56 195.06 375.00 -10 -10 -10 -100    0 -1000 -1000 -10
326 125 pedestrian 0 0 -10 542.80 169.21 590.41 199.35 -10 -10 -10 -100    0 -1000 -1000 -10
326 139 pedestrian 0 0 -10 707.04 176.72 784.92 241.06 -10 -10 -10 -100    0 -1000 -1000 -10
326 133 pedestrian 0 0 -10 624.66 161.91 684.08 205.66 -10 -10 -10 -100    0 -1000 -1000 -10
326 131 pedestrian 0 0 -10 774.52 181.29 978.73 330.86 -10 -10 -10 -100    0 -1000 -1000 -10
327 136 pedestrian 0 0 -10 427.85 176.75 500.50 232.28 -10 -10 -10 -100    0 -1000 -1000 -10
327 134 pedestrian 0 0 -10 725.39 177.71 855.97 273.57 -10 -10 -10 -100    0 -1000 -1000 -10
327 132 pedestrian 0 0 -10 932.55 196.90 1241.97 375.00 -10 -10 -10 -100    0 -1000 -1000 -10
327 122 pedestrian 0 0 -10 376.70 179.95 468.43 247.73 -10 -10 -10 -100    0 -1000 -1000 -10
327 130 pedestrian 0 0 -10 0.00 222.92 128.60 375.00 -10 -10 -10 -100    0 -1000 -1000 -10
327 125 pedestrian 0 0 -10 520.58 167.00 578.75 199.24 -10 -10 -10 -100    0 -1000 -1000 -10
327 139 pedestrian 0 0 -10 709.39 175.40 792.86 244.54 -10 -10 -10 -100    0 -1000 -1000 -10
327 133 pedestrian 0 0 -10 620.09 162.44 682.84 205.29 -10 -10 -10 -100    0 -1000 -1000 -10
327 131 pedestrian 0 0 -10 788.15 181.47 1024.30 349.23 -10 -10 -10 -100    0 -1000 -1000 -10
328 136 pedestrian 0 0 -10 417.43 176.04 493.81 234.13 -10 -10 -10 -100    0 -1000 -1000 -10
328 134 pedestrian 0 0 -10 728.85 177.76 876.27 281.82 -10 -10 -10 -100    0 -1000 -1000 -10
328 132 pedestrian 0 0 -10 1001.58 203.97 1242.00 375.00 -10 -10 -10 -100    0 -1000 -1000 -10
328 122 pedestrian 0 0 -10 362.55 178.84 459.98 251.04 -10 -10 -10 -100    0 -1000 -1000 -10
328 125 pedestrian 0 0 -10 499.01 165.27 565.10 199.48 -10 -10 -10 -100    0 -1000 -1000 -10
328 139 pedestrian 0 0 -10 712.72 175.29 801.78 249.09 -10 -10 -10 -100    0 -1000 -1000 -10
328 133 pedestrian 0 0 -10 618.40 163.09 682.21 204.83 -10 -10 -10 -100    0 -1000 -1000 -10
328 131 pedestrian 0 0 -10 803.37 180.46 1084.14 373.70 -10 -10 -10 -100    0 -1000 -1000 -10
329 136 pedestrian 0 0 -10 404.50 175.29 487.85 236.92 -10 -10 -10 -100    0 -1000 -1000 -10
329 134 pedestrian 0 0 -10 735.24 175.96 895.82 289.74 -10 -10 -10 -100    0 -1000 -1000 -10
329 132 pedestrian 0 0 -10 1099.38 216.59 1242.00 375.00 -10 -10 -10 -100    0 -1000 -1000 -10
329 122 pedestrian 0 0 -10 345.34 178.29 450.71 255.18 -10 -10 -10 -100    0 -1000 -1000 -10
329 125 pedestrian 0 0 -10 484.51 163.49 553.62 198.83 -10 -10 -10 -100    0 -1000 -1000 -10
329 139 pedestrian 0 0 -10 714.71 174.21 810.26 251.93 -10 -10 -10 -100    0 -1000 -1000 -10
329 133 pedestrian 0 0 -10 615.15 162.24 682.99 206.23 -10 -10 -10 -100    0 -1000 -1000 -10
329 131 pedestrian 0 0 -10 821.00 182.14 1164.68 375.00 -10 -10 -10 -100    0 -1000 -1000 -10
330 136 pedestrian 0 0 -10 392.62 175.39 480.92 240.09 -10 -10 -10 -100    0 -1000 -1000 -10
330 134 pedestrian 0 0 -10 742.68 176.61 920.63 301.41 -10 -10 -10 -100    0 -1000 -1000 -10
330 122 pedestrian 0 0 -10 326.96 178.89 440.78 260.09 -10 -10 -10 -100    0 -1000 -1000 -10
330 125 pedestrian 0 0 -10 475.71 162.52 541.61 199.04 -10 -10 -10 -100    0 -1000 -1000 -10
330 139 pedestrian 0 0 -10 719.16 173.97 816.01 255.21 -10 -10 -10 -100    0 -1000 -1000 -10
330 133 pedestrian 0 0 -10 612.94 161.96 681.84 206.07 -10 -10 -10 -100    0 -1000 -1000 -10
330 131 pedestrian 0 0 -10 844.82 183.99 1242.00 375.00 -10 -10 -10 -100    0 -1000 -1000 -10
331 140 pedestrian 0 0 -10 690.16 139.46 766.97 184.94 -10 -10 -10 -100    0 -1000 -1000 -10
331 136 pedestrian 0 0 -10 378.52 176.13 473.25 244.78 -10 -10 -10 -100    0 -1000 -1000 -10
331 134 pedestrian 0 0 -10 749.71 177.11 952.69 315.52 -10 -10 -10 -100    0 -1000 -1000 -10
331 122 pedestrian 0 0 -10 305.92 179.95 429.68 267.53 -10 -10 -10 -100    0 -1000 -1000 -10
331 125 pedestrian 0 0 -10 475.51 164.98 529.98 199.12 -10 -10 -10 -100    0 -1000 -1000 -10
331 139 pedestrian 0 0 -10 722.25 175.23 828.94 260.10 -10 -10 -10 -100    0 -1000 -1000 -10
331 133 pedestrian 0 0 -10 610.47 160.81 672.67 203.02 -10 -10 -10 -100    0 -1000 -1000 -10
331 131 pedestrian 0 0 -10 873.36 184.88 1240.92 375.00 -10 -10 -10 -100    0 -1000 -1000 -10
332 140 pedestrian 0 0 -10 677.24 141.63 752.28 185.83 -10 -10 -10 -100    0 -1000 -1000 -10
332 136 pedestrian 0 0 -10 365.08 177.98 464.54 249.46 -10 -10 -10 -100    0 -1000 -1000 -10
332 134 pedestrian 0 0 -10 758.12 177.28 991.97 332.23 -10 -10 -10 -100    0 -1000 -1000 -10
332 122 pedestrian 0 0 -10 280.91 181.06 416.25 275.03 -10 -10 -10 -100    0 -1000 -1000 -10
332 125 pedestrian 0 0 -10 469.45 165.04 531.50 201.31 -10 -10 -10 -100    0 -1000 -1000 -10
332 139 pedestrian 0 0 -10 725.67 175.76 841.04 266.70 -10 -10 -10 -100    0 -1000 -1000 -10
332 133 pedestrian 0 0 -10 606.77 161.10 660.38 198.46 -10 -10 -10 -100    0 -1000 -1000 -10
332 131 pedestrian 0 0 -10 914.45 187.51 1242.00 375.00 -10 -10 -10 -100    0 -1000 -1000 -10
333 140 pedestrian 0 0 -10 668.86 145.21 740.33 187.01 -10 -10 -10 -100    0 -1000 -1000 -10
333 136 pedestrian 0 0 -10 348.80 179.89 455.29 255.59 -10 -10 -10 -100    0 -1000 -1000 -10
333 134 pedestrian 0 0 -10 768.32 180.14 1034.87 354.44 -10 -10 -10 -100    0 -1000 -1000 -10
333 122 pedestrian 0 0 -10 250.81 182.68 401.05 285.37 -10 -10 -10 -100    0 -1000 -1000 -10
333 125 pedestrian 0 0 -10 453.97 166.45 530.41 204.52 -10 -10 -10 -100    0 -1000 -1000 -10
333 139 pedestrian 0 0 -10 729.97 177.34 853.97 275.11 -10 -10 -10 -100    0 -1000 -1000 -10
333 133 pedestrian 0 0 -10 602.54 163.34 656.08 198.58 -10 -10 -10 -100    0 -1000 -1000 -10
333 131 pedestrian 0 0 -10 962.73 193.17 1242.00 375.00 -10 -10 -10 -100    0 -1000 -1000 -10
334 140 pedestrian 0 0 -10 657.38 144.36 734.02 189.64 -10 -10 -10 -100    0 -1000 -1000 -10
334 136 pedestrian 0 0 -10 326.60 180.61 444.08 262.29 -10 -10 -10 -100    0 -1000 -1000 -10
334 134 pedestrian 0 0 -10 778.63 180.48 1091.04 375.00 -10 -10 -10 -100    0 -1000 -1000 -10
334 122 pedestrian 0 0 -10 216.04 184.81 383.59 296.00 -10 -10 -10 -100    0 -1000 -1000 -10
334 125 pedestrian 0 0 -10 454.14 170.39 531.45 203.84 -10 -10 -10 -100    0 -1000 -1000 -10
334 139 pedestrian 0 0 -10 733.31 177.43 871.60 283.08 -10 -10 -10 -100    0 -1000 -1000 -10
334 133 pedestrian 0 0 -10 595.13 167.19 649.93 196.95 -10 -10 -10 -100    0 -1000 -1000 -10
334 131 pedestrian 0 0 -10 1035.86 199.86 1241.80 375.00 -10 -10 -10 -100    0 -1000 -1000 -10
335 140 pedestrian 0 0 -10 646.33 145.02 721.39 188.77 -10 -10 -10 -100    0 -1000 -1000 -10
335 136 pedestrian 0 0 -10 305.53 181.80 431.78 268.98 -10 -10 -10 -100    0 -1000 -1000 -10
335 134 pedestrian 0 0 -10 791.92 182.88 1166.69 375.00 -10 -10 -10 -100    0 -1000 -1000 -10
335 122 pedestrian 0 0 -10 174.35 186.46 362.50 308.84 -10 -10 -10 -100    0 -1000 -1000 -10
335 125 pedestrian 0 0 -10 478.40 174.74 532.14 202.20 -10 -10 -10 -100    0 -1000 -1000 -10
335 139 pedestrian 0 0 -10 738.28 177.60 890.94 292.09 -10 -10 -10 -100    0 -1000 -1000 -10
335 133 pedestrian 0 0 -10 589.13 169.65 644.30 197.64 -10 -10 -10 -100    0 -1000 -1000 -10
336 140 pedestrian 0 0 -10 633.83 146.74 711.14 189.47 -10 -10 -10 -100    0 -1000 -1000 -10
336 136 pedestrian 0 0 -10 279.55 183.32 418.52 276.67 -10 -10 -10 -100    0 -1000 -1000 -10
336 134 pedestrian 0 0 -10 809.39 184.63 1242.00 375.00 -10 -10 -10 -100    0 -1000 -1000 -10
336 122 pedestrian 0 0 -10 124.51 188.71 341.96 324.13 -10 -10 -10 -100    0 -1000 -1000 -10
336 125 pedestrian 0 0 -10 474.67 175.53 531.74 202.73 -10 -10 -10 -100    0 -1000 -1000 -10
336 139 pedestrian 0 0 -10 744.17 178.67 911.71 302.68 -10 -10 -10 -100    0 -1000 -1000 -10
336 133 pedestrian 0 0 -10 584.87 171.11 642.53 199.42 -10 -10 -10 -100    0 -1000 -1000 -10
337 140 pedestrian 0 0 -10 622.35 147.40 699.30 193.59 -10 -10 -10 -100    0 -1000 -1000 -10
337 136 pedestrian 0 0 -10 252.29 185.44 403.64 286.52 -10 -10 -10 -100    0 -1000 -1000 -10
337 134 pedestrian 0 0 -10 831.32 187.98 1242.00 375.00 -10 -10 -10 -100    0 -1000 -1000 -10
337 122 pedestrian 0 0 -10 66.59 192.14 317.70 343.55 -10 -10 -10 -100    0 -1000 -1000 -10
337 125 pedestrian 0 0 -10 474.59 177.36 530.09 205.17 -10 -10 -10 -100    0 -1000 -1000 -10
337 139 pedestrian 0 0 -10 750.71 179.09 937.70 317.08 -10 -10 -10 -100    0 -1000 -1000 -10
337 133 pedestrian 0 0 -10 578.82 172.20 641.06 201.56 -10 -10 -10 -100    0 -1000 -1000 -10
338 141 pedestrian 0 0 -10 382.60 176.27 423.49 206.87 -10 -10 -10 -100    0 -1000 -1000 -10
338 140 pedestrian 0 0 -10 609.54 148.26 688.07 194.53 -10 -10 -10 -100    0 -1000 -1000 -10
338 136 pedestrian 0 0 -10 218.64 186.20 387.45 294.61 -10 -10 -10 -100    0 -1000 -1000 -10
338 134 pedestrian 0 0 -10 863.43 189.37 1241.59 375.00 -10 -10 -10 -100    0 -1000 -1000 -10
338 122 pedestrian 0 0 -10 0.61 193.18 287.81 364.45 -10 -10 -10 -100    0 -1000 -1000 -10
338 121 pedestrian 0 0 -10 668.12 166.99 684.80 206.53 -10 -10 -10 -100    0 -1000 -1000 -10
338 142 pedestrian 0 0 -10 686.82 165.76 737.65 195.78 -10 -10 -10 -100    0 -1000 -1000 -10
338 125 pedestrian 0 0 -10 473.08 177.01 528.84 206.63 -10 -10 -10 -100    0 -1000 -1000 -10
338 139 pedestrian 0 0 -10 757.08 179.90 969.35 332.41 -10 -10 -10 -100    0 -1000 -1000 -10
338 133 pedestrian 0 0 -10 572.49 173.80 629.75 202.69 -10 -10 -10 -100    0 -1000 -1000 -10
339 141 pedestrian 0 0 -10 363.42 179.77 420.69 206.89 -10 -10 -10 -100    0 -1000 -1000 -10
339 140 pedestrian 0 0 -10 595.21 147.36 675.92 193.74 -10 -10 -10 -100    0 -1000 -1000 -10
339 136 pedestrian 0 0 -10 180.20 186.09 369.17 303.64 -10 -10 -10 -100    0 -1000 -1000 -10
339 134 pedestrian 0 0 -10 900.93 192.39 1241.70 375.00 -10 -10 -10 -100    0 -1000 -1000 -10
339 122 pedestrian 0 0 -10 0.39 195.11 254.16 375.00 -10 -10 -10 -100    0 -1000 -1000 -10
339 121 pedestrian 0 0 -10 670.14 169.78 685.04 205.94 -10 -10 -10 -100    0 -1000 -1000 -10
339 142 pedestrian 0 0 -10 670.32 171.36 730.76 193.23 -10 -10 -10 -100    0 -1000 -1000 -10
339 125 pedestrian 0 0 -10 471.98 175.91 526.92 206.46 -10 -10 -10 -100    0 -1000 -1000 -10
339 139 pedestrian 0 0 -10 765.45 180.09 1011.77 351.30 -10 -10 -10 -100    0 -1000 -1000 -10
339 133 pedestrian 0 0 -10 566.22 172.54 625.26 199.89 -10 -10 -10 -100    0 -1000 -1000 -10
340 141 pedestrian 0 0 -10 350.18 178.77 418.75 205.06 -10 -10 -10 -100    0 -1000 -1000 -10
340 140 pedestrian 0 0 -10 581.31 146.25 662.72 193.56 -10 -10 -10 -100    0 -1000 -1000 -10
340 136 pedestrian 0 0 -10 135.63 185.54 348.53 314.74 -10 -10 -10 -100    0 -1000 -1000 -10
340 134 pedestrian 0 0 -10 952.80 198.55 1242.00 375.00 -10 -10 -10 -100    0 -1000 -1000 -10
340 122 pedestrian 0 0 -10 0.00 196.72 213.85 375.00 -10 -10 -10 -100    0 -1000 -1000 -10
340 121 pedestrian 0 0 -10 671.28 167.99 684.72 208.42 -10 -10 -10 -100    0 -1000 -1000 -10
340 142 pedestrian 0 0 -10 663.62 170.70 725.91 192.26 -10 -10 -10 -100    0 -1000 -1000 -10
340 125 pedestrian 0 0 -10 469.68 174.43 525.96 206.09 -10 -10 -10 -100    0 -1000 -1000 -10
340 139 pedestrian 0 0 -10 777.33 179.85 1062.62 375.00 -10 -10 -10 -100    0 -1000 -1000 -10
340 133 pedestrian 0 0 -10 560.77 172.85 620.84 195.07 -10 -10 -10 -100    0 -1000 -1000 -10
341 141 pedestrian 0 0 -10 344.71 177.54 417.95 204.57 -10 -10 -10 -100    0 -1000 -1000 -10
341 140 pedestrian 0 0 -10 570.05 145.33 650.49 192.26 -10 -10 -10 -100    0 -1000 -1000 -10
341 136 pedestrian 0 0 -10 79.27 185.95 326.87 330.22 -10 -10 -10 -100    0 -1000 -1000 -10
341 122 pedestrian 0 0 -10 0.00 201.26 165.22 375.00 -10 -10 -10 -100    0 -1000 -1000 -10
341 142 pedestrian 0 0 -10 657.90 170.57 723.96 193.06 -10 -10 -10 -100    0 -1000 -1000 -10
341 125 pedestrian 0 0 -10 467.72 174.57 524.33 206.74 -10 -10 -10 -100    0 -1000 -1000 -10
341 139 pedestrian 0 0 -10 790.55 180.80 1131.42 375.00 -10 -10 -10 -100    0 -1000 -1000 -10
341 133 pedestrian 0 0 -10 554.87 168.87 615.81 194.22 -10 -10 -10 -100    0 -1000 -1000 -10
342 141 pedestrian 0 0 -10 343.08 176.66 416.73 205.93 -10 -10 -10 -100    0 -1000 -1000 -10
342 140 pedestrian 0 0 -10 557.41 146.33 635.87 193.78 -10 -10 -10 -100    0 -1000 -1000 -10
342 136 pedestrian 0 0 -10 16.83 189.43 300.75 349.27 -10 -10 -10 -100    0 -1000 -1000 -10
342 122 pedestrian 0 0 -10 0.00 207.85 105.57 375.00 -10 -10 -10 -100    0 -1000 -1000 -10
342 142 pedestrian 0 0 -10 652.21 171.05 718.43 193.33 -10 -10 -10 -100    0 -1000 -1000 -10
342 125 pedestrian 0 0 -10 465.96 174.82 521.77 208.86 -10 -10 -10 -100    0 -1000 -1000 -10
342 139 pedestrian 0 0 -10 807.16 183.80 1223.06 375.00 -10 -10 -10 -100    0 -1000 -1000 -10
342 133 pedestrian 0 0 -10 549.24 170.44 611.51 195.07 -10 -10 -10 -100    0 -1000 -1000 -10
343 141 pedestrian 0 0 -10 341.86 178.78 418.75 209.09 -10 -10 -10 -100    0 -1000 -1000 -10
343 140 pedestrian 0 0 -10 544.59 147.49 624.55 194.88 -10 -10 -10 -100    0 -1000 -1000 -10
343 136 pedestrian 0 0 -10 0.87 191.50 273.14 374.94 -10 -10 -10 -100    0 -1000 -1000 -10
343 143 pedestrian 0 0 -10 433.78 176.69 457.11 203.70 -10 -10 -10 -100    0 -1000 -1000 -10
343 142 pedestrian 0 0 -10 648.51 170.38 716.05 194.06 -10 -10 -10 -100    0 -1000 -1000 -10
343 125 pedestrian 0 0 -10 464.92 177.76 519.12 213.44 -10 -10 -10 -100    0 -1000 -1000 -10
343 139 pedestrian 0 0 -10 830.16 186.52 1242.00 375.00 -10 -10 -10 -100    0 -1000 -1000 -10
343 133 pedestrian 0 0 -10 542.41 170.85 605.82 197.63 -10 -10 -10 -100    0 -1000 -1000 -10
344 141 pedestrian 0 0 -10 339.45 181.29 418.07 212.55 -10 -10 -10 -100    0 -1000 -1000 -10
344 140 pedestrian 0 0 -10 523.94 149.01 611.88 198.97 -10 -10 -10 -100    0 -1000 -1000 -10
344 136 pedestrian 0 0 -10 1.09 196.23 241.81 375.00 -10 -10 -10 -100    0 -1000 -1000 -10
344 143 pedestrian 0 0 -10 431.85 178.79 454.47 206.81 -10 -10 -10 -100    0 -1000 -1000 -10
344 142 pedestrian 0 0 -10 644.42 171.39 713.12 195.83 -10 -10 -10 -100    0 -1000 -1000 -10
344 125 pedestrian 0 0 -10 463.31 179.53 515.57 217.73 -10 -10 -10 -100    0 -1000 -1000 -10
344 139 pedestrian 0 0 -10 857.52 189.47 1241.66 375.00 -10 -10 -10 -100    0 -1000 -1000 -10
344 133 pedestrian 0 0 -10 539.44 173.71 607.65 200.20 -10 -10 -10 -100    0 -1000 -1000 -10
345 141 pedestrian 0 0 -10 337.17 183.01 418.85 215.42 -10 -10 -10 -100    0 -1000 -1000 -10
345 140 pedestrian 0 0 -10 510.97 152.08 597.74 200.90 -10 -10 -10 -100    0 -1000 -1000 -10
345 136 pedestrian 0 0 -10 0.00 199.12 203.90 375.00 -10 -10 -10 -100    0 -1000 -1000 -10
345 143 pedestrian 0 0 -10 426.83 179.75 448.81 209.14 -10 -10 -10 -100    0 -1000 -1000 -10
345 142 pedestrian 0 0 -10 641.37 173.37 707.83 197.30 -10 -10 -10 -100    0 -1000 -1000 -10
345 125 pedestrian 0 0 -10 460.90 181.23 512.60 220.95 -10 -10 -10 -100    0 -1000 -1000 -10
345 139 pedestrian 0 0 -10 890.31 192.02 1241.96 375.00 -10 -10 -10 -100    0 -1000 -1000 -10
345 133 pedestrian 0 0 -10 533.32 176.50 600.57 202.93 -10 -10 -10 -100    0 -1000 -1000 -10
346 141 pedestrian 0 0 -10 337.61 183.63 419.63 216.57 -10 -10 -10 -100    0 -1000 -1000 -10
346 140 pedestrian 0 0 -10 496.08 152.51 583.17 202.91 -10 -10 -10 -100    0 -1000 -1000 -10
346 136 pedestrian 0 0 -10 0.00 201.48 160.92 375.00 -10 -10 -10 -100    0 -1000 -1000 -10
346 121 pedestrian 0 0 -10 682.33 169.04 701.86 219.03 -10 -10 -10 -100    0 -1000 -1000 -10
346 143 pedestrian 0 0 -10 422.13 178.84 444.49 207.78 -10 -10 -10 -100    0 -1000 -1000 -10
346 142 pedestrian 0 0 -10 636.22 173.68 704.87 197.51 -10 -10 -10 -100    0 -1000 -1000 -10
346 125 pedestrian 0 0 -10 457.07 182.06 510.46 223.70 -10 -10 -10 -100    0 -1000 -1000 -10
346 139 pedestrian 0 0 -10 943.61 244.30 1241.42 375.00 -10 -10 -10 -100    0 -1000 -1000 -10
346 133 pedestrian 0 0 -10 530.52 176.56 595.98 203.19 -10 -10 -10 -100    0 -1000 -1000 -10
347 141 pedestrian 0 0 -10 338.25 182.21 421.65 216.79 -10 -10 -10 -100    0 -1000 -1000 -10
347 140 pedestrian 0 0 -10 483.35 150.95 569.77 202.21 -10 -10 -10 -100    0 -1000 -1000 -10
347 136 pedestrian 0 0 -10 0.00 205.71 109.66 375.00 -10 -10 -10 -100    0 -1000 -1000 -10
347 121 pedestrian 0 0 -10 684.46 167.09 704.50 218.85 -10 -10 -10 -100    0 -1000 -1000 -10
347 142 pedestrian 0 0 -10 634.07 173.29 702.71 197.81 -10 -10 -10 -100    0 -1000 -1000 -10
347 125 pedestrian 0 0 -10 454.37 181.35 505.54 226.03 -10 -10 -10 -100    0 -1000 -1000 -10
347 139 pedestrian 0 0 -10 1027.84 270.66 1241.71 375.00 -10 -10 -10 -100    0 -1000 -1000 -10
347 133 pedestrian 0 0 -10 529.51 176.43 595.09 202.75 -10 -10 -10 -100    0 -1000 -1000 -10
348 140 pedestrian 0 0 -10 461.40 148.97 556.04 203.39 -10 -10 -10 -100    0 -1000 -1000 -10
348 121 pedestrian 0 0 -10 689.05 166.57 709.29 217.82 -10 -10 -10 -100    0 -1000 -1000 -10
348 144 pedestrian 0 0 -10 28.77 180.81 159.02 250.87 -10 -10 -10 -100    0 -1000 -1000 -10
348 142 pedestrian 0 0 -10 631.43 172.06 702.40 196.88 -10 -10 -10 -100    0 -1000 -1000 -10
348 125 pedestrian 0 0 -10 450.37 181.01 499.83 228.16 -10 -10 -10 -100    0 -1000 -1000 -10
348 133 pedestrian 0 0 -10 522.46 175.04 590.80 202.88 -10 -10 -10 -100    0 -1000 -1000 -10
348 141 pedestrian 0 0 -10 337.79 182.44 423.82 217.31 -10 -10 -10 -100    0 -1000 -1000 -10
349 121 pedestrian 0 0 -10 695.03 164.84 715.56 219.50 -10 -10 -10 -100    0 -1000 -1000 -10
349 144 pedestrian 0 0 -10 1.82 180.54 138.44 253.82 -10 -10 -10 -100    0 -1000 -1000 -10
349 142 pedestrian 0 0 -10 628.70 171.41 703.09 197.57 -10 -10 -10 -100    0 -1000 -1000 -10
349 125 pedestrian 0 0 -10 445.23 180.79 494.83 230.87 -10 -10 -10 -100    0 -1000 -1000 -10
349 133 pedestrian 0 0 -10 517.03 174.54 589.30 203.01 -10 -10 -10 -100    0 -1000 -1000 -10
349 141 pedestrian 0 0 -10 337.49 180.99 425.73 217.81 -10 -10 -10 -100    0 -1000 -1000 -10
349 140 pedestrian 0 0 -10 448.21 150.43 542.70 204.28 -10 -10 -10 -100    0 -1000 -1000 -10
350 121 pedestrian 0 0 -10 698.88 163.84 719.86 221.20 -10 -10 -10 -100    0 -1000 -1000 -10
350 144 pedestrian 0 0 -10 0.00 181.14 120.39 256.96 -10 -10 -10 -100    0 -1000 -1000 -10
350 142 pedestrian 0 0 -10 625.78 170.97 702.41 198.03 -10 -10 -10 -100    0 -1000 -1000 -10
350 125 pedestrian 0 0 -10 435.91 181.19 488.09 234.10 -10 -10 -10 -100    0 -1000 -1000 -10
350 133 pedestrian 0 0 -10 515.32 174.35 587.68 203.38 -10 -10 -10 -100    0 -1000 -1000 -10
350 141 pedestrian 0 0 -10 338.05 181.37 425.58 219.23 -10 -10 -10 -100    0 -1000 -1000 -10
350 140 pedestrian 0 0 -10 432.33 149.68 527.85 204.56 -10 -10 -10 -100    0 -1000 -1000 -10
351 121 pedestrian 0 0 -10 703.53 163.80 725.57 222.09 -10 -10 -10 -100    0 -1000 -1000 -10
351 144 pedestrian 0 0 -10 0.07 182.19 97.69 261.86 -10 -10 -10 -100    0 -1000 -1000 -10
351 142 pedestrian 0 0 -10 623.47 171.25 701.35 198.82 -10 -10 -10 -100    0 -1000 -1000 -10
351 125 pedestrian 0 0 -10 425.06 180.75 482.18 238.38 -10 -10 -10 -100    0 -1000 -1000 -10
351 133 pedestrian 0 0 -10 510.60 173.89 584.24 203.91 -10 -10 -10 -100    0 -1000 -1000 -10
351 141 pedestrian 0 0 -10 338.64 181.25 428.14 221.25 -10 -10 -10 -100    0 -1000 -1000 -10
351 140 pedestrian 0 0 -10 413.16 149.58 512.72 205.67 -10 -10 -10 -100    0 -1000 -1000 -10
