0 14 pedestrian 0 0 -10 381.84 175.92 433.96 216.38 -10 -10 -10 -100    0 -1000 -1000 -10
0 13 pedestrian 0 0 -10 419.60 181.43 469.76 216.11 -10 -10 -10 -100    0 -1000 -1000 -10
0 12 pedestrian 0 0 -10 446.77 166.84 654.74 208.19 -10 -10 -10 -100    0 -1000 -1000 -10
0 11 pedestrian 0 0 -10 627.40 178.43 652.60 205.09 -10 -10 -10 -100    0 -1000 -1000 -10
0 10 pedestrian 0 0 -10 645.80 180.40 678.53 211.30 -10 -10 -10 -100    0 -1000 -1000 -10
0 9 pedestrian 0 0 -10 489.69 179.96 539.69 219.68 -10 -10 -10 -100    0 -1000 -1000 -10
0 8 pedestrian 0 0 -10 532.40 180.37 558.36 202.17 -10 -10 -10 -100    0 -1000 -1000 -10
0 7 pedestrian 0 0 -10 663.19 177.82 727.98 236.07 -10 -10 -10 -100    0 -1000 -1000 -10
0 6 pedestrian 0 0 -10 586.32 177.04 617.74 209.93 -10 -10 -10 -100    0 -1000 -1000 -10
0 5 pedestrian 0 0 -10 459.66 177.01 525.49 234.10 -10 -10 -10 -100    0 -1000 -1000 -10
0 4 pedestrian 0 0 -10 284.88 178.02 385.01 244.61 -10 -10 -10 -100    0 -1000 -1000 -10
0 3 pedestrian 0 0 -10 685.99 188.89 794.33 301.95 -10 -10 -10 -100    0 -1000 -1000 -10
0 2 pedestrian 0 0 -10 344.83 184.38 480.51 284.77 -10 -10 -10 -100    0 -1000 -1000 -10
0 1 pedestrian 0 0 -10 0.00 189.57 200.26 338.72 -10 -10 -10 -100    0 -1000 -1000 -10
1 14 pedestrian 0 0 -10 380.42 175.86 432.44 216.88 -10 -10 -10 -100    0 -1000 -1000 -10
1 13 pedestrian 0 0 -10 418.24 180.70 468.02 215.36 -10 -10 -10 -100    0 -1000 -1000 -10
1 12 pedestrian 0 0 -10 447.09 166.59 654.88 207.48 -10 -10 -10 -100    0 -1000 -1000 -10
1 11 pedestrian 0 0 -10 626.95 178.09 652.33 204.60 -10 -10 -10 -100    0 -1000 -1000 -10
1 10 pedestrian 0 0 -10 645.23 179.89 677.24 210.76 -10 -10 -10 -100    0 -1000 -1000 -10
1 9 pedestrian 0 0 -10 489.18 179.80 539.47 219.62 -10 -10 -10 -100    0 -1000 -1000 -10
1 8 pedestrian 0 0 -10 531.98 180.19 557.95 201.97 -10 -10 -10 -100    0 -1000 -1000 -10
1 7 pedestrian 0 0 -10 663.37 177.59 728.02 235.67 -10 -10 -10 -100    0 -1000 -1000 -10
1 6 pedestrian 0 0 -10 586.12 176.86 617.24 209.39 -10 -10 -10 -100    0 -1000 -1000 -10
1 5 pedestrian 0 0 -10 459.25 176.57 524.82 233.86 -10 -10 -10 -100    0 -1000 -1000 -10
1 4 pedestrian 0 0 -10 279.36 177.60 382.18 245.48 -10 -10 -10 -100    0 -1000 -1000 -10
1 3 pedestrian 0 0 -10 689.31 189.01 798.50 303.49 -10 -10 -10 -100    0 -1000 -1000 -10
1 2 pedestrian 0 0 -10 340.97 184.43 478.70 286.33 -10 -10 -10 -100    0 -1000 -1000 -10
1 1 pedestrian 0 0 -10 0.00 189.35 192.95 339.48 -10 -10 -10 -100    0 -1000 -1000 -10
2 14 pedestrian 0 0 -10 377.88 175.57 430.84 217.61 -10 -10 -10 -100    0 -1000 -1000 -10
2 13 pedestrian 0 0 -10 415.94 180.15 465.77 214.89 -10 -10 -10 -100    0 -1000 -1000 -10
2 12 pedestrian 0 0 -10 447.61 166.36 655.21 207.11 -10 -10 -10 -100    0 -1000 -1000 -10
2 11 pedestrian 0 0 -10 626.46 177.86 652.33 204.40 -10 -10 -10 -100    0 -1000 -1000 -10
2 10 pedestrian 0 0 -10 644.76 179.60 675.97 210.29 -10 -10 -10 -100    0 -1000 -1000 -10
2 9 pedestrian 0 0 -10 488.51 179.60 539.32 219.70 -10 -10 -10 -100    0 -1000 -1000 -10
2 8 pedestrian 0 0 -10 531.86 179.83 557.93 201.70 -10 -10 -10 -100    0 -1000 -1000 -10
2 7 pedestrian 0 0 -10 663.35 177.42 728.24 235.60 -10 -10 -10 -100    0 -1000 -1000 -10
2 6 pedestrian 0 0 -10 585.95 176.74 616.84 209.29 -10 -10 -10 -100    0 -1000 -1000 -10
2 5 pedestrian 0 0 -10 458.90 176.16 524.34 233.85 -10 -10 -10 -100    0 -1000 -1000 -10
2 4 pedestrian 0 0 -10 275.34 176.98 379.49 246.34 -10 -10 -10 -100    0 -1000 -1000 -10
2 3 pedestrian 0 0 -10 692.81 189.05 802.66 304.97 -10 -10 -10 -100    0 -1000 -1000 -10
2 2 pedestrian 0 0 -10 336.60 184.09 476.79 288.15 -10 -10 -10 -100    0 -1000 -1000 -10
2 1 pedestrian 0 0 -10 0.00 189.73 185.89 339.68 -10 -10 -10 -100    0 -1000 -1000 -10
3 14 pedestrian 0 0 -10 375.97 174.94 426.50 218.34 -10 -10 -10 -100    0 -1000 -1000 -10
3 13 pedestrian 0 0 -10 413.41 180.80 465.02 216.72 -10 -10 -10 -100    0 -1000 -1000 -10
3 12 pedestrian 0 0 -10 446.51 166.83 655.46 207.62 -10 -10 -10 -100    0 -1000 -1000 -10
3 11 pedestrian 0 0 -10 626.02 178.12 651.86 204.73 -10 -10 -10 -100    0 -1000 -1000 -10
3 10 pedestrian 0 0 -10 644.66 179.99 675.68 210.83 -10 -10 -10 -100    0 -1000 -1000 -10
3 9 pedestrian 0 0 -10 487.90 179.66 537.57 220.33 -10 -10 -10 -100    0 -1000 -1000 -10
3 8 pedestrian 0 0 -10 532.17 180.42 557.76 202.01 -10 -10 -10 -100    0 -1000 -1000 -10
3 7 pedestrian 0 0 -10 663.08 177.82 727.92 236.06 -10 -10 -10 -100    0 -1000 -1000 -10
3 6 pedestrian 0 0 -10 586.16 177.33 616.66 209.29 -10 -10 -10 -100    0 -1000 -1000 -10
3 5 pedestrian 0 0 -10 458.49 176.42 524.00 234.30 -10 -10 -10 -100    0 -1000 -1000 -10
3 4 pedestrian 0 0 -10 270.17 177.73 376.21 247.51 -10 -10 -10 -100    0 -1000 -1000 -10
3 3 pedestrian 0 0 -10 696.52 189.44 806.17 305.40 -10 -10 -10 -100    0 -1000 -1000 -10
3 2 pedestrian 0 0 -10 331.66 184.62 475.08 289.79 -10 -10 -10 -100    0 -1000 -1000 -10
3 1 pedestrian 0 0 -10 0.00 190.55 177.31 341.45 -10 -10 -10 -100    0 -1000 -1000 -10
4 14 pedestrian 0 0 -10 372.35 174.50 425.09 223.13 -10 -10 -10 -100    0 -1000 -1000 -10
4 13 pedestrian 0 0 -10 411.81 180.92 463.91 217.24 -10 -10 -10 -100    0 -1000 -1000 -10
4 12 pedestrian 0 0 -10 445.22 167.19 655.63 207.93 -10 -10 -10 -100    0 -1000 -1000 -10
4 11 pedestrian 0 0 -10 625.74 178.02 651.34 204.28 -10 -10 -10 -100    0 -1000 -1000 -10
4 10 pedestrian 0 0 -10 644.39 179.52 675.78 210.81 -10 -10 -10 -100    0 -1000 -1000 -10
4 9 pedestrian 0 0 -10 487.94 179.72 537.49 220.51 -10 -10 -10 -100    0 -1000 -1000 -10
4 8 pedestrian 0 0 -10 531.54 180.38 557.29 202.07 -10 -10 -10 -100    0 -1000 -1000 -10
4 7 pedestrian 0 0 -10 662.82 177.89 727.79 236.13 -10 -10 -10 -100    0 -1000 -1000 -10
4 6 pedestrian 0 0 -10 586.14 177.51 616.76 209.60 -10 -10 -10 -100    0 -1000 -1000 -10
4 5 pedestrian 0 0 -10 457.87 176.34 523.63 234.51 -10 -10 -10 -100    0 -1000 -1000 -10
4 4 pedestrian 0 0 -10 264.46 177.59 373.01 248.61 -10 -10 -10 -100    0 -1000 -1000 -10
4 3 pedestrian 0 0 -10 698.67 189.34 809.63 305.40 -10 -10 -10 -100    0 -1000 -1000 -10
4 2 pedestrian 0 0 -10 326.80 184.48 473.59 291.26 -10 -10 -10 -100    0 -1000 -1000 -10
4 1 pedestrian 0 0 -10 0.00 192.38 170.49 341.27 -10 -10 -10 -100    0 -1000 -1000 -10
5 14 pedestrian 0 0 -10 368.84 174.31 425.50 227.96 -10 -10 -10 -100    0 -1000 -1000 -10
5 13 pedestrian 0 0 -10 410.25 180.72 462.49 217.54 -10 -10 -10 -100    0 -1000 -1000 -10
5 12 pedestrian 0 0 -10 444.41 167.00 655.58 207.70 -10 -10 -10 -100    0 -1000 -1000 -10
5 11 pedestrian 0 0 -10 624.68 177.65 650.91 204.25 -10 -10 -10 -100    0 -1000 -1000 -10
5 10 pedestrian 0 0 -10 644.11 179.21 674.51 210.16 -10 -10 -10 -100    0 -1000 -1000 -10
5 9 pedestrian 0 0 -10 486.35 179.25 536.66 220.38 -10 -10 -10 -100    0 -1000 -1000 -10
5 8 pedestrian 0 0 -10 531.15 180.21 556.89 201.70 -10 -10 -10 -100    0 -1000 -1000 -10
5 7 pedestrian 0 0 -10 662.58 177.81 727.64 235.64 -10 -10 -10 -100    0 -1000 -1000 -10
5 6 pedestrian 0 0 -10 585.82 177.09 616.65 209.47 -10 -10 -10 -100    0 -1000 -1000 -10
5 5 pedestrian 0 0 -10 456.71 175.98 522.77 234.58 -10 -10 -10 -100    0 -1000 -1000 -10
5 4 pedestrian 0 0 -10 259.32 177.22 369.09 249.47 -10 -10 -10 -100    0 -1000 -1000 -10
5 3 pedestrian 0 0 -10 700.66 189.07 813.16 304.96 -10 -10 -10 -100    0 -1000 -1000 -10
5 2 pedestrian 0 0 -10 322.41 184.41 471.38 293.03 -10 -10 -10 -100    0 -1000 -1000 -10
5 1 pedestrian 0 0 -10 0.00 192.11 162.14 345.94 -10 -10 -10 -100    0 -1000 -1000 -10
6 14 pedestrian 0 0 -10 362.97 175.46 426.08 234.28 -10 -10 -10 -100    0 -1000 -1000 -10
6 13 pedestrian 0 0 -10 409.71 180.99 461.69 218.09 -10 -10 -10 -100    0 -1000 -1000 -10
6 12 pedestrian 0 0 -10 443.28 167.04 655.30 208.26 -10 -10 -10 -100    0 -1000 -1000 -10
6 11 pedestrian 0 0 -10 624.55 178.12 649.84 203.99 -10 -10 -10 -100    0 -1000 -1000 -10
6 10 pedestrian 0 0 -10 643.55 179.18 673.95 210.43 -10 -10 -10 -100    0 -1000 -1000 -10
6 9 pedestrian 0 0 -10 485.34 179.38 536.26 220.96 -10 -10 -10 -100    0 -1000 -1000 -10
6 8 pedestrian 0 0 -10 530.21 180.54 556.14 202.31 -10 -10 -10 -100    0 -1000 -1000 -10
6 7 pedestrian 0 0 -10 662.19 177.99 727.56 236.07 -10 -10 -10 -100    0 -1000 -1000 -10
6 6 pedestrian 0 0 -10 585.53 177.25 616.70 209.89 -10 -10 -10 -100    0 -1000 -1000 -10
6 5 pedestrian 0 0 -10 456.00 176.18 521.53 235.25 -10 -10 -10 -100    0 -1000 -1000 -10
6 4 pedestrian 0 0 -10 253.70 177.69 367.28 251.10 -10 -10 -10 -100    0 -1000 -1000 -10
6 3 pedestrian 0 0 -10 702.43 189.34 816.74 305.82 -10 -10 -10 -100    0 -1000 -1000 -10
6 2 pedestrian 0 0 -10 317.71 184.24 469.75 295.09 -10 -10 -10 -100    0 -1000 -1000 -10
6 1 pedestrian 0 0 -10 0.00 192.90 153.15 348.16 -10 -10 -10 -100    0 -1000 -1000 -10
7 14 pedestrian 0 0 -10 360.15 175.79 425.09 237.54 -10 -10 -10 -100    0 -1000 -1000 -10
7 13 pedestrian 0 0 -10 408.19 180.91 460.14 218.28 -10 -10 -10 -100    0 -1000 -1000 -10
7 12 pedestrian 0 0 -10 443.65 166.97 654.90 208.11 -10 -10 -10 -100    0 -1000 -1000 -10
7 11 pedestrian 0 0 -10 624.52 178.22 649.36 203.61 -10 -10 -10 -100    0 -1000 -1000 -10
7 10 pedestrian 0 0 -10 643.31 179.07 673.50 210.01 -10 -10 -10 -100    0 -1000 -1000 -10
7 9 pedestrian 0 0 -10 485.32 179.40 536.53 220.91 -10 -10 -10 -100    0 -1000 -1000 -10
7 8 pedestrian 0 0 -10 530.58 180.38 556.39 202.13 -10 -10 -10 -100    0 -1000 -1000 -10
7 7 pedestrian 0 0 -10 661.92 178.21 727.68 236.18 -10 -10 -10 -100    0 -1000 -1000 -10
7 6 pedestrian 0 0 -10 585.29 177.23 616.45 209.87 -10 -10 -10 -100    0 -1000 -1000 -10
7 5 pedestrian 0 0 -10 455.40 176.32 521.52 235.44 -10 -10 -10 -100    0 -1000 -1000 -10
7 4 pedestrian 0 0 -10 247.72 178.06 363.41 252.44 -10 -10 -10 -100    0 -1000 -1000 -10
7 3 pedestrian 0 0 -10 703.61 189.68 819.49 306.13 -10 -10 -10 -100    0 -1000 -1000 -10
7 2 pedestrian 0 0 -10 313.42 184.24 468.78 296.80 -10 -10 -10 -100    0 -1000 -1000 -10
7 1 pedestrian 0 0 -10 0.00 192.92 144.99 347.02 -10 -10 -10 -100    0 -1000 -1000 -10
8 14 pedestrian 0 0 -10 358.55 175.67 424.16 238.74 -10 -10 -10 -100    0 -1000 -1000 -10
8 13 pedestrian 0 0 -10 406.35 180.81 458.71 218.40 -10 -10 -10 -100    0 -1000 -1000 -10
8 12 pedestrian 0 0 -10 444.26 166.79 654.65 207.91 -10 -10 -10 -100    0 -1000 -1000 -10
8 11 pedestrian 0 0 -10 624.60 177.97 649.29 203.48 -10 -10 -10 -100    0 -1000 -1000 -10
8 10 pedestrian 0 0 -10 643.30 178.79 673.30 209.77 -10 -10 -10 -100    0 -1000 -1000 -10
8 9 pedestrian 0 0 -10 485.63 179.33 536.85 220.81 -10 -10 -10 -100    0 -1000 -1000 -10
8 8 pedestrian 0 0 -10 530.12 180.29 556.15 201.97 -10 -10 -10 -100    0 -1000 -1000 -10
8 7 pedestrian 0 0 -10 662.06 178.09 727.67 236.04 -10 -10 -10 -100    0 -1000 -1000 -10
8 6 pedestrian 0 0 -10 585.47 177.23 616.17 209.64 -10 -10 -10 -100    0 -1000 -1000 -10
8 5 pedestrian 0 0 -10 454.57 175.96 521.55 235.59 -10 -10 -10 -100    0 -1000 -1000 -10
8 4 pedestrian 0 0 -10 242.02 177.68 360.82 253.03 -10 -10 -10 -100    0 -1000 -1000 -10
8 3 pedestrian 0 0 -10 705.08 189.31 822.82 306.65 -10 -10 -10 -100    0 -1000 -1000 -10
8 2 pedestrian 0 0 -10 309.59 184.52 467.16 298.58 -10 -10 -10 -100    0 -1000 -1000 -10
8 1 pedestrian 0 0 -10 0.00 192.22 136.97 348.20 -10 -10 -10 -100    0 -1000 -1000 -10
9 14 pedestrian 0 0 -10 355.20 176.02 422.87 239.62 -10 -10 -10 -100    0 -1000 -1000 -10
9 13 pedestrian 0 0 -10 405.01 180.84 458.13 218.82 -10 -10 -10 -100    0 -1000 -1000 -10
9 12 pedestrian 0 0 -10 445.27 166.96 655.80 207.79 -10 -10 -10 -100    0 -1000 -1000 -10
9 11 pedestrian 0 0 -10 624.54 177.78 649.14 203.30 -10 -10 -10 -100    0 -1000 -1000 -10
9 10 pedestrian 0 0 -10 643.52 178.66 673.25 209.55 -10 -10 -10 -100    0 -1000 -1000 -10
9 9 pedestrian 0 0 -10 484.96 179.28 536.21 220.73 -10 -10 -10 -100    0 -1000 -1000 -10
9 8 pedestrian 0 0 -10 529.97 180.17 555.87 201.71 -10 -10 -10 -100    0 -1000 -1000 -10
9 7 pedestrian 0 0 -10 662.48 178.34 728.32 236.21 -10 -10 -10 -100    0 -1000 -1000 -10
9 6 pedestrian 0 0 -10 585.87 177.21 616.13 209.46 -10 -10 -10 -100    0 -1000 -1000 -10
9 5 pedestrian 0 0 -10 454.37 175.95 521.19 235.83 -10 -10 -10 -100    0 -1000 -1000 -10
9 4 pedestrian 0 0 -10 237.10 177.50 357.40 254.19 -10 -10 -10 -100    0 -1000 -1000 -10
9 3 pedestrian 0 0 -10 706.30 189.30 825.72 306.25 -10 -10 -10 -100    0 -1000 -1000 -10
9 2 pedestrian 0 0 -10 305.63 184.50 465.91 300.07 -10 -10 -10 -100    0 -1000 -1000 -10
9 1 pedestrian 0 0 -10 0.00 190.44 128.33 349.79 -10 -10 -10 -100    0 -1000 -1000 -10
10 14 pedestrian 0 0 -10 351.61 176.63 421.35 240.03 -10 -10 -10 -100    0 -1000 -1000 -10
10 13 pedestrian 0 0 -10 403.77 180.81 457.27 219.01 -10 -10 -10 -100    0 -1000 -1000 -10
10 12 pedestrian 0 0 -10 445.13 167.08 656.57 208.04 -10 -10 -10 -100    0 -1000 -1000 -10
10 11 pedestrian 0 0 -10 624.12 177.79 648.72 203.06 -10 -10 -10 -100    0 -1000 -1000 -10
10 10 pedestrian 0 0 -10 643.51 178.70 672.66 209.09 -10 -10 -10 -100    0 -1000 -1000 -10
10 9 pedestrian 0 0 -10 484.34 179.38 536.09 220.97 -10 -10 -10 -100    0 -1000 -1000 -10
10 8 pedestrian 0 0 -10 529.86 180.24 555.81 201.89 -10 -10 -10 -100    0 -1000 -1000 -10
10 7 pedestrian 0 0 -10 662.40 178.49 727.94 236.34 -10 -10 -10 -100    0 -1000 -1000 -10
10 6 pedestrian 0 0 -10 585.93 177.30 615.76 208.71 -10 -10 -10 -100    0 -1000 -1000 -10
10 5 pedestrian 0 0 -10 453.97 176.41 521.45 236.21 -10 -10 -10 -100    0 -1000 -1000 -10
10 4 pedestrian 0 0 -10 230.13 177.89 354.40 255.50 -10 -10 -10 -100    0 -1000 -1000 -10
10 3 pedestrian 0 0 -10 707.67 189.45 828.01 305.86 -10 -10 -10 -100    0 -1000 -1000 -10
10 2 pedestrian 0 0 -10 301.67 184.47 465.37 301.48 -10 -10 -10 -100    0 -1000 -1000 -10
10 1 pedestrian 0 0 -10 0.00 192.41 119.58 349.18 -10 -10 -10 -100    0 -1000 -1000 -10
11 14 pedestrian 0 0 -10 349.96 176.27 419.27 239.04 -10 -10 -10 -100    0 -1000 -1000 -10
11 13 pedestrian 0 0 -10 402.88 180.90 456.30 219.00 -10 -10 -10 -100    0 -1000 -1000 -10
11 12 pedestrian 0 0 -10 445.33 166.90 657.14 207.91 -10 -10 -10 -100    0 -1000 -1000 -10
11 11 pedestrian 0 0 -10 623.73 177.82 647.96 202.65 -10 -10 -10 -100    0 -1000 -1000 -10
11 10 pedestrian 0 0 -10 643.44 178.88 671.13 207.98 -10 -10 -10 -100    0 -1000 -1000 -10
11 9 pedestrian 0 0 -10 483.71 179.60 535.92 221.05 -10 -10 -10 -100    0 -1000 -1000 -10
11 8 pedestrian 0 0 -10 529.40 180.05 555.48 201.69 -10 -10 -10 -100    0 -1000 -1000 -10
11 7 pedestrian 0 0 -10 662.41 178.43 727.57 236.24 -10 -10 -10 -100    0 -1000 -1000 -10
11 6 pedestrian 0 0 -10 585.87 177.26 615.59 208.06 -10 -10 -10 -100    0 -1000 -1000 -10
11 5 pedestrian 0 0 -10 453.12 176.16 520.45 236.45 -10 -10 -10 -100    0 -1000 -1000 -10
11 4 pedestrian 0 0 -10 224.06 177.81 351.38 256.75 -10 -10 -10 -100    0 -1000 -1000 -10
11 3 pedestrian 0 0 -10 708.43 189.54 830.40 305.61 -10 -10 -10 -100    0 -1000 -1000 -10
11 2 pedestrian 0 0 -10 298.36 184.82 463.69 302.72 -10 -10 -10 -100    0 -1000 -1000 -10
11 1 pedestrian 0 0 -10 0.00 193.63 110.76 350.12 -10 -10 -10 -100    0 -1000 -1000 -10
12 14 pedestrian 0 0 -10 347.72 176.40 418.09 237.95 -10 -10 -10 -100    0 -1000 -1000 -10
12 13 pedestrian 0 0 -10 401.33 180.73 454.97 219.41 -10 -10 -10 -100    0 -1000 -1000 -10
12 12 pedestrian 0 0 -10 445.41 166.91 657.23 207.78 -10 -10 -10 -100    0 -1000 -1000 -10
12 11 pedestrian 0 0 -10 623.55 177.71 647.07 201.73 -10 -10 -10 -100    0 -1000 -1000 -10
12 10 pedestrian 0 0 -10 643.54 178.94 670.93 207.12 -10 -10 -10 -100    0 -1000 -1000 -10
12 9 pedestrian 0 0 -10 483.38 179.45 536.24 220.98 -10 -10 -10 -100    0 -1000 -1000 -10
12 8 pedestrian 0 0 -10 529.63 179.90 555.87 201.51 -10 -10 -10 -100    0 -1000 -1000 -10
12 7 pedestrian 0 0 -10 662.64 178.37 727.78 236.06 -10 -10 -10 -100    0 -1000 -1000 -10
12 6 pedestrian 0 0 -10 585.59 177.09 615.28 207.82 -10 -10 -10 -100    0 -1000 -1000 -10
12 5 pedestrian 0 0 -10 452.95 176.12 520.31 236.54 -10 -10 -10 -100    0 -1000 -1000 -10
12 4 pedestrian 0 0 -10 218.01 177.82 347.35 257.87 -10 -10 -10 -100    0 -1000 -1000 -10
12 3 pedestrian 0 0 -10 709.13 189.48 833.15 305.13 -10 -10 -10 -100    0 -1000 -1000 -10
12 2 pedestrian 0 0 -10 295.32 184.45 462.40 304.20 -10 -10 -10 -100    0 -1000 -1000 -10
12 1 pedestrian 0 0 -10 0.00 193.88 101.28 350.39 -10 -10 -10 -100    0 -1000 -1000 -10
13 14 pedestrian 0 0 -10 348.32 177.28 417.41 237.51 -10 -10 -10 -100    0 -1000 -1000 -10
13 13 pedestrian 0 0 -10 400.61 181.02 454.63 219.75 -10 -10 -10 -100    0 -1000 -1000 -10
13 12 pedestrian 0 0 -10 446.01 166.84 657.94 207.92 -10 -10 -10 -100    0 -1000 -1000 -10
13 11 pedestrian 0 0 -10 623.68 177.71 646.82 201.54 -10 -10 -10 -100    0 -1000 -1000 -10
13 10 pedestrian 0 0 -10 643.05 178.58 670.24 206.71 -10 -10 -10 -100    0 -1000 -1000 -10
13 9 pedestrian 0 0 -10 483.40 179.67 536.20 221.39 -10 -10 -10 -100    0 -1000 -1000 -10
13 8 pedestrian 0 0 -10 529.62 180.20 556.00 201.90 -10 -10 -10 -100    0 -1000 -1000 -10
13 7 pedestrian 0 0 -10 662.80 178.70 727.60 236.27 -10 -10 -10 -100    0 -1000 -1000 -10
13 6 pedestrian 0 0 -10 585.33 177.24 615.23 207.75 -10 -10 -10 -100    0 -1000 -1000 -10
13 5 pedestrian 0 0 -10 452.98 176.53 520.24 236.81 -10 -10 -10 -100    0 -1000 -1000 -10
13 4 pedestrian 0 0 -10 211.35 178.14 343.66 259.62 -10 -10 -10 -100    0 -1000 -1000 -10
13 3 pedestrian 0 0 -10 709.80 189.61 835.55 304.74 -10 -10 -10 -100    0 -1000 -1000 -10
13 2 pedestrian 0 0 -10 292.22 185.00 461.67 305.57 -10 -10 -10 -100    0 -1000 -1000 -10
13 1 pedestrian 0 0 -10 0.11 193.44 91.21 350.78 -10 -10 -10 -100    0 -1000 -1000 -10
14 14 pedestrian 0 0 -10 343.93 178.05 415.05 237.32 -10 -10 -10 -100    0 -1000 -1000 -10
14 13 pedestrian 0 0 -10 399.07 181.71 452.95 220.42 -10 -10 -10 -100    0 -1000 -1000 -10
14 12 pedestrian 0 0 -10 445.25 166.75 657.37 208.18 -10 -10 -10 -100    0 -1000 -1000 -10
14 11 pedestrian 0 0 -10 624.01 178.11 647.45 202.16 -10 -10 -10 -100    0 -1000 -1000 -10
14 10 pedestrian 0 0 -10 642.35 178.37 669.84 206.59 -10 -10 -10 -100    0 -1000 -1000 -10
14 9 pedestrian 0 0 -10 483.59 179.84 536.44 221.67 -10 -10 -10 -100    0 -1000 -1000 -10
14 8 pedestrian 0 0 -10 530.05 180.60 556.56 202.70 -10 -10 -10 -100    0 -1000 -1000 -10
14 7 pedestrian 0 0 -10 663.72 178.99 728.17 236.24 -10 -10 -10 -100    0 -1000 -1000 -10
14 6 pedestrian 0 0 -10 585.37 177.44 615.49 207.92 -10 -10 -10 -100    0 -1000 -1000 -10
14 5 pedestrian 0 0 -10 452.36 176.88 520.56 237.56 -10 -10 -10 -100    0 -1000 -1000 -10
14 4 pedestrian 0 0 -10 204.83 178.45 339.00 261.41 -10 -10 -10 -100    0 -1000 -1000 -10
14 3 pedestrian 0 0 -10 711.08 189.96 837.38 304.19 -10 -10 -10 -100    0 -1000 -1000 -10
14 2 pedestrian 0 0 -10 289.97 186.43 460.56 306.86 -10 -10 -10 -100    0 -1000 -1000 -10
14 1 pedestrian 0 0 -10 0.10 193.84 81.60 351.71 -10 -10 -10 -100    0 -1000 -1000 -10
15 14 pedestrian 0 0 -10 340.77 178.32 411.95 237.64 -10 -10 -10 -100    0 -1000 -1000 -10
15 13 pedestrian 0 0 -10 397.82 181.96 452.24 220.21 -10 -10 -10 -100    0 -1000 -1000 -10
15 12 pedestrian 0 0 -10 444.62 166.71 657.41 208.15 -10 -10 -10 -100    0 -1000 -1000 -10
15 11 pedestrian 0 0 -10 623.80 177.99 647.00 201.74 -10 -10 -10 -100    0 -1000 -1000 -10
15 10 pedestrian 0 0 -10 642.21 178.24 670.07 206.68 -10 -10 -10 -100    0 -1000 -1000 -10
15 9 pedestrian 0 0 -10 483.34 179.76 536.33 221.83 -10 -10 -10 -100    0 -1000 -1000 -10
15 8 pedestrian 0 0 -10 530.17 180.63 556.63 202.59 -10 -10 -10 -100    0 -1000 -1000 -10
15 7 pedestrian 0 0 -10 662.98 178.84 727.89 236.26 -10 -10 -10 -100    0 -1000 -1000 -10
15 6 pedestrian 0 0 -10 585.62 177.37 615.50 207.64 -10 -10 -10 -100    0 -1000 -1000 -10
15 5 pedestrian 0 0 -10 452.05 176.79 520.32 237.66 -10 -10 -10 -100    0 -1000 -1000 -10
15 4 pedestrian 0 0 -10 197.56 178.38 335.77 263.09 -10 -10 -10 -100    0 -1000 -1000 -10
15 3 pedestrian 0 0 -10 712.04 189.84 838.87 304.59 -10 -10 -10 -100    0 -1000 -1000 -10
15 2 pedestrian 0 0 -10 287.58 186.04 460.28 308.72 -10 -10 -10 -100    0 -1000 -1000 -10
15 1 pedestrian 0 0 -10 0.07 193.26 71.38 349.25 -10 -10 -10 -100    0 -1000 -1000 -10
16 14 pedestrian 0 0 -10 338.39 178.25 409.23 237.52 -10 -10 -10 -100    0 -1000 -1000 -10
16 13 pedestrian 0 0 -10 396.30 182.16 451.66 220.72 -10 -10 -10 -100    0 -1000 -1000 -10
16 12 pedestrian 0 0 -10 444.33 166.77 656.55 208.23 -10 -10 -10 -100    0 -1000 -1000 -10
16 11 pedestrian 0 0 -10 623.70 177.58 646.26 200.92 -10 -10 -10 -100    0 -1000 -1000 -10
16 10 pedestrian 0 0 -10 642.15 177.26 669.92 206.40 -10 -10 -10 -100    0 -1000 -1000 -10
16 9 pedestrian 0 0 -10 483.07 179.73 536.37 222.05 -10 -10 -10 -100    0 -1000 -1000 -10
16 8 pedestrian 0 0 -10 530.40 180.64 556.59 202.49 -10 -10 -10 -100    0 -1000 -1000 -10
16 7 pedestrian 0 0 -10 662.49 178.88 727.60 236.05 -10 -10 -10 -100    0 -1000 -1000 -10
16 6 pedestrian 0 0 -10 585.82 177.31 615.12 207.15 -10 -10 -10 -100    0 -1000 -1000 -10
16 5 pedestrian 0 0 -10 451.39 176.63 520.12 237.79 -10 -10 -10 -100    0 -1000 -1000 -10
16 4 pedestrian 0 0 -10 189.86 178.07 332.43 264.29 -10 -10 -10 -100    0 -1000 -1000 -10
16 3 pedestrian 0 0 -10 712.43 189.55 839.96 303.97 -10 -10 -10 -100    0 -1000 -1000 -10
16 2 pedestrian 0 0 -10 285.22 186.05 459.27 309.69 -10 -10 -10 -100    0 -1000 -1000 -10
16 1 pedestrian 0 0 -10 0.11 192.25 59.51 351.10 -10 -10 -10 -100    0 -1000 -1000 -10
17 14 pedestrian 0 0 -10 336.56 178.31 406.68 237.06 -10 -10 -10 -100    0 -1000 -1000 -10
17 13 pedestrian 0 0 -10 394.47 182.03 451.03 220.64 -10 -10 -10 -100    0 -1000 -1000 -10
17 12 pedestrian 0 0 -10 444.37 166.93 657.13 208.37 -10 -10 -10 -100    0 -1000 -1000 -10
17 11 pedestrian 0 0 -10 623.99 177.54 645.29 199.91 -10 -10 -10 -100    0 -1000 -1000 -10
17 10 pedestrian 0 0 -10 641.89 177.48 669.56 206.23 -10 -10 -10 -100    0 -1000 -1000 -10
17 9 pedestrian 0 0 -10 482.55 179.42 536.36 222.49 -10 -10 -10 -100    0 -1000 -1000 -10
17 8 pedestrian 0 0 -10 530.22 180.58 556.21 202.26 -10 -10 -10 -100    0 -1000 -1000 -10
17 7 pedestrian 0 0 -10 662.32 178.88 727.28 236.11 -10 -10 -10 -100    0 -1000 -1000 -10
17 6 pedestrian 0 0 -10 586.00 177.33 615.03 206.93 -10 -10 -10 -100    0 -1000 -1000 -10
17 5 pedestrian 0 0 -10 450.99 176.62 519.77 238.12 -10 -10 -10 -100    0 -1000 -1000 -10
17 4 pedestrian 0 0 -10 183.15 177.93 327.19 266.00 -10 -10 -10 -100    0 -1000 -1000 -10
17 3 pedestrian 0 0 -10 713.07 189.41 841.16 303.33 -10 -10 -10 -100    0 -1000 -1000 -10
17 2 pedestrian 0 0 -10 282.62 186.08 458.44 310.74 -10 -10 -10 -100    0 -1000 -1000 -10
17 1 pedestrian 0 0 -10 0.14 194.05 48.08 350.78 -10 -10 -10 -100    0 -1000 -1000 -10
18 14 pedestrian 0 0 -10 334.20 178.56 404.66 236.82 -10 -10 -10 -100    0 -1000 -1000 -10
18 13 pedestrian 0 0 -10 393.49 182.12 450.16 220.93 -10 -10 -10 -100    0 -1000 -1000 -10
18 12 pedestrian 0 0 -10 443.82 166.74 656.39 208.45 -10 -10 -10 -100    0 -1000 -1000 -10
18 11 pedestrian 0 0 -10 623.36 177.70 644.92 199.59 -10 -10 -10 -100    0 -1000 -1000 -10
18 10 pedestrian 0 0 -10 640.87 178.03 668.93 206.37 -10 -10 -10 -100    0 -1000 -1000 -10
18 9 pedestrian 0 0 -10 482.39 179.45 536.24 222.62 -10 -10 -10 -100    0 -1000 -1000 -10
18 8 pedestrian 0 0 -10 530.11 180.54 555.85 202.23 -10 -10 -10 -100    0 -1000 -1000 -10
18 7 pedestrian 0 0 -10 662.19 178.93 726.63 235.68 -10 -10 -10 -100    0 -1000 -1000 -10
18 6 pedestrian 0 0 -10 586.00 177.19 615.11 206.96 -10 -10 -10 -100    0 -1000 -1000 -10
18 5 pedestrian 0 0 -10 450.71 176.62 519.73 238.54 -10 -10 -10 -100    0 -1000 -1000 -10
18 4 pedestrian 0 0 -10 175.53 178.16 323.59 268.32 -10 -10 -10 -100    0 -1000 -1000 -10
18 3 pedestrian 0 0 -10 713.61 189.27 841.97 301.82 -10 -10 -10 -100    0 -1000 -1000 -10
18 2 pedestrian 0 0 -10 280.39 186.04 457.87 311.96 -10 -10 -10 -100    0 -1000 -1000 -10
18 1 pedestrian 0 0 -10 0.17 196.85 36.95 346.23 -10 -10 -10 -100    0 -1000 -1000 -10
19 14 pedestrian 0 0 -10 332.51 178.33 402.49 236.11 -10 -10 -10 -100    0 -1000 -1000 -10
19 13 pedestrian 0 0 -10 393.21 182.43 449.54 221.78 -10 -10 -10 -100    0 -1000 -1000 -10
19 12 pedestrian 0 0 -10 443.10 166.83 655.08 208.53 -10 -10 -10 -100    0 -1000 -1000 -10
19 11 pedestrian 0 0 -10 622.60 177.81 644.35 199.49 -10 -10 -10 -100    0 -1000 -1000 -10
19 10 pedestrian 0 0 -10 640.47 178.47 668.33 206.27 -10 -10 -10 -100    0 -1000 -1000 -10
19 9 pedestrian 0 0 -10 482.37 179.51 536.32 223.26 -10 -10 -10 -100    0 -1000 -1000 -10
19 8 pedestrian 0 0 -10 529.83 180.62 555.72 202.59 -10 -10 -10 -100    0 -1000 -1000 -10
19 7 pedestrian 0 0 -10 662.22 179.18 725.88 235.29 -10 -10 -10 -100    0 -1000 -1000 -10
19 6 pedestrian 0 0 -10 585.67 177.32 614.67 207.02 -10 -10 -10 -100    0 -1000 -1000 -10
19 5 pedestrian 0 0 -10 450.13 176.76 519.52 239.15 -10 -10 -10 -100    0 -1000 -1000 -10
19 4 pedestrian 0 0 -10 167.20 178.38 319.67 270.29 -10 -10 -10 -100    0 -1000 -1000 -10
19 3 pedestrian 0 0 -10 714.39 189.34 842.70 301.24 -10 -10 -10 -100    0 -1000 -1000 -10
19 2 pedestrian 0 0 -10 278.04 186.47 456.42 313.26 -10 -10 -10 -100    0 -1000 -1000 -10
20 14 pedestrian 0 0 -10 329.22 177.83 400.91 236.80 -10 -10 -10 -100    0 -1000 -1000 -10
20 13 pedestrian 0 0 -10 392.14 182.27 449.20 222.64 -10 -10 -10 -100    0 -1000 -1000 -10
20 12 pedestrian 0 0 -10 443.28 166.88 655.15 208.51 -10 -10 -10 -100    0 -1000 -1000 -10
20 11 pedestrian 0 0 -10 621.68 177.81 644.43 199.90 -10 -10 -10 -100    0 -1000 -1000 -10
20 10 pedestrian 0 0 -10 639.96 178.45 667.86 205.74 -10 -10 -10 -100    0 -1000 -1000 -10
20 9 pedestrian 0 0 -10 482.40 179.58 536.48 223.56 -10 -10 -10 -100    0 -1000 -1000 -10
20 8 pedestrian 0 0 -10 529.29 180.61 555.41 202.86 -10 -10 -10 -100    0 -1000 -1000 -10
20 7 pedestrian 0 0 -10 662.27 179.47 724.95 234.86 -10 -10 -10 -100    0 -1000 -1000 -10
20 6 pedestrian 0 0 -10 585.69 177.39 614.50 206.82 -10 -10 -10 -100    0 -1000 -1000 -10
20 5 pedestrian 0 0 -10 449.35 177.01 519.29 239.56 -10 -10 -10 -100    0 -1000 -1000 -10
20 4 pedestrian 0 0 -10 158.38 178.37 315.14 271.87 -10 -10 -10 -100    0 -1000 -1000 -10
20 3 pedestrian 0 0 -10 714.33 189.32 842.96 300.50 -10 -10 -10 -100    0 -1000 -1000 -10
20 2 pedestrian 0 0 -10 275.76 186.95 455.93 314.67 -10 -10 -10 -100    0 -1000 -1000 -10
21 14 pedestrian 0 0 -10 327.42 177.93 399.06 237.23 -10 -10 -10 -100    0 -1000 -1000 -10
21 13 pedestrian 0 0 -10 391.74 182.31 448.50 222.39 -10 -10 -10 -100    0 -1000 -1000 -10
21 12 pedestrian 0 0 -10 444.90 166.89 654.68 208.37 -10 -10 -10 -100    0 -1000 -1000 -10
21 11 pedestrian 0 0 -10 621.56 177.82 644.21 199.51 -10 -10 -10 -100    0 -1000 -1000 -10
21 10 pedestrian 0 0 -10 638.48 178.83 666.95 206.15 -10 -10 -10 -100    0 -1000 -1000 -10
21 9 pedestrian 0 0 -10 482.64 179.39 536.88 223.44 -10 -10 -10 -100    0 -1000 -1000 -10
21 8 pedestrian 0 0 -10 529.28 180.46 555.21 202.74 -10 -10 -10 -100    0 -1000 -1000 -10
21 7 pedestrian 0 0 -10 662.13 179.51 724.93 234.59 -10 -10 -10 -100    0 -1000 -1000 -10
21 6 pedestrian 0 0 -10 585.76 177.30 614.45 206.67 -10 -10 -10 -100    0 -1000 -1000 -10
21 5 pedestrian 0 0 -10 448.84 177.27 518.93 239.86 -10 -10 -10 -100    0 -1000 -1000 -10
21 4 pedestrian 0 0 -10 150.81 178.45 312.84 273.73 -10 -10 -10 -100    0 -1000 -1000 -10
21 3 pedestrian 0 0 -10 714.70 189.12 842.72 300.12 -10 -10 -10 -100    0 -1000 -1000 -10
21 2 pedestrian 0 0 -10 273.66 187.35 455.45 315.55 -10 -10 -10 -100    0 -1000 -1000 -10
22 14 pedestrian 0 0 -10 323.93 177.92 397.22 238.24 -10 -10 -10 -100    0 -1000 -1000 -10
22 13 pedestrian 0 0 -10 390.91 182.44 448.29 222.96 -10 -10 -10 -100    0 -1000 -1000 -10
22 12 pedestrian 0 0 -10 448.19 166.87 653.10 207.73 -10 -10 -10 -100    0 -1000 -1000 -10
22 11 pedestrian 0 0 -10 621.53 177.99 643.75 199.43 -10 -10 -10 -100    0 -1000 -1000 -10
22 10 pedestrian 0 0 -10 637.81 178.93 665.88 206.16 -10 -10 -10 -100    0 -1000 -1000 -10
22 9 pedestrian 0 0 -10 482.53 179.53 536.39 223.84 -10 -10 -10 -100    0 -1000 -1000 -10
22 8 pedestrian 0 0 -10 528.90 180.37 555.01 202.89 -10 -10 -10 -100    0 -1000 -1000 -10
22 7 pedestrian 0 0 -10 661.12 179.51 723.91 234.31 -10 -10 -10 -100    0 -1000 -1000 -10
22 6 pedestrian 0 0 -10 585.61 177.21 614.08 206.59 -10 -10 -10 -100    0 -1000 -1000 -10
22 5 pedestrian 0 0 -10 448.76 177.56 518.84 240.30 -10 -10 -10 -100    0 -1000 -1000 -10
22 4 pedestrian 0 0 -10 142.36 178.65 307.11 276.22 -10 -10 -10 -100    0 -1000 -1000 -10
22 3 pedestrian 0 0 -10 714.67 189.06 842.55 299.24 -10 -10 -10 -100    0 -1000 -1000 -10
22 2 pedestrian 0 0 -10 271.25 187.38 455.18 317.34 -10 -10 -10 -100    0 -1000 -1000 -10
23 14 pedestrian 0 0 -10 321.22 177.88 395.78 238.43 -10 -10 -10 -100    0 -1000 -1000 -10
23 13 pedestrian 0 0 -10 389.90 182.54 447.37 222.95 -10 -10 -10 -100    0 -1000 -1000 -10
23 12 pedestrian 0 0 -10 447.38 166.96 652.21 207.30 -10 -10 -10 -100    0 -1000 -1000 -10
23 11 pedestrian 0 0 -10 621.30 178.19 643.23 199.40 -10 -10 -10 -100    0 -1000 -1000 -10
23 10 pedestrian 0 0 -10 636.69 179.29 664.04 205.89 -10 -10 -10 -100    0 -1000 -1000 -10
23 9 pedestrian 0 0 -10 482.24 179.83 536.32 223.79 -10 -10 -10 -100    0 -1000 -1000 -10
23 8 pedestrian 0 0 -10 529.03 180.44 555.26 203.10 -10 -10 -10 -100    0 -1000 -1000 -10
23 7 pedestrian 0 0 -10 660.15 179.73 723.23 233.97 -10 -10 -10 -100    0 -1000 -1000 -10
23 6 pedestrian 0 0 -10 585.37 177.20 613.52 206.50 -10 -10 -10 -100    0 -1000 -1000 -10
23 5 pedestrian 0 0 -10 447.69 177.68 518.43 240.52 -10 -10 -10 -100    0 -1000 -1000 -10
23 4 pedestrian 0 0 -10 132.53 178.92 302.22 278.52 -10 -10 -10 -100    0 -1000 -1000 -10
23 3 pedestrian 0 0 -10 714.33 189.13 842.35 297.89 -10 -10 -10 -100    0 -1000 -1000 -10
23 2 pedestrian 0 0 -10 269.24 187.56 454.14 318.47 -10 -10 -10 -100    0 -1000 -1000 -10
24 14 pedestrian 0 0 -10 318.90 177.57 393.21 239.38 -10 -10 -10 -100    0 -1000 -1000 -10
24 13 pedestrian 0 0 -10 389.34 182.42 446.89 222.59 -10 -10 -10 -100    0 -1000 -1000 -10
24 12 pedestrian 0 0 -10 447.99 166.27 647.76 205.34 -10 -10 -10 -100    0 -1000 -1000 -10
24 11 pedestrian 0 0 -10 620.51 177.84 642.52 199.63 -10 -10 -10 -100    0 -1000 -1000 -10
24 10 pedestrian 0 0 -10 636.18 179.29 663.40 205.71 -10 -10 -10 -100    0 -1000 -1000 -10
24 9 pedestrian 0 0 -10 482.58 179.89 536.20 223.73 -10 -10 -10 -100    0 -1000 -1000 -10
24 8 pedestrian 0 0 -10 529.03 180.19 554.60 202.40 -10 -10 -10 -100    0 -1000 -1000 -10
24 7 pedestrian 0 0 -10 659.52 179.32 722.57 233.63 -10 -10 -10 -100    0 -1000 -1000 -10
24 6 pedestrian 0 0 -10 585.30 176.78 613.28 205.81 -10 -10 -10 -100    0 -1000 -1000 -10
24 5 pedestrian 0 0 -10 446.96 177.54 518.18 240.49 -10 -10 -10 -100    0 -1000 -1000 -10
24 4 pedestrian 0 0 -10 122.67 179.04 296.71 280.08 -10 -10 -10 -100    0 -1000 -1000 -10
24 3 pedestrian 0 0 -10 713.75 188.99 841.05 296.41 -10 -10 -10 -100    0 -1000 -1000 -10
24 2 pedestrian 0 0 -10 267.17 187.14 453.09 319.15 -10 -10 -10 -100    0 -1000 -1000 -10
25 14 pedestrian 0 0 -10 314.14 177.48 390.88 239.42 -10 -10 -10 -100    0 -1000 -1000 -10
25 13 pedestrian 0 0 -10 389.23 181.74 446.41 221.39 -10 -10 -10 -100    0 -1000 -1000 -10
25 12 pedestrian 0 0 -10 450.54 165.68 644.06 202.80 -10 -10 -10 -100    0 -1000 -1000 -10
25 11 pedestrian 0 0 -10 620.22 177.73 641.68 199.77 -10 -10 -10 -100    0 -1000 -1000 -10
25 10 pedestrian 0 0 -10 634.98 178.75 662.03 205.00 -10 -10 -10 -100    0 -1000 -1000 -10
25 9 pedestrian 0 0 -10 482.61 179.90 536.05 224.04 -10 -10 -10 -100    0 -1000 -1000 -10
25 8 pedestrian 0 0 -10 528.96 180.07 554.43 201.68 -10 -10 -10 -100    0 -1000 -1000 -10
25 7 pedestrian 0 0 -10 659.13 179.19 722.05 232.89 -10 -10 -10 -100    0 -1000 -1000 -10
25 6 pedestrian 0 0 -10 585.28 176.71 612.57 205.22 -10 -10 -10 -100    0 -1000 -1000 -10
25 5 pedestrian 0 0 -10 446.72 176.97 517.91 240.07 -10 -10 -10 -100    0 -1000 -1000 -10
25 4 pedestrian 0 0 -10 114.04 178.26 291.62 281.61 -10 -10 -10 -100    0 -1000 -1000 -10
25 3 pedestrian 0 0 -10 713.39 188.41 840.38 295.16 -10 -10 -10 -100    0 -1000 -1000 -10
25 2 pedestrian 0 0 -10 264.67 186.81 452.29 319.29 -10 -10 -10 -100    0 -1000 -1000 -10
26 14 pedestrian 0 0 -10 312.19 177.18 390.06 241.59 -10 -10 -10 -100    0 -1000 -1000 -10
26 13 pedestrian 0 0 -10 388.65 182.02 445.80 220.70 -10 -10 -10 -100    0 -1000 -1000 -10
26 12 pedestrian 0 0 -10 453.05 165.62 641.41 201.71 -10 -10 -10 -100    0 -1000 -1000 -10
26 11 pedestrian 0 0 -10 619.61 177.55 640.19 199.56 -10 -10 -10 -100    0 -1000 -1000 -10
26 10 pedestrian 0 0 -10 634.69 178.82 661.37 204.88 -10 -10 -10 -100    0 -1000 -1000 -10
26 9 pedestrian 0 0 -10 483.36 180.34 536.55 224.18 -10 -10 -10 -100    0 -1000 -1000 -10
26 8 pedestrian 0 0 -10 528.56 180.39 554.16 202.12 -10 -10 -10 -100    0 -1000 -1000 -10
26 7 pedestrian 0 0 -10 658.71 179.16 720.89 232.69 -10 -10 -10 -100    0 -1000 -1000 -10
26 6 pedestrian 0 0 -10 585.30 176.76 612.17 204.74 -10 -10 -10 -100    0 -1000 -1000 -10
26 5 pedestrian 0 0 -10 446.42 176.77 517.68 240.28 -10 -10 -10 -100    0 -1000 -1000 -10
26 4 pedestrian 0 0 -10 104.36 178.21 287.36 283.90 -10 -10 -10 -100    0 -1000 -1000 -10
26 3 pedestrian 0 0 -10 713.24 188.53 838.96 294.26 -10 -10 -10 -100    0 -1000 -1000 -10
26 2 pedestrian 0 0 -10 263.44 186.70 451.86 319.72 -10 -10 -10 -100    0 -1000 -1000 -10
27 14 pedestrian 0 0 -10 310.66 176.75 387.52 242.72 -10 -10 -10 -100    0 -1000 -1000 -10
27 13 pedestrian 0 0 -10 387.93 182.16 445.41 221.00 -10 -10 -10 -100    0 -1000 -1000 -10
27 12 pedestrian 0 0 -10 454.23 165.62 638.62 201.08 -10 -10 -10 -100    0 -1000 -1000 -10
27 11 pedestrian 0 0 -10 619.52 177.86 640.00 199.91 -10 -10 -10 -100    0 -1000 -1000 -10
27 10 pedestrian 0 0 -10 633.72 179.01 659.37 204.11 -10 -10 -10 -100    0 -1000 -1000 -10
27 9 pedestrian 0 0 -10 483.58 180.62 536.38 224.53 -10 -10 -10 -100    0 -1000 -1000 -10
27 8 pedestrian 0 0 -10 528.37 180.63 553.94 202.64 -10 -10 -10 -100    0 -1000 -1000 -10
27 7 pedestrian 0 0 -10 658.27 179.35 720.31 232.58 -10 -10 -10 -100    0 -1000 -1000 -10
27 6 pedestrian 0 0 -10 585.54 176.71 612.07 204.24 -10 -10 -10 -100    0 -1000 -1000 -10
27 5 pedestrian 0 0 -10 445.44 176.77 517.76 240.84 -10 -10 -10 -100    0 -1000 -1000 -10
27 4 pedestrian 0 0 -10 94.14 178.14 281.99 286.36 -10 -10 -10 -100    0 -1000 -1000 -10
27 3 pedestrian 0 0 -10 712.95 188.87 837.52 293.15 -10 -10 -10 -100    0 -1000 -1000 -10
27 2 pedestrian 0 0 -10 261.75 186.67 451.34 320.20 -10 -10 -10 -100    0 -1000 -1000 -10
28 18 pedestrian 0 0 -10 439.79 180.82 478.78 209.84 -10 -10 -10 -100    0 -1000 -1000 -10
28 14 pedestrian 0 0 -10 303.13 176.84 384.01 245.32 -10 -10 -10 -100    0 -1000 -1000 -10
28 13 pedestrian 0 0 -10 388.29 181.75 444.89 220.55 -10 -10 -10 -100    0 -1000 -1000 -10
28 12 pedestrian 0 0 -10 455.66 165.30 637.40 200.48 -10 -10 -10 -100    0 -1000 -1000 -10
28 11 pedestrian 0 0 -10 619.34 178.07 640.39 199.89 -10 -10 -10 -100    0 -1000 -1000 -10
28 10 pedestrian 0 0 -10 633.38 178.55 658.47 203.41 -10 -10 -10 -100    0 -1000 -1000 -10
28 9 pedestrian 0 0 -10 483.65 180.65 536.77 224.68 -10 -10 -10 -100    0 -1000 -1000 -10
28 8 pedestrian 0 0 -10 527.96 180.53 554.09 202.59 -10 -10 -10 -100    0 -1000 -1000 -10
28 7 pedestrian 0 0 -10 657.81 179.12 719.52 231.57 -10 -10 -10 -100    0 -1000 -1000 -10
28 6 pedestrian 0 0 -10 585.61 176.80 611.50 203.86 -10 -10 -10 -100    0 -1000 -1000 -10
28 5 pedestrian 0 0 -10 444.63 176.47 517.43 240.50 -10 -10 -10 -100    0 -1000 -1000 -10
28 4 pedestrian 0 0 -10 83.89 178.57 276.23 288.07 -10 -10 -10 -100    0 -1000 -1000 -10
28 3 pedestrian 0 0 -10 711.95 188.76 836.11 291.47 -10 -10 -10 -100    0 -1000 -1000 -10
28 2 pedestrian 0 0 -10 260.32 186.26 451.37 320.33 -10 -10 -10 -100    0 -1000 -1000 -10
29 18 pedestrian 0 0 -10 439.48 180.70 479.01 209.72 -10 -10 -10 -100    0 -1000 -1000 -10
29 14 pedestrian 0 0 -10 297.76 176.55 380.64 248.28 -10 -10 -10 -100    0 -1000 -1000 -10
29 13 pedestrian 0 0 -10 386.41 181.95 445.00 221.24 -10 -10 -10 -100    0 -1000 -1000 -10
29 12 pedestrian 0 0 -10 455.81 165.20 637.75 200.02 -10 -10 -10 -100    0 -1000 -1000 -10
29 11 pedestrian 0 0 -10 619.02 178.14 639.09 199.39 -10 -10 -10 -100    0 -1000 -1000 -10
29 10 pedestrian 0 0 -10 633.02 178.22 658.07 202.63 -10 -10 -10 -100    0 -1000 -1000 -10
29 9 pedestrian 0 0 -10 483.42 180.68 536.57 225.06 -10 -10 -10 -100    0 -1000 -1000 -10
29 8 pedestrian 0 0 -10 527.42 180.61 553.95 202.83 -10 -10 -10 -100    0 -1000 -1000 -10
29 7 pedestrian 0 0 -10 657.45 178.70 718.03 230.83 -10 -10 -10 -100    0 -1000 -1000 -10
29 6 pedestrian 0 0 -10 585.65 176.88 611.37 203.65 -10 -10 -10 -100    0 -1000 -1000 -10
29 5 pedestrian 0 0 -10 443.08 176.33 517.04 240.49 -10 -10 -10 -100    0 -1000 -1000 -10
29 4 pedestrian 0 0 -10 72.46 178.27 271.65 290.38 -10 -10 -10 -100    0 -1000 -1000 -10
29 3 pedestrian 0 0 -10 710.87 188.30 834.19 290.62 -10 -10 -10 -100    0 -1000 -1000 -10
29 2 pedestrian 0 0 -10 259.39 185.77 451.08 320.49 -10 -10 -10 -100    0 -1000 -1000 -10
30 18 pedestrian 0 0 -10 438.45 181.18 478.08 210.17 -10 -10 -10 -100    0 -1000 -1000 -10
30 14 pedestrian 0 0 -10 294.20 176.48 378.39 250.85 -10 -10 -10 -100    0 -1000 -1000 -10
30 13 pedestrian 0 0 -10 385.64 182.22 444.40 221.97 -10 -10 -10 -100    0 -1000 -1000 -10
30 12 pedestrian 0 0 -10 455.10 165.26 637.61 200.11 -10 -10 -10 -100    0 -1000 -1000 -10
30 11 pedestrian 0 0 -10 618.82 178.29 637.79 199.62 -10 -10 -10 -100    0 -1000 -1000 -10
30 10 pedestrian 0 0 -10 631.96 178.64 655.62 202.28 -10 -10 -10 -100    0 -1000 -1000 -10
30 9 pedestrian 0 0 -10 482.95 181.07 536.31 225.70 -10 -10 -10 -100    0 -1000 -1000 -10
30 8 pedestrian 0 0 -10 526.88 180.83 553.95 203.84 -10 -10 -10 -100    0 -1000 -1000 -10
30 7 pedestrian 0 0 -10 656.85 179.21 716.29 230.48 -10 -10 -10 -100    0 -1000 -1000 -10
30 6 pedestrian 0 0 -10 585.52 177.06 611.08 203.86 -10 -10 -10 -100    0 -1000 -1000 -10
30 5 pedestrian 0 0 -10 442.21 176.57 516.71 241.22 -10 -10 -10 -100    0 -1000 -1000 -10
30 4 pedestrian 0 0 -10 62.97 179.04 265.53 292.61 -10 -10 -10 -100    0 -1000 -1000 -10
30 3 pedestrian 0 0 -10 710.09 188.41 832.37 290.14 -10 -10 -10 -100    0 -1000 -1000 -10
30 2 pedestrian 0 0 -10 258.35 186.22 450.65 321.45 -10 -10 -10 -100    0 -1000 -1000 -10
31 19 pedestrian 0 0 -10 368.66 161.68 403.94 192.07 -10 -10 -10 -100    0 -1000 -1000 -10
31 18 pedestrian 0 0 -10 438.24 181.21 478.36 210.38 -10 -10 -10 -100    0 -1000 -1000 -10
31 14 pedestrian 0 0 -10 291.83 176.38 375.94 252.84 -10 -10 -10 -100    0 -1000 -1000 -10
31 13 pedestrian 0 0 -10 385.62 182.06 444.32 221.74 -10 -10 -10 -100    0 -1000 -1000 -10
31 12 pedestrian 0 0 -10 454.12 165.13 637.97 199.94 -10 -10 -10 -100    0 -1000 -1000 -10
31 11 pedestrian 0 0 -10 619.15 178.25 637.45 199.44 -10 -10 -10 -100    0 -1000 -1000 -10
31 10 pedestrian 0 0 -10 630.45 178.95 653.90 202.19 -10 -10 -10 -100    0 -1000 -1000 -10
31 9 pedestrian 0 0 -10 482.44 181.11 535.87 225.81 -10 -10 -10 -100    0 -1000 -1000 -10
31 8 pedestrian 0 0 -10 526.79 180.99 554.09 204.17 -10 -10 -10 -100    0 -1000 -1000 -10
31 7 pedestrian 0 0 -10 656.10 179.44 715.06 229.97 -10 -10 -10 -100    0 -1000 -1000 -10
31 6 pedestrian 0 0 -10 585.41 177.12 610.74 203.79 -10 -10 -10 -100    0 -1000 -1000 -10
31 5 pedestrian 0 0 -10 441.53 176.64 516.00 241.37 -10 -10 -10 -100    0 -1000 -1000 -10
31 4 pedestrian 0 0 -10 51.19 178.89 260.04 295.59 -10 -10 -10 -100    0 -1000 -1000 -10
31 3 pedestrian 0 0 -10 709.02 188.47 829.68 289.05 -10 -10 -10 -100    0 -1000 -1000 -10
31 2 pedestrian 0 0 -10 256.83 186.33 450.50 322.00 -10 -10 -10 -100    0 -1000 -1000 -10
32 19 pedestrian 0 0 -10 354.65 162.84 392.68 192.67 -10 -10 -10 -100    0 -1000 -1000 -10
32 18 pedestrian 0 0 -10 437.98 181.20 478.15 210.51 -10 -10 -10 -100    0 -1000 -1000 -10
32 14 pedestrian 0 0 -10 286.89 177.46 372.63 257.53 -10 -10 -10 -100    0 -1000 -1000 -10
32 13 pedestrian 0 0 -10 385.28 182.09 443.78 222.11 -10 -10 -10 -100    0 -1000 -1000 -10
32 12 pedestrian 0 0 -10 454.05 164.86 638.07 199.63 -10 -10 -10 -100    0 -1000 -1000 -10
32 11 pedestrian 0 0 -10 619.52 178.08 636.98 199.17 -10 -10 -10 -100    0 -1000 -1000 -10
32 10 pedestrian 0 0 -10 629.86 178.78 652.98 201.70 -10 -10 -10 -100    0 -1000 -1000 -10
32 9 pedestrian 0 0 -10 482.31 181.12 535.68 225.81 -10 -10 -10 -100    0 -1000 -1000 -10
32 8 pedestrian 0 0 -10 526.36 180.74 554.03 203.67 -10 -10 -10 -100    0 -1000 -1000 -10
32 7 pedestrian 0 0 -10 655.61 178.88 714.14 229.21 -10 -10 -10 -100    0 -1000 -1000 -10
32 6 pedestrian 0 0 -10 585.33 177.22 610.24 203.52 -10 -10 -10 -100    0 -1000 -1000 -10
32 5 pedestrian 0 0 -10 440.87 176.64 515.58 241.48 -10 -10 -10 -100    0 -1000 -1000 -10
32 4 pedestrian 0 0 -10 39.82 178.87 255.39 297.28 -10 -10 -10 -100    0 -1000 -1000 -10
32 3 pedestrian 0 0 -10 707.71 188.19 827.36 287.06 -10 -10 -10 -100    0 -1000 -1000 -10
32 2 pedestrian 0 0 -10 255.37 186.28 450.16 322.41 -10 -10 -10 -100    0 -1000 -1000 -10
33 19 pedestrian 0 0 -10 340.19 161.47 381.97 191.61 -10 -10 -10 -100    0 -1000 -1000 -10
33 18 pedestrian 0 0 -10 437.29 181.27 477.96 210.85 -10 -10 -10 -100    0 -1000 -1000 -10
33 14 pedestrian 0 0 -10 283.68 179.16 373.17 260.33 -10 -10 -10 -100    0 -1000 -1000 -10
33 13 pedestrian 0 0 -10 384.61 182.20 443.25 222.21 -10 -10 -10 -100    0 -1000 -1000 -10
33 12 pedestrian 0 0 -10 454.11 164.61 638.57 199.66 -10 -10 -10 -100    0 -1000 -1000 -10
33 11 pedestrian 0 0 -10 618.14 178.04 637.17 198.85 -10 -10 -10 -100    0 -1000 -1000 -10
33 10 pedestrian 0 0 -10 628.59 178.97 652.34 201.86 -10 -10 -10 -100    0 -1000 -1000 -10
33 9 pedestrian 0 0 -10 481.80 181.28 535.34 226.19 -10 -10 -10 -100    0 -1000 -1000 -10
33 8 pedestrian 0 0 -10 526.48 180.82 554.05 203.93 -10 -10 -10 -100    0 -1000 -1000 -10
33 7 pedestrian 0 0 -10 654.58 179.20 712.65 228.64 -10 -10 -10 -100    0 -1000 -1000 -10
33 6 pedestrian 0 0 -10 585.54 177.26 610.34 203.56 -10 -10 -10 -100    0 -1000 -1000 -10
33 5 pedestrian 0 0 -10 439.72 176.65 514.89 241.79 -10 -10 -10 -100    0 -1000 -1000 -10
33 4 pedestrian 0 0 -10 27.59 178.59 250.41 299.45 -10 -10 -10 -100    0 -1000 -1000 -10
33 3 pedestrian 0 0 -10 706.41 188.19 825.11 285.73 -10 -10 -10 -100    0 -1000 -1000 -10
33 2 pedestrian 0 0 -10 254.48 186.79 449.91 322.85 -10 -10 -10 -100    0 -1000 -1000 -10
34 19 pedestrian 0 0 -10 321.75 161.48 368.23 193.57 -10 -10 -10 -100    0 -1000 -1000 -10
34 18 pedestrian 0 0 -10 436.80 181.52 478.23 211.37 -10 -10 -10 -100    0 -1000 -1000 -10
34 14 pedestrian 0 0 -10 281.10 179.76 373.47 262.26 -10 -10 -10 -100    0 -1000 -1000 -10
34 13 pedestrian 0 0 -10 383.59 182.58 442.79 222.97 -10 -10 -10 -100    0 -1000 -1000 -10
34 12 pedestrian 0 0 -10 453.87 164.83 638.13 200.11 -10 -10 -10 -100    0 -1000 -1000 -10
34 11 pedestrian 0 0 -10 616.44 178.72 635.56 198.37 -10 -10 -10 -100    0 -1000 -1000 -10
34 10 pedestrian 0 0 -10 627.82 179.69 651.22 202.26 -10 -10 -10 -100    0 -1000 -1000 -10
34 9 pedestrian 0 0 -10 481.69 181.70 535.52 226.82 -10 -10 -10 -100    0 -1000 -1000 -10
34 8 pedestrian 0 0 -10 525.70 181.11 553.95 205.13 -10 -10 -10 -100    0 -1000 -1000 -10
34 7 pedestrian 0 0 -10 654.31 179.66 711.69 228.67 -10 -10 -10 -100    0 -1000 -1000 -10
34 6 pedestrian 0 0 -10 585.52 178.04 610.16 204.54 -10 -10 -10 -100    0 -1000 -1000 -10
34 5 pedestrian 0 0 -10 439.03 177.22 514.76 242.59 -10 -10 -10 -100    0 -1000 -1000 -10
34 4 pedestrian 0 0 -10 15.67 179.19 243.54 302.74 -10 -10 -10 -100    0 -1000 -1000 -10
34 3 pedestrian 0 0 -10 705.12 188.86 822.73 285.05 -10 -10 -10 -100    0 -1000 -1000 -10
34 2 pedestrian 0 0 -10 253.33 187.16 449.40 324.46 -10 -10 -10 -100    0 -1000 -1000 -10
35 19 pedestrian 0 0 -10 302.28 161.71 355.20 197.33 -10 -10 -10 -100    0 -1000 -1000 -10
35 18 pedestrian 0 0 -10 436.91 182.93 478.27 213.33 -10 -10 -10 -100    0 -1000 -1000 -10
35 14 pedestrian 0 0 -10 282.36 180.51 374.03 263.57 -10 -10 -10 -100    0 -1000 -1000 -10
35 13 pedestrian 0 0 -10 382.99 183.39 442.23 224.32 -10 -10 -10 -100    0 -1000 -1000 -10
35 12 pedestrian 0 0 -10 455.71 165.30 638.28 200.64 -10 -10 -10 -100    0 -1000 -1000 -10
35 10 pedestrian 0 0 -10 627.78 180.48 650.74 202.66 -10 -10 -10 -100    0 -1000 -1000 -10
35 9 pedestrian 0 0 -10 482.28 182.41 535.60 227.38 -10 -10 -10 -100    0 -1000 -1000 -10
35 8 pedestrian 0 0 -10 528.05 181.81 554.97 205.08 -10 -10 -10 -100    0 -1000 -1000 -10
35 7 pedestrian 0 0 -10 653.56 180.26 710.47 228.88 -10 -10 -10 -100    0 -1000 -1000 -10
35 6 pedestrian 0 0 -10 585.52 178.43 610.63 205.38 -10 -10 -10 -100    0 -1000 -1000 -10
35 5 pedestrian 0 0 -10 438.57 178.16 514.17 243.48 -10 -10 -10 -100    0 -1000 -1000 -10
35 4 pedestrian 0 0 -10 1.91 179.81 237.85 306.14 -10 -10 -10 -100    0 -1000 -1000 -10
35 3 pedestrian 0 0 -10 703.74 189.50 820.90 284.46 -10 -10 -10 -100    0 -1000 -1000 -10
35 2 pedestrian 0 0 -10 252.43 188.27 448.05 325.87 -10 -10 -10 -100    0 -1000 -1000 -10
36 20 pedestrian 0 0 -10 509.35 183.40 538.93 215.39 -10 -10 -10 -100    0 -1000 -1000 -10
36 19 pedestrian 0 0 -10 286.39 160.10 339.77 198.04 -10 -10 -10 -100    0 -1000 -1000 -10
36 18 pedestrian 0 0 -10 436.71 183.57 478.38 214.13 -10 -10 -10 -100    0 -1000 -1000 -10
36 14 pedestrian 0 0 -10 281.11 180.20 374.69 264.70 -10 -10 -10 -100    0 -1000 -1000 -10
36 13 pedestrian 0 0 -10 383.43 183.81 442.06 224.97 -10 -10 -10 -100    0 -1000 -1000 -10
36 12 pedestrian 0 0 -10 456.61 165.51 637.74 200.66 -10 -10 -10 -100    0 -1000 -1000 -10
36 10 pedestrian 0 0 -10 627.03 180.34 649.41 202.58 -10 -10 -10 -100    0 -1000 -1000 -10
36 9 pedestrian 0 0 -10 481.83 182.79 535.41 227.66 -10 -10 -10 -100    0 -1000 -1000 -10
36 8 pedestrian 0 0 -10 527.54 181.87 555.20 205.59 -10 -10 -10 -100    0 -1000 -1000 -10
36 7 pedestrian 0 0 -10 652.74 180.42 709.27 228.58 -10 -10 -10 -100    0 -1000 -1000 -10
36 6 pedestrian 0 0 -10 585.26 178.93 610.15 206.25 -10 -10 -10 -100    0 -1000 -1000 -10
36 5 pedestrian 0 0 -10 438.00 178.72 513.89 244.61 -10 -10 -10 -100    0 -1000 -1000 -10
36 4 pedestrian 0 0 -10 0.00 180.27 231.99 309.56 -10 -10 -10 -100    0 -1000 -1000 -10
36 3 pedestrian 0 0 -10 702.68 189.65 818.98 283.64 -10 -10 -10 -100    0 -1000 -1000 -10
36 2 pedestrian 0 0 -10 250.51 188.23 448.31 327.37 -10 -10 -10 -100    0 -1000 -1000 -10
37 20 pedestrian 0 0 -10 509.37 183.55 538.95 215.96 -10 -10 -10 -100    0 -1000 -1000 -10
37 19 pedestrian 0 0 -10 264.84 159.16 322.33 194.31 -10 -10 -10 -100    0 -1000 -1000 -10
37 18 pedestrian 0 0 -10 436.35 183.75 478.26 214.42 -10 -10 -10 -100    0 -1000 -1000 -10
37 14 pedestrian 0 0 -10 281.50 179.97 374.31 265.51 -10 -10 -10 -100    0 -1000 -1000 -10
37 13 pedestrian 0 0 -10 383.26 183.84 441.85 224.56 -10 -10 -10 -100    0 -1000 -1000 -10
37 12 pedestrian 0 0 -10 457.05 165.50 636.99 200.78 -10 -10 -10 -100    0 -1000 -1000 -10
37 10 pedestrian 0 0 -10 626.86 180.53 648.56 202.49 -10 -10 -10 -100    0 -1000 -1000 -10
37 9 pedestrian 0 0 -10 481.63 182.98 535.69 228.03 -10 -10 -10 -100    0 -1000 -1000 -10
37 8 pedestrian 0 0 -10 527.16 182.03 555.35 206.26 -10 -10 -10 -100    0 -1000 -1000 -10
37 7 pedestrian 0 0 -10 652.71 180.70 708.05 228.11 -10 -10 -10 -100    0 -1000 -1000 -10
37 6 pedestrian 0 0 -10 585.41 179.22 610.00 206.23 -10 -10 -10 -100    0 -1000 -1000 -10
37 5 pedestrian 0 0 -10 437.72 179.01 514.03 245.39 -10 -10 -10 -100    0 -1000 -1000 -10
37 4 pedestrian 0 0 -10 0.00 180.42 227.02 313.49 -10 -10 -10 -100    0 -1000 -1000 -10
37 3 pedestrian 0 0 -10 701.71 189.66 817.18 282.72 -10 -10 -10 -100    0 -1000 -1000 -10
37 2 pedestrian 0 0 -10 248.08 188.94 447.70 328.60 -10 -10 -10 -100    0 -1000 -1000 -10
38 20 pedestrian 0 0 -10 510.38 183.61 539.59 214.95 -10 -10 -10 -100    0 -1000 -1000 -10
38 19 pedestrian 0 0 -10 236.71 156.63 300.97 194.56 -10 -10 -10 -100    0 -1000 -1000 -10
38 18 pedestrian 0 0 -10 436.16 183.70 478.24 214.62 -10 -10 -10 -100    0 -1000 -1000 -10
38 14 pedestrian 0 0 -10 281.70 179.94 373.60 264.93 -10 -10 -10 -100    0 -1000 -1000 -10
38 13 pedestrian 0 0 -10 382.30 183.92 441.70 224.92 -10 -10 -10 -100    0 -1000 -1000 -10
38 12 pedestrian 0 0 -10 457.08 165.33 637.01 200.65 -10 -10 -10 -100    0 -1000 -1000 -10
38 10 pedestrian 0 0 -10 626.04 180.67 647.10 202.26 -10 -10 -10 -100    0 -1000 -1000 -10
38 9 pedestrian 0 0 -10 481.44 183.09 535.56 228.30 -10 -10 -10 -100    0 -1000 -1000 -10
38 8 pedestrian 0 0 -10 526.74 182.14 555.18 206.57 -10 -10 -10 -100    0 -1000 -1000 -10
38 7 pedestrian 0 0 -10 652.96 180.82 706.75 227.67 -10 -10 -10 -100    0 -1000 -1000 -10
38 6 pedestrian 0 0 -10 586.02 179.42 610.30 206.32 -10 -10 -10 -100    0 -1000 -1000 -10
38 5 pedestrian 0 0 -10 437.06 179.20 513.77 246.09 -10 -10 -10 -100    0 -1000 -1000 -10
38 4 pedestrian 0 0 -10 0.00 180.67 220.44 317.12 -10 -10 -10 -100    0 -1000 -1000 -10
38 3 pedestrian 0 0 -10 700.99 189.74 814.20 281.61 -10 -10 -10 -100    0 -1000 -1000 -10
38 2 pedestrian 0 0 -10 246.07 189.45 446.59 329.33 -10 -10 -10 -100    0 -1000 -1000 -10
39 20 pedestrian 0 0 -10 510.71 183.71 540.49 214.50 -10 -10 -10 -100    0 -1000 -1000 -10
39 19 pedestrian 0 0 -10 200.19 156.05 276.71 201.75 -10 -10 -10 -100    0 -1000 -1000 -10
39 18 pedestrian 0 0 -10 436.57 183.91 478.68 215.12 -10 -10 -10 -100    0 -1000 -1000 -10
39 14 pedestrian 0 0 -10 279.93 180.52 371.34 264.33 -10 -10 -10 -100    0 -1000 -1000 -10
39 13 pedestrian 0 0 -10 380.81 184.21 441.35 225.37 -10 -10 -10 -100    0 -1000 -1000 -10
39 12 pedestrian 0 0 -10 457.68 165.72 636.28 200.88 -10 -10 -10 -100    0 -1000 -1000 -10
39 10 pedestrian 0 0 -10 625.84 180.93 646.94 202.48 -10 -10 -10 -100    0 -1000 -1000 -10
39 9 pedestrian 0 0 -10 481.55 183.28 535.59 228.60 -10 -10 -10 -100    0 -1000 -1000 -10
39 8 pedestrian 0 0 -10 526.14 182.45 554.88 207.11 -10 -10 -10 -100    0 -1000 -1000 -10
39 7 pedestrian 0 0 -10 652.11 181.02 705.99 227.26 -10 -10 -10 -100    0 -1000 -1000 -10
39 6 pedestrian 0 0 -10 586.33 179.95 610.70 206.72 -10 -10 -10 -100    0 -1000 -1000 -10
39 5 pedestrian 0 0 -10 436.31 179.75 513.78 247.00 -10 -10 -10 -100    0 -1000 -1000 -10
39 4 pedestrian 0 0 -10 0.00 181.40 212.74 320.37 -10 -10 -10 -100    0 -1000 -1000 -10
39 3 pedestrian 0 0 -10 700.31 189.84 812.33 281.09 -10 -10 -10 -100    0 -1000 -1000 -10
39 2 pedestrian 0 0 -10 244.02 189.82 446.07 330.45 -10 -10 -10 -100    0 -1000 -1000 -10
40 20 pedestrian 0 0 -10 509.99 183.88 539.85 214.83 -10 -10 -10 -100    0 -1000 -1000 -10
40 19 pedestrian 0 0 -10 153.84 154.47 246.97 209.64 -10 -10 -10 -100    0 -1000 -1000 -10
40 18 pedestrian 0 0 -10 436.21 184.54 477.96 215.34 -10 -10 -10 -100    0 -1000 -1000 -10
40 14 pedestrian 0 0 -10 275.58 183.46 371.08 261.30 -10 -10 -10 -100    0 -1000 -1000 -10
40 13 pedestrian 0 0 -10 380.55 184.74 441.58 226.14 -10 -10 -10 -100    0 -1000 -1000 -10
40 12 pedestrian 0 0 -10 458.13 165.88 637.10 201.02 -10 -10 -10 -100    0 -1000 -1000 -10
40 10 pedestrian 0 0 -10 625.82 181.23 646.07 202.64 -10 -10 -10 -100    0 -1000 -1000 -10
40 9 pedestrian 0 0 -10 481.56 183.36 535.66 228.80 -10 -10 -10 -100    0 -1000 -1000 -10
40 8 pedestrian 0 0 -10 526.84 183.08 555.40 206.87 -10 -10 -10 -100    0 -1000 -1000 -10
40 7 pedestrian 0 0 -10 651.77 181.32 704.79 226.71 -10 -10 -10 -100    0 -1000 -1000 -10
40 6 pedestrian 0 0 -10 586.32 180.30 610.76 207.05 -10 -10 -10 -100    0 -1000 -1000 -10
40 5 pedestrian 0 0 -10 435.30 180.58 513.94 247.82 -10 -10 -10 -100    0 -1000 -1000 -10
40 4 pedestrian 0 0 -10 0.00 181.82 205.45 324.32 -10 -10 -10 -100    0 -1000 -1000 -10
40 3 pedestrian 0 0 -10 699.67 190.05 811.05 280.39 -10 -10 -10 -100    0 -1000 -1000 -10
40 2 pedestrian 0 0 -10 241.31 190.07 446.23 331.54 -10 -10 -10 -100    0 -1000 -1000 -10
41 20 pedestrian 0 0 -10 510.44 184.07 539.77 214.61 -10 -10 -10 -100    0 -1000 -1000 -10
41 19 pedestrian 0 0 -10 104.30 153.55 213.23 213.07 -10 -10 -10 -100    0 -1000 -1000 -10
41 18 pedestrian 0 0 -10 436.76 184.69 478.07 215.45 -10 -10 -10 -100    0 -1000 -1000 -10
41 14 pedestrian 0 0 -10 269.21 185.31 371.61 255.39 -10 -10 -10 -100    0 -1000 -1000 -10
41 13 pedestrian 0 0 -10 380.31 185.06 441.93 226.72 -10 -10 -10 -100    0 -1000 -1000 -10
41 12 pedestrian 0 0 -10 457.82 166.04 637.76 200.79 -10 -10 -10 -100    0 -1000 -1000 -10
41 10 pedestrian 0 0 -10 626.19 181.88 646.28 202.72 -10 -10 -10 -100    0 -1000 -1000 -10
41 9 pedestrian 0 0 -10 481.23 183.29 535.83 229.13 -10 -10 -10 -100    0 -1000 -1000 -10
41 8 pedestrian 0 0 -10 528.33 183.83 555.44 206.92 -10 -10 -10 -100    0 -1000 -1000 -10
41 7 pedestrian 0 0 -10 651.93 181.55 704.16 226.65 -10 -10 -10 -100    0 -1000 -1000 -10
41 6 pedestrian 0 0 -10 586.83 180.41 611.41 207.16 -10 -10 -10 -100    0 -1000 -1000 -10
41 5 pedestrian 0 0 -10 434.68 180.66 513.87 248.38 -10 -10 -10 -100    0 -1000 -1000 -10
41 4 pedestrian 0 0 -10 0.00 182.01 198.68 328.11 -10 -10 -10 -100    0 -1000 -1000 -10
41 3 pedestrian 0 0 -10 699.10 190.13 809.84 279.53 -10 -10 -10 -100    0 -1000 -1000 -10
41 2 pedestrian 0 0 -10 237.99 190.14 445.38 333.22 -10 -10 -10 -100    0 -1000 -1000 -10
42 20 pedestrian 0 0 -10 510.94 183.97 540.80 214.05 -10 -10 -10 -100    0 -1000 -1000 -10
42 18 pedestrian 0 0 -10 436.06 184.47 477.41 215.61 -10 -10 -10 -100    0 -1000 -1000 -10
42 14 pedestrian 0 0 -10 268.14 186.06 373.71 251.58 -10 -10 -10 -100    0 -1000 -1000 -10
42 13 pedestrian 0 0 -10 379.96 185.21 441.77 226.96 -10 -10 -10 -100    0 -1000 -1000 -10
42 12 pedestrian 0 0 -10 457.70 165.87 637.88 200.61 -10 -10 -10 -100    0 -1000 -1000 -10
42 10 pedestrian 0 0 -10 625.86 182.08 645.54 202.86 -10 -10 -10 -100    0 -1000 -1000 -10
42 9 pedestrian 0 0 -10 481.25 183.34 535.72 229.43 -10 -10 -10 -100    0 -1000 -1000 -10
42 8 pedestrian 0 0 -10 529.01 183.66 556.41 206.89 -10 -10 -10 -100    0 -1000 -1000 -10
42 7 pedestrian 0 0 -10 651.92 181.77 703.74 226.48 -10 -10 -10 -100    0 -1000 -1000 -10
42 6 pedestrian 0 0 -10 587.12 180.49 611.49 207.15 -10 -10 -10 -100    0 -1000 -1000 -10
42 5 pedestrian 0 0 -10 434.13 180.86 514.07 249.13 -10 -10 -10 -100    0 -1000 -1000 -10
42 4 pedestrian 0 0 -10 0.00 182.63 190.67 332.13 -10 -10 -10 -100    0 -1000 -1000 -10
42 3 pedestrian 0 0 -10 698.67 190.27 808.86 278.95 -10 -10 -10 -100    0 -1000 -1000 -10
42 2 pedestrian 0 0 -10 235.15 190.06 444.79 335.22 -10 -10 -10 -100    0 -1000 -1000 -10
43 21 pedestrian 0 0 -10 514.00 183.75 546.74 213.01 -10 -10 -10 -100    0 -1000 -1000 -10
43 20 pedestrian 0 0 -10 510.00 184.23 540.45 214.87 -10 -10 -10 -100    0 -1000 -1000 -10
43 18 pedestrian 0 0 -10 435.33 184.47 476.75 215.96 -10 -10 -10 -100    0 -1000 -1000 -10
43 14 pedestrian 0 0 -10 267.25 186.15 373.06 252.68 -10 -10 -10 -100    0 -1000 -1000 -10
43 13 pedestrian 0 0 -10 379.95 185.43 441.64 227.05 -10 -10 -10 -100    0 -1000 -1000 -10
43 12 pedestrian 0 0 -10 458.36 165.45 637.10 200.77 -10 -10 -10 -100    0 -1000 -1000 -10
43 10 pedestrian 0 0 -10 625.83 182.07 645.26 202.97 -10 -10 -10 -100    0 -1000 -1000 -10
43 9 pedestrian 0 0 -10 481.24 183.72 536.32 229.97 -10 -10 -10 -100    0 -1000 -1000 -10
43 8 pedestrian 0 0 -10 529.78 183.63 557.27 206.94 -10 -10 -10 -100    0 -1000 -1000 -10
43 7 pedestrian 0 0 -10 651.23 182.10 703.21 225.96 -10 -10 -10 -100    0 -1000 -1000 -10
43 6 pedestrian 0 0 -10 587.29 180.90 611.24 207.28 -10 -10 -10 -100    0 -1000 -1000 -10
43 5 pedestrian 0 0 -10 433.54 181.11 514.06 250.12 -10 -10 -10 -100    0 -1000 -1000 -10
43 4 pedestrian 0 0 -10 0.00 184.14 182.02 335.62 -10 -10 -10 -100    0 -1000 -1000 -10
43 3 pedestrian 0 0 -10 698.29 190.51 808.43 278.95 -10 -10 -10 -100    0 -1000 -1000 -10
43 2 pedestrian 0 0 -10 231.24 190.25 443.89 337.30 -10 -10 -10 -100    0 -1000 -1000 -10
44 21 pedestrian 0 0 -10 513.24 184.04 546.30 214.29 -10 -10 -10 -100    0 -1000 -1000 -10
44 18 pedestrian 0 0 -10 434.93 184.70 476.45 216.41 -10 -10 -10 -100    0 -1000 -1000 -10
44 16 pedestrian 0 0 -10 0.00 143.83 43.50 225.03 -10 -10 -10 -100    0 -1000 -1000 -10
44 14 pedestrian 0 0 -10 264.78 186.62 373.09 253.84 -10 -10 -10 -100    0 -1000 -1000 -10
44 13 pedestrian 0 0 -10 380.54 185.78 442.37 227.92 -10 -10 -10 -100    0 -1000 -1000 -10
44 12 pedestrian 0 0 -10 458.30 165.36 635.66 200.45 -10 -10 -10 -100    0 -1000 -1000 -10
44 10 pedestrian 0 0 -10 625.96 182.62 645.24 203.28 -10 -10 -10 -100    0 -1000 -1000 -10
44 9 pedestrian 0 0 -10 480.76 183.96 536.60 230.64 -10 -10 -10 -100    0 -1000 -1000 -10
44 8 pedestrian 0 0 -10 529.47 183.92 557.17 207.34 -10 -10 -10 -100    0 -1000 -1000 -10
44 7 pedestrian 0 0 -10 651.38 182.58 701.94 225.73 -10 -10 -10 -100    0 -1000 -1000 -10
44 6 pedestrian 0 0 -10 587.06 181.62 611.60 207.47 -10 -10 -10 -100    0 -1000 -1000 -10
44 5 pedestrian 0 0 -10 433.18 181.65 514.03 250.96 -10 -10 -10 -100    0 -1000 -1000 -10
44 4 pedestrian 0 0 -10 0.00 183.30 175.68 339.93 -10 -10 -10 -100    0 -1000 -1000 -10
44 3 pedestrian 0 0 -10 698.00 190.78 807.69 278.76 -10 -10 -10 -100    0 -1000 -1000 -10
44 2 pedestrian 0 0 -10 227.60 190.53 443.09 339.85 -10 -10 -10 -100    0 -1000 -1000 -10
45 21 pedestrian 0 0 -10 512.10 184.50 546.49 215.62 -10 -10 -10 -100    0 -1000 -1000 -10
45 18 pedestrian 0 0 -10 435.42 184.82 477.01 216.43 -10 -10 -10 -100    0 -1000 -1000 -10
45 14 pedestrian 0 0 -10 264.35 187.18 374.50 254.46 -10 -10 -10 -100    0 -1000 -1000 -10
45 13 pedestrian 0 0 -10 380.34 186.10 442.37 228.79 -10 -10 -10 -100    0 -1000 -1000 -10
45 12 pedestrian 0 0 -10 458.40 165.43 635.91 200.49 -10 -10 -10 -100    0 -1000 -1000 -10
45 10 pedestrian 0 0 -10 626.37 183.32 645.20 203.07 -10 -10 -10 -100    0 -1000 -1000 -10
45 9 pedestrian 0 0 -10 480.14 184.20 536.90 231.28 -10 -10 -10 -100    0 -1000 -1000 -10
45 8 pedestrian 0 0 -10 529.21 184.44 557.52 208.37 -10 -10 -10 -100    0 -1000 -1000 -10
45 7 pedestrian 0 0 -10 651.15 182.83 701.45 225.62 -10 -10 -10 -100    0 -1000 -1000 -10
45 6 pedestrian 0 0 -10 586.95 181.79 612.12 207.63 -10 -10 -10 -100    0 -1000 -1000 -10
45 5 pedestrian 0 0 -10 431.75 181.59 514.24 252.36 -10 -10 -10 -100    0 -1000 -1000 -10
45 4 pedestrian 0 0 -10 0.00 183.24 167.29 341.78 -10 -10 -10 -100    0 -1000 -1000 -10
45 3 pedestrian 0 0 -10 697.81 191.13 807.72 278.34 -10 -10 -10 -100    0 -1000 -1000 -10
45 2 pedestrian 0 0 -10 221.35 190.83 442.41 343.08 -10 -10 -10 -100    0 -1000 -1000 -10
46 22 pedestrian 0 0 -10 477.49 175.59 513.13 203.76 -10 -10 -10 -100    0 -1000 -1000 -10
46 21 pedestrian 0 0 -10 514.40 184.52 548.01 214.52 -10 -10 -10 -100    0 -1000 -1000 -10
46 18 pedestrian 0 0 -10 435.59 185.35 477.17 217.08 -10 -10 -10 -100    0 -1000 -1000 -10
46 14 pedestrian 0 0 -10 261.81 187.66 373.40 255.91 -10 -10 -10 -100    0 -1000 -1000 -10
46 13 pedestrian 0 0 -10 379.84 186.47 442.07 229.45 -10 -10 -10 -100    0 -1000 -1000 -10
46 12 pedestrian 0 0 -10 458.51 165.62 635.68 200.56 -10 -10 -10 -100    0 -1000 -1000 -10
46 10 pedestrian 0 0 -10 626.65 183.60 645.02 203.12 -10 -10 -10 -100    0 -1000 -1000 -10
46 9 pedestrian 0 0 -10 479.82 184.14 537.55 231.84 -10 -10 -10 -100    0 -1000 -1000 -10
46 8 pedestrian 0 0 -10 528.99 184.78 557.88 209.06 -10 -10 -10 -100    0 -1000 -1000 -10
46 7 pedestrian 0 0 -10 650.99 183.00 701.17 225.39 -10 -10 -10 -100    0 -1000 -1000 -10
46 6 pedestrian 0 0 -10 587.92 181.85 612.99 207.99 -10 -10 -10 -100    0 -1000 -1000 -10
46 5 pedestrian 0 0 -10 431.07 182.35 514.27 253.24 -10 -10 -10 -100    0 -1000 -1000 -10
46 4 pedestrian 0 0 -10 0.00 184.07 158.43 340.54 -10 -10 -10 -100    0 -1000 -1000 -10
46 3 pedestrian 0 0 -10 697.59 191.48 807.16 278.00 -10 -10 -10 -100    0 -1000 -1000 -10
46 2 pedestrian 0 0 -10 215.61 191.67 440.33 346.34 -10 -10 -10 -100    0 -1000 -1000 -10
47 22 pedestrian 0 0 -10 477.70 175.63 512.62 203.83 -10 -10 -10 -100    0 -1000 -1000 -10
47 21 pedestrian 0 0 -10 513.81 184.70 547.32 215.07 -10 -10 -10 -100    0 -1000 -1000 -10
47 18 pedestrian 0 0 -10 435.14 185.38 477.03 217.69 -10 -10 -10 -100    0 -1000 -1000 -10
47 14 pedestrian 0 0 -10 262.66 187.49 373.42 255.94 -10 -10 -10 -100    0 -1000 -1000 -10
47 13 pedestrian 0 0 -10 378.85 186.67 441.70 230.21 -10 -10 -10 -100    0 -1000 -1000 -10
47 12 pedestrian 0 0 -10 458.35 165.44 636.16 200.65 -10 -10 -10 -100    0 -1000 -1000 -10
47 10 pedestrian 0 0 -10 626.83 183.74 644.88 203.09 -10 -10 -10 -100    0 -1000 -1000 -10
47 9 pedestrian 0 0 -10 479.01 184.32 537.19 232.37 -10 -10 -10 -100    0 -1000 -1000 -10
47 8 pedestrian 0 0 -10 528.76 184.90 557.90 209.38 -10 -10 -10 -100    0 -1000 -1000 -10
47 7 pedestrian 0 0 -10 651.53 182.97 700.27 224.92 -10 -10 -10 -100    0 -1000 -1000 -10
47 6 pedestrian 0 0 -10 588.54 181.84 613.28 207.93 -10 -10 -10 -100    0 -1000 -1000 -10
47 5 pedestrian 0 0 -10 429.50 182.60 513.92 254.38 -10 -10 -10 -100    0 -1000 -1000 -10
47 4 pedestrian 0 0 -10 0.00 183.96 148.24 343.88 -10 -10 -10 -100    0 -1000 -1000 -10
47 3 pedestrian 0 0 -10 697.60 191.61 806.44 277.60 -10 -10 -10 -100    0 -1000 -1000 -10
47 2 pedestrian 0 0 -10 207.52 192.27 437.03 350.12 -10 -10 -10 -100    0 -1000 -1000 -10
48 22 pedestrian 0 0 -10 477.87 175.23 513.18 203.85 -10 -10 -10 -100    0 -1000 -1000 -10
48 21 pedestrian 0 0 -10 514.57 184.83 548.06 215.06 -10 -10 -10 -100    0 -1000 -1000 -10
48 18 pedestrian 0 0 -10 434.37 185.25 476.12 217.91 -10 -10 -10 -100    0 -1000 -1000 -10
48 14 pedestrian 0 0 -10 263.53 187.73 373.01 256.08 -10 -10 -10 -100    0 -1000 -1000 -10
48 13 pedestrian 0 0 -10 377.28 186.98 441.08 230.77 -10 -10 -10 -100    0 -1000 -1000 -10
48 12 pedestrian 0 0 -10 458.43 165.23 636.88 200.59 -10 -10 -10 -100    0 -1000 -1000 -10
48 10 pedestrian 0 0 -10 626.10 183.65 643.38 203.21 -10 -10 -10 -100    0 -1000 -1000 -10
48 9 pedestrian 0 0 -10 477.63 184.12 537.18 232.93 -10 -10 -10 -100    0 -1000 -1000 -10
48 8 pedestrian 0 0 -10 528.88 185.13 558.03 209.88 -10 -10 -10 -100    0 -1000 -1000 -10
48 7 pedestrian 0 0 -10 651.41 182.84 699.39 224.59 -10 -10 -10 -100    0 -1000 -1000 -10
48 6 pedestrian 0 0 -10 588.52 181.96 613.51 208.09 -10 -10 -10 -100    0 -1000 -1000 -10
48 5 pedestrian 0 0 -10 427.92 182.59 513.21 255.33 -10 -10 -10 -100    0 -1000 -1000 -10
48 4 pedestrian 0 0 -10 0.00 184.55 138.27 346.22 -10 -10 -10 -100    0 -1000 -1000 -10
48 3 pedestrian 0 0 -10 697.37 191.56 806.05 277.48 -10 -10 -10 -100    0 -1000 -1000 -10
48 2 pedestrian 0 0 -10 198.30 192.87 435.46 355.29 -10 -10 -10 -100    0 -1000 -1000 -10
49 21 pedestrian 0 0 -10 513.54 185.11 546.95 215.95 -10 -10 -10 -100    0 -1000 -1000 -10
49 18 pedestrian 0 0 -10 433.18 185.36 475.09 218.38 -10 -10 -10 -100    0 -1000 -1000 -10
49 14 pedestrian 0 0 -10 261.75 188.06 373.42 257.49 -10 -10 -10 -100    0 -1000 -1000 -10
49 13 pedestrian 0 0 -10 375.70 187.18 439.92 231.06 -10 -10 -10 -100    0 -1000 -1000 -10
49 12 pedestrian 0 0 -10 458.05 165.38 636.66 200.54 -10 -10 -10 -100    0 -1000 -1000 -10
49 10 pedestrian 0 0 -10 625.79 183.75 643.78 203.41 -10 -10 -10 -100    0 -1000 -1000 -10
49 9 pedestrian 0 0 -10 476.75 184.62 536.92 233.59 -10 -10 -10 -100    0 -1000 -1000 -10
49 8 pedestrian 0 0 -10 529.92 185.18 558.60 209.96 -10 -10 -10 -100    0 -1000 -1000 -10
49 7 pedestrian 0 0 -10 651.04 182.99 698.83 224.58 -10 -10 -10 -100    0 -1000 -1000 -10
49 6 pedestrian 0 0 -10 588.93 182.15 613.79 207.88 -10 -10 -10 -100    0 -1000 -1000 -10
49 5 pedestrian 0 0 -10 425.36 182.88 512.40 256.81 -10 -10 -10 -100    0 -1000 -1000 -10
49 4 pedestrian 0 0 -10 0.00 185.78 126.62 346.46 -10 -10 -10 -100    0 -1000 -1000 -10
49 3 pedestrian 0 0 -10 696.78 191.70 805.56 277.48 -10 -10 -10 -100    0 -1000 -1000 -10
49 2 pedestrian 0 0 -10 187.45 193.17 433.51 360.73 -10 -10 -10 -100    0 -1000 -1000 -10
49 22 pedestrian 0 0 -10 477.66 175.15 513.18 203.94 -10 -10 -10 -100    0 -1000 -1000 -10
50 18 pedestrian 0 0 -10 431.05 185.39 473.43 218.78 -10 -10 -10 -100    0 -1000 -1000 -10
50 21 pedestrian 0 0 -10 513.35 185.25 547.29 216.29 -10 -10 -10 -100    0 -1000 -1000 -10
50 14 pedestrian 0 0 -10 259.36 188.25 371.22 258.07 -10 -10 -10 -100    0 -1000 -1000 -10
50 13 pedestrian 0 0 -10 373.52 187.18 437.93 231.63 -10 -10 -10 -100    0 -1000 -1000 -10
50 12 pedestrian 0 0 -10 457.44 165.35 636.03 200.58 -10 -10 -10 -100    0 -1000 -1000 -10
50 10 pedestrian 0 0 -10 625.79 183.95 643.41 203.45 -10 -10 -10 -100    0 -1000 -1000 -10
50 9 pedestrian 0 0 -10 475.77 184.69 536.60 233.46 -10 -10 -10 -100    0 -1000 -1000 -10
50 8 pedestrian 0 0 -10 529.07 185.37 557.94 210.35 -10 -10 -10 -100    0 -1000 -1000 -10
50 7 pedestrian 0 0 -10 650.18 183.15 697.87 224.20 -10 -10 -10 -100    0 -1000 -1000 -10
50 6 pedestrian 0 0 -10 588.91 182.55 613.36 207.84 -10 -10 -10 -100    0 -1000 -1000 -10
50 5 pedestrian 0 0 -10 423.20 182.74 511.64 257.69 -10 -10 -10 -100    0 -1000 -1000 -10
50 4 pedestrian 0 0 -10 0.00 186.66 114.54 347.22 -10 -10 -10 -100    0 -1000 -1000 -10
50 3 pedestrian 0 0 -10 696.49 191.77 804.75 277.56 -10 -10 -10 -100    0 -1000 -1000 -10
50 2 pedestrian 0 0 -10 174.63 193.48 429.73 366.68 -10 -10 -10 -100    0 -1000 -1000 -10
50 22 pedestrian 0 0 -10 478.23 174.56 513.89 204.27 -10 -10 -10 -100    0 -1000 -1000 -10
51 18 pedestrian 0 0 -10 429.60 185.50 473.30 219.39 -10 -10 -10 -100    0 -1000 -1000 -10
51 21 pedestrian 0 0 -10 513.04 185.50 548.33 216.87 -10 -10 -10 -100    0 -1000 -1000 -10
51 14 pedestrian 0 0 -10 255.72 188.00 367.65 259.52 -10 -10 -10 -100    0 -1000 -1000 -10
51 13 pedestrian 0 0 -10 371.24 187.09 436.50 231.81 -10 -10 -10 -100    0 -1000 -1000 -10
51 12 pedestrian 0 0 -10 456.80 165.34 635.89 200.58 -10 -10 -10 -100    0 -1000 -1000 -10
51 10 pedestrian 0 0 -10 625.09 184.19 642.79 203.60 -10 -10 -10 -100    0 -1000 -1000 -10
51 9 pedestrian 0 0 -10 474.97 184.61 535.72 233.85 -10 -10 -10 -100    0 -1000 -1000 -10
51 8 pedestrian 0 0 -10 527.99 185.51 557.03 210.56 -10 -10 -10 -100    0 -1000 -1000 -10
51 7 pedestrian 0 0 -10 649.69 183.11 697.20 223.55 -10 -10 -10 -100    0 -1000 -1000 -10
51 6 pedestrian 0 0 -10 588.96 182.68 613.34 207.95 -10 -10 -10 -100    0 -1000 -1000 -10
51 5 pedestrian 0 0 -10 421.13 182.54 510.54 258.45 -10 -10 -10 -100    0 -1000 -1000 -10
51 4 pedestrian 0 0 -10 0.00 184.91 102.73 346.71 -10 -10 -10 -100    0 -1000 -1000 -10
51 3 pedestrian 0 0 -10 696.16 191.78 804.38 277.64 -10 -10 -10 -100    0 -1000 -1000 -10
51 2 pedestrian 0 0 -10 161.05 194.22 425.82 372.80 -10 -10 -10 -100    0 -1000 -1000 -10
51 22 pedestrian 0 0 -10 478.18 174.07 513.70 204.14 -10 -10 -10 -100    0 -1000 -1000 -10
52 18 pedestrian 0 0 -10 427.49 185.88 471.38 219.92 -10 -10 -10 -100    0 -1000 -1000 -10
52 21 pedestrian 0 0 -10 511.16 185.98 544.62 217.27 -10 -10 -10 -100    0 -1000 -1000 -10
52 14 pedestrian 0 0 -10 249.40 188.38 365.08 260.60 -10 -10 -10 -100    0 -1000 -1000 -10
52 13 pedestrian 0 0 -10 369.23 186.90 435.52 232.50 -10 -10 -10 -100    0 -1000 -1000 -10
52 12 pedestrian 0 0 -10 456.20 165.26 636.38 200.99 -10 -10 -10 -100    0 -1000 -1000 -10
52 10 pedestrian 0 0 -10 624.58 184.18 642.34 203.44 -10 -10 -10 -100    0 -1000 -1000 -10
52 9 pedestrian 0 0 -10 473.80 184.90 534.99 234.60 -10 -10 -10 -100    0 -1000 -1000 -10
52 8 pedestrian 0 0 -10 527.29 185.85 555.93 210.60 -10 -10 -10 -100    0 -1000 -1000 -10
52 7 pedestrian 0 0 -10 649.67 183.23 696.40 223.19 -10 -10 -10 -100    0 -1000 -1000 -10
52 6 pedestrian 0 0 -10 589.12 182.81 613.11 207.97 -10 -10 -10 -100    0 -1000 -1000 -10
52 5 pedestrian 0 0 -10 419.20 182.90 509.65 260.21 -10 -10 -10 -100    0 -1000 -1000 -10
52 4 pedestrian 0 0 -10 0.00 184.44 88.01 345.91 -10 -10 -10 -100    0 -1000 -1000 -10
52 3 pedestrian 0 0 -10 696.30 192.02 803.90 277.50 -10 -10 -10 -100    0 -1000 -1000 -10
52 2 pedestrian 0 0 -10 145.90 194.75 422.05 376.00 -10 -10 -10 -100    0 -1000 -1000 -10
52 22 pedestrian 0 0 -10 479.43 174.65 514.46 204.42 -10 -10 -10 -100    0 -1000 -1000 -10
53 18 pedestrian 0 0 -10 425.59 185.71 469.41 219.80 -10 -10 -10 -100    0 -1000 -1000 -10
53 21 pedestrian 0 0 -10 510.28 186.03 544.37 217.51 -10 -10 -10 -100    0 -1000 -1000 -10
53 14 pedestrian 0 0 -10 243.74 188.49 363.01 262.96 -10 -10 -10 -100    0 -1000 -1000 -10
53 13 pedestrian 0 0 -10 367.39 187.26 434.06 233.12 -10 -10 -10 -100    0 -1000 -1000 -10
53 12 pedestrian 0 0 -10 454.07 165.57 637.56 201.79 -10 -10 -10 -100    0 -1000 -1000 -10
53 10 pedestrian 0 0 -10 624.45 184.08 642.09 203.66 -10 -10 -10 -100    0 -1000 -1000 -10
53 9 pedestrian 0 0 -10 472.58 185.12 534.19 235.46 -10 -10 -10 -100    0 -1000 -1000 -10
53 8 pedestrian 0 0 -10 527.43 185.99 555.88 210.81 -10 -10 -10 -100    0 -1000 -1000 -10
53 7 pedestrian 0 0 -10 648.80 183.33 695.77 223.81 -10 -10 -10 -100    0 -1000 -1000 -10
53 6 pedestrian 0 0 -10 589.47 183.20 613.15 208.17 -10 -10 -10 -100    0 -1000 -1000 -10
53 5 pedestrian 0 0 -10 417.49 183.11 508.31 261.76 -10 -10 -10 -100    0 -1000 -1000 -10
53 4 pedestrian 0 0 -10 0.05 181.21 73.98 346.65 -10 -10 -10 -100    0 -1000 -1000 -10
53 3 pedestrian 0 0 -10 696.10 192.12 803.45 277.65 -10 -10 -10 -100    0 -1000 -1000 -10
53 2 pedestrian 0 0 -10 126.47 195.92 417.75 376.00 -10 -10 -10 -100    0 -1000 -1000 -10
53 22 pedestrian 0 0 -10 479.39 174.61 514.21 204.35 -10 -10 -10 -100    0 -1000 -1000 -10
54 18 pedestrian 0 0 -10 422.65 185.85 467.70 219.46 -10 -10 -10 -100    0 -1000 -1000 -10
54 21 pedestrian 0 0 -10 507.60 186.65 545.37 220.36 -10 -10 -10 -100    0 -1000 -1000 -10
54 14 pedestrian 0 0 -10 239.41 188.72 357.81 262.52 -10 -10 -10 -100    0 -1000 -1000 -10
54 13 pedestrian 0 0 -10 365.19 187.61 431.40 233.38 -10 -10 -10 -100    0 -1000 -1000 -10
54 12 pedestrian 0 0 -10 453.20 166.29 638.81 204.35 -10 -10 -10 -100    0 -1000 -1000 -10
54 10 pedestrian 0 0 -10 623.74 183.89 641.42 203.70 -10 -10 -10 -100    0 -1000 -1000 -10
54 9 pedestrian 0 0 -10 469.71 185.61 532.64 236.41 -10 -10 -10 -100    0 -1000 -1000 -10
54 8 pedestrian 0 0 -10 526.82 186.67 555.65 211.49 -10 -10 -10 -100    0 -1000 -1000 -10
54 7 pedestrian 0 0 -10 647.88 183.55 694.71 223.56 -10 -10 -10 -100    0 -1000 -1000 -10
54 6 pedestrian 0 0 -10 588.57 183.93 612.35 209.32 -10 -10 -10 -100    0 -1000 -1000 -10
54 5 pedestrian 0 0 -10 413.89 183.97 506.33 263.34 -10 -10 -10 -100    0 -1000 -1000 -10
54 4 pedestrian 0 0 -10 0.16 182.66 58.15 346.74 -10 -10 -10 -100    0 -1000 -1000 -10
54 3 pedestrian 0 0 -10 696.49 192.39 802.63 277.72 -10 -10 -10 -100    0 -1000 -1000 -10
54 2 pedestrian 0 0 -10 103.51 196.18 411.72 376.00 -10 -10 -10 -100    0 -1000 -1000 -10
54 22 pedestrian 0 0 -10 477.23 176.05 512.36 205.22 -10 -10 -10 -100    0 -1000 -1000 -10
55 18 pedestrian 0 0 -10 420.84 185.67 466.79 219.65 -10 -10 -10 -100    0 -1000 -1000 -10
55 21 pedestrian 0 0 -10 507.73 186.85 545.12 221.43 -10 -10 -10 -100    0 -1000 -1000 -10
55 14 pedestrian 0 0 -10 231.42 188.81 352.68 263.66 -10 -10 -10 -100    0 -1000 -1000 -10
55 13 pedestrian 0 0 -10 363.49 187.41 430.57 233.90 -10 -10 -10 -100    0 -1000 -1000 -10
55 12 pedestrian 0 0 -10 451.55 166.75 637.63 207.40 -10 -10 -10 -100    0 -1000 -1000 -10
55 10 pedestrian 0 0 -10 622.94 183.88 641.34 203.74 -10 -10 -10 -100    0 -1000 -1000 -10
55 9 pedestrian 0 0 -10 469.22 185.89 532.78 237.02 -10 -10 -10 -100    0 -1000 -1000 -10
55 8 pedestrian 0 0 -10 526.32 186.56 555.87 211.44 -10 -10 -10 -100    0 -1000 -1000 -10
55 7 pedestrian 0 0 -10 648.00 183.29 693.99 223.15 -10 -10 -10 -100    0 -1000 -1000 -10
55 6 pedestrian 0 0 -10 588.48 184.13 612.63 209.67 -10 -10 -10 -100    0 -1000 -1000 -10
55 5 pedestrian 0 0 -10 411.03 184.12 506.01 264.51 -10 -10 -10 -100    0 -1000 -1000 -10
55 4 pedestrian 0 0 -10 0.12 187.29 39.92 341.26 -10 -10 -10 -100    0 -1000 -1000 -10
55 3 pedestrian 0 0 -10 696.54 192.27 801.99 277.38 -10 -10 -10 -100    0 -1000 -1000 -10
55 2 pedestrian 0 0 -10 78.63 196.63 407.36 376.00 -10 -10 -10 -100    0 -1000 -1000 -10
55 22 pedestrian 0 0 -10 477.07 176.55 512.59 206.21 -10 -10 -10 -100    0 -1000 -1000 -10
56 18 pedestrian 0 0 -10 419.25 185.85 466.23 220.05 -10 -10 -10 -100    0 -1000 -1000 -10
56 21 pedestrian 0 0 -10 505.14 187.21 542.43 224.31 -10 -10 -10 -100    0 -1000 -1000 -10
56 14 pedestrian 0 0 -10 226.71 188.85 351.21 265.68 -10 -10 -10 -100    0 -1000 -1000 -10
56 13 pedestrian 0 0 -10 361.14 187.40 429.51 234.43 -10 -10 -10 -100    0 -1000 -1000 -10
56 12 pedestrian 0 0 -10 451.85 167.15 635.85 210.00 -10 -10 -10 -100    0 -1000 -1000 -10
56 10 pedestrian 0 0 -10 623.33 184.60 641.25 203.83 -10 -10 -10 -100    0 -1000 -1000 -10
56 9 pedestrian 0 0 -10 468.62 186.03 531.94 237.93 -10 -10 -10 -100    0 -1000 -1000 -10
56 8 pedestrian 0 0 -10 526.53 186.50 555.85 211.33 -10 -10 -10 -100    0 -1000 -1000 -10
56 7 pedestrian 0 0 -10 648.01 183.57 693.69 222.89 -10 -10 -10 -100    0 -1000 -1000 -10
56 6 pedestrian 0 0 -10 588.42 184.15 613.07 209.95 -10 -10 -10 -100    0 -1000 -1000 -10
56 5 pedestrian 0 0 -10 407.66 184.28 504.80 266.24 -10 -10 -10 -100    0 -1000 -1000 -10
56 3 pedestrian 0 0 -10 696.55 192.51 801.91 277.53 -10 -10 -10 -100    0 -1000 -1000 -10
56 2 pedestrian 0 0 -10 49.47 197.37 400.88 376.00 -10 -10 -10 -100    0 -1000 -1000 -10
56 22 pedestrian 0 0 -10 475.02 177.57 510.28 207.19 -10 -10 -10 -100    0 -1000 -1000 -10
57 18 pedestrian 0 0 -10 418.07 185.79 464.50 219.92 -10 -10 -10 -100    0 -1000 -1000 -10
57 21 pedestrian 0 0 -10 504.66 187.45 541.36 222.67 -10 -10 -10 -100    0 -1000 -1000 -10
57 14 pedestrian 0 0 -10 220.58 188.88 347.80 267.01 -10 -10 -10 -100    0 -1000 -1000 -10
57 13 pedestrian 0 0 -10 358.76 187.43 429.05 235.05 -10 -10 -10 -100    0 -1000 -1000 -10
57 12 pedestrian 0 0 -10 450.71 167.34 634.55 210.98 -10 -10 -10 -100    0 -1000 -1000 -10
57 10 pedestrian 0 0 -10 623.41 185.05 640.65 203.80 -10 -10 -10 -100    0 -1000 -1000 -10
57 9 pedestrian 0 0 -10 466.98 186.19 530.69 238.59 -10 -10 -10 -100    0 -1000 -1000 -10
57 8 pedestrian 0 0 -10 525.99 186.74 554.96 211.54 -10 -10 -10 -100    0 -1000 -1000 -10
57 7 pedestrian 0 0 -10 647.80 183.87 692.73 222.66 -10 -10 -10 -100    0 -1000 -1000 -10
57 6 pedestrian 0 0 -10 588.12 184.18 613.09 210.33 -10 -10 -10 -100    0 -1000 -1000 -10
57 5 pedestrian 0 0 -10 403.57 184.23 503.16 268.10 -10 -10 -10 -100    0 -1000 -1000 -10
57 3 pedestrian 0 0 -10 696.20 192.75 801.23 277.84 -10 -10 -10 -100    0 -1000 -1000 -10
57 2 pedestrian 0 0 -10 14.19 197.26 394.59 376.00 -10 -10 -10 -100    0 -1000 -1000 -10
57 22 pedestrian 0 0 -10 473.76 178.00 507.70 207.75 -10 -10 -10 -100    0 -1000 -1000 -10
58 18 pedestrian 0 0 -10 416.40 185.71 463.49 220.39 -10 -10 -10 -100    0 -1000 -1000 -10
58 21 pedestrian 0 0 -10 502.71 187.88 540.17 223.73 -10 -10 -10 -100    0 -1000 -1000 -10
58 14 pedestrian 0 0 -10 212.98 189.81 344.43 267.98 -10 -10 -10 -100    0 -1000 -1000 -10
58 13 pedestrian 0 0 -10 356.59 187.67 427.98 235.72 -10 -10 -10 -100    0 -1000 -1000 -10
58 12 pedestrian 0 0 -10 455.53 167.93 633.78 212.11 -10 -10 -10 -100    0 -1000 -1000 -10
58 10 pedestrian 0 0 -10 623.10 185.44 639.90 204.02 -10 -10 -10 -100    0 -1000 -1000 -10
58 9 pedestrian 0 0 -10 464.66 186.77 530.02 240.41 -10 -10 -10 -100    0 -1000 -1000 -10
58 8 pedestrian 0 0 -10 525.20 186.99 554.52 211.74 -10 -10 -10 -100    0 -1000 -1000 -10
58 7 pedestrian 0 0 -10 646.88 183.79 691.60 222.44 -10 -10 -10 -100    0 -1000 -1000 -10
58 6 pedestrian 0 0 -10 587.94 184.38 612.81 210.75 -10 -10 -10 -100    0 -1000 -1000 -10
58 5 pedestrian 0 0 -10 399.64 184.17 501.50 269.95 -10 -10 -10 -100    0 -1000 -1000 -10
58 3 pedestrian 0 0 -10 695.65 193.20 800.28 277.60 -10 -10 -10 -100    0 -1000 -1000 -10
58 2 pedestrian 0 0 -10 0.00 196.43 385.10 376.00 -10 -10 -10 -100    0 -1000 -1000 -10
58 22 pedestrian 0 0 -10 472.45 178.27 506.77 207.78 -10 -10 -10 -100    0 -1000 -1000 -10
59 18 pedestrian 0 0 -10 416.54 185.28 462.54 220.13 -10 -10 -10 -100    0 -1000 -1000 -10
59 21 pedestrian 0 0 -10 501.96 188.02 538.51 223.42 -10 -10 -10 -100    0 -1000 -1000 -10
59 14 pedestrian 0 0 -10 205.62 189.70 339.55 269.43 -10 -10 -10 -100    0 -1000 -1000 -10
59 13 pedestrian 0 0 -10 354.19 187.94 426.52 236.19 -10 -10 -10 -100    0 -1000 -1000 -10
59 12 pedestrian 0 0 -10 488.90 169.42 635.88 212.18 -10 -10 -10 -100    0 -1000 -1000 -10
59 10 pedestrian 0 0 -10 622.84 185.09 639.28 203.68 -10 -10 -10 -100    0 -1000 -1000 -10
59 9 pedestrian 0 0 -10 462.04 186.79 529.09 240.88 -10 -10 -10 -100    0 -1000 -1000 -10
59 8 pedestrian 0 0 -10 522.86 186.88 553.55 213.42 -10 -10 -10 -100    0 -1000 -1000 -10
59 7 pedestrian 0 0 -10 646.72 183.76 690.89 221.82 -10 -10 -10 -100    0 -1000 -1000 -10
59 6 pedestrian 0 0 -10 587.91 184.03 613.09 210.61 -10 -10 -10 -100    0 -1000 -1000 -10
59 5 pedestrian 0 0 -10 395.34 184.61 500.12 271.90 -10 -10 -10 -100    0 -1000 -1000 -10
59 3 pedestrian 0 0 -10 695.62 192.98 799.47 277.35 -10 -10 -10 -100    0 -1000 -1000 -10
59 2 pedestrian 0 0 -10 1.30 197.50 376.55 376.00 -10 -10 -10 -100    0 -1000 -1000 -10
59 22 pedestrian 0 0 -10 473.26 177.97 507.88 207.92 -10 -10 -10 -100    0 -1000 -1000 -10
60 18 pedestrian 0 0 -10 416.01 184.03 461.79 220.20 -10 -10 -10 -100    0 -1000 -1000 -10
60 21 pedestrian 0 0 -10 500.93 187.09 537.95 223.37 -10 -10 -10 -100    0 -1000 -1000 -10
60 14 pedestrian 0 0 -10 197.23 189.38 335.49 271.52 -10 -10 -10 -100    0 -1000 -1000 -10
60 13 pedestrian 0 0 -10 351.79 187.77 425.78 236.56 -10 -10 -10 -100    0 -1000 -1000 -10
60 12 pedestrian 0 0 -10 496.77 168.62 633.91 210.77 -10 -10 -10 -100    0 -1000 -1000 -10
60 10 pedestrian 0 0 -10 621.78 184.01 638.16 202.51 -10 -10 -10 -100    0 -1000 -1000 -10
60 9 pedestrian 0 0 -10 460.40 186.19 528.13 240.77 -10 -10 -10 -100    0 -1000 -1000 -10
60 8 pedestrian 0 0 -10 522.57 185.96 553.43 212.73 -10 -10 -10 -100    0 -1000 -1000 -10
60 7 pedestrian 0 0 -10 646.49 183.34 690.31 220.98 -10 -10 -10 -100    0 -1000 -1000 -10
60 6 pedestrian 0 0 -10 587.52 183.48 612.82 210.04 -10 -10 -10 -100    0 -1000 -1000 -10
60 5 pedestrian 0 0 -10 391.52 184.29 498.62 273.02 -10 -10 -10 -100    0 -1000 -1000 -10
60 3 pedestrian 0 0 -10 695.73 191.94 799.19 276.73 -10 -10 -10 -100    0 -1000 -1000 -10
60 2 pedestrian 0 0 -10 0.00 198.39 366.80 376.00 -10 -10 -10 -100    0 -1000 -1000 -10
60 22 pedestrian 0 0 -10 472.85 177.10 508.23 207.11 -10 -10 -10 -100    0 -1000 -1000 -10
61 23 pedestrian 0 0 -10 446.88 178.09 481.52 212.91 -10 -10 -10 -100    0 -1000 -1000 -10
61 18 pedestrian 0 0 -10 413.65 184.06 460.11 220.66 -10 -10 -10 -100    0 -1000 -1000 -10
61 21 pedestrian 0 0 -10 499.45 186.53 536.51 224.23 -10 -10 -10 -100    0 -1000 -1000 -10
61 14 pedestrian 0 0 -10 186.79 189.46 331.35 274.05 -10 -10 -10 -100    0 -1000 -1000 -10
61 13 pedestrian 0 0 -10 348.82 188.18 423.51 237.02 -10 -10 -10 -100    0 -1000 -1000 -10
61 12 pedestrian 0 0 -10 497.87 168.81 632.99 210.10 -10 -10 -10 -100    0 -1000 -1000 -10
61 10 pedestrian 0 0 -10 621.24 183.70 638.04 202.36 -10 -10 -10 -100    0 -1000 -1000 -10
61 9 pedestrian 0 0 -10 457.95 186.04 527.18 241.68 -10 -10 -10 -100    0 -1000 -1000 -10
61 8 pedestrian 0 0 -10 522.16 185.98 552.95 212.05 -10 -10 -10 -100    0 -1000 -1000 -10
61 7 pedestrian 0 0 -10 645.84 183.13 689.69 220.31 -10 -10 -10 -100    0 -1000 -1000 -10
61 6 pedestrian 0 0 -10 587.60 183.29 612.63 209.92 -10 -10 -10 -100    0 -1000 -1000 -10
61 5 pedestrian 0 0 -10 386.52 183.93 496.62 274.73 -10 -10 -10 -100    0 -1000 -1000 -10
61 3 pedestrian 0 0 -10 695.54 192.01 799.10 276.59 -10 -10 -10 -100    0 -1000 -1000 -10
61 2 pedestrian 0 0 -10 0.00 198.78 352.84 376.00 -10 -10 -10 -100    0 -1000 -1000 -10
61 22 pedestrian 0 0 -10 472.43 177.00 508.42 207.34 -10 -10 -10 -100    0 -1000 -1000 -10
62 23 pedestrian 0 0 -10 443.89 178.91 480.40 212.18 -10 -10 -10 -100    0 -1000 -1000 -10
62 18 pedestrian 0 0 -10 409.92 184.58 457.80 221.65 -10 -10 -10 -100    0 -1000 -1000 -10
62 21 pedestrian 0 0 -10 497.27 186.33 535.29 225.37 -10 -10 -10 -100    0 -1000 -1000 -10
62 14 pedestrian 0 0 -10 177.32 189.47 326.15 275.92 -10 -10 -10 -100    0 -1000 -1000 -10
62 13 pedestrian 0 0 -10 345.59 188.68 421.11 238.18 -10 -10 -10 -100    0 -1000 -1000 -10
62 12 pedestrian 0 0 -10 496.70 168.62 632.37 209.95 -10 -10 -10 -100    0 -1000 -1000 -10
62 10 pedestrian 0 0 -10 620.63 183.63 637.04 201.98 -10 -10 -10 -100    0 -1000 -1000 -10
62 9 pedestrian 0 0 -10 456.58 185.91 525.27 242.22 -10 -10 -10 -100    0 -1000 -1000 -10
62 8 pedestrian 0 0 -10 521.99 186.13 552.83 211.87 -10 -10 -10 -100    0 -1000 -1000 -10
62 7 pedestrian 0 0 -10 645.49 183.17 689.24 219.80 -10 -10 -10 -100    0 -1000 -1000 -10
62 6 pedestrian 0 0 -10 587.77 183.22 612.72 209.99 -10 -10 -10 -100    0 -1000 -1000 -10
62 5 pedestrian 0 0 -10 380.66 183.44 494.56 277.16 -10 -10 -10 -100    0 -1000 -1000 -10
62 3 pedestrian 0 0 -10 695.39 192.02 799.01 276.22 -10 -10 -10 -100    0 -1000 -1000 -10
62 2 pedestrian 0 0 -10 0.00 200.38 338.45 376.00 -10 -10 -10 -100    0 -1000 -1000 -10
62 22 pedestrian 0 0 -10 471.12 177.53 507.26 207.13 -10 -10 -10 -100    0 -1000 -1000 -10
63 23 pedestrian 0 0 -10 443.17 178.72 481.06 211.11 -10 -10 -10 -100    0 -1000 -1000 -10
63 18 pedestrian 0 0 -10 408.03 185.02 456.89 221.92 -10 -10 -10 -100    0 -1000 -1000 -10
63 21 pedestrian 0 0 -10 495.87 185.10 534.11 224.76 -10 -10 -10 -100    0 -1000 -1000 -10
63 14 pedestrian 0 0 -10 165.00 188.96 320.83 278.04 -10 -10 -10 -100    0 -1000 -1000 -10
63 13 pedestrian 0 0 -10 342.46 188.60 418.90 238.35 -10 -10 -10 -100    0 -1000 -1000 -10
63 12 pedestrian 0 0 -10 496.53 167.91 631.38 209.24 -10 -10 -10 -100    0 -1000 -1000 -10
63 10 pedestrian 0 0 -10 620.63 183.23 636.89 201.05 -10 -10 -10 -100    0 -1000 -1000 -10
63 9 pedestrian 0 0 -10 453.96 184.90 524.50 242.71 -10 -10 -10 -100    0 -1000 -1000 -10
63 8 pedestrian 0 0 -10 521.64 184.97 552.50 210.81 -10 -10 -10 -100    0 -1000 -1000 -10
63 7 pedestrian 0 0 -10 645.18 182.48 688.50 218.52 -10 -10 -10 -100    0 -1000 -1000 -10
63 6 pedestrian 0 0 -10 588.04 182.22 612.91 208.91 -10 -10 -10 -100    0 -1000 -1000 -10
63 5 pedestrian 0 0 -10 376.10 183.25 492.33 278.18 -10 -10 -10 -100    0 -1000 -1000 -10
63 3 pedestrian 0 0 -10 695.53 191.15 799.56 275.18 -10 -10 -10 -100    0 -1000 -1000 -10
63 2 pedestrian 0 0 -10 0.00 201.15 323.63 376.00 -10 -10 -10 -100    0 -1000 -1000 -10
63 22 pedestrian 0 0 -10 471.99 177.02 507.24 206.20 -10 -10 -10 -100    0 -1000 -1000 -10
64 23 pedestrian 0 0 -10 441.97 177.46 479.71 210.41 -10 -10 -10 -100    0 -1000 -1000 -10
64 18 pedestrian 0 0 -10 405.10 184.60 455.67 222.24 -10 -10 -10 -100    0 -1000 -1000 -10
64 21 pedestrian 0 0 -10 493.44 183.49 534.55 224.06 -10 -10 -10 -100    0 -1000 -1000 -10
64 14 pedestrian 0 0 -10 154.37 187.80 314.61 277.79 -10 -10 -10 -100    0 -1000 -1000 -10
64 13 pedestrian 0 0 -10 338.71 188.01 416.37 238.62 -10 -10 -10 -100    0 -1000 -1000 -10
64 12 pedestrian 0 0 -10 495.27 166.96 632.03 208.43 -10 -10 -10 -100    0 -1000 -1000 -10
64 10 pedestrian 0 0 -10 620.27 181.73 635.95 199.26 -10 -10 -10 -100    0 -1000 -1000 -10
64 9 pedestrian 0 0 -10 450.75 184.05 522.42 242.88 -10 -10 -10 -100    0 -1000 -1000 -10
64 8 pedestrian 0 0 -10 521.28 184.16 551.71 209.42 -10 -10 -10 -100    0 -1000 -1000 -10
64 7 pedestrian 0 0 -10 643.75 180.41 687.17 217.00 -10 -10 -10 -100    0 -1000 -1000 -10
64 6 pedestrian 0 0 -10 588.07 180.54 613.14 207.23 -10 -10 -10 -100    0 -1000 -1000 -10
64 5 pedestrian 0 0 -10 369.44 181.91 490.15 279.47 -10 -10 -10 -100    0 -1000 -1000 -10
64 3 pedestrian 0 0 -10 696.22 189.46 799.88 273.70 -10 -10 -10 -100    0 -1000 -1000 -10
64 2 pedestrian 0 0 -10 0.00 203.86 303.33 376.00 -10 -10 -10 -100    0 -1000 -1000 -10
64 22 pedestrian 0 0 -10 470.49 176.72 505.36 205.40 -10 -10 -10 -100    0 -1000 -1000 -10
65 18 pedestrian 0 0 -10 404.64 183.93 455.23 222.15 -10 -10 -10 -100    0 -1000 -1000 -10
65 21 pedestrian 0 0 -10 492.63 182.02 533.87 222.75 -10 -10 -10 -100    0 -1000 -1000 -10
65 14 pedestrian 0 0 -10 140.50 186.87 307.97 278.93 -10 -10 -10 -100    0 -1000 -1000 -10
65 13 pedestrian 0 0 -10 334.27 187.06 415.08 239.73 -10 -10 -10 -100    0 -1000 -1000 -10
65 12 pedestrian 0 0 -10 493.97 166.02 631.35 206.98 -10 -10 -10 -100    0 -1000 -1000 -10
65 23 pedestrian 0 0 -10 440.30 175.09 477.06 210.50 -10 -10 -10 -100    0 -1000 -1000 -10
65 10 pedestrian 0 0 -10 619.67 179.87 635.78 197.07 -10 -10 -10 -100    0 -1000 -1000 -10
65 9 pedestrian 0 0 -10 447.08 182.91 522.56 242.78 -10 -10 -10 -100    0 -1000 -1000 -10
65 8 pedestrian 0 0 -10 521.09 182.83 551.08 208.09 -10 -10 -10 -100    0 -1000 -1000 -10
65 7 pedestrian 0 0 -10 643.65 178.53 686.47 215.72 -10 -10 -10 -100    0 -1000 -1000 -10
65 6 pedestrian 0 0 -10 588.46 178.60 613.68 205.77 -10 -10 -10 -100    0 -1000 -1000 -10
65 5 pedestrian 0 0 -10 364.03 181.13 488.62 281.46 -10 -10 -10 -100    0 -1000 -1000 -10
65 3 pedestrian 0 0 -10 696.64 187.98 800.64 272.41 -10 -10 -10 -100    0 -1000 -1000 -10
65 2 pedestrian 0 0 -10 0.00 205.42 283.38 376.00 -10 -10 -10 -100    0 -1000 -1000 -10
65 22 pedestrian 0 0 -10 469.25 174.76 504.27 204.89 -10 -10 -10 -100    0 -1000 -1000 -10
66 18 pedestrian 0 0 -10 402.18 182.80 454.73 221.94 -10 -10 -10 -100    0 -1000 -1000 -10
66 21 pedestrian 0 0 -10 491.15 180.44 533.18 222.08 -10 -10 -10 -100    0 -1000 -1000 -10
66 14 pedestrian 0 0 -10 127.63 186.03 302.42 281.41 -10 -10 -10 -100    0 -1000 -1000 -10
66 13 pedestrian 0 0 -10 330.77 186.95 410.05 239.96 -10 -10 -10 -100    0 -1000 -1000 -10
66 12 pedestrian 0 0 -10 493.74 163.91 629.06 205.29 -10 -10 -10 -100    0 -1000 -1000 -10
66 23 pedestrian 0 0 -10 439.78 174.84 475.85 210.23 -10 -10 -10 -100    0 -1000 -1000 -10
66 10 pedestrian 0 0 -10 619.51 178.66 636.54 195.05 -10 -10 -10 -100    0 -1000 -1000 -10
66 9 pedestrian 0 0 -10 443.54 181.11 520.77 242.64 -10 -10 -10 -100    0 -1000 -1000 -10
66 8 pedestrian 0 0 -10 520.50 181.09 551.04 207.23 -10 -10 -10 -100    0 -1000 -1000 -10
66 7 pedestrian 0 0 -10 643.39 177.20 685.74 214.14 -10 -10 -10 -100    0 -1000 -1000 -10
66 6 pedestrian 0 0 -10 588.35 177.58 613.73 204.23 -10 -10 -10 -100    0 -1000 -1000 -10
66 5 pedestrian 0 0 -10 356.94 179.87 485.33 282.35 -10 -10 -10 -100    0 -1000 -1000 -10
66 3 pedestrian 0 0 -10 696.84 186.69 801.52 271.01 -10 -10 -10 -100    0 -1000 -1000 -10
66 2 pedestrian 0 0 -10 0.00 207.38 259.12 376.00 -10 -10 -10 -100    0 -1000 -1000 -10
66 22 pedestrian 0 0 -10 468.66 172.98 503.79 204.35 -10 -10 -10 -100    0 -1000 -1000 -10
67 18 pedestrian 0 0 -10 399.37 183.27 454.04 221.62 -10 -10 -10 -100    0 -1000 -1000 -10
67 21 pedestrian 0 0 -10 490.28 179.34 531.94 220.96 -10 -10 -10 -100    0 -1000 -1000 -10
67 14 pedestrian 0 0 -10 114.92 184.84 295.59 282.41 -10 -10 -10 -100    0 -1000 -1000 -10
67 13 pedestrian 0 0 -10 326.50 186.92 408.11 239.99 -10 -10 -10 -100    0 -1000 -1000 -10
67 12 pedestrian 0 0 -10 492.69 162.37 628.08 204.12 -10 -10 -10 -100    0 -1000 -1000 -10
67 23 pedestrian 0 0 -10 438.28 172.82 476.48 208.68 -10 -10 -10 -100    0 -1000 -1000 -10
67 10 pedestrian 0 0 -10 620.78 177.86 636.81 194.07 -10 -10 -10 -100    0 -1000 -1000 -10
67 9 pedestrian 0 0 -10 441.33 180.36 519.20 242.53 -10 -10 -10 -100    0 -1000 -1000 -10
67 8 pedestrian 0 0 -10 519.61 180.59 551.36 207.04 -10 -10 -10 -100    0 -1000 -1000 -10
67 7 pedestrian 0 0 -10 643.56 176.35 684.86 212.81 -10 -10 -10 -100    0 -1000 -1000 -10
67 6 pedestrian 0 0 -10 587.87 176.35 613.66 203.10 -10 -10 -10 -100    0 -1000 -1000 -10
67 5 pedestrian 0 0 -10 349.56 179.01 483.49 284.23 -10 -10 -10 -100    0 -1000 -1000 -10
67 3 pedestrian 0 0 -10 697.36 185.82 801.84 269.96 -10 -10 -10 -100    0 -1000 -1000 -10
67 2 pedestrian 0 0 -10 0.00 207.99 232.21 376.00 -10 -10 -10 -100    0 -1000 -1000 -10
67 22 pedestrian 0 0 -10 468.92 172.32 504.19 203.52 -10 -10 -10 -100    0 -1000 -1000 -10
68 18 pedestrian 0 0 -10 397.38 183.70 454.01 222.94 -10 -10 -10 -100    0 -1000 -1000 -10
68 21 pedestrian 0 0 -10 489.45 178.98 531.26 220.19 -10 -10 -10 -100    0 -1000 -1000 -10
68 14 pedestrian 0 0 -10 100.35 184.81 288.28 285.14 -10 -10 -10 -100    0 -1000 -1000 -10
68 13 pedestrian 0 0 -10 321.93 186.73 404.56 241.24 -10 -10 -10 -100    0 -1000 -1000 -10
68 12 pedestrian 0 0 -10 491.33 161.29 628.14 203.60 -10 -10 -10 -100    0 -1000 -1000 -10
68 23 pedestrian 0 0 -10 436.92 172.93 475.01 208.66 -10 -10 -10 -100    0 -1000 -1000 -10
68 10 pedestrian 0 0 -10 619.77 177.68 636.24 194.27 -10 -10 -10 -100    0 -1000 -1000 -10
68 9 pedestrian 0 0 -10 438.51 180.22 516.59 243.26 -10 -10 -10 -100    0 -1000 -1000 -10
68 8 pedestrian 0 0 -10 518.63 179.49 550.93 206.83 -10 -10 -10 -100    0 -1000 -1000 -10
68 7 pedestrian 0 0 -10 642.68 175.91 684.47 212.41 -10 -10 -10 -100    0 -1000 -1000 -10
68 6 pedestrian 0 0 -10 587.83 176.16 613.50 202.93 -10 -10 -10 -100    0 -1000 -1000 -10
68 5 pedestrian 0 0 -10 340.89 179.09 479.86 287.47 -10 -10 -10 -100    0 -1000 -1000 -10
68 3 pedestrian 0 0 -10 697.63 185.71 802.73 270.44 -10 -10 -10 -100    0 -1000 -1000 -10
68 2 pedestrian 0 0 -10 0.00 214.02 201.83 376.00 -10 -10 -10 -100    0 -1000 -1000 -10
68 22 pedestrian 0 0 -10 467.39 172.10 502.89 203.33 -10 -10 -10 -100    0 -1000 -1000 -10
69 18 pedestrian 0 0 -10 394.04 183.59 452.22 223.81 -10 -10 -10 -100    0 -1000 -1000 -10
69 21 pedestrian 0 0 -10 488.40 178.65 530.60 220.27 -10 -10 -10 -100    0 -1000 -1000 -10
69 14 pedestrian 0 0 -10 84.97 184.65 282.04 288.68 -10 -10 -10 -100    0 -1000 -1000 -10
69 13 pedestrian 0 0 -10 317.45 186.89 403.03 241.82 -10 -10 -10 -100    0 -1000 -1000 -10
69 12 pedestrian 0 0 -10 490.58 160.88 629.23 203.77 -10 -10 -10 -100    0 -1000 -1000 -10
69 23 pedestrian 0 0 -10 436.12 172.42 473.70 209.14 -10 -10 -10 -100    0 -1000 -1000 -10
69 10 pedestrian 0 0 -10 619.61 177.54 635.95 194.11 -10 -10 -10 -100    0 -1000 -1000 -10
69 9 pedestrian 0 0 -10 436.16 179.88 515.59 244.73 -10 -10 -10 -100    0 -1000 -1000 -10
69 8 pedestrian 0 0 -10 518.46 178.73 551.48 206.74 -10 -10 -10 -100    0 -1000 -1000 -10
69 7 pedestrian 0 0 -10 642.40 176.31 683.58 212.12 -10 -10 -10 -100    0 -1000 -1000 -10
69 6 pedestrian 0 0 -10 587.59 175.92 613.47 203.05 -10 -10 -10 -100    0 -1000 -1000 -10
69 5 pedestrian 0 0 -10 332.89 178.84 476.92 291.12 -10 -10 -10 -100    0 -1000 -1000 -10
69 3 pedestrian 0 0 -10 697.78 185.64 803.88 270.79 -10 -10 -10 -100    0 -1000 -1000 -10
69 2 pedestrian 0 0 -10 0.00 217.55 164.47 376.00 -10 -10 -10 -100    0 -1000 -1000 -10
69 22 pedestrian 0 0 -10 465.92 171.42 501.36 203.44 -10 -10 -10 -100    0 -1000 -1000 -10
70 18 pedestrian 0 0 -10 389.73 183.83 448.88 225.17 -10 -10 -10 -100    0 -1000 -1000 -10
70 21 pedestrian 0 0 -10 487.12 178.83 529.82 220.24 -10 -10 -10 -100    0 -1000 -1000 -10
70 14 pedestrian 0 0 -10 68.64 185.06 273.62 292.14 -10 -10 -10 -100    0 -1000 -1000 -10
70 13 pedestrian 0 0 -10 312.71 187.30 398.62 242.20 -10 -10 -10 -100    0 -1000 -1000 -10
70 12 pedestrian 0 0 -10 491.05 160.91 630.73 203.93 -10 -10 -10 -100    0 -1000 -1000 -10
70 23 pedestrian 0 0 -10 434.26 172.33 473.11 210.30 -10 -10 -10 -100    0 -1000 -1000 -10
70 10 pedestrian 0 0 -10 620.18 177.40 636.44 194.30 -10 -10 -10 -100    0 -1000 -1000 -10
70 9 pedestrian 0 0 -10 431.44 180.06 514.44 246.76 -10 -10 -10 -100    0 -1000 -1000 -10
70 8 pedestrian 0 0 -10 518.48 178.89 551.84 206.55 -10 -10 -10 -100    0 -1000 -1000 -10
70 7 pedestrian 0 0 -10 642.27 176.03 682.96 211.87 -10 -10 -10 -100    0 -1000 -1000 -10
70 6 pedestrian 0 0 -10 587.62 175.70 613.85 203.29 -10 -10 -10 -100    0 -1000 -1000 -10
70 5 pedestrian 0 0 -10 324.65 178.70 474.53 294.88 -10 -10 -10 -100    0 -1000 -1000 -10
70 3 pedestrian 0 0 -10 697.55 185.74 804.51 270.75 -10 -10 -10 -100    0 -1000 -1000 -10
70 2 pedestrian 0 0 -10 0.00 217.55 116.22 376.00 -10 -10 -10 -100    0 -1000 -1000 -10
70 22 pedestrian 0 0 -10 465.50 172.48 500.97 204.36 -10 -10 -10 -100    0 -1000 -1000 -10
71 18 pedestrian 0 0 -10 386.92 183.82 445.03 225.36 -10 -10 -10 -100    0 -1000 -1000 -10
71 21 pedestrian 0 0 -10 484.58 178.95 529.27 220.30 -10 -10 -10 -100    0 -1000 -1000 -10
71 14 pedestrian 0 0 -10 53.84 185.18 265.96 295.90 -10 -10 -10 -100    0 -1000 -1000 -10
71 13 pedestrian 0 0 -10 307.47 186.77 396.88 242.90 -10 -10 -10 -100    0 -1000 -1000 -10
71 12 pedestrian 0 0 -10 490.70 160.86 630.29 203.93 -10 -10 -10 -100    0 -1000 -1000 -10
71 23 pedestrian 0 0 -10 431.91 172.09 472.65 210.53 -10 -10 -10 -100    0 -1000 -1000 -10
71 10 pedestrian 0 0 -10 619.28 177.15 635.87 194.04 -10 -10 -10 -100    0 -1000 -1000 -10
71 9 pedestrian 0 0 -10 428.78 180.27 513.02 247.70 -10 -10 -10 -100    0 -1000 -1000 -10
71 8 pedestrian 0 0 -10 517.29 178.63 550.90 206.73 -10 -10 -10 -100    0 -1000 -1000 -10
71 7 pedestrian 0 0 -10 641.67 176.03 682.53 211.60 -10 -10 -10 -100    0 -1000 -1000 -10
71 6 pedestrian 0 0 -10 587.40 175.61 613.87 203.67 -10 -10 -10 -100    0 -1000 -1000 -10
71 5 pedestrian 0 0 -10 314.18 178.50 470.74 299.21 -10 -10 -10 -100    0 -1000 -1000 -10
71 3 pedestrian 0 0 -10 697.28 185.70 804.98 270.81 -10 -10 -10 -100    0 -1000 -1000 -10
71 22 pedestrian 0 0 -10 464.65 172.10 500.49 204.89 -10 -10 -10 -100    0 -1000 -1000 -10
72 18 pedestrian 0 0 -10 385.43 183.66 443.44 225.85 -10 -10 -10 -100    0 -1000 -1000 -10
72 21 pedestrian 0 0 -10 482.15 178.51 528.36 220.44 -10 -10 -10 -100    0 -1000 -1000 -10
72 14 pedestrian 0 0 -10 35.08 184.56 257.81 299.13 -10 -10 -10 -100    0 -1000 -1000 -10
72 13 pedestrian 0 0 -10 302.19 186.45 395.18 243.77 -10 -10 -10 -100    0 -1000 -1000 -10
72 12 pedestrian 0 0 -10 490.71 160.86 630.14 203.52 -10 -10 -10 -100    0 -1000 -1000 -10
72 23 pedestrian 0 0 -10 431.46 171.49 472.19 210.33 -10 -10 -10 -100    0 -1000 -1000 -10
72 10 pedestrian 0 0 -10 617.93 176.91 635.05 193.91 -10 -10 -10 -100    0 -1000 -1000 -10
72 9 pedestrian 0 0 -10 424.65 180.05 511.64 248.79 -10 -10 -10 -100    0 -1000 -1000 -10
72 8 pedestrian 0 0 -10 516.57 178.54 549.77 206.71 -10 -10 -10 -100    0 -1000 -1000 -10
72 7 pedestrian 0 0 -10 641.17 175.73 681.90 211.20 -10 -10 -10 -100    0 -1000 -1000 -10
72 6 pedestrian 0 0 -10 587.55 175.45 613.95 203.47 -10 -10 -10 -100    0 -1000 -1000 -10
72 5 pedestrian 0 0 -10 303.39 178.51 466.26 303.92 -10 -10 -10 -100    0 -1000 -1000 -10
72 3 pedestrian 0 0 -10 697.16 185.56 804.87 270.73 -10 -10 -10 -100    0 -1000 -1000 -10
72 22 pedestrian 0 0 -10 464.04 171.44 500.39 204.68 -10 -10 -10 -100    0 -1000 -1000 -10
73 18 pedestrian 0 0 -10 383.11 184.23 442.11 226.38 -10 -10 -10 -100    0 -1000 -1000 -10
73 21 pedestrian 0 0 -10 480.85 177.78 527.57 220.52 -10 -10 -10 -100    0 -1000 -1000 -10
73 14 pedestrian 0 0 -10 17.26 184.28 249.78 302.50 -10 -10 -10 -100    0 -1000 -1000 -10
73 13 pedestrian 0 0 -10 298.14 185.82 391.30 244.93 -10 -10 -10 -100    0 -1000 -1000 -10
73 12 pedestrian 0 0 -10 490.60 161.37 631.06 202.64 -10 -10 -10 -100    0 -1000 -1000 -10
73 23 pedestrian 0 0 -10 430.37 171.04 471.56 209.99 -10 -10 -10 -100    0 -1000 -1000 -10
73 10 pedestrian 0 0 -10 617.95 176.77 634.52 193.53 -10 -10 -10 -100    0 -1000 -1000 -10
73 9 pedestrian 0 0 -10 418.96 180.05 509.70 250.50 -10 -10 -10 -100    0 -1000 -1000 -10
73 8 pedestrian 0 0 -10 516.00 178.40 549.13 206.53 -10 -10 -10 -100    0 -1000 -1000 -10
73 7 pedestrian 0 0 -10 640.98 175.55 681.69 210.84 -10 -10 -10 -100    0 -1000 -1000 -10
73 6 pedestrian 0 0 -10 587.59 175.39 614.28 203.62 -10 -10 -10 -100    0 -1000 -1000 -10
73 5 pedestrian 0 0 -10 292.94 178.76 463.11 308.64 -10 -10 -10 -100    0 -1000 -1000 -10
73 3 pedestrian 0 0 -10 697.27 185.38 804.89 270.71 -10 -10 -10 -100    0 -1000 -1000 -10
73 22 pedestrian 0 0 -10 463.24 171.04 499.62 204.70 -10 -10 -10 -100    0 -1000 -1000 -10
74 18 pedestrian 0 0 -10 379.24 184.64 440.53 227.61 -10 -10 -10 -100    0 -1000 -1000 -10
74 21 pedestrian 0 0 -10 479.85 177.96 527.02 221.85 -10 -10 -10 -100    0 -1000 -1000 -10
74 14 pedestrian 0 0 -10 0.00 185.13 239.76 307.32 -10 -10 -10 -100    0 -1000 -1000 -10
74 13 pedestrian 0 0 -10 292.56 186.20 390.68 246.73 -10 -10 -10 -100    0 -1000 -1000 -10
74 12 pedestrian 0 0 -10 489.90 162.93 632.94 201.88 -10 -10 -10 -100    0 -1000 -1000 -10
74 23 pedestrian 0 0 -10 427.29 171.58 470.27 211.23 -10 -10 -10 -100    0 -1000 -1000 -10
74 10 pedestrian 0 0 -10 618.30 177.08 634.34 193.59 -10 -10 -10 -100    0 -1000 -1000 -10
74 9 pedestrian 0 0 -10 413.33 180.34 508.64 252.54 -10 -10 -10 -100    0 -1000 -1000 -10
74 8 pedestrian 0 0 -10 514.64 179.52 548.46 207.14 -10 -10 -10 -100    0 -1000 -1000 -10
74 7 pedestrian 0 0 -10 640.68 175.73 681.04 210.56 -10 -10 -10 -100    0 -1000 -1000 -10
74 6 pedestrian 0 0 -10 587.40 176.21 614.15 204.44 -10 -10 -10 -100    0 -1000 -1000 -10
74 5 pedestrian 0 0 -10 280.79 179.28 458.68 314.78 -10 -10 -10 -100    0 -1000 -1000 -10
74 3 pedestrian 0 0 -10 697.44 185.65 805.17 271.12 -10 -10 -10 -100    0 -1000 -1000 -10
74 22 pedestrian 0 0 -10 462.13 170.97 499.30 204.40 -10 -10 -10 -100    0 -1000 -1000 -10
75 18 pedestrian 0 0 -10 378.25 185.93 439.14 227.92 -10 -10 -10 -100    0 -1000 -1000 -10
75 24 pedestrian 0 0 -10 533.57 178.68 556.95 201.45 -10 -10 -10 -100    0 -1000 -1000 -10
75 21 pedestrian 0 0 -10 477.32 177.94 526.49 223.19 -10 -10 -10 -100    0 -1000 -1000 -10
75 14 pedestrian 0 0 -10 0.00 185.41 231.14 312.05 -10 -10 -10 -100    0 -1000 -1000 -10
75 13 pedestrian 0 0 -10 287.95 186.04 387.96 247.54 -10 -10 -10 -100    0 -1000 -1000 -10
75 12 pedestrian 0 0 -10 488.82 163.37 634.39 201.21 -10 -10 -10 -100    0 -1000 -1000 -10
75 23 pedestrian 0 0 -10 425.42 171.13 468.09 212.22 -10 -10 -10 -100    0 -1000 -1000 -10
75 10 pedestrian 0 0 -10 617.38 176.97 633.18 193.18 -10 -10 -10 -100    0 -1000 -1000 -10
75 9 pedestrian 0 0 -10 410.11 180.69 506.87 254.14 -10 -10 -10 -100    0 -1000 -1000 -10
75 8 pedestrian 0 0 -10 513.63 179.54 548.17 207.44 -10 -10 -10 -100    0 -1000 -1000 -10
75 7 pedestrian 0 0 -10 640.15 175.77 679.92 210.13 -10 -10 -10 -100    0 -1000 -1000 -10
75 6 pedestrian 0 0 -10 587.66 176.33 614.27 204.58 -10 -10 -10 -100    0 -1000 -1000 -10
75 5 pedestrian 0 0 -10 267.12 179.04 454.08 321.00 -10 -10 -10 -100    0 -1000 -1000 -10
75 3 pedestrian 0 0 -10 697.38 185.43 804.64 270.66 -10 -10 -10 -100    0 -1000 -1000 -10
75 22 pedestrian 0 0 -10 461.14 170.95 499.05 203.90 -10 -10 -10 -100    0 -1000 -1000 -10
76 18 pedestrian 0 0 -10 374.24 185.28 435.80 227.98 -10 -10 -10 -100    0 -1000 -1000 -10
76 24 pedestrian 0 0 -10 533.15 178.20 556.63 201.02 -10 -10 -10 -100    0 -1000 -1000 -10
76 21 pedestrian 0 0 -10 475.48 176.69 526.06 223.88 -10 -10 -10 -100    0 -1000 -1000 -10
76 14 pedestrian 0 0 -10 0.00 184.67 222.27 316.03 -10 -10 -10 -100    0 -1000 -1000 -10
76 13 pedestrian 0 0 -10 280.35 185.60 381.20 247.13 -10 -10 -10 -100    0 -1000 -1000 -10
76 12 pedestrian 0 0 -10 487.87 164.01 635.03 199.63 -10 -10 -10 -100    0 -1000 -1000 -10
76 23 pedestrian 0 0 -10 423.92 170.60 468.39 212.11 -10 -10 -10 -100    0 -1000 -1000 -10
76 10 pedestrian 0 0 -10 617.13 176.64 632.58 192.68 -10 -10 -10 -100    0 -1000 -1000 -10
76 9 pedestrian 0 0 -10 403.97 180.72 504.62 256.61 -10 -10 -10 -100    0 -1000 -1000 -10
76 8 pedestrian 0 0 -10 513.07 178.87 547.77 207.71 -10 -10 -10 -100    0 -1000 -1000 -10
76 7 pedestrian 0 0 -10 640.06 175.45 679.28 209.72 -10 -10 -10 -100    0 -1000 -1000 -10
76 6 pedestrian 0 0 -10 588.01 176.06 614.63 204.26 -10 -10 -10 -100    0 -1000 -1000 -10
76 5 pedestrian 0 0 -10 252.61 178.76 450.04 327.32 -10 -10 -10 -100    0 -1000 -1000 -10
76 3 pedestrian 0 0 -10 697.69 185.13 804.64 269.82 -10 -10 -10 -100    0 -1000 -1000 -10
76 22 pedestrian 0 0 -10 459.56 170.30 498.20 203.53 -10 -10 -10 -100    0 -1000 -1000 -10
77 18 pedestrian 0 0 -10 372.17 184.50 432.17 227.45 -10 -10 -10 -100    0 -1000 -1000 -10
77 24 pedestrian 0 0 -10 533.25 178.95 556.96 201.78 -10 -10 -10 -100    0 -1000 -1000 -10
77 21 pedestrian 0 0 -10 472.58 177.05 525.49 225.21 -10 -10 -10 -100    0 -1000 -1000 -10
77 14 pedestrian 0 0 -10 0.00 185.17 211.91 320.69 -10 -10 -10 -100    0 -1000 -1000 -10
77 13 pedestrian 0 0 -10 271.42 185.16 374.01 246.69 -10 -10 -10 -100    0 -1000 -1000 -10
77 12 pedestrian 0 0 -10 487.70 164.59 636.17 199.09 -10 -10 -10 -100    0 -1000 -1000 -10
77 23 pedestrian 0 0 -10 422.91 170.75 466.96 212.18 -10 -10 -10 -100    0 -1000 -1000 -10
77 10 pedestrian 0 0 -10 618.08 176.79 633.08 192.45 -10 -10 -10 -100    0 -1000 -1000 -10
77 9 pedestrian 0 0 -10 399.22 180.49 502.70 258.98 -10 -10 -10 -100    0 -1000 -1000 -10
77 8 pedestrian 0 0 -10 512.65 179.58 546.92 208.07 -10 -10 -10 -100    0 -1000 -1000 -10
77 7 pedestrian 0 0 -10 639.74 175.55 678.53 209.54 -10 -10 -10 -100    0 -1000 -1000 -10
77 6 pedestrian 0 0 -10 587.28 176.25 614.51 204.89 -10 -10 -10 -100    0 -1000 -1000 -10
77 5 pedestrian 0 0 -10 236.82 179.76 444.96 334.68 -10 -10 -10 -100    0 -1000 -1000 -10
77 3 pedestrian 0 0 -10 697.49 185.10 804.04 269.55 -10 -10 -10 -100    0 -1000 -1000 -10
77 22 pedestrian 0 0 -10 458.87 170.39 498.65 203.69 -10 -10 -10 -100    0 -1000 -1000 -10
78 18 pedestrian 0 0 -10 366.14 184.32 430.24 228.81 -10 -10 -10 -100    0 -1000 -1000 -10
78 24 pedestrian 0 0 -10 533.23 179.09 557.21 202.06 -10 -10 -10 -100    0 -1000 -1000 -10
78 21 pedestrian 0 0 -10 469.57 178.05 524.45 225.15 -10 -10 -10 -100    0 -1000 -1000 -10
78 14 pedestrian 0 0 -10 0.00 184.66 201.40 325.97 -10 -10 -10 -100    0 -1000 -1000 -10
78 13 pedestrian 0 0 -10 262.44 184.94 369.70 248.20 -10 -10 -10 -100    0 -1000 -1000 -10
78 12 pedestrian 0 0 -10 488.33 165.07 636.32 199.04 -10 -10 -10 -100    0 -1000 -1000 -10
78 23 pedestrian 0 0 -10 421.81 170.86 465.22 212.74 -10 -10 -10 -100    0 -1000 -1000 -10
78 10 pedestrian 0 0 -10 617.53 177.08 632.46 192.73 -10 -10 -10 -100    0 -1000 -1000 -10
78 9 pedestrian 0 0 -10 394.42 180.93 500.38 261.42 -10 -10 -10 -100    0 -1000 -1000 -10
78 8 pedestrian 0 0 -10 511.50 179.48 546.93 208.96 -10 -10 -10 -100    0 -1000 -1000 -10
78 7 pedestrian 0 0 -10 639.35 175.54 677.47 209.42 -10 -10 -10 -100    0 -1000 -1000 -10
78 6 pedestrian 0 0 -10 587.21 176.52 614.63 205.40 -10 -10 -10 -100    0 -1000 -1000 -10
78 5 pedestrian 0 0 -10 219.48 179.20 439.84 342.75 -10 -10 -10 -100    0 -1000 -1000 -10
78 3 pedestrian 0 0 -10 697.08 185.10 803.41 269.88 -10 -10 -10 -100    0 -1000 -1000 -10
78 22 pedestrian 0 0 -10 458.82 170.92 499.79 204.02 -10 -10 -10 -100    0 -1000 -1000 -10
79 18 pedestrian 0 0 -10 363.54 183.77 429.87 228.97 -10 -10 -10 -100    0 -1000 -1000 -10
79 24 pedestrian 0 0 -10 531.70 178.73 557.18 202.09 -10 -10 -10 -100    0 -1000 -1000 -10
79 21 pedestrian 0 0 -10 466.66 177.93 523.63 225.27 -10 -10 -10 -100    0 -1000 -1000 -10
79 14 pedestrian 0 0 -10 0.00 185.15 191.74 332.45 -10 -10 -10 -100    0 -1000 -1000 -10
79 13 pedestrian 0 0 -10 253.79 184.82 365.64 250.77 -10 -10 -10 -100    0 -1000 -1000 -10
79 12 pedestrian 0 0 -10 486.13 165.40 636.04 198.47 -10 -10 -10 -100    0 -1000 -1000 -10
79 23 pedestrian 0 0 -10 420.35 170.67 464.50 212.99 -10 -10 -10 -100    0 -1000 -1000 -10
79 10 pedestrian 0 0 -10 618.17 176.93 632.82 192.40 -10 -10 -10 -100    0 -1000 -1000 -10
79 9 pedestrian 0 0 -10 388.39 180.69 498.45 263.90 -10 -10 -10 -100    0 -1000 -1000 -10
79 8 pedestrian 0 0 -10 510.42 179.19 546.72 209.37 -10 -10 -10 -100    0 -1000 -1000 -10
79 7 pedestrian 0 0 -10 639.19 175.38 677.11 209.03 -10 -10 -10 -100    0 -1000 -1000 -10
79 6 pedestrian 0 0 -10 587.07 176.30 614.75 205.71 -10 -10 -10 -100    0 -1000 -1000 -10
79 5 pedestrian 0 0 -10 200.66 179.82 433.69 351.12 -10 -10 -10 -100    0 -1000 -1000 -10
79 3 pedestrian 0 0 -10 696.94 184.93 802.74 269.49 -10 -10 -10 -100    0 -1000 -1000 -10
79 22 pedestrian 0 0 -10 456.67 169.86 498.53 203.35 -10 -10 -10 -100    0 -1000 -1000 -10
80 18 pedestrian 0 0 -10 361.92 182.91 427.78 228.16 -10 -10 -10 -100    0 -1000 -1000 -10
80 24 pedestrian 0 0 -10 530.16 178.54 557.13 202.16 -10 -10 -10 -100    0 -1000 -1000 -10
80 21 pedestrian 0 0 -10 464.08 177.64 522.75 226.08 -10 -10 -10 -100    0 -1000 -1000 -10
80 14 pedestrian 0 0 -10 0.00 185.09 179.76 336.81 -10 -10 -10 -100    0 -1000 -1000 -10
80 13 pedestrian 0 0 -10 248.32 184.68 363.59 252.14 -10 -10 -10 -100    0 -1000 -1000 -10
80 12 pedestrian 0 0 -10 485.67 165.22 637.00 197.97 -10 -10 -10 -100    0 -1000 -1000 -10
80 23 pedestrian 0 0 -10 417.47 170.29 463.73 213.43 -10 -10 -10 -100    0 -1000 -1000 -10
80 10 pedestrian 0 0 -10 618.41 176.87 632.72 192.30 -10 -10 -10 -100    0 -1000 -1000 -10
80 9 pedestrian 0 0 -10 382.99 181.06 496.58 266.51 -10 -10 -10 -100    0 -1000 -1000 -10
80 8 pedestrian 0 0 -10 509.33 179.00 546.47 209.64 -10 -10 -10 -100    0 -1000 -1000 -10
80 7 pedestrian 0 0 -10 638.96 175.33 676.60 208.69 -10 -10 -10 -100    0 -1000 -1000 -10
80 6 pedestrian 0 0 -10 587.32 176.15 615.57 205.89 -10 -10 -10 -100    0 -1000 -1000 -10
80 5 pedestrian 0 0 -10 179.54 180.54 427.54 360.61 -10 -10 -10 -100    0 -1000 -1000 -10
80 3 pedestrian 0 0 -10 696.24 184.87 802.27 269.00 -10 -10 -10 -100    0 -1000 -1000 -10
80 22 pedestrian 0 0 -10 455.23 169.29 497.53 203.12 -10 -10 -10 -100    0 -1000 -1000 -10
81 18 pedestrian 0 0 -10 357.64 183.25 425.86 228.61 -10 -10 -10 -100    0 -1000 -1000 -10
81 24 pedestrian 0 0 -10 530.06 179.58 557.14 202.73 -10 -10 -10 -100    0 -1000 -1000 -10
81 21 pedestrian 0 0 -10 462.02 178.14 522.30 227.76 -10 -10 -10 -100    0 -1000 -1000 -10
81 14 pedestrian 0 0 -10 0.00 186.23 169.66 341.55 -10 -10 -10 -100    0 -1000 -1000 -10
81 13 pedestrian 0 0 -10 244.32 185.63 360.98 254.67 -10 -10 -10 -100    0 -1000 -1000 -10
81 12 pedestrian 0 0 -10 485.72 166.03 637.16 198.66 -10 -10 -10 -100    0 -1000 -1000 -10
81 23 pedestrian 0 0 -10 415.95 170.80 462.26 212.86 -10 -10 -10 -100    0 -1000 -1000 -10
81 10 pedestrian 0 0 -10 618.66 177.63 632.86 193.28 -10 -10 -10 -100    0 -1000 -1000 -10
81 9 pedestrian 0 0 -10 377.37 181.69 493.93 270.10 -10 -10 -10 -100    0 -1000 -1000 -10
81 8 pedestrian 0 0 -10 508.45 180.21 545.83 209.62 -10 -10 -10 -100    0 -1000 -1000 -10
81 7 pedestrian 0 0 -10 638.21 175.64 675.61 209.04 -10 -10 -10 -100    0 -1000 -1000 -10
81 6 pedestrian 0 0 -10 587.80 177.03 615.89 207.05 -10 -10 -10 -100    0 -1000 -1000 -10
81 5 pedestrian 0 0 -10 157.36 180.79 422.16 371.67 -10 -10 -10 -100    0 -1000 -1000 -10
81 3 pedestrian 0 0 -10 695.67 185.37 801.40 269.41 -10 -10 -10 -100    0 -1000 -1000 -10
81 22 pedestrian 0 0 -10 454.00 170.69 495.83 204.01 -10 -10 -10 -100    0 -1000 -1000 -10
82 18 pedestrian 0 0 -10 353.22 183.39 422.43 229.24 -10 -10 -10 -100    0 -1000 -1000 -10
82 24 pedestrian 0 0 -10 529.88 180.30 556.61 203.18 -10 -10 -10 -100    0 -1000 -1000 -10
82 21 pedestrian 0 0 -10 461.39 178.38 521.63 228.50 -10 -10 -10 -100    0 -1000 -1000 -10
82 14 pedestrian 0 0 -10 0.00 187.12 159.14 341.66 -10 -10 -10 -100    0 -1000 -1000 -10
82 13 pedestrian 0 0 -10 240.31 185.32 357.37 255.68 -10 -10 -10 -100    0 -1000 -1000 -10
82 12 pedestrian 0 0 -10 484.93 165.80 637.68 198.63 -10 -10 -10 -100    0 -1000 -1000 -10
82 23 pedestrian 0 0 -10 414.73 171.55 461.31 212.82 -10 -10 -10 -100    0 -1000 -1000 -10
82 10 pedestrian 0 0 -10 617.05 178.15 631.43 193.84 -10 -10 -10 -100    0 -1000 -1000 -10
82 9 pedestrian 0 0 -10 368.01 182.87 491.00 273.34 -10 -10 -10 -100    0 -1000 -1000 -10
82 8 pedestrian 0 0 -10 507.51 181.36 544.29 212.12 -10 -10 -10 -100    0 -1000 -1000 -10
82 7 pedestrian 0 0 -10 637.60 176.19 674.44 209.03 -10 -10 -10 -100    0 -1000 -1000 -10
82 6 pedestrian 0 0 -10 588.14 177.56 616.39 207.89 -10 -10 -10 -100    0 -1000 -1000 -10
82 5 pedestrian 0 0 -10 127.83 181.43 414.31 376.00 -10 -10 -10 -100    0 -1000 -1000 -10
82 3 pedestrian 0 0 -10 695.34 185.91 799.19 268.99 -10 -10 -10 -100    0 -1000 -1000 -10
82 22 pedestrian 0 0 -10 452.91 170.81 493.95 204.37 -10 -10 -10 -100    0 -1000 -1000 -10
83 18 pedestrian 0 0 -10 349.96 183.16 419.99 229.34 -10 -10 -10 -100    0 -1000 -1000 -10
83 24 pedestrian 0 0 -10 528.69 180.28 556.70 203.60 -10 -10 -10 -100    0 -1000 -1000 -10
83 21 pedestrian 0 0 -10 460.07 178.20 520.41 229.46 -10 -10 -10 -100    0 -1000 -1000 -10
83 14 pedestrian 0 0 -10 0.11 187.46 139.78 345.67 -10 -10 -10 -100    0 -1000 -1000 -10
83 13 pedestrian 0 0 -10 233.79 185.83 355.53 255.50 -10 -10 -10 -100    0 -1000 -1000 -10
83 12 pedestrian 0 0 -10 483.93 165.08 636.02 198.86 -10 -10 -10 -100    0 -1000 -1000 -10
83 23 pedestrian 0 0 -10 413.06 171.76 460.38 213.52 -10 -10 -10 -100    0 -1000 -1000 -10
83 10 pedestrian 0 0 -10 616.59 178.32 631.15 194.36 -10 -10 -10 -100    0 -1000 -1000 -10
83 9 pedestrian 0 0 -10 362.85 183.37 489.40 276.98 -10 -10 -10 -100    0 -1000 -1000 -10
83 8 pedestrian 0 0 -10 507.61 180.74 544.27 212.43 -10 -10 -10 -100    0 -1000 -1000 -10
83 7 pedestrian 0 0 -10 637.11 176.49 674.34 208.82 -10 -10 -10 -100    0 -1000 -1000 -10
83 6 pedestrian 0 0 -10 588.55 177.71 616.86 208.25 -10 -10 -10 -100    0 -1000 -1000 -10
83 5 pedestrian 0 0 -10 98.82 180.86 406.59 376.00 -10 -10 -10 -100    0 -1000 -1000 -10
83 3 pedestrian 0 0 -10 694.88 185.82 797.51 268.41 -10 -10 -10 -100    0 -1000 -1000 -10
83 22 pedestrian 0 0 -10 451.88 170.66 493.88 204.92 -10 -10 -10 -100    0 -1000 -1000 -10
84 18 pedestrian 0 0 -10 346.02 182.86 418.50 231.01 -10 -10 -10 -100    0 -1000 -1000 -10
84 24 pedestrian 0 0 -10 528.49 180.29 556.97 203.67 -10 -10 -10 -100    0 -1000 -1000 -10
84 21 pedestrian 0 0 -10 458.81 178.14 518.84 230.09 -10 -10 -10 -100    0 -1000 -1000 -10
84 14 pedestrian 0 0 -10 0.11 188.93 125.48 346.85 -10 -10 -10 -100    0 -1000 -1000 -10
84 13 pedestrian 0 0 -10 222.85 185.05 348.98 257.02 -10 -10 -10 -100    0 -1000 -1000 -10
84 12 pedestrian 0 0 -10 482.78 163.97 634.18 198.66 -10 -10 -10 -100    0 -1000 -1000 -10
84 23 pedestrian 0 0 -10 411.58 171.24 458.78 212.84 -10 -10 -10 -100    0 -1000 -1000 -10
84 10 pedestrian 0 0 -10 616.66 178.42 631.64 194.32 -10 -10 -10 -100    0 -1000 -1000 -10
84 9 pedestrian 0 0 -10 355.98 184.11 486.22 281.15 -10 -10 -10 -100    0 -1000 -1000 -10
84 8 pedestrian 0 0 -10 506.47 180.21 543.36 212.37 -10 -10 -10 -100    0 -1000 -1000 -10
84 7 pedestrian 0 0 -10 636.15 177.05 673.43 209.14 -10 -10 -10 -100    0 -1000 -1000 -10
84 6 pedestrian 0 0 -10 587.97 177.77 616.86 209.18 -10 -10 -10 -100    0 -1000 -1000 -10
84 5 pedestrian 0 0 -10 63.44 180.45 399.61 376.00 -10 -10 -10 -100    0 -1000 -1000 -10
84 3 pedestrian 0 0 -10 694.49 185.63 795.81 267.54 -10 -10 -10 -100    0 -1000 -1000 -10
84 22 pedestrian 0 0 -10 450.51 169.94 492.29 205.14 -10 -10 -10 -100    0 -1000 -1000 -10
85 18 pedestrian 0 0 -10 341.85 182.94 415.98 232.01 -10 -10 -10 -100    0 -1000 -1000 -10
85 24 pedestrian 0 0 -10 526.89 180.58 555.59 204.37 -10 -10 -10 -100    0 -1000 -1000 -10
85 21 pedestrian 0 0 -10 458.20 178.54 516.96 230.44 -10 -10 -10 -100    0 -1000 -1000 -10
85 14 pedestrian 0 0 -10 0.09 188.78 114.91 346.02 -10 -10 -10 -100    0 -1000 -1000 -10
85 13 pedestrian 0 0 -10 215.87 185.26 346.05 258.95 -10 -10 -10 -100    0 -1000 -1000 -10
85 12 pedestrian 0 0 -10 482.71 162.39 632.04 200.92 -10 -10 -10 -100    0 -1000 -1000 -10
85 23 pedestrian 0 0 -10 410.03 170.71 457.28 214.34 -10 -10 -10 -100    0 -1000 -1000 -10
85 9 pedestrian 0 0 -10 347.41 184.78 483.05 284.27 -10 -10 -10 -100    0 -1000 -1000 -10
85 8 pedestrian 0 0 -10 505.28 181.01 542.74 212.67 -10 -10 -10 -100    0 -1000 -1000 -10
85 7 pedestrian 0 0 -10 635.56 177.49 672.17 209.29 -10 -10 -10 -100    0 -1000 -1000 -10
85 6 pedestrian 0 0 -10 587.74 177.64 616.65 209.08 -10 -10 -10 -100    0 -1000 -1000 -10
85 5 pedestrian 0 0 -10 26.14 181.30 388.96 376.00 -10 -10 -10 -100    0 -1000 -1000 -10
85 3 pedestrian 0 0 -10 693.64 186.04 793.82 266.97 -10 -10 -10 -100    0 -1000 -1000 -10
85 22 pedestrian 0 0 -10 448.77 170.41 491.85 206.33 -10 -10 -10 -100    0 -1000 -1000 -10
86 24 pedestrian 0 0 -10 526.63 180.46 555.67 204.45 -10 -10 -10 -100    0 -1000 -1000 -10
86 21 pedestrian 0 0 -10 455.62 178.10 515.67 231.03 -10 -10 -10 -100    0 -1000 -1000 -10
86 14 pedestrian 0 0 -10 0.00 190.09 94.39 344.91 -10 -10 -10 -100    0 -1000 -1000 -10
86 13 pedestrian 0 0 -10 209.07 184.26 340.93 260.07 -10 -10 -10 -100    0 -1000 -1000 -10
86 12 pedestrian 0 0 -10 479.37 160.48 631.47 202.56 -10 -10 -10 -100    0 -1000 -1000 -10
86 23 pedestrian 0 0 -10 407.80 170.44 455.61 214.49 -10 -10 -10 -100    0 -1000 -1000 -10
86 9 pedestrian 0 0 -10 339.08 185.00 480.45 287.82 -10 -10 -10 -100    0 -1000 -1000 -10
86 8 pedestrian 0 0 -10 504.29 181.12 542.39 212.76 -10 -10 -10 -100    0 -1000 -1000 -10
86 7 pedestrian 0 0 -10 635.00 177.56 671.19 209.05 -10 -10 -10 -100    0 -1000 -1000 -10
86 6 pedestrian 0 0 -10 588.03 177.64 616.93 208.81 -10 -10 -10 -100    0 -1000 -1000 -10
86 5 pedestrian 0 0 -10 1.08 181.80 379.98 376.00 -10 -10 -10 -100    0 -1000 -1000 -10
86 18 pedestrian 0 0 -10 338.78 183.00 415.42 233.16 -10 -10 -10 -100    0 -1000 -1000 -10
86 3 pedestrian 0 0 -10 692.99 186.15 791.55 266.23 -10 -10 -10 -100    0 -1000 -1000 -10
86 22 pedestrian 0 0 -10 446.42 170.02 491.56 207.80 -10 -10 -10 -100    0 -1000 -1000 -10
87 24 pedestrian 0 0 -10 526.18 180.31 555.27 204.40 -10 -10 -10 -100    0 -1000 -1000 -10
87 21 pedestrian 0 0 -10 453.02 177.60 514.19 231.41 -10 -10 -10 -100    0 -1000 -1000 -10
87 14 pedestrian 0 0 -10 0.00 187.54 78.40 341.82 -10 -10 -10 -100    0 -1000 -1000 -10
87 13 pedestrian 0 0 -10 205.24 184.60 336.59 262.21 -10 -10 -10 -100    0 -1000 -1000 -10
87 12 pedestrian 0 0 -10 476.75 159.79 631.36 202.88 -10 -10 -10 -100    0 -1000 -1000 -10
87 23 pedestrian 0 0 -10 405.67 170.40 454.38 214.73 -10 -10 -10 -100    0 -1000 -1000 -10
87 9 pedestrian 0 0 -10 332.88 185.48 477.23 291.82 -10 -10 -10 -100    0 -1000 -1000 -10
87 8 pedestrian 0 0 -10 503.04 180.95 541.35 212.93 -10 -10 -10 -100    0 -1000 -1000 -10
87 7 pedestrian 0 0 -10 634.66 177.46 670.10 208.34 -10 -10 -10 -100    0 -1000 -1000 -10
87 6 pedestrian 0 0 -10 588.12 177.57 616.92 208.64 -10 -10 -10 -100    0 -1000 -1000 -10
87 5 pedestrian 0 0 -10 0.35 183.27 369.07 376.00 -10 -10 -10 -100    0 -1000 -1000 -10
87 18 pedestrian 0 0 -10 337.43 182.86 414.63 233.51 -10 -10 -10 -100    0 -1000 -1000 -10
87 3 pedestrian 0 0 -10 691.84 186.10 789.60 264.76 -10 -10 -10 -100    0 -1000 -1000 -10
87 22 pedestrian 0 0 -10 444.61 169.68 489.81 207.48 -10 -10 -10 -100    0 -1000 -1000 -10
88 24 pedestrian 0 0 -10 524.56 180.40 554.31 205.16 -10 -10 -10 -100    0 -1000 -1000 -10
88 21 pedestrian 0 0 -10 450.65 178.33 512.78 232.80 -10 -10 -10 -100    0 -1000 -1000 -10
88 14 pedestrian 0 0 -10 0.00 190.40 57.90 345.11 -10 -10 -10 -100    0 -1000 -1000 -10
88 13 pedestrian 0 0 -10 188.20 186.15 330.22 265.84 -10 -10 -10 -100    0 -1000 -1000 -10
88 12 pedestrian 0 0 -10 478.70 160.03 630.59 203.67 -10 -10 -10 -100    0 -1000 -1000 -10
88 23 pedestrian 0 0 -10 403.89 170.56 452.79 215.60 -10 -10 -10 -100    0 -1000 -1000 -10
88 9 pedestrian 0 0 -10 319.98 186.15 473.94 296.17 -10 -10 -10 -100    0 -1000 -1000 -10
88 8 pedestrian 0 0 -10 502.35 180.99 541.00 213.53 -10 -10 -10 -100    0 -1000 -1000 -10
88 7 pedestrian 0 0 -10 633.82 177.76 669.24 208.58 -10 -10 -10 -100    0 -1000 -1000 -10
88 6 pedestrian 0 0 -10 587.43 177.50 616.71 209.28 -10 -10 -10 -100    0 -1000 -1000 -10
88 5 pedestrian 0 0 -10 0.49 183.84 354.96 376.00 -10 -10 -10 -100    0 -1000 -1000 -10
88 18 pedestrian 0 0 -10 334.53 183.34 411.75 233.51 -10 -10 -10 -100    0 -1000 -1000 -10
88 3 pedestrian 0 0 -10 690.42 186.39 787.59 264.40 -10 -10 -10 -100    0 -1000 -1000 -10
88 22 pedestrian 0 0 -10 443.58 170.55 489.53 208.50 -10 -10 -10 -100    0 -1000 -1000 -10
89 24 pedestrian 0 0 -10 524.26 180.61 554.02 205.46 -10 -10 -10 -100    0 -1000 -1000 -10
89 21 pedestrian 0 0 -10 447.57 178.85 511.61 233.90 -10 -10 -10 -100    0 -1000 -1000 -10
89 13 pedestrian 0 0 -10 176.80 186.07 324.82 270.58 -10 -10 -10 -100    0 -1000 -1000 -10
89 12 pedestrian 0 0 -10 479.45 160.48 631.98 204.03 -10 -10 -10 -100    0 -1000 -1000 -10
89 23 pedestrian 0 0 -10 401.09 170.54 450.62 216.44 -10 -10 -10 -100    0 -1000 -1000 -10
89 9 pedestrian 0 0 -10 310.46 185.98 470.92 301.07 -10 -10 -10 -100    0 -1000 -1000 -10
89 8 pedestrian 0 0 -10 501.81 181.54 540.67 213.46 -10 -10 -10 -100    0 -1000 -1000 -10
89 7 pedestrian 0 0 -10 633.55 177.95 667.98 208.34 -10 -10 -10 -100    0 -1000 -1000 -10
89 6 pedestrian 0 0 -10 587.39 177.65 616.68 209.66 -10 -10 -10 -100    0 -1000 -1000 -10
89 5 pedestrian 0 0 -10 0.00 185.58 341.21 376.00 -10 -10 -10 -100    0 -1000 -1000 -10
89 18 pedestrian 0 0 -10 333.25 183.19 409.37 232.93 -10 -10 -10 -100    0 -1000 -1000 -10
89 3 pedestrian 0 0 -10 689.70 186.25 784.54 263.65 -10 -10 -10 -100    0 -1000 -1000 -10
89 22 pedestrian 0 0 -10 442.35 171.11 488.23 209.30 -10 -10 -10 -100    0 -1000 -1000 -10
90 24 pedestrian 0 0 -10 524.07 180.63 554.48 206.01 -10 -10 -10 -100    0 -1000 -1000 -10
90 21 pedestrian 0 0 -10 444.77 178.82 511.00 235.16 -10 -10 -10 -100    0 -1000 -1000 -10
90 13 pedestrian 0 0 -10 163.69 187.00 319.22 274.02 -10 -10 -10 -100    0 -1000 -1000 -10
90 12 pedestrian 0 0 -10 478.57 160.63 632.21 204.07 -10 -10 -10 -100    0 -1000 -1000 -10
90 23 pedestrian 0 0 -10 399.40 170.99 448.99 217.85 -10 -10 -10 -100    0 -1000 -1000 -10
90 9 pedestrian 0 0 -10 300.04 186.81 467.17 305.62 -10 -10 -10 -100    0 -1000 -1000 -10
90 8 pedestrian 0 0 -10 500.13 181.29 540.35 214.25 -10 -10 -10 -100    0 -1000 -1000 -10
90 7 pedestrian 0 0 -10 633.10 178.42 666.68 208.20 -10 -10 -10 -100    0 -1000 -1000 -10
90 6 pedestrian 0 0 -10 586.68 177.79 616.54 209.70 -10 -10 -10 -100    0 -1000 -1000 -10
90 5 pedestrian 0 0 -10 0.05 185.18 327.43 376.00 -10 -10 -10 -100    0 -1000 -1000 -10
90 18 pedestrian 0 0 -10 326.77 183.26 406.68 234.70 -10 -10 -10 -100    0 -1000 -1000 -10
90 3 pedestrian 0 0 -10 688.69 186.40 782.02 262.44 -10 -10 -10 -100    0 -1000 -1000 -10
90 22 pedestrian 0 0 -10 441.02 171.27 487.41 209.31 -10 -10 -10 -100    0 -1000 -1000 -10
91 24 pedestrian 0 0 -10 523.64 180.68 554.29 206.44 -10 -10 -10 -100    0 -1000 -1000 -10
91 21 pedestrian 0 0 -10 441.94 178.91 509.65 235.59 -10 -10 -10 -100    0 -1000 -1000 -10
91 13 pedestrian 0 0 -10 150.34 187.25 311.05 274.08 -10 -10 -10 -100    0 -1000 -1000 -10
91 12 pedestrian 0 0 -10 478.82 160.35 630.58 203.64 -10 -10 -10 -100    0 -1000 -1000 -10
91 23 pedestrian 0 0 -10 396.83 171.25 447.21 217.90 -10 -10 -10 -100    0 -1000 -1000 -10
91 9 pedestrian 0 0 -10 289.18 186.73 464.17 310.16 -10 -10 -10 -100    0 -1000 -1000 -10
91 8 pedestrian 0 0 -10 498.81 180.88 539.77 214.65 -10 -10 -10 -100    0 -1000 -1000 -10
91 7 pedestrian 0 0 -10 632.43 178.49 665.95 207.88 -10 -10 -10 -100    0 -1000 -1000 -10
91 6 pedestrian 0 0 -10 586.12 177.68 616.37 209.50 -10 -10 -10 -100    0 -1000 -1000 -10
91 5 pedestrian 0 0 -10 0.24 185.94 309.41 376.00 -10 -10 -10 -100    0 -1000 -1000 -10
91 18 pedestrian 0 0 -10 323.20 183.45 404.67 236.02 -10 -10 -10 -100    0 -1000 -1000 -10
91 3 pedestrian 0 0 -10 687.22 186.14 779.94 261.00 -10 -10 -10 -100    0 -1000 -1000 -10
91 22 pedestrian 0 0 -10 438.22 170.97 486.09 209.83 -10 -10 -10 -100    0 -1000 -1000 -10
92 24 pedestrian 0 0 -10 522.94 180.43 554.21 206.62 -10 -10 -10 -100    0 -1000 -1000 -10
92 21 pedestrian 0 0 -10 440.58 179.23 508.42 236.12 -10 -10 -10 -100    0 -1000 -1000 -10
92 13 pedestrian 0 0 -10 138.44 187.44 305.66 276.12 -10 -10 -10 -100    0 -1000 -1000 -10
92 12 pedestrian 0 0 -10 478.20 160.02 630.72 203.60 -10 -10 -10 -100    0 -1000 -1000 -10
92 23 pedestrian 0 0 -10 393.57 171.11 445.01 219.42 -10 -10 -10 -100    0 -1000 -1000 -10
92 9 pedestrian 0 0 -10 276.65 187.61 459.47 315.54 -10 -10 -10 -100    0 -1000 -1000 -10
92 8 pedestrian 0 0 -10 497.30 180.50 538.97 215.77 -10 -10 -10 -100    0 -1000 -1000 -10
92 7 pedestrian 0 0 -10 631.71 178.55 664.50 207.49 -10 -10 -10 -100    0 -1000 -1000 -10
92 6 pedestrian 0 0 -10 585.97 177.70 616.25 209.62 -10 -10 -10 -100    0 -1000 -1000 -10
92 5 pedestrian 0 0 -10 0.22 188.05 291.49 376.00 -10 -10 -10 -100    0 -1000 -1000 -10
92 18 pedestrian 0 0 -10 317.01 183.33 401.15 237.19 -10 -10 -10 -100    0 -1000 -1000 -10
92 3 pedestrian 0 0 -10 685.67 185.86 776.21 260.05 -10 -10 -10 -100    0 -1000 -1000 -10
92 22 pedestrian 0 0 -10 436.86 170.73 485.04 210.00 -10 -10 -10 -100    0 -1000 -1000 -10
93 24 pedestrian 0 0 -10 523.10 180.23 553.74 206.34 -10 -10 -10 -100    0 -1000 -1000 -10
93 21 pedestrian 0 0 -10 438.19 179.04 507.09 236.59 -10 -10 -10 -100    0 -1000 -1000 -10
93 13 pedestrian 0 0 -10 121.94 187.47 296.42 280.29 -10 -10 -10 -100    0 -1000 -1000 -10
93 12 pedestrian 0 0 -10 476.46 159.35 630.61 203.58 -10 -10 -10 -100    0 -1000 -1000 -10
93 23 pedestrian 0 0 -10 391.16 170.93 443.52 219.60 -10 -10 -10 -100    0 -1000 -1000 -10
93 9 pedestrian 0 0 -10 263.51 186.81 455.35 321.24 -10 -10 -10 -100    0 -1000 -1000 -10
93 8 pedestrian 0 0 -10 496.74 180.80 538.57 215.91 -10 -10 -10 -100    0 -1000 -1000 -10
93 7 pedestrian 0 0 -10 631.04 178.15 663.44 206.69 -10 -10 -10 -100    0 -1000 -1000 -10
93 6 pedestrian 0 0 -10 585.77 177.30 616.35 209.54 -10 -10 -10 -100    0 -1000 -1000 -10
93 5 pedestrian 0 0 -10 0.00 189.50 268.86 376.00 -10 -10 -10 -100    0 -1000 -1000 -10
93 18 pedestrian 0 0 -10 313.34 183.13 396.58 237.02 -10 -10 -10 -100    0 -1000 -1000 -10
93 3 pedestrian 0 0 -10 684.56 185.44 773.40 258.48 -10 -10 -10 -100    0 -1000 -1000 -10
93 22 pedestrian 0 0 -10 435.90 170.71 483.35 209.46 -10 -10 -10 -100    0 -1000 -1000 -10
94 24 pedestrian 0 0 -10 523.18 180.32 552.96 206.37 -10 -10 -10 -100    0 -1000 -1000 -10
94 21 pedestrian 0 0 -10 435.32 178.28 505.67 237.49 -10 -10 -10 -100    0 -1000 -1000 -10
94 13 pedestrian 0 0 -10 108.12 187.12 288.21 283.08 -10 -10 -10 -100    0 -1000 -1000 -10
94 12 pedestrian 0 0 -10 476.15 159.36 630.68 203.90 -10 -10 -10 -100    0 -1000 -1000 -10
94 23 pedestrian 0 0 -10 389.92 171.05 442.32 219.13 -10 -10 -10 -100    0 -1000 -1000 -10
94 9 pedestrian 0 0 -10 249.12 187.47 450.87 327.01 -10 -10 -10 -100    0 -1000 -1000 -10
94 8 pedestrian 0 0 -10 495.70 180.84 537.96 215.92 -10 -10 -10 -100    0 -1000 -1000 -10
94 7 pedestrian 0 0 -10 630.48 178.04 661.89 205.96 -10 -10 -10 -100    0 -1000 -1000 -10
94 6 pedestrian 0 0 -10 585.92 177.16 616.38 209.33 -10 -10 -10 -100    0 -1000 -1000 -10
94 5 pedestrian 0 0 -10 0.00 192.30 243.58 376.00 -10 -10 -10 -100    0 -1000 -1000 -10
94 18 pedestrian 0 0 -10 312.29 182.69 395.66 236.92 -10 -10 -10 -100    0 -1000 -1000 -10
94 3 pedestrian 0 0 -10 683.81 185.17 770.73 256.79 -10 -10 -10 -100    0 -1000 -1000 -10
94 22 pedestrian 0 0 -10 434.77 170.80 482.11 209.68 -10 -10 -10 -100    0 -1000 -1000 -10
95 24 pedestrian 0 0 -10 521.28 180.14 552.41 206.65 -10 -10 -10 -100    0 -1000 -1000 -10
95 21 pedestrian 0 0 -10 432.84 178.75 504.49 238.65 -10 -10 -10 -100    0 -1000 -1000 -10
95 13 pedestrian 0 0 -10 91.91 187.73 280.49 286.12 -10 -10 -10 -100    0 -1000 -1000 -10
95 12 pedestrian 0 0 -10 475.57 159.57 629.34 204.00 -10 -10 -10 -100    0 -1000 -1000 -10
95 23 pedestrian 0 0 -10 387.60 171.53 440.07 219.91 -10 -10 -10 -100    0 -1000 -1000 -10
95 9 pedestrian 0 0 -10 233.46 187.02 446.95 334.21 -10 -10 -10 -100    0 -1000 -1000 -10
95 8 pedestrian 0 0 -10 494.46 180.48 536.97 215.59 -10 -10 -10 -100    0 -1000 -1000 -10
95 7 pedestrian 0 0 -10 628.77 178.15 661.05 205.86 -10 -10 -10 -100    0 -1000 -1000 -10
95 6 pedestrian 0 0 -10 585.50 177.32 616.17 209.41 -10 -10 -10 -100    0 -1000 -1000 -10
95 5 pedestrian 0 0 -10 0.00 195.50 218.37 376.00 -10 -10 -10 -100    0 -1000 -1000 -10
95 18 pedestrian 0 0 -10 311.50 183.46 393.51 236.19 -10 -10 -10 -100    0 -1000 -1000 -10
95 3 pedestrian 0 0 -10 681.94 184.97 767.59 255.56 -10 -10 -10 -100    0 -1000 -1000 -10
95 22 pedestrian 0 0 -10 432.97 170.82 481.00 210.42 -10 -10 -10 -100    0 -1000 -1000 -10
96 24 pedestrian 0 0 -10 521.60 180.05 552.43 206.13 -10 -10 -10 -100    0 -1000 -1000 -10
96 21 pedestrian 0 0 -10 429.82 178.64 502.98 239.83 -10 -10 -10 -100    0 -1000 -1000 -10
96 13 pedestrian 0 0 -10 75.13 188.02 271.60 289.97 -10 -10 -10 -100    0 -1000 -1000 -10
96 12 pedestrian 0 0 -10 476.29 159.45 628.88 203.79 -10 -10 -10 -100    0 -1000 -1000 -10
96 23 pedestrian 0 0 -10 384.15 171.40 437.52 220.98 -10 -10 -10 -100    0 -1000 -1000 -10
96 9 pedestrian 0 0 -10 217.59 187.32 441.93 340.62 -10 -10 -10 -100    0 -1000 -1000 -10
96 8 pedestrian 0 0 -10 493.19 181.02 535.52 215.20 -10 -10 -10 -100    0 -1000 -1000 -10
96 7 pedestrian 0 0 -10 627.86 178.03 659.98 206.03 -10 -10 -10 -100    0 -1000 -1000 -10
96 6 pedestrian 0 0 -10 585.17 177.38 616.08 209.50 -10 -10 -10 -100    0 -1000 -1000 -10
96 5 pedestrian 0 0 -10 0.00 194.71 181.53 376.00 -10 -10 -10 -100    0 -1000 -1000 -10
96 18 pedestrian 0 0 -10 305.51 183.84 390.66 237.57 -10 -10 -10 -100    0 -1000 -1000 -10
96 3 pedestrian 0 0 -10 680.46 184.68 764.56 253.90 -10 -10 -10 -100    0 -1000 -1000 -10
96 22 pedestrian 0 0 -10 432.00 170.90 480.42 210.63 -10 -10 -10 -100    0 -1000 -1000 -10
97 24 pedestrian 0 0 -10 521.99 180.20 553.11 206.28 -10 -10 -10 -100    0 -1000 -1000 -10
97 21 pedestrian 0 0 -10 426.30 178.77 501.64 241.10 -10 -10 -10 -100    0 -1000 -1000 -10
97 13 pedestrian 0 0 -10 57.65 188.33 263.51 293.72 -10 -10 -10 -100    0 -1000 -1000 -10
97 12 pedestrian 0 0 -10 476.55 159.55 627.90 203.73 -10 -10 -10 -100    0 -1000 -1000 -10
97 23 pedestrian 0 0 -10 381.19 171.34 435.34 220.75 -10 -10 -10 -100    0 -1000 -1000 -10
97 9 pedestrian 0 0 -10 199.63 188.97 436.78 348.49 -10 -10 -10 -100    0 -1000 -1000 -10
97 8 pedestrian 0 0 -10 491.88 181.23 534.77 215.32 -10 -10 -10 -100    0 -1000 -1000 -10
97 7 pedestrian 0 0 -10 627.51 178.14 658.93 205.82 -10 -10 -10 -100    0 -1000 -1000 -10
97 6 pedestrian 0 0 -10 585.22 177.54 616.18 209.82 -10 -10 -10 -100    0 -1000 -1000 -10
97 5 pedestrian 0 0 -10 0.00 197.25 137.88 376.00 -10 -10 -10 -100    0 -1000 -1000 -10
97 18 pedestrian 0 0 -10 297.19 183.94 387.39 240.61 -10 -10 -10 -100    0 -1000 -1000 -10
97 3 pedestrian 0 0 -10 679.46 184.58 761.39 252.35 -10 -10 -10 -100    0 -1000 -1000 -10
97 22 pedestrian 0 0 -10 430.35 171.22 479.01 210.68 -10 -10 -10 -100    0 -1000 -1000 -10
98 24 pedestrian 0 0 -10 521.75 180.49 552.58 206.16 -10 -10 -10 -100    0 -1000 -1000 -10
98 21 pedestrian 0 0 -10 422.52 179.27 499.67 242.57 -10 -10 -10 -100    0 -1000 -1000 -10
98 13 pedestrian 0 0 -10 37.96 188.94 255.69 298.13 -10 -10 -10 -100    0 -1000 -1000 -10
98 12 pedestrian 0 0 -10 477.27 159.65 628.17 203.55 -10 -10 -10 -100    0 -1000 -1000 -10
98 23 pedestrian 0 0 -10 378.64 171.57 433.42 222.17 -10 -10 -10 -100    0 -1000 -1000 -10
98 9 pedestrian 0 0 -10 180.46 190.03 431.52 357.81 -10 -10 -10 -100    0 -1000 -1000 -10
98 8 pedestrian 0 0 -10 489.89 180.65 533.93 216.12 -10 -10 -10 -100    0 -1000 -1000 -10
98 7 pedestrian 0 0 -10 626.98 178.53 658.48 206.31 -10 -10 -10 -100    0 -1000 -1000 -10
98 6 pedestrian 0 0 -10 585.45 177.76 616.33 210.13 -10 -10 -10 -100    0 -1000 -1000 -10
98 18 pedestrian 0 0 -10 294.25 183.82 386.07 241.52 -10 -10 -10 -100    0 -1000 -1000 -10
98 3 pedestrian 0 0 -10 678.39 184.56 758.85 251.37 -10 -10 -10 -100    0 -1000 -1000 -10
98 22 pedestrian 0 0 -10 428.60 171.37 478.43 211.27 -10 -10 -10 -100    0 -1000 -1000 -10
99 24 pedestrian 0 0 -10 520.65 180.29 551.23 206.20 -10 -10 -10 -100    0 -1000 -1000 -10
99 21 pedestrian 0 0 -10 420.07 178.90 498.70 243.14 -10 -10 -10 -100    0 -1000 -1000 -10
99 13 pedestrian 0 0 -10 18.76 189.26 243.02 302.59 -10 -10 -10 -100    0 -1000 -1000 -10
99 12 pedestrian 0 0 -10 479.23 159.58 628.63 203.21 -10 -10 -10 -100    0 -1000 -1000 -10
99 23 pedestrian 0 0 -10 376.35 171.21 431.52 221.23 -10 -10 -10 -100    0 -1000 -1000 -10
99 9 pedestrian 0 0 -10 158.64 189.48 425.39 366.33 -10 -10 -10 -100    0 -1000 -1000 -10
99 8 pedestrian 0 0 -10 489.08 180.50 533.28 216.28 -10 -10 -10 -100    0 -1000 -1000 -10
99 7 pedestrian 0 0 -10 626.92 178.26 657.05 205.17 -10 -10 -10 -100    0 -1000 -1000 -10
99 6 pedestrian 0 0 -10 584.98 177.62 616.31 210.44 -10 -10 -10 -100    0 -1000 -1000 -10
99 18 pedestrian 0 0 -10 289.43 183.60 385.02 241.65 -10 -10 -10 -100    0 -1000 -1000 -10
99 3 pedestrian 0 0 -10 676.81 184.12 755.67 249.84 -10 -10 -10 -100    0 -1000 -1000 -10
99 22 pedestrian 0 0 -10 426.85 171.05 477.94 211.10 -10 -10 -10 -100    0 -1000 -1000 -10
100 24 pedestrian 0 0 -10 520.42 180.05 551.21 206.40 -10 -10 -10 -100    0 -1000 -1000 -10
100 21 pedestrian 0 0 -10 417.47 178.59 496.94 243.77 -10 -10 -10 -100    0 -1000 -1000 -10
100 13 pedestrian 0 0 -10 0.00 189.54 232.45 306.94 -10 -10 -10 -100    0 -1000 -1000 -10
100 12 pedestrian 0 0 -10 479.57 159.09 629.10 203.01 -10 -10 -10 -100    0 -1000 -1000 -10
100 23 pedestrian 0 0 -10 374.33 171.07 430.40 221.47 -10 -10 -10 -100    0 -1000 -1000 -10
100 9 pedestrian 0 0 -10 132.99 189.91 420.39 376.00 -10 -10 -10 -100    0 -1000 -1000 -10
100 8 pedestrian 0 0 -10 487.74 180.60 532.34 216.35 -10 -10 -10 -100    0 -1000 -1000 -10
100 7 pedestrian 0 0 -10 625.85 177.99 655.97 204.47 -10 -10 -10 -100    0 -1000 -1000 -10
100 6 pedestrian 0 0 -10 584.84 177.45 616.27 210.46 -10 -10 -10 -100    0 -1000 -1000 -10
100 18 pedestrian 0 0 -10 285.99 183.36 382.90 242.09 -10 -10 -10 -100    0 -1000 -1000 -10
100 3 pedestrian 0 0 -10 675.14 183.63 752.74 248.36 -10 -10 -10 -100    0 -1000 -1000 -10
100 22 pedestrian 0 0 -10 426.11 171.21 477.60 210.87 -10 -10 -10 -100    0 -1000 -1000 -10
101 24 pedestrian 0 0 -10 520.72 180.28 551.34 206.08 -10 -10 -10 -100    0 -1000 -1000 -10
101 21 pedestrian 0 0 -10 415.58 178.89 496.33 244.66 -10 -10 -10 -100    0 -1000 -1000 -10
101 13 pedestrian 0 0 -10 0.00 189.65 225.29 311.41 -10 -10 -10 -100    0 -1000 -1000 -10
101 12 pedestrian 0 0 -10 478.38 158.58 628.59 202.86 -10 -10 -10 -100    0 -1000 -1000 -10
101 23 pedestrian 0 0 -10 372.83 170.68 428.87 222.70 -10 -10 -10 -100    0 -1000 -1000 -10
101 9 pedestrian 0 0 -10 107.21 190.69 413.50 376.00 -10 -10 -10 -100    0 -1000 -1000 -10
101 8 pedestrian 0 0 -10 486.69 180.89 531.59 216.32 -10 -10 -10 -100    0 -1000 -1000 -10
101 7 pedestrian 0 0 -10 625.28 177.77 655.08 204.08 -10 -10 -10 -100    0 -1000 -1000 -10
101 6 pedestrian 0 0 -10 585.04 177.21 616.42 210.57 -10 -10 -10 -100    0 -1000 -1000 -10
101 18 pedestrian 0 0 -10 282.80 183.48 379.47 242.10 -10 -10 -10 -100    0 -1000 -1000 -10
101 3 pedestrian 0 0 -10 674.26 182.95 749.79 246.82 -10 -10 -10 -100    0 -1000 -1000 -10
101 22 pedestrian 0 0 -10 425.44 171.60 476.67 211.37 -10 -10 -10 -100    0 -1000 -1000 -10
102 24 pedestrian 0 0 -10 520.46 180.34 551.10 206.37 -10 -10 -10 -100    0 -1000 -1000 -10
102 21 pedestrian 0 0 -10 412.93 179.11 495.49 245.64 -10 -10 -10 -100    0 -1000 -1000 -10
102 13 pedestrian 0 0 -10 0.00 190.69 209.90 317.31 -10 -10 -10 -100    0 -1000 -1000 -10
102 12 pedestrian 0 0 -10 476.21 158.46 628.29 202.91 -10 -10 -10 -100    0 -1000 -1000 -10
102 23 pedestrian 0 0 -10 370.26 170.91 427.60 223.80 -10 -10 -10 -100    0 -1000 -1000 -10
102 9 pedestrian 0 0 -10 77.86 191.91 407.56 376.00 -10 -10 -10 -100    0 -1000 -1000 -10
102 8 pedestrian 0 0 -10 484.54 180.98 531.02 217.21 -10 -10 -10 -100    0 -1000 -1000 -10
102 7 pedestrian 0 0 -10 624.86 177.46 654.11 203.50 -10 -10 -10 -100    0 -1000 -1000 -10
102 6 pedestrian 0 0 -10 584.72 177.07 616.38 210.69 -10 -10 -10 -100    0 -1000 -1000 -10
102 18 pedestrian 0 0 -10 277.66 183.37 375.43 243.02 -10 -10 -10 -100    0 -1000 -1000 -10
102 3 pedestrian 0 0 -10 672.71 182.75 747.07 245.50 -10 -10 -10 -100    0 -1000 -1000 -10
102 22 pedestrian 0 0 -10 423.61 171.85 475.27 211.75 -10 -10 -10 -100    0 -1000 -1000 -10
103 24 pedestrian 0 0 -10 520.26 180.24 550.99 206.55 -10 -10 -10 -100    0 -1000 -1000 -10
103 21 pedestrian 0 0 -10 409.59 178.83 493.92 246.59 -10 -10 -10 -100    0 -1000 -1000 -10
103 13 pedestrian 0 0 -10 0.00 190.70 203.17 323.72 -10 -10 -10 -100    0 -1000 -1000 -10
103 12 pedestrian 0 0 -10 472.86 157.92 627.87 202.96 -10 -10 -10 -100    0 -1000 -1000 -10
103 23 pedestrian 0 0 -10 367.75 170.42 427.03 223.45 -10 -10 -10 -100    0 -1000 -1000 -10
103 9 pedestrian 0 0 -10 43.50 191.82 401.24 376.00 -10 -10 -10 -100    0 -1000 -1000 -10
103 8 pedestrian 0 0 -10 484.52 180.90 530.44 216.55 -10 -10 -10 -100    0 -1000 -1000 -10
103 7 pedestrian 0 0 -10 624.13 177.29 653.29 203.08 -10 -10 -10 -100    0 -1000 -1000 -10
103 6 pedestrian 0 0 -10 584.53 176.79 616.26 210.93 -10 -10 -10 -100    0 -1000 -1000 -10
103 18 pedestrian 0 0 -10 274.37 183.13 374.04 243.50 -10 -10 -10 -100    0 -1000 -1000 -10
103 3 pedestrian 0 0 -10 671.23 182.55 744.42 243.32 -10 -10 -10 -100    0 -1000 -1000 -10
103 25 pedestrian 0 0 -10 466.60 176.20 502.79 207.02 -10 -10 -10 -100    0 -1000 -1000 -10
103 22 pedestrian 0 0 -10 422.73 171.71 475.18 212.00 -10 -10 -10 -100    0 -1000 -1000 -10
104 24 pedestrian 0 0 -10 520.26 180.10 551.08 206.38 -10 -10 -10 -100    0 -1000 -1000 -10
104 21 pedestrian 0 0 -10 406.85 178.49 492.77 247.00 -10 -10 -10 -100    0 -1000 -1000 -10
104 13 pedestrian 0 0 -10 0.00 190.66 188.55 325.46 -10 -10 -10 -100    0 -1000 -1000 -10
104 12 pedestrian 0 0 -10 466.68 157.22 627.29 203.15 -10 -10 -10 -100    0 -1000 -1000 -10
104 23 pedestrian 0 0 -10 365.23 170.07 425.93 223.81 -10 -10 -10 -100    0 -1000 -1000 -10
104 9 pedestrian 0 0 -10 8.76 192.24 394.68 376.00 -10 -10 -10 -100    0 -1000 -1000 -10
104 8 pedestrian 0 0 -10 484.18 180.89 529.83 216.33 -10 -10 -10 -100    0 -1000 -1000 -10
104 7 pedestrian 0 0 -10 623.76 177.14 652.58 202.68 -10 -10 -10 -100    0 -1000 -1000 -10
104 6 pedestrian 0 0 -10 584.76 176.72 616.63 211.05 -10 -10 -10 -100    0 -1000 -1000 -10
104 18 pedestrian 0 0 -10 266.74 182.45 371.40 244.13 -10 -10 -10 -100    0 -1000 -1000 -10
104 3 pedestrian 0 0 -10 669.93 182.30 741.47 241.73 -10 -10 -10 -100    0 -1000 -1000 -10
104 25 pedestrian 0 0 -10 465.59 175.94 500.03 205.35 -10 -10 -10 -100    0 -1000 -1000 -10
104 22 pedestrian 0 0 -10 422.48 171.56 475.62 212.04 -10 -10 -10 -100    0 -1000 -1000 -10
105 24 pedestrian 0 0 -10 520.35 180.28 550.85 206.79 -10 -10 -10 -100    0 -1000 -1000 -10
105 21 pedestrian 0 0 -10 404.51 178.69 491.42 247.89 -10 -10 -10 -100    0 -1000 -1000 -10
105 13 pedestrian 0 0 -10 0.00 190.99 169.44 328.32 -10 -10 -10 -100    0 -1000 -1000 -10
105 12 pedestrian 0 0 -10 463.45 156.94 627.13 203.11 -10 -10 -10 -100    0 -1000 -1000 -10
105 23 pedestrian 0 0 -10 363.82 169.98 424.49 224.43 -10 -10 -10 -100    0 -1000 -1000 -10
105 9 pedestrian 0 0 -10 0.00 192.39 387.60 376.00 -10 -10 -10 -100    0 -1000 -1000 -10
105 8 pedestrian 0 0 -10 483.49 181.03 529.26 216.84 -10 -10 -10 -100    0 -1000 -1000 -10
105 7 pedestrian 0 0 -10 623.75 177.46 652.56 202.97 -10 -10 -10 -100    0 -1000 -1000 -10
105 6 pedestrian 0 0 -10 585.28 177.19 617.00 211.60 -10 -10 -10 -100    0 -1000 -1000 -10
105 18 pedestrian 0 0 -10 262.25 182.56 365.99 246.48 -10 -10 -10 -100    0 -1000 -1000 -10
105 3 pedestrian 0 0 -10 669.48 182.58 739.04 240.83 -10 -10 -10 -100    0 -1000 -1000 -10
105 25 pedestrian 0 0 -10 465.36 178.12 500.97 207.07 -10 -10 -10 -100    0 -1000 -1000 -10
105 22 pedestrian 0 0 -10 421.32 171.33 474.72 211.99 -10 -10 -10 -100    0 -1000 -1000 -10
106 24 pedestrian 0 0 -10 519.67 180.40 550.33 207.84 -10 -10 -10 -100    0 -1000 -1000 -10
106 21 pedestrian 0 0 -10 402.17 178.98 490.39 249.15 -10 -10 -10 -100    0 -1000 -1000 -10
106 13 pedestrian 0 0 -10 0.00 192.29 143.17 334.29 -10 -10 -10 -100    0 -1000 -1000 -10
106 12 pedestrian 0 0 -10 467.57 157.58 627.46 202.83 -10 -10 -10 -100    0 -1000 -1000 -10
106 23 pedestrian 0 0 -10 361.28 170.12 422.25 225.80 -10 -10 -10 -100    0 -1000 -1000 -10
106 9 pedestrian 0 0 -10 0.67 193.88 379.82 376.00 -10 -10 -10 -100    0 -1000 -1000 -10
106 8 pedestrian 0 0 -10 482.11 180.94 529.24 217.25 -10 -10 -10 -100    0 -1000 -1000 -10
106 7 pedestrian 0 0 -10 623.58 177.63 652.23 202.98 -10 -10 -10 -100    0 -1000 -1000 -10
106 6 pedestrian 0 0 -10 585.24 177.35 616.88 211.67 -10 -10 -10 -100    0 -1000 -1000 -10
106 18 pedestrian 0 0 -10 257.25 183.05 363.33 246.80 -10 -10 -10 -100    0 -1000 -1000 -10
106 3 pedestrian 0 0 -10 668.42 182.39 737.16 239.87 -10 -10 -10 -100    0 -1000 -1000 -10
106 25 pedestrian 0 0 -10 464.48 180.03 498.79 205.97 -10 -10 -10 -100    0 -1000 -1000 -10
106 22 pedestrian 0 0 -10 419.25 171.64 472.27 213.13 -10 -10 -10 -100    0 -1000 -1000 -10
107 24 pedestrian 0 0 -10 519.40 179.88 550.57 207.60 -10 -10 -10 -100    0 -1000 -1000 -10
107 21 pedestrian 0 0 -10 399.81 178.47 489.74 249.84 -10 -10 -10 -100    0 -1000 -1000 -10
107 13 pedestrian 0 0 -10 0.00 192.45 146.27 339.68 -10 -10 -10 -100    0 -1000 -1000 -10
107 12 pedestrian 0 0 -10 476.61 157.97 628.17 201.53 -10 -10 -10 -100    0 -1000 -1000 -10
107 23 pedestrian 0 0 -10 359.11 169.39 420.95 225.67 -10 -10 -10 -100    0 -1000 -1000 -10
107 9 pedestrian 0 0 -10 0.00 194.53 370.92 376.00 -10 -10 -10 -100    0 -1000 -1000 -10
107 8 pedestrian 0 0 -10 480.99 180.29 529.13 217.22 -10 -10 -10 -100    0 -1000 -1000 -10
107 7 pedestrian 0 0 -10 623.68 177.22 652.42 202.81 -10 -10 -10 -100    0 -1000 -1000 -10
107 6 pedestrian 0 0 -10 585.22 176.99 617.22 211.13 -10 -10 -10 -100    0 -1000 -1000 -10
107 18 pedestrian 0 0 -10 251.28 182.86 360.80 247.95 -10 -10 -10 -100    0 -1000 -1000 -10
107 3 pedestrian 0 0 -10 667.67 181.86 734.49 237.95 -10 -10 -10 -100    0 -1000 -1000 -10
107 25 pedestrian 0 0 -10 463.29 179.54 497.76 205.17 -10 -10 -10 -100    0 -1000 -1000 -10
107 22 pedestrian 0 0 -10 417.93 170.97 472.53 213.15 -10 -10 -10 -100    0 -1000 -1000 -10
108 24 pedestrian 0 0 -10 519.13 179.57 550.52 207.01 -10 -10 -10 -100    0 -1000 -1000 -10
108 21 pedestrian 0 0 -10 396.86 178.03 488.41 250.67 -10 -10 -10 -100    0 -1000 -1000 -10
108 13 pedestrian 0 0 -10 0.00 193.56 140.24 343.97 -10 -10 -10 -100    0 -1000 -1000 -10
108 12 pedestrian 0 0 -10 488.18 159.55 629.20 199.47 -10 -10 -10 -100    0 -1000 -1000 -10
108 23 pedestrian 0 0 -10 356.81 169.03 419.57 225.68 -10 -10 -10 -100    0 -1000 -1000 -10
108 9 pedestrian 0 0 -10 0.00 193.35 360.16 376.00 -10 -10 -10 -100    0 -1000 -1000 -10
108 8 pedestrian 0 0 -10 479.99 179.52 529.03 217.18 -10 -10 -10 -100    0 -1000 -1000 -10
108 7 pedestrian 0 0 -10 624.40 177.10 652.43 201.92 -10 -10 -10 -100    0 -1000 -1000 -10
108 6 pedestrian 0 0 -10 585.68 176.59 618.05 210.91 -10 -10 -10 -100    0 -1000 -1000 -10
108 18 pedestrian 0 0 -10 247.43 182.49 358.43 246.84 -10 -10 -10 -100    0 -1000 -1000 -10
108 3 pedestrian 0 0 -10 667.20 181.26 732.18 235.99 -10 -10 -10 -100    0 -1000 -1000 -10
108 25 pedestrian 0 0 -10 462.60 178.15 498.16 204.37 -10 -10 -10 -100    0 -1000 -1000 -10
108 22 pedestrian 0 0 -10 416.17 170.67 470.88 212.98 -10 -10 -10 -100    0 -1000 -1000 -10
109 24 pedestrian 0 0 -10 518.68 179.86 550.46 207.61 -10 -10 -10 -100    0 -1000 -1000 -10
109 21 pedestrian 0 0 -10 394.17 177.99 487.68 251.82 -10 -10 -10 -100    0 -1000 -1000 -10
109 13 pedestrian 0 0 -10 0.00 194.38 131.12 337.79 -10 -10 -10 -100    0 -1000 -1000 -10
109 12 pedestrian 0 0 -10 494.00 160.91 628.85 197.77 -10 -10 -10 -100    0 -1000 -1000 -10
109 23 pedestrian 0 0 -10 354.42 168.94 418.50 226.16 -10 -10 -10 -100    0 -1000 -1000 -10
109 9 pedestrian 0 0 -10 0.00 194.92 353.43 376.00 -10 -10 -10 -100    0 -1000 -1000 -10
109 8 pedestrian 0 0 -10 479.32 179.62 528.96 217.59 -10 -10 -10 -100    0 -1000 -1000 -10
109 7 pedestrian 0 0 -10 625.00 177.06 651.95 201.29 -10 -10 -10 -100    0 -1000 -1000 -10
109 6 pedestrian 0 0 -10 585.93 176.39 618.65 210.84 -10 -10 -10 -100    0 -1000 -1000 -10
109 18 pedestrian 0 0 -10 240.42 182.58 355.97 248.91 -10 -10 -10 -100    0 -1000 -1000 -10
109 3 pedestrian 0 0 -10 666.78 181.21 730.38 235.00 -10 -10 -10 -100    0 -1000 -1000 -10
109 25 pedestrian 0 0 -10 461.21 178.50 497.64 204.60 -10 -10 -10 -100    0 -1000 -1000 -10
109 22 pedestrian 0 0 -10 414.29 170.04 469.73 212.96 -10 -10 -10 -100    0 -1000 -1000 -10
110 24 pedestrian 0 0 -10 518.04 180.00 550.15 208.36 -10 -10 -10 -100    0 -1000 -1000 -10
110 21 pedestrian 0 0 -10 391.75 178.49 486.50 253.04 -10 -10 -10 -100    0 -1000 -1000 -10
110 12 pedestrian 0 0 -10 496.08 162.06 628.61 196.58 -10 -10 -10 -100    0 -1000 -1000 -10
110 23 pedestrian 0 0 -10 352.70 169.14 416.71 226.72 -10 -10 -10 -100    0 -1000 -1000 -10
110 9 pedestrian 0 0 -10 0.65 195.26 342.27 376.00 -10 -10 -10 -100    0 -1000 -1000 -10
110 8 pedestrian 0 0 -10 478.52 180.10 528.61 218.43 -10 -10 -10 -100    0 -1000 -1000 -10
110 7 pedestrian 0 0 -10 624.97 177.19 650.63 201.11 -10 -10 -10 -100    0 -1000 -1000 -10
110 6 pedestrian 0 0 -10 586.24 176.40 618.89 210.84 -10 -10 -10 -100    0 -1000 -1000 -10
110 18 pedestrian 0 0 -10 234.87 183.07 353.05 250.37 -10 -10 -10 -100    0 -1000 -1000 -10
110 3 pedestrian 0 0 -10 665.91 181.31 727.99 234.24 -10 -10 -10 -100    0 -1000 -1000 -10
110 25 pedestrian 0 0 -10 460.15 179.28 496.59 204.77 -10 -10 -10 -100    0 -1000 -1000 -10
110 22 pedestrian 0 0 -10 411.83 169.57 469.14 213.54 -10 -10 -10 -100    0 -1000 -1000 -10
111 26 pedestrian 0 0 -10 460.46 174.59 497.99 204.77 -10 -10 -10 -100    0 -1000 -1000 -10
111 24 pedestrian 0 0 -10 517.57 179.84 550.23 208.51 -10 -10 -10 -100    0 -1000 -1000 -10
111 21 pedestrian 0 0 -10 389.34 178.54 484.95 254.05 -10 -10 -10 -100    0 -1000 -1000 -10
111 12 pedestrian 0 0 -10 496.86 162.36 629.36 196.35 -10 -10 -10 -100    0 -1000 -1000 -10
111 23 pedestrian 0 0 -10 349.78 169.06 415.71 227.19 -10 -10 -10 -100    0 -1000 -1000 -10
111 9 pedestrian 0 0 -10 0.00 196.02 330.28 376.00 -10 -10 -10 -100    0 -1000 -1000 -10
111 8 pedestrian 0 0 -10 477.87 180.32 528.44 219.20 -10 -10 -10 -100    0 -1000 -1000 -10
111 7 pedestrian 0 0 -10 624.96 176.93 650.22 200.75 -10 -10 -10 -100    0 -1000 -1000 -10
111 6 pedestrian 0 0 -10 586.74 176.57 619.32 210.72 -10 -10 -10 -100    0 -1000 -1000 -10
111 18 pedestrian 0 0 -10 229.90 183.10 349.96 251.63 -10 -10 -10 -100    0 -1000 -1000 -10
111 3 pedestrian 0 0 -10 665.21 181.73 725.86 233.49 -10 -10 -10 -100    0 -1000 -1000 -10
111 25 pedestrian 0 0 -10 459.47 178.69 496.34 205.08 -10 -10 -10 -100    0 -1000 -1000 -10
111 22 pedestrian 0 0 -10 410.03 169.41 468.19 213.84 -10 -10 -10 -100    0 -1000 -1000 -10
112 26 pedestrian 0 0 -10 464.54 171.30 498.18 204.40 -10 -10 -10 -100    0 -1000 -1000 -10
112 24 pedestrian 0 0 -10 517.40 179.44 550.20 208.44 -10 -10 -10 -100    0 -1000 -1000 -10
112 21 pedestrian 0 0 -10 386.50 178.35 483.83 254.96 -10 -10 -10 -100    0 -1000 -1000 -10
112 12 pedestrian 0 0 -10 496.81 162.00 630.80 195.84 -10 -10 -10 -100    0 -1000 -1000 -10
112 23 pedestrian 0 0 -10 347.99 168.72 413.94 227.11 -10 -10 -10 -100    0 -1000 -1000 -10
112 9 pedestrian 0 0 -10 0.11 197.35 320.20 376.00 -10 -10 -10 -100    0 -1000 -1000 -10
112 8 pedestrian 0 0 -10 477.49 179.60 528.33 219.10 -10 -10 -10 -100    0 -1000 -1000 -10
112 7 pedestrian 0 0 -10 625.53 176.71 650.09 200.36 -10 -10 -10 -100    0 -1000 -1000 -10
112 6 pedestrian 0 0 -10 587.24 176.10 619.93 210.35 -10 -10 -10 -100    0 -1000 -1000 -10
112 18 pedestrian 0 0 -10 225.09 182.68 347.58 252.96 -10 -10 -10 -100    0 -1000 -1000 -10
112 3 pedestrian 0 0 -10 664.96 181.33 723.77 232.36 -10 -10 -10 -100    0 -1000 -1000 -10
112 22 pedestrian 0 0 -10 408.18 169.65 467.16 214.14 -10 -10 -10 -100    0 -1000 -1000 -10
113 26 pedestrian 0 0 -10 464.28 171.30 497.60 204.34 -10 -10 -10 -100    0 -1000 -1000 -10
113 24 pedestrian 0 0 -10 517.25 179.21 550.19 208.71 -10 -10 -10 -100    0 -1000 -1000 -10
113 21 pedestrian 0 0 -10 383.96 178.36 483.16 256.18 -10 -10 -10 -100    0 -1000 -1000 -10
113 12 pedestrian 0 0 -10 496.68 162.08 631.05 195.43 -10 -10 -10 -100    0 -1000 -1000 -10
113 23 pedestrian 0 0 -10 345.40 168.63 411.25 227.45 -10 -10 -10 -100    0 -1000 -1000 -10
113 9 pedestrian 0 0 -10 0.35 197.36 306.71 376.00 -10 -10 -10 -100    0 -1000 -1000 -10
113 8 pedestrian 0 0 -10 477.34 179.77 528.17 219.45 -10 -10 -10 -100    0 -1000 -1000 -10
113 7 pedestrian 0 0 -10 625.43 176.66 649.86 199.89 -10 -10 -10 -100    0 -1000 -1000 -10
113 6 pedestrian 0 0 -10 587.45 176.10 620.52 210.26 -10 -10 -10 -100    0 -1000 -1000 -10
113 18 pedestrian 0 0 -10 220.19 182.95 344.93 254.02 -10 -10 -10 -100    0 -1000 -1000 -10
113 3 pedestrian 0 0 -10 664.33 180.97 722.11 230.99 -10 -10 -10 -100    0 -1000 -1000 -10
113 22 pedestrian 0 0 -10 406.76 169.88 465.94 214.57 -10 -10 -10 -100    0 -1000 -1000 -10
114 26 pedestrian 0 0 -10 463.69 171.40 498.11 205.09 -10 -10 -10 -100    0 -1000 -1000 -10
114 24 pedestrian 0 0 -10 516.75 179.35 550.55 209.37 -10 -10 -10 -100    0 -1000 -1000 -10
114 21 pedestrian 0 0 -10 381.25 178.66 481.49 257.78 -10 -10 -10 -100    0 -1000 -1000 -10
114 12 pedestrian 0 0 -10 497.04 162.14 630.46 195.61 -10 -10 -10 -100    0 -1000 -1000 -10
114 23 pedestrian 0 0 -10 342.10 168.46 409.44 228.29 -10 -10 -10 -100    0 -1000 -1000 -10
114 9 pedestrian 0 0 -10 0.00 199.85 295.10 376.00 -10 -10 -10 -100    0 -1000 -1000 -10
114 8 pedestrian 0 0 -10 476.62 180.08 528.10 220.07 -10 -10 -10 -100    0 -1000 -1000 -10
114 7 pedestrian 0 0 -10 625.22 176.92 649.26 199.88 -10 -10 -10 -100    0 -1000 -1000 -10
114 6 pedestrian 0 0 -10 588.12 176.24 620.83 210.84 -10 -10 -10 -100    0 -1000 -1000 -10
114 18 pedestrian 0 0 -10 214.62 183.59 342.01 255.71 -10 -10 -10 -100    0 -1000 -1000 -10
114 3 pedestrian 0 0 -10 663.49 180.99 720.55 230.06 -10 -10 -10 -100    0 -1000 -1000 -10
114 22 pedestrian 0 0 -10 404.83 169.83 465.27 215.46 -10 -10 -10 -100    0 -1000 -1000 -10
115 24 pedestrian 0 0 -10 516.67 179.59 550.82 209.66 -10 -10 -10 -100    0 -1000 -1000 -10
115 21 pedestrian 0 0 -10 379.44 178.66 481.04 258.87 -10 -10 -10 -100    0 -1000 -1000 -10
115 12 pedestrian 0 0 -10 496.89 162.16 630.57 195.85 -10 -10 -10 -100    0 -1000 -1000 -10
115 23 pedestrian 0 0 -10 339.45 168.29 407.97 229.14 -10 -10 -10 -100    0 -1000 -1000 -10
115 26 pedestrian 0 0 -10 464.08 171.49 498.63 205.07 -10 -10 -10 -100    0 -1000 -1000 -10
115 9 pedestrian 0 0 -10 0.06 202.32 279.11 376.00 -10 -10 -10 -100    0 -1000 -1000 -10
115 8 pedestrian 0 0 -10 475.50 180.07 528.06 220.53 -10 -10 -10 -100    0 -1000 -1000 -10
115 7 pedestrian 0 0 -10 624.84 176.89 649.30 200.11 -10 -10 -10 -100    0 -1000 -1000 -10
115 6 pedestrian 0 0 -10 588.87 176.25 621.44 211.05 -10 -10 -10 -100    0 -1000 -1000 -10
115 18 pedestrian 0 0 -10 209.12 183.71 339.30 256.86 -10 -10 -10 -100    0 -1000 -1000 -10
115 3 pedestrian 0 0 -10 662.74 180.77 718.55 228.98 -10 -10 -10 -100    0 -1000 -1000 -10
115 22 pedestrian 0 0 -10 402.97 169.42 464.72 216.16 -10 -10 -10 -100    0 -1000 -1000 -10
116 24 pedestrian 0 0 -10 516.78 179.43 550.82 209.89 -10 -10 -10 -100    0 -1000 -1000 -10
116 21 pedestrian 0 0 -10 376.92 178.94 479.96 259.98 -10 -10 -10 -100    0 -1000 -1000 -10
116 12 pedestrian 0 0 -10 496.78 162.23 630.08 195.76 -10 -10 -10 -100    0 -1000 -1000 -10
116 23 pedestrian 0 0 -10 337.54 168.27 407.65 229.41 -10 -10 -10 -100    0 -1000 -1000 -10
116 26 pedestrian 0 0 -10 464.31 171.29 498.46 204.68 -10 -10 -10 -100    0 -1000 -1000 -10
116 9 pedestrian 0 0 -10 0.00 203.19 262.70 376.00 -10 -10 -10 -100    0 -1000 -1000 -10
116 8 pedestrian 0 0 -10 474.91 179.98 528.16 220.72 -10 -10 -10 -100    0 -1000 -1000 -10
116 7 pedestrian 0 0 -10 625.11 176.61 649.49 199.76 -10 -10 -10 -100    0 -1000 -1000 -10
116 6 pedestrian 0 0 -10 589.65 175.90 622.48 210.92 -10 -10 -10 -100    0 -1000 -1000 -10
116 18 pedestrian 0 0 -10 203.11 183.77 336.19 258.08 -10 -10 -10 -100    0 -1000 -1000 -10
116 3 pedestrian 0 0 -10 662.32 180.67 716.81 227.75 -10 -10 -10 -100    0 -1000 -1000 -10
116 22 pedestrian 0 0 -10 401.05 168.96 464.07 216.34 -10 -10 -10 -100    0 -1000 -1000 -10
117 24 pedestrian 0 0 -10 516.64 179.76 551.02 210.29 -10 -10 -10 -100    0 -1000 -1000 -10
117 21 pedestrian 0 0 -10 374.36 179.22 479.36 261.23 -10 -10 -10 -100    0 -1000 -1000 -10
117 12 pedestrian 0 0 -10 496.59 162.23 630.11 195.73 -10 -10 -10 -100    0 -1000 -1000 -10
117 23 pedestrian 0 0 -10 334.84 168.58 406.14 230.28 -10 -10 -10 -100    0 -1000 -1000 -10
117 26 pedestrian 0 0 -10 463.63 171.50 498.38 205.15 -10 -10 -10 -100    0 -1000 -1000 -10
117 9 pedestrian 0 0 -10 0.00 205.16 246.75 376.00 -10 -10 -10 -100    0 -1000 -1000 -10
117 8 pedestrian 0 0 -10 474.45 180.13 528.25 221.25 -10 -10 -10 -100    0 -1000 -1000 -10
117 7 pedestrian 0 0 -10 625.20 176.66 649.23 199.62 -10 -10 -10 -100    0 -1000 -1000 -10
117 6 pedestrian 0 0 -10 590.50 175.39 623.49 211.14 -10 -10 -10 -100    0 -1000 -1000 -10
117 18 pedestrian 0 0 -10 197.20 183.79 332.78 259.49 -10 -10 -10 -100    0 -1000 -1000 -10
117 3 pedestrian 0 0 -10 662.72 180.68 715.63 226.71 -10 -10 -10 -100    0 -1000 -1000 -10
117 22 pedestrian 0 0 -10 399.43 169.25 463.31 216.95 -10 -10 -10 -100    0 -1000 -1000 -10
118 24 pedestrian 0 0 -10 516.92 180.55 551.11 210.41 -10 -10 -10 -100    0 -1000 -1000 -10
118 21 pedestrian 0 0 -10 370.92 179.29 478.25 262.93 -10 -10 -10 -100    0 -1000 -1000 -10
118 12 pedestrian 0 0 -10 496.62 162.86 629.81 196.60 -10 -10 -10 -100    0 -1000 -1000 -10
118 23 pedestrian 0 0 -10 332.33 168.63 404.13 231.08 -10 -10 -10 -100    0 -1000 -1000 -10
118 26 pedestrian 0 0 -10 462.75 171.78 498.64 205.41 -10 -10 -10 -100    0 -1000 -1000 -10
118 9 pedestrian 0 0 -10 0.00 206.12 230.58 376.00 -10 -10 -10 -100    0 -1000 -1000 -10
118 8 pedestrian 0 0 -10 474.78 180.85 528.04 221.83 -10 -10 -10 -100    0 -1000 -1000 -10
118 7 pedestrian 0 0 -10 625.53 176.79 649.06 199.47 -10 -10 -10 -100    0 -1000 -1000 -10
118 6 pedestrian 0 0 -10 590.87 175.41 624.25 211.38 -10 -10 -10 -100    0 -1000 -1000 -10
118 18 pedestrian 0 0 -10 191.21 184.36 330.31 261.14 -10 -10 -10 -100    0 -1000 -1000 -10
118 3 pedestrian 0 0 -10 662.08 180.81 713.91 226.19 -10 -10 -10 -100    0 -1000 -1000 -10
118 25 pedestrian 0 0 -10 452.98 179.25 493.96 207.95 -10 -10 -10 -100    0 -1000 -1000 -10
118 22 pedestrian 0 0 -10 397.52 169.06 461.99 217.40 -10 -10 -10 -100    0 -1000 -1000 -10
119 24 pedestrian 0 0 -10 516.55 180.30 551.31 210.38 -10 -10 -10 -100    0 -1000 -1000 -10
119 21 pedestrian 0 0 -10 368.30 179.13 477.09 264.28 -10 -10 -10 -100    0 -1000 -1000 -10
119 12 pedestrian 0 0 -10 496.42 162.77 629.86 196.37 -10 -10 -10 -100    0 -1000 -1000 -10
119 23 pedestrian 0 0 -10 329.36 168.44 402.51 231.60 -10 -10 -10 -100    0 -1000 -1000 -10
119 26 pedestrian 0 0 -10 462.35 171.65 497.90 205.24 -10 -10 -10 -100    0 -1000 -1000 -10
119 9 pedestrian 0 0 -10 0.00 206.51 209.54 376.00 -10 -10 -10 -100    0 -1000 -1000 -10
119 8 pedestrian 0 0 -10 474.33 180.60 527.90 222.09 -10 -10 -10 -100    0 -1000 -1000 -10
119 7 pedestrian 0 0 -10 625.76 176.60 649.05 198.87 -10 -10 -10 -100    0 -1000 -1000 -10
119 6 pedestrian 0 0 -10 591.30 175.14 625.49 211.49 -10 -10 -10 -100    0 -1000 -1000 -10
119 18 pedestrian 0 0 -10 185.17 184.26 326.92 262.10 -10 -10 -10 -100    0 -1000 -1000 -10
119 3 pedestrian 0 0 -10 661.19 180.57 712.08 224.95 -10 -10 -10 -100    0 -1000 -1000 -10
119 25 pedestrian 0 0 -10 451.41 179.70 492.66 208.65 -10 -10 -10 -100    0 -1000 -1000 -10
119 22 pedestrian 0 0 -10 395.75 169.47 460.65 217.77 -10 -10 -10 -100    0 -1000 -1000 -10
120 24 pedestrian 0 0 -10 517.08 180.73 551.59 210.49 -10 -10 -10 -100    0 -1000 -1000 -10
120 21 pedestrian 0 0 -10 365.36 179.38 476.04 265.79 -10 -10 -10 -100    0 -1000 -1000 -10
120 12 pedestrian 0 0 -10 495.86 163.21 630.48 196.95 -10 -10 -10 -100    0 -1000 -1000 -10
120 23 pedestrian 0 0 -10 326.10 168.28 401.18 232.63 -10 -10 -10 -100    0 -1000 -1000 -10
120 26 pedestrian 0 0 -10 462.15 171.73 497.57 205.23 -10 -10 -10 -100    0 -1000 -1000 -10
120 9 pedestrian 0 0 -10 0.00 207.91 187.91 376.00 -10 -10 -10 -100    0 -1000 -1000 -10
120 8 pedestrian 0 0 -10 474.08 180.67 528.19 222.51 -10 -10 -10 -100    0 -1000 -1000 -10
120 7 pedestrian 0 0 -10 626.18 176.64 649.07 198.56 -10 -10 -10 -100    0 -1000 -1000 -10
120 6 pedestrian 0 0 -10 591.77 175.12 626.11 211.75 -10 -10 -10 -100    0 -1000 -1000 -10
120 18 pedestrian 0 0 -10 179.63 184.20 324.13 263.33 -10 -10 -10 -100    0 -1000 -1000 -10
120 3 pedestrian 0 0 -10 660.93 180.50 710.69 223.97 -10 -10 -10 -100    0 -1000 -1000 -10
120 25 pedestrian 0 0 -10 450.47 178.94 492.21 208.33 -10 -10 -10 -100    0 -1000 -1000 -10
120 22 pedestrian 0 0 -10 393.80 169.39 459.70 218.36 -10 -10 -10 -100    0 -1000 -1000 -10
121 24 pedestrian 0 0 -10 516.69 180.58 551.58 210.61 -10 -10 -10 -100    0 -1000 -1000 -10
121 21 pedestrian 0 0 -10 361.22 178.64 474.72 267.26 -10 -10 -10 -100    0 -1000 -1000 -10
121 12 pedestrian 0 0 -10 495.19 162.93 629.61 196.94 -10 -10 -10 -100    0 -1000 -1000 -10
121 23 pedestrian 0 0 -10 323.12 167.84 399.00 233.45 -10 -10 -10 -100    0 -1000 -1000 -10
121 26 pedestrian 0 0 -10 461.86 171.70 497.42 204.93 -10 -10 -10 -100    0 -1000 -1000 -10
121 9 pedestrian 0 0 -10 0.00 210.44 165.31 376.00 -10 -10 -10 -100    0 -1000 -1000 -10
121 8 pedestrian 0 0 -10 473.58 180.31 528.24 222.73 -10 -10 -10 -100    0 -1000 -1000 -10
121 7 pedestrian 0 0 -10 625.68 176.35 649.02 198.14 -10 -10 -10 -100    0 -1000 -1000 -10
121 6 pedestrian 0 0 -10 592.18 175.18 626.25 211.79 -10 -10 -10 -100    0 -1000 -1000 -10
121 18 pedestrian 0 0 -10 172.69 184.33 320.90 264.63 -10 -10 -10 -100    0 -1000 -1000 -10
121 3 pedestrian 0 0 -10 660.37 180.39 709.53 222.99 -10 -10 -10 -100    0 -1000 -1000 -10
121 25 pedestrian 0 0 -10 450.76 180.17 491.43 208.44 -10 -10 -10 -100    0 -1000 -1000 -10
121 22 pedestrian 0 0 -10 391.77 169.25 459.22 219.18 -10 -10 -10 -100    0 -1000 -1000 -10
122 24 pedestrian 0 0 -10 516.29 181.13 551.51 211.08 -10 -10 -10 -100    0 -1000 -1000 -10
122 21 pedestrian 0 0 -10 358.19 179.29 474.04 269.05 -10 -10 -10 -100    0 -1000 -1000 -10
122 12 pedestrian 0 0 -10 494.65 162.83 629.78 196.91 -10 -10 -10 -100    0 -1000 -1000 -10
122 23 pedestrian 0 0 -10 320.19 167.91 397.66 233.82 -10 -10 -10 -100    0 -1000 -1000 -10
122 26 pedestrian 0 0 -10 462.60 171.94 497.35 204.46 -10 -10 -10 -100    0 -1000 -1000 -10
122 9 pedestrian 0 0 -10 0.00 211.80 139.94 376.00 -10 -10 -10 -100    0 -1000 -1000 -10
122 8 pedestrian 0 0 -10 472.69 180.41 527.94 223.05 -10 -10 -10 -100    0 -1000 -1000 -10
122 7 pedestrian 0 0 -10 625.49 176.24 649.09 198.13 -10 -10 -10 -100    0 -1000 -1000 -10
122 6 pedestrian 0 0 -10 593.09 175.12 626.84 211.73 -10 -10 -10 -100    0 -1000 -1000 -10
122 18 pedestrian 0 0 -10 166.61 184.38 318.09 265.56 -10 -10 -10 -100    0 -1000 -1000 -10
122 3 pedestrian 0 0 -10 660.03 180.12 708.71 221.98 -10 -10 -10 -100    0 -1000 -1000 -10
122 25 pedestrian 0 0 -10 448.90 180.02 489.70 208.73 -10 -10 -10 -100    0 -1000 -1000 -10
122 22 pedestrian 0 0 -10 390.19 168.90 458.56 219.92 -10 -10 -10 -100    0 -1000 -1000 -10
123 24 pedestrian 0 0 -10 516.08 180.72 551.53 211.01 -10 -10 -10 -100    0 -1000 -1000 -10
123 21 pedestrian 0 0 -10 354.24 179.25 472.82 270.47 -10 -10 -10 -100    0 -1000 -1000 -10
123 12 pedestrian 0 0 -10 494.02 162.91 629.88 196.57 -10 -10 -10 -100    0 -1000 -1000 -10
123 23 pedestrian 0 0 -10 317.34 167.78 395.56 234.22 -10 -10 -10 -100    0 -1000 -1000 -10
123 26 pedestrian 0 0 -10 463.10 171.63 497.08 204.36 -10 -10 -10 -100    0 -1000 -1000 -10
123 9 pedestrian 0 0 -10 0.00 215.23 109.21 376.00 -10 -10 -10 -100    0 -1000 -1000 -10
123 8 pedestrian 0 0 -10 472.64 180.28 527.51 223.14 -10 -10 -10 -100    0 -1000 -1000 -10
123 7 pedestrian 0 0 -10 625.32 176.02 648.89 197.80 -10 -10 -10 -100    0 -1000 -1000 -10
123 6 pedestrian 0 0 -10 593.21 174.94 627.55 211.74 -10 -10 -10 -100    0 -1000 -1000 -10
123 18 pedestrian 0 0 -10 160.48 184.19 315.18 266.58 -10 -10 -10 -100    0 -1000 -1000 -10
123 3 pedestrian 0 0 -10 659.58 179.95 707.15 221.19 -10 -10 -10 -100    0 -1000 -1000 -10
123 25 pedestrian 0 0 -10 447.19 179.77 488.95 209.00 -10 -10 -10 -100    0 -1000 -1000 -10
123 22 pedestrian 0 0 -10 388.03 167.92 457.38 220.14 -10 -10 -10 -100    0 -1000 -1000 -10
124 24 pedestrian 0 0 -10 515.69 179.39 551.66 210.71 -10 -10 -10 -100    0 -1000 -1000 -10
124 21 pedestrian 0 0 -10 351.04 178.91 471.18 271.71 -10 -10 -10 -100    0 -1000 -1000 -10
124 12 pedestrian 0 0 -10 493.58 162.76 629.03 196.20 -10 -10 -10 -100    0 -1000 -1000 -10
124 23 pedestrian 0 0 -10 314.46 167.06 394.23 234.69 -10 -10 -10 -100    0 -1000 -1000 -10
124 26 pedestrian 0 0 -10 463.41 171.63 496.22 203.09 -10 -10 -10 -100    0 -1000 -1000 -10
124 9 pedestrian 0 0 -10 0.06 218.38 75.51 376.00 -10 -10 -10 -100    0 -1000 -1000 -10
124 8 pedestrian 0 0 -10 472.11 180.10 527.33 223.04 -10 -10 -10 -100    0 -1000 -1000 -10
124 7 pedestrian 0 0 -10 624.47 175.19 648.94 197.25 -10 -10 -10 -100    0 -1000 -1000 -10
124 6 pedestrian 0 0 -10 593.52 174.41 628.15 211.33 -10 -10 -10 -100    0 -1000 -1000 -10
124 18 pedestrian 0 0 -10 153.74 183.55 311.58 267.55 -10 -10 -10 -100    0 -1000 -1000 -10
124 3 pedestrian 0 0 -10 658.85 179.30 705.60 220.15 -10 -10 -10 -100    0 -1000 -1000 -10
124 25 pedestrian 0 0 -10 445.59 178.75 488.10 208.83 -10 -10 -10 -100    0 -1000 -1000 -10
124 22 pedestrian 0 0 -10 385.75 167.21 456.42 219.72 -10 -10 -10 -100    0 -1000 -1000 -10
125 24 pedestrian 0 0 -10 515.10 179.66 551.62 211.05 -10 -10 -10 -100    0 -1000 -1000 -10
125 21 pedestrian 0 0 -10 347.26 179.34 469.85 273.30 -10 -10 -10 -100    0 -1000 -1000 -10
125 12 pedestrian 0 0 -10 493.65 162.62 628.84 196.36 -10 -10 -10 -100    0 -1000 -1000 -10
125 23 pedestrian 0 0 -10 311.72 167.14 393.13 235.22 -10 -10 -10 -100    0 -1000 -1000 -10
125 26 pedestrian 0 0 -10 463.26 171.56 496.69 203.26 -10 -10 -10 -100    0 -1000 -1000 -10
125 8 pedestrian 0 0 -10 471.58 180.14 527.03 223.36 -10 -10 -10 -100    0 -1000 -1000 -10
125 7 pedestrian 0 0 -10 624.54 175.10 648.38 197.21 -10 -10 -10 -100    0 -1000 -1000 -10
125 6 pedestrian 0 0 -10 593.72 174.62 628.66 211.70 -10 -10 -10 -100    0 -1000 -1000 -10
125 18 pedestrian 0 0 -10 146.66 183.36 308.81 269.11 -10 -10 -10 -100    0 -1000 -1000 -10
125 3 pedestrian 0 0 -10 658.34 179.11 704.14 219.19 -10 -10 -10 -100    0 -1000 -1000 -10
125 25 pedestrian 0 0 -10 445.84 178.55 487.56 208.74 -10 -10 -10 -100    0 -1000 -1000 -10
125 22 pedestrian 0 0 -10 384.35 167.32 454.99 219.84 -10 -10 -10 -100    0 -1000 -1000 -10
126 24 pedestrian 0 0 -10 514.63 180.04 551.74 211.39 -10 -10 -10 -100    0 -1000 -1000 -10
126 21 pedestrian 0 0 -10 343.45 179.70 467.92 275.15 -10 -10 -10 -100    0 -1000 -1000 -10
126 12 pedestrian 0 0 -10 494.64 162.53 629.54 196.38 -10 -10 -10 -100    0 -1000 -1000 -10
126 23 pedestrian 0 0 -10 308.00 167.49 389.75 236.01 -10 -10 -10 -100    0 -1000 -1000 -10
126 26 pedestrian 0 0 -10 461.77 171.95 497.68 204.62 -10 -10 -10 -100    0 -1000 -1000 -10
126 8 pedestrian 0 0 -10 470.25 180.29 526.57 224.01 -10 -10 -10 -100    0 -1000 -1000 -10
126 7 pedestrian 0 0 -10 624.71 176.05 647.46 197.48 -10 -10 -10 -100    0 -1000 -1000 -10
126 6 pedestrian 0 0 -10 593.96 174.91 629.10 212.36 -10 -10 -10 -100    0 -1000 -1000 -10
126 18 pedestrian 0 0 -10 139.13 183.82 304.40 270.86 -10 -10 -10 -100    0 -1000 -1000 -10
126 3 pedestrian 0 0 -10 657.70 179.46 702.83 219.10 -10 -10 -10 -100    0 -1000 -1000 -10
126 25 pedestrian 0 0 -10 444.01 179.61 487.84 210.33 -10 -10 -10 -100    0 -1000 -1000 -10
126 22 pedestrian 0 0 -10 382.22 167.28 453.49 221.33 -10 -10 -10 -100    0 -1000 -1000 -10
127 24 pedestrian 0 0 -10 514.33 179.93 551.41 211.30 -10 -10 -10 -100    0 -1000 -1000 -10
127 21 pedestrian 0 0 -10 338.21 179.39 466.71 276.09 -10 -10 -10 -100    0 -1000 -1000 -10
127 12 pedestrian 0 0 -10 495.21 162.53 629.67 196.19 -10 -10 -10 -100    0 -1000 -1000 -10
127 23 pedestrian 0 0 -10 305.14 167.39 387.74 237.08 -10 -10 -10 -100    0 -1000 -1000 -10
127 26 pedestrian 0 0 -10 460.38 169.64 497.25 205.45 -10 -10 -10 -100    0 -1000 -1000 -10
127 8 pedestrian 0 0 -10 469.56 180.35 525.80 224.35 -10 -10 -10 -100    0 -1000 -1000 -10
127 7 pedestrian 0 0 -10 624.17 176.01 646.16 197.23 -10 -10 -10 -100    0 -1000 -1000 -10
127 6 pedestrian 0 0 -10 593.71 175.01 629.10 212.64 -10 -10 -10 -100    0 -1000 -1000 -10
127 18 pedestrian 0 0 -10 131.23 184.24 300.33 272.43 -10 -10 -10 -100    0 -1000 -1000 -10
127 3 pedestrian 0 0 -10 656.98 179.47 701.22 217.85 -10 -10 -10 -100    0 -1000 -1000 -10
127 25 pedestrian 0 0 -10 442.29 179.75 487.74 211.21 -10 -10 -10 -100    0 -1000 -1000 -10
127 22 pedestrian 0 0 -10 379.91 167.71 452.75 221.42 -10 -10 -10 -100    0 -1000 -1000 -10
128 24 pedestrian 0 0 -10 513.84 179.13 551.02 211.30 -10 -10 -10 -100    0 -1000 -1000 -10
128 21 pedestrian 0 0 -10 334.15 179.04 465.16 277.34 -10 -10 -10 -100    0 -1000 -1000 -10
128 12 pedestrian 0 0 -10 494.22 162.61 629.99 196.16 -10 -10 -10 -100    0 -1000 -1000 -10
128 23 pedestrian 0 0 -10 301.12 167.24 386.07 237.40 -10 -10 -10 -100    0 -1000 -1000 -10
128 26 pedestrian 0 0 -10 459.60 172.21 496.80 205.06 -10 -10 -10 -100    0 -1000 -1000 -10
128 8 pedestrian 0 0 -10 468.63 180.41 524.96 224.53 -10 -10 -10 -100    0 -1000 -1000 -10
128 7 pedestrian 0 0 -10 624.08 175.58 645.51 196.61 -10 -10 -10 -100    0 -1000 -1000 -10
128 6 pedestrian 0 0 -10 593.78 174.74 629.30 212.43 -10 -10 -10 -100    0 -1000 -1000 -10
128 18 pedestrian 0 0 -10 124.37 183.88 296.83 273.34 -10 -10 -10 -100    0 -1000 -1000 -10
128 3 pedestrian 0 0 -10 655.93 179.04 699.43 216.76 -10 -10 -10 -100    0 -1000 -1000 -10
128 25 pedestrian 0 0 -10 441.26 179.12 487.04 211.03 -10 -10 -10 -100    0 -1000 -1000 -10
128 22 pedestrian 0 0 -10 377.18 167.35 451.11 221.89 -10 -10 -10 -100    0 -1000 -1000 -10
129 24 pedestrian 0 0 -10 513.41 179.16 550.76 211.62 -10 -10 -10 -100    0 -1000 -1000 -10
129 21 pedestrian 0 0 -10 329.46 179.12 463.35 279.03 -10 -10 -10 -100    0 -1000 -1000 -10
129 12 pedestrian 0 0 -10 494.45 162.69 629.98 196.23 -10 -10 -10 -100    0 -1000 -1000 -10
129 23 pedestrian 0 0 -10 298.65 167.07 385.00 237.88 -10 -10 -10 -100    0 -1000 -1000 -10
129 26 pedestrian 0 0 -10 458.95 172.74 496.04 205.65 -10 -10 -10 -100    0 -1000 -1000 -10
129 8 pedestrian 0 0 -10 467.21 180.70 524.66 225.31 -10 -10 -10 -100    0 -1000 -1000 -10
129 7 pedestrian 0 0 -10 623.36 175.58 644.42 197.32 -10 -10 -10 -100    0 -1000 -1000 -10
129 6 pedestrian 0 0 -10 593.85 174.82 630.08 212.99 -10 -10 -10 -100    0 -1000 -1000 -10
129 18 pedestrian 0 0 -10 117.21 184.10 293.23 274.98 -10 -10 -10 -100    0 -1000 -1000 -10
129 3 pedestrian 0 0 -10 655.79 179.15 697.33 215.66 -10 -10 -10 -100    0 -1000 -1000 -10
129 25 pedestrian 0 0 -10 439.99 178.76 485.80 211.03 -10 -10 -10 -100    0 -1000 -1000 -10
129 22 pedestrian 0 0 -10 375.63 167.43 450.39 222.20 -10 -10 -10 -100    0 -1000 -1000 -10
130 24 pedestrian 0 0 -10 512.97 180.02 549.98 211.69 -10 -10 -10 -100    0 -1000 -1000 -10
130 21 pedestrian 0 0 -10 325.26 179.22 461.14 280.82 -10 -10 -10 -100    0 -1000 -1000 -10
130 12 pedestrian 0 0 -10 495.18 162.78 630.36 196.20 -10 -10 -10 -100    0 -1000 -1000 -10
130 23 pedestrian 0 0 -10 295.30 167.02 382.57 237.70 -10 -10 -10 -100    0 -1000 -1000 -10
130 26 pedestrian 0 0 -10 458.55 171.09 494.96 207.36 -10 -10 -10 -100    0 -1000 -1000 -10
130 8 pedestrian 0 0 -10 465.87 180.90 524.37 226.20 -10 -10 -10 -100    0 -1000 -1000 -10
130 7 pedestrian 0 0 -10 622.95 175.90 644.22 197.47 -10 -10 -10 -100    0 -1000 -1000 -10
130 6 pedestrian 0 0 -10 593.69 175.05 630.08 213.40 -10 -10 -10 -100    0 -1000 -1000 -10
130 18 pedestrian 0 0 -10 109.58 184.13 289.60 276.64 -10 -10 -10 -100    0 -1000 -1000 -10
130 3 pedestrian 0 0 -10 654.89 179.27 695.69 215.20 -10 -10 -10 -100    0 -1000 -1000 -10
130 25 pedestrian 0 0 -10 437.92 179.00 484.55 211.64 -10 -10 -10 -100    0 -1000 -1000 -10
130 22 pedestrian 0 0 -10 373.00 167.48 448.92 222.93 -10 -10 -10 -100    0 -1000 -1000 -10
131 24 pedestrian 0 0 -10 513.43 180.56 549.39 211.94 -10 -10 -10 -100    0 -1000 -1000 -10
131 21 pedestrian 0 0 -10 320.62 179.30 459.49 283.24 -10 -10 -10 -100    0 -1000 -1000 -10
131 12 pedestrian 0 0 -10 494.11 163.06 631.21 196.76 -10 -10 -10 -100    0 -1000 -1000 -10
131 23 pedestrian 0 0 -10 291.51 167.07 380.26 239.07 -10 -10 -10 -100    0 -1000 -1000 -10
131 26 pedestrian 0 0 -10 457.97 170.78 494.51 207.18 -10 -10 -10 -100    0 -1000 -1000 -10
131 8 pedestrian 0 0 -10 464.93 181.27 523.60 226.82 -10 -10 -10 -100    0 -1000 -1000 -10
131 7 pedestrian 0 0 -10 623.08 176.49 643.90 197.12 -10 -10 -10 -100    0 -1000 -1000 -10
131 6 pedestrian 0 0 -10 593.93 175.63 629.87 213.74 -10 -10 -10 -100    0 -1000 -1000 -10
131 28 pedestrian 0 0 -10 541.41 179.59 562.27 198.54 -10 -10 -10 -100    0 -1000 -1000 -10
131 18 pedestrian 0 0 -10 100.86 184.60 285.36 278.69 -10 -10 -10 -100    0 -1000 -1000 -10
131 3 pedestrian 0 0 -10 653.73 179.35 693.88 214.77 -10 -10 -10 -100    0 -1000 -1000 -10
131 25 pedestrian 0 0 -10 436.13 179.21 482.97 212.03 -10 -10 -10 -100    0 -1000 -1000 -10
131 22 pedestrian 0 0 -10 370.14 167.60 447.60 223.85 -10 -10 -10 -100    0 -1000 -1000 -10
132 24 pedestrian 0 0 -10 512.61 180.23 548.45 211.87 -10 -10 -10 -100    0 -1000 -1000 -10
132 21 pedestrian 0 0 -10 316.28 179.52 457.11 284.92 -10 -10 -10 -100    0 -1000 -1000 -10
132 12 pedestrian 0 0 -10 494.03 163.25 630.66 196.62 -10 -10 -10 -100    0 -1000 -1000 -10
132 23 pedestrian 0 0 -10 287.97 166.75 377.78 239.60 -10 -10 -10 -100    0 -1000 -1000 -10
132 26 pedestrian 0 0 -10 457.18 170.42 494.16 207.16 -10 -10 -10 -100    0 -1000 -1000 -10
132 8 pedestrian 0 0 -10 462.94 181.24 523.09 227.23 -10 -10 -10 -100    0 -1000 -1000 -10
132 7 pedestrian 0 0 -10 622.47 176.30 643.61 196.79 -10 -10 -10 -100    0 -1000 -1000 -10
132 6 pedestrian 0 0 -10 593.83 175.63 629.76 213.80 -10 -10 -10 -100    0 -1000 -1000 -10
132 28 pedestrian 0 0 -10 540.84 179.50 561.43 198.36 -10 -10 -10 -100    0 -1000 -1000 -10
132 18 pedestrian 0 0 -10 93.09 184.70 281.23 280.35 -10 -10 -10 -100    0 -1000 -1000 -10
132 3 pedestrian 0 0 -10 652.73 179.20 692.69 214.06 -10 -10 -10 -100    0 -1000 -1000 -10
132 25 pedestrian 0 0 -10 434.84 178.96 482.54 212.23 -10 -10 -10 -100    0 -1000 -1000 -10
132 22 pedestrian 0 0 -10 367.87 167.48 446.32 224.63 -10 -10 -10 -100    0 -1000 -1000 -10
133 24 pedestrian 0 0 -10 511.75 180.11 547.92 211.98 -10 -10 -10 -100    0 -1000 -1000 -10
133 21 pedestrian 0 0 -10 312.14 179.63 454.99 286.51 -10 -10 -10 -100    0 -1000 -1000 -10
133 12 pedestrian 0 0 -10 494.27 163.16 630.74 196.38 -10 -10 -10 -100    0 -1000 -1000 -10
133 23 pedestrian 0 0 -10 285.00 166.57 375.79 240.29 -10 -10 -10 -100    0 -1000 -1000 -10
133 26 pedestrian 0 0 -10 456.76 170.14 493.87 206.62 -10 -10 -10 -100    0 -1000 -1000 -10
133 8 pedestrian 0 0 -10 462.07 181.02 522.23 227.71 -10 -10 -10 -100    0 -1000 -1000 -10
133 7 pedestrian 0 0 -10 622.52 176.22 643.17 195.81 -10 -10 -10 -100    0 -1000 -1000 -10
133 6 pedestrian 0 0 -10 593.71 175.59 629.78 213.76 -10 -10 -10 -100    0 -1000 -1000 -10
133 28 pedestrian 0 0 -10 540.82 179.43 560.97 197.94 -10 -10 -10 -100    0 -1000 -1000 -10
133 18 pedestrian 0 0 -10 85.42 184.63 276.79 282.06 -10 -10 -10 -100    0 -1000 -1000 -10
133 3 pedestrian 0 0 -10 652.10 178.79 691.20 213.08 -10 -10 -10 -100    0 -1000 -1000 -10
133 25 pedestrian 0 0 -10 433.03 178.97 481.30 212.37 -10 -10 -10 -100    0 -1000 -1000 -10
133 22 pedestrian 0 0 -10 364.96 167.33 443.92 225.15 -10 -10 -10 -100    0 -1000 -1000 -10
134 24 pedestrian 0 0 -10 510.06 179.78 547.83 212.54 -10 -10 -10 -100    0 -1000 -1000 -10
134 21 pedestrian 0 0 -10 307.59 179.78 453.30 287.83 -10 -10 -10 -100    0 -1000 -1000 -10
134 12 pedestrian 0 0 -10 493.89 162.94 630.32 196.30 -10 -10 -10 -100    0 -1000 -1000 -10
134 23 pedestrian 0 0 -10 282.29 166.40 374.59 240.97 -10 -10 -10 -100    0 -1000 -1000 -10
134 26 pedestrian 0 0 -10 455.12 169.91 494.76 206.29 -10 -10 -10 -100    0 -1000 -1000 -10
134 8 pedestrian 0 0 -10 461.21 180.97 521.75 228.13 -10 -10 -10 -100    0 -1000 -1000 -10
134 7 pedestrian 0 0 -10 622.36 176.05 642.89 195.86 -10 -10 -10 -100    0 -1000 -1000 -10
134 6 pedestrian 0 0 -10 593.78 175.46 630.03 214.20 -10 -10 -10 -100    0 -1000 -1000 -10
134 28 pedestrian 0 0 -10 540.65 179.33 560.73 197.80 -10 -10 -10 -100    0 -1000 -1000 -10
134 18 pedestrian 0 0 -10 77.20 184.64 272.66 283.89 -10 -10 -10 -100    0 -1000 -1000 -10
134 3 pedestrian 0 0 -10 651.41 178.45 689.64 213.03 -10 -10 -10 -100    0 -1000 -1000 -10
134 25 pedestrian 0 0 -10 431.77 179.05 481.22 212.90 -10 -10 -10 -100    0 -1000 -1000 -10
134 22 pedestrian 0 0 -10 362.16 167.07 442.33 225.49 -10 -10 -10 -100    0 -1000 -1000 -10
135 24 pedestrian 0 0 -10 508.60 179.30 547.39 212.91 -10 -10 -10 -100    0 -1000 -1000 -10
135 21 pedestrian 0 0 -10 302.90 179.35 452.12 289.72 -10 -10 -10 -100    0 -1000 -1000 -10
135 12 pedestrian 0 0 -10 493.40 162.48 631.21 196.20 -10 -10 -10 -100    0 -1000 -1000 -10
135 23 pedestrian 0 0 -10 278.76 165.86 373.53 241.23 -10 -10 -10 -100    0 -1000 -1000 -10
135 26 pedestrian 0 0 -10 453.61 169.64 494.05 206.35 -10 -10 -10 -100    0 -1000 -1000 -10
135 8 pedestrian 0 0 -10 460.32 180.98 521.51 228.43 -10 -10 -10 -100    0 -1000 -1000 -10
135 7 pedestrian 0 0 -10 622.96 175.85 642.77 195.83 -10 -10 -10 -100    0 -1000 -1000 -10
135 6 pedestrian 0 0 -10 593.90 175.24 630.42 214.37 -10 -10 -10 -100    0 -1000 -1000 -10
135 28 pedestrian 0 0 -10 540.31 179.07 560.39 197.60 -10 -10 -10 -100    0 -1000 -1000 -10
135 18 pedestrian 0 0 -10 68.71 184.35 268.56 285.33 -10 -10 -10 -100    0 -1000 -1000 -10
135 3 pedestrian 0 0 -10 650.88 178.04 688.29 212.77 -10 -10 -10 -100    0 -1000 -1000 -10
135 25 pedestrian 0 0 -10 431.21 178.06 481.21 212.74 -10 -10 -10 -100    0 -1000 -1000 -10
135 22 pedestrian 0 0 -10 360.13 166.84 441.55 225.82 -10 -10 -10 -100    0 -1000 -1000 -10
136 24 pedestrian 0 0 -10 507.57 179.13 547.04 213.19 -10 -10 -10 -100    0 -1000 -1000 -10
136 21 pedestrian 0 0 -10 298.94 179.43 450.80 291.35 -10 -10 -10 -100    0 -1000 -1000 -10
136 12 pedestrian 0 0 -10 493.56 162.42 631.25 196.13 -10 -10 -10 -100    0 -1000 -1000 -10
136 23 pedestrian 0 0 -10 275.55 165.41 371.39 241.96 -10 -10 -10 -100    0 -1000 -1000 -10
136 26 pedestrian 0 0 -10 452.46 169.64 493.26 206.18 -10 -10 -10 -100    0 -1000 -1000 -10
136 8 pedestrian 0 0 -10 458.77 181.13 520.87 228.84 -10 -10 -10 -100    0 -1000 -1000 -10
136 7 pedestrian 0 0 -10 622.91 175.88 642.32 196.23 -10 -10 -10 -100    0 -1000 -1000 -10
136 6 pedestrian 0 0 -10 593.93 175.25 630.69 214.57 -10 -10 -10 -100    0 -1000 -1000 -10
136 28 pedestrian 0 0 -10 540.02 178.81 559.93 197.65 -10 -10 -10 -100    0 -1000 -1000 -10
136 18 pedestrian 0 0 -10 60.59 184.45 265.31 286.83 -10 -10 -10 -100    0 -1000 -1000 -10
136 3 pedestrian 0 0 -10 649.76 178.02 687.04 212.51 -10 -10 -10 -100    0 -1000 -1000 -10
136 25 pedestrian 0 0 -10 430.11 178.15 480.31 212.70 -10 -10 -10 -100    0 -1000 -1000 -10
136 22 pedestrian 0 0 -10 358.49 166.68 440.62 225.23 -10 -10 -10 -100    0 -1000 -1000 -10
137 24 pedestrian 0 0 -10 507.80 179.82 546.82 213.36 -10 -10 -10 -100    0 -1000 -1000 -10
137 21 pedestrian 0 0 -10 294.78 180.14 449.14 293.40 -10 -10 -10 -100    0 -1000 -1000 -10
137 12 pedestrian 0 0 -10 493.35 162.93 630.60 196.74 -10 -10 -10 -100    0 -1000 -1000 -10
137 23 pedestrian 0 0 -10 272.49 165.84 369.20 242.08 -10 -10 -10 -100    0 -1000 -1000 -10
137 26 pedestrian 0 0 -10 451.54 170.64 492.25 206.62 -10 -10 -10 -100    0 -1000 -1000 -10
137 8 pedestrian 0 0 -10 457.77 181.15 520.60 229.55 -10 -10 -10 -100    0 -1000 -1000 -10
137 6 pedestrian 0 0 -10 594.51 175.49 630.73 215.05 -10 -10 -10 -100    0 -1000 -1000 -10
137 28 pedestrian 0 0 -10 539.09 179.23 559.87 198.11 -10 -10 -10 -100    0 -1000 -1000 -10
137 18 pedestrian 0 0 -10 52.88 185.06 261.34 289.19 -10 -10 -10 -100    0 -1000 -1000 -10
137 3 pedestrian 0 0 -10 649.25 178.08 685.89 212.40 -10 -10 -10 -100    0 -1000 -1000 -10
137 25 pedestrian 0 0 -10 428.88 179.17 479.46 213.45 -10 -10 -10 -100    0 -1000 -1000 -10
137 22 pedestrian 0 0 -10 355.73 166.93 439.92 226.32 -10 -10 -10 -100    0 -1000 -1000 -10
138 24 pedestrian 0 0 -10 506.52 180.24 546.56 214.18 -10 -10 -10 -100    0 -1000 -1000 -10
138 21 pedestrian 0 0 -10 290.91 180.30 447.81 295.81 -10 -10 -10 -100    0 -1000 -1000 -10
138 12 pedestrian 0 0 -10 493.34 163.22 630.95 196.86 -10 -10 -10 -100    0 -1000 -1000 -10
138 23 pedestrian 0 0 -10 269.46 165.81 367.19 242.68 -10 -10 -10 -100    0 -1000 -1000 -10
138 26 pedestrian 0 0 -10 451.04 170.79 492.60 207.64 -10 -10 -10 -100    0 -1000 -1000 -10
138 8 pedestrian 0 0 -10 457.25 181.51 520.57 230.45 -10 -10 -10 -100    0 -1000 -1000 -10
138 6 pedestrian 0 0 -10 594.84 176.19 631.17 215.66 -10 -10 -10 -100    0 -1000 -1000 -10
138 28 pedestrian 0 0 -10 537.90 179.27 559.60 199.01 -10 -10 -10 -100    0 -1000 -1000 -10
138 18 pedestrian 0 0 -10 45.82 185.45 259.34 291.45 -10 -10 -10 -100    0 -1000 -1000 -10
138 3 pedestrian 0 0 -10 648.87 178.25 685.07 211.13 -10 -10 -10 -100    0 -1000 -1000 -10
138 25 pedestrian 0 0 -10 427.40 179.51 478.49 214.51 -10 -10 -10 -100    0 -1000 -1000 -10
138 22 pedestrian 0 0 -10 353.26 167.12 438.47 227.20 -10 -10 -10 -100    0 -1000 -1000 -10
139 24 pedestrian 0 0 -10 504.97 180.05 546.26 214.16 -10 -10 -10 -100    0 -1000 -1000 -10
139 21 pedestrian 0 0 -10 286.56 180.31 446.61 297.10 -10 -10 -10 -100    0 -1000 -1000 -10
139 12 pedestrian 0 0 -10 493.28 163.23 630.31 196.61 -10 -10 -10 -100    0 -1000 -1000 -10
139 23 pedestrian 0 0 -10 265.71 165.55 365.51 242.55 -10 -10 -10 -100    0 -1000 -1000 -10
139 26 pedestrian 0 0 -10 451.22 170.28 492.42 206.89 -10 -10 -10 -100    0 -1000 -1000 -10
139 8 pedestrian 0 0 -10 456.43 181.33 520.33 230.66 -10 -10 -10 -100    0 -1000 -1000 -10
139 6 pedestrian 0 0 -10 595.46 175.98 632.06 215.58 -10 -10 -10 -100    0 -1000 -1000 -10
139 28 pedestrian 0 0 -10 537.79 179.10 559.49 198.88 -10 -10 -10 -100    0 -1000 -1000 -10
139 18 pedestrian 0 0 -10 37.11 185.10 254.77 292.98 -10 -10 -10 -100    0 -1000 -1000 -10
139 3 pedestrian 0 0 -10 648.24 178.06 684.12 210.41 -10 -10 -10 -100    0 -1000 -1000 -10
139 25 pedestrian 0 0 -10 427.02 179.47 477.18 213.71 -10 -10 -10 -100    0 -1000 -1000 -10
139 22 pedestrian 0 0 -10 351.77 166.53 437.96 227.33 -10 -10 -10 -100    0 -1000 -1000 -10
140 24 pedestrian 0 0 -10 503.85 180.11 545.40 214.59 -10 -10 -10 -100    0 -1000 -1000 -10
140 21 pedestrian 0 0 -10 282.26 180.78 445.12 299.00 -10 -10 -10 -100    0 -1000 -1000 -10
140 12 pedestrian 0 0 -10 493.18 163.32 630.68 196.15 -10 -10 -10 -100    0 -1000 -1000 -10
140 23 pedestrian 0 0 -10 262.10 164.93 363.09 243.37 -10 -10 -10 -100    0 -1000 -1000 -10
140 26 pedestrian 0 0 -10 451.09 169.96 492.49 206.82 -10 -10 -10 -100    0 -1000 -1000 -10
140 8 pedestrian 0 0 -10 455.99 181.30 519.74 230.99 -10 -10 -10 -100    0 -1000 -1000 -10
140 6 pedestrian 0 0 -10 595.65 175.90 632.34 215.90 -10 -10 -10 -100    0 -1000 -1000 -10
140 28 pedestrian 0 0 -10 537.15 178.87 559.64 199.03 -10 -10 -10 -100    0 -1000 -1000 -10
140 18 pedestrian 0 0 -10 28.55 185.64 251.66 294.86 -10 -10 -10 -100    0 -1000 -1000 -10
140 3 pedestrian 0 0 -10 648.18 178.00 682.75 208.66 -10 -10 -10 -100    0 -1000 -1000 -10
140 25 pedestrian 0 0 -10 426.16 179.59 476.81 214.11 -10 -10 -10 -100    0 -1000 -1000 -10
140 22 pedestrian 0 0 -10 349.40 166.30 436.03 227.75 -10 -10 -10 -100    0 -1000 -1000 -10
141 24 pedestrian 0 0 -10 503.39 180.00 545.27 215.17 -10 -10 -10 -100    0 -1000 -1000 -10
141 21 pedestrian 0 0 -10 278.65 181.13 443.21 301.05 -10 -10 -10 -100    0 -1000 -1000 -10
141 29 pedestrian 0 0 -10 586.48 160.23 612.65 197.17 -10 -10 -10 -100    0 -1000 -1000 -10
141 12 pedestrian 0 0 -10 493.22 163.26 630.01 195.97 -10 -10 -10 -100    0 -1000 -1000 -10
141 23 pedestrian 0 0 -10 257.91 165.18 361.29 244.51 -10 -10 -10 -100    0 -1000 -1000 -10
141 26 pedestrian 0 0 -10 449.89 170.27 491.99 207.49 -10 -10 -10 -100    0 -1000 -1000 -10
141 8 pedestrian 0 0 -10 455.08 181.67 519.58 231.82 -10 -10 -10 -100    0 -1000 -1000 -10
141 6 pedestrian 0 0 -10 595.81 176.09 632.31 216.33 -10 -10 -10 -100    0 -1000 -1000 -10
141 28 pedestrian 0 0 -10 536.28 178.72 559.61 199.58 -10 -10 -10 -100    0 -1000 -1000 -10
141 18 pedestrian 0 0 -10 20.14 186.06 246.84 297.16 -10 -10 -10 -100    0 -1000 -1000 -10
141 3 pedestrian 0 0 -10 647.63 178.58 681.57 208.60 -10 -10 -10 -100    0 -1000 -1000 -10
141 25 pedestrian 0 0 -10 425.85 179.70 476.35 214.29 -10 -10 -10 -100    0 -1000 -1000 -10
141 22 pedestrian 0 0 -10 346.84 166.60 434.65 229.03 -10 -10 -10 -100    0 -1000 -1000 -10
142 24 pedestrian 0 0 -10 503.04 179.98 545.47 215.47 -10 -10 -10 -100    0 -1000 -1000 -10
142 21 pedestrian 0 0 -10 274.96 181.00 441.46 302.47 -10 -10 -10 -100    0 -1000 -1000 -10
142 29 pedestrian 0 0 -10 586.57 160.09 613.08 197.46 -10 -10 -10 -100    0 -1000 -1000 -10
142 12 pedestrian 0 0 -10 493.01 163.51 629.52 196.11 -10 -10 -10 -100    0 -1000 -1000 -10
142 23 pedestrian 0 0 -10 254.96 165.13 357.95 245.07 -10 -10 -10 -100    0 -1000 -1000 -10
142 26 pedestrian 0 0 -10 450.15 170.11 492.08 207.22 -10 -10 -10 -100    0 -1000 -1000 -10
142 8 pedestrian 0 0 -10 454.22 181.73 519.42 232.09 -10 -10 -10 -100    0 -1000 -1000 -10
142 6 pedestrian 0 0 -10 595.85 176.01 632.52 216.37 -10 -10 -10 -100    0 -1000 -1000 -10
142 28 pedestrian 0 0 -10 536.32 178.69 559.64 199.83 -10 -10 -10 -100    0 -1000 -1000 -10
142 18 pedestrian 0 0 -10 11.05 186.45 243.79 298.77 -10 -10 -10 -100    0 -1000 -1000 -10
142 3 pedestrian 0 0 -10 647.35 178.55 680.54 208.09 -10 -10 -10 -100    0 -1000 -1000 -10
142 25 pedestrian 0 0 -10 424.40 179.58 475.44 214.53 -10 -10 -10 -100    0 -1000 -1000 -10
142 22 pedestrian 0 0 -10 344.54 166.26 433.18 229.48 -10 -10 -10 -100    0 -1000 -1000 -10
143 24 pedestrian 0 0 -10 501.86 180.10 544.97 216.21 -10 -10 -10 -100    0 -1000 -1000 -10
143 21 pedestrian 0 0 -10 270.14 180.90 440.50 304.37 -10 -10 -10 -100    0 -1000 -1000 -10
143 29 pedestrian 0 0 -10 586.67 160.17 613.20 197.30 -10 -10 -10 -100    0 -1000 -1000 -10
143 12 pedestrian 0 0 -10 492.32 163.69 629.24 196.81 -10 -10 -10 -100    0 -1000 -1000 -10
143 23 pedestrian 0 0 -10 250.55 164.88 355.35 246.36 -10 -10 -10 -100    0 -1000 -1000 -10
143 26 pedestrian 0 0 -10 449.25 170.49 491.67 207.24 -10 -10 -10 -100    0 -1000 -1000 -10
143 8 pedestrian 0 0 -10 452.79 182.01 519.22 232.70 -10 -10 -10 -100    0 -1000 -1000 -10
143 6 pedestrian 0 0 -10 596.02 176.10 632.81 216.31 -10 -10 -10 -100    0 -1000 -1000 -10
143 28 pedestrian 0 0 -10 535.90 178.78 559.77 200.33 -10 -10 -10 -100    0 -1000 -1000 -10
143 18 pedestrian 0 0 -10 1.54 186.43 239.93 300.64 -10 -10 -10 -100    0 -1000 -1000 -10
143 3 pedestrian 0 0 -10 646.94 178.67 679.31 207.50 -10 -10 -10 -100    0 -1000 -1000 -10
143 25 pedestrian 0 0 -10 423.12 179.78 474.28 215.24 -10 -10 -10 -100    0 -1000 -1000 -10
143 22 pedestrian 0 0 -10 342.37 166.13 431.68 229.89 -10 -10 -10 -100    0 -1000 -1000 -10
144 24 pedestrian 0 0 -10 501.11 180.48 544.60 217.05 -10 -10 -10 -100    0 -1000 -1000 -10
144 21 pedestrian 0 0 -10 266.33 181.08 439.22 306.50 -10 -10 -10 -100    0 -1000 -1000 -10
144 29 pedestrian 0 0 -10 586.17 160.73 613.00 197.78 -10 -10 -10 -100    0 -1000 -1000 -10
144 12 pedestrian 0 0 -10 491.21 163.21 629.62 196.81 -10 -10 -10 -100    0 -1000 -1000 -10
144 23 pedestrian 0 0 -10 246.69 165.09 353.09 246.87 -10 -10 -10 -100    0 -1000 -1000 -10
144 26 pedestrian 0 0 -10 448.23 170.78 491.13 207.60 -10 -10 -10 -100    0 -1000 -1000 -10
144 8 pedestrian 0 0 -10 451.76 182.62 518.54 233.54 -10 -10 -10 -100    0 -1000 -1000 -10
144 6 pedestrian 0 0 -10 595.99 176.37 633.48 216.84 -10 -10 -10 -100    0 -1000 -1000 -10
144 28 pedestrian 0 0 -10 534.79 178.77 559.70 201.42 -10 -10 -10 -100    0 -1000 -1000 -10
144 18 pedestrian 0 0 -10 0.00 186.96 236.59 302.62 -10 -10 -10 -100    0 -1000 -1000 -10
144 3 pedestrian 0 0 -10 646.88 178.46 678.73 207.21 -10 -10 -10 -100    0 -1000 -1000 -10
144 25 pedestrian 0 0 -10 422.07 179.95 473.69 216.03 -10 -10 -10 -100    0 -1000 -1000 -10
144 22 pedestrian 0 0 -10 339.43 166.41 431.00 230.51 -10 -10 -10 -100    0 -1000 -1000 -10
145 24 pedestrian 0 0 -10 500.54 181.00 544.18 217.40 -10 -10 -10 -100    0 -1000 -1000 -10
145 21 pedestrian 0 0 -10 262.91 181.63 437.48 308.67 -10 -10 -10 -100    0 -1000 -1000 -10
145 29 pedestrian 0 0 -10 585.90 160.69 613.15 198.37 -10 -10 -10 -100    0 -1000 -1000 -10
145 12 pedestrian 0 0 -10 490.61 163.53 629.31 197.11 -10 -10 -10 -100    0 -1000 -1000 -10
145 23 pedestrian 0 0 -10 241.84 165.06 351.12 248.42 -10 -10 -10 -100    0 -1000 -1000 -10
145 26 pedestrian 0 0 -10 448.09 170.76 490.65 207.03 -10 -10 -10 -100    0 -1000 -1000 -10
145 8 pedestrian 0 0 -10 450.91 183.03 517.77 234.14 -10 -10 -10 -100    0 -1000 -1000 -10
145 6 pedestrian 0 0 -10 596.17 176.60 633.94 217.47 -10 -10 -10 -100    0 -1000 -1000 -10
145 28 pedestrian 0 0 -10 534.22 179.06 559.70 202.27 -10 -10 -10 -100    0 -1000 -1000 -10
145 18 pedestrian 0 0 -10 0.00 187.53 233.50 305.11 -10 -10 -10 -100    0 -1000 -1000 -10
145 3 pedestrian 0 0 -10 645.78 178.82 677.63 207.08 -10 -10 -10 -100    0 -1000 -1000 -10
145 25 pedestrian 0 0 -10 420.62 180.26 472.87 216.61 -10 -10 -10 -100    0 -1000 -1000 -10
145 22 pedestrian 0 0 -10 336.70 166.57 430.09 231.49 -10 -10 -10 -100    0 -1000 -1000 -10
146 24 pedestrian 0 0 -10 499.99 181.00 544.33 218.06 -10 -10 -10 -100    0 -1000 -1000 -10
146 21 pedestrian 0 0 -10 259.20 182.00 436.20 310.45 -10 -10 -10 -100    0 -1000 -1000 -10
146 29 pedestrian 0 0 -10 585.82 160.67 613.12 198.55 -10 -10 -10 -100    0 -1000 -1000 -10
146 12 pedestrian 0 0 -10 490.15 164.01 629.19 197.27 -10 -10 -10 -100    0 -1000 -1000 -10
146 23 pedestrian 0 0 -10 237.23 165.38 347.99 249.78 -10 -10 -10 -100    0 -1000 -1000 -10
146 26 pedestrian 0 0 -10 447.22 170.86 490.13 207.33 -10 -10 -10 -100    0 -1000 -1000 -10
146 8 pedestrian 0 0 -10 449.88 183.71 517.07 234.81 -10 -10 -10 -100    0 -1000 -1000 -10
146 6 pedestrian 0 0 -10 596.12 176.86 633.83 217.33 -10 -10 -10 -100    0 -1000 -1000 -10
146 28 pedestrian 0 0 -10 533.70 179.06 559.81 202.57 -10 -10 -10 -100    0 -1000 -1000 -10
146 18 pedestrian 0 0 -10 0.00 188.02 229.38 307.85 -10 -10 -10 -100    0 -1000 -1000 -10
146 3 pedestrian 0 0 -10 645.23 178.75 676.75 207.19 -10 -10 -10 -100    0 -1000 -1000 -10
146 25 pedestrian 0 0 -10 418.93 180.33 472.01 217.23 -10 -10 -10 -100    0 -1000 -1000 -10
146 22 pedestrian 0 0 -10 333.91 166.41 429.24 232.05 -10 -10 -10 -100    0 -1000 -1000 -10
147 24 pedestrian 0 0 -10 497.98 180.66 543.59 219.13 -10 -10 -10 -100    0 -1000 -1000 -10
147 21 pedestrian 0 0 -10 255.06 182.12 434.60 312.02 -10 -10 -10 -100    0 -1000 -1000 -10
147 29 pedestrian 0 0 -10 586.02 160.62 613.05 198.36 -10 -10 -10 -100    0 -1000 -1000 -10
147 12 pedestrian 0 0 -10 489.00 164.19 629.33 197.19 -10 -10 -10 -100    0 -1000 -1000 -10
147 23 pedestrian 0 0 -10 230.60 165.14 345.31 251.71 -10 -10 -10 -100    0 -1000 -1000 -10
147 26 pedestrian 0 0 -10 446.18 170.64 489.97 207.46 -10 -10 -10 -100    0 -1000 -1000 -10
147 8 pedestrian 0 0 -10 448.60 184.00 515.87 235.33 -10 -10 -10 -100    0 -1000 -1000 -10
147 6 pedestrian 0 0 -10 595.71 177.00 633.63 217.45 -10 -10 -10 -100    0 -1000 -1000 -10
147 28 pedestrian 0 0 -10 533.53 179.65 559.16 203.06 -10 -10 -10 -100    0 -1000 -1000 -10
147 18 pedestrian 0 0 -10 0.00 188.18 224.77 309.77 -10 -10 -10 -100    0 -1000 -1000 -10
147 3 pedestrian 0 0 -10 644.17 178.92 675.12 207.29 -10 -10 -10 -100    0 -1000 -1000 -10
147 25 pedestrian 0 0 -10 418.53 180.34 471.56 217.43 -10 -10 -10 -100    0 -1000 -1000 -10
147 22 pedestrian 0 0 -10 331.70 166.57 427.55 231.75 -10 -10 -10 -100    0 -1000 -1000 -10
148 24 pedestrian 0 0 -10 496.68 180.99 543.08 219.89 -10 -10 -10 -100    0 -1000 -1000 -10
148 21 pedestrian 0 0 -10 250.74 182.25 432.84 313.33 -10 -10 -10 -100    0 -1000 -1000 -10
148 29 pedestrian 0 0 -10 585.77 160.67 612.56 198.36 -10 -10 -10 -100    0 -1000 -1000 -10
148 12 pedestrian 0 0 -10 488.24 164.02 629.31 197.25 -10 -10 -10 -100    0 -1000 -1000 -10
148 23 pedestrian 0 0 -10 225.38 165.07 342.56 252.73 -10 -10 -10 -100    0 -1000 -1000 -10
148 26 pedestrian 0 0 -10 445.66 170.72 489.27 207.62 -10 -10 -10 -100    0 -1000 -1000 -10
148 8 pedestrian 0 0 -10 447.31 183.87 515.14 235.78 -10 -10 -10 -100    0 -1000 -1000 -10
148 6 pedestrian 0 0 -10 595.41 177.03 633.60 217.61 -10 -10 -10 -100    0 -1000 -1000 -10
148 28 pedestrian 0 0 -10 533.47 179.69 558.67 203.34 -10 -10 -10 -100    0 -1000 -1000 -10
148 18 pedestrian 0 0 -10 0.00 188.19 220.42 311.81 -10 -10 -10 -100    0 -1000 -1000 -10
148 3 pedestrian 0 0 -10 643.70 178.94 674.01 206.92 -10 -10 -10 -100    0 -1000 -1000 -10
148 25 pedestrian 0 0 -10 417.43 180.42 470.50 217.64 -10 -10 -10 -100    0 -1000 -1000 -10
148 22 pedestrian 0 0 -10 328.61 166.30 426.09 231.84 -10 -10 -10 -100    0 -1000 -1000 -10
149 24 pedestrian 0 0 -10 495.76 181.74 542.15 220.67 -10 -10 -10 -100    0 -1000 -1000 -10
149 21 pedestrian 0 0 -10 245.34 182.07 431.52 315.96 -10 -10 -10 -100    0 -1000 -1000 -10
149 29 pedestrian 0 0 -10 585.19 160.62 612.23 198.65 -10 -10 -10 -100    0 -1000 -1000 -10
149 12 pedestrian 0 0 -10 486.10 164.19 629.31 197.70 -10 -10 -10 -100    0 -1000 -1000 -10
149 23 pedestrian 0 0 -10 219.90 165.31 339.13 253.42 -10 -10 -10 -100    0 -1000 -1000 -10
149 26 pedestrian 0 0 -10 444.94 170.90 488.46 208.36 -10 -10 -10 -100    0 -1000 -1000 -10
149 8 pedestrian 0 0 -10 445.82 184.19 514.69 236.54 -10 -10 -10 -100    0 -1000 -1000 -10
149 6 pedestrian 0 0 -10 595.32 177.43 633.63 218.07 -10 -10 -10 -100    0 -1000 -1000 -10
149 28 pedestrian 0 0 -10 533.34 180.22 557.98 204.06 -10 -10 -10 -100    0 -1000 -1000 -10
149 18 pedestrian 0 0 -10 0.00 188.78 216.32 314.54 -10 -10 -10 -100    0 -1000 -1000 -10
149 3 pedestrian 0 0 -10 643.41 179.39 672.81 206.62 -10 -10 -10 -100    0 -1000 -1000 -10
149 25 pedestrian 0 0 -10 416.15 180.88 469.83 218.42 -10 -10 -10 -100    0 -1000 -1000 -10
149 22 pedestrian 0 0 -10 326.04 166.77 424.03 233.25 -10 -10 -10 -100    0 -1000 -1000 -10
150 21 pedestrian 0 0 -10 241.11 182.70 429.71 317.99 -10 -10 -10 -100    0 -1000 -1000 -10
150 24 pedestrian 0 0 -10 494.02 181.55 541.38 221.53 -10 -10 -10 -100    0 -1000 -1000 -10
150 29 pedestrian 0 0 -10 584.83 160.61 612.16 198.72 -10 -10 -10 -100    0 -1000 -1000 -10
150 12 pedestrian 0 0 -10 486.16 164.05 629.64 197.83 -10 -10 -10 -100    0 -1000 -1000 -10
150 23 pedestrian 0 0 -10 214.00 165.18 335.68 255.13 -10 -10 -10 -100    0 -1000 -1000 -10
150 26 pedestrian 0 0 -10 443.74 171.13 487.71 208.62 -10 -10 -10 -100    0 -1000 -1000 -10
150 8 pedestrian 0 0 -10 443.50 184.52 514.59 236.85 -10 -10 -10 -100    0 -1000 -1000 -10
150 6 pedestrian 0 0 -10 595.02 177.68 633.63 218.54 -10 -10 -10 -100    0 -1000 -1000 -10
150 28 pedestrian 0 0 -10 531.88 180.27 556.63 204.80 -10 -10 -10 -100    0 -1000 -1000 -10
150 18 pedestrian 0 0 -10 0.00 189.01 210.30 316.66 -10 -10 -10 -100    0 -1000 -1000 -10
150 3 pedestrian 0 0 -10 642.78 179.54 671.56 205.98 -10 -10 -10 -100    0 -1000 -1000 -10
150 25 pedestrian 0 0 -10 414.08 180.95 468.91 218.77 -10 -10 -10 -100    0 -1000 -1000 -10
150 22 pedestrian 0 0 -10 323.45 166.45 422.43 233.81 -10 -10 -10 -100    0 -1000 -1000 -10
151 21 pedestrian 0 0 -10 236.65 183.31 428.56 319.85 -10 -10 -10 -100    0 -1000 -1000 -10
151 24 pedestrian 0 0 -10 492.82 182.21 540.29 222.09 -10 -10 -10 -100    0 -1000 -1000 -10
151 29 pedestrian 0 0 -10 584.63 160.99 611.86 198.95 -10 -10 -10 -100    0 -1000 -1000 -10
151 12 pedestrian 0 0 -10 486.76 164.52 629.26 198.08 -10 -10 -10 -100    0 -1000 -1000 -10
151 23 pedestrian 0 0 -10 206.92 165.57 330.42 256.68 -10 -10 -10 -100    0 -1000 -1000 -10
151 26 pedestrian 0 0 -10 442.94 171.68 487.42 209.28 -10 -10 -10 -100    0 -1000 -1000 -10
151 8 pedestrian 0 0 -10 441.69 184.84 513.43 238.05 -10 -10 -10 -100    0 -1000 -1000 -10
151 6 pedestrian 0 0 -10 594.91 177.80 633.70 218.79 -10 -10 -10 -100    0 -1000 -1000 -10
151 28 pedestrian 0 0 -10 531.00 180.74 555.87 205.20 -10 -10 -10 -100    0 -1000 -1000 -10
151 18 pedestrian 0 0 -10 0.00 189.85 205.73 319.54 -10 -10 -10 -100    0 -1000 -1000 -10
151 3 pedestrian 0 0 -10 642.61 179.99 669.98 206.01 -10 -10 -10 -100    0 -1000 -1000 -10
151 25 pedestrian 0 0 -10 412.33 181.25 467.68 219.34 -10 -10 -10 -100    0 -1000 -1000 -10
151 22 pedestrian 0 0 -10 319.50 166.72 420.36 234.23 -10 -10 -10 -100    0 -1000 -1000 -10
152 21 pedestrian 0 0 -10 232.15 183.93 426.59 322.14 -10 -10 -10 -100    0 -1000 -1000 -10
152 24 pedestrian 0 0 -10 491.36 182.43 539.83 222.90 -10 -10 -10 -100    0 -1000 -1000 -10
152 29 pedestrian 0 0 -10 584.44 161.66 611.52 199.28 -10 -10 -10 -100    0 -1000 -1000 -10
152 12 pedestrian 0 0 -10 487.80 164.86 628.94 198.51 -10 -10 -10 -100    0 -1000 -1000 -10
152 23 pedestrian 0 0 -10 199.79 165.80 326.51 258.69 -10 -10 -10 -100    0 -1000 -1000 -10
152 26 pedestrian 0 0 -10 442.16 171.87 487.02 209.99 -10 -10 -10 -100    0 -1000 -1000 -10
152 8 pedestrian 0 0 -10 439.92 184.97 512.19 239.27 -10 -10 -10 -100    0 -1000 -1000 -10
152 6 pedestrian 0 0 -10 594.70 178.16 633.73 219.46 -10 -10 -10 -100    0 -1000 -1000 -10
152 28 pedestrian 0 0 -10 530.81 181.02 555.42 205.31 -10 -10 -10 -100    0 -1000 -1000 -10
152 18 pedestrian 0 0 -10 0.00 190.39 200.31 322.81 -10 -10 -10 -100    0 -1000 -1000 -10
152 3 pedestrian 0 0 -10 641.83 180.30 669.04 206.00 -10 -10 -10 -100    0 -1000 -1000 -10
152 25 pedestrian 0 0 -10 411.28 181.55 466.57 219.74 -10 -10 -10 -100    0 -1000 -1000 -10
152 22 pedestrian 0 0 -10 316.90 167.03 418.56 234.57 -10 -10 -10 -100    0 -1000 -1000 -10
153 21 pedestrian 0 0 -10 227.44 183.56 424.37 324.89 -10 -10 -10 -100    0 -1000 -1000 -10
153 24 pedestrian 0 0 -10 489.76 182.23 539.29 223.82 -10 -10 -10 -100    0 -1000 -1000 -10
153 29 pedestrian 0 0 -10 584.29 161.82 611.26 199.34 -10 -10 -10 -100    0 -1000 -1000 -10
153 12 pedestrian 0 0 -10 487.38 165.05 629.33 198.76 -10 -10 -10 -100    0 -1000 -1000 -10
153 23 pedestrian 0 0 -10 192.48 165.85 323.80 260.58 -10 -10 -10 -100    0 -1000 -1000 -10
153 26 pedestrian 0 0 -10 441.67 171.42 486.48 210.20 -10 -10 -10 -100    0 -1000 -1000 -10
153 8 pedestrian 0 0 -10 438.81 184.76 511.50 239.81 -10 -10 -10 -100    0 -1000 -1000 -10
153 6 pedestrian 0 0 -10 594.43 178.23 633.57 220.15 -10 -10 -10 -100    0 -1000 -1000 -10
153 28 pedestrian 0 0 -10 530.30 180.89 554.58 205.41 -10 -10 -10 -100    0 -1000 -1000 -10
153 18 pedestrian 0 0 -10 0.00 190.71 193.87 326.71 -10 -10 -10 -100    0 -1000 -1000 -10
153 3 pedestrian 0 0 -10 640.95 180.49 668.08 205.91 -10 -10 -10 -100    0 -1000 -1000 -10
153 25 pedestrian 0 0 -10 409.40 181.55 465.66 220.23 -10 -10 -10 -100    0 -1000 -1000 -10
153 22 pedestrian 0 0 -10 313.37 166.94 416.62 235.79 -10 -10 -10 -100    0 -1000 -1000 -10
154 21 pedestrian 0 0 -10 222.38 184.08 422.97 326.58 -10 -10 -10 -100    0 -1000 -1000 -10
154 24 pedestrian 0 0 -10 488.67 183.02 538.65 224.84 -10 -10 -10 -100    0 -1000 -1000 -10
154 29 pedestrian 0 0 -10 583.72 163.21 611.99 199.08 -10 -10 -10 -100    0 -1000 -1000 -10
154 12 pedestrian 0 0 -10 487.03 165.35 629.51 199.09 -10 -10 -10 -100    0 -1000 -1000 -10
154 23 pedestrian 0 0 -10 186.11 165.32 319.79 261.87 -10 -10 -10 -100    0 -1000 -1000 -10
154 26 pedestrian 0 0 -10 441.16 171.20 485.70 210.08 -10 -10 -10 -100    0 -1000 -1000 -10
154 8 pedestrian 0 0 -10 437.14 185.20 510.41 241.03 -10 -10 -10 -100    0 -1000 -1000 -10
154 6 pedestrian 0 0 -10 594.44 178.48 634.03 220.71 -10 -10 -10 -100    0 -1000 -1000 -10
154 28 pedestrian 0 0 -10 529.66 180.97 554.47 205.83 -10 -10 -10 -100    0 -1000 -1000 -10
154 18 pedestrian 0 0 -10 0.00 190.69 187.44 330.09 -10 -10 -10 -100    0 -1000 -1000 -10
154 3 pedestrian 0 0 -10 639.73 181.05 667.14 206.17 -10 -10 -10 -100    0 -1000 -1000 -10
154 25 pedestrian 0 0 -10 408.24 181.46 465.07 220.46 -10 -10 -10 -100    0 -1000 -1000 -10
154 22 pedestrian 0 0 -10 310.69 166.69 414.88 237.09 -10 -10 -10 -100    0 -1000 -1000 -10
155 21 pedestrian 0 0 -10 217.96 184.86 421.38 329.49 -10 -10 -10 -100    0 -1000 -1000 -10
155 24 pedestrian 0 0 -10 486.20 183.39 537.53 226.22 -10 -10 -10 -100    0 -1000 -1000 -10
155 29 pedestrian 0 0 -10 585.09 162.24 612.09 199.90 -10 -10 -10 -100    0 -1000 -1000 -10
155 12 pedestrian 0 0 -10 484.32 165.81 628.55 199.24 -10 -10 -10 -100    0 -1000 -1000 -10
155 23 pedestrian 0 0 -10 178.40 165.68 315.21 265.38 -10 -10 -10 -100    0 -1000 -1000 -10
155 26 pedestrian 0 0 -10 440.39 170.88 484.14 210.76 -10 -10 -10 -100    0 -1000 -1000 -10
155 30 pedestrian 0 0 -10 939.78 183.57 1240.92 376.00 -10 -10 -10 -100    0 -1000 -1000 -10
155 8 pedestrian 0 0 -10 434.86 186.06 509.35 242.67 -10 -10 -10 -100    0 -1000 -1000 -10
155 6 pedestrian 0 0 -10 594.74 179.23 634.13 221.73 -10 -10 -10 -100    0 -1000 -1000 -10
155 28 pedestrian 0 0 -10 529.87 181.80 554.32 206.45 -10 -10 -10 -100    0 -1000 -1000 -10
155 18 pedestrian 0 0 -10 0.00 191.66 179.87 333.50 -10 -10 -10 -100    0 -1000 -1000 -10
155 3 pedestrian 0 0 -10 638.73 181.24 665.99 206.76 -10 -10 -10 -100    0 -1000 -1000 -10
155 25 pedestrian 0 0 -10 407.47 182.02 463.55 221.22 -10 -10 -10 -100    0 -1000 -1000 -10
155 22 pedestrian 0 0 -10 308.51 167.33 413.22 238.32 -10 -10 -10 -100    0 -1000 -1000 -10
156 21 pedestrian 0 0 -10 211.38 186.45 419.61 333.19 -10 -10 -10 -100    0 -1000 -1000 -10
156 24 pedestrian 0 0 -10 483.07 185.07 535.38 227.58 -10 -10 -10 -100    0 -1000 -1000 -10
156 29 pedestrian 0 0 -10 584.37 163.57 612.91 201.93 -10 -10 -10 -100    0 -1000 -1000 -10
156 12 pedestrian 0 0 -10 485.09 167.63 628.04 200.95 -10 -10 -10 -100    0 -1000 -1000 -10
156 23 pedestrian 0 0 -10 169.98 167.12 309.70 268.55 -10 -10 -10 -100    0 -1000 -1000 -10
156 26 pedestrian 0 0 -10 439.16 172.83 483.69 212.45 -10 -10 -10 -100    0 -1000 -1000 -10
156 30 pedestrian 0 0 -10 906.91 184.53 1241.00 376.00 -10 -10 -10 -100    0 -1000 -1000 -10
156 8 pedestrian 0 0 -10 432.77 187.26 508.09 245.12 -10 -10 -10 -100    0 -1000 -1000 -10
156 6 pedestrian 0 0 -10 594.71 180.88 634.32 223.08 -10 -10 -10 -100    0 -1000 -1000 -10
156 28 pedestrian 0 0 -10 528.87 183.16 552.93 207.79 -10 -10 -10 -100    0 -1000 -1000 -10
156 18 pedestrian 0 0 -10 0.00 193.32 173.67 337.54 -10 -10 -10 -100    0 -1000 -1000 -10
156 3 pedestrian 0 0 -10 638.37 183.59 665.07 208.44 -10 -10 -10 -100    0 -1000 -1000 -10
156 25 pedestrian 0 0 -10 405.73 183.47 463.30 222.48 -10 -10 -10 -100    0 -1000 -1000 -10
156 22 pedestrian 0 0 -10 305.57 169.13 412.24 240.23 -10 -10 -10 -100    0 -1000 -1000 -10
157 21 pedestrian 0 0 -10 204.65 188.23 417.53 336.78 -10 -10 -10 -100    0 -1000 -1000 -10
157 24 pedestrian 0 0 -10 481.53 187.03 533.49 229.31 -10 -10 -10 -100    0 -1000 -1000 -10
157 29 pedestrian 0 0 -10 582.84 163.97 612.73 203.08 -10 -10 -10 -100    0 -1000 -1000 -10
157 12 pedestrian 0 0 -10 482.46 170.23 628.53 204.03 -10 -10 -10 -100    0 -1000 -1000 -10
157 23 pedestrian 0 0 -10 160.83 168.54 303.79 271.26 -10 -10 -10 -100    0 -1000 -1000 -10
157 26 pedestrian 0 0 -10 436.15 174.09 482.65 213.50 -10 -10 -10 -100    0 -1000 -1000 -10
157 30 pedestrian 0 0 -10 877.34 185.05 1241.00 376.00 -10 -10 -10 -100    0 -1000 -1000 -10
157 8 pedestrian 0 0 -10 429.72 188.87 505.72 247.24 -10 -10 -10 -100    0 -1000 -1000 -10
157 6 pedestrian 0 0 -10 593.78 181.85 633.40 224.88 -10 -10 -10 -100    0 -1000 -1000 -10
157 28 pedestrian 0 0 -10 526.37 184.68 551.82 209.94 -10 -10 -10 -100    0 -1000 -1000 -10
157 18 pedestrian 0 0 -10 0.00 195.15 165.12 341.56 -10 -10 -10 -100    0 -1000 -1000 -10
157 3 pedestrian 0 0 -10 636.96 185.60 663.21 209.47 -10 -10 -10 -100    0 -1000 -1000 -10
157 25 pedestrian 0 0 -10 403.63 185.27 461.87 224.23 -10 -10 -10 -100    0 -1000 -1000 -10
157 22 pedestrian 0 0 -10 302.25 170.09 409.77 242.00 -10 -10 -10 -100    0 -1000 -1000 -10
158 21 pedestrian 0 0 -10 198.14 188.32 413.76 339.45 -10 -10 -10 -100    0 -1000 -1000 -10
158 24 pedestrian 0 0 -10 479.19 187.08 530.90 231.38 -10 -10 -10 -100    0 -1000 -1000 -10
158 29 pedestrian 0 0 -10 580.23 163.88 610.76 203.95 -10 -10 -10 -100    0 -1000 -1000 -10
158 12 pedestrian 0 0 -10 479.55 173.66 627.67 206.26 -10 -10 -10 -100    0 -1000 -1000 -10
158 23 pedestrian 0 0 -10 150.35 168.65 297.91 273.66 -10 -10 -10 -100    0 -1000 -1000 -10
158 26 pedestrian 0 0 -10 434.72 174.53 480.65 213.88 -10 -10 -10 -100    0 -1000 -1000 -10
158 30 pedestrian 0 0 -10 848.36 184.96 1241.00 376.00 -10 -10 -10 -100    0 -1000 -1000 -10
158 8 pedestrian 0 0 -10 425.97 189.28 503.81 248.79 -10 -10 -10 -100    0 -1000 -1000 -10
158 6 pedestrian 0 0 -10 591.94 182.17 632.17 225.61 -10 -10 -10 -100    0 -1000 -1000 -10
158 28 pedestrian 0 0 -10 524.06 184.25 550.87 210.34 -10 -10 -10 -100    0 -1000 -1000 -10
158 18 pedestrian 0 0 -10 0.00 195.92 154.22 342.10 -10 -10 -10 -100    0 -1000 -1000 -10
158 3 pedestrian 0 0 -10 634.72 185.34 660.74 209.60 -10 -10 -10 -100    0 -1000 -1000 -10
158 25 pedestrian 0 0 -10 399.81 185.48 459.86 224.78 -10 -10 -10 -100    0 -1000 -1000 -10
158 22 pedestrian 0 0 -10 297.76 170.51 407.72 242.39 -10 -10 -10 -100    0 -1000 -1000 -10
159 21 pedestrian 0 0 -10 188.02 187.35 409.54 341.47 -10 -10 -10 -100    0 -1000 -1000 -10
159 24 pedestrian 0 0 -10 475.23 186.51 529.32 231.32 -10 -10 -10 -100    0 -1000 -1000 -10
159 29 pedestrian 0 0 -10 579.50 163.33 609.91 203.28 -10 -10 -10 -100    0 -1000 -1000 -10
159 12 pedestrian 0 0 -10 476.84 175.68 628.95 207.45 -10 -10 -10 -100    0 -1000 -1000 -10
159 23 pedestrian 0 0 -10 138.43 167.44 290.23 274.32 -10 -10 -10 -100    0 -1000 -1000 -10
159 26 pedestrian 0 0 -10 429.54 174.07 476.42 214.99 -10 -10 -10 -100    0 -1000 -1000 -10
159 30 pedestrian 0 0 -10 824.06 184.74 1240.48 376.00 -10 -10 -10 -100    0 -1000 -1000 -10
159 8 pedestrian 0 0 -10 421.48 189.01 500.41 248.99 -10 -10 -10 -100    0 -1000 -1000 -10
159 6 pedestrian 0 0 -10 589.52 181.71 630.54 225.19 -10 -10 -10 -100    0 -1000 -1000 -10
159 28 pedestrian 0 0 -10 521.74 183.79 549.32 210.29 -10 -10 -10 -100    0 -1000 -1000 -10
159 18 pedestrian 0 0 -10 0.00 195.43 142.80 343.07 -10 -10 -10 -100    0 -1000 -1000 -10
159 3 pedestrian 0 0 -10 633.01 184.35 657.95 208.86 -10 -10 -10 -100    0 -1000 -1000 -10
159 25 pedestrian 0 0 -10 397.22 184.19 458.10 223.65 -10 -10 -10 -100    0 -1000 -1000 -10
159 22 pedestrian 0 0 -10 293.79 169.70 403.03 242.13 -10 -10 -10 -100    0 -1000 -1000 -10
160 21 pedestrian 0 0 -10 176.97 185.93 405.07 343.77 -10 -10 -10 -100    0 -1000 -1000 -10
160 24 pedestrian 0 0 -10 471.43 185.73 526.76 231.75 -10 -10 -10 -100    0 -1000 -1000 -10
160 29 pedestrian 0 0 -10 577.85 163.29 607.64 202.53 -10 -10 -10 -100    0 -1000 -1000 -10
160 12 pedestrian 0 0 -10 475.14 175.62 627.82 207.01 -10 -10 -10 -100    0 -1000 -1000 -10
160 23 pedestrian 0 0 -10 124.59 166.12 283.64 276.20 -10 -10 -10 -100    0 -1000 -1000 -10
160 26 pedestrian 0 0 -10 427.99 173.21 474.64 214.72 -10 -10 -10 -100    0 -1000 -1000 -10
160 30 pedestrian 0 0 -10 807.72 183.78 1241.00 376.00 -10 -10 -10 -100    0 -1000 -1000 -10
160 8 pedestrian 0 0 -10 416.89 189.33 497.11 249.48 -10 -10 -10 -100    0 -1000 -1000 -10
160 6 pedestrian 0 0 -10 587.23 180.62 628.06 224.87 -10 -10 -10 -100    0 -1000 -1000 -10
160 28 pedestrian 0 0 -10 520.51 182.82 547.39 208.98 -10 -10 -10 -100    0 -1000 -1000 -10
160 18 pedestrian 0 0 -10 0.00 194.68 128.59 342.67 -10 -10 -10 -100    0 -1000 -1000 -10
160 3 pedestrian 0 0 -10 630.56 183.78 654.85 207.26 -10 -10 -10 -100    0 -1000 -1000 -10
160 25 pedestrian 0 0 -10 394.79 183.14 455.57 223.30 -10 -10 -10 -100    0 -1000 -1000 -10
160 22 pedestrian 0 0 -10 286.91 168.20 399.41 242.44 -10 -10 -10 -100    0 -1000 -1000 -10
161 21 pedestrian 0 0 -10 164.35 186.82 398.76 347.93 -10 -10 -10 -100    0 -1000 -1000 -10
161 24 pedestrian 0 0 -10 467.02 186.40 522.95 231.92 -10 -10 -10 -100    0 -1000 -1000 -10
161 29 pedestrian 0 0 -10 574.20 163.02 604.66 204.10 -10 -10 -10 -100    0 -1000 -1000 -10
161 12 pedestrian 0 0 -10 471.22 175.81 627.06 207.30 -10 -10 -10 -100    0 -1000 -1000 -10
161 23 pedestrian 0 0 -10 109.09 165.67 275.16 278.50 -10 -10 -10 -100    0 -1000 -1000 -10
161 26 pedestrian 0 0 -10 423.52 172.91 470.77 214.55 -10 -10 -10 -100    0 -1000 -1000 -10
161 30 pedestrian 0 0 -10 789.11 183.66 1174.59 376.00 -10 -10 -10 -100    0 -1000 -1000 -10
161 8 pedestrian 0 0 -10 410.44 188.67 493.09 251.25 -10 -10 -10 -100    0 -1000 -1000 -10
161 6 pedestrian 0 0 -10 585.29 180.66 625.88 225.14 -10 -10 -10 -100    0 -1000 -1000 -10
161 28 pedestrian 0 0 -10 518.45 183.59 544.67 209.07 -10 -10 -10 -100    0 -1000 -1000 -10
161 18 pedestrian 0 0 -10 0.00 195.25 113.07 341.73 -10 -10 -10 -100    0 -1000 -1000 -10
161 3 pedestrian 0 0 -10 628.31 183.70 652.22 207.14 -10 -10 -10 -100    0 -1000 -1000 -10
161 25 pedestrian 0 0 -10 390.02 183.67 449.97 224.16 -10 -10 -10 -100    0 -1000 -1000 -10
161 22 pedestrian 0 0 -10 279.46 168.38 394.22 243.44 -10 -10 -10 -100    0 -1000 -1000 -10
162 31 pedestrian 0 0 -10 533.89 170.82 555.02 201.55 -10 -10 -10 -100    0 -1000 -1000 -10
162 21 pedestrian 0 0 -10 147.95 187.82 390.33 353.53 -10 -10 -10 -100    0 -1000 -1000 -10
162 24 pedestrian 0 0 -10 461.36 187.17 518.15 233.98 -10 -10 -10 -100    0 -1000 -1000 -10
162 29 pedestrian 0 0 -10 571.35 163.00 601.13 203.93 -10 -10 -10 -100    0 -1000 -1000 -10
162 12 pedestrian 0 0 -10 466.00 178.50 625.69 209.87 -10 -10 -10 -100    0 -1000 -1000 -10
162 23 pedestrian 0 0 -10 90.50 165.62 263.51 282.49 -10 -10 -10 -100    0 -1000 -1000 -10
162 26 pedestrian 0 0 -10 418.07 173.09 466.88 214.66 -10 -10 -10 -100    0 -1000 -1000 -10
162 30 pedestrian 0 0 -10 775.48 183.31 1110.09 376.00 -10 -10 -10 -100    0 -1000 -1000 -10
162 8 pedestrian 0 0 -10 402.26 189.20 488.14 253.49 -10 -10 -10 -100    0 -1000 -1000 -10
162 6 pedestrian 0 0 -10 581.21 181.10 622.39 225.58 -10 -10 -10 -100    0 -1000 -1000 -10
162 28 pedestrian 0 0 -10 513.62 184.36 539.99 209.42 -10 -10 -10 -100    0 -1000 -1000 -10
162 18 pedestrian 0 0 -10 0.08 193.31 94.65 340.11 -10 -10 -10 -100    0 -1000 -1000 -10
162 3 pedestrian 0 0 -10 624.16 184.03 648.43 206.84 -10 -10 -10 -100    0 -1000 -1000 -10
162 25 pedestrian 0 0 -10 383.41 184.48 445.17 225.70 -10 -10 -10 -100    0 -1000 -1000 -10
162 22 pedestrian 0 0 -10 271.02 169.10 387.76 244.65 -10 -10 -10 -100    0 -1000 -1000 -10
163 31 pedestrian 0 0 -10 530.03 168.86 552.43 199.28 -10 -10 -10 -100    0 -1000 -1000 -10
163 21 pedestrian 0 0 -10 130.66 187.95 382.43 358.50 -10 -10 -10 -100    0 -1000 -1000 -10
163 24 pedestrian 0 0 -10 453.35 186.98 514.24 235.05 -10 -10 -10 -100    0 -1000 -1000 -10
163 29 pedestrian 0 0 -10 567.27 163.05 597.14 202.42 -10 -10 -10 -100    0 -1000 -1000 -10
163 12 pedestrian 0 0 -10 462.21 176.46 619.13 209.71 -10 -10 -10 -100    0 -1000 -1000 -10
163 23 pedestrian 0 0 -10 70.15 165.90 250.24 286.30 -10 -10 -10 -100    0 -1000 -1000 -10
163 26 pedestrian 0 0 -10 412.40 172.83 461.27 214.86 -10 -10 -10 -100    0 -1000 -1000 -10
163 30 pedestrian 0 0 -10 761.17 183.12 1055.49 376.00 -10 -10 -10 -100    0 -1000 -1000 -10
163 8 pedestrian 0 0 -10 394.27 189.12 482.35 254.98 -10 -10 -10 -100    0 -1000 -1000 -10
163 6 pedestrian 0 0 -10 577.11 180.69 618.39 225.97 -10 -10 -10 -100    0 -1000 -1000 -10
163 28 pedestrian 0 0 -10 508.87 183.90 536.27 210.86 -10 -10 -10 -100    0 -1000 -1000 -10
163 18 pedestrian 0 0 -10 0.04 192.13 73.08 338.84 -10 -10 -10 -100    0 -1000 -1000 -10
163 3 pedestrian 0 0 -10 619.25 184.07 643.03 207.18 -10 -10 -10 -100    0 -1000 -1000 -10
163 25 pedestrian 0 0 -10 378.11 184.02 439.55 225.73 -10 -10 -10 -100    0 -1000 -1000 -10
163 22 pedestrian 0 0 -10 262.58 168.46 380.53 245.55 -10 -10 -10 -100    0 -1000 -1000 -10
164 31 pedestrian 0 0 -10 526.06 169.05 548.34 201.28 -10 -10 -10 -100    0 -1000 -1000 -10
164 21 pedestrian 0 0 -10 111.52 188.19 373.55 364.54 -10 -10 -10 -100    0 -1000 -1000 -10
164 24 pedestrian 0 0 -10 448.27 186.08 509.22 235.41 -10 -10 -10 -100    0 -1000 -1000 -10
164 29 pedestrian 0 0 -10 561.75 161.90 593.54 203.84 -10 -10 -10 -100    0 -1000 -1000 -10
164 12 pedestrian 0 0 -10 458.87 176.63 613.66 208.48 -10 -10 -10 -100    0 -1000 -1000 -10
164 23 pedestrian 0 0 -10 47.72 165.60 236.74 290.01 -10 -10 -10 -100    0 -1000 -1000 -10
164 26 pedestrian 0 0 -10 406.48 172.50 456.84 214.44 -10 -10 -10 -100    0 -1000 -1000 -10
164 30 pedestrian 0 0 -10 747.03 181.77 1010.68 372.42 -10 -10 -10 -100    0 -1000 -1000 -10
164 8 pedestrian 0 0 -10 385.74 189.28 475.96 256.68 -10 -10 -10 -100    0 -1000 -1000 -10
164 6 pedestrian 0 0 -10 572.81 180.71 614.87 225.58 -10 -10 -10 -100    0 -1000 -1000 -10
164 28 pedestrian 0 0 -10 502.90 183.13 531.56 211.19 -10 -10 -10 -100    0 -1000 -1000 -10
164 18 pedestrian 0 0 -10 0.10 193.24 50.26 337.21 -10 -10 -10 -100    0 -1000 -1000 -10
164 3 pedestrian 0 0 -10 613.97 183.14 637.92 206.37 -10 -10 -10 -100    0 -1000 -1000 -10
164 25 pedestrian 0 0 -10 370.61 184.12 432.13 226.01 -10 -10 -10 -100    0 -1000 -1000 -10
164 22 pedestrian 0 0 -10 254.98 168.32 374.53 247.22 -10 -10 -10 -100    0 -1000 -1000 -10
165 31 pedestrian 0 0 -10 518.78 170.90 541.84 201.83 -10 -10 -10 -100    0 -1000 -1000 -10
165 21 pedestrian 0 0 -10 88.08 188.18 362.95 370.74 -10 -10 -10 -100    0 -1000 -1000 -10
165 24 pedestrian 0 0 -10 440.29 186.54 503.20 237.09 -10 -10 -10 -100    0 -1000 -1000 -10
165 29 pedestrian 0 0 -10 558.07 162.90 589.22 204.84 -10 -10 -10 -100    0 -1000 -1000 -10
165 12 pedestrian 0 0 -10 451.25 176.22 609.89 208.13 -10 -10 -10 -100    0 -1000 -1000 -10
165 23 pedestrian 0 0 -10 22.13 165.49 222.71 294.36 -10 -10 -10 -100    0 -1000 -1000 -10
165 26 pedestrian 0 0 -10 402.22 173.04 451.96 214.16 -10 -10 -10 -100    0 -1000 -1000 -10
165 30 pedestrian 0 0 -10 733.91 181.32 972.43 357.27 -10 -10 -10 -100    0 -1000 -1000 -10
165 8 pedestrian 0 0 -10 375.25 189.17 468.62 258.57 -10 -10 -10 -100    0 -1000 -1000 -10
165 6 pedestrian 0 0 -10 567.83 181.07 611.10 226.42 -10 -10 -10 -100    0 -1000 -1000 -10
165 28 pedestrian 0 0 -10 498.16 184.06 527.00 212.21 -10 -10 -10 -100    0 -1000 -1000 -10
165 18 pedestrian 0 0 -10 0.17 202.04 25.27 333.61 -10 -10 -10 -100    0 -1000 -1000 -10
165 3 pedestrian 0 0 -10 609.75 183.22 633.66 206.48 -10 -10 -10 -100    0 -1000 -1000 -10
165 25 pedestrian 0 0 -10 362.08 184.55 426.55 227.67 -10 -10 -10 -100    0 -1000 -1000 -10
165 22 pedestrian 0 0 -10 244.56 168.45 366.24 248.97 -10 -10 -10 -100    0 -1000 -1000 -10
166 31 pedestrian 0 0 -10 516.76 171.02 537.26 200.97 -10 -10 -10 -100    0 -1000 -1000 -10
166 21 pedestrian 0 0 -10 63.22 189.65 351.27 376.00 -10 -10 -10 -100    0 -1000 -1000 -10
166 24 pedestrian 0 0 -10 432.24 187.94 496.85 238.49 -10 -10 -10 -100    0 -1000 -1000 -10
166 29 pedestrian 0 0 -10 553.75 163.80 585.12 204.31 -10 -10 -10 -100    0 -1000 -1000 -10
166 12 pedestrian 0 0 -10 446.45 176.74 608.57 208.65 -10 -10 -10 -100    0 -1000 -1000 -10
166 23 pedestrian 0 0 -10 0.00 165.05 204.90 299.28 -10 -10 -10 -100    0 -1000 -1000 -10
166 26 pedestrian 0 0 -10 396.01 173.06 445.98 215.67 -10 -10 -10 -100    0 -1000 -1000 -10
166 30 pedestrian 0 0 -10 721.21 182.66 938.90 345.24 -10 -10 -10 -100    0 -1000 -1000 -10
166 8 pedestrian 0 0 -10 364.10 190.49 461.27 262.01 -10 -10 -10 -100    0 -1000 -1000 -10
166 6 pedestrian 0 0 -10 563.44 181.81 605.82 227.55 -10 -10 -10 -100    0 -1000 -1000 -10
166 28 pedestrian 0 0 -10 491.54 184.39 521.84 213.77 -10 -10 -10 -100    0 -1000 -1000 -10
166 3 pedestrian 0 0 -10 605.26 184.32 628.29 206.77 -10 -10 -10 -100    0 -1000 -1000 -10
166 25 pedestrian 0 0 -10 356.05 185.30 419.96 227.20 -10 -10 -10 -100    0 -1000 -1000 -10
166 22 pedestrian 0 0 -10 231.97 169.18 359.26 251.16 -10 -10 -10 -100    0 -1000 -1000 -10
167 21 pedestrian 0 0 -10 32.88 191.25 339.44 376.00 -10 -10 -10 -100    0 -1000 -1000 -10
167 24 pedestrian 0 0 -10 424.16 189.23 490.96 241.88 -10 -10 -10 -100    0 -1000 -1000 -10
167 29 pedestrian 0 0 -10 548.40 164.73 580.47 205.56 -10 -10 -10 -100    0 -1000 -1000 -10
167 12 pedestrian 0 0 -10 444.10 179.62 605.59 209.64 -10 -10 -10 -100    0 -1000 -1000 -10
167 23 pedestrian 0 0 -10 0.11 164.67 183.94 307.59 -10 -10 -10 -100    0 -1000 -1000 -10
167 26 pedestrian 0 0 -10 388.00 174.38 440.26 217.99 -10 -10 -10 -100    0 -1000 -1000 -10
167 30 pedestrian 0 0 -10 709.89 183.64 909.00 336.55 -10 -10 -10 -100    0 -1000 -1000 -10
167 8 pedestrian 0 0 -10 352.69 191.28 453.92 265.04 -10 -10 -10 -100    0 -1000 -1000 -10
167 31 pedestrian 0 0 -10 510.80 173.00 532.85 203.96 -10 -10 -10 -100    0 -1000 -1000 -10
167 6 pedestrian 0 0 -10 559.34 183.24 602.39 229.21 -10 -10 -10 -100    0 -1000 -1000 -10
167 28 pedestrian 0 0 -10 485.98 186.32 517.97 215.91 -10 -10 -10 -100    0 -1000 -1000 -10
167 3 pedestrian 0 0 -10 600.56 186.39 622.97 208.17 -10 -10 -10 -100    0 -1000 -1000 -10
167 25 pedestrian 0 0 -10 348.49 185.79 413.83 229.79 -10 -10 -10 -100    0 -1000 -1000 -10
167 22 pedestrian 0 0 -10 221.38 171.03 350.67 252.71 -10 -10 -10 -100    0 -1000 -1000 -10
168 21 pedestrian 0 0 -10 0.46 190.41 326.25 376.00 -10 -10 -10 -100    0 -1000 -1000 -10
168 24 pedestrian 0 0 -10 415.32 189.47 483.59 243.75 -10 -10 -10 -100    0 -1000 -1000 -10
168 29 pedestrian 0 0 -10 544.96 164.53 575.92 206.00 -10 -10 -10 -100    0 -1000 -1000 -10
168 12 pedestrian 0 0 -10 436.71 177.03 600.34 209.68 -10 -10 -10 -100    0 -1000 -1000 -10
168 23 pedestrian 0 0 -10 0.00 165.18 165.86 310.44 -10 -10 -10 -100    0 -1000 -1000 -10
168 26 pedestrian 0 0 -10 382.16 174.24 434.63 217.80 -10 -10 -10 -100    0 -1000 -1000 -10
168 30 pedestrian 0 0 -10 697.92 183.89 882.40 327.33 -10 -10 -10 -100    0 -1000 -1000 -10
168 8 pedestrian 0 0 -10 339.81 191.64 446.29 268.10 -10 -10 -10 -100    0 -1000 -1000 -10
168 31 pedestrian 0 0 -10 504.94 173.07 527.44 204.66 -10 -10 -10 -100    0 -1000 -1000 -10
168 6 pedestrian 0 0 -10 554.31 183.49 597.64 229.49 -10 -10 -10 -100    0 -1000 -1000 -10
168 28 pedestrian 0 0 -10 482.37 186.52 513.48 215.49 -10 -10 -10 -100    0 -1000 -1000 -10
168 3 pedestrian 0 0 -10 596.19 185.47 618.90 208.40 -10 -10 -10 -100    0 -1000 -1000 -10
168 25 pedestrian 0 0 -10 339.32 185.58 406.25 231.43 -10 -10 -10 -100    0 -1000 -1000 -10
168 22 pedestrian 0 0 -10 209.34 170.09 341.52 254.42 -10 -10 -10 -100    0 -1000 -1000 -10
169 21 pedestrian 0 0 -10 0.03 191.02 311.50 376.00 -10 -10 -10 -100    0 -1000 -1000 -10
169 24 pedestrian 0 0 -10 406.15 188.72 478.56 244.52 -10 -10 -10 -100    0 -1000 -1000 -10
169 29 pedestrian 0 0 -10 540.76 163.99 570.99 205.62 -10 -10 -10 -100    0 -1000 -1000 -10
169 12 pedestrian 0 0 -10 428.67 177.25 596.44 208.58 -10 -10 -10 -100    0 -1000 -1000 -10
169 23 pedestrian 0 0 -10 0.00 165.89 144.38 309.47 -10 -10 -10 -100    0 -1000 -1000 -10
169 26 pedestrian 0 0 -10 376.44 172.63 428.26 218.07 -10 -10 -10 -100    0 -1000 -1000 -10
169 30 pedestrian 0 0 -10 686.94 182.91 858.82 317.85 -10 -10 -10 -100    0 -1000 -1000 -10
169 8 pedestrian 0 0 -10 325.72 190.83 437.77 270.61 -10 -10 -10 -100    0 -1000 -1000 -10
169 31 pedestrian 0 0 -10 502.18 171.62 524.39 202.27 -10 -10 -10 -100    0 -1000 -1000 -10
169 6 pedestrian 0 0 -10 550.29 181.67 593.80 228.84 -10 -10 -10 -100    0 -1000 -1000 -10
169 28 pedestrian 0 0 -10 475.65 185.34 507.93 214.69 -10 -10 -10 -100    0 -1000 -1000 -10
169 3 pedestrian 0 0 -10 590.47 183.80 613.60 206.59 -10 -10 -10 -100    0 -1000 -1000 -10
169 25 pedestrian 0 0 -10 327.57 185.12 400.17 230.33 -10 -10 -10 -100    0 -1000 -1000 -10
169 22 pedestrian 0 0 -10 194.98 169.50 334.04 255.12 -10 -10 -10 -100    0 -1000 -1000 -10
170 21 pedestrian 0 0 -10 0.00 191.34 293.89 376.00 -10 -10 -10 -100    0 -1000 -1000 -10
170 24 pedestrian 0 0 -10 397.26 189.03 470.41 245.89 -10 -10 -10 -100    0 -1000 -1000 -10
170 29 pedestrian 0 0 -10 535.35 163.98 566.41 203.86 -10 -10 -10 -100    0 -1000 -1000 -10
170 12 pedestrian 0 0 -10 420.94 177.61 588.14 207.14 -10 -10 -10 -100    0 -1000 -1000 -10
170 23 pedestrian 0 0 -10 0.03 164.23 121.38 315.24 -10 -10 -10 -100    0 -1000 -1000 -10
170 26 pedestrian 0 0 -10 369.90 172.41 423.69 217.39 -10 -10 -10 -100    0 -1000 -1000 -10
170 30 pedestrian 0 0 -10 676.90 182.53 838.42 310.48 -10 -10 -10 -100    0 -1000 -1000 -10
170 8 pedestrian 0 0 -10 311.42 191.22 428.23 273.54 -10 -10 -10 -100    0 -1000 -1000 -10
170 31 pedestrian 0 0 -10 497.67 172.98 521.34 202.32 -10 -10 -10 -100    0 -1000 -1000 -10
170 6 pedestrian 0 0 -10 544.69 181.42 589.09 228.95 -10 -10 -10 -100    0 -1000 -1000 -10
170 28 pedestrian 0 0 -10 469.15 184.39 501.80 214.93 -10 -10 -10 -100    0 -1000 -1000 -10
170 3 pedestrian 0 0 -10 584.85 184.31 607.99 206.70 -10 -10 -10 -100    0 -1000 -1000 -10
170 25 pedestrian 0 0 -10 326.27 184.58 396.93 230.03 -10 -10 -10 -100    0 -1000 -1000 -10
170 22 pedestrian 0 0 -10 182.49 168.65 324.37 256.33 -10 -10 -10 -100    0 -1000 -1000 -10
171 21 pedestrian 0 0 -10 0.05 191.17 274.38 376.00 -10 -10 -10 -100    0 -1000 -1000 -10
171 24 pedestrian 0 0 -10 385.60 188.31 462.79 247.71 -10 -10 -10 -100    0 -1000 -1000 -10
171 29 pedestrian 0 0 -10 530.25 164.16 562.42 205.24 -10 -10 -10 -100    0 -1000 -1000 -10
171 12 pedestrian 0 0 -10 414.69 177.10 580.45 206.63 -10 -10 -10 -100    0 -1000 -1000 -10
171 23 pedestrian 0 0 -10 0.00 166.23 93.10 317.93 -10 -10 -10 -100    0 -1000 -1000 -10
171 26 pedestrian 0 0 -10 362.16 171.80 417.22 218.05 -10 -10 -10 -100    0 -1000 -1000 -10
171 30 pedestrian 0 0 -10 666.66 182.22 816.40 304.32 -10 -10 -10 -100    0 -1000 -1000 -10
171 8 pedestrian 0 0 -10 295.90 191.99 418.03 277.46 -10 -10 -10 -100    0 -1000 -1000 -10
171 31 pedestrian 0 0 -10 490.75 171.81 513.07 203.11 -10 -10 -10 -100    0 -1000 -1000 -10
171 6 pedestrian 0 0 -10 538.81 181.52 583.66 229.24 -10 -10 -10 -100    0 -1000 -1000 -10
171 28 pedestrian 0 0 -10 461.35 184.71 495.77 215.47 -10 -10 -10 -100    0 -1000 -1000 -10
171 3 pedestrian 0 0 -10 580.09 184.22 603.26 206.77 -10 -10 -10 -100    0 -1000 -1000 -10
171 25 pedestrian 0 0 -10 316.60 185.16 388.90 230.23 -10 -10 -10 -100    0 -1000 -1000 -10
171 22 pedestrian 0 0 -10 167.75 168.46 315.56 258.93 -10 -10 -10 -100    0 -1000 -1000 -10
172 21 pedestrian 0 0 -10 0.44 192.28 255.28 376.00 -10 -10 -10 -100    0 -1000 -1000 -10
172 24 pedestrian 0 0 -10 374.86 189.28 454.75 249.18 -10 -10 -10 -100    0 -1000 -1000 -10
172 29 pedestrian 0 0 -10 526.08 163.63 556.91 205.43 -10 -10 -10 -100    0 -1000 -1000 -10
172 12 pedestrian 0 0 -10 408.02 176.70 577.06 205.86 -10 -10 -10 -100    0 -1000 -1000 -10
172 23 pedestrian 0 0 -10 0.09 164.42 60.37 317.75 -10 -10 -10 -100    0 -1000 -1000 -10
172 26 pedestrian 0 0 -10 355.33 172.53 411.12 218.62 -10 -10 -10 -100    0 -1000 -1000 -10
172 30 pedestrian 0 0 -10 656.55 181.76 798.36 298.02 -10 -10 -10 -100    0 -1000 -1000 -10
172 8 pedestrian 0 0 -10 278.19 191.84 407.62 280.52 -10 -10 -10 -100    0 -1000 -1000 -10
172 31 pedestrian 0 0 -10 486.06 169.99 509.06 201.99 -10 -10 -10 -100    0 -1000 -1000 -10
172 6 pedestrian 0 0 -10 533.86 181.47 579.22 230.13 -10 -10 -10 -100    0 -1000 -1000 -10
172 28 pedestrian 0 0 -10 454.56 184.50 490.05 215.60 -10 -10 -10 -100    0 -1000 -1000 -10
172 3 pedestrian 0 0 -10 574.95 184.38 598.00 206.60 -10 -10 -10 -100    0 -1000 -1000 -10
172 25 pedestrian 0 0 -10 306.06 185.55 379.46 230.69 -10 -10 -10 -100    0 -1000 -1000 -10
172 22 pedestrian 0 0 -10 152.49 167.29 305.26 261.16 -10 -10 -10 -100    0 -1000 -1000 -10
173 21 pedestrian 0 0 -10 0.00 193.35 229.86 376.00 -10 -10 -10 -100    0 -1000 -1000 -10
173 24 pedestrian 0 0 -10 365.55 189.83 446.42 251.34 -10 -10 -10 -100    0 -1000 -1000 -10
173 29 pedestrian 0 0 -10 521.22 162.71 553.88 204.29 -10 -10 -10 -100    0 -1000 -1000 -10
173 12 pedestrian 0 0 -10 400.12 176.76 571.03 206.52 -10 -10 -10 -100    0 -1000 -1000 -10
173 26 pedestrian 0 0 -10 347.09 172.14 403.47 218.23 -10 -10 -10 -100    0 -1000 -1000 -10
173 30 pedestrian 0 0 -10 647.26 182.32 780.77 292.83 -10 -10 -10 -100    0 -1000 -1000 -10
173 8 pedestrian 0 0 -10 259.02 193.11 395.23 286.10 -10 -10 -10 -100    0 -1000 -1000 -10
173 31 pedestrian 0 0 -10 482.07 168.73 506.24 203.37 -10 -10 -10 -100    0 -1000 -1000 -10
173 6 pedestrian 0 0 -10 528.48 182.53 573.75 231.22 -10 -10 -10 -100    0 -1000 -1000 -10
173 28 pedestrian 0 0 -10 447.16 184.76 483.76 216.26 -10 -10 -10 -100    0 -1000 -1000 -10
173 3 pedestrian 0 0 -10 569.29 184.34 592.03 206.11 -10 -10 -10 -100    0 -1000 -1000 -10
173 25 pedestrian 0 0 -10 297.42 186.55 374.21 232.52 -10 -10 -10 -100    0 -1000 -1000 -10
173 22 pedestrian 0 0 -10 134.17 168.36 291.76 263.41 -10 -10 -10 -100    0 -1000 -1000 -10
174 21 pedestrian 0 0 -10 0.00 194.11 203.24 376.00 -10 -10 -10 -100    0 -1000 -1000 -10
174 24 pedestrian 0 0 -10 349.78 189.92 436.99 253.71 -10 -10 -10 -100    0 -1000 -1000 -10
174 29 pedestrian 0 0 -10 514.82 162.58 546.72 204.82 -10 -10 -10 -100    0 -1000 -1000 -10
174 12 pedestrian 0 0 -10 393.15 176.14 567.55 206.22 -10 -10 -10 -100    0 -1000 -1000 -10
174 26 pedestrian 0 0 -10 338.53 172.82 397.95 219.54 -10 -10 -10 -100    0 -1000 -1000 -10
174 30 pedestrian 0 0 -10 637.05 181.69 762.82 288.42 -10 -10 -10 -100    0 -1000 -1000 -10
174 8 pedestrian 0 0 -10 236.70 192.91 383.24 290.73 -10 -10 -10 -100    0 -1000 -1000 -10
174 31 pedestrian 0 0 -10 474.14 167.78 498.86 202.80 -10 -10 -10 -100    0 -1000 -1000 -10
174 6 pedestrian 0 0 -10 521.76 181.73 567.95 230.92 -10 -10 -10 -100    0 -1000 -1000 -10
174 28 pedestrian 0 0 -10 439.72 184.10 478.79 216.35 -10 -10 -10 -100    0 -1000 -1000 -10
174 3 pedestrian 0 0 -10 565.67 184.25 587.68 205.77 -10 -10 -10 -100    0 -1000 -1000 -10
174 25 pedestrian 0 0 -10 294.09 185.78 367.47 232.18 -10 -10 -10 -100    0 -1000 -1000 -10
174 22 pedestrian 0 0 -10 114.29 166.84 279.57 265.70 -10 -10 -10 -100    0 -1000 -1000 -10
175 32 pedestrian 0 0 -10 383.28 185.01 446.36 232.79 -10 -10 -10 -100    0 -1000 -1000 -10
175 21 pedestrian 0 0 -10 0.00 195.77 172.17 376.00 -10 -10 -10 -100    0 -1000 -1000 -10
175 24 pedestrian 0 0 -10 337.81 190.63 427.87 255.46 -10 -10 -10 -100    0 -1000 -1000 -10
175 29 pedestrian 0 0 -10 510.25 160.94 540.86 204.66 -10 -10 -10 -100    0 -1000 -1000 -10
175 12 pedestrian 0 0 -10 383.97 175.96 563.21 206.12 -10 -10 -10 -100    0 -1000 -1000 -10
175 26 pedestrian 0 0 -10 331.20 171.24 389.21 219.03 -10 -10 -10 -100    0 -1000 -1000 -10
175 30 pedestrian 0 0 -10 627.60 181.19 747.22 283.62 -10 -10 -10 -100    0 -1000 -1000 -10
175 8 pedestrian 0 0 -10 212.62 194.19 368.87 297.26 -10 -10 -10 -100    0 -1000 -1000 -10
175 31 pedestrian 0 0 -10 469.52 167.97 495.22 202.76 -10 -10 -10 -100    0 -1000 -1000 -10
175 6 pedestrian 0 0 -10 516.25 181.15 562.76 231.17 -10 -10 -10 -100    0 -1000 -1000 -10
175 28 pedestrian 0 0 -10 432.73 183.76 471.46 216.56 -10 -10 -10 -100    0 -1000 -1000 -10
175 3 pedestrian 0 0 -10 559.11 183.32 581.53 204.50 -10 -10 -10 -100    0 -1000 -1000 -10
175 25 pedestrian 0 0 -10 283.65 184.67 359.64 233.80 -10 -10 -10 -100    0 -1000 -1000 -10
175 22 pedestrian 0 0 -10 94.91 165.97 268.83 266.96 -10 -10 -10 -100    0 -1000 -1000 -10
176 32 pedestrian 0 0 -10 375.19 184.74 438.74 233.45 -10 -10 -10 -100    0 -1000 -1000 -10
176 21 pedestrian 0 0 -10 0.00 199.51 136.35 376.00 -10 -10 -10 -100    0 -1000 -1000 -10
176 24 pedestrian 0 0 -10 324.04 191.33 417.42 258.03 -10 -10 -10 -100    0 -1000 -1000 -10
176 29 pedestrian 0 0 -10 506.23 162.32 537.52 203.64 -10 -10 -10 -100    0 -1000 -1000 -10
176 12 pedestrian 0 0 -10 375.06 175.48 558.03 206.50 -10 -10 -10 -100    0 -1000 -1000 -10
176 26 pedestrian 0 0 -10 322.62 171.70 382.87 219.53 -10 -10 -10 -100    0 -1000 -1000 -10
176 30 pedestrian 0 0 -10 618.45 181.20 732.57 279.77 -10 -10 -10 -100    0 -1000 -1000 -10
176 8 pedestrian 0 0 -10 183.63 194.52 356.13 304.27 -10 -10 -10 -100    0 -1000 -1000 -10
176 31 pedestrian 0 0 -10 463.64 166.43 489.78 203.27 -10 -10 -10 -100    0 -1000 -1000 -10
176 6 pedestrian 0 0 -10 510.03 181.77 557.41 232.38 -10 -10 -10 -100    0 -1000 -1000 -10
176 28 pedestrian 0 0 -10 425.68 183.93 465.83 217.24 -10 -10 -10 -100    0 -1000 -1000 -10
176 3 pedestrian 0 0 -10 553.45 183.80 576.04 204.73 -10 -10 -10 -100    0 -1000 -1000 -10
176 25 pedestrian 0 0 -10 275.77 184.75 353.30 233.64 -10 -10 -10 -100    0 -1000 -1000 -10
176 22 pedestrian 0 0 -10 75.41 166.27 253.97 269.61 -10 -10 -10 -100    0 -1000 -1000 -10
177 32 pedestrian 0 0 -10 364.16 185.54 430.64 234.40 -10 -10 -10 -100    0 -1000 -1000 -10
177 21 pedestrian 0 0 -10 0.00 191.79 92.63 376.00 -10 -10 -10 -100    0 -1000 -1000 -10
177 24 pedestrian 0 0 -10 305.97 190.15 406.37 262.58 -10 -10 -10 -100    0 -1000 -1000 -10
177 29 pedestrian 0 0 -10 498.78 161.57 530.42 204.76 -10 -10 -10 -100    0 -1000 -1000 -10
177 12 pedestrian 0 0 -10 368.59 176.10 550.18 206.88 -10 -10 -10 -100    0 -1000 -1000 -10
177 26 pedestrian 0 0 -10 313.67 171.89 375.88 221.29 -10 -10 -10 -100    0 -1000 -1000 -10
177 30 pedestrian 0 0 -10 609.28 181.10 717.67 275.92 -10 -10 -10 -100    0 -1000 -1000 -10
177 8 pedestrian 0 0 -10 152.67 195.93 339.69 312.60 -10 -10 -10 -100    0 -1000 -1000 -10
177 31 pedestrian 0 0 -10 458.16 166.80 484.75 203.09 -10 -10 -10 -100    0 -1000 -1000 -10
177 6 pedestrian 0 0 -10 503.33 181.59 551.13 233.42 -10 -10 -10 -100    0 -1000 -1000 -10
177 28 pedestrian 0 0 -10 418.60 184.59 459.67 217.78 -10 -10 -10 -100    0 -1000 -1000 -10
177 3 pedestrian 0 0 -10 548.48 184.25 570.91 204.34 -10 -10 -10 -100    0 -1000 -1000 -10
177 25 pedestrian 0 0 -10 265.32 185.47 344.70 234.92 -10 -10 -10 -100    0 -1000 -1000 -10
177 22 pedestrian 0 0 -10 52.80 165.32 240.08 272.03 -10 -10 -10 -100    0 -1000 -1000 -10
178 32 pedestrian 0 0 -10 354.03 185.40 422.78 235.60 -10 -10 -10 -100    0 -1000 -1000 -10
178 24 pedestrian 0 0 -10 290.74 190.12 396.20 265.01 -10 -10 -10 -100    0 -1000 -1000 -10
178 29 pedestrian 0 0 -10 494.30 159.85 525.19 204.70 -10 -10 -10 -100    0 -1000 -1000 -10
178 12 pedestrian 0 0 -10 361.34 175.71 547.67 207.44 -10 -10 -10 -100    0 -1000 -1000 -10
178 26 pedestrian 0 0 -10 304.30 171.27 367.58 219.86 -10 -10 -10 -100    0 -1000 -1000 -10
178 30 pedestrian 0 0 -10 599.55 180.67 704.64 273.34 -10 -10 -10 -100    0 -1000 -1000 -10
178 8 pedestrian 0 0 -10 117.26 195.48 322.52 320.75 -10 -10 -10 -100    0 -1000 -1000 -10
178 31 pedestrian 0 0 -10 452.89 167.14 480.02 203.58 -10 -10 -10 -100    0 -1000 -1000 -10
178 6 pedestrian 0 0 -10 497.90 181.40 546.09 233.93 -10 -10 -10 -100    0 -1000 -1000 -10
178 28 pedestrian 0 0 -10 412.22 183.72 453.08 217.46 -10 -10 -10 -100    0 -1000 -1000 -10
178 3 pedestrian 0 0 -10 543.33 184.02 564.58 204.32 -10 -10 -10 -100    0 -1000 -1000 -10
178 25 pedestrian 0 0 -10 252.66 185.16 335.92 235.39 -10 -10 -10 -100    0 -1000 -1000 -10
178 22 pedestrian 0 0 -10 28.40 164.01 226.31 275.02 -10 -10 -10 -100    0 -1000 -1000 -10
179 32 pedestrian 0 0 -10 341.45 184.80 414.10 237.00 -10 -10 -10 -100    0 -1000 -1000 -10
179 24 pedestrian 0 0 -10 271.25 191.31 385.03 269.49 -10 -10 -10 -100    0 -1000 -1000 -10
179 29 pedestrian 0 0 -10 490.40 159.99 522.36 203.92 -10 -10 -10 -100    0 -1000 -1000 -10
179 12 pedestrian 0 0 -10 354.99 174.37 543.34 207.43 -10 -10 -10 -100    0 -1000 -1000 -10
179 26 pedestrian 0 0 -10 293.88 170.72 358.83 219.99 -10 -10 -10 -100    0 -1000 -1000 -10
179 30 pedestrian 0 0 -10 591.32 180.02 691.26 269.65 -10 -10 -10 -100    0 -1000 -1000 -10
179 8 pedestrian 0 0 -10 74.73 196.93 303.88 333.63 -10 -10 -10 -100    0 -1000 -1000 -10
179 31 pedestrian 0 0 -10 446.23 165.46 473.80 203.99 -10 -10 -10 -100    0 -1000 -1000 -10
179 6 pedestrian 0 0 -10 490.30 181.22 539.79 234.26 -10 -10 -10 -100    0 -1000 -1000 -10
179 28 pedestrian 0 0 -10 403.95 183.91 447.13 218.48 -10 -10 -10 -100    0 -1000 -1000 -10
179 3 pedestrian 0 0 -10 537.86 182.83 559.99 203.99 -10 -10 -10 -100    0 -1000 -1000 -10
179 25 pedestrian 0 0 -10 239.92 185.00 325.06 236.24 -10 -10 -10 -100    0 -1000 -1000 -10
179 22 pedestrian 0 0 -10 1.74 164.41 212.04 278.82 -10 -10 -10 -100    0 -1000 -1000 -10
180 32 pedestrian 0 0 -10 327.92 184.44 404.83 238.14 -10 -10 -10 -100    0 -1000 -1000 -10
180 24 pedestrian 0 0 -10 247.35 191.44 372.32 273.50 -10 -10 -10 -100    0 -1000 -1000 -10
180 29 pedestrian 0 0 -10 484.24 160.38 516.49 205.05 -10 -10 -10 -100    0 -1000 -1000 -10
180 12 pedestrian 0 0 -10 348.97 175.35 540.11 208.49 -10 -10 -10 -100    0 -1000 -1000 -10
180 26 pedestrian 0 0 -10 282.80 170.57 349.85 221.35 -10 -10 -10 -100    0 -1000 -1000 -10
180 30 pedestrian 0 0 -10 582.12 179.88 678.80 266.28 -10 -10 -10 -100    0 -1000 -1000 -10
180 8 pedestrian 0 0 -10 26.38 198.76 281.32 346.59 -10 -10 -10 -100    0 -1000 -1000 -10
180 31 pedestrian 0 0 -10 441.53 165.37 469.56 203.71 -10 -10 -10 -100    0 -1000 -1000 -10
180 6 pedestrian 0 0 -10 483.50 180.76 532.83 234.79 -10 -10 -10 -100    0 -1000 -1000 -10
180 28 pedestrian 0 0 -10 394.50 183.12 438.78 218.98 -10 -10 -10 -100    0 -1000 -1000 -10
180 3 pedestrian 0 0 -10 532.37 183.27 554.47 203.82 -10 -10 -10 -100    0 -1000 -1000 -10
180 25 pedestrian 0 0 -10 226.72 185.10 316.50 237.57 -10 -10 -10 -100    0 -1000 -1000 -10
180 22 pedestrian 0 0 -10 0.00 163.36 198.14 284.70 -10 -10 -10 -100    0 -1000 -1000 -10
181 32 pedestrian 0 0 -10 316.74 184.63 395.83 239.94 -10 -10 -10 -100    0 -1000 -1000 -10
181 24 pedestrian 0 0 -10 228.06 191.15 359.19 278.40 -10 -10 -10 -100    0 -1000 -1000 -10
181 29 pedestrian 0 0 -10 479.64 159.33 511.98 204.29 -10 -10 -10 -100    0 -1000 -1000 -10
181 12 pedestrian 0 0 -10 339.20 176.09 537.46 210.18 -10 -10 -10 -100    0 -1000 -1000 -10
181 26 pedestrian 0 0 -10 274.62 169.57 342.92 220.66 -10 -10 -10 -100    0 -1000 -1000 -10
181 30 pedestrian 0 0 -10 573.66 179.46 665.55 263.36 -10 -10 -10 -100    0 -1000 -1000 -10
181 8 pedestrian 0 0 -10 0.00 198.52 258.49 361.19 -10 -10 -10 -100    0 -1000 -1000 -10
181 31 pedestrian 0 0 -10 434.63 165.54 462.66 203.96 -10 -10 -10 -100    0 -1000 -1000 -10
181 6 pedestrian 0 0 -10 476.57 180.81 527.53 235.06 -10 -10 -10 -100    0 -1000 -1000 -10
181 28 pedestrian 0 0 -10 386.13 183.19 431.07 219.21 -10 -10 -10 -100    0 -1000 -1000 -10
181 3 pedestrian 0 0 -10 526.81 182.98 548.64 204.03 -10 -10 -10 -100    0 -1000 -1000 -10
181 25 pedestrian 0 0 -10 213.72 185.16 305.13 239.80 -10 -10 -10 -100    0 -1000 -1000 -10
181 22 pedestrian 0 0 -10 0.07 162.92 180.61 282.17 -10 -10 -10 -100    0 -1000 -1000 -10
182 32 pedestrian 0 0 -10 302.13 184.79 387.24 242.15 -10 -10 -10 -100    0 -1000 -1000 -10
182 24 pedestrian 0 0 -10 203.24 192.33 344.58 283.86 -10 -10 -10 -100    0 -1000 -1000 -10
182 29 pedestrian 0 0 -10 473.10 159.69 506.42 204.75 -10 -10 -10 -100    0 -1000 -1000 -10
182 12 pedestrian 0 0 -10 329.28 175.39 531.38 211.33 -10 -10 -10 -100    0 -1000 -1000 -10
182 26 pedestrian 0 0 -10 263.51 169.21 333.40 221.53 -10 -10 -10 -100    0 -1000 -1000 -10
182 30 pedestrian 0 0 -10 565.62 178.84 653.96 261.24 -10 -10 -10 -100    0 -1000 -1000 -10
182 8 pedestrian 0 0 -10 0.12 201.08 231.99 376.00 -10 -10 -10 -100    0 -1000 -1000 -10
182 31 pedestrian 0 0 -10 428.96 164.69 457.70 203.54 -10 -10 -10 -100    0 -1000 -1000 -10
182 6 pedestrian 0 0 -10 469.06 180.86 520.46 236.30 -10 -10 -10 -100    0 -1000 -1000 -10
182 28 pedestrian 0 0 -10 376.96 182.68 424.13 220.91 -10 -10 -10 -100    0 -1000 -1000 -10
182 3 pedestrian 0 0 -10 521.96 182.92 543.44 203.64 -10 -10 -10 -100    0 -1000 -1000 -10
182 25 pedestrian 0 0 -10 200.15 185.59 295.62 241.61 -10 -10 -10 -100    0 -1000 -1000 -10
182 22 pedestrian 0 0 -10 0.00 162.66 164.63 290.44 -10 -10 -10 -100    0 -1000 -1000 -10
183 32 pedestrian 0 0 -10 287.69 184.42 377.32 244.69 -10 -10 -10 -100    0 -1000 -1000 -10
183 24 pedestrian 0 0 -10 177.52 191.43 330.52 290.17 -10 -10 -10 -100    0 -1000 -1000 -10
183 29 pedestrian 0 0 -10 467.62 159.62 501.78 205.41 -10 -10 -10 -100    0 -1000 -1000 -10
183 12 pedestrian 0 0 -10 325.03 175.47 526.98 210.78 -10 -10 -10 -100    0 -1000 -1000 -10
183 26 pedestrian 0 0 -10 252.84 168.60 326.72 223.58 -10 -10 -10 -100    0 -1000 -1000 -10
183 30 pedestrian 0 0 -10 557.97 178.96 643.45 259.00 -10 -10 -10 -100    0 -1000 -1000 -10
183 8 pedestrian 0 0 -10 0.04 202.23 203.24 376.00 -10 -10 -10 -100    0 -1000 -1000 -10
183 31 pedestrian 0 0 -10 423.09 164.69 452.23 204.67 -10 -10 -10 -100    0 -1000 -1000 -10
183 6 pedestrian 0 0 -10 462.27 180.45 515.38 237.18 -10 -10 -10 -100    0 -1000 -1000 -10
183 28 pedestrian 0 0 -10 369.01 183.52 417.70 220.85 -10 -10 -10 -100    0 -1000 -1000 -10
183 3 pedestrian 0 0 -10 516.91 183.09 539.44 204.24 -10 -10 -10 -100    0 -1000 -1000 -10
183 25 pedestrian 0 0 -10 186.15 185.97 285.43 241.71 -10 -10 -10 -100    0 -1000 -1000 -10
183 22 pedestrian 0 0 -10 0.00 162.55 148.93 292.31 -10 -10 -10 -100    0 -1000 -1000 -10
184 35 pedestrian 0 0 -10 388.16 182.03 426.89 213.34 -10 -10 -10 -100    0 -1000 -1000 -10
184 32 pedestrian 0 0 -10 276.53 184.95 369.07 246.32 -10 -10 -10 -100    0 -1000 -1000 -10
184 24 pedestrian 0 0 -10 150.19 192.07 317.41 296.68 -10 -10 -10 -100    0 -1000 -1000 -10
184 29 pedestrian 0 0 -10 464.86 158.04 498.07 204.85 -10 -10 -10 -100    0 -1000 -1000 -10
184 12 pedestrian 0 0 -10 319.70 174.91 525.87 212.00 -10 -10 -10 -100    0 -1000 -1000 -10
184 26 pedestrian 0 0 -10 242.90 168.72 318.70 223.82 -10 -10 -10 -100    0 -1000 -1000 -10
184 30 pedestrian 0 0 -10 552.00 178.06 635.06 256.11 -10 -10 -10 -100    0 -1000 -1000 -10
184 8 pedestrian 0 0 -10 0.00 205.49 171.76 376.00 -10 -10 -10 -100    0 -1000 -1000 -10
184 31 pedestrian 0 0 -10 417.69 163.92 447.33 204.62 -10 -10 -10 -100    0 -1000 -1000 -10
184 6 pedestrian 0 0 -10 457.05 180.61 511.36 237.50 -10 -10 -10 -100    0 -1000 -1000 -10
184 28 pedestrian 0 0 -10 362.44 182.41 411.74 221.73 -10 -10 -10 -100    0 -1000 -1000 -10
184 3 pedestrian 0 0 -10 513.49 181.99 535.71 203.50 -10 -10 -10 -100    0 -1000 -1000 -10
184 25 pedestrian 0 0 -10 173.29 185.53 278.32 243.61 -10 -10 -10 -100    0 -1000 -1000 -10
184 22 pedestrian 0 0 -10 0.11 162.02 131.35 296.34 -10 -10 -10 -100    0 -1000 -1000 -10
185 35 pedestrian 0 0 -10 383.51 182.73 423.78 214.48 -10 -10 -10 -100    0 -1000 -1000 -10
185 32 pedestrian 0 0 -10 263.48 185.14 360.99 248.45 -10 -10 -10 -100    0 -1000 -1000 -10
185 24 pedestrian 0 0 -10 121.10 193.74 303.22 303.78 -10 -10 -10 -100    0 -1000 -1000 -10
185 29 pedestrian 0 0 -10 460.49 157.56 495.05 204.93 -10 -10 -10 -100    0 -1000 -1000 -10
185 12 pedestrian 0 0 -10 307.45 176.21 525.38 214.32 -10 -10 -10 -100    0 -1000 -1000 -10
185 26 pedestrian 0 0 -10 233.65 168.81 312.15 226.10 -10 -10 -10 -100    0 -1000 -1000 -10
185 30 pedestrian 0 0 -10 547.12 177.56 627.16 254.54 -10 -10 -10 -100    0 -1000 -1000 -10
185 8 pedestrian 0 0 -10 0.00 205.60 132.48 376.00 -10 -10 -10 -100    0 -1000 -1000 -10
185 31 pedestrian 0 0 -10 414.73 163.84 444.82 204.35 -10 -10 -10 -100    0 -1000 -1000 -10
185 6 pedestrian 0 0 -10 451.49 180.98 505.61 237.97 -10 -10 -10 -100    0 -1000 -1000 -10
185 28 pedestrian 0 0 -10 354.94 182.22 406.99 222.81 -10 -10 -10 -100    0 -1000 -1000 -10
185 3 pedestrian 0 0 -10 510.57 182.20 532.37 203.04 -10 -10 -10 -100    0 -1000 -1000 -10
185 25 pedestrian 0 0 -10 156.48 186.09 266.06 247.24 -10 -10 -10 -100    0 -1000 -1000 -10
185 22 pedestrian 0 0 -10 0.02 162.52 113.18 294.71 -10 -10 -10 -100    0 -1000 -1000 -10
186 35 pedestrian 0 0 -10 379.76 183.18 420.45 215.00 -10 -10 -10 -100    0 -1000 -1000 -10
186 32 pedestrian 0 0 -10 251.05 185.93 353.16 251.23 -10 -10 -10 -100    0 -1000 -1000 -10
186 24 pedestrian 0 0 -10 86.17 196.18 288.75 314.07 -10 -10 -10 -100    0 -1000 -1000 -10
186 29 pedestrian 0 0 -10 458.13 157.98 492.58 205.57 -10 -10 -10 -100    0 -1000 -1000 -10
186 12 pedestrian 0 0 -10 299.11 177.31 524.48 216.44 -10 -10 -10 -100    0 -1000 -1000 -10
186 26 pedestrian 0 0 -10 225.84 168.86 305.57 226.68 -10 -10 -10 -100    0 -1000 -1000 -10
186 30 pedestrian 0 0 -10 542.11 177.76 620.17 253.36 -10 -10 -10 -100    0 -1000 -1000 -10
186 8 pedestrian 0 0 -10 0.00 213.48 88.95 376.00 -10 -10 -10 -100    0 -1000 -1000 -10
186 31 pedestrian 0 0 -10 411.71 164.02 442.43 204.90 -10 -10 -10 -100    0 -1000 -1000 -10
186 6 pedestrian 0 0 -10 446.04 180.40 502.09 239.75 -10 -10 -10 -100    0 -1000 -1000 -10
186 28 pedestrian 0 0 -10 348.82 182.94 401.43 224.22 -10 -10 -10 -100    0 -1000 -1000 -10
186 3 pedestrian 0 0 -10 508.07 182.51 530.22 203.63 -10 -10 -10 -100    0 -1000 -1000 -10
186 25 pedestrian 0 0 -10 144.05 186.71 257.31 249.06 -10 -10 -10 -100    0 -1000 -1000 -10
186 22 pedestrian 0 0 -10 0.00 163.20 94.41 291.85 -10 -10 -10 -100    0 -1000 -1000 -10
187 35 pedestrian 0 0 -10 376.03 183.14 417.77 216.06 -10 -10 -10 -100    0 -1000 -1000 -10
187 32 pedestrian 0 0 -10 237.76 187.07 345.37 254.71 -10 -10 -10 -100    0 -1000 -1000 -10
187 24 pedestrian 0 0 -10 47.04 197.24 272.21 325.17 -10 -10 -10 -100    0 -1000 -1000 -10
187 29 pedestrian 0 0 -10 456.46 157.89 490.98 205.92 -10 -10 -10 -100    0 -1000 -1000 -10
187 12 pedestrian 0 0 -10 296.81 178.56 524.54 217.56 -10 -10 -10 -100    0 -1000 -1000 -10
187 26 pedestrian 0 0 -10 215.97 168.79 298.39 228.90 -10 -10 -10 -100    0 -1000 -1000 -10
187 30 pedestrian 0 0 -10 537.13 177.49 613.43 251.51 -10 -10 -10 -100    0 -1000 -1000 -10
187 31 pedestrian 0 0 -10 409.61 164.35 440.54 205.40 -10 -10 -10 -100    0 -1000 -1000 -10
187 6 pedestrian 0 0 -10 441.27 180.38 498.94 240.98 -10 -10 -10 -100    0 -1000 -1000 -10
187 28 pedestrian 0 0 -10 342.60 184.08 397.60 225.84 -10 -10 -10 -100    0 -1000 -1000 -10
187 3 pedestrian 0 0 -10 507.08 183.11 529.24 203.95 -10 -10 -10 -100    0 -1000 -1000 -10
187 25 pedestrian 0 0 -10 128.53 186.84 248.41 250.58 -10 -10 -10 -100    0 -1000 -1000 -10
187 22 pedestrian 0 0 -10 0.07 160.42 72.88 297.86 -10 -10 -10 -100    0 -1000 -1000 -10
188 35 pedestrian 0 0 -10 371.94 182.98 413.75 216.30 -10 -10 -10 -100    0 -1000 -1000 -10
188 32 pedestrian 0 0 -10 221.49 187.78 337.91 258.04 -10 -10 -10 -100    0 -1000 -1000 -10
188 24 pedestrian 0 0 -10 2.44 198.92 253.65 338.85 -10 -10 -10 -100    0 -1000 -1000 -10
188 29 pedestrian 0 0 -10 453.32 157.04 488.94 206.26 -10 -10 -10 -100    0 -1000 -1000 -10
188 12 pedestrian 0 0 -10 287.65 178.78 521.61 219.78 -10 -10 -10 -100    0 -1000 -1000 -10
188 26 pedestrian 0 0 -10 208.86 168.82 293.76 230.28 -10 -10 -10 -100    0 -1000 -1000 -10
188 30 pedestrian 0 0 -10 534.07 177.95 606.57 250.59 -10 -10 -10 -100    0 -1000 -1000 -10
188 31 pedestrian 0 0 -10 406.58 163.95 438.59 206.41 -10 -10 -10 -100    0 -1000 -1000 -10
188 6 pedestrian 0 0 -10 437.93 180.50 496.45 242.82 -10 -10 -10 -100    0 -1000 -1000 -10
188 28 pedestrian 0 0 -10 337.10 184.45 393.57 227.11 -10 -10 -10 -100    0 -1000 -1000 -10
188 3 pedestrian 0 0 -10 506.62 183.94 528.66 204.30 -10 -10 -10 -100    0 -1000 -1000 -10
188 25 pedestrian 0 0 -10 114.80 186.92 240.40 251.91 -10 -10 -10 -100    0 -1000 -1000 -10
188 22 pedestrian 0 0 -10 0.06 158.50 52.51 292.54 -10 -10 -10 -100    0 -1000 -1000 -10
189 35 pedestrian 0 0 -10 369.10 183.12 412.85 216.78 -10 -10 -10 -100    0 -1000 -1000 -10
189 32 pedestrian 0 0 -10 205.90 187.92 328.79 262.17 -10 -10 -10 -100    0 -1000 -1000 -10
189 24 pedestrian 0 0 -10 0.00 199.97 231.56 352.86 -10 -10 -10 -100    0 -1000 -1000 -10
189 29 pedestrian 0 0 -10 451.64 156.85 487.65 206.84 -10 -10 -10 -100    0 -1000 -1000 -10
189 12 pedestrian 0 0 -10 279.77 178.94 520.26 220.95 -10 -10 -10 -100    0 -1000 -1000 -10
189 26 pedestrian 0 0 -10 200.27 168.72 286.60 230.69 -10 -10 -10 -100    0 -1000 -1000 -10
189 30 pedestrian 0 0 -10 531.99 178.72 602.80 250.40 -10 -10 -10 -100    0 -1000 -1000 -10
189 31 pedestrian 0 0 -10 405.17 163.97 437.64 206.17 -10 -10 -10 -100    0 -1000 -1000 -10
189 6 pedestrian 0 0 -10 433.10 180.82 492.51 244.11 -10 -10 -10 -100    0 -1000 -1000 -10
189 28 pedestrian 0 0 -10 330.89 184.70 389.42 228.61 -10 -10 -10 -100    0 -1000 -1000 -10
189 3 pedestrian 0 0 -10 506.72 184.07 529.12 204.80 -10 -10 -10 -100    0 -1000 -1000 -10
189 25 pedestrian 0 0 -10 96.97 187.71 232.14 254.80 -10 -10 -10 -100    0 -1000 -1000 -10
190 35 pedestrian 0 0 -10 365.72 183.74 410.97 217.99 -10 -10 -10 -100    0 -1000 -1000 -10
190 32 pedestrian 0 0 -10 188.78 189.01 319.61 266.67 -10 -10 -10 -100    0 -1000 -1000 -10
190 24 pedestrian 0 0 -10 0.00 201.60 208.09 367.60 -10 -10 -10 -100    0 -1000 -1000 -10
190 29 pedestrian 0 0 -10 448.86 157.27 487.07 207.71 -10 -10 -10 -100    0 -1000 -1000 -10
190 12 pedestrian 0 0 -10 314.38 181.15 519.35 216.40 -10 -10 -10 -100    0 -1000 -1000 -10
190 26 pedestrian 0 0 -10 192.02 168.92 280.83 233.52 -10 -10 -10 -100    0 -1000 -1000 -10
190 30 pedestrian 0 0 -10 529.92 179.12 598.42 249.57 -10 -10 -10 -100    0 -1000 -1000 -10
190 31 pedestrian 0 0 -10 403.64 164.02 437.39 205.58 -10 -10 -10 -100    0 -1000 -1000 -10
190 6 pedestrian 0 0 -10 428.39 181.30 490.70 246.29 -10 -10 -10 -100    0 -1000 -1000 -10
190 28 pedestrian 0 0 -10 325.21 185.60 386.02 230.43 -10 -10 -10 -100    0 -1000 -1000 -10
190 3 pedestrian 0 0 -10 505.41 184.04 527.47 205.13 -10 -10 -10 -100    0 -1000 -1000 -10
190 25 pedestrian 0 0 -10 83.75 188.67 221.55 258.83 -10 -10 -10 -100    0 -1000 -1000 -10
191 35 pedestrian 0 0 -10 362.65 183.56 408.61 217.97 -10 -10 -10 -100    0 -1000 -1000 -10
191 32 pedestrian 0 0 -10 169.74 189.48 311.21 270.43 -10 -10 -10 -100    0 -1000 -1000 -10
191 24 pedestrian 0 0 -10 0.00 204.07 182.22 376.00 -10 -10 -10 -100    0 -1000 -1000 -10
191 29 pedestrian 0 0 -10 447.32 156.28 486.38 206.43 -10 -10 -10 -100    0 -1000 -1000 -10
191 12 pedestrian 0 0 -10 329.55 181.16 519.14 214.41 -10 -10 -10 -100    0 -1000 -1000 -10
191 26 pedestrian 0 0 -10 184.26 168.08 276.01 232.97 -10 -10 -10 -100    0 -1000 -1000 -10
191 30 pedestrian 0 0 -10 527.57 178.87 594.48 248.22 -10 -10 -10 -100    0 -1000 -1000 -10
191 31 pedestrian 0 0 -10 402.15 163.43 436.66 205.51 -10 -10 -10 -100    0 -1000 -1000 -10
191 6 pedestrian 0 0 -10 421.94 180.77 487.19 247.85 -10 -10 -10 -100    0 -1000 -1000 -10
191 28 pedestrian 0 0 -10 318.50 185.53 382.22 232.02 -10 -10 -10 -100    0 -1000 -1000 -10
191 3 pedestrian 0 0 -10 504.60 184.39 526.55 205.35 -10 -10 -10 -100    0 -1000 -1000 -10
191 25 pedestrian 0 0 -10 63.24 188.87 212.98 261.19 -10 -10 -10 -100    0 -1000 -1000 -10
192 35 pedestrian 0 0 -10 360.53 184.19 406.91 218.92 -10 -10 -10 -100    0 -1000 -1000 -10
192 32 pedestrian 0 0 -10 150.87 189.67 301.29 275.58 -10 -10 -10 -100    0 -1000 -1000 -10
192 24 pedestrian 0 0 -10 0.00 205.84 151.48 376.00 -10 -10 -10 -100    0 -1000 -1000 -10
192 29 pedestrian 0 0 -10 447.62 156.43 487.08 206.60 -10 -10 -10 -100    0 -1000 -1000 -10
192 12 pedestrian 0 0 -10 334.16 180.81 520.71 213.77 -10 -10 -10 -100    0 -1000 -1000 -10
192 26 pedestrian 0 0 -10 174.35 167.91 272.29 234.63 -10 -10 -10 -100    0 -1000 -1000 -10
192 30 pedestrian 0 0 -10 526.10 178.67 591.48 246.52 -10 -10 -10 -100    0 -1000 -1000 -10
192 31 pedestrian 0 0 -10 402.10 163.63 436.58 205.60 -10 -10 -10 -100    0 -1000 -1000 -10
192 6 pedestrian 0 0 -10 418.24 180.74 485.78 249.23 -10 -10 -10 -100    0 -1000 -1000 -10
192 28 pedestrian 0 0 -10 311.72 185.92 377.11 233.68 -10 -10 -10 -100    0 -1000 -1000 -10
192 3 pedestrian 0 0 -10 505.81 184.60 527.25 204.90 -10 -10 -10 -100    0 -1000 -1000 -10
192 25 pedestrian 0 0 -10 43.15 188.90 202.54 266.06 -10 -10 -10 -100    0 -1000 -1000 -10
193 36 pedestrian 0 0 -10 271.63 186.78 322.77 220.07 -10 -10 -10 -100    0 -1000 -1000 -10
193 35 pedestrian 0 0 -10 358.22 184.36 405.45 220.00 -10 -10 -10 -100    0 -1000 -1000 -10
193 32 pedestrian 0 0 -10 128.59 190.29 292.42 280.98 -10 -10 -10 -100    0 -1000 -1000 -10
193 24 pedestrian 0 0 -10 0.05 209.40 115.32 376.00 -10 -10 -10 -100    0 -1000 -1000 -10
193 29 pedestrian 0 0 -10 447.93 156.57 488.22 206.96 -10 -10 -10 -100    0 -1000 -1000 -10
193 12 pedestrian 0 0 -10 331.85 180.97 521.51 214.27 -10 -10 -10 -100    0 -1000 -1000 -10
193 26 pedestrian 0 0 -10 165.35 167.64 267.37 235.66 -10 -10 -10 -100    0 -1000 -1000 -10
193 30 pedestrian 0 0 -10 524.93 178.86 589.12 245.78 -10 -10 -10 -100    0 -1000 -1000 -10
193 31 pedestrian 0 0 -10 402.16 163.57 437.40 206.47 -10 -10 -10 -100    0 -1000 -1000 -10
193 6 pedestrian 0 0 -10 413.90 180.96 484.35 251.20 -10 -10 -10 -100    0 -1000 -1000 -10
193 28 pedestrian 0 0 -10 305.44 186.44 373.71 235.32 -10 -10 -10 -100    0 -1000 -1000 -10
193 3 pedestrian 0 0 -10 506.81 184.05 528.17 205.03 -10 -10 -10 -100    0 -1000 -1000 -10
193 25 pedestrian 0 0 -10 22.47 189.92 190.03 268.49 -10 -10 -10 -100    0 -1000 -1000 -10
194 36 pedestrian 0 0 -10 268.73 186.33 321.96 220.66 -10 -10 -10 -100    0 -1000 -1000 -10
194 35 pedestrian 0 0 -10 354.99 183.46 404.17 220.38 -10 -10 -10 -100    0 -1000 -1000 -10
194 32 pedestrian 0 0 -10 105.15 190.03 282.03 286.07 -10 -10 -10 -100    0 -1000 -1000 -10
194 24 pedestrian 0 0 -10 0.00 212.05 77.56 376.00 -10 -10 -10 -100    0 -1000 -1000 -10
194 29 pedestrian 0 0 -10 448.31 157.21 488.32 207.59 -10 -10 -10 -100    0 -1000 -1000 -10
194 12 pedestrian 0 0 -10 333.72 180.61 520.20 214.34 -10 -10 -10 -100    0 -1000 -1000 -10
194 26 pedestrian 0 0 -10 157.46 167.00 262.62 236.12 -10 -10 -10 -100    0 -1000 -1000 -10
194 30 pedestrian 0 0 -10 524.00 178.34 586.80 243.78 -10 -10 -10 -100    0 -1000 -1000 -10
194 31 pedestrian 0 0 -10 402.26 163.15 438.33 207.16 -10 -10 -10 -100    0 -1000 -1000 -10
194 6 pedestrian 0 0 -10 410.48 180.35 483.29 252.52 -10 -10 -10 -100    0 -1000 -1000 -10
194 28 pedestrian 0 0 -10 299.48 186.16 370.93 236.23 -10 -10 -10 -100    0 -1000 -1000 -10
194 3 pedestrian 0 0 -10 507.70 182.61 529.79 204.34 -10 -10 -10 -100    0 -1000 -1000 -10
194 25 pedestrian 0 0 -10 1.80 190.50 180.43 270.83 -10 -10 -10 -100    0 -1000 -1000 -10
195 36 pedestrian 0 0 -10 266.03 186.21 319.53 220.77 -10 -10 -10 -100    0 -1000 -1000 -10
195 35 pedestrian 0 0 -10 351.86 183.51 401.82 220.64 -10 -10 -10 -100    0 -1000 -1000 -10
195 32 pedestrian 0 0 -10 79.17 190.19 271.99 291.37 -10 -10 -10 -100    0 -1000 -1000 -10
195 29 pedestrian 0 0 -10 448.99 155.74 490.41 206.97 -10 -10 -10 -100    0 -1000 -1000 -10
195 12 pedestrian 0 0 -10 331.95 180.17 518.84 214.00 -10 -10 -10 -100    0 -1000 -1000 -10
195 26 pedestrian 0 0 -10 148.97 166.04 255.89 236.88 -10 -10 -10 -100    0 -1000 -1000 -10
195 30 pedestrian 0 0 -10 523.45 177.69 585.38 242.56 -10 -10 -10 -100    0 -1000 -1000 -10
195 31 pedestrian 0 0 -10 403.14 162.51 439.88 208.19 -10 -10 -10 -100    0 -1000 -1000 -10
195 6 pedestrian 0 0 -10 406.24 179.98 482.30 253.48 -10 -10 -10 -100    0 -1000 -1000 -10
195 28 pedestrian 0 0 -10 293.14 185.48 367.53 237.65 -10 -10 -10 -100    0 -1000 -1000 -10
195 3 pedestrian 0 0 -10 509.58 181.82 531.16 203.56 -10 -10 -10 -100    0 -1000 -1000 -10
195 25 pedestrian 0 0 -10 0.09 189.67 163.97 275.90 -10 -10 -10 -100    0 -1000 -1000 -10
196 36 pedestrian 0 0 -10 262.88 185.77 319.48 221.11 -10 -10 -10 -100    0 -1000 -1000 -10
196 35 pedestrian 0 0 -10 349.17 183.00 400.66 221.76 -10 -10 -10 -100    0 -1000 -1000 -10
196 32 pedestrian 0 0 -10 49.87 190.20 260.46 298.70 -10 -10 -10 -100    0 -1000 -1000 -10
196 29 pedestrian 0 0 -10 448.55 155.32 492.56 207.41 -10 -10 -10 -100    0 -1000 -1000 -10
196 12 pedestrian 0 0 -10 332.17 179.14 518.77 213.57 -10 -10 -10 -100    0 -1000 -1000 -10
196 26 pedestrian 0 0 -10 139.32 165.83 253.54 237.53 -10 -10 -10 -100    0 -1000 -1000 -10
196 30 pedestrian 0 0 -10 523.45 177.23 584.51 241.19 -10 -10 -10 -100    0 -1000 -1000 -10
196 31 pedestrian 0 0 -10 402.64 162.29 440.51 208.63 -10 -10 -10 -100    0 -1000 -1000 -10
196 6 pedestrian 0 0 -10 402.26 179.28 481.56 255.00 -10 -10 -10 -100    0 -1000 -1000 -10
196 28 pedestrian 0 0 -10 286.05 185.24 364.82 238.95 -10 -10 -10 -100    0 -1000 -1000 -10
196 3 pedestrian 0 0 -10 510.96 180.97 531.96 202.19 -10 -10 -10 -100    0 -1000 -1000 -10
196 25 pedestrian 0 0 -10 0.21 189.76 151.04 280.03 -10 -10 -10 -100    0 -1000 -1000 -10
197 36 pedestrian 0 0 -10 259.86 186.28 317.18 221.45 -10 -10 -10 -100    0 -1000 -1000 -10
197 35 pedestrian 0 0 -10 347.05 182.77 399.87 222.75 -10 -10 -10 -100    0 -1000 -1000 -10
197 32 pedestrian 0 0 -10 19.00 190.98 247.23 304.85 -10 -10 -10 -100    0 -1000 -1000 -10
197 29 pedestrian 0 0 -10 449.07 154.55 493.01 209.17 -10 -10 -10 -100    0 -1000 -1000 -10
197 12 pedestrian 0 0 -10 328.42 178.76 517.35 214.25 -10 -10 -10 -100    0 -1000 -1000 -10
197 26 pedestrian 0 0 -10 131.26 165.60 248.04 238.85 -10 -10 -10 -100    0 -1000 -1000 -10
197 30 pedestrian 0 0 -10 524.12 176.80 583.74 239.50 -10 -10 -10 -100    0 -1000 -1000 -10
197 31 pedestrian 0 0 -10 402.04 161.17 441.37 208.73 -10 -10 -10 -100    0 -1000 -1000 -10
197 6 pedestrian 0 0 -10 398.65 178.67 480.56 256.97 -10 -10 -10 -100    0 -1000 -1000 -10
197 28 pedestrian 0 0 -10 279.17 185.07 362.42 240.09 -10 -10 -10 -100    0 -1000 -1000 -10
197 3 pedestrian 0 0 -10 510.06 180.64 531.33 201.41 -10 -10 -10 -100    0 -1000 -1000 -10
197 25 pedestrian 0 0 -10 0.05 189.16 139.87 282.94 -10 -10 -10 -100    0 -1000 -1000 -10
198 36 pedestrian 0 0 -10 257.23 186.61 315.44 222.76 -10 -10 -10 -100    0 -1000 -1000 -10
198 35 pedestrian 0 0 -10 344.27 183.44 399.27 224.23 -10 -10 -10 -100    0 -1000 -1000 -10
198 32 pedestrian 0 0 -10 0.00 191.46 233.68 314.84 -10 -10 -10 -100    0 -1000 -1000 -10
198 29 pedestrian 0 0 -10 451.12 154.04 494.90 209.86 -10 -10 -10 -100    0 -1000 -1000 -10
198 12 pedestrian 0 0 -10 325.76 179.56 509.34 214.90 -10 -10 -10 -100    0 -1000 -1000 -10
198 26 pedestrian 0 0 -10 117.72 165.31 243.12 241.54 -10 -10 -10 -100    0 -1000 -1000 -10
198 30 pedestrian 0 0 -10 524.90 176.31 583.59 238.10 -10 -10 -10 -100    0 -1000 -1000 -10
198 31 pedestrian 0 0 -10 402.31 161.31 442.81 209.29 -10 -10 -10 -100    0 -1000 -1000 -10
198 6 pedestrian 0 0 -10 394.19 178.64 480.64 258.92 -10 -10 -10 -100    0 -1000 -1000 -10
198 28 pedestrian 0 0 -10 271.79 185.45 358.99 242.11 -10 -10 -10 -100    0 -1000 -1000 -10
198 3 pedestrian 0 0 -10 514.93 180.74 534.66 200.84 -10 -10 -10 -100    0 -1000 -1000 -10
198 25 pedestrian 0 0 -10 0.00 190.28 125.29 287.43 -10 -10 -10 -100    0 -1000 -1000 -10
199 36 pedestrian 0 0 -10 254.35 186.32 313.33 223.15 -10 -10 -10 -100    0 -1000 -1000 -10
199 35 pedestrian 0 0 -10 342.57 183.56 399.66 224.96 -10 -10 -10 -100    0 -1000 -1000 -10
199 32 pedestrian 0 0 -10 0.00 192.82 219.65 323.43 -10 -10 -10 -100    0 -1000 -1000 -10
199 29 pedestrian 0 0 -10 452.25 154.19 496.92 209.88 -10 -10 -10 -100    0 -1000 -1000 -10
199 26 pedestrian 0 0 -10 109.51 164.91 237.98 242.34 -10 -10 -10 -100    0 -1000 -1000 -10
199 30 pedestrian 0 0 -10 525.92 176.28 583.82 236.97 -10 -10 -10 -100    0 -1000 -1000 -10
199 31 pedestrian 0 0 -10 402.57 161.27 442.16 208.49 -10 -10 -10 -100    0 -1000 -1000 -10
199 6 pedestrian 0 0 -10 389.89 178.81 480.52 261.96 -10 -10 -10 -100    0 -1000 -1000 -10
199 28 pedestrian 0 0 -10 263.97 185.49 356.87 243.82 -10 -10 -10 -100    0 -1000 -1000 -10
199 25 pedestrian 0 0 -10 0.16 191.15 115.80 292.02 -10 -10 -10 -100    0 -1000 -1000 -10
200 36 pedestrian 0 0 -10 250.84 186.28 311.22 223.47 -10 -10 -10 -100    0 -1000 -1000 -10
200 35 pedestrian 0 0 -10 340.85 184.05 398.56 225.97 -10 -10 -10 -100    0 -1000 -1000 -10
200 32 pedestrian 0 0 -10 0.00 190.77 201.50 334.46 -10 -10 -10 -100    0 -1000 -1000 -10
200 29 pedestrian 0 0 -10 454.08 154.37 498.40 209.58 -10 -10 -10 -100    0 -1000 -1000 -10
200 26 pedestrian 0 0 -10 99.13 164.79 233.36 245.20 -10 -10 -10 -100    0 -1000 -1000 -10
200 30 pedestrian 0 0 -10 527.12 176.16 584.13 236.34 -10 -10 -10 -100    0 -1000 -1000 -10
200 31 pedestrian 0 0 -10 403.52 160.78 443.84 209.39 -10 -10 -10 -100    0 -1000 -1000 -10
200 6 pedestrian 0 0 -10 385.80 179.15 480.43 264.58 -10 -10 -10 -100    0 -1000 -1000 -10
200 28 pedestrian 0 0 -10 256.61 185.62 353.03 246.31 -10 -10 -10 -100    0 -1000 -1000 -10
200 25 pedestrian 0 0 -10 0.66 192.21 87.46 292.86 -10 -10 -10 -100    0 -1000 -1000 -10
201 37 pedestrian 0 0 -10 320.06 177.58 411.09 209.15 -10 -10 -10 -100    0 -1000 -1000 -10
201 36 pedestrian 0 0 -10 247.97 185.93 308.89 222.43 -10 -10 -10 -100    0 -1000 -1000 -10
201 35 pedestrian 0 0 -10 338.38 184.06 399.46 227.07 -10 -10 -10 -100    0 -1000 -1000 -10
201 32 pedestrian 0 0 -10 0.16 194.76 184.49 344.59 -10 -10 -10 -100    0 -1000 -1000 -10
201 29 pedestrian 0 0 -10 455.76 154.32 500.63 209.95 -10 -10 -10 -100    0 -1000 -1000 -10
201 26 pedestrian 0 0 -10 87.24 164.09 228.52 247.23 -10 -10 -10 -100    0 -1000 -1000 -10
201 30 pedestrian 0 0 -10 528.69 176.01 584.81 235.30 -10 -10 -10 -100    0 -1000 -1000 -10
201 31 pedestrian 0 0 -10 403.97 161.33 444.17 209.40 -10 -10 -10 -100    0 -1000 -1000 -10
201 6 pedestrian 0 0 -10 382.32 178.96 481.40 268.04 -10 -10 -10 -100    0 -1000 -1000 -10
201 28 pedestrian 0 0 -10 246.35 185.30 349.04 248.82 -10 -10 -10 -100    0 -1000 -1000 -10
201 25 pedestrian 0 0 -10 0.00 186.57 79.04 289.14 -10 -10 -10 -100    0 -1000 -1000 -10
202 37 pedestrian 0 0 -10 320.92 177.40 411.54 208.84 -10 -10 -10 -100    0 -1000 -1000 -10
202 36 pedestrian 0 0 -10 242.74 186.09 309.35 224.73 -10 -10 -10 -100    0 -1000 -1000 -10
202 35 pedestrian 0 0 -10 335.37 184.04 398.66 228.56 -10 -10 -10 -100    0 -1000 -1000 -10
202 32 pedestrian 0 0 -10 0.00 195.19 164.50 350.89 -10 -10 -10 -100    0 -1000 -1000 -10
202 29 pedestrian 0 0 -10 457.22 154.09 503.99 211.27 -10 -10 -10 -100    0 -1000 -1000 -10
202 26 pedestrian 0 0 -10 73.84 163.06 222.77 249.44 -10 -10 -10 -100    0 -1000 -1000 -10
202 30 pedestrian 0 0 -10 530.32 176.22 586.12 234.53 -10 -10 -10 -100    0 -1000 -1000 -10
202 31 pedestrian 0 0 -10 404.55 161.19 446.80 210.02 -10 -10 -10 -100    0 -1000 -1000 -10
202 6 pedestrian 0 0 -10 377.93 179.23 481.55 270.66 -10 -10 -10 -100    0 -1000 -1000 -10
202 28 pedestrian 0 0 -10 237.25 185.17 345.30 251.24 -10 -10 -10 -100    0 -1000 -1000 -10
202 3 pedestrian 0 0 -10 507.92 175.91 543.13 198.55 -10 -10 -10 -100    0 -1000 -1000 -10
202 25 pedestrian 0 0 -10 0.00 191.95 51.03 288.70 -10 -10 -10 -100    0 -1000 -1000 -10
203 37 pedestrian 0 0 -10 320.96 177.89 410.78 208.97 -10 -10 -10 -100    0 -1000 -1000 -10
203 36 pedestrian 0 0 -10 240.86 186.06 308.24 225.40 -10 -10 -10 -100    0 -1000 -1000 -10
203 35 pedestrian 0 0 -10 331.91 184.46 397.04 229.75 -10 -10 -10 -100    0 -1000 -1000 -10
203 32 pedestrian 0 0 -10 0.00 193.27 141.52 351.93 -10 -10 -10 -100    0 -1000 -1000 -10
203 29 pedestrian 0 0 -10 458.83 153.55 506.86 211.48 -10 -10 -10 -100    0 -1000 -1000 -10
203 26 pedestrian 0 0 -10 61.59 163.38 218.40 251.32 -10 -10 -10 -100    0 -1000 -1000 -10
203 30 pedestrian 0 0 -10 532.00 176.39 587.20 233.72 -10 -10 -10 -100    0 -1000 -1000 -10
203 31 pedestrian 0 0 -10 404.01 160.32 448.23 211.53 -10 -10 -10 -100    0 -1000 -1000 -10
203 6 pedestrian 0 0 -10 372.18 179.73 481.29 274.48 -10 -10 -10 -100    0 -1000 -1000 -10
203 28 pedestrian 0 0 -10 226.21 185.31 340.80 254.16 -10 -10 -10 -100    0 -1000 -1000 -10
203 3 pedestrian 0 0 -10 510.93 175.04 547.78 199.60 -10 -10 -10 -100    0 -1000 -1000 -10
204 38 pedestrian 0 0 -10 489.79 148.08 515.93 195.76 -10 -10 -10 -100    0 -1000 -1000 -10
204 37 pedestrian 0 0 -10 321.75 177.95 410.98 208.65 -10 -10 -10 -100    0 -1000 -1000 -10
204 36 pedestrian 0 0 -10 237.93 186.01 307.03 226.62 -10 -10 -10 -100    0 -1000 -1000 -10
204 35 pedestrian 0 0 -10 327.62 184.82 395.59 231.47 -10 -10 -10 -100    0 -1000 -1000 -10
204 32 pedestrian 0 0 -10 0.09 198.13 113.56 353.81 -10 -10 -10 -100    0 -1000 -1000 -10
204 29 pedestrian 0 0 -10 461.00 152.34 509.63 211.57 -10 -10 -10 -100    0 -1000 -1000 -10
204 26 pedestrian 0 0 -10 47.81 163.81 210.58 253.59 -10 -10 -10 -100    0 -1000 -1000 -10
204 30 pedestrian 0 0 -10 534.23 176.12 588.79 232.86 -10 -10 -10 -100    0 -1000 -1000 -10
204 31 pedestrian 0 0 -10 404.37 159.52 448.96 211.91 -10 -10 -10 -100    0 -1000 -1000 -10
204 6 pedestrian 0 0 -10 367.52 180.16 480.65 278.20 -10 -10 -10 -100    0 -1000 -1000 -10
204 28 pedestrian 0 0 -10 215.42 185.61 336.16 257.73 -10 -10 -10 -100    0 -1000 -1000 -10
204 3 pedestrian 0 0 -10 514.93 175.18 551.69 199.99 -10 -10 -10 -100    0 -1000 -1000 -10
205 39 pedestrian 0 0 -10 432.73 172.75 474.47 200.04 -10 -10 -10 -100    0 -1000 -1000 -10
205 38 pedestrian 0 0 -10 493.03 149.15 519.56 196.26 -10 -10 -10 -100    0 -1000 -1000 -10
205 37 pedestrian 0 0 -10 319.55 177.92 410.13 209.50 -10 -10 -10 -100    0 -1000 -1000 -10
205 36 pedestrian 0 0 -10 232.55 185.44 303.24 226.74 -10 -10 -10 -100    0 -1000 -1000 -10
205 35 pedestrian 0 0 -10 323.44 185.09 393.44 232.60 -10 -10 -10 -100    0 -1000 -1000 -10
205 32 pedestrian 0 0 -10 0.00 198.14 81.16 354.12 -10 -10 -10 -100    0 -1000 -1000 -10
205 29 pedestrian 0 0 -10 463.28 150.75 511.74 212.13 -10 -10 -10 -100    0 -1000 -1000 -10
205 26 pedestrian 0 0 -10 30.72 162.18 205.13 256.98 -10 -10 -10 -100    0 -1000 -1000 -10
205 30 pedestrian 0 0 -10 536.25 175.77 590.20 231.78 -10 -10 -10 -100    0 -1000 -1000 -10
205 31 pedestrian 0 0 -10 402.62 158.33 448.72 212.74 -10 -10 -10 -100    0 -1000 -1000 -10
205 6 pedestrian 0 0 -10 361.18 179.60 479.09 281.93 -10 -10 -10 -100    0 -1000 -1000 -10
205 28 pedestrian 0 0 -10 201.31 185.65 329.92 261.37 -10 -10 -10 -100    0 -1000 -1000 -10
205 3 pedestrian 0 0 -10 519.86 174.91 554.73 200.61 -10 -10 -10 -100    0 -1000 -1000 -10
206 39 pedestrian 0 0 -10 433.27 171.69 475.08 199.52 -10 -10 -10 -100    0 -1000 -1000 -10
206 38 pedestrian 0 0 -10 494.43 149.20 520.79 195.95 -10 -10 -10 -100    0 -1000 -1000 -10
206 37 pedestrian 0 0 -10 316.81 178.10 409.83 212.12 -10 -10 -10 -100    0 -1000 -1000 -10
206 36 pedestrian 0 0 -10 228.08 184.83 299.79 226.65 -10 -10 -10 -100    0 -1000 -1000 -10
206 35 pedestrian 0 0 -10 318.07 184.32 389.69 234.02 -10 -10 -10 -100    0 -1000 -1000 -10
206 29 pedestrian 0 0 -10 463.79 150.24 513.53 212.38 -10 -10 -10 -100    0 -1000 -1000 -10
206 26 pedestrian 0 0 -10 13.98 160.82 196.55 259.72 -10 -10 -10 -100    0 -1000 -1000 -10
206 30 pedestrian 0 0 -10 538.51 175.33 591.71 231.00 -10 -10 -10 -100    0 -1000 -1000 -10
206 31 pedestrian 0 0 -10 401.83 158.11 449.41 213.69 -10 -10 -10 -100    0 -1000 -1000 -10
206 6 pedestrian 0 0 -10 355.22 179.90 478.01 285.46 -10 -10 -10 -100    0 -1000 -1000 -10
206 28 pedestrian 0 0 -10 187.20 186.04 324.13 265.47 -10 -10 -10 -100    0 -1000 -1000 -10
206 3 pedestrian 0 0 -10 522.60 174.75 557.46 200.93 -10 -10 -10 -100    0 -1000 -1000 -10
207 38 pedestrian 0 0 -10 497.63 147.97 524.76 195.37 -10 -10 -10 -100    0 -1000 -1000 -10
207 37 pedestrian 0 0 -10 314.60 177.07 411.01 214.13 -10 -10 -10 -100    0 -1000 -1000 -10
207 36 pedestrian 0 0 -10 223.64 184.56 296.47 226.81 -10 -10 -10 -100    0 -1000 -1000 -10
207 35 pedestrian 0 0 -10 314.25 184.96 387.25 235.39 -10 -10 -10 -100    0 -1000 -1000 -10
207 39 pedestrian 0 0 -10 434.02 170.36 474.75 199.23 -10 -10 -10 -100    0 -1000 -1000 -10
207 40 pedestrian 0 0 -10 412.74 183.44 482.19 242.18 -10 -10 -10 -100    0 -1000 -1000 -10
207 29 pedestrian 0 0 -10 465.31 149.96 515.60 212.45 -10 -10 -10 -100    0 -1000 -1000 -10
207 26 pedestrian 0 0 -10 0.13 159.27 188.35 262.28 -10 -10 -10 -100    0 -1000 -1000 -10
207 30 pedestrian 0 0 -10 540.86 175.10 592.90 230.20 -10 -10 -10 -100    0 -1000 -1000 -10
207 31 pedestrian 0 0 -10 401.65 157.92 449.76 213.70 -10 -10 -10 -100    0 -1000 -1000 -10
207 6 pedestrian 0 0 -10 346.93 179.75 477.01 290.51 -10 -10 -10 -100    0 -1000 -1000 -10
207 28 pedestrian 0 0 -10 169.76 186.51 317.58 269.22 -10 -10 -10 -100    0 -1000 -1000 -10
207 3 pedestrian 0 0 -10 526.36 174.98 560.80 199.79 -10 -10 -10 -100    0 -1000 -1000 -10
208 36 pedestrian 0 0 -10 216.58 185.01 296.49 229.13 -10 -10 -10 -100    0 -1000 -1000 -10
208 35 pedestrian 0 0 -10 307.34 184.77 386.72 237.45 -10 -10 -10 -100    0 -1000 -1000 -10
208 39 pedestrian 0 0 -10 435.76 168.99 474.02 200.27 -10 -10 -10 -100    0 -1000 -1000 -10
208 40 pedestrian 0 0 -10 411.27 183.74 483.40 245.36 -10 -10 -10 -100    0 -1000 -1000 -10
208 37 pedestrian 0 0 -10 310.05 176.41 412.75 214.27 -10 -10 -10 -100    0 -1000 -1000 -10
208 29 pedestrian 0 0 -10 466.81 149.08 518.52 213.83 -10 -10 -10 -100    0 -1000 -1000 -10
208 38 pedestrian 0 0 -10 501.00 147.42 528.30 196.51 -10 -10 -10 -100    0 -1000 -1000 -10
208 26 pedestrian 0 0 -10 0.10 159.20 179.59 265.27 -10 -10 -10 -100    0 -1000 -1000 -10
208 30 pedestrian 0 0 -10 543.48 175.21 594.22 229.58 -10 -10 -10 -100    0 -1000 -1000 -10
208 31 pedestrian 0 0 -10 399.38 157.57 450.12 214.98 -10 -10 -10 -100    0 -1000 -1000 -10
208 6 pedestrian 0 0 -10 338.95 179.60 476.53 296.04 -10 -10 -10 -100    0 -1000 -1000 -10
208 28 pedestrian 0 0 -10 152.48 187.33 310.07 274.45 -10 -10 -10 -100    0 -1000 -1000 -10
208 3 pedestrian 0 0 -10 530.59 174.44 567.54 201.00 -10 -10 -10 -100    0 -1000 -1000 -10
209 36 pedestrian 0 0 -10 212.70 184.51 294.65 228.89 -10 -10 -10 -100    0 -1000 -1000 -10
209 35 pedestrian 0 0 -10 301.04 184.61 385.05 239.88 -10 -10 -10 -100    0 -1000 -1000 -10
209 39 pedestrian 0 0 -10 436.70 165.85 475.32 201.17 -10 -10 -10 -100    0 -1000 -1000 -10
209 40 pedestrian 0 0 -10 411.08 184.62 483.88 246.61 -10 -10 -10 -100    0 -1000 -1000 -10
209 37 pedestrian 0 0 -10 307.63 175.46 412.20 214.56 -10 -10 -10 -100    0 -1000 -1000 -10
209 29 pedestrian 0 0 -10 469.03 149.11 521.13 214.15 -10 -10 -10 -100    0 -1000 -1000 -10
209 38 pedestrian 0 0 -10 503.88 146.86 530.17 197.47 -10 -10 -10 -100    0 -1000 -1000 -10
209 26 pedestrian 0 0 -10 0.06 158.24 170.83 268.62 -10 -10 -10 -100    0 -1000 -1000 -10
209 30 pedestrian 0 0 -10 546.25 175.14 596.42 228.67 -10 -10 -10 -100    0 -1000 -1000 -10
209 31 pedestrian 0 0 -10 396.56 157.74 450.16 216.36 -10 -10 -10 -100    0 -1000 -1000 -10
209 6 pedestrian 0 0 -10 329.86 179.12 475.90 301.14 -10 -10 -10 -100    0 -1000 -1000 -10
209 28 pedestrian 0 0 -10 132.49 187.50 301.47 280.06 -10 -10 -10 -100    0 -1000 -1000 -10
209 3 pedestrian 0 0 -10 533.04 174.56 570.52 201.00 -10 -10 -10 -100    0 -1000 -1000 -10
210 36 pedestrian 0 0 -10 205.92 184.39 291.82 229.84 -10 -10 -10 -100    0 -1000 -1000 -10
210 35 pedestrian 0 0 -10 295.34 184.92 381.79 241.50 -10 -10 -10 -100    0 -1000 -1000 -10
210 39 pedestrian 0 0 -10 437.67 165.80 477.48 201.55 -10 -10 -10 -100    0 -1000 -1000 -10
210 40 pedestrian 0 0 -10 410.20 184.83 484.61 248.32 -10 -10 -10 -100    0 -1000 -1000 -10
210 37 pedestrian 0 0 -10 305.89 175.47 413.09 215.37 -10 -10 -10 -100    0 -1000 -1000 -10
210 29 pedestrian 0 0 -10 470.51 149.78 523.11 215.13 -10 -10 -10 -100    0 -1000 -1000 -10
210 38 pedestrian 0 0 -10 506.64 147.18 533.37 197.00 -10 -10 -10 -100    0 -1000 -1000 -10
210 26 pedestrian 0 0 -10 0.00 156.67 160.46 271.06 -10 -10 -10 -100    0 -1000 -1000 -10
210 30 pedestrian 0 0 -10 548.27 175.22 598.44 227.88 -10 -10 -10 -100    0 -1000 -1000 -10
210 31 pedestrian 0 0 -10 396.17 157.50 450.07 216.96 -10 -10 -10 -100    0 -1000 -1000 -10
210 6 pedestrian 0 0 -10 319.81 180.25 475.83 306.36 -10 -10 -10 -100    0 -1000 -1000 -10
210 28 pedestrian 0 0 -10 108.80 188.67 293.24 285.75 -10 -10 -10 -100    0 -1000 -1000 -10
210 3 pedestrian 0 0 -10 536.01 173.90 572.02 201.94 -10 -10 -10 -100    0 -1000 -1000 -10
211 36 pedestrian 0 0 -10 199.94 184.57 290.46 231.96 -10 -10 -10 -100    0 -1000 -1000 -10
211 35 pedestrian 0 0 -10 285.94 185.12 378.17 243.57 -10 -10 -10 -100    0 -1000 -1000 -10
211 39 pedestrian 0 0 -10 440.03 166.12 479.56 201.42 -10 -10 -10 -100    0 -1000 -1000 -10
211 40 pedestrian 0 0 -10 407.82 185.48 484.11 250.55 -10 -10 -10 -100    0 -1000 -1000 -10
211 37 pedestrian 0 0 -10 305.39 175.43 412.98 216.04 -10 -10 -10 -100    0 -1000 -1000 -10
211 29 pedestrian 0 0 -10 471.60 149.52 524.72 215.80 -10 -10 -10 -100    0 -1000 -1000 -10
211 38 pedestrian 0 0 -10 509.53 147.56 536.23 196.72 -10 -10 -10 -100    0 -1000 -1000 -10
211 26 pedestrian 0 0 -10 0.00 156.02 147.93 275.57 -10 -10 -10 -100    0 -1000 -1000 -10
211 30 pedestrian 0 0 -10 550.78 175.03 599.75 227.10 -10 -10 -10 -100    0 -1000 -1000 -10
211 31 pedestrian 0 0 -10 396.37 157.78 452.50 217.85 -10 -10 -10 -100    0 -1000 -1000 -10
211 6 pedestrian 0 0 -10 309.79 180.57 474.39 313.46 -10 -10 -10 -100    0 -1000 -1000 -10
211 28 pedestrian 0 0 -10 82.42 189.45 283.94 292.94 -10 -10 -10 -100    0 -1000 -1000 -10
211 3 pedestrian 0 0 -10 539.02 173.54 574.14 202.25 -10 -10 -10 -100    0 -1000 -1000 -10
212 36 pedestrian 0 0 -10 191.72 183.96 285.21 232.13 -10 -10 -10 -100    0 -1000 -1000 -10
212 35 pedestrian 0 0 -10 278.85 184.86 374.57 245.52 -10 -10 -10 -100    0 -1000 -1000 -10
212 39 pedestrian 0 0 -10 442.90 165.70 481.37 201.84 -10 -10 -10 -100    0 -1000 -1000 -10
212 40 pedestrian 0 0 -10 406.12 185.78 483.94 252.30 -10 -10 -10 -100    0 -1000 -1000 -10
212 37 pedestrian 0 0 -10 306.30 174.98 412.84 215.41 -10 -10 -10 -100    0 -1000 -1000 -10
212 29 pedestrian 0 0 -10 472.29 149.57 526.29 215.96 -10 -10 -10 -100    0 -1000 -1000 -10
212 38 pedestrian 0 0 -10 511.98 147.51 538.63 196.10 -10 -10 -10 -100    0 -1000 -1000 -10
212 26 pedestrian 0 0 -10 0.00 156.17 137.95 278.49 -10 -10 -10 -100    0 -1000 -1000 -10
212 30 pedestrian 0 0 -10 553.20 175.06 600.99 225.96 -10 -10 -10 -100    0 -1000 -1000 -10
212 31 pedestrian 0 0 -10 395.75 157.17 453.40 218.88 -10 -10 -10 -100    0 -1000 -1000 -10
212 6 pedestrian 0 0 -10 298.68 180.15 471.70 320.07 -10 -10 -10 -100    0 -1000 -1000 -10
212 28 pedestrian 0 0 -10 54.53 189.74 271.42 299.87 -10 -10 -10 -100    0 -1000 -1000 -10
212 3 pedestrian 0 0 -10 540.65 173.84 577.01 202.19 -10 -10 -10 -100    0 -1000 -1000 -10
213 36 pedestrian 0 0 -10 184.92 183.98 279.71 233.68 -10 -10 -10 -100    0 -1000 -1000 -10
213 35 pedestrian 0 0 -10 269.91 185.70 368.55 247.74 -10 -10 -10 -100    0 -1000 -1000 -10
213 39 pedestrian 0 0 -10 445.53 165.61 483.30 201.72 -10 -10 -10 -100    0 -1000 -1000 -10
213 40 pedestrian 0 0 -10 401.87 186.04 482.96 254.41 -10 -10 -10 -100    0 -1000 -1000 -10
213 37 pedestrian 0 0 -10 304.91 175.09 412.33 216.51 -10 -10 -10 -100    0 -1000 -1000 -10
213 29 pedestrian 0 0 -10 473.58 149.34 527.19 216.54 -10 -10 -10 -100    0 -1000 -1000 -10
213 38 pedestrian 0 0 -10 513.71 146.34 540.32 196.97 -10 -10 -10 -100    0 -1000 -1000 -10
213 26 pedestrian 0 0 -10 0.00 157.68 122.44 278.16 -10 -10 -10 -100    0 -1000 -1000 -10
213 30 pedestrian 0 0 -10 554.74 175.12 601.51 225.55 -10 -10 -10 -100    0 -1000 -1000 -10
213 31 pedestrian 0 0 -10 394.96 156.49 453.17 219.29 -10 -10 -10 -100    0 -1000 -1000 -10
213 6 pedestrian 0 0 -10 283.13 181.03 468.21 327.77 -10 -10 -10 -100    0 -1000 -1000 -10
213 28 pedestrian 0 0 -10 20.04 190.40 258.35 308.24 -10 -10 -10 -100    0 -1000 -1000 -10
213 3 pedestrian 0 0 -10 542.30 174.09 578.68 203.08 -10 -10 -10 -100    0 -1000 -1000 -10
214 36 pedestrian 0 0 -10 174.34 183.19 275.34 234.35 -10 -10 -10 -100    0 -1000 -1000 -10
214 35 pedestrian 0 0 -10 258.15 185.98 364.99 250.76 -10 -10 -10 -100    0 -1000 -1000 -10
214 39 pedestrian 0 0 -10 447.77 165.13 485.02 202.20 -10 -10 -10 -100    0 -1000 -1000 -10
214 40 pedestrian 0 0 -10 396.86 185.00 482.26 256.10 -10 -10 -10 -100    0 -1000 -1000 -10
214 37 pedestrian 0 0 -10 299.25 175.52 410.72 218.44 -10 -10 -10 -100    0 -1000 -1000 -10
214 29 pedestrian 0 0 -10 474.04 148.67 528.49 216.11 -10 -10 -10 -100    0 -1000 -1000 -10
214 38 pedestrian 0 0 -10 515.78 145.75 543.57 196.68 -10 -10 -10 -100    0 -1000 -1000 -10
214 26 pedestrian 0 0 -10 0.00 157.35 106.87 285.21 -10 -10 -10 -100    0 -1000 -1000 -10
214 30 pedestrian 0 0 -10 556.36 174.27 602.90 223.88 -10 -10 -10 -100    0 -1000 -1000 -10
214 31 pedestrian 0 0 -10 393.11 155.36 452.52 220.06 -10 -10 -10 -100    0 -1000 -1000 -10
214 6 pedestrian 0 0 -10 267.86 181.46 464.55 335.83 -10 -10 -10 -100    0 -1000 -1000 -10
214 28 pedestrian 0 0 -10 0.00 190.82 244.50 318.89 -10 -10 -10 -100    0 -1000 -1000 -10
214 3 pedestrian 0 0 -10 544.39 172.55 579.68 202.33 -10 -10 -10 -100    0 -1000 -1000 -10
215 36 pedestrian 0 0 -10 162.31 183.10 269.35 236.22 -10 -10 -10 -100    0 -1000 -1000 -10
215 35 pedestrian 0 0 -10 247.72 186.15 356.53 252.66 -10 -10 -10 -100    0 -1000 -1000 -10
215 39 pedestrian 0 0 -10 448.88 166.07 486.18 204.51 -10 -10 -10 -100    0 -1000 -1000 -10
215 40 pedestrian 0 0 -10 393.45 185.13 480.40 257.92 -10 -10 -10 -100    0 -1000 -1000 -10
215 37 pedestrian 0 0 -10 290.68 176.62 407.91 221.55 -10 -10 -10 -100    0 -1000 -1000 -10
215 29 pedestrian 0 0 -10 474.10 148.51 528.65 216.67 -10 -10 -10 -100    0 -1000 -1000 -10
215 38 pedestrian 0 0 -10 517.22 145.07 545.39 196.40 -10 -10 -10 -100    0 -1000 -1000 -10
215 26 pedestrian 0 0 -10 0.00 156.58 87.25 284.06 -10 -10 -10 -100    0 -1000 -1000 -10
215 30 pedestrian 0 0 -10 557.77 174.29 603.82 223.09 -10 -10 -10 -100    0 -1000 -1000 -10
215 31 pedestrian 0 0 -10 391.52 155.18 451.79 220.97 -10 -10 -10 -100    0 -1000 -1000 -10
215 6 pedestrian 0 0 -10 248.46 182.13 460.60 345.14 -10 -10 -10 -100    0 -1000 -1000 -10
215 28 pedestrian 0 0 -10 0.15 192.23 226.16 331.20 -10 -10 -10 -100    0 -1000 -1000 -10
215 3 pedestrian 0 0 -10 545.89 172.60 580.68 202.99 -10 -10 -10 -100    0 -1000 -1000 -10
216 36 pedestrian 0 0 -10 152.80 183.96 260.20 238.44 -10 -10 -10 -100    0 -1000 -1000 -10
216 35 pedestrian 0 0 -10 238.72 184.69 350.22 255.75 -10 -10 -10 -100    0 -1000 -1000 -10
216 39 pedestrian 0 0 -10 449.24 168.00 487.14 206.91 -10 -10 -10 -100    0 -1000 -1000 -10
216 40 pedestrian 0 0 -10 387.29 185.62 479.31 260.55 -10 -10 -10 -100    0 -1000 -1000 -10
216 37 pedestrian 0 0 -10 281.11 176.56 402.82 224.23 -10 -10 -10 -100    0 -1000 -1000 -10
216 29 pedestrian 0 0 -10 474.69 148.71 528.59 217.73 -10 -10 -10 -100    0 -1000 -1000 -10
216 38 pedestrian 0 0 -10 518.28 145.12 546.05 196.81 -10 -10 -10 -100    0 -1000 -1000 -10
216 26 pedestrian 0 0 -10 0.02 155.62 64.74 283.62 -10 -10 -10 -100    0 -1000 -1000 -10
216 30 pedestrian 0 0 -10 558.19 175.04 603.90 223.14 -10 -10 -10 -100    0 -1000 -1000 -10
216 31 pedestrian 0 0 -10 390.18 155.30 452.82 222.23 -10 -10 -10 -100    0 -1000 -1000 -10
216 6 pedestrian 0 0 -10 228.23 183.29 455.26 356.75 -10 -10 -10 -100    0 -1000 -1000 -10
216 28 pedestrian 0 0 -10 0.00 194.66 206.97 340.95 -10 -10 -10 -100    0 -1000 -1000 -10
216 3 pedestrian 0 0 -10 545.90 173.19 581.74 204.45 -10 -10 -10 -100    0 -1000 -1000 -10
217 36 pedestrian 0 0 -10 139.59 183.54 255.20 241.29 -10 -10 -10 -100    0 -1000 -1000 -10
217 35 pedestrian 0 0 -10 222.55 187.07 348.07 258.76 -10 -10 -10 -100    0 -1000 -1000 -10
217 39 pedestrian 0 0 -10 447.83 166.80 485.40 208.12 -10 -10 -10 -100    0 -1000 -1000 -10
217 40 pedestrian 0 0 -10 381.68 186.73 476.52 264.63 -10 -10 -10 -100    0 -1000 -1000 -10
217 37 pedestrian 0 0 -10 255.47 176.29 399.47 229.04 -10 -10 -10 -100    0 -1000 -1000 -10
217 29 pedestrian 0 0 -10 473.43 148.72 528.96 219.18 -10 -10 -10 -100    0 -1000 -1000 -10
217 38 pedestrian 0 0 -10 518.96 145.25 546.88 197.92 -10 -10 -10 -100    0 -1000 -1000 -10
217 26 pedestrian 0 0 -10 0.07 153.80 38.24 287.34 -10 -10 -10 -100    0 -1000 -1000 -10
217 30 pedestrian 0 0 -10 559.20 175.59 603.55 223.34 -10 -10 -10 -100    0 -1000 -1000 -10
217 41 pedestrian 0 0 -10 155.78 165.77 270.18 213.33 -10 -10 -10 -100    0 -1000 -1000 -10
217 31 pedestrian 0 0 -10 389.42 154.57 452.13 221.87 -10 -10 -10 -100    0 -1000 -1000 -10
217 6 pedestrian 0 0 -10 203.54 183.77 449.36 369.57 -10 -10 -10 -100    0 -1000 -1000 -10
217 28 pedestrian 0 0 -10 0.00 195.06 185.31 351.22 -10 -10 -10 -100    0 -1000 -1000 -10
217 3 pedestrian 0 0 -10 545.44 173.30 583.07 204.77 -10 -10 -10 -100    0 -1000 -1000 -10
218 36 pedestrian 0 0 -10 126.34 185.71 243.59 243.67 -10 -10 -10 -100    0 -1000 -1000 -10
218 35 pedestrian 0 0 -10 215.10 186.92 342.13 260.72 -10 -10 -10 -100    0 -1000 -1000 -10
218 39 pedestrian 0 0 -10 448.43 168.92 485.76 208.63 -10 -10 -10 -100    0 -1000 -1000 -10
218 40 pedestrian 0 0 -10 373.74 187.99 473.91 268.69 -10 -10 -10 -100    0 -1000 -1000 -10
218 37 pedestrian 0 0 -10 237.11 176.81 393.02 234.53 -10 -10 -10 -100    0 -1000 -1000 -10
218 29 pedestrian 0 0 -10 471.91 148.13 528.73 220.39 -10 -10 -10 -100    0 -1000 -1000 -10
218 38 pedestrian 0 0 -10 519.53 144.92 547.61 197.68 -10 -10 -10 -100    0 -1000 -1000 -10
218 30 pedestrian 0 0 -10 559.31 175.59 603.48 223.05 -10 -10 -10 -100    0 -1000 -1000 -10
218 41 pedestrian 0 0 -10 182.40 168.45 254.48 208.73 -10 -10 -10 -100    0 -1000 -1000 -10
218 31 pedestrian 0 0 -10 388.21 153.34 453.20 224.03 -10 -10 -10 -100    0 -1000 -1000 -10
218 6 pedestrian 0 0 -10 175.12 183.96 443.06 376.00 -10 -10 -10 -100    0 -1000 -1000 -10
218 28 pedestrian 0 0 -10 0.00 196.45 159.97 354.29 -10 -10 -10 -100    0 -1000 -1000 -10
218 3 pedestrian 0 0 -10 546.01 172.99 584.66 205.33 -10 -10 -10 -100    0 -1000 -1000 -10
219 36 pedestrian 0 0 -10 111.56 185.91 237.13 245.99 -10 -10 -10 -100    0 -1000 -1000 -10
219 35 pedestrian 0 0 -10 201.75 186.47 335.02 263.32 -10 -10 -10 -100    0 -1000 -1000 -10
219 39 pedestrian 0 0 -10 446.34 167.53 484.22 208.57 -10 -10 -10 -100    0 -1000 -1000 -10
219 40 pedestrian 0 0 -10 365.65 188.77 470.72 271.87 -10 -10 -10 -100    0 -1000 -1000 -10
219 37 pedestrian 0 0 -10 237.44 175.39 388.79 235.94 -10 -10 -10 -100    0 -1000 -1000 -10
219 29 pedestrian 0 0 -10 470.87 148.47 528.43 220.74 -10 -10 -10 -100    0 -1000 -1000 -10
219 38 pedestrian 0 0 -10 519.84 144.84 548.10 197.90 -10 -10 -10 -100    0 -1000 -1000 -10
219 30 pedestrian 0 0 -10 559.66 175.52 603.69 222.00 -10 -10 -10 -100    0 -1000 -1000 -10
219 41 pedestrian 0 0 -10 148.76 166.03 229.09 213.75 -10 -10 -10 -100    0 -1000 -1000 -10
219 31 pedestrian 0 0 -10 384.16 152.34 452.26 223.74 -10 -10 -10 -100    0 -1000 -1000 -10
219 6 pedestrian 0 0 -10 141.23 184.33 435.80 376.00 -10 -10 -10 -100    0 -1000 -1000 -10
219 28 pedestrian 0 0 -10 0.13 197.21 129.95 356.35 -10 -10 -10 -100    0 -1000 -1000 -10
219 3 pedestrian 0 0 -10 546.12 172.57 584.51 204.97 -10 -10 -10 -100    0 -1000 -1000 -10
220 36 pedestrian 0 0 -10 95.95 185.72 225.01 249.68 -10 -10 -10 -100    0 -1000 -1000 -10
220 35 pedestrian 0 0 -10 184.38 186.62 329.90 266.04 -10 -10 -10 -100    0 -1000 -1000 -10
220 39 pedestrian 0 0 -10 443.82 168.03 482.74 209.10 -10 -10 -10 -100    0 -1000 -1000 -10
220 40 pedestrian 0 0 -10 356.10 188.74 467.43 276.49 -10 -10 -10 -100    0 -1000 -1000 -10
220 37 pedestrian 0 0 -10 235.58 175.30 384.22 235.76 -10 -10 -10 -100    0 -1000 -1000 -10
220 29 pedestrian 0 0 -10 469.25 148.26 528.07 222.02 -10 -10 -10 -100    0 -1000 -1000 -10
220 38 pedestrian 0 0 -10 520.28 144.77 548.48 198.37 -10 -10 -10 -100    0 -1000 -1000 -10
220 30 pedestrian 0 0 -10 560.15 175.70 603.74 221.72 -10 -10 -10 -100    0 -1000 -1000 -10
220 41 pedestrian 0 0 -10 117.98 163.92 195.52 217.01 -10 -10 -10 -100    0 -1000 -1000 -10
220 31 pedestrian 0 0 -10 378.85 152.28 451.03 225.39 -10 -10 -10 -100    0 -1000 -1000 -10
220 6 pedestrian 0 0 -10 102.57 185.02 427.36 376.00 -10 -10 -10 -100    0 -1000 -1000 -10
220 28 pedestrian 0 0 -10 0.14 200.41 93.58 355.09 -10 -10 -10 -100    0 -1000 -1000 -10
220 3 pedestrian 0 0 -10 546.12 172.02 585.22 204.95 -10 -10 -10 -100    0 -1000 -1000 -10
221 36 pedestrian 0 0 -10 76.30 187.10 215.45 252.02 -10 -10 -10 -100    0 -1000 -1000 -10
221 35 pedestrian 0 0 -10 171.48 187.01 322.29 268.20 -10 -10 -10 -100    0 -1000 -1000 -10
221 39 pedestrian 0 0 -10 440.71 168.48 479.53 208.84 -10 -10 -10 -100    0 -1000 -1000 -10
221 40 pedestrian 0 0 -10 347.81 189.20 463.82 281.34 -10 -10 -10 -100    0 -1000 -1000 -10
221 37 pedestrian 0 0 -10 256.56 171.69 315.70 223.46 -10 -10 -10 -100    0 -1000 -1000 -10
221 29 pedestrian 0 0 -10 465.49 146.15 528.18 222.89 -10 -10 -10 -100    0 -1000 -1000 -10
221 38 pedestrian 0 0 -10 519.86 144.64 548.88 198.42 -10 -10 -10 -100    0 -1000 -1000 -10
221 30 pedestrian 0 0 -10 560.30 175.86 603.40 221.38 -10 -10 -10 -100    0 -1000 -1000 -10
221 31 pedestrian 0 0 -10 374.29 151.59 450.81 225.39 -10 -10 -10 -100    0 -1000 -1000 -10
221 6 pedestrian 0 0 -10 52.28 184.76 416.64 376.00 -10 -10 -10 -100    0 -1000 -1000 -10
221 3 pedestrian 0 0 -10 546.74 172.08 585.67 204.76 -10 -10 -10 -100    0 -1000 -1000 -10
222 36 pedestrian 0 0 -10 56.23 188.39 201.78 253.51 -10 -10 -10 -100    0 -1000 -1000 -10
222 35 pedestrian 0 0 -10 143.65 188.58 309.06 274.54 -10 -10 -10 -100    0 -1000 -1000 -10
222 39 pedestrian 0 0 -10 439.22 169.03 477.16 208.32 -10 -10 -10 -100    0 -1000 -1000 -10
222 40 pedestrian 0 0 -10 338.14 189.60 460.33 285.85 -10 -10 -10 -100    0 -1000 -1000 -10
222 37 pedestrian 0 0 -10 242.86 171.63 300.89 225.91 -10 -10 -10 -100    0 -1000 -1000 -10
222 29 pedestrian 0 0 -10 462.54 146.21 527.73 223.73 -10 -10 -10 -100    0 -1000 -1000 -10
222 38 pedestrian 0 0 -10 520.09 144.49 549.88 198.42 -10 -10 -10 -100    0 -1000 -1000 -10
222 30 pedestrian 0 0 -10 560.55 175.71 603.36 220.84 -10 -10 -10 -100    0 -1000 -1000 -10
222 31 pedestrian 0 0 -10 368.68 150.03 447.96 227.11 -10 -10 -10 -100    0 -1000 -1000 -10
222 6 pedestrian 0 0 -10 0.95 185.75 404.33 376.00 -10 -10 -10 -100    0 -1000 -1000 -10
222 3 pedestrian 0 0 -10 547.45 172.13 586.06 204.34 -10 -10 -10 -100    0 -1000 -1000 -10
223 36 pedestrian 0 0 -10 29.32 189.01 191.60 259.29 -10 -10 -10 -100    0 -1000 -1000 -10
223 35 pedestrian 0 0 -10 113.58 188.98 297.21 279.27 -10 -10 -10 -100    0 -1000 -1000 -10
223 39 pedestrian 0 0 -10 437.70 170.32 477.12 208.16 -10 -10 -10 -100    0 -1000 -1000 -10
223 40 pedestrian 0 0 -10 327.17 190.06 455.12 290.48 -10 -10 -10 -100    0 -1000 -1000 -10
223 37 pedestrian 0 0 -10 231.88 177.55 308.05 230.22 -10 -10 -10 -100    0 -1000 -1000 -10
223 29 pedestrian 0 0 -10 459.91 145.09 527.85 225.22 -10 -10 -10 -100    0 -1000 -1000 -10
223 38 pedestrian 0 0 -10 519.92 143.96 550.27 198.85 -10 -10 -10 -100    0 -1000 -1000 -10
223 30 pedestrian 0 0 -10 560.71 175.71 603.12 220.48 -10 -10 -10 -100    0 -1000 -1000 -10
223 31 pedestrian 0 0 -10 362.91 150.26 443.23 228.18 -10 -10 -10 -100    0 -1000 -1000 -10
223 6 pedestrian 0 0 -10 0.00 186.82 391.99 376.00 -10 -10 -10 -100    0 -1000 -1000 -10
223 3 pedestrian 0 0 -10 547.07 172.38 586.10 204.55 -10 -10 -10 -100    0 -1000 -1000 -10
224 44 pedestrian 0 0 -10 311.93 180.15 367.96 217.05 -10 -10 -10 -100    0 -1000 -1000 -10
224 36 pedestrian 0 0 -10 3.84 189.64 167.52 262.75 -10 -10 -10 -100    0 -1000 -1000 -10
224 35 pedestrian 0 0 -10 90.48 189.82 289.00 286.73 -10 -10 -10 -100    0 -1000 -1000 -10
224 39 pedestrian 0 0 -10 436.15 169.32 476.62 208.74 -10 -10 -10 -100    0 -1000 -1000 -10
224 40 pedestrian 0 0 -10 314.17 191.62 451.33 295.22 -10 -10 -10 -100    0 -1000 -1000 -10
224 37 pedestrian 0 0 -10 219.41 183.89 315.03 235.41 -10 -10 -10 -100    0 -1000 -1000 -10
224 29 pedestrian 0 0 -10 457.84 143.99 528.07 226.54 -10 -10 -10 -100    0 -1000 -1000 -10
224 38 pedestrian 0 0 -10 520.57 143.84 550.90 198.96 -10 -10 -10 -100    0 -1000 -1000 -10
224 30 pedestrian 0 0 -10 560.55 175.70 602.74 220.27 -10 -10 -10 -100    0 -1000 -1000 -10
224 31 pedestrian 0 0 -10 356.20 148.55 442.02 230.71 -10 -10 -10 -100    0 -1000 -1000 -10
224 6 pedestrian 0 0 -10 0.16 185.99 379.08 376.00 -10 -10 -10 -100    0 -1000 -1000 -10
224 3 pedestrian 0 0 -10 547.40 172.81 586.13 204.86 -10 -10 -10 -100    0 -1000 -1000 -10
225 44 pedestrian 0 0 -10 304.71 180.08 363.76 218.62 -10 -10 -10 -100    0 -1000 -1000 -10
225 36 pedestrian 0 0 -10 0.22 189.89 152.54 265.69 -10 -10 -10 -100    0 -1000 -1000 -10
225 35 pedestrian 0 0 -10 60.71 189.47 277.44 293.20 -10 -10 -10 -100    0 -1000 -1000 -10
225 39 pedestrian 0 0 -10 432.65 175.07 474.21 210.95 -10 -10 -10 -100    0 -1000 -1000 -10
225 40 pedestrian 0 0 -10 298.27 191.89 446.10 301.01 -10 -10 -10 -100    0 -1000 -1000 -10
225 37 pedestrian 0 0 -10 206.65 184.88 301.12 235.97 -10 -10 -10 -100    0 -1000 -1000 -10
225 29 pedestrian 0 0 -10 455.50 143.59 527.47 227.30 -10 -10 -10 -100    0 -1000 -1000 -10
225 38 pedestrian 0 0 -10 520.63 143.47 551.40 199.00 -10 -10 -10 -100    0 -1000 -1000 -10
225 30 pedestrian 0 0 -10 560.69 175.68 602.16 219.66 -10 -10 -10 -100    0 -1000 -1000 -10
225 31 pedestrian 0 0 -10 351.01 147.07 439.57 233.30 -10 -10 -10 -100    0 -1000 -1000 -10
225 6 pedestrian 0 0 -10 0.00 187.54 360.55 376.00 -10 -10 -10 -100    0 -1000 -1000 -10
225 3 pedestrian 0 0 -10 548.24 173.31 585.44 205.44 -10 -10 -10 -100    0 -1000 -1000 -10
226 44 pedestrian 0 0 -10 298.96 180.39 359.47 220.05 -10 -10 -10 -100    0 -1000 -1000 -10
226 36 pedestrian 0 0 -10 0.00 189.73 131.25 267.65 -10 -10 -10 -100    0 -1000 -1000 -10
226 35 pedestrian 0 0 -10 24.36 191.06 258.36 302.83 -10 -10 -10 -100    0 -1000 -1000 -10
226 39 pedestrian 0 0 -10 426.29 172.14 470.11 210.43 -10 -10 -10 -100    0 -1000 -1000 -10
226 40 pedestrian 0 0 -10 286.61 192.50 440.49 307.37 -10 -10 -10 -100    0 -1000 -1000 -10
226 37 pedestrian 0 0 -10 194.09 185.26 291.56 236.24 -10 -10 -10 -100    0 -1000 -1000 -10
226 29 pedestrian 0 0 -10 452.82 143.67 526.88 228.48 -10 -10 -10 -100    0 -1000 -1000 -10
226 38 pedestrian 0 0 -10 520.24 143.31 551.64 199.15 -10 -10 -10 -100    0 -1000 -1000 -10
226 30 pedestrian 0 0 -10 560.63 176.03 601.73 219.54 -10 -10 -10 -100    0 -1000 -1000 -10
226 31 pedestrian 0 0 -10 343.44 146.12 436.34 235.35 -10 -10 -10 -100    0 -1000 -1000 -10
226 6 pedestrian 0 0 -10 0.00 189.00 338.47 376.00 -10 -10 -10 -100    0 -1000 -1000 -10
226 3 pedestrian 0 0 -10 549.14 173.88 585.98 205.94 -10 -10 -10 -100    0 -1000 -1000 -10
227 45 pedestrian 0 0 -10 396.86 181.27 450.52 219.54 -10 -10 -10 -100    0 -1000 -1000 -10
227 44 pedestrian 0 0 -10 292.43 180.45 353.88 221.46 -10 -10 -10 -100    0 -1000 -1000 -10
227 36 pedestrian 0 0 -10 0.17 189.76 111.51 274.39 -10 -10 -10 -100    0 -1000 -1000 -10
227 35 pedestrian 0 0 -10 8.50 191.48 244.10 307.67 -10 -10 -10 -100    0 -1000 -1000 -10
227 39 pedestrian 0 0 -10 424.38 171.62 469.82 211.13 -10 -10 -10 -100    0 -1000 -1000 -10
227 40 pedestrian 0 0 -10 267.55 193.83 435.49 315.11 -10 -10 -10 -100    0 -1000 -1000 -10
227 37 pedestrian 0 0 -10 179.70 185.25 283.77 237.95 -10 -10 -10 -100    0 -1000 -1000 -10
227 46 pedestrian 0 0 -10 208.31 186.07 327.23 257.85 -10 -10 -10 -100    0 -1000 -1000 -10
227 29 pedestrian 0 0 -10 449.51 142.18 525.91 229.46 -10 -10 -10 -100    0 -1000 -1000 -10
227 38 pedestrian 0 0 -10 519.72 143.07 552.01 199.33 -10 -10 -10 -100    0 -1000 -1000 -10
227 30 pedestrian 0 0 -10 560.69 176.16 601.69 219.49 -10 -10 -10 -100    0 -1000 -1000 -10
227 31 pedestrian 0 0 -10 335.13 144.29 434.68 238.40 -10 -10 -10 -100    0 -1000 -1000 -10
227 6 pedestrian 0 0 -10 0.00 189.48 312.23 376.00 -10 -10 -10 -100    0 -1000 -1000 -10
227 3 pedestrian 0 0 -10 549.46 173.93 586.58 205.45 -10 -10 -10 -100    0 -1000 -1000 -10
228 45 pedestrian 0 0 -10 393.06 181.63 448.58 219.36 -10 -10 -10 -100    0 -1000 -1000 -10
228 44 pedestrian 0 0 -10 284.96 180.16 350.29 221.62 -10 -10 -10 -100    0 -1000 -1000 -10
228 36 pedestrian 0 0 -10 0.29 189.04 97.92 278.92 -10 -10 -10 -100    0 -1000 -1000 -10
228 35 pedestrian 0 0 -10 0.00 192.50 223.13 320.15 -10 -10 -10 -100    0 -1000 -1000 -10
228 39 pedestrian 0 0 -10 422.97 172.10 469.02 212.36 -10 -10 -10 -100    0 -1000 -1000 -10
228 40 pedestrian 0 0 -10 250.53 194.35 429.19 323.83 -10 -10 -10 -100    0 -1000 -1000 -10
228 37 pedestrian 0 0 -10 165.49 184.79 272.70 241.28 -10 -10 -10 -100    0 -1000 -1000 -10
228 46 pedestrian 0 0 -10 188.78 186.38 317.92 262.32 -10 -10 -10 -100    0 -1000 -1000 -10
228 29 pedestrian 0 0 -10 447.66 141.84 524.90 231.02 -10 -10 -10 -100    0 -1000 -1000 -10
228 38 pedestrian 0 0 -10 519.64 143.05 552.25 199.92 -10 -10 -10 -100    0 -1000 -1000 -10
228 30 pedestrian 0 0 -10 560.73 176.31 601.67 219.36 -10 -10 -10 -100    0 -1000 -1000 -10
228 31 pedestrian 0 0 -10 326.56 144.00 431.54 240.34 -10 -10 -10 -100    0 -1000 -1000 -10
228 6 pedestrian 0 0 -10 0.00 187.00 288.42 376.00 -10 -10 -10 -100    0 -1000 -1000 -10
229 45 pedestrian 0 0 -10 386.84 182.42 443.00 221.18 -10 -10 -10 -100    0 -1000 -1000 -10
229 44 pedestrian 0 0 -10 278.06 180.07 345.62 222.97 -10 -10 -10 -100    0 -1000 -1000 -10
229 36 pedestrian 0 0 -10 0.08 192.06 72.73 274.93 -10 -10 -10 -100    0 -1000 -1000 -10
229 35 pedestrian 0 0 -10 0.03 193.58 202.96 339.23 -10 -10 -10 -100    0 -1000 -1000 -10
229 39 pedestrian 0 0 -10 423.70 175.51 467.57 214.12 -10 -10 -10 -100    0 -1000 -1000 -10
229 40 pedestrian 0 0 -10 229.37 195.65 420.79 332.99 -10 -10 -10 -100    0 -1000 -1000 -10
229 37 pedestrian 0 0 -10 151.67 185.23 262.22 242.81 -10 -10 -10 -100    0 -1000 -1000 -10
229 46 pedestrian 0 0 -10 169.85 186.46 304.21 266.18 -10 -10 -10 -100    0 -1000 -1000 -10
229 29 pedestrian 0 0 -10 446.69 141.12 524.48 232.07 -10 -10 -10 -100    0 -1000 -1000 -10
229 38 pedestrian 0 0 -10 521.28 143.51 552.72 199.79 -10 -10 -10 -100    0 -1000 -1000 -10
229 30 pedestrian 0 0 -10 561.02 176.40 601.64 218.81 -10 -10 -10 -100    0 -1000 -1000 -10
229 31 pedestrian 0 0 -10 318.57 142.98 423.20 240.83 -10 -10 -10 -100    0 -1000 -1000 -10
229 6 pedestrian 0 0 -10 0.00 187.17 252.05 376.00 -10 -10 -10 -100    0 -1000 -1000 -10
230 45 pedestrian 0 0 -10 382.51 182.08 439.70 222.91 -10 -10 -10 -100    0 -1000 -1000 -10
230 44 pedestrian 0 0 -10 270.43 180.00 339.07 223.92 -10 -10 -10 -100    0 -1000 -1000 -10
230 35 pedestrian 0 0 -10 0.15 194.52 177.40 353.67 -10 -10 -10 -100    0 -1000 -1000 -10
230 39 pedestrian 0 0 -10 420.67 175.44 464.94 215.63 -10 -10 -10 -100    0 -1000 -1000 -10
230 40 pedestrian 0 0 -10 205.00 196.65 413.87 344.82 -10 -10 -10 -100    0 -1000 -1000 -10
230 37 pedestrian 0 0 -10 136.93 185.74 253.25 245.06 -10 -10 -10 -100    0 -1000 -1000 -10
230 46 pedestrian 0 0 -10 146.03 187.29 293.51 272.32 -10 -10 -10 -100    0 -1000 -1000 -10
230 29 pedestrian 0 0 -10 444.19 140.76 524.63 233.40 -10 -10 -10 -100    0 -1000 -1000 -10
230 47 pedestrian 0 0 -10 493.72 161.74 539.14 213.34 -10 -10 -10 -100    0 -1000 -1000 -10
230 38 pedestrian 0 0 -10 521.53 143.15 553.59 201.18 -10 -10 -10 -100    0 -1000 -1000 -10
230 30 pedestrian 0 0 -10 561.91 176.57 602.11 218.52 -10 -10 -10 -100    0 -1000 -1000 -10
230 31 pedestrian 0 0 -10 309.80 141.91 419.12 241.26 -10 -10 -10 -100    0 -1000 -1000 -10
230 6 pedestrian 0 0 -10 0.04 190.71 208.25 376.00 -10 -10 -10 -100    0 -1000 -1000 -10
231 45 pedestrian 0 0 -10 379.42 181.51 438.12 223.76 -10 -10 -10 -100    0 -1000 -1000 -10
231 44 pedestrian 0 0 -10 263.05 179.88 330.91 223.80 -10 -10 -10 -100    0 -1000 -1000 -10
231 35 pedestrian 0 0 -10 0.00 195.44 146.45 350.76 -10 -10 -10 -100    0 -1000 -1000 -10
231 39 pedestrian 0 0 -10 418.67 174.13 463.12 215.79 -10 -10 -10 -100    0 -1000 -1000 -10
231 40 pedestrian 0 0 -10 178.95 197.68 406.26 357.37 -10 -10 -10 -100    0 -1000 -1000 -10
231 37 pedestrian 0 0 -10 120.00 185.49 242.91 247.29 -10 -10 -10 -100    0 -1000 -1000 -10
231 46 pedestrian 0 0 -10 118.08 188.17 279.37 277.75 -10 -10 -10 -100    0 -1000 -1000 -10
231 29 pedestrian 0 0 -10 441.82 140.46 524.64 235.04 -10 -10 -10 -100    0 -1000 -1000 -10
231 47 pedestrian 0 0 -10 493.30 163.60 540.17 213.35 -10 -10 -10 -100    0 -1000 -1000 -10
231 38 pedestrian 0 0 -10 522.67 143.24 554.69 200.91 -10 -10 -10 -100    0 -1000 -1000 -10
231 30 pedestrian 0 0 -10 562.53 176.40 602.84 218.17 -10 -10 -10 -100    0 -1000 -1000 -10
231 31 pedestrian 0 0 -10 300.58 140.63 415.82 244.62 -10 -10 -10 -100    0 -1000 -1000 -10
232 45 pedestrian 0 0 -10 373.83 181.43 434.67 225.30 -10 -10 -10 -100    0 -1000 -1000 -10
232 44 pedestrian 0 0 -10 253.92 179.46 325.24 225.72 -10 -10 -10 -100    0 -1000 -1000 -10
232 35 pedestrian 0 0 -10 0.00 198.46 111.58 352.87 -10 -10 -10 -100    0 -1000 -1000 -10
232 39 pedestrian 0 0 -10 413.21 174.75 462.71 216.59 -10 -10 -10 -100    0 -1000 -1000 -10
232 40 pedestrian 0 0 -10 148.14 198.04 397.02 370.15 -10 -10 -10 -100    0 -1000 -1000 -10
232 37 pedestrian 0 0 -10 99.28 185.04 229.47 249.92 -10 -10 -10 -100    0 -1000 -1000 -10
232 46 pedestrian 0 0 -10 90.44 188.47 264.41 282.23 -10 -10 -10 -100    0 -1000 -1000 -10
232 29 pedestrian 0 0 -10 438.93 138.50 524.55 236.61 -10 -10 -10 -100    0 -1000 -1000 -10
232 47 pedestrian 0 0 -10 493.50 161.29 541.16 213.41 -10 -10 -10 -100    0 -1000 -1000 -10
232 38 pedestrian 0 0 -10 523.50 142.01 555.89 200.07 -10 -10 -10 -100    0 -1000 -1000 -10
232 30 pedestrian 0 0 -10 564.07 176.21 603.79 217.69 -10 -10 -10 -100    0 -1000 -1000 -10
232 31 pedestrian 0 0 -10 290.92 139.25 413.42 246.86 -10 -10 -10 -100    0 -1000 -1000 -10
232 3 pedestrian 0 0 -10 551.44 173.83 590.41 203.65 -10 -10 -10 -100    0 -1000 -1000 -10
233 44 pedestrian 0 0 -10 246.43 180.26 319.43 227.24 -10 -10 -10 -100    0 -1000 -1000 -10
233 39 pedestrian 0 0 -10 407.76 174.98 458.66 217.81 -10 -10 -10 -100    0 -1000 -1000 -10
233 40 pedestrian 0 0 -10 112.11 201.22 387.69 376.00 -10 -10 -10 -100    0 -1000 -1000 -10
233 37 pedestrian 0 0 -10 73.87 185.08 214.47 254.01 -10 -10 -10 -100    0 -1000 -1000 -10
233 46 pedestrian 0 0 -10 57.67 189.26 247.26 292.74 -10 -10 -10 -100    0 -1000 -1000 -10
233 29 pedestrian 0 0 -10 436.88 139.55 522.84 238.58 -10 -10 -10 -100    0 -1000 -1000 -10
233 47 pedestrian 0 0 -10 493.71 161.50 541.49 214.18 -10 -10 -10 -100    0 -1000 -1000 -10
233 38 pedestrian 0 0 -10 523.79 141.49 557.07 199.59 -10 -10 -10 -100    0 -1000 -1000 -10
233 30 pedestrian 0 0 -10 565.09 176.03 604.84 217.58 -10 -10 -10 -100    0 -1000 -1000 -10
233 31 pedestrian 0 0 -10 278.17 136.99 408.09 249.46 -10 -10 -10 -100    0 -1000 -1000 -10
233 3 pedestrian 0 0 -10 550.72 173.23 591.47 202.64 -10 -10 -10 -100    0 -1000 -1000 -10
233 45 pedestrian 0 0 -10 366.52 181.40 431.93 226.75 -10 -10 -10 -100    0 -1000 -1000 -10
234 44 pedestrian 0 0 -10 237.32 179.27 314.70 226.88 -10 -10 -10 -100    0 -1000 -1000 -10
234 39 pedestrian 0 0 -10 405.62 171.56 455.76 218.66 -10 -10 -10 -100    0 -1000 -1000 -10
234 40 pedestrian 0 0 -10 66.25 202.46 375.26 376.00 -10 -10 -10 -100    0 -1000 -1000 -10
234 37 pedestrian 0 0 -10 52.73 185.36 204.51 256.31 -10 -10 -10 -100    0 -1000 -1000 -10
234 46 pedestrian 0 0 -10 19.50 189.58 230.72 300.45 -10 -10 -10 -100    0 -1000 -1000 -10
234 29 pedestrian 0 0 -10 435.17 138.44 522.98 240.16 -10 -10 -10 -100    0 -1000 -1000 -10
234 47 pedestrian 0 0 -10 493.66 160.60 541.63 214.15 -10 -10 -10 -100    0 -1000 -1000 -10
234 38 pedestrian 0 0 -10 524.00 141.03 558.03 199.40 -10 -10 -10 -100    0 -1000 -1000 -10
234 30 pedestrian 0 0 -10 566.30 176.15 605.46 217.18 -10 -10 -10 -100    0 -1000 -1000 -10
234 31 pedestrian 0 0 -10 266.08 134.53 405.51 252.02 -10 -10 -10 -100    0 -1000 -1000 -10
234 3 pedestrian 0 0 -10 549.65 172.49 593.76 202.03 -10 -10 -10 -100    0 -1000 -1000 -10
234 45 pedestrian 0 0 -10 361.63 182.15 429.03 227.90 -10 -10 -10 -100    0 -1000 -1000 -10
235 44 pedestrian 0 0 -10 227.71 179.78 309.66 228.48 -10 -10 -10 -100    0 -1000 -1000 -10
235 39 pedestrian 0 0 -10 401.56 169.82 453.74 220.84 -10 -10 -10 -100    0 -1000 -1000 -10
235 40 pedestrian 0 0 -10 14.55 204.40 361.40 376.00 -10 -10 -10 -100    0 -1000 -1000 -10
235 37 pedestrian 0 0 -10 26.67 187.29 186.37 260.36 -10 -10 -10 -100    0 -1000 -1000 -10
235 46 pedestrian 0 0 -10 0.00 192.36 206.23 312.33 -10 -10 -10 -100    0 -1000 -1000 -10
235 29 pedestrian 0 0 -10 431.43 137.51 522.87 242.50 -10 -10 -10 -100    0 -1000 -1000 -10
235 47 pedestrian 0 0 -10 492.15 160.27 541.76 215.49 -10 -10 -10 -100    0 -1000 -1000 -10
235 38 pedestrian 0 0 -10 524.68 140.89 560.06 199.69 -10 -10 -10 -100    0 -1000 -1000 -10
235 30 pedestrian 0 0 -10 567.47 176.32 606.45 217.44 -10 -10 -10 -100    0 -1000 -1000 -10
235 31 pedestrian 0 0 -10 250.71 132.93 397.85 257.14 -10 -10 -10 -100    0 -1000 -1000 -10
235 3 pedestrian 0 0 -10 549.85 171.85 597.89 202.04 -10 -10 -10 -100    0 -1000 -1000 -10
235 45 pedestrian 0 0 -10 355.70 183.16 425.69 231.43 -10 -10 -10 -100    0 -1000 -1000 -10
236 39 pedestrian 0 0 -10 393.82 166.07 449.74 222.51 -10 -10 -10 -100    0 -1000 -1000 -10
236 40 pedestrian 0 0 -10 0.00 206.23 345.50 376.00 -10 -10 -10 -100    0 -1000 -1000 -10
236 44 pedestrian 0 0 -10 216.40 180.61 305.48 233.32 -10 -10 -10 -100    0 -1000 -1000 -10
236 37 pedestrian 0 0 -10 1.79 188.26 177.47 267.07 -10 -10 -10 -100    0 -1000 -1000 -10
236 46 pedestrian 0 0 -10 0.00 192.55 186.36 321.47 -10 -10 -10 -100    0 -1000 -1000 -10
236 29 pedestrian 0 0 -10 426.45 135.56 522.78 244.32 -10 -10 -10 -100    0 -1000 -1000 -10
236 47 pedestrian 0 0 -10 492.28 161.07 542.26 216.27 -10 -10 -10 -100    0 -1000 -1000 -10
236 38 pedestrian 0 0 -10 524.85 140.29 560.76 200.03 -10 -10 -10 -100    0 -1000 -1000 -10
236 30 pedestrian 0 0 -10 569.15 176.63 607.66 217.48 -10 -10 -10 -100    0 -1000 -1000 -10
236 31 pedestrian 0 0 -10 235.27 131.16 392.43 263.21 -10 -10 -10 -100    0 -1000 -1000 -10
236 3 pedestrian 0 0 -10 551.90 172.06 598.37 202.39 -10 -10 -10 -100    0 -1000 -1000 -10
236 45 pedestrian 0 0 -10 348.95 183.09 420.83 232.10 -10 -10 -10 -100    0 -1000 -1000 -10
237 39 pedestrian 0 0 -10 383.10 169.44 444.57 222.04 -10 -10 -10 -100    0 -1000 -1000 -10
237 40 pedestrian 0 0 -10 0.00 207.15 326.37 376.00 -10 -10 -10 -100    0 -1000 -1000 -10
237 44 pedestrian 0 0 -10 204.61 180.39 299.79 233.71 -10 -10 -10 -100    0 -1000 -1000 -10
237 37 pedestrian 0 0 -10 0.00 189.26 165.43 271.85 -10 -10 -10 -100    0 -1000 -1000 -10
237 46 pedestrian 0 0 -10 0.00 191.30 168.98 335.14 -10 -10 -10 -100    0 -1000 -1000 -10
237 29 pedestrian 0 0 -10 419.70 134.42 522.84 246.81 -10 -10 -10 -100    0 -1000 -1000 -10
237 47 pedestrian 0 0 -10 492.46 159.48 542.68 217.25 -10 -10 -10 -100    0 -1000 -1000 -10
237 38 pedestrian 0 0 -10 525.11 139.95 561.35 200.33 -10 -10 -10 -100    0 -1000 -1000 -10
237 30 pedestrian 0 0 -10 569.77 176.59 608.35 217.42 -10 -10 -10 -100    0 -1000 -1000 -10
237 31 pedestrian 0 0 -10 214.96 130.29 386.18 266.89 -10 -10 -10 -100    0 -1000 -1000 -10
237 3 pedestrian 0 0 -10 552.92 171.89 598.96 201.52 -10 -10 -10 -100    0 -1000 -1000 -10
237 45 pedestrian 0 0 -10 340.84 182.39 417.85 234.30 -10 -10 -10 -100    0 -1000 -1000 -10
238 39 pedestrian 0 0 -10 373.84 173.17 439.32 223.11 -10 -10 -10 -100    0 -1000 -1000 -10
238 40 pedestrian 0 0 -10 0.00 209.04 302.77 376.00 -10 -10 -10 -100    0 -1000 -1000 -10
238 37 pedestrian 0 0 -10 0.00 190.01 143.76 270.68 -10 -10 -10 -100    0 -1000 -1000 -10
238 46 pedestrian 0 0 -10 0.12 191.70 130.54 333.33 -10 -10 -10 -100    0 -1000 -1000 -10
238 29 pedestrian 0 0 -10 416.03 131.80 521.15 249.46 -10 -10 -10 -100    0 -1000 -1000 -10
238 47 pedestrian 0 0 -10 492.99 159.57 543.31 217.85 -10 -10 -10 -100    0 -1000 -1000 -10
238 38 pedestrian 0 0 -10 525.26 139.54 562.62 200.88 -10 -10 -10 -100    0 -1000 -1000 -10
238 30 pedestrian 0 0 -10 570.78 176.70 609.25 217.33 -10 -10 -10 -100    0 -1000 -1000 -10
238 31 pedestrian 0 0 -10 193.39 127.42 378.00 272.64 -10 -10 -10 -100    0 -1000 -1000 -10
238 3 pedestrian 0 0 -10 553.17 171.86 600.62 201.88 -10 -10 -10 -100    0 -1000 -1000 -10
238 45 pedestrian 0 0 -10 330.55 181.90 411.44 237.01 -10 -10 -10 -100    0 -1000 -1000 -10
239 39 pedestrian 0 0 -10 365.37 174.83 430.30 225.00 -10 -10 -10 -100    0 -1000 -1000 -10
239 40 pedestrian 0 0 -10 0.32 213.53 276.56 376.00 -10 -10 -10 -100    0 -1000 -1000 -10
239 37 pedestrian 0 0 -10 0.00 189.13 115.15 280.49 -10 -10 -10 -100    0 -1000 -1000 -10
239 46 pedestrian 0 0 -10 0.00 198.37 96.72 331.90 -10 -10 -10 -100    0 -1000 -1000 -10
239 29 pedestrian 0 0 -10 412.05 131.45 519.14 251.23 -10 -10 -10 -100    0 -1000 -1000 -10
239 47 pedestrian 0 0 -10 492.21 159.00 543.22 217.95 -10 -10 -10 -100    0 -1000 -1000 -10
239 38 pedestrian 0 0 -10 525.35 138.27 563.73 200.99 -10 -10 -10 -100    0 -1000 -1000 -10
239 30 pedestrian 0 0 -10 571.94 176.52 609.90 216.87 -10 -10 -10 -100    0 -1000 -1000 -10
239 31 pedestrian 0 0 -10 171.23 124.62 371.21 278.38 -10 -10 -10 -100    0 -1000 -1000 -10
239 3 pedestrian 0 0 -10 553.59 171.30 600.89 201.11 -10 -10 -10 -100    0 -1000 -1000 -10
239 45 pedestrian 0 0 -10 324.47 182.19 406.98 238.41 -10 -10 -10 -100    0 -1000 -1000 -10
240 39 pedestrian 0 0 -10 359.63 176.02 427.39 226.97 -10 -10 -10 -100    0 -1000 -1000 -10
240 40 pedestrian 0 0 -10 0.00 214.31 241.20 376.00 -10 -10 -10 -100    0 -1000 -1000 -10
240 37 pedestrian 0 0 -10 0.00 189.38 94.62 278.41 -10 -10 -10 -100    0 -1000 -1000 -10
240 29 pedestrian 0 0 -10 405.06 130.12 518.43 253.55 -10 -10 -10 -100    0 -1000 -1000 -10
240 47 pedestrian 0 0 -10 490.81 157.72 543.76 218.78 -10 -10 -10 -100    0 -1000 -1000 -10
240 38 pedestrian 0 0 -10 525.27 137.94 564.14 201.10 -10 -10 -10 -100    0 -1000 -1000 -10
240 30 pedestrian 0 0 -10 572.80 176.42 610.70 216.57 -10 -10 -10 -100    0 -1000 -1000 -10
240 31 pedestrian 0 0 -10 142.19 120.88 361.18 284.19 -10 -10 -10 -100    0 -1000 -1000 -10
240 3 pedestrian 0 0 -10 554.34 170.92 602.41 200.95 -10 -10 -10 -100    0 -1000 -1000 -10
240 45 pedestrian 0 0 -10 314.59 181.72 402.62 240.59 -10 -10 -10 -100    0 -1000 -1000 -10
241 39 pedestrian 0 0 -10 352.06 173.85 425.92 229.12 -10 -10 -10 -100    0 -1000 -1000 -10
241 40 pedestrian 0 0 -10 0.00 217.44 204.69 376.00 -10 -10 -10 -100    0 -1000 -1000 -10
241 29 pedestrian 0 0 -10 399.49 128.50 517.10 254.82 -10 -10 -10 -100    0 -1000 -1000 -10
241 47 pedestrian 0 0 -10 490.62 156.67 544.95 218.66 -10 -10 -10 -100    0 -1000 -1000 -10
241 38 pedestrian 0 0 -10 525.73 136.44 565.67 201.34 -10 -10 -10 -100    0 -1000 -1000 -10
241 30 pedestrian 0 0 -10 573.76 176.14 611.46 215.88 -10 -10 -10 -100    0 -1000 -1000 -10
241 31 pedestrian 0 0 -10 109.38 116.03 350.71 291.33 -10 -10 -10 -100    0 -1000 -1000 -10
241 3 pedestrian 0 0 -10 555.96 170.96 603.20 201.28 -10 -10 -10 -100    0 -1000 -1000 -10
241 45 pedestrian 0 0 -10 304.86 181.30 396.98 241.99 -10 -10 -10 -100    0 -1000 -1000 -10
242 39 pedestrian 0 0 -10 343.05 173.70 423.79 231.76 -10 -10 -10 -100    0 -1000 -1000 -10
242 40 pedestrian 0 0 -10 0.00 225.11 160.28 376.00 -10 -10 -10 -100    0 -1000 -1000 -10
242 29 pedestrian 0 0 -10 395.81 127.97 516.03 257.73 -10 -10 -10 -100    0 -1000 -1000 -10
242 47 pedestrian 0 0 -10 489.06 156.07 544.13 220.26 -10 -10 -10 -100    0 -1000 -1000 -10
242 38 pedestrian 0 0 -10 525.77 136.67 566.44 202.14 -10 -10 -10 -100    0 -1000 -1000 -10
242 30 pedestrian 0 0 -10 574.67 175.89 612.64 216.00 -10 -10 -10 -100    0 -1000 -1000 -10
242 31 pedestrian 0 0 -10 72.69 110.58 340.00 299.94 -10 -10 -10 -100    0 -1000 -1000 -10
242 18 pedestrian 0 0 -10 0.00 189.00 34.13 298.64 -10 -10 -10 -100    0 -1000 -1000 -10
242 3 pedestrian 0 0 -10 558.08 170.97 604.56 202.05 -10 -10 -10 -100    0 -1000 -1000 -10
242 45 pedestrian 0 0 -10 292.60 181.98 390.91 244.67 -10 -10 -10 -100    0 -1000 -1000 -10
243 39 pedestrian 0 0 -10 338.17 173.16 419.95 233.75 -10 -10 -10 -100    0 -1000 -1000 -10
243 29 pedestrian 0 0 -10 387.10 125.61 514.82 260.79 -10 -10 -10 -100    0 -1000 -1000 -10
243 47 pedestrian 0 0 -10 488.68 155.50 545.00 220.63 -10 -10 -10 -100    0 -1000 -1000 -10
243 38 pedestrian 0 0 -10 526.08 136.32 568.01 202.29 -10 -10 -10 -100    0 -1000 -1000 -10
243 30 pedestrian 0 0 -10 575.79 175.87 613.47 215.87 -10 -10 -10 -100    0 -1000 -1000 -10
243 31 pedestrian 0 0 -10 27.51 104.55 326.93 310.74 -10 -10 -10 -100    0 -1000 -1000 -10
243 3 pedestrian 0 0 -10 556.31 170.78 602.18 203.75 -10 -10 -10 -100    0 -1000 -1000 -10
243 45 pedestrian 0 0 -10 280.58 181.91 383.84 247.35 -10 -10 -10 -100    0 -1000 -1000 -10
244 39 pedestrian 0 0 -10 328.73 172.15 413.41 235.27 -10 -10 -10 -100    0 -1000 -1000 -10
244 29 pedestrian 0 0 -10 379.72 125.09 513.32 264.95 -10 -10 -10 -100    0 -1000 -1000 -10
244 47 pedestrian 0 0 -10 486.86 155.61 545.24 221.69 -10 -10 -10 -100    0 -1000 -1000 -10
244 38 pedestrian 0 0 -10 526.52 136.29 569.14 202.51 -10 -10 -10 -100    0 -1000 -1000 -10
244 30 pedestrian 0 0 -10 576.60 176.18 614.43 216.71 -10 -10 -10 -100    0 -1000 -1000 -10
244 31 pedestrian 0 0 -10 0.48 97.87 316.10 327.21 -10 -10 -10 -100    0 -1000 -1000 -10
244 3 pedestrian 0 0 -10 558.05 171.20 603.47 204.22 -10 -10 -10 -100    0 -1000 -1000 -10
244 45 pedestrian 0 0 -10 263.78 183.19 376.11 252.30 -10 -10 -10 -100    0 -1000 -1000 -10
245 39 pedestrian 0 0 -10 317.87 174.76 402.55 237.15 -10 -10 -10 -100    0 -1000 -1000 -10
245 29 pedestrian 0 0 -10 371.64 122.76 511.56 269.41 -10 -10 -10 -100    0 -1000 -1000 -10
245 47 pedestrian 0 0 -10 487.04 154.93 545.53 222.08 -10 -10 -10 -100    0 -1000 -1000 -10
245 38 pedestrian 0 0 -10 527.50 135.41 570.17 202.82 -10 -10 -10 -100    0 -1000 -1000 -10
245 30 pedestrian 0 0 -10 577.56 176.14 615.33 217.03 -10 -10 -10 -100    0 -1000 -1000 -10
245 31 pedestrian 0 0 -10 0.33 90.17 298.17 342.50 -10 -10 -10 -100    0 -1000 -1000 -10
245 3 pedestrian 0 0 -10 559.72 171.54 605.38 204.46 -10 -10 -10 -100    0 -1000 -1000 -10
245 45 pedestrian 0 0 -10 247.45 185.36 367.01 256.61 -10 -10 -10 -100    0 -1000 -1000 -10
246 39 pedestrian 0 0 -10 311.17 181.98 396.37 238.87 -10 -10 -10 -100    0 -1000 -1000 -10
246 29 pedestrian 0 0 -10 362.73 118.49 510.11 273.54 -10 -10 -10 -100    0 -1000 -1000 -10
246 47 pedestrian 0 0 -10 484.64 154.88 546.45 222.94 -10 -10 -10 -100    0 -1000 -1000 -10
246 38 pedestrian 0 0 -10 527.81 134.66 570.66 203.27 -10 -10 -10 -100    0 -1000 -1000 -10
246 30 pedestrian 0 0 -10 578.45 176.38 616.62 216.59 -10 -10 -10 -100    0 -1000 -1000 -10
246 31 pedestrian 0 0 -10 0.00 76.83 280.50 356.71 -10 -10 -10 -100    0 -1000 -1000 -10
246 3 pedestrian 0 0 -10 559.94 171.70 606.99 204.44 -10 -10 -10 -100    0 -1000 -1000 -10
246 45 pedestrian 0 0 -10 231.48 185.24 358.61 261.37 -10 -10 -10 -100    0 -1000 -1000 -10
247 39 pedestrian 0 0 -10 305.81 181.86 391.22 240.67 -10 -10 -10 -100    0 -1000 -1000 -10
247 29 pedestrian 0 0 -10 350.56 113.44 508.37 277.03 -10 -10 -10 -100    0 -1000 -1000 -10
247 47 pedestrian 0 0 -10 483.25 154.19 545.81 223.31 -10 -10 -10 -100    0 -1000 -1000 -10
247 38 pedestrian 0 0 -10 528.06 133.98 571.45 203.23 -10 -10 -10 -100    0 -1000 -1000 -10
247 30 pedestrian 0 0 -10 579.63 175.93 617.56 216.16 -10 -10 -10 -100    0 -1000 -1000 -10
247 31 pedestrian 0 0 -10 0.00 70.31 260.12 370.25 -10 -10 -10 -100    0 -1000 -1000 -10
247 3 pedestrian 0 0 -10 560.88 170.97 608.63 203.74 -10 -10 -10 -100    0 -1000 -1000 -10
247 45 pedestrian 0 0 -10 210.53 184.93 348.77 266.45 -10 -10 -10 -100    0 -1000 -1000 -10
248 39 pedestrian 0 0 -10 303.43 182.24 383.34 241.55 -10 -10 -10 -100    0 -1000 -1000 -10
248 29 pedestrian 0 0 -10 342.53 110.45 506.23 282.52 -10 -10 -10 -100    0 -1000 -1000 -10
248 47 pedestrian 0 0 -10 480.82 153.39 545.59 225.54 -10 -10 -10 -100    0 -1000 -1000 -10
248 38 pedestrian 0 0 -10 527.90 133.45 571.72 203.82 -10 -10 -10 -100    0 -1000 -1000 -10
248 30 pedestrian 0 0 -10 580.38 176.16 618.51 216.55 -10 -10 -10 -100    0 -1000 -1000 -10
248 31 pedestrian 0 0 -10 0.08 68.12 236.57 376.00 -10 -10 -10 -100    0 -1000 -1000 -10
248 3 pedestrian 0 0 -10 562.64 172.18 606.62 204.43 -10 -10 -10 -100    0 -1000 -1000 -10
248 45 pedestrian 0 0 -10 186.25 186.07 336.82 271.79 -10 -10 -10 -100    0 -1000 -1000 -10
249 39 pedestrian 0 0 -10 291.72 185.93 373.39 245.60 -10 -10 -10 -100    0 -1000 -1000 -10
249 44 pedestrian 0 0 -10 175.10 184.99 249.09 239.67 -10 -10 -10 -100    0 -1000 -1000 -10
249 29 pedestrian 0 0 -10 326.79 105.23 503.85 287.83 -10 -10 -10 -100    0 -1000 -1000 -10
249 47 pedestrian 0 0 -10 480.09 151.41 546.15 226.08 -10 -10 -10 -100    0 -1000 -1000 -10
249 38 pedestrian 0 0 -10 527.61 134.03 572.44 203.86 -10 -10 -10 -100    0 -1000 -1000 -10
249 30 pedestrian 0 0 -10 580.89 175.42 619.21 216.11 -10 -10 -10 -100    0 -1000 -1000 -10
249 31 pedestrian 0 0 -10 0.00 63.68 207.46 376.00 -10 -10 -10 -100    0 -1000 -1000 -10
249 3 pedestrian 0 0 -10 560.78 170.74 609.74 203.35 -10 -10 -10 -100    0 -1000 -1000 -10
249 45 pedestrian 0 0 -10 157.83 186.55 323.81 278.05 -10 -10 -10 -100    0 -1000 -1000 -10
250 39 pedestrian 0 0 -10 301.92 184.96 363.31 248.31 -10 -10 -10 -100    0 -1000 -1000 -10
250 44 pedestrian 0 0 -10 157.82 186.95 236.71 241.81 -10 -10 -10 -100    0 -1000 -1000 -10
250 29 pedestrian 0 0 -10 311.61 100.53 500.13 294.36 -10 -10 -10 -100    0 -1000 -1000 -10
250 47 pedestrian 0 0 -10 478.30 149.96 545.71 226.68 -10 -10 -10 -100    0 -1000 -1000 -10
250 38 pedestrian 0 0 -10 527.05 131.12 573.09 203.70 -10 -10 -10 -100    0 -1000 -1000 -10
250 30 pedestrian 0 0 -10 581.41 174.64 619.59 215.71 -10 -10 -10 -100    0 -1000 -1000 -10
250 31 pedestrian 0 0 -10 0.08 62.57 174.85 376.00 -10 -10 -10 -100    0 -1000 -1000 -10
250 3 pedestrian 0 0 -10 561.51 169.86 610.22 202.58 -10 -10 -10 -100    0 -1000 -1000 -10
250 45 pedestrian 0 0 -10 128.59 186.13 311.14 284.54 -10 -10 -10 -100    0 -1000 -1000 -10
251 48 pedestrian 0 0 -10 512.96 187.65 553.39 215.66 -10 -10 -10 -100    0 -1000 -1000 -10
251 39 pedestrian 0 0 -10 288.02 190.33 355.72 252.81 -10 -10 -10 -100    0 -1000 -1000 -10
251 44 pedestrian 0 0 -10 126.92 191.34 211.56 243.72 -10 -10 -10 -100    0 -1000 -1000 -10
251 29 pedestrian 0 0 -10 295.92 96.94 497.09 300.86 -10 -10 -10 -100    0 -1000 -1000 -10
251 47 pedestrian 0 0 -10 474.65 148.68 545.18 227.34 -10 -10 -10 -100    0 -1000 -1000 -10
251 38 pedestrian 0 0 -10 527.68 129.20 574.08 203.64 -10 -10 -10 -100    0 -1000 -1000 -10
251 30 pedestrian 0 0 -10 582.20 174.58 620.07 215.18 -10 -10 -10 -100    0 -1000 -1000 -10
251 31 pedestrian 0 0 -10 0.07 65.12 134.33 373.00 -10 -10 -10 -100    0 -1000 -1000 -10
251 3 pedestrian 0 0 -10 562.86 170.32 611.35 204.07 -10 -10 -10 -100    0 -1000 -1000 -10
251 45 pedestrian 0 0 -10 92.01 186.57 294.88 294.03 -10 -10 -10 -100    0 -1000 -1000 -10
252 48 pedestrian 0 0 -10 512.37 186.22 553.38 215.74 -10 -10 -10 -100    0 -1000 -1000 -10
252 39 pedestrian 0 0 -10 270.87 189.07 337.87 257.59 -10 -10 -10 -100    0 -1000 -1000 -10
252 29 pedestrian 0 0 -10 274.36 92.06 492.93 308.00 -10 -10 -10 -100    0 -1000 -1000 -10
252 47 pedestrian 0 0 -10 470.54 146.72 545.13 228.49 -10 -10 -10 -100    0 -1000 -1000 -10
252 38 pedestrian 0 0 -10 526.18 128.65 573.83 204.09 -10 -10 -10 -100    0 -1000 -1000 -10
252 30 pedestrian 0 0 -10 582.36 174.46 620.30 214.93 -10 -10 -10 -100    0 -1000 -1000 -10
252 31 pedestrian 0 0 -10 0.00 66.70 87.89 366.32 -10 -10 -10 -100    0 -1000 -1000 -10
252 3 pedestrian 0 0 -10 562.50 170.16 612.91 203.55 -10 -10 -10 -100    0 -1000 -1000 -10
252 45 pedestrian 0 0 -10 54.89 186.34 276.05 301.82 -10 -10 -10 -100    0 -1000 -1000 -10
253 48 pedestrian 0 0 -10 509.35 185.10 551.03 216.45 -10 -10 -10 -100    0 -1000 -1000 -10
253 39 pedestrian 0 0 -10 249.82 189.03 315.10 261.67 -10 -10 -10 -100    0 -1000 -1000 -10
253 29 pedestrian 0 0 -10 252.44 86.28 487.57 317.90 -10 -10 -10 -100    0 -1000 -1000 -10
253 47 pedestrian 0 0 -10 468.16 147.34 543.28 229.38 -10 -10 -10 -100    0 -1000 -1000 -10
253 38 pedestrian 0 0 -10 525.32 128.05 573.80 204.97 -10 -10 -10 -100    0 -1000 -1000 -10
253 30 pedestrian 0 0 -10 582.25 174.24 620.24 214.76 -10 -10 -10 -100    0 -1000 -1000 -10
253 3 pedestrian 0 0 -10 562.01 169.98 613.45 203.70 -10 -10 -10 -100    0 -1000 -1000 -10
253 45 pedestrian 0 0 -10 5.48 186.99 256.58 311.74 -10 -10 -10 -100    0 -1000 -1000 -10
254 48 pedestrian 0 0 -10 506.99 184.84 548.78 217.26 -10 -10 -10 -100    0 -1000 -1000 -10
254 29 pedestrian 0 0 -10 224.42 79.16 482.94 329.28 -10 -10 -10 -100    0 -1000 -1000 -10
254 47 pedestrian 0 0 -10 463.25 146.41 541.94 231.07 -10 -10 -10 -100    0 -1000 -1000 -10
254 38 pedestrian 0 0 -10 523.74 127.05 573.57 205.77 -10 -10 -10 -100    0 -1000 -1000 -10
254 30 pedestrian 0 0 -10 581.96 174.26 620.19 214.88 -10 -10 -10 -100    0 -1000 -1000 -10
254 3 pedestrian 0 0 -10 561.44 170.08 613.28 203.87 -10 -10 -10 -100    0 -1000 -1000 -10
254 45 pedestrian 0 0 -10 0.00 189.06 230.83 325.12 -10 -10 -10 -100    0 -1000 -1000 -10
255 50 pedestrian 0 0 -10 53.20 184.82 214.82 263.97 -10 -10 -10 -100    0 -1000 -1000 -10
255 48 pedestrian 0 0 -10 502.80 184.68 547.43 219.48 -10 -10 -10 -100    0 -1000 -1000 -10
255 29 pedestrian 0 0 -10 191.66 71.87 475.81 342.89 -10 -10 -10 -100    0 -1000 -1000 -10
255 47 pedestrian 0 0 -10 459.08 145.51 539.90 233.20 -10 -10 -10 -100    0 -1000 -1000 -10
255 38 pedestrian 0 0 -10 522.49 126.62 572.88 206.98 -10 -10 -10 -100    0 -1000 -1000 -10
255 30 pedestrian 0 0 -10 581.92 174.73 620.30 215.51 -10 -10 -10 -100    0 -1000 -1000 -10
255 3 pedestrian 0 0 -10 561.34 170.56 613.92 204.73 -10 -10 -10 -100    0 -1000 -1000 -10
255 45 pedestrian 0 0 -10 0.00 188.85 202.75 339.47 -10 -10 -10 -100    0 -1000 -1000 -10
256 50 pedestrian 0 0 -10 19.97 185.47 199.59 271.48 -10 -10 -10 -100    0 -1000 -1000 -10
256 48 pedestrian 0 0 -10 500.66 185.03 546.45 221.12 -10 -10 -10 -100    0 -1000 -1000 -10
256 29 pedestrian 0 0 -10 152.56 61.99 470.40 358.92 -10 -10 -10 -100    0 -1000 -1000 -10
256 47 pedestrian 0 0 -10 453.98 145.91 537.26 234.82 -10 -10 -10 -100    0 -1000 -1000 -10
256 38 pedestrian 0 0 -10 521.67 126.31 572.55 207.87 -10 -10 -10 -100    0 -1000 -1000 -10
256 30 pedestrian 0 0 -10 581.46 174.75 620.43 215.99 -10 -10 -10 -100    0 -1000 -1000 -10
256 3 pedestrian 0 0 -10 560.63 170.90 613.65 205.02 -10 -10 -10 -100    0 -1000 -1000 -10
256 45 pedestrian 0 0 -10 0.00 188.93 170.79 356.67 -10 -10 -10 -100    0 -1000 -1000 -10
257 48 pedestrian 0 0 -10 499.25 185.94 545.30 222.82 -10 -10 -10 -100    0 -1000 -1000 -10
257 29 pedestrian 0 0 -10 107.85 50.95 463.41 376.00 -10 -10 -10 -100    0 -1000 -1000 -10
257 47 pedestrian 0 0 -10 449.29 145.17 535.40 237.11 -10 -10 -10 -100    0 -1000 -1000 -10
257 38 pedestrian 0 0 -10 519.55 126.11 572.34 209.47 -10 -10 -10 -100    0 -1000 -1000 -10
257 30 pedestrian 0 0 -10 581.14 174.99 620.44 216.71 -10 -10 -10 -100    0 -1000 -1000 -10
257 50 pedestrian 0 0 -10 0.00 187.68 166.03 277.30 -10 -10 -10 -100    0 -1000 -1000 -10
257 3 pedestrian 0 0 -10 560.10 171.07 613.47 205.21 -10 -10 -10 -100    0 -1000 -1000 -10
257 45 pedestrian 0 0 -10 0.12 193.70 130.69 359.98 -10 -10 -10 -100    0 -1000 -1000 -10
258 48 pedestrian 0 0 -10 499.43 188.67 543.78 222.82 -10 -10 -10 -100    0 -1000 -1000 -10
258 29 pedestrian 0 0 -10 51.21 35.80 457.44 376.00 -10 -10 -10 -100    0 -1000 -1000 -10
258 47 pedestrian 0 0 -10 447.32 144.57 534.54 239.33 -10 -10 -10 -100    0 -1000 -1000 -10
258 38 pedestrian 0 0 -10 517.72 125.55 572.01 210.11 -10 -10 -10 -100    0 -1000 -1000 -10
258 30 pedestrian 0 0 -10 580.88 175.23 620.44 217.13 -10 -10 -10 -100    0 -1000 -1000 -10
258 50 pedestrian 0 0 -10 0.00 191.03 127.80 283.40 -10 -10 -10 -100    0 -1000 -1000 -10
258 3 pedestrian 0 0 -10 560.41 171.28 613.70 205.50 -10 -10 -10 -100    0 -1000 -1000 -10
258 45 pedestrian 0 0 -10 0.00 197.99 84.77 364.16 -10 -10 -10 -100    0 -1000 -1000 -10
259 48 pedestrian 0 0 -10 498.44 187.91 542.71 223.56 -10 -10 -10 -100    0 -1000 -1000 -10
259 29 pedestrian 0 0 -10 0.01 16.46 445.93 376.00 -10 -10 -10 -100    0 -1000 -1000 -10
259 47 pedestrian 0 0 -10 441.35 142.17 532.41 241.36 -10 -10 -10 -100    0 -1000 -1000 -10
259 38 pedestrian 0 0 -10 516.46 125.52 571.71 210.99 -10 -10 -10 -100    0 -1000 -1000 -10
259 30 pedestrian 0 0 -10 580.67 175.31 620.43 217.59 -10 -10 -10 -100    0 -1000 -1000 -10
259 3 pedestrian 0 0 -10 560.28 171.30 614.06 205.32 -10 -10 -10 -100    0 -1000 -1000 -10
260 48 pedestrian 0 0 -10 496.98 187.08 541.61 223.97 -10 -10 -10 -100    0 -1000 -1000 -10
260 29 pedestrian 0 0 -10 0.00 0.00 436.06 376.00 -10 -10 -10 -100    0 -1000 -1000 -10
260 47 pedestrian 0 0 -10 434.20 140.85 530.96 243.59 -10 -10 -10 -100    0 -1000 -1000 -10
260 38 pedestrian 0 0 -10 514.82 124.13 570.44 210.81 -10 -10 -10 -100    0 -1000 -1000 -10
260 30 pedestrian 0 0 -10 580.40 175.09 620.38 217.60 -10 -10 -10 -100    0 -1000 -1000 -10
260 3 pedestrian 0 0 -10 560.42 171.09 614.75 204.53 -10 -10 -10 -100    0 -1000 -1000 -10
261 29 pedestrian 0 0 -10 0.00 0.00 425.24 376.00 -10 -10 -10 -100    0 -1000 -1000 -10
261 47 pedestrian 0 0 -10 426.95 141.03 527.58 246.77 -10 -10 -10 -100    0 -1000 -1000 -10
261 38 pedestrian 0 0 -10 512.85 121.86 570.25 211.52 -10 -10 -10 -100    0 -1000 -1000 -10
261 30 pedestrian 0 0 -10 580.06 175.20 620.43 218.07 -10 -10 -10 -100    0 -1000 -1000 -10
261 48 pedestrian 0 0 -10 493.12 185.35 539.41 226.03 -10 -10 -10 -100    0 -1000 -1000 -10
261 3 pedestrian 0 0 -10 560.12 171.13 614.94 204.62 -10 -10 -10 -100    0 -1000 -1000 -10
262 29 pedestrian 0 0 -10 0.00 0.00 414.23 376.00 -10 -10 -10 -100    0 -1000 -1000 -10
262 47 pedestrian 0 0 -10 419.90 139.32 526.30 249.59 -10 -10 -10 -100    0 -1000 -1000 -10
262 38 pedestrian 0 0 -10 510.52 120.88 569.50 212.54 -10 -10 -10 -100    0 -1000 -1000 -10
262 30 pedestrian 0 0 -10 579.50 175.30 620.25 218.38 -10 -10 -10 -100    0 -1000 -1000 -10
262 48 pedestrian 0 0 -10 491.64 185.27 537.62 225.88 -10 -10 -10 -100    0 -1000 -1000 -10
262 3 pedestrian 0 0 -10 560.78 171.51 612.72 203.36 -10 -10 -10 -100    0 -1000 -1000 -10
262 51 pedestrian 0 0 -10 390.22 165.24 461.58 222.92 -10 -10 -10 -100    0 -1000 -1000 -10
263 29 pedestrian 0 0 -10 0.00 0.00 402.28 376.00 -10 -10 -10 -100    0 -1000 -1000 -10
263 47 pedestrian 0 0 -10 412.10 138.19 523.30 252.02 -10 -10 -10 -100    0 -1000 -1000 -10
263 38 pedestrian 0 0 -10 508.68 119.57 568.37 213.07 -10 -10 -10 -100    0 -1000 -1000 -10
263 52 pedestrian 0 0 -10 328.14 180.43 405.92 237.82 -10 -10 -10 -100    0 -1000 -1000 -10
263 30 pedestrian 0 0 -10 579.16 175.13 620.18 218.41 -10 -10 -10 -100    0 -1000 -1000 -10
263 48 pedestrian 0 0 -10 489.09 186.44 535.59 227.31 -10 -10 -10 -100    0 -1000 -1000 -10
263 3 pedestrian 0 0 -10 558.45 171.20 612.51 202.84 -10 -10 -10 -100    0 -1000 -1000 -10
263 51 pedestrian 0 0 -10 382.78 165.03 459.60 224.70 -10 -10 -10 -100    0 -1000 -1000 -10
264 29 pedestrian 0 0 -10 0.00 0.00 386.43 376.00 -10 -10 -10 -100    0 -1000 -1000 -10
264 47 pedestrian 0 0 -10 404.92 137.06 517.91 253.37 -10 -10 -10 -100    0 -1000 -1000 -10
264 38 pedestrian 0 0 -10 506.15 118.48 569.23 213.61 -10 -10 -10 -100    0 -1000 -1000 -10
264 52 pedestrian 0 0 -10 310.74 180.34 395.60 240.65 -10 -10 -10 -100    0 -1000 -1000 -10
264 30 pedestrian 0 0 -10 578.41 174.95 620.19 218.76 -10 -10 -10 -100    0 -1000 -1000 -10
264 48 pedestrian 0 0 -10 481.80 186.37 532.77 229.78 -10 -10 -10 -100    0 -1000 -1000 -10
264 3 pedestrian 0 0 -10 557.73 171.27 612.94 202.52 -10 -10 -10 -100    0 -1000 -1000 -10
264 51 pedestrian 0 0 -10 374.07 165.26 454.70 225.11 -10 -10 -10 -100    0 -1000 -1000 -10
265 29 pedestrian 0 0 -10 0.00 0.00 364.78 376.00 -10 -10 -10 -100    0 -1000 -1000 -10
265 47 pedestrian 0 0 -10 397.18 135.52 515.79 257.36 -10 -10 -10 -100    0 -1000 -1000 -10
265 38 pedestrian 0 0 -10 504.83 118.28 568.90 214.38 -10 -10 -10 -100    0 -1000 -1000 -10
265 52 pedestrian 0 0 -10 296.85 180.66 386.57 243.08 -10 -10 -10 -100    0 -1000 -1000 -10
265 30 pedestrian 0 0 -10 577.85 175.30 620.13 219.20 -10 -10 -10 -100    0 -1000 -1000 -10
265 48 pedestrian 0 0 -10 473.77 185.90 530.02 230.72 -10 -10 -10 -100    0 -1000 -1000 -10
265 3 pedestrian 0 0 -10 554.45 171.22 615.16 203.80 -10 -10 -10 -100    0 -1000 -1000 -10
265 51 pedestrian 0 0 -10 365.84 163.09 451.39 228.09 -10 -10 -10 -100    0 -1000 -1000 -10
266 29 pedestrian 0 0 -10 0.00 0.00 339.41 376.00 -10 -10 -10 -100    0 -1000 -1000 -10
266 47 pedestrian 0 0 -10 389.24 133.92 515.35 263.14 -10 -10 -10 -100    0 -1000 -1000 -10
266 38 pedestrian 0 0 -10 502.22 116.75 567.69 214.57 -10 -10 -10 -100    0 -1000 -1000 -10
266 52 pedestrian 0 0 -10 277.53 180.78 377.12 247.78 -10 -10 -10 -100    0 -1000 -1000 -10
266 30 pedestrian 0 0 -10 577.54 176.08 620.15 220.18 -10 -10 -10 -100    0 -1000 -1000 -10
266 48 pedestrian 0 0 -10 463.37 184.83 526.22 233.63 -10 -10 -10 -100    0 -1000 -1000 -10
266 3 pedestrian 0 0 -10 551.75 171.24 616.11 204.49 -10 -10 -10 -100    0 -1000 -1000 -10
266 51 pedestrian 0 0 -10 356.48 164.10 446.89 228.63 -10 -10 -10 -100    0 -1000 -1000 -10
267 53 pedestrian 0 0 -10 238.21 181.95 318.04 232.30 -10 -10 -10 -100    0 -1000 -1000 -10
267 29 pedestrian 0 0 -10 0.87 0.00 306.09 376.00 -10 -10 -10 -100    0 -1000 -1000 -10
267 47 pedestrian 0 0 -10 378.06 132.95 510.70 267.66 -10 -10 -10 -100    0 -1000 -1000 -10
267 38 pedestrian 0 0 -10 499.50 116.32 566.90 215.90 -10 -10 -10 -100    0 -1000 -1000 -10
267 52 pedestrian 0 0 -10 261.04 180.93 366.72 251.13 -10 -10 -10 -100    0 -1000 -1000 -10
267 30 pedestrian 0 0 -10 577.18 176.41 620.26 221.16 -10 -10 -10 -100    0 -1000 -1000 -10
267 48 pedestrian 0 0 -10 455.26 186.31 523.25 237.60 -10 -10 -10 -100    0 -1000 -1000 -10
267 3 pedestrian 0 0 -10 549.62 171.28 615.60 204.66 -10 -10 -10 -100    0 -1000 -1000 -10
267 51 pedestrian 0 0 -10 347.68 164.23 441.92 232.24 -10 -10 -10 -100    0 -1000 -1000 -10
268 53 pedestrian 0 0 -10 224.39 181.32 310.49 233.94 -10 -10 -10 -100    0 -1000 -1000 -10
268 29 pedestrian 0 0 -10 0.00 0.00 279.81 376.00 -10 -10 -10 -100    0 -1000 -1000 -10
268 47 pedestrian 0 0 -10 364.79 129.74 506.64 272.54 -10 -10 -10 -100    0 -1000 -1000 -10
268 38 pedestrian 0 0 -10 496.78 115.50 566.03 216.32 -10 -10 -10 -100    0 -1000 -1000 -10
268 52 pedestrian 0 0 -10 244.29 182.34 355.22 255.76 -10 -10 -10 -100    0 -1000 -1000 -10
268 30 pedestrian 0 0 -10 576.45 176.73 619.85 221.78 -10 -10 -10 -100    0 -1000 -1000 -10
268 48 pedestrian 0 0 -10 449.77 188.04 521.49 241.40 -10 -10 -10 -100    0 -1000 -1000 -10
268 3 pedestrian 0 0 -10 548.34 171.32 616.19 205.09 -10 -10 -10 -100    0 -1000 -1000 -10
268 51 pedestrian 0 0 -10 338.80 163.55 434.40 235.27 -10 -10 -10 -100    0 -1000 -1000 -10
269 53 pedestrian 0 0 -10 209.88 180.57 301.12 235.16 -10 -10 -10 -100    0 -1000 -1000 -10
269 29 pedestrian 0 0 -10 0.32 0.00 235.77 376.00 -10 -10 -10 -100    0 -1000 -1000 -10
269 47 pedestrian 0 0 -10 352.59 127.03 502.69 277.40 -10 -10 -10 -100    0 -1000 -1000 -10
269 38 pedestrian 0 0 -10 494.03 112.74 564.58 215.97 -10 -10 -10 -100    0 -1000 -1000 -10
269 52 pedestrian 0 0 -10 222.82 182.09 343.95 260.56 -10 -10 -10 -100    0 -1000 -1000 -10
269 30 pedestrian 0 0 -10 576.28 176.39 619.97 221.66 -10 -10 -10 -100    0 -1000 -1000 -10
269 48 pedestrian 0 0 -10 443.88 186.93 518.16 243.57 -10 -10 -10 -100    0 -1000 -1000 -10
269 3 pedestrian 0 0 -10 547.00 170.98 615.32 204.72 -10 -10 -10 -100    0 -1000 -1000 -10
269 51 pedestrian 0 0 -10 325.87 162.10 432.44 237.94 -10 -10 -10 -100    0 -1000 -1000 -10
270 40 pedestrian 0 0 -10 0.00 179.93 182.48 343.46 -10 -10 -10 -100    0 -1000 -1000 -10
270 53 pedestrian 0 0 -10 202.42 180.21 297.06 237.09 -10 -10 -10 -100    0 -1000 -1000 -10
270 29 pedestrian 0 0 -10 0.00 0.00 180.12 376.00 -10 -10 -10 -100    0 -1000 -1000 -10
270 47 pedestrian 0 0 -10 338.50 122.34 499.78 283.78 -10 -10 -10 -100    0 -1000 -1000 -10
270 38 pedestrian 0 0 -10 491.44 110.61 564.09 216.44 -10 -10 -10 -100    0 -1000 -1000 -10
270 52 pedestrian 0 0 -10 198.78 183.61 331.51 266.44 -10 -10 -10 -100    0 -1000 -1000 -10
270 30 pedestrian 0 0 -10 575.76 175.90 620.01 221.58 -10 -10 -10 -100    0 -1000 -1000 -10
270 48 pedestrian 0 0 -10 435.84 186.73 515.84 245.57 -10 -10 -10 -100    0 -1000 -1000 -10
270 3 pedestrian 0 0 -10 546.33 170.97 614.84 204.22 -10 -10 -10 -100    0 -1000 -1000 -10
270 51 pedestrian 0 0 -10 313.14 162.07 423.27 239.85 -10 -10 -10 -100    0 -1000 -1000 -10
271 40 pedestrian 0 0 -10 0.01 178.29 146.49 352.35 -10 -10 -10 -100    0 -1000 -1000 -10
271 53 pedestrian 0 0 -10 183.45 180.26 286.96 239.78 -10 -10 -10 -100    0 -1000 -1000 -10
271 47 pedestrian 0 0 -10 322.34 121.81 494.82 290.51 -10 -10 -10 -100    0 -1000 -1000 -10
271 38 pedestrian 0 0 -10 488.85 108.66 563.60 218.38 -10 -10 -10 -100    0 -1000 -1000 -10
271 52 pedestrian 0 0 -10 172.01 184.15 317.54 272.12 -10 -10 -10 -100    0 -1000 -1000 -10
271 30 pedestrian 0 0 -10 575.39 176.34 619.93 222.30 -10 -10 -10 -100    0 -1000 -1000 -10
271 48 pedestrian 0 0 -10 429.81 186.62 511.84 247.97 -10 -10 -10 -100    0 -1000 -1000 -10
271 3 pedestrian 0 0 -10 545.16 171.64 615.17 204.89 -10 -10 -10 -100    0 -1000 -1000 -10
271 51 pedestrian 0 0 -10 300.57 161.37 415.96 242.64 -10 -10 -10 -100    0 -1000 -1000 -10
272 40 pedestrian 0 0 -10 0.00 180.82 106.55 348.04 -10 -10 -10 -100    0 -1000 -1000 -10
272 53 pedestrian 0 0 -10 168.92 180.13 278.89 242.64 -10 -10 -10 -100    0 -1000 -1000 -10
272 47 pedestrian 0 0 -10 308.84 120.82 492.73 297.60 -10 -10 -10 -100    0 -1000 -1000 -10
272 38 pedestrian 0 0 -10 485.11 107.63 563.27 219.39 -10 -10 -10 -100    0 -1000 -1000 -10
272 52 pedestrian 0 0 -10 143.63 184.32 300.21 279.15 -10 -10 -10 -100    0 -1000 -1000 -10
272 30 pedestrian 0 0 -10 574.98 176.54 619.72 223.47 -10 -10 -10 -100    0 -1000 -1000 -10
272 48 pedestrian 0 0 -10 422.13 186.90 508.45 251.46 -10 -10 -10 -100    0 -1000 -1000 -10
272 3 pedestrian 0 0 -10 545.02 172.19 615.36 205.22 -10 -10 -10 -100    0 -1000 -1000 -10
272 51 pedestrian 0 0 -10 288.21 161.89 411.18 246.37 -10 -10 -10 -100    0 -1000 -1000 -10
273 53 pedestrian 0 0 -10 151.68 180.26 270.36 245.46 -10 -10 -10 -100    0 -1000 -1000 -10
273 47 pedestrian 0 0 -10 287.57 115.22 484.66 305.00 -10 -10 -10 -100    0 -1000 -1000 -10
273 38 pedestrian 0 0 -10 480.72 105.74 561.38 221.74 -10 -10 -10 -100    0 -1000 -1000 -10
273 52 pedestrian 0 0 -10 108.78 183.20 281.65 286.62 -10 -10 -10 -100    0 -1000 -1000 -10
273 30 pedestrian 0 0 -10 574.64 176.31 619.69 223.62 -10 -10 -10 -100    0 -1000 -1000 -10
273 48 pedestrian 0 0 -10 413.88 185.69 506.15 255.03 -10 -10 -10 -100    0 -1000 -1000 -10
273 40 pedestrian 0 0 -10 0.11 179.93 56.62 355.34 -10 -10 -10 -100    0 -1000 -1000 -10
273 3 pedestrian 0 0 -10 544.70 172.26 614.81 205.15 -10 -10 -10 -100    0 -1000 -1000 -10
273 51 pedestrian 0 0 -10 273.05 158.88 400.85 249.47 -10 -10 -10 -100    0 -1000 -1000 -10
274 53 pedestrian 0 0 -10 144.91 180.02 260.90 245.85 -10 -10 -10 -100    0 -1000 -1000 -10
274 47 pedestrian 0 0 -10 266.11 110.45 475.86 312.30 -10 -10 -10 -100    0 -1000 -1000 -10
274 38 pedestrian 0 0 -10 477.38 101.91 560.30 222.32 -10 -10 -10 -100    0 -1000 -1000 -10
274 52 pedestrian 0 0 -10 69.64 183.21 263.00 294.33 -10 -10 -10 -100    0 -1000 -1000 -10
274 30 pedestrian 0 0 -10 574.00 175.58 619.88 223.46 -10 -10 -10 -100    0 -1000 -1000 -10
274 48 pedestrian 0 0 -10 406.02 186.03 501.41 257.96 -10 -10 -10 -100    0 -1000 -1000 -10
274 3 pedestrian 0 0 -10 544.19 171.96 613.80 204.81 -10 -10 -10 -100    0 -1000 -1000 -10
274 51 pedestrian 0 0 -10 255.89 156.81 392.02 249.56 -10 -10 -10 -100    0 -1000 -1000 -10
275 53 pedestrian 0 0 -10 126.38 179.55 251.91 248.27 -10 -10 -10 -100    0 -1000 -1000 -10
275 47 pedestrian 0 0 -10 242.56 102.37 472.62 322.80 -10 -10 -10 -100    0 -1000 -1000 -10
275 38 pedestrian 0 0 -10 474.78 100.15 559.89 222.74 -10 -10 -10 -100    0 -1000 -1000 -10
275 52 pedestrian 0 0 -10 22.96 183.90 238.52 303.19 -10 -10 -10 -100    0 -1000 -1000 -10
275 30 pedestrian 0 0 -10 573.45 174.89 619.97 223.25 -10 -10 -10 -100    0 -1000 -1000 -10
275 48 pedestrian 0 0 -10 399.37 186.41 498.27 260.53 -10 -10 -10 -100    0 -1000 -1000 -10
275 3 pedestrian 0 0 -10 544.76 171.83 613.45 204.57 -10 -10 -10 -100    0 -1000 -1000 -10
276 53 pedestrian 0 0 -10 106.22 179.57 238.92 248.82 -10 -10 -10 -100    0 -1000 -1000 -10
276 47 pedestrian 0 0 -10 213.65 95.39 465.30 334.04 -10 -10 -10 -100    0 -1000 -1000 -10
276 38 pedestrian 0 0 -10 472.21 97.89 559.09 222.67 -10 -10 -10 -100    0 -1000 -1000 -10
276 52 pedestrian 0 0 -10 0.00 184.07 213.52 315.43 -10 -10 -10 -100    0 -1000 -1000 -10
276 30 pedestrian 0 0 -10 573.34 174.08 620.11 222.93 -10 -10 -10 -100    0 -1000 -1000 -10
276 48 pedestrian 0 0 -10 386.41 185.16 494.28 264.37 -10 -10 -10 -100    0 -1000 -1000 -10
276 3 pedestrian 0 0 -10 547.54 171.96 613.05 203.79 -10 -10 -10 -100    0 -1000 -1000 -10
277 53 pedestrian 0 0 -10 87.30 179.42 225.92 253.31 -10 -10 -10 -100    0 -1000 -1000 -10
277 47 pedestrian 0 0 -10 179.25 87.86 460.55 345.72 -10 -10 -10 -100    0 -1000 -1000 -10
277 38 pedestrian 0 0 -10 468.55 95.10 559.22 223.51 -10 -10 -10 -100    0 -1000 -1000 -10
277 52 pedestrian 0 0 -10 0.00 183.71 185.94 329.59 -10 -10 -10 -100    0 -1000 -1000 -10
277 30 pedestrian 0 0 -10 573.09 173.30 620.37 222.54 -10 -10 -10 -100    0 -1000 -1000 -10
277 48 pedestrian 0 0 -10 380.45 185.19 489.89 267.19 -10 -10 -10 -100    0 -1000 -1000 -10
277 3 pedestrian 0 0 -10 546.08 171.12 613.28 203.86 -10 -10 -10 -100    0 -1000 -1000 -10
278 53 pedestrian 0 0 -10 62.05 180.26 197.72 253.88 -10 -10 -10 -100    0 -1000 -1000 -10
278 47 pedestrian 0 0 -10 135.58 81.61 454.00 361.61 -10 -10 -10 -100    0 -1000 -1000 -10
278 38 pedestrian 0 0 -10 464.06 91.75 558.78 224.96 -10 -10 -10 -100    0 -1000 -1000 -10
278 52 pedestrian 0 0 -10 0.00 184.18 152.83 340.64 -10 -10 -10 -100    0 -1000 -1000 -10
278 30 pedestrian 0 0 -10 572.80 172.30 620.54 222.65 -10 -10 -10 -100    0 -1000 -1000 -10
278 48 pedestrian 0 0 -10 368.66 186.01 484.85 271.54 -10 -10 -10 -100    0 -1000 -1000 -10
278 3 pedestrian 0 0 -10 546.63 170.09 613.42 202.19 -10 -10 -10 -100    0 -1000 -1000 -10
279 53 pedestrian 0 0 -10 34.93 181.84 187.34 259.67 -10 -10 -10 -100    0 -1000 -1000 -10
279 47 pedestrian 0 0 -10 88.10 68.89 442.11 376.00 -10 -10 -10 -100    0 -1000 -1000 -10
279 38 pedestrian 0 0 -10 460.18 90.12 558.49 226.97 -10 -10 -10 -100    0 -1000 -1000 -10
279 52 pedestrian 0 0 -10 0.05 188.46 109.42 349.29 -10 -10 -10 -100    0 -1000 -1000 -10
279 30 pedestrian 0 0 -10 572.47 172.84 620.89 223.75 -10 -10 -10 -100    0 -1000 -1000 -10
279 48 pedestrian 0 0 -10 355.62 187.69 481.23 277.26 -10 -10 -10 -100    0 -1000 -1000 -10
279 3 pedestrian 0 0 -10 546.47 171.37 613.80 204.67 -10 -10 -10 -100    0 -1000 -1000 -10
280 53 pedestrian 0 0 -10 1.57 180.03 159.24 262.91 -10 -10 -10 -100    0 -1000 -1000 -10
280 47 pedestrian 0 0 -10 29.63 55.74 434.40 376.00 -10 -10 -10 -100    0 -1000 -1000 -10
280 38 pedestrian 0 0 -10 455.86 88.58 556.76 228.29 -10 -10 -10 -100    0 -1000 -1000 -10
280 52 pedestrian 0 0 -10 0.50 193.82 63.17 350.97 -10 -10 -10 -100    0 -1000 -1000 -10
280 30 pedestrian 0 0 -10 572.21 173.33 620.94 224.63 -10 -10 -10 -100    0 -1000 -1000 -10
280 48 pedestrian 0 0 -10 340.41 187.57 475.58 283.34 -10 -10 -10 -100    0 -1000 -1000 -10
280 54 pedestrian 0 0 -10 414.99 172.94 465.55 211.43 -10 -10 -10 -100    0 -1000 -1000 -10
280 3 pedestrian 0 0 -10 545.91 171.94 614.10 205.46 -10 -10 -10 -100    0 -1000 -1000 -10
281 53 pedestrian 0 0 -10 0.00 173.33 114.10 255.89 -10 -10 -10 -100    0 -1000 -1000 -10
281 47 pedestrian 0 0 -10 0.00 45.73 421.08 376.00 -10 -10 -10 -100    0 -1000 -1000 -10
281 38 pedestrian 0 0 -10 451.45 85.12 555.99 230.61 -10 -10 -10 -100    0 -1000 -1000 -10
281 30 pedestrian 0 0 -10 571.75 173.50 621.05 226.27 -10 -10 -10 -100    0 -1000 -1000 -10
281 48 pedestrian 0 0 -10 321.09 188.33 470.74 291.66 -10 -10 -10 -100    0 -1000 -1000 -10
281 54 pedestrian 0 0 -10 407.65 172.52 460.22 209.63 -10 -10 -10 -100    0 -1000 -1000 -10
281 3 pedestrian 0 0 -10 546.54 172.48 613.98 204.78 -10 -10 -10 -100    0 -1000 -1000 -10
282 47 pedestrian 0 0 -10 0.00 28.73 409.40 376.00 -10 -10 -10 -100    0 -1000 -1000 -10
282 38 pedestrian 0 0 -10 446.91 82.95 554.73 232.88 -10 -10 -10 -100    0 -1000 -1000 -10
282 30 pedestrian 0 0 -10 571.37 174.19 621.41 227.60 -10 -10 -10 -100    0 -1000 -1000 -10
282 48 pedestrian 0 0 -10 306.78 189.85 464.71 299.01 -10 -10 -10 -100    0 -1000 -1000 -10
282 54 pedestrian 0 0 -10 411.32 173.07 457.91 207.27 -10 -10 -10 -100    0 -1000 -1000 -10
282 3 pedestrian 0 0 -10 546.83 172.54 614.74 204.89 -10 -10 -10 -100    0 -1000 -1000 -10
283 47 pedestrian 0 0 -10 0.00 0.00 397.26 376.00 -10 -10 -10 -100    0 -1000 -1000 -10
283 38 pedestrian 0 0 -10 444.16 81.09 554.81 235.28 -10 -10 -10 -100    0 -1000 -1000 -10
283 30 pedestrian 0 0 -10 571.06 175.02 621.67 229.14 -10 -10 -10 -100    0 -1000 -1000 -10
283 48 pedestrian 0 0 -10 289.74 192.25 457.29 307.00 -10 -10 -10 -100    0 -1000 -1000 -10
283 54 pedestrian 0 0 -10 416.37 173.77 456.80 206.67 -10 -10 -10 -100    0 -1000 -1000 -10
283 3 pedestrian 0 0 -10 548.07 172.28 614.68 204.59 -10 -10 -10 -100    0 -1000 -1000 -10
284 47 pedestrian 0 0 -10 0.00 0.00 380.06 376.00 -10 -10 -10 -100    0 -1000 -1000 -10
284 38 pedestrian 0 0 -10 439.12 78.47 554.55 237.59 -10 -10 -10 -100    0 -1000 -1000 -10
284 30 pedestrian 0 0 -10 570.76 175.72 622.29 230.45 -10 -10 -10 -100    0 -1000 -1000 -10
284 48 pedestrian 0 0 -10 268.77 194.35 451.22 318.11 -10 -10 -10 -100    0 -1000 -1000 -10
284 54 pedestrian 0 0 -10 413.86 174.92 456.46 209.13 -10 -10 -10 -100    0 -1000 -1000 -10
284 3 pedestrian 0 0 -10 546.46 172.71 613.13 203.75 -10 -10 -10 -100    0 -1000 -1000 -10
285 47 pedestrian 0 0 -10 0.00 0.00 363.25 376.00 -10 -10 -10 -100    0 -1000 -1000 -10
285 38 pedestrian 0 0 -10 434.56 75.13 553.91 239.56 -10 -10 -10 -100    0 -1000 -1000 -10
285 30 pedestrian 0 0 -10 570.41 176.43 622.90 231.45 -10 -10 -10 -100    0 -1000 -1000 -10
285 48 pedestrian 0 0 -10 243.13 196.93 445.24 330.72 -10 -10 -10 -100    0 -1000 -1000 -10
285 54 pedestrian 0 0 -10 413.78 176.57 454.89 209.40 -10 -10 -10 -100    0 -1000 -1000 -10
285 3 pedestrian 0 0 -10 546.14 172.23 613.60 202.81 -10 -10 -10 -100    0 -1000 -1000 -10
286 47 pedestrian 0 0 -10 0.00 0.00 342.51 376.00 -10 -10 -10 -100    0 -1000 -1000 -10
286 38 pedestrian 0 0 -10 428.45 70.13 554.45 240.75 -10 -10 -10 -100    0 -1000 -1000 -10
286 30 pedestrian 0 0 -10 570.21 175.86 623.26 231.72 -10 -10 -10 -100    0 -1000 -1000 -10
286 55 pedestrian 0 0 -10 355.92 180.92 426.62 228.19 -10 -10 -10 -100    0 -1000 -1000 -10
286 48 pedestrian 0 0 -10 216.37 197.13 435.71 340.63 -10 -10 -10 -100    0 -1000 -1000 -10
286 54 pedestrian 0 0 -10 411.36 175.29 450.47 208.00 -10 -10 -10 -100    0 -1000 -1000 -10
286 3 pedestrian 0 0 -10 544.98 169.61 615.05 200.18 -10 -10 -10 -100    0 -1000 -1000 -10
287 47 pedestrian 0 0 -10 0.00 0.00 318.48 376.00 -10 -10 -10 -100    0 -1000 -1000 -10
287 38 pedestrian 0 0 -10 421.45 65.48 553.33 242.10 -10 -10 -10 -100    0 -1000 -1000 -10
287 30 pedestrian 0 0 -10 569.98 175.29 623.63 231.66 -10 -10 -10 -100    0 -1000 -1000 -10
287 55 pedestrian 0 0 -10 351.53 181.28 424.73 229.10 -10 -10 -10 -100    0 -1000 -1000 -10
287 48 pedestrian 0 0 -10 183.19 198.07 426.51 356.12 -10 -10 -10 -100    0 -1000 -1000 -10
287 54 pedestrian 0 0 -10 411.39 173.96 449.54 207.62 -10 -10 -10 -100    0 -1000 -1000 -10
287 3 pedestrian 0 0 -10 544.83 169.04 615.68 199.45 -10 -10 -10 -100    0 -1000 -1000 -10
288 56 pedestrian 0 0 -10 532.11 180.22 562.69 205.32 -10 -10 -10 -100    0 -1000 -1000 -10
288 47 pedestrian 0 0 -10 0.59 0.00 287.87 376.00 -10 -10 -10 -100    0 -1000 -1000 -10
288 38 pedestrian 0 0 -10 415.43 62.06 551.72 244.64 -10 -10 -10 -100    0 -1000 -1000 -10
288 30 pedestrian 0 0 -10 569.68 174.52 624.70 231.69 -10 -10 -10 -100    0 -1000 -1000 -10
288 55 pedestrian 0 0 -10 346.62 180.58 419.84 230.25 -10 -10 -10 -100    0 -1000 -1000 -10
288 48 pedestrian 0 0 -10 144.01 199.09 417.32 370.77 -10 -10 -10 -100    0 -1000 -1000 -10
288 3 pedestrian 0 0 -10 544.63 168.50 615.55 198.61 -10 -10 -10 -100    0 -1000 -1000 -10
289 47 pedestrian 0 0 -10 0.00 0.00 249.95 376.00 -10 -10 -10 -100    0 -1000 -1000 -10
289 38 pedestrian 0 0 -10 410.37 58.14 551.56 247.67 -10 -10 -10 -100    0 -1000 -1000 -10
289 30 pedestrian 0 0 -10 569.32 174.12 625.23 232.07 -10 -10 -10 -100    0 -1000 -1000 -10
289 56 pedestrian 0 0 -10 531.58 180.55 563.05 205.89 -10 -10 -10 -100    0 -1000 -1000 -10
289 55 pedestrian 0 0 -10 342.99 180.07 417.55 230.27 -10 -10 -10 -100    0 -1000 -1000 -10
289 48 pedestrian 0 0 -10 96.76 199.76 405.77 376.00 -10 -10 -10 -100    0 -1000 -1000 -10
289 3 pedestrian 0 0 -10 545.30 168.71 615.78 198.71 -10 -10 -10 -100    0 -1000 -1000 -10
289 57 pedestrian 0 0 -10 324.45 175.44 383.89 211.68 -10 -10 -10 -100    0 -1000 -1000 -10
290 47 pedestrian 0 0 -10 0.00 0.00 205.09 376.00 -10 -10 -10 -100    0 -1000 -1000 -10
290 38 pedestrian 0 0 -10 402.06 53.26 551.14 249.33 -10 -10 -10 -100    0 -1000 -1000 -10
290 30 pedestrian 0 0 -10 568.80 173.40 625.29 232.07 -10 -10 -10 -100    0 -1000 -1000 -10
290 56 pedestrian 0 0 -10 529.18 179.44 562.57 206.02 -10 -10 -10 -100    0 -1000 -1000 -10
290 55 pedestrian 0 0 -10 335.80 180.42 413.76 231.15 -10 -10 -10 -100    0 -1000 -1000 -10
290 48 pedestrian 0 0 -10 45.02 199.64 393.58 376.00 -10 -10 -10 -100    0 -1000 -1000 -10
290 3 pedestrian 0 0 -10 544.69 168.13 615.39 198.38 -10 -10 -10 -100    0 -1000 -1000 -10
290 57 pedestrian 0 0 -10 318.89 174.85 379.07 212.81 -10 -10 -10 -100    0 -1000 -1000 -10
291 47 pedestrian 0 0 -10 0.00 0.00 153.79 376.00 -10 -10 -10 -100    0 -1000 -1000 -10
291 38 pedestrian 0 0 -10 396.27 49.48 550.81 252.14 -10 -10 -10 -100    0 -1000 -1000 -10
291 30 pedestrian 0 0 -10 568.50 173.21 625.67 232.52 -10 -10 -10 -100    0 -1000 -1000 -10
291 56 pedestrian 0 0 -10 528.53 179.48 562.24 206.02 -10 -10 -10 -100    0 -1000 -1000 -10
291 55 pedestrian 0 0 -10 330.37 180.58 412.08 233.30 -10 -10 -10 -100    0 -1000 -1000 -10
291 48 pedestrian 0 0 -10 0.00 202.11 379.64 376.00 -10 -10 -10 -100    0 -1000 -1000 -10
291 3 pedestrian 0 0 -10 544.70 168.25 615.36 198.50 -10 -10 -10 -100    0 -1000 -1000 -10
291 57 pedestrian 0 0 -10 313.33 174.53 376.62 215.88 -10 -10 -10 -100    0 -1000 -1000 -10
292 38 pedestrian 0 0 -10 388.59 45.76 550.49 255.26 -10 -10 -10 -100    0 -1000 -1000 -10
292 30 pedestrian 0 0 -10 568.01 173.28 626.13 233.44 -10 -10 -10 -100    0 -1000 -1000 -10
292 56 pedestrian 0 0 -10 527.42 180.03 561.67 207.94 -10 -10 -10 -100    0 -1000 -1000 -10
292 55 pedestrian 0 0 -10 325.80 180.94 409.48 234.50 -10 -10 -10 -100    0 -1000 -1000 -10
292 48 pedestrian 0 0 -10 6.02 202.54 363.15 376.00 -10 -10 -10 -100    0 -1000 -1000 -10
292 3 pedestrian 0 0 -10 544.99 168.91 615.05 199.03 -10 -10 -10 -100    0 -1000 -1000 -10
292 57 pedestrian 0 0 -10 308.87 175.28 371.93 216.41 -10 -10 -10 -100    0 -1000 -1000 -10
293 38 pedestrian 0 0 -10 379.17 41.05 550.00 259.68 -10 -10 -10 -100    0 -1000 -1000 -10
293 30 pedestrian 0 0 -10 567.24 174.08 626.55 234.90 -10 -10 -10 -100    0 -1000 -1000 -10
293 56 pedestrian 0 0 -10 526.01 180.59 560.91 209.22 -10 -10 -10 -100    0 -1000 -1000 -10
293 55 pedestrian 0 0 -10 320.14 181.33 406.87 236.20 -10 -10 -10 -100    0 -1000 -1000 -10
293 48 pedestrian 0 0 -10 0.00 203.66 345.27 376.00 -10 -10 -10 -100    0 -1000 -1000 -10
293 3 pedestrian 0 0 -10 545.76 169.49 615.98 199.63 -10 -10 -10 -100    0 -1000 -1000 -10
293 57 pedestrian 0 0 -10 303.96 175.73 367.95 217.00 -10 -10 -10 -100    0 -1000 -1000 -10
293 51 pedestrian 0 0 -10 11.43 183.89 247.41 302.71 -10 -10 -10 -100    0 -1000 -1000 -10
294 38 pedestrian 0 0 -10 368.39 34.41 549.24 263.47 -10 -10 -10 -100    0 -1000 -1000 -10
294 30 pedestrian 0 0 -10 566.79 173.57 626.86 235.56 -10 -10 -10 -100    0 -1000 -1000 -10
294 56 pedestrian 0 0 -10 525.31 180.05 560.84 209.13 -10 -10 -10 -100    0 -1000 -1000 -10
294 55 pedestrian 0 0 -10 313.38 181.22 402.51 237.27 -10 -10 -10 -100    0 -1000 -1000 -10
294 48 pedestrian 0 0 -10 0.00 204.97 327.24 376.00 -10 -10 -10 -100    0 -1000 -1000 -10
294 3 pedestrian 0 0 -10 545.04 169.05 616.42 199.56 -10 -10 -10 -100    0 -1000 -1000 -10
294 57 pedestrian 0 0 -10 298.12 175.24 363.74 217.88 -10 -10 -10 -100    0 -1000 -1000 -10
294 51 pedestrian 0 0 -10 0.00 183.04 230.47 312.63 -10 -10 -10 -100    0 -1000 -1000 -10
295 38 pedestrian 0 0 -10 359.91 25.13 548.83 266.29 -10 -10 -10 -100    0 -1000 -1000 -10
295 30 pedestrian 0 0 -10 566.26 172.75 627.05 235.71 -10 -10 -10 -100    0 -1000 -1000 -10
295 56 pedestrian 0 0 -10 523.51 179.55 560.05 209.21 -10 -10 -10 -100    0 -1000 -1000 -10
295 55 pedestrian 0 0 -10 307.30 182.00 396.70 238.52 -10 -10 -10 -100    0 -1000 -1000 -10
295 48 pedestrian 0 0 -10 0.00 208.33 304.41 376.00 -10 -10 -10 -100    0 -1000 -1000 -10
295 3 pedestrian 0 0 -10 544.06 168.11 616.30 199.08 -10 -10 -10 -100    0 -1000 -1000 -10
295 57 pedestrian 0 0 -10 293.24 175.69 361.10 218.63 -10 -10 -10 -100    0 -1000 -1000 -10
295 51 pedestrian 0 0 -10 0.24 184.69 218.47 319.94 -10 -10 -10 -100    0 -1000 -1000 -10
296 38 pedestrian 0 0 -10 347.21 17.90 547.74 269.68 -10 -10 -10 -100    0 -1000 -1000 -10
296 30 pedestrian 0 0 -10 565.84 172.03 627.30 235.87 -10 -10 -10 -100    0 -1000 -1000 -10
296 56 pedestrian 0 0 -10 521.45 178.62 559.51 209.65 -10 -10 -10 -100    0 -1000 -1000 -10
296 55 pedestrian 0 0 -10 301.12 181.79 392.80 239.51 -10 -10 -10 -100    0 -1000 -1000 -10
296 48 pedestrian 0 0 -10 0.00 211.71 276.88 376.00 -10 -10 -10 -100    0 -1000 -1000 -10
296 3 pedestrian 0 0 -10 541.54 167.28 616.15 198.95 -10 -10 -10 -100    0 -1000 -1000 -10
296 57 pedestrian 0 0 -10 288.15 175.48 361.48 218.84 -10 -10 -10 -100    0 -1000 -1000 -10
296 51 pedestrian 0 0 -10 0.19 185.60 200.41 330.41 -10 -10 -10 -100    0 -1000 -1000 -10
297 38 pedestrian 0 0 -10 336.81 8.97 545.34 273.49 -10 -10 -10 -100    0 -1000 -1000 -10
297 30 pedestrian 0 0 -10 565.27 171.51 627.66 236.30 -10 -10 -10 -100    0 -1000 -1000 -10
297 56 pedestrian 0 0 -10 519.56 178.09 558.40 209.89 -10 -10 -10 -100    0 -1000 -1000 -10
297 55 pedestrian 0 0 -10 293.46 182.16 388.82 240.36 -10 -10 -10 -100    0 -1000 -1000 -10
297 48 pedestrian 0 0 -10 0.00 214.95 246.45 376.00 -10 -10 -10 -100    0 -1000 -1000 -10
297 3 pedestrian 0 0 -10 539.11 166.80 616.32 199.92 -10 -10 -10 -100    0 -1000 -1000 -10
297 57 pedestrian 0 0 -10 281.84 174.59 357.61 219.28 -10 -10 -10 -100    0 -1000 -1000 -10
297 51 pedestrian 0 0 -10 0.06 185.17 179.32 340.76 -10 -10 -10 -100    0 -1000 -1000 -10
298 38 pedestrian 0 0 -10 321.29 0.92 543.31 277.59 -10 -10 -10 -100    0 -1000 -1000 -10
298 30 pedestrian 0 0 -10 564.86 171.34 627.68 237.19 -10 -10 -10 -100    0 -1000 -1000 -10
298 56 pedestrian 0 0 -10 518.18 178.04 556.95 210.46 -10 -10 -10 -100    0 -1000 -1000 -10
298 55 pedestrian 0 0 -10 286.57 180.46 383.74 242.35 -10 -10 -10 -100    0 -1000 -1000 -10
298 48 pedestrian 0 0 -10 0.17 216.52 210.60 376.00 -10 -10 -10 -100    0 -1000 -1000 -10
298 3 pedestrian 0 0 -10 536.39 166.83 616.62 201.09 -10 -10 -10 -100    0 -1000 -1000 -10
298 57 pedestrian 0 0 -10 275.69 175.16 350.76 219.88 -10 -10 -10 -100    0 -1000 -1000 -10
298 51 pedestrian 0 0 -10 0.00 186.99 154.09 343.71 -10 -10 -10 -100    0 -1000 -1000 -10
299 38 pedestrian 0 0 -10 305.87 0.00 542.15 283.93 -10 -10 -10 -100    0 -1000 -1000 -10
299 30 pedestrian 0 0 -10 564.73 171.51 628.19 238.22 -10 -10 -10 -100    0 -1000 -1000 -10
299 56 pedestrian 0 0 -10 516.12 178.29 556.04 211.63 -10 -10 -10 -100    0 -1000 -1000 -10
299 48 pedestrian 0 0 -10 0.00 227.24 168.68 376.00 -10 -10 -10 -100    0 -1000 -1000 -10
299 3 pedestrian 0 0 -10 535.06 166.74 615.78 201.67 -10 -10 -10 -100    0 -1000 -1000 -10
299 57 pedestrian 0 0 -10 270.67 174.64 347.36 221.07 -10 -10 -10 -100    0 -1000 -1000 -10
299 51 pedestrian 0 0 -10 0.17 188.82 127.79 345.60 -10 -10 -10 -100    0 -1000 -1000 -10
300 38 pedestrian 0 0 -10 286.11 0.00 542.61 289.64 -10 -10 -10 -100    0 -1000 -1000 -10
300 30 pedestrian 0 0 -10 564.47 170.57 628.53 238.52 -10 -10 -10 -100    0 -1000 -1000 -10
300 56 pedestrian 0 0 -10 514.89 178.23 555.10 212.06 -10 -10 -10 -100    0 -1000 -1000 -10
300 48 pedestrian 0 0 -10 0.00 234.25 104.83 376.00 -10 -10 -10 -100    0 -1000 -1000 -10
300 3 pedestrian 0 0 -10 533.31 166.80 615.78 202.20 -10 -10 -10 -100    0 -1000 -1000 -10
300 57 pedestrian 0 0 -10 263.48 174.55 339.23 221.33 -10 -10 -10 -100    0 -1000 -1000 -10
300 51 pedestrian 0 0 -10 0.00 186.74 97.01 347.88 -10 -10 -10 -100    0 -1000 -1000 -10
301 38 pedestrian 0 0 -10 270.22 0.00 541.57 296.73 -10 -10 -10 -100    0 -1000 -1000 -10
301 30 pedestrian 0 0 -10 563.84 169.55 628.77 238.50 -10 -10 -10 -100    0 -1000 -1000 -10
301 56 pedestrian 0 0 -10 513.16 177.62 554.95 212.39 -10 -10 -10 -100    0 -1000 -1000 -10
301 3 pedestrian 0 0 -10 532.36 166.17 615.30 201.53 -10 -10 -10 -100    0 -1000 -1000 -10
301 57 pedestrian 0 0 -10 256.48 173.13 336.32 220.32 -10 -10 -10 -100    0 -1000 -1000 -10
301 51 pedestrian 0 0 -10 0.00 184.96 61.86 347.81 -10 -10 -10 -100    0 -1000 -1000 -10
302 38 pedestrian 0 0 -10 249.71 0.00 540.11 304.06 -10 -10 -10 -100    0 -1000 -1000 -10
302 30 pedestrian 0 0 -10 563.46 169.71 628.99 239.04 -10 -10 -10 -100    0 -1000 -1000 -10
302 56 pedestrian 0 0 -10 510.39 177.88 553.63 212.91 -10 -10 -10 -100    0 -1000 -1000 -10
302 3 pedestrian 0 0 -10 530.73 165.84 614.79 201.68 -10 -10 -10 -100    0 -1000 -1000 -10
303 38 pedestrian 0 0 -10 223.99 0.00 538.30 313.05 -10 -10 -10 -100    0 -1000 -1000 -10
303 30 pedestrian 0 0 -10 562.54 169.24 629.03 239.59 -10 -10 -10 -100    0 -1000 -1000 -10
303 56 pedestrian 0 0 -10 508.81 178.83 552.93 214.11 -10 -10 -10 -100    0 -1000 -1000 -10
303 3 pedestrian 0 0 -10 529.30 166.09 614.09 201.81 -10 -10 -10 -100    0 -1000 -1000 -10
304 38 pedestrian 0 0 -10 198.44 0.00 536.99 325.47 -10 -10 -10 -100    0 -1000 -1000 -10
304 30 pedestrian 0 0 -10 562.00 169.33 629.10 240.43 -10 -10 -10 -100    0 -1000 -1000 -10
304 56 pedestrian 0 0 -10 506.71 179.21 551.13 215.72 -10 -10 -10 -100    0 -1000 -1000 -10
304 3 pedestrian 0 0 -10 528.36 166.16 614.02 202.55 -10 -10 -10 -100    0 -1000 -1000 -10
305 38 pedestrian 0 0 -10 167.02 0.00 534.69 337.20 -10 -10 -10 -100    0 -1000 -1000 -10
305 30 pedestrian 0 0 -10 561.71 169.46 629.17 241.33 -10 -10 -10 -100    0 -1000 -1000 -10
305 56 pedestrian 0 0 -10 504.53 179.16 550.36 216.76 -10 -10 -10 -100    0 -1000 -1000 -10
305 3 pedestrian 0 0 -10 525.17 165.37 612.82 202.93 -10 -10 -10 -100    0 -1000 -1000 -10
306 38 pedestrian 0 0 -10 130.97 0.00 532.42 353.32 -10 -10 -10 -100    0 -1000 -1000 -10
306 30 pedestrian 0 0 -10 561.09 169.26 629.01 241.94 -10 -10 -10 -100    0 -1000 -1000 -10
306 56 pedestrian 0 0 -10 501.65 178.92 548.47 217.80 -10 -10 -10 -100    0 -1000 -1000 -10
306 3 pedestrian 0 0 -10 522.26 164.31 612.72 202.43 -10 -10 -10 -100    0 -1000 -1000 -10
307 38 pedestrian 0 0 -10 91.35 0.00 531.20 374.21 -10 -10 -10 -100    0 -1000 -1000 -10
307 30 pedestrian 0 0 -10 560.28 169.93 629.20 243.26 -10 -10 -10 -100    0 -1000 -1000 -10
307 56 pedestrian 0 0 -10 498.74 178.84 547.57 218.35 -10 -10 -10 -100    0 -1000 -1000 -10
307 3 pedestrian 0 0 -10 518.48 163.21 611.78 202.51 -10 -10 -10 -100    0 -1000 -1000 -10
308 38 pedestrian 0 0 -10 38.47 0.00 530.18 376.00 -10 -10 -10 -100    0 -1000 -1000 -10
308 30 pedestrian 0 0 -10 559.73 170.45 629.29 244.59 -10 -10 -10 -100    0 -1000 -1000 -10
308 56 pedestrian 0 0 -10 494.13 179.20 546.15 220.57 -10 -10 -10 -100    0 -1000 -1000 -10
308 3 pedestrian 0 0 -10 514.83 162.86 611.59 203.53 -10 -10 -10 -100    0 -1000 -1000 -10
309 38 pedestrian 0 0 -10 3.85 0.00 528.69 376.00 -10 -10 -10 -100    0 -1000 -1000 -10
309 30 pedestrian 0 0 -10 559.34 170.98 629.09 245.58 -10 -10 -10 -100    0 -1000 -1000 -10
309 56 pedestrian 0 0 -10 490.94 180.03 544.34 222.43 -10 -10 -10 -100    0 -1000 -1000 -10
309 3 pedestrian 0 0 -10 512.78 163.67 611.26 203.17 -10 -10 -10 -100    0 -1000 -1000 -10
310 38 pedestrian 0 0 -10 2.43 0.00 526.89 376.00 -10 -10 -10 -100    0 -1000 -1000 -10
310 30 pedestrian 0 0 -10 558.93 171.38 629.14 246.34 -10 -10 -10 -100    0 -1000 -1000 -10
310 56 pedestrian 0 0 -10 488.92 180.58 543.14 224.84 -10 -10 -10 -100    0 -1000 -1000 -10
310 3 pedestrian 0 0 -10 511.17 163.95 610.56 203.76 -10 -10 -10 -100    0 -1000 -1000 -10
311 38 pedestrian 0 0 -10 5.31 0.00 524.29 376.00 -10 -10 -10 -100    0 -1000 -1000 -10
311 30 pedestrian 0 0 -10 558.25 172.13 629.11 247.20 -10 -10 -10 -100    0 -1000 -1000 -10
311 56 pedestrian 0 0 -10 486.26 181.04 542.03 226.37 -10 -10 -10 -100    0 -1000 -1000 -10
311 3 pedestrian 0 0 -10 508.84 163.77 610.09 205.08 -10 -10 -10 -100    0 -1000 -1000 -10
312 30 pedestrian 0 0 -10 557.88 172.39 628.98 248.07 -10 -10 -10 -100    0 -1000 -1000 -10
312 56 pedestrian 0 0 -10 483.74 181.77 541.05 228.09 -10 -10 -10 -100    0 -1000 -1000 -10
312 38 pedestrian 0 0 -10 7.37 0.00 522.58 376.00 -10 -10 -10 -100    0 -1000 -1000 -10
312 3 pedestrian 0 0 -10 506.64 164.23 609.69 208.95 -10 -10 -10 -100    0 -1000 -1000 -10
313 30 pedestrian 0 0 -10 557.61 172.80 628.73 248.79 -10 -10 -10 -100    0 -1000 -1000 -10
313 56 pedestrian 0 0 -10 479.64 181.86 538.57 229.95 -10 -10 -10 -100    0 -1000 -1000 -10
313 38 pedestrian 0 0 -10 0.00 0.00 519.74 376.00 -10 -10 -10 -100    0 -1000 -1000 -10
313 3 pedestrian 0 0 -10 505.06 164.63 610.20 212.53 -10 -10 -10 -100    0 -1000 -1000 -10
314 30 pedestrian 0 0 -10 557.15 173.04 628.76 249.52 -10 -10 -10 -100    0 -1000 -1000 -10
314 56 pedestrian 0 0 -10 475.91 182.72 537.51 232.44 -10 -10 -10 -100    0 -1000 -1000 -10
314 38 pedestrian 0 0 -10 3.78 0.00 517.17 376.00 -10 -10 -10 -100    0 -1000 -1000 -10
314 3 pedestrian 0 0 -10 503.05 165.02 609.96 215.06 -10 -10 -10 -100    0 -1000 -1000 -10
315 30 pedestrian 0 0 -10 556.41 172.03 628.58 249.73 -10 -10 -10 -100    0 -1000 -1000 -10
315 56 pedestrian 0 0 -10 471.80 183.20 535.50 234.14 -10 -10 -10 -100    0 -1000 -1000 -10
315 38 pedestrian 0 0 -10 2.30 0.00 512.78 376.00 -10 -10 -10 -100    0 -1000 -1000 -10
315 3 pedestrian 0 0 -10 503.11 164.76 610.28 215.91 -10 -10 -10 -100    0 -1000 -1000 -10
316 30 pedestrian 0 0 -10 555.81 172.43 628.71 250.06 -10 -10 -10 -100    0 -1000 -1000 -10
316 56 pedestrian 0 0 -10 468.28 183.54 534.59 235.59 -10 -10 -10 -100    0 -1000 -1000 -10
316 38 pedestrian 0 0 -10 3.72 0.00 510.86 376.00 -10 -10 -10 -100    0 -1000 -1000 -10
316 3 pedestrian 0 0 -10 507.69 165.48 610.10 212.09 -10 -10 -10 -100    0 -1000 -1000 -10
317 30 pedestrian 0 0 -10 555.56 172.62 628.74 250.81 -10 -10 -10 -100    0 -1000 -1000 -10
317 56 pedestrian 0 0 -10 464.72 184.45 533.28 237.64 -10 -10 -10 -100    0 -1000 -1000 -10
317 38 pedestrian 0 0 -10 1.82 0.00 506.85 376.00 -10 -10 -10 -100    0 -1000 -1000 -10
317 3 pedestrian 0 0 -10 518.26 166.59 611.37 210.14 -10 -10 -10 -100    0 -1000 -1000 -10
318 30 pedestrian 0 0 -10 555.22 172.72 628.69 251.44 -10 -10 -10 -100    0 -1000 -1000 -10
318 56 pedestrian 0 0 -10 459.46 183.95 530.79 239.49 -10 -10 -10 -100    0 -1000 -1000 -10
318 38 pedestrian 0 0 -10 1.90 0.00 503.91 376.00 -10 -10 -10 -100    0 -1000 -1000 -10
318 3 pedestrian 0 0 -10 527.49 167.31 611.71 207.72 -10 -10 -10 -100    0 -1000 -1000 -10
319 58 pedestrian 0 0 -10 488.32 178.51 542.90 224.19 -10 -10 -10 -100    0 -1000 -1000 -10
319 30 pedestrian 0 0 -10 554.64 172.36 628.67 251.48 -10 -10 -10 -100    0 -1000 -1000 -10
319 56 pedestrian 0 0 -10 456.40 183.94 528.88 241.49 -10 -10 -10 -100    0 -1000 -1000 -10
319 38 pedestrian 0 0 -10 1.65 0.00 500.80 376.00 -10 -10 -10 -100    0 -1000 -1000 -10
319 3 pedestrian 0 0 -10 531.32 167.83 610.86 205.71 -10 -10 -10 -100    0 -1000 -1000 -10
320 58 pedestrian 0 0 -10 486.87 178.24 542.68 226.35 -10 -10 -10 -100    0 -1000 -1000 -10
320 30 pedestrian 0 0 -10 554.21 172.39 628.53 251.86 -10 -10 -10 -100    0 -1000 -1000 -10
320 56 pedestrian 0 0 -10 451.90 185.45 526.88 243.98 -10 -10 -10 -100    0 -1000 -1000 -10
320 38 pedestrian 0 0 -10 0.00 0.00 496.72 376.00 -10 -10 -10 -100    0 -1000 -1000 -10
320 3 pedestrian 0 0 -10 530.91 167.55 610.40 205.97 -10 -10 -10 -100    0 -1000 -1000 -10
321 58 pedestrian 0 0 -10 483.32 178.92 541.38 227.49 -10 -10 -10 -100    0 -1000 -1000 -10
321 30 pedestrian 0 0 -10 554.02 172.48 628.37 252.11 -10 -10 -10 -100    0 -1000 -1000 -10
321 56 pedestrian 0 0 -10 447.22 187.19 524.60 246.53 -10 -10 -10 -100    0 -1000 -1000 -10
321 59 pedestrian 0 0 -10 507.49 174.69 552.65 217.37 -10 -10 -10 -100    0 -1000 -1000 -10
321 38 pedestrian 0 0 -10 1.46 0.00 492.65 376.00 -10 -10 -10 -100    0 -1000 -1000 -10
321 3 pedestrian 0 0 -10 530.53 167.76 609.36 206.78 -10 -10 -10 -100    0 -1000 -1000 -10
322 58 pedestrian 0 0 -10 481.04 178.48 540.46 227.93 -10 -10 -10 -100    0 -1000 -1000 -10
322 30 pedestrian 0 0 -10 553.91 172.33 628.39 251.99 -10 -10 -10 -100    0 -1000 -1000 -10
322 56 pedestrian 0 0 -10 443.84 187.68 523.21 248.16 -10 -10 -10 -100    0 -1000 -1000 -10
322 59 pedestrian 0 0 -10 505.04 174.67 550.59 217.08 -10 -10 -10 -100    0 -1000 -1000 -10
322 38 pedestrian 0 0 -10 2.02 0.00 488.20 376.00 -10 -10 -10 -100    0 -1000 -1000 -10
322 3 pedestrian 0 0 -10 530.14 167.06 607.96 207.27 -10 -10 -10 -100    0 -1000 -1000 -10
323 58 pedestrian 0 0 -10 477.77 178.76 539.11 229.47 -10 -10 -10 -100    0 -1000 -1000 -10
323 30 pedestrian 0 0 -10 554.16 172.38 628.62 252.03 -10 -10 -10 -100    0 -1000 -1000 -10
323 56 pedestrian 0 0 -10 436.91 186.21 521.54 250.83 -10 -10 -10 -100    0 -1000 -1000 -10
323 59 pedestrian 0 0 -10 505.15 174.65 551.27 218.34 -10 -10 -10 -100    0 -1000 -1000 -10
323 38 pedestrian 0 0 -10 3.85 0.00 483.08 376.00 -10 -10 -10 -100    0 -1000 -1000 -10
323 3 pedestrian 0 0 -10 531.00 166.95 606.48 207.07 -10 -10 -10 -100    0 -1000 -1000 -10
324 58 pedestrian 0 0 -10 475.64 178.66 537.39 230.90 -10 -10 -10 -100    0 -1000 -1000 -10
324 30 pedestrian 0 0 -10 554.14 172.34 628.51 251.98 -10 -10 -10 -100    0 -1000 -1000 -10
324 56 pedestrian 0 0 -10 431.07 186.63 519.56 253.12 -10 -10 -10 -100    0 -1000 -1000 -10
324 59 pedestrian 0 0 -10 504.42 174.16 549.70 219.35 -10 -10 -10 -100    0 -1000 -1000 -10
324 38 pedestrian 0 0 -10 1.22 0.00 478.62 376.00 -10 -10 -10 -100    0 -1000 -1000 -10
324 3 pedestrian 0 0 -10 530.89 167.04 605.91 207.77 -10 -10 -10 -100    0 -1000 -1000 -10
325 58 pedestrian 0 0 -10 472.69 178.76 536.26 232.65 -10 -10 -10 -100    0 -1000 -1000 -10
325 30 pedestrian 0 0 -10 554.05 171.98 628.54 251.92 -10 -10 -10 -100    0 -1000 -1000 -10
325 56 pedestrian 0 0 -10 424.85 186.52 516.66 255.90 -10 -10 -10 -100    0 -1000 -1000 -10
325 59 pedestrian 0 0 -10 502.70 173.62 549.98 219.94 -10 -10 -10 -100    0 -1000 -1000 -10
325 38 pedestrian 0 0 -10 2.08 0.00 472.57 376.00 -10 -10 -10 -100    0 -1000 -1000 -10
325 3 pedestrian 0 0 -10 529.91 166.31 606.20 207.56 -10 -10 -10 -100    0 -1000 -1000 -10
326 58 pedestrian 0 0 -10 471.25 179.01 535.33 233.67 -10 -10 -10 -100    0 -1000 -1000 -10
326 30 pedestrian 0 0 -10 554.03 172.09 628.43 252.01 -10 -10 -10 -100    0 -1000 -1000 -10
326 56 pedestrian 0 0 -10 418.73 186.36 514.71 259.40 -10 -10 -10 -100    0 -1000 -1000 -10
326 59 pedestrian 0 0 -10 501.63 173.81 548.86 221.01 -10 -10 -10 -100    0 -1000 -1000 -10
326 38 pedestrian 0 0 -10 0.81 0.00 468.67 376.00 -10 -10 -10 -100    0 -1000 -1000 -10
326 3 pedestrian 0 0 -10 530.65 166.70 606.66 208.00 -10 -10 -10 -100    0 -1000 -1000 -10
327 60 pedestrian 0 0 -10 446.98 171.01 508.83 205.74 -10 -10 -10 -100    0 -1000 -1000 -10
327 58 pedestrian 0 0 -10 469.03 178.61 534.48 234.73 -10 -10 -10 -100    0 -1000 -1000 -10
327 30 pedestrian 0 0 -10 554.04 171.79 628.46 251.79 -10 -10 -10 -100    0 -1000 -1000 -10
327 56 pedestrian 0 0 -10 410.87 187.99 512.47 262.93 -10 -10 -10 -100    0 -1000 -1000 -10
327 59 pedestrian 0 0 -10 500.04 174.01 548.58 221.85 -10 -10 -10 -100    0 -1000 -1000 -10
327 38 pedestrian 0 0 -10 0.00 0.00 462.29 376.00 -10 -10 -10 -100    0 -1000 -1000 -10
327 3 pedestrian 0 0 -10 531.85 166.10 608.80 207.98 -10 -10 -10 -100    0 -1000 -1000 -10
328 60 pedestrian 0 0 -10 442.85 170.92 509.16 205.57 -10 -10 -10 -100    0 -1000 -1000 -10
328 58 pedestrian 0 0 -10 463.66 178.48 533.21 236.25 -10 -10 -10 -100    0 -1000 -1000 -10
328 30 pedestrian 0 0 -10 553.83 171.57 628.53 251.66 -10 -10 -10 -100    0 -1000 -1000 -10
328 56 pedestrian 0 0 -10 402.11 189.20 510.69 266.93 -10 -10 -10 -100    0 -1000 -1000 -10
328 59 pedestrian 0 0 -10 496.56 175.08 545.62 222.26 -10 -10 -10 -100    0 -1000 -1000 -10
328 38 pedestrian 0 0 -10 0.00 0.00 455.81 376.00 -10 -10 -10 -100    0 -1000 -1000 -10
328 3 pedestrian 0 0 -10 532.18 166.00 609.42 208.30 -10 -10 -10 -100    0 -1000 -1000 -10
329 58 pedestrian 0 0 -10 458.86 178.74 531.66 237.97 -10 -10 -10 -100    0 -1000 -1000 -10
329 30 pedestrian 0 0 -10 553.71 171.70 628.45 251.67 -10 -10 -10 -100    0 -1000 -1000 -10
329 56 pedestrian 0 0 -10 399.03 189.34 507.89 270.96 -10 -10 -10 -100    0 -1000 -1000 -10
329 60 pedestrian 0 0 -10 436.00 171.72 504.95 206.35 -10 -10 -10 -100    0 -1000 -1000 -10
329 59 pedestrian 0 0 -10 494.40 174.27 546.26 223.38 -10 -10 -10 -100    0 -1000 -1000 -10
329 38 pedestrian 0 0 -10 0.00 0.00 447.61 376.00 -10 -10 -10 -100    0 -1000 -1000 -10
329 3 pedestrian 0 0 -10 533.31 166.41 609.06 208.28 -10 -10 -10 -100    0 -1000 -1000 -10
330 58 pedestrian 0 0 -10 456.29 178.73 529.95 239.93 -10 -10 -10 -100    0 -1000 -1000 -10
330 30 pedestrian 0 0 -10 553.60 171.88 628.42 251.73 -10 -10 -10 -100    0 -1000 -1000 -10
330 56 pedestrian 0 0 -10 390.60 188.81 505.22 275.40 -10 -10 -10 -100    0 -1000 -1000 -10
330 60 pedestrian 0 0 -10 440.87 171.56 504.07 204.69 -10 -10 -10 -100    0 -1000 -1000 -10
330 59 pedestrian 0 0 -10 491.56 174.03 545.96 223.82 -10 -10 -10 -100    0 -1000 -1000 -10
330 38 pedestrian 0 0 -10 3.08 0.00 437.55 376.00 -10 -10 -10 -100    0 -1000 -1000 -10
330 3 pedestrian 0 0 -10 535.17 167.56 608.24 207.55 -10 -10 -10 -100    0 -1000 -1000 -10
331 58 pedestrian 0 0 -10 450.75 179.54 528.14 241.25 -10 -10 -10 -100    0 -1000 -1000 -10
331 30 pedestrian 0 0 -10 553.55 171.80 628.21 251.46 -10 -10 -10 -100    0 -1000 -1000 -10
331 56 pedestrian 0 0 -10 378.86 189.58 502.64 279.65 -10 -10 -10 -100    0 -1000 -1000 -10
331 60 pedestrian 0 0 -10 439.96 170.99 504.13 204.46 -10 -10 -10 -100    0 -1000 -1000 -10
331 59 pedestrian 0 0 -10 489.11 173.54 544.64 225.37 -10 -10 -10 -100    0 -1000 -1000 -10
331 38 pedestrian 0 0 -10 1.03 0.00 427.63 376.00 -10 -10 -10 -100    0 -1000 -1000 -10
331 3 pedestrian 0 0 -10 537.65 168.76 606.97 206.32 -10 -10 -10 -100    0 -1000 -1000 -10
332 30 pedestrian 0 0 -10 553.84 172.28 628.22 251.42 -10 -10 -10 -100    0 -1000 -1000 -10
332 56 pedestrian 0 0 -10 368.11 191.65 499.51 285.38 -10 -10 -10 -100    0 -1000 -1000 -10
332 60 pedestrian 0 0 -10 441.58 170.12 506.37 203.74 -10 -10 -10 -100    0 -1000 -1000 -10
332 59 pedestrian 0 0 -10 488.43 173.89 544.18 226.54 -10 -10 -10 -100    0 -1000 -1000 -10
332 38 pedestrian 0 0 -10 0.00 0.00 416.33 376.00 -10 -10 -10 -100    0 -1000 -1000 -10
332 3 pedestrian 0 0 -10 539.70 170.27 605.50 205.92 -10 -10 -10 -100    0 -1000 -1000 -10
332 58 pedestrian 0 0 -10 446.39 180.77 526.18 243.06 -10 -10 -10 -100    0 -1000 -1000 -10
333 30 pedestrian 0 0 -10 553.95 172.73 627.98 251.40 -10 -10 -10 -100    0 -1000 -1000 -10
333 56 pedestrian 0 0 -10 359.51 192.22 495.47 291.87 -10 -10 -10 -100    0 -1000 -1000 -10
333 60 pedestrian 0 0 -10 443.48 169.97 506.70 203.77 -10 -10 -10 -100    0 -1000 -1000 -10
333 59 pedestrian 0 0 -10 485.74 174.02 543.33 227.30 -10 -10 -10 -100    0 -1000 -1000 -10
333 38 pedestrian 0 0 -10 0.00 0.00 403.54 376.00 -10 -10 -10 -100    0 -1000 -1000 -10
333 3 pedestrian 0 0 -10 541.07 170.83 605.06 205.23 -10 -10 -10 -100    0 -1000 -1000 -10
333 58 pedestrian 0 0 -10 441.37 180.42 524.66 247.15 -10 -10 -10 -100    0 -1000 -1000 -10
333 61 pedestrian 0 0 -10 411.72 173.44 463.99 216.54 -10 -10 -10 -100    0 -1000 -1000 -10
334 30 pedestrian 0 0 -10 553.89 172.71 627.67 250.99 -10 -10 -10 -100    0 -1000 -1000 -10
334 56 pedestrian 0 0 -10 345.29 192.95 492.10 298.08 -10 -10 -10 -100    0 -1000 -1000 -10
334 60 pedestrian 0 0 -10 444.10 168.87 507.82 203.34 -10 -10 -10 -100    0 -1000 -1000 -10
334 62 pedestrian 0 0 -10 516.80 173.33 557.98 213.41 -10 -10 -10 -100    0 -1000 -1000 -10
334 59 pedestrian 0 0 -10 483.65 173.21 542.05 227.97 -10 -10 -10 -100    0 -1000 -1000 -10
334 38 pedestrian 0 0 -10 0.00 0.00 387.37 376.00 -10 -10 -10 -100    0 -1000 -1000 -10
334 3 pedestrian 0 0 -10 541.86 170.91 604.85 204.93 -10 -10 -10 -100    0 -1000 -1000 -10
334 58 pedestrian 0 0 -10 436.45 180.04 522.84 248.93 -10 -10 -10 -100    0 -1000 -1000 -10
334 61 pedestrian 0 0 -10 408.94 173.44 463.03 217.69 -10 -10 -10 -100    0 -1000 -1000 -10
335 30 pedestrian 0 0 -10 554.10 172.82 627.50 250.61 -10 -10 -10 -100    0 -1000 -1000 -10
335 56 pedestrian 0 0 -10 330.27 194.54 488.43 304.53 -10 -10 -10 -100    0 -1000 -1000 -10
335 60 pedestrian 0 0 -10 443.24 168.98 507.44 202.59 -10 -10 -10 -100    0 -1000 -1000 -10
335 62 pedestrian 0 0 -10 516.10 173.26 557.68 214.31 -10 -10 -10 -100    0 -1000 -1000 -10
335 59 pedestrian 0 0 -10 481.42 173.56 541.05 229.32 -10 -10 -10 -100    0 -1000 -1000 -10
335 38 pedestrian 0 0 -10 0.00 0.00 372.17 376.00 -10 -10 -10 -100    0 -1000 -1000 -10
335 3 pedestrian 0 0 -10 542.50 171.09 604.72 204.84 -10 -10 -10 -100    0 -1000 -1000 -10
335 58 pedestrian 0 0 -10 431.03 180.68 522.06 251.35 -10 -10 -10 -100    0 -1000 -1000 -10
335 61 pedestrian 0 0 -10 408.05 173.47 462.28 217.66 -10 -10 -10 -100    0 -1000 -1000 -10
336 63 pedestrian 0 0 -10 292.11 177.18 390.45 240.73 -10 -10 -10 -100    0 -1000 -1000 -10
336 30 pedestrian 0 0 -10 554.34 173.37 627.19 250.71 -10 -10 -10 -100    0 -1000 -1000 -10
336 56 pedestrian 0 0 -10 316.12 196.49 484.90 312.34 -10 -10 -10 -100    0 -1000 -1000 -10
336 60 pedestrian 0 0 -10 440.60 169.70 507.56 203.06 -10 -10 -10 -100    0 -1000 -1000 -10
336 62 pedestrian 0 0 -10 514.24 174.07 557.61 216.06 -10 -10 -10 -100    0 -1000 -1000 -10
336 59 pedestrian 0 0 -10 480.72 174.48 539.93 230.39 -10 -10 -10 -100    0 -1000 -1000 -10
336 38 pedestrian 0 0 -10 0.00 0.00 353.99 376.00 -10 -10 -10 -100    0 -1000 -1000 -10
336 3 pedestrian 0 0 -10 542.85 171.76 604.57 205.18 -10 -10 -10 -100    0 -1000 -1000 -10
336 58 pedestrian 0 0 -10 426.80 181.58 520.39 254.16 -10 -10 -10 -100    0 -1000 -1000 -10
336 61 pedestrian 0 0 -10 403.65 173.80 460.27 220.16 -10 -10 -10 -100    0 -1000 -1000 -10
337 63 pedestrian 0 0 -10 285.49 177.34 385.65 243.53 -10 -10 -10 -100    0 -1000 -1000 -10
337 30 pedestrian 0 0 -10 554.19 173.52 626.87 250.55 -10 -10 -10 -100    0 -1000 -1000 -10
337 56 pedestrian 0 0 -10 301.19 198.34 479.74 320.19 -10 -10 -10 -100    0 -1000 -1000 -10
337 60 pedestrian 0 0 -10 440.39 170.53 507.57 203.65 -10 -10 -10 -100    0 -1000 -1000 -10
337 62 pedestrian 0 0 -10 513.64 173.90 557.51 216.57 -10 -10 -10 -100    0 -1000 -1000 -10
337 59 pedestrian 0 0 -10 475.94 174.28 537.93 232.24 -10 -10 -10 -100    0 -1000 -1000 -10
337 38 pedestrian 0 0 -10 0.00 0.00 331.22 376.00 -10 -10 -10 -100    0 -1000 -1000 -10
337 3 pedestrian 0 0 -10 542.69 171.49 604.64 204.79 -10 -10 -10 -100    0 -1000 -1000 -10
337 58 pedestrian 0 0 -10 420.72 182.23 518.27 257.37 -10 -10 -10 -100    0 -1000 -1000 -10
337 61 pedestrian 0 0 -10 402.77 174.06 459.72 220.29 -10 -10 -10 -100    0 -1000 -1000 -10
338 65 pedestrian 0 0 -10 353.49 177.23 389.25 206.13 -10 -10 -10 -100    0 -1000 -1000 -10
338 63 pedestrian 0 0 -10 277.60 177.00 384.89 245.93 -10 -10 -10 -100    0 -1000 -1000 -10
338 30 pedestrian 0 0 -10 554.07 173.17 626.33 249.86 -10 -10 -10 -100    0 -1000 -1000 -10
338 56 pedestrian 0 0 -10 277.83 199.54 475.70 328.57 -10 -10 -10 -100    0 -1000 -1000 -10
338 60 pedestrian 0 0 -10 439.49 171.11 502.51 202.93 -10 -10 -10 -100    0 -1000 -1000 -10
338 62 pedestrian 0 0 -10 512.80 173.54 556.78 216.62 -10 -10 -10 -100    0 -1000 -1000 -10
338 59 pedestrian 0 0 -10 473.23 172.73 536.59 232.78 -10 -10 -10 -100    0 -1000 -1000 -10
338 38 pedestrian 0 0 -10 0.00 0.00 307.14 376.00 -10 -10 -10 -100    0 -1000 -1000 -10
338 3 pedestrian 0 0 -10 542.73 170.78 605.44 204.12 -10 -10 -10 -100    0 -1000 -1000 -10
338 58 pedestrian 0 0 -10 414.41 182.64 515.89 260.39 -10 -10 -10 -100    0 -1000 -1000 -10
338 61 pedestrian 0 0 -10 400.74 173.97 458.14 220.50 -10 -10 -10 -100    0 -1000 -1000 -10
339 65 pedestrian 0 0 -10 353.40 178.27 390.93 207.35 -10 -10 -10 -100    0 -1000 -1000 -10
339 63 pedestrian 0 0 -10 271.26 177.32 380.89 249.36 -10 -10 -10 -100    0 -1000 -1000 -10
339 30 pedestrian 0 0 -10 553.98 173.73 625.87 249.70 -10 -10 -10 -100    0 -1000 -1000 -10
339 56 pedestrian 0 0 -10 258.25 201.71 470.73 339.04 -10 -10 -10 -100    0 -1000 -1000 -10
339 60 pedestrian 0 0 -10 436.15 172.42 485.47 204.68 -10 -10 -10 -100    0 -1000 -1000 -10
339 62 pedestrian 0 0 -10 512.45 174.35 556.81 217.08 -10 -10 -10 -100    0 -1000 -1000 -10
339 59 pedestrian 0 0 -10 470.67 172.62 535.69 234.69 -10 -10 -10 -100    0 -1000 -1000 -10
339 3 pedestrian 0 0 -10 542.25 171.21 605.25 204.70 -10 -10 -10 -100    0 -1000 -1000 -10
339 58 pedestrian 0 0 -10 406.44 183.91 513.58 264.18 -10 -10 -10 -100    0 -1000 -1000 -10
339 61 pedestrian 0 0 -10 397.76 174.27 456.50 221.24 -10 -10 -10 -100    0 -1000 -1000 -10
340 65 pedestrian 0 0 -10 348.40 178.99 389.03 208.60 -10 -10 -10 -100    0 -1000 -1000 -10
340 63 pedestrian 0 0 -10 265.60 178.29 376.87 251.02 -10 -10 -10 -100    0 -1000 -1000 -10
340 30 pedestrian 0 0 -10 553.62 174.59 625.40 249.71 -10 -10 -10 -100    0 -1000 -1000 -10
340 56 pedestrian 0 0 -10 234.25 202.14 465.44 353.56 -10 -10 -10 -100    0 -1000 -1000 -10
340 60 pedestrian 0 0 -10 433.57 175.49 484.82 206.65 -10 -10 -10 -100    0 -1000 -1000 -10
340 62 pedestrian 0 0 -10 510.61 173.69 556.53 218.22 -10 -10 -10 -100    0 -1000 -1000 -10
340 59 pedestrian 0 0 -10 466.22 172.79 534.57 236.10 -10 -10 -10 -100    0 -1000 -1000 -10
340 3 pedestrian 0 0 -10 541.99 171.39 605.75 205.31 -10 -10 -10 -100    0 -1000 -1000 -10
340 58 pedestrian 0 0 -10 397.84 185.55 511.17 269.02 -10 -10 -10 -100    0 -1000 -1000 -10
340 61 pedestrian 0 0 -10 395.58 174.83 453.67 221.91 -10 -10 -10 -100    0 -1000 -1000 -10
341 65 pedestrian 0 0 -10 345.48 180.08 390.20 210.45 -10 -10 -10 -100    0 -1000 -1000 -10
341 63 pedestrian 0 0 -10 259.11 178.86 372.70 251.33 -10 -10 -10 -100    0 -1000 -1000 -10
341 30 pedestrian 0 0 -10 553.63 175.06 625.10 249.53 -10 -10 -10 -100    0 -1000 -1000 -10
341 56 pedestrian 0 0 -10 205.24 203.24 458.11 366.44 -10 -10 -10 -100    0 -1000 -1000 -10
341 60 pedestrian 0 0 -10 431.23 176.46 479.81 208.68 -10 -10 -10 -100    0 -1000 -1000 -10
341 62 pedestrian 0 0 -10 509.26 173.56 556.22 219.10 -10 -10 -10 -100    0 -1000 -1000 -10
341 59 pedestrian 0 0 -10 464.92 173.80 533.76 238.41 -10 -10 -10 -100    0 -1000 -1000 -10
341 3 pedestrian 0 0 -10 541.65 171.60 605.39 205.31 -10 -10 -10 -100    0 -1000 -1000 -10
341 58 pedestrian 0 0 -10 391.54 185.85 508.12 273.51 -10 -10 -10 -100    0 -1000 -1000 -10
341 61 pedestrian 0 0 -10 393.82 175.60 450.90 222.10 -10 -10 -10 -100    0 -1000 -1000 -10
342 66 pedestrian 0 0 -10 245.62 186.49 319.67 232.58 -10 -10 -10 -100    0 -1000 -1000 -10
342 65 pedestrian 0 0 -10 339.50 181.19 387.44 212.50 -10 -10 -10 -100    0 -1000 -1000 -10
342 63 pedestrian 0 0 -10 252.04 180.10 373.12 253.45 -10 -10 -10 -100    0 -1000 -1000 -10
342 30 pedestrian 0 0 -10 553.72 175.54 624.76 249.47 -10 -10 -10 -100    0 -1000 -1000 -10
342 56 pedestrian 0 0 -10 168.89 204.11 450.09 376.00 -10 -10 -10 -100    0 -1000 -1000 -10
342 60 pedestrian 0 0 -10 428.45 176.51 476.49 208.98 -10 -10 -10 -100    0 -1000 -1000 -10
342 62 pedestrian 0 0 -10 507.20 173.89 555.09 219.64 -10 -10 -10 -100    0 -1000 -1000 -10
342 59 pedestrian 0 0 -10 459.70 174.24 531.86 240.80 -10 -10 -10 -100    0 -1000 -1000 -10
342 3 pedestrian 0 0 -10 542.09 171.15 605.99 205.52 -10 -10 -10 -100    0 -1000 -1000 -10
342 58 pedestrian 0 0 -10 382.69 184.93 505.29 277.61 -10 -10 -10 -100    0 -1000 -1000 -10
342 61 pedestrian 0 0 -10 390.88 176.14 450.96 223.42 -10 -10 -10 -100    0 -1000 -1000 -10
343 66 pedestrian 0 0 -10 242.27 187.33 320.26 236.28 -10 -10 -10 -100    0 -1000 -1000 -10
343 65 pedestrian 0 0 -10 335.35 181.65 387.67 215.60 -10 -10 -10 -100    0 -1000 -1000 -10
343 63 pedestrian 0 0 -10 244.45 180.61 374.10 255.62 -10 -10 -10 -100    0 -1000 -1000 -10
343 30 pedestrian 0 0 -10 553.96 175.84 624.12 249.14 -10 -10 -10 -100    0 -1000 -1000 -10
343 56 pedestrian 0 0 -10 130.38 205.48 443.54 376.00 -10 -10 -10 -100    0 -1000 -1000 -10
343 60 pedestrian 0 0 -10 425.63 175.93 469.70 206.69 -10 -10 -10 -100    0 -1000 -1000 -10
343 62 pedestrian 0 0 -10 507.43 174.07 554.64 220.12 -10 -10 -10 -100    0 -1000 -1000 -10
343 59 pedestrian 0 0 -10 455.08 175.34 530.24 242.99 -10 -10 -10 -100    0 -1000 -1000 -10
343 3 pedestrian 0 0 -10 541.76 171.49 606.28 206.04 -10 -10 -10 -100    0 -1000 -1000 -10
343 58 pedestrian 0 0 -10 375.18 186.04 503.02 281.87 -10 -10 -10 -100    0 -1000 -1000 -10
343 61 pedestrian 0 0 -10 387.95 176.46 449.22 224.65 -10 -10 -10 -100    0 -1000 -1000 -10
344 68 pedestrian 0 0 -10 0.00 197.04 138.66 351.62 -10 -10 -10 -100    0 -1000 -1000 -10
344 66 pedestrian 0 0 -10 237.84 187.83 312.60 235.41 -10 -10 -10 -100    0 -1000 -1000 -10
344 65 pedestrian 0 0 -10 334.13 181.64 387.69 215.53 -10 -10 -10 -100    0 -1000 -1000 -10
344 63 pedestrian 0 0 -10 239.51 180.32 361.86 258.79 -10 -10 -10 -100    0 -1000 -1000 -10
344 30 pedestrian 0 0 -10 554.20 175.91 623.46 248.45 -10 -10 -10 -100    0 -1000 -1000 -10
344 56 pedestrian 0 0 -10 84.86 207.43 436.15 376.00 -10 -10 -10 -100    0 -1000 -1000 -10
344 60 pedestrian 0 0 -10 424.89 173.91 470.77 203.43 -10 -10 -10 -100    0 -1000 -1000 -10
344 62 pedestrian 0 0 -10 505.77 174.25 552.78 220.50 -10 -10 -10 -100    0 -1000 -1000 -10
344 59 pedestrian 0 0 -10 451.84 175.26 528.98 245.16 -10 -10 -10 -100    0 -1000 -1000 -10
344 3 pedestrian 0 0 -10 540.41 171.30 606.45 206.31 -10 -10 -10 -100    0 -1000 -1000 -10
344 58 pedestrian 0 0 -10 366.11 185.57 499.41 286.54 -10 -10 -10 -100    0 -1000 -1000 -10
344 61 pedestrian 0 0 -10 384.88 176.63 448.40 227.17 -10 -10 -10 -100    0 -1000 -1000 -10
345 68 pedestrian 0 0 -10 0.12 198.80 114.31 353.37 -10 -10 -10 -100    0 -1000 -1000 -10
345 66 pedestrian 0 0 -10 233.82 183.75 311.56 232.53 -10 -10 -10 -100    0 -1000 -1000 -10
345 65 pedestrian 0 0 -10 331.04 181.43 387.38 217.28 -10 -10 -10 -100    0 -1000 -1000 -10
345 63 pedestrian 0 0 -10 233.01 180.22 354.63 256.92 -10 -10 -10 -100    0 -1000 -1000 -10
345 30 pedestrian 0 0 -10 554.42 176.02 623.11 247.97 -10 -10 -10 -100    0 -1000 -1000 -10
345 56 pedestrian 0 0 -10 27.39 210.01 424.63 376.00 -10 -10 -10 -100    0 -1000 -1000 -10
345 60 pedestrian 0 0 -10 424.96 172.40 471.23 201.42 -10 -10 -10 -100    0 -1000 -1000 -10
345 62 pedestrian 0 0 -10 504.02 174.01 552.20 221.34 -10 -10 -10 -100    0 -1000 -1000 -10
345 59 pedestrian 0 0 -10 447.12 175.03 527.42 247.36 -10 -10 -10 -100    0 -1000 -1000 -10
345 3 pedestrian 0 0 -10 540.54 171.54 606.33 206.94 -10 -10 -10 -100    0 -1000 -1000 -10
345 58 pedestrian 0 0 -10 353.62 184.91 495.72 291.90 -10 -10 -10 -100    0 -1000 -1000 -10
345 61 pedestrian 0 0 -10 382.26 177.42 446.37 227.20 -10 -10 -10 -100    0 -1000 -1000 -10
346 68 pedestrian 0 0 -10 0.05 200.74 88.73 354.55 -10 -10 -10 -100    0 -1000 -1000 -10
346 66 pedestrian 0 0 -10 216.76 176.42 294.37 223.51 -10 -10 -10 -100    0 -1000 -1000 -10
346 65 pedestrian 0 0 -10 328.42 181.04 385.71 217.54 -10 -10 -10 -100    0 -1000 -1000 -10
346 63 pedestrian 0 0 -10 227.17 180.36 355.73 260.85 -10 -10 -10 -100    0 -1000 -1000 -10
346 30 pedestrian 0 0 -10 554.89 176.10 622.87 247.64 -10 -10 -10 -100    0 -1000 -1000 -10
346 56 pedestrian 0 0 -10 3.24 208.81 414.66 376.00 -10 -10 -10 -100    0 -1000 -1000 -10
346 60 pedestrian 0 0 -10 423.89 171.76 471.02 201.33 -10 -10 -10 -100    0 -1000 -1000 -10
346 62 pedestrian 0 0 -10 502.49 174.82 552.68 222.31 -10 -10 -10 -100    0 -1000 -1000 -10
346 59 pedestrian 0 0 -10 443.20 175.55 525.61 249.13 -10 -10 -10 -100    0 -1000 -1000 -10
346 3 pedestrian 0 0 -10 540.35 172.59 606.55 209.15 -10 -10 -10 -100    0 -1000 -1000 -10
346 58 pedestrian 0 0 -10 342.87 186.03 492.45 297.23 -10 -10 -10 -100    0 -1000 -1000 -10
346 61 pedestrian 0 0 -10 379.22 177.87 442.67 226.91 -10 -10 -10 -100    0 -1000 -1000 -10
347 68 pedestrian 0 0 -10 0.00 201.36 62.65 351.39 -10 -10 -10 -100    0 -1000 -1000 -10
347 65 pedestrian 0 0 -10 324.89 181.76 383.28 216.92 -10 -10 -10 -100    0 -1000 -1000 -10
347 63 pedestrian 0 0 -10 217.22 180.35 349.46 262.42 -10 -10 -10 -100    0 -1000 -1000 -10
347 30 pedestrian 0 0 -10 555.06 176.15 622.54 247.53 -10 -10 -10 -100    0 -1000 -1000 -10
347 56 pedestrian 0 0 -10 1.98 211.24 402.91 376.00 -10 -10 -10 -100    0 -1000 -1000 -10
347 60 pedestrian 0 0 -10 424.84 171.79 471.05 202.24 -10 -10 -10 -100    0 -1000 -1000 -10
347 62 pedestrian 0 0 -10 500.44 175.22 552.29 224.09 -10 -10 -10 -100    0 -1000 -1000 -10
347 59 pedestrian 0 0 -10 438.21 175.82 523.57 252.56 -10 -10 -10 -100    0 -1000 -1000 -10
347 3 pedestrian 0 0 -10 539.55 173.50 607.58 212.26 -10 -10 -10 -100    0 -1000 -1000 -10
347 58 pedestrian 0 0 -10 329.19 186.53 487.84 303.90 -10 -10 -10 -100    0 -1000 -1000 -10
347 61 pedestrian 0 0 -10 377.03 178.01 442.48 228.08 -10 -10 -10 -100    0 -1000 -1000 -10
348 65 pedestrian 0 0 -10 324.31 182.78 382.81 217.26 -10 -10 -10 -100    0 -1000 -1000 -10
348 63 pedestrian 0 0 -10 210.06 180.60 347.13 265.72 -10 -10 -10 -100    0 -1000 -1000 -10
348 30 pedestrian 0 0 -10 555.73 176.08 622.38 247.24 -10 -10 -10 -100    0 -1000 -1000 -10
348 56 pedestrian 0 0 -10 2.94 216.56 387.59 376.00 -10 -10 -10 -100    0 -1000 -1000 -10
348 60 pedestrian 0 0 -10 422.98 173.78 468.25 203.37 -10 -10 -10 -100    0 -1000 -1000 -10
348 62 pedestrian 0 0 -10 500.15 175.47 552.41 224.66 -10 -10 -10 -100    0 -1000 -1000 -10
348 59 pedestrian 0 0 -10 431.90 176.24 521.84 255.49 -10 -10 -10 -100    0 -1000 -1000 -10
348 3 pedestrian 0 0 -10 538.30 173.79 608.90 214.30 -10 -10 -10 -100    0 -1000 -1000 -10
348 58 pedestrian 0 0 -10 312.40 187.13 484.75 312.71 -10 -10 -10 -100    0 -1000 -1000 -10
348 61 pedestrian 0 0 -10 374.87 178.25 441.48 229.56 -10 -10 -10 -100    0 -1000 -1000 -10
349 65 pedestrian 0 0 -10 322.69 183.13 383.14 218.52 -10 -10 -10 -100    0 -1000 -1000 -10
349 63 pedestrian 0 0 -10 199.82 181.32 345.45 269.59 -10 -10 -10 -100    0 -1000 -1000 -10
349 30 pedestrian 0 0 -10 556.18 176.12 622.21 246.95 -10 -10 -10 -100    0 -1000 -1000 -10
349 56 pedestrian 0 0 -10 0.00 215.99 370.82 376.00 -10 -10 -10 -100    0 -1000 -1000 -10
349 60 pedestrian 0 0 -10 422.92 175.14 468.19 205.42 -10 -10 -10 -100    0 -1000 -1000 -10
349 62 pedestrian 0 0 -10 499.49 175.91 551.52 225.23 -10 -10 -10 -100    0 -1000 -1000 -10
349 59 pedestrian 0 0 -10 427.10 177.20 520.55 257.56 -10 -10 -10 -100    0 -1000 -1000 -10
349 3 pedestrian 0 0 -10 538.06 173.85 610.45 215.63 -10 -10 -10 -100    0 -1000 -1000 -10
349 58 pedestrian 0 0 -10 296.26 187.26 480.05 320.52 -10 -10 -10 -100    0 -1000 -1000 -10
349 61 pedestrian 0 0 -10 371.51 178.55 441.09 231.03 -10 -10 -10 -100    0 -1000 -1000 -10
350 65 pedestrian 0 0 -10 319.67 183.40 379.16 218.56 -10 -10 -10 -100    0 -1000 -1000 -10
350 63 pedestrian 0 0 -10 191.25 182.12 342.09 271.00 -10 -10 -10 -100    0 -1000 -1000 -10
350 30 pedestrian 0 0 -10 556.28 176.39 622.09 246.57 -10 -10 -10 -100    0 -1000 -1000 -10
350 56 pedestrian 0 0 -10 0.00 221.68 353.31 376.00 -10 -10 -10 -100    0 -1000 -1000 -10
350 60 pedestrian 0 0 -10 421.49 174.90 515.00 215.22 -10 -10 -10 -100    0 -1000 -1000 -10
350 62 pedestrian 0 0 -10 497.73 175.62 551.16 225.95 -10 -10 -10 -100    0 -1000 -1000 -10
350 59 pedestrian 0 0 -10 420.03 176.26 518.44 261.25 -10 -10 -10 -100    0 -1000 -1000 -10
350 3 pedestrian 0 0 -10 536.79 174.04 611.42 215.57 -10 -10 -10 -100    0 -1000 -1000 -10
350 58 pedestrian 0 0 -10 276.09 187.55 475.42 331.23 -10 -10 -10 -100    0 -1000 -1000 -10
350 61 pedestrian 0 0 -10 367.60 178.95 439.26 232.93 -10 -10 -10 -100    0 -1000 -1000 -10
351 72 pedestrian 0 0 -10 234.97 184.06 332.83 230.16 -10 -10 -10 -100    0 -1000 -1000 -10
351 70 pedestrian 0 0 -10 4.29 176.74 118.44 234.55 -10 -10 -10 -100    0 -1000 -1000 -10
351 65 pedestrian 0 0 -10 316.45 183.66 377.94 219.18 -10 -10 -10 -100    0 -1000 -1000 -10
351 63 pedestrian 0 0 -10 182.42 182.21 336.45 273.48 -10 -10 -10 -100    0 -1000 -1000 -10
351 30 pedestrian 0 0 -10 556.24 176.64 622.12 246.05 -10 -10 -10 -100    0 -1000 -1000 -10
351 56 pedestrian 0 0 -10 0.00 226.47 328.75 376.00 -10 -10 -10 -100    0 -1000 -1000 -10
351 60 pedestrian 0 0 -10 417.87 176.91 518.77 215.31 -10 -10 -10 -100    0 -1000 -1000 -10
351 62 pedestrian 0 0 -10 497.50 176.48 550.84 226.70 -10 -10 -10 -100    0 -1000 -1000 -10
351 59 pedestrian 0 0 -10 416.57 176.74 517.14 264.00 -10 -10 -10 -100    0 -1000 -1000 -10
351 3 pedestrian 0 0 -10 535.82 173.97 612.77 214.18 -10 -10 -10 -100    0 -1000 -1000 -10
351 58 pedestrian 0 0 -10 254.64 188.04 470.47 342.38 -10 -10 -10 -100    0 -1000 -1000 -10
351 61 pedestrian 0 0 -10 364.07 178.96 437.93 233.68 -10 -10 -10 -100    0 -1000 -1000 -10
