0 4 pedestrian 0 0 -10 880.50 157.00 906.81 218.99 -10 -10 -10 -100    0 -1000 -1000 -10
0 3 pedestrian 0 0 -10 837.55 169.70 861.80 213.17 -10 -10 -10 -100    0 -1000 -1000 -10
0 2 pedestrian 0 0 -10 1109.03 130.95 1195.34 249.58 -10 -10 -10 -100    0 -1000 -1000 -10
0 1 pedestrian 0 0 -10 417.96 190.18 554.74 304.83 -10 -10 -10 -100    0 -1000 -1000 -10
1 4 pedestrian 0 0 -10 881.07 156.26 908.31 219.87 -10 -10 -10 -100    0 -1000 -1000 -10
1 3 pedestrian 0 0 -10 837.74 169.29 863.71 212.88 -10 -10 -10 -100    0 -1000 -1000 -10
1 2 pedestrian 0 0 -10 1099.94 133.52 1185.08 248.37 -10 -10 -10 -100    0 -1000 -1000 -10
1 1 pedestrian 0 0 -10 398.72 190.37 549.88 316.04 -10 -10 -10 -100    0 -1000 -1000 -10
2 4 pedestrian 0 0 -10 882.17 156.30 910.52 220.31 -10 -10 -10 -100    0 -1000 -1000 -10
2 3 pedestrian 0 0 -10 838.06 168.31 864.65 212.62 -10 -10 -10 -100    0 -1000 -1000 -10
2 2 pedestrian 0 0 -10 1080.67 132.37 1161.35 244.77 -10 -10 -10 -100    0 -1000 -1000 -10
2 1 pedestrian 0 0 -10 375.91 190.69 545.18 329.69 -10 -10 -10 -100    0 -1000 -1000 -10
3 4 pedestrian 0 0 -10 881.89 155.27 918.71 219.58 -10 -10 -10 -100    0 -1000 -1000 -10
3 3 pedestrian 0 0 -10 842.23 165.02 870.25 210.12 -10 -10 -10 -100    0 -1000 -1000 -10
3 2 pedestrian 0 0 -10 1064.21 131.59 1146.15 242.82 -10 -10 -10 -100    0 -1000 -1000 -10
3 1 pedestrian 0 0 -10 347.46 192.15 537.82 347.17 -10 -10 -10 -100    0 -1000 -1000 -10
4 4 pedestrian 0 0 -10 882.10 153.77 921.14 217.56 -10 -10 -10 -100    0 -1000 -1000 -10
4 3 pedestrian 0 0 -10 847.03 163.52 874.48 209.62 -10 -10 -10 -100    0 -1000 -1000 -10
4 2 pedestrian 0 0 -10 1052.91 129.61 1138.76 242.17 -10 -10 -10 -100    0 -1000 -1000 -10
4 1 pedestrian 0 0 -10 310.82 194.35 530.87 368.39 -10 -10 -10 -100    0 -1000 -1000 -10
5 4 pedestrian 0 0 -10 883.17 153.45 922.94 216.71 -10 -10 -10 -100    0 -1000 -1000 -10
5 3 pedestrian 0 0 -10 848.80 162.27 875.77 209.09 -10 -10 -10 -100    0 -1000 -1000 -10
5 2 pedestrian 0 0 -10 1041.08 129.39 1118.09 239.17 -10 -10 -10 -100    0 -1000 -1000 -10
5 1 pedestrian 0 0 -10 263.81 195.37 520.53 375.00 -10 -10 -10 -100    0 -1000 -1000 -10
6 4 pedestrian 0 0 -10 884.51 152.31 924.76 217.05 -10 -10 -10 -100    0 -1000 -1000 -10
6 3 pedestrian 0 0 -10 851.31 161.39 877.07 208.00 -10 -10 -10 -100    0 -1000 -1000 -10
6 2 pedestrian 0 0 -10 1031.02 133.79 1098.21 235.82 -10 -10 -10 -100    0 -1000 -1000 -10
6 1 pedestrian 0 0 -10 199.61 195.80 509.91 375.00 -10 -10 -10 -100    0 -1000 -1000 -10
7 4 pedestrian 0 0 -10 886.21 152.28 921.20 216.86 -10 -10 -10 -100    0 -1000 -1000 -10
7 3 pedestrian 0 0 -10 854.57 161.98 879.33 208.56 -10 -10 -10 -100    0 -1000 -1000 -10
7 2 pedestrian 0 0 -10 1021.27 137.64 1078.01 228.79 -10 -10 -10 -100    0 -1000 -1000 -10
7 1 pedestrian 0 0 -10 111.25 198.21 498.34 375.00 -10 -10 -10 -100    0 -1000 -1000 -10
8 4 pedestrian 0 0 -10 887.21 152.75 924.00 216.56 -10 -10 -10 -100    0 -1000 -1000 -10
8 3 pedestrian 0 0 -10 855.37 163.79 881.24 209.13 -10 -10 -10 -100    0 -1000 -1000 -10
8 2 pedestrian 0 0 -10 1014.34 140.39 1065.31 224.99 -10 -10 -10 -100    0 -1000 -1000 -10
8 1 pedestrian 0 0 -10 1.23 198.63 481.08 375.00 -10 -10 -10 -100    0 -1000 -1000 -10
9 4 pedestrian 0 0 -10 888.91 153.03 925.35 217.62 -10 -10 -10 -100    0 -1000 -1000 -10
9 3 pedestrian 0 0 -10 859.95 163.61 884.19 209.88 -10 -10 -10 -100    0 -1000 -1000 -10
9 2 pedestrian 0 0 -10 1004.31 138.74 1064.95 224.30 -10 -10 -10 -100    0 -1000 -1000 -10
9 1 pedestrian 0 0 -10 0.00 199.14 462.72 375.00 -10 -10 -10 -100    0 -1000 -1000 -10
10 4 pedestrian 0 0 -10 892.49 154.05 925.40 216.51 -10 -10 -10 -100    0 -1000 -1000 -10
10 3 pedestrian 0 0 -10 866.32 163.01 890.46 211.53 -10 -10 -10 -100    0 -1000 -1000 -10
10 1 pedestrian 0 0 -10 0.00 202.11 435.61 375.00 -10 -10 -10 -100    0 -1000 -1000 -10
11 4 pedestrian 0 0 -10 896.45 155.66 926.17 215.90 -10 -10 -10 -100    0 -1000 -1000 -10
11 3 pedestrian 0 0 -10 870.77 163.81 893.39 210.72 -10 -10 -10 -100    0 -1000 -1000 -10
11 1 pedestrian 0 0 -10 1.19 207.53 397.81 375.00 -10 -10 -10 -100    0 -1000 -1000 -10
12 4 pedestrian 0 0 -10 901.06 157.18 927.10 216.49 -10 -10 -10 -100    0 -1000 -1000 -10
12 3 pedestrian 0 0 -10 877.67 166.05 899.69 212.30 -10 -10 -10 -100    0 -1000 -1000 -10
12 1 pedestrian 0 0 -10 0.00 219.32 342.94 375.00 -10 -10 -10 -100    0 -1000 -1000 -10
13 4 pedestrian 0 0 -10 904.50 158.56 933.29 216.93 -10 -10 -10 -100    0 -1000 -1000 -10
13 3 pedestrian 0 0 -10 884.05 166.33 905.66 213.71 -10 -10 -10 -100    0 -1000 -1000 -10
13 1 pedestrian 0 0 -10 0.00 214.54 235.02 375.00 -10 -10 -10 -100    0 -1000 -1000 -10
14 5 pedestrian 0 0 -10 967.29 140.73 1031.97 223.67 -10 -10 -10 -100    0 -1000 -1000 -10
14 4 pedestrian 0 0 -10 911.34 159.28 941.27 217.49 -10 -10 -10 -100    0 -1000 -1000 -10
15 5 pedestrian 0 0 -10 975.03 142.29 1031.47 222.88 -10 -10 -10 -100    0 -1000 -1000 -10
15 4 pedestrian 0 0 -10 905.29 164.65 933.99 215.78 -10 -10 -10 -100    0 -1000 -1000 -10
16 5 pedestrian 0 0 -10 984.73 150.84 1034.91 219.65 -10 -10 -10 -100    0 -1000 -1000 -10
17 5 pedestrian 0 0 -10 991.10 145.32 1047.92 219.28 -10 -10 -10 -100    0 -1000 -1000 -10
18 5 pedestrian 0 0 -10 997.71 144.44 1043.22 219.18 -10 -10 -10 -100    0 -1000 -1000 -10
19 6 pedestrian 0 0 -10 985.27 159.57 1015.61 223.32 -10 -10 -10 -100    0 -1000 -1000 -10
19 5 pedestrian 0 0 -10 1012.29 144.37 1060.72 220.48 -10 -10 -10 -100    0 -1000 -1000 -10
20 6 pedestrian 0 0 -10 1007.71 157.20 1045.04 224.15 -10 -10 -10 -100    0 -1000 -1000 -10
20 5 pedestrian 0 0 -10 1035.15 143.45 1082.96 221.47 -10 -10 -10 -100    0 -1000 -1000 -10
21 6 pedestrian 0 0 -10 1035.87 155.73 1075.09 222.31 -10 -10 -10 -100    0 -1000 -1000 -10
21 5 pedestrian 0 0 -10 1053.83 148.93 1098.33 220.61 -10 -10 -10 -100    0 -1000 -1000 -10
22 6 pedestrian 0 0 -10 1068.23 150.18 1112.13 224.08 -10 -10 -10 -100    0 -1000 -1000 -10
23 6 pedestrian 0 0 -10 1101.59 144.24 1146.73 224.78 -10 -10 -10 -100    0 -1000 -1000 -10
24 6 pedestrian 0 0 -10 1133.07 143.43 1181.85 222.61 -10 -10 -10 -100    0 -1000 -1000 -10
25 6 pedestrian 0 0 -10 1168.74 137.63 1235.38 226.40 -10 -10 -10 -100    0 -1000 -1000 -10
26 6 pedestrian 0 0 -10 1217.86 132.19 1242.00 231.83 -10 -10 -10 -100    0 -1000 -1000 -10
38 12 pedestrian 0 0 -10 112.96 193.17 222.79 269.92 -10 -10 -10 -100    0 -1000 -1000 -10
39 13 pedestrian 0 0 -10 127.15 191.67 201.70 249.53 -10 -10 -10 -100    0 -1000 -1000 -10
39 12 pedestrian 0 0 -10 164.69 189.66 268.65 265.70 -10 -10 -10 -100    0 -1000 -1000 -10
40 13 pedestrian 0 0 -10 179.02 188.46 249.59 247.99 -10 -10 -10 -100    0 -1000 -1000 -10
40 12 pedestrian 0 0 -10 213.84 188.22 312.76 263.25 -10 -10 -10 -100    0 -1000 -1000 -10
41 13 pedestrian 0 0 -10 226.86 188.69 293.99 244.77 -10 -10 -10 -100    0 -1000 -1000 -10
41 12 pedestrian 0 0 -10 260.15 187.27 355.25 261.86 -10 -10 -10 -100    0 -1000 -1000 -10
42 13 pedestrian 0 0 -10 272.82 188.26 338.29 243.76 -10 -10 -10 -100    0 -1000 -1000 -10
42 12 pedestrian 0 0 -10 303.08 186.91 394.76 260.95 -10 -10 -10 -100    0 -1000 -1000 -10
43 13 pedestrian 0 0 -10 315.67 187.79 378.33 243.15 -10 -10 -10 -100    0 -1000 -1000 -10
43 12 pedestrian 0 0 -10 343.75 186.78 433.80 260.85 -10 -10 -10 -100    0 -1000 -1000 -10
44 20 pedestrian 0 0 -10 0.03 140.26 169.45 375.00 -10 -10 -10 -100    0 -1000 -1000 -10
44 19 pedestrian 0 0 -10 215.42 178.31 245.39 204.14 -10 -10 -10 -100    0 -1000 -1000 -10
44 13 pedestrian 0 0 -10 354.82 187.86 415.25 242.45 -10 -10 -10 -100    0 -1000 -1000 -10
44 12 pedestrian 0 0 -10 381.49 186.87 469.96 261.39 -10 -10 -10 -100    0 -1000 -1000 -10
45 21 pedestrian 0 0 -10 257.69 179.42 288.09 204.45 -10 -10 -10 -100    0 -1000 -1000 -10
45 20 pedestrian 0 0 -10 0.00 138.73 205.69 375.00 -10 -10 -10 -100    0 -1000 -1000 -10
45 13 pedestrian 0 0 -10 391.90 187.17 451.10 242.46 -10 -10 -10 -100    0 -1000 -1000 -10
45 12 pedestrian 0 0 -10 416.56 186.20 506.08 262.09 -10 -10 -10 -100    0 -1000 -1000 -10
46 23 pedestrian 0 0 -10 298.70 180.18 329.80 203.13 -10 -10 -10 -100    0 -1000 -1000 -10
46 20 pedestrian 0 0 -10 0.53 134.32 238.48 375.00 -10 -10 -10 -100    0 -1000 -1000 -10
46 13 pedestrian 0 0 -10 427.46 187.60 488.50 243.38 -10 -10 -10 -100    0 -1000 -1000 -10
46 12 pedestrian 0 0 -10 451.67 185.93 541.48 263.21 -10 -10 -10 -100    0 -1000 -1000 -10
47 26 pedestrian 0 0 -10 336.35 178.13 366.06 203.88 -10 -10 -10 -100    0 -1000 -1000 -10
47 20 pedestrian 0 0 -10 0.73 129.08 269.73 375.00 -10 -10 -10 -100    0 -1000 -1000 -10
47 13 pedestrian 0 0 -10 462.01 185.74 521.32 241.65 -10 -10 -10 -100    0 -1000 -1000 -10
47 12 pedestrian 0 0 -10 484.85 184.36 575.35 263.16 -10 -10 -10 -100    0 -1000 -1000 -10
48 28 pedestrian 0 0 -10 373.18 176.45 403.69 197.76 -10 -10 -10 -100    0 -1000 -1000 -10
48 20 pedestrian 0 0 -10 2.47 122.29 295.61 375.00 -10 -10 -10 -100    0 -1000 -1000 -10
48 13 pedestrian 0 0 -10 493.82 181.75 554.25 239.43 -10 -10 -10 -100    0 -1000 -1000 -10
48 12 pedestrian 0 0 -10 516.82 181.03 608.41 261.55 -10 -10 -10 -100    0 -1000 -1000 -10
49 20 pedestrian 0 0 -10 1.54 109.36 318.56 375.00 -10 -10 -10 -100    0 -1000 -1000 -10
49 13 pedestrian 0 0 -10 522.48 179.52 584.94 238.29 -10 -10 -10 -100    0 -1000 -1000 -10
49 12 pedestrian 0 0 -10 545.26 178.49 639.71 261.60 -10 -10 -10 -100    0 -1000 -1000 -10
50 34 pedestrian 0 0 -10 470.12 173.52 489.50 191.77 -10 -10 -10 -100    0 -1000 -1000 -10
50 20 pedestrian 0 0 -10 2.10 103.92 338.30 375.00 -10 -10 -10 -100    0 -1000 -1000 -10
50 13 pedestrian 0 0 -10 550.30 178.11 611.31 237.06 -10 -10 -10 -100    0 -1000 -1000 -10
50 12 pedestrian 0 0 -10 571.00 177.79 670.02 263.49 -10 -10 -10 -100    0 -1000 -1000 -10
51 38 pedestrian 0 0 -10 376.75 179.88 434.57 238.18 -10 -10 -10 -100    0 -1000 -1000 -10
51 37 pedestrian 0 0 -10 493.85 174.28 512.04 191.59 -10 -10 -10 -100    0 -1000 -1000 -10
51 34 pedestrian 0 0 -10 458.21 173.40 485.39 193.12 -10 -10 -10 -100    0 -1000 -1000 -10
51 20 pedestrian 0 0 -10 0.00 99.46 352.04 375.00 -10 -10 -10 -100    0 -1000 -1000 -10
51 13 pedestrian 0 0 -10 572.48 179.10 636.00 238.17 -10 -10 -10 -100    0 -1000 -1000 -10
51 12 pedestrian 0 0 -10 593.21 179.27 697.07 266.91 -10 -10 -10 -100    0 -1000 -1000 -10
52 41 pedestrian 0 0 -10 419.35 147.41 471.96 214.76 -10 -10 -10 -100    0 -1000 -1000 -10
52 39 pedestrian 0 0 -10 513.29 175.00 535.99 193.66 -10 -10 -10 -100    0 -1000 -1000 -10
52 38 pedestrian 0 0 -10 393.70 179.74 452.80 239.03 -10 -10 -10 -100    0 -1000 -1000 -10
52 20 pedestrian 0 0 -10 1.18 89.59 361.94 375.00 -10 -10 -10 -100    0 -1000 -1000 -10
52 13 pedestrian 0 0 -10 593.13 178.23 657.68 240.09 -10 -10 -10 -100    0 -1000 -1000 -10
52 12 pedestrian 0 0 -10 613.93 179.11 721.69 270.53 -10 -10 -10 -100    0 -1000 -1000 -10
53 41 pedestrian 0 0 -10 435.83 147.40 488.37 216.70 -10 -10 -10 -100    0 -1000 -1000 -10
53 38 pedestrian 0 0 -10 408.73 180.30 468.95 240.81 -10 -10 -10 -100    0 -1000 -1000 -10
53 20 pedestrian 0 0 -10 0.00 79.71 368.33 375.00 -10 -10 -10 -100    0 -1000 -1000 -10
53 13 pedestrian 0 0 -10 611.94 179.60 677.50 241.80 -10 -10 -10 -100    0 -1000 -1000 -10
53 12 pedestrian 0 0 -10 633.17 179.81 746.40 274.60 -10 -10 -10 -100    0 -1000 -1000 -10
53 42 pedestrian 0 0 -10 589.77 181.02 647.62 233.31 -10 -10 -10 -100    0 -1000 -1000 -10
54 41 pedestrian 0 0 -10 449.38 146.77 501.96 213.94 -10 -10 -10 -100    0 -1000 -1000 -10
54 38 pedestrian 0 0 -10 421.42 180.22 481.96 241.99 -10 -10 -10 -100    0 -1000 -1000 -10
54 20 pedestrian 0 0 -10 0.00 75.09 370.98 375.00 -10 -10 -10 -100    0 -1000 -1000 -10
54 13 pedestrian 0 0 -10 628.14 178.67 697.57 243.69 -10 -10 -10 -100    0 -1000 -1000 -10
54 12 pedestrian 0 0 -10 650.23 179.31 768.74 278.43 -10 -10 -10 -100    0 -1000 -1000 -10
54 42 pedestrian 0 0 -10 604.36 180.27 664.13 233.41 -10 -10 -10 -100    0 -1000 -1000 -10
55 46 pedestrian 0 0 -10 521.93 175.19 549.87 195.31 -10 -10 -10 -100    0 -1000 -1000 -10
55 41 pedestrian 0 0 -10 461.73 145.75 515.43 215.72 -10 -10 -10 -100    0 -1000 -1000 -10
55 38 pedestrian 0 0 -10 431.92 179.70 494.45 243.21 -10 -10 -10 -100    0 -1000 -1000 -10
55 20 pedestrian 0 0 -10 0.85 73.93 370.83 375.00 -10 -10 -10 -100    0 -1000 -1000 -10
55 13 pedestrian 0 0 -10 642.66 177.78 714.69 245.42 -10 -10 -10 -100    0 -1000 -1000 -10
55 12 pedestrian 0 0 -10 666.29 179.11 791.55 283.39 -10 -10 -10 -100    0 -1000 -1000 -10
55 42 pedestrian 0 0 -10 618.78 180.55 678.28 234.51 -10 -10 -10 -100    0 -1000 -1000 -10
56 46 pedestrian 0 0 -10 537.74 175.83 561.93 193.34 -10 -10 -10 -100    0 -1000 -1000 -10
56 41 pedestrian 0 0 -10 471.31 144.41 525.70 216.38 -10 -10 -10 -100    0 -1000 -1000 -10
56 38 pedestrian 0 0 -10 439.98 179.97 504.47 244.81 -10 -10 -10 -100    0 -1000 -1000 -10
56 20 pedestrian 0 0 -10 0.00 51.10 368.20 375.00 -10 -10 -10 -100    0 -1000 -1000 -10
56 13 pedestrian 0 0 -10 656.67 178.09 730.42 247.36 -10 -10 -10 -100    0 -1000 -1000 -10
56 12 pedestrian 0 0 -10 678.64 179.98 813.74 289.67 -10 -10 -10 -100    0 -1000 -1000 -10
56 48 pedestrian 0 0 -10 610.43 179.90 645.36 214.81 -10 -10 -10 -100    0 -1000 -1000 -10
56 42 pedestrian 0 0 -10 630.33 180.94 693.24 236.81 -10 -10 -10 -100    0 -1000 -1000 -10
57 41 pedestrian 0 0 -10 480.08 144.05 534.25 214.35 -10 -10 -10 -100    0 -1000 -1000 -10
57 38 pedestrian 0 0 -10 446.39 179.68 511.91 245.61 -10 -10 -10 -100    0 -1000 -1000 -10
57 20 pedestrian 0 0 -10 0.00 26.86 360.26 375.00 -10 -10 -10 -100    0 -1000 -1000 -10
57 13 pedestrian 0 0 -10 667.59 177.80 745.89 249.95 -10 -10 -10 -100    0 -1000 -1000 -10
57 12 pedestrian 0 0 -10 694.18 180.96 835.48 296.83 -10 -10 -10 -100    0 -1000 -1000 -10
57 48 pedestrian 0 0 -10 620.56 180.15 655.46 213.89 -10 -10 -10 -100    0 -1000 -1000 -10
57 42 pedestrian 0 0 -10 641.02 180.96 703.96 239.19 -10 -10 -10 -100    0 -1000 -1000 -10
58 49 pedestrian 0 0 -10 603.03 171.08 627.71 198.28 -10 -10 -10 -100    0 -1000 -1000 -10
58 41 pedestrian 0 0 -10 485.88 143.43 541.48 216.37 -10 -10 -10 -100    0 -1000 -1000 -10
58 38 pedestrian 0 0 -10 449.24 178.93 518.68 246.59 -10 -10 -10 -100    0 -1000 -1000 -10
58 20 pedestrian 0 0 -10 0.00 18.23 350.94 375.00 -10 -10 -10 -100    0 -1000 -1000 -10
58 13 pedestrian 0 0 -10 678.68 177.53 759.31 252.61 -10 -10 -10 -100    0 -1000 -1000 -10
58 12 pedestrian 0 0 -10 705.54 181.70 857.41 303.72 -10 -10 -10 -100    0 -1000 -1000 -10
58 48 pedestrian 0 0 -10 628.95 179.66 664.57 215.66 -10 -10 -10 -100    0 -1000 -1000 -10
58 42 pedestrian 0 0 -10 649.88 180.87 715.91 240.95 -10 -10 -10 -100    0 -1000 -1000 -10
59 49 pedestrian 0 0 -10 608.47 169.99 634.24 197.70 -10 -10 -10 -100    0 -1000 -1000 -10
59 47 pedestrian 0 0 -10 549.85 174.40 570.54 195.35 -10 -10 -10 -100    0 -1000 -1000 -10
59 41 pedestrian 0 0 -10 489.55 142.95 546.31 215.93 -10 -10 -10 -100    0 -1000 -1000 -10
59 38 pedestrian 0 0 -10 450.70 178.16 522.38 248.20 -10 -10 -10 -100    0 -1000 -1000 -10
59 20 pedestrian 0 0 -10 0.00 16.95 329.48 375.00 -10 -10 -10 -100    0 -1000 -1000 -10
59 13 pedestrian 0 0 -10 686.54 176.59 770.97 255.34 -10 -10 -10 -100    0 -1000 -1000 -10
59 12 pedestrian 0 0 -10 716.76 181.37 879.51 311.04 -10 -10 -10 -100    0 -1000 -1000 -10
59 50 pedestrian 0 0 -10 594.03 172.89 614.00 191.88 -10 -10 -10 -100    0 -1000 -1000 -10
59 48 pedestrian 0 0 -10 634.88 179.31 671.71 214.73 -10 -10 -10 -100    0 -1000 -1000 -10
59 42 pedestrian 0 0 -10 656.95 180.21 726.13 241.29 -10 -10 -10 -100    0 -1000 -1000 -10
60 49 pedestrian 0 0 -10 611.02 167.13 637.88 196.90 -10 -10 -10 -100    0 -1000 -1000 -10
60 47 pedestrian 0 0 -10 552.07 173.24 572.16 194.12 -10 -10 -10 -100    0 -1000 -1000 -10
60 41 pedestrian 0 0 -10 489.66 141.90 549.54 217.92 -10 -10 -10 -100    0 -1000 -1000 -10
60 38 pedestrian 0 0 -10 449.33 176.98 523.99 249.11 -10 -10 -10 -100    0 -1000 -1000 -10
60 20 pedestrian 0 0 -10 0.17 23.69 308.72 375.00 -10 -10 -10 -100    0 -1000 -1000 -10
60 13 pedestrian 0 0 -10 692.57 175.59 781.23 255.47 -10 -10 -10 -100    0 -1000 -1000 -10
60 12 pedestrian 0 0 -10 727.08 180.51 901.22 318.86 -10 -10 -10 -100    0 -1000 -1000 -10
60 50 pedestrian 0 0 -10 595.75 170.46 615.32 188.92 -10 -10 -10 -100    0 -1000 -1000 -10
60 48 pedestrian 0 0 -10 638.67 178.22 676.04 214.49 -10 -10 -10 -100    0 -1000 -1000 -10
60 42 pedestrian 0 0 -10 662.15 178.53 733.64 241.64 -10 -10 -10 -100    0 -1000 -1000 -10
61 47 pedestrian 0 0 -10 555.30 171.49 574.37 191.53 -10 -10 -10 -100    0 -1000 -1000 -10
61 41 pedestrian 0 0 -10 489.16 140.39 551.71 218.73 -10 -10 -10 -100    0 -1000 -1000 -10
61 38 pedestrian 0 0 -10 446.89 175.33 524.10 250.35 -10 -10 -10 -100    0 -1000 -1000 -10
61 20 pedestrian 0 0 -10 0.30 28.33 273.20 375.00 -10 -10 -10 -100    0 -1000 -1000 -10
61 13 pedestrian 0 0 -10 698.10 173.35 790.82 257.15 -10 -10 -10 -100    0 -1000 -1000 -10
61 12 pedestrian 0 0 -10 734.65 179.73 925.61 328.21 -10 -10 -10 -100    0 -1000 -1000 -10
61 49 pedestrian 0 0 -10 613.66 166.50 640.23 195.46 -10 -10 -10 -100    0 -1000 -1000 -10
61 50 pedestrian 0 0 -10 600.18 168.91 618.95 188.46 -10 -10 -10 -100    0 -1000 -1000 -10
61 48 pedestrian 0 0 -10 641.15 175.33 680.59 213.32 -10 -10 -10 -100    0 -1000 -1000 -10
61 42 pedestrian 0 0 -10 665.70 176.46 739.38 241.33 -10 -10 -10 -100    0 -1000 -1000 -10
62 41 pedestrian 0 0 -10 488.72 140.25 552.77 221.28 -10 -10 -10 -100    0 -1000 -1000 -10
62 38 pedestrian 0 0 -10 442.05 175.40 523.88 252.68 -10 -10 -10 -100    0 -1000 -1000 -10
62 20 pedestrian 0 0 -10 0.00 38.43 223.74 375.00 -10 -10 -10 -100    0 -1000 -1000 -10
62 13 pedestrian 0 0 -10 703.74 173.17 798.91 259.65 -10 -10 -10 -100    0 -1000 -1000 -10
62 12 pedestrian 0 0 -10 744.52 179.97 954.41 338.17 -10 -10 -10 -100    0 -1000 -1000 -10
62 47 pedestrian 0 0 -10 555.38 170.63 574.40 190.49 -10 -10 -10 -100    0 -1000 -1000 -10
62 49 pedestrian 0 0 -10 614.59 165.54 641.09 194.21 -10 -10 -10 -100    0 -1000 -1000 -10
62 50 pedestrian 0 0 -10 599.44 168.35 619.67 187.01 -10 -10 -10 -100    0 -1000 -1000 -10
62 48 pedestrian 0 0 -10 643.45 174.36 683.13 212.69 -10 -10 -10 -100    0 -1000 -1000 -10
62 42 pedestrian 0 0 -10 669.47 176.18 746.61 242.61 -10 -10 -10 -100    0 -1000 -1000 -10
63 41 pedestrian 0 0 -10 487.72 140.16 552.71 223.82 -10 -10 -10 -100    0 -1000 -1000 -10
63 38 pedestrian 0 0 -10 437.35 176.76 524.49 256.18 -10 -10 -10 -100    0 -1000 -1000 -10
63 13 pedestrian 0 0 -10 708.40 173.90 808.32 265.12 -10 -10 -10 -100    0 -1000 -1000 -10
63 12 pedestrian 0 0 -10 754.63 180.69 987.50 349.96 -10 -10 -10 -100    0 -1000 -1000 -10
63 47 pedestrian 0 0 -10 556.94 170.92 575.97 190.64 -10 -10 -10 -100    0 -1000 -1000 -10
63 49 pedestrian 0 0 -10 616.92 164.93 643.40 194.71 -10 -10 -10 -100    0 -1000 -1000 -10
63 51 pedestrian 0 0 -10 572.26 170.44 586.71 184.67 -10 -10 -10 -100    0 -1000 -1000 -10
63 50 pedestrian 0 0 -10 600.55 170.46 620.85 188.60 -10 -10 -10 -100    0 -1000 -1000 -10
63 48 pedestrian 0 0 -10 645.38 174.56 686.25 213.95 -10 -10 -10 -100    0 -1000 -1000 -10
63 42 pedestrian 0 0 -10 673.87 176.63 752.85 246.07 -10 -10 -10 -100    0 -1000 -1000 -10
64 41 pedestrian 0 0 -10 485.42 140.17 553.00 224.98 -10 -10 -10 -100    0 -1000 -1000 -10
64 38 pedestrian 0 0 -10 432.80 177.06 523.99 260.70 -10 -10 -10 -100    0 -1000 -1000 -10
64 13 pedestrian 0 0 -10 714.69 174.66 820.61 270.65 -10 -10 -10 -100    0 -1000 -1000 -10
64 12 pedestrian 0 0 -10 766.62 180.41 1025.27 366.30 -10 -10 -10 -100    0 -1000 -1000 -10
64 47 pedestrian 0 0 -10 557.13 170.99 576.85 191.87 -10 -10 -10 -100    0 -1000 -1000 -10
64 49 pedestrian 0 0 -10 619.44 165.63 645.21 195.34 -10 -10 -10 -100    0 -1000 -1000 -10
64 51 pedestrian 0 0 -10 574.99 170.69 589.37 183.97 -10 -10 -10 -100    0 -1000 -1000 -10
64 50 pedestrian 0 0 -10 602.52 169.70 622.32 189.77 -10 -10 -10 -100    0 -1000 -1000 -10
64 48 pedestrian 0 0 -10 647.88 174.81 687.85 214.56 -10 -10 -10 -100    0 -1000 -1000 -10
64 42 pedestrian 0 0 -10 676.73 177.13 760.23 250.13 -10 -10 -10 -100    0 -1000 -1000 -10
65 41 pedestrian 0 0 -10 483.64 139.70 553.27 226.39 -10 -10 -10 -100    0 -1000 -1000 -10
65 38 pedestrian 0 0 -10 428.08 178.44 522.54 265.42 -10 -10 -10 -100    0 -1000 -1000 -10
65 13 pedestrian 0 0 -10 720.67 176.11 835.25 277.29 -10 -10 -10 -100    0 -1000 -1000 -10
65 12 pedestrian 0 0 -10 781.39 180.06 1071.05 375.00 -10 -10 -10 -100    0 -1000 -1000 -10
65 47 pedestrian 0 0 -10 558.70 172.11 578.12 193.28 -10 -10 -10 -100    0 -1000 -1000 -10
65 49 pedestrian 0 0 -10 620.83 166.68 647.46 196.80 -10 -10 -10 -100    0 -1000 -1000 -10
65 51 pedestrian 0 0 -10 578.10 171.43 593.13 185.76 -10 -10 -10 -100    0 -1000 -1000 -10
65 50 pedestrian 0 0 -10 605.23 171.57 626.26 191.50 -10 -10 -10 -100    0 -1000 -1000 -10
65 48 pedestrian 0 0 -10 650.46 175.72 691.97 217.10 -10 -10 -10 -100    0 -1000 -1000 -10
65 42 pedestrian 0 0 -10 680.09 178.07 765.83 253.49 -10 -10 -10 -100    0 -1000 -1000 -10
66 41 pedestrian 0 0 -10 479.97 138.94 552.42 227.69 -10 -10 -10 -100    0 -1000 -1000 -10
66 38 pedestrian 0 0 -10 420.72 179.04 519.77 269.90 -10 -10 -10 -100    0 -1000 -1000 -10
66 13 pedestrian 0 0 -10 725.88 176.93 845.63 283.60 -10 -10 -10 -100    0 -1000 -1000 -10
66 12 pedestrian 0 0 -10 796.22 180.54 1127.89 375.00 -10 -10 -10 -100    0 -1000 -1000 -10
66 47 pedestrian 0 0 -10 558.17 172.20 578.06 194.53 -10 -10 -10 -100    0 -1000 -1000 -10
66 49 pedestrian 0 0 -10 622.54 166.82 650.37 197.78 -10 -10 -10 -100    0 -1000 -1000 -10
66 51 pedestrian 0 0 -10 577.92 171.38 594.23 186.36 -10 -10 -10 -100    0 -1000 -1000 -10
66 50 pedestrian 0 0 -10 606.37 170.71 628.24 191.95 -10 -10 -10 -100    0 -1000 -1000 -10
66 48 pedestrian 0 0 -10 652.44 176.56 695.76 218.48 -10 -10 -10 -100    0 -1000 -1000 -10
66 42 pedestrian 0 0 -10 684.14 178.59 773.47 257.76 -10 -10 -10 -100    0 -1000 -1000 -10
67 41 pedestrian 0 0 -10 474.96 136.34 550.41 227.16 -10 -10 -10 -100    0 -1000 -1000 -10
67 38 pedestrian 0 0 -10 414.25 177.57 518.01 273.08 -10 -10 -10 -100    0 -1000 -1000 -10
67 13 pedestrian 0 0 -10 731.95 175.56 861.99 288.85 -10 -10 -10 -100    0 -1000 -1000 -10
67 12 pedestrian 0 0 -10 810.91 180.18 1203.76 375.00 -10 -10 -10 -100    0 -1000 -1000 -10
67 47 pedestrian 0 0 -10 556.06 171.21 576.10 193.08 -10 -10 -10 -100    0 -1000 -1000 -10
67 49 pedestrian 0 0 -10 623.30 166.20 649.93 197.05 -10 -10 -10 -100    0 -1000 -1000 -10
67 51 pedestrian 0 0 -10 575.88 170.96 591.82 185.54 -10 -10 -10 -100    0 -1000 -1000 -10
67 50 pedestrian 0 0 -10 606.85 170.58 628.38 190.98 -10 -10 -10 -100    0 -1000 -1000 -10
67 48 pedestrian 0 0 -10 654.08 175.02 696.93 218.10 -10 -10 -10 -100    0 -1000 -1000 -10
67 42 pedestrian 0 0 -10 687.18 177.88 780.13 259.81 -10 -10 -10 -100    0 -1000 -1000 -10
68 41 pedestrian 0 0 -10 472.31 132.94 549.38 227.22 -10 -10 -10 -100    0 -1000 -1000 -10
68 38 pedestrian 0 0 -10 404.81 176.23 513.78 276.16 -10 -10 -10 -100    0 -1000 -1000 -10
68 13 pedestrian 0 0 -10 737.93 173.69 879.46 294.78 -10 -10 -10 -100    0 -1000 -1000 -10
68 12 pedestrian 0 0 -10 827.18 178.57 1242.00 375.00 -10 -10 -10 -100    0 -1000 -1000 -10
68 47 pedestrian 0 0 -10 557.00 169.89 576.86 190.99 -10 -10 -10 -100    0 -1000 -1000 -10
68 49 pedestrian 0 0 -10 623.82 163.01 650.56 195.37 -10 -10 -10 -100    0 -1000 -1000 -10
68 51 pedestrian 0 0 -10 576.64 169.27 592.93 183.75 -10 -10 -10 -100    0 -1000 -1000 -10
68 50 pedestrian 0 0 -10 607.10 168.92 628.63 188.99 -10 -10 -10 -100    0 -1000 -1000 -10
68 48 pedestrian 0 0 -10 655.32 173.24 699.82 217.31 -10 -10 -10 -100    0 -1000 -1000 -10
68 42 pedestrian 0 0 -10 689.80 176.40 786.31 261.95 -10 -10 -10 -100    0 -1000 -1000 -10
69 41 pedestrian 0 0 -10 468.31 130.76 547.98 227.77 -10 -10 -10 -100    0 -1000 -1000 -10
69 38 pedestrian 0 0 -10 394.19 175.85 510.09 280.50 -10 -10 -10 -100    0 -1000 -1000 -10
69 13 pedestrian 0 0 -10 745.13 173.10 901.21 303.25 -10 -10 -10 -100    0 -1000 -1000 -10
69 12 pedestrian 0 0 -10 852.94 179.62 1242.00 375.00 -10 -10 -10 -100    0 -1000 -1000 -10
69 47 pedestrian 0 0 -10 557.14 169.02 576.91 190.76 -10 -10 -10 -100    0 -1000 -1000 -10
69 49 pedestrian 0 0 -10 623.75 162.49 651.63 195.14 -10 -10 -10 -100    0 -1000 -1000 -10
69 51 pedestrian 0 0 -10 576.87 168.49 592.32 183.09 -10 -10 -10 -100    0 -1000 -1000 -10
69 50 pedestrian 0 0 -10 607.07 168.01 628.10 188.32 -10 -10 -10 -100    0 -1000 -1000 -10
69 48 pedestrian 0 0 -10 656.32 172.83 701.66 217.44 -10 -10 -10 -100    0 -1000 -1000 -10
69 42 pedestrian 0 0 -10 694.14 175.91 796.30 265.38 -10 -10 -10 -100    0 -1000 -1000 -10
70 41 pedestrian 0 0 -10 462.02 129.04 545.70 228.94 -10 -10 -10 -100    0 -1000 -1000 -10
70 38 pedestrian 0 0 -10 381.80 176.78 505.76 287.89 -10 -10 -10 -100    0 -1000 -1000 -10
70 13 pedestrian 0 0 -10 754.31 174.15 923.41 314.20 -10 -10 -10 -100    0 -1000 -1000 -10
70 12 pedestrian 0 0 -10 882.50 180.92 1242.00 375.00 -10 -10 -10 -100    0 -1000 -1000 -10
70 47 pedestrian 0 0 -10 557.49 170.27 576.91 193.05 -10 -10 -10 -100    0 -1000 -1000 -10
70 49 pedestrian 0 0 -10 622.49 164.17 651.07 197.02 -10 -10 -10 -100    0 -1000 -1000 -10
70 51 pedestrian 0 0 -10 577.52 170.01 592.22 184.46 -10 -10 -10 -100    0 -1000 -1000 -10
70 50 pedestrian 0 0 -10 605.59 169.46 627.30 190.77 -10 -10 -10 -100    0 -1000 -1000 -10
70 48 pedestrian 0 0 -10 657.37 174.59 704.12 219.91 -10 -10 -10 -100    0 -1000 -1000 -10
70 42 pedestrian 0 0 -10 697.63 177.31 807.81 272.54 -10 -10 -10 -100    0 -1000 -1000 -10
71 38 pedestrian 0 0 -10 368.37 178.36 500.57 297.58 -10 -10 -10 -100    0 -1000 -1000 -10
71 41 pedestrian 0 0 -10 457.80 128.76 544.37 232.14 -10 -10 -10 -100    0 -1000 -1000 -10
71 13 pedestrian 0 0 -10 764.04 175.25 952.87 329.16 -10 -10 -10 -100    0 -1000 -1000 -10
71 12 pedestrian 0 0 -10 916.65 181.09 1241.85 375.00 -10 -10 -10 -100    0 -1000 -1000 -10
71 47 pedestrian 0 0 -10 557.22 172.57 577.59 196.51 -10 -10 -10 -100    0 -1000 -1000 -10
71 49 pedestrian 0 0 -10 622.24 168.19 651.35 200.49 -10 -10 -10 -100    0 -1000 -1000 -10
71 51 pedestrian 0 0 -10 578.84 171.60 593.42 187.87 -10 -10 -10 -100    0 -1000 -1000 -10
71 50 pedestrian 0 0 -10 605.08 170.41 627.21 193.99 -10 -10 -10 -100    0 -1000 -1000 -10
71 48 pedestrian 0 0 -10 658.77 176.63 706.88 223.80 -10 -10 -10 -100    0 -1000 -1000 -10
71 42 pedestrian 0 0 -10 702.75 179.12 820.03 278.71 -10 -10 -10 -100    0 -1000 -1000 -10
72 38 pedestrian 0 0 -10 353.08 181.35 496.19 308.18 -10 -10 -10 -100    0 -1000 -1000 -10
72 41 pedestrian 0 0 -10 452.67 128.47 542.03 234.77 -10 -10 -10 -100    0 -1000 -1000 -10
72 13 pedestrian 0 0 -10 774.81 177.39 985.80 345.08 -10 -10 -10 -100    0 -1000 -1000 -10
72 12 pedestrian 0 0 -10 964.85 177.88 1242.00 375.00 -10 -10 -10 -100    0 -1000 -1000 -10
72 47 pedestrian 0 0 -10 556.88 175.33 577.36 199.13 -10 -10 -10 -100    0 -1000 -1000 -10
72 49 pedestrian 0 0 -10 621.90 169.94 650.51 202.35 -10 -10 -10 -100    0 -1000 -1000 -10
72 51 pedestrian 0 0 -10 578.41 173.80 592.87 189.82 -10 -10 -10 -100    0 -1000 -1000 -10
72 50 pedestrian 0 0 -10 605.21 172.13 626.70 195.00 -10 -10 -10 -100    0 -1000 -1000 -10
72 48 pedestrian 0 0 -10 659.14 178.19 709.42 227.34 -10 -10 -10 -100    0 -1000 -1000 -10
72 42 pedestrian 0 0 -10 707.41 180.01 834.87 286.88 -10 -10 -10 -100    0 -1000 -1000 -10
73 38 pedestrian 0 0 -10 334.73 181.69 491.63 317.01 -10 -10 -10 -100    0 -1000 -1000 -10
73 41 pedestrian 0 0 -10 445.28 124.98 539.49 237.18 -10 -10 -10 -100    0 -1000 -1000 -10
73 13 pedestrian 0 0 -10 785.40 177.91 1029.07 363.90 -10 -10 -10 -100    0 -1000 -1000 -10
73 12 pedestrian 0 0 -10 1046.08 202.83 1242.00 375.00 -10 -10 -10 -100    0 -1000 -1000 -10
73 47 pedestrian 0 0 -10 555.51 175.60 575.85 198.95 -10 -10 -10 -100    0 -1000 -1000 -10
73 49 pedestrian 0 0 -10 621.32 168.90 650.83 202.65 -10 -10 -10 -100    0 -1000 -1000 -10
73 51 pedestrian 0 0 -10 577.48 174.03 591.88 189.83 -10 -10 -10 -100    0 -1000 -1000 -10
73 50 pedestrian 0 0 -10 604.14 172.92 625.55 194.71 -10 -10 -10 -100    0 -1000 -1000 -10
73 48 pedestrian 0 0 -10 660.01 178.07 712.58 228.71 -10 -10 -10 -100    0 -1000 -1000 -10
73 42 pedestrian 0 0 -10 711.45 179.49 848.14 292.59 -10 -10 -10 -100    0 -1000 -1000 -10
74 38 pedestrian 0 0 -10 312.20 179.35 484.04 325.42 -10 -10 -10 -100    0 -1000 -1000 -10
74 41 pedestrian 0 0 -10 440.17 122.56 537.27 238.55 -10 -10 -10 -100    0 -1000 -1000 -10
74 13 pedestrian 0 0 -10 799.89 176.33 1080.93 375.00 -10 -10 -10 -100    0 -1000 -1000 -10
74 49 pedestrian 0 0 -10 621.40 166.07 651.82 200.57 -10 -10 -10 -100    0 -1000 -1000 -10
74 51 pedestrian 0 0 -10 577.13 171.15 592.43 186.76 -10 -10 -10 -100    0 -1000 -1000 -10
74 50 pedestrian 0 0 -10 603.82 170.37 625.93 193.17 -10 -10 -10 -100    0 -1000 -1000 -10
74 48 pedestrian 0 0 -10 661.61 175.96 716.30 228.16 -10 -10 -10 -100    0 -1000 -1000 -10
74 42 pedestrian 0 0 -10 714.85 178.37 865.24 299.47 -10 -10 -10 -100    0 -1000 -1000 -10
75 38 pedestrian 0 0 -10 286.59 177.61 477.00 337.86 -10 -10 -10 -100    0 -1000 -1000 -10
75 41 pedestrian 0 0 -10 434.50 117.83 535.75 238.67 -10 -10 -10 -100    0 -1000 -1000 -10
75 13 pedestrian 0 0 -10 816.14 173.78 1147.86 375.00 -10 -10 -10 -100    0 -1000 -1000 -10
75 49 pedestrian 0 0 -10 623.22 163.54 653.80 198.32 -10 -10 -10 -100    0 -1000 -1000 -10
75 51 pedestrian 0 0 -10 577.56 168.63 592.42 184.00 -10 -10 -10 -100    0 -1000 -1000 -10
75 50 pedestrian 0 0 -10 604.37 168.23 627.26 191.24 -10 -10 -10 -100    0 -1000 -1000 -10
75 48 pedestrian 0 0 -10 663.48 173.31 719.58 227.43 -10 -10 -10 -100    0 -1000 -1000 -10
75 42 pedestrian 0 0 -10 720.90 176.48 885.97 305.76 -10 -10 -10 -100    0 -1000 -1000 -10
76 38 pedestrian 0 0 -10 257.66 179.24 468.15 355.69 -10 -10 -10 -100    0 -1000 -1000 -10
76 41 pedestrian 0 0 -10 425.68 117.86 533.37 243.72 -10 -10 -10 -100    0 -1000 -1000 -10
76 13 pedestrian 0 0 -10 838.81 172.27 1241.72 375.00 -10 -10 -10 -100    0 -1000 -1000 -10
76 49 pedestrian 0 0 -10 623.35 162.02 654.27 197.43 -10 -10 -10 -100    0 -1000 -1000 -10
76 51 pedestrian 0 0 -10 577.45 168.36 591.81 183.35 -10 -10 -10 -100    0 -1000 -1000 -10
76 50 pedestrian 0 0 -10 604.87 166.78 625.75 188.56 -10 -10 -10 -100    0 -1000 -1000 -10
76 48 pedestrian 0 0 -10 664.64 172.68 723.55 227.97 -10 -10 -10 -100    0 -1000 -1000 -10
76 42 pedestrian 0 0 -10 726.90 175.98 906.93 316.30 -10 -10 -10 -100    0 -1000 -1000 -10
77 38 pedestrian 0 0 -10 219.81 182.13 457.23 375.00 -10 -10 -10 -100    0 -1000 -1000 -10
77 41 pedestrian 0 0 -10 416.60 116.92 531.22 249.51 -10 -10 -10 -100    0 -1000 -1000 -10
77 13 pedestrian 0 0 -10 866.44 170.25 1242.00 375.00 -10 -10 -10 -100    0 -1000 -1000 -10
77 47 pedestrian 0 0 -10 555.58 171.19 575.62 191.50 -10 -10 -10 -100    0 -1000 -1000 -10
77 49 pedestrian 0 0 -10 623.70 161.79 655.23 197.61 -10 -10 -10 -100    0 -1000 -1000 -10
77 51 pedestrian 0 0 -10 577.99 168.86 593.24 184.01 -10 -10 -10 -100    0 -1000 -1000 -10
77 50 pedestrian 0 0 -10 605.53 166.84 627.27 188.84 -10 -10 -10 -100    0 -1000 -1000 -10
77 48 pedestrian 0 0 -10 665.92 172.00 727.71 229.83 -10 -10 -10 -100    0 -1000 -1000 -10
77 42 pedestrian 0 0 -10 735.42 175.92 938.63 330.77 -10 -10 -10 -100    0 -1000 -1000 -10
78 38 pedestrian 0 0 -10 175.41 184.04 447.20 375.00 -10 -10 -10 -100    0 -1000 -1000 -10
78 41 pedestrian 0 0 -10 406.95 116.42 528.86 255.66 -10 -10 -10 -100    0 -1000 -1000 -10
78 13 pedestrian 0 0 -10 900.46 175.58 1241.79 375.00 -10 -10 -10 -100    0 -1000 -1000 -10
78 47 pedestrian 0 0 -10 554.68 172.59 576.06 193.68 -10 -10 -10 -100    0 -1000 -1000 -10
78 49 pedestrian 0 0 -10 624.44 162.72 657.41 200.14 -10 -10 -10 -100    0 -1000 -1000 -10
78 51 pedestrian 0 0 -10 577.50 170.64 593.43 186.57 -10 -10 -10 -100    0 -1000 -1000 -10
78 50 pedestrian 0 0 -10 605.88 168.58 628.11 191.30 -10 -10 -10 -100    0 -1000 -1000 -10
78 48 pedestrian 0 0 -10 668.19 173.08 733.49 233.41 -10 -10 -10 -100    0 -1000 -1000 -10
78 42 pedestrian 0 0 -10 744.46 177.12 975.62 350.50 -10 -10 -10 -100    0 -1000 -1000 -10
79 41 pedestrian 0 0 -10 396.99 115.50 526.45 264.34 -10 -10 -10 -100    0 -1000 -1000 -10
79 13 pedestrian 0 0 -10 941.81 178.45 1241.80 375.00 -10 -10 -10 -100    0 -1000 -1000 -10
79 47 pedestrian 0 0 -10 554.61 175.93 575.95 195.96 -10 -10 -10 -100    0 -1000 -1000 -10
79 49 pedestrian 0 0 -10 624.68 164.64 658.29 202.02 -10 -10 -10 -100    0 -1000 -1000 -10
79 51 pedestrian 0 0 -10 577.31 173.67 593.36 189.33 -10 -10 -10 -100    0 -1000 -1000 -10
79 50 pedestrian 0 0 -10 605.95 172.85 627.20 193.86 -10 -10 -10 -100    0 -1000 -1000 -10
79 48 pedestrian 0 0 -10 670.63 176.00 738.52 238.25 -10 -10 -10 -100    0 -1000 -1000 -10
79 42 pedestrian 0 0 -10 756.00 179.69 1023.51 375.00 -10 -10 -10 -100    0 -1000 -1000 -10
79 38 pedestrian 0 0 -10 117.44 187.08 434.79 375.00 -10 -10 -10 -100    0 -1000 -1000 -10
80 41 pedestrian 0 0 -10 383.10 116.18 524.74 272.73 -10 -10 -10 -100    0 -1000 -1000 -10
80 13 pedestrian 0 0 -10 1000.71 173.14 1242.00 375.00 -10 -10 -10 -100    0 -1000 -1000 -10
80 47 pedestrian 0 0 -10 555.26 177.62 576.12 198.41 -10 -10 -10 -100    0 -1000 -1000 -10
80 49 pedestrian 0 0 -10 626.26 168.53 660.65 205.88 -10 -10 -10 -100    0 -1000 -1000 -10
80 51 pedestrian 0 0 -10 578.52 175.79 594.49 191.56 -10 -10 -10 -100    0 -1000 -1000 -10
80 50 pedestrian 0 0 -10 606.14 173.97 627.05 195.76 -10 -10 -10 -100    0 -1000 -1000 -10
80 48 pedestrian 0 0 -10 674.03 179.06 744.38 242.94 -10 -10 -10 -100    0 -1000 -1000 -10
80 42 pedestrian 0 0 -10 768.96 183.64 1077.79 375.00 -10 -10 -10 -100    0 -1000 -1000 -10
80 38 pedestrian 0 0 -10 38.80 189.16 421.42 375.00 -10 -10 -10 -100    0 -1000 -1000 -10
81 41 pedestrian 0 0 -10 371.98 114.90 520.90 280.33 -10 -10 -10 -100    0 -1000 -1000 -10
81 47 pedestrian 0 0 -10 554.85 180.65 576.81 201.60 -10 -10 -10 -100    0 -1000 -1000 -10
81 49 pedestrian 0 0 -10 627.87 170.27 662.07 208.92 -10 -10 -10 -100    0 -1000 -1000 -10
81 51 pedestrian 0 0 -10 579.46 177.61 594.25 195.26 -10 -10 -10 -100    0 -1000 -1000 -10
81 50 pedestrian 0 0 -10 608.21 174.83 629.71 198.90 -10 -10 -10 -100    0 -1000 -1000 -10
81 48 pedestrian 0 0 -10 676.85 180.75 751.51 248.65 -10 -10 -10 -100    0 -1000 -1000 -10
81 42 pedestrian 0 0 -10 783.39 185.63 1151.63 375.00 -10 -10 -10 -100    0 -1000 -1000 -10
81 38 pedestrian 0 0 -10 0.00 190.16 402.45 375.00 -10 -10 -10 -100    0 -1000 -1000 -10
82 47 pedestrian 0 0 -10 555.11 182.09 576.51 202.25 -10 -10 -10 -100    0 -1000 -1000 -10
82 49 pedestrian 0 0 -10 628.81 170.54 663.50 210.31 -10 -10 -10 -100    0 -1000 -1000 -10
82 51 pedestrian 0 0 -10 579.90 178.99 594.77 196.49 -10 -10 -10 -100    0 -1000 -1000 -10
82 50 pedestrian 0 0 -10 607.08 176.43 629.66 199.77 -10 -10 -10 -100    0 -1000 -1000 -10
82 48 pedestrian 0 0 -10 679.66 181.66 758.59 252.44 -10 -10 -10 -100    0 -1000 -1000 -10
82 42 pedestrian 0 0 -10 803.59 185.06 1239.37 375.00 -10 -10 -10 -100    0 -1000 -1000 -10
82 38 pedestrian 0 0 -10 0.00 191.61 376.47 375.00 -10 -10 -10 -100    0 -1000 -1000 -10
82 41 pedestrian 0 0 -10 357.54 113.19 517.07 291.53 -10 -10 -10 -100    0 -1000 -1000 -10
83 47 pedestrian 0 0 -10 554.08 181.12 576.51 201.83 -10 -10 -10 -100    0 -1000 -1000 -10
83 49 pedestrian 0 0 -10 629.55 169.13 665.27 210.45 -10 -10 -10 -100    0 -1000 -1000 -10
83 51 pedestrian 0 0 -10 579.97 178.23 594.90 195.58 -10 -10 -10 -100    0 -1000 -1000 -10
83 50 pedestrian 0 0 -10 608.33 174.60 630.84 198.69 -10 -10 -10 -100    0 -1000 -1000 -10
83 48 pedestrian 0 0 -10 683.21 181.16 766.38 254.77 -10 -10 -10 -100    0 -1000 -1000 -10
83 42 pedestrian 0 0 -10 828.96 184.19 1241.63 375.00 -10 -10 -10 -100    0 -1000 -1000 -10
83 38 pedestrian 0 0 -10 0.00 194.08 348.61 375.00 -10 -10 -10 -100    0 -1000 -1000 -10
83 41 pedestrian 0 0 -10 337.62 109.92 513.36 301.81 -10 -10 -10 -100    0 -1000 -1000 -10
84 47 pedestrian 0 0 -10 553.24 179.73 576.36 200.98 -10 -10 -10 -100    0 -1000 -1000 -10
84 49 pedestrian 0 0 -10 629.58 168.02 666.72 209.58 -10 -10 -10 -100    0 -1000 -1000 -10
84 51 pedestrian 0 0 -10 580.08 177.19 595.37 194.69 -10 -10 -10 -100    0 -1000 -1000 -10
84 50 pedestrian 0 0 -10 607.68 175.62 630.17 199.05 -10 -10 -10 -100    0 -1000 -1000 -10
84 48 pedestrian 0 0 -10 687.38 180.22 775.70 258.39 -10 -10 -10 -100    0 -1000 -1000 -10
84 42 pedestrian 0 0 -10 861.29 179.44 1242.00 375.00 -10 -10 -10 -100    0 -1000 -1000 -10
84 38 pedestrian 0 0 -10 0.26 196.13 307.67 375.00 -10 -10 -10 -100    0 -1000 -1000 -10
84 41 pedestrian 0 0 -10 317.94 104.05 508.84 312.29 -10 -10 -10 -100    0 -1000 -1000 -10
85 47 pedestrian 0 0 -10 553.83 179.13 576.63 200.20 -10 -10 -10 -100    0 -1000 -1000 -10
85 49 pedestrian 0 0 -10 631.06 167.18 668.58 209.60 -10 -10 -10 -100    0 -1000 -1000 -10
85 51 pedestrian 0 0 -10 581.04 176.14 596.43 193.54 -10 -10 -10 -100    0 -1000 -1000 -10
85 50 pedestrian 0 0 -10 608.24 174.60 630.27 197.48 -10 -10 -10 -100    0 -1000 -1000 -10
85 48 pedestrian 0 0 -10 691.17 179.79 785.26 263.32 -10 -10 -10 -100    0 -1000 -1000 -10
85 42 pedestrian 0 0 -10 894.74 174.32 1242.00 375.00 -10 -10 -10 -100    0 -1000 -1000 -10
85 38 pedestrian 0 0 -10 0.00 202.11 260.02 375.00 -10 -10 -10 -100    0 -1000 -1000 -10
85 41 pedestrian 0 0 -10 292.67 97.51 504.79 324.09 -10 -10 -10 -100    0 -1000 -1000 -10
86 47 pedestrian 0 0 -10 553.55 177.20 576.50 199.36 -10 -10 -10 -100    0 -1000 -1000 -10
86 49 pedestrian 0 0 -10 631.50 166.12 669.59 209.01 -10 -10 -10 -100    0 -1000 -1000 -10
86 51 pedestrian 0 0 -10 580.51 174.82 596.40 192.61 -10 -10 -10 -100    0 -1000 -1000 -10
86 50 pedestrian 0 0 -10 607.57 173.58 630.38 197.57 -10 -10 -10 -100    0 -1000 -1000 -10
86 48 pedestrian 0 0 -10 694.24 179.44 796.97 267.61 -10 -10 -10 -100    0 -1000 -1000 -10
86 42 pedestrian 0 0 -10 952.02 172.68 1242.00 375.00 -10 -10 -10 -100    0 -1000 -1000 -10
86 41 pedestrian 0 0 -10 262.01 87.79 499.50 337.55 -10 -10 -10 -100    0 -1000 -1000 -10
87 47 pedestrian 0 0 -10 553.18 177.26 575.98 199.39 -10 -10 -10 -100    0 -1000 -1000 -10
87 49 pedestrian 0 0 -10 631.99 165.66 670.60 209.31 -10 -10 -10 -100    0 -1000 -1000 -10
87 51 pedestrian 0 0 -10 580.38 174.35 596.41 192.54 -10 -10 -10 -100    0 -1000 -1000 -10
87 50 pedestrian 0 0 -10 607.58 173.17 630.57 197.98 -10 -10 -10 -100    0 -1000 -1000 -10
87 48 pedestrian 0 0 -10 699.18 179.38 809.21 272.59 -10 -10 -10 -100    0 -1000 -1000 -10
87 42 pedestrian 0 0 -10 1030.50 182.61 1242.00 375.00 -10 -10 -10 -100    0 -1000 -1000 -10
87 41 pedestrian 0 0 -10 224.34 78.14 490.68 357.44 -10 -10 -10 -100    0 -1000 -1000 -10
88 47 pedestrian 0 0 -10 552.59 177.81 576.18 200.14 -10 -10 -10 -100    0 -1000 -1000 -10
88 49 pedestrian 0 0 -10 632.38 165.64 672.25 211.06 -10 -10 -10 -100    0 -1000 -1000 -10
88 51 pedestrian 0 0 -10 581.30 175.15 596.96 193.33 -10 -10 -10 -100    0 -1000 -1000 -10
88 50 pedestrian 0 0 -10 607.67 174.63 630.34 198.33 -10 -10 -10 -100    0 -1000 -1000 -10
88 48 pedestrian 0 0 -10 704.58 180.84 824.29 279.76 -10 -10 -10 -100    0 -1000 -1000 -10
88 41 pedestrian 0 0 -10 176.46 68.66 483.33 375.00 -10 -10 -10 -100    0 -1000 -1000 -10
89 47 pedestrian 0 0 -10 552.09 179.16 575.86 200.79 -10 -10 -10 -100    0 -1000 -1000 -10
89 49 pedestrian 0 0 -10 633.32 166.55 674.02 212.17 -10 -10 -10 -100    0 -1000 -1000 -10
89 51 pedestrian 0 0 -10 581.21 175.76 596.50 193.54 -10 -10 -10 -100    0 -1000 -1000 -10
89 50 pedestrian 0 0 -10 610.18 172.57 632.71 198.43 -10 -10 -10 -100    0 -1000 -1000 -10
89 48 pedestrian 0 0 -10 710.86 181.09 841.00 288.53 -10 -10 -10 -100    0 -1000 -1000 -10
89 41 pedestrian 0 0 -10 120.20 48.09 476.41 375.00 -10 -10 -10 -100    0 -1000 -1000 -10
90 47 pedestrian 0 0 -10 551.30 179.49 575.97 201.93 -10 -10 -10 -100    0 -1000 -1000 -10
90 49 pedestrian 0 0 -10 634.56 166.57 676.10 213.71 -10 -10 -10 -100    0 -1000 -1000 -10
90 51 pedestrian 0 0 -10 582.40 176.28 597.20 194.44 -10 -10 -10 -100    0 -1000 -1000 -10
90 50 pedestrian 0 0 -10 610.28 176.53 631.30 199.73 -10 -10 -10 -100    0 -1000 -1000 -10
90 48 pedestrian 0 0 -10 717.16 181.53 860.41 298.91 -10 -10 -10 -100    0 -1000 -1000 -10
90 41 pedestrian 0 0 -10 48.02 31.43 466.35 375.00 -10 -10 -10 -100    0 -1000 -1000 -10
91 47 pedestrian 0 0 -10 550.93 179.54 575.80 202.52 -10 -10 -10 -100    0 -1000 -1000 -10
91 49 pedestrian 0 0 -10 635.51 166.29 678.34 214.56 -10 -10 -10 -100    0 -1000 -1000 -10
91 51 pedestrian 0 0 -10 581.97 176.28 597.00 194.34 -10 -10 -10 -100    0 -1000 -1000 -10
91 50 pedestrian 0 0 -10 609.99 176.25 632.28 200.66 -10 -10 -10 -100    0 -1000 -1000 -10
91 48 pedestrian 0 0 -10 723.97 182.06 884.59 311.34 -10 -10 -10 -100    0 -1000 -1000 -10
91 41 pedestrian 0 0 -10 0.00 0.00 455.88 375.00 -10 -10 -10 -100    0 -1000 -1000 -10
92 47 pedestrian 0 0 -10 550.99 180.31 575.52 203.32 -10 -10 -10 -100    0 -1000 -1000 -10
92 49 pedestrian 0 0 -10 636.72 165.74 680.86 215.09 -10 -10 -10 -100    0 -1000 -1000 -10
92 51 pedestrian 0 0 -10 582.51 176.43 597.30 194.15 -10 -10 -10 -100    0 -1000 -1000 -10
92 50 pedestrian 0 0 -10 611.68 176.22 635.44 200.58 -10 -10 -10 -100    0 -1000 -1000 -10
92 48 pedestrian 0 0 -10 731.73 182.86 911.38 326.18 -10 -10 -10 -100    0 -1000 -1000 -10
92 41 pedestrian 0 0 -10 0.00 0.00 442.44 375.00 -10 -10 -10 -100    0 -1000 -1000 -10
93 47 pedestrian 0 0 -10 550.99 182.29 575.51 206.26 -10 -10 -10 -100    0 -1000 -1000 -10
93 49 pedestrian 0 0 -10 638.79 167.66 683.62 217.47 -10 -10 -10 -100    0 -1000 -1000 -10
93 51 pedestrian 0 0 -10 582.26 177.86 597.92 195.75 -10 -10 -10 -100    0 -1000 -1000 -10
93 50 pedestrian 0 0 -10 612.62 179.07 637.71 202.82 -10 -10 -10 -100    0 -1000 -1000 -10
93 48 pedestrian 0 0 -10 741.61 184.83 944.81 345.35 -10 -10 -10 -100    0 -1000 -1000 -10
93 41 pedestrian 0 0 -10 0.00 0.00 424.74 375.00 -10 -10 -10 -100    0 -1000 -1000 -10
94 47 pedestrian 0 0 -10 551.54 184.30 575.54 207.59 -10 -10 -10 -100    0 -1000 -1000 -10
94 49 pedestrian 0 0 -10 639.90 167.94 686.54 219.44 -10 -10 -10 -100    0 -1000 -1000 -10
94 51 pedestrian 0 0 -10 582.54 179.04 598.53 197.09 -10 -10 -10 -100    0 -1000 -1000 -10
94 50 pedestrian 0 0 -10 613.01 180.31 638.66 203.12 -10 -10 -10 -100    0 -1000 -1000 -10
94 48 pedestrian 0 0 -10 752.23 185.94 987.08 365.00 -10 -10 -10 -100    0 -1000 -1000 -10
94 41 pedestrian 0 0 -10 0.00 0.00 403.40 375.00 -10 -10 -10 -100    0 -1000 -1000 -10
95 47 pedestrian 0 0 -10 551.06 183.54 576.50 206.99 -10 -10 -10 -100    0 -1000 -1000 -10
95 49 pedestrian 0 0 -10 640.80 165.89 688.93 219.15 -10 -10 -10 -100    0 -1000 -1000 -10
95 51 pedestrian 0 0 -10 583.62 178.16 600.76 196.78 -10 -10 -10 -100    0 -1000 -1000 -10
95 50 pedestrian 0 0 -10 614.33 179.72 640.19 202.89 -10 -10 -10 -100    0 -1000 -1000 -10
95 48 pedestrian 0 0 -10 766.18 185.10 1041.07 375.00 -10 -10 -10 -100    0 -1000 -1000 -10
95 41 pedestrian 0 0 -10 0.00 0.00 377.82 375.00 -10 -10 -10 -100    0 -1000 -1000 -10
96 47 pedestrian 0 0 -10 550.87 180.12 576.46 204.31 -10 -10 -10 -100    0 -1000 -1000 -10
96 49 pedestrian 0 0 -10 642.52 161.93 691.53 216.44 -10 -10 -10 -100    0 -1000 -1000 -10
96 51 pedestrian 0 0 -10 583.89 174.97 600.62 192.56 -10 -10 -10 -100    0 -1000 -1000 -10
96 50 pedestrian 0 0 -10 615.39 177.12 642.77 200.64 -10 -10 -10 -100    0 -1000 -1000 -10
96 48 pedestrian 0 0 -10 782.30 182.13 1113.34 375.00 -10 -10 -10 -100    0 -1000 -1000 -10
96 41 pedestrian 0 0 -10 0.00 0.00 345.86 375.00 -10 -10 -10 -100    0 -1000 -1000 -10
97 47 pedestrian 0 0 -10 550.93 177.71 576.76 202.77 -10 -10 -10 -100    0 -1000 -1000 -10
97 49 pedestrian 0 0 -10 645.00 160.18 695.21 215.94 -10 -10 -10 -100    0 -1000 -1000 -10
97 51 pedestrian 0 0 -10 584.55 172.54 601.81 190.47 -10 -10 -10 -100    0 -1000 -1000 -10
97 50 pedestrian 0 0 -10 616.38 175.63 643.57 198.94 -10 -10 -10 -100    0 -1000 -1000 -10
97 48 pedestrian 0 0 -10 803.83 180.74 1216.50 375.00 -10 -10 -10 -100    0 -1000 -1000 -10
97 41 pedestrian 0 0 -10 0.00 0.00 309.31 375.00 -10 -10 -10 -100    0 -1000 -1000 -10
98 47 pedestrian 0 0 -10 551.09 177.32 577.32 202.84 -10 -10 -10 -100    0 -1000 -1000 -10
98 49 pedestrian 0 0 -10 646.78 158.82 698.46 216.77 -10 -10 -10 -100    0 -1000 -1000 -10
98 51 pedestrian 0 0 -10 585.05 172.39 602.61 190.45 -10 -10 -10 -100    0 -1000 -1000 -10
98 50 pedestrian 0 0 -10 616.95 175.78 644.85 199.26 -10 -10 -10 -100    0 -1000 -1000 -10
98 48 pedestrian 0 0 -10 829.50 180.33 1241.12 375.00 -10 -10 -10 -100    0 -1000 -1000 -10
98 41 pedestrian 0 0 -10 0.00 0.00 253.96 375.00 -10 -10 -10 -100    0 -1000 -1000 -10
99 47 pedestrian 0 0 -10 551.26 178.05 577.85 203.56 -10 -10 -10 -100    0 -1000 -1000 -10
99 49 pedestrian 0 0 -10 648.13 159.53 701.60 219.62 -10 -10 -10 -100    0 -1000 -1000 -10
99 51 pedestrian 0 0 -10 585.78 173.61 602.76 190.90 -10 -10 -10 -100    0 -1000 -1000 -10
99 50 pedestrian 0 0 -10 617.92 176.86 646.75 200.44 -10 -10 -10 -100    0 -1000 -1000 -10
99 48 pedestrian 0 0 -10 865.72 178.26 1242.00 375.00 -10 -10 -10 -100    0 -1000 -1000 -10
100 47 pedestrian 0 0 -10 551.07 178.40 578.34 204.59 -10 -10 -10 -100    0 -1000 -1000 -10
100 49 pedestrian 0 0 -10 649.51 159.90 705.67 222.37 -10 -10 -10 -100    0 -1000 -1000 -10
100 51 pedestrian 0 0 -10 585.43 174.97 603.17 192.47 -10 -10 -10 -100    0 -1000 -1000 -10
100 50 pedestrian 0 0 -10 619.78 178.23 649.34 201.63 -10 -10 -10 -100    0 -1000 -1000 -10
100 48 pedestrian 0 0 -10 905.85 182.10 1241.69 375.00 -10 -10 -10 -100    0 -1000 -1000 -10
101 47 pedestrian 0 0 -10 551.38 178.38 579.16 204.74 -10 -10 -10 -100    0 -1000 -1000 -10
101 49 pedestrian 0 0 -10 652.10 159.16 710.24 224.00 -10 -10 -10 -100    0 -1000 -1000 -10
101 51 pedestrian 0 0 -10 585.78 174.75 604.54 191.96 -10 -10 -10 -100    0 -1000 -1000 -10
101 50 pedestrian 0 0 -10 621.10 177.29 651.40 201.44 -10 -10 -10 -100    0 -1000 -1000 -10
101 48 pedestrian 0 0 -10 964.42 190.27 1241.99 375.00 -10 -10 -10 -100    0 -1000 -1000 -10
102 47 pedestrian 0 0 -10 551.51 177.11 579.46 204.22 -10 -10 -10 -100    0 -1000 -1000 -10
102 49 pedestrian 0 0 -10 653.90 158.95 714.53 225.53 -10 -10 -10 -100    0 -1000 -1000 -10
102 51 pedestrian 0 0 -10 587.07 173.82 606.18 191.48 -10 -10 -10 -100    0 -1000 -1000 -10
102 50 pedestrian 0 0 -10 621.51 174.38 654.26 200.42 -10 -10 -10 -100    0 -1000 -1000 -10
103 47 pedestrian 0 0 -10 551.54 176.32 580.11 204.17 -10 -10 -10 -100    0 -1000 -1000 -10
103 49 pedestrian 0 0 -10 656.83 157.44 719.38 227.09 -10 -10 -10 -100    0 -1000 -1000 -10
103 51 pedestrian 0 0 -10 589.36 172.91 607.15 189.24 -10 -10 -10 -100    0 -1000 -1000 -10
103 50 pedestrian 0 0 -10 622.57 171.36 656.12 199.83 -10 -10 -10 -100    0 -1000 -1000 -10
104 47 pedestrian 0 0 -10 551.35 175.66 580.49 204.43 -10 -10 -10 -100    0 -1000 -1000 -10
104 49 pedestrian 0 0 -10 658.86 156.96 725.63 228.98 -10 -10 -10 -100    0 -1000 -1000 -10
104 51 pedestrian 0 0 -10 589.07 172.91 607.27 189.42 -10 -10 -10 -100    0 -1000 -1000 -10
104 50 pedestrian 0 0 -10 622.80 172.09 658.88 201.93 -10 -10 -10 -100    0 -1000 -1000 -10
105 47 pedestrian 0 0 -10 551.07 176.03 580.78 204.97 -10 -10 -10 -100    0 -1000 -1000 -10
105 49 pedestrian 0 0 -10 661.77 156.26 732.47 231.35 -10 -10 -10 -100    0 -1000 -1000 -10
105 51 pedestrian 0 0 -10 588.24 173.49 608.32 191.40 -10 -10 -10 -100    0 -1000 -1000 -10
105 50 pedestrian 0 0 -10 623.50 172.29 663.46 205.48 -10 -10 -10 -100    0 -1000 -1000 -10
106 47 pedestrian 0 0 -10 550.64 175.85 581.00 205.72 -10 -10 -10 -100    0 -1000 -1000 -10
106 49 pedestrian 0 0 -10 664.56 154.72 739.29 233.72 -10 -10 -10 -100    0 -1000 -1000 -10
106 51 pedestrian 0 0 -10 588.92 173.57 608.03 191.54 -10 -10 -10 -100    0 -1000 -1000 -10
106 50 pedestrian 0 0 -10 623.49 172.58 667.25 207.44 -10 -10 -10 -100    0 -1000 -1000 -10
107 47 pedestrian 0 0 -10 550.00 175.75 581.22 206.35 -10 -10 -10 -100    0 -1000 -1000 -10
107 49 pedestrian 0 0 -10 667.72 153.24 746.01 235.56 -10 -10 -10 -100    0 -1000 -1000 -10
107 51 pedestrian 0 0 -10 589.14 173.32 609.73 191.45 -10 -10 -10 -100    0 -1000 -1000 -10
107 50 pedestrian 0 0 -10 625.18 173.02 669.25 207.91 -10 -10 -10 -100    0 -1000 -1000 -10
108 47 pedestrian 0 0 -10 549.94 175.51 581.64 206.39 -10 -10 -10 -100    0 -1000 -1000 -10
108 49 pedestrian 0 0 -10 671.41 151.64 752.99 238.50 -10 -10 -10 -100    0 -1000 -1000 -10
108 51 pedestrian 0 0 -10 588.71 173.05 610.83 191.21 -10 -10 -10 -100    0 -1000 -1000 -10
108 50 pedestrian 0 0 -10 626.09 172.98 671.94 208.04 -10 -10 -10 -100    0 -1000 -1000 -10
109 47 pedestrian 0 0 -10 549.64 175.22 581.84 206.69 -10 -10 -10 -100    0 -1000 -1000 -10
109 49 pedestrian 0 0 -10 674.93 150.25 760.87 240.81 -10 -10 -10 -100    0 -1000 -1000 -10
109 51 pedestrian 0 0 -10 587.24 172.29 611.56 190.70 -10 -10 -10 -100    0 -1000 -1000 -10
109 50 pedestrian 0 0 -10 627.59 172.96 675.77 207.85 -10 -10 -10 -100    0 -1000 -1000 -10
110 47 pedestrian 0 0 -10 548.79 175.31 581.95 207.14 -10 -10 -10 -100    0 -1000 -1000 -10
110 49 pedestrian 0 0 -10 679.82 149.76 769.48 244.51 -10 -10 -10 -100    0 -1000 -1000 -10
110 51 pedestrian 0 0 -10 586.70 171.54 613.15 190.73 -10 -10 -10 -100    0 -1000 -1000 -10
110 50 pedestrian 0 0 -10 628.96 172.91 679.60 208.88 -10 -10 -10 -100    0 -1000 -1000 -10
111 49 pedestrian 0 0 -10 681.52 147.27 777.11 248.01 -10 -10 -10 -100    0 -1000 -1000 -10
111 51 pedestrian 0 0 -10 585.02 170.77 613.84 189.97 -10 -10 -10 -100    0 -1000 -1000 -10
111 47 pedestrian 0 0 -10 548.25 174.95 582.01 207.27 -10 -10 -10 -100    0 -1000 -1000 -10
111 50 pedestrian 0 0 -10 630.55 171.93 681.74 209.45 -10 -10 -10 -100    0 -1000 -1000 -10
112 49 pedestrian 0 0 -10 683.64 147.07 786.59 252.50 -10 -10 -10 -100    0 -1000 -1000 -10
112 51 pedestrian 0 0 -10 583.09 170.09 613.49 189.12 -10 -10 -10 -100    0 -1000 -1000 -10
112 47 pedestrian 0 0 -10 547.33 174.52 581.85 206.55 -10 -10 -10 -100    0 -1000 -1000 -10
113 49 pedestrian 0 0 -10 686.30 144.61 796.72 257.53 -10 -10 -10 -100    0 -1000 -1000 -10
113 51 pedestrian 0 0 -10 581.49 168.25 612.55 187.53 -10 -10 -10 -100    0 -1000 -1000 -10
113 47 pedestrian 0 0 -10 545.36 171.71 581.28 205.35 -10 -10 -10 -100    0 -1000 -1000 -10
114 49 pedestrian 0 0 -10 689.78 142.41 808.36 261.95 -10 -10 -10 -100    0 -1000 -1000 -10
114 51 pedestrian 0 0 -10 581.70 166.37 612.36 185.56 -10 -10 -10 -100    0 -1000 -1000 -10
114 47 pedestrian 0 0 -10 543.42 170.11 580.19 204.63 -10 -10 -10 -100    0 -1000 -1000 -10
115 52 pedestrian 0 0 -10 634.42 148.25 660.76 186.66 -10 -10 -10 -100    0 -1000 -1000 -10
115 49 pedestrian 0 0 -10 691.26 139.84 820.25 267.38 -10 -10 -10 -100    0 -1000 -1000 -10
115 51 pedestrian 0 0 -10 578.63 165.90 610.33 185.15 -10 -10 -10 -100    0 -1000 -1000 -10
115 47 pedestrian 0 0 -10 540.47 169.43 578.45 204.96 -10 -10 -10 -100    0 -1000 -1000 -10
116 52 pedestrian 0 0 -10 633.64 147.69 660.82 185.92 -10 -10 -10 -100    0 -1000 -1000 -10
116 49 pedestrian 0 0 -10 697.27 137.28 837.01 273.52 -10 -10 -10 -100    0 -1000 -1000 -10
116 51 pedestrian 0 0 -10 577.91 165.41 608.82 184.78 -10 -10 -10 -100    0 -1000 -1000 -10
116 47 pedestrian 0 0 -10 537.23 168.74 576.23 205.45 -10 -10 -10 -100    0 -1000 -1000 -10
117 52 pedestrian 0 0 -10 632.43 147.53 660.00 187.29 -10 -10 -10 -100    0 -1000 -1000 -10
117 49 pedestrian 0 0 -10 701.90 136.97 853.58 281.49 -10 -10 -10 -100    0 -1000 -1000 -10
117 51 pedestrian 0 0 -10 575.71 165.72 607.67 185.29 -10 -10 -10 -100    0 -1000 -1000 -10
117 47 pedestrian 0 0 -10 534.83 169.55 574.49 207.01 -10 -10 -10 -100    0 -1000 -1000 -10
118 52 pedestrian 0 0 -10 632.80 149.47 659.82 189.24 -10 -10 -10 -100    0 -1000 -1000 -10
118 49 pedestrian 0 0 -10 709.87 134.68 874.80 293.15 -10 -10 -10 -100    0 -1000 -1000 -10
118 51 pedestrian 0 0 -10 574.94 166.79 606.74 186.92 -10 -10 -10 -100    0 -1000 -1000 -10
118 47 pedestrian 0 0 -10 531.94 171.00 572.85 209.19 -10 -10 -10 -100    0 -1000 -1000 -10
119 52 pedestrian 0 0 -10 631.96 150.38 658.34 189.90 -10 -10 -10 -100    0 -1000 -1000 -10
119 49 pedestrian 0 0 -10 714.34 132.22 900.86 306.97 -10 -10 -10 -100    0 -1000 -1000 -10
119 51 pedestrian 0 0 -10 573.63 167.42 605.94 187.88 -10 -10 -10 -100    0 -1000 -1000 -10
119 47 pedestrian 0 0 -10 529.79 171.78 571.74 211.35 -10 -10 -10 -100    0 -1000 -1000 -10
119 53 pedestrian 0 0 -10 671.33 173.81 736.45 229.52 -10 -10 -10 -100    0 -1000 -1000 -10
120 52 pedestrian 0 0 -10 631.30 151.28 659.03 191.58 -10 -10 -10 -100    0 -1000 -1000 -10
120 49 pedestrian 0 0 -10 721.89 128.97 931.31 321.27 -10 -10 -10 -100    0 -1000 -1000 -10
120 51 pedestrian 0 0 -10 572.10 168.57 605.46 188.98 -10 -10 -10 -100    0 -1000 -1000 -10
120 47 pedestrian 0 0 -10 526.49 172.49 569.74 213.39 -10 -10 -10 -100    0 -1000 -1000 -10
120 54 pedestrian 0 0 -10 681.20 174.46 782.74 259.36 -10 -10 -10 -100    0 -1000 -1000 -10
120 53 pedestrian 0 0 -10 674.06 174.94 741.19 234.30 -10 -10 -10 -100    0 -1000 -1000 -10
121 52 pedestrian 0 0 -10 631.23 150.58 659.46 192.47 -10 -10 -10 -100    0 -1000 -1000 -10
121 49 pedestrian 0 0 -10 731.00 125.17 970.94 338.40 -10 -10 -10 -100    0 -1000 -1000 -10
121 51 pedestrian 0 0 -10 571.05 168.88 604.76 189.64 -10 -10 -10 -100    0 -1000 -1000 -10
121 47 pedestrian 0 0 -10 523.40 172.73 568.41 214.27 -10 -10 -10 -100    0 -1000 -1000 -10
121 50 pedestrian 0 0 -10 658.08 173.52 714.83 223.69 -10 -10 -10 -100    0 -1000 -1000 -10
121 54 pedestrian 0 0 -10 688.05 174.08 797.01 267.05 -10 -10 -10 -100    0 -1000 -1000 -10
121 53 pedestrian 0 0 -10 675.62 175.52 747.14 237.64 -10 -10 -10 -100    0 -1000 -1000 -10
122 52 pedestrian 0 0 -10 630.87 150.51 659.74 193.48 -10 -10 -10 -100    0 -1000 -1000 -10
122 49 pedestrian 0 0 -10 741.40 116.74 1016.28 361.89 -10 -10 -10 -100    0 -1000 -1000 -10
122 51 pedestrian 0 0 -10 569.67 169.16 605.15 190.70 -10 -10 -10 -100    0 -1000 -1000 -10
122 47 pedestrian 0 0 -10 520.17 173.19 566.61 215.97 -10 -10 -10 -100    0 -1000 -1000 -10
122 50 pedestrian 0 0 -10 659.70 174.49 718.35 226.82 -10 -10 -10 -100    0 -1000 -1000 -10
122 54 pedestrian 0 0 -10 691.10 178.80 808.59 275.40 -10 -10 -10 -100    0 -1000 -1000 -10
122 53 pedestrian 0 0 -10 679.73 175.81 753.22 242.97 -10 -10 -10 -100    0 -1000 -1000 -10
123 52 pedestrian 0 0 -10 630.69 150.24 659.77 194.69 -10 -10 -10 -100    0 -1000 -1000 -10
123 49 pedestrian 0 0 -10 751.57 108.81 1079.20 375.00 -10 -10 -10 -100    0 -1000 -1000 -10
123 51 pedestrian 0 0 -10 568.50 169.97 605.26 191.59 -10 -10 -10 -100    0 -1000 -1000 -10
123 47 pedestrian 0 0 -10 516.61 174.03 564.77 218.33 -10 -10 -10 -100    0 -1000 -1000 -10
123 50 pedestrian 0 0 -10 660.92 175.39 721.96 230.37 -10 -10 -10 -100    0 -1000 -1000 -10
123 54 pedestrian 0 0 -10 697.82 179.94 825.83 285.11 -10 -10 -10 -100    0 -1000 -1000 -10
123 53 pedestrian 0 0 -10 681.41 177.07 761.53 247.64 -10 -10 -10 -100    0 -1000 -1000 -10
124 55 pedestrian 0 0 -10 644.40 175.22 677.00 206.76 -10 -10 -10 -100    0 -1000 -1000 -10
124 52 pedestrian 0 0 -10 631.18 151.44 661.71 196.65 -10 -10 -10 -100    0 -1000 -1000 -10
124 49 pedestrian 0 0 -10 762.34 98.07 1165.05 375.00 -10 -10 -10 -100    0 -1000 -1000 -10
124 51 pedestrian 0 0 -10 566.92 170.37 604.83 192.70 -10 -10 -10 -100    0 -1000 -1000 -10
124 47 pedestrian 0 0 -10 513.20 175.29 562.68 220.50 -10 -10 -10 -100    0 -1000 -1000 -10
124 50 pedestrian 0 0 -10 662.39 175.75 724.68 232.92 -10 -10 -10 -100    0 -1000 -1000 -10
124 54 pedestrian 0 0 -10 698.72 180.70 843.04 296.18 -10 -10 -10 -100    0 -1000 -1000 -10
124 53 pedestrian 0 0 -10 683.46 178.72 769.26 253.46 -10 -10 -10 -100    0 -1000 -1000 -10
125 55 pedestrian 0 0 -10 643.86 174.75 677.05 206.73 -10 -10 -10 -100    0 -1000 -1000 -10
125 52 pedestrian 0 0 -10 631.13 152.20 662.35 198.18 -10 -10 -10 -100    0 -1000 -1000 -10
125 49 pedestrian 0 0 -10 778.55 81.30 1242.00 375.00 -10 -10 -10 -100    0 -1000 -1000 -10
125 51 pedestrian 0 0 -10 566.68 170.86 604.53 192.95 -10 -10 -10 -100    0 -1000 -1000 -10
125 47 pedestrian 0 0 -10 510.04 176.08 561.06 222.42 -10 -10 -10 -100    0 -1000 -1000 -10
125 50 pedestrian 0 0 -10 663.95 176.15 729.45 235.46 -10 -10 -10 -100    0 -1000 -1000 -10
125 54 pedestrian 0 0 -10 707.32 181.52 860.48 307.49 -10 -10 -10 -100    0 -1000 -1000 -10
125 53 pedestrian 0 0 -10 686.90 178.98 778.12 258.38 -10 -10 -10 -100    0 -1000 -1000 -10
126 55 pedestrian 0 0 -10 645.69 176.07 681.16 209.61 -10 -10 -10 -100    0 -1000 -1000 -10
126 52 pedestrian 0 0 -10 631.06 153.40 662.69 199.99 -10 -10 -10 -100    0 -1000 -1000 -10
126 49 pedestrian 0 0 -10 802.77 56.50 1242.00 375.00 -10 -10 -10 -100    0 -1000 -1000 -10
126 51 pedestrian 0 0 -10 565.43 171.84 604.63 194.14 -10 -10 -10 -100    0 -1000 -1000 -10
126 47 pedestrian 0 0 -10 505.25 176.93 558.67 224.66 -10 -10 -10 -100    0 -1000 -1000 -10
126 50 pedestrian 0 0 -10 666.43 176.54 733.63 237.67 -10 -10 -10 -100    0 -1000 -1000 -10
126 54 pedestrian 0 0 -10 713.99 181.75 893.49 322.86 -10 -10 -10 -100    0 -1000 -1000 -10
126 53 pedestrian 0 0 -10 691.57 180.33 788.88 264.33 -10 -10 -10 -100    0 -1000 -1000 -10
127 55 pedestrian 0 0 -10 646.25 176.47 685.53 212.19 -10 -10 -10 -100    0 -1000 -1000 -10
127 52 pedestrian 0 0 -10 631.12 154.16 663.68 201.85 -10 -10 -10 -100    0 -1000 -1000 -10
127 49 pedestrian 0 0 -10 827.52 0.00 1242.00 375.00 -10 -10 -10 -100    0 -1000 -1000 -10
127 51 pedestrian 0 0 -10 565.12 172.38 603.47 195.18 -10 -10 -10 -100    0 -1000 -1000 -10
127 47 pedestrian 0 0 -10 501.33 178.06 556.92 228.36 -10 -10 -10 -100    0 -1000 -1000 -10
127 50 pedestrian 0 0 -10 668.80 176.07 739.40 241.93 -10 -10 -10 -100    0 -1000 -1000 -10
127 54 pedestrian 0 0 -10 721.95 182.53 927.02 338.42 -10 -10 -10 -100    0 -1000 -1000 -10
127 53 pedestrian 0 0 -10 694.65 180.67 798.51 270.73 -10 -10 -10 -100    0 -1000 -1000 -10
128 55 pedestrian 0 0 -10 647.89 177.61 686.35 213.43 -10 -10 -10 -100    0 -1000 -1000 -10
128 52 pedestrian 0 0 -10 630.97 153.43 664.07 202.62 -10 -10 -10 -100    0 -1000 -1000 -10
128 49 pedestrian 0 0 -10 859.56 0.00 1242.00 375.00 -10 -10 -10 -100    0 -1000 -1000 -10
128 51 pedestrian 0 0 -10 564.44 173.43 604.11 197.67 -10 -10 -10 -100    0 -1000 -1000 -10
128 47 pedestrian 0 0 -10 497.53 179.21 553.99 231.25 -10 -10 -10 -100    0 -1000 -1000 -10
128 50 pedestrian 0 0 -10 671.14 176.92 746.25 245.96 -10 -10 -10 -100    0 -1000 -1000 -10
128 54 pedestrian 0 0 -10 729.70 183.16 962.35 360.78 -10 -10 -10 -100    0 -1000 -1000 -10
128 53 pedestrian 0 0 -10 699.52 181.63 811.63 277.90 -10 -10 -10 -100    0 -1000 -1000 -10
129 55 pedestrian 0 0 -10 649.30 179.66 685.94 215.74 -10 -10 -10 -100    0 -1000 -1000 -10
129 52 pedestrian 0 0 -10 631.23 153.04 664.78 202.54 -10 -10 -10 -100    0 -1000 -1000 -10
129 49 pedestrian 0 0 -10 907.47 0.00 1242.00 375.00 -10 -10 -10 -100    0 -1000 -1000 -10
129 51 pedestrian 0 0 -10 563.92 174.66 603.14 198.82 -10 -10 -10 -100    0 -1000 -1000 -10
129 47 pedestrian 0 0 -10 493.70 180.02 552.40 233.83 -10 -10 -10 -100    0 -1000 -1000 -10
129 50 pedestrian 0 0 -10 672.76 177.68 751.09 249.72 -10 -10 -10 -100    0 -1000 -1000 -10
129 54 pedestrian 0 0 -10 740.55 184.33 1015.43 375.00 -10 -10 -10 -100    0 -1000 -1000 -10
129 53 pedestrian 0 0 -10 705.13 183.01 826.96 287.69 -10 -10 -10 -100    0 -1000 -1000 -10
130 55 pedestrian 0 0 -10 649.76 179.77 686.91 216.85 -10 -10 -10 -100    0 -1000 -1000 -10
130 52 pedestrian 0 0 -10 630.90 151.30 665.20 201.79 -10 -10 -10 -100    0 -1000 -1000 -10
130 49 pedestrian 0 0 -10 978.27 0.00 1241.83 375.00 -10 -10 -10 -100    0 -1000 -1000 -10
130 51 pedestrian 0 0 -10 562.92 175.21 603.27 199.21 -10 -10 -10 -100    0 -1000 -1000 -10
130 47 pedestrian 0 0 -10 488.99 181.00 550.76 237.22 -10 -10 -10 -100    0 -1000 -1000 -10
130 50 pedestrian 0 0 -10 675.22 178.76 760.22 254.30 -10 -10 -10 -100    0 -1000 -1000 -10
130 54 pedestrian 0 0 -10 752.21 185.76 1096.21 375.00 -10 -10 -10 -100    0 -1000 -1000 -10
130 53 pedestrian 0 0 -10 709.82 183.32 846.48 298.15 -10 -10 -10 -100    0 -1000 -1000 -10
131 55 pedestrian 0 0 -10 650.04 179.16 691.80 219.21 -10 -10 -10 -100    0 -1000 -1000 -10
131 52 pedestrian 0 0 -10 630.48 150.80 664.97 202.79 -10 -10 -10 -100    0 -1000 -1000 -10
131 51 pedestrian 0 0 -10 562.38 174.89 602.58 198.74 -10 -10 -10 -100    0 -1000 -1000 -10
131 47 pedestrian 0 0 -10 483.71 180.68 546.96 238.87 -10 -10 -10 -100    0 -1000 -1000 -10
131 50 pedestrian 0 0 -10 678.81 178.98 768.79 258.53 -10 -10 -10 -100    0 -1000 -1000 -10
131 54 pedestrian 0 0 -10 765.45 185.57 1199.80 375.00 -10 -10 -10 -100    0 -1000 -1000 -10
131 53 pedestrian 0 0 -10 716.28 183.57 868.27 309.88 -10 -10 -10 -100    0 -1000 -1000 -10
132 56 pedestrian 0 0 -10 668.60 179.06 728.15 232.33 -10 -10 -10 -100    0 -1000 -1000 -10
132 55 pedestrian 0 0 -10 649.84 179.17 691.48 219.14 -10 -10 -10 -100    0 -1000 -1000 -10
132 52 pedestrian 0 0 -10 629.15 149.16 664.16 201.78 -10 -10 -10 -100    0 -1000 -1000 -10
132 51 pedestrian 0 0 -10 560.17 173.72 601.82 197.98 -10 -10 -10 -100    0 -1000 -1000 -10
132 47 pedestrian 0 0 -10 477.17 179.02 543.31 239.98 -10 -10 -10 -100    0 -1000 -1000 -10
132 50 pedestrian 0 0 -10 680.33 177.29 780.79 263.99 -10 -10 -10 -100    0 -1000 -1000 -10
132 54 pedestrian 0 0 -10 787.66 185.44 1240.87 375.00 -10 -10 -10 -100    0 -1000 -1000 -10
132 53 pedestrian 0 0 -10 722.82 182.83 899.41 322.15 -10 -10 -10 -100    0 -1000 -1000 -10
133 56 pedestrian 0 0 -10 669.59 178.26 735.36 235.17 -10 -10 -10 -100    0 -1000 -1000 -10
133 55 pedestrian 0 0 -10 649.85 177.86 692.91 218.30 -10 -10 -10 -100    0 -1000 -1000 -10
133 52 pedestrian 0 0 -10 628.21 148.28 664.36 201.71 -10 -10 -10 -100    0 -1000 -1000 -10
133 51 pedestrian 0 0 -10 556.95 172.76 599.82 196.87 -10 -10 -10 -100    0 -1000 -1000 -10
133 47 pedestrian 0 0 -10 470.30 177.68 540.27 242.53 -10 -10 -10 -100    0 -1000 -1000 -10
133 50 pedestrian 0 0 -10 684.19 177.07 793.33 269.21 -10 -10 -10 -100    0 -1000 -1000 -10
133 54 pedestrian 0 0 -10 814.27 184.18 1241.44 375.00 -10 -10 -10 -100    0 -1000 -1000 -10
133 53 pedestrian 0 0 -10 732.02 182.85 935.22 338.40 -10 -10 -10 -100    0 -1000 -1000 -10
134 56 pedestrian 0 0 -10 671.76 177.79 738.77 237.80 -10 -10 -10 -100    0 -1000 -1000 -10
134 55 pedestrian 0 0 -10 650.11 178.33 694.48 219.56 -10 -10 -10 -100    0 -1000 -1000 -10
134 52 pedestrian 0 0 -10 627.59 148.72 664.75 202.95 -10 -10 -10 -100    0 -1000 -1000 -10
134 51 pedestrian 0 0 -10 556.27 172.38 599.91 196.19 -10 -10 -10 -100    0 -1000 -1000 -10
134 47 pedestrian 0 0 -10 463.55 179.79 537.68 246.74 -10 -10 -10 -100    0 -1000 -1000 -10
134 50 pedestrian 0 0 -10 687.41 178.94 806.55 276.60 -10 -10 -10 -100    0 -1000 -1000 -10
134 54 pedestrian 0 0 -10 846.46 185.80 1242.00 375.00 -10 -10 -10 -100    0 -1000 -1000 -10
134 53 pedestrian 0 0 -10 742.02 182.82 978.63 359.25 -10 -10 -10 -100    0 -1000 -1000 -10
135 56 pedestrian 0 0 -10 672.60 176.97 742.74 238.78 -10 -10 -10 -100    0 -1000 -1000 -10
135 55 pedestrian 0 0 -10 650.20 177.40 695.61 220.35 -10 -10 -10 -100    0 -1000 -1000 -10
135 52 pedestrian 0 0 -10 627.14 148.59 665.32 202.43 -10 -10 -10 -100    0 -1000 -1000 -10
135 51 pedestrian 0 0 -10 556.59 172.14 599.07 196.03 -10 -10 -10 -100    0 -1000 -1000 -10
135 47 pedestrian 0 0 -10 455.88 180.38 533.34 249.95 -10 -10 -10 -100    0 -1000 -1000 -10
135 50 pedestrian 0 0 -10 691.74 179.43 823.18 286.01 -10 -10 -10 -100    0 -1000 -1000 -10
135 54 pedestrian 0 0 -10 893.78 200.82 1242.00 375.00 -10 -10 -10 -100    0 -1000 -1000 -10
135 53 pedestrian 0 0 -10 756.22 182.01 1038.81 375.00 -10 -10 -10 -100    0 -1000 -1000 -10
136 56 pedestrian 0 0 -10 674.71 177.01 746.70 242.63 -10 -10 -10 -100    0 -1000 -1000 -10
136 55 pedestrian 0 0 -10 651.79 176.88 698.95 221.44 -10 -10 -10 -100    0 -1000 -1000 -10
136 52 pedestrian 0 0 -10 626.70 148.05 665.77 203.66 -10 -10 -10 -100    0 -1000 -1000 -10
136 51 pedestrian 0 0 -10 556.00 172.09 599.26 195.91 -10 -10 -10 -100    0 -1000 -1000 -10
136 47 pedestrian 0 0 -10 447.21 180.20 530.21 253.45 -10 -10 -10 -100    0 -1000 -1000 -10
136 50 pedestrian 0 0 -10 697.46 178.83 842.62 296.58 -10 -10 -10 -100    0 -1000 -1000 -10
136 54 pedestrian 0 0 -10 973.89 209.79 1242.00 375.00 -10 -10 -10 -100    0 -1000 -1000 -10
136 53 pedestrian 0 0 -10 770.52 182.89 1120.22 375.00 -10 -10 -10 -100    0 -1000 -1000 -10
137 58 pedestrian 0 0 -10 635.89 173.62 671.42 209.58 -10 -10 -10 -100    0 -1000 -1000 -10
137 56 pedestrian 0 0 -10 676.32 175.84 751.21 244.94 -10 -10 -10 -100    0 -1000 -1000 -10
137 55 pedestrian 0 0 -10 652.99 176.14 701.00 221.50 -10 -10 -10 -100    0 -1000 -1000 -10
137 52 pedestrian 0 0 -10 627.12 147.35 667.04 204.46 -10 -10 -10 -100    0 -1000 -1000 -10
137 51 pedestrian 0 0 -10 555.27 171.21 599.92 195.81 -10 -10 -10 -100    0 -1000 -1000 -10
137 47 pedestrian 0 0 -10 438.27 180.22 526.72 257.56 -10 -10 -10 -100    0 -1000 -1000 -10
137 50 pedestrian 0 0 -10 702.69 178.24 865.10 307.33 -10 -10 -10 -100    0 -1000 -1000 -10
137 53 pedestrian 0 0 -10 789.52 183.08 1229.25 375.00 -10 -10 -10 -100    0 -1000 -1000 -10
138 58 pedestrian 0 0 -10 636.70 174.48 673.95 211.07 -10 -10 -10 -100    0 -1000 -1000 -10
138 56 pedestrian 0 0 -10 679.14 175.78 758.66 249.71 -10 -10 -10 -100    0 -1000 -1000 -10
138 55 pedestrian 0 0 -10 654.54 176.85 705.20 224.27 -10 -10 -10 -100    0 -1000 -1000 -10
138 52 pedestrian 0 0 -10 628.05 147.41 668.46 205.26 -10 -10 -10 -100    0 -1000 -1000 -10
138 51 pedestrian 0 0 -10 554.94 171.37 600.54 196.10 -10 -10 -10 -100    0 -1000 -1000 -10
138 47 pedestrian 0 0 -10 427.57 180.99 523.43 263.27 -10 -10 -10 -100    0 -1000 -1000 -10
138 50 pedestrian 0 0 -10 709.82 180.14 890.24 323.09 -10 -10 -10 -100    0 -1000 -1000 -10
138 53 pedestrian 0 0 -10 816.34 184.22 1240.70 375.00 -10 -10 -10 -100    0 -1000 -1000 -10
139 58 pedestrian 0 0 -10 637.54 175.10 675.62 212.22 -10 -10 -10 -100    0 -1000 -1000 -10
139 56 pedestrian 0 0 -10 681.76 176.68 768.51 253.44 -10 -10 -10 -100    0 -1000 -1000 -10
139 55 pedestrian 0 0 -10 656.14 177.42 708.06 226.35 -10 -10 -10 -100    0 -1000 -1000 -10
139 52 pedestrian 0 0 -10 629.03 146.69 670.38 206.40 -10 -10 -10 -100    0 -1000 -1000 -10
139 51 pedestrian 0 0 -10 554.93 171.55 600.29 196.40 -10 -10 -10 -100    0 -1000 -1000 -10
139 47 pedestrian 0 0 -10 416.30 181.28 518.94 269.28 -10 -10 -10 -100    0 -1000 -1000 -10
139 50 pedestrian 0 0 -10 718.20 180.41 927.19 340.48 -10 -10 -10 -100    0 -1000 -1000 -10
139 53 pedestrian 0 0 -10 845.08 185.03 1242.00 375.00 -10 -10 -10 -100    0 -1000 -1000 -10
140 59 pedestrian 0 0 -10 470.92 183.46 531.98 233.81 -10 -10 -10 -100    0 -1000 -1000 -10
140 58 pedestrian 0 0 -10 637.65 176.15 678.52 213.26 -10 -10 -10 -100    0 -1000 -1000 -10
140 56 pedestrian 0 0 -10 685.71 177.61 780.33 259.32 -10 -10 -10 -100    0 -1000 -1000 -10
140 55 pedestrian 0 0 -10 657.39 177.58 712.67 229.45 -10 -10 -10 -100    0 -1000 -1000 -10
140 52 pedestrian 0 0 -10 629.03 146.10 671.51 206.53 -10 -10 -10 -100    0 -1000 -1000 -10
140 51 pedestrian 0 0 -10 554.61 172.28 599.89 196.36 -10 -10 -10 -100    0 -1000 -1000 -10
140 47 pedestrian 0 0 -10 403.52 182.07 514.23 275.92 -10 -10 -10 -100    0 -1000 -1000 -10
140 50 pedestrian 0 0 -10 728.55 181.18 974.03 365.32 -10 -10 -10 -100    0 -1000 -1000 -10
140 53 pedestrian 0 0 -10 890.88 197.91 1241.91 375.00 -10 -10 -10 -100    0 -1000 -1000 -10
141 59 pedestrian 0 0 -10 465.56 181.34 528.44 234.71 -10 -10 -10 -100    0 -1000 -1000 -10
141 58 pedestrian 0 0 -10 639.06 173.64 680.28 213.10 -10 -10 -10 -100    0 -1000 -1000 -10
141 56 pedestrian 0 0 -10 689.72 177.51 791.51 264.72 -10 -10 -10 -100    0 -1000 -1000 -10
141 55 pedestrian 0 0 -10 659.06 176.97 716.41 230.82 -10 -10 -10 -100    0 -1000 -1000 -10
141 52 pedestrian 0 0 -10 629.61 143.63 673.40 207.20 -10 -10 -10 -100    0 -1000 -1000 -10
141 51 pedestrian 0 0 -10 553.85 171.32 598.91 195.42 -10 -10 -10 -100    0 -1000 -1000 -10
141 47 pedestrian 0 0 -10 389.59 181.25 508.83 281.64 -10 -10 -10 -100    0 -1000 -1000 -10
141 50 pedestrian 0 0 -10 740.68 180.12 1031.54 375.00 -10 -10 -10 -100    0 -1000 -1000 -10
141 53 pedestrian 0 0 -10 963.49 200.77 1242.00 375.00 -10 -10 -10 -100    0 -1000 -1000 -10
142 59 pedestrian 0 0 -10 457.91 180.73 525.96 236.97 -10 -10 -10 -100    0 -1000 -1000 -10
142 58 pedestrian 0 0 -10 640.21 173.62 681.92 214.00 -10 -10 -10 -100    0 -1000 -1000 -10
142 56 pedestrian 0 0 -10 693.30 177.85 807.12 272.27 -10 -10 -10 -100    0 -1000 -1000 -10
142 55 pedestrian 0 0 -10 661.85 176.62 722.08 233.29 -10 -10 -10 -100    0 -1000 -1000 -10
142 52 pedestrian 0 0 -10 630.45 143.76 675.41 208.27 -10 -10 -10 -100    0 -1000 -1000 -10
142 51 pedestrian 0 0 -10 553.22 171.54 598.72 194.86 -10 -10 -10 -100    0 -1000 -1000 -10
142 47 pedestrian 0 0 -10 373.27 181.20 503.82 289.73 -10 -10 -10 -100    0 -1000 -1000 -10
142 50 pedestrian 0 0 -10 756.43 181.39 1118.03 375.00 -10 -10 -10 -100    0 -1000 -1000 -10
143 59 pedestrian 0 0 -10 451.33 180.66 523.35 238.61 -10 -10 -10 -100    0 -1000 -1000 -10
143 58 pedestrian 0 0 -10 641.14 172.89 683.80 214.72 -10 -10 -10 -100    0 -1000 -1000 -10
143 56 pedestrian 0 0 -10 699.01 178.39 824.53 278.87 -10 -10 -10 -100    0 -1000 -1000 -10
143 55 pedestrian 0 0 -10 663.62 176.24 727.35 235.67 -10 -10 -10 -100    0 -1000 -1000 -10
143 52 pedestrian 0 0 -10 630.94 141.93 677.86 209.70 -10 -10 -10 -100    0 -1000 -1000 -10
143 51 pedestrian 0 0 -10 553.60 171.46 598.26 194.49 -10 -10 -10 -100    0 -1000 -1000 -10
143 47 pedestrian 0 0 -10 355.62 180.20 498.76 297.82 -10 -10 -10 -100    0 -1000 -1000 -10
143 50 pedestrian 0 0 -10 773.32 180.92 1230.43 375.00 -10 -10 -10 -100    0 -1000 -1000 -10
144 59 pedestrian 0 0 -10 443.44 181.79 520.40 242.55 -10 -10 -10 -100    0 -1000 -1000 -10
144 58 pedestrian 0 0 -10 642.47 174.20 685.69 216.03 -10 -10 -10 -100    0 -1000 -1000 -10
144 56 pedestrian 0 0 -10 707.06 178.65 843.71 288.29 -10 -10 -10 -100    0 -1000 -1000 -10
144 55 pedestrian 0 0 -10 665.98 177.59 733.04 239.70 -10 -10 -10 -100    0 -1000 -1000 -10
144 52 pedestrian 0 0 -10 631.13 142.19 679.23 209.00 -10 -10 -10 -100    0 -1000 -1000 -10
144 51 pedestrian 0 0 -10 552.69 171.45 598.22 195.75 -10 -10 -10 -100    0 -1000 -1000 -10
144 47 pedestrian 0 0 -10 332.93 181.74 492.20 310.19 -10 -10 -10 -100    0 -1000 -1000 -10
144 50 pedestrian 0 0 -10 793.12 180.21 1240.93 375.00 -10 -10 -10 -100    0 -1000 -1000 -10
145 59 pedestrian 0 0 -10 435.77 182.75 517.30 246.54 -10 -10 -10 -100    0 -1000 -1000 -10
145 58 pedestrian 0 0 -10 642.63 174.10 688.77 217.04 -10 -10 -10 -100    0 -1000 -1000 -10
145 56 pedestrian 0 0 -10 712.70 178.39 866.23 299.21 -10 -10 -10 -100    0 -1000 -1000 -10
145 55 pedestrian 0 0 -10 667.25 177.37 740.73 243.27 -10 -10 -10 -100    0 -1000 -1000 -10
145 52 pedestrian 0 0 -10 632.25 142.17 682.44 209.87 -10 -10 -10 -100    0 -1000 -1000 -10
145 51 pedestrian 0 0 -10 551.53 171.69 598.19 196.16 -10 -10 -10 -100    0 -1000 -1000 -10
145 47 pedestrian 0 0 -10 305.91 181.69 484.30 323.52 -10 -10 -10 -100    0 -1000 -1000 -10
145 50 pedestrian 0 0 -10 824.50 183.49 1241.97 375.00 -10 -10 -10 -100    0 -1000 -1000 -10
146 61 pedestrian 0 0 -10 616.69 171.33 636.03 192.86 -10 -10 -10 -100    0 -1000 -1000 -10
146 60 pedestrian 0 0 -10 442.91 172.29 520.32 215.08 -10 -10 -10 -100    0 -1000 -1000 -10
146 59 pedestrian 0 0 -10 426.79 183.63 514.20 250.24 -10 -10 -10 -100    0 -1000 -1000 -10
146 58 pedestrian 0 0 -10 643.00 174.04 691.30 218.41 -10 -10 -10 -100    0 -1000 -1000 -10
146 56 pedestrian 0 0 -10 721.65 178.74 892.58 311.40 -10 -10 -10 -100    0 -1000 -1000 -10
146 55 pedestrian 0 0 -10 670.24 178.21 747.35 247.26 -10 -10 -10 -100    0 -1000 -1000 -10
146 52 pedestrian 0 0 -10 633.79 141.04 682.68 210.51 -10 -10 -10 -100    0 -1000 -1000 -10
146 51 pedestrian 0 0 -10 550.40 171.62 598.01 196.40 -10 -10 -10 -100    0 -1000 -1000 -10
146 47 pedestrian 0 0 -10 273.38 181.96 475.61 338.81 -10 -10 -10 -100    0 -1000 -1000 -10
146 50 pedestrian 0 0 -10 867.08 182.33 1241.97 375.00 -10 -10 -10 -100    0 -1000 -1000 -10
147 61 pedestrian 0 0 -10 617.84 171.57 637.44 193.01 -10 -10 -10 -100    0 -1000 -1000 -10
147 60 pedestrian 0 0 -10 438.35 171.72 518.50 216.08 -10 -10 -10 -100    0 -1000 -1000 -10
147 59 pedestrian 0 0 -10 417.61 183.22 510.37 253.19 -10 -10 -10 -100    0 -1000 -1000 -10
147 58 pedestrian 0 0 -10 643.41 172.59 693.76 219.02 -10 -10 -10 -100    0 -1000 -1000 -10
147 56 pedestrian 0 0 -10 730.42 179.03 925.92 328.04 -10 -10 -10 -100    0 -1000 -1000 -10
147 55 pedestrian 0 0 -10 673.85 176.60 756.16 250.19 -10 -10 -10 -100    0 -1000 -1000 -10
147 52 pedestrian 0 0 -10 634.33 138.10 685.24 210.74 -10 -10 -10 -100    0 -1000 -1000 -10
147 51 pedestrian 0 0 -10 549.81 170.61 598.78 195.98 -10 -10 -10 -100    0 -1000 -1000 -10
147 47 pedestrian 0 0 -10 233.11 182.89 464.82 357.87 -10 -10 -10 -100    0 -1000 -1000 -10
147 50 pedestrian 0 0 -10 921.72 185.57 1241.49 375.00 -10 -10 -10 -100    0 -1000 -1000 -10
148 61 pedestrian 0 0 -10 617.13 170.40 637.74 193.04 -10 -10 -10 -100    0 -1000 -1000 -10
148 60 pedestrian 0 0 -10 434.59 171.83 515.58 216.93 -10 -10 -10 -100    0 -1000 -1000 -10
148 59 pedestrian 0 0 -10 407.54 183.40 504.30 257.53 -10 -10 -10 -100    0 -1000 -1000 -10
148 58 pedestrian 0 0 -10 643.62 172.70 696.75 220.60 -10 -10 -10 -100    0 -1000 -1000 -10
148 56 pedestrian 0 0 -10 739.93 179.33 969.09 348.63 -10 -10 -10 -100    0 -1000 -1000 -10
148 55 pedestrian 0 0 -10 676.33 177.27 764.89 254.46 -10 -10 -10 -100    0 -1000 -1000 -10
148 52 pedestrian 0 0 -10 633.39 139.31 687.46 211.50 -10 -10 -10 -100    0 -1000 -1000 -10
148 51 pedestrian 0 0 -10 548.68 170.53 597.92 195.80 -10 -10 -10 -100    0 -1000 -1000 -10
148 47 pedestrian 0 0 -10 178.44 182.37 451.21 375.00 -10 -10 -10 -100    0 -1000 -1000 -10
148 50 pedestrian 0 0 -10 1007.67 190.90 1241.81 375.00 -10 -10 -10 -100    0 -1000 -1000 -10
149 61 pedestrian 0 0 -10 618.65 169.29 638.35 193.85 -10 -10 -10 -100    0 -1000 -1000 -10
149 60 pedestrian 0 0 -10 430.53 171.87 510.99 218.12 -10 -10 -10 -100    0 -1000 -1000 -10
149 59 pedestrian 0 0 -10 392.96 183.37 499.80 262.50 -10 -10 -10 -100    0 -1000 -1000 -10
149 58 pedestrian 0 0 -10 644.77 173.22 699.32 221.92 -10 -10 -10 -100    0 -1000 -1000 -10
149 56 pedestrian 0 0 -10 751.97 179.98 1020.26 372.93 -10 -10 -10 -100    0 -1000 -1000 -10
149 55 pedestrian 0 0 -10 679.88 176.71 774.75 258.59 -10 -10 -10 -100    0 -1000 -1000 -10
149 52 pedestrian 0 0 -10 633.91 137.84 689.31 213.80 -10 -10 -10 -100    0 -1000 -1000 -10
149 51 pedestrian 0 0 -10 563.84 170.25 594.45 192.58 -10 -10 -10 -100    0 -1000 -1000 -10
149 47 pedestrian 0 0 -10 106.81 180.44 437.00 375.00 -10 -10 -10 -100    0 -1000 -1000 -10
150 61 pedestrian 0 0 -10 617.36 168.44 637.49 194.53 -10 -10 -10 -100    0 -1000 -1000 -10
150 60 pedestrian 0 0 -10 422.09 172.55 509.75 219.81 -10 -10 -10 -100    0 -1000 -1000 -10
150 59 pedestrian 0 0 -10 377.41 184.73 492.96 269.12 -10 -10 -10 -100    0 -1000 -1000 -10
150 58 pedestrian 0 0 -10 646.09 174.72 704.26 224.52 -10 -10 -10 -100    0 -1000 -1000 -10
150 56 pedestrian 0 0 -10 765.78 182.71 1093.22 375.00 -10 -10 -10 -100    0 -1000 -1000 -10
150 55 pedestrian 0 0 -10 683.17 176.73 783.88 264.34 -10 -10 -10 -100    0 -1000 -1000 -10
150 52 pedestrian 0 0 -10 633.88 135.58 690.76 214.98 -10 -10 -10 -100    0 -1000 -1000 -10
150 51 pedestrian 0 0 -10 570.22 170.43 591.05 190.86 -10 -10 -10 -100    0 -1000 -1000 -10
150 47 pedestrian 0 0 -10 10.25 179.97 418.89 375.00 -10 -10 -10 -100    0 -1000 -1000 -10
151 61 pedestrian 0 0 -10 616.03 168.14 636.97 194.61 -10 -10 -10 -100    0 -1000 -1000 -10
151 60 pedestrian 0 0 -10 416.61 172.19 505.87 221.94 -10 -10 -10 -100    0 -1000 -1000 -10
151 59 pedestrian 0 0 -10 359.34 185.60 486.44 275.99 -10 -10 -10 -100    0 -1000 -1000 -10
151 58 pedestrian 0 0 -10 647.35 174.26 707.26 227.78 -10 -10 -10 -100    0 -1000 -1000 -10
151 56 pedestrian 0 0 -10 785.37 183.86 1185.73 375.00 -10 -10 -10 -100    0 -1000 -1000 -10
151 55 pedestrian 0 0 -10 687.28 177.16 796.70 271.94 -10 -10 -10 -100    0 -1000 -1000 -10
151 52 pedestrian 0 0 -10 633.94 134.56 691.91 215.37 -10 -10 -10 -100    0 -1000 -1000 -10
151 51 pedestrian 0 0 -10 568.87 169.78 590.05 191.61 -10 -10 -10 -100    0 -1000 -1000 -10
151 47 pedestrian 0 0 -10 0.75 177.22 394.80 375.00 -10 -10 -10 -100    0 -1000 -1000 -10
152 62 pedestrian 0 0 -10 542.80 175.24 564.40 195.60 -10 -10 -10 -100    0 -1000 -1000 -10
152 61 pedestrian 0 0 -10 614.10 168.78 636.96 196.04 -10 -10 -10 -100    0 -1000 -1000 -10
152 60 pedestrian 0 0 -10 409.48 172.29 502.86 222.71 -10 -10 -10 -100    0 -1000 -1000 -10
152 59 pedestrian 0 0 -10 339.70 186.45 478.83 284.65 -10 -10 -10 -100    0 -1000 -1000 -10
152 58 pedestrian 0 0 -10 647.56 174.62 709.54 231.58 -10 -10 -10 -100    0 -1000 -1000 -10
152 56 pedestrian 0 0 -10 804.13 186.42 1241.93 375.00 -10 -10 -10 -100    0 -1000 -1000 -10
152 55 pedestrian 0 0 -10 691.49 179.59 809.22 281.03 -10 -10 -10 -100    0 -1000 -1000 -10
152 52 pedestrian 0 0 -10 634.00 133.61 694.65 216.62 -10 -10 -10 -100    0 -1000 -1000 -10
152 51 pedestrian 0 0 -10 569.60 171.49 590.72 194.38 -10 -10 -10 -100    0 -1000 -1000 -10
152 47 pedestrian 0 0 -10 0.07 176.81 367.28 375.00 -10 -10 -10 -100    0 -1000 -1000 -10
153 62 pedestrian 0 0 -10 542.19 176.25 564.09 197.40 -10 -10 -10 -100    0 -1000 -1000 -10
153 61 pedestrian 0 0 -10 614.97 170.41 637.37 198.24 -10 -10 -10 -100    0 -1000 -1000 -10
153 60 pedestrian 0 0 -10 401.88 172.54 499.46 223.69 -10 -10 -10 -100    0 -1000 -1000 -10
153 59 pedestrian 0 0 -10 319.34 187.24 471.29 293.53 -10 -10 -10 -100    0 -1000 -1000 -10
153 58 pedestrian 0 0 -10 648.12 176.49 713.30 234.86 -10 -10 -10 -100    0 -1000 -1000 -10
153 56 pedestrian 0 0 -10 832.34 188.70 1240.43 375.00 -10 -10 -10 -100    0 -1000 -1000 -10
153 55 pedestrian 0 0 -10 697.10 180.66 829.10 291.27 -10 -10 -10 -100    0 -1000 -1000 -10
153 52 pedestrian 0 0 -10 634.81 133.67 697.59 220.15 -10 -10 -10 -100    0 -1000 -1000 -10
153 51 pedestrian 0 0 -10 568.31 172.45 589.89 196.57 -10 -10 -10 -100    0 -1000 -1000 -10
153 47 pedestrian 0 0 -10 0.00 174.13 327.06 375.00 -10 -10 -10 -100    0 -1000 -1000 -10
154 62 pedestrian 0 0 -10 540.78 177.28 563.00 197.89 -10 -10 -10 -100    0 -1000 -1000 -10
154 61 pedestrian 0 0 -10 614.99 172.09 637.50 200.03 -10 -10 -10 -100    0 -1000 -1000 -10
154 60 pedestrian 0 0 -10 394.73 171.63 495.47 226.27 -10 -10 -10 -100    0 -1000 -1000 -10
154 59 pedestrian 0 0 -10 292.38 188.24 462.62 304.73 -10 -10 -10 -100    0 -1000 -1000 -10
154 58 pedestrian 0 0 -10 649.78 176.85 717.29 237.32 -10 -10 -10 -100    0 -1000 -1000 -10
154 56 pedestrian 0 0 -10 869.01 192.27 1242.00 375.00 -10 -10 -10 -100    0 -1000 -1000 -10
154 55 pedestrian 0 0 -10 704.54 181.33 848.72 302.37 -10 -10 -10 -100    0 -1000 -1000 -10
154 52 pedestrian 0 0 -10 636.13 131.56 699.64 222.70 -10 -10 -10 -100    0 -1000 -1000 -10
154 51 pedestrian 0 0 -10 567.38 174.32 589.07 197.59 -10 -10 -10 -100    0 -1000 -1000 -10
154 47 pedestrian 0 0 -10 0.35 184.59 276.80 375.00 -10 -10 -10 -100    0 -1000 -1000 -10
155 62 pedestrian 0 0 -10 540.29 176.81 562.57 197.61 -10 -10 -10 -100    0 -1000 -1000 -10
155 61 pedestrian 0 0 -10 614.77 171.02 637.78 199.22 -10 -10 -10 -100    0 -1000 -1000 -10
155 60 pedestrian 0 0 -10 389.35 170.85 494.71 227.93 -10 -10 -10 -100    0 -1000 -1000 -10
155 59 pedestrian 0 0 -10 264.08 189.48 453.94 318.57 -10 -10 -10 -100    0 -1000 -1000 -10
155 58 pedestrian 0 0 -10 651.66 176.13 722.69 239.07 -10 -10 -10 -100    0 -1000 -1000 -10
155 56 pedestrian 0 0 -10 918.08 201.50 1241.89 375.00 -10 -10 -10 -100    0 -1000 -1000 -10
155 55 pedestrian 0 0 -10 712.50 180.44 872.63 313.90 -10 -10 -10 -100    0 -1000 -1000 -10
155 52 pedestrian 0 0 -10 637.09 130.19 704.41 222.50 -10 -10 -10 -100    0 -1000 -1000 -10
155 51 pedestrian 0 0 -10 568.01 172.97 589.69 197.20 -10 -10 -10 -100    0 -1000 -1000 -10
155 47 pedestrian 0 0 -10 0.00 190.75 197.43 375.00 -10 -10 -10 -100    0 -1000 -1000 -10
156 63 pedestrian 0 0 -10 415.98 179.57 443.50 257.40 -10 -10 -10 -100    0 -1000 -1000 -10
156 62 pedestrian 0 0 -10 539.88 175.71 562.35 196.59 -10 -10 -10 -100    0 -1000 -1000 -10
156 61 pedestrian 0 0 -10 614.74 169.33 637.84 199.12 -10 -10 -10 -100    0 -1000 -1000 -10
156 60 pedestrian 0 0 -10 381.62 169.40 488.89 227.08 -10 -10 -10 -100    0 -1000 -1000 -10
156 59 pedestrian 0 0 -10 229.87 189.96 445.72 332.31 -10 -10 -10 -100    0 -1000 -1000 -10
156 58 pedestrian 0 0 -10 654.63 174.78 728.45 240.51 -10 -10 -10 -100    0 -1000 -1000 -10
156 56 pedestrian 0 0 -10 985.57 207.57 1242.00 375.00 -10 -10 -10 -100    0 -1000 -1000 -10
156 55 pedestrian 0 0 -10 720.25 180.23 904.41 328.10 -10 -10 -10 -100    0 -1000 -1000 -10
156 52 pedestrian 0 0 -10 638.78 126.98 707.22 223.03 -10 -10 -10 -100    0 -1000 -1000 -10
156 51 pedestrian 0 0 -10 568.55 171.48 589.93 195.49 -10 -10 -10 -100    0 -1000 -1000 -10
157 63 pedestrian 0 0 -10 403.07 179.02 435.72 261.65 -10 -10 -10 -100    0 -1000 -1000 -10
157 62 pedestrian 0 0 -10 539.75 174.40 561.42 195.20 -10 -10 -10 -100    0 -1000 -1000 -10
157 61 pedestrian 0 0 -10 617.09 166.17 641.21 198.67 -10 -10 -10 -100    0 -1000 -1000 -10
157 60 pedestrian 0 0 -10 374.76 169.01 484.85 227.98 -10 -10 -10 -100    0 -1000 -1000 -10
157 59 pedestrian 0 0 -10 188.93 191.93 434.59 350.07 -10 -10 -10 -100    0 -1000 -1000 -10
157 58 pedestrian 0 0 -10 657.34 174.63 736.00 244.01 -10 -10 -10 -100    0 -1000 -1000 -10
157 55 pedestrian 0 0 -10 729.95 181.97 942.45 347.76 -10 -10 -10 -100    0 -1000 -1000 -10
157 52 pedestrian 0 0 -10 640.76 124.41 712.66 225.67 -10 -10 -10 -100    0 -1000 -1000 -10
157 51 pedestrian 0 0 -10 567.07 168.63 590.80 194.66 -10 -10 -10 -100    0 -1000 -1000 -10
158 63 pedestrian 0 0 -10 389.26 180.56 426.67 266.15 -10 -10 -10 -100    0 -1000 -1000 -10
158 62 pedestrian 0 0 -10 539.66 173.80 562.35 195.51 -10 -10 -10 -100    0 -1000 -1000 -10
158 61 pedestrian 0 0 -10 618.22 164.58 643.75 198.09 -10 -10 -10 -100    0 -1000 -1000 -10
158 60 pedestrian 0 0 -10 368.36 169.62 481.13 230.80 -10 -10 -10 -100    0 -1000 -1000 -10
158 59 pedestrian 0 0 -10 139.21 193.43 421.81 372.22 -10 -10 -10 -100    0 -1000 -1000 -10
158 58 pedestrian 0 0 -10 659.91 174.14 744.18 247.86 -10 -10 -10 -100    0 -1000 -1000 -10
158 55 pedestrian 0 0 -10 743.40 183.00 991.52 373.06 -10 -10 -10 -100    0 -1000 -1000 -10
158 52 pedestrian 0 0 -10 642.98 120.66 717.90 226.57 -10 -10 -10 -100    0 -1000 -1000 -10
158 51 pedestrian 0 0 -10 565.64 167.12 591.37 194.54 -10 -10 -10 -100    0 -1000 -1000 -10
159 63 pedestrian 0 0 -10 374.35 182.68 416.64 273.88 -10 -10 -10 -100    0 -1000 -1000 -10
159 62 pedestrian 0 0 -10 539.84 175.22 563.25 197.21 -10 -10 -10 -100    0 -1000 -1000 -10
159 61 pedestrian 0 0 -10 619.35 165.58 648.71 202.10 -10 -10 -10 -100    0 -1000 -1000 -10
159 60 pedestrian 0 0 -10 358.07 170.95 480.44 235.75 -10 -10 -10 -100    0 -1000 -1000 -10
159 59 pedestrian 0 0 -10 75.15 196.56 408.05 375.00 -10 -10 -10 -100    0 -1000 -1000 -10
159 58 pedestrian 0 0 -10 662.73 174.37 752.81 252.64 -10 -10 -10 -100    0 -1000 -1000 -10
159 55 pedestrian 0 0 -10 757.30 185.97 1056.41 375.00 -10 -10 -10 -100    0 -1000 -1000 -10
159 52 pedestrian 0 0 -10 645.43 119.19 725.10 229.98 -10 -10 -10 -100    0 -1000 -1000 -10
159 51 pedestrian 0 0 -10 564.40 168.54 591.87 196.09 -10 -10 -10 -100    0 -1000 -1000 -10
160 62 pedestrian 0 0 -10 540.76 176.47 564.21 199.20 -10 -10 -10 -100    0 -1000 -1000 -10
160 61 pedestrian 0 0 -10 620.87 167.63 654.39 205.69 -10 -10 -10 -100    0 -1000 -1000 -10
160 60 pedestrian 0 0 -10 352.68 172.54 477.61 239.28 -10 -10 -10 -100    0 -1000 -1000 -10
160 59 pedestrian 0 0 -10 4.17 197.40 391.74 375.00 -10 -10 -10 -100    0 -1000 -1000 -10
160 58 pedestrian 0 0 -10 667.79 175.92 763.25 257.91 -10 -10 -10 -100    0 -1000 -1000 -10
160 55 pedestrian 0 0 -10 775.39 187.18 1147.13 375.00 -10 -10 -10 -100    0 -1000 -1000 -10
160 52 pedestrian 0 0 -10 648.95 118.09 733.46 232.49 -10 -10 -10 -100    0 -1000 -1000 -10
160 51 pedestrian 0 0 -10 565.95 171.06 592.49 198.29 -10 -10 -10 -100    0 -1000 -1000 -10
160 63 pedestrian 0 0 -10 360.39 185.71 406.91 285.02 -10 -10 -10 -100    0 -1000 -1000 -10
161 61 pedestrian 0 0 -10 622.66 169.58 655.14 206.20 -10 -10 -10 -100    0 -1000 -1000 -10
161 60 pedestrian 0 0 -10 343.43 174.27 473.44 243.60 -10 -10 -10 -100    0 -1000 -1000 -10
161 59 pedestrian 0 0 -10 0.43 200.78 370.46 375.00 -10 -10 -10 -100    0 -1000 -1000 -10
161 58 pedestrian 0 0 -10 673.05 176.70 775.60 264.43 -10 -10 -10 -100    0 -1000 -1000 -10
161 55 pedestrian 0 0 -10 795.59 189.39 1240.01 375.00 -10 -10 -10 -100    0 -1000 -1000 -10
161 52 pedestrian 0 0 -10 651.22 114.19 738.29 233.99 -10 -10 -10 -100    0 -1000 -1000 -10
161 62 pedestrian 0 0 -10 540.50 177.77 565.27 201.04 -10 -10 -10 -100    0 -1000 -1000 -10
161 51 pedestrian 0 0 -10 566.66 172.52 594.36 199.98 -10 -10 -10 -100    0 -1000 -1000 -10
161 63 pedestrian 0 0 -10 342.07 187.44 395.57 295.07 -10 -10 -10 -100    0 -1000 -1000 -10
162 60 pedestrian 0 0 -10 334.08 174.70 470.37 247.00 -10 -10 -10 -100    0 -1000 -1000 -10
162 59 pedestrian 0 0 -10 0.00 204.70 346.45 375.00 -10 -10 -10 -100    0 -1000 -1000 -10
162 58 pedestrian 0 0 -10 679.08 177.21 790.29 270.17 -10 -10 -10 -100    0 -1000 -1000 -10
162 55 pedestrian 0 0 -10 829.49 189.35 1241.34 375.00 -10 -10 -10 -100    0 -1000 -1000 -10
162 52 pedestrian 0 0 -10 652.51 111.04 748.71 235.74 -10 -10 -10 -100    0 -1000 -1000 -10
162 62 pedestrian 0 0 -10 541.37 178.48 566.07 201.62 -10 -10 -10 -100    0 -1000 -1000 -10
162 51 pedestrian 0 0 -10 568.79 173.29 596.60 200.69 -10 -10 -10 -100    0 -1000 -1000 -10
162 61 pedestrian 0 0 -10 623.14 171.65 655.53 206.44 -10 -10 -10 -100    0 -1000 -1000 -10
162 63 pedestrian 0 0 -10 323.26 188.72 383.56 305.73 -10 -10 -10 -100    0 -1000 -1000 -10
163 60 pedestrian 0 0 -10 323.99 173.57 466.59 249.52 -10 -10 -10 -100    0 -1000 -1000 -10
163 59 pedestrian 0 0 -10 0.00 208.90 315.66 375.00 -10 -10 -10 -100    0 -1000 -1000 -10
163 58 pedestrian 0 0 -10 683.04 176.63 806.27 277.81 -10 -10 -10 -100    0 -1000 -1000 -10
163 55 pedestrian 0 0 -10 868.70 189.13 1241.64 375.00 -10 -10 -10 -100    0 -1000 -1000 -10
163 52 pedestrian 0 0 -10 656.19 106.43 759.71 238.48 -10 -10 -10 -100    0 -1000 -1000 -10
163 62 pedestrian 0 0 -10 542.59 177.46 567.50 200.62 -10 -10 -10 -100    0 -1000 -1000 -10
163 51 pedestrian 0 0 -10 570.93 172.95 597.49 200.13 -10 -10 -10 -100    0 -1000 -1000 -10
163 61 pedestrian 0 0 -10 624.31 172.66 655.17 206.71 -10 -10 -10 -100    0 -1000 -1000 -10
163 63 pedestrian 0 0 -10 301.67 191.37 367.63 316.70 -10 -10 -10 -100    0 -1000 -1000 -10
164 60 pedestrian 0 0 -10 313.99 169.82 463.65 247.98 -10 -10 -10 -100    0 -1000 -1000 -10
164 59 pedestrian 0 0 -10 0.25 215.58 277.06 375.00 -10 -10 -10 -100    0 -1000 -1000 -10
164 58 pedestrian 0 0 -10 691.82 173.50 824.21 283.70 -10 -10 -10 -100    0 -1000 -1000 -10
164 55 pedestrian 0 0 -10 927.45 190.12 1241.90 375.00 -10 -10 -10 -100    0 -1000 -1000 -10
164 52 pedestrian 0 0 -10 662.80 97.90 768.64 240.60 -10 -10 -10 -100    0 -1000 -1000 -10
164 62 pedestrian 0 0 -10 543.39 173.97 568.50 197.62 -10 -10 -10 -100    0 -1000 -1000 -10
164 51 pedestrian 0 0 -10 572.25 170.26 600.09 197.31 -10 -10 -10 -100    0 -1000 -1000 -10
164 61 pedestrian 0 0 -10 621.58 169.98 654.93 204.97 -10 -10 -10 -100    0 -1000 -1000 -10
164 63 pedestrian 0 0 -10 278.28 189.35 349.94 326.37 -10 -10 -10 -100    0 -1000 -1000 -10
165 60 pedestrian 0 0 -10 300.03 166.77 458.14 249.12 -10 -10 -10 -100    0 -1000 -1000 -10
165 59 pedestrian 0 0 -10 0.00 225.81 221.93 375.00 -10 -10 -10 -100    0 -1000 -1000 -10
165 58 pedestrian 0 0 -10 698.77 171.30 847.09 290.24 -10 -10 -10 -100    0 -1000 -1000 -10
165 55 pedestrian 0 0 -10 1006.14 190.49 1241.94 375.00 -10 -10 -10 -100    0 -1000 -1000 -10
165 52 pedestrian 0 0 -10 666.50 94.30 779.71 243.60 -10 -10 -10 -100    0 -1000 -1000 -10
165 62 pedestrian 0 0 -10 544.37 171.62 569.60 195.57 -10 -10 -10 -100    0 -1000 -1000 -10
165 51 pedestrian 0 0 -10 574.15 167.12 602.46 194.83 -10 -10 -10 -100    0 -1000 -1000 -10
165 61 pedestrian 0 0 -10 623.49 167.68 658.28 203.08 -10 -10 -10 -100    0 -1000 -1000 -10
165 63 pedestrian 0 0 -10 247.16 188.27 330.56 342.07 -10 -10 -10 -100    0 -1000 -1000 -10
166 60 pedestrian 0 0 -10 286.34 165.82 454.25 251.79 -10 -10 -10 -100    0 -1000 -1000 -10
166 59 pedestrian 0 0 -10 0.03 223.80 137.86 375.00 -10 -10 -10 -100    0 -1000 -1000 -10
166 58 pedestrian 0 0 -10 707.65 169.32 872.74 301.99 -10 -10 -10 -100    0 -1000 -1000 -10
166 52 pedestrian 0 0 -10 670.93 91.10 790.39 246.94 -10 -10 -10 -100    0 -1000 -1000 -10
166 62 pedestrian 0 0 -10 545.39 171.71 570.84 195.43 -10 -10 -10 -100    0 -1000 -1000 -10
166 51 pedestrian 0 0 -10 575.07 167.05 603.08 194.61 -10 -10 -10 -100    0 -1000 -1000 -10
166 61 pedestrian 0 0 -10 627.48 165.93 663.90 201.70 -10 -10 -10 -100    0 -1000 -1000 -10
166 63 pedestrian 0 0 -10 212.04 190.28 302.52 362.54 -10 -10 -10 -100    0 -1000 -1000 -10
167 60 pedestrian 0 0 -10 271.17 165.41 446.39 256.51 -10 -10 -10 -100    0 -1000 -1000 -10
167 58 pedestrian 0 0 -10 716.62 172.10 903.72 317.13 -10 -10 -10 -100    0 -1000 -1000 -10
167 52 pedestrian 0 0 -10 674.43 89.98 800.54 252.55 -10 -10 -10 -100    0 -1000 -1000 -10
167 62 pedestrian 0 0 -10 545.99 172.40 571.53 196.98 -10 -10 -10 -100    0 -1000 -1000 -10
167 51 pedestrian 0 0 -10 575.91 168.83 605.07 197.31 -10 -10 -10 -100    0 -1000 -1000 -10
167 61 pedestrian 0 0 -10 632.45 162.40 672.41 202.68 -10 -10 -10 -100    0 -1000 -1000 -10
167 64 pedestrian 0 0 -10 662.17 149.03 728.68 222.92 -10 -10 -10 -100    0 -1000 -1000 -10
167 63 pedestrian 0 0 -10 164.33 189.60 270.54 375.00 -10 -10 -10 -100    0 -1000 -1000 -10
168 60 pedestrian 0 0 -10 255.07 164.66 439.68 261.19 -10 -10 -10 -100    0 -1000 -1000 -10
168 58 pedestrian 0 0 -10 726.76 172.75 943.60 337.25 -10 -10 -10 -100    0 -1000 -1000 -10
168 52 pedestrian 0 0 -10 680.72 85.49 817.05 257.10 -10 -10 -10 -100    0 -1000 -1000 -10
168 62 pedestrian 0 0 -10 547.01 172.91 573.18 197.88 -10 -10 -10 -100    0 -1000 -1000 -10
168 51 pedestrian 0 0 -10 577.52 168.57 606.93 197.87 -10 -10 -10 -100    0 -1000 -1000 -10
168 61 pedestrian 0 0 -10 636.35 163.37 679.51 203.08 -10 -10 -10 -100    0 -1000 -1000 -10
168 64 pedestrian 0 0 -10 667.00 148.48 737.79 227.01 -10 -10 -10 -100    0 -1000 -1000 -10
168 63 pedestrian 0 0 -10 101.72 190.89 217.99 375.00 -10 -10 -10 -100    0 -1000 -1000 -10
169 60 pedestrian 0 0 -10 237.42 165.78 433.88 267.84 -10 -10 -10 -100    0 -1000 -1000 -10
169 58 pedestrian 0 0 -10 737.90 173.58 991.65 360.39 -10 -10 -10 -100    0 -1000 -1000 -10
169 52 pedestrian 0 0 -10 686.76 78.67 832.46 261.38 -10 -10 -10 -100    0 -1000 -1000 -10
169 62 pedestrian 0 0 -10 547.64 173.04 574.63 198.65 -10 -10 -10 -100    0 -1000 -1000 -10
169 51 pedestrian 0 0 -10 579.08 169.10 608.25 197.41 -10 -10 -10 -100    0 -1000 -1000 -10
169 61 pedestrian 0 0 -10 639.64 163.76 682.23 203.93 -10 -10 -10 -100    0 -1000 -1000 -10
169 64 pedestrian 0 0 -10 669.67 148.19 744.96 228.94 -10 -10 -10 -100    0 -1000 -1000 -10
169 63 pedestrian 0 0 -10 16.49 194.60 164.27 375.00 -10 -10 -10 -100    0 -1000 -1000 -10
170 60 pedestrian 0 0 -10 216.31 165.69 426.42 274.46 -10 -10 -10 -100    0 -1000 -1000 -10
170 58 pedestrian 0 0 -10 750.94 173.22 1054.50 375.00 -10 -10 -10 -100    0 -1000 -1000 -10
170 52 pedestrian 0 0 -10 693.28 70.59 849.31 267.87 -10 -10 -10 -100    0 -1000 -1000 -10
170 62 pedestrian 0 0 -10 548.85 172.32 575.64 198.16 -10 -10 -10 -100    0 -1000 -1000 -10
170 51 pedestrian 0 0 -10 581.95 168.43 609.59 195.73 -10 -10 -10 -100    0 -1000 -1000 -10
170 61 pedestrian 0 0 -10 646.78 164.41 684.73 201.46 -10 -10 -10 -100    0 -1000 -1000 -10
170 64 pedestrian 0 0 -10 671.97 144.88 753.06 230.37 -10 -10 -10 -100    0 -1000 -1000 -10
170 63 pedestrian 0 0 -10 0.00 196.43 89.25 375.00 -10 -10 -10 -100    0 -1000 -1000 -10
171 60 pedestrian 0 0 -10 192.40 166.31 416.59 281.59 -10 -10 -10 -100    0 -1000 -1000 -10
171 58 pedestrian 0 0 -10 767.13 171.29 1141.00 375.00 -10 -10 -10 -100    0 -1000 -1000 -10
171 52 pedestrian 0 0 -10 700.11 60.60 871.53 275.00 -10 -10 -10 -100    0 -1000 -1000 -10
171 62 pedestrian 0 0 -10 549.92 171.93 576.63 198.15 -10 -10 -10 -100    0 -1000 -1000 -10
171 61 pedestrian 0 0 -10 650.48 165.25 683.97 199.71 -10 -10 -10 -100    0 -1000 -1000 -10
171 64 pedestrian 0 0 -10 676.79 143.85 761.80 234.14 -10 -10 -10 -100    0 -1000 -1000 -10
172 60 pedestrian 0 0 -10 165.24 167.83 408.80 291.06 -10 -10 -10 -100    0 -1000 -1000 -10
172 58 pedestrian 0 0 -10 786.87 167.99 1241.87 375.00 -10 -10 -10 -100    0 -1000 -1000 -10
172 52 pedestrian 0 0 -10 707.61 52.39 896.92 283.92 -10 -10 -10 -100    0 -1000 -1000 -10
172 62 pedestrian 0 0 -10 550.99 172.88 578.00 199.49 -10 -10 -10 -100    0 -1000 -1000 -10
172 61 pedestrian 0 0 -10 652.72 166.47 684.73 200.50 -10 -10 -10 -100    0 -1000 -1000 -10
172 64 pedestrian 0 0 -10 683.67 143.00 771.43 237.39 -10 -10 -10 -100    0 -1000 -1000 -10
173 60 pedestrian 0 0 -10 134.81 169.24 397.09 301.99 -10 -10 -10 -100    0 -1000 -1000 -10
173 58 pedestrian 0 0 -10 808.68 168.27 1240.99 375.00 -10 -10 -10 -100    0 -1000 -1000 -10
173 52 pedestrian 0 0 -10 716.31 39.63 925.24 294.65 -10 -10 -10 -100    0 -1000 -1000 -10
173 62 pedestrian 0 0 -10 551.64 174.38 579.21 201.32 -10 -10 -10 -100    0 -1000 -1000 -10
173 61 pedestrian 0 0 -10 657.19 165.81 690.74 201.00 -10 -10 -10 -100    0 -1000 -1000 -10
173 64 pedestrian 0 0 -10 687.22 141.29 782.36 242.94 -10 -10 -10 -100    0 -1000 -1000 -10
174 60 pedestrian 0 0 -10 96.90 170.00 382.34 313.58 -10 -10 -10 -100    0 -1000 -1000 -10
174 58 pedestrian 0 0 -10 841.29 166.78 1242.00 375.00 -10 -10 -10 -100    0 -1000 -1000 -10
174 52 pedestrian 0 0 -10 723.92 25.50 961.17 309.46 -10 -10 -10 -100    0 -1000 -1000 -10
174 62 pedestrian 0 0 -10 551.64 175.16 579.71 202.40 -10 -10 -10 -100    0 -1000 -1000 -10
174 51 pedestrian 0 0 -10 587.37 170.91 615.46 195.98 -10 -10 -10 -100    0 -1000 -1000 -10
174 61 pedestrian 0 0 -10 659.35 169.06 693.39 201.74 -10 -10 -10 -100    0 -1000 -1000 -10
174 64 pedestrian 0 0 -10 692.27 140.44 792.11 246.72 -10 -10 -10 -100    0 -1000 -1000 -10
175 60 pedestrian 0 0 -10 49.68 169.11 366.85 324.72 -10 -10 -10 -100    0 -1000 -1000 -10
175 58 pedestrian 0 0 -10 884.63 167.75 1242.00 375.00 -10 -10 -10 -100    0 -1000 -1000 -10
175 52 pedestrian 0 0 -10 732.40 9.10 1007.84 328.79 -10 -10 -10 -100    0 -1000 -1000 -10
175 62 pedestrian 0 0 -10 551.55 175.42 580.14 203.48 -10 -10 -10 -100    0 -1000 -1000 -10
175 51 pedestrian 0 0 -10 587.49 170.93 616.72 196.56 -10 -10 -10 -100    0 -1000 -1000 -10
175 61 pedestrian 0 0 -10 660.83 168.15 696.06 202.25 -10 -10 -10 -100    0 -1000 -1000 -10
175 64 pedestrian 0 0 -10 696.30 137.72 804.03 251.00 -10 -10 -10 -100    0 -1000 -1000 -10
175 65 pedestrian 0 0 -10 680.08 166.11 743.55 226.97 -10 -10 -10 -100    0 -1000 -1000 -10
176 60 pedestrian 0 0 -10 5.19 169.29 344.54 340.16 -10 -10 -10 -100    0 -1000 -1000 -10
176 58 pedestrian 0 0 -10 940.76 171.33 1241.49 375.00 -10 -10 -10 -100    0 -1000 -1000 -10
176 52 pedestrian 0 0 -10 743.85 0.00 1061.39 355.36 -10 -10 -10 -100    0 -1000 -1000 -10
176 62 pedestrian 0 0 -10 551.14 176.03 580.15 205.18 -10 -10 -10 -100    0 -1000 -1000 -10
176 51 pedestrian 0 0 -10 588.82 173.11 617.26 197.91 -10 -10 -10 -100    0 -1000 -1000 -10
176 61 pedestrian 0 0 -10 662.98 168.41 699.93 205.02 -10 -10 -10 -100    0 -1000 -1000 -10
176 64 pedestrian 0 0 -10 700.53 138.52 817.16 256.34 -10 -10 -10 -100    0 -1000 -1000 -10
176 65 pedestrian 0 0 -10 683.23 165.73 745.71 228.23 -10 -10 -10 -100    0 -1000 -1000 -10
177 60 pedestrian 0 0 -10 0.38 166.46 319.89 359.30 -10 -10 -10 -100    0 -1000 -1000 -10
177 58 pedestrian 0 0 -10 1024.43 172.02 1241.73 375.00 -10 -10 -10 -100    0 -1000 -1000 -10
177 52 pedestrian 0 0 -10 755.21 0.00 1145.88 375.00 -10 -10 -10 -100    0 -1000 -1000 -10
177 62 pedestrian 0 0 -10 550.14 176.10 579.61 205.62 -10 -10 -10 -100    0 -1000 -1000 -10
177 51 pedestrian 0 0 -10 588.97 173.15 617.16 197.77 -10 -10 -10 -100    0 -1000 -1000 -10
177 61 pedestrian 0 0 -10 664.43 169.69 701.33 206.69 -10 -10 -10 -100    0 -1000 -1000 -10
177 64 pedestrian 0 0 -10 705.58 134.65 829.99 261.25 -10 -10 -10 -100    0 -1000 -1000 -10
177 65 pedestrian 0 0 -10 685.64 165.24 750.25 230.95 -10 -10 -10 -100    0 -1000 -1000 -10
178 60 pedestrian 0 0 -10 0.35 163.12 288.61 375.00 -10 -10 -10 -100    0 -1000 -1000 -10
178 52 pedestrian 0 0 -10 770.97 0.00 1226.90 375.00 -10 -10 -10 -100    0 -1000 -1000 -10
178 62 pedestrian 0 0 -10 549.21 176.13 579.52 206.39 -10 -10 -10 -100    0 -1000 -1000 -10
178 51 pedestrian 0 0 -10 588.73 173.23 617.39 197.97 -10 -10 -10 -100    0 -1000 -1000 -10
178 61 pedestrian 0 0 -10 665.00 168.94 704.69 208.37 -10 -10 -10 -100    0 -1000 -1000 -10
178 64 pedestrian 0 0 -10 709.85 134.95 843.80 267.66 -10 -10 -10 -100    0 -1000 -1000 -10
178 65 pedestrian 0 0 -10 688.16 164.57 756.42 233.19 -10 -10 -10 -100    0 -1000 -1000 -10
179 52 pedestrian 0 0 -10 784.39 0.00 1231.12 375.00 -10 -10 -10 -100    0 -1000 -1000 -10
179 62 pedestrian 0 0 -10 547.26 176.84 578.58 207.49 -10 -10 -10 -100    0 -1000 -1000 -10
179 51 pedestrian 0 0 -10 587.87 173.14 617.96 199.01 -10 -10 -10 -100    0 -1000 -1000 -10
179 60 pedestrian 0 0 -10 0.47 158.16 252.21 375.00 -10 -10 -10 -100    0 -1000 -1000 -10
179 61 pedestrian 0 0 -10 666.14 169.25 706.41 208.98 -10 -10 -10 -100    0 -1000 -1000 -10
179 64 pedestrian 0 0 -10 714.30 132.76 861.47 273.29 -10 -10 -10 -100    0 -1000 -1000 -10
179 65 pedestrian 0 0 -10 691.17 165.72 763.13 235.42 -10 -10 -10 -100    0 -1000 -1000 -10
180 52 pedestrian 0 0 -10 802.66 0.00 1209.57 375.00 -10 -10 -10 -100    0 -1000 -1000 -10
180 62 pedestrian 0 0 -10 545.79 177.96 577.51 209.39 -10 -10 -10 -100    0 -1000 -1000 -10
180 51 pedestrian 0 0 -10 587.32 173.49 618.01 200.86 -10 -10 -10 -100    0 -1000 -1000 -10
180 60 pedestrian 0 0 -10 0.00 157.06 204.73 375.00 -10 -10 -10 -100    0 -1000 -1000 -10
180 61 pedestrian 0 0 -10 666.96 170.17 709.36 211.55 -10 -10 -10 -100    0 -1000 -1000 -10
180 64 pedestrian 0 0 -10 722.25 130.85 878.50 284.02 -10 -10 -10 -100    0 -1000 -1000 -10
180 65 pedestrian 0 0 -10 693.05 164.42 768.19 239.29 -10 -10 -10 -100    0 -1000 -1000 -10
181 52 pedestrian 0 0 -10 820.25 0.00 1195.84 375.00 -10 -10 -10 -100    0 -1000 -1000 -10
181 62 pedestrian 0 0 -10 543.30 178.23 576.64 210.78 -10 -10 -10 -100    0 -1000 -1000 -10
181 51 pedestrian 0 0 -10 585.66 174.71 618.10 201.41 -10 -10 -10 -100    0 -1000 -1000 -10
181 60 pedestrian 0 0 -10 0.00 157.85 140.90 375.00 -10 -10 -10 -100    0 -1000 -1000 -10
181 61 pedestrian 0 0 -10 668.51 172.53 710.81 214.63 -10 -10 -10 -100    0 -1000 -1000 -10
181 64 pedestrian 0 0 -10 727.95 128.07 903.63 295.46 -10 -10 -10 -100    0 -1000 -1000 -10
181 65 pedestrian 0 0 -10 695.83 164.74 775.47 243.94 -10 -10 -10 -100    0 -1000 -1000 -10
182 52 pedestrian 0 0 -10 846.53 0.00 1223.43 375.00 -10 -10 -10 -100    0 -1000 -1000 -10
182 62 pedestrian 0 0 -10 541.04 180.48 575.34 213.40 -10 -10 -10 -100    0 -1000 -1000 -10
182 51 pedestrian 0 0 -10 585.04 176.31 616.80 203.70 -10 -10 -10 -100    0 -1000 -1000 -10
182 61 pedestrian 0 0 -10 668.11 174.01 710.81 216.59 -10 -10 -10 -100    0 -1000 -1000 -10
182 64 pedestrian 0 0 -10 735.68 126.28 930.01 309.72 -10 -10 -10 -100    0 -1000 -1000 -10
182 65 pedestrian 0 0 -10 698.05 164.36 785.52 249.35 -10 -10 -10 -100    0 -1000 -1000 -10
183 52 pedestrian 0 0 -10 882.55 0.00 1230.90 375.00 -10 -10 -10 -100    0 -1000 -1000 -10
183 62 pedestrian 0 0 -10 538.51 180.07 573.51 213.76 -10 -10 -10 -100    0 -1000 -1000 -10
183 51 pedestrian 0 0 -10 583.65 174.95 615.85 202.95 -10 -10 -10 -100    0 -1000 -1000 -10
183 61 pedestrian 0 0 -10 668.64 172.33 713.29 216.69 -10 -10 -10 -100    0 -1000 -1000 -10
183 64 pedestrian 0 0 -10 743.76 121.18 964.85 324.31 -10 -10 -10 -100    0 -1000 -1000 -10
183 65 pedestrian 0 0 -10 701.51 162.47 792.45 251.24 -10 -10 -10 -100    0 -1000 -1000 -10
184 52 pedestrian 0 0 -10 938.78 0.00 1241.80 375.00 -10 -10 -10 -100    0 -1000 -1000 -10
184 62 pedestrian 0 0 -10 535.86 179.28 572.54 214.21 -10 -10 -10 -100    0 -1000 -1000 -10
184 51 pedestrian 0 0 -10 581.51 173.66 614.52 202.62 -10 -10 -10 -100    0 -1000 -1000 -10
184 61 pedestrian 0 0 -10 669.30 170.98 714.89 216.56 -10 -10 -10 -100    0 -1000 -1000 -10
184 64 pedestrian 0 0 -10 752.24 116.99 1014.14 344.52 -10 -10 -10 -100    0 -1000 -1000 -10
184 65 pedestrian 0 0 -10 705.61 161.15 800.26 254.66 -10 -10 -10 -100    0 -1000 -1000 -10
185 62 pedestrian 0 0 -10 533.72 180.42 570.65 216.85 -10 -10 -10 -100    0 -1000 -1000 -10
185 51 pedestrian 0 0 -10 579.61 174.41 614.00 204.70 -10 -10 -10 -100    0 -1000 -1000 -10
185 61 pedestrian 0 0 -10 669.95 171.27 718.03 218.41 -10 -10 -10 -100    0 -1000 -1000 -10
185 64 pedestrian 0 0 -10 764.30 116.11 1055.65 371.67 -10 -10 -10 -100    0 -1000 -1000 -10
185 65 pedestrian 0 0 -10 709.09 162.17 814.63 260.94 -10 -10 -10 -100    0 -1000 -1000 -10
186 62 pedestrian 0 0 -10 530.45 181.94 569.36 219.15 -10 -10 -10 -100    0 -1000 -1000 -10
186 51 pedestrian 0 0 -10 578.02 176.65 613.75 206.21 -10 -10 -10 -100    0 -1000 -1000 -10
186 61 pedestrian 0 0 -10 670.53 171.58 720.19 219.73 -10 -10 -10 -100    0 -1000 -1000 -10
186 64 pedestrian 0 0 -10 778.22 107.09 1122.22 375.00 -10 -10 -10 -100    0 -1000 -1000 -10
186 65 pedestrian 0 0 -10 713.15 160.35 827.77 266.86 -10 -10 -10 -100    0 -1000 -1000 -10
187 62 pedestrian 0 0 -10 527.59 182.72 567.57 221.21 -10 -10 -10 -100    0 -1000 -1000 -10
187 51 pedestrian 0 0 -10 577.46 175.99 614.33 206.12 -10 -10 -10 -100    0 -1000 -1000 -10
187 61 pedestrian 0 0 -10 670.31 170.21 721.81 220.69 -10 -10 -10 -100    0 -1000 -1000 -10
187 64 pedestrian 0 0 -10 793.67 91.90 1220.93 375.00 -10 -10 -10 -100    0 -1000 -1000 -10
187 65 pedestrian 0 0 -10 717.61 159.46 843.09 272.80 -10 -10 -10 -100    0 -1000 -1000 -10
188 62 pedestrian 0 0 -10 524.30 183.58 565.31 222.73 -10 -10 -10 -100    0 -1000 -1000 -10
188 51 pedestrian 0 0 -10 576.31 176.00 613.12 207.13 -10 -10 -10 -100    0 -1000 -1000 -10
188 61 pedestrian 0 0 -10 671.22 170.58 723.69 222.47 -10 -10 -10 -100    0 -1000 -1000 -10
188 64 pedestrian 0 0 -10 811.88 66.09 1242.00 375.00 -10 -10 -10 -100    0 -1000 -1000 -10
188 65 pedestrian 0 0 -10 724.19 157.60 859.39 279.76 -10 -10 -10 -100    0 -1000 -1000 -10
189 62 pedestrian 0 0 -10 519.98 184.28 563.29 224.13 -10 -10 -10 -100    0 -1000 -1000 -10
189 51 pedestrian 0 0 -10 574.62 177.15 612.52 207.54 -10 -10 -10 -100    0 -1000 -1000 -10
189 61 pedestrian 0 0 -10 671.27 170.85 726.51 224.14 -10 -10 -10 -100    0 -1000 -1000 -10
189 64 pedestrian 0 0 -10 834.30 45.48 1242.00 375.00 -10 -10 -10 -100    0 -1000 -1000 -10
189 65 pedestrian 0 0 -10 729.51 156.73 877.07 288.93 -10 -10 -10 -100    0 -1000 -1000 -10
190 62 pedestrian 0 0 -10 516.76 184.45 561.62 224.98 -10 -10 -10 -100    0 -1000 -1000 -10
190 51 pedestrian 0 0 -10 572.63 176.74 611.40 207.94 -10 -10 -10 -100    0 -1000 -1000 -10
190 61 pedestrian 0 0 -10 672.83 170.64 731.01 225.36 -10 -10 -10 -100    0 -1000 -1000 -10
190 64 pedestrian 0 0 -10 860.21 0.00 1240.68 375.00 -10 -10 -10 -100    0 -1000 -1000 -10
190 65 pedestrian 0 0 -10 735.97 154.58 898.97 298.42 -10 -10 -10 -100    0 -1000 -1000 -10
191 62 pedestrian 0 0 -10 513.01 181.39 559.18 223.44 -10 -10 -10 -100    0 -1000 -1000 -10
191 51 pedestrian 0 0 -10 571.34 173.90 610.84 206.48 -10 -10 -10 -100    0 -1000 -1000 -10
191 61 pedestrian 0 0 -10 674.40 167.45 734.16 224.83 -10 -10 -10 -100    0 -1000 -1000 -10
191 64 pedestrian 0 0 -10 897.20 0.00 1242.00 375.00 -10 -10 -10 -100    0 -1000 -1000 -10
191 65 pedestrian 0 0 -10 743.88 150.12 930.04 308.15 -10 -10 -10 -100    0 -1000 -1000 -10
192 62 pedestrian 0 0 -10 508.25 178.42 555.95 221.43 -10 -10 -10 -100    0 -1000 -1000 -10
192 51 pedestrian 0 0 -10 569.03 171.06 609.75 204.96 -10 -10 -10 -100    0 -1000 -1000 -10
192 61 pedestrian 0 0 -10 676.90 164.95 738.27 224.06 -10 -10 -10 -100    0 -1000 -1000 -10
192 64 pedestrian 0 0 -10 949.22 0.00 1242.00 375.00 -10 -10 -10 -100    0 -1000 -1000 -10
192 65 pedestrian 0 0 -10 753.05 144.86 965.32 319.06 -10 -10 -10 -100    0 -1000 -1000 -10
193 62 pedestrian 0 0 -10 503.84 176.81 553.13 220.66 -10 -10 -10 -100    0 -1000 -1000 -10
193 51 pedestrian 0 0 -10 566.77 171.76 607.89 206.25 -10 -10 -10 -100    0 -1000 -1000 -10
193 61 pedestrian 0 0 -10 679.23 164.51 742.83 225.99 -10 -10 -10 -100    0 -1000 -1000 -10
193 64 pedestrian 0 0 -10 1024.72 0.00 1242.00 375.00 -10 -10 -10 -100    0 -1000 -1000 -10
193 65 pedestrian 0 0 -10 764.54 142.62 1005.75 337.81 -10 -10 -10 -100    0 -1000 -1000 -10
194 62 pedestrian 0 0 -10 499.39 179.03 550.42 224.68 -10 -10 -10 -100    0 -1000 -1000 -10
194 51 pedestrian 0 0 -10 564.99 174.31 607.44 209.35 -10 -10 -10 -100    0 -1000 -1000 -10
194 61 pedestrian 0 0 -10 681.03 166.73 747.96 231.26 -10 -10 -10 -100    0 -1000 -1000 -10
194 65 pedestrian 0 0 -10 777.76 142.28 1058.69 365.70 -10 -10 -10 -100    0 -1000 -1000 -10
195 66 pedestrian 0 0 -10 669.29 178.66 701.28 214.90 -10 -10 -10 -100    0 -1000 -1000 -10
195 62 pedestrian 0 0 -10 495.38 181.84 547.74 229.43 -10 -10 -10 -100    0 -1000 -1000 -10
195 51 pedestrian 0 0 -10 563.01 176.34 606.29 213.91 -10 -10 -10 -100    0 -1000 -1000 -10
195 61 pedestrian 0 0 -10 682.42 170.08 752.75 237.00 -10 -10 -10 -100    0 -1000 -1000 -10
195 65 pedestrian 0 0 -10 791.44 141.36 1129.97 375.00 -10 -10 -10 -100    0 -1000 -1000 -10
196 66 pedestrian 0 0 -10 671.17 180.38 702.50 216.92 -10 -10 -10 -100    0 -1000 -1000 -10
196 62 pedestrian 0 0 -10 490.68 183.78 545.07 233.48 -10 -10 -10 -100    0 -1000 -1000 -10
196 51 pedestrian 0 0 -10 561.19 177.72 605.42 215.56 -10 -10 -10 -100    0 -1000 -1000 -10
196 61 pedestrian 0 0 -10 684.32 170.96 758.78 241.41 -10 -10 -10 -100    0 -1000 -1000 -10
196 65 pedestrian 0 0 -10 808.36 135.83 1219.10 375.00 -10 -10 -10 -100    0 -1000 -1000 -10
197 66 pedestrian 0 0 -10 672.92 183.13 701.56 219.33 -10 -10 -10 -100    0 -1000 -1000 -10
197 62 pedestrian 0 0 -10 486.18 185.10 542.87 237.02 -10 -10 -10 -100    0 -1000 -1000 -10
197 51 pedestrian 0 0 -10 560.14 178.13 605.40 216.59 -10 -10 -10 -100    0 -1000 -1000 -10
197 61 pedestrian 0 0 -10 687.13 171.60 765.41 244.17 -10 -10 -10 -100    0 -1000 -1000 -10
197 65 pedestrian 0 0 -10 832.98 126.87 1242.00 375.00 -10 -10 -10 -100    0 -1000 -1000 -10
198 66 pedestrian 0 0 -10 674.11 181.24 707.93 216.22 -10 -10 -10 -100    0 -1000 -1000 -10
198 62 pedestrian 0 0 -10 483.14 184.86 540.69 238.33 -10 -10 -10 -100    0 -1000 -1000 -10
198 51 pedestrian 0 0 -10 559.34 179.01 605.16 218.22 -10 -10 -10 -100    0 -1000 -1000 -10
198 61 pedestrian 0 0 -10 689.13 170.56 772.53 245.85 -10 -10 -10 -100    0 -1000 -1000 -10
198 65 pedestrian 0 0 -10 859.52 113.69 1242.00 375.00 -10 -10 -10 -100    0 -1000 -1000 -10
199 66 pedestrian 0 0 -10 678.22 175.67 730.54 216.46 -10 -10 -10 -100    0 -1000 -1000 -10
199 62 pedestrian 0 0 -10 477.72 184.21 538.32 239.01 -10 -10 -10 -100    0 -1000 -1000 -10
199 51 pedestrian 0 0 -10 556.94 180.23 604.31 220.23 -10 -10 -10 -100    0 -1000 -1000 -10
199 61 pedestrian 0 0 -10 693.27 170.09 780.15 250.84 -10 -10 -10 -100    0 -1000 -1000 -10
199 65 pedestrian 0 0 -10 895.08 104.14 1242.00 375.00 -10 -10 -10 -100    0 -1000 -1000 -10
200 66 pedestrian 0 0 -10 679.75 173.82 734.37 216.55 -10 -10 -10 -100    0 -1000 -1000 -10
200 62 pedestrian 0 0 -10 472.45 182.59 535.28 239.77 -10 -10 -10 -100    0 -1000 -1000 -10
200 51 pedestrian 0 0 -10 555.65 179.31 603.68 219.97 -10 -10 -10 -100    0 -1000 -1000 -10
200 61 pedestrian 0 0 -10 695.88 167.77 788.56 252.66 -10 -10 -10 -100    0 -1000 -1000 -10
200 65 pedestrian 0 0 -10 939.88 99.66 1241.69 375.00 -10 -10 -10 -100    0 -1000 -1000 -10
201 66 pedestrian 0 0 -10 681.38 172.38 736.20 215.71 -10 -10 -10 -100    0 -1000 -1000 -10
201 62 pedestrian 0 0 -10 466.68 180.95 532.39 240.47 -10 -10 -10 -100    0 -1000 -1000 -10
201 51 pedestrian 0 0 -10 553.41 176.57 603.37 219.32 -10 -10 -10 -100    0 -1000 -1000 -10
201 61 pedestrian 0 0 -10 698.96 165.25 797.64 255.10 -10 -10 -10 -100    0 -1000 -1000 -10
201 65 pedestrian 0 0 -10 1007.55 94.84 1241.82 375.00 -10 -10 -10 -100    0 -1000 -1000 -10
202 66 pedestrian 0 0 -10 683.30 169.05 742.02 214.10 -10 -10 -10 -100    0 -1000 -1000 -10
202 62 pedestrian 0 0 -10 460.97 178.22 529.80 240.54 -10 -10 -10 -100    0 -1000 -1000 -10
202 51 pedestrian 0 0 -10 551.72 172.41 603.07 217.54 -10 -10 -10 -100    0 -1000 -1000 -10
202 61 pedestrian 0 0 -10 703.72 161.49 809.57 256.49 -10 -10 -10 -100    0 -1000 -1000 -10
202 65 pedestrian 0 0 -10 1106.75 84.02 1241.83 375.00 -10 -10 -10 -100    0 -1000 -1000 -10
203 66 pedestrian 0 0 -10 685.22 167.40 744.93 213.52 -10 -10 -10 -100    0 -1000 -1000 -10
203 62 pedestrian 0 0 -10 453.99 177.40 526.39 242.43 -10 -10 -10 -100    0 -1000 -1000 -10
203 51 pedestrian 0 0 -10 550.06 169.60 603.12 215.66 -10 -10 -10 -100    0 -1000 -1000 -10
203 61 pedestrian 0 0 -10 707.49 157.95 821.18 259.53 -10 -10 -10 -100    0 -1000 -1000 -10
204 66 pedestrian 0 0 -10 687.28 165.88 748.73 213.86 -10 -10 -10 -100    0 -1000 -1000 -10
204 62 pedestrian 0 0 -10 446.67 177.11 523.30 245.33 -10 -10 -10 -100    0 -1000 -1000 -10
204 51 pedestrian 0 0 -10 548.67 167.57 602.96 214.57 -10 -10 -10 -100    0 -1000 -1000 -10
204 61 pedestrian 0 0 -10 711.50 156.77 834.68 265.28 -10 -10 -10 -100    0 -1000 -1000 -10
205 66 pedestrian 0 0 -10 689.51 166.85 751.84 216.09 -10 -10 -10 -100    0 -1000 -1000 -10
205 62 pedestrian 0 0 -10 439.69 177.70 519.97 248.83 -10 -10 -10 -100    0 -1000 -1000 -10
205 51 pedestrian 0 0 -10 546.68 166.76 602.15 214.67 -10 -10 -10 -100    0 -1000 -1000 -10
205 61 pedestrian 0 0 -10 716.09 156.94 849.00 272.10 -10 -10 -10 -100    0 -1000 -1000 -10
206 66 pedestrian 0 0 -10 691.88 166.77 756.86 217.82 -10 -10 -10 -100    0 -1000 -1000 -10
206 62 pedestrian 0 0 -10 431.53 177.67 516.98 252.65 -10 -10 -10 -100    0 -1000 -1000 -10
206 51 pedestrian 0 0 -10 544.40 165.50 601.95 215.81 -10 -10 -10 -100    0 -1000 -1000 -10
206 61 pedestrian 0 0 -10 722.37 157.34 867.14 278.96 -10 -10 -10 -100    0 -1000 -1000 -10
207 66 pedestrian 0 0 -10 695.00 166.85 762.49 219.84 -10 -10 -10 -100    0 -1000 -1000 -10
207 62 pedestrian 0 0 -10 422.88 178.08 513.18 255.86 -10 -10 -10 -100    0 -1000 -1000 -10
207 51 pedestrian 0 0 -10 542.43 164.55 601.37 216.48 -10 -10 -10 -100    0 -1000 -1000 -10
207 61 pedestrian 0 0 -10 728.94 156.51 887.19 287.69 -10 -10 -10 -100    0 -1000 -1000 -10
208 66 pedestrian 0 0 -10 697.26 166.30 766.85 221.00 -10 -10 -10 -100    0 -1000 -1000 -10
208 62 pedestrian 0 0 -10 411.58 177.68 509.36 259.17 -10 -10 -10 -100    0 -1000 -1000 -10
208 51 pedestrian 0 0 -10 539.91 164.14 601.31 217.67 -10 -10 -10 -100    0 -1000 -1000 -10
208 61 pedestrian 0 0 -10 735.18 154.51 909.35 296.85 -10 -10 -10 -100    0 -1000 -1000 -10
209 66 pedestrian 0 0 -10 699.76 165.88 768.47 222.15 -10 -10 -10 -100    0 -1000 -1000 -10
209 62 pedestrian 0 0 -10 401.38 176.21 504.69 262.43 -10 -10 -10 -100    0 -1000 -1000 -10
209 51 pedestrian 0 0 -10 536.37 163.13 600.96 218.29 -10 -10 -10 -100    0 -1000 -1000 -10
209 61 pedestrian 0 0 -10 743.37 151.41 936.27 306.69 -10 -10 -10 -100    0 -1000 -1000 -10
210 66 pedestrian 0 0 -10 702.71 165.81 773.71 224.06 -10 -10 -10 -100    0 -1000 -1000 -10
210 62 pedestrian 0 0 -10 389.37 175.46 499.87 266.84 -10 -10 -10 -100    0 -1000 -1000 -10
210 51 pedestrian 0 0 -10 534.05 162.32 600.17 219.64 -10 -10 -10 -100    0 -1000 -1000 -10
210 61 pedestrian 0 0 -10 751.91 149.52 967.36 319.17 -10 -10 -10 -100    0 -1000 -1000 -10
210 67 pedestrian 0 0 -10 1042.45 144.74 1144.01 207.60 -10 -10 -10 -100    0 -1000 -1000 -10
211 66 pedestrian 0 0 -10 706.44 166.19 777.69 226.47 -10 -10 -10 -100    0 -1000 -1000 -10
211 62 pedestrian 0 0 -10 375.52 175.72 494.79 272.15 -10 -10 -10 -100    0 -1000 -1000 -10
211 51 pedestrian 0 0 -10 531.07 162.45 598.84 220.80 -10 -10 -10 -100    0 -1000 -1000 -10
211 61 pedestrian 0 0 -10 761.34 148.18 1006.05 336.92 -10 -10 -10 -100    0 -1000 -1000 -10
211 67 pedestrian 0 0 -10 1061.79 144.61 1176.33 210.09 -10 -10 -10 -100    0 -1000 -1000 -10
212 66 pedestrian 0 0 -10 710.52 166.26 782.42 229.14 -10 -10 -10 -100    0 -1000 -1000 -10
212 62 pedestrian 0 0 -10 361.36 176.50 489.69 277.84 -10 -10 -10 -100    0 -1000 -1000 -10
212 51 pedestrian 0 0 -10 527.66 162.13 597.77 222.25 -10 -10 -10 -100    0 -1000 -1000 -10
212 61 pedestrian 0 0 -10 772.59 145.85 1049.95 355.92 -10 -10 -10 -100    0 -1000 -1000 -10
212 67 pedestrian 0 0 -10 1080.89 143.04 1192.69 207.37 -10 -10 -10 -100    0 -1000 -1000 -10
213 66 pedestrian 0 0 -10 714.72 166.90 791.74 232.48 -10 -10 -10 -100    0 -1000 -1000 -10
213 62 pedestrian 0 0 -10 346.07 177.29 483.53 285.02 -10 -10 -10 -100    0 -1000 -1000 -10
213 51 pedestrian 0 0 -10 525.59 162.67 597.37 224.23 -10 -10 -10 -100    0 -1000 -1000 -10
213 61 pedestrian 0 0 -10 785.89 143.42 1107.20 375.00 -10 -10 -10 -100    0 -1000 -1000 -10
213 67 pedestrian 0 0 -10 1094.93 144.76 1181.89 209.41 -10 -10 -10 -100    0 -1000 -1000 -10
214 66 pedestrian 0 0 -10 719.85 167.99 799.54 235.26 -10 -10 -10 -100    0 -1000 -1000 -10
214 62 pedestrian 0 0 -10 329.20 177.89 479.06 292.72 -10 -10 -10 -100    0 -1000 -1000 -10
214 51 pedestrian 0 0 -10 523.41 162.77 597.91 227.18 -10 -10 -10 -100    0 -1000 -1000 -10
214 68 pedestrian 0 0 -10 437.02 173.54 510.01 227.44 -10 -10 -10 -100    0 -1000 -1000 -10
214 61 pedestrian 0 0 -10 801.65 137.79 1180.38 375.00 -10 -10 -10 -100    0 -1000 -1000 -10
214 67 pedestrian 0 0 -10 1119.39 145.59 1200.78 214.92 -10 -10 -10 -100    0 -1000 -1000 -10
215 66 pedestrian 0 0 -10 726.18 167.40 808.04 238.24 -10 -10 -10 -100    0 -1000 -1000 -10
215 62 pedestrian 0 0 -10 310.73 178.84 474.37 301.13 -10 -10 -10 -100    0 -1000 -1000 -10
215 51 pedestrian 0 0 -10 521.25 162.80 599.09 229.81 -10 -10 -10 -100    0 -1000 -1000 -10
215 68 pedestrian 0 0 -10 432.19 173.85 507.74 230.25 -10 -10 -10 -100    0 -1000 -1000 -10
215 69 pedestrian 0 0 -10 772.93 164.29 880.35 221.86 -10 -10 -10 -100    0 -1000 -1000 -10
215 61 pedestrian 0 0 -10 816.62 130.78 1242.00 375.00 -10 -10 -10 -100    0 -1000 -1000 -10
216 66 pedestrian 0 0 -10 732.27 167.48 817.71 241.55 -10 -10 -10 -100    0 -1000 -1000 -10
216 62 pedestrian 0 0 -10 290.74 179.84 468.11 311.70 -10 -10 -10 -100    0 -1000 -1000 -10
216 51 pedestrian 0 0 -10 519.05 163.41 599.58 232.34 -10 -10 -10 -100    0 -1000 -1000 -10
216 68 pedestrian 0 0 -10 426.28 175.09 505.16 232.75 -10 -10 -10 -100    0 -1000 -1000 -10
216 69 pedestrian 0 0 -10 778.08 164.91 891.62 223.04 -10 -10 -10 -100    0 -1000 -1000 -10
216 61 pedestrian 0 0 -10 839.87 125.59 1242.00 375.00 -10 -10 -10 -100    0 -1000 -1000 -10
217 66 pedestrian 0 0 -10 737.56 167.35 827.00 244.87 -10 -10 -10 -100    0 -1000 -1000 -10
217 62 pedestrian 0 0 -10 266.02 181.37 462.10 324.25 -10 -10 -10 -100    0 -1000 -1000 -10
217 51 pedestrian 0 0 -10 516.33 164.80 600.13 236.81 -10 -10 -10 -100    0 -1000 -1000 -10
217 68 pedestrian 0 0 -10 421.34 176.56 502.37 235.65 -10 -10 -10 -100    0 -1000 -1000 -10
217 69 pedestrian 0 0 -10 785.47 163.34 900.72 224.61 -10 -10 -10 -100    0 -1000 -1000 -10
217 61 pedestrian 0 0 -10 861.31 117.02 1242.00 375.00 -10 -10 -10 -100    0 -1000 -1000 -10
218 66 pedestrian 0 0 -10 745.36 167.46 836.82 248.17 -10 -10 -10 -100    0 -1000 -1000 -10
218 62 pedestrian 0 0 -10 237.18 182.44 453.76 338.12 -10 -10 -10 -100    0 -1000 -1000 -10
218 51 pedestrian 0 0 -10 513.82 166.34 600.47 240.57 -10 -10 -10 -100    0 -1000 -1000 -10
218 68 pedestrian 0 0 -10 415.38 177.00 498.65 238.65 -10 -10 -10 -100    0 -1000 -1000 -10
218 69 pedestrian 0 0 -10 792.77 163.11 911.91 227.20 -10 -10 -10 -100    0 -1000 -1000 -10
218 61 pedestrian 0 0 -10 891.30 114.73 1242.00 375.00 -10 -10 -10 -100    0 -1000 -1000 -10
219 66 pedestrian 0 0 -10 752.37 167.47 845.68 251.61 -10 -10 -10 -100    0 -1000 -1000 -10
219 62 pedestrian 0 0 -10 202.90 184.16 446.49 356.68 -10 -10 -10 -100    0 -1000 -1000 -10
219 51 pedestrian 0 0 -10 510.04 168.07 600.95 245.02 -10 -10 -10 -100    0 -1000 -1000 -10
219 68 pedestrian 0 0 -10 408.63 177.46 495.72 241.90 -10 -10 -10 -100    0 -1000 -1000 -10
219 69 pedestrian 0 0 -10 799.52 163.04 922.17 229.49 -10 -10 -10 -100    0 -1000 -1000 -10
219 61 pedestrian 0 0 -10 931.71 115.92 1242.00 375.00 -10 -10 -10 -100    0 -1000 -1000 -10
220 66 pedestrian 0 0 -10 759.34 165.84 856.11 255.52 -10 -10 -10 -100    0 -1000 -1000 -10
220 62 pedestrian 0 0 -10 160.79 185.93 435.88 375.00 -10 -10 -10 -100    0 -1000 -1000 -10
220 51 pedestrian 0 0 -10 506.61 168.94 600.11 248.34 -10 -10 -10 -100    0 -1000 -1000 -10
220 68 pedestrian 0 0 -10 398.53 178.71 492.34 245.63 -10 -10 -10 -100    0 -1000 -1000 -10
220 69 pedestrian 0 0 -10 806.98 164.02 932.37 231.38 -10 -10 -10 -100    0 -1000 -1000 -10
220 61 pedestrian 0 0 -10 981.59 121.20 1242.00 375.00 -10 -10 -10 -100    0 -1000 -1000 -10
221 66 pedestrian 0 0 -10 767.57 165.02 867.08 258.90 -10 -10 -10 -100    0 -1000 -1000 -10
221 62 pedestrian 0 0 -10 112.65 186.02 422.54 375.00 -10 -10 -10 -100    0 -1000 -1000 -10
221 51 pedestrian 0 0 -10 501.87 168.51 600.11 250.85 -10 -10 -10 -100    0 -1000 -1000 -10
221 68 pedestrian 0 0 -10 390.47 179.96 487.77 248.93 -10 -10 -10 -100    0 -1000 -1000 -10
221 69 pedestrian 0 0 -10 813.61 163.19 944.20 233.71 -10 -10 -10 -100    0 -1000 -1000 -10
221 61 pedestrian 0 0 -10 1046.92 118.75 1241.82 375.00 -10 -10 -10 -100    0 -1000 -1000 -10
222 66 pedestrian 0 0 -10 775.91 164.46 878.61 264.07 -10 -10 -10 -100    0 -1000 -1000 -10
222 62 pedestrian 0 0 -10 51.30 186.71 408.93 375.00 -10 -10 -10 -100    0 -1000 -1000 -10
222 51 pedestrian 0 0 -10 497.24 166.89 600.05 252.81 -10 -10 -10 -100    0 -1000 -1000 -10
222 68 pedestrian 0 0 -10 381.41 179.97 482.88 251.62 -10 -10 -10 -100    0 -1000 -1000 -10
222 69 pedestrian 0 0 -10 821.54 162.80 957.42 236.17 -10 -10 -10 -100    0 -1000 -1000 -10
222 61 pedestrian 0 0 -10 1132.61 133.28 1241.90 375.00 -10 -10 -10 -100    0 -1000 -1000 -10
223 66 pedestrian 0 0 -10 785.22 164.62 890.10 268.61 -10 -10 -10 -100    0 -1000 -1000 -10
223 62 pedestrian 0 0 -10 2.12 186.28 392.39 375.00 -10 -10 -10 -100    0 -1000 -1000 -10
223 51 pedestrian 0 0 -10 492.64 164.39 599.73 254.22 -10 -10 -10 -100    0 -1000 -1000 -10
223 68 pedestrian 0 0 -10 370.53 178.69 478.24 254.29 -10 -10 -10 -100    0 -1000 -1000 -10
223 69 pedestrian 0 0 -10 828.28 160.76 968.62 236.69 -10 -10 -10 -100    0 -1000 -1000 -10
224 62 pedestrian 0 0 -10 1.04 187.26 372.36 375.00 -10 -10 -10 -100    0 -1000 -1000 -10
224 51 pedestrian 0 0 -10 486.15 163.57 598.66 256.99 -10 -10 -10 -100    0 -1000 -1000 -10
224 68 pedestrian 0 0 -10 356.74 178.93 470.92 257.71 -10 -10 -10 -100    0 -1000 -1000 -10
224 69 pedestrian 0 0 -10 839.72 159.11 983.01 237.99 -10 -10 -10 -100    0 -1000 -1000 -10
224 66 pedestrian 0 0 -10 795.01 163.89 902.12 274.94 -10 -10 -10 -100    0 -1000 -1000 -10
225 62 pedestrian 0 0 -10 0.00 190.37 350.36 375.00 -10 -10 -10 -100    0 -1000 -1000 -10
225 51 pedestrian 0 0 -10 479.04 161.87 597.24 261.01 -10 -10 -10 -100    0 -1000 -1000 -10
225 68 pedestrian 0 0 -10 344.17 179.12 464.78 262.09 -10 -10 -10 -100    0 -1000 -1000 -10
225 69 pedestrian 0 0 -10 848.09 158.39 997.29 241.88 -10 -10 -10 -100    0 -1000 -1000 -10
225 66 pedestrian 0 0 -10 804.63 165.38 916.54 283.58 -10 -10 -10 -100    0 -1000 -1000 -10
226 62 pedestrian 0 0 -10 0.00 191.97 323.91 375.00 -10 -10 -10 -100    0 -1000 -1000 -10
226 51 pedestrian 0 0 -10 471.71 160.65 594.92 265.07 -10 -10 -10 -100    0 -1000 -1000 -10
226 68 pedestrian 0 0 -10 329.87 179.67 457.60 266.97 -10 -10 -10 -100    0 -1000 -1000 -10
226 69 pedestrian 0 0 -10 854.34 157.54 1008.96 245.25 -10 -10 -10 -100    0 -1000 -1000 -10
226 66 pedestrian 0 0 -10 814.93 166.88 933.49 291.41 -10 -10 -10 -100    0 -1000 -1000 -10
227 62 pedestrian 0 0 -10 0.25 195.01 291.53 375.00 -10 -10 -10 -100    0 -1000 -1000 -10
227 51 pedestrian 0 0 -10 461.81 162.54 592.97 271.07 -10 -10 -10 -100    0 -1000 -1000 -10
227 68 pedestrian 0 0 -10 314.46 180.65 452.03 272.43 -10 -10 -10 -100    0 -1000 -1000 -10
227 69 pedestrian 0 0 -10 856.63 159.66 1018.14 249.50 -10 -10 -10 -100    0 -1000 -1000 -10
227 66 pedestrian 0 0 -10 826.96 168.17 954.33 303.88 -10 -10 -10 -100    0 -1000 -1000 -10
228 62 pedestrian 0 0 -10 0.37 196.01 249.01 375.00 -10 -10 -10 -100    0 -1000 -1000 -10
228 51 pedestrian 0 0 -10 451.21 161.91 589.54 277.30 -10 -10 -10 -100    0 -1000 -1000 -10
228 68 pedestrian 0 0 -10 297.29 181.45 443.47 277.49 -10 -10 -10 -100    0 -1000 -1000 -10
228 69 pedestrian 0 0 -10 862.44 162.76 1029.82 255.14 -10 -10 -10 -100    0 -1000 -1000 -10
228 66 pedestrian 0 0 -10 838.78 170.81 977.32 314.80 -10 -10 -10 -100    0 -1000 -1000 -10
229 62 pedestrian 0 0 -10 0.00 197.55 194.77 375.00 -10 -10 -10 -100    0 -1000 -1000 -10
229 51 pedestrian 0 0 -10 437.66 162.33 583.95 283.85 -10 -10 -10 -100    0 -1000 -1000 -10
229 68 pedestrian 0 0 -10 276.60 181.86 432.69 283.43 -10 -10 -10 -100    0 -1000 -1000 -10
229 69 pedestrian 0 0 -10 870.50 164.78 1040.65 263.18 -10 -10 -10 -100    0 -1000 -1000 -10
229 66 pedestrian 0 0 -10 850.15 173.26 1001.02 327.68 -10 -10 -10 -100    0 -1000 -1000 -10
230 62 pedestrian 0 0 -10 0.00 199.29 117.29 375.00 -10 -10 -10 -100    0 -1000 -1000 -10
230 51 pedestrian 0 0 -10 421.90 165.37 578.36 293.09 -10 -10 -10 -100    0 -1000 -1000 -10
230 68 pedestrian 0 0 -10 250.37 183.04 421.09 291.33 -10 -10 -10 -100    0 -1000 -1000 -10
230 69 pedestrian 0 0 -10 877.18 166.04 1052.20 269.57 -10 -10 -10 -100    0 -1000 -1000 -10
230 66 pedestrian 0 0 -10 860.25 173.71 1025.64 343.71 -10 -10 -10 -100    0 -1000 -1000 -10
231 51 pedestrian 0 0 -10 402.40 166.75 570.91 304.30 -10 -10 -10 -100    0 -1000 -1000 -10
231 68 pedestrian 0 0 -10 220.93 185.32 406.03 301.59 -10 -10 -10 -100    0 -1000 -1000 -10
231 69 pedestrian 0 0 -10 886.01 169.27 1062.32 279.84 -10 -10 -10 -100    0 -1000 -1000 -10
231 66 pedestrian 0 0 -10 866.17 177.28 1057.49 360.14 -10 -10 -10 -100    0 -1000 -1000 -10
232 51 pedestrian 0 0 -10 381.36 170.68 562.42 317.68 -10 -10 -10 -100    0 -1000 -1000 -10
232 68 pedestrian 0 0 -10 187.56 188.12 388.24 312.59 -10 -10 -10 -100    0 -1000 -1000 -10
232 69 pedestrian 0 0 -10 889.04 172.62 1068.83 289.21 -10 -10 -10 -100    0 -1000 -1000 -10
232 66 pedestrian 0 0 -10 875.06 178.66 1089.14 375.00 -10 -10 -10 -100    0 -1000 -1000 -10
233 51 pedestrian 0 0 -10 357.78 174.67 551.86 331.85 -10 -10 -10 -100    0 -1000 -1000 -10
233 68 pedestrian 0 0 -10 146.60 190.47 369.50 326.44 -10 -10 -10 -100    0 -1000 -1000 -10
233 69 pedestrian 0 0 -10 895.99 173.65 1086.03 295.36 -10 -10 -10 -100    0 -1000 -1000 -10
233 66 pedestrian 0 0 -10 882.32 183.26 1130.29 375.00 -10 -10 -10 -100    0 -1000 -1000 -10
234 51 pedestrian 0 0 -10 328.51 174.37 540.28 345.40 -10 -10 -10 -100    0 -1000 -1000 -10
234 68 pedestrian 0 0 -10 101.56 193.78 348.10 340.08 -10 -10 -10 -100    0 -1000 -1000 -10
234 69 pedestrian 0 0 -10 898.81 174.39 1095.74 301.32 -10 -10 -10 -100    0 -1000 -1000 -10
234 66 pedestrian 0 0 -10 892.49 183.79 1181.11 375.00 -10 -10 -10 -100    0 -1000 -1000 -10
235 51 pedestrian 0 0 -10 299.45 175.29 527.00 359.65 -10 -10 -10 -100    0 -1000 -1000 -10
235 68 pedestrian 0 0 -10 50.41 195.05 324.77 356.62 -10 -10 -10 -100    0 -1000 -1000 -10
235 69 pedestrian 0 0 -10 902.74 174.23 1107.25 310.89 -10 -10 -10 -100    0 -1000 -1000 -10
235 66 pedestrian 0 0 -10 902.14 186.65 1235.95 375.00 -10 -10 -10 -100    0 -1000 -1000 -10
236 51 pedestrian 0 0 -10 263.14 173.78 512.17 375.00 -10 -10 -10 -100    0 -1000 -1000 -10
236 68 pedestrian 0 0 -10 1.08 197.12 299.46 371.91 -10 -10 -10 -100    0 -1000 -1000 -10
236 69 pedestrian 0 0 -10 912.30 174.82 1117.27 321.39 -10 -10 -10 -100    0 -1000 -1000 -10
236 66 pedestrian 0 0 -10 914.30 185.52 1241.77 375.00 -10 -10 -10 -100    0 -1000 -1000 -10
237 51 pedestrian 0 0 -10 217.47 174.34 496.32 375.00 -10 -10 -10 -100    0 -1000 -1000 -10
237 68 pedestrian 0 0 -10 0.00 198.73 267.93 375.00 -10 -10 -10 -100    0 -1000 -1000 -10
237 69 pedestrian 0 0 -10 918.06 177.63 1130.41 332.90 -10 -10 -10 -100    0 -1000 -1000 -10
237 66 pedestrian 0 0 -10 927.46 188.25 1242.00 375.00 -10 -10 -10 -100    0 -1000 -1000 -10
238 51 pedestrian 0 0 -10 163.54 175.18 478.16 375.00 -10 -10 -10 -100    0 -1000 -1000 -10
238 68 pedestrian 0 0 -10 0.00 199.62 232.63 375.00 -10 -10 -10 -100    0 -1000 -1000 -10
238 69 pedestrian 0 0 -10 926.86 178.37 1140.56 344.84 -10 -10 -10 -100    0 -1000 -1000 -10
238 66 pedestrian 0 0 -10 944.62 191.21 1242.00 375.00 -10 -10 -10 -100    0 -1000 -1000 -10
239 51 pedestrian 0 0 -10 94.67 173.92 457.62 375.00 -10 -10 -10 -100    0 -1000 -1000 -10
239 68 pedestrian 0 0 -10 0.00 198.57 187.13 375.00 -10 -10 -10 -100    0 -1000 -1000 -10
239 69 pedestrian 0 0 -10 935.02 179.57 1156.16 359.14 -10 -10 -10 -100    0 -1000 -1000 -10
239 66 pedestrian 0 0 -10 962.60 191.62 1242.00 375.00 -10 -10 -10 -100    0 -1000 -1000 -10
240 51 pedestrian 0 0 -10 13.17 173.29 432.75 375.00 -10 -10 -10 -100    0 -1000 -1000 -10
240 68 pedestrian 0 0 -10 0.00 196.89 126.83 375.00 -10 -10 -10 -100    0 -1000 -1000 -10
240 69 pedestrian 0 0 -10 943.63 179.62 1166.49 374.32 -10 -10 -10 -100    0 -1000 -1000 -10
240 66 pedestrian 0 0 -10 982.38 193.48 1242.00 375.00 -10 -10 -10 -100    0 -1000 -1000 -10
241 51 pedestrian 0 0 -10 0.00 172.64 405.23 375.00 -10 -10 -10 -100    0 -1000 -1000 -10
241 69 pedestrian 0 0 -10 954.22 178.60 1181.10 375.00 -10 -10 -10 -100    0 -1000 -1000 -10
241 66 pedestrian 0 0 -10 1012.13 195.31 1242.00 375.00 -10 -10 -10 -100    0 -1000 -1000 -10
242 51 pedestrian 0 0 -10 0.06 170.82 372.92 375.00 -10 -10 -10 -100    0 -1000 -1000 -10
242 69 pedestrian 0 0 -10 963.72 179.39 1198.13 375.00 -10 -10 -10 -100    0 -1000 -1000 -10
242 66 pedestrian 0 0 -10 1047.45 199.79 1242.00 375.00 -10 -10 -10 -100    0 -1000 -1000 -10
243 51 pedestrian 0 0 -10 0.35 168.70 334.57 375.00 -10 -10 -10 -100    0 -1000 -1000 -10
243 69 pedestrian 0 0 -10 974.93 178.62 1223.37 375.00 -10 -10 -10 -100    0 -1000 -1000 -10
243 66 pedestrian 0 0 -10 1093.51 200.29 1241.98 375.00 -10 -10 -10 -100    0 -1000 -1000 -10
244 51 pedestrian 0 0 -10 0.37 167.61 289.31 375.00 -10 -10 -10 -100    0 -1000 -1000 -10
244 69 pedestrian 0 0 -10 990.31 180.98 1242.00 375.00 -10 -10 -10 -100    0 -1000 -1000 -10
244 66 pedestrian 0 0 -10 1136.13 203.00 1242.00 375.00 -10 -10 -10 -100    0 -1000 -1000 -10
245 69 pedestrian 0 0 -10 1010.59 183.92 1242.00 375.00 -10 -10 -10 -100    0 -1000 -1000 -10
245 51 pedestrian 0 0 -10 0.00 173.22 233.71 375.00 -10 -10 -10 -100    0 -1000 -1000 -10
246 69 pedestrian 0 0 -10 1026.75 188.38 1242.00 375.00 -10 -10 -10 -100    0 -1000 -1000 -10
246 51 pedestrian 0 0 -10 0.00 173.86 164.22 375.00 -10 -10 -10 -100    0 -1000 -1000 -10
247 69 pedestrian 0 0 -10 1032.41 192.47 1242.00 375.00 -10 -10 -10 -100    0 -1000 -1000 -10
248 69 pedestrian 0 0 -10 1036.15 196.25 1242.00 375.00 -10 -10 -10 -100    0 -1000 -1000 -10
249 69 pedestrian 0 0 -10 1044.69 200.36 1241.92 375.00 -10 -10 -10 -100    0 -1000 -1000 -10
250 69 pedestrian 0 0 -10 1057.97 203.63 1241.98 375.00 -10 -10 -10 -100    0 -1000 -1000 -10
251 69 pedestrian 0 0 -10 1074.22 209.70 1242.00 375.00 -10 -10 -10 -100    0 -1000 -1000 -10
252 69 pedestrian 0 0 -10 1090.02 210.63 1242.00 375.00 -10 -10 -10 -100    0 -1000 -1000 -10
253 69 pedestrian 0 0 -10 1098.05 213.45 1242.00 375.00 -10 -10 -10 -100    0 -1000 -1000 -10
254 69 pedestrian 0 0 -10 1108.54 217.29 1242.00 375.00 -10 -10 -10 -100    0 -1000 -1000 -10
255 69 pedestrian 0 0 -10 1124.74 218.11 1242.00 375.00 -10 -10 -10 -100    0 -1000 -1000 -10
256 69 pedestrian 0 0 -10 1153.78 218.18 1242.00 375.00 -10 -10 -10 -100    0 -1000 -1000 -10
261 70 pedestrian 0 0 -10 1171.74 188.95 1241.98 301.58 -10 -10 -10 -100    0 -1000 -1000 -10
262 70 pedestrian 0 0 -10 1154.95 189.99 1241.86 307.21 -10 -10 -10 -100    0 -1000 -1000 -10
263 70 pedestrian 0 0 -10 1138.31 190.44 1241.78 313.24 -10 -10 -10 -100    0 -1000 -1000 -10
264 70 pedestrian 0 0 -10 1123.13 193.26 1241.83 319.28 -10 -10 -10 -100    0 -1000 -1000 -10
265 70 pedestrian 0 0 -10 1108.48 193.87 1241.78 323.19 -10 -10 -10 -100    0 -1000 -1000 -10
266 70 pedestrian 0 0 -10 1094.10 194.21 1241.74 328.10 -10 -10 -10 -100    0 -1000 -1000 -10
267 70 pedestrian 0 0 -10 1079.50 195.24 1237.19 332.71 -10 -10 -10 -100    0 -1000 -1000 -10
268 70 pedestrian 0 0 -10 1066.29 195.93 1226.75 338.77 -10 -10 -10 -100    0 -1000 -1000 -10
269 70 pedestrian 0 0 -10 1054.14 196.72 1215.91 344.08 -10 -10 -10 -100    0 -1000 -1000 -10
270 70 pedestrian 0 0 -10 1041.17 196.74 1210.87 350.06 -10 -10 -10 -100    0 -1000 -1000 -10
271 70 pedestrian 0 0 -10 1031.61 196.17 1205.21 356.93 -10 -10 -10 -100    0 -1000 -1000 -10
272 70 pedestrian 0 0 -10 1023.09 197.48 1203.18 364.43 -10 -10 -10 -100    0 -1000 -1000 -10
273 70 pedestrian 0 0 -10 1014.06 198.11 1204.65 373.51 -10 -10 -10 -100    0 -1000 -1000 -10
274 70 pedestrian 0 0 -10 1008.98 199.06 1213.69 375.00 -10 -10 -10 -100    0 -1000 -1000 -10
275 70 pedestrian 0 0 -10 1002.73 197.67 1225.08 375.00 -10 -10 -10 -100    0 -1000 -1000 -10
276 70 pedestrian 0 0 -10 995.39 197.96 1239.46 375.00 -10 -10 -10 -100    0 -1000 -1000 -10
277 70 pedestrian 0 0 -10 988.74 199.95 1242.00 375.00 -10 -10 -10 -100    0 -1000 -1000 -10
277 71 pedestrian 0 0 -10 942.47 190.41 997.74 239.07 -10 -10 -10 -100    0 -1000 -1000 -10
278 70 pedestrian 0 0 -10 982.96 204.27 1241.91 375.00 -10 -10 -10 -100    0 -1000 -1000 -10
278 71 pedestrian 0 0 -10 923.86 191.61 978.96 238.82 -10 -10 -10 -100    0 -1000 -1000 -10
279 71 pedestrian 0 0 -10 906.20 191.09 961.76 239.34 -10 -10 -10 -100    0 -1000 -1000 -10
279 70 pedestrian 0 0 -10 980.68 204.28 1242.00 375.00 -10 -10 -10 -100    0 -1000 -1000 -10
280 71 pedestrian 0 0 -10 887.17 190.63 943.20 239.86 -10 -10 -10 -100    0 -1000 -1000 -10
280 70 pedestrian 0 0 -10 979.06 206.86 1241.80 375.00 -10 -10 -10 -100    0 -1000 -1000 -10
281 71 pedestrian 0 0 -10 869.05 190.39 925.69 240.00 -10 -10 -10 -100    0 -1000 -1000 -10
281 70 pedestrian 0 0 -10 980.81 206.77 1241.85 375.00 -10 -10 -10 -100    0 -1000 -1000 -10
282 71 pedestrian 0 0 -10 851.00 189.52 909.07 239.07 -10 -10 -10 -100    0 -1000 -1000 -10
282 70 pedestrian 0 0 -10 983.60 206.33 1241.93 375.00 -10 -10 -10 -100    0 -1000 -1000 -10
283 71 pedestrian 0 0 -10 833.70 188.50 893.35 239.37 -10 -10 -10 -100    0 -1000 -1000 -10
283 70 pedestrian 0 0 -10 986.93 207.60 1242.00 375.00 -10 -10 -10 -100    0 -1000 -1000 -10
284 71 pedestrian 0 0 -10 818.10 188.52 878.03 239.67 -10 -10 -10 -100    0 -1000 -1000 -10
284 70 pedestrian 0 0 -10 991.55 209.72 1241.93 375.00 -10 -10 -10 -100    0 -1000 -1000 -10
285 71 pedestrian 0 0 -10 802.65 187.75 863.69 239.84 -10 -10 -10 -100    0 -1000 -1000 -10
285 70 pedestrian 0 0 -10 1006.11 211.14 1241.94 375.00 -10 -10 -10 -100    0 -1000 -1000 -10
286 71 pedestrian 0 0 -10 786.52 187.32 848.96 240.69 -10 -10 -10 -100    0 -1000 -1000 -10
286 70 pedestrian 0 0 -10 1025.13 213.39 1241.92 375.00 -10 -10 -10 -100    0 -1000 -1000 -10
287 71 pedestrian 0 0 -10 767.10 188.15 831.57 241.12 -10 -10 -10 -100    0 -1000 -1000 -10
287 70 pedestrian 0 0 -10 1057.30 227.82 1241.94 375.00 -10 -10 -10 -100    0 -1000 -1000 -10
288 70 pedestrian 0 0 -10 1097.14 245.24 1241.98 375.00 -10 -10 -10 -100    0 -1000 -1000 -10
288 71 pedestrian 0 0 -10 750.46 187.36 816.09 242.28 -10 -10 -10 -100    0 -1000 -1000 -10
289 71 pedestrian 0 0 -10 735.21 187.28 803.18 242.53 -10 -10 -10 -100    0 -1000 -1000 -10
290 71 pedestrian 0 0 -10 722.52 186.02 792.05 243.02 -10 -10 -10 -100    0 -1000 -1000 -10
291 71 pedestrian 0 0 -10 711.13 185.93 782.00 243.25 -10 -10 -10 -100    0 -1000 -1000 -10
292 71 pedestrian 0 0 -10 699.82 186.92 774.10 245.27 -10 -10 -10 -100    0 -1000 -1000 -10
293 71 pedestrian 0 0 -10 690.42 186.27 766.68 247.50 -10 -10 -10 -100    0 -1000 -1000 -10
294 71 pedestrian 0 0 -10 683.27 185.45 762.67 249.02 -10 -10 -10 -100    0 -1000 -1000 -10
295 71 pedestrian 0 0 -10 678.06 185.94 760.81 250.66 -10 -10 -10 -100    0 -1000 -1000 -10
296 71 pedestrian 0 0 -10 675.19 184.67 762.37 252.31 -10 -10 -10 -100    0 -1000 -1000 -10
297 71 pedestrian 0 0 -10 674.57 183.19 765.66 253.41 -10 -10 -10 -100    0 -1000 -1000 -10
298 71 pedestrian 0 0 -10 675.30 180.75 770.34 254.64 -10 -10 -10 -100    0 -1000 -1000 -10
299 71 pedestrian 0 0 -10 676.85 179.67 777.00 256.42 -10 -10 -10 -100    0 -1000 -1000 -10
300 71 pedestrian 0 0 -10 678.69 180.02 784.76 259.38 -10 -10 -10 -100    0 -1000 -1000 -10
301 71 pedestrian 0 0 -10 681.29 178.41 794.24 264.85 -10 -10 -10 -100    0 -1000 -1000 -10
302 71 pedestrian 0 0 -10 684.25 180.28 804.04 270.00 -10 -10 -10 -100    0 -1000 -1000 -10
303 71 pedestrian 0 0 -10 689.00 181.19 816.97 276.22 -10 -10 -10 -100    0 -1000 -1000 -10
304 71 pedestrian 0 0 -10 692.71 181.42 830.62 283.21 -10 -10 -10 -100    0 -1000 -1000 -10
305 71 pedestrian 0 0 -10 697.65 182.49 845.97 290.23 -10 -10 -10 -100    0 -1000 -1000 -10
306 71 pedestrian 0 0 -10 703.68 183.11 863.65 298.06 -10 -10 -10 -100    0 -1000 -1000 -10
307 71 pedestrian 0 0 -10 709.95 183.85 884.05 307.99 -10 -10 -10 -100    0 -1000 -1000 -10
308 71 pedestrian 0 0 -10 717.15 184.65 907.95 318.47 -10 -10 -10 -100    0 -1000 -1000 -10
309 71 pedestrian 0 0 -10 724.62 185.19 935.55 331.37 -10 -10 -10 -100    0 -1000 -1000 -10
310 71 pedestrian 0 0 -10 733.01 185.92 969.00 346.96 -10 -10 -10 -100    0 -1000 -1000 -10
311 71 pedestrian 0 0 -10 742.32 187.54 1007.70 365.33 -10 -10 -10 -100    0 -1000 -1000 -10
312 71 pedestrian 0 0 -10 753.73 189.47 1054.36 375.00 -10 -10 -10 -100    0 -1000 -1000 -10
313 71 pedestrian 0 0 -10 764.22 189.93 1112.01 375.00 -10 -10 -10 -100    0 -1000 -1000 -10
314 71 pedestrian 0 0 -10 775.34 191.85 1186.62 375.00 -10 -10 -10 -100    0 -1000 -1000 -10
315 71 pedestrian 0 0 -10 789.64 193.03 1240.45 375.00 -10 -10 -10 -100    0 -1000 -1000 -10
316 71 pedestrian 0 0 -10 806.95 192.95 1241.79 375.00 -10 -10 -10 -100    0 -1000 -1000 -10
317 71 pedestrian 0 0 -10 824.60 192.84 1241.88 375.00 -10 -10 -10 -100    0 -1000 -1000 -10
318 71 pedestrian 0 0 -10 847.89 196.61 1241.88 375.00 -10 -10 -10 -100    0 -1000 -1000 -10
319 71 pedestrian 0 0 -10 881.02 202.00 1241.47 375.00 -10 -10 -10 -100    0 -1000 -1000 -10
320 71 pedestrian 0 0 -10 915.69 203.55 1241.66 375.00 -10 -10 -10 -100    0 -1000 -1000 -10
321 71 pedestrian 0 0 -10 970.98 205.79 1242.00 375.00 -10 -10 -10 -100    0 -1000 -1000 -10
340 73 pedestrian 0 0 -10 1120.98 181.30 1187.94 218.39 -10 -10 -10 -100    0 -1000 -1000 -10
340 72 pedestrian 0 0 -10 1138.31 220.82 1222.33 269.76 -10 -10 -10 -100    0 -1000 -1000 -10
341 73 pedestrian 0 0 -10 1090.48 180.55 1155.76 217.78 -10 -10 -10 -100    0 -1000 -1000 -10
341 72 pedestrian 0 0 -10 1116.49 220.22 1199.83 270.37 -10 -10 -10 -100    0 -1000 -1000 -10
342 74 pedestrian 0 0 -10 1117.27 174.92 1224.40 262.52 -10 -10 -10 -100    0 -1000 -1000 -10
342 73 pedestrian 0 0 -10 1059.56 178.02 1121.77 214.59 -10 -10 -10 -100    0 -1000 -1000 -10
342 72 pedestrian 0 0 -10 1094.26 218.47 1174.47 267.52 -10 -10 -10 -100    0 -1000 -1000 -10
343 74 pedestrian 0 0 -10 1092.94 174.68 1202.68 260.80 -10 -10 -10 -100    0 -1000 -1000 -10
343 73 pedestrian 0 0 -10 1029.27 176.68 1089.40 213.08 -10 -10 -10 -100    0 -1000 -1000 -10
343 72 pedestrian 0 0 -10 1073.50 217.81 1152.18 267.59 -10 -10 -10 -100    0 -1000 -1000 -10
344 74 pedestrian 0 0 -10 1068.71 175.05 1175.06 260.98 -10 -10 -10 -100    0 -1000 -1000 -10
344 73 pedestrian 0 0 -10 999.32 176.09 1056.96 212.29 -10 -10 -10 -100    0 -1000 -1000 -10
344 72 pedestrian 0 0 -10 1052.19 216.12 1129.61 267.75 -10 -10 -10 -100    0 -1000 -1000 -10
345 74 pedestrian 0 0 -10 1038.09 174.24 1143.87 262.33 -10 -10 -10 -100    0 -1000 -1000 -10
345 73 pedestrian 0 0 -10 971.70 175.79 1027.55 212.19 -10 -10 -10 -100    0 -1000 -1000 -10
345 72 pedestrian 0 0 -10 1031.68 216.95 1108.68 268.84 -10 -10 -10 -100    0 -1000 -1000 -10
346 75 pedestrian 0 0 -10 1119.19 162.83 1179.41 212.00 -10 -10 -10 -100    0 -1000 -1000 -10
346 74 pedestrian 0 0 -10 1021.89 173.32 1120.10 261.30 -10 -10 -10 -100    0 -1000 -1000 -10
346 73 pedestrian 0 0 -10 943.60 175.97 998.12 211.76 -10 -10 -10 -100    0 -1000 -1000 -10
346 72 pedestrian 0 0 -10 1012.15 217.88 1087.84 270.55 -10 -10 -10 -100    0 -1000 -1000 -10
347 75 pedestrian 0 0 -10 1086.79 163.23 1140.74 212.59 -10 -10 -10 -100    0 -1000 -1000 -10
347 74 pedestrian 0 0 -10 1001.85 173.03 1095.45 262.32 -10 -10 -10 -100    0 -1000 -1000 -10
347 73 pedestrian 0 0 -10 916.52 176.26 969.00 212.63 -10 -10 -10 -100    0 -1000 -1000 -10
347 72 pedestrian 0 0 -10 992.19 220.08 1068.70 274.13 -10 -10 -10 -100    0 -1000 -1000 -10
348 75 pedestrian 0 0 -10 1054.98 163.70 1108.87 214.94 -10 -10 -10 -100    0 -1000 -1000 -10
348 74 pedestrian 0 0 -10 978.49 172.69 1071.49 264.51 -10 -10 -10 -100    0 -1000 -1000 -10
348 73 pedestrian 0 0 -10 889.63 176.05 940.58 212.62 -10 -10 -10 -100    0 -1000 -1000 -10
348 72 pedestrian 0 0 -10 975.23 221.30 1048.81 278.79 -10 -10 -10 -100    0 -1000 -1000 -10
349 75 pedestrian 0 0 -10 1032.07 165.19 1077.93 214.53 -10 -10 -10 -100    0 -1000 -1000 -10
349 74 pedestrian 0 0 -10 958.27 172.00 1051.04 263.48 -10 -10 -10 -100    0 -1000 -1000 -10
349 73 pedestrian 0 0 -10 864.91 176.15 914.41 212.57 -10 -10 -10 -100    0 -1000 -1000 -10
349 72 pedestrian 0 0 -10 960.54 222.16 1032.39 282.06 -10 -10 -10 -100    0 -1000 -1000 -10
350 75 pedestrian 0 0 -10 1005.74 164.83 1049.60 212.82 -10 -10 -10 -100    0 -1000 -1000 -10
350 74 pedestrian 0 0 -10 938.02 169.98 1029.75 264.18 -10 -10 -10 -100    0 -1000 -1000 -10
350 73 pedestrian 0 0 -10 838.43 175.94 887.22 211.84 -10 -10 -10 -100    0 -1000 -1000 -10
350 72 pedestrian 0 0 -10 944.77 223.55 1016.84 284.69 -10 -10 -10 -100    0 -1000 -1000 -10
351 74 pedestrian 0 0 -10 921.56 168.79 1010.53 264.98 -10 -10 -10 -100    0 -1000 -1000 -10
351 73 pedestrian 0 0 -10 814.63 174.50 863.05 211.11 -10 -10 -10 -100    0 -1000 -1000 -10
351 72 pedestrian 0 0 -10 931.36 224.43 1005.71 287.09 -10 -10 -10 -100    0 -1000 -1000 -10
352 74 pedestrian 0 0 -10 903.77 168.75 994.41 265.45 -10 -10 -10 -100    0 -1000 -1000 -10
352 73 pedestrian 0 0 -10 791.40 174.61 838.37 210.67 -10 -10 -10 -100    0 -1000 -1000 -10
352 72 pedestrian 0 0 -10 916.50 226.20 992.05 290.56 -10 -10 -10 -100    0 -1000 -1000 -10
353 74 pedestrian 0 0 -10 888.76 169.36 976.80 268.44 -10 -10 -10 -100    0 -1000 -1000 -10
353 73 pedestrian 0 0 -10 769.13 173.77 816.76 210.86 -10 -10 -10 -100    0 -1000 -1000 -10
353 72 pedestrian 0 0 -10 900.20 227.08 980.19 296.81 -10 -10 -10 -100    0 -1000 -1000 -10
354 74 pedestrian 0 0 -10 874.07 168.12 965.34 270.64 -10 -10 -10 -100    0 -1000 -1000 -10
354 73 pedestrian 0 0 -10 747.79 174.25 794.93 210.76 -10 -10 -10 -100    0 -1000 -1000 -10
354 72 pedestrian 0 0 -10 886.29 229.67 973.06 302.23 -10 -10 -10 -100    0 -1000 -1000 -10
355 74 pedestrian 0 0 -10 862.67 168.14 950.67 273.78 -10 -10 -10 -100    0 -1000 -1000 -10
355 73 pedestrian 0 0 -10 728.54 174.56 775.10 211.68 -10 -10 -10 -100    0 -1000 -1000 -10
355 72 pedestrian 0 0 -10 876.19 232.95 966.59 308.44 -10 -10 -10 -100    0 -1000 -1000 -10
356 74 pedestrian 0 0 -10 850.03 169.71 945.49 279.46 -10 -10 -10 -100    0 -1000 -1000 -10
356 73 pedestrian 0 0 -10 709.16 174.50 757.58 212.96 -10 -10 -10 -100    0 -1000 -1000 -10
356 72 pedestrian 0 0 -10 866.20 236.39 965.24 315.92 -10 -10 -10 -100    0 -1000 -1000 -10
357 74 pedestrian 0 0 -10 840.66 169.60 942.36 285.34 -10 -10 -10 -100    0 -1000 -1000 -10
357 73 pedestrian 0 0 -10 691.23 174.71 738.71 214.14 -10 -10 -10 -100    0 -1000 -1000 -10
357 72 pedestrian 0 0 -10 857.78 238.68 965.13 324.18 -10 -10 -10 -100    0 -1000 -1000 -10
358 74 pedestrian 0 0 -10 832.32 172.98 937.68 291.38 -10 -10 -10 -100    0 -1000 -1000 -10
358 73 pedestrian 0 0 -10 673.82 175.67 722.54 216.03 -10 -10 -10 -100    0 -1000 -1000 -10
358 72 pedestrian 0 0 -10 852.93 240.84 968.81 336.47 -10 -10 -10 -100    0 -1000 -1000 -10
359 86 pedestrian 0 0 -10 707.86 177.46 740.74 204.05 -10 -10 -10 -100    0 -1000 -1000 -10
359 80 pedestrian 0 0 -10 803.65 174.67 835.88 209.66 -10 -10 -10 -100    0 -1000 -1000 -10
359 74 pedestrian 0 0 -10 824.32 174.78 938.16 301.47 -10 -10 -10 -100    0 -1000 -1000 -10
359 73 pedestrian 0 0 -10 658.06 177.89 707.09 217.97 -10 -10 -10 -100    0 -1000 -1000 -10
359 72 pedestrian 0 0 -10 852.21 247.13 981.16 350.45 -10 -10 -10 -100    0 -1000 -1000 -10
360 86 pedestrian 0 0 -10 692.23 179.81 724.64 206.42 -10 -10 -10 -100    0 -1000 -1000 -10
360 80 pedestrian 0 0 -10 788.77 177.31 822.23 213.20 -10 -10 -10 -100    0 -1000 -1000 -10
360 75 pedestrian 0 0 -10 728.81 174.81 761.15 196.36 -10 -10 -10 -100    0 -1000 -1000 -10
360 74 pedestrian 0 0 -10 817.81 176.27 939.34 314.30 -10 -10 -10 -100    0 -1000 -1000 -10
360 73 pedestrian 0 0 -10 641.37 179.51 692.47 220.75 -10 -10 -10 -100    0 -1000 -1000 -10
360 72 pedestrian 0 0 -10 851.13 253.31 996.93 368.59 -10 -10 -10 -100    0 -1000 -1000 -10
361 86 pedestrian 0 0 -10 678.52 182.07 710.53 209.47 -10 -10 -10 -100    0 -1000 -1000 -10
361 80 pedestrian 0 0 -10 776.19 180.66 808.85 216.03 -10 -10 -10 -100    0 -1000 -1000 -10
361 74 pedestrian 0 0 -10 812.50 179.28 946.09 325.92 -10 -10 -10 -100    0 -1000 -1000 -10
361 73 pedestrian 0 0 -10 626.32 181.98 678.28 224.32 -10 -10 -10 -100    0 -1000 -1000 -10
361 72 pedestrian 0 0 -10 853.44 261.51 1017.83 375.00 -10 -10 -10 -100    0 -1000 -1000 -10
362 86 pedestrian 0 0 -10 665.25 183.88 697.23 210.94 -10 -10 -10 -100    0 -1000 -1000 -10
362 80 pedestrian 0 0 -10 765.10 182.09 796.64 217.22 -10 -10 -10 -100    0 -1000 -1000 -10
362 74 pedestrian 0 0 -10 810.11 181.14 956.73 341.07 -10 -10 -10 -100    0 -1000 -1000 -10
362 73 pedestrian 0 0 -10 612.22 182.93 665.92 226.29 -10 -10 -10 -100    0 -1000 -1000 -10
362 72 pedestrian 0 0 -10 855.25 271.52 1044.72 375.00 -10 -10 -10 -100    0 -1000 -1000 -10
363 86 pedestrian 0 0 -10 652.84 183.21 685.32 211.42 -10 -10 -10 -100    0 -1000 -1000 -10
363 80 pedestrian 0 0 -10 753.97 181.46 786.69 217.68 -10 -10 -10 -100    0 -1000 -1000 -10
363 74 pedestrian 0 0 -10 808.02 183.37 972.51 355.69 -10 -10 -10 -100    0 -1000 -1000 -10
363 73 pedestrian 0 0 -10 599.83 183.42 654.45 227.94 -10 -10 -10 -100    0 -1000 -1000 -10
363 72 pedestrian 0 0 -10 862.87 281.66 1082.62 375.00 -10 -10 -10 -100    0 -1000 -1000 -10
364 87 pedestrian 0 0 -10 675.10 177.96 708.49 201.16 -10 -10 -10 -100    0 -1000 -1000 -10
364 86 pedestrian 0 0 -10 642.42 182.21 675.83 210.98 -10 -10 -10 -100    0 -1000 -1000 -10
364 80 pedestrian 0 0 -10 745.47 180.39 779.37 217.42 -10 -10 -10 -100    0 -1000 -1000 -10
364 74 pedestrian 0 0 -10 810.15 182.72 997.79 373.73 -10 -10 -10 -100    0 -1000 -1000 -10
364 73 pedestrian 0 0 -10 589.71 183.01 645.60 228.74 -10 -10 -10 -100    0 -1000 -1000 -10
364 72 pedestrian 0 0 -10 879.18 292.46 1145.27 375.00 -10 -10 -10 -100    0 -1000 -1000 -10
365 89 pedestrian 0 0 -10 719.58 172.40 747.11 205.78 -10 -10 -10 -100    0 -1000 -1000 -10
365 87 pedestrian 0 0 -10 669.64 175.58 700.25 199.38 -10 -10 -10 -100    0 -1000 -1000 -10
365 86 pedestrian 0 0 -10 634.76 181.08 669.89 210.47 -10 -10 -10 -100    0 -1000 -1000 -10
365 80 pedestrian 0 0 -10 740.16 179.68 775.01 217.68 -10 -10 -10 -100    0 -1000 -1000 -10
365 74 pedestrian 0 0 -10 816.26 182.52 1027.10 375.00 -10 -10 -10 -100    0 -1000 -1000 -10
365 73 pedestrian 0 0 -10 581.37 181.98 638.05 229.63 -10 -10 -10 -100    0 -1000 -1000 -10
365 72 pedestrian 0 0 -10 902.08 303.98 1238.38 375.00 -10 -10 -10 -100    0 -1000 -1000 -10
366 89 pedestrian 0 0 -10 713.41 172.49 743.15 206.78 -10 -10 -10 -100    0 -1000 -1000 -10
366 87 pedestrian 0 0 -10 663.85 175.60 695.16 198.62 -10 -10 -10 -100    0 -1000 -1000 -10
366 86 pedestrian 0 0 -10 628.16 180.36 663.70 209.41 -10 -10 -10 -100    0 -1000 -1000 -10
366 80 pedestrian 0 0 -10 735.43 179.05 771.25 218.13 -10 -10 -10 -100    0 -1000 -1000 -10
366 74 pedestrian 0 0 -10 824.70 184.16 1067.50 375.00 -10 -10 -10 -100    0 -1000 -1000 -10
366 73 pedestrian 0 0 -10 573.39 181.45 630.56 230.26 -10 -10 -10 -100    0 -1000 -1000 -10
366 72 pedestrian 0 0 -10 935.55 322.05 1241.48 375.00 -10 -10 -10 -100    0 -1000 -1000 -10
367 89 pedestrian 0 0 -10 709.58 171.39 742.31 209.04 -10 -10 -10 -100    0 -1000 -1000 -10
367 87 pedestrian 0 0 -10 655.18 175.15 690.59 200.38 -10 -10 -10 -100    0 -1000 -1000 -10
367 86 pedestrian 0 0 -10 622.44 179.32 658.30 208.85 -10 -10 -10 -100    0 -1000 -1000 -10
367 80 pedestrian 0 0 -10 732.20 179.36 767.76 218.00 -10 -10 -10 -100    0 -1000 -1000 -10
367 74 pedestrian 0 0 -10 832.87 187.66 1121.43 375.00 -10 -10 -10 -100    0 -1000 -1000 -10
367 73 pedestrian 0 0 -10 564.31 180.73 622.17 231.03 -10 -10 -10 -100    0 -1000 -1000 -10
367 72 pedestrian 0 0 -10 978.82 345.11 1242.00 375.00 -10 -10 -10 -100    0 -1000 -1000 -10
367 90 pedestrian 0 0 -10 802.52 196.70 901.43 303.76 -10 -10 -10 -100    0 -1000 -1000 -10
368 89 pedestrian 0 0 -10 702.56 171.23 741.63 210.74 -10 -10 -10 -100    0 -1000 -1000 -10
368 87 pedestrian 0 0 -10 648.79 174.13 683.94 199.45 -10 -10 -10 -100    0 -1000 -1000 -10
368 86 pedestrian 0 0 -10 616.27 178.35 652.42 208.59 -10 -10 -10 -100    0 -1000 -1000 -10
368 80 pedestrian 0 0 -10 729.05 179.00 765.44 218.15 -10 -10 -10 -100    0 -1000 -1000 -10
368 74 pedestrian 0 0 -10 844.72 188.38 1199.87 375.00 -10 -10 -10 -100    0 -1000 -1000 -10
368 73 pedestrian 0 0 -10 556.56 180.31 614.68 231.74 -10 -10 -10 -100    0 -1000 -1000 -10
368 90 pedestrian 0 0 -10 805.82 199.74 914.65 317.91 -10 -10 -10 -100    0 -1000 -1000 -10
369 89 pedestrian 0 0 -10 695.75 170.82 735.58 210.38 -10 -10 -10 -100    0 -1000 -1000 -10
369 87 pedestrian 0 0 -10 641.90 173.50 676.82 199.05 -10 -10 -10 -100    0 -1000 -1000 -10
369 86 pedestrian 0 0 -10 610.14 177.50 645.44 207.85 -10 -10 -10 -100    0 -1000 -1000 -10
369 80 pedestrian 0 0 -10 724.61 177.94 762.42 218.34 -10 -10 -10 -100    0 -1000 -1000 -10
369 74 pedestrian 0 0 -10 860.32 187.93 1241.00 375.00 -10 -10 -10 -100    0 -1000 -1000 -10
369 73 pedestrian 0 0 -10 547.54 178.36 606.90 231.72 -10 -10 -10 -100    0 -1000 -1000 -10
369 90 pedestrian 0 0 -10 812.93 201.12 931.50 328.14 -10 -10 -10 -100    0 -1000 -1000 -10
370 89 pedestrian 0 0 -10 689.64 167.94 728.52 208.43 -10 -10 -10 -100    0 -1000 -1000 -10
370 87 pedestrian 0 0 -10 635.58 172.87 671.42 196.92 -10 -10 -10 -100    0 -1000 -1000 -10
370 86 pedestrian 0 0 -10 602.40 176.15 639.13 207.68 -10 -10 -10 -100    0 -1000 -1000 -10
370 80 pedestrian 0 0 -10 719.01 177.21 757.46 218.45 -10 -10 -10 -100    0 -1000 -1000 -10
370 74 pedestrian 0 0 -10 881.59 186.65 1240.27 375.00 -10 -10 -10 -100    0 -1000 -1000 -10
370 73 pedestrian 0 0 -10 538.85 176.50 600.19 231.72 -10 -10 -10 -100    0 -1000 -1000 -10
370 90 pedestrian 0 0 -10 820.69 201.51 952.81 338.61 -10 -10 -10 -100    0 -1000 -1000 -10
371 89 pedestrian 0 0 -10 680.04 170.07 713.53 203.84 -10 -10 -10 -100    0 -1000 -1000 -10
371 87 pedestrian 0 0 -10 627.21 173.05 661.74 195.78 -10 -10 -10 -100    0 -1000 -1000 -10
371 86 pedestrian 0 0 -10 593.26 175.69 630.95 207.51 -10 -10 -10 -100    0 -1000 -1000 -10
371 80 pedestrian 0 0 -10 709.78 176.82 751.43 218.39 -10 -10 -10 -100    0 -1000 -1000 -10
371 74 pedestrian 0 0 -10 906.01 187.51 1242.00 375.00 -10 -10 -10 -100    0 -1000 -1000 -10
371 73 pedestrian 0 0 -10 528.24 174.58 592.17 231.68 -10 -10 -10 -100    0 -1000 -1000 -10
371 90 pedestrian 0 0 -10 828.72 203.20 981.12 353.30 -10 -10 -10 -100    0 -1000 -1000 -10
372 89 pedestrian 0 0 -10 671.35 168.81 705.15 202.46 -10 -10 -10 -100    0 -1000 -1000 -10
372 87 pedestrian 0 0 -10 618.18 171.54 653.10 195.50 -10 -10 -10 -100    0 -1000 -1000 -10
372 86 pedestrian 0 0 -10 583.63 174.52 622.77 207.56 -10 -10 -10 -100    0 -1000 -1000 -10
372 80 pedestrian 0 0 -10 702.82 175.72 745.84 218.70 -10 -10 -10 -100    0 -1000 -1000 -10
372 74 pedestrian 0 0 -10 942.74 192.20 1241.88 375.00 -10 -10 -10 -100    0 -1000 -1000 -10
372 73 pedestrian 0 0 -10 514.70 173.13 582.73 232.57 -10 -10 -10 -100    0 -1000 -1000 -10
372 90 pedestrian 0 0 -10 840.17 204.82 1010.90 374.59 -10 -10 -10 -100    0 -1000 -1000 -10
373 89 pedestrian 0 0 -10 662.01 167.93 700.45 203.91 -10 -10 -10 -100    0 -1000 -1000 -10
373 87 pedestrian 0 0 -10 610.32 171.59 643.84 194.70 -10 -10 -10 -100    0 -1000 -1000 -10
373 86 pedestrian 0 0 -10 573.20 174.66 612.70 208.29 -10 -10 -10 -100    0 -1000 -1000 -10
373 80 pedestrian 0 0 -10 695.16 174.98 739.23 219.06 -10 -10 -10 -100    0 -1000 -1000 -10
373 74 pedestrian 0 0 -10 986.99 187.20 1242.00 375.00 -10 -10 -10 -100    0 -1000 -1000 -10
373 73 pedestrian 0 0 -10 500.92 172.73 572.39 234.10 -10 -10 -10 -100    0 -1000 -1000 -10
373 90 pedestrian 0 0 -10 853.63 208.80 1051.50 375.00 -10 -10 -10 -100    0 -1000 -1000 -10
374 89 pedestrian 0 0 -10 651.18 168.58 695.29 209.62 -10 -10 -10 -100    0 -1000 -1000 -10
374 87 pedestrian 0 0 -10 604.03 171.69 633.91 195.16 -10 -10 -10 -100    0 -1000 -1000 -10
374 86 pedestrian 0 0 -10 562.62 176.83 604.75 210.51 -10 -10 -10 -100    0 -1000 -1000 -10
374 80 pedestrian 0 0 -10 687.42 174.31 733.31 220.36 -10 -10 -10 -100    0 -1000 -1000 -10
374 73 pedestrian 0 0 -10 485.58 174.12 561.58 238.23 -10 -10 -10 -100    0 -1000 -1000 -10
374 90 pedestrian 0 0 -10 868.52 213.04 1106.69 375.00 -10 -10 -10 -100    0 -1000 -1000 -10
375 89 pedestrian 0 0 -10 642.62 169.28 688.16 212.66 -10 -10 -10 -100    0 -1000 -1000 -10
375 87 pedestrian 0 0 -10 594.95 174.64 625.20 196.22 -10 -10 -10 -100    0 -1000 -1000 -10
375 86 pedestrian 0 0 -10 552.38 178.43 596.37 213.58 -10 -10 -10 -100    0 -1000 -1000 -10
375 80 pedestrian 0 0 -10 680.24 174.91 727.33 222.75 -10 -10 -10 -100    0 -1000 -1000 -10
375 73 pedestrian 0 0 -10 470.36 176.65 549.65 243.57 -10 -10 -10 -100    0 -1000 -1000 -10
375 90 pedestrian 0 0 -10 888.43 220.51 1169.16 375.00 -10 -10 -10 -100    0 -1000 -1000 -10
376 89 pedestrian 0 0 -10 634.14 172.86 679.93 214.75 -10 -10 -10 -100    0 -1000 -1000 -10
376 87 pedestrian 0 0 -10 579.91 177.79 614.72 199.34 -10 -10 -10 -100    0 -1000 -1000 -10
376 86 pedestrian 0 0 -10 540.33 181.00 585.22 217.26 -10 -10 -10 -100    0 -1000 -1000 -10
376 80 pedestrian 0 0 -10 671.60 178.40 721.62 227.06 -10 -10 -10 -100    0 -1000 -1000 -10
376 73 pedestrian 0 0 -10 454.30 179.58 538.58 250.29 -10 -10 -10 -100    0 -1000 -1000 -10
376 90 pedestrian 0 0 -10 915.06 231.48 1241.93 375.00 -10 -10 -10 -100    0 -1000 -1000 -10
377 89 pedestrian 0 0 -10 625.22 173.55 668.75 213.45 -10 -10 -10 -100    0 -1000 -1000 -10
377 87 pedestrian 0 0 -10 571.57 177.83 605.49 199.06 -10 -10 -10 -100    0 -1000 -1000 -10
377 86 pedestrian 0 0 -10 528.71 181.22 575.92 218.52 -10 -10 -10 -100    0 -1000 -1000 -10
377 80 pedestrian 0 0 -10 664.74 179.02 715.19 229.33 -10 -10 -10 -100    0 -1000 -1000 -10
377 73 pedestrian 0 0 -10 437.49 180.72 527.20 255.32 -10 -10 -10 -100    0 -1000 -1000 -10
377 90 pedestrian 0 0 -10 947.91 240.88 1239.01 375.00 -10 -10 -10 -100    0 -1000 -1000 -10
378 89 pedestrian 0 0 -10 618.73 172.93 652.79 205.22 -10 -10 -10 -100    0 -1000 -1000 -10
378 87 pedestrian 0 0 -10 561.81 176.15 599.85 197.63 -10 -10 -10 -100    0 -1000 -1000 -10
378 86 pedestrian 0 0 -10 518.91 179.41 567.06 217.58 -10 -10 -10 -100    0 -1000 -1000 -10
378 80 pedestrian 0 0 -10 657.77 176.10 709.57 228.27 -10 -10 -10 -100    0 -1000 -1000 -10
378 73 pedestrian 0 0 -10 419.30 180.37 515.39 259.09 -10 -10 -10 -100    0 -1000 -1000 -10
378 90 pedestrian 0 0 -10 994.96 255.91 1241.55 375.00 -10 -10 -10 -100    0 -1000 -1000 -10
379 87 pedestrian 0 0 -10 555.60 173.08 592.85 193.90 -10 -10 -10 -100    0 -1000 -1000 -10
379 86 pedestrian 0 0 -10 510.10 176.76 559.62 215.74 -10 -10 -10 -100    0 -1000 -1000 -10
379 80 pedestrian 0 0 -10 651.51 173.35 704.95 226.57 -10 -10 -10 -100    0 -1000 -1000 -10
379 89 pedestrian 0 0 -10 611.73 168.92 644.24 199.30 -10 -10 -10 -100    0 -1000 -1000 -10
379 73 pedestrian 0 0 -10 401.26 179.44 503.50 262.88 -10 -10 -10 -100    0 -1000 -1000 -10
379 90 pedestrian 0 0 -10 1068.33 275.45 1241.89 375.00 -10 -10 -10 -100    0 -1000 -1000 -10
380 87 pedestrian 0 0 -10 548.84 171.92 587.82 193.59 -10 -10 -10 -100    0 -1000 -1000 -10
380 86 pedestrian 0 0 -10 501.48 174.55 552.86 215.29 -10 -10 -10 -100    0 -1000 -1000 -10
380 80 pedestrian 0 0 -10 646.70 171.73 701.63 226.43 -10 -10 -10 -100    0 -1000 -1000 -10
380 89 pedestrian 0 0 -10 606.94 168.76 641.76 198.71 -10 -10 -10 -100    0 -1000 -1000 -10
380 73 pedestrian 0 0 -10 381.77 178.55 492.45 267.95 -10 -10 -10 -100    0 -1000 -1000 -10
380 90 pedestrian 0 0 -10 1115.27 249.19 1241.97 375.00 -10 -10 -10 -100    0 -1000 -1000 -10
381 87 pedestrian 0 0 -10 543.91 170.67 582.39 193.31 -10 -10 -10 -100    0 -1000 -1000 -10
381 86 pedestrian 0 0 -10 493.68 174.85 547.21 216.16 -10 -10 -10 -100    0 -1000 -1000 -10
381 80 pedestrian 0 0 -10 642.60 171.12 700.28 227.98 -10 -10 -10 -100    0 -1000 -1000 -10
381 89 pedestrian 0 0 -10 602.99 167.24 637.58 199.65 -10 -10 -10 -100    0 -1000 -1000 -10
381 91 pedestrian 0 0 -10 625.93 176.43 673.02 216.82 -10 -10 -10 -100    0 -1000 -1000 -10
381 73 pedestrian 0 0 -10 361.73 179.69 482.49 274.77 -10 -10 -10 -100    0 -1000 -1000 -10
382 87 pedestrian 0 0 -10 538.52 171.43 578.34 195.99 -10 -10 -10 -100    0 -1000 -1000 -10
382 86 pedestrian 0 0 -10 486.78 175.01 541.92 217.85 -10 -10 -10 -100    0 -1000 -1000 -10
382 80 pedestrian 0 0 -10 640.95 171.05 700.19 230.64 -10 -10 -10 -100    0 -1000 -1000 -10
382 89 pedestrian 0 0 -10 599.97 165.84 640.23 201.51 -10 -10 -10 -100    0 -1000 -1000 -10
382 91 pedestrian 0 0 -10 624.53 176.90 673.08 218.95 -10 -10 -10 -100    0 -1000 -1000 -10
382 73 pedestrian 0 0 -10 339.94 181.59 473.07 282.83 -10 -10 -10 -100    0 -1000 -1000 -10
383 86 pedestrian 0 0 -10 481.49 175.76 536.68 219.91 -10 -10 -10 -100    0 -1000 -1000 -10
383 87 pedestrian 0 0 -10 531.15 171.57 574.01 199.95 -10 -10 -10 -100    0 -1000 -1000 -10
383 80 pedestrian 0 0 -10 639.32 172.06 701.84 234.21 -10 -10 -10 -100    0 -1000 -1000 -10
383 89 pedestrian 0 0 -10 595.79 167.58 639.04 203.41 -10 -10 -10 -100    0 -1000 -1000 -10
383 91 pedestrian 0 0 -10 623.96 177.20 673.40 220.41 -10 -10 -10 -100    0 -1000 -1000 -10
383 73 pedestrian 0 0 -10 317.29 183.44 465.22 293.15 -10 -10 -10 -100    0 -1000 -1000 -10
384 86 pedestrian 0 0 -10 477.17 178.37 533.34 223.51 -10 -10 -10 -100    0 -1000 -1000 -10
384 87 pedestrian 0 0 -10 525.84 171.83 572.63 202.98 -10 -10 -10 -100    0 -1000 -1000 -10
384 80 pedestrian 0 0 -10 639.37 174.10 706.30 239.22 -10 -10 -10 -100    0 -1000 -1000 -10
384 89 pedestrian 0 0 -10 595.53 168.70 637.54 203.32 -10 -10 -10 -100    0 -1000 -1000 -10
384 91 pedestrian 0 0 -10 623.63 178.78 675.19 223.80 -10 -10 -10 -100    0 -1000 -1000 -10
384 73 pedestrian 0 0 -10 294.83 185.67 457.71 305.63 -10 -10 -10 -100    0 -1000 -1000 -10
385 86 pedestrian 0 0 -10 472.98 182.31 531.16 229.38 -10 -10 -10 -100    0 -1000 -1000 -10
385 87 pedestrian 0 0 -10 523.53 175.40 572.38 208.87 -10 -10 -10 -100    0 -1000 -1000 -10
385 80 pedestrian 0 0 -10 640.70 178.28 710.89 245.73 -10 -10 -10 -100    0 -1000 -1000 -10
385 89 pedestrian 0 0 -10 595.41 172.36 635.70 207.46 -10 -10 -10 -100    0 -1000 -1000 -10
385 91 pedestrian 0 0 -10 623.88 182.79 678.15 229.53 -10 -10 -10 -100    0 -1000 -1000 -10
385 73 pedestrian 0 0 -10 269.89 189.99 448.38 323.47 -10 -10 -10 -100    0 -1000 -1000 -10
386 86 pedestrian 0 0 -10 471.24 185.21 530.63 234.15 -10 -10 -10 -100    0 -1000 -1000 -10
386 87 pedestrian 0 0 -10 522.55 177.03 572.29 212.02 -10 -10 -10 -100    0 -1000 -1000 -10
386 80 pedestrian 0 0 -10 642.96 179.93 717.01 250.93 -10 -10 -10 -100    0 -1000 -1000 -10
386 89 pedestrian 0 0 -10 598.35 173.82 639.25 208.43 -10 -10 -10 -100    0 -1000 -1000 -10
386 91 pedestrian 0 0 -10 626.88 184.80 682.71 232.87 -10 -10 -10 -100    0 -1000 -1000 -10
386 73 pedestrian 0 0 -10 239.62 193.95 439.88 340.73 -10 -10 -10 -100    0 -1000 -1000 -10
387 86 pedestrian 0 0 -10 467.88 185.00 530.61 235.76 -10 -10 -10 -100    0 -1000 -1000 -10
387 87 pedestrian 0 0 -10 524.04 175.91 575.98 210.54 -10 -10 -10 -100    0 -1000 -1000 -10
387 80 pedestrian 0 0 -10 646.05 179.51 725.09 253.12 -10 -10 -10 -100    0 -1000 -1000 -10
387 89 pedestrian 0 0 -10 599.46 172.74 640.30 208.50 -10 -10 -10 -100    0 -1000 -1000 -10
387 91 pedestrian 0 0 -10 629.82 184.68 687.80 233.59 -10 -10 -10 -100    0 -1000 -1000 -10
387 73 pedestrian 0 0 -10 204.62 194.64 430.27 358.33 -10 -10 -10 -100    0 -1000 -1000 -10
388 86 pedestrian 0 0 -10 466.57 182.65 530.37 235.00 -10 -10 -10 -100    0 -1000 -1000 -10
388 87 pedestrian 0 0 -10 524.64 174.85 575.65 208.86 -10 -10 -10 -100    0 -1000 -1000 -10
388 80 pedestrian 0 0 -10 650.05 176.95 734.16 253.54 -10 -10 -10 -100    0 -1000 -1000 -10
388 89 pedestrian 0 0 -10 601.35 170.78 642.15 205.82 -10 -10 -10 -100    0 -1000 -1000 -10
388 91 pedestrian 0 0 -10 633.56 183.15 692.76 233.87 -10 -10 -10 -100    0 -1000 -1000 -10
388 73 pedestrian 0 0 -10 163.24 192.97 420.34 374.20 -10 -10 -10 -100    0 -1000 -1000 -10
389 86 pedestrian 0 0 -10 465.10 182.05 530.86 235.87 -10 -10 -10 -100    0 -1000 -1000 -10
389 87 pedestrian 0 0 -10 528.30 174.24 579.88 206.44 -10 -10 -10 -100    0 -1000 -1000 -10
389 80 pedestrian 0 0 -10 656.55 174.89 743.67 255.03 -10 -10 -10 -100    0 -1000 -1000 -10
389 89 pedestrian 0 0 -10 603.74 170.20 644.04 204.65 -10 -10 -10 -100    0 -1000 -1000 -10
389 91 pedestrian 0 0 -10 636.85 181.82 698.65 234.49 -10 -10 -10 -100    0 -1000 -1000 -10
389 73 pedestrian 0 0 -10 109.94 193.69 408.11 375.00 -10 -10 -10 -100    0 -1000 -1000 -10
390 86 pedestrian 0 0 -10 463.04 181.87 531.98 237.30 -10 -10 -10 -100    0 -1000 -1000 -10
390 87 pedestrian 0 0 -10 538.11 173.29 586.51 204.37 -10 -10 -10 -100    0 -1000 -1000 -10
390 80 pedestrian 0 0 -10 662.13 173.83 755.33 259.27 -10 -10 -10 -100    0 -1000 -1000 -10
390 89 pedestrian 0 0 -10 607.77 168.96 644.95 203.67 -10 -10 -10 -100    0 -1000 -1000 -10
390 91 pedestrian 0 0 -10 641.01 181.38 706.72 236.71 -10 -10 -10 -100    0 -1000 -1000 -10
390 73 pedestrian 0 0 -10 39.67 193.99 393.95 375.00 -10 -10 -10 -100    0 -1000 -1000 -10
391 86 pedestrian 0 0 -10 460.30 181.85 532.47 240.14 -10 -10 -10 -100    0 -1000 -1000 -10
391 87 pedestrian 0 0 -10 543.19 174.08 589.70 204.25 -10 -10 -10 -100    0 -1000 -1000 -10
391 80 pedestrian 0 0 -10 667.48 173.60 767.33 264.38 -10 -10 -10 -100    0 -1000 -1000 -10
391 89 pedestrian 0 0 -10 611.33 169.23 649.04 205.49 -10 -10 -10 -100    0 -1000 -1000 -10
391 91 pedestrian 0 0 -10 646.10 182.04 713.00 238.78 -10 -10 -10 -100    0 -1000 -1000 -10
391 73 pedestrian 0 0 -10 1.22 193.99 376.11 375.00 -10 -10 -10 -100    0 -1000 -1000 -10
392 87 pedestrian 0 0 -10 547.79 175.24 591.91 205.53 -10 -10 -10 -100    0 -1000 -1000 -10
392 80 pedestrian 0 0 -10 674.43 174.78 780.49 269.81 -10 -10 -10 -100    0 -1000 -1000 -10
392 86 pedestrian 0 0 -10 457.94 182.82 532.75 242.61 -10 -10 -10 -100    0 -1000 -1000 -10
392 89 pedestrian 0 0 -10 613.97 171.18 652.73 208.29 -10 -10 -10 -100    0 -1000 -1000 -10
392 91 pedestrian 0 0 -10 650.84 182.22 721.23 242.19 -10 -10 -10 -100    0 -1000 -1000 -10
392 73 pedestrian 0 0 -10 0.00 195.45 363.17 375.00 -10 -10 -10 -100    0 -1000 -1000 -10
393 87 pedestrian 0 0 -10 550.71 175.66 594.72 206.53 -10 -10 -10 -100    0 -1000 -1000 -10
393 80 pedestrian 0 0 -10 682.11 176.09 796.00 275.67 -10 -10 -10 -100    0 -1000 -1000 -10
393 86 pedestrian 0 0 -10 454.98 183.35 533.45 245.55 -10 -10 -10 -100    0 -1000 -1000 -10
393 89 pedestrian 0 0 -10 619.21 170.89 659.35 209.08 -10 -10 -10 -100    0 -1000 -1000 -10
393 91 pedestrian 0 0 -10 655.57 182.47 727.80 243.66 -10 -10 -10 -100    0 -1000 -1000 -10
393 73 pedestrian 0 0 -10 0.00 197.05 337.48 375.00 -10 -10 -10 -100    0 -1000 -1000 -10
394 87 pedestrian 0 0 -10 552.36 176.34 596.31 207.03 -10 -10 -10 -100    0 -1000 -1000 -10
394 80 pedestrian 0 0 -10 690.65 175.62 811.60 283.14 -10 -10 -10 -100    0 -1000 -1000 -10
394 86 pedestrian 0 0 -10 451.82 183.89 534.00 249.20 -10 -10 -10 -100    0 -1000 -1000 -10
394 89 pedestrian 0 0 -10 623.10 169.92 662.71 209.07 -10 -10 -10 -100    0 -1000 -1000 -10
394 91 pedestrian 0 0 -10 660.93 182.58 735.99 246.65 -10 -10 -10 -100    0 -1000 -1000 -10
394 93 pedestrian 0 0 -10 519.69 180.75 558.31 217.27 -10 -10 -10 -100    0 -1000 -1000 -10
394 73 pedestrian 0 0 -10 0.00 199.40 310.14 375.00 -10 -10 -10 -100    0 -1000 -1000 -10
395 87 pedestrian 0 0 -10 551.63 175.35 598.58 207.56 -10 -10 -10 -100    0 -1000 -1000 -10
395 80 pedestrian 0 0 -10 698.68 175.36 829.18 291.45 -10 -10 -10 -100    0 -1000 -1000 -10
395 86 pedestrian 0 0 -10 447.35 185.87 533.84 253.47 -10 -10 -10 -100    0 -1000 -1000 -10
395 89 pedestrian 0 0 -10 626.67 166.65 668.34 207.17 -10 -10 -10 -100    0 -1000 -1000 -10
395 91 pedestrian 0 0 -10 665.50 181.17 745.66 249.07 -10 -10 -10 -100    0 -1000 -1000 -10
395 93 pedestrian 0 0 -10 520.83 181.10 559.47 218.29 -10 -10 -10 -100    0 -1000 -1000 -10
395 73 pedestrian 0 0 -10 0.34 204.02 272.42 375.00 -10 -10 -10 -100    0 -1000 -1000 -10
396 87 pedestrian 0 0 -10 552.92 174.41 602.57 208.09 -10 -10 -10 -100    0 -1000 -1000 -10
396 80 pedestrian 0 0 -10 708.87 175.57 850.69 301.54 -10 -10 -10 -100    0 -1000 -1000 -10
396 86 pedestrian 0 0 -10 440.96 186.06 534.13 257.85 -10 -10 -10 -100    0 -1000 -1000 -10
396 89 pedestrian 0 0 -10 629.96 164.69 671.41 206.77 -10 -10 -10 -100    0 -1000 -1000 -10
396 91 pedestrian 0 0 -10 672.44 180.98 755.63 251.46 -10 -10 -10 -100    0 -1000 -1000 -10
396 93 pedestrian 0 0 -10 522.04 180.14 560.37 218.82 -10 -10 -10 -100    0 -1000 -1000 -10
396 73 pedestrian 0 0 -10 0.00 209.73 208.94 375.00 -10 -10 -10 -100    0 -1000 -1000 -10
397 87 pedestrian 0 0 -10 554.30 173.30 606.16 210.60 -10 -10 -10 -100    0 -1000 -1000 -10
397 80 pedestrian 0 0 -10 717.16 176.53 875.25 314.14 -10 -10 -10 -100    0 -1000 -1000 -10
397 86 pedestrian 0 0 -10 435.16 186.66 533.63 263.33 -10 -10 -10 -100    0 -1000 -1000 -10
397 89 pedestrian 0 0 -10 631.51 163.98 672.51 207.04 -10 -10 -10 -100    0 -1000 -1000 -10
397 91 pedestrian 0 0 -10 679.89 181.41 767.70 255.38 -10 -10 -10 -100    0 -1000 -1000 -10
397 93 pedestrian 0 0 -10 523.64 180.50 562.09 220.48 -10 -10 -10 -100    0 -1000 -1000 -10
397 73 pedestrian 0 0 -10 0.00 230.74 115.46 375.00 -10 -10 -10 -100    0 -1000 -1000 -10
398 87 pedestrian 0 0 -10 556.22 172.17 608.70 211.66 -10 -10 -10 -100    0 -1000 -1000 -10
398 80 pedestrian 0 0 -10 729.08 177.64 904.53 328.86 -10 -10 -10 -100    0 -1000 -1000 -10
398 86 pedestrian 0 0 -10 427.70 188.27 534.39 269.65 -10 -10 -10 -100    0 -1000 -1000 -10
398 89 pedestrian 0 0 -10 634.36 165.23 672.44 206.30 -10 -10 -10 -100    0 -1000 -1000 -10
398 91 pedestrian 0 0 -10 684.69 182.70 777.64 261.77 -10 -10 -10 -100    0 -1000 -1000 -10
398 93 pedestrian 0 0 -10 524.35 181.18 564.13 222.03 -10 -10 -10 -100    0 -1000 -1000 -10
399 87 pedestrian 0 0 -10 556.80 172.78 608.78 212.13 -10 -10 -10 -100    0 -1000 -1000 -10
399 80 pedestrian 0 0 -10 739.34 178.32 939.23 346.68 -10 -10 -10 -100    0 -1000 -1000 -10
399 86 pedestrian 0 0 -10 420.59 187.43 535.39 276.42 -10 -10 -10 -100    0 -1000 -1000 -10
399 89 pedestrian 0 0 -10 639.15 166.50 667.21 202.44 -10 -10 -10 -100    0 -1000 -1000 -10
399 91 pedestrian 0 0 -10 690.04 185.52 790.77 267.96 -10 -10 -10 -100    0 -1000 -1000 -10
399 93 pedestrian 0 0 -10 523.34 180.83 565.13 223.45 -10 -10 -10 -100    0 -1000 -1000 -10
400 87 pedestrian 0 0 -10 555.60 172.92 609.51 212.48 -10 -10 -10 -100    0 -1000 -1000 -10
400 80 pedestrian 0 0 -10 751.76 178.54 981.57 365.58 -10 -10 -10 -100    0 -1000 -1000 -10
400 86 pedestrian 0 0 -10 409.63 187.83 532.29 281.00 -10 -10 -10 -100    0 -1000 -1000 -10
400 89 pedestrian 0 0 -10 647.46 176.67 673.03 200.85 -10 -10 -10 -100    0 -1000 -1000 -10
400 91 pedestrian 0 0 -10 695.50 186.13 807.45 275.31 -10 -10 -10 -100    0 -1000 -1000 -10
400 93 pedestrian 0 0 -10 522.76 180.37 565.15 223.73 -10 -10 -10 -100    0 -1000 -1000 -10
400 94 pedestrian 0 0 -10 672.38 184.07 748.27 247.76 -10 -10 -10 -100    0 -1000 -1000 -10
401 87 pedestrian 0 0 -10 555.46 172.29 610.31 211.84 -10 -10 -10 -100    0 -1000 -1000 -10
401 80 pedestrian 0 0 -10 765.21 179.89 1034.65 375.00 -10 -10 -10 -100    0 -1000 -1000 -10
401 86 pedestrian 0 0 -10 398.30 185.99 528.94 285.32 -10 -10 -10 -100    0 -1000 -1000 -10
401 89 pedestrian 0 0 -10 650.31 176.12 674.64 200.81 -10 -10 -10 -100    0 -1000 -1000 -10
401 91 pedestrian 0 0 -10 698.90 187.25 817.60 282.07 -10 -10 -10 -100    0 -1000 -1000 -10
401 93 pedestrian 0 0 -10 520.96 179.60 564.40 223.98 -10 -10 -10 -100    0 -1000 -1000 -10
401 94 pedestrian 0 0 -10 675.75 184.17 753.36 250.49 -10 -10 -10 -100    0 -1000 -1000 -10
402 97 pedestrian 0 0 -10 451.20 178.78 539.28 251.57 -10 -10 -10 -100    0 -1000 -1000 -10
402 96 pedestrian 0 0 -10 646.50 162.95 669.43 196.86 -10 -10 -10 -100    0 -1000 -1000 -10
402 95 pedestrian 0 0 -10 665.74 179.73 707.03 215.89 -10 -10 -10 -100    0 -1000 -1000 -10
402 87 pedestrian 0 0 -10 554.88 171.15 609.93 209.65 -10 -10 -10 -100    0 -1000 -1000 -10
402 80 pedestrian 0 0 -10 780.85 178.80 1106.25 375.00 -10 -10 -10 -100    0 -1000 -1000 -10
402 86 pedestrian 0 0 -10 383.16 184.79 524.96 291.32 -10 -10 -10 -100    0 -1000 -1000 -10
402 89 pedestrian 0 0 -10 652.70 175.93 677.99 201.02 -10 -10 -10 -100    0 -1000 -1000 -10
402 91 pedestrian 0 0 -10 706.36 187.66 834.53 289.93 -10 -10 -10 -100    0 -1000 -1000 -10
402 93 pedestrian 0 0 -10 517.09 177.40 563.21 224.96 -10 -10 -10 -100    0 -1000 -1000 -10
402 94 pedestrian 0 0 -10 678.11 184.18 762.70 253.57 -10 -10 -10 -100    0 -1000 -1000 -10
403 97 pedestrian 0 0 -10 443.89 177.58 535.07 254.54 -10 -10 -10 -100    0 -1000 -1000 -10
403 96 pedestrian 0 0 -10 646.98 162.59 670.94 196.16 -10 -10 -10 -100    0 -1000 -1000 -10
403 95 pedestrian 0 0 -10 667.40 179.68 710.46 216.63 -10 -10 -10 -100    0 -1000 -1000 -10
403 87 pedestrian 0 0 -10 554.65 170.58 609.71 209.36 -10 -10 -10 -100    0 -1000 -1000 -10
403 80 pedestrian 0 0 -10 798.95 178.07 1203.80 375.00 -10 -10 -10 -100    0 -1000 -1000 -10
403 86 pedestrian 0 0 -10 364.92 183.77 520.31 298.58 -10 -10 -10 -100    0 -1000 -1000 -10
403 89 pedestrian 0 0 -10 653.11 174.44 678.22 199.78 -10 -10 -10 -100    0 -1000 -1000 -10
403 91 pedestrian 0 0 -10 710.71 187.64 849.61 298.03 -10 -10 -10 -100    0 -1000 -1000 -10
403 93 pedestrian 0 0 -10 512.97 177.65 560.78 225.96 -10 -10 -10 -100    0 -1000 -1000 -10
403 94 pedestrian 0 0 -10 681.60 183.94 772.84 257.82 -10 -10 -10 -100    0 -1000 -1000 -10
404 97 pedestrian 0 0 -10 433.57 177.24 529.98 258.28 -10 -10 -10 -100    0 -1000 -1000 -10
404 96 pedestrian 0 0 -10 645.93 163.06 671.49 197.26 -10 -10 -10 -100    0 -1000 -1000 -10
404 95 pedestrian 0 0 -10 667.74 179.52 713.84 219.83 -10 -10 -10 -100    0 -1000 -1000 -10
404 87 pedestrian 0 0 -10 554.39 170.76 609.64 209.24 -10 -10 -10 -100    0 -1000 -1000 -10
404 80 pedestrian 0 0 -10 821.51 179.13 1240.87 375.00 -10 -10 -10 -100    0 -1000 -1000 -10
404 86 pedestrian 0 0 -10 341.04 184.34 514.08 307.88 -10 -10 -10 -100    0 -1000 -1000 -10
404 89 pedestrian 0 0 -10 652.71 174.37 678.83 200.66 -10 -10 -10 -100    0 -1000 -1000 -10
404 91 pedestrian 0 0 -10 715.90 189.39 867.28 308.27 -10 -10 -10 -100    0 -1000 -1000 -10
404 93 pedestrian 0 0 -10 509.35 177.23 557.50 226.28 -10 -10 -10 -100    0 -1000 -1000 -10
404 98 pedestrian 0 0 -10 639.39 172.80 663.53 195.75 -10 -10 -10 -100    0 -1000 -1000 -10
404 94 pedestrian 0 0 -10 683.74 185.19 782.26 265.20 -10 -10 -10 -100    0 -1000 -1000 -10
405 97 pedestrian 0 0 -10 422.08 177.71 525.42 263.34 -10 -10 -10 -100    0 -1000 -1000 -10
405 96 pedestrian 0 0 -10 644.88 163.36 670.48 197.44 -10 -10 -10 -100    0 -1000 -1000 -10
405 95 pedestrian 0 0 -10 668.13 181.06 715.57 222.46 -10 -10 -10 -100    0 -1000 -1000 -10
405 87 pedestrian 0 0 -10 580.35 171.34 609.54 198.70 -10 -10 -10 -100    0 -1000 -1000 -10
405 80 pedestrian 0 0 -10 851.28 187.07 1241.37 375.00 -10 -10 -10 -100    0 -1000 -1000 -10
405 86 pedestrian 0 0 -10 313.55 185.40 508.71 320.47 -10 -10 -10 -100    0 -1000 -1000 -10
405 89 pedestrian 0 0 -10 653.13 176.76 678.56 201.50 -10 -10 -10 -100    0 -1000 -1000 -10
405 91 pedestrian 0 0 -10 722.20 190.80 890.26 321.25 -10 -10 -10 -100    0 -1000 -1000 -10
405 93 pedestrian 0 0 -10 501.64 176.83 554.95 228.31 -10 -10 -10 -100    0 -1000 -1000 -10
405 94 pedestrian 0 0 -10 686.23 186.30 790.18 270.76 -10 -10 -10 -100    0 -1000 -1000 -10
406 97 pedestrian 0 0 -10 410.94 178.13 520.13 266.45 -10 -10 -10 -100    0 -1000 -1000 -10
406 96 pedestrian 0 0 -10 643.91 163.68 669.59 197.62 -10 -10 -10 -100    0 -1000 -1000 -10
406 95 pedestrian 0 0 -10 668.69 182.37 717.95 224.57 -10 -10 -10 -100    0 -1000 -1000 -10
406 87 pedestrian 0 0 -10 579.41 171.33 608.15 197.92 -10 -10 -10 -100    0 -1000 -1000 -10
406 80 pedestrian 0 0 -10 890.94 194.18 1242.00 375.00 -10 -10 -10 -100    0 -1000 -1000 -10
406 86 pedestrian 0 0 -10 279.98 186.55 500.35 336.96 -10 -10 -10 -100    0 -1000 -1000 -10
406 89 pedestrian 0 0 -10 653.03 178.81 679.31 203.22 -10 -10 -10 -100    0 -1000 -1000 -10
406 91 pedestrian 0 0 -10 730.15 192.15 916.56 337.03 -10 -10 -10 -100    0 -1000 -1000 -10
406 93 pedestrian 0 0 -10 496.35 177.24 551.48 229.91 -10 -10 -10 -100    0 -1000 -1000 -10
406 94 pedestrian 0 0 -10 689.88 187.11 802.54 278.05 -10 -10 -10 -100    0 -1000 -1000 -10
407 97 pedestrian 0 0 -10 397.15 177.68 515.26 269.37 -10 -10 -10 -100    0 -1000 -1000 -10
407 96 pedestrian 0 0 -10 643.45 162.98 669.18 197.45 -10 -10 -10 -100    0 -1000 -1000 -10
407 95 pedestrian 0 0 -10 669.69 182.79 719.10 225.46 -10 -10 -10 -100    0 -1000 -1000 -10
407 87 pedestrian 0 0 -10 577.44 170.19 607.33 196.51 -10 -10 -10 -100    0 -1000 -1000 -10
407 80 pedestrian 0 0 -10 933.74 195.57 1241.74 375.00 -10 -10 -10 -100    0 -1000 -1000 -10
407 86 pedestrian 0 0 -10 240.05 186.87 493.75 357.68 -10 -10 -10 -100    0 -1000 -1000 -10
407 89 pedestrian 0 0 -10 652.82 177.56 679.17 203.95 -10 -10 -10 -100    0 -1000 -1000 -10
407 91 pedestrian 0 0 -10 739.34 193.58 948.50 354.28 -10 -10 -10 -100    0 -1000 -1000 -10
407 93 pedestrian 0 0 -10 492.61 177.36 548.43 231.13 -10 -10 -10 -100    0 -1000 -1000 -10
407 94 pedestrian 0 0 -10 692.74 188.45 815.35 285.26 -10 -10 -10 -100    0 -1000 -1000 -10
408 99 pedestrian 0 0 -10 538.74 179.68 569.43 217.40 -10 -10 -10 -100    0 -1000 -1000 -10
408 97 pedestrian 0 0 -10 383.40 175.84 509.68 275.71 -10 -10 -10 -100    0 -1000 -1000 -10
408 96 pedestrian 0 0 -10 643.40 161.83 669.95 197.02 -10 -10 -10 -100    0 -1000 -1000 -10
408 95 pedestrian 0 0 -10 670.66 182.39 722.63 226.38 -10 -10 -10 -100    0 -1000 -1000 -10
408 87 pedestrian 0 0 -10 575.72 168.87 606.99 194.67 -10 -10 -10 -100    0 -1000 -1000 -10
408 80 pedestrian 0 0 -10 1008.53 193.80 1242.00 375.00 -10 -10 -10 -100    0 -1000 -1000 -10
408 86 pedestrian 0 0 -10 190.50 187.44 483.57 375.00 -10 -10 -10 -100    0 -1000 -1000 -10
408 89 pedestrian 0 0 -10 651.98 175.25 678.33 202.55 -10 -10 -10 -100    0 -1000 -1000 -10
408 91 pedestrian 0 0 -10 750.29 194.49 993.75 375.00 -10 -10 -10 -100    0 -1000 -1000 -10
408 93 pedestrian 0 0 -10 489.43 177.40 545.05 232.01 -10 -10 -10 -100    0 -1000 -1000 -10
408 94 pedestrian 0 0 -10 696.84 188.59 828.49 293.04 -10 -10 -10 -100    0 -1000 -1000 -10
409 99 pedestrian 0 0 -10 534.30 180.64 567.42 218.19 -10 -10 -10 -100    0 -1000 -1000 -10
409 97 pedestrian 0 0 -10 364.37 176.21 502.23 282.69 -10 -10 -10 -100    0 -1000 -1000 -10
409 96 pedestrian 0 0 -10 643.43 160.73 669.94 196.34 -10 -10 -10 -100    0 -1000 -1000 -10
409 95 pedestrian 0 0 -10 671.63 182.31 726.05 228.60 -10 -10 -10 -100    0 -1000 -1000 -10
409 87 pedestrian 0 0 -10 574.10 168.28 604.52 194.98 -10 -10 -10 -100    0 -1000 -1000 -10
409 80 pedestrian 0 0 -10 1125.93 201.94 1241.78 375.00 -10 -10 -10 -100    0 -1000 -1000 -10
409 86 pedestrian 0 0 -10 125.92 187.89 473.22 375.00 -10 -10 -10 -100    0 -1000 -1000 -10
409 89 pedestrian 0 0 -10 651.55 174.15 679.07 202.29 -10 -10 -10 -100    0 -1000 -1000 -10
409 91 pedestrian 0 0 -10 763.56 196.69 1048.18 375.00 -10 -10 -10 -100    0 -1000 -1000 -10
409 93 pedestrian 0 0 -10 481.15 176.86 541.50 234.31 -10 -10 -10 -100    0 -1000 -1000 -10
409 94 pedestrian 0 0 -10 701.24 190.95 847.64 304.17 -10 -10 -10 -100    0 -1000 -1000 -10
410 99 pedestrian 0 0 -10 523.66 179.38 564.11 220.20 -10 -10 -10 -100    0 -1000 -1000 -10
410 97 pedestrian 0 0 -10 342.03 174.47 495.20 292.84 -10 -10 -10 -100    0 -1000 -1000 -10
410 96 pedestrian 0 0 -10 642.82 159.94 669.76 195.94 -10 -10 -10 -100    0 -1000 -1000 -10
410 95 pedestrian 0 0 -10 671.92 181.81 728.14 229.20 -10 -10 -10 -100    0 -1000 -1000 -10
410 87 pedestrian 0 0 -10 572.61 168.81 603.67 195.17 -10 -10 -10 -100    0 -1000 -1000 -10
410 86 pedestrian 0 0 -10 34.35 188.91 460.34 375.00 -10 -10 -10 -100    0 -1000 -1000 -10
410 89 pedestrian 0 0 -10 651.47 173.98 679.73 202.54 -10 -10 -10 -100    0 -1000 -1000 -10
410 91 pedestrian 0 0 -10 778.52 200.38 1130.65 375.00 -10 -10 -10 -100    0 -1000 -1000 -10
410 93 pedestrian 0 0 -10 471.77 175.09 537.77 236.09 -10 -10 -10 -100    0 -1000 -1000 -10
410 94 pedestrian 0 0 -10 706.05 193.60 865.76 317.31 -10 -10 -10 -100    0 -1000 -1000 -10
411 96 pedestrian 0 0 -10 642.37 159.18 670.17 195.99 -10 -10 -10 -100    0 -1000 -1000 -10
411 95 pedestrian 0 0 -10 672.25 180.70 730.43 229.55 -10 -10 -10 -100    0 -1000 -1000 -10
411 87 pedestrian 0 0 -10 569.88 169.19 603.03 194.59 -10 -10 -10 -100    0 -1000 -1000 -10
411 86 pedestrian 0 0 -10 0.58 188.25 439.94 375.00 -10 -10 -10 -100    0 -1000 -1000 -10
411 97 pedestrian 0 0 -10 320.93 174.60 486.94 299.81 -10 -10 -10 -100    0 -1000 -1000 -10
411 89 pedestrian 0 0 -10 651.13 173.04 679.99 202.38 -10 -10 -10 -100    0 -1000 -1000 -10
411 91 pedestrian 0 0 -10 794.29 206.44 1235.56 375.00 -10 -10 -10 -100    0 -1000 -1000 -10
411 93 pedestrian 0 0 -10 463.98 174.23 533.38 237.87 -10 -10 -10 -100    0 -1000 -1000 -10
411 94 pedestrian 0 0 -10 711.67 195.37 891.61 331.29 -10 -10 -10 -100    0 -1000 -1000 -10
411 99 pedestrian 0 0 -10 503.83 176.03 556.83 221.05 -10 -10 -10 -100    0 -1000 -1000 -10
412 96 pedestrian 0 0 -10 642.59 158.57 670.79 195.59 -10 -10 -10 -100    0 -1000 -1000 -10
412 95 pedestrian 0 0 -10 673.76 180.37 734.20 230.79 -10 -10 -10 -100    0 -1000 -1000 -10
412 87 pedestrian 0 0 -10 568.26 168.35 603.27 193.81 -10 -10 -10 -100    0 -1000 -1000 -10
412 86 pedestrian 0 0 -10 0.75 188.94 424.34 375.00 -10 -10 -10 -100    0 -1000 -1000 -10
412 97 pedestrian 0 0 -10 293.34 174.55 477.91 311.94 -10 -10 -10 -100    0 -1000 -1000 -10
412 89 pedestrian 0 0 -10 651.39 173.36 681.13 202.63 -10 -10 -10 -100    0 -1000 -1000 -10
412 91 pedestrian 0 0 -10 819.77 210.88 1239.35 375.00 -10 -10 -10 -100    0 -1000 -1000 -10
412 93 pedestrian 0 0 -10 456.85 173.12 529.29 240.08 -10 -10 -10 -100    0 -1000 -1000 -10
412 94 pedestrian 0 0 -10 718.00 197.16 917.72 346.00 -10 -10 -10 -100    0 -1000 -1000 -10
412 99 pedestrian 0 0 -10 498.71 175.36 553.92 221.48 -10 -10 -10 -100    0 -1000 -1000 -10
413 96 pedestrian 0 0 -10 642.15 157.65 670.01 194.75 -10 -10 -10 -100    0 -1000 -1000 -10
413 95 pedestrian 0 0 -10 674.24 179.23 740.91 232.42 -10 -10 -10 -100    0 -1000 -1000 -10
413 87 pedestrian 0 0 -10 566.79 167.27 603.15 193.21 -10 -10 -10 -100    0 -1000 -1000 -10
413 86 pedestrian 0 0 -10 0.12 190.01 395.72 375.00 -10 -10 -10 -100    0 -1000 -1000 -10
413 97 pedestrian 0 0 -10 260.44 173.15 467.18 327.91 -10 -10 -10 -100    0 -1000 -1000 -10
413 89 pedestrian 0 0 -10 650.84 172.57 681.37 202.53 -10 -10 -10 -100    0 -1000 -1000 -10
413 91 pedestrian 0 0 -10 846.49 217.03 1241.76 375.00 -10 -10 -10 -100    0 -1000 -1000 -10
413 93 pedestrian 0 0 -10 447.91 171.58 525.29 241.96 -10 -10 -10 -100    0 -1000 -1000 -10
413 94 pedestrian 0 0 -10 725.28 198.47 950.36 367.18 -10 -10 -10 -100    0 -1000 -1000 -10
413 99 pedestrian 0 0 -10 495.72 174.05 552.20 221.76 -10 -10 -10 -100    0 -1000 -1000 -10
414 96 pedestrian 0 0 -10 642.00 156.45 670.70 193.07 -10 -10 -10 -100    0 -1000 -1000 -10
414 95 pedestrian 0 0 -10 677.33 177.57 744.93 233.32 -10 -10 -10 -100    0 -1000 -1000 -10
414 87 pedestrian 0 0 -10 565.62 164.60 603.54 190.86 -10 -10 -10 -100    0 -1000 -1000 -10
414 86 pedestrian 0 0 -10 1.87 190.98 362.97 375.00 -10 -10 -10 -100    0 -1000 -1000 -10
414 97 pedestrian 0 0 -10 218.41 172.72 457.52 343.84 -10 -10 -10 -100    0 -1000 -1000 -10
414 89 pedestrian 0 0 -10 651.05 171.31 682.45 201.59 -10 -10 -10 -100    0 -1000 -1000 -10
414 91 pedestrian 0 0 -10 888.61 219.80 1241.05 375.00 -10 -10 -10 -100    0 -1000 -1000 -10
414 93 pedestrian 0 0 -10 438.62 169.87 521.12 243.63 -10 -10 -10 -100    0 -1000 -1000 -10
414 94 pedestrian 0 0 -10 734.91 198.91 996.50 375.00 -10 -10 -10 -100    0 -1000 -1000 -10
414 99 pedestrian 0 0 -10 491.33 172.30 551.45 221.46 -10 -10 -10 -100    0 -1000 -1000 -10
415 100 pedestrian 0 0 -10 626.10 165.66 646.19 186.62 -10 -10 -10 -100    0 -1000 -1000 -10
415 96 pedestrian 0 0 -10 641.89 154.22 672.58 191.89 -10 -10 -10 -100    0 -1000 -1000 -10
415 95 pedestrian 0 0 -10 678.51 175.05 748.79 234.05 -10 -10 -10 -100    0 -1000 -1000 -10
415 87 pedestrian 0 0 -10 564.96 161.85 602.20 188.48 -10 -10 -10 -100    0 -1000 -1000 -10
415 86 pedestrian 0 0 -10 0.00 187.97 323.10 375.00 -10 -10 -10 -100    0 -1000 -1000 -10
415 97 pedestrian 0 0 -10 164.32 173.07 444.74 369.14 -10 -10 -10 -100    0 -1000 -1000 -10
415 89 pedestrian 0 0 -10 651.24 169.87 682.47 200.70 -10 -10 -10 -100    0 -1000 -1000 -10
415 91 pedestrian 0 0 -10 950.57 228.74 1242.00 375.00 -10 -10 -10 -100    0 -1000 -1000 -10
415 93 pedestrian 0 0 -10 428.80 168.64 515.87 246.93 -10 -10 -10 -100    0 -1000 -1000 -10
415 94 pedestrian 0 0 -10 746.27 200.33 1065.07 375.00 -10 -10 -10 -100    0 -1000 -1000 -10
415 99 pedestrian 0 0 -10 486.04 169.93 549.24 222.20 -10 -10 -10 -100    0 -1000 -1000 -10
416 100 pedestrian 0 0 -10 625.40 165.36 646.84 187.14 -10 -10 -10 -100    0 -1000 -1000 -10
416 96 pedestrian 0 0 -10 641.59 153.62 673.25 191.85 -10 -10 -10 -100    0 -1000 -1000 -10
416 95 pedestrian 0 0 -10 680.23 175.71 756.16 237.07 -10 -10 -10 -100    0 -1000 -1000 -10
416 87 pedestrian 0 0 -10 563.23 161.81 601.38 189.24 -10 -10 -10 -100    0 -1000 -1000 -10
416 86 pedestrian 0 0 -10 0.00 184.49 253.49 375.00 -10 -10 -10 -100    0 -1000 -1000 -10
416 97 pedestrian 0 0 -10 94.77 174.17 429.02 375.00 -10 -10 -10 -100    0 -1000 -1000 -10
416 89 pedestrian 0 0 -10 651.59 170.03 684.32 200.86 -10 -10 -10 -100    0 -1000 -1000 -10
416 93 pedestrian 0 0 -10 416.97 169.81 510.78 253.87 -10 -10 -10 -100    0 -1000 -1000 -10
416 94 pedestrian 0 0 -10 759.34 202.88 1147.10 375.00 -10 -10 -10 -100    0 -1000 -1000 -10
416 99 pedestrian 0 0 -10 480.90 169.93 546.60 224.64 -10 -10 -10 -100    0 -1000 -1000 -10
417 100 pedestrian 0 0 -10 625.70 167.74 645.55 188.27 -10 -10 -10 -100    0 -1000 -1000 -10
417 96 pedestrian 0 0 -10 640.68 155.20 672.91 194.46 -10 -10 -10 -100    0 -1000 -1000 -10
417 95 pedestrian 0 0 -10 682.57 179.45 763.75 243.48 -10 -10 -10 -100    0 -1000 -1000 -10
417 87 pedestrian 0 0 -10 561.53 165.47 599.75 194.00 -10 -10 -10 -100    0 -1000 -1000 -10
417 86 pedestrian 0 0 -10 0.00 200.39 131.27 375.00 -10 -10 -10 -100    0 -1000 -1000 -10
417 97 pedestrian 0 0 -10 12.16 174.86 408.87 375.00 -10 -10 -10 -100    0 -1000 -1000 -10
417 89 pedestrian 0 0 -10 651.35 171.85 684.57 204.47 -10 -10 -10 -100    0 -1000 -1000 -10
417 93 pedestrian 0 0 -10 403.86 173.37 505.74 262.95 -10 -10 -10 -100    0 -1000 -1000 -10
417 94 pedestrian 0 0 -10 774.48 205.72 1242.00 375.00 -10 -10 -10 -100    0 -1000 -1000 -10
417 99 pedestrian 0 0 -10 473.73 172.64 543.33 229.25 -10 -10 -10 -100    0 -1000 -1000 -10
418 100 pedestrian 0 0 -10 625.28 172.47 645.76 192.05 -10 -10 -10 -100    0 -1000 -1000 -10
418 96 pedestrian 0 0 -10 641.37 158.92 673.46 199.06 -10 -10 -10 -100    0 -1000 -1000 -10
418 95 pedestrian 0 0 -10 685.77 183.72 770.80 251.79 -10 -10 -10 -100    0 -1000 -1000 -10
418 87 pedestrian 0 0 -10 559.87 170.25 599.00 198.38 -10 -10 -10 -100    0 -1000 -1000 -10
418 97 pedestrian 0 0 -10 0.00 173.57 389.58 375.00 -10 -10 -10 -100    0 -1000 -1000 -10
418 89 pedestrian 0 0 -10 652.61 175.76 686.61 208.83 -10 -10 -10 -100    0 -1000 -1000 -10
418 93 pedestrian 0 0 -10 390.21 177.20 500.69 272.18 -10 -10 -10 -100    0 -1000 -1000 -10
418 94 pedestrian 0 0 -10 794.50 209.54 1242.00 375.00 -10 -10 -10 -100    0 -1000 -1000 -10
418 99 pedestrian 0 0 -10 468.03 175.80 540.03 234.87 -10 -10 -10 -100    0 -1000 -1000 -10
419 100 pedestrian 0 0 -10 625.57 174.25 645.47 193.41 -10 -10 -10 -100    0 -1000 -1000 -10
419 96 pedestrian 0 0 -10 640.99 160.61 674.22 201.60 -10 -10 -10 -100    0 -1000 -1000 -10
419 95 pedestrian 0 0 -10 689.28 185.20 779.47 257.31 -10 -10 -10 -100    0 -1000 -1000 -10
419 87 pedestrian 0 0 -10 559.01 171.36 598.88 200.59 -10 -10 -10 -100    0 -1000 -1000 -10
419 97 pedestrian 0 0 -10 1.93 174.82 360.54 375.00 -10 -10 -10 -100    0 -1000 -1000 -10
419 89 pedestrian 0 0 -10 652.15 177.42 687.37 210.69 -10 -10 -10 -100    0 -1000 -1000 -10
419 93 pedestrian 0 0 -10 374.28 179.06 493.22 281.39 -10 -10 -10 -100    0 -1000 -1000 -10
419 94 pedestrian 0 0 -10 815.71 215.30 1242.00 375.00 -10 -10 -10 -100    0 -1000 -1000 -10
419 99 pedestrian 0 0 -10 458.93 176.49 535.99 239.20 -10 -10 -10 -100    0 -1000 -1000 -10
420 100 pedestrian 0 0 -10 626.23 175.10 645.78 194.12 -10 -10 -10 -100    0 -1000 -1000 -10
420 96 pedestrian 0 0 -10 639.71 161.01 675.20 203.13 -10 -10 -10 -100    0 -1000 -1000 -10
420 95 pedestrian 0 0 -10 693.17 186.00 789.96 262.70 -10 -10 -10 -100    0 -1000 -1000 -10
420 87 pedestrian 0 0 -10 557.77 171.48 598.82 200.27 -10 -10 -10 -100    0 -1000 -1000 -10
420 97 pedestrian 0 0 -10 0.00 175.26 324.25 375.00 -10 -10 -10 -100    0 -1000 -1000 -10
420 89 pedestrian 0 0 -10 653.83 177.95 689.39 212.05 -10 -10 -10 -100    0 -1000 -1000 -10
420 93 pedestrian 0 0 -10 355.88 180.69 486.59 291.31 -10 -10 -10 -100    0 -1000 -1000 -10
420 94 pedestrian 0 0 -10 843.66 221.35 1241.65 375.00 -10 -10 -10 -100    0 -1000 -1000 -10
420 99 pedestrian 0 0 -10 451.48 178.18 532.30 242.86 -10 -10 -10 -100    0 -1000 -1000 -10
421 100 pedestrian 0 0 -10 626.62 175.27 644.38 193.39 -10 -10 -10 -100    0 -1000 -1000 -10
421 96 pedestrian 0 0 -10 639.55 161.45 676.73 204.25 -10 -10 -10 -100    0 -1000 -1000 -10
421 95 pedestrian 0 0 -10 696.14 186.44 800.89 268.21 -10 -10 -10 -100    0 -1000 -1000 -10
421 87 pedestrian 0 0 -10 557.88 172.01 599.37 199.94 -10 -10 -10 -100    0 -1000 -1000 -10
421 97 pedestrian 0 0 -10 0.13 175.43 274.42 375.00 -10 -10 -10 -100    0 -1000 -1000 -10
421 89 pedestrian 0 0 -10 654.86 178.68 691.60 213.91 -10 -10 -10 -100    0 -1000 -1000 -10
421 93 pedestrian 0 0 -10 335.58 182.27 479.12 300.16 -10 -10 -10 -100    0 -1000 -1000 -10
421 94 pedestrian 0 0 -10 882.04 229.21 1242.00 375.00 -10 -10 -10 -100    0 -1000 -1000 -10
421 99 pedestrian 0 0 -10 445.29 179.26 529.99 247.49 -10 -10 -10 -100    0 -1000 -1000 -10
422 100 pedestrian 0 0 -10 627.41 174.70 645.06 192.84 -10 -10 -10 -100    0 -1000 -1000 -10
422 96 pedestrian 0 0 -10 640.88 161.64 678.95 205.65 -10 -10 -10 -100    0 -1000 -1000 -10
422 95 pedestrian 0 0 -10 701.74 187.17 814.62 275.59 -10 -10 -10 -100    0 -1000 -1000 -10
422 87 pedestrian 0 0 -10 557.76 171.19 599.99 199.28 -10 -10 -10 -100    0 -1000 -1000 -10
422 97 pedestrian 0 0 -10 0.00 176.39 209.61 375.00 -10 -10 -10 -100    0 -1000 -1000 -10
422 89 pedestrian 0 0 -10 656.82 177.75 694.65 215.66 -10 -10 -10 -100    0 -1000 -1000 -10
422 93 pedestrian 0 0 -10 311.16 181.33 472.06 313.47 -10 -10 -10 -100    0 -1000 -1000 -10
422 94 pedestrian 0 0 -10 942.97 226.46 1241.56 375.00 -10 -10 -10 -100    0 -1000 -1000 -10
422 99 pedestrian 0 0 -10 437.03 180.23 527.46 251.70 -10 -10 -10 -100    0 -1000 -1000 -10
423 96 pedestrian 0 0 -10 642.92 161.29 681.18 206.70 -10 -10 -10 -100    0 -1000 -1000 -10
423 95 pedestrian 0 0 -10 707.55 188.57 829.37 283.03 -10 -10 -10 -100    0 -1000 -1000 -10
423 87 pedestrian 0 0 -10 557.68 170.80 600.04 199.17 -10 -10 -10 -100    0 -1000 -1000 -10
423 89 pedestrian 0 0 -10 658.46 178.78 696.97 216.70 -10 -10 -10 -100    0 -1000 -1000 -10
423 93 pedestrian 0 0 -10 283.94 181.83 462.53 327.10 -10 -10 -10 -100    0 -1000 -1000 -10
423 94 pedestrian 0 0 -10 1050.80 221.96 1241.18 375.00 -10 -10 -10 -100    0 -1000 -1000 -10
423 99 pedestrian 0 0 -10 428.43 180.59 524.40 256.56 -10 -10 -10 -100    0 -1000 -1000 -10
424 96 pedestrian 0 0 -10 643.87 161.23 682.22 207.17 -10 -10 -10 -100    0 -1000 -1000 -10
424 95 pedestrian 0 0 -10 712.52 190.21 845.15 291.28 -10 -10 -10 -100    0 -1000 -1000 -10
424 87 pedestrian 0 0 -10 556.54 170.56 600.29 199.20 -10 -10 -10 -100    0 -1000 -1000 -10
424 89 pedestrian 0 0 -10 659.06 178.87 699.78 218.00 -10 -10 -10 -100    0 -1000 -1000 -10
424 93 pedestrian 0 0 -10 245.73 183.56 451.20 344.05 -10 -10 -10 -100    0 -1000 -1000 -10
424 99 pedestrian 0 0 -10 418.13 181.84 519.82 262.57 -10 -10 -10 -100    0 -1000 -1000 -10
425 96 pedestrian 0 0 -10 643.91 161.53 683.47 207.86 -10 -10 -10 -100    0 -1000 -1000 -10
425 95 pedestrian 0 0 -10 718.28 191.30 864.59 301.26 -10 -10 -10 -100    0 -1000 -1000 -10
425 87 pedestrian 0 0 -10 556.01 170.28 600.59 199.77 -10 -10 -10 -100    0 -1000 -1000 -10
425 89 pedestrian 0 0 -10 661.26 179.86 702.62 219.72 -10 -10 -10 -100    0 -1000 -1000 -10
425 93 pedestrian 0 0 -10 198.55 185.22 438.56 367.62 -10 -10 -10 -100    0 -1000 -1000 -10
425 99 pedestrian 0 0 -10 405.64 182.76 515.68 268.55 -10 -10 -10 -100    0 -1000 -1000 -10
426 96 pedestrian 0 0 -10 644.27 162.11 683.94 209.06 -10 -10 -10 -100    0 -1000 -1000 -10
426 95 pedestrian 0 0 -10 724.49 192.82 887.32 313.53 -10 -10 -10 -100    0 -1000 -1000 -10
426 87 pedestrian 0 0 -10 555.21 171.83 599.24 201.53 -10 -10 -10 -100    0 -1000 -1000 -10
426 89 pedestrian 0 0 -10 662.39 179.92 705.21 221.58 -10 -10 -10 -100    0 -1000 -1000 -10
426 93 pedestrian 0 0 -10 139.64 187.59 423.06 375.00 -10 -10 -10 -100    0 -1000 -1000 -10
426 99 pedestrian 0 0 -10 390.00 185.12 511.42 276.18 -10 -10 -10 -100    0 -1000 -1000 -10
427 96 pedestrian 0 0 -10 645.52 162.29 686.22 209.99 -10 -10 -10 -100    0 -1000 -1000 -10
427 95 pedestrian 0 0 -10 733.07 195.48 914.82 327.88 -10 -10 -10 -100    0 -1000 -1000 -10
427 87 pedestrian 0 0 -10 554.77 176.09 579.52 202.53 -10 -10 -10 -100    0 -1000 -1000 -10
427 89 pedestrian 0 0 -10 663.98 180.76 709.28 224.09 -10 -10 -10 -100    0 -1000 -1000 -10
427 93 pedestrian 0 0 -10 66.08 190.85 405.17 375.00 -10 -10 -10 -100    0 -1000 -1000 -10
427 99 pedestrian 0 0 -10 376.23 185.89 507.25 284.45 -10 -10 -10 -100    0 -1000 -1000 -10
428 100 pedestrian 0 0 -10 628.03 178.79 649.56 199.53 -10 -10 -10 -100    0 -1000 -1000 -10
428 96 pedestrian 0 0 -10 646.66 162.95 687.92 213.10 -10 -10 -10 -100    0 -1000 -1000 -10
428 95 pedestrian 0 0 -10 741.99 198.56 945.30 345.04 -10 -10 -10 -100    0 -1000 -1000 -10
428 87 pedestrian 0 0 -10 552.79 177.40 577.58 204.75 -10 -10 -10 -100    0 -1000 -1000 -10
428 89 pedestrian 0 0 -10 666.41 182.12 712.03 227.22 -10 -10 -10 -100    0 -1000 -1000 -10
428 93 pedestrian 0 0 -10 1.11 191.01 383.34 375.00 -10 -10 -10 -100    0 -1000 -1000 -10
428 99 pedestrian 0 0 -10 358.04 186.91 501.58 295.08 -10 -10 -10 -100    0 -1000 -1000 -10
429 100 pedestrian 0 0 -10 628.44 180.83 651.36 200.81 -10 -10 -10 -100    0 -1000 -1000 -10
429 96 pedestrian 0 0 -10 647.07 165.45 690.45 216.58 -10 -10 -10 -100    0 -1000 -1000 -10
429 95 pedestrian 0 0 -10 752.63 203.44 985.69 368.76 -10 -10 -10 -100    0 -1000 -1000 -10
429 87 pedestrian 0 0 -10 551.34 180.36 577.49 208.00 -10 -10 -10 -100    0 -1000 -1000 -10
429 89 pedestrian 0 0 -10 667.77 185.90 714.97 231.48 -10 -10 -10 -100    0 -1000 -1000 -10
429 93 pedestrian 0 0 -10 0.36 195.54 354.23 375.00 -10 -10 -10 -100    0 -1000 -1000 -10
429 99 pedestrian 0 0 -10 334.19 190.82 495.39 309.80 -10 -10 -10 -100    0 -1000 -1000 -10
430 101 pedestrian 0 0 -10 577.84 177.29 598.68 200.00 -10 -10 -10 -100    0 -1000 -1000 -10
430 100 pedestrian 0 0 -10 628.84 180.52 651.17 200.40 -10 -10 -10 -100    0 -1000 -1000 -10
430 96 pedestrian 0 0 -10 648.43 164.65 691.28 217.00 -10 -10 -10 -100    0 -1000 -1000 -10
430 95 pedestrian 0 0 -10 764.25 205.34 1037.47 375.00 -10 -10 -10 -100    0 -1000 -1000 -10
430 87 pedestrian 0 0 -10 551.23 179.74 576.55 207.42 -10 -10 -10 -100    0 -1000 -1000 -10
430 89 pedestrian 0 0 -10 669.60 186.02 718.57 232.79 -10 -10 -10 -100    0 -1000 -1000 -10
430 93 pedestrian 0 0 -10 0.36 198.81 317.81 375.00 -10 -10 -10 -100    0 -1000 -1000 -10
430 99 pedestrian 0 0 -10 308.84 192.36 487.91 323.56 -10 -10 -10 -100    0 -1000 -1000 -10
431 100 pedestrian 0 0 -10 628.05 178.89 650.32 200.36 -10 -10 -10 -100    0 -1000 -1000 -10
431 96 pedestrian 0 0 -10 649.02 163.43 692.53 217.15 -10 -10 -10 -100    0 -1000 -1000 -10
431 95 pedestrian 0 0 -10 777.69 208.75 1102.79 375.00 -10 -10 -10 -100    0 -1000 -1000 -10
431 87 pedestrian 0 0 -10 549.82 178.29 574.81 207.15 -10 -10 -10 -100    0 -1000 -1000 -10
431 89 pedestrian 0 0 -10 670.24 185.28 721.54 233.92 -10 -10 -10 -100    0 -1000 -1000 -10
431 93 pedestrian 0 0 -10 0.07 203.92 267.47 375.00 -10 -10 -10 -100    0 -1000 -1000 -10
431 99 pedestrian 0 0 -10 278.86 191.46 479.84 335.88 -10 -10 -10 -100    0 -1000 -1000 -10
432 100 pedestrian 0 0 -10 628.18 173.96 651.92 199.55 -10 -10 -10 -100    0 -1000 -1000 -10
432 96 pedestrian 0 0 -10 650.60 161.22 695.52 216.32 -10 -10 -10 -100    0 -1000 -1000 -10
432 95 pedestrian 0 0 -10 791.08 211.34 1176.86 375.00 -10 -10 -10 -100    0 -1000 -1000 -10
432 87 pedestrian 0 0 -10 549.25 175.51 575.40 205.68 -10 -10 -10 -100    0 -1000 -1000 -10
432 89 pedestrian 0 0 -10 671.41 183.69 724.93 233.92 -10 -10 -10 -100    0 -1000 -1000 -10
432 93 pedestrian 0 0 -10 0.00 207.73 198.79 375.00 -10 -10 -10 -100    0 -1000 -1000 -10
432 102 pedestrian 0 0 -10 589.67 172.09 608.48 194.42 -10 -10 -10 -100    0 -1000 -1000 -10
432 99 pedestrian 0 0 -10 244.18 191.07 470.90 350.71 -10 -10 -10 -100    0 -1000 -1000 -10
433 100 pedestrian 0 0 -10 628.44 171.73 651.87 198.72 -10 -10 -10 -100    0 -1000 -1000 -10
433 96 pedestrian 0 0 -10 651.15 159.56 696.31 214.88 -10 -10 -10 -100    0 -1000 -1000 -10
433 95 pedestrian 0 0 -10 810.51 215.48 1241.11 375.00 -10 -10 -10 -100    0 -1000 -1000 -10
433 87 pedestrian 0 0 -10 548.16 173.95 574.90 205.05 -10 -10 -10 -100    0 -1000 -1000 -10
433 89 pedestrian 0 0 -10 673.69 181.61 728.14 233.41 -10 -10 -10 -100    0 -1000 -1000 -10
433 93 pedestrian 0 0 -10 0.62 229.07 73.65 375.00 -10 -10 -10 -100    0 -1000 -1000 -10
433 102 pedestrian 0 0 -10 582.94 172.09 601.40 196.74 -10 -10 -10 -100    0 -1000 -1000 -10
433 99 pedestrian 0 0 -10 198.73 192.17 459.69 374.34 -10 -10 -10 -100    0 -1000 -1000 -10
434 100 pedestrian 0 0 -10 628.58 172.42 652.70 199.94 -10 -10 -10 -100    0 -1000 -1000 -10
434 96 pedestrian 0 0 -10 652.54 159.23 698.48 216.05 -10 -10 -10 -100    0 -1000 -1000 -10
434 95 pedestrian 0 0 -10 835.85 220.70 1242.00 375.00 -10 -10 -10 -100    0 -1000 -1000 -10
434 87 pedestrian 0 0 -10 547.11 174.47 573.46 205.33 -10 -10 -10 -100    0 -1000 -1000 -10
434 89 pedestrian 0 0 -10 675.88 182.55 733.42 236.16 -10 -10 -10 -100    0 -1000 -1000 -10
434 99 pedestrian 0 0 -10 139.12 193.89 447.48 375.00 -10 -10 -10 -100    0 -1000 -1000 -10
435 103 pedestrian 0 0 -10 666.23 180.43 718.37 227.20 -10 -10 -10 -100    0 -1000 -1000 -10
435 100 pedestrian 0 0 -10 629.40 172.18 653.60 200.93 -10 -10 -10 -100    0 -1000 -1000 -10
435 96 pedestrian 0 0 -10 652.78 158.77 701.14 217.20 -10 -10 -10 -100    0 -1000 -1000 -10
435 95 pedestrian 0 0 -10 867.71 224.14 1241.39 375.00 -10 -10 -10 -100    0 -1000 -1000 -10
435 87 pedestrian 0 0 -10 545.98 174.60 572.54 205.99 -10 -10 -10 -100    0 -1000 -1000 -10
435 89 pedestrian 0 0 -10 677.73 182.77 737.69 237.96 -10 -10 -10 -100    0 -1000 -1000 -10
435 99 pedestrian 0 0 -10 58.02 197.91 430.60 375.00 -10 -10 -10 -100    0 -1000 -1000 -10
436 103 pedestrian 0 0 -10 666.61 180.23 721.53 227.82 -10 -10 -10 -100    0 -1000 -1000 -10
436 100 pedestrian 0 0 -10 630.08 171.86 653.29 200.72 -10 -10 -10 -100    0 -1000 -1000 -10
436 96 pedestrian 0 0 -10 653.46 157.30 702.90 217.66 -10 -10 -10 -100    0 -1000 -1000 -10
436 95 pedestrian 0 0 -10 902.56 231.12 1241.65 375.00 -10 -10 -10 -100    0 -1000 -1000 -10
436 87 pedestrian 0 0 -10 543.58 174.01 571.91 206.38 -10 -10 -10 -100    0 -1000 -1000 -10
436 89 pedestrian 0 0 -10 678.42 181.89 742.00 239.61 -10 -10 -10 -100    0 -1000 -1000 -10
436 99 pedestrian 0 0 -10 2.21 198.21 412.63 375.00 -10 -10 -10 -100    0 -1000 -1000 -10
437 100 pedestrian 0 0 -10 629.47 172.20 653.59 201.38 -10 -10 -10 -100    0 -1000 -1000 -10
437 96 pedestrian 0 0 -10 653.56 157.46 704.57 220.45 -10 -10 -10 -100    0 -1000 -1000 -10
437 95 pedestrian 0 0 -10 955.60 239.85 1242.00 375.00 -10 -10 -10 -100    0 -1000 -1000 -10
437 87 pedestrian 0 0 -10 541.69 174.37 570.80 207.80 -10 -10 -10 -100    0 -1000 -1000 -10
437 89 pedestrian 0 0 -10 680.17 181.99 746.68 242.71 -10 -10 -10 -100    0 -1000 -1000 -10
437 103 pedestrian 0 0 -10 667.03 180.13 723.10 229.59 -10 -10 -10 -100    0 -1000 -1000 -10
437 102 pedestrian 0 0 -10 580.88 173.79 596.40 199.26 -10 -10 -10 -100    0 -1000 -1000 -10
437 99 pedestrian 0 0 -10 0.99 199.57 388.10 375.00 -10 -10 -10 -100    0 -1000 -1000 -10
438 100 pedestrian 0 0 -10 628.35 172.98 653.58 202.51 -10 -10 -10 -100    0 -1000 -1000 -10
438 96 pedestrian 0 0 -10 653.24 158.64 706.06 222.60 -10 -10 -10 -100    0 -1000 -1000 -10
438 95 pedestrian 0 0 -10 1033.81 256.51 1241.98 375.00 -10 -10 -10 -100    0 -1000 -1000 -10
438 87 pedestrian 0 0 -10 538.89 175.68 568.80 209.39 -10 -10 -10 -100    0 -1000 -1000 -10
438 89 pedestrian 0 0 -10 681.10 182.46 750.98 246.81 -10 -10 -10 -100    0 -1000 -1000 -10
438 103 pedestrian 0 0 -10 667.21 179.54 725.08 231.83 -10 -10 -10 -100    0 -1000 -1000 -10
438 102 pedestrian 0 0 -10 578.83 174.22 596.69 200.33 -10 -10 -10 -100    0 -1000 -1000 -10
438 99 pedestrian 0 0 -10 0.00 206.65 357.07 375.00 -10 -10 -10 -100    0 -1000 -1000 -10
439 100 pedestrian 0 0 -10 626.38 176.08 654.91 205.19 -10 -10 -10 -100    0 -1000 -1000 -10
439 96 pedestrian 0 0 -10 652.78 159.95 708.24 225.13 -10 -10 -10 -100    0 -1000 -1000 -10
439 87 pedestrian 0 0 -10 535.29 177.35 566.59 212.63 -10 -10 -10 -100    0 -1000 -1000 -10
439 89 pedestrian 0 0 -10 681.77 184.91 756.51 251.45 -10 -10 -10 -100    0 -1000 -1000 -10
439 103 pedestrian 0 0 -10 668.07 181.55 731.72 236.16 -10 -10 -10 -100    0 -1000 -1000 -10
439 102 pedestrian 0 0 -10 566.87 175.01 595.80 202.76 -10 -10 -10 -100    0 -1000 -1000 -10
439 99 pedestrian 0 0 -10 0.26 215.01 314.96 375.00 -10 -10 -10 -100    0 -1000 -1000 -10
440 100 pedestrian 0 0 -10 624.83 179.07 654.53 207.41 -10 -10 -10 -100    0 -1000 -1000 -10
440 96 pedestrian 0 0 -10 652.41 160.84 709.88 228.64 -10 -10 -10 -100    0 -1000 -1000 -10
440 87 pedestrian 0 0 -10 532.01 179.66 564.44 215.01 -10 -10 -10 -100    0 -1000 -1000 -10
440 89 pedestrian 0 0 -10 684.74 187.05 761.57 256.84 -10 -10 -10 -100    0 -1000 -1000 -10
440 103 pedestrian 0 0 -10 669.04 183.51 734.18 240.19 -10 -10 -10 -100    0 -1000 -1000 -10
440 102 pedestrian 0 0 -10 561.94 177.83 594.08 205.98 -10 -10 -10 -100    0 -1000 -1000 -10
440 99 pedestrian 0 0 -10 0.00 223.49 257.64 375.00 -10 -10 -10 -100    0 -1000 -1000 -10
441 100 pedestrian 0 0 -10 624.49 180.83 653.17 208.27 -10 -10 -10 -100    0 -1000 -1000 -10
441 96 pedestrian 0 0 -10 652.48 160.68 712.49 230.87 -10 -10 -10 -100    0 -1000 -1000 -10
441 87 pedestrian 0 0 -10 529.94 181.07 562.77 217.66 -10 -10 -10 -100    0 -1000 -1000 -10
441 89 pedestrian 0 0 -10 686.82 188.01 768.23 261.78 -10 -10 -10 -100    0 -1000 -1000 -10
441 103 pedestrian 0 0 -10 670.17 184.37 738.39 243.54 -10 -10 -10 -100    0 -1000 -1000 -10
441 102 pedestrian 0 0 -10 560.68 179.24 593.56 207.93 -10 -10 -10 -100    0 -1000 -1000 -10
441 99 pedestrian 0 0 -10 0.00 223.15 172.14 375.00 -10 -10 -10 -100    0 -1000 -1000 -10
442 100 pedestrian 0 0 -10 624.04 180.39 651.89 207.09 -10 -10 -10 -100    0 -1000 -1000 -10
442 96 pedestrian 0 0 -10 652.68 158.85 713.42 230.88 -10 -10 -10 -100    0 -1000 -1000 -10
442 87 pedestrian 0 0 -10 527.93 181.06 561.22 218.88 -10 -10 -10 -100    0 -1000 -1000 -10
442 89 pedestrian 0 0 -10 688.89 187.20 775.84 265.32 -10 -10 -10 -100    0 -1000 -1000 -10
442 103 pedestrian 0 0 -10 671.39 183.73 740.72 244.13 -10 -10 -10 -100    0 -1000 -1000 -10
442 102 pedestrian 0 0 -10 557.61 178.53 591.30 208.51 -10 -10 -10 -100    0 -1000 -1000 -10
443 100 pedestrian 0 0 -10 624.84 178.82 651.81 205.10 -10 -10 -10 -100    0 -1000 -1000 -10
443 96 pedestrian 0 0 -10 652.38 156.42 714.34 231.02 -10 -10 -10 -100    0 -1000 -1000 -10
443 87 pedestrian 0 0 -10 525.30 180.98 559.38 219.64 -10 -10 -10 -100    0 -1000 -1000 -10
443 89 pedestrian 0 0 -10 692.66 185.95 784.83 268.43 -10 -10 -10 -100    0 -1000 -1000 -10
443 103 pedestrian 0 0 -10 672.30 181.81 746.69 245.52 -10 -10 -10 -100    0 -1000 -1000 -10
443 102 pedestrian 0 0 -10 555.24 176.91 590.10 206.58 -10 -10 -10 -100    0 -1000 -1000 -10
444 100 pedestrian 0 0 -10 624.43 177.18 651.44 203.24 -10 -10 -10 -100    0 -1000 -1000 -10
444 96 pedestrian 0 0 -10 652.61 153.16 718.56 229.98 -10 -10 -10 -100    0 -1000 -1000 -10
444 87 pedestrian 0 0 -10 522.00 179.10 557.67 218.81 -10 -10 -10 -100    0 -1000 -1000 -10
444 89 pedestrian 0 0 -10 696.56 184.66 795.13 270.82 -10 -10 -10 -100    0 -1000 -1000 -10
444 103 pedestrian 0 0 -10 674.56 180.19 752.82 247.14 -10 -10 -10 -100    0 -1000 -1000 -10
444 102 pedestrian 0 0 -10 553.54 175.01 589.50 205.60 -10 -10 -10 -100    0 -1000 -1000 -10
445 100 pedestrian 0 0 -10 624.38 176.23 651.37 203.38 -10 -10 -10 -100    0 -1000 -1000 -10
445 96 pedestrian 0 0 -10 653.69 152.36 720.53 230.39 -10 -10 -10 -100    0 -1000 -1000 -10
445 87 pedestrian 0 0 -10 519.62 178.64 555.62 218.91 -10 -10 -10 -100    0 -1000 -1000 -10
445 89 pedestrian 0 0 -10 700.09 184.17 806.99 275.91 -10 -10 -10 -100    0 -1000 -1000 -10
445 103 pedestrian 0 0 -10 676.23 178.57 756.88 248.45 -10 -10 -10 -100    0 -1000 -1000 -10
445 102 pedestrian 0 0 -10 551.99 173.80 588.40 204.92 -10 -10 -10 -100    0 -1000 -1000 -10
446 96 pedestrian 0 0 -10 654.38 151.29 724.16 232.16 -10 -10 -10 -100    0 -1000 -1000 -10
446 87 pedestrian 0 0 -10 516.76 177.87 553.81 219.55 -10 -10 -10 -100    0 -1000 -1000 -10
446 89 pedestrian 0 0 -10 705.82 184.40 819.19 281.36 -10 -10 -10 -100    0 -1000 -1000 -10
446 100 pedestrian 0 0 -10 623.77 175.01 651.54 203.67 -10 -10 -10 -100    0 -1000 -1000 -10
446 103 pedestrian 0 0 -10 678.91 178.78 764.77 252.20 -10 -10 -10 -100    0 -1000 -1000 -10
446 102 pedestrian 0 0 -10 550.96 172.53 586.68 204.40 -10 -10 -10 -100    0 -1000 -1000 -10
447 96 pedestrian 0 0 -10 656.11 150.86 728.45 234.01 -10 -10 -10 -100    0 -1000 -1000 -10
447 87 pedestrian 0 0 -10 514.75 177.67 552.67 221.03 -10 -10 -10 -100    0 -1000 -1000 -10
447 89 pedestrian 0 0 -10 709.92 185.02 834.67 288.94 -10 -10 -10 -100    0 -1000 -1000 -10
447 100 pedestrian 0 0 -10 624.06 174.81 652.38 204.31 -10 -10 -10 -100    0 -1000 -1000 -10
447 103 pedestrian 0 0 -10 681.20 179.89 771.20 255.18 -10 -10 -10 -100    0 -1000 -1000 -10
447 102 pedestrian 0 0 -10 550.03 171.77 586.73 203.12 -10 -10 -10 -100    0 -1000 -1000 -10
448 96 pedestrian 0 0 -10 657.33 151.09 732.28 238.09 -10 -10 -10 -100    0 -1000 -1000 -10
448 87 pedestrian 0 0 -10 512.26 179.09 551.22 224.02 -10 -10 -10 -100    0 -1000 -1000 -10
448 89 pedestrian 0 0 -10 715.35 186.11 851.68 298.81 -10 -10 -10 -100    0 -1000 -1000 -10
448 100 pedestrian 0 0 -10 623.99 175.04 652.82 205.27 -10 -10 -10 -100    0 -1000 -1000 -10
448 103 pedestrian 0 0 -10 684.22 180.51 780.73 260.09 -10 -10 -10 -100    0 -1000 -1000 -10
448 102 pedestrian 0 0 -10 550.17 171.32 586.55 202.80 -10 -10 -10 -100    0 -1000 -1000 -10
449 96 pedestrian 0 0 -10 657.41 148.85 737.89 240.58 -10 -10 -10 -100    0 -1000 -1000 -10
449 87 pedestrian 0 0 -10 508.17 178.88 549.95 225.07 -10 -10 -10 -100    0 -1000 -1000 -10
449 89 pedestrian 0 0 -10 722.78 186.27 871.11 308.37 -10 -10 -10 -100    0 -1000 -1000 -10
449 100 pedestrian 0 0 -10 623.87 173.46 654.22 204.78 -10 -10 -10 -100    0 -1000 -1000 -10
449 103 pedestrian 0 0 -10 686.67 179.85 789.33 263.61 -10 -10 -10 -100    0 -1000 -1000 -10
449 102 pedestrian 0 0 -10 549.40 170.03 586.88 202.28 -10 -10 -10 -100    0 -1000 -1000 -10
450 96 pedestrian 0 0 -10 660.56 147.68 744.34 241.98 -10 -10 -10 -100    0 -1000 -1000 -10
450 87 pedestrian 0 0 -10 505.41 179.45 548.75 227.20 -10 -10 -10 -100    0 -1000 -1000 -10
450 89 pedestrian 0 0 -10 730.23 186.89 896.54 321.15 -10 -10 -10 -100    0 -1000 -1000 -10
450 100 pedestrian 0 0 -10 624.03 172.88 656.36 204.35 -10 -10 -10 -100    0 -1000 -1000 -10
450 103 pedestrian 0 0 -10 690.80 180.17 799.35 268.93 -10 -10 -10 -100    0 -1000 -1000 -10
450 102 pedestrian 0 0 -10 549.76 169.71 586.61 201.97 -10 -10 -10 -100    0 -1000 -1000 -10
451 96 pedestrian 0 0 -10 662.34 146.87 749.76 245.32 -10 -10 -10 -100    0 -1000 -1000 -10
451 87 pedestrian 0 0 -10 502.37 180.44 546.48 229.29 -10 -10 -10 -100    0 -1000 -1000 -10
451 89 pedestrian 0 0 -10 740.82 189.30 925.76 336.88 -10 -10 -10 -100    0 -1000 -1000 -10
451 100 pedestrian 0 0 -10 623.47 173.36 659.30 205.77 -10 -10 -10 -100    0 -1000 -1000 -10
451 103 pedestrian 0 0 -10 695.28 180.70 813.16 274.70 -10 -10 -10 -100    0 -1000 -1000 -10
451 102 pedestrian 0 0 -10 548.18 170.19 585.94 204.25 -10 -10 -10 -100    0 -1000 -1000 -10
452 96 pedestrian 0 0 -10 664.50 147.54 759.38 250.62 -10 -10 -10 -100    0 -1000 -1000 -10
452 87 pedestrian 0 0 -10 498.68 181.42 545.20 232.27 -10 -10 -10 -100    0 -1000 -1000 -10
452 89 pedestrian 0 0 -10 751.86 191.00 965.48 359.24 -10 -10 -10 -100    0 -1000 -1000 -10
452 100 pedestrian 0 0 -10 624.18 175.06 660.29 208.50 -10 -10 -10 -100    0 -1000 -1000 -10
452 103 pedestrian 0 0 -10 699.10 181.91 826.12 283.46 -10 -10 -10 -100    0 -1000 -1000 -10
452 102 pedestrian 0 0 -10 548.27 172.78 585.59 207.02 -10 -10 -10 -100    0 -1000 -1000 -10
453 96 pedestrian 0 0 -10 666.36 145.38 767.15 253.69 -10 -10 -10 -100    0 -1000 -1000 -10
453 87 pedestrian 0 0 -10 495.39 181.00 543.67 233.51 -10 -10 -10 -100    0 -1000 -1000 -10
453 89 pedestrian 0 0 -10 764.26 193.83 1011.97 375.00 -10 -10 -10 -100    0 -1000 -1000 -10
453 100 pedestrian 0 0 -10 623.54 175.87 660.31 209.71 -10 -10 -10 -100    0 -1000 -1000 -10
453 103 pedestrian 0 0 -10 705.48 181.93 843.32 291.89 -10 -10 -10 -100    0 -1000 -1000 -10
453 102 pedestrian 0 0 -10 552.55 174.53 586.78 205.50 -10 -10 -10 -100    0 -1000 -1000 -10
454 96 pedestrian 0 0 -10 669.56 143.51 776.53 256.94 -10 -10 -10 -100    0 -1000 -1000 -10
454 87 pedestrian 0 0 -10 490.86 179.37 542.29 233.80 -10 -10 -10 -100    0 -1000 -1000 -10
454 89 pedestrian 0 0 -10 778.47 195.47 1074.13 375.00 -10 -10 -10 -100    0 -1000 -1000 -10
454 100 pedestrian 0 0 -10 625.04 174.81 660.14 208.53 -10 -10 -10 -100    0 -1000 -1000 -10
454 103 pedestrian 0 0 -10 712.97 181.10 862.08 300.63 -10 -10 -10 -100    0 -1000 -1000 -10
454 102 pedestrian 0 0 -10 553.27 173.70 588.49 203.77 -10 -10 -10 -100    0 -1000 -1000 -10
455 96 pedestrian 0 0 -10 672.91 141.10 785.35 258.65 -10 -10 -10 -100    0 -1000 -1000 -10
455 87 pedestrian 0 0 -10 486.84 177.54 540.74 234.19 -10 -10 -10 -100    0 -1000 -1000 -10
455 89 pedestrian 0 0 -10 797.21 198.60 1156.37 375.00 -10 -10 -10 -100    0 -1000 -1000 -10
455 100 pedestrian 0 0 -10 627.34 174.03 663.28 206.16 -10 -10 -10 -100    0 -1000 -1000 -10
455 103 pedestrian 0 0 -10 719.54 181.90 885.63 310.42 -10 -10 -10 -100    0 -1000 -1000 -10
455 102 pedestrian 0 0 -10 551.93 172.31 588.51 202.88 -10 -10 -10 -100    0 -1000 -1000 -10
455 104 pedestrian 0 0 -10 658.35 180.39 707.49 221.82 -10 -10 -10 -100    0 -1000 -1000 -10
456 96 pedestrian 0 0 -10 674.96 137.42 796.18 263.90 -10 -10 -10 -100    0 -1000 -1000 -10
456 87 pedestrian 0 0 -10 483.09 176.00 538.60 235.34 -10 -10 -10 -100    0 -1000 -1000 -10
456 105 pedestrian 0 0 -10 523.17 180.85 558.03 211.12 -10 -10 -10 -100    0 -1000 -1000 -10
456 89 pedestrian 0 0 -10 819.39 201.22 1241.32 375.00 -10 -10 -10 -100    0 -1000 -1000 -10
456 100 pedestrian 0 0 -10 638.46 175.32 670.34 205.32 -10 -10 -10 -100    0 -1000 -1000 -10
456 103 pedestrian 0 0 -10 729.06 183.65 913.74 326.04 -10 -10 -10 -100    0 -1000 -1000 -10
456 102 pedestrian 0 0 -10 552.62 170.82 588.61 201.27 -10 -10 -10 -100    0 -1000 -1000 -10
456 104 pedestrian 0 0 -10 660.74 178.97 712.04 221.89 -10 -10 -10 -100    0 -1000 -1000 -10
457 96 pedestrian 0 0 -10 680.33 136.79 809.04 270.37 -10 -10 -10 -100    0 -1000 -1000 -10
457 87 pedestrian 0 0 -10 478.10 176.28 536.44 238.10 -10 -10 -10 -100    0 -1000 -1000 -10
457 105 pedestrian 0 0 -10 522.56 180.61 558.12 211.83 -10 -10 -10 -100    0 -1000 -1000 -10
457 89 pedestrian 0 0 -10 844.90 202.42 1241.58 375.00 -10 -10 -10 -100    0 -1000 -1000 -10
457 100 pedestrian 0 0 -10 641.53 175.39 674.24 205.32 -10 -10 -10 -100    0 -1000 -1000 -10
457 103 pedestrian 0 0 -10 740.55 186.48 944.33 343.65 -10 -10 -10 -100    0 -1000 -1000 -10
457 102 pedestrian 0 0 -10 554.89 171.00 588.87 200.39 -10 -10 -10 -100    0 -1000 -1000 -10
457 104 pedestrian 0 0 -10 661.81 177.46 715.43 223.86 -10 -10 -10 -100    0 -1000 -1000 -10
458 96 pedestrian 0 0 -10 683.91 136.43 822.94 276.77 -10 -10 -10 -100    0 -1000 -1000 -10
458 87 pedestrian 0 0 -10 472.46 177.05 533.58 241.08 -10 -10 -10 -100    0 -1000 -1000 -10
458 105 pedestrian 0 0 -10 519.52 178.63 557.61 212.80 -10 -10 -10 -100    0 -1000 -1000 -10
458 89 pedestrian 0 0 -10 880.42 208.91 1241.98 375.00 -10 -10 -10 -100    0 -1000 -1000 -10
458 100 pedestrian 0 0 -10 643.74 176.13 678.04 207.20 -10 -10 -10 -100    0 -1000 -1000 -10
458 103 pedestrian 0 0 -10 752.34 189.20 987.98 366.15 -10 -10 -10 -100    0 -1000 -1000 -10
458 102 pedestrian 0 0 -10 561.76 172.27 590.00 198.88 -10 -10 -10 -100    0 -1000 -1000 -10
458 104 pedestrian 0 0 -10 665.86 179.26 720.66 227.44 -10 -10 -10 -100    0 -1000 -1000 -10
459 96 pedestrian 0 0 -10 688.46 134.51 838.87 286.67 -10 -10 -10 -100    0 -1000 -1000 -10
459 87 pedestrian 0 0 -10 465.97 178.09 531.37 244.52 -10 -10 -10 -100    0 -1000 -1000 -10
459 105 pedestrian 0 0 -10 516.65 180.19 556.27 215.01 -10 -10 -10 -100    0 -1000 -1000 -10
459 89 pedestrian 0 0 -10 927.34 212.63 1242.00 375.00 -10 -10 -10 -100    0 -1000 -1000 -10
459 100 pedestrian 0 0 -10 646.08 177.60 681.24 209.72 -10 -10 -10 -100    0 -1000 -1000 -10
459 103 pedestrian 0 0 -10 765.27 191.44 1038.09 375.00 -10 -10 -10 -100    0 -1000 -1000 -10
459 102 pedestrian 0 0 -10 561.08 173.05 590.56 200.33 -10 -10 -10 -100    0 -1000 -1000 -10
459 104 pedestrian 0 0 -10 668.05 180.28 725.86 230.17 -10 -10 -10 -100    0 -1000 -1000 -10
460 96 pedestrian 0 0 -10 694.72 132.83 853.92 297.58 -10 -10 -10 -100    0 -1000 -1000 -10
460 87 pedestrian 0 0 -10 459.11 178.33 528.81 248.66 -10 -10 -10 -100    0 -1000 -1000 -10
460 105 pedestrian 0 0 -10 513.81 179.54 555.60 216.42 -10 -10 -10 -100    0 -1000 -1000 -10
460 89 pedestrian 0 0 -10 997.78 227.13 1241.99 375.00 -10 -10 -10 -100    0 -1000 -1000 -10
460 100 pedestrian 0 0 -10 646.46 178.26 681.47 210.74 -10 -10 -10 -100    0 -1000 -1000 -10
460 103 pedestrian 0 0 -10 779.65 193.49 1107.15 375.00 -10 -10 -10 -100    0 -1000 -1000 -10
460 102 pedestrian 0 0 -10 564.74 173.66 590.61 199.10 -10 -10 -10 -100    0 -1000 -1000 -10
460 104 pedestrian 0 0 -10 669.76 181.23 727.29 232.95 -10 -10 -10 -100    0 -1000 -1000 -10
461 106 pedestrian 0 0 -10 632.65 176.99 658.17 203.00 -10 -10 -10 -100    0 -1000 -1000 -10
461 96 pedestrian 0 0 -10 699.15 130.36 873.75 307.05 -10 -10 -10 -100    0 -1000 -1000 -10
461 87 pedestrian 0 0 -10 451.51 177.67 525.08 252.05 -10 -10 -10 -100    0 -1000 -1000 -10
461 105 pedestrian 0 0 -10 509.79 178.61 553.76 217.88 -10 -10 -10 -100    0 -1000 -1000 -10
461 100 pedestrian 0 0 -10 646.51 178.63 681.44 211.88 -10 -10 -10 -100    0 -1000 -1000 -10
461 103 pedestrian 0 0 -10 795.79 196.74 1198.76 375.00 -10 -10 -10 -100    0 -1000 -1000 -10
461 102 pedestrian 0 0 -10 565.81 173.88 589.97 199.38 -10 -10 -10 -100    0 -1000 -1000 -10
461 104 pedestrian 0 0 -10 671.52 182.66 731.93 235.08 -10 -10 -10 -100    0 -1000 -1000 -10
462 106 pedestrian 0 0 -10 631.59 175.60 656.43 202.25 -10 -10 -10 -100    0 -1000 -1000 -10
462 96 pedestrian 0 0 -10 704.87 126.01 897.09 318.78 -10 -10 -10 -100    0 -1000 -1000 -10
462 87 pedestrian 0 0 -10 442.22 176.05 520.90 254.98 -10 -10 -10 -100    0 -1000 -1000 -10
462 105 pedestrian 0 0 -10 506.41 177.89 552.07 217.06 -10 -10 -10 -100    0 -1000 -1000 -10
462 100 pedestrian 0 0 -10 646.54 176.84 682.26 211.20 -10 -10 -10 -100    0 -1000 -1000 -10
462 103 pedestrian 0 0 -10 819.64 195.36 1242.00 375.00 -10 -10 -10 -100    0 -1000 -1000 -10
462 102 pedestrian 0 0 -10 566.95 173.19 591.62 198.86 -10 -10 -10 -100    0 -1000 -1000 -10
462 104 pedestrian 0 0 -10 673.11 181.93 734.35 235.95 -10 -10 -10 -100    0 -1000 -1000 -10
463 106 pedestrian 0 0 -10 631.45 174.33 655.69 200.60 -10 -10 -10 -100    0 -1000 -1000 -10
463 96 pedestrian 0 0 -10 710.06 119.97 924.45 334.30 -10 -10 -10 -100    0 -1000 -1000 -10
463 87 pedestrian 0 0 -10 432.24 175.31 517.23 258.17 -10 -10 -10 -100    0 -1000 -1000 -10
463 107 pedestrian 0 0 -10 532.10 171.39 567.14 204.89 -10 -10 -10 -100    0 -1000 -1000 -10
463 105 pedestrian 0 0 -10 503.57 176.80 550.13 216.20 -10 -10 -10 -100    0 -1000 -1000 -10
463 100 pedestrian 0 0 -10 647.81 175.46 684.01 210.37 -10 -10 -10 -100    0 -1000 -1000 -10
463 103 pedestrian 0 0 -10 849.21 194.77 1242.00 375.00 -10 -10 -10 -100    0 -1000 -1000 -10
463 102 pedestrian 0 0 -10 566.83 172.48 592.33 198.41 -10 -10 -10 -100    0 -1000 -1000 -10
463 104 pedestrian 0 0 -10 675.68 180.08 741.46 236.45 -10 -10 -10 -100    0 -1000 -1000 -10
464 96 pedestrian 0 0 -10 716.01 113.58 956.99 347.54 -10 -10 -10 -100    0 -1000 -1000 -10
464 87 pedestrian 0 0 -10 420.99 173.62 512.32 263.35 -10 -10 -10 -100    0 -1000 -1000 -10
464 107 pedestrian 0 0 -10 529.87 169.36 565.20 204.04 -10 -10 -10 -100    0 -1000 -1000 -10
464 105 pedestrian 0 0 -10 498.08 175.44 546.85 216.70 -10 -10 -10 -100    0 -1000 -1000 -10
464 100 pedestrian 0 0 -10 648.24 173.93 688.72 209.56 -10 -10 -10 -100    0 -1000 -1000 -10
464 106 pedestrian 0 0 -10 631.07 172.42 655.37 198.44 -10 -10 -10 -100    0 -1000 -1000 -10
464 103 pedestrian 0 0 -10 883.16 195.34 1241.92 375.00 -10 -10 -10 -100    0 -1000 -1000 -10
464 102 pedestrian 0 0 -10 566.11 170.89 591.02 196.99 -10 -10 -10 -100    0 -1000 -1000 -10
464 104 pedestrian 0 0 -10 677.81 178.78 744.47 237.83 -10 -10 -10 -100    0 -1000 -1000 -10
465 96 pedestrian 0 0 -10 723.72 106.09 998.89 372.01 -10 -10 -10 -100    0 -1000 -1000 -10
465 87 pedestrian 0 0 -10 409.04 173.67 507.39 269.62 -10 -10 -10 -100    0 -1000 -1000 -10
465 107 pedestrian 0 0 -10 527.37 169.37 564.08 205.32 -10 -10 -10 -100    0 -1000 -1000 -10
465 105 pedestrian 0 0 -10 494.74 175.50 544.96 218.06 -10 -10 -10 -100    0 -1000 -1000 -10
465 100 pedestrian 0 0 -10 649.22 174.88 690.02 210.89 -10 -10 -10 -100    0 -1000 -1000 -10
465 106 pedestrian 0 0 -10 631.26 172.86 655.97 198.49 -10 -10 -10 -100    0 -1000 -1000 -10
465 103 pedestrian 0 0 -10 933.10 198.74 1242.00 375.00 -10 -10 -10 -100    0 -1000 -1000 -10
465 102 pedestrian 0 0 -10 565.04 170.92 590.83 197.56 -10 -10 -10 -100    0 -1000 -1000 -10
465 104 pedestrian 0 0 -10 679.67 178.77 751.23 240.91 -10 -10 -10 -100    0 -1000 -1000 -10
466 96 pedestrian 0 0 -10 731.52 98.28 1053.78 375.00 -10 -10 -10 -100    0 -1000 -1000 -10
466 87 pedestrian 0 0 -10 394.53 174.96 501.91 277.10 -10 -10 -10 -100    0 -1000 -1000 -10
466 107 pedestrian 0 0 -10 524.71 169.46 561.59 206.93 -10 -10 -10 -100    0 -1000 -1000 -10
466 105 pedestrian 0 0 -10 490.12 175.07 543.15 220.66 -10 -10 -10 -100    0 -1000 -1000 -10
466 100 pedestrian 0 0 -10 648.46 174.41 689.60 212.19 -10 -10 -10 -100    0 -1000 -1000 -10
466 106 pedestrian 0 0 -10 631.19 173.88 656.09 198.88 -10 -10 -10 -100    0 -1000 -1000 -10
466 103 pedestrian 0 0 -10 1004.32 207.95 1242.00 375.00 -10 -10 -10 -100    0 -1000 -1000 -10
466 102 pedestrian 0 0 -10 561.93 171.33 588.24 198.31 -10 -10 -10 -100    0 -1000 -1000 -10
466 104 pedestrian 0 0 -10 680.68 179.02 757.69 245.06 -10 -10 -10 -100    0 -1000 -1000 -10
467 96 pedestrian 0 0 -10 741.16 86.96 1125.58 375.00 -10 -10 -10 -100    0 -1000 -1000 -10
467 87 pedestrian 0 0 -10 377.35 175.98 495.67 284.24 -10 -10 -10 -100    0 -1000 -1000 -10
467 107 pedestrian 0 0 -10 522.90 169.94 560.63 208.18 -10 -10 -10 -100    0 -1000 -1000 -10
467 105 pedestrian 0 0 -10 485.07 175.83 540.09 222.83 -10 -10 -10 -100    0 -1000 -1000 -10
467 100 pedestrian 0 0 -10 648.99 174.80 693.53 213.95 -10 -10 -10 -100    0 -1000 -1000 -10
467 106 pedestrian 0 0 -10 630.31 174.35 655.44 199.85 -10 -10 -10 -100    0 -1000 -1000 -10
467 102 pedestrian 0 0 -10 561.13 171.86 587.27 198.59 -10 -10 -10 -100    0 -1000 -1000 -10
467 104 pedestrian 0 0 -10 684.23 180.53 764.97 248.81 -10 -10 -10 -100    0 -1000 -1000 -10
468 96 pedestrian 0 0 -10 753.68 64.64 1224.64 375.00 -10 -10 -10 -100    0 -1000 -1000 -10
468 87 pedestrian 0 0 -10 357.80 175.53 488.84 293.12 -10 -10 -10 -100    0 -1000 -1000 -10
468 107 pedestrian 0 0 -10 519.61 169.87 559.13 209.60 -10 -10 -10 -100    0 -1000 -1000 -10
468 105 pedestrian 0 0 -10 478.86 175.18 537.44 224.47 -10 -10 -10 -100    0 -1000 -1000 -10
468 100 pedestrian 0 0 -10 651.60 175.11 696.13 214.57 -10 -10 -10 -100    0 -1000 -1000 -10
468 106 pedestrian 0 0 -10 630.75 173.68 657.63 200.88 -10 -10 -10 -100    0 -1000 -1000 -10
468 102 pedestrian 0 0 -10 555.21 171.64 584.89 200.23 -10 -10 -10 -100    0 -1000 -1000 -10
468 104 pedestrian 0 0 -10 687.10 179.59 774.95 252.65 -10 -10 -10 -100    0 -1000 -1000 -10
469 96 pedestrian 0 0 -10 767.36 34.46 1242.00 375.00 -10 -10 -10 -100    0 -1000 -1000 -10
469 87 pedestrian 0 0 -10 334.40 175.22 479.93 302.29 -10 -10 -10 -100    0 -1000 -1000 -10
469 107 pedestrian 0 0 -10 515.13 168.80 556.44 209.78 -10 -10 -10 -100    0 -1000 -1000 -10
469 105 pedestrian 0 0 -10 472.93 175.15 535.03 225.16 -10 -10 -10 -100    0 -1000 -1000 -10
469 100 pedestrian 0 0 -10 651.60 175.75 697.74 214.68 -10 -10 -10 -100    0 -1000 -1000 -10
469 106 pedestrian 0 0 -10 630.75 172.71 657.34 199.82 -10 -10 -10 -100    0 -1000 -1000 -10
469 102 pedestrian 0 0 -10 552.80 170.81 582.92 198.81 -10 -10 -10 -100    0 -1000 -1000 -10
469 104 pedestrian 0 0 -10 690.40 179.97 784.19 256.88 -10 -10 -10 -100    0 -1000 -1000 -10
470 96 pedestrian 0 0 -10 782.67 0.00 1242.00 375.00 -10 -10 -10 -100    0 -1000 -1000 -10
470 87 pedestrian 0 0 -10 304.83 175.27 470.73 314.94 -10 -10 -10 -100    0 -1000 -1000 -10
470 107 pedestrian 0 0 -10 511.47 167.21 554.60 211.06 -10 -10 -10 -100    0 -1000 -1000 -10
470 105 pedestrian 0 0 -10 466.42 173.43 531.77 227.14 -10 -10 -10 -100    0 -1000 -1000 -10
470 100 pedestrian 0 0 -10 652.59 174.07 699.94 215.13 -10 -10 -10 -100    0 -1000 -1000 -10
470 106 pedestrian 0 0 -10 630.21 172.03 657.24 199.09 -10 -10 -10 -100    0 -1000 -1000 -10
470 102 pedestrian 0 0 -10 552.45 170.69 582.49 198.27 -10 -10 -10 -100    0 -1000 -1000 -10
470 104 pedestrian 0 0 -10 693.66 180.39 796.60 262.24 -10 -10 -10 -100    0 -1000 -1000 -10
471 96 pedestrian 0 0 -10 802.34 0.00 1242.00 375.00 -10 -10 -10 -100    0 -1000 -1000 -10
471 87 pedestrian 0 0 -10 270.37 175.83 458.65 333.44 -10 -10 -10 -100    0 -1000 -1000 -10
471 107 pedestrian 0 0 -10 506.87 167.09 551.01 211.80 -10 -10 -10 -100    0 -1000 -1000 -10
471 105 pedestrian 0 0 -10 459.44 174.33 528.10 229.46 -10 -10 -10 -100    0 -1000 -1000 -10
471 100 pedestrian 0 0 -10 653.58 174.75 703.15 217.19 -10 -10 -10 -100    0 -1000 -1000 -10
471 106 pedestrian 0 0 -10 630.82 172.47 658.93 201.12 -10 -10 -10 -100    0 -1000 -1000 -10
471 102 pedestrian 0 0 -10 548.96 170.44 580.95 198.86 -10 -10 -10 -100    0 -1000 -1000 -10
471 104 pedestrian 0 0 -10 697.29 183.17 808.68 269.83 -10 -10 -10 -100    0 -1000 -1000 -10
472 107 pedestrian 0 0 -10 501.96 168.67 548.17 214.38 -10 -10 -10 -100    0 -1000 -1000 -10
472 87 pedestrian 0 0 -10 228.68 178.18 446.01 359.18 -10 -10 -10 -100    0 -1000 -1000 -10
472 105 pedestrian 0 0 -10 452.33 176.91 523.74 233.36 -10 -10 -10 -100    0 -1000 -1000 -10
472 100 pedestrian 0 0 -10 652.92 173.91 704.86 219.49 -10 -10 -10 -100    0 -1000 -1000 -10
472 106 pedestrian 0 0 -10 630.18 173.47 655.42 198.81 -10 -10 -10 -100    0 -1000 -1000 -10
472 102 pedestrian 0 0 -10 550.97 171.68 580.32 198.69 -10 -10 -10 -100    0 -1000 -1000 -10
472 104 pedestrian 0 0 -10 702.16 184.64 821.30 277.29 -10 -10 -10 -100    0 -1000 -1000 -10
472 96 pedestrian 0 0 -10 833.96 0.00 1242.00 375.00 -10 -10 -10 -100    0 -1000 -1000 -10
473 107 pedestrian 0 0 -10 498.16 169.49 546.72 217.00 -10 -10 -10 -100    0 -1000 -1000 -10
473 87 pedestrian 0 0 -10 174.54 179.94 430.11 375.00 -10 -10 -10 -100    0 -1000 -1000 -10
473 105 pedestrian 0 0 -10 445.37 180.50 520.74 238.44 -10 -10 -10 -100    0 -1000 -1000 -10
473 100 pedestrian 0 0 -10 653.01 175.22 706.30 221.96 -10 -10 -10 -100    0 -1000 -1000 -10
473 106 pedestrian 0 0 -10 629.75 174.34 653.27 199.08 -10 -10 -10 -100    0 -1000 -1000 -10
473 102 pedestrian 0 0 -10 548.74 172.97 576.40 199.12 -10 -10 -10 -100    0 -1000 -1000 -10
473 104 pedestrian 0 0 -10 707.98 186.85 834.79 285.86 -10 -10 -10 -100    0 -1000 -1000 -10
473 96 pedestrian 0 0 -10 866.84 0.00 1242.00 375.00 -10 -10 -10 -100    0 -1000 -1000 -10
474 107 pedestrian 0 0 -10 493.33 171.01 544.05 219.64 -10 -10 -10 -100    0 -1000 -1000 -10
474 87 pedestrian 0 0 -10 100.41 182.74 412.70 375.00 -10 -10 -10 -100    0 -1000 -1000 -10
474 105 pedestrian 0 0 -10 436.11 181.09 515.93 243.62 -10 -10 -10 -100    0 -1000 -1000 -10
474 100 pedestrian 0 0 -10 652.84 176.59 707.32 225.27 -10 -10 -10 -100    0 -1000 -1000 -10
474 106 pedestrian 0 0 -10 629.30 175.36 653.84 200.90 -10 -10 -10 -100    0 -1000 -1000 -10
474 102 pedestrian 0 0 -10 547.55 174.89 574.73 200.23 -10 -10 -10 -100    0 -1000 -1000 -10
474 104 pedestrian 0 0 -10 713.17 188.55 851.87 296.45 -10 -10 -10 -100    0 -1000 -1000 -10
474 96 pedestrian 0 0 -10 913.69 0.00 1242.00 375.00 -10 -10 -10 -100    0 -1000 -1000 -10
475 107 pedestrian 0 0 -10 489.01 171.53 541.01 222.38 -10 -10 -10 -100    0 -1000 -1000 -10
475 87 pedestrian 0 0 -10 2.41 182.93 391.75 375.00 -10 -10 -10 -100    0 -1000 -1000 -10
475 105 pedestrian 0 0 -10 426.29 182.52 511.99 248.67 -10 -10 -10 -100    0 -1000 -1000 -10
475 100 pedestrian 0 0 -10 652.61 178.24 710.08 228.79 -10 -10 -10 -100    0 -1000 -1000 -10
475 106 pedestrian 0 0 -10 628.68 177.11 655.30 204.41 -10 -10 -10 -100    0 -1000 -1000 -10
475 102 pedestrian 0 0 -10 544.84 175.99 572.18 203.05 -10 -10 -10 -100    0 -1000 -1000 -10
475 104 pedestrian 0 0 -10 717.49 189.70 873.14 307.89 -10 -10 -10 -100    0 -1000 -1000 -10
475 96 pedestrian 0 0 -10 982.12 0.00 1242.00 375.00 -10 -10 -10 -100    0 -1000 -1000 -10
476 108 pedestrian 0 0 -10 518.22 173.59 559.14 211.84 -10 -10 -10 -100    0 -1000 -1000 -10
476 107 pedestrian 0 0 -10 485.26 172.39 538.24 224.56 -10 -10 -10 -100    0 -1000 -1000 -10
476 87 pedestrian 0 0 -10 0.70 183.94 364.22 375.00 -10 -10 -10 -100    0 -1000 -1000 -10
476 105 pedestrian 0 0 -10 415.59 183.83 506.25 253.72 -10 -10 -10 -100    0 -1000 -1000 -10
476 100 pedestrian 0 0 -10 652.75 180.36 712.77 232.32 -10 -10 -10 -100    0 -1000 -1000 -10
476 106 pedestrian 0 0 -10 628.31 178.78 656.95 207.90 -10 -10 -10 -100    0 -1000 -1000 -10
476 102 pedestrian 0 0 -10 544.95 176.72 571.74 204.07 -10 -10 -10 -100    0 -1000 -1000 -10
476 104 pedestrian 0 0 -10 724.26 191.30 896.90 319.78 -10 -10 -10 -100    0 -1000 -1000 -10
476 96 pedestrian 0 0 -10 1088.46 0.00 1242.00 375.00 -10 -10 -10 -100    0 -1000 -1000 -10
477 108 pedestrian 0 0 -10 516.06 174.70 557.30 212.35 -10 -10 -10 -100    0 -1000 -1000 -10
477 107 pedestrian 0 0 -10 480.28 172.66 535.49 227.25 -10 -10 -10 -100    0 -1000 -1000 -10
477 87 pedestrian 0 0 -10 0.00 187.46 328.33 375.00 -10 -10 -10 -100    0 -1000 -1000 -10
477 105 pedestrian 0 0 -10 403.93 184.65 502.14 258.66 -10 -10 -10 -100    0 -1000 -1000 -10
477 100 pedestrian 0 0 -10 654.21 180.44 715.83 234.79 -10 -10 -10 -100    0 -1000 -1000 -10
477 106 pedestrian 0 0 -10 628.81 179.65 659.82 210.34 -10 -10 -10 -100    0 -1000 -1000 -10
477 102 pedestrian 0 0 -10 544.12 176.94 570.66 204.46 -10 -10 -10 -100    0 -1000 -1000 -10
477 104 pedestrian 0 0 -10 731.39 192.19 924.72 333.92 -10 -10 -10 -100    0 -1000 -1000 -10
478 108 pedestrian 0 0 -10 512.16 174.11 553.31 213.65 -10 -10 -10 -100    0 -1000 -1000 -10
478 107 pedestrian 0 0 -10 474.47 171.93 532.22 229.34 -10 -10 -10 -100    0 -1000 -1000 -10
478 87 pedestrian 0 0 -10 0.35 190.65 282.32 375.00 -10 -10 -10 -100    0 -1000 -1000 -10
478 105 pedestrian 0 0 -10 390.83 184.69 495.97 265.32 -10 -10 -10 -100    0 -1000 -1000 -10
478 100 pedestrian 0 0 -10 656.66 180.30 721.05 236.61 -10 -10 -10 -100    0 -1000 -1000 -10
478 106 pedestrian 0 0 -10 630.33 178.82 667.31 212.62 -10 -10 -10 -100    0 -1000 -1000 -10
478 102 pedestrian 0 0 -10 538.54 175.73 569.66 205.25 -10 -10 -10 -100    0 -1000 -1000 -10
478 104 pedestrian 0 0 -10 740.60 192.76 959.74 351.86 -10 -10 -10 -100    0 -1000 -1000 -10
479 108 pedestrian 0 0 -10 509.62 173.91 552.34 214.77 -10 -10 -10 -100    0 -1000 -1000 -10
479 107 pedestrian 0 0 -10 469.45 172.07 529.84 231.46 -10 -10 -10 -100    0 -1000 -1000 -10
479 87 pedestrian 0 0 -10 0.00 191.29 217.46 375.00 -10 -10 -10 -100    0 -1000 -1000 -10
479 105 pedestrian 0 0 -10 376.14 185.46 489.88 271.87 -10 -10 -10 -100    0 -1000 -1000 -10
479 100 pedestrian 0 0 -10 659.08 180.18 726.56 238.78 -10 -10 -10 -100    0 -1000 -1000 -10
479 106 pedestrian 0 0 -10 626.28 178.87 665.61 213.58 -10 -10 -10 -100    0 -1000 -1000 -10
479 102 pedestrian 0 0 -10 536.01 175.26 567.77 204.50 -10 -10 -10 -100    0 -1000 -1000 -10
479 104 pedestrian 0 0 -10 750.15 193.74 1003.08 375.00 -10 -10 -10 -100    0 -1000 -1000 -10
480 108 pedestrian 0 0 -10 506.80 173.61 551.95 216.36 -10 -10 -10 -100    0 -1000 -1000 -10
480 107 pedestrian 0 0 -10 462.40 172.32 525.80 233.81 -10 -10 -10 -100    0 -1000 -1000 -10
480 87 pedestrian 0 0 -10 0.00 195.45 124.10 375.00 -10 -10 -10 -100    0 -1000 -1000 -10
480 105 pedestrian 0 0 -10 359.32 187.21 484.53 279.53 -10 -10 -10 -100    0 -1000 -1000 -10
480 100 pedestrian 0 0 -10 661.35 180.50 732.95 241.09 -10 -10 -10 -100    0 -1000 -1000 -10
480 106 pedestrian 0 0 -10 632.05 180.14 676.43 221.15 -10 -10 -10 -100    0 -1000 -1000 -10
480 102 pedestrian 0 0 -10 532.97 175.37 565.77 206.45 -10 -10 -10 -100    0 -1000 -1000 -10
480 104 pedestrian 0 0 -10 764.10 195.35 1062.68 375.00 -10 -10 -10 -100    0 -1000 -1000 -10
481 108 pedestrian 0 0 -10 504.09 173.89 550.77 217.63 -10 -10 -10 -100    0 -1000 -1000 -10
481 107 pedestrian 0 0 -10 455.77 172.09 522.89 236.62 -10 -10 -10 -100    0 -1000 -1000 -10
481 105 pedestrian 0 0 -10 339.94 188.13 478.51 288.06 -10 -10 -10 -100    0 -1000 -1000 -10
481 100 pedestrian 0 0 -10 662.99 180.67 739.69 244.39 -10 -10 -10 -100    0 -1000 -1000 -10
481 106 pedestrian 0 0 -10 632.29 179.31 679.45 221.08 -10 -10 -10 -100    0 -1000 -1000 -10
481 104 pedestrian 0 0 -10 780.21 197.14 1138.80 375.00 -10 -10 -10 -100    0 -1000 -1000 -10
482 108 pedestrian 0 0 -10 500.97 173.53 549.68 218.89 -10 -10 -10 -100    0 -1000 -1000 -10
482 107 pedestrian 0 0 -10 449.47 171.75 519.68 239.75 -10 -10 -10 -100    0 -1000 -1000 -10
482 105 pedestrian 0 0 -10 316.33 190.14 470.65 297.98 -10 -10 -10 -100    0 -1000 -1000 -10
482 100 pedestrian 0 0 -10 665.28 181.35 744.94 246.96 -10 -10 -10 -100    0 -1000 -1000 -10
482 106 pedestrian 0 0 -10 631.43 179.48 675.81 218.95 -10 -10 -10 -100    0 -1000 -1000 -10
482 104 pedestrian 0 0 -10 796.04 199.32 1242.00 375.00 -10 -10 -10 -100    0 -1000 -1000 -10
483 109 pedestrian 0 0 -10 568.35 173.11 613.03 200.71 -10 -10 -10 -100    0 -1000 -1000 -10
483 108 pedestrian 0 0 -10 497.31 173.34 546.97 220.42 -10 -10 -10 -100    0 -1000 -1000 -10
483 107 pedestrian 0 0 -10 442.48 172.21 516.62 243.75 -10 -10 -10 -100    0 -1000 -1000 -10
483 105 pedestrian 0 0 -10 289.51 191.53 462.48 309.66 -10 -10 -10 -100    0 -1000 -1000 -10
483 100 pedestrian 0 0 -10 666.50 181.61 751.84 250.97 -10 -10 -10 -100    0 -1000 -1000 -10
483 106 pedestrian 0 0 -10 629.65 179.56 671.01 215.68 -10 -10 -10 -100    0 -1000 -1000 -10
483 104 pedestrian 0 0 -10 822.09 201.23 1242.00 375.00 -10 -10 -10 -100    0 -1000 -1000 -10
484 109 pedestrian 0 0 -10 562.37 173.84 598.59 199.51 -10 -10 -10 -100    0 -1000 -1000 -10
484 108 pedestrian 0 0 -10 492.29 174.20 545.12 222.87 -10 -10 -10 -100    0 -1000 -1000 -10
484 107 pedestrian 0 0 -10 434.01 172.67 511.98 247.97 -10 -10 -10 -100    0 -1000 -1000 -10
484 105 pedestrian 0 0 -10 257.29 194.38 453.14 324.09 -10 -10 -10 -100    0 -1000 -1000 -10
484 100 pedestrian 0 0 -10 666.35 181.64 756.20 256.09 -10 -10 -10 -100    0 -1000 -1000 -10
484 106 pedestrian 0 0 -10 629.41 178.80 670.15 214.83 -10 -10 -10 -100    0 -1000 -1000 -10
484 102 pedestrian 0 0 -10 525.89 176.99 560.91 210.18 -10 -10 -10 -100    0 -1000 -1000 -10
484 104 pedestrian 0 0 -10 855.21 203.33 1242.00 375.00 -10 -10 -10 -100    0 -1000 -1000 -10
485 109 pedestrian 0 0 -10 553.06 173.87 586.25 198.01 -10 -10 -10 -100    0 -1000 -1000 -10
485 108 pedestrian 0 0 -10 488.51 174.30 544.09 223.98 -10 -10 -10 -100    0 -1000 -1000 -10
485 107 pedestrian 0 0 -10 425.71 173.08 509.15 252.02 -10 -10 -10 -100    0 -1000 -1000 -10
485 105 pedestrian 0 0 -10 219.30 194.97 443.76 342.17 -10 -10 -10 -100    0 -1000 -1000 -10
485 100 pedestrian 0 0 -10 667.17 181.52 761.22 259.09 -10 -10 -10 -100    0 -1000 -1000 -10
485 106 pedestrian 0 0 -10 628.44 176.97 666.69 211.52 -10 -10 -10 -100    0 -1000 -1000 -10
485 102 pedestrian 0 0 -10 523.66 176.82 560.26 210.38 -10 -10 -10 -100    0 -1000 -1000 -10
485 104 pedestrian 0 0 -10 893.04 207.16 1241.10 375.00 -10 -10 -10 -100    0 -1000 -1000 -10
486 110 pedestrian 0 0 -10 654.52 183.03 710.94 228.88 -10 -10 -10 -100    0 -1000 -1000 -10
486 109 pedestrian 0 0 -10 546.15 175.01 574.73 198.37 -10 -10 -10 -100    0 -1000 -1000 -10
486 108 pedestrian 0 0 -10 483.99 173.56 541.31 224.75 -10 -10 -10 -100    0 -1000 -1000 -10
486 107 pedestrian 0 0 -10 415.22 172.53 504.66 255.27 -10 -10 -10 -100    0 -1000 -1000 -10
486 105 pedestrian 0 0 -10 171.29 196.26 432.06 363.12 -10 -10 -10 -100    0 -1000 -1000 -10
486 100 pedestrian 0 0 -10 669.99 180.64 769.43 262.32 -10 -10 -10 -100    0 -1000 -1000 -10
486 106 pedestrian 0 0 -10 640.15 180.51 676.45 214.71 -10 -10 -10 -100    0 -1000 -1000 -10
486 102 pedestrian 0 0 -10 521.53 176.03 558.88 210.18 -10 -10 -10 -100    0 -1000 -1000 -10
486 104 pedestrian 0 0 -10 950.27 217.00 1241.84 375.00 -10 -10 -10 -100    0 -1000 -1000 -10
487 110 pedestrian 0 0 -10 655.76 182.48 713.62 230.53 -10 -10 -10 -100    0 -1000 -1000 -10
487 108 pedestrian 0 0 -10 479.75 173.91 540.18 227.09 -10 -10 -10 -100    0 -1000 -1000 -10
487 107 pedestrian 0 0 -10 402.03 172.91 499.97 260.44 -10 -10 -10 -100    0 -1000 -1000 -10
487 105 pedestrian 0 0 -10 106.61 199.17 417.30 375.00 -10 -10 -10 -100    0 -1000 -1000 -10
487 100 pedestrian 0 0 -10 673.19 180.00 780.12 267.47 -10 -10 -10 -100    0 -1000 -1000 -10
487 106 pedestrian 0 0 -10 641.30 180.00 678.42 214.46 -10 -10 -10 -100    0 -1000 -1000 -10
487 102 pedestrian 0 0 -10 520.80 176.05 557.72 211.35 -10 -10 -10 -100    0 -1000 -1000 -10
487 104 pedestrian 0 0 -10 1043.68 234.25 1242.00 375.00 -10 -10 -10 -100    0 -1000 -1000 -10
488 110 pedestrian 0 0 -10 657.54 183.37 718.91 234.08 -10 -10 -10 -100    0 -1000 -1000 -10
488 108 pedestrian 0 0 -10 474.52 174.21 537.27 229.07 -10 -10 -10 -100    0 -1000 -1000 -10
488 107 pedestrian 0 0 -10 388.16 173.66 493.60 267.53 -10 -10 -10 -100    0 -1000 -1000 -10
488 105 pedestrian 0 0 -10 18.72 201.22 398.23 375.00 -10 -10 -10 -100    0 -1000 -1000 -10
488 100 pedestrian 0 0 -10 676.53 180.00 791.51 272.96 -10 -10 -10 -100    0 -1000 -1000 -10
488 106 pedestrian 0 0 -10 641.63 180.39 679.10 216.40 -10 -10 -10 -100    0 -1000 -1000 -10
488 102 pedestrian 0 0 -10 518.20 176.58 555.33 211.96 -10 -10 -10 -100    0 -1000 -1000 -10
489 110 pedestrian 0 0 -10 659.07 184.29 723.46 236.61 -10 -10 -10 -100    0 -1000 -1000 -10
489 108 pedestrian 0 0 -10 468.65 174.46 533.97 231.96 -10 -10 -10 -100    0 -1000 -1000 -10
489 107 pedestrian 0 0 -10 372.96 174.46 486.77 273.85 -10 -10 -10 -100    0 -1000 -1000 -10
489 105 pedestrian 0 0 -10 0.00 202.41 377.85 375.00 -10 -10 -10 -100    0 -1000 -1000 -10
489 100 pedestrian 0 0 -10 679.68 181.24 803.45 280.01 -10 -10 -10 -100    0 -1000 -1000 -10
489 106 pedestrian 0 0 -10 641.70 181.14 680.70 217.91 -10 -10 -10 -100    0 -1000 -1000 -10
489 102 pedestrian 0 0 -10 514.46 177.37 554.09 213.11 -10 -10 -10 -100    0 -1000 -1000 -10
490 110 pedestrian 0 0 -10 661.18 184.66 728.26 239.46 -10 -10 -10 -100    0 -1000 -1000 -10
490 108 pedestrian 0 0 -10 461.99 174.81 532.01 234.82 -10 -10 -10 -100    0 -1000 -1000 -10
490 107 pedestrian 0 0 -10 355.38 175.19 481.73 282.50 -10 -10 -10 -100    0 -1000 -1000 -10
490 105 pedestrian 0 0 -10 0.00 205.55 353.22 375.00 -10 -10 -10 -100    0 -1000 -1000 -10
490 100 pedestrian 0 0 -10 684.18 182.71 819.02 288.42 -10 -10 -10 -100    0 -1000 -1000 -10
490 106 pedestrian 0 0 -10 642.68 181.55 683.30 219.24 -10 -10 -10 -100    0 -1000 -1000 -10
490 102 pedestrian 0 0 -10 512.83 177.70 553.23 214.46 -10 -10 -10 -100    0 -1000 -1000 -10
491 110 pedestrian 0 0 -10 663.88 185.79 732.74 242.25 -10 -10 -10 -100    0 -1000 -1000 -10
491 108 pedestrian 0 0 -10 456.58 174.87 529.41 237.18 -10 -10 -10 -100    0 -1000 -1000 -10
491 107 pedestrian 0 0 -10 335.41 175.97 475.29 291.63 -10 -10 -10 -100    0 -1000 -1000 -10
491 105 pedestrian 0 0 -10 0.00 211.68 323.97 375.00 -10 -10 -10 -100    0 -1000 -1000 -10
491 100 pedestrian 0 0 -10 688.72 183.28 835.61 296.78 -10 -10 -10 -100    0 -1000 -1000 -10
491 106 pedestrian 0 0 -10 643.83 181.01 686.27 220.95 -10 -10 -10 -100    0 -1000 -1000 -10
491 102 pedestrian 0 0 -10 509.97 177.71 551.56 215.75 -10 -10 -10 -100    0 -1000 -1000 -10
492 110 pedestrian 0 0 -10 665.68 185.95 739.27 245.94 -10 -10 -10 -100    0 -1000 -1000 -10
492 108 pedestrian 0 0 -10 449.63 174.79 526.36 239.84 -10 -10 -10 -100    0 -1000 -1000 -10
492 107 pedestrian 0 0 -10 311.04 176.87 467.21 302.19 -10 -10 -10 -100    0 -1000 -1000 -10
492 105 pedestrian 0 0 -10 0.00 216.36 284.06 375.00 -10 -10 -10 -100    0 -1000 -1000 -10
492 111 pedestrian 0 0 -10 627.49 177.74 664.76 210.08 -10 -10 -10 -100    0 -1000 -1000 -10
492 100 pedestrian 0 0 -10 693.99 184.03 854.37 308.19 -10 -10 -10 -100    0 -1000 -1000 -10
492 106 pedestrian 0 0 -10 644.93 181.25 688.51 221.68 -10 -10 -10 -100    0 -1000 -1000 -10
492 102 pedestrian 0 0 -10 506.58 177.67 550.52 216.73 -10 -10 -10 -100    0 -1000 -1000 -10
493 110 pedestrian 0 0 -10 667.49 186.21 744.04 249.36 -10 -10 -10 -100    0 -1000 -1000 -10
493 108 pedestrian 0 0 -10 442.20 174.92 523.18 243.05 -10 -10 -10 -100    0 -1000 -1000 -10
493 107 pedestrian 0 0 -10 282.65 177.38 457.53 314.18 -10 -10 -10 -100    0 -1000 -1000 -10
493 105 pedestrian 0 0 -10 0.00 223.06 234.76 375.00 -10 -10 -10 -100    0 -1000 -1000 -10
493 111 pedestrian 0 0 -10 628.57 177.27 666.07 212.37 -10 -10 -10 -100    0 -1000 -1000 -10
493 100 pedestrian 0 0 -10 698.45 184.63 877.38 320.27 -10 -10 -10 -100    0 -1000 -1000 -10
493 106 pedestrian 0 0 -10 646.33 181.88 691.08 222.91 -10 -10 -10 -100    0 -1000 -1000 -10
493 102 pedestrian 0 0 -10 504.33 177.77 548.83 217.79 -10 -10 -10 -100    0 -1000 -1000 -10
494 110 pedestrian 0 0 -10 670.60 187.24 752.22 252.78 -10 -10 -10 -100    0 -1000 -1000 -10
494 108 pedestrian 0 0 -10 431.95 175.41 520.24 247.20 -10 -10 -10 -100    0 -1000 -1000 -10
494 107 pedestrian 0 0 -10 249.01 177.78 447.54 330.64 -10 -10 -10 -100    0 -1000 -1000 -10
494 105 pedestrian 0 0 -10 0.00 232.07 149.87 375.00 -10 -10 -10 -100    0 -1000 -1000 -10
494 111 pedestrian 0 0 -10 629.53 177.65 667.65 214.05 -10 -10 -10 -100    0 -1000 -1000 -10
494 100 pedestrian 0 0 -10 705.79 185.33 904.53 334.58 -10 -10 -10 -100    0 -1000 -1000 -10
494 106 pedestrian 0 0 -10 647.58 181.99 694.56 224.78 -10 -10 -10 -100    0 -1000 -1000 -10
494 102 pedestrian 0 0 -10 500.23 178.28 546.37 219.31 -10 -10 -10 -100    0 -1000 -1000 -10
495 110 pedestrian 0 0 -10 672.83 187.04 756.96 256.25 -10 -10 -10 -100    0 -1000 -1000 -10
495 108 pedestrian 0 0 -10 423.33 176.24 515.39 251.14 -10 -10 -10 -100    0 -1000 -1000 -10
495 107 pedestrian 0 0 -10 210.32 179.61 434.63 349.31 -10 -10 -10 -100    0 -1000 -1000 -10
495 111 pedestrian 0 0 -10 630.99 177.97 668.66 215.63 -10 -10 -10 -100    0 -1000 -1000 -10
495 100 pedestrian 0 0 -10 712.28 185.71 935.89 353.13 -10 -10 -10 -100    0 -1000 -1000 -10
495 106 pedestrian 0 0 -10 649.04 182.05 697.47 227.13 -10 -10 -10 -100    0 -1000 -1000 -10
495 102 pedestrian 0 0 -10 498.23 179.28 544.57 221.03 -10 -10 -10 -100    0 -1000 -1000 -10
496 110 pedestrian 0 0 -10 675.14 186.81 767.07 260.01 -10 -10 -10 -100    0 -1000 -1000 -10
496 108 pedestrian 0 0 -10 412.47 176.36 513.08 256.07 -10 -10 -10 -100    0 -1000 -1000 -10
496 107 pedestrian 0 0 -10 159.55 181.45 422.24 374.72 -10 -10 -10 -100    0 -1000 -1000 -10
496 111 pedestrian 0 0 -10 632.35 178.13 670.31 216.98 -10 -10 -10 -100    0 -1000 -1000 -10
496 100 pedestrian 0 0 -10 720.29 186.78 976.40 372.75 -10 -10 -10 -100    0 -1000 -1000 -10
496 106 pedestrian 0 0 -10 650.64 181.79 701.03 228.09 -10 -10 -10 -100    0 -1000 -1000 -10
496 102 pedestrian 0 0 -10 494.32 178.86 543.09 223.08 -10 -10 -10 -100    0 -1000 -1000 -10
497 108 pedestrian 0 0 -10 401.53 176.49 509.22 260.26 -10 -10 -10 -100    0 -1000 -1000 -10
497 107 pedestrian 0 0 -10 94.79 182.35 405.09 375.00 -10 -10 -10 -100    0 -1000 -1000 -10
497 111 pedestrian 0 0 -10 632.51 178.14 671.19 218.79 -10 -10 -10 -100    0 -1000 -1000 -10
497 100 pedestrian 0 0 -10 730.40 187.53 1030.38 375.00 -10 -10 -10 -100    0 -1000 -1000 -10
497 106 pedestrian 0 0 -10 651.93 181.40 704.59 230.14 -10 -10 -10 -100    0 -1000 -1000 -10
497 110 pedestrian 0 0 -10 678.25 187.02 774.22 263.61 -10 -10 -10 -100    0 -1000 -1000 -10
497 102 pedestrian 0 0 -10 489.06 178.45 541.28 224.66 -10 -10 -10 -100    0 -1000 -1000 -10
498 108 pedestrian 0 0 -10 390.11 176.60 504.56 265.70 -10 -10 -10 -100    0 -1000 -1000 -10
498 107 pedestrian 0 0 -10 15.18 183.88 385.33 375.00 -10 -10 -10 -100    0 -1000 -1000 -10
498 111 pedestrian 0 0 -10 633.67 177.45 672.50 218.80 -10 -10 -10 -100    0 -1000 -1000 -10
498 100 pedestrian 0 0 -10 740.48 188.14 1098.74 375.00 -10 -10 -10 -100    0 -1000 -1000 -10
498 106 pedestrian 0 0 -10 653.44 181.06 707.58 231.04 -10 -10 -10 -100    0 -1000 -1000 -10
498 110 pedestrian 0 0 -10 680.39 186.00 781.82 266.80 -10 -10 -10 -100    0 -1000 -1000 -10
498 102 pedestrian 0 0 -10 486.07 178.38 539.10 226.82 -10 -10 -10 -100    0 -1000 -1000 -10
499 108 pedestrian 0 0 -10 376.10 178.44 498.74 273.13 -10 -10 -10 -100    0 -1000 -1000 -10
499 107 pedestrian 0 0 -10 0.92 185.29 361.88 375.00 -10 -10 -10 -100    0 -1000 -1000 -10
499 111 pedestrian 0 0 -10 633.96 178.10 674.59 220.37 -10 -10 -10 -100    0 -1000 -1000 -10
499 100 pedestrian 0 0 -10 756.24 189.23 1196.79 375.00 -10 -10 -10 -100    0 -1000 -1000 -10
499 106 pedestrian 0 0 -10 655.58 181.20 712.43 232.92 -10 -10 -10 -100    0 -1000 -1000 -10
499 110 pedestrian 0 0 -10 683.61 187.07 790.68 272.79 -10 -10 -10 -100    0 -1000 -1000 -10
499 102 pedestrian 0 0 -10 480.02 178.73 537.82 228.47 -10 -10 -10 -100    0 -1000 -1000 -10
500 108 pedestrian 0 0 -10 361.67 179.65 493.76 280.91 -10 -10 -10 -100    0 -1000 -1000 -10
500 107 pedestrian 0 0 -10 0.00 187.98 332.05 375.00 -10 -10 -10 -100    0 -1000 -1000 -10
500 111 pedestrian 0 0 -10 636.52 180.13 680.89 223.17 -10 -10 -10 -100    0 -1000 -1000 -10
500 100 pedestrian 0 0 -10 773.48 193.04 1240.43 375.00 -10 -10 -10 -100    0 -1000 -1000 -10
500 106 pedestrian 0 0 -10 657.25 183.32 715.69 235.17 -10 -10 -10 -100    0 -1000 -1000 -10
500 110 pedestrian 0 0 -10 687.73 190.92 803.80 282.90 -10 -10 -10 -100    0 -1000 -1000 -10
500 102 pedestrian 0 0 -10 476.63 179.07 534.95 230.41 -10 -10 -10 -100    0 -1000 -1000 -10
501 108 pedestrian 0 0 -10 344.58 180.43 488.56 289.65 -10 -10 -10 -100    0 -1000 -1000 -10
501 107 pedestrian 0 0 -10 0.35 191.24 292.39 375.00 -10 -10 -10 -100    0 -1000 -1000 -10
501 111 pedestrian 0 0 -10 637.27 180.31 681.88 224.67 -10 -10 -10 -100    0 -1000 -1000 -10
501 100 pedestrian 0 0 -10 792.72 193.95 1241.01 375.00 -10 -10 -10 -100    0 -1000 -1000 -10
501 106 pedestrian 0 0 -10 657.69 184.14 718.66 237.67 -10 -10 -10 -100    0 -1000 -1000 -10
501 110 pedestrian 0 0 -10 692.12 192.12 817.61 290.99 -10 -10 -10 -100    0 -1000 -1000 -10
501 102 pedestrian 0 0 -10 472.13 178.16 532.77 231.57 -10 -10 -10 -100    0 -1000 -1000 -10
502 108 pedestrian 0 0 -10 325.55 176.72 481.56 292.78 -10 -10 -10 -100    0 -1000 -1000 -10
502 107 pedestrian 0 0 -10 0.00 189.80 242.60 375.00 -10 -10 -10 -100    0 -1000 -1000 -10
502 111 pedestrian 0 0 -10 638.52 175.69 684.77 221.08 -10 -10 -10 -100    0 -1000 -1000 -10
502 100 pedestrian 0 0 -10 822.31 192.02 1242.00 375.00 -10 -10 -10 -100    0 -1000 -1000 -10
502 106 pedestrian 0 0 -10 658.81 179.62 723.43 235.79 -10 -10 -10 -100    0 -1000 -1000 -10
502 110 pedestrian 0 0 -10 697.79 188.92 834.93 295.84 -10 -10 -10 -100    0 -1000 -1000 -10
502 102 pedestrian 0 0 -10 467.86 173.90 530.92 228.85 -10 -10 -10 -100    0 -1000 -1000 -10
503 108 pedestrian 0 0 -10 302.19 172.80 474.21 298.69 -10 -10 -10 -100    0 -1000 -1000 -10
503 107 pedestrian 0 0 -10 0.00 194.42 176.26 375.00 -10 -10 -10 -100    0 -1000 -1000 -10
503 111 pedestrian 0 0 -10 648.69 171.99 698.44 217.66 -10 -10 -10 -100    0 -1000 -1000 -10
503 100 pedestrian 0 0 -10 856.31 194.78 1241.94 375.00 -10 -10 -10 -100    0 -1000 -1000 -10
503 106 pedestrian 0 0 -10 659.39 175.22 728.42 233.62 -10 -10 -10 -100    0 -1000 -1000 -10
503 110 pedestrian 0 0 -10 702.22 188.04 854.02 304.04 -10 -10 -10 -100    0 -1000 -1000 -10
503 102 pedestrian 0 0 -10 463.48 170.37 528.06 227.08 -10 -10 -10 -100    0 -1000 -1000 -10
504 108 pedestrian 0 0 -10 274.17 174.57 466.30 312.20 -10 -10 -10 -100    0 -1000 -1000 -10
504 111 pedestrian 0 0 -10 651.11 170.54 703.72 217.53 -10 -10 -10 -100    0 -1000 -1000 -10
504 100 pedestrian 0 0 -10 903.34 199.03 1242.00 375.00 -10 -10 -10 -100    0 -1000 -1000 -10
504 106 pedestrian 0 0 -10 660.24 173.26 732.39 234.26 -10 -10 -10 -100    0 -1000 -1000 -10
504 110 pedestrian 0 0 -10 709.26 189.39 877.41 315.40 -10 -10 -10 -100    0 -1000 -1000 -10
504 102 pedestrian 0 0 -10 457.90 170.94 525.37 229.95 -10 -10 -10 -100    0 -1000 -1000 -10
505 108 pedestrian 0 0 -10 241.94 179.65 457.93 331.26 -10 -10 -10 -100    0 -1000 -1000 -10
505 111 pedestrian 0 0 -10 654.72 175.16 709.22 222.51 -10 -10 -10 -100    0 -1000 -1000 -10
505 100 pedestrian 0 0 -10 976.27 203.99 1242.00 375.00 -10 -10 -10 -100    0 -1000 -1000 -10
505 106 pedestrian 0 0 -10 664.12 177.77 739.86 240.83 -10 -10 -10 -100    0 -1000 -1000 -10
505 110 pedestrian 0 0 -10 716.83 190.99 905.21 330.84 -10 -10 -10 -100    0 -1000 -1000 -10
505 102 pedestrian 0 0 -10 452.52 174.97 523.56 235.99 -10 -10 -10 -100    0 -1000 -1000 -10
506 108 pedestrian 0 0 -10 202.74 182.63 449.55 351.69 -10 -10 -10 -100    0 -1000 -1000 -10
506 111 pedestrian 0 0 -10 657.34 178.09 712.99 227.96 -10 -10 -10 -100    0 -1000 -1000 -10
506 100 pedestrian 0 0 -10 1096.32 215.07 1242.00 375.00 -10 -10 -10 -100    0 -1000 -1000 -10
506 106 pedestrian 0 0 -10 666.03 180.59 746.83 246.69 -10 -10 -10 -100    0 -1000 -1000 -10
506 110 pedestrian 0 0 -10 727.97 192.03 941.02 347.02 -10 -10 -10 -100    0 -1000 -1000 -10
506 102 pedestrian 0 0 -10 447.62 176.09 521.95 240.12 -10 -10 -10 -100    0 -1000 -1000 -10
507 108 pedestrian 0 0 -10 151.68 181.16 438.74 371.46 -10 -10 -10 -100    0 -1000 -1000 -10
507 111 pedestrian 0 0 -10 659.24 176.21 716.75 227.27 -10 -10 -10 -100    0 -1000 -1000 -10
507 106 pedestrian 0 0 -10 669.60 178.61 754.86 249.37 -10 -10 -10 -100    0 -1000 -1000 -10
507 110 pedestrian 0 0 -10 738.24 192.72 984.93 366.97 -10 -10 -10 -100    0 -1000 -1000 -10
507 102 pedestrian 0 0 -10 441.49 173.77 520.11 240.93 -10 -10 -10 -100    0 -1000 -1000 -10
508 108 pedestrian 0 0 -10 88.82 181.74 423.45 375.00 -10 -10 -10 -100    0 -1000 -1000 -10
508 111 pedestrian 0 0 -10 660.28 178.08 721.13 230.30 -10 -10 -10 -100    0 -1000 -1000 -10
508 106 pedestrian 0 0 -10 673.46 181.22 764.78 255.16 -10 -10 -10 -100    0 -1000 -1000 -10
508 110 pedestrian 0 0 -10 751.98 193.10 1042.06 375.00 -10 -10 -10 -100    0 -1000 -1000 -10
508 102 pedestrian 0 0 -10 434.55 175.50 516.62 245.85 -10 -10 -10 -100    0 -1000 -1000 -10
509 108 pedestrian 0 0 -10 3.81 182.42 408.87 375.00 -10 -10 -10 -100    0 -1000 -1000 -10
509 111 pedestrian 0 0 -10 661.70 183.18 724.74 237.11 -10 -10 -10 -100    0 -1000 -1000 -10
509 106 pedestrian 0 0 -10 676.58 186.28 774.56 266.08 -10 -10 -10 -100    0 -1000 -1000 -10
509 110 pedestrian 0 0 -10 765.23 195.33 1115.44 375.00 -10 -10 -10 -100    0 -1000 -1000 -10
509 102 pedestrian 0 0 -10 427.20 181.11 513.40 255.32 -10 -10 -10 -100    0 -1000 -1000 -10
510 108 pedestrian 0 0 -10 1.40 185.36 389.51 375.00 -10 -10 -10 -100    0 -1000 -1000 -10
510 111 pedestrian 0 0 -10 664.44 187.44 729.80 244.90 -10 -10 -10 -100    0 -1000 -1000 -10
510 106 pedestrian 0 0 -10 680.08 192.37 784.42 276.00 -10 -10 -10 -100    0 -1000 -1000 -10
510 110 pedestrian 0 0 -10 783.44 202.36 1212.65 375.00 -10 -10 -10 -100    0 -1000 -1000 -10
510 102 pedestrian 0 0 -10 418.39 187.34 511.18 265.44 -10 -10 -10 -100    0 -1000 -1000 -10
511 113 pedestrian 0 0 -10 656.37 182.11 712.01 232.03 -10 -10 -10 -100    0 -1000 -1000 -10
511 108 pedestrian 0 0 -10 0.00 184.61 367.71 375.00 -10 -10 -10 -100    0 -1000 -1000 -10
511 111 pedestrian 0 0 -10 667.93 186.03 735.48 244.35 -10 -10 -10 -100    0 -1000 -1000 -10
511 106 pedestrian 0 0 -10 685.40 191.71 796.84 281.09 -10 -10 -10 -100    0 -1000 -1000 -10
511 110 pedestrian 0 0 -10 804.53 204.74 1241.28 375.00 -10 -10 -10 -100    0 -1000 -1000 -10
511 102 pedestrian 0 0 -10 409.20 187.45 508.62 271.44 -10 -10 -10 -100    0 -1000 -1000 -10
512 113 pedestrian 0 0 -10 657.28 177.28 716.14 227.84 -10 -10 -10 -100    0 -1000 -1000 -10
512 108 pedestrian 0 0 -10 0.00 183.98 339.14 375.00 -10 -10 -10 -100    0 -1000 -1000 -10
512 111 pedestrian 0 0 -10 670.24 181.88 742.60 242.99 -10 -10 -10 -100    0 -1000 -1000 -10
512 106 pedestrian 0 0 -10 690.64 186.38 810.27 282.89 -10 -10 -10 -100    0 -1000 -1000 -10
512 110 pedestrian 0 0 -10 831.94 203.91 1241.65 375.00 -10 -10 -10 -100    0 -1000 -1000 -10
512 102 pedestrian 0 0 -10 396.40 184.95 504.77 274.43 -10 -10 -10 -100    0 -1000 -1000 -10
513 113 pedestrian 0 0 -10 658.74 172.65 715.55 226.01 -10 -10 -10 -100    0 -1000 -1000 -10
513 108 pedestrian 0 0 -10 0.34 183.88 302.02 375.00 -10 -10 -10 -100    0 -1000 -1000 -10
513 111 pedestrian 0 0 -10 671.15 178.33 748.28 242.03 -10 -10 -10 -100    0 -1000 -1000 -10
513 106 pedestrian 0 0 -10 695.27 182.51 824.81 284.22 -10 -10 -10 -100    0 -1000 -1000 -10
513 110 pedestrian 0 0 -10 870.13 210.18 1241.41 375.00 -10 -10 -10 -100    0 -1000 -1000 -10
513 102 pedestrian 0 0 -10 381.63 183.51 499.96 277.58 -10 -10 -10 -100    0 -1000 -1000 -10
514 113 pedestrian 0 0 -10 660.24 171.23 721.08 225.89 -10 -10 -10 -100    0 -1000 -1000 -10
514 108 pedestrian 0 0 -10 0.00 183.13 250.41 375.00 -10 -10 -10 -100    0 -1000 -1000 -10
514 111 pedestrian 0 0 -10 674.37 176.19 753.52 242.87 -10 -10 -10 -100    0 -1000 -1000 -10
514 106 pedestrian 0 0 -10 699.05 181.02 841.71 288.72 -10 -10 -10 -100    0 -1000 -1000 -10
514 110 pedestrian 0 0 -10 916.63 221.16 1241.90 375.00 -10 -10 -10 -100    0 -1000 -1000 -10
514 102 pedestrian 0 0 -10 365.06 182.98 494.62 283.02 -10 -10 -10 -100    0 -1000 -1000 -10
515 114 pedestrian 0 0 -10 755.96 161.17 851.10 199.29 -10 -10 -10 -100    0 -1000 -1000 -10
515 113 pedestrian 0 0 -10 661.30 170.80 724.95 227.61 -10 -10 -10 -100    0 -1000 -1000 -10
515 111 pedestrian 0 0 -10 675.47 175.53 759.52 246.60 -10 -10 -10 -100    0 -1000 -1000 -10
515 106 pedestrian 0 0 -10 703.52 181.48 860.83 297.89 -10 -10 -10 -100    0 -1000 -1000 -10
515 110 pedestrian 0 0 -10 985.23 230.77 1242.00 375.00 -10 -10 -10 -100    0 -1000 -1000 -10
515 102 pedestrian 0 0 -10 347.00 183.74 487.65 291.57 -10 -10 -10 -100    0 -1000 -1000 -10
516 114 pedestrian 0 0 -10 747.32 162.87 842.79 202.38 -10 -10 -10 -100    0 -1000 -1000 -10
516 113 pedestrian 0 0 -10 663.32 173.32 729.56 231.92 -10 -10 -10 -100    0 -1000 -1000 -10
516 111 pedestrian 0 0 -10 676.98 178.05 767.49 253.85 -10 -10 -10 -100    0 -1000 -1000 -10
516 106 pedestrian 0 0 -10 709.16 184.29 881.68 311.29 -10 -10 -10 -100    0 -1000 -1000 -10
516 102 pedestrian 0 0 -10 327.42 186.87 481.30 304.18 -10 -10 -10 -100    0 -1000 -1000 -10
517 113 pedestrian 0 0 -10 664.36 176.23 734.04 235.86 -10 -10 -10 -100    0 -1000 -1000 -10
517 114 pedestrian 0 0 -10 735.26 165.50 836.36 207.34 -10 -10 -10 -100    0 -1000 -1000 -10
517 111 pedestrian 0 0 -10 681.53 181.76 775.60 261.73 -10 -10 -10 -100    0 -1000 -1000 -10
517 106 pedestrian 0 0 -10 715.38 187.67 906.42 328.31 -10 -10 -10 -100    0 -1000 -1000 -10
517 102 pedestrian 0 0 -10 303.96 190.81 472.32 318.61 -10 -10 -10 -100    0 -1000 -1000 -10
518 114 pedestrian 0 0 -10 727.10 168.06 827.00 210.58 -10 -10 -10 -100    0 -1000 -1000 -10
518 111 pedestrian 0 0 -10 683.47 185.97 783.67 269.35 -10 -10 -10 -100    0 -1000 -1000 -10
518 106 pedestrian 0 0 -10 721.71 190.13 937.44 347.78 -10 -10 -10 -100    0 -1000 -1000 -10
518 102 pedestrian 0 0 -10 273.71 194.45 462.49 335.02 -10 -10 -10 -100    0 -1000 -1000 -10
518 113 pedestrian 0 0 -10 665.11 179.12 738.45 242.42 -10 -10 -10 -100    0 -1000 -1000 -10
519 114 pedestrian 0 0 -10 720.41 171.08 820.38 214.49 -10 -10 -10 -100    0 -1000 -1000 -10
519 111 pedestrian 0 0 -10 684.87 186.79 791.97 275.00 -10 -10 -10 -100    0 -1000 -1000 -10
519 106 pedestrian 0 0 -10 728.52 192.05 975.29 372.11 -10 -10 -10 -100    0 -1000 -1000 -10
519 102 pedestrian 0 0 -10 240.21 196.73 452.10 353.09 -10 -10 -10 -100    0 -1000 -1000 -10
519 113 pedestrian 0 0 -10 665.63 181.28 743.07 246.47 -10 -10 -10 -100    0 -1000 -1000 -10
520 114 pedestrian 0 0 -10 706.17 171.69 812.28 214.81 -10 -10 -10 -100    0 -1000 -1000 -10
520 111 pedestrian 0 0 -10 689.37 186.99 802.21 281.87 -10 -10 -10 -100    0 -1000 -1000 -10
520 106 pedestrian 0 0 -10 737.41 195.18 1019.43 375.00 -10 -10 -10 -100    0 -1000 -1000 -10
520 102 pedestrian 0 0 -10 198.99 197.95 439.73 371.96 -10 -10 -10 -100    0 -1000 -1000 -10
520 113 pedestrian 0 0 -10 666.80 181.39 750.29 250.42 -10 -10 -10 -100    0 -1000 -1000 -10
521 114 pedestrian 0 0 -10 701.40 171.10 805.12 215.64 -10 -10 -10 -100    0 -1000 -1000 -10
521 111 pedestrian 0 0 -10 692.82 186.47 816.75 287.21 -10 -10 -10 -100    0 -1000 -1000 -10
521 106 pedestrian 0 0 -10 748.04 196.12 1077.36 375.00 -10 -10 -10 -100    0 -1000 -1000 -10
521 102 pedestrian 0 0 -10 147.32 199.39 425.60 375.00 -10 -10 -10 -100    0 -1000 -1000 -10
521 113 pedestrian 0 0 -10 668.59 180.24 755.60 252.37 -10 -10 -10 -100    0 -1000 -1000 -10
522 114 pedestrian 0 0 -10 688.80 168.95 799.76 215.18 -10 -10 -10 -100    0 -1000 -1000 -10
522 111 pedestrian 0 0 -10 697.61 185.83 834.89 295.46 -10 -10 -10 -100    0 -1000 -1000 -10
522 106 pedestrian 0 0 -10 758.29 198.24 1151.36 375.00 -10 -10 -10 -100    0 -1000 -1000 -10
522 102 pedestrian 0 0 -10 81.60 199.15 410.91 375.00 -10 -10 -10 -100    0 -1000 -1000 -10
522 113 pedestrian 0 0 -10 671.14 178.08 764.39 255.53 -10 -10 -10 -100    0 -1000 -1000 -10
523 114 pedestrian 0 0 -10 677.48 166.51 788.89 213.51 -10 -10 -10 -100    0 -1000 -1000 -10
523 111 pedestrian 0 0 -10 700.73 185.79 853.14 303.03 -10 -10 -10 -100    0 -1000 -1000 -10
523 106 pedestrian 0 0 -10 768.31 196.79 1242.00 375.00 -10 -10 -10 -100    0 -1000 -1000 -10
523 102 pedestrian 0 0 -10 5.87 201.00 394.18 375.00 -10 -10 -10 -100    0 -1000 -1000 -10
523 113 pedestrian 0 0 -10 673.66 176.84 769.85 257.38 -10 -10 -10 -100    0 -1000 -1000 -10
524 114 pedestrian 0 0 -10 666.60 164.61 783.94 215.02 -10 -10 -10 -100    0 -1000 -1000 -10
524 111 pedestrian 0 0 -10 709.00 185.77 869.46 312.65 -10 -10 -10 -100    0 -1000 -1000 -10
524 106 pedestrian 0 0 -10 787.36 197.68 1241.24 375.00 -10 -10 -10 -100    0 -1000 -1000 -10
524 102 pedestrian 0 0 -10 0.00 200.68 373.48 375.00 -10 -10 -10 -100    0 -1000 -1000 -10
524 113 pedestrian 0 0 -10 675.91 175.98 781.09 260.79 -10 -10 -10 -100    0 -1000 -1000 -10
525 114 pedestrian 0 0 -10 655.54 164.52 774.05 217.79 -10 -10 -10 -100    0 -1000 -1000 -10
525 111 pedestrian 0 0 -10 713.07 186.84 891.50 324.92 -10 -10 -10 -100    0 -1000 -1000 -10
525 106 pedestrian 0 0 -10 805.55 199.23 1241.35 375.00 -10 -10 -10 -100    0 -1000 -1000 -10
525 102 pedestrian 0 0 -10 0.00 203.04 347.48 375.00 -10 -10 -10 -100    0 -1000 -1000 -10
525 113 pedestrian 0 0 -10 679.56 175.45 788.39 265.31 -10 -10 -10 -100    0 -1000 -1000 -10
526 114 pedestrian 0 0 -10 645.39 163.35 767.80 217.83 -10 -10 -10 -100    0 -1000 -1000 -10
526 111 pedestrian 0 0 -10 720.62 187.49 918.51 336.61 -10 -10 -10 -100    0 -1000 -1000 -10
526 106 pedestrian 0 0 -10 830.51 199.60 1241.90 375.00 -10 -10 -10 -100    0 -1000 -1000 -10
526 102 pedestrian 0 0 -10 0.00 205.08 318.60 375.00 -10 -10 -10 -100    0 -1000 -1000 -10
526 113 pedestrian 0 0 -10 681.84 175.07 798.51 271.43 -10 -10 -10 -100    0 -1000 -1000 -10
527 114 pedestrian 0 0 -10 633.66 162.56 758.63 219.57 -10 -10 -10 -100    0 -1000 -1000 -10
527 111 pedestrian 0 0 -10 727.87 187.44 948.10 350.53 -10 -10 -10 -100    0 -1000 -1000 -10
527 106 pedestrian 0 0 -10 860.90 203.50 1241.80 375.00 -10 -10 -10 -100    0 -1000 -1000 -10
527 102 pedestrian 0 0 -10 0.00 207.96 281.32 375.00 -10 -10 -10 -100    0 -1000 -1000 -10
527 113 pedestrian 0 0 -10 685.30 174.79 812.13 275.20 -10 -10 -10 -100    0 -1000 -1000 -10
528 114 pedestrian 0 0 -10 624.13 161.73 751.98 222.39 -10 -10 -10 -100    0 -1000 -1000 -10
528 111 pedestrian 0 0 -10 737.28 186.38 985.76 368.42 -10 -10 -10 -100    0 -1000 -1000 -10
528 106 pedestrian 0 0 -10 901.50 203.38 1242.00 375.00 -10 -10 -10 -100    0 -1000 -1000 -10
528 102 pedestrian 0 0 -10 0.00 208.73 235.83 375.00 -10 -10 -10 -100    0 -1000 -1000 -10
528 113 pedestrian 0 0 -10 688.69 174.61 828.22 282.39 -10 -10 -10 -100    0 -1000 -1000 -10
529 114 pedestrian 0 0 -10 614.38 161.74 742.32 223.85 -10 -10 -10 -100    0 -1000 -1000 -10
529 111 pedestrian 0 0 -10 746.44 186.80 1029.33 375.00 -10 -10 -10 -100    0 -1000 -1000 -10
529 106 pedestrian 0 0 -10 948.76 211.41 1242.00 375.00 -10 -10 -10 -100    0 -1000 -1000 -10
529 113 pedestrian 0 0 -10 693.22 175.00 837.62 287.49 -10 -10 -10 -100    0 -1000 -1000 -10
530 114 pedestrian 0 0 -10 601.74 161.10 736.35 226.61 -10 -10 -10 -100    0 -1000 -1000 -10
530 111 pedestrian 0 0 -10 754.40 187.82 1088.96 375.00 -10 -10 -10 -100    0 -1000 -1000 -10
530 106 pedestrian 0 0 -10 1025.15 214.56 1241.96 375.00 -10 -10 -10 -100    0 -1000 -1000 -10
530 113 pedestrian 0 0 -10 698.45 174.68 856.07 295.70 -10 -10 -10 -100    0 -1000 -1000 -10
531 114 pedestrian 0 0 -10 589.42 162.06 728.21 230.72 -10 -10 -10 -100    0 -1000 -1000 -10
531 111 pedestrian 0 0 -10 764.78 190.22 1142.27 375.00 -10 -10 -10 -100    0 -1000 -1000 -10
531 113 pedestrian 0 0 -10 702.32 176.22 870.72 304.37 -10 -10 -10 -100    0 -1000 -1000 -10
532 114 pedestrian 0 0 -10 576.87 163.81 720.74 235.33 -10 -10 -10 -100    0 -1000 -1000 -10
532 111 pedestrian 0 0 -10 775.58 191.62 1209.12 375.00 -10 -10 -10 -100    0 -1000 -1000 -10
532 113 pedestrian 0 0 -10 706.89 177.61 889.43 315.50 -10 -10 -10 -100    0 -1000 -1000 -10
533 114 pedestrian 0 0 -10 565.50 165.25 712.04 240.94 -10 -10 -10 -100    0 -1000 -1000 -10
533 111 pedestrian 0 0 -10 788.17 193.38 1239.36 375.00 -10 -10 -10 -100    0 -1000 -1000 -10
533 113 pedestrian 0 0 -10 709.95 179.58 907.75 327.23 -10 -10 -10 -100    0 -1000 -1000 -10
534 114 pedestrian 0 0 -10 551.75 167.65 702.88 247.05 -10 -10 -10 -100    0 -1000 -1000 -10
534 111 pedestrian 0 0 -10 802.78 195.24 1242.00 375.00 -10 -10 -10 -100    0 -1000 -1000 -10
534 113 pedestrian 0 0 -10 713.71 181.42 926.99 339.09 -10 -10 -10 -100    0 -1000 -1000 -10
535 114 pedestrian 0 0 -10 538.31 168.92 696.26 253.15 -10 -10 -10 -100    0 -1000 -1000 -10
535 111 pedestrian 0 0 -10 815.23 196.56 1241.74 375.00 -10 -10 -10 -100    0 -1000 -1000 -10
535 113 pedestrian 0 0 -10 716.84 182.36 948.60 350.73 -10 -10 -10 -100    0 -1000 -1000 -10
536 114 pedestrian 0 0 -10 528.75 171.57 691.01 260.14 -10 -10 -10 -100    0 -1000 -1000 -10
536 111 pedestrian 0 0 -10 831.18 200.04 1242.00 375.00 -10 -10 -10 -100    0 -1000 -1000 -10
536 113 pedestrian 0 0 -10 721.41 183.66 973.19 367.27 -10 -10 -10 -100    0 -1000 -1000 -10
537 111 pedestrian 0 0 -10 850.61 205.10 1241.69 375.00 -10 -10 -10 -100    0 -1000 -1000 -10
537 114 pedestrian 0 0 -10 516.80 175.48 684.22 268.86 -10 -10 -10 -100    0 -1000 -1000 -10
537 113 pedestrian 0 0 -10 726.46 186.74 1000.00 375.00 -10 -10 -10 -100    0 -1000 -1000 -10
538 111 pedestrian 0 0 -10 877.64 209.07 1241.92 375.00 -10 -10 -10 -100    0 -1000 -1000 -10
538 114 pedestrian 0 0 -10 505.07 177.78 678.89 276.74 -10 -10 -10 -100    0 -1000 -1000 -10
538 113 pedestrian 0 0 -10 731.20 190.20 1030.34 375.00 -10 -10 -10 -100    0 -1000 -1000 -10
539 111 pedestrian 0 0 -10 913.24 212.15 1242.00 375.00 -10 -10 -10 -100    0 -1000 -1000 -10
539 114 pedestrian 0 0 -10 496.04 179.06 675.90 282.67 -10 -10 -10 -100    0 -1000 -1000 -10
539 113 pedestrian 0 0 -10 736.74 191.36 1066.47 375.00 -10 -10 -10 -100    0 -1000 -1000 -10
540 111 pedestrian 0 0 -10 959.79 215.22 1242.00 375.00 -10 -10 -10 -100    0 -1000 -1000 -10
540 114 pedestrian 0 0 -10 484.75 179.18 672.68 288.83 -10 -10 -10 -100    0 -1000 -1000 -10
540 113 pedestrian 0 0 -10 743.01 191.83 1107.36 375.00 -10 -10 -10 -100    0 -1000 -1000 -10
541 114 pedestrian 0 0 -10 471.21 177.99 668.57 294.02 -10 -10 -10 -100    0 -1000 -1000 -10
541 113 pedestrian 0 0 -10 747.68 191.67 1153.56 375.00 -10 -10 -10 -100    0 -1000 -1000 -10
542 114 pedestrian 0 0 -10 456.58 177.21 665.54 300.25 -10 -10 -10 -100    0 -1000 -1000 -10
542 113 pedestrian 0 0 -10 759.31 192.31 1216.47 375.00 -10 -10 -10 -100    0 -1000 -1000 -10
543 114 pedestrian 0 0 -10 441.33 177.36 660.99 308.19 -10 -10 -10 -100    0 -1000 -1000 -10
543 113 pedestrian 0 0 -10 766.30 193.24 1239.32 375.00 -10 -10 -10 -100    0 -1000 -1000 -10
544 114 pedestrian 0 0 -10 425.96 177.95 656.58 318.27 -10 -10 -10 -100    0 -1000 -1000 -10
544 113 pedestrian 0 0 -10 773.81 195.07 1239.81 375.00 -10 -10 -10 -100    0 -1000 -1000 -10
545 114 pedestrian 0 0 -10 405.98 178.50 652.35 330.13 -10 -10 -10 -100    0 -1000 -1000 -10
545 113 pedestrian 0 0 -10 788.50 197.57 1242.00 375.00 -10 -10 -10 -100    0 -1000 -1000 -10
546 114 pedestrian 0 0 -10 384.90 178.97 646.16 342.50 -10 -10 -10 -100    0 -1000 -1000 -10
546 113 pedestrian 0 0 -10 797.18 197.76 1241.77 375.00 -10 -10 -10 -100    0 -1000 -1000 -10
547 114 pedestrian 0 0 -10 360.79 179.77 639.09 360.04 -10 -10 -10 -100    0 -1000 -1000 -10
547 113 pedestrian 0 0 -10 809.06 198.48 1242.00 375.00 -10 -10 -10 -100    0 -1000 -1000 -10
548 114 pedestrian 0 0 -10 330.14 181.67 631.56 375.00 -10 -10 -10 -100    0 -1000 -1000 -10
548 113 pedestrian 0 0 -10 825.90 201.69 1242.00 375.00 -10 -10 -10 -100    0 -1000 -1000 -10
549 114 pedestrian 0 0 -10 295.32 182.81 621.86 375.00 -10 -10 -10 -100    0 -1000 -1000 -10
549 113 pedestrian 0 0 -10 837.41 204.02 1242.00 375.00 -10 -10 -10 -100    0 -1000 -1000 -10
550 114 pedestrian 0 0 -10 251.80 181.96 610.29 375.00 -10 -10 -10 -100    0 -1000 -1000 -10
550 113 pedestrian 0 0 -10 852.78 204.67 1241.80 375.00 -10 -10 -10 -100    0 -1000 -1000 -10
551 114 pedestrian 0 0 -10 203.83 180.54 596.97 375.00 -10 -10 -10 -100    0 -1000 -1000 -10
551 113 pedestrian 0 0 -10 868.37 207.54 1241.03 375.00 -10 -10 -10 -100    0 -1000 -1000 -10
552 114 pedestrian 0 0 -10 138.44 180.76 588.11 375.00 -10 -10 -10 -100    0 -1000 -1000 -10
552 113 pedestrian 0 0 -10 890.70 210.40 1241.78 375.00 -10 -10 -10 -100    0 -1000 -1000 -10
553 114 pedestrian 0 0 -10 68.03 178.79 572.92 375.00 -10 -10 -10 -100    0 -1000 -1000 -10
553 113 pedestrian 0 0 -10 898.33 213.77 1242.00 375.00 -10 -10 -10 -100    0 -1000 -1000 -10
554 114 pedestrian 0 0 -10 6.75 179.28 556.89 375.00 -10 -10 -10 -100    0 -1000 -1000 -10
554 113 pedestrian 0 0 -10 921.02 217.06 1242.00 375.00 -10 -10 -10 -100    0 -1000 -1000 -10
555 114 pedestrian 0 0 -10 0.00 181.87 535.47 375.00 -10 -10 -10 -100    0 -1000 -1000 -10
556 114 pedestrian 0 0 -10 0.00 182.51 515.40 375.00 -10 -10 -10 -100    0 -1000 -1000 -10
557 114 pedestrian 0 0 -10 1.90 185.12 497.69 375.00 -10 -10 -10 -100    0 -1000 -1000 -10
558 114 pedestrian 0 0 -10 1.14 185.93 467.42 375.00 -10 -10 -10 -100    0 -1000 -1000 -10
559 114 pedestrian 0 0 -10 0.66 187.21 432.21 375.00 -10 -10 -10 -100    0 -1000 -1000 -10
560 114 pedestrian 0 0 -10 2.24 187.44 392.21 375.00 -10 -10 -10 -100    0 -1000 -1000 -10
561 114 pedestrian 0 0 -10 0.38 188.73 343.86 375.00 -10 -10 -10 -100    0 -1000 -1000 -10
562 114 pedestrian 0 0 -10 0.63 188.47 281.35 375.00 -10 -10 -10 -100    0 -1000 -1000 -10
563 114 pedestrian 0 0 -10 0.00 190.11 178.93 375.00 -10 -10 -10 -100    0 -1000 -1000 -10
623 134 pedestrian 0 0 -10 515.86 176.47 562.69 216.82 -10 -10 -10 -100    0 -1000 -1000 -10
624 134 pedestrian 0 0 -10 521.78 175.85 571.78 218.18 -10 -10 -10 -100    0 -1000 -1000 -10
625 134 pedestrian 0 0 -10 524.93 176.23 576.65 220.18 -10 -10 -10 -100    0 -1000 -1000 -10
625 130 pedestrian 0 0 -10 574.85 173.11 602.46 200.47 -10 -10 -10 -100    0 -1000 -1000 -10
626 134 pedestrian 0 0 -10 524.69 176.30 579.53 222.42 -10 -10 -10 -100    0 -1000 -1000 -10
626 130 pedestrian 0 0 -10 579.49 172.53 608.11 201.04 -10 -10 -10 -100    0 -1000 -1000 -10
627 134 pedestrian 0 0 -10 523.31 176.25 581.00 224.08 -10 -10 -10 -100    0 -1000 -1000 -10
627 130 pedestrian 0 0 -10 581.96 172.12 612.84 202.33 -10 -10 -10 -100    0 -1000 -1000 -10
628 134 pedestrian 0 0 -10 519.53 176.46 580.35 226.97 -10 -10 -10 -100    0 -1000 -1000 -10
628 130 pedestrian 0 0 -10 583.89 172.02 615.90 202.67 -10 -10 -10 -100    0 -1000 -1000 -10
629 134 pedestrian 0 0 -10 513.85 177.29 577.69 230.90 -10 -10 -10 -100    0 -1000 -1000 -10
629 130 pedestrian 0 0 -10 585.05 172.59 617.88 203.70 -10 -10 -10 -100    0 -1000 -1000 -10
630 134 pedestrian 0 0 -10 507.14 178.23 576.58 234.84 -10 -10 -10 -100    0 -1000 -1000 -10
630 130 pedestrian 0 0 -10 584.68 173.39 618.62 204.91 -10 -10 -10 -100    0 -1000 -1000 -10
631 134 pedestrian 0 0 -10 500.73 179.13 573.88 238.97 -10 -10 -10 -100    0 -1000 -1000 -10
631 130 pedestrian 0 0 -10 583.86 174.01 619.37 206.23 -10 -10 -10 -100    0 -1000 -1000 -10
632 142 pedestrian 0 0 -10 821.63 163.89 833.51 210.16 -10 -10 -10 -100    0 -1000 -1000 -10
632 134 pedestrian 0 0 -10 493.51 180.69 571.68 244.42 -10 -10 -10 -100    0 -1000 -1000 -10
632 130 pedestrian 0 0 -10 583.65 174.46 620.34 208.13 -10 -10 -10 -100    0 -1000 -1000 -10
633 134 pedestrian 0 0 -10 483.99 182.20 567.85 250.45 -10 -10 -10 -100    0 -1000 -1000 -10
633 130 pedestrian 0 0 -10 582.51 174.17 621.53 210.89 -10 -10 -10 -100    0 -1000 -1000 -10
633 142 pedestrian 0 0 -10 825.76 164.23 839.65 209.08 -10 -10 -10 -100    0 -1000 -1000 -10
634 134 pedestrian 0 0 -10 474.18 182.05 564.95 256.01 -10 -10 -10 -100    0 -1000 -1000 -10
634 130 pedestrian 0 0 -10 581.01 173.62 621.60 211.43 -10 -10 -10 -100    0 -1000 -1000 -10
634 142 pedestrian 0 0 -10 830.98 159.72 844.42 205.46 -10 -10 -10 -100    0 -1000 -1000 -10
635 134 pedestrian 0 0 -10 463.19 183.08 561.16 263.68 -10 -10 -10 -100    0 -1000 -1000 -10
635 130 pedestrian 0 0 -10 578.14 173.46 621.38 212.68 -10 -10 -10 -100    0 -1000 -1000 -10
635 142 pedestrian 0 0 -10 836.28 158.49 850.50 205.09 -10 -10 -10 -100    0 -1000 -1000 -10
636 134 pedestrian 0 0 -10 450.23 184.91 556.59 273.45 -10 -10 -10 -100    0 -1000 -1000 -10
636 130 pedestrian 0 0 -10 576.99 175.67 621.14 215.94 -10 -10 -10 -100    0 -1000 -1000 -10
636 142 pedestrian 0 0 -10 844.78 161.84 857.52 206.49 -10 -10 -10 -100    0 -1000 -1000 -10
637 134 pedestrian 0 0 -10 432.85 186.44 551.24 286.91 -10 -10 -10 -100    0 -1000 -1000 -10
637 130 pedestrian 0 0 -10 572.52 177.04 618.51 219.19 -10 -10 -10 -100    0 -1000 -1000 -10
637 142 pedestrian 0 0 -10 849.01 163.68 862.76 208.36 -10 -10 -10 -100    0 -1000 -1000 -10
638 134 pedestrian 0 0 -10 411.08 188.41 544.48 299.58 -10 -10 -10 -100    0 -1000 -1000 -10
638 130 pedestrian 0 0 -10 568.23 178.81 616.08 221.54 -10 -10 -10 -100    0 -1000 -1000 -10
638 142 pedestrian 0 0 -10 853.48 165.44 867.65 212.33 -10 -10 -10 -100    0 -1000 -1000 -10
639 134 pedestrian 0 0 -10 387.05 190.61 537.01 315.34 -10 -10 -10 -100    0 -1000 -1000 -10
639 130 pedestrian 0 0 -10 563.79 179.39 614.56 224.69 -10 -10 -10 -100    0 -1000 -1000 -10
639 142 pedestrian 0 0 -10 859.66 163.69 874.45 212.54 -10 -10 -10 -100    0 -1000 -1000 -10
640 134 pedestrian 0 0 -10 353.98 192.99 527.66 335.96 -10 -10 -10 -100    0 -1000 -1000 -10
640 130 pedestrian 0 0 -10 558.61 180.44 613.70 227.37 -10 -10 -10 -100    0 -1000 -1000 -10
640 142 pedestrian 0 0 -10 864.73 162.93 880.50 214.34 -10 -10 -10 -100    0 -1000 -1000 -10
641 134 pedestrian 0 0 -10 308.26 195.62 515.26 364.38 -10 -10 -10 -100    0 -1000 -1000 -10
641 130 pedestrian 0 0 -10 551.81 180.12 610.55 229.57 -10 -10 -10 -100    0 -1000 -1000 -10
641 142 pedestrian 0 0 -10 869.16 162.76 884.82 213.86 -10 -10 -10 -100    0 -1000 -1000 -10
642 130 pedestrian 0 0 -10 545.02 179.44 607.42 231.79 -10 -10 -10 -100    0 -1000 -1000 -10
642 134 pedestrian 0 0 -10 247.29 196.21 501.33 375.00 -10 -10 -10 -100    0 -1000 -1000 -10
642 142 pedestrian 0 0 -10 875.63 161.79 891.41 213.70 -10 -10 -10 -100    0 -1000 -1000 -10
643 130 pedestrian 0 0 -10 538.81 179.05 605.75 234.17 -10 -10 -10 -100    0 -1000 -1000 -10
643 134 pedestrian 0 0 -10 155.26 197.79 483.40 375.00 -10 -10 -10 -100    0 -1000 -1000 -10
643 142 pedestrian 0 0 -10 881.38 161.71 898.32 214.77 -10 -10 -10 -100    0 -1000 -1000 -10
644 130 pedestrian 0 0 -10 531.91 179.18 601.99 237.74 -10 -10 -10 -100    0 -1000 -1000 -10
644 134 pedestrian 0 0 -10 0.22 202.69 464.58 375.00 -10 -10 -10 -100    0 -1000 -1000 -10
644 143 pedestrian 0 0 -10 712.35 161.65 728.78 178.41 -10 -10 -10 -100    0 -1000 -1000 -10
644 142 pedestrian 0 0 -10 887.10 160.29 903.34 215.10 -10 -10 -10 -100    0 -1000 -1000 -10
645 130 pedestrian 0 0 -10 523.42 178.64 598.60 240.49 -10 -10 -10 -100    0 -1000 -1000 -10
645 134 pedestrian 0 0 -10 0.52 207.32 429.73 375.00 -10 -10 -10 -100    0 -1000 -1000 -10
645 143 pedestrian 0 0 -10 712.17 161.31 728.91 177.62 -10 -10 -10 -100    0 -1000 -1000 -10
645 142 pedestrian 0 0 -10 893.05 159.35 910.90 217.17 -10 -10 -10 -100    0 -1000 -1000 -10
646 130 pedestrian 0 0 -10 513.74 179.70 593.51 244.91 -10 -10 -10 -100    0 -1000 -1000 -10
646 134 pedestrian 0 0 -10 3.27 215.60 398.65 375.00 -10 -10 -10 -100    0 -1000 -1000 -10
646 143 pedestrian 0 0 -10 711.99 161.61 727.99 177.88 -10 -10 -10 -100    0 -1000 -1000 -10
646 142 pedestrian 0 0 -10 899.18 160.54 917.02 218.34 -10 -10 -10 -100    0 -1000 -1000 -10
647 130 pedestrian 0 0 -10 504.55 180.08 590.52 249.01 -10 -10 -10 -100    0 -1000 -1000 -10
647 134 pedestrian 0 0 -10 0.19 230.81 328.15 375.00 -10 -10 -10 -100    0 -1000 -1000 -10
647 143 pedestrian 0 0 -10 711.02 161.71 727.62 178.01 -10 -10 -10 -100    0 -1000 -1000 -10
647 142 pedestrian 0 0 -10 905.87 159.87 923.21 217.27 -10 -10 -10 -100    0 -1000 -1000 -10
648 130 pedestrian 0 0 -10 493.36 180.67 584.73 255.14 -10 -10 -10 -100    0 -1000 -1000 -10
648 143 pedestrian 0 0 -10 711.48 161.76 727.64 178.25 -10 -10 -10 -100    0 -1000 -1000 -10
648 142 pedestrian 0 0 -10 912.54 160.18 930.52 218.45 -10 -10 -10 -100    0 -1000 -1000 -10
649 130 pedestrian 0 0 -10 480.64 181.37 580.44 262.61 -10 -10 -10 -100    0 -1000 -1000 -10
649 143 pedestrian 0 0 -10 709.80 161.81 725.65 178.00 -10 -10 -10 -100    0 -1000 -1000 -10
649 142 pedestrian 0 0 -10 917.02 159.42 936.80 220.09 -10 -10 -10 -100    0 -1000 -1000 -10
650 130 pedestrian 0 0 -10 466.13 183.33 574.83 273.00 -10 -10 -10 -100    0 -1000 -1000 -10
650 143 pedestrian 0 0 -10 709.01 162.06 725.42 178.74 -10 -10 -10 -100    0 -1000 -1000 -10
650 142 pedestrian 0 0 -10 925.32 159.66 943.75 220.86 -10 -10 -10 -100    0 -1000 -1000 -10
651 130 pedestrian 0 0 -10 448.52 185.16 567.14 283.74 -10 -10 -10 -100    0 -1000 -1000 -10
651 143 pedestrian 0 0 -10 707.90 161.98 724.41 178.51 -10 -10 -10 -100    0 -1000 -1000 -10
651 142 pedestrian 0 0 -10 931.02 158.60 951.09 221.85 -10 -10 -10 -100    0 -1000 -1000 -10
652 130 pedestrian 0 0 -10 429.03 185.89 558.20 294.44 -10 -10 -10 -100    0 -1000 -1000 -10
652 143 pedestrian 0 0 -10 706.65 161.55 723.65 178.27 -10 -10 -10 -100    0 -1000 -1000 -10
652 142 pedestrian 0 0 -10 937.30 158.38 957.94 222.93 -10 -10 -10 -100    0 -1000 -1000 -10
653 130 pedestrian 0 0 -10 403.56 187.10 550.22 309.01 -10 -10 -10 -100    0 -1000 -1000 -10
653 143 pedestrian 0 0 -10 704.58 161.43 721.25 177.81 -10 -10 -10 -100    0 -1000 -1000 -10
653 142 pedestrian 0 0 -10 944.52 158.36 965.57 224.80 -10 -10 -10 -100    0 -1000 -1000 -10
654 143 pedestrian 0 0 -10 703.87 161.62 720.12 177.90 -10 -10 -10 -100    0 -1000 -1000 -10
654 130 pedestrian 0 0 -10 371.55 188.92 540.76 327.46 -10 -10 -10 -100    0 -1000 -1000 -10
654 142 pedestrian 0 0 -10 952.85 158.14 974.05 224.89 -10 -10 -10 -100    0 -1000 -1000 -10
655 143 pedestrian 0 0 -10 703.01 161.62 718.95 177.77 -10 -10 -10 -100    0 -1000 -1000 -10
655 130 pedestrian 0 0 -10 331.87 193.86 530.22 352.19 -10 -10 -10 -100    0 -1000 -1000 -10
655 142 pedestrian 0 0 -10 960.27 154.04 983.12 226.68 -10 -10 -10 -100    0 -1000 -1000 -10
656 143 pedestrian 0 0 -10 701.18 161.03 717.80 177.49 -10 -10 -10 -100    0 -1000 -1000 -10
656 130 pedestrian 0 0 -10 277.09 197.10 517.03 375.00 -10 -10 -10 -100    0 -1000 -1000 -10
656 142 pedestrian 0 0 -10 967.39 155.67 992.05 226.91 -10 -10 -10 -100    0 -1000 -1000 -10
657 130 pedestrian 0 0 -10 197.35 201.54 501.46 375.00 -10 -10 -10 -100    0 -1000 -1000 -10
657 143 pedestrian 0 0 -10 700.29 161.56 718.57 178.86 -10 -10 -10 -100    0 -1000 -1000 -10
657 142 pedestrian 0 0 -10 976.86 154.29 1002.64 228.76 -10 -10 -10 -100    0 -1000 -1000 -10
658 143 pedestrian 0 0 -10 698.18 163.53 714.29 180.16 -10 -10 -10 -100    0 -1000 -1000 -10
658 142 pedestrian 0 0 -10 986.26 153.31 1013.43 234.11 -10 -10 -10 -100    0 -1000 -1000 -10
658 130 pedestrian 0 0 -10 87.54 205.20 482.71 375.00 -10 -10 -10 -100    0 -1000 -1000 -10
659 143 pedestrian 0 0 -10 698.23 165.67 714.97 182.44 -10 -10 -10 -100    0 -1000 -1000 -10
659 142 pedestrian 0 0 -10 998.49 152.96 1025.34 233.63 -10 -10 -10 -100    0 -1000 -1000 -10
659 130 pedestrian 0 0 -10 0.00 211.37 463.75 375.00 -10 -10 -10 -100    0 -1000 -1000 -10
660 143 pedestrian 0 0 -10 698.09 166.50 714.93 183.19 -10 -10 -10 -100    0 -1000 -1000 -10
660 142 pedestrian 0 0 -10 1011.90 149.17 1040.59 237.95 -10 -10 -10 -100    0 -1000 -1000 -10
660 130 pedestrian 0 0 -10 2.01 218.47 434.90 375.00 -10 -10 -10 -100    0 -1000 -1000 -10
661 143 pedestrian 0 0 -10 697.88 166.30 714.45 182.59 -10 -10 -10 -100    0 -1000 -1000 -10
661 142 pedestrian 0 0 -10 1027.76 152.39 1056.27 238.87 -10 -10 -10 -100    0 -1000 -1000 -10
661 130 pedestrian 0 0 -10 1.41 228.56 389.01 375.00 -10 -10 -10 -100    0 -1000 -1000 -10
662 143 pedestrian 0 0 -10 698.62 165.51 716.41 182.55 -10 -10 -10 -100    0 -1000 -1000 -10
662 142 pedestrian 0 0 -10 1044.80 150.27 1075.70 239.80 -10 -10 -10 -100    0 -1000 -1000 -10
662 130 pedestrian 0 0 -10 0.00 241.82 278.21 375.00 -10 -10 -10 -100    0 -1000 -1000 -10
663 143 pedestrian 0 0 -10 699.53 165.94 716.42 182.07 -10 -10 -10 -100    0 -1000 -1000 -10
663 142 pedestrian 0 0 -10 1064.22 146.78 1096.95 242.43 -10 -10 -10 -100    0 -1000 -1000 -10
664 143 pedestrian 0 0 -10 700.46 166.02 717.47 181.86 -10 -10 -10 -100    0 -1000 -1000 -10
665 143 pedestrian 0 0 -10 701.72 166.06 718.74 182.00 -10 -10 -10 -100    0 -1000 -1000 -10
669 143 pedestrian 0 0 -10 715.02 162.06 731.67 179.48 -10 -10 -10 -100    0 -1000 -1000 -10
670 143 pedestrian 0 0 -10 720.41 162.06 736.86 178.95 -10 -10 -10 -100    0 -1000 -1000 -10
671 143 pedestrian 0 0 -10 723.66 162.98 738.64 183.16 -10 -10 -10 -100    0 -1000 -1000 -10
675 143 pedestrian 0 0 -10 738.78 167.07 756.68 186.10 -10 -10 -10 -100    0 -1000 -1000 -10
676 143 pedestrian 0 0 -10 741.85 167.44 759.27 185.10 -10 -10 -10 -100    0 -1000 -1000 -10
677 143 pedestrian 0 0 -10 744.47 165.53 763.41 185.44 -10 -10 -10 -100    0 -1000 -1000 -10
678 143 pedestrian 0 0 -10 747.59 162.69 763.70 183.51 -10 -10 -10 -100    0 -1000 -1000 -10
679 143 pedestrian 0 0 -10 748.13 162.22 765.28 183.74 -10 -10 -10 -100    0 -1000 -1000 -10
680 143 pedestrian 0 0 -10 747.72 162.05 765.22 183.93 -10 -10 -10 -100    0 -1000 -1000 -10
681 143 pedestrian 0 0 -10 747.32 161.76 764.96 184.18 -10 -10 -10 -100    0 -1000 -1000 -10
682 143 pedestrian 0 0 -10 746.81 162.14 764.68 185.07 -10 -10 -10 -100    0 -1000 -1000 -10
683 143 pedestrian 0 0 -10 745.15 163.13 763.45 185.92 -10 -10 -10 -100    0 -1000 -1000 -10
684 143 pedestrian 0 0 -10 743.48 163.21 762.12 185.97 -10 -10 -10 -100    0 -1000 -1000 -10
685 151 pedestrian 0 0 -10 428.41 172.60 453.07 199.11 -10 -10 -10 -100    0 -1000 -1000 -10
685 143 pedestrian 0 0 -10 740.92 160.92 759.63 184.80 -10 -10 -10 -100    0 -1000 -1000 -10
686 151 pedestrian 0 0 -10 429.58 169.83 454.40 196.12 -10 -10 -10 -100    0 -1000 -1000 -10
686 143 pedestrian 0 0 -10 737.39 160.56 757.40 183.91 -10 -10 -10 -100    0 -1000 -1000 -10
687 151 pedestrian 0 0 -10 429.52 167.63 456.96 195.34 -10 -10 -10 -100    0 -1000 -1000 -10
687 150 pedestrian 0 0 -10 837.00 157.23 848.25 182.44 -10 -10 -10 -100    0 -1000 -1000 -10
687 143 pedestrian 0 0 -10 734.63 159.52 753.88 182.60 -10 -10 -10 -100    0 -1000 -1000 -10
688 151 pedestrian 0 0 -10 430.21 163.38 457.44 193.76 -10 -10 -10 -100    0 -1000 -1000 -10
688 150 pedestrian 0 0 -10 835.26 156.00 847.53 182.13 -10 -10 -10 -100    0 -1000 -1000 -10
688 143 pedestrian 0 0 -10 731.20 159.05 750.10 181.56 -10 -10 -10 -100    0 -1000 -1000 -10
689 151 pedestrian 0 0 -10 428.57 163.17 455.69 193.81 -10 -10 -10 -100    0 -1000 -1000 -10
689 143 pedestrian 0 0 -10 728.50 159.38 747.55 182.68 -10 -10 -10 -100    0 -1000 -1000 -10
690 151 pedestrian 0 0 -10 425.63 163.20 452.68 193.60 -10 -10 -10 -100    0 -1000 -1000 -10
690 143 pedestrian 0 0 -10 721.73 159.07 742.80 181.14 -10 -10 -10 -100    0 -1000 -1000 -10
691 151 pedestrian 0 0 -10 424.66 164.67 449.63 193.61 -10 -10 -10 -100    0 -1000 -1000 -10
691 143 pedestrian 0 0 -10 716.49 158.51 738.73 180.45 -10 -10 -10 -100    0 -1000 -1000 -10
692 152 pedestrian 0 0 -10 821.00 154.15 834.20 179.87 -10 -10 -10 -100    0 -1000 -1000 -10
692 151 pedestrian 0 0 -10 418.93 164.78 446.89 194.41 -10 -10 -10 -100    0 -1000 -1000 -10
692 143 pedestrian 0 0 -10 710.83 157.37 732.76 179.92 -10 -10 -10 -100    0 -1000 -1000 -10
693 151 pedestrian 0 0 -10 416.36 168.40 443.69 195.84 -10 -10 -10 -100    0 -1000 -1000 -10
693 143 pedestrian 0 0 -10 705.01 160.29 727.11 183.78 -10 -10 -10 -100    0 -1000 -1000 -10
693 152 pedestrian 0 0 -10 818.29 157.20 831.77 183.84 -10 -10 -10 -100    0 -1000 -1000 -10
694 143 pedestrian 0 0 -10 700.09 165.16 722.40 188.22 -10 -10 -10 -100    0 -1000 -1000 -10
694 151 pedestrian 0 0 -10 416.91 173.55 440.14 201.33 -10 -10 -10 -100    0 -1000 -1000 -10
694 152 pedestrian 0 0 -10 815.11 159.20 828.79 188.02 -10 -10 -10 -100    0 -1000 -1000 -10
695 143 pedestrian 0 0 -10 694.10 169.11 717.10 193.41 -10 -10 -10 -100    0 -1000 -1000 -10
695 151 pedestrian 0 0 -10 411.05 178.15 435.85 204.44 -10 -10 -10 -100    0 -1000 -1000 -10
695 152 pedestrian 0 0 -10 809.83 164.38 824.35 191.14 -10 -10 -10 -100    0 -1000 -1000 -10
696 143 pedestrian 0 0 -10 689.07 175.47 711.55 199.43 -10 -10 -10 -100    0 -1000 -1000 -10
696 151 pedestrian 0 0 -10 410.66 185.03 431.34 211.33 -10 -10 -10 -100    0 -1000 -1000 -10
696 152 pedestrian 0 0 -10 804.32 171.96 820.46 200.07 -10 -10 -10 -100    0 -1000 -1000 -10
697 143 pedestrian 0 0 -10 684.21 185.22 707.09 207.29 -10 -10 -10 -100    0 -1000 -1000 -10
697 151 pedestrian 0 0 -10 405.43 194.41 425.81 219.04 -10 -10 -10 -100    0 -1000 -1000 -10
697 152 pedestrian 0 0 -10 801.83 184.09 817.86 208.60 -10 -10 -10 -100    0 -1000 -1000 -10
698 143 pedestrian 0 0 -10 679.69 192.00 703.91 216.10 -10 -10 -10 -100    0 -1000 -1000 -10
698 151 pedestrian 0 0 -10 404.15 202.30 423.94 227.58 -10 -10 -10 -100    0 -1000 -1000 -10
699 143 pedestrian 0 0 -10 675.16 196.08 699.41 219.48 -10 -10 -10 -100    0 -1000 -1000 -10
699 151 pedestrian 0 0 -10 402.81 207.15 421.87 231.47 -10 -10 -10 -100    0 -1000 -1000 -10
700 143 pedestrian 0 0 -10 671.47 194.13 697.18 218.66 -10 -10 -10 -100    0 -1000 -1000 -10
700 151 pedestrian 0 0 -10 400.10 206.76 419.01 230.75 -10 -10 -10 -100    0 -1000 -1000 -10
701 143 pedestrian 0 0 -10 667.69 194.18 692.98 217.91 -10 -10 -10 -100    0 -1000 -1000 -10
701 151 pedestrian 0 0 -10 397.46 205.01 416.27 230.76 -10 -10 -10 -100    0 -1000 -1000 -10
701 152 pedestrian 0 0 -10 791.87 195.30 807.20 217.47 -10 -10 -10 -100    0 -1000 -1000 -10
702 143 pedestrian 0 0 -10 664.85 189.40 689.88 214.14 -10 -10 -10 -100    0 -1000 -1000 -10
702 151 pedestrian 0 0 -10 396.64 202.07 415.26 226.32 -10 -10 -10 -100    0 -1000 -1000 -10
702 152 pedestrian 0 0 -10 790.91 190.10 805.62 214.80 -10 -10 -10 -100    0 -1000 -1000 -10
703 143 pedestrian 0 0 -10 661.66 183.57 685.95 207.66 -10 -10 -10 -100    0 -1000 -1000 -10
703 151 pedestrian 0 0 -10 395.93 194.11 413.94 218.76 -10 -10 -10 -100    0 -1000 -1000 -10
703 152 pedestrian 0 0 -10 787.05 184.93 801.65 208.19 -10 -10 -10 -100    0 -1000 -1000 -10
704 151 pedestrian 0 0 -10 391.84 187.38 410.11 212.66 -10 -10 -10 -100    0 -1000 -1000 -10
705 151 pedestrian 0 0 -10 391.21 183.18 409.61 208.69 -10 -10 -10 -100    0 -1000 -1000 -10
706 151 pedestrian 0 0 -10 389.60 180.44 408.70 206.47 -10 -10 -10 -100    0 -1000 -1000 -10
707 151 pedestrian 0 0 -10 387.05 179.80 406.08 206.78 -10 -10 -10 -100    0 -1000 -1000 -10
708 151 pedestrian 0 0 -10 382.47 181.61 401.79 208.32 -10 -10 -10 -100    0 -1000 -1000 -10
709 154 pedestrian 0 0 -10 634.61 170.41 656.80 195.80 -10 -10 -10 -100    0 -1000 -1000 -10
709 153 pedestrian 0 0 -10 772.85 171.28 787.22 198.44 -10 -10 -10 -100    0 -1000 -1000 -10
709 151 pedestrian 0 0 -10 379.23 181.16 399.65 208.68 -10 -10 -10 -100    0 -1000 -1000 -10
710 154 pedestrian 0 0 -10 628.88 169.45 651.27 195.50 -10 -10 -10 -100    0 -1000 -1000 -10
710 153 pedestrian 0 0 -10 767.79 169.05 784.05 198.06 -10 -10 -10 -100    0 -1000 -1000 -10
710 151 pedestrian 0 0 -10 374.62 180.23 394.67 207.23 -10 -10 -10 -100    0 -1000 -1000 -10
711 154 pedestrian 0 0 -10 623.31 168.97 646.43 195.36 -10 -10 -10 -100    0 -1000 -1000 -10
711 153 pedestrian 0 0 -10 765.10 168.82 780.47 197.78 -10 -10 -10 -100    0 -1000 -1000 -10
711 151 pedestrian 0 0 -10 372.50 179.45 392.50 202.79 -10 -10 -10 -100    0 -1000 -1000 -10
712 154 pedestrian 0 0 -10 616.82 167.06 641.37 193.67 -10 -10 -10 -100    0 -1000 -1000 -10
712 153 pedestrian 0 0 -10 760.12 166.48 776.26 195.75 -10 -10 -10 -100    0 -1000 -1000 -10
712 151 pedestrian 0 0 -10 368.76 177.14 389.19 201.76 -10 -10 -10 -100    0 -1000 -1000 -10
713 154 pedestrian 0 0 -10 611.72 163.31 636.00 190.69 -10 -10 -10 -100    0 -1000 -1000 -10
713 153 pedestrian 0 0 -10 757.09 162.55 773.35 192.54 -10 -10 -10 -100    0 -1000 -1000 -10
713 151 pedestrian 0 0 -10 366.47 172.53 387.75 195.66 -10 -10 -10 -100    0 -1000 -1000 -10
714 154 pedestrian 0 0 -10 606.61 158.29 631.65 185.55 -10 -10 -10 -100    0 -1000 -1000 -10
714 153 pedestrian 0 0 -10 754.84 156.43 770.28 185.53 -10 -10 -10 -100    0 -1000 -1000 -10
715 154 pedestrian 0 0 -10 601.48 150.98 627.41 180.06 -10 -10 -10 -100    0 -1000 -1000 -10
715 153 pedestrian 0 0 -10 754.03 147.88 768.42 175.01 -10 -10 -10 -100    0 -1000 -1000 -10
716 154 pedestrian 0 0 -10 597.19 144.38 622.91 174.35 -10 -10 -10 -100    0 -1000 -1000 -10
716 153 pedestrian 0 0 -10 750.01 139.48 765.85 169.18 -10 -10 -10 -100    0 -1000 -1000 -10
717 154 pedestrian 0 0 -10 593.48 137.29 619.94 168.74 -10 -10 -10 -100    0 -1000 -1000 -10
717 153 pedestrian 0 0 -10 748.12 132.49 764.52 161.18 -10 -10 -10 -100    0 -1000 -1000 -10
718 155 pedestrian 0 0 -10 355.03 141.91 374.75 166.17 -10 -10 -10 -100    0 -1000 -1000 -10
718 154 pedestrian 0 0 -10 589.12 131.37 616.49 163.69 -10 -10 -10 -100    0 -1000 -1000 -10
718 153 pedestrian 0 0 -10 746.59 126.89 763.85 157.25 -10 -10 -10 -100    0 -1000 -1000 -10
719 154 pedestrian 0 0 -10 583.42 130.48 613.91 163.58 -10 -10 -10 -100    0 -1000 -1000 -10
719 153 pedestrian 0 0 -10 745.19 126.71 761.87 157.10 -10 -10 -10 -100    0 -1000 -1000 -10
719 155 pedestrian 0 0 -10 354.13 139.97 372.36 163.93 -10 -10 -10 -100    0 -1000 -1000 -10
720 154 pedestrian 0 0 -10 580.14 135.05 611.11 168.51 -10 -10 -10 -100    0 -1000 -1000 -10
720 153 pedestrian 0 0 -10 744.10 130.71 761.46 160.95 -10 -10 -10 -100    0 -1000 -1000 -10
720 155 pedestrian 0 0 -10 351.39 141.67 371.48 166.16 -10 -10 -10 -100    0 -1000 -1000 -10
721 154 pedestrian 0 0 -10 575.97 137.88 607.79 172.17 -10 -10 -10 -100    0 -1000 -1000 -10
721 153 pedestrian 0 0 -10 743.41 134.59 760.82 163.64 -10 -10 -10 -100    0 -1000 -1000 -10
721 155 pedestrian 0 0 -10 351.95 144.20 371.48 169.87 -10 -10 -10 -100    0 -1000 -1000 -10
722 154 pedestrian 0 0 -10 572.42 142.48 604.14 177.02 -10 -10 -10 -100    0 -1000 -1000 -10
722 153 pedestrian 0 0 -10 742.37 138.06 760.58 169.02 -10 -10 -10 -100    0 -1000 -1000 -10
722 155 pedestrian 0 0 -10 352.85 149.05 371.67 173.84 -10 -10 -10 -100    0 -1000 -1000 -10
723 154 pedestrian 0 0 -10 569.93 146.10 601.83 183.73 -10 -10 -10 -100    0 -1000 -1000 -10
723 153 pedestrian 0 0 -10 742.30 140.77 759.11 172.78 -10 -10 -10 -100    0 -1000 -1000 -10
723 155 pedestrian 0 0 -10 352.79 156.59 370.33 180.48 -10 -10 -10 -100    0 -1000 -1000 -10
724 154 pedestrian 0 0 -10 569.36 152.94 602.82 189.03 -10 -10 -10 -100    0 -1000 -1000 -10
724 153 pedestrian 0 0 -10 745.05 144.46 762.84 178.61 -10 -10 -10 -100    0 -1000 -1000 -10
724 155 pedestrian 0 0 -10 356.77 161.42 376.80 187.07 -10 -10 -10 -100    0 -1000 -1000 -10
725 154 pedestrian 0 0 -10 572.57 159.03 605.76 196.40 -10 -10 -10 -100    0 -1000 -1000 -10
725 153 pedestrian 0 0 -10 750.58 149.93 768.87 184.27 -10 -10 -10 -100    0 -1000 -1000 -10
726 154 pedestrian 0 0 -10 577.76 165.82 612.55 203.90 -10 -10 -10 -100    0 -1000 -1000 -10
727 154 pedestrian 0 0 -10 586.64 169.07 621.22 208.16 -10 -10 -10 -100    0 -1000 -1000 -10
728 154 pedestrian 0 0 -10 598.77 167.23 634.01 206.38 -10 -10 -10 -100    0 -1000 -1000 -10
729 154 pedestrian 0 0 -10 614.12 165.32 650.93 205.73 -10 -10 -10 -100    0 -1000 -1000 -10
751 195 pedestrian 0 0 -10 133.52 197.89 226.74 231.18 -10 -10 -10 -100    0 -1000 -1000 -10
751 194 pedestrian 0 0 -10 13.26 195.58 68.92 214.01 -10 -10 -10 -100    0 -1000 -1000 -10
752 195 pedestrian 0 0 -10 182.65 195.39 270.37 229.12 -10 -10 -10 -100    0 -1000 -1000 -10
753 195 pedestrian 0 0 -10 224.24 195.39 310.69 228.19 -10 -10 -10 -100    0 -1000 -1000 -10
754 195 pedestrian 0 0 -10 268.76 194.87 352.37 227.74 -10 -10 -10 -100    0 -1000 -1000 -10
755 195 pedestrian 0 0 -10 309.02 197.41 389.36 229.15 -10 -10 -10 -100    0 -1000 -1000 -10
756 195 pedestrian 0 0 -10 348.43 199.04 426.59 230.35 -10 -10 -10 -100    0 -1000 -1000 -10
757 195 pedestrian 0 0 -10 385.78 200.09 463.46 231.28 -10 -10 -10 -100    0 -1000 -1000 -10
758 195 pedestrian 0 0 -10 421.06 199.28 496.66 230.69 -10 -10 -10 -100    0 -1000 -1000 -10
759 195 pedestrian 0 0 -10 450.44 197.85 528.14 228.99 -10 -10 -10 -100    0 -1000 -1000 -10
760 195 pedestrian 0 0 -10 480.41 195.10 558.22 225.96 -10 -10 -10 -100    0 -1000 -1000 -10
761 195 pedestrian 0 0 -10 505.11 193.51 583.53 224.90 -10 -10 -10 -100    0 -1000 -1000 -10
762 195 pedestrian 0 0 -10 529.00 193.34 607.51 224.56 -10 -10 -10 -100    0 -1000 -1000 -10
763 195 pedestrian 0 0 -10 550.73 192.09 629.35 223.90 -10 -10 -10 -100    0 -1000 -1000 -10
763 204 pedestrian 0 0 -10 487.48 185.23 576.38 210.23 -10 -10 -10 -100    0 -1000 -1000 -10
764 195 pedestrian 0 0 -10 569.98 191.14 651.36 223.14 -10 -10 -10 -100    0 -1000 -1000 -10
764 204 pedestrian 0 0 -10 504.30 184.61 593.75 210.49 -10 -10 -10 -100    0 -1000 -1000 -10
765 195 pedestrian 0 0 -10 586.83 189.36 669.41 222.21 -10 -10 -10 -100    0 -1000 -1000 -10
765 204 pedestrian 0 0 -10 524.26 182.82 612.70 209.34 -10 -10 -10 -100    0 -1000 -1000 -10
766 195 pedestrian 0 0 -10 602.36 186.87 685.74 220.62 -10 -10 -10 -100    0 -1000 -1000 -10
766 204 pedestrian 0 0 -10 539.84 179.84 629.46 207.45 -10 -10 -10 -100    0 -1000 -1000 -10
767 195 pedestrian 0 0 -10 615.57 184.46 701.82 218.29 -10 -10 -10 -100    0 -1000 -1000 -10
767 204 pedestrian 0 0 -10 554.77 176.99 643.15 205.58 -10 -10 -10 -100    0 -1000 -1000 -10
768 195 pedestrian 0 0 -10 629.93 182.76 716.09 217.78 -10 -10 -10 -100    0 -1000 -1000 -10
768 204 pedestrian 0 0 -10 563.62 175.28 653.93 206.80 -10 -10 -10 -100    0 -1000 -1000 -10
769 195 pedestrian 0 0 -10 639.24 181.68 726.85 217.28 -10 -10 -10 -100    0 -1000 -1000 -10
770 195 pedestrian 0 0 -10 648.79 181.20 739.06 216.40 -10 -10 -10 -100    0 -1000 -1000 -10
771 195 pedestrian 0 0 -10 656.96 180.22 749.57 216.83 -10 -10 -10 -100    0 -1000 -1000 -10
772 205 pedestrian 0 0 -10 594.03 172.02 660.84 192.52 -10 -10 -10 -100    0 -1000 -1000 -10
772 195 pedestrian 0 0 -10 661.12 178.57 754.24 215.58 -10 -10 -10 -100    0 -1000 -1000 -10
773 205 pedestrian 0 0 -10 593.90 170.04 663.37 191.44 -10 -10 -10 -100    0 -1000 -1000 -10
773 195 pedestrian 0 0 -10 666.21 177.02 759.66 215.13 -10 -10 -10 -100    0 -1000 -1000 -10
773 204 pedestrian 0 0 -10 647.56 175.31 701.13 198.92 -10 -10 -10 -100    0 -1000 -1000 -10
774 195 pedestrian 0 0 -10 667.83 175.80 765.19 214.30 -10 -10 -10 -100    0 -1000 -1000 -10
774 205 pedestrian 0 0 -10 596.56 169.58 664.95 189.76 -10 -10 -10 -100    0 -1000 -1000 -10
774 204 pedestrian 0 0 -10 649.35 174.25 703.16 197.78 -10 -10 -10 -100    0 -1000 -1000 -10
775 195 pedestrian 0 0 -10 667.96 174.07 770.21 213.88 -10 -10 -10 -100    0 -1000 -1000 -10
775 205 pedestrian 0 0 -10 596.72 168.54 664.27 188.55 -10 -10 -10 -100    0 -1000 -1000 -10
775 204 pedestrian 0 0 -10 649.29 172.84 704.90 196.73 -10 -10 -10 -100    0 -1000 -1000 -10
776 195 pedestrian 0 0 -10 667.84 172.60 770.49 213.49 -10 -10 -10 -100    0 -1000 -1000 -10
776 205 pedestrian 0 0 -10 594.00 167.58 662.23 187.59 -10 -10 -10 -100    0 -1000 -1000 -10
776 204 pedestrian 0 0 -10 649.10 172.98 704.36 197.10 -10 -10 -10 -100    0 -1000 -1000 -10
777 205 pedestrian 0 0 -10 593.57 167.35 660.97 187.40 -10 -10 -10 -100    0 -1000 -1000 -10
777 204 pedestrian 0 0 -10 647.66 171.52 703.21 196.55 -10 -10 -10 -100    0 -1000 -1000 -10
777 195 pedestrian 0 0 -10 668.52 171.62 775.72 213.47 -10 -10 -10 -100    0 -1000 -1000 -10
778 205 pedestrian 0 0 -10 593.59 166.43 661.63 185.91 -10 -10 -10 -100    0 -1000 -1000 -10
778 204 pedestrian 0 0 -10 647.67 170.35 703.11 195.12 -10 -10 -10 -100    0 -1000 -1000 -10
778 195 pedestrian 0 0 -10 670.88 170.50 778.82 212.75 -10 -10 -10 -100    0 -1000 -1000 -10
779 204 pedestrian 0 0 -10 649.32 170.93 705.38 196.23 -10 -10 -10 -100    0 -1000 -1000 -10
779 205 pedestrian 0 0 -10 594.28 166.77 660.02 186.81 -10 -10 -10 -100    0 -1000 -1000 -10
779 195 pedestrian 0 0 -10 671.26 170.66 781.43 214.09 -10 -10 -10 -100    0 -1000 -1000 -10
780 204 pedestrian 0 0 -10 648.30 173.60 703.32 198.42 -10 -10 -10 -100    0 -1000 -1000 -10
780 205 pedestrian 0 0 -10 591.05 169.13 658.68 189.23 -10 -10 -10 -100    0 -1000 -1000 -10
780 195 pedestrian 0 0 -10 671.75 173.05 784.51 217.73 -10 -10 -10 -100    0 -1000 -1000 -10
781 204 pedestrian 0 0 -10 648.66 175.89 705.10 201.72 -10 -10 -10 -100    0 -1000 -1000 -10
781 205 pedestrian 0 0 -10 589.29 171.72 662.74 191.86 -10 -10 -10 -100    0 -1000 -1000 -10
781 195 pedestrian 0 0 -10 673.18 175.71 788.96 221.78 -10 -10 -10 -100    0 -1000 -1000 -10
782 204 pedestrian 0 0 -10 648.26 179.21 705.74 205.06 -10 -10 -10 -100    0 -1000 -1000 -10
782 205 pedestrian 0 0 -10 589.23 174.35 663.49 194.76 -10 -10 -10 -100    0 -1000 -1000 -10
782 195 pedestrian 0 0 -10 674.21 178.40 793.38 226.25 -10 -10 -10 -100    0 -1000 -1000 -10
783 204 pedestrian 0 0 -10 647.66 178.40 705.86 205.07 -10 -10 -10 -100    0 -1000 -1000 -10
783 205 pedestrian 0 0 -10 588.72 174.61 664.03 194.91 -10 -10 -10 -100    0 -1000 -1000 -10
783 195 pedestrian 0 0 -10 674.74 178.45 798.88 227.00 -10 -10 -10 -100    0 -1000 -1000 -10
784 204 pedestrian 0 0 -10 647.21 178.33 707.14 205.54 -10 -10 -10 -100    0 -1000 -1000 -10
784 205 pedestrian 0 0 -10 587.35 174.46 664.18 195.12 -10 -10 -10 -100    0 -1000 -1000 -10
784 195 pedestrian 0 0 -10 674.05 178.23 800.80 228.81 -10 -10 -10 -100    0 -1000 -1000 -10
785 205 pedestrian 0 0 -10 585.31 173.53 663.70 194.39 -10 -10 -10 -100    0 -1000 -1000 -10
785 204 pedestrian 0 0 -10 647.03 177.05 709.84 205.31 -10 -10 -10 -100    0 -1000 -1000 -10
785 195 pedestrian 0 0 -10 675.03 177.75 808.37 229.38 -10 -10 -10 -100    0 -1000 -1000 -10
786 205 pedestrian 0 0 -10 583.39 173.48 661.82 194.07 -10 -10 -10 -100    0 -1000 -1000 -10
786 204 pedestrian 0 0 -10 646.61 176.62 709.99 205.11 -10 -10 -10 -100    0 -1000 -1000 -10
786 195 pedestrian 0 0 -10 676.76 177.38 813.75 231.08 -10 -10 -10 -100    0 -1000 -1000 -10
787 205 pedestrian 0 0 -10 582.91 172.81 661.11 193.70 -10 -10 -10 -100    0 -1000 -1000 -10
787 204 pedestrian 0 0 -10 645.55 176.10 709.79 205.02 -10 -10 -10 -100    0 -1000 -1000 -10
787 195 pedestrian 0 0 -10 678.79 176.64 818.82 232.26 -10 -10 -10 -100    0 -1000 -1000 -10
788 204 pedestrian 0 0 -10 644.87 174.97 712.72 205.02 -10 -10 -10 -100    0 -1000 -1000 -10
788 205 pedestrian 0 0 -10 581.29 172.29 661.81 192.86 -10 -10 -10 -100    0 -1000 -1000 -10
788 195 pedestrian 0 0 -10 679.24 176.27 824.69 233.08 -10 -10 -10 -100    0 -1000 -1000 -10
789 204 pedestrian 0 0 -10 644.67 175.34 711.95 205.22 -10 -10 -10 -100    0 -1000 -1000 -10
789 205 pedestrian 0 0 -10 580.99 172.38 660.56 193.27 -10 -10 -10 -100    0 -1000 -1000 -10
789 195 pedestrian 0 0 -10 680.79 176.18 832.25 235.07 -10 -10 -10 -100    0 -1000 -1000 -10
790 205 pedestrian 0 0 -10 580.65 172.79 660.22 194.61 -10 -10 -10 -100    0 -1000 -1000 -10
790 195 pedestrian 0 0 -10 682.75 176.93 839.28 238.13 -10 -10 -10 -100    0 -1000 -1000 -10
790 204 pedestrian 0 0 -10 645.07 176.53 712.69 206.48 -10 -10 -10 -100    0 -1000 -1000 -10
791 205 pedestrian 0 0 -10 577.67 173.43 661.22 196.16 -10 -10 -10 -100    0 -1000 -1000 -10
791 195 pedestrian 0 0 -10 684.83 177.42 848.88 240.78 -10 -10 -10 -100    0 -1000 -1000 -10
791 204 pedestrian 0 0 -10 644.60 177.84 714.00 207.95 -10 -10 -10 -100    0 -1000 -1000 -10
792 205 pedestrian 0 0 -10 576.48 173.56 661.14 196.93 -10 -10 -10 -100    0 -1000 -1000 -10
792 195 pedestrian 0 0 -10 686.34 176.61 857.86 243.20 -10 -10 -10 -100    0 -1000 -1000 -10
792 204 pedestrian 0 0 -10 644.53 177.87 717.46 208.89 -10 -10 -10 -100    0 -1000 -1000 -10
793 205 pedestrian 0 0 -10 573.77 172.70 661.53 196.85 -10 -10 -10 -100    0 -1000 -1000 -10
793 195 pedestrian 0 0 -10 687.87 176.63 868.74 246.02 -10 -10 -10 -100    0 -1000 -1000 -10
793 204 pedestrian 0 0 -10 644.21 177.05 717.60 209.14 -10 -10 -10 -100    0 -1000 -1000 -10
794 205 pedestrian 0 0 -10 573.22 172.88 661.07 197.10 -10 -10 -10 -100    0 -1000 -1000 -10
794 195 pedestrian 0 0 -10 690.70 175.96 880.54 249.43 -10 -10 -10 -100    0 -1000 -1000 -10
794 204 pedestrian 0 0 -10 644.76 176.57 720.55 210.19 -10 -10 -10 -100    0 -1000 -1000 -10
795 205 pedestrian 0 0 -10 574.29 172.73 663.29 197.11 -10 -10 -10 -100    0 -1000 -1000 -10
795 195 pedestrian 0 0 -10 694.77 176.52 894.97 253.64 -10 -10 -10 -100    0 -1000 -1000 -10
795 204 pedestrian 0 0 -10 645.87 176.08 724.89 210.55 -10 -10 -10 -100    0 -1000 -1000 -10
796 205 pedestrian 0 0 -10 573.90 172.95 663.98 197.63 -10 -10 -10 -100    0 -1000 -1000 -10
796 195 pedestrian 0 0 -10 700.03 177.15 912.59 257.78 -10 -10 -10 -100    0 -1000 -1000 -10
796 204 pedestrian 0 0 -10 647.76 176.79 726.69 210.80 -10 -10 -10 -100    0 -1000 -1000 -10
797 205 pedestrian 0 0 -10 573.76 173.51 663.03 197.61 -10 -10 -10 -100    0 -1000 -1000 -10
797 195 pedestrian 0 0 -10 705.58 177.24 929.84 263.07 -10 -10 -10 -100    0 -1000 -1000 -10
797 204 pedestrian 0 0 -10 648.89 177.22 729.11 211.81 -10 -10 -10 -100    0 -1000 -1000 -10
798 205 pedestrian 0 0 -10 573.76 173.71 663.02 197.52 -10 -10 -10 -100    0 -1000 -1000 -10
798 195 pedestrian 0 0 -10 713.01 177.26 949.93 268.55 -10 -10 -10 -100    0 -1000 -1000 -10
798 204 pedestrian 0 0 -10 649.64 177.00 732.27 212.46 -10 -10 -10 -100    0 -1000 -1000 -10
799 205 pedestrian 0 0 -10 575.31 173.39 663.11 197.29 -10 -10 -10 -100    0 -1000 -1000 -10
799 195 pedestrian 0 0 -10 717.82 176.63 973.74 274.93 -10 -10 -10 -100    0 -1000 -1000 -10
799 204 pedestrian 0 0 -10 650.98 175.22 736.72 212.88 -10 -10 -10 -100    0 -1000 -1000 -10
