0 4 pedestrian 0 0 -10 473.15 167.20 513.69 182.07 -10 -10 -10 -100    0 -1000 -1000 -10
0 3 pedestrian 0 0 -10 423.50 179.18 464.93 210.30 -10 -10 -10 -100    0 -1000 -1000 -10
0 2 pedestrian 0 0 -10 346.49 180.37 391.61 212.61 -10 -10 -10 -100    0 -1000 -1000 -10
0 1 pedestrian 0 0 -10 603.11 173.11 685.76 246.08 -10 -10 -10 -100    0 -1000 -1000 -10
1 4 pedestrian 0 0 -10 475.57 165.99 517.01 181.28 -10 -10 -10 -100    0 -1000 -1000 -10
1 3 pedestrian 0 0 -10 414.77 179.42 458.29 212.30 -10 -10 -10 -100    0 -1000 -1000 -10
1 2 pedestrian 0 0 -10 336.12 179.89 383.89 214.53 -10 -10 -10 -100    0 -1000 -1000 -10
1 1 pedestrian 0 0 -10 599.21 172.80 681.06 245.20 -10 -10 -10 -100    0 -1000 -1000 -10
2 4 pedestrian 0 0 -10 478.01 166.91 520.67 181.98 -10 -10 -10 -100    0 -1000 -1000 -10
2 3 pedestrian 0 0 -10 403.90 180.45 453.29 216.64 -10 -10 -10 -100    0 -1000 -1000 -10
2 2 pedestrian 0 0 -10 324.66 181.40 375.86 217.03 -10 -10 -10 -100    0 -1000 -1000 -10
2 1 pedestrian 0 0 -10 596.65 174.47 676.38 246.17 -10 -10 -10 -100    0 -1000 -1000 -10
3 4 pedestrian 0 0 -10 481.04 169.57 522.56 183.21 -10 -10 -10 -100    0 -1000 -1000 -10
3 3 pedestrian 0 0 -10 391.77 183.83 444.95 222.22 -10 -10 -10 -100    0 -1000 -1000 -10
3 2 pedestrian 0 0 -10 310.37 183.29 365.92 221.67 -10 -10 -10 -100    0 -1000 -1000 -10
3 1 pedestrian 0 0 -10 593.24 177.51 671.47 249.39 -10 -10 -10 -100    0 -1000 -1000 -10
4 4 pedestrian 0 0 -10 487.31 170.51 526.46 182.81 -10 -10 -10 -100    0 -1000 -1000 -10
4 3 pedestrian 0 0 -10 376.71 184.53 436.44 227.04 -10 -10 -10 -100    0 -1000 -1000 -10
4 2 pedestrian 0 0 -10 294.68 183.91 354.43 225.14 -10 -10 -10 -100    0 -1000 -1000 -10
4 1 pedestrian 0 0 -10 590.42 179.09 667.81 250.92 -10 -10 -10 -100    0 -1000 -1000 -10
5 4 pedestrian 0 0 -10 489.13 170.12 526.97 181.58 -10 -10 -10 -100    0 -1000 -1000 -10
5 3 pedestrian 0 0 -10 357.46 184.27 423.91 232.06 -10 -10 -10 -100    0 -1000 -1000 -10
5 2 pedestrian 0 0 -10 276.04 183.76 342.90 228.44 -10 -10 -10 -100    0 -1000 -1000 -10
5 1 pedestrian 0 0 -10 588.13 179.41 666.38 250.53 -10 -10 -10 -100    0 -1000 -1000 -10
6 4 pedestrian 0 0 -10 492.40 170.68 530.28 181.65 -10 -10 -10 -100    0 -1000 -1000 -10
6 3 pedestrian 0 0 -10 331.75 185.41 411.65 238.44 -10 -10 -10 -100    0 -1000 -1000 -10
6 2 pedestrian 0 0 -10 253.51 184.27 326.54 232.68 -10 -10 -10 -100    0 -1000 -1000 -10
6 1 pedestrian 0 0 -10 586.16 180.18 662.25 250.78 -10 -10 -10 -100    0 -1000 -1000 -10
7 4 pedestrian 0 0 -10 495.79 171.42 533.64 182.31 -10 -10 -10 -100    0 -1000 -1000 -10
7 3 pedestrian 0 0 -10 298.18 188.06 393.52 248.66 -10 -10 -10 -100    0 -1000 -1000 -10
7 2 pedestrian 0 0 -10 225.89 186.50 309.30 239.11 -10 -10 -10 -100    0 -1000 -1000 -10
7 1 pedestrian 0 0 -10 584.08 181.30 659.06 252.19 -10 -10 -10 -100    0 -1000 -1000 -10
8 4 pedestrian 0 0 -10 501.44 173.71 538.56 183.97 -10 -10 -10 -100    0 -1000 -1000 -10
8 3 pedestrian 0 0 -10 254.93 189.38 370.01 259.82 -10 -10 -10 -100    0 -1000 -1000 -10
8 2 pedestrian 0 0 -10 193.07 188.49 285.80 246.36 -10 -10 -10 -100    0 -1000 -1000 -10
8 1 pedestrian 0 0 -10 582.63 182.14 656.47 252.64 -10 -10 -10 -100    0 -1000 -1000 -10
9 4 pedestrian 0 0 -10 504.37 173.19 540.54 183.86 -10 -10 -10 -100    0 -1000 -1000 -10
9 3 pedestrian 0 0 -10 195.17 190.48 340.44 273.97 -10 -10 -10 -100    0 -1000 -1000 -10
9 2 pedestrian 0 0 -10 149.46 188.98 256.31 253.06 -10 -10 -10 -100    0 -1000 -1000 -10
9 1 pedestrian 0 0 -10 580.44 181.40 653.63 251.72 -10 -10 -10 -100    0 -1000 -1000 -10
10 4 pedestrian 0 0 -10 504.93 171.81 542.69 183.68 -10 -10 -10 -100    0 -1000 -1000 -10
10 3 pedestrian 0 0 -10 106.68 190.97 297.59 293.23 -10 -10 -10 -100    0 -1000 -1000 -10
10 2 pedestrian 0 0 -10 95.95 187.23 220.97 260.77 -10 -10 -10 -100    0 -1000 -1000 -10
10 1 pedestrian 0 0 -10 577.68 180.61 650.57 250.50 -10 -10 -10 -100    0 -1000 -1000 -10
11 4 pedestrian 0 0 -10 505.50 170.82 544.24 183.73 -10 -10 -10 -100    0 -1000 -1000 -10
11 3 pedestrian 0 0 -10 0.00 192.50 238.10 323.32 -10 -10 -10 -100    0 -1000 -1000 -10
11 2 pedestrian 0 0 -10 15.46 188.49 178.54 275.69 -10 -10 -10 -100    0 -1000 -1000 -10
11 1 pedestrian 0 0 -10 575.72 179.71 647.14 249.23 -10 -10 -10 -100    0 -1000 -1000 -10
12 4 pedestrian 0 0 -10 507.68 170.15 547.03 184.07 -10 -10 -10 -100    0 -1000 -1000 -10
12 3 pedestrian 0 0 -10 0.12 191.06 142.35 361.71 -10 -10 -10 -100    0 -1000 -1000 -10
12 1 pedestrian 0 0 -10 572.82 178.69 644.17 248.01 -10 -10 -10 -100    0 -1000 -1000 -10
13 4 pedestrian 0 0 -10 508.50 170.10 549.09 184.62 -10 -10 -10 -100    0 -1000 -1000 -10
13 1 pedestrian 0 0 -10 570.45 178.76 640.05 247.72 -10 -10 -10 -100    0 -1000 -1000 -10
14 4 pedestrian 0 0 -10 510.34 169.00 551.08 182.76 -10 -10 -10 -100    0 -1000 -1000 -10
14 1 pedestrian 0 0 -10 568.41 177.47 637.36 246.83 -10 -10 -10 -100    0 -1000 -1000 -10
15 4 pedestrian 0 0 -10 512.10 167.55 552.49 181.61 -10 -10 -10 -100    0 -1000 -1000 -10
15 1 pedestrian 0 0 -10 566.61 176.45 634.24 244.97 -10 -10 -10 -100    0 -1000 -1000 -10
16 4 pedestrian 0 0 -10 511.30 166.13 553.06 180.26 -10 -10 -10 -100    0 -1000 -1000 -10
16 1 pedestrian 0 0 -10 564.55 174.71 631.30 243.74 -10 -10 -10 -100    0 -1000 -1000 -10
17 4 pedestrian 0 0 -10 513.48 166.10 554.96 180.09 -10 -10 -10 -100    0 -1000 -1000 -10
17 1 pedestrian 0 0 -10 562.10 174.75 628.79 243.61 -10 -10 -10 -100    0 -1000 -1000 -10
18 4 pedestrian 0 0 -10 514.33 166.98 555.16 181.30 -10 -10 -10 -100    0 -1000 -1000 -10
18 1 pedestrian 0 0 -10 561.01 175.74 625.53 244.25 -10 -10 -10 -100    0 -1000 -1000 -10
19 4 pedestrian 0 0 -10 515.07 166.90 556.23 181.87 -10 -10 -10 -100    0 -1000 -1000 -10
19 1 pedestrian 0 0 -10 560.07 176.07 623.46 244.18 -10 -10 -10 -100    0 -1000 -1000 -10
20 4 pedestrian 0 0 -10 518.66 167.46 558.97 182.11 -10 -10 -10 -100    0 -1000 -1000 -10
20 1 pedestrian 0 0 -10 559.41 176.13 622.95 244.58 -10 -10 -10 -100    0 -1000 -1000 -10
21 4 pedestrian 0 0 -10 523.06 168.04 562.54 182.97 -10 -10 -10 -100    0 -1000 -1000 -10
21 1 pedestrian 0 0 -10 559.44 176.32 622.67 244.50 -10 -10 -10 -100    0 -1000 -1000 -10
22 4 pedestrian 0 0 -10 524.11 168.75 564.42 184.08 -10 -10 -10 -100    0 -1000 -1000 -10
22 1 pedestrian 0 0 -10 559.70 176.60 622.69 244.59 -10 -10 -10 -100    0 -1000 -1000 -10
23 4 pedestrian 0 0 -10 527.89 170.41 568.33 185.43 -10 -10 -10 -100    0 -1000 -1000 -10
23 1 pedestrian 0 0 -10 560.74 176.67 622.87 244.22 -10 -10 -10 -100    0 -1000 -1000 -10
24 4 pedestrian 0 0 -10 531.38 168.64 572.79 184.40 -10 -10 -10 -100    0 -1000 -1000 -10
24 1 pedestrian 0 0 -10 561.20 176.80 623.04 244.03 -10 -10 -10 -100    0 -1000 -1000 -10
25 4 pedestrian 0 0 -10 534.84 166.64 575.43 182.96 -10 -10 -10 -100    0 -1000 -1000 -10
25 1 pedestrian 0 0 -10 561.99 175.01 623.52 243.18 -10 -10 -10 -100    0 -1000 -1000 -10
26 4 pedestrian 0 0 -10 537.40 164.79 580.67 181.11 -10 -10 -10 -100    0 -1000 -1000 -10
26 1 pedestrian 0 0 -10 562.74 173.69 624.04 242.21 -10 -10 -10 -100    0 -1000 -1000 -10
27 4 pedestrian 0 0 -10 538.75 163.16 582.83 180.09 -10 -10 -10 -100    0 -1000 -1000 -10
27 1 pedestrian 0 0 -10 563.44 173.22 624.29 240.70 -10 -10 -10 -100    0 -1000 -1000 -10
28 4 pedestrian 0 0 -10 540.38 162.05 584.67 180.02 -10 -10 -10 -100    0 -1000 -1000 -10
28 1 pedestrian 0 0 -10 564.60 172.58 625.40 240.95 -10 -10 -10 -100    0 -1000 -1000 -10
29 4 pedestrian 0 0 -10 542.61 162.09 585.00 179.24 -10 -10 -10 -100    0 -1000 -1000 -10
29 1 pedestrian 0 0 -10 565.76 171.41 626.39 239.22 -10 -10 -10 -100    0 -1000 -1000 -10
30 4 pedestrian 0 0 -10 547.62 162.75 582.80 179.64 -10 -10 -10 -100    0 -1000 -1000 -10
30 1 pedestrian 0 0 -10 567.05 171.54 627.85 239.18 -10 -10 -10 -100    0 -1000 -1000 -10
31 4 pedestrian 0 0 -10 548.87 163.23 579.02 180.58 -10 -10 -10 -100    0 -1000 -1000 -10
31 1 pedestrian 0 0 -10 569.26 172.12 628.90 238.73 -10 -10 -10 -100    0 -1000 -1000 -10
32 4 pedestrian 0 0 -10 549.12 165.31 578.90 181.86 -10 -10 -10 -100    0 -1000 -1000 -10
32 1 pedestrian 0 0 -10 570.18 173.44 629.83 240.58 -10 -10 -10 -100    0 -1000 -1000 -10
33 4 pedestrian 0 0 -10 550.99 165.81 575.93 183.74 -10 -10 -10 -100    0 -1000 -1000 -10
33 1 pedestrian 0 0 -10 571.18 174.33 630.48 241.44 -10 -10 -10 -100    0 -1000 -1000 -10
34 4 pedestrian 0 0 -10 552.43 166.25 577.68 185.27 -10 -10 -10 -100    0 -1000 -1000 -10
34 1 pedestrian 0 0 -10 571.99 175.59 631.16 242.36 -10 -10 -10 -100    0 -1000 -1000 -10
35 4 pedestrian 0 0 -10 553.81 166.54 578.20 185.99 -10 -10 -10 -100    0 -1000 -1000 -10
35 1 pedestrian 0 0 -10 573.12 175.48 632.10 240.92 -10 -10 -10 -100    0 -1000 -1000 -10
36 4 pedestrian 0 0 -10 554.90 165.81 581.74 184.81 -10 -10 -10 -100    0 -1000 -1000 -10
36 1 pedestrian 0 0 -10 574.57 174.48 633.12 240.03 -10 -10 -10 -100    0 -1000 -1000 -10
37 4 pedestrian 0 0 -10 558.21 165.16 585.24 183.90 -10 -10 -10 -100    0 -1000 -1000 -10
37 1 pedestrian 0 0 -10 575.92 173.39 634.11 238.56 -10 -10 -10 -100    0 -1000 -1000 -10
38 4 pedestrian 0 0 -10 558.23 165.26 585.40 184.26 -10 -10 -10 -100    0 -1000 -1000 -10
38 1 pedestrian 0 0 -10 576.91 173.36 634.43 237.91 -10 -10 -10 -100    0 -1000 -1000 -10
39 4 pedestrian 0 0 -10 558.81 165.60 586.90 184.72 -10 -10 -10 -100    0 -1000 -1000 -10
39 1 pedestrian 0 0 -10 577.18 174.09 634.43 237.86 -10 -10 -10 -100    0 -1000 -1000 -10
40 5 pedestrian 0 0 -10 680.76 164.87 726.75 191.51 -10 -10 -10 -100    0 -1000 -1000 -10
40 4 pedestrian 0 0 -10 560.93 165.79 586.45 185.26 -10 -10 -10 -100    0 -1000 -1000 -10
40 1 pedestrian 0 0 -10 577.54 174.65 634.75 238.54 -10 -10 -10 -100    0 -1000 -1000 -10
41 5 pedestrian 0 0 -10 679.25 164.79 727.66 191.68 -10 -10 -10 -100    0 -1000 -1000 -10
41 4 pedestrian 0 0 -10 562.39 166.73 587.54 185.65 -10 -10 -10 -100    0 -1000 -1000 -10
41 1 pedestrian 0 0 -10 577.77 174.64 635.01 238.70 -10 -10 -10 -100    0 -1000 -1000 -10
42 5 pedestrian 0 0 -10 682.17 164.09 731.69 191.93 -10 -10 -10 -100    0 -1000 -1000 -10
42 4 pedestrian 0 0 -10 562.83 167.08 588.21 185.82 -10 -10 -10 -100    0 -1000 -1000 -10
42 1 pedestrian 0 0 -10 578.02 175.13 634.95 238.48 -10 -10 -10 -100    0 -1000 -1000 -10
43 5 pedestrian 0 0 -10 685.72 164.33 734.84 191.70 -10 -10 -10 -100    0 -1000 -1000 -10
43 4 pedestrian 0 0 -10 562.82 167.94 588.22 186.71 -10 -10 -10 -100    0 -1000 -1000 -10
43 1 pedestrian 0 0 -10 578.33 175.61 635.10 239.13 -10 -10 -10 -100    0 -1000 -1000 -10
44 4 pedestrian 0 0 -10 560.79 168.46 587.25 187.64 -10 -10 -10 -100    0 -1000 -1000 -10
44 5 pedestrian 0 0 -10 684.93 163.58 735.10 191.43 -10 -10 -10 -100    0 -1000 -1000 -10
44 1 pedestrian 0 0 -10 578.25 175.95 634.57 238.85 -10 -10 -10 -100    0 -1000 -1000 -10
45 4 pedestrian 0 0 -10 559.09 170.28 585.70 190.03 -10 -10 -10 -100    0 -1000 -1000 -10
45 5 pedestrian 0 0 -10 682.47 164.80 735.95 192.84 -10 -10 -10 -100    0 -1000 -1000 -10
45 1 pedestrian 0 0 -10 578.65 177.16 634.17 239.97 -10 -10 -10 -100    0 -1000 -1000 -10
46 4 pedestrian 0 0 -10 558.27 170.63 584.86 190.71 -10 -10 -10 -100    0 -1000 -1000 -10
46 6 pedestrian 0 0 -10 902.42 174.82 951.41 205.93 -10 -10 -10 -100    0 -1000 -1000 -10
46 5 pedestrian 0 0 -10 687.03 164.43 738.96 192.36 -10 -10 -10 -100    0 -1000 -1000 -10
46 1 pedestrian 0 0 -10 578.31 177.23 634.30 239.76 -10 -10 -10 -100    0 -1000 -1000 -10
47 4 pedestrian 0 0 -10 558.01 170.29 585.55 190.06 -10 -10 -10 -100    0 -1000 -1000 -10
47 6 pedestrian 0 0 -10 907.49 179.54 953.98 210.15 -10 -10 -10 -100    0 -1000 -1000 -10
47 5 pedestrian 0 0 -10 689.18 163.96 741.79 191.55 -10 -10 -10 -100    0 -1000 -1000 -10
47 1 pedestrian 0 0 -10 577.82 176.90 633.94 239.86 -10 -10 -10 -100    0 -1000 -1000 -10
48 4 pedestrian 0 0 -10 559.00 169.40 584.61 189.04 -10 -10 -10 -100    0 -1000 -1000 -10
48 6 pedestrian 0 0 -10 916.11 177.18 971.62 207.11 -10 -10 -10 -100    0 -1000 -1000 -10
48 5 pedestrian 0 0 -10 689.21 164.48 748.10 191.99 -10 -10 -10 -100    0 -1000 -1000 -10
48 1 pedestrian 0 0 -10 577.52 176.46 633.38 239.01 -10 -10 -10 -100    0 -1000 -1000 -10
49 4 pedestrian 0 0 -10 557.05 170.77 584.76 189.80 -10 -10 -10 -100    0 -1000 -1000 -10
49 6 pedestrian 0 0 -10 919.56 176.96 975.23 207.23 -10 -10 -10 -100    0 -1000 -1000 -10
49 5 pedestrian 0 0 -10 689.44 164.95 748.64 192.42 -10 -10 -10 -100    0 -1000 -1000 -10
49 1 pedestrian 0 0 -10 577.32 177.37 633.07 239.25 -10 -10 -10 -100    0 -1000 -1000 -10
50 4 pedestrian 0 0 -10 555.43 172.27 582.46 191.61 -10 -10 -10 -100    0 -1000 -1000 -10
50 6 pedestrian 0 0 -10 918.52 176.99 973.78 208.39 -10 -10 -10 -100    0 -1000 -1000 -10
50 5 pedestrian 0 0 -10 690.76 165.88 749.58 193.77 -10 -10 -10 -100    0 -1000 -1000 -10
50 1 pedestrian 0 0 -10 576.92 178.52 632.31 239.93 -10 -10 -10 -100    0 -1000 -1000 -10
51 4 pedestrian 0 0 -10 554.33 173.50 582.03 192.82 -10 -10 -10 -100    0 -1000 -1000 -10
51 6 pedestrian 0 0 -10 940.51 179.06 995.97 209.51 -10 -10 -10 -100    0 -1000 -1000 -10
51 5 pedestrian 0 0 -10 689.11 166.25 746.45 194.06 -10 -10 -10 -100    0 -1000 -1000 -10
51 1 pedestrian 0 0 -10 576.11 178.44 631.58 240.44 -10 -10 -10 -100    0 -1000 -1000 -10
52 4 pedestrian 0 0 -10 554.08 171.67 584.95 192.61 -10 -10 -10 -100    0 -1000 -1000 -10
52 6 pedestrian 0 0 -10 947.66 178.38 1000.60 208.09 -10 -10 -10 -100    0 -1000 -1000 -10
52 5 pedestrian 0 0 -10 690.23 165.99 750.68 193.10 -10 -10 -10 -100    0 -1000 -1000 -10
52 1 pedestrian 0 0 -10 575.59 178.19 630.62 240.20 -10 -10 -10 -100    0 -1000 -1000 -10
53 4 pedestrian 0 0 -10 551.46 171.02 586.48 192.51 -10 -10 -10 -100    0 -1000 -1000 -10
53 6 pedestrian 0 0 -10 951.93 174.61 1008.97 205.76 -10 -10 -10 -100    0 -1000 -1000 -10
53 5 pedestrian 0 0 -10 691.04 165.09 752.61 191.91 -10 -10 -10 -100    0 -1000 -1000 -10
53 1 pedestrian 0 0 -10 574.98 177.39 629.79 238.83 -10 -10 -10 -100    0 -1000 -1000 -10
54 4 pedestrian 0 0 -10 550.48 172.81 583.63 192.03 -10 -10 -10 -100    0 -1000 -1000 -10
54 6 pedestrian 0 0 -10 961.35 171.54 1018.69 204.01 -10 -10 -10 -100    0 -1000 -1000 -10
54 5 pedestrian 0 0 -10 692.25 165.98 752.36 192.35 -10 -10 -10 -100    0 -1000 -1000 -10
54 1 pedestrian 0 0 -10 573.83 177.03 628.60 237.84 -10 -10 -10 -100    0 -1000 -1000 -10
55 4 pedestrian 0 0 -10 549.26 172.32 589.06 190.89 -10 -10 -10 -100    0 -1000 -1000 -10
55 5 pedestrian 0 0 -10 693.01 165.92 751.84 191.59 -10 -10 -10 -100    0 -1000 -1000 -10
55 1 pedestrian 0 0 -10 573.04 175.67 627.20 236.47 -10 -10 -10 -100    0 -1000 -1000 -10
56 5 pedestrian 0 0 -10 691.30 166.38 747.77 193.71 -10 -10 -10 -100    0 -1000 -1000 -10
56 1 pedestrian 0 0 -10 571.45 174.12 625.68 234.41 -10 -10 -10 -100    0 -1000 -1000 -10
57 5 pedestrian 0 0 -10 691.34 166.44 747.42 192.75 -10 -10 -10 -100    0 -1000 -1000 -10
57 1 pedestrian 0 0 -10 570.12 174.11 623.79 234.58 -10 -10 -10 -100    0 -1000 -1000 -10
58 6 pedestrian 0 0 -10 997.48 172.92 1061.63 207.38 -10 -10 -10 -100    0 -1000 -1000 -10
58 5 pedestrian 0 0 -10 694.25 166.56 753.77 193.19 -10 -10 -10 -100    0 -1000 -1000 -10
58 1 pedestrian 0 0 -10 569.78 177.21 623.09 237.24 -10 -10 -10 -100    0 -1000 -1000 -10
59 6 pedestrian 0 0 -10 1008.75 176.91 1070.58 211.89 -10 -10 -10 -100    0 -1000 -1000 -10
59 5 pedestrian 0 0 -10 700.55 170.35 760.97 197.08 -10 -10 -10 -100    0 -1000 -1000 -10
59 1 pedestrian 0 0 -10 568.74 180.65 622.36 240.62 -10 -10 -10 -100    0 -1000 -1000 -10
60 4 pedestrian 0 0 -10 533.46 176.98 578.88 199.26 -10 -10 -10 -100    0 -1000 -1000 -10
60 6 pedestrian 0 0 -10 1023.87 181.03 1088.59 218.19 -10 -10 -10 -100    0 -1000 -1000 -10
60 5 pedestrian 0 0 -10 705.27 174.16 769.95 202.82 -10 -10 -10 -100    0 -1000 -1000 -10
60 1 pedestrian 0 0 -10 568.05 183.11 621.30 243.11 -10 -10 -10 -100    0 -1000 -1000 -10
61 4 pedestrian 0 0 -10 530.87 175.45 576.64 198.14 -10 -10 -10 -100    0 -1000 -1000 -10
61 6 pedestrian 0 0 -10 1026.51 181.37 1093.95 217.28 -10 -10 -10 -100    0 -1000 -1000 -10
61 5 pedestrian 0 0 -10 710.45 170.45 781.00 203.97 -10 -10 -10 -100    0 -1000 -1000 -10
61 1 pedestrian 0 0 -10 566.56 181.03 620.09 240.96 -10 -10 -10 -100    0 -1000 -1000 -10
62 4 pedestrian 0 0 -10 528.46 169.81 576.73 190.74 -10 -10 -10 -100    0 -1000 -1000 -10
62 6 pedestrian 0 0 -10 1037.05 175.46 1102.75 211.27 -10 -10 -10 -100    0 -1000 -1000 -10
62 5 pedestrian 0 0 -10 703.93 162.82 763.73 192.03 -10 -10 -10 -100    0 -1000 -1000 -10
62 1 pedestrian 0 0 -10 565.37 173.16 618.69 233.80 -10 -10 -10 -100    0 -1000 -1000 -10
63 6 pedestrian 0 0 -10 1037.91 178.89 1102.85 209.33 -10 -10 -10 -100    0 -1000 -1000 -10
63 5 pedestrian 0 0 -10 696.59 161.49 760.06 189.45 -10 -10 -10 -100    0 -1000 -1000 -10
63 1 pedestrian 0 0 -10 564.17 168.56 617.81 228.35 -10 -10 -10 -100    0 -1000 -1000 -10
64 5 pedestrian 0 0 -10 700.30 162.09 764.31 191.63 -10 -10 -10 -100    0 -1000 -1000 -10
64 1 pedestrian 0 0 -10 563.98 170.20 617.26 229.59 -10 -10 -10 -100    0 -1000 -1000 -10
65 9 pedestrian 0 0 -10 517.49 178.86 538.73 196.76 -10 -10 -10 -100    0 -1000 -1000 -10
65 5 pedestrian 0 0 -10 707.78 163.22 775.42 191.84 -10 -10 -10 -100    0 -1000 -1000 -10
65 1 pedestrian 0 0 -10 564.31 175.57 617.04 234.84 -10 -10 -10 -100    0 -1000 -1000 -10
66 9 pedestrian 0 0 -10 513.46 181.70 534.83 200.85 -10 -10 -10 -100    0 -1000 -1000 -10
66 5 pedestrian 0 0 -10 706.05 165.33 778.59 193.02 -10 -10 -10 -100    0 -1000 -1000 -10
66 1 pedestrian 0 0 -10 563.85 178.32 616.19 237.26 -10 -10 -10 -100    0 -1000 -1000 -10
67 10 pedestrian 0 0 -10 1108.20 157.65 1209.73 210.23 -10 -10 -10 -100    0 -1000 -1000 -10
67 9 pedestrian 0 0 -10 509.05 181.18 531.90 200.78 -10 -10 -10 -100    0 -1000 -1000 -10
67 5 pedestrian 0 0 -10 708.50 164.50 779.38 192.45 -10 -10 -10 -100    0 -1000 -1000 -10
67 1 pedestrian 0 0 -10 563.69 177.83 616.22 236.70 -10 -10 -10 -100    0 -1000 -1000 -10
68 11 pedestrian 0 0 -10 551.54 176.28 571.06 193.71 -10 -10 -10 -100    0 -1000 -1000 -10
68 10 pedestrian 0 0 -10 1127.67 154.45 1234.08 215.04 -10 -10 -10 -100    0 -1000 -1000 -10
68 9 pedestrian 0 0 -10 504.82 179.86 529.24 200.06 -10 -10 -10 -100    0 -1000 -1000 -10
68 5 pedestrian 0 0 -10 709.55 163.35 781.09 193.15 -10 -10 -10 -100    0 -1000 -1000 -10
68 1 pedestrian 0 0 -10 564.04 175.48 616.08 234.41 -10 -10 -10 -100    0 -1000 -1000 -10
69 11 pedestrian 0 0 -10 549.12 174.83 568.97 193.07 -10 -10 -10 -100    0 -1000 -1000 -10
69 10 pedestrian 0 0 -10 1149.22 153.78 1241.71 214.39 -10 -10 -10 -100    0 -1000 -1000 -10
69 9 pedestrian 0 0 -10 499.91 179.08 525.74 200.14 -10 -10 -10 -100    0 -1000 -1000 -10
69 5 pedestrian 0 0 -10 714.05 162.68 784.13 194.59 -10 -10 -10 -100    0 -1000 -1000 -10
69 1 pedestrian 0 0 -10 564.52 174.42 616.47 232.59 -10 -10 -10 -100    0 -1000 -1000 -10
70 11 pedestrian 0 0 -10 546.67 173.57 567.47 192.45 -10 -10 -10 -100    0 -1000 -1000 -10
70 10 pedestrian 0 0 -10 1170.14 153.56 1241.16 212.84 -10 -10 -10 -100    0 -1000 -1000 -10
70 9 pedestrian 0 0 -10 494.73 178.22 522.29 200.29 -10 -10 -10 -100    0 -1000 -1000 -10
70 5 pedestrian 0 0 -10 723.08 159.32 792.00 202.46 -10 -10 -10 -100    0 -1000 -1000 -10
70 1 pedestrian 0 0 -10 564.54 172.54 616.46 230.64 -10 -10 -10 -100    0 -1000 -1000 -10
71 11 pedestrian 0 0 -10 545.03 173.42 566.33 192.72 -10 -10 -10 -100    0 -1000 -1000 -10
71 10 pedestrian 0 0 -10 1195.55 158.30 1241.90 218.73 -10 -10 -10 -100    0 -1000 -1000 -10
71 9 pedestrian 0 0 -10 488.35 177.39 516.54 201.66 -10 -10 -10 -100    0 -1000 -1000 -10
71 5 pedestrian 0 0 -10 728.91 157.19 812.06 210.33 -10 -10 -10 -100    0 -1000 -1000 -10
71 1 pedestrian 0 0 -10 564.82 172.35 616.48 230.77 -10 -10 -10 -100    0 -1000 -1000 -10
72 11 pedestrian 0 0 -10 542.94 175.05 565.49 196.29 -10 -10 -10 -100    0 -1000 -1000 -10
72 9 pedestrian 0 0 -10 480.74 179.77 512.70 205.51 -10 -10 -10 -100    0 -1000 -1000 -10
72 5 pedestrian 0 0 -10 732.90 157.22 832.77 213.32 -10 -10 -10 -100    0 -1000 -1000 -10
72 1 pedestrian 0 0 -10 564.68 173.89 616.01 232.23 -10 -10 -10 -100    0 -1000 -1000 -10
73 11 pedestrian 0 0 -10 539.31 175.85 563.42 198.63 -10 -10 -10 -100    0 -1000 -1000 -10
73 9 pedestrian 0 0 -10 473.34 180.45 507.53 208.71 -10 -10 -10 -100    0 -1000 -1000 -10
73 5 pedestrian 0 0 -10 726.60 160.36 810.92 197.95 -10 -10 -10 -100    0 -1000 -1000 -10
73 1 pedestrian 0 0 -10 565.18 174.17 616.74 232.46 -10 -10 -10 -100    0 -1000 -1000 -10
74 11 pedestrian 0 0 -10 536.27 175.68 561.83 199.74 -10 -10 -10 -100    0 -1000 -1000 -10
74 9 pedestrian 0 0 -10 464.25 181.97 501.54 211.75 -10 -10 -10 -100    0 -1000 -1000 -10
74 5 pedestrian 0 0 -10 726.66 158.74 817.58 192.80 -10 -10 -10 -100    0 -1000 -1000 -10
74 1 pedestrian 0 0 -10 565.52 173.42 617.12 231.44 -10 -10 -10 -100    0 -1000 -1000 -10
75 11 pedestrian 0 0 -10 532.11 177.04 559.71 202.25 -10 -10 -10 -100    0 -1000 -1000 -10
75 9 pedestrian 0 0 -10 453.58 183.59 494.62 215.78 -10 -10 -10 -100    0 -1000 -1000 -10
75 5 pedestrian 0 0 -10 725.27 159.68 823.59 194.29 -10 -10 -10 -100    0 -1000 -1000 -10
75 1 pedestrian 0 0 -10 565.71 173.84 617.22 231.61 -10 -10 -10 -100    0 -1000 -1000 -10
76 11 pedestrian 0 0 -10 525.69 176.98 557.62 204.97 -10 -10 -10 -100    0 -1000 -1000 -10
76 9 pedestrian 0 0 -10 438.74 184.36 484.62 219.83 -10 -10 -10 -100    0 -1000 -1000 -10
76 5 pedestrian 0 0 -10 726.58 159.37 830.39 197.21 -10 -10 -10 -100    0 -1000 -1000 -10
76 1 pedestrian 0 0 -10 565.62 173.72 616.87 231.60 -10 -10 -10 -100    0 -1000 -1000 -10
77 11 pedestrian 0 0 -10 519.89 177.02 553.92 207.07 -10 -10 -10 -100    0 -1000 -1000 -10
77 9 pedestrian 0 0 -10 422.26 183.72 473.83 223.84 -10 -10 -10 -100    0 -1000 -1000 -10
77 5 pedestrian 0 0 -10 736.42 154.65 831.84 200.72 -10 -10 -10 -100    0 -1000 -1000 -10
77 1 pedestrian 0 0 -10 566.24 173.43 617.13 230.55 -10 -10 -10 -100    0 -1000 -1000 -10
78 11 pedestrian 0 0 -10 512.48 182.92 550.59 216.67 -10 -10 -10 -100    0 -1000 -1000 -10
78 9 pedestrian 0 0 -10 401.61 189.75 461.55 236.07 -10 -10 -10 -100    0 -1000 -1000 -10
78 5 pedestrian 0 0 -10 738.19 159.77 831.57 202.85 -10 -10 -10 -100    0 -1000 -1000 -10
78 1 pedestrian 0 0 -10 567.05 178.30 618.17 236.31 -10 -10 -10 -100    0 -1000 -1000 -10
79 11 pedestrian 0 0 -10 504.16 189.55 547.32 227.28 -10 -10 -10 -100    0 -1000 -1000 -10
79 9 pedestrian 0 0 -10 376.64 197.74 446.12 249.57 -10 -10 -10 -100    0 -1000 -1000 -10
79 5 pedestrian 0 0 -10 743.71 166.61 834.76 205.99 -10 -10 -10 -100    0 -1000 -1000 -10
79 1 pedestrian 0 0 -10 567.31 184.02 618.35 241.15 -10 -10 -10 -100    0 -1000 -1000 -10
80 11 pedestrian 0 0 -10 493.22 189.77 542.00 231.13 -10 -10 -10 -100    0 -1000 -1000 -10
80 9 pedestrian 0 0 -10 344.86 199.75 426.79 258.89 -10 -10 -10 -100    0 -1000 -1000 -10
80 5 pedestrian 0 0 -10 743.48 167.84 846.78 205.27 -10 -10 -10 -100    0 -1000 -1000 -10
80 1 pedestrian 0 0 -10 567.58 183.01 618.79 240.56 -10 -10 -10 -100    0 -1000 -1000 -10
81 11 pedestrian 0 0 -10 480.07 188.31 535.33 235.48 -10 -10 -10 -100    0 -1000 -1000 -10
81 9 pedestrian 0 0 -10 301.25 200.12 403.92 269.40 -10 -10 -10 -100    0 -1000 -1000 -10
81 5 pedestrian 0 0 -10 751.03 160.30 862.74 207.53 -10 -10 -10 -100    0 -1000 -1000 -10
81 1 pedestrian 0 0 -10 568.57 181.05 619.58 237.75 -10 -10 -10 -100    0 -1000 -1000 -10
82 11 pedestrian 0 0 -10 462.32 188.57 526.90 241.44 -10 -10 -10 -100    0 -1000 -1000 -10
82 9 pedestrian 0 0 -10 242.03 202.63 373.53 285.90 -10 -10 -10 -100    0 -1000 -1000 -10
82 1 pedestrian 0 0 -10 569.18 180.59 619.85 237.16 -10 -10 -10 -100    0 -1000 -1000 -10
83 19 pedestrian 0 0 -10 612.17 172.75 631.69 195.25 -10 -10 -10 -100    0 -1000 -1000 -10
83 11 pedestrian 0 0 -10 438.57 187.56 515.92 249.43 -10 -10 -10 -100    0 -1000 -1000 -10
83 9 pedestrian 0 0 -10 152.50 205.05 329.53 309.89 -10 -10 -10 -100    0 -1000 -1000 -10
83 1 pedestrian 0 0 -10 569.20 179.08 619.78 235.53 -10 -10 -10 -100    0 -1000 -1000 -10
84 19 pedestrian 0 0 -10 612.39 169.95 630.80 191.60 -10 -10 -10 -100    0 -1000 -1000 -10
84 11 pedestrian 0 0 -10 406.71 186.91 502.23 260.12 -10 -10 -10 -100    0 -1000 -1000 -10
84 1 pedestrian 0 0 -10 569.15 176.58 619.64 232.22 -10 -10 -10 -100    0 -1000 -1000 -10
85 28 pedestrian 0 0 -10 801.54 162.97 841.96 189.05 -10 -10 -10 -100    0 -1000 -1000 -10
85 27 pedestrian 0 0 -10 759.56 157.40 800.67 194.56 -10 -10 -10 -100    0 -1000 -1000 -10
85 26 pedestrian 0 0 -10 681.61 163.57 716.65 191.21 -10 -10 -10 -100    0 -1000 -1000 -10
85 25 pedestrian 0 0 -10 834.06 154.12 894.62 192.74 -10 -10 -10 -100    0 -1000 -1000 -10
85 19 pedestrian 0 0 -10 612.60 168.82 630.93 190.32 -10 -10 -10 -100    0 -1000 -1000 -10
85 11 pedestrian 0 0 -10 357.15 187.71 482.77 279.40 -10 -10 -10 -100    0 -1000 -1000 -10
85 1 pedestrian 0 0 -10 569.44 174.44 620.10 230.89 -10 -10 -10 -100    0 -1000 -1000 -10
86 28 pedestrian 0 0 -10 805.14 162.00 847.56 189.93 -10 -10 -10 -100    0 -1000 -1000 -10
86 27 pedestrian 0 0 -10 759.55 157.43 802.89 193.38 -10 -10 -10 -100    0 -1000 -1000 -10
86 26 pedestrian 0 0 -10 679.34 163.83 713.27 190.37 -10 -10 -10 -100    0 -1000 -1000 -10
86 25 pedestrian 0 0 -10 841.54 153.68 902.34 192.88 -10 -10 -10 -100    0 -1000 -1000 -10
86 19 pedestrian 0 0 -10 612.80 169.20 631.02 190.23 -10 -10 -10 -100    0 -1000 -1000 -10
86 11 pedestrian 0 0 -10 278.85 190.25 453.59 313.16 -10 -10 -10 -100    0 -1000 -1000 -10
86 1 pedestrian 0 0 -10 569.78 175.17 620.06 231.08 -10 -10 -10 -100    0 -1000 -1000 -10
87 28 pedestrian 0 0 -10 809.36 163.08 852.38 190.99 -10 -10 -10 -100    0 -1000 -1000 -10
87 27 pedestrian 0 0 -10 762.80 159.10 805.06 194.62 -10 -10 -10 -100    0 -1000 -1000 -10
87 26 pedestrian 0 0 -10 683.11 163.22 716.42 190.61 -10 -10 -10 -100    0 -1000 -1000 -10
87 25 pedestrian 0 0 -10 846.91 156.73 912.36 195.03 -10 -10 -10 -100    0 -1000 -1000 -10
87 19 pedestrian 0 0 -10 613.92 170.21 631.86 191.38 -10 -10 -10 -100    0 -1000 -1000 -10
87 1 pedestrian 0 0 -10 570.53 176.92 620.53 233.38 -10 -10 -10 -100    0 -1000 -1000 -10
88 32 pedestrian 0 0 -10 560.77 172.69 579.96 192.86 -10 -10 -10 -100    0 -1000 -1000 -10
88 28 pedestrian 0 0 -10 814.36 162.47 858.91 191.31 -10 -10 -10 -100    0 -1000 -1000 -10
88 27 pedestrian 0 0 -10 781.72 163.46 814.89 191.37 -10 -10 -10 -100    0 -1000 -1000 -10
88 26 pedestrian 0 0 -10 683.93 163.42 718.08 190.13 -10 -10 -10 -100    0 -1000 -1000 -10
88 25 pedestrian 0 0 -10 853.44 151.81 926.00 194.61 -10 -10 -10 -100    0 -1000 -1000 -10
88 19 pedestrian 0 0 -10 614.40 170.05 632.92 192.24 -10 -10 -10 -100    0 -1000 -1000 -10
88 1 pedestrian 0 0 -10 570.93 176.97 620.91 233.33 -10 -10 -10 -100    0 -1000 -1000 -10
89 32 pedestrian 0 0 -10 559.85 172.74 579.22 192.46 -10 -10 -10 -100    0 -1000 -1000 -10
89 28 pedestrian 0 0 -10 818.82 161.11 865.73 191.58 -10 -10 -10 -100    0 -1000 -1000 -10
89 27 pedestrian 0 0 -10 770.49 160.90 814.16 192.35 -10 -10 -10 -100    0 -1000 -1000 -10
89 26 pedestrian 0 0 -10 684.52 162.80 720.90 190.38 -10 -10 -10 -100    0 -1000 -1000 -10
89 25 pedestrian 0 0 -10 862.25 152.31 935.57 195.65 -10 -10 -10 -100    0 -1000 -1000 -10
89 19 pedestrian 0 0 -10 614.23 169.66 632.93 191.55 -10 -10 -10 -100    0 -1000 -1000 -10
89 1 pedestrian 0 0 -10 570.74 176.55 620.85 232.72 -10 -10 -10 -100    0 -1000 -1000 -10
90 32 pedestrian 0 0 -10 559.72 172.37 579.70 191.72 -10 -10 -10 -100    0 -1000 -1000 -10
90 28 pedestrian 0 0 -10 826.29 161.73 871.03 191.18 -10 -10 -10 -100    0 -1000 -1000 -10
90 27 pedestrian 0 0 -10 790.02 164.69 826.16 189.97 -10 -10 -10 -100    0 -1000 -1000 -10
90 26 pedestrian 0 0 -10 682.20 162.54 719.73 189.89 -10 -10 -10 -100    0 -1000 -1000 -10
90 25 pedestrian 0 0 -10 870.25 150.61 942.90 195.18 -10 -10 -10 -100    0 -1000 -1000 -10
90 19 pedestrian 0 0 -10 614.67 169.52 633.05 191.47 -10 -10 -10 -100    0 -1000 -1000 -10
90 1 pedestrian 0 0 -10 569.87 176.46 620.35 232.61 -10 -10 -10 -100    0 -1000 -1000 -10
91 32 pedestrian 0 0 -10 558.80 171.26 578.87 191.29 -10 -10 -10 -100    0 -1000 -1000 -10
91 28 pedestrian 0 0 -10 829.52 159.30 878.90 191.38 -10 -10 -10 -100    0 -1000 -1000 -10
91 27 pedestrian 0 0 -10 796.52 163.86 831.58 188.52 -10 -10 -10 -100    0 -1000 -1000 -10
91 26 pedestrian 0 0 -10 683.06 162.95 719.42 190.64 -10 -10 -10 -100    0 -1000 -1000 -10
91 25 pedestrian 0 0 -10 877.82 147.98 957.16 194.58 -10 -10 -10 -100    0 -1000 -1000 -10
91 19 pedestrian 0 0 -10 614.78 168.63 632.72 190.16 -10 -10 -10 -100    0 -1000 -1000 -10
91 1 pedestrian 0 0 -10 569.86 176.03 620.40 232.11 -10 -10 -10 -100    0 -1000 -1000 -10
92 28 pedestrian 0 0 -10 834.44 157.13 887.51 189.97 -10 -10 -10 -100    0 -1000 -1000 -10
92 27 pedestrian 0 0 -10 799.00 163.89 836.42 188.47 -10 -10 -10 -100    0 -1000 -1000 -10
92 26 pedestrian 0 0 -10 682.04 161.68 720.19 188.87 -10 -10 -10 -100    0 -1000 -1000 -10
92 25 pedestrian 0 0 -10 886.68 146.58 968.74 194.10 -10 -10 -10 -100    0 -1000 -1000 -10
92 19 pedestrian 0 0 -10 615.14 167.27 633.13 189.48 -10 -10 -10 -100    0 -1000 -1000 -10
92 32 pedestrian 0 0 -10 556.51 170.16 577.82 191.14 -10 -10 -10 -100    0 -1000 -1000 -10
92 1 pedestrian 0 0 -10 569.68 174.72 619.98 231.07 -10 -10 -10 -100    0 -1000 -1000 -10
93 28 pedestrian 0 0 -10 842.33 156.25 895.82 189.51 -10 -10 -10 -100    0 -1000 -1000 -10
93 27 pedestrian 0 0 -10 804.23 158.40 838.49 186.42 -10 -10 -10 -100    0 -1000 -1000 -10
93 26 pedestrian 0 0 -10 683.11 161.28 722.30 189.31 -10 -10 -10 -100    0 -1000 -1000 -10
93 25 pedestrian 0 0 -10 896.21 142.53 985.65 192.98 -10 -10 -10 -100    0 -1000 -1000 -10
93 19 pedestrian 0 0 -10 614.68 167.18 632.73 189.71 -10 -10 -10 -100    0 -1000 -1000 -10
93 32 pedestrian 0 0 -10 555.16 170.14 577.77 192.21 -10 -10 -10 -100    0 -1000 -1000 -10
93 1 pedestrian 0 0 -10 569.35 174.18 619.73 230.39 -10 -10 -10 -100    0 -1000 -1000 -10
94 28 pedestrian 0 0 -10 846.60 157.25 907.53 191.79 -10 -10 -10 -100    0 -1000 -1000 -10
94 27 pedestrian 0 0 -10 805.74 161.32 844.10 187.38 -10 -10 -10 -100    0 -1000 -1000 -10
94 26 pedestrian 0 0 -10 683.61 163.18 722.15 190.07 -10 -10 -10 -100    0 -1000 -1000 -10
94 25 pedestrian 0 0 -10 906.13 141.85 995.26 193.96 -10 -10 -10 -100    0 -1000 -1000 -10
94 19 pedestrian 0 0 -10 614.10 168.11 632.67 190.67 -10 -10 -10 -100    0 -1000 -1000 -10
94 32 pedestrian 0 0 -10 554.16 171.53 575.65 192.90 -10 -10 -10 -100    0 -1000 -1000 -10
94 33 pedestrian 0 0 -10 785.23 167.43 809.12 190.17 -10 -10 -10 -100    0 -1000 -1000 -10
94 1 pedestrian 0 0 -10 569.24 175.42 619.25 231.46 -10 -10 -10 -100    0 -1000 -1000 -10
95 28 pedestrian 0 0 -10 854.20 155.39 913.85 191.24 -10 -10 -10 -100    0 -1000 -1000 -10
95 27 pedestrian 0 0 -10 809.77 161.82 851.76 188.21 -10 -10 -10 -100    0 -1000 -1000 -10
95 26 pedestrian 0 0 -10 690.36 162.67 727.19 189.33 -10 -10 -10 -100    0 -1000 -1000 -10
95 25 pedestrian 0 0 -10 917.54 138.72 1012.64 193.57 -10 -10 -10 -100    0 -1000 -1000 -10
95 19 pedestrian 0 0 -10 612.89 169.39 632.26 191.87 -10 -10 -10 -100    0 -1000 -1000 -10
95 32 pedestrian 0 0 -10 554.22 173.94 574.36 194.66 -10 -10 -10 -100    0 -1000 -1000 -10
95 33 pedestrian 0 0 -10 786.83 167.25 814.87 190.83 -10 -10 -10 -100    0 -1000 -1000 -10
95 1 pedestrian 0 0 -10 568.05 176.23 618.39 231.98 -10 -10 -10 -100    0 -1000 -1000 -10
96 28 pedestrian 0 0 -10 861.78 155.45 925.23 192.11 -10 -10 -10 -100    0 -1000 -1000 -10
96 27 pedestrian 0 0 -10 814.89 162.23 857.48 188.66 -10 -10 -10 -100    0 -1000 -1000 -10
96 26 pedestrian 0 0 -10 694.91 161.77 732.62 188.89 -10 -10 -10 -100    0 -1000 -1000 -10
96 25 pedestrian 0 0 -10 927.80 136.39 1028.82 193.82 -10 -10 -10 -100    0 -1000 -1000 -10
96 19 pedestrian 0 0 -10 612.47 170.13 631.91 191.99 -10 -10 -10 -100    0 -1000 -1000 -10
96 32 pedestrian 0 0 -10 551.76 174.22 574.06 195.86 -10 -10 -10 -100    0 -1000 -1000 -10
96 33 pedestrian 0 0 -10 791.31 166.78 819.64 190.81 -10 -10 -10 -100    0 -1000 -1000 -10
96 1 pedestrian 0 0 -10 567.08 176.17 617.55 232.41 -10 -10 -10 -100    0 -1000 -1000 -10
97 28 pedestrian 0 0 -10 870.90 153.75 936.23 191.46 -10 -10 -10 -100    0 -1000 -1000 -10
97 27 pedestrian 0 0 -10 822.60 159.92 866.21 187.45 -10 -10 -10 -100    0 -1000 -1000 -10
97 26 pedestrian 0 0 -10 694.65 161.39 731.07 188.49 -10 -10 -10 -100    0 -1000 -1000 -10
97 25 pedestrian 0 0 -10 939.18 132.04 1052.93 192.79 -10 -10 -10 -100    0 -1000 -1000 -10
97 19 pedestrian 0 0 -10 612.70 169.74 631.30 190.77 -10 -10 -10 -100    0 -1000 -1000 -10
97 32 pedestrian 0 0 -10 548.38 174.69 571.15 194.81 -10 -10 -10 -100    0 -1000 -1000 -10
97 1 pedestrian 0 0 -10 566.60 175.75 616.93 232.22 -10 -10 -10 -100    0 -1000 -1000 -10
98 28 pedestrian 0 0 -10 878.62 149.86 948.49 190.11 -10 -10 -10 -100    0 -1000 -1000 -10
98 27 pedestrian 0 0 -10 827.89 157.52 873.01 184.95 -10 -10 -10 -100    0 -1000 -1000 -10
98 26 pedestrian 0 0 -10 694.64 161.77 731.76 188.85 -10 -10 -10 -100    0 -1000 -1000 -10
98 25 pedestrian 0 0 -10 954.22 128.83 1070.40 191.82 -10 -10 -10 -100    0 -1000 -1000 -10
98 19 pedestrian 0 0 -10 612.31 168.58 630.95 189.58 -10 -10 -10 -100    0 -1000 -1000 -10
98 32 pedestrian 0 0 -10 546.75 173.14 570.18 192.92 -10 -10 -10 -100    0 -1000 -1000 -10
98 1 pedestrian 0 0 -10 565.49 174.41 615.57 230.51 -10 -10 -10 -100    0 -1000 -1000 -10
99 28 pedestrian 0 0 -10 887.68 149.01 960.86 189.44 -10 -10 -10 -100    0 -1000 -1000 -10
99 27 pedestrian 0 0 -10 833.63 156.41 880.53 184.30 -10 -10 -10 -100    0 -1000 -1000 -10
99 26 pedestrian 0 0 -10 696.32 161.98 732.12 188.29 -10 -10 -10 -100    0 -1000 -1000 -10
99 25 pedestrian 0 0 -10 968.93 124.30 1094.00 191.21 -10 -10 -10 -100    0 -1000 -1000 -10
99 19 pedestrian 0 0 -10 610.56 168.03 629.55 190.20 -10 -10 -10 -100    0 -1000 -1000 -10
99 32 pedestrian 0 0 -10 544.12 172.28 569.00 192.77 -10 -10 -10 -100    0 -1000 -1000 -10
99 1 pedestrian 0 0 -10 564.24 173.40 614.82 230.26 -10 -10 -10 -100    0 -1000 -1000 -10
100 28 pedestrian 0 0 -10 895.99 147.60 973.00 190.00 -10 -10 -10 -100    0 -1000 -1000 -10
100 27 pedestrian 0 0 -10 839.52 155.95 885.89 185.29 -10 -10 -10 -100    0 -1000 -1000 -10
100 26 pedestrian 0 0 -10 693.80 162.40 730.32 189.21 -10 -10 -10 -100    0 -1000 -1000 -10
100 25 pedestrian 0 0 -10 984.86 122.23 1122.05 192.47 -10 -10 -10 -100    0 -1000 -1000 -10
100 19 pedestrian 0 0 -10 612.25 167.98 631.23 190.24 -10 -10 -10 -100    0 -1000 -1000 -10
100 33 pedestrian 0 0 -10 816.72 165.94 851.05 185.83 -10 -10 -10 -100    0 -1000 -1000 -10
100 1 pedestrian 0 0 -10 563.28 174.16 614.55 231.20 -10 -10 -10 -100    0 -1000 -1000 -10
101 28 pedestrian 0 0 -10 907.78 147.26 987.98 193.06 -10 -10 -10 -100    0 -1000 -1000 -10
101 27 pedestrian 0 0 -10 843.69 156.36 890.94 187.00 -10 -10 -10 -100    0 -1000 -1000 -10
101 26 pedestrian 0 0 -10 694.91 162.31 730.25 189.58 -10 -10 -10 -100    0 -1000 -1000 -10
101 25 pedestrian 0 0 -10 1002.13 121.20 1153.42 194.71 -10 -10 -10 -100    0 -1000 -1000 -10
101 19 pedestrian 0 0 -10 611.67 168.88 632.29 192.56 -10 -10 -10 -100    0 -1000 -1000 -10
101 33 pedestrian 0 0 -10 820.16 168.59 856.59 189.02 -10 -10 -10 -100    0 -1000 -1000 -10
101 1 pedestrian 0 0 -10 563.22 176.90 614.32 233.51 -10 -10 -10 -100    0 -1000 -1000 -10
102 26 pedestrian 0 0 -10 696.72 161.57 733.87 189.43 -10 -10 -10 -100    0 -1000 -1000 -10
102 25 pedestrian 0 0 -10 1023.52 118.41 1186.82 197.13 -10 -10 -10 -100    0 -1000 -1000 -10
102 19 pedestrian 0 0 -10 610.12 171.60 630.91 194.40 -10 -10 -10 -100    0 -1000 -1000 -10
102 27 pedestrian 0 0 -10 851.43 156.43 903.54 190.01 -10 -10 -10 -100    0 -1000 -1000 -10
102 28 pedestrian 0 0 -10 919.52 148.19 1005.21 194.31 -10 -10 -10 -100    0 -1000 -1000 -10
102 33 pedestrian 0 0 -10 827.54 169.46 863.42 190.19 -10 -10 -10 -100    0 -1000 -1000 -10
102 1 pedestrian 0 0 -10 562.90 177.69 614.12 235.05 -10 -10 -10 -100    0 -1000 -1000 -10
103 25 pedestrian 0 0 -10 1044.66 115.93 1226.86 198.10 -10 -10 -10 -100    0 -1000 -1000 -10
103 19 pedestrian 0 0 -10 610.45 169.99 632.80 193.32 -10 -10 -10 -100    0 -1000 -1000 -10
103 26 pedestrian 0 0 -10 700.60 162.94 738.28 190.60 -10 -10 -10 -100    0 -1000 -1000 -10
103 27 pedestrian 0 0 -10 860.83 156.07 917.07 190.26 -10 -10 -10 -100    0 -1000 -1000 -10
103 28 pedestrian 0 0 -10 929.69 148.68 1019.72 194.79 -10 -10 -10 -100    0 -1000 -1000 -10
103 32 pedestrian 0 0 -10 533.39 178.42 554.89 198.72 -10 -10 -10 -100    0 -1000 -1000 -10
103 33 pedestrian 0 0 -10 833.69 169.65 873.84 190.84 -10 -10 -10 -100    0 -1000 -1000 -10
103 1 pedestrian 0 0 -10 562.49 177.15 613.58 233.54 -10 -10 -10 -100    0 -1000 -1000 -10
104 19 pedestrian 0 0 -10 610.77 169.09 632.42 192.37 -10 -10 -10 -100    0 -1000 -1000 -10
104 25 pedestrian 0 0 -10 1068.72 112.77 1241.60 201.18 -10 -10 -10 -100    0 -1000 -1000 -10
104 26 pedestrian 0 0 -10 703.85 163.76 743.12 191.66 -10 -10 -10 -100    0 -1000 -1000 -10
104 27 pedestrian 0 0 -10 867.90 155.51 927.08 189.57 -10 -10 -10 -100    0 -1000 -1000 -10
104 28 pedestrian 0 0 -10 943.29 145.61 1045.22 196.24 -10 -10 -10 -100    0 -1000 -1000 -10
104 32 pedestrian 0 0 -10 532.00 178.33 551.05 196.93 -10 -10 -10 -100    0 -1000 -1000 -10
104 33 pedestrian 0 0 -10 840.76 167.72 883.79 189.71 -10 -10 -10 -100    0 -1000 -1000 -10
104 1 pedestrian 0 0 -10 561.91 175.78 613.39 232.68 -10 -10 -10 -100    0 -1000 -1000 -10
105 19 pedestrian 0 0 -10 612.71 168.29 633.66 191.96 -10 -10 -10 -100    0 -1000 -1000 -10
105 25 pedestrian 0 0 -10 1100.29 108.00 1241.97 204.03 -10 -10 -10 -100    0 -1000 -1000 -10
105 26 pedestrian 0 0 -10 701.51 163.45 744.35 192.74 -10 -10 -10 -100    0 -1000 -1000 -10
105 27 pedestrian 0 0 -10 877.21 154.48 939.04 190.19 -10 -10 -10 -100    0 -1000 -1000 -10
105 28 pedestrian 0 0 -10 958.31 144.50 1066.32 197.44 -10 -10 -10 -100    0 -1000 -1000 -10
105 32 pedestrian 0 0 -10 530.17 178.66 549.76 196.80 -10 -10 -10 -100    0 -1000 -1000 -10
105 33 pedestrian 0 0 -10 850.09 166.55 894.17 190.29 -10 -10 -10 -100    0 -1000 -1000 -10
105 1 pedestrian 0 0 -10 561.83 174.85 613.78 232.53 -10 -10 -10 -100    0 -1000 -1000 -10
106 19 pedestrian 0 0 -10 614.10 168.31 634.10 192.73 -10 -10 -10 -100    0 -1000 -1000 -10
106 25 pedestrian 0 0 -10 1132.18 103.48 1241.76 204.28 -10 -10 -10 -100    0 -1000 -1000 -10
106 26 pedestrian 0 0 -10 702.18 160.05 749.22 191.06 -10 -10 -10 -100    0 -1000 -1000 -10
106 27 pedestrian 0 0 -10 886.99 154.78 952.36 190.91 -10 -10 -10 -100    0 -1000 -1000 -10
106 28 pedestrian 0 0 -10 975.10 142.94 1090.79 199.45 -10 -10 -10 -100    0 -1000 -1000 -10
106 32 pedestrian 0 0 -10 526.81 179.38 547.08 197.84 -10 -10 -10 -100    0 -1000 -1000 -10
106 33 pedestrian 0 0 -10 856.02 166.53 903.11 190.71 -10 -10 -10 -100    0 -1000 -1000 -10
106 1 pedestrian 0 0 -10 562.41 175.42 615.09 233.41 -10 -10 -10 -100    0 -1000 -1000 -10
107 19 pedestrian 0 0 -10 614.70 166.58 635.03 192.54 -10 -10 -10 -100    0 -1000 -1000 -10
107 25 pedestrian 0 0 -10 1171.85 106.74 1241.64 208.53 -10 -10 -10 -100    0 -1000 -1000 -10
107 26 pedestrian 0 0 -10 704.45 155.11 757.04 188.53 -10 -10 -10 -100    0 -1000 -1000 -10
107 27 pedestrian 0 0 -10 897.43 153.17 970.24 191.12 -10 -10 -10 -100    0 -1000 -1000 -10
107 28 pedestrian 0 0 -10 992.90 141.33 1120.94 200.72 -10 -10 -10 -100    0 -1000 -1000 -10
107 32 pedestrian 0 0 -10 524.02 179.57 546.49 199.56 -10 -10 -10 -100    0 -1000 -1000 -10
107 33 pedestrian 0 0 -10 864.57 165.55 914.08 190.49 -10 -10 -10 -100    0 -1000 -1000 -10
107 1 pedestrian 0 0 -10 563.29 175.62 615.41 233.17 -10 -10 -10 -100    0 -1000 -1000 -10
108 19 pedestrian 0 0 -10 614.97 165.66 637.13 191.95 -10 -10 -10 -100    0 -1000 -1000 -10
108 34 pedestrian 0 0 -10 545.27 173.59 566.07 193.16 -10 -10 -10 -100    0 -1000 -1000 -10
108 25 pedestrian 0 0 -10 1213.09 109.05 1241.82 210.46 -10 -10 -10 -100    0 -1000 -1000 -10
108 26 pedestrian 0 0 -10 710.73 155.41 756.60 188.32 -10 -10 -10 -100    0 -1000 -1000 -10
108 27 pedestrian 0 0 -10 908.97 152.33 984.52 192.53 -10 -10 -10 -100    0 -1000 -1000 -10
108 28 pedestrian 0 0 -10 1013.15 140.88 1155.45 203.08 -10 -10 -10 -100    0 -1000 -1000 -10
108 32 pedestrian 0 0 -10 521.00 176.99 544.82 198.78 -10 -10 -10 -100    0 -1000 -1000 -10
108 33 pedestrian 0 0 -10 870.90 165.60 924.51 192.75 -10 -10 -10 -100    0 -1000 -1000 -10
108 1 pedestrian 0 0 -10 563.77 175.48 615.64 233.02 -10 -10 -10 -100    0 -1000 -1000 -10
109 19 pedestrian 0 0 -10 614.56 165.65 638.87 192.93 -10 -10 -10 -100    0 -1000 -1000 -10
109 34 pedestrian 0 0 -10 543.48 172.76 567.69 194.23 -10 -10 -10 -100    0 -1000 -1000 -10
109 26 pedestrian 0 0 -10 719.80 156.29 757.38 189.48 -10 -10 -10 -100    0 -1000 -1000 -10
109 27 pedestrian 0 0 -10 921.70 150.91 1001.49 193.12 -10 -10 -10 -100    0 -1000 -1000 -10
109 28 pedestrian 0 0 -10 1034.99 137.93 1190.28 203.87 -10 -10 -10 -100    0 -1000 -1000 -10
109 32 pedestrian 0 0 -10 515.38 176.25 542.37 200.65 -10 -10 -10 -100    0 -1000 -1000 -10
109 33 pedestrian 0 0 -10 882.59 165.69 937.69 193.04 -10 -10 -10 -100    0 -1000 -1000 -10
109 1 pedestrian 0 0 -10 564.14 174.47 616.09 233.47 -10 -10 -10 -100    0 -1000 -1000 -10
110 19 pedestrian 0 0 -10 615.13 165.46 638.73 192.19 -10 -10 -10 -100    0 -1000 -1000 -10
110 34 pedestrian 0 0 -10 540.24 172.94 564.58 194.76 -10 -10 -10 -100    0 -1000 -1000 -10
110 26 pedestrian 0 0 -10 718.58 160.59 757.56 192.81 -10 -10 -10 -100    0 -1000 -1000 -10
110 27 pedestrian 0 0 -10 934.98 150.00 1021.13 193.80 -10 -10 -10 -100    0 -1000 -1000 -10
110 28 pedestrian 0 0 -10 1062.82 134.85 1236.28 205.69 -10 -10 -10 -100    0 -1000 -1000 -10
110 32 pedestrian 0 0 -10 510.69 176.61 538.98 202.63 -10 -10 -10 -100    0 -1000 -1000 -10
110 33 pedestrian 0 0 -10 893.03 164.99 951.16 193.41 -10 -10 -10 -100    0 -1000 -1000 -10
110 1 pedestrian 0 0 -10 564.43 174.24 616.34 233.40 -10 -10 -10 -100    0 -1000 -1000 -10
111 19 pedestrian 0 0 -10 617.27 164.48 640.34 192.43 -10 -10 -10 -100    0 -1000 -1000 -10
111 26 pedestrian 0 0 -10 728.48 159.75 770.06 195.81 -10 -10 -10 -100    0 -1000 -1000 -10
111 27 pedestrian 0 0 -10 949.79 148.49 1040.83 193.57 -10 -10 -10 -100    0 -1000 -1000 -10
111 28 pedestrian 0 0 -10 1085.32 132.74 1241.58 208.68 -10 -10 -10 -100    0 -1000 -1000 -10
111 32 pedestrian 0 0 -10 506.51 177.40 534.89 204.76 -10 -10 -10 -100    0 -1000 -1000 -10
111 33 pedestrian 0 0 -10 904.22 163.52 965.59 193.85 -10 -10 -10 -100    0 -1000 -1000 -10
111 1 pedestrian 0 0 -10 565.25 174.61 617.94 233.89 -10 -10 -10 -100    0 -1000 -1000 -10
112 26 pedestrian 0 0 -10 736.51 160.24 782.11 196.86 -10 -10 -10 -100    0 -1000 -1000 -10
112 27 pedestrian 0 0 -10 964.77 148.00 1063.44 194.40 -10 -10 -10 -100    0 -1000 -1000 -10
112 28 pedestrian 0 0 -10 1121.43 129.15 1241.59 210.54 -10 -10 -10 -100    0 -1000 -1000 -10
112 32 pedestrian 0 0 -10 500.50 178.21 530.65 207.90 -10 -10 -10 -100    0 -1000 -1000 -10
112 33 pedestrian 0 0 -10 916.09 163.60 982.83 194.60 -10 -10 -10 -100    0 -1000 -1000 -10
112 19 pedestrian 0 0 -10 618.49 165.75 641.54 193.37 -10 -10 -10 -100    0 -1000 -1000 -10
112 1 pedestrian 0 0 -10 565.82 175.73 618.66 235.51 -10 -10 -10 -100    0 -1000 -1000 -10
113 26 pedestrian 0 0 -10 734.92 161.18 773.72 193.38 -10 -10 -10 -100    0 -1000 -1000 -10
113 27 pedestrian 0 0 -10 980.92 149.41 1086.93 199.07 -10 -10 -10 -100    0 -1000 -1000 -10
113 28 pedestrian 0 0 -10 1150.87 130.87 1241.79 213.91 -10 -10 -10 -100    0 -1000 -1000 -10
113 32 pedestrian 0 0 -10 493.76 180.76 525.82 211.99 -10 -10 -10 -100    0 -1000 -1000 -10
113 33 pedestrian 0 0 -10 930.11 165.25 998.78 197.47 -10 -10 -10 -100    0 -1000 -1000 -10
113 19 pedestrian 0 0 -10 620.63 167.10 643.15 194.81 -10 -10 -10 -100    0 -1000 -1000 -10
113 1 pedestrian 0 0 -10 566.17 176.81 619.07 236.26 -10 -10 -10 -100    0 -1000 -1000 -10
114 26 pedestrian 0 0 -10 732.89 160.34 773.25 193.66 -10 -10 -10 -100    0 -1000 -1000 -10
114 27 pedestrian 0 0 -10 998.30 148.51 1114.34 201.28 -10 -10 -10 -100    0 -1000 -1000 -10
114 28 pedestrian 0 0 -10 1192.42 128.93 1241.97 214.93 -10 -10 -10 -100    0 -1000 -1000 -10
114 32 pedestrian 0 0 -10 485.50 180.72 520.12 213.92 -10 -10 -10 -100    0 -1000 -1000 -10
114 33 pedestrian 0 0 -10 941.38 166.43 1016.05 199.76 -10 -10 -10 -100    0 -1000 -1000 -10
114 34 pedestrian 0 0 -10 534.92 178.38 556.08 197.32 -10 -10 -10 -100    0 -1000 -1000 -10
114 19 pedestrian 0 0 -10 622.66 167.37 644.20 194.91 -10 -10 -10 -100    0 -1000 -1000 -10
114 1 pedestrian 0 0 -10 566.43 176.62 620.20 236.22 -10 -10 -10 -100    0 -1000 -1000 -10
115 26 pedestrian 0 0 -10 742.00 154.74 782.67 198.58 -10 -10 -10 -100    0 -1000 -1000 -10
115 27 pedestrian 0 0 -10 1019.05 144.20 1146.44 199.72 -10 -10 -10 -100    0 -1000 -1000 -10
115 32 pedestrian 0 0 -10 476.35 178.95 515.83 214.06 -10 -10 -10 -100    0 -1000 -1000 -10
115 33 pedestrian 0 0 -10 956.92 163.22 1036.26 196.47 -10 -10 -10 -100    0 -1000 -1000 -10
115 34 pedestrian 0 0 -10 532.52 176.70 554.72 195.72 -10 -10 -10 -100    0 -1000 -1000 -10
115 19 pedestrian 0 0 -10 624.11 167.16 644.25 193.60 -10 -10 -10 -100    0 -1000 -1000 -10
115 1 pedestrian 0 0 -10 566.65 173.62 619.82 233.72 -10 -10 -10 -100    0 -1000 -1000 -10
116 27 pedestrian 0 0 -10 1041.84 138.22 1180.11 198.63 -10 -10 -10 -100    0 -1000 -1000 -10
116 32 pedestrian 0 0 -10 465.00 177.10 507.55 216.02 -10 -10 -10 -100    0 -1000 -1000 -10
116 33 pedestrian 0 0 -10 972.60 158.49 1061.81 194.46 -10 -10 -10 -100    0 -1000 -1000 -10
116 34 pedestrian 0 0 -10 529.51 175.78 553.04 195.12 -10 -10 -10 -100    0 -1000 -1000 -10
116 19 pedestrian 0 0 -10 624.42 165.58 644.62 191.01 -10 -10 -10 -100    0 -1000 -1000 -10
116 1 pedestrian 0 0 -10 566.86 171.64 620.24 232.76 -10 -10 -10 -100    0 -1000 -1000 -10
117 27 pedestrian 0 0 -10 1063.23 134.11 1215.04 196.36 -10 -10 -10 -100    0 -1000 -1000 -10
117 32 pedestrian 0 0 -10 451.71 179.30 499.71 222.55 -10 -10 -10 -100    0 -1000 -1000 -10
117 33 pedestrian 0 0 -10 990.24 156.51 1080.58 194.00 -10 -10 -10 -100    0 -1000 -1000 -10
117 34 pedestrian 0 0 -10 527.12 176.74 551.61 197.08 -10 -10 -10 -100    0 -1000 -1000 -10
117 19 pedestrian 0 0 -10 625.46 165.25 645.27 190.72 -10 -10 -10 -100    0 -1000 -1000 -10
117 1 pedestrian 0 0 -10 567.27 171.64 620.86 232.54 -10 -10 -10 -100    0 -1000 -1000 -10
118 27 pedestrian 0 0 -10 1090.23 131.62 1241.84 199.49 -10 -10 -10 -100    0 -1000 -1000 -10
118 32 pedestrian 0 0 -10 435.57 182.39 490.50 231.55 -10 -10 -10 -100    0 -1000 -1000 -10
118 33 pedestrian 0 0 -10 1008.13 157.66 1108.23 197.33 -10 -10 -10 -100    0 -1000 -1000 -10
118 34 pedestrian 0 0 -10 522.28 177.65 548.88 200.82 -10 -10 -10 -100    0 -1000 -1000 -10
118 19 pedestrian 0 0 -10 625.13 165.80 648.37 192.70 -10 -10 -10 -100    0 -1000 -1000 -10
118 1 pedestrian 0 0 -10 567.62 173.70 621.73 233.97 -10 -10 -10 -100    0 -1000 -1000 -10
119 27 pedestrian 0 0 -10 1122.06 136.37 1241.98 206.54 -10 -10 -10 -100    0 -1000 -1000 -10
119 32 pedestrian 0 0 -10 414.89 186.19 477.28 241.44 -10 -10 -10 -100    0 -1000 -1000 -10
119 33 pedestrian 0 0 -10 1029.39 163.84 1140.67 206.49 -10 -10 -10 -100    0 -1000 -1000 -10
119 34 pedestrian 0 0 -10 519.33 182.14 546.19 205.66 -10 -10 -10 -100    0 -1000 -1000 -10
119 19 pedestrian 0 0 -10 626.64 168.70 648.33 194.05 -10 -10 -10 -100    0 -1000 -1000 -10
119 1 pedestrian 0 0 -10 568.50 177.18 622.58 237.29 -10 -10 -10 -100    0 -1000 -1000 -10
120 26 pedestrian 0 0 -10 745.02 155.46 801.63 200.56 -10 -10 -10 -100    0 -1000 -1000 -10
120 27 pedestrian 0 0 -10 1151.69 138.84 1241.27 210.70 -10 -10 -10 -100    0 -1000 -1000 -10
120 32 pedestrian 0 0 -10 386.75 187.90 459.91 250.69 -10 -10 -10 -100    0 -1000 -1000 -10
120 33 pedestrian 0 0 -10 1052.38 166.22 1170.37 212.27 -10 -10 -10 -100    0 -1000 -1000 -10
120 34 pedestrian 0 0 -10 514.01 182.62 543.19 207.16 -10 -10 -10 -100    0 -1000 -1000 -10
120 19 pedestrian 0 0 -10 625.37 167.93 647.66 194.19 -10 -10 -10 -100    0 -1000 -1000 -10
120 1 pedestrian 0 0 -10 568.45 177.27 622.63 238.35 -10 -10 -10 -100    0 -1000 -1000 -10
121 26 pedestrian 0 0 -10 750.27 154.32 787.29 186.63 -10 -10 -10 -100    0 -1000 -1000 -10
121 27 pedestrian 0 0 -10 1192.62 140.73 1241.79 212.49 -10 -10 -10 -100    0 -1000 -1000 -10
121 32 pedestrian 0 0 -10 349.52 182.25 439.50 254.63 -10 -10 -10 -100    0 -1000 -1000 -10
121 33 pedestrian 0 0 -10 1078.19 162.04 1206.28 209.87 -10 -10 -10 -100    0 -1000 -1000 -10
121 34 pedestrian 0 0 -10 507.51 177.20 540.19 202.94 -10 -10 -10 -100    0 -1000 -1000 -10
121 19 pedestrian 0 0 -10 623.82 167.01 647.22 192.92 -10 -10 -10 -100    0 -1000 -1000 -10
121 1 pedestrian 0 0 -10 568.47 178.83 622.43 240.22 -10 -10 -10 -100    0 -1000 -1000 -10
122 26 pedestrian 0 0 -10 760.42 154.38 795.51 185.57 -10 -10 -10 -100    0 -1000 -1000 -10
122 32 pedestrian 0 0 -10 298.69 181.24 412.99 268.33 -10 -10 -10 -100    0 -1000 -1000 -10
122 33 pedestrian 0 0 -10 1104.86 156.80 1241.28 208.07 -10 -10 -10 -100    0 -1000 -1000 -10
122 34 pedestrian 0 0 -10 501.49 174.69 535.89 202.24 -10 -10 -10 -100    0 -1000 -1000 -10
122 19 pedestrian 0 0 -10 627.89 167.78 648.24 192.29 -10 -10 -10 -100    0 -1000 -1000 -10
122 1 pedestrian 0 0 -10 568.68 178.64 622.96 240.31 -10 -10 -10 -100    0 -1000 -1000 -10
123 26 pedestrian 0 0 -10 759.65 155.25 795.81 185.55 -10 -10 -10 -100    0 -1000 -1000 -10
123 32 pedestrian 0 0 -10 223.74 185.65 374.20 294.13 -10 -10 -10 -100    0 -1000 -1000 -10
123 33 pedestrian 0 0 -10 1134.28 151.41 1242.00 206.94 -10 -10 -10 -100    0 -1000 -1000 -10
123 34 pedestrian 0 0 -10 493.67 175.74 530.30 205.09 -10 -10 -10 -100    0 -1000 -1000 -10
123 19 pedestrian 0 0 -10 631.33 170.83 649.00 191.22 -10 -10 -10 -100    0 -1000 -1000 -10
123 1 pedestrian 0 0 -10 569.06 178.22 622.47 239.16 -10 -10 -10 -100    0 -1000 -1000 -10
124 26 pedestrian 0 0 -10 762.40 155.64 795.92 183.82 -10 -10 -10 -100    0 -1000 -1000 -10
124 33 pedestrian 0 0 -10 1170.39 149.13 1241.77 204.01 -10 -10 -10 -100    0 -1000 -1000 -10
124 34 pedestrian 0 0 -10 484.65 177.21 525.22 208.24 -10 -10 -10 -100    0 -1000 -1000 -10
124 19 pedestrian 0 0 -10 633.04 171.22 650.46 189.09 -10 -10 -10 -100    0 -1000 -1000 -10
124 1 pedestrian 0 0 -10 568.90 178.43 623.66 239.78 -10 -10 -10 -100    0 -1000 -1000 -10
125 26 pedestrian 0 0 -10 761.45 155.11 797.13 186.08 -10 -10 -10 -100    0 -1000 -1000 -10
125 34 pedestrian 0 0 -10 473.79 180.26 518.54 214.58 -10 -10 -10 -100    0 -1000 -1000 -10
125 19 pedestrian 0 0 -10 634.80 172.86 651.85 190.16 -10 -10 -10 -100    0 -1000 -1000 -10
125 1 pedestrian 0 0 -10 568.92 177.79 623.97 240.04 -10 -10 -10 -100    0 -1000 -1000 -10
126 26 pedestrian 0 0 -10 760.86 152.92 797.16 185.97 -10 -10 -10 -100    0 -1000 -1000 -10
126 34 pedestrian 0 0 -10 462.49 183.77 511.16 222.43 -10 -10 -10 -100    0 -1000 -1000 -10
126 19 pedestrian 0 0 -10 635.81 173.88 652.98 192.53 -10 -10 -10 -100    0 -1000 -1000 -10
126 1 pedestrian 0 0 -10 569.38 176.13 624.59 237.61 -10 -10 -10 -100    0 -1000 -1000 -10
127 26 pedestrian 0 0 -10 755.01 153.53 790.31 185.65 -10 -10 -10 -100    0 -1000 -1000 -10
127 34 pedestrian 0 0 -10 446.37 186.41 501.48 228.32 -10 -10 -10 -100    0 -1000 -1000 -10
127 19 pedestrian 0 0 -10 636.40 174.76 654.19 194.07 -10 -10 -10 -100    0 -1000 -1000 -10
127 1 pedestrian 0 0 -10 569.48 176.87 624.55 237.65 -10 -10 -10 -100    0 -1000 -1000 -10
128 26 pedestrian 0 0 -10 759.68 154.25 798.42 185.17 -10 -10 -10 -100    0 -1000 -1000 -10
128 34 pedestrian 0 0 -10 426.50 187.67 489.97 234.53 -10 -10 -10 -100    0 -1000 -1000 -10
128 19 pedestrian 0 0 -10 636.76 175.08 655.32 194.96 -10 -10 -10 -100    0 -1000 -1000 -10
128 1 pedestrian 0 0 -10 569.16 176.31 624.18 237.50 -10 -10 -10 -100    0 -1000 -1000 -10
129 26 pedestrian 0 0 -10 777.51 148.27 822.91 187.39 -10 -10 -10 -100    0 -1000 -1000 -10
129 34 pedestrian 0 0 -10 402.56 188.44 477.50 242.38 -10 -10 -10 -100    0 -1000 -1000 -10
129 19 pedestrian 0 0 -10 637.59 176.31 656.85 195.84 -10 -10 -10 -100    0 -1000 -1000 -10
129 1 pedestrian 0 0 -10 569.24 176.76 624.71 238.58 -10 -10 -10 -100    0 -1000 -1000 -10
130 26 pedestrian 0 0 -10 774.81 147.84 825.29 188.47 -10 -10 -10 -100    0 -1000 -1000 -10
130 34 pedestrian 0 0 -10 370.54 188.91 460.10 250.52 -10 -10 -10 -100    0 -1000 -1000 -10
130 19 pedestrian 0 0 -10 638.10 174.99 658.72 195.76 -10 -10 -10 -100    0 -1000 -1000 -10
130 1 pedestrian 0 0 -10 568.91 176.68 624.21 238.00 -10 -10 -10 -100    0 -1000 -1000 -10
131 26 pedestrian 0 0 -10 778.11 147.61 826.54 186.48 -10 -10 -10 -100    0 -1000 -1000 -10
131 34 pedestrian 0 0 -10 329.67 189.47 439.35 262.88 -10 -10 -10 -100    0 -1000 -1000 -10
131 19 pedestrian 0 0 -10 638.34 174.41 659.31 196.12 -10 -10 -10 -100    0 -1000 -1000 -10
131 1 pedestrian 0 0 -10 568.55 176.20 624.29 237.67 -10 -10 -10 -100    0 -1000 -1000 -10
132 26 pedestrian 0 0 -10 782.12 151.48 827.87 186.46 -10 -10 -10 -100    0 -1000 -1000 -10
132 34 pedestrian 0 0 -10 270.48 194.65 411.60 282.49 -10 -10 -10 -100    0 -1000 -1000 -10
132 19 pedestrian 0 0 -10 639.77 175.14 660.49 195.88 -10 -10 -10 -100    0 -1000 -1000 -10
132 1 pedestrian 0 0 -10 568.21 174.74 623.91 237.54 -10 -10 -10 -100    0 -1000 -1000 -10
133 26 pedestrian 0 0 -10 780.97 152.60 826.66 187.51 -10 -10 -10 -100    0 -1000 -1000 -10
133 19 pedestrian 0 0 -10 640.49 175.71 661.74 197.34 -10 -10 -10 -100    0 -1000 -1000 -10
133 1 pedestrian 0 0 -10 567.86 174.57 623.90 237.71 -10 -10 -10 -100    0 -1000 -1000 -10
134 19 pedestrian 0 0 -10 641.18 176.80 663.25 199.54 -10 -10 -10 -100    0 -1000 -1000 -10
134 1 pedestrian 0 0 -10 567.05 176.65 623.58 238.80 -10 -10 -10 -100    0 -1000 -1000 -10
135 32 pedestrian 0 0 -10 0.00 218.54 234.49 375.00 -10 -10 -10 -100    0 -1000 -1000 -10
135 19 pedestrian 0 0 -10 641.84 179.44 664.62 201.96 -10 -10 -10 -100    0 -1000 -1000 -10
135 1 pedestrian 0 0 -10 567.03 177.87 623.22 240.36 -10 -10 -10 -100    0 -1000 -1000 -10
136 37 pedestrian 0 0 -10 861.13 153.45 891.66 194.35 -10 -10 -10 -100    0 -1000 -1000 -10
136 19 pedestrian 0 0 -10 643.25 180.45 666.27 203.28 -10 -10 -10 -100    0 -1000 -1000 -10
136 1 pedestrian 0 0 -10 567.20 178.10 623.78 241.14 -10 -10 -10 -100    0 -1000 -1000 -10
137 39 pedestrian 0 0 -10 816.60 170.70 853.99 191.87 -10 -10 -10 -100    0 -1000 -1000 -10
137 37 pedestrian 0 0 -10 867.64 152.70 900.66 194.23 -10 -10 -10 -100    0 -1000 -1000 -10
137 19 pedestrian 0 0 -10 643.84 179.18 667.97 202.94 -10 -10 -10 -100    0 -1000 -1000 -10
137 1 pedestrian 0 0 -10 567.31 177.74 624.27 240.99 -10 -10 -10 -100    0 -1000 -1000 -10
138 39 pedestrian 0 0 -10 823.95 170.22 859.58 192.08 -10 -10 -10 -100    0 -1000 -1000 -10
138 38 pedestrian 0 0 -10 845.42 164.02 883.34 192.98 -10 -10 -10 -100    0 -1000 -1000 -10
138 37 pedestrian 0 0 -10 876.23 150.84 908.79 193.44 -10 -10 -10 -100    0 -1000 -1000 -10
138 19 pedestrian 0 0 -10 644.73 177.80 669.72 201.74 -10 -10 -10 -100    0 -1000 -1000 -10
138 1 pedestrian 0 0 -10 568.53 176.27 625.15 239.68 -10 -10 -10 -100    0 -1000 -1000 -10
139 39 pedestrian 0 0 -10 831.58 170.06 867.78 190.02 -10 -10 -10 -100    0 -1000 -1000 -10
139 38 pedestrian 0 0 -10 857.13 160.59 894.72 192.99 -10 -10 -10 -100    0 -1000 -1000 -10
139 37 pedestrian 0 0 -10 885.87 148.25 919.29 191.85 -10 -10 -10 -100    0 -1000 -1000 -10
139 19 pedestrian 0 0 -10 646.52 175.02 672.29 200.05 -10 -10 -10 -100    0 -1000 -1000 -10
139 1 pedestrian 0 0 -10 569.35 173.51 625.81 237.70 -10 -10 -10 -100    0 -1000 -1000 -10
140 39 pedestrian 0 0 -10 836.26 166.47 874.79 188.08 -10 -10 -10 -100    0 -1000 -1000 -10
140 38 pedestrian 0 0 -10 861.90 158.97 904.18 189.79 -10 -10 -10 -100    0 -1000 -1000 -10
140 37 pedestrian 0 0 -10 894.69 143.87 931.52 190.46 -10 -10 -10 -100    0 -1000 -1000 -10
140 19 pedestrian 0 0 -10 648.59 172.24 675.76 199.43 -10 -10 -10 -100    0 -1000 -1000 -10
140 1 pedestrian 0 0 -10 570.51 171.46 627.16 235.07 -10 -10 -10 -100    0 -1000 -1000 -10
141 39 pedestrian 0 0 -10 842.89 166.15 881.58 187.68 -10 -10 -10 -100    0 -1000 -1000 -10
141 38 pedestrian 0 0 -10 870.19 157.75 913.18 189.31 -10 -10 -10 -100    0 -1000 -1000 -10
141 37 pedestrian 0 0 -10 904.78 142.62 939.66 190.09 -10 -10 -10 -100    0 -1000 -1000 -10
141 19 pedestrian 0 0 -10 650.96 171.77 678.72 199.60 -10 -10 -10 -100    0 -1000 -1000 -10
141 1 pedestrian 0 0 -10 571.60 171.24 628.89 234.84 -10 -10 -10 -100    0 -1000 -1000 -10
142 39 pedestrian 0 0 -10 851.22 165.00 892.91 188.76 -10 -10 -10 -100    0 -1000 -1000 -10
142 38 pedestrian 0 0 -10 877.41 156.80 925.24 190.59 -10 -10 -10 -100    0 -1000 -1000 -10
142 37 pedestrian 0 0 -10 915.63 141.25 952.80 188.55 -10 -10 -10 -100    0 -1000 -1000 -10
142 19 pedestrian 0 0 -10 653.99 173.91 681.58 201.76 -10 -10 -10 -100    0 -1000 -1000 -10
142 1 pedestrian 0 0 -10 572.66 172.34 629.79 236.08 -10 -10 -10 -100    0 -1000 -1000 -10
143 39 pedestrian 0 0 -10 858.49 166.79 899.55 189.91 -10 -10 -10 -100    0 -1000 -1000 -10
143 38 pedestrian 0 0 -10 886.38 156.87 937.27 191.42 -10 -10 -10 -100    0 -1000 -1000 -10
143 37 pedestrian 0 0 -10 927.67 138.76 966.74 189.85 -10 -10 -10 -100    0 -1000 -1000 -10
143 26 pedestrian 0 0 -10 817.57 153.08 836.75 180.69 -10 -10 -10 -100    0 -1000 -1000 -10
143 19 pedestrian 0 0 -10 656.20 174.85 684.77 203.75 -10 -10 -10 -100    0 -1000 -1000 -10
143 1 pedestrian 0 0 -10 573.87 173.42 631.74 238.23 -10 -10 -10 -100    0 -1000 -1000 -10
144 39 pedestrian 0 0 -10 866.82 166.79 910.24 191.19 -10 -10 -10 -100    0 -1000 -1000 -10
144 38 pedestrian 0 0 -10 896.61 156.40 948.69 192.65 -10 -10 -10 -100    0 -1000 -1000 -10
144 37 pedestrian 0 0 -10 938.78 137.92 981.31 191.78 -10 -10 -10 -100    0 -1000 -1000 -10
144 26 pedestrian 0 0 -10 822.60 153.42 842.00 183.05 -10 -10 -10 -100    0 -1000 -1000 -10
144 19 pedestrian 0 0 -10 657.72 175.42 688.10 205.56 -10 -10 -10 -100    0 -1000 -1000 -10
144 1 pedestrian 0 0 -10 575.82 174.08 633.67 239.20 -10 -10 -10 -100    0 -1000 -1000 -10
145 38 pedestrian 0 0 -10 906.86 156.30 961.84 194.13 -10 -10 -10 -100    0 -1000 -1000 -10
145 37 pedestrian 0 0 -10 949.43 141.30 993.83 193.89 -10 -10 -10 -100    0 -1000 -1000 -10
145 26 pedestrian 0 0 -10 829.57 155.27 851.24 184.51 -10 -10 -10 -100    0 -1000 -1000 -10
145 39 pedestrian 0 0 -10 872.59 166.64 921.85 193.11 -10 -10 -10 -100    0 -1000 -1000 -10
145 19 pedestrian 0 0 -10 659.98 176.08 691.76 207.60 -10 -10 -10 -100    0 -1000 -1000 -10
145 1 pedestrian 0 0 -10 577.43 174.59 635.89 240.08 -10 -10 -10 -100    0 -1000 -1000 -10
146 38 pedestrian 0 0 -10 918.96 157.55 975.07 195.87 -10 -10 -10 -100    0 -1000 -1000 -10
146 37 pedestrian 0 0 -10 963.99 140.03 1009.87 195.83 -10 -10 -10 -100    0 -1000 -1000 -10
146 26 pedestrian 0 0 -10 834.66 155.10 856.76 186.24 -10 -10 -10 -100    0 -1000 -1000 -10
146 39 pedestrian 0 0 -10 882.34 166.21 931.28 194.10 -10 -10 -10 -100    0 -1000 -1000 -10
146 19 pedestrian 0 0 -10 662.06 176.99 695.18 208.67 -10 -10 -10 -100    0 -1000 -1000 -10
146 1 pedestrian 0 0 -10 578.63 174.48 637.25 239.78 -10 -10 -10 -100    0 -1000 -1000 -10
147 38 pedestrian 0 0 -10 928.02 158.30 988.61 197.99 -10 -10 -10 -100    0 -1000 -1000 -10
147 37 pedestrian 0 0 -10 977.37 140.20 1025.89 197.40 -10 -10 -10 -100    0 -1000 -1000 -10
147 26 pedestrian 0 0 -10 838.43 155.45 861.74 187.32 -10 -10 -10 -100    0 -1000 -1000 -10
147 39 pedestrian 0 0 -10 889.53 168.71 943.80 195.88 -10 -10 -10 -100    0 -1000 -1000 -10
147 19 pedestrian 0 0 -10 664.27 177.41 699.09 210.35 -10 -10 -10 -100    0 -1000 -1000 -10
147 1 pedestrian 0 0 -10 579.83 174.94 638.26 240.22 -10 -10 -10 -100    0 -1000 -1000 -10
148 38 pedestrian 0 0 -10 940.58 159.14 1004.03 200.11 -10 -10 -10 -100    0 -1000 -1000 -10
148 37 pedestrian 0 0 -10 996.11 139.40 1044.80 199.40 -10 -10 -10 -100    0 -1000 -1000 -10
148 26 pedestrian 0 0 -10 847.54 155.38 869.34 187.69 -10 -10 -10 -100    0 -1000 -1000 -10
148 39 pedestrian 0 0 -10 898.03 168.42 954.30 197.05 -10 -10 -10 -100    0 -1000 -1000 -10
148 19 pedestrian 0 0 -10 666.26 177.12 702.80 212.22 -10 -10 -10 -100    0 -1000 -1000 -10
148 1 pedestrian 0 0 -10 581.46 174.34 639.95 240.19 -10 -10 -10 -100    0 -1000 -1000 -10
149 38 pedestrian 0 0 -10 952.00 159.51 1019.52 202.85 -10 -10 -10 -100    0 -1000 -1000 -10
149 37 pedestrian 0 0 -10 1010.83 141.09 1066.88 205.65 -10 -10 -10 -100    0 -1000 -1000 -10
149 26 pedestrian 0 0 -10 852.07 156.69 876.24 189.89 -10 -10 -10 -100    0 -1000 -1000 -10
149 39 pedestrian 0 0 -10 909.16 169.83 968.44 199.85 -10 -10 -10 -100    0 -1000 -1000 -10
149 19 pedestrian 0 0 -10 669.43 178.20 707.10 214.86 -10 -10 -10 -100    0 -1000 -1000 -10
149 1 pedestrian 0 0 -10 583.03 176.64 641.74 241.53 -10 -10 -10 -100    0 -1000 -1000 -10
150 38 pedestrian 0 0 -10 964.91 163.86 1035.40 207.75 -10 -10 -10 -100    0 -1000 -1000 -10
150 37 pedestrian 0 0 -10 1026.68 142.61 1086.18 209.51 -10 -10 -10 -100    0 -1000 -1000 -10
150 26 pedestrian 0 0 -10 859.95 158.12 884.16 192.96 -10 -10 -10 -100    0 -1000 -1000 -10
150 39 pedestrian 0 0 -10 919.74 173.93 981.16 204.25 -10 -10 -10 -100    0 -1000 -1000 -10
150 19 pedestrian 0 0 -10 671.45 182.38 711.52 219.20 -10 -10 -10 -100    0 -1000 -1000 -10
150 1 pedestrian 0 0 -10 585.15 179.87 643.51 244.82 -10 -10 -10 -100    0 -1000 -1000 -10
151 38 pedestrian 0 0 -10 979.06 160.51 1054.75 205.86 -10 -10 -10 -100    0 -1000 -1000 -10
151 37 pedestrian 0 0 -10 1048.25 138.49 1110.40 207.79 -10 -10 -10 -100    0 -1000 -1000 -10
151 26 pedestrian 0 0 -10 867.38 156.31 891.17 190.53 -10 -10 -10 -100    0 -1000 -1000 -10
151 39 pedestrian 0 0 -10 929.31 170.44 994.12 202.17 -10 -10 -10 -100    0 -1000 -1000 -10
151 19 pedestrian 0 0 -10 672.92 180.43 715.41 219.13 -10 -10 -10 -100    0 -1000 -1000 -10
151 1 pedestrian 0 0 -10 586.06 178.97 644.84 243.97 -10 -10 -10 -100    0 -1000 -1000 -10
152 37 pedestrian 0 0 -10 1067.53 131.08 1134.01 204.15 -10 -10 -10 -100    0 -1000 -1000 -10
152 26 pedestrian 0 0 -10 869.31 150.30 896.17 185.52 -10 -10 -10 -100    0 -1000 -1000 -10
152 39 pedestrian 0 0 -10 941.00 165.21 1010.27 198.89 -10 -10 -10 -100    0 -1000 -1000 -10
152 38 pedestrian 0 0 -10 993.15 153.38 1075.66 201.83 -10 -10 -10 -100    0 -1000 -1000 -10
152 19 pedestrian 0 0 -10 675.70 175.03 720.94 216.35 -10 -10 -10 -100    0 -1000 -1000 -10
152 1 pedestrian 0 0 -10 587.21 175.19 646.56 241.22 -10 -10 -10 -100    0 -1000 -1000 -10
153 37 pedestrian 0 0 -10 1091.10 126.42 1162.15 202.97 -10 -10 -10 -100    0 -1000 -1000 -10
153 26 pedestrian 0 0 -10 880.35 148.06 907.45 184.36 -10 -10 -10 -100    0 -1000 -1000 -10
153 39 pedestrian 0 0 -10 954.02 163.28 1026.51 197.12 -10 -10 -10 -100    0 -1000 -1000 -10
153 38 pedestrian 0 0 -10 1011.66 149.78 1099.38 201.03 -10 -10 -10 -100    0 -1000 -1000 -10
153 19 pedestrian 0 0 -10 678.97 174.68 726.35 217.83 -10 -10 -10 -100    0 -1000 -1000 -10
153 1 pedestrian 0 0 -10 588.57 175.20 648.71 240.81 -10 -10 -10 -100    0 -1000 -1000 -10
154 37 pedestrian 0 0 -10 1117.75 123.18 1194.54 203.92 -10 -10 -10 -100    0 -1000 -1000 -10
154 26 pedestrian 0 0 -10 888.01 148.55 916.06 185.72 -10 -10 -10 -100    0 -1000 -1000 -10
154 39 pedestrian 0 0 -10 968.36 162.58 1044.61 197.64 -10 -10 -10 -100    0 -1000 -1000 -10
154 38 pedestrian 0 0 -10 1027.39 148.26 1124.80 202.97 -10 -10 -10 -100    0 -1000 -1000 -10
154 19 pedestrian 0 0 -10 682.13 176.52 732.69 222.38 -10 -10 -10 -100    0 -1000 -1000 -10
154 1 pedestrian 0 0 -10 590.22 174.74 650.24 241.96 -10 -10 -10 -100    0 -1000 -1000 -10
155 26 pedestrian 0 0 -10 895.67 146.61 925.10 187.23 -10 -10 -10 -100    0 -1000 -1000 -10
155 39 pedestrian 0 0 -10 981.08 162.85 1063.61 199.77 -10 -10 -10 -100    0 -1000 -1000 -10
155 38 pedestrian 0 0 -10 1048.50 147.78 1151.85 204.98 -10 -10 -10 -100    0 -1000 -1000 -10
155 37 pedestrian 0 0 -10 1145.78 121.24 1231.31 207.01 -10 -10 -10 -100    0 -1000 -1000 -10
155 19 pedestrian 0 0 -10 685.77 178.29 739.23 226.72 -10 -10 -10 -100    0 -1000 -1000 -10
155 1 pedestrian 0 0 -10 591.85 174.10 651.15 240.77 -10 -10 -10 -100    0 -1000 -1000 -10
156 26 pedestrian 0 0 -10 905.14 144.32 936.16 189.02 -10 -10 -10 -100    0 -1000 -1000 -10
156 39 pedestrian 0 0 -10 994.89 162.30 1083.89 200.56 -10 -10 -10 -100    0 -1000 -1000 -10
156 38 pedestrian 0 0 -10 1068.88 145.53 1182.09 206.29 -10 -10 -10 -100    0 -1000 -1000 -10
156 37 pedestrian 0 0 -10 1181.02 119.45 1242.00 208.79 -10 -10 -10 -100    0 -1000 -1000 -10
156 19 pedestrian 0 0 -10 689.84 179.25 747.32 230.55 -10 -10 -10 -100    0 -1000 -1000 -10
156 1 pedestrian 0 0 -10 592.93 173.79 652.58 239.93 -10 -10 -10 -100    0 -1000 -1000 -10
157 26 pedestrian 0 0 -10 913.93 143.92 948.11 186.75 -10 -10 -10 -100    0 -1000 -1000 -10
157 39 pedestrian 0 0 -10 1012.56 162.78 1109.54 202.87 -10 -10 -10 -100    0 -1000 -1000 -10
157 38 pedestrian 0 0 -10 1093.77 145.64 1219.91 209.47 -10 -10 -10 -100    0 -1000 -1000 -10
157 19 pedestrian 0 0 -10 694.17 179.31 756.97 234.57 -10 -10 -10 -100    0 -1000 -1000 -10
157 1 pedestrian 0 0 -10 594.51 173.31 654.01 239.97 -10 -10 -10 -100    0 -1000 -1000 -10
158 26 pedestrian 0 0 -10 924.00 143.53 957.46 186.97 -10 -10 -10 -100    0 -1000 -1000 -10
158 39 pedestrian 0 0 -10 1031.00 161.36 1131.87 203.48 -10 -10 -10 -100    0 -1000 -1000 -10
158 38 pedestrian 0 0 -10 1118.73 144.36 1242.00 210.87 -10 -10 -10 -100    0 -1000 -1000 -10
158 19 pedestrian 0 0 -10 699.00 179.22 767.12 238.28 -10 -10 -10 -100    0 -1000 -1000 -10
158 1 pedestrian 0 0 -10 595.73 172.84 655.84 239.58 -10 -10 -10 -100    0 -1000 -1000 -10
159 26 pedestrian 0 0 -10 935.25 142.66 970.03 186.63 -10 -10 -10 -100    0 -1000 -1000 -10
159 39 pedestrian 0 0 -10 1049.23 160.33 1159.28 204.90 -10 -10 -10 -100    0 -1000 -1000 -10
159 38 pedestrian 0 0 -10 1147.88 142.70 1241.33 212.45 -10 -10 -10 -100    0 -1000 -1000 -10
159 19 pedestrian 0 0 -10 704.51 179.14 778.13 242.60 -10 -10 -10 -100    0 -1000 -1000 -10
159 1 pedestrian 0 0 -10 597.05 172.42 657.40 239.29 -10 -10 -10 -100    0 -1000 -1000 -10
160 26 pedestrian 0 0 -10 946.55 139.75 982.54 187.85 -10 -10 -10 -100    0 -1000 -1000 -10
160 39 pedestrian 0 0 -10 1070.01 159.78 1197.06 205.37 -10 -10 -10 -100    0 -1000 -1000 -10
160 38 pedestrian 0 0 -10 1180.60 141.60 1241.99 215.44 -10 -10 -10 -100    0 -1000 -1000 -10
160 19 pedestrian 0 0 -10 710.78 180.10 791.41 248.93 -10 -10 -10 -100    0 -1000 -1000 -10
160 1 pedestrian 0 0 -10 598.37 173.36 658.96 240.59 -10 -10 -10 -100    0 -1000 -1000 -10
161 26 pedestrian 0 0 -10 956.71 139.25 995.14 187.35 -10 -10 -10 -100    0 -1000 -1000 -10
161 39 pedestrian 0 0 -10 1094.86 159.33 1223.99 208.54 -10 -10 -10 -100    0 -1000 -1000 -10
161 19 pedestrian 0 0 -10 718.04 181.51 807.54 255.10 -10 -10 -10 -100    0 -1000 -1000 -10
161 1 pedestrian 0 0 -10 599.87 174.51 660.20 241.60 -10 -10 -10 -100    0 -1000 -1000 -10
162 26 pedestrian 0 0 -10 967.05 145.75 1008.00 190.95 -10 -10 -10 -100    0 -1000 -1000 -10
162 39 pedestrian 0 0 -10 1119.21 159.28 1242.00 210.06 -10 -10 -10 -100    0 -1000 -1000 -10
162 19 pedestrian 0 0 -10 725.99 182.12 825.42 264.37 -10 -10 -10 -100    0 -1000 -1000 -10
162 1 pedestrian 0 0 -10 601.13 175.30 661.03 241.84 -10 -10 -10 -100    0 -1000 -1000 -10
163 26 pedestrian 0 0 -10 980.65 138.30 1025.99 190.53 -10 -10 -10 -100    0 -1000 -1000 -10
163 39 pedestrian 0 0 -10 1145.68 157.79 1241.79 211.98 -10 -10 -10 -100    0 -1000 -1000 -10
163 19 pedestrian 0 0 -10 735.52 182.15 848.81 273.07 -10 -10 -10 -100    0 -1000 -1000 -10
163 1 pedestrian 0 0 -10 601.55 175.14 661.83 242.22 -10 -10 -10 -100    0 -1000 -1000 -10
164 26 pedestrian 0 0 -10 994.60 138.12 1039.93 191.06 -10 -10 -10 -100    0 -1000 -1000 -10
164 39 pedestrian 0 0 -10 1175.58 157.10 1241.88 210.75 -10 -10 -10 -100    0 -1000 -1000 -10
164 19 pedestrian 0 0 -10 746.50 183.53 875.79 284.92 -10 -10 -10 -100    0 -1000 -1000 -10
164 1 pedestrian 0 0 -10 602.16 176.18 662.81 243.62 -10 -10 -10 -100    0 -1000 -1000 -10
165 26 pedestrian 0 0 -10 1007.92 137.16 1056.93 193.86 -10 -10 -10 -100    0 -1000 -1000 -10
165 19 pedestrian 0 0 -10 761.79 184.42 911.18 300.64 -10 -10 -10 -100    0 -1000 -1000 -10
165 1 pedestrian 0 0 -10 602.72 177.58 663.95 246.31 -10 -10 -10 -100    0 -1000 -1000 -10
166 26 pedestrian 0 0 -10 1024.21 137.17 1075.79 194.78 -10 -10 -10 -100    0 -1000 -1000 -10
166 19 pedestrian 0 0 -10 776.58 186.89 955.61 320.93 -10 -10 -10 -100    0 -1000 -1000 -10
166 1 pedestrian 0 0 -10 602.93 178.71 664.48 247.43 -10 -10 -10 -100    0 -1000 -1000 -10
167 26 pedestrian 0 0 -10 1040.03 133.96 1094.77 195.07 -10 -10 -10 -100    0 -1000 -1000 -10
167 19 pedestrian 0 0 -10 797.77 189.93 1018.18 348.49 -10 -10 -10 -100    0 -1000 -1000 -10
167 1 pedestrian 0 0 -10 602.35 178.20 664.15 247.38 -10 -10 -10 -100    0 -1000 -1000 -10
168 26 pedestrian 0 0 -10 1058.67 131.03 1116.57 195.14 -10 -10 -10 -100    0 -1000 -1000 -10
168 19 pedestrian 0 0 -10 822.64 191.03 1103.67 375.00 -10 -10 -10 -100    0 -1000 -1000 -10
168 1 pedestrian 0 0 -10 601.60 177.35 663.80 246.43 -10 -10 -10 -100    0 -1000 -1000 -10
169 26 pedestrian 0 0 -10 1079.14 127.51 1140.54 194.57 -10 -10 -10 -100    0 -1000 -1000 -10
169 19 pedestrian 0 0 -10 851.63 192.14 1236.25 375.00 -10 -10 -10 -100    0 -1000 -1000 -10
169 1 pedestrian 0 0 -10 601.31 178.14 663.63 247.43 -10 -10 -10 -100    0 -1000 -1000 -10
170 26 pedestrian 0 0 -10 1102.51 124.59 1169.61 195.66 -10 -10 -10 -100    0 -1000 -1000 -10
170 19 pedestrian 0 0 -10 900.15 194.91 1241.69 375.00 -10 -10 -10 -100    0 -1000 -1000 -10
170 1 pedestrian 0 0 -10 601.79 178.61 664.19 247.86 -10 -10 -10 -100    0 -1000 -1000 -10
171 26 pedestrian 0 0 -10 1128.70 121.33 1201.06 197.18 -10 -10 -10 -100    0 -1000 -1000 -10
171 19 pedestrian 0 0 -10 969.27 200.82 1242.00 375.00 -10 -10 -10 -100    0 -1000 -1000 -10
171 1 pedestrian 0 0 -10 602.33 179.06 665.04 248.50 -10 -10 -10 -100    0 -1000 -1000 -10
172 26 pedestrian 0 0 -10 1151.74 120.43 1239.22 198.90 -10 -10 -10 -100    0 -1000 -1000 -10
172 19 pedestrian 0 0 -10 1103.52 213.17 1241.55 375.00 -10 -10 -10 -100    0 -1000 -1000 -10
172 1 pedestrian 0 0 -10 602.44 179.65 665.42 249.02 -10 -10 -10 -100    0 -1000 -1000 -10
173 26 pedestrian 0 0 -10 1182.96 118.68 1241.54 200.39 -10 -10 -10 -100    0 -1000 -1000 -10
173 1 pedestrian 0 0 -10 602.52 179.51 665.59 249.50 -10 -10 -10 -100    0 -1000 -1000 -10
174 26 pedestrian 0 0 -10 1219.82 112.35 1241.90 205.20 -10 -10 -10 -100    0 -1000 -1000 -10
174 1 pedestrian 0 0 -10 602.69 178.89 665.84 249.18 -10 -10 -10 -100    0 -1000 -1000 -10
175 1 pedestrian 0 0 -10 602.76 178.37 665.88 249.52 -10 -10 -10 -100    0 -1000 -1000 -10
176 1 pedestrian 0 0 -10 602.48 177.62 666.05 249.25 -10 -10 -10 -100    0 -1000 -1000 -10
177 1 pedestrian 0 0 -10 602.38 177.22 665.97 248.43 -10 -10 -10 -100    0 -1000 -1000 -10
178 1 pedestrian 0 0 -10 601.70 175.78 665.66 247.59 -10 -10 -10 -100    0 -1000 -1000 -10
179 1 pedestrian 0 0 -10 601.03 175.09 665.63 247.59 -10 -10 -10 -100    0 -1000 -1000 -10
180 1 pedestrian 0 0 -10 600.21 175.08 665.38 247.55 -10 -10 -10 -100    0 -1000 -1000 -10
181 1 pedestrian 0 0 -10 599.73 174.94 665.09 247.71 -10 -10 -10 -100    0 -1000 -1000 -10
182 1 pedestrian 0 0 -10 599.38 173.36 665.20 246.87 -10 -10 -10 -100    0 -1000 -1000 -10
183 1 pedestrian 0 0 -10 599.20 171.27 665.38 244.77 -10 -10 -10 -100    0 -1000 -1000 -10
184 1 pedestrian 0 0 -10 598.86 169.65 664.90 243.44 -10 -10 -10 -100    0 -1000 -1000 -10
185 1 pedestrian 0 0 -10 598.25 169.15 664.69 242.59 -10 -10 -10 -100    0 -1000 -1000 -10
186 1 pedestrian 0 0 -10 597.63 169.31 664.22 243.46 -10 -10 -10 -100    0 -1000 -1000 -10
187 1 pedestrian 0 0 -10 597.46 169.49 663.92 243.79 -10 -10 -10 -100    0 -1000 -1000 -10
188 1 pedestrian 0 0 -10 597.06 169.20 664.08 244.70 -10 -10 -10 -100    0 -1000 -1000 -10
189 1 pedestrian 0 0 -10 597.06 169.81 664.06 245.52 -10 -10 -10 -100    0 -1000 -1000 -10
190 1 pedestrian 0 0 -10 597.01 169.97 664.06 246.03 -10 -10 -10 -100    0 -1000 -1000 -10
191 1 pedestrian 0 0 -10 597.00 170.69 663.73 246.76 -10 -10 -10 -100    0 -1000 -1000 -10
192 1 pedestrian 0 0 -10 597.10 172.72 663.85 247.92 -10 -10 -10 -100    0 -1000 -1000 -10
193 49 pedestrian 0 0 -10 741.88 155.64 779.48 176.24 -10 -10 -10 -100    0 -1000 -1000 -10
193 1 pedestrian 0 0 -10 596.65 174.08 663.69 248.96 -10 -10 -10 -100    0 -1000 -1000 -10
194 49 pedestrian 0 0 -10 739.84 156.38 779.61 177.06 -10 -10 -10 -100    0 -1000 -1000 -10
194 1 pedestrian 0 0 -10 596.74 173.71 663.74 248.95 -10 -10 -10 -100    0 -1000 -1000 -10
195 49 pedestrian 0 0 -10 740.57 156.86 780.96 176.91 -10 -10 -10 -100    0 -1000 -1000 -10
195 1 pedestrian 0 0 -10 596.57 173.76 663.83 249.19 -10 -10 -10 -100    0 -1000 -1000 -10
196 49 pedestrian 0 0 -10 741.27 157.66 781.03 177.25 -10 -10 -10 -100    0 -1000 -1000 -10
196 1 pedestrian 0 0 -10 596.42 174.06 664.11 249.55 -10 -10 -10 -100    0 -1000 -1000 -10
197 49 pedestrian 0 0 -10 741.88 157.10 782.56 176.81 -10 -10 -10 -100    0 -1000 -1000 -10
197 50 pedestrian 0 0 -10 703.19 138.93 733.16 186.47 -10 -10 -10 -100    0 -1000 -1000 -10
197 1 pedestrian 0 0 -10 596.67 174.60 664.23 249.78 -10 -10 -10 -100    0 -1000 -1000 -10
198 49 pedestrian 0 0 -10 742.53 157.01 782.26 176.80 -10 -10 -10 -100    0 -1000 -1000 -10
198 50 pedestrian 0 0 -10 703.76 136.73 736.13 187.26 -10 -10 -10 -100    0 -1000 -1000 -10
198 1 pedestrian 0 0 -10 596.63 173.78 664.13 249.11 -10 -10 -10 -100    0 -1000 -1000 -10
199 49 pedestrian 0 0 -10 741.38 156.89 781.17 176.96 -10 -10 -10 -100    0 -1000 -1000 -10
199 50 pedestrian 0 0 -10 704.88 135.10 738.71 188.28 -10 -10 -10 -100    0 -1000 -1000 -10
199 1 pedestrian 0 0 -10 596.61 173.27 664.33 248.59 -10 -10 -10 -100    0 -1000 -1000 -10
200 49 pedestrian 0 0 -10 741.98 155.53 781.96 176.23 -10 -10 -10 -100    0 -1000 -1000 -10
200 50 pedestrian 0 0 -10 705.95 133.81 742.22 188.15 -10 -10 -10 -100    0 -1000 -1000 -10
200 1 pedestrian 0 0 -10 596.73 171.91 664.39 247.53 -10 -10 -10 -100    0 -1000 -1000 -10
201 49 pedestrian 0 0 -10 742.49 156.71 783.33 177.43 -10 -10 -10 -100    0 -1000 -1000 -10
201 50 pedestrian 0 0 -10 706.69 134.00 745.26 190.15 -10 -10 -10 -100    0 -1000 -1000 -10
201 1 pedestrian 0 0 -10 597.15 173.31 664.66 248.61 -10 -10 -10 -100    0 -1000 -1000 -10
202 49 pedestrian 0 0 -10 742.74 156.47 783.40 178.20 -10 -10 -10 -100    0 -1000 -1000 -10
202 50 pedestrian 0 0 -10 708.24 132.86 749.73 191.63 -10 -10 -10 -100    0 -1000 -1000 -10
202 1 pedestrian 0 0 -10 596.99 173.17 664.28 248.36 -10 -10 -10 -100    0 -1000 -1000 -10
203 49 pedestrian 0 0 -10 744.02 156.34 785.71 178.71 -10 -10 -10 -100    0 -1000 -1000 -10
203 50 pedestrian 0 0 -10 708.95 132.31 754.48 194.99 -10 -10 -10 -100    0 -1000 -1000 -10
203 1 pedestrian 0 0 -10 596.66 174.09 664.10 248.96 -10 -10 -10 -100    0 -1000 -1000 -10
204 49 pedestrian 0 0 -10 743.16 155.78 783.22 179.56 -10 -10 -10 -100    0 -1000 -1000 -10
204 50 pedestrian 0 0 -10 712.79 128.14 760.57 197.07 -10 -10 -10 -100    0 -1000 -1000 -10
204 1 pedestrian 0 0 -10 596.68 174.76 663.84 249.52 -10 -10 -10 -100    0 -1000 -1000 -10
205 50 pedestrian 0 0 -10 714.36 127.88 766.07 199.64 -10 -10 -10 -100    0 -1000 -1000 -10
205 1 pedestrian 0 0 -10 596.58 175.05 663.74 249.96 -10 -10 -10 -100    0 -1000 -1000 -10
206 50 pedestrian 0 0 -10 715.78 124.84 775.10 201.53 -10 -10 -10 -100    0 -1000 -1000 -10
206 1 pedestrian 0 0 -10 596.62 175.02 663.82 249.61 -10 -10 -10 -100    0 -1000 -1000 -10
207 50 pedestrian 0 0 -10 717.68 118.67 786.08 203.19 -10 -10 -10 -100    0 -1000 -1000 -10
207 1 pedestrian 0 0 -10 596.60 174.77 663.47 249.05 -10 -10 -10 -100    0 -1000 -1000 -10
208 50 pedestrian 0 0 -10 722.28 116.03 795.60 205.84 -10 -10 -10 -100    0 -1000 -1000 -10
208 1 pedestrian 0 0 -10 596.35 174.52 663.05 248.46 -10 -10 -10 -100    0 -1000 -1000 -10
209 56 pedestrian 0 0 -10 712.62 130.49 762.50 199.08 -10 -10 -10 -100    0 -1000 -1000 -10
209 50 pedestrian 0 0 -10 724.53 110.70 810.40 209.14 -10 -10 -10 -100    0 -1000 -1000 -10
209 1 pedestrian 0 0 -10 595.68 174.58 662.01 248.41 -10 -10 -10 -100    0 -1000 -1000 -10
210 56 pedestrian 0 0 -10 714.66 130.30 767.52 201.53 -10 -10 -10 -100    0 -1000 -1000 -10
210 50 pedestrian 0 0 -10 729.52 104.21 827.41 213.97 -10 -10 -10 -100    0 -1000 -1000 -10
210 1 pedestrian 0 0 -10 594.50 175.02 660.82 249.09 -10 -10 -10 -100    0 -1000 -1000 -10
211 56 pedestrian 0 0 -10 716.46 125.61 776.72 203.75 -10 -10 -10 -100    0 -1000 -1000 -10
211 50 pedestrian 0 0 -10 736.25 95.84 850.87 217.79 -10 -10 -10 -100    0 -1000 -1000 -10
211 1 pedestrian 0 0 -10 593.13 174.32 658.57 247.90 -10 -10 -10 -100    0 -1000 -1000 -10
212 56 pedestrian 0 0 -10 717.69 121.50 787.10 206.51 -10 -10 -10 -100    0 -1000 -1000 -10
212 50 pedestrian 0 0 -10 743.14 83.21 880.38 224.11 -10 -10 -10 -100    0 -1000 -1000 -10
212 1 pedestrian 0 0 -10 591.38 173.91 656.77 247.48 -10 -10 -10 -100    0 -1000 -1000 -10
213 56 pedestrian 0 0 -10 722.48 118.49 794.97 209.50 -10 -10 -10 -100    0 -1000 -1000 -10
213 50 pedestrian 0 0 -10 747.18 69.85 921.66 232.10 -10 -10 -10 -100    0 -1000 -1000 -10
213 1 pedestrian 0 0 -10 590.26 174.10 655.19 247.14 -10 -10 -10 -100    0 -1000 -1000 -10
214 61 pedestrian 0 0 -10 712.86 128.62 768.69 202.84 -10 -10 -10 -100    0 -1000 -1000 -10
214 56 pedestrian 0 0 -10 727.27 113.66 810.54 212.80 -10 -10 -10 -100    0 -1000 -1000 -10
214 50 pedestrian 0 0 -10 756.99 51.57 979.67 242.37 -10 -10 -10 -100    0 -1000 -1000 -10
214 1 pedestrian 0 0 -10 589.06 174.82 654.14 247.60 -10 -10 -10 -100    0 -1000 -1000 -10
215 61 pedestrian 0 0 -10 712.62 124.72 772.83 205.03 -10 -10 -10 -100    0 -1000 -1000 -10
215 56 pedestrian 0 0 -10 733.36 103.98 830.03 217.20 -10 -10 -10 -100    0 -1000 -1000 -10
215 50 pedestrian 0 0 -10 770.36 21.96 1067.42 258.43 -10 -10 -10 -100    0 -1000 -1000 -10
215 1 pedestrian 0 0 -10 587.32 174.97 652.67 247.44 -10 -10 -10 -100    0 -1000 -1000 -10
216 61 pedestrian 0 0 -10 715.83 119.21 790.34 208.79 -10 -10 -10 -100    0 -1000 -1000 -10
216 56 pedestrian 0 0 -10 740.94 95.60 857.90 222.09 -10 -10 -10 -100    0 -1000 -1000 -10
216 50 pedestrian 0 0 -10 788.55 0.00 1208.99 285.33 -10 -10 -10 -100    0 -1000 -1000 -10
216 1 pedestrian 0 0 -10 586.40 174.17 651.01 246.46 -10 -10 -10 -100    0 -1000 -1000 -10
217 61 pedestrian 0 0 -10 717.37 113.82 802.60 211.21 -10 -10 -10 -100    0 -1000 -1000 -10
217 56 pedestrian 0 0 -10 750.15 84.27 886.30 229.03 -10 -10 -10 -100    0 -1000 -1000 -10
217 50 pedestrian 0 0 -10 810.66 0.00 1242.00 354.73 -10 -10 -10 -100    0 -1000 -1000 -10
217 1 pedestrian 0 0 -10 585.35 173.89 650.15 245.79 -10 -10 -10 -100    0 -1000 -1000 -10
218 61 pedestrian 0 0 -10 721.81 106.18 822.42 215.32 -10 -10 -10 -100    0 -1000 -1000 -10
218 56 pedestrian 0 0 -10 761.13 67.68 931.02 239.04 -10 -10 -10 -100    0 -1000 -1000 -10
218 50 pedestrian 0 0 -10 837.93 0.00 1242.00 358.45 -10 -10 -10 -100    0 -1000 -1000 -10
218 1 pedestrian 0 0 -10 584.04 173.83 648.85 245.78 -10 -10 -10 -100    0 -1000 -1000 -10
219 67 pedestrian 0 0 -10 707.67 126.39 769.71 204.67 -10 -10 -10 -100    0 -1000 -1000 -10
219 61 pedestrian 0 0 -10 725.97 97.73 847.05 221.11 -10 -10 -10 -100    0 -1000 -1000 -10
219 56 pedestrian 0 0 -10 778.79 49.43 997.79 254.26 -10 -10 -10 -100    0 -1000 -1000 -10
219 50 pedestrian 0 0 -10 883.71 0.00 1242.00 362.85 -10 -10 -10 -100    0 -1000 -1000 -10
219 1 pedestrian 0 0 -10 583.09 174.32 647.48 245.89 -10 -10 -10 -100    0 -1000 -1000 -10
220 67 pedestrian 0 0 -10 710.44 124.68 780.84 206.62 -10 -10 -10 -100    0 -1000 -1000 -10
220 61 pedestrian 0 0 -10 735.28 88.37 877.41 229.97 -10 -10 -10 -100    0 -1000 -1000 -10
220 56 pedestrian 0 0 -10 799.83 13.78 1093.46 274.59 -10 -10 -10 -100    0 -1000 -1000 -10
220 50 pedestrian 0 0 -10 953.57 0.00 1242.00 368.82 -10 -10 -10 -100    0 -1000 -1000 -10
220 1 pedestrian 0 0 -10 582.72 174.82 646.81 245.77 -10 -10 -10 -100    0 -1000 -1000 -10
221 67 pedestrian 0 0 -10 713.85 118.88 792.35 209.16 -10 -10 -10 -100    0 -1000 -1000 -10
221 61 pedestrian 0 0 -10 742.65 76.61 916.66 239.03 -10 -10 -10 -100    0 -1000 -1000 -10
221 56 pedestrian 0 0 -10 826.20 0.00 1242.00 311.75 -10 -10 -10 -100    0 -1000 -1000 -10
221 50 pedestrian 0 0 -10 1075.76 0.00 1242.00 374.84 -10 -10 -10 -100    0 -1000 -1000 -10
221 1 pedestrian 0 0 -10 582.29 174.46 646.28 245.42 -10 -10 -10 -100    0 -1000 -1000 -10
222 67 pedestrian 0 0 -10 716.32 112.36 805.02 211.96 -10 -10 -10 -100    0 -1000 -1000 -10
222 61 pedestrian 0 0 -10 755.37 52.88 978.44 250.84 -10 -10 -10 -100    0 -1000 -1000 -10
222 56 pedestrian 0 0 -10 867.96 0.00 1242.00 361.60 -10 -10 -10 -100    0 -1000 -1000 -10
222 1 pedestrian 0 0 -10 581.86 174.48 645.39 245.16 -10 -10 -10 -100    0 -1000 -1000 -10
223 67 pedestrian 0 0 -10 721.38 104.48 827.01 215.53 -10 -10 -10 -100    0 -1000 -1000 -10
223 61 pedestrian 0 0 -10 772.09 26.30 1063.50 270.02 -10 -10 -10 -100    0 -1000 -1000 -10
223 56 pedestrian 0 0 -10 932.19 0.00 1242.00 372.64 -10 -10 -10 -100    0 -1000 -1000 -10
223 1 pedestrian 0 0 -10 581.85 175.51 644.79 245.57 -10 -10 -10 -100    0 -1000 -1000 -10
224 70 pedestrian 0 0 -10 709.17 126.86 766.54 205.62 -10 -10 -10 -100    0 -1000 -1000 -10
224 67 pedestrian 0 0 -10 725.28 93.87 852.91 223.21 -10 -10 -10 -100    0 -1000 -1000 -10
224 61 pedestrian 0 0 -10 792.01 0.00 1232.38 305.20 -10 -10 -10 -100    0 -1000 -1000 -10
224 56 pedestrian 0 0 -10 1036.40 0.00 1242.00 374.31 -10 -10 -10 -100    0 -1000 -1000 -10
224 1 pedestrian 0 0 -10 581.75 175.99 644.51 245.89 -10 -10 -10 -100    0 -1000 -1000 -10
225 70 pedestrian 0 0 -10 713.13 120.66 782.60 208.09 -10 -10 -10 -100    0 -1000 -1000 -10
225 67 pedestrian 0 0 -10 735.65 84.45 884.67 232.03 -10 -10 -10 -100    0 -1000 -1000 -10
225 61 pedestrian 0 0 -10 815.69 0.00 1242.00 374.53 -10 -10 -10 -100    0 -1000 -1000 -10
225 1 pedestrian 0 0 -10 581.95 175.99 644.42 245.62 -10 -10 -10 -100    0 -1000 -1000 -10
226 70 pedestrian 0 0 -10 718.09 117.03 792.64 211.21 -10 -10 -10 -100    0 -1000 -1000 -10
226 67 pedestrian 0 0 -10 743.27 73.42 921.76 242.69 -10 -10 -10 -100    0 -1000 -1000 -10
226 61 pedestrian 0 0 -10 848.27 0.00 1242.00 375.00 -10 -10 -10 -100    0 -1000 -1000 -10
226 1 pedestrian 0 0 -10 581.32 175.99 643.37 245.25 -10 -10 -10 -100    0 -1000 -1000 -10
227 70 pedestrian 0 0 -10 720.90 113.46 807.70 213.22 -10 -10 -10 -100    0 -1000 -1000 -10
227 67 pedestrian 0 0 -10 749.75 50.12 990.30 257.49 -10 -10 -10 -100    0 -1000 -1000 -10
227 61 pedestrian 0 0 -10 902.93 0.00 1241.83 375.00 -10 -10 -10 -100    0 -1000 -1000 -10
227 1 pedestrian 0 0 -10 581.15 176.56 642.19 245.13 -10 -10 -10 -100    0 -1000 -1000 -10
228 71 pedestrian 0 0 -10 707.75 124.82 774.60 208.55 -10 -10 -10 -100    0 -1000 -1000 -10
228 70 pedestrian 0 0 -10 727.66 105.94 827.30 219.49 -10 -10 -10 -100    0 -1000 -1000 -10
228 67 pedestrian 0 0 -10 761.57 23.08 1082.62 280.91 -10 -10 -10 -100    0 -1000 -1000 -10
228 61 pedestrian 0 0 -10 983.07 0.00 1242.00 375.00 -10 -10 -10 -100    0 -1000 -1000 -10
228 1 pedestrian 0 0 -10 581.05 178.11 641.62 246.12 -10 -10 -10 -100    0 -1000 -1000 -10
229 71 pedestrian 0 0 -10 707.92 119.62 786.48 212.09 -10 -10 -10 -100    0 -1000 -1000 -10
229 70 pedestrian 0 0 -10 732.83 95.41 851.67 227.04 -10 -10 -10 -100    0 -1000 -1000 -10
229 67 pedestrian 0 0 -10 778.44 0.00 1242.00 316.90 -10 -10 -10 -100    0 -1000 -1000 -10
229 1 pedestrian 0 0 -10 580.64 178.46 641.28 246.24 -10 -10 -10 -100    0 -1000 -1000 -10
230 71 pedestrian 0 0 -10 711.60 113.49 801.25 215.10 -10 -10 -10 -100    0 -1000 -1000 -10
230 70 pedestrian 0 0 -10 741.99 85.38 884.85 236.41 -10 -10 -10 -100    0 -1000 -1000 -10
230 67 pedestrian 0 0 -10 798.55 0.00 1242.00 375.00 -10 -10 -10 -100    0 -1000 -1000 -10
230 1 pedestrian 0 0 -10 580.19 178.43 640.63 246.05 -10 -10 -10 -100    0 -1000 -1000 -10
231 71 pedestrian 0 0 -10 715.21 109.09 818.45 218.96 -10 -10 -10 -100    0 -1000 -1000 -10
231 70 pedestrian 0 0 -10 753.74 69.25 935.48 246.80 -10 -10 -10 -100    0 -1000 -1000 -10
231 67 pedestrian 0 0 -10 832.33 0.00 1242.00 375.00 -10 -10 -10 -100    0 -1000 -1000 -10
231 1 pedestrian 0 0 -10 579.65 178.72 639.68 245.91 -10 -10 -10 -100    0 -1000 -1000 -10
232 71 pedestrian 0 0 -10 723.38 98.35 844.45 227.33 -10 -10 -10 -100    0 -1000 -1000 -10
232 70 pedestrian 0 0 -10 770.43 44.56 1004.05 267.02 -10 -10 -10 -100    0 -1000 -1000 -10
232 67 pedestrian 0 0 -10 880.84 0.00 1242.00 375.00 -10 -10 -10 -100    0 -1000 -1000 -10
232 1 pedestrian 0 0 -10 579.24 178.84 638.98 245.67 -10 -10 -10 -100    0 -1000 -1000 -10
233 71 pedestrian 0 0 -10 728.76 86.87 875.00 234.98 -10 -10 -10 -100    0 -1000 -1000 -10
233 70 pedestrian 0 0 -10 790.53 7.44 1117.23 287.03 -10 -10 -10 -100    0 -1000 -1000 -10
233 67 pedestrian 0 0 -10 956.25 0.00 1242.00 375.00 -10 -10 -10 -100    0 -1000 -1000 -10
233 72 pedestrian 0 0 -10 684.93 166.30 721.22 184.88 -10 -10 -10 -100    0 -1000 -1000 -10
233 1 pedestrian 0 0 -10 578.79 178.28 638.62 244.40 -10 -10 -10 -100    0 -1000 -1000 -10
234 70 pedestrian 0 0 -10 818.97 0.00 1242.00 328.84 -10 -10 -10 -100    0 -1000 -1000 -10
234 67 pedestrian 0 0 -10 1106.56 0.00 1242.00 375.00 -10 -10 -10 -100    0 -1000 -1000 -10
234 72 pedestrian 0 0 -10 682.96 165.32 718.28 184.19 -10 -10 -10 -100    0 -1000 -1000 -10
234 71 pedestrian 0 0 -10 735.85 73.21 920.31 245.05 -10 -10 -10 -100    0 -1000 -1000 -10
234 1 pedestrian 0 0 -10 578.37 177.88 637.60 243.71 -10 -10 -10 -100    0 -1000 -1000 -10
235 70 pedestrian 0 0 -10 860.02 0.00 1242.00 375.00 -10 -10 -10 -100    0 -1000 -1000 -10
235 72 pedestrian 0 0 -10 681.13 165.11 715.81 184.11 -10 -10 -10 -100    0 -1000 -1000 -10
235 71 pedestrian 0 0 -10 745.55 48.31 982.44 262.02 -10 -10 -10 -100    0 -1000 -1000 -10
235 1 pedestrian 0 0 -10 578.26 178.18 637.39 243.65 -10 -10 -10 -100    0 -1000 -1000 -10
236 70 pedestrian 0 0 -10 928.52 0.00 1242.00 375.00 -10 -10 -10 -100    0 -1000 -1000 -10
236 72 pedestrian 0 0 -10 674.98 164.89 712.66 184.23 -10 -10 -10 -100    0 -1000 -1000 -10
236 71 pedestrian 0 0 -10 761.63 14.68 1081.22 282.94 -10 -10 -10 -100    0 -1000 -1000 -10
236 1 pedestrian 0 0 -10 578.15 178.29 636.80 243.26 -10 -10 -10 -100    0 -1000 -1000 -10
237 70 pedestrian 0 0 -10 1054.32 0.00 1242.00 375.00 -10 -10 -10 -100    0 -1000 -1000 -10
237 72 pedestrian 0 0 -10 674.67 164.78 711.41 184.20 -10 -10 -10 -100    0 -1000 -1000 -10
237 71 pedestrian 0 0 -10 777.86 0.00 1242.00 322.12 -10 -10 -10 -100    0 -1000 -1000 -10
237 1 pedestrian 0 0 -10 578.08 177.99 636.41 242.60 -10 -10 -10 -100    0 -1000 -1000 -10
238 72 pedestrian 0 0 -10 671.67 164.09 709.40 184.31 -10 -10 -10 -100    0 -1000 -1000 -10
238 73 pedestrian 0 0 -10 725.93 163.75 758.32 181.35 -10 -10 -10 -100    0 -1000 -1000 -10
238 71 pedestrian 0 0 -10 800.73 0.00 1242.00 375.00 -10 -10 -10 -100    0 -1000 -1000 -10
238 1 pedestrian 0 0 -10 578.16 177.60 636.22 242.16 -10 -10 -10 -100    0 -1000 -1000 -10
239 72 pedestrian 0 0 -10 666.71 162.94 707.39 184.09 -10 -10 -10 -100    0 -1000 -1000 -10
239 73 pedestrian 0 0 -10 724.62 163.69 759.02 182.10 -10 -10 -10 -100    0 -1000 -1000 -10
239 71 pedestrian 0 0 -10 837.03 0.00 1242.00 375.00 -10 -10 -10 -100    0 -1000 -1000 -10
239 1 pedestrian 0 0 -10 578.00 176.91 636.05 240.87 -10 -10 -10 -100    0 -1000 -1000 -10
240 72 pedestrian 0 0 -10 665.06 163.45 705.05 183.69 -10 -10 -10 -100    0 -1000 -1000 -10
240 73 pedestrian 0 0 -10 723.92 163.95 757.70 181.79 -10 -10 -10 -100    0 -1000 -1000 -10
240 71 pedestrian 0 0 -10 892.68 0.00 1242.00 375.00 -10 -10 -10 -100    0 -1000 -1000 -10
240 1 pedestrian 0 0 -10 577.75 175.88 635.67 240.10 -10 -10 -10 -100    0 -1000 -1000 -10
241 72 pedestrian 0 0 -10 663.16 163.44 703.61 184.01 -10 -10 -10 -100    0 -1000 -1000 -10
241 73 pedestrian 0 0 -10 722.58 163.89 757.63 181.99 -10 -10 -10 -100    0 -1000 -1000 -10
241 71 pedestrian 0 0 -10 982.89 0.00 1242.00 375.00 -10 -10 -10 -100    0 -1000 -1000 -10
241 1 pedestrian 0 0 -10 577.60 175.72 635.52 239.53 -10 -10 -10 -100    0 -1000 -1000 -10
242 72 pedestrian 0 0 -10 662.00 164.48 702.13 184.83 -10 -10 -10 -100    0 -1000 -1000 -10
242 73 pedestrian 0 0 -10 723.40 165.27 758.63 181.87 -10 -10 -10 -100    0 -1000 -1000 -10
242 1 pedestrian 0 0 -10 577.61 176.06 635.95 239.22 -10 -10 -10 -100    0 -1000 -1000 -10
243 72 pedestrian 0 0 -10 659.18 164.78 699.32 184.89 -10 -10 -10 -100    0 -1000 -1000 -10
243 73 pedestrian 0 0 -10 722.04 164.47 757.82 181.33 -10 -10 -10 -100    0 -1000 -1000 -10
243 1 pedestrian 0 0 -10 577.91 175.64 636.66 238.75 -10 -10 -10 -100    0 -1000 -1000 -10
244 72 pedestrian 0 0 -10 660.86 164.61 698.85 184.00 -10 -10 -10 -100    0 -1000 -1000 -10
244 73 pedestrian 0 0 -10 722.40 164.56 755.97 180.35 -10 -10 -10 -100    0 -1000 -1000 -10
244 1 pedestrian 0 0 -10 578.35 174.08 637.02 237.30 -10 -10 -10 -100    0 -1000 -1000 -10
245 72 pedestrian 0 0 -10 655.32 164.73 695.41 183.98 -10 -10 -10 -100    0 -1000 -1000 -10
245 73 pedestrian 0 0 -10 720.77 164.18 754.24 180.12 -10 -10 -10 -100    0 -1000 -1000 -10
245 1 pedestrian 0 0 -10 578.97 173.62 637.68 236.71 -10 -10 -10 -100    0 -1000 -1000 -10
246 72 pedestrian 0 0 -10 652.00 166.13 691.66 184.43 -10 -10 -10 -100    0 -1000 -1000 -10
246 73 pedestrian 0 0 -10 722.12 164.35 755.59 180.36 -10 -10 -10 -100    0 -1000 -1000 -10
246 1 pedestrian 0 0 -10 579.52 173.82 638.91 236.70 -10 -10 -10 -100    0 -1000 -1000 -10
247 72 pedestrian 0 0 -10 649.57 166.56 689.44 184.85 -10 -10 -10 -100    0 -1000 -1000 -10
247 73 pedestrian 0 0 -10 722.50 164.52 755.57 180.15 -10 -10 -10 -100    0 -1000 -1000 -10
247 1 pedestrian 0 0 -10 580.33 173.82 639.36 236.32 -10 -10 -10 -100    0 -1000 -1000 -10
248 72 pedestrian 0 0 -10 646.75 166.57 686.19 185.16 -10 -10 -10 -100    0 -1000 -1000 -10
248 73 pedestrian 0 0 -10 722.21 164.50 755.11 180.28 -10 -10 -10 -100    0 -1000 -1000 -10
248 1 pedestrian 0 0 -10 581.16 173.71 640.14 235.99 -10 -10 -10 -100    0 -1000 -1000 -10
249 72 pedestrian 0 0 -10 643.34 166.91 683.93 185.80 -10 -10 -10 -100    0 -1000 -1000 -10
249 73 pedestrian 0 0 -10 720.31 164.47 753.65 180.20 -10 -10 -10 -100    0 -1000 -1000 -10
249 1 pedestrian 0 0 -10 581.72 173.88 641.25 236.06 -10 -10 -10 -100    0 -1000 -1000 -10
250 72 pedestrian 0 0 -10 639.08 167.42 680.30 186.48 -10 -10 -10 -100    0 -1000 -1000 -10
250 73 pedestrian 0 0 -10 721.24 164.27 754.12 180.02 -10 -10 -10 -100    0 -1000 -1000 -10
250 1 pedestrian 0 0 -10 582.47 174.02 642.44 236.15 -10 -10 -10 -100    0 -1000 -1000 -10
251 72 pedestrian 0 0 -10 635.42 167.30 679.77 186.75 -10 -10 -10 -100    0 -1000 -1000 -10
251 73 pedestrian 0 0 -10 719.37 164.57 752.59 180.29 -10 -10 -10 -100    0 -1000 -1000 -10
251 1 pedestrian 0 0 -10 583.28 173.85 643.84 236.09 -10 -10 -10 -100    0 -1000 -1000 -10
252 72 pedestrian 0 0 -10 633.50 167.32 678.36 186.37 -10 -10 -10 -100    0 -1000 -1000 -10
252 73 pedestrian 0 0 -10 719.74 164.15 753.68 179.61 -10 -10 -10 -100    0 -1000 -1000 -10
252 1 pedestrian 0 0 -10 584.65 173.49 644.82 235.89 -10 -10 -10 -100    0 -1000 -1000 -10
253 72 pedestrian 0 0 -10 630.99 167.29 676.17 187.04 -10 -10 -10 -100    0 -1000 -1000 -10
253 73 pedestrian 0 0 -10 719.20 164.59 754.28 180.48 -10 -10 -10 -100    0 -1000 -1000 -10
253 1 pedestrian 0 0 -10 585.66 174.42 645.02 236.35 -10 -10 -10 -100    0 -1000 -1000 -10
254 72 pedestrian 0 0 -10 627.65 168.67 672.80 189.72 -10 -10 -10 -100    0 -1000 -1000 -10
254 73 pedestrian 0 0 -10 717.80 165.51 753.17 181.18 -10 -10 -10 -100    0 -1000 -1000 -10
254 1 pedestrian 0 0 -10 586.72 175.71 646.28 237.47 -10 -10 -10 -100    0 -1000 -1000 -10
255 72 pedestrian 0 0 -10 627.12 168.50 672.74 190.02 -10 -10 -10 -100    0 -1000 -1000 -10
255 73 pedestrian 0 0 -10 716.42 165.37 753.35 181.56 -10 -10 -10 -100    0 -1000 -1000 -10
255 1 pedestrian 0 0 -10 587.94 176.15 647.88 237.73 -10 -10 -10 -100    0 -1000 -1000 -10
256 72 pedestrian 0 0 -10 626.85 167.83 674.30 188.95 -10 -10 -10 -100    0 -1000 -1000 -10
256 73 pedestrian 0 0 -10 715.21 165.39 753.40 181.94 -10 -10 -10 -100    0 -1000 -1000 -10
256 1 pedestrian 0 0 -10 589.23 176.20 648.72 237.39 -10 -10 -10 -100    0 -1000 -1000 -10
257 72 pedestrian 0 0 -10 625.88 167.75 669.17 188.23 -10 -10 -10 -100    0 -1000 -1000 -10
257 73 pedestrian 0 0 -10 714.72 165.01 752.69 181.08 -10 -10 -10 -100    0 -1000 -1000 -10
257 1 pedestrian 0 0 -10 591.03 175.77 649.61 236.76 -10 -10 -10 -100    0 -1000 -1000 -10
258 73 pedestrian 0 0 -10 713.56 165.43 751.40 181.49 -10 -10 -10 -100    0 -1000 -1000 -10
258 1 pedestrian 0 0 -10 592.51 175.75 650.52 236.82 -10 -10 -10 -100    0 -1000 -1000 -10
259 73 pedestrian 0 0 -10 712.56 165.85 751.38 182.09 -10 -10 -10 -100    0 -1000 -1000 -10
259 1 pedestrian 0 0 -10 593.86 175.70 651.55 236.77 -10 -10 -10 -100    0 -1000 -1000 -10
260 73 pedestrian 0 0 -10 711.59 166.13 750.25 182.35 -10 -10 -10 -100    0 -1000 -1000 -10
260 1 pedestrian 0 0 -10 595.05 175.65 652.28 236.83 -10 -10 -10 -100    0 -1000 -1000 -10
261 73 pedestrian 0 0 -10 711.94 165.97 750.23 182.30 -10 -10 -10 -100    0 -1000 -1000 -10
261 1 pedestrian 0 0 -10 596.14 175.55 652.96 236.36 -10 -10 -10 -100    0 -1000 -1000 -10
262 73 pedestrian 0 0 -10 711.43 165.29 750.84 181.70 -10 -10 -10 -100    0 -1000 -1000 -10
262 1 pedestrian 0 0 -10 597.20 174.98 654.22 235.92 -10 -10 -10 -100    0 -1000 -1000 -10
263 73 pedestrian 0 0 -10 712.06 166.25 750.87 182.44 -10 -10 -10 -100    0 -1000 -1000 -10
263 1 pedestrian 0 0 -10 597.86 175.40 655.00 236.38 -10 -10 -10 -100    0 -1000 -1000 -10
264 74 pedestrian 0 0 -10 1134.80 133.91 1228.08 194.03 -10 -10 -10 -100    0 -1000 -1000 -10
264 73 pedestrian 0 0 -10 710.98 166.15 750.64 182.71 -10 -10 -10 -100    0 -1000 -1000 -10
264 1 pedestrian 0 0 -10 599.23 176.19 656.48 236.76 -10 -10 -10 -100    0 -1000 -1000 -10
265 74 pedestrian 0 0 -10 1154.14 130.32 1242.00 197.03 -10 -10 -10 -100    0 -1000 -1000 -10
265 73 pedestrian 0 0 -10 711.60 165.62 751.04 182.50 -10 -10 -10 -100    0 -1000 -1000 -10
265 1 pedestrian 0 0 -10 600.05 176.36 657.19 236.86 -10 -10 -10 -100    0 -1000 -1000 -10
266 74 pedestrian 0 0 -10 1175.42 130.94 1241.78 199.62 -10 -10 -10 -100    0 -1000 -1000 -10
266 75 pedestrian 0 0 -10 579.49 177.38 602.99 195.85 -10 -10 -10 -100    0 -1000 -1000 -10
266 73 pedestrian 0 0 -10 712.06 165.91 749.98 182.57 -10 -10 -10 -100    0 -1000 -1000 -10
266 1 pedestrian 0 0 -10 601.18 175.88 658.44 236.97 -10 -10 -10 -100    0 -1000 -1000 -10
267 74 pedestrian 0 0 -10 1204.45 125.87 1241.76 206.29 -10 -10 -10 -100    0 -1000 -1000 -10
267 75 pedestrian 0 0 -10 574.98 178.09 598.25 196.03 -10 -10 -10 -100    0 -1000 -1000 -10
267 73 pedestrian 0 0 -10 713.80 165.92 749.73 182.30 -10 -10 -10 -100    0 -1000 -1000 -10
267 1 pedestrian 0 0 -10 602.12 175.94 658.96 236.66 -10 -10 -10 -100    0 -1000 -1000 -10
268 74 pedestrian 0 0 -10 1202.77 125.09 1241.86 224.91 -10 -10 -10 -100    0 -1000 -1000 -10
268 75 pedestrian 0 0 -10 568.40 178.24 592.45 196.64 -10 -10 -10 -100    0 -1000 -1000 -10
268 73 pedestrian 0 0 -10 716.53 165.75 748.10 181.75 -10 -10 -10 -100    0 -1000 -1000 -10
268 1 pedestrian 0 0 -10 602.77 176.28 659.40 236.61 -10 -10 -10 -100    0 -1000 -1000 -10
269 75 pedestrian 0 0 -10 562.06 177.86 588.82 197.85 -10 -10 -10 -100    0 -1000 -1000 -10
269 1 pedestrian 0 0 -10 603.55 176.24 660.02 236.55 -10 -10 -10 -100    0 -1000 -1000 -10
270 76 pedestrian 0 0 -10 583.76 176.98 613.32 198.99 -10 -10 -10 -100    0 -1000 -1000 -10
270 75 pedestrian 0 0 -10 555.39 177.70 583.91 199.06 -10 -10 -10 -100    0 -1000 -1000 -10
270 1 pedestrian 0 0 -10 604.74 176.33 660.61 236.46 -10 -10 -10 -100    0 -1000 -1000 -10
271 76 pedestrian 0 0 -10 577.75 176.48 608.39 199.93 -10 -10 -10 -100    0 -1000 -1000 -10
271 75 pedestrian 0 0 -10 547.86 177.82 578.58 199.98 -10 -10 -10 -100    0 -1000 -1000 -10
271 1 pedestrian 0 0 -10 605.32 176.38 661.12 235.97 -10 -10 -10 -100    0 -1000 -1000 -10
272 76 pedestrian 0 0 -10 571.33 177.55 604.68 201.99 -10 -10 -10 -100    0 -1000 -1000 -10
272 75 pedestrian 0 0 -10 540.11 178.82 572.16 202.00 -10 -10 -10 -100    0 -1000 -1000 -10
272 1 pedestrian 0 0 -10 605.70 176.24 661.56 236.08 -10 -10 -10 -100    0 -1000 -1000 -10
273 75 pedestrian 0 0 -10 530.61 179.25 564.38 203.22 -10 -10 -10 -100    0 -1000 -1000 -10
273 76 pedestrian 0 0 -10 564.31 177.89 597.81 203.42 -10 -10 -10 -100    0 -1000 -1000 -10
273 1 pedestrian 0 0 -10 606.49 176.09 662.02 235.93 -10 -10 -10 -100    0 -1000 -1000 -10
274 75 pedestrian 0 0 -10 521.36 179.15 557.01 205.18 -10 -10 -10 -100    0 -1000 -1000 -10
274 76 pedestrian 0 0 -10 555.62 177.87 592.14 205.83 -10 -10 -10 -100    0 -1000 -1000 -10
274 1 pedestrian 0 0 -10 607.01 175.85 662.38 235.72 -10 -10 -10 -100    0 -1000 -1000 -10
275 75 pedestrian 0 0 -10 510.03 178.71 547.86 206.32 -10 -10 -10 -100    0 -1000 -1000 -10
275 76 pedestrian 0 0 -10 545.82 177.62 586.65 208.66 -10 -10 -10 -100    0 -1000 -1000 -10
275 1 pedestrian 0 0 -10 607.65 175.18 663.04 234.84 -10 -10 -10 -100    0 -1000 -1000 -10
276 75 pedestrian 0 0 -10 498.16 178.16 540.31 208.32 -10 -10 -10 -100    0 -1000 -1000 -10
276 76 pedestrian 0 0 -10 535.79 176.80 579.64 210.92 -10 -10 -10 -100    0 -1000 -1000 -10
276 1 pedestrian 0 0 -10 608.69 173.78 663.79 233.64 -10 -10 -10 -100    0 -1000 -1000 -10
277 75 pedestrian 0 0 -10 483.80 178.09 528.89 211.05 -10 -10 -10 -100    0 -1000 -1000 -10
277 76 pedestrian 0 0 -10 524.91 176.74 572.17 214.11 -10 -10 -10 -100    0 -1000 -1000 -10
277 1 pedestrian 0 0 -10 609.77 172.19 664.02 232.35 -10 -10 -10 -100    0 -1000 -1000 -10
278 75 pedestrian 0 0 -10 467.81 179.95 518.15 215.72 -10 -10 -10 -100    0 -1000 -1000 -10
278 76 pedestrian 0 0 -10 511.09 178.18 563.22 219.22 -10 -10 -10 -100    0 -1000 -1000 -10
278 1 pedestrian 0 0 -10 610.78 172.92 664.49 232.93 -10 -10 -10 -100    0 -1000 -1000 -10
279 75 pedestrian 0 0 -10 449.57 180.99 506.66 219.88 -10 -10 -10 -100    0 -1000 -1000 -10
279 76 pedestrian 0 0 -10 495.53 178.96 553.91 224.85 -10 -10 -10 -100    0 -1000 -1000 -10
279 1 pedestrian 0 0 -10 611.69 172.99 665.00 232.81 -10 -10 -10 -100    0 -1000 -1000 -10
280 75 pedestrian 0 0 -10 426.29 182.37 489.73 225.32 -10 -10 -10 -100    0 -1000 -1000 -10
280 76 pedestrian 0 0 -10 475.12 179.96 542.58 231.86 -10 -10 -10 -100    0 -1000 -1000 -10
280 1 pedestrian 0 0 -10 612.79 172.99 665.77 232.49 -10 -10 -10 -100    0 -1000 -1000 -10
281 75 pedestrian 0 0 -10 398.34 183.34 472.46 232.55 -10 -10 -10 -100    0 -1000 -1000 -10
281 76 pedestrian 0 0 -10 450.67 181.13 528.37 241.20 -10 -10 -10 -100    0 -1000 -1000 -10
281 1 pedestrian 0 0 -10 613.43 173.05 666.72 232.41 -10 -10 -10 -100    0 -1000 -1000 -10
282 75 pedestrian 0 0 -10 363.96 185.10 450.95 242.03 -10 -10 -10 -100    0 -1000 -1000 -10
282 73 pedestrian 0 0 -10 720.71 166.67 737.84 181.67 -10 -10 -10 -100    0 -1000 -1000 -10
282 76 pedestrian 0 0 -10 416.31 183.18 511.02 254.54 -10 -10 -10 -100    0 -1000 -1000 -10
282 1 pedestrian 0 0 -10 614.06 173.34 667.58 233.26 -10 -10 -10 -100    0 -1000 -1000 -10
283 75 pedestrian 0 0 -10 314.90 186.35 418.58 253.54 -10 -10 -10 -100    0 -1000 -1000 -10
283 73 pedestrian 0 0 -10 719.77 166.39 737.70 181.78 -10 -10 -10 -100    0 -1000 -1000 -10
283 76 pedestrian 0 0 -10 368.64 184.76 488.18 273.35 -10 -10 -10 -100    0 -1000 -1000 -10
283 1 pedestrian 0 0 -10 615.04 172.91 668.23 232.77 -10 -10 -10 -100    0 -1000 -1000 -10
284 75 pedestrian 0 0 -10 249.89 188.17 386.44 269.59 -10 -10 -10 -100    0 -1000 -1000 -10
284 73 pedestrian 0 0 -10 719.92 166.34 737.37 181.34 -10 -10 -10 -100    0 -1000 -1000 -10
284 76 pedestrian 0 0 -10 291.94 187.99 456.07 302.30 -10 -10 -10 -100    0 -1000 -1000 -10
284 1 pedestrian 0 0 -10 616.03 172.68 669.13 232.48 -10 -10 -10 -100    0 -1000 -1000 -10
285 73 pedestrian 0 0 -10 718.10 165.96 735.77 181.10 -10 -10 -10 -100    0 -1000 -1000 -10
285 1 pedestrian 0 0 -10 616.57 172.51 670.14 232.31 -10 -10 -10 -100    0 -1000 -1000 -10
286 73 pedestrian 0 0 -10 717.90 166.23 736.12 180.55 -10 -10 -10 -100    0 -1000 -1000 -10
286 1 pedestrian 0 0 -10 617.76 172.62 671.01 232.15 -10 -10 -10 -100    0 -1000 -1000 -10
287 73 pedestrian 0 0 -10 717.55 166.66 736.17 180.91 -10 -10 -10 -100    0 -1000 -1000 -10
287 1 pedestrian 0 0 -10 618.46 172.92 671.55 232.23 -10 -10 -10 -100    0 -1000 -1000 -10
288 1 pedestrian 0 0 -10 619.18 173.01 672.08 232.30 -10 -10 -10 -100    0 -1000 -1000 -10
289 1 pedestrian 0 0 -10 619.66 172.86 672.50 232.17 -10 -10 -10 -100    0 -1000 -1000 -10
290 1 pedestrian 0 0 -10 619.67 172.94 672.19 232.23 -10 -10 -10 -100    0 -1000 -1000 -10
291 73 pedestrian 0 0 -10 715.34 166.80 734.37 181.33 -10 -10 -10 -100    0 -1000 -1000 -10
291 1 pedestrian 0 0 -10 619.43 173.46 671.38 232.39 -10 -10 -10 -100    0 -1000 -1000 -10
292 1 pedestrian 0 0 -10 619.13 173.60 670.86 232.36 -10 -10 -10 -100    0 -1000 -1000 -10
293 1 pedestrian 0 0 -10 618.58 173.48 670.47 232.13 -10 -10 -10 -100    0 -1000 -1000 -10
