0 4 pedestrian 0 0 -10 880.50 157.00 906.81 219.00 -10 -10 -10 -100    0 -1000 -1000 -10
0 3 pedestrian 0 0 -10 837.54 169.70 861.80 213.18 -10 -10 -10 -100    0 -1000 -1000 -10
0 2 pedestrian 0 0 -10 1109.01 130.95 1195.33 249.57 -10 -10 -10 -100    0 -1000 -1000 -10
0 1 pedestrian 0 0 -10 417.96 190.18 554.75 304.83 -10 -10 -10 -100    0 -1000 -1000 -10
1 4 pedestrian 0 0 -10 881.07 156.26 908.31 219.86 -10 -10 -10 -100    0 -1000 -1000 -10
1 3 pedestrian 0 0 -10 837.75 169.29 863.71 212.88 -10 -10 -10 -100    0 -1000 -1000 -10
1 2 pedestrian 0 0 -10 1099.94 133.53 1185.07 248.38 -10 -10 -10 -100    0 -1000 -1000 -10
1 1 pedestrian 0 0 -10 398.72 190.37 549.88 316.04 -10 -10 -10 -100    0 -1000 -1000 -10
2 4 pedestrian 0 0 -10 882.18 156.30 910.52 220.31 -10 -10 -10 -100    0 -1000 -1000 -10
2 3 pedestrian 0 0 -10 838.06 168.31 864.65 212.62 -10 -10 -10 -100    0 -1000 -1000 -10
2 2 pedestrian 0 0 -10 1080.67 132.37 1161.36 244.77 -10 -10 -10 -100    0 -1000 -1000 -10
2 1 pedestrian 0 0 -10 375.91 190.69 545.17 329.69 -10 -10 -10 -100    0 -1000 -1000 -10
3 4 pedestrian 0 0 -10 881.89 155.27 918.69 219.58 -10 -10 -10 -100    0 -1000 -1000 -10
3 3 pedestrian 0 0 -10 842.23 165.02 870.25 210.12 -10 -10 -10 -100    0 -1000 -1000 -10
3 2 pedestrian 0 0 -10 1064.22 131.60 1146.15 242.82 -10 -10 -10 -100    0 -1000 -1000 -10
3 1 pedestrian 0 0 -10 347.46 192.15 537.82 347.17 -10 -10 -10 -100    0 -1000 -1000 -10
4 4 pedestrian 0 0 -10 882.10 153.77 921.14 217.56 -10 -10 -10 -100    0 -1000 -1000 -10
4 3 pedestrian 0 0 -10 847.03 163.51 874.48 209.62 -10 -10 -10 -100    0 -1000 -1000 -10
4 2 pedestrian 0 0 -10 1052.92 129.61 1138.77 242.17 -10 -10 -10 -100    0 -1000 -1000 -10
4 1 pedestrian 0 0 -10 310.82 194.35 530.87 368.40 -10 -10 -10 -100    0 -1000 -1000 -10
5 4 pedestrian 0 0 -10 883.17 153.45 922.94 216.71 -10 -10 -10 -100    0 -1000 -1000 -10
5 3 pedestrian 0 0 -10 848.80 162.27 875.78 209.09 -10 -10 -10 -100    0 -1000 -1000 -10
5 2 pedestrian 0 0 -10 1041.08 129.39 1118.08 239.17 -10 -10 -10 -100    0 -1000 -1000 -10
5 1 pedestrian 0 0 -10 263.81 195.37 520.52 375.00 -10 -10 -10 -100    0 -1000 -1000 -10
6 4 pedestrian 0 0 -10 884.51 152.32 924.76 217.05 -10 -10 -10 -100    0 -1000 -1000 -10
6 3 pedestrian 0 0 -10 851.31 161.39 877.07 208.00 -10 -10 -10 -100    0 -1000 -1000 -10
6 2 pedestrian 0 0 -10 1031.02 133.79 1098.21 235.81 -10 -10 -10 -100    0 -1000 -1000 -10
6 1 pedestrian 0 0 -10 199.61 195.80 509.91 375.00 -10 -10 -10 -100    0 -1000 -1000 -10
7 4 pedestrian 0 0 -10 886.21 152.28 921.19 216.86 -10 -10 -10 -100    0 -1000 -1000 -10
7 3 pedestrian 0 0 -10 854.57 161.99 879.33 208.56 -10 -10 -10 -100    0 -1000 -1000 -10
7 2 pedestrian 0 0 -10 1021.27 137.64 1078.02 228.79 -10 -10 -10 -100    0 -1000 -1000 -10
7 1 pedestrian 0 0 -10 111.26 198.22 498.34 375.00 -10 -10 -10 -100    0 -1000 -1000 -10
8 4 pedestrian 0 0 -10 887.21 152.75 924.00 216.56 -10 -10 -10 -100    0 -1000 -1000 -10
8 3 pedestrian 0 0 -10 855.37 163.79 881.24 209.13 -10 -10 -10 -100    0 -1000 -1000 -10
8 2 pedestrian 0 0 -10 1014.34 140.39 1065.32 224.99 -10 -10 -10 -100    0 -1000 -1000 -10
8 1 pedestrian 0 0 -10 1.24 198.63 481.08 375.00 -10 -10 -10 -100    0 -1000 -1000 -10
9 4 pedestrian 0 0 -10 888.91 153.03 925.35 217.62 -10 -10 -10 -100    0 -1000 -1000 -10
9 3 pedestrian 0 0 -10 859.95 163.61 884.19 209.88 -10 -10 -10 -100    0 -1000 -1000 -10
9 2 pedestrian 0 0 -10 1004.31 138.74 1064.96 224.30 -10 -10 -10 -100    0 -1000 -1000 -10
9 1 pedestrian 0 0 -10 0.00 199.14 462.72 375.00 -10 -10 -10 -100    0 -1000 -1000 -10
10 4 pedestrian 0 0 -10 892.49 154.05 925.41 216.52 -10 -10 -10 -100    0 -1000 -1000 -10
10 3 pedestrian 0 0 -10 867.09 162.63 889.88 211.23 -10 -10 -10 -100    0 -1000 -1000 -10
10 1 pedestrian 0 0 -10 0.00 202.11 435.62 375.00 -10 -10 -10 -100    0 -1000 -1000 -10
11 4 pedestrian 0 0 -10 896.45 155.67 926.17 215.91 -10 -10 -10 -100    0 -1000 -1000 -10
11 3 pedestrian 0 0 -10 870.76 163.81 893.39 210.73 -10 -10 -10 -100    0 -1000 -1000 -10
11 1 pedestrian 0 0 -10 1.21 207.53 397.80 375.00 -10 -10 -10 -100    0 -1000 -1000 -10
12 4 pedestrian 0 0 -10 901.06 157.18 927.10 216.49 -10 -10 -10 -100    0 -1000 -1000 -10
12 3 pedestrian 0 0 -10 877.67 166.05 899.69 212.29 -10 -10 -10 -100    0 -1000 -1000 -10
12 1 pedestrian 0 0 -10 0.00 219.31 342.95 375.00 -10 -10 -10 -100    0 -1000 -1000 -10
13 4 pedestrian 0 0 -10 904.49 158.56 933.29 216.93 -10 -10 -10 -100    0 -1000 -1000 -10
13 3 pedestrian 0 0 -10 884.04 166.33 905.66 213.71 -10 -10 -10 -100    0 -1000 -1000 -10
13 1 pedestrian 0 0 -10 0.00 214.53 235.02 375.00 -10 -10 -10 -100    0 -1000 -1000 -10
14 5 pedestrian 0 0 -10 967.30 140.73 1031.98 223.67 -10 -10 -10 -100    0 -1000 -1000 -10
14 4 pedestrian 0 0 -10 911.34 159.28 941.27 217.50 -10 -10 -10 -100    0 -1000 -1000 -10
15 5 pedestrian 0 0 -10 975.03 142.28 1031.47 222.88 -10 -10 -10 -100    0 -1000 -1000 -10
15 4 pedestrian 0 0 -10 905.29 164.64 933.98 215.78 -10 -10 -10 -100    0 -1000 -1000 -10
16 5 pedestrian 0 0 -10 984.72 150.84 1034.91 219.65 -10 -10 -10 -100    0 -1000 -1000 -10
17 5 pedestrian 0 0 -10 991.10 145.32 1047.92 219.28 -10 -10 -10 -100    0 -1000 -1000 -10
18 5 pedestrian 0 0 -10 997.70 144.44 1043.22 219.18 -10 -10 -10 -100    0 -1000 -1000 -10
19 6 pedestrian 0 0 -10 985.27 159.57 1015.61 223.32 -10 -10 -10 -100    0 -1000 -1000 -10
19 5 pedestrian 0 0 -10 1012.30 144.37 1060.73 220.48 -10 -10 -10 -100    0 -1000 -1000 -10
20 6 pedestrian 0 0 -10 1007.71 157.20 1045.03 224.15 -10 -10 -10 -100    0 -1000 -1000 -10
20 5 pedestrian 0 0 -10 1035.15 143.46 1082.95 221.47 -10 -10 -10 -100    0 -1000 -1000 -10
21 6 pedestrian 0 0 -10 1035.87 155.73 1075.09 222.31 -10 -10 -10 -100    0 -1000 -1000 -10
21 5 pedestrian 0 0 -10 1053.83 148.93 1098.33 220.61 -10 -10 -10 -100    0 -1000 -1000 -10
22 6 pedestrian 0 0 -10 1068.24 150.18 1112.13 224.08 -10 -10 -10 -100    0 -1000 -1000 -10
23 6 pedestrian 0 0 -10 1101.59 144.24 1146.73 224.78 -10 -10 -10 -100    0 -1000 -1000 -10
24 6 pedestrian 0 0 -10 1133.07 143.42 1181.85 222.61 -10 -10 -10 -100    0 -1000 -1000 -10
25 6 pedestrian 0 0 -10 1168.74 137.63 1235.38 226.40 -10 -10 -10 -100    0 -1000 -1000 -10
26 6 pedestrian 0 0 -10 1217.85 132.18 1242.00 231.84 -10 -10 -10 -100    0 -1000 -1000 -10
38 12 pedestrian 0 0 -10 112.96 193.18 222.79 269.92 -10 -10 -10 -100    0 -1000 -1000 -10
39 13 pedestrian 0 0 -10 127.15 191.66 201.70 249.53 -10 -10 -10 -100    0 -1000 -1000 -10
39 12 pedestrian 0 0 -10 164.69 189.66 268.66 265.69 -10 -10 -10 -100    0 -1000 -1000 -10
40 13 pedestrian 0 0 -10 179.02 188.46 249.59 247.99 -10 -10 -10 -100    0 -1000 -1000 -10
40 12 pedestrian 0 0 -10 213.84 188.22 312.76 263.25 -10 -10 -10 -100    0 -1000 -1000 -10
41 13 pedestrian 0 0 -10 226.86 188.69 293.99 244.77 -10 -10 -10 -100    0 -1000 -1000 -10
41 12 pedestrian 0 0 -10 260.16 187.27 355.26 261.86 -10 -10 -10 -100    0 -1000 -1000 -10
42 13 pedestrian 0 0 -10 272.82 188.26 338.29 243.76 -10 -10 -10 -100    0 -1000 -1000 -10
42 12 pedestrian 0 0 -10 303.08 186.90 394.76 260.95 -10 -10 -10 -100    0 -1000 -1000 -10
43 13 pedestrian 0 0 -10 315.67 187.79 378.33 243.15 -10 -10 -10 -100    0 -1000 -1000 -10
43 12 pedestrian 0 0 -10 343.75 186.78 433.80 260.86 -10 -10 -10 -100    0 -1000 -1000 -10
44 20 pedestrian 0 0 -10 0.03 140.26 169.45 375.00 -10 -10 -10 -100    0 -1000 -1000 -10
44 19 pedestrian 0 0 -10 215.41 178.31 245.39 204.14 -10 -10 -10 -100    0 -1000 -1000 -10
44 13 pedestrian 0 0 -10 354.83 187.87 415.25 242.45 -10 -10 -10 -100    0 -1000 -1000 -10
44 12 pedestrian 0 0 -10 381.50 186.87 469.96 261.39 -10 -10 -10 -100    0 -1000 -1000 -10
45 21 pedestrian 0 0 -10 257.69 179.42 288.08 204.45 -10 -10 -10 -100    0 -1000 -1000 -10
45 20 pedestrian 0 0 -10 0.00 138.72 205.68 375.00 -10 -10 -10 -100    0 -1000 -1000 -10
45 19 pedestrian 0 0 -10 204.18 160.71 262.97 229.83 -10 -10 -10 -100    0 -1000 -1000 -10
45 13 pedestrian 0 0 -10 391.91 187.17 451.10 242.46 -10 -10 -10 -100    0 -1000 -1000 -10
45 12 pedestrian 0 0 -10 416.56 186.20 506.08 262.09 -10 -10 -10 -100    0 -1000 -1000 -10
46 23 pedestrian 0 0 -10 298.70 180.18 329.80 203.13 -10 -10 -10 -100    0 -1000 -1000 -10
46 20 pedestrian 0 0 -10 0.53 134.32 238.48 375.00 -10 -10 -10 -100    0 -1000 -1000 -10
46 13 pedestrian 0 0 -10 427.46 187.60 488.49 243.38 -10 -10 -10 -100    0 -1000 -1000 -10
46 12 pedestrian 0 0 -10 451.67 185.93 541.47 263.20 -10 -10 -10 -100    0 -1000 -1000 -10
47 26 pedestrian 0 0 -10 336.35 178.13 366.06 203.89 -10 -10 -10 -100    0 -1000 -1000 -10
47 20 pedestrian 0 0 -10 0.73 129.07 269.73 375.00 -10 -10 -10 -100    0 -1000 -1000 -10
47 13 pedestrian 0 0 -10 462.01 185.74 521.32 241.65 -10 -10 -10 -100    0 -1000 -1000 -10
47 12 pedestrian 0 0 -10 484.85 184.37 575.35 263.16 -10 -10 -10 -100    0 -1000 -1000 -10
48 28 pedestrian 0 0 -10 373.18 176.46 403.69 197.76 -10 -10 -10 -100    0 -1000 -1000 -10
48 20 pedestrian 0 0 -10 2.47 122.29 295.61 375.00 -10 -10 -10 -100    0 -1000 -1000 -10
48 13 pedestrian 0 0 -10 493.82 181.75 554.25 239.43 -10 -10 -10 -100    0 -1000 -1000 -10
48 12 pedestrian 0 0 -10 516.82 181.03 608.41 261.55 -10 -10 -10 -100    0 -1000 -1000 -10
49 20 pedestrian 0 0 -10 1.55 109.37 318.56 375.00 -10 -10 -10 -100    0 -1000 -1000 -10
49 13 pedestrian 0 0 -10 522.48 179.52 584.94 238.29 -10 -10 -10 -100    0 -1000 -1000 -10
49 12 pedestrian 0 0 -10 545.26 178.49 639.70 261.60 -10 -10 -10 -100    0 -1000 -1000 -10
50 33 pedestrian 0 0 -10 470.11 173.52 489.50 191.76 -10 -10 -10 -100    0 -1000 -1000 -10
50 20 pedestrian 0 0 -10 2.10 103.91 338.31 375.00 -10 -10 -10 -100    0 -1000 -1000 -10
50 13 pedestrian 0 0 -10 550.30 178.11 611.30 237.05 -10 -10 -10 -100    0 -1000 -1000 -10
50 12 pedestrian 0 0 -10 571.00 177.79 670.02 263.49 -10 -10 -10 -100    0 -1000 -1000 -10
51 37 pedestrian 0 0 -10 376.75 179.88 434.57 238.18 -10 -10 -10 -100    0 -1000 -1000 -10
51 36 pedestrian 0 0 -10 493.85 174.28 512.04 191.59 -10 -10 -10 -100    0 -1000 -1000 -10
51 33 pedestrian 0 0 -10 458.22 173.40 485.39 193.12 -10 -10 -10 -100    0 -1000 -1000 -10
51 20 pedestrian 0 0 -10 0.00 99.46 352.04 375.00 -10 -10 -10 -100    0 -1000 -1000 -10
51 13 pedestrian 0 0 -10 572.48 179.10 636.00 238.17 -10 -10 -10 -100    0 -1000 -1000 -10
51 12 pedestrian 0 0 -10 593.22 179.27 697.06 266.91 -10 -10 -10 -100    0 -1000 -1000 -10
52 40 pedestrian 0 0 -10 419.35 147.41 471.96 214.76 -10 -10 -10 -100    0 -1000 -1000 -10
52 38 pedestrian 0 0 -10 513.29 175.00 535.98 193.66 -10 -10 -10 -100    0 -1000 -1000 -10
52 37 pedestrian 0 0 -10 393.70 179.74 452.80 239.03 -10 -10 -10 -100    0 -1000 -1000 -10
52 20 pedestrian 0 0 -10 1.20 89.59 361.94 375.00 -10 -10 -10 -100    0 -1000 -1000 -10
52 13 pedestrian 0 0 -10 593.13 178.23 657.68 240.09 -10 -10 -10 -100    0 -1000 -1000 -10
52 12 pedestrian 0 0 -10 613.93 179.11 721.69 270.53 -10 -10 -10 -100    0 -1000 -1000 -10
53 40 pedestrian 0 0 -10 435.83 147.40 488.37 216.70 -10 -10 -10 -100    0 -1000 -1000 -10
53 37 pedestrian 0 0 -10 408.73 180.30 468.95 240.81 -10 -10 -10 -100    0 -1000 -1000 -10
53 20 pedestrian 0 0 -10 0.00 79.71 368.33 375.00 -10 -10 -10 -100    0 -1000 -1000 -10
53 13 pedestrian 0 0 -10 611.94 179.60 677.50 241.80 -10 -10 -10 -100    0 -1000 -1000 -10
53 12 pedestrian 0 0 -10 633.17 179.81 746.40 274.60 -10 -10 -10 -100    0 -1000 -1000 -10
53 41 pedestrian 0 0 -10 589.77 181.02 647.62 233.31 -10 -10 -10 -100    0 -1000 -1000 -10
54 40 pedestrian 0 0 -10 449.38 146.77 501.96 213.95 -10 -10 -10 -100    0 -1000 -1000 -10
54 37 pedestrian 0 0 -10 421.42 180.22 481.96 241.99 -10 -10 -10 -100    0 -1000 -1000 -10
54 20 pedestrian 0 0 -10 0.00 75.08 370.98 375.00 -10 -10 -10 -100    0 -1000 -1000 -10
54 13 pedestrian 0 0 -10 628.14 178.67 697.57 243.69 -10 -10 -10 -100    0 -1000 -1000 -10
54 12 pedestrian 0 0 -10 650.23 179.31 768.74 278.43 -10 -10 -10 -100    0 -1000 -1000 -10
54 41 pedestrian 0 0 -10 604.36 180.27 664.12 233.41 -10 -10 -10 -100    0 -1000 -1000 -10
55 45 pedestrian 0 0 -10 521.93 175.19 549.86 195.31 -10 -10 -10 -100    0 -1000 -1000 -10
55 40 pedestrian 0 0 -10 461.73 145.76 515.43 215.72 -10 -10 -10 -100    0 -1000 -1000 -10
55 37 pedestrian 0 0 -10 431.91 179.70 494.45 243.21 -10 -10 -10 -100    0 -1000 -1000 -10
55 20 pedestrian 0 0 -10 0.86 73.95 370.85 375.00 -10 -10 -10 -100    0 -1000 -1000 -10
55 13 pedestrian 0 0 -10 642.66 177.78 714.69 245.42 -10 -10 -10 -100    0 -1000 -1000 -10
55 12 pedestrian 0 0 -10 666.29 179.10 791.55 283.39 -10 -10 -10 -100    0 -1000 -1000 -10
55 41 pedestrian 0 0 -10 618.78 180.54 678.28 234.51 -10 -10 -10 -100    0 -1000 -1000 -10
56 45 pedestrian 0 0 -10 537.73 175.83 561.92 193.34 -10 -10 -10 -100    0 -1000 -1000 -10
56 40 pedestrian 0 0 -10 471.31 144.42 525.70 216.38 -10 -10 -10 -100    0 -1000 -1000 -10
56 37 pedestrian 0 0 -10 439.98 179.97 504.47 244.81 -10 -10 -10 -100    0 -1000 -1000 -10
56 20 pedestrian 0 0 -10 0.00 51.09 368.20 375.00 -10 -10 -10 -100    0 -1000 -1000 -10
56 13 pedestrian 0 0 -10 656.67 178.09 730.42 247.36 -10 -10 -10 -100    0 -1000 -1000 -10
56 12 pedestrian 0 0 -10 678.64 179.98 813.74 289.67 -10 -10 -10 -100    0 -1000 -1000 -10
56 47 pedestrian 0 0 -10 610.43 179.90 645.36 214.81 -10 -10 -10 -100    0 -1000 -1000 -10
56 41 pedestrian 0 0 -10 630.33 180.94 693.24 236.82 -10 -10 -10 -100    0 -1000 -1000 -10
57 40 pedestrian 0 0 -10 480.08 144.05 534.26 214.35 -10 -10 -10 -100    0 -1000 -1000 -10
57 37 pedestrian 0 0 -10 446.38 179.67 511.91 245.61 -10 -10 -10 -100    0 -1000 -1000 -10
57 20 pedestrian 0 0 -10 0.00 26.86 360.26 375.00 -10 -10 -10 -100    0 -1000 -1000 -10
57 13 pedestrian 0 0 -10 667.59 177.79 745.89 249.96 -10 -10 -10 -100    0 -1000 -1000 -10
57 12 pedestrian 0 0 -10 694.17 180.96 835.48 296.83 -10 -10 -10 -100    0 -1000 -1000 -10
57 47 pedestrian 0 0 -10 620.56 180.15 655.46 213.89 -10 -10 -10 -100    0 -1000 -1000 -10
57 41 pedestrian 0 0 -10 641.02 180.96 703.96 239.18 -10 -10 -10 -100    0 -1000 -1000 -10
58 48 pedestrian 0 0 -10 603.03 171.09 627.71 198.28 -10 -10 -10 -100    0 -1000 -1000 -10
58 40 pedestrian 0 0 -10 485.88 143.43 541.48 216.36 -10 -10 -10 -100    0 -1000 -1000 -10
58 37 pedestrian 0 0 -10 449.24 178.93 518.68 246.59 -10 -10 -10 -100    0 -1000 -1000 -10
58 20 pedestrian 0 0 -10 0.00 18.22 350.94 375.00 -10 -10 -10 -100    0 -1000 -1000 -10
58 13 pedestrian 0 0 -10 678.68 177.54 759.32 252.61 -10 -10 -10 -100    0 -1000 -1000 -10
58 12 pedestrian 0 0 -10 705.53 181.70 857.41 303.72 -10 -10 -10 -100    0 -1000 -1000 -10
58 47 pedestrian 0 0 -10 628.95 179.66 664.57 215.66 -10 -10 -10 -100    0 -1000 -1000 -10
58 41 pedestrian 0 0 -10 649.88 180.87 715.91 240.96 -10 -10 -10 -100    0 -1000 -1000 -10
59 48 pedestrian 0 0 -10 608.48 169.99 634.24 197.70 -10 -10 -10 -100    0 -1000 -1000 -10
59 46 pedestrian 0 0 -10 549.85 174.40 570.54 195.35 -10 -10 -10 -100    0 -1000 -1000 -10
59 40 pedestrian 0 0 -10 489.55 142.95 546.31 215.93 -10 -10 -10 -100    0 -1000 -1000 -10
59 37 pedestrian 0 0 -10 450.70 178.16 522.38 248.21 -10 -10 -10 -100    0 -1000 -1000 -10
59 20 pedestrian 0 0 -10 0.00 16.95 329.48 375.00 -10 -10 -10 -100    0 -1000 -1000 -10
59 13 pedestrian 0 0 -10 686.54 176.59 770.97 255.35 -10 -10 -10 -100    0 -1000 -1000 -10
59 12 pedestrian 0 0 -10 716.77 181.37 879.51 311.04 -10 -10 -10 -100    0 -1000 -1000 -10
59 49 pedestrian 0 0 -10 594.03 172.89 613.99 191.88 -10 -10 -10 -100    0 -1000 -1000 -10
59 47 pedestrian 0 0 -10 634.88 179.31 671.71 214.73 -10 -10 -10 -100    0 -1000 -1000 -10
59 41 pedestrian 0 0 -10 656.96 180.21 726.13 241.29 -10 -10 -10 -100    0 -1000 -1000 -10
60 48 pedestrian 0 0 -10 611.02 167.13 637.88 196.90 -10 -10 -10 -100    0 -1000 -1000 -10
60 46 pedestrian 0 0 -10 552.06 173.24 572.16 194.12 -10 -10 -10 -100    0 -1000 -1000 -10
60 40 pedestrian 0 0 -10 489.66 141.90 549.54 217.92 -10 -10 -10 -100    0 -1000 -1000 -10
60 37 pedestrian 0 0 -10 449.33 176.99 523.99 249.11 -10 -10 -10 -100    0 -1000 -1000 -10
60 20 pedestrian 0 0 -10 0.17 23.69 308.72 375.00 -10 -10 -10 -100    0 -1000 -1000 -10
60 13 pedestrian 0 0 -10 692.58 175.58 781.23 255.47 -10 -10 -10 -100    0 -1000 -1000 -10
60 12 pedestrian 0 0 -10 727.08 180.51 901.22 318.86 -10 -10 -10 -100    0 -1000 -1000 -10
60 49 pedestrian 0 0 -10 595.75 170.46 615.32 188.92 -10 -10 -10 -100    0 -1000 -1000 -10
60 47 pedestrian 0 0 -10 638.67 178.22 676.04 214.49 -10 -10 -10 -100    0 -1000 -1000 -10
60 41 pedestrian 0 0 -10 662.15 178.53 733.64 241.64 -10 -10 -10 -100    0 -1000 -1000 -10
61 46 pedestrian 0 0 -10 555.30 171.49 574.37 191.53 -10 -10 -10 -100    0 -1000 -1000 -10
61 40 pedestrian 0 0 -10 489.16 140.39 551.71 218.73 -10 -10 -10 -100    0 -1000 -1000 -10
61 37 pedestrian 0 0 -10 446.89 175.34 524.10 250.35 -10 -10 -10 -100    0 -1000 -1000 -10
61 20 pedestrian 0 0 -10 0.30 28.33 273.20 375.00 -10 -10 -10 -100    0 -1000 -1000 -10
61 13 pedestrian 0 0 -10 698.10 173.35 790.82 257.15 -10 -10 -10 -100    0 -1000 -1000 -10
61 12 pedestrian 0 0 -10 734.66 179.73 925.60 328.21 -10 -10 -10 -100    0 -1000 -1000 -10
61 48 pedestrian 0 0 -10 613.66 166.50 640.23 195.46 -10 -10 -10 -100    0 -1000 -1000 -10
61 49 pedestrian 0 0 -10 600.18 168.92 618.95 188.46 -10 -10 -10 -100    0 -1000 -1000 -10
61 47 pedestrian 0 0 -10 641.15 175.33 680.59 213.33 -10 -10 -10 -100    0 -1000 -1000 -10
61 41 pedestrian 0 0 -10 665.70 176.45 739.39 241.34 -10 -10 -10 -100    0 -1000 -1000 -10
62 40 pedestrian 0 0 -10 488.72 140.25 552.77 221.28 -10 -10 -10 -100    0 -1000 -1000 -10
62 37 pedestrian 0 0 -10 442.05 175.40 523.88 252.68 -10 -10 -10 -100    0 -1000 -1000 -10
62 20 pedestrian 0 0 -10 0.00 38.43 223.74 375.00 -10 -10 -10 -100    0 -1000 -1000 -10
62 13 pedestrian 0 0 -10 703.74 173.17 798.90 259.65 -10 -10 -10 -100    0 -1000 -1000 -10
62 12 pedestrian 0 0 -10 744.52 179.97 954.41 338.17 -10 -10 -10 -100    0 -1000 -1000 -10
62 46 pedestrian 0 0 -10 555.37 170.63 574.40 190.49 -10 -10 -10 -100    0 -1000 -1000 -10
62 48 pedestrian 0 0 -10 614.59 165.54 641.09 194.21 -10 -10 -10 -100    0 -1000 -1000 -10
62 49 pedestrian 0 0 -10 599.44 168.35 619.67 187.01 -10 -10 -10 -100    0 -1000 -1000 -10
62 47 pedestrian 0 0 -10 643.45 174.37 683.13 212.69 -10 -10 -10 -100    0 -1000 -1000 -10
62 41 pedestrian 0 0 -10 669.47 176.18 746.61 242.61 -10 -10 -10 -100    0 -1000 -1000 -10
63 40 pedestrian 0 0 -10 487.73 140.16 552.71 223.82 -10 -10 -10 -100    0 -1000 -1000 -10
63 37 pedestrian 0 0 -10 437.35 176.76 524.50 256.18 -10 -10 -10 -100    0 -1000 -1000 -10
63 13 pedestrian 0 0 -10 708.39 173.90 808.32 265.11 -10 -10 -10 -100    0 -1000 -1000 -10
63 12 pedestrian 0 0 -10 754.63 180.69 987.50 349.96 -10 -10 -10 -100    0 -1000 -1000 -10
63 46 pedestrian 0 0 -10 556.93 170.92 575.97 190.64 -10 -10 -10 -100    0 -1000 -1000 -10
63 48 pedestrian 0 0 -10 616.92 164.94 643.40 194.71 -10 -10 -10 -100    0 -1000 -1000 -10
63 50 pedestrian 0 0 -10 572.26 170.44 586.71 184.67 -10 -10 -10 -100    0 -1000 -1000 -10
63 49 pedestrian 0 0 -10 600.55 170.46 620.84 188.60 -10 -10 -10 -100    0 -1000 -1000 -10
63 47 pedestrian 0 0 -10 645.37 174.56 686.25 213.95 -10 -10 -10 -100    0 -1000 -1000 -10
63 41 pedestrian 0 0 -10 673.87 176.63 752.85 246.07 -10 -10 -10 -100    0 -1000 -1000 -10
64 40 pedestrian 0 0 -10 485.42 140.18 553.00 224.98 -10 -10 -10 -100    0 -1000 -1000 -10
64 37 pedestrian 0 0 -10 432.80 177.06 523.99 260.70 -10 -10 -10 -100    0 -1000 -1000 -10
64 13 pedestrian 0 0 -10 714.68 174.66 820.61 270.65 -10 -10 -10 -100    0 -1000 -1000 -10
64 12 pedestrian 0 0 -10 766.62 180.40 1025.27 366.30 -10 -10 -10 -100    0 -1000 -1000 -10
64 46 pedestrian 0 0 -10 557.13 170.99 576.85 191.87 -10 -10 -10 -100    0 -1000 -1000 -10
64 48 pedestrian 0 0 -10 619.44 165.63 645.22 195.34 -10 -10 -10 -100    0 -1000 -1000 -10
64 50 pedestrian 0 0 -10 574.99 170.69 589.38 183.97 -10 -10 -10 -100    0 -1000 -1000 -10
64 49 pedestrian 0 0 -10 602.52 169.70 622.32 189.77 -10 -10 -10 -100    0 -1000 -1000 -10
64 47 pedestrian 0 0 -10 647.88 174.81 687.85 214.56 -10 -10 -10 -100    0 -1000 -1000 -10
64 41 pedestrian 0 0 -10 676.73 177.13 760.23 250.13 -10 -10 -10 -100    0 -1000 -1000 -10
65 40 pedestrian 0 0 -10 483.64 139.70 553.27 226.39 -10 -10 -10 -100    0 -1000 -1000 -10
65 37 pedestrian 0 0 -10 428.08 178.44 522.54 265.42 -10 -10 -10 -100    0 -1000 -1000 -10
65 13 pedestrian 0 0 -10 720.67 176.11 835.25 277.29 -10 -10 -10 -100    0 -1000 -1000 -10
65 12 pedestrian 0 0 -10 781.39 180.06 1071.05 375.00 -10 -10 -10 -100    0 -1000 -1000 -10
65 46 pedestrian 0 0 -10 558.70 172.11 578.12 193.27 -10 -10 -10 -100    0 -1000 -1000 -10
65 48 pedestrian 0 0 -10 620.83 166.68 647.46 196.79 -10 -10 -10 -100    0 -1000 -1000 -10
65 50 pedestrian 0 0 -10 578.10 171.43 593.13 185.76 -10 -10 -10 -100    0 -1000 -1000 -10
65 49 pedestrian 0 0 -10 605.23 171.57 626.26 191.50 -10 -10 -10 -100    0 -1000 -1000 -10
65 47 pedestrian 0 0 -10 650.46 175.72 691.98 217.10 -10 -10 -10 -100    0 -1000 -1000 -10
65 41 pedestrian 0 0 -10 680.08 178.07 765.83 253.49 -10 -10 -10 -100    0 -1000 -1000 -10
66 40 pedestrian 0 0 -10 479.98 138.94 552.42 227.70 -10 -10 -10 -100    0 -1000 -1000 -10
66 37 pedestrian 0 0 -10 420.72 179.04 519.77 269.90 -10 -10 -10 -100    0 -1000 -1000 -10
66 13 pedestrian 0 0 -10 725.88 176.93 845.63 283.60 -10 -10 -10 -100    0 -1000 -1000 -10
66 12 pedestrian 0 0 -10 796.22 180.54 1127.88 375.00 -10 -10 -10 -100    0 -1000 -1000 -10
66 46 pedestrian 0 0 -10 558.17 172.20 578.06 194.52 -10 -10 -10 -100    0 -1000 -1000 -10
66 48 pedestrian 0 0 -10 622.54 166.81 650.37 197.78 -10 -10 -10 -100    0 -1000 -1000 -10
66 50 pedestrian 0 0 -10 577.93 171.38 594.23 186.36 -10 -10 -10 -100    0 -1000 -1000 -10
66 49 pedestrian 0 0 -10 606.38 170.71 628.24 191.95 -10 -10 -10 -100    0 -1000 -1000 -10
66 47 pedestrian 0 0 -10 652.44 176.56 695.76 218.48 -10 -10 -10 -100    0 -1000 -1000 -10
66 41 pedestrian 0 0 -10 684.14 178.59 773.47 257.77 -10 -10 -10 -100    0 -1000 -1000 -10
67 40 pedestrian 0 0 -10 474.96 136.34 550.41 227.16 -10 -10 -10 -100    0 -1000 -1000 -10
67 37 pedestrian 0 0 -10 414.25 177.57 518.01 273.08 -10 -10 -10 -100    0 -1000 -1000 -10
67 13 pedestrian 0 0 -10 731.95 175.56 861.98 288.85 -10 -10 -10 -100    0 -1000 -1000 -10
67 12 pedestrian 0 0 -10 810.90 180.18 1203.76 375.00 -10 -10 -10 -100    0 -1000 -1000 -10
67 46 pedestrian 0 0 -10 556.06 171.21 576.10 193.08 -10 -10 -10 -100    0 -1000 -1000 -10
67 48 pedestrian 0 0 -10 623.30 166.20 649.93 197.05 -10 -10 -10 -100    0 -1000 -1000 -10
67 50 pedestrian 0 0 -10 575.88 170.95 591.82 185.54 -10 -10 -10 -100    0 -1000 -1000 -10
67 49 pedestrian 0 0 -10 606.85 170.58 628.38 190.98 -10 -10 -10 -100    0 -1000 -1000 -10
67 47 pedestrian 0 0 -10 654.08 175.02 696.93 218.10 -10 -10 -10 -100    0 -1000 -1000 -10
67 41 pedestrian 0 0 -10 687.18 177.88 780.13 259.81 -10 -10 -10 -100    0 -1000 -1000 -10
68 40 pedestrian 0 0 -10 472.31 132.94 549.38 227.22 -10 -10 -10 -100    0 -1000 -1000 -10
68 37 pedestrian 0 0 -10 404.81 176.23 513.78 276.17 -10 -10 -10 -100    0 -1000 -1000 -10
68 13 pedestrian 0 0 -10 737.93 173.69 879.46 294.78 -10 -10 -10 -100    0 -1000 -1000 -10
68 12 pedestrian 0 0 -10 827.19 178.57 1242.00 375.00 -10 -10 -10 -100    0 -1000 -1000 -10
68 46 pedestrian 0 0 -10 557.00 169.89 576.86 190.99 -10 -10 -10 -100    0 -1000 -1000 -10
68 48 pedestrian 0 0 -10 623.82 163.01 650.56 195.37 -10 -10 -10 -100    0 -1000 -1000 -10
68 50 pedestrian 0 0 -10 576.64 169.27 592.93 183.75 -10 -10 -10 -100    0 -1000 -1000 -10
68 49 pedestrian 0 0 -10 607.09 168.92 628.63 188.99 -10 -10 -10 -100    0 -1000 -1000 -10
68 47 pedestrian 0 0 -10 655.32 173.24 699.82 217.31 -10 -10 -10 -100    0 -1000 -1000 -10
68 41 pedestrian 0 0 -10 689.80 176.40 786.32 261.94 -10 -10 -10 -100    0 -1000 -1000 -10
69 40 pedestrian 0 0 -10 468.31 130.77 547.98 227.77 -10 -10 -10 -100    0 -1000 -1000 -10
69 37 pedestrian 0 0 -10 394.19 175.85 510.10 280.50 -10 -10 -10 -100    0 -1000 -1000 -10
69 13 pedestrian 0 0 -10 745.13 173.10 901.21 303.25 -10 -10 -10 -100    0 -1000 -1000 -10
69 12 pedestrian 0 0 -10 852.95 179.62 1242.00 375.00 -10 -10 -10 -100    0 -1000 -1000 -10
69 46 pedestrian 0 0 -10 557.14 169.02 576.91 190.76 -10 -10 -10 -100    0 -1000 -1000 -10
69 48 pedestrian 0 0 -10 623.75 162.49 651.63 195.15 -10 -10 -10 -100    0 -1000 -1000 -10
69 50 pedestrian 0 0 -10 576.87 168.49 592.32 183.09 -10 -10 -10 -100    0 -1000 -1000 -10
69 49 pedestrian 0 0 -10 607.07 168.02 628.09 188.32 -10 -10 -10 -100    0 -1000 -1000 -10
69 47 pedestrian 0 0 -10 656.32 172.83 701.66 217.44 -10 -10 -10 -100    0 -1000 -1000 -10
69 41 pedestrian 0 0 -10 694.14 175.91 796.30 265.38 -10 -10 -10 -100    0 -1000 -1000 -10
70 40 pedestrian 0 0 -10 462.02 129.05 545.69 228.94 -10 -10 -10 -100    0 -1000 -1000 -10
70 37 pedestrian 0 0 -10 381.80 176.78 505.77 287.89 -10 -10 -10 -100    0 -1000 -1000 -10
70 13 pedestrian 0 0 -10 754.31 174.15 923.41 314.20 -10 -10 -10 -100    0 -1000 -1000 -10
70 12 pedestrian 0 0 -10 882.51 180.92 1242.00 375.00 -10 -10 -10 -100    0 -1000 -1000 -10
70 46 pedestrian 0 0 -10 557.49 170.27 576.91 193.05 -10 -10 -10 -100    0 -1000 -1000 -10
70 48 pedestrian 0 0 -10 622.49 164.17 651.06 197.02 -10 -10 -10 -100    0 -1000 -1000 -10
70 50 pedestrian 0 0 -10 577.52 170.01 592.23 184.46 -10 -10 -10 -100    0 -1000 -1000 -10
70 49 pedestrian 0 0 -10 605.59 169.46 627.30 190.77 -10 -10 -10 -100    0 -1000 -1000 -10
70 47 pedestrian 0 0 -10 657.37 174.59 704.12 219.90 -10 -10 -10 -100    0 -1000 -1000 -10
70 41 pedestrian 0 0 -10 697.63 177.31 807.82 272.54 -10 -10 -10 -100    0 -1000 -1000 -10
71 37 pedestrian 0 0 -10 368.38 178.36 500.57 297.58 -10 -10 -10 -100    0 -1000 -1000 -10
71 40 pedestrian 0 0 -10 457.80 128.76 544.38 232.14 -10 -10 -10 -100    0 -1000 -1000 -10
71 13 pedestrian 0 0 -10 764.04 175.24 952.86 329.16 -10 -10 -10 -100    0 -1000 -1000 -10
71 12 pedestrian 0 0 -10 916.65 181.09 1241.86 375.00 -10 -10 -10 -100    0 -1000 -1000 -10
71 46 pedestrian 0 0 -10 557.22 172.57 577.59 196.51 -10 -10 -10 -100    0 -1000 -1000 -10
71 48 pedestrian 0 0 -10 622.24 168.19 651.35 200.49 -10 -10 -10 -100    0 -1000 -1000 -10
71 50 pedestrian 0 0 -10 578.84 171.60 593.41 187.87 -10 -10 -10 -100    0 -1000 -1000 -10
71 49 pedestrian 0 0 -10 605.08 170.41 627.21 193.99 -10 -10 -10 -100    0 -1000 -1000 -10
71 47 pedestrian 0 0 -10 658.77 176.63 706.88 223.79 -10 -10 -10 -100    0 -1000 -1000 -10
71 41 pedestrian 0 0 -10 702.75 179.12 820.02 278.71 -10 -10 -10 -100    0 -1000 -1000 -10
72 37 pedestrian 0 0 -10 353.08 181.35 496.20 308.18 -10 -10 -10 -100    0 -1000 -1000 -10
72 40 pedestrian 0 0 -10 452.67 128.48 542.03 234.76 -10 -10 -10 -100    0 -1000 -1000 -10
72 13 pedestrian 0 0 -10 774.81 177.39 985.80 345.08 -10 -10 -10 -100    0 -1000 -1000 -10
72 12 pedestrian 0 0 -10 964.86 177.88 1242.00 375.00 -10 -10 -10 -100    0 -1000 -1000 -10
72 46 pedestrian 0 0 -10 556.88 175.33 577.36 199.13 -10 -10 -10 -100    0 -1000 -1000 -10
72 48 pedestrian 0 0 -10 621.90 169.94 650.51 202.35 -10 -10 -10 -100    0 -1000 -1000 -10
72 50 pedestrian 0 0 -10 578.41 173.81 592.87 189.83 -10 -10 -10 -100    0 -1000 -1000 -10
72 49 pedestrian 0 0 -10 605.22 172.13 626.70 195.00 -10 -10 -10 -100    0 -1000 -1000 -10
72 47 pedestrian 0 0 -10 659.14 178.20 709.42 227.34 -10 -10 -10 -100    0 -1000 -1000 -10
72 41 pedestrian 0 0 -10 707.41 180.01 834.87 286.88 -10 -10 -10 -100    0 -1000 -1000 -10
73 37 pedestrian 0 0 -10 334.73 181.70 491.63 317.01 -10 -10 -10 -100    0 -1000 -1000 -10
73 40 pedestrian 0 0 -10 445.28 124.98 539.49 237.18 -10 -10 -10 -100    0 -1000 -1000 -10
73 13 pedestrian 0 0 -10 785.40 177.91 1029.07 363.90 -10 -10 -10 -100    0 -1000 -1000 -10
73 12 pedestrian 0 0 -10 1046.09 202.83 1242.00 375.00 -10 -10 -10 -100    0 -1000 -1000 -10
73 46 pedestrian 0 0 -10 555.51 175.60 575.85 198.95 -10 -10 -10 -100    0 -1000 -1000 -10
73 48 pedestrian 0 0 -10 621.32 168.90 650.83 202.65 -10 -10 -10 -100    0 -1000 -1000 -10
73 50 pedestrian 0 0 -10 577.48 174.03 591.88 189.83 -10 -10 -10 -100    0 -1000 -1000 -10
73 49 pedestrian 0 0 -10 604.14 172.92 625.56 194.71 -10 -10 -10 -100    0 -1000 -1000 -10
73 47 pedestrian 0 0 -10 660.01 178.07 712.59 228.71 -10 -10 -10 -100    0 -1000 -1000 -10
73 41 pedestrian 0 0 -10 711.45 179.49 848.15 292.59 -10 -10 -10 -100    0 -1000 -1000 -10
74 37 pedestrian 0 0 -10 312.20 179.35 484.04 325.42 -10 -10 -10 -100    0 -1000 -1000 -10
74 40 pedestrian 0 0 -10 440.16 122.55 537.27 238.56 -10 -10 -10 -100    0 -1000 -1000 -10
74 13 pedestrian 0 0 -10 799.90 176.33 1080.93 375.00 -10 -10 -10 -100    0 -1000 -1000 -10
74 48 pedestrian 0 0 -10 621.39 166.07 651.82 200.57 -10 -10 -10 -100    0 -1000 -1000 -10
74 50 pedestrian 0 0 -10 577.13 171.15 592.43 186.75 -10 -10 -10 -100    0 -1000 -1000 -10
74 49 pedestrian 0 0 -10 603.82 170.36 625.93 193.17 -10 -10 -10 -100    0 -1000 -1000 -10
74 47 pedestrian 0 0 -10 661.61 175.96 716.30 228.16 -10 -10 -10 -100    0 -1000 -1000 -10
74 41 pedestrian 0 0 -10 714.85 178.37 865.25 299.47 -10 -10 -10 -100    0 -1000 -1000 -10
75 37 pedestrian 0 0 -10 286.59 177.60 477.00 337.86 -10 -10 -10 -100    0 -1000 -1000 -10
75 40 pedestrian 0 0 -10 434.50 117.83 535.74 238.67 -10 -10 -10 -100    0 -1000 -1000 -10
75 13 pedestrian 0 0 -10 816.15 173.78 1147.86 375.00 -10 -10 -10 -100    0 -1000 -1000 -10
75 48 pedestrian 0 0 -10 623.22 163.54 653.80 198.32 -10 -10 -10 -100    0 -1000 -1000 -10
75 50 pedestrian 0 0 -10 577.56 168.63 592.42 184.00 -10 -10 -10 -100    0 -1000 -1000 -10
75 49 pedestrian 0 0 -10 604.37 168.23 627.26 191.24 -10 -10 -10 -100    0 -1000 -1000 -10
75 47 pedestrian 0 0 -10 663.48 173.31 719.58 227.43 -10 -10 -10 -100    0 -1000 -1000 -10
75 41 pedestrian 0 0 -10 720.90 176.48 885.97 305.76 -10 -10 -10 -100    0 -1000 -1000 -10
76 37 pedestrian 0 0 -10 257.66 179.25 468.15 355.69 -10 -10 -10 -100    0 -1000 -1000 -10
76 40 pedestrian 0 0 -10 425.68 117.86 533.36 243.72 -10 -10 -10 -100    0 -1000 -1000 -10
76 13 pedestrian 0 0 -10 838.81 172.28 1241.72 375.00 -10 -10 -10 -100    0 -1000 -1000 -10
76 48 pedestrian 0 0 -10 623.35 162.02 654.27 197.43 -10 -10 -10 -100    0 -1000 -1000 -10
76 50 pedestrian 0 0 -10 577.44 168.36 591.81 183.35 -10 -10 -10 -100    0 -1000 -1000 -10
76 49 pedestrian 0 0 -10 604.87 166.78 625.75 188.56 -10 -10 -10 -100    0 -1000 -1000 -10
76 47 pedestrian 0 0 -10 664.63 172.68 723.55 227.97 -10 -10 -10 -100    0 -1000 -1000 -10
76 41 pedestrian 0 0 -10 726.90 175.98 906.93 316.30 -10 -10 -10 -100    0 -1000 -1000 -10
77 37 pedestrian 0 0 -10 219.81 182.12 457.23 375.00 -10 -10 -10 -100    0 -1000 -1000 -10
77 40 pedestrian 0 0 -10 416.60 116.93 531.22 249.51 -10 -10 -10 -100    0 -1000 -1000 -10
77 13 pedestrian 0 0 -10 866.45 170.25 1242.00 375.00 -10 -10 -10 -100    0 -1000 -1000 -10
77 46 pedestrian 0 0 -10 555.58 171.19 575.62 191.50 -10 -10 -10 -100    0 -1000 -1000 -10
77 48 pedestrian 0 0 -10 623.70 161.79 655.23 197.61 -10 -10 -10 -100    0 -1000 -1000 -10
77 50 pedestrian 0 0 -10 578.00 168.86 593.24 184.01 -10 -10 -10 -100    0 -1000 -1000 -10
77 49 pedestrian 0 0 -10 605.53 166.84 627.26 188.84 -10 -10 -10 -100    0 -1000 -1000 -10
77 47 pedestrian 0 0 -10 665.91 172.00 727.71 229.83 -10 -10 -10 -100    0 -1000 -1000 -10
77 41 pedestrian 0 0 -10 735.42 175.92 938.63 330.77 -10 -10 -10 -100    0 -1000 -1000 -10
78 37 pedestrian 0 0 -10 175.41 184.04 447.19 375.00 -10 -10 -10 -100    0 -1000 -1000 -10
78 40 pedestrian 0 0 -10 406.95 116.43 528.86 255.65 -10 -10 -10 -100    0 -1000 -1000 -10
78 13 pedestrian 0 0 -10 900.46 175.57 1241.80 375.00 -10 -10 -10 -100    0 -1000 -1000 -10
78 46 pedestrian 0 0 -10 554.68 172.59 576.06 193.68 -10 -10 -10 -100    0 -1000 -1000 -10
78 48 pedestrian 0 0 -10 624.44 162.72 657.41 200.15 -10 -10 -10 -100    0 -1000 -1000 -10
78 50 pedestrian 0 0 -10 577.50 170.64 593.43 186.57 -10 -10 -10 -100    0 -1000 -1000 -10
78 49 pedestrian 0 0 -10 605.88 168.58 628.11 191.29 -10 -10 -10 -100    0 -1000 -1000 -10
78 47 pedestrian 0 0 -10 668.19 173.08 733.49 233.41 -10 -10 -10 -100    0 -1000 -1000 -10
78 41 pedestrian 0 0 -10 744.46 177.12 975.61 350.50 -10 -10 -10 -100    0 -1000 -1000 -10
79 40 pedestrian 0 0 -10 396.99 115.50 526.46 264.34 -10 -10 -10 -100    0 -1000 -1000 -10
79 13 pedestrian 0 0 -10 941.81 178.45 1241.80 375.00 -10 -10 -10 -100    0 -1000 -1000 -10
79 46 pedestrian 0 0 -10 554.61 175.93 575.95 195.96 -10 -10 -10 -100    0 -1000 -1000 -10
79 48 pedestrian 0 0 -10 624.68 164.63 658.30 202.02 -10 -10 -10 -100    0 -1000 -1000 -10
79 50 pedestrian 0 0 -10 577.31 173.67 593.36 189.33 -10 -10 -10 -100    0 -1000 -1000 -10
79 49 pedestrian 0 0 -10 605.95 172.85 627.20 193.86 -10 -10 -10 -100    0 -1000 -1000 -10
79 47 pedestrian 0 0 -10 670.63 176.00 738.52 238.25 -10 -10 -10 -100    0 -1000 -1000 -10
79 41 pedestrian 0 0 -10 756.00 179.69 1023.51 375.00 -10 -10 -10 -100    0 -1000 -1000 -10
79 37 pedestrian 0 0 -10 117.44 187.08 434.79 375.00 -10 -10 -10 -100    0 -1000 -1000 -10
80 40 pedestrian 0 0 -10 383.09 116.18 524.74 272.72 -10 -10 -10 -100    0 -1000 -1000 -10
80 13 pedestrian 0 0 -10 1000.70 173.14 1242.00 375.00 -10 -10 -10 -100    0 -1000 -1000 -10
80 46 pedestrian 0 0 -10 555.26 177.62 576.12 198.41 -10 -10 -10 -100    0 -1000 -1000 -10
80 48 pedestrian 0 0 -10 626.26 168.52 660.65 205.88 -10 -10 -10 -100    0 -1000 -1000 -10
80 50 pedestrian 0 0 -10 578.52 175.80 594.49 191.56 -10 -10 -10 -100    0 -1000 -1000 -10
80 49 pedestrian 0 0 -10 606.15 173.97 627.06 195.76 -10 -10 -10 -100    0 -1000 -1000 -10
80 47 pedestrian 0 0 -10 674.03 179.06 744.38 242.94 -10 -10 -10 -100    0 -1000 -1000 -10
80 41 pedestrian 0 0 -10 768.97 183.64 1077.79 375.00 -10 -10 -10 -100    0 -1000 -1000 -10
80 37 pedestrian 0 0 -10 38.80 189.15 421.41 375.00 -10 -10 -10 -100    0 -1000 -1000 -10
81 40 pedestrian 0 0 -10 371.98 114.90 520.90 280.33 -10 -10 -10 -100    0 -1000 -1000 -10
81 46 pedestrian 0 0 -10 554.85 180.65 576.81 201.60 -10 -10 -10 -100    0 -1000 -1000 -10
81 48 pedestrian 0 0 -10 627.87 170.27 662.07 208.92 -10 -10 -10 -100    0 -1000 -1000 -10
81 50 pedestrian 0 0 -10 579.47 177.61 594.24 195.26 -10 -10 -10 -100    0 -1000 -1000 -10
81 49 pedestrian 0 0 -10 608.21 174.82 629.71 198.90 -10 -10 -10 -100    0 -1000 -1000 -10
81 47 pedestrian 0 0 -10 676.85 180.75 751.51 248.65 -10 -10 -10 -100    0 -1000 -1000 -10
81 41 pedestrian 0 0 -10 783.38 185.63 1151.64 375.00 -10 -10 -10 -100    0 -1000 -1000 -10
81 37 pedestrian 0 0 -10 0.00 190.15 402.46 375.00 -10 -10 -10 -100    0 -1000 -1000 -10
82 46 pedestrian 0 0 -10 555.12 182.09 576.51 202.25 -10 -10 -10 -100    0 -1000 -1000 -10
82 48 pedestrian 0 0 -10 628.81 170.54 663.50 210.31 -10 -10 -10 -100    0 -1000 -1000 -10
82 50 pedestrian 0 0 -10 579.90 178.99 594.76 196.49 -10 -10 -10 -100    0 -1000 -1000 -10
82 49 pedestrian 0 0 -10 607.08 176.43 629.66 199.77 -10 -10 -10 -100    0 -1000 -1000 -10
82 47 pedestrian 0 0 -10 679.66 181.66 758.59 252.44 -10 -10 -10 -100    0 -1000 -1000 -10
82 41 pedestrian 0 0 -10 803.59 185.05 1239.37 375.00 -10 -10 -10 -100    0 -1000 -1000 -10
82 37 pedestrian 0 0 -10 0.00 191.61 376.48 375.00 -10 -10 -10 -100    0 -1000 -1000 -10
82 40 pedestrian 0 0 -10 357.54 113.18 517.07 291.53 -10 -10 -10 -100    0 -1000 -1000 -10
83 46 pedestrian 0 0 -10 554.09 181.12 576.51 201.83 -10 -10 -10 -100    0 -1000 -1000 -10
83 48 pedestrian 0 0 -10 629.55 169.13 665.28 210.45 -10 -10 -10 -100    0 -1000 -1000 -10
83 50 pedestrian 0 0 -10 579.97 178.23 594.90 195.58 -10 -10 -10 -100    0 -1000 -1000 -10
83 49 pedestrian 0 0 -10 608.33 174.60 630.84 198.68 -10 -10 -10 -100    0 -1000 -1000 -10
83 47 pedestrian 0 0 -10 683.21 181.16 766.38 254.77 -10 -10 -10 -100    0 -1000 -1000 -10
83 41 pedestrian 0 0 -10 828.95 184.20 1241.63 375.00 -10 -10 -10 -100    0 -1000 -1000 -10
83 37 pedestrian 0 0 -10 0.00 194.07 348.61 375.00 -10 -10 -10 -100    0 -1000 -1000 -10
83 40 pedestrian 0 0 -10 337.62 109.91 513.36 301.81 -10 -10 -10 -100    0 -1000 -1000 -10
84 46 pedestrian 0 0 -10 553.24 179.72 576.36 200.97 -10 -10 -10 -100    0 -1000 -1000 -10
84 48 pedestrian 0 0 -10 629.58 168.02 666.72 209.59 -10 -10 -10 -100    0 -1000 -1000 -10
84 50 pedestrian 0 0 -10 580.09 177.19 595.37 194.69 -10 -10 -10 -100    0 -1000 -1000 -10
84 49 pedestrian 0 0 -10 607.68 175.62 630.17 199.05 -10 -10 -10 -100    0 -1000 -1000 -10
84 47 pedestrian 0 0 -10 687.38 180.22 775.70 258.39 -10 -10 -10 -100    0 -1000 -1000 -10
84 41 pedestrian 0 0 -10 861.27 179.44 1242.00 375.00 -10 -10 -10 -100    0 -1000 -1000 -10
84 37 pedestrian 0 0 -10 0.27 196.13 307.66 375.00 -10 -10 -10 -100    0 -1000 -1000 -10
84 40 pedestrian 0 0 -10 317.94 104.05 508.84 312.30 -10 -10 -10 -100    0 -1000 -1000 -10
85 46 pedestrian 0 0 -10 553.83 179.13 576.63 200.20 -10 -10 -10 -100    0 -1000 -1000 -10
85 48 pedestrian 0 0 -10 631.06 167.18 668.58 209.59 -10 -10 -10 -100    0 -1000 -1000 -10
85 50 pedestrian 0 0 -10 581.04 176.14 596.43 193.54 -10 -10 -10 -100    0 -1000 -1000 -10
85 49 pedestrian 0 0 -10 608.24 174.61 630.27 197.49 -10 -10 -10 -100    0 -1000 -1000 -10
85 47 pedestrian 0 0 -10 691.17 179.79 785.26 263.32 -10 -10 -10 -100    0 -1000 -1000 -10
85 41 pedestrian 0 0 -10 894.75 174.32 1242.00 375.00 -10 -10 -10 -100    0 -1000 -1000 -10
85 37 pedestrian 0 0 -10 0.00 202.12 260.02 375.00 -10 -10 -10 -100    0 -1000 -1000 -10
85 40 pedestrian 0 0 -10 292.67 97.52 504.79 324.09 -10 -10 -10 -100    0 -1000 -1000 -10
86 46 pedestrian 0 0 -10 553.55 177.20 576.50 199.36 -10 -10 -10 -100    0 -1000 -1000 -10
86 48 pedestrian 0 0 -10 631.50 166.12 669.59 209.01 -10 -10 -10 -100    0 -1000 -1000 -10
86 50 pedestrian 0 0 -10 580.51 174.83 596.41 192.62 -10 -10 -10 -100    0 -1000 -1000 -10
86 49 pedestrian 0 0 -10 607.58 173.59 630.38 197.57 -10 -10 -10 -100    0 -1000 -1000 -10
86 47 pedestrian 0 0 -10 694.24 179.44 796.97 267.61 -10 -10 -10 -100    0 -1000 -1000 -10
86 41 pedestrian 0 0 -10 952.02 172.68 1242.00 375.00 -10 -10 -10 -100    0 -1000 -1000 -10
86 40 pedestrian 0 0 -10 262.00 87.79 499.49 337.54 -10 -10 -10 -100    0 -1000 -1000 -10
87 46 pedestrian 0 0 -10 553.19 177.26 575.98 199.39 -10 -10 -10 -100    0 -1000 -1000 -10
87 48 pedestrian 0 0 -10 631.99 165.67 670.60 209.31 -10 -10 -10 -100    0 -1000 -1000 -10
87 50 pedestrian 0 0 -10 580.38 174.35 596.41 192.54 -10 -10 -10 -100    0 -1000 -1000 -10
87 49 pedestrian 0 0 -10 607.58 173.17 630.56 197.98 -10 -10 -10 -100    0 -1000 -1000 -10
87 47 pedestrian 0 0 -10 699.19 179.38 809.21 272.59 -10 -10 -10 -100    0 -1000 -1000 -10
87 41 pedestrian 0 0 -10 1030.51 182.63 1242.00 375.00 -10 -10 -10 -100    0 -1000 -1000 -10
87 40 pedestrian 0 0 -10 224.35 78.13 490.68 357.44 -10 -10 -10 -100    0 -1000 -1000 -10
88 46 pedestrian 0 0 -10 552.59 177.80 576.18 200.14 -10 -10 -10 -100    0 -1000 -1000 -10
88 48 pedestrian 0 0 -10 632.38 165.64 672.25 211.06 -10 -10 -10 -100    0 -1000 -1000 -10
88 50 pedestrian 0 0 -10 581.30 175.15 596.96 193.33 -10 -10 -10 -100    0 -1000 -1000 -10
88 49 pedestrian 0 0 -10 607.67 174.63 630.34 198.33 -10 -10 -10 -100    0 -1000 -1000 -10
88 47 pedestrian 0 0 -10 704.58 180.84 824.29 279.75 -10 -10 -10 -100    0 -1000 -1000 -10
88 40 pedestrian 0 0 -10 176.46 68.66 483.33 375.00 -10 -10 -10 -100    0 -1000 -1000 -10
89 46 pedestrian 0 0 -10 552.09 179.16 575.86 200.79 -10 -10 -10 -100    0 -1000 -1000 -10
89 48 pedestrian 0 0 -10 633.32 166.55 674.02 212.17 -10 -10 -10 -100    0 -1000 -1000 -10
89 50 pedestrian 0 0 -10 581.20 175.76 596.50 193.53 -10 -10 -10 -100    0 -1000 -1000 -10
89 49 pedestrian 0 0 -10 610.18 172.57 632.71 198.44 -10 -10 -10 -100    0 -1000 -1000 -10
89 47 pedestrian 0 0 -10 710.86 181.09 841.00 288.53 -10 -10 -10 -100    0 -1000 -1000 -10
89 40 pedestrian 0 0 -10 120.20 48.09 476.41 375.00 -10 -10 -10 -100    0 -1000 -1000 -10
90 46 pedestrian 0 0 -10 551.30 179.49 575.97 201.93 -10 -10 -10 -100    0 -1000 -1000 -10
90 48 pedestrian 0 0 -10 634.56 166.57 676.10 213.71 -10 -10 -10 -100    0 -1000 -1000 -10
90 50 pedestrian 0 0 -10 582.40 176.28 597.20 194.44 -10 -10 -10 -100    0 -1000 -1000 -10
90 49 pedestrian 0 0 -10 610.28 176.53 631.30 199.73 -10 -10 -10 -100    0 -1000 -1000 -10
90 47 pedestrian 0 0 -10 717.16 181.53 860.41 298.91 -10 -10 -10 -100    0 -1000 -1000 -10
90 40 pedestrian 0 0 -10 48.01 31.43 466.35 375.00 -10 -10 -10 -100    0 -1000 -1000 -10
91 46 pedestrian 0 0 -10 550.93 179.54 575.80 202.52 -10 -10 -10 -100    0 -1000 -1000 -10
91 48 pedestrian 0 0 -10 635.51 166.29 678.34 214.56 -10 -10 -10 -100    0 -1000 -1000 -10
91 50 pedestrian 0 0 -10 581.97 176.27 597.00 194.34 -10 -10 -10 -100    0 -1000 -1000 -10
91 49 pedestrian 0 0 -10 609.99 176.25 632.28 200.66 -10 -10 -10 -100    0 -1000 -1000 -10
91 47 pedestrian 0 0 -10 723.97 182.06 884.59 311.33 -10 -10 -10 -100    0 -1000 -1000 -10
91 40 pedestrian 0 0 -10 0.00 0.00 455.89 375.00 -10 -10 -10 -100    0 -1000 -1000 -10
92 46 pedestrian 0 0 -10 551.00 180.32 575.53 203.32 -10 -10 -10 -100    0 -1000 -1000 -10
92 48 pedestrian 0 0 -10 636.72 165.74 680.86 215.09 -10 -10 -10 -100    0 -1000 -1000 -10
92 50 pedestrian 0 0 -10 582.51 176.43 597.30 194.15 -10 -10 -10 -100    0 -1000 -1000 -10
92 49 pedestrian 0 0 -10 611.68 176.22 635.44 200.58 -10 -10 -10 -100    0 -1000 -1000 -10
92 47 pedestrian 0 0 -10 731.74 182.86 911.38 326.18 -10 -10 -10 -100    0 -1000 -1000 -10
92 40 pedestrian 0 0 -10 0.00 0.00 442.44 375.00 -10 -10 -10 -100    0 -1000 -1000 -10
93 46 pedestrian 0 0 -10 550.99 182.29 575.51 206.25 -10 -10 -10 -100    0 -1000 -1000 -10
93 48 pedestrian 0 0 -10 638.79 167.66 683.63 217.47 -10 -10 -10 -100    0 -1000 -1000 -10
93 50 pedestrian 0 0 -10 582.26 177.86 597.92 195.75 -10 -10 -10 -100    0 -1000 -1000 -10
93 49 pedestrian 0 0 -10 612.62 179.07 637.71 202.81 -10 -10 -10 -100    0 -1000 -1000 -10
93 47 pedestrian 0 0 -10 741.61 184.83 944.81 345.35 -10 -10 -10 -100    0 -1000 -1000 -10
93 40 pedestrian 0 0 -10 0.00 0.00 424.74 375.00 -10 -10 -10 -100    0 -1000 -1000 -10
94 46 pedestrian 0 0 -10 551.54 184.31 575.54 207.59 -10 -10 -10 -100    0 -1000 -1000 -10
94 48 pedestrian 0 0 -10 639.90 167.94 686.54 219.44 -10 -10 -10 -100    0 -1000 -1000 -10
94 50 pedestrian 0 0 -10 582.54 179.04 598.53 197.09 -10 -10 -10 -100    0 -1000 -1000 -10
94 49 pedestrian 0 0 -10 613.01 180.32 638.66 203.12 -10 -10 -10 -100    0 -1000 -1000 -10
94 47 pedestrian 0 0 -10 752.23 185.94 987.08 365.00 -10 -10 -10 -100    0 -1000 -1000 -10
94 40 pedestrian 0 0 -10 0.00 0.00 403.40 375.00 -10 -10 -10 -100    0 -1000 -1000 -10
95 46 pedestrian 0 0 -10 551.06 183.54 576.50 206.99 -10 -10 -10 -100    0 -1000 -1000 -10
95 48 pedestrian 0 0 -10 640.80 165.89 688.93 219.15 -10 -10 -10 -100    0 -1000 -1000 -10
95 50 pedestrian 0 0 -10 583.62 178.16 600.77 196.78 -10 -10 -10 -100    0 -1000 -1000 -10
95 49 pedestrian 0 0 -10 614.33 179.71 640.19 202.89 -10 -10 -10 -100    0 -1000 -1000 -10
95 47 pedestrian 0 0 -10 766.18 185.10 1041.07 375.00 -10 -10 -10 -100    0 -1000 -1000 -10
95 40 pedestrian 0 0 -10 0.00 0.00 377.82 375.00 -10 -10 -10 -100    0 -1000 -1000 -10
96 46 pedestrian 0 0 -10 550.87 180.12 576.46 204.31 -10 -10 -10 -100    0 -1000 -1000 -10
96 48 pedestrian 0 0 -10 642.52 161.93 691.53 216.44 -10 -10 -10 -100    0 -1000 -1000 -10
96 50 pedestrian 0 0 -10 583.89 174.97 600.62 192.56 -10 -10 -10 -100    0 -1000 -1000 -10
96 49 pedestrian 0 0 -10 615.39 177.11 642.77 200.64 -10 -10 -10 -100    0 -1000 -1000 -10
96 47 pedestrian 0 0 -10 782.30 182.14 1113.34 375.00 -10 -10 -10 -100    0 -1000 -1000 -10
96 40 pedestrian 0 0 -10 0.00 0.00 345.86 375.00 -10 -10 -10 -100    0 -1000 -1000 -10
97 46 pedestrian 0 0 -10 550.93 177.71 576.76 202.77 -10 -10 -10 -100    0 -1000 -1000 -10
97 48 pedestrian 0 0 -10 645.10 160.08 695.13 215.92 -10 -10 -10 -100    0 -1000 -1000 -10
97 50 pedestrian 0 0 -10 584.55 172.54 601.81 190.47 -10 -10 -10 -100    0 -1000 -1000 -10
97 49 pedestrian 0 0 -10 616.38 175.63 643.57 198.95 -10 -10 -10 -100    0 -1000 -1000 -10
97 47 pedestrian 0 0 -10 803.84 180.74 1216.50 375.00 -10 -10 -10 -100    0 -1000 -1000 -10
97 40 pedestrian 0 0 -10 0.00 0.00 309.30 375.00 -10 -10 -10 -100    0 -1000 -1000 -10
98 46 pedestrian 0 0 -10 551.09 177.32 577.32 202.84 -10 -10 -10 -100    0 -1000 -1000 -10
98 48 pedestrian 0 0 -10 646.78 158.82 698.45 216.77 -10 -10 -10 -100    0 -1000 -1000 -10
98 50 pedestrian 0 0 -10 585.05 172.39 602.61 190.45 -10 -10 -10 -100    0 -1000 -1000 -10
98 49 pedestrian 0 0 -10 616.96 175.79 644.86 199.26 -10 -10 -10 -100    0 -1000 -1000 -10
98 47 pedestrian 0 0 -10 829.50 180.32 1241.12 375.00 -10 -10 -10 -100    0 -1000 -1000 -10
98 40 pedestrian 0 0 -10 0.00 0.00 253.96 375.00 -10 -10 -10 -100    0 -1000 -1000 -10
99 46 pedestrian 0 0 -10 551.26 178.05 577.85 203.56 -10 -10 -10 -100    0 -1000 -1000 -10
99 48 pedestrian 0 0 -10 648.13 159.53 701.60 219.62 -10 -10 -10 -100    0 -1000 -1000 -10
99 50 pedestrian 0 0 -10 585.78 173.61 602.76 190.90 -10 -10 -10 -100    0 -1000 -1000 -10
99 49 pedestrian 0 0 -10 617.92 176.86 646.75 200.44 -10 -10 -10 -100    0 -1000 -1000 -10
99 47 pedestrian 0 0 -10 865.73 178.26 1242.00 375.00 -10 -10 -10 -100    0 -1000 -1000 -10
100 46 pedestrian 0 0 -10 551.07 178.40 578.34 204.60 -10 -10 -10 -100    0 -1000 -1000 -10
100 48 pedestrian 0 0 -10 649.52 159.90 705.67 222.36 -10 -10 -10 -100    0 -1000 -1000 -10
100 50 pedestrian 0 0 -10 585.43 174.97 603.17 192.47 -10 -10 -10 -100    0 -1000 -1000 -10
100 49 pedestrian 0 0 -10 619.78 178.23 649.34 201.63 -10 -10 -10 -100    0 -1000 -1000 -10
100 47 pedestrian 0 0 -10 905.85 182.10 1241.69 375.00 -10 -10 -10 -100    0 -1000 -1000 -10
101 46 pedestrian 0 0 -10 551.38 178.38 579.16 204.74 -10 -10 -10 -100    0 -1000 -1000 -10
101 48 pedestrian 0 0 -10 652.10 159.16 710.24 224.00 -10 -10 -10 -100    0 -1000 -1000 -10
101 50 pedestrian 0 0 -10 585.79 174.75 604.54 191.96 -10 -10 -10 -100    0 -1000 -1000 -10
101 49 pedestrian 0 0 -10 621.10 177.29 651.40 201.44 -10 -10 -10 -100    0 -1000 -1000 -10
101 47 pedestrian 0 0 -10 964.42 190.27 1241.99 375.00 -10 -10 -10 -100    0 -1000 -1000 -10
102 46 pedestrian 0 0 -10 551.51 177.11 579.46 204.22 -10 -10 -10 -100    0 -1000 -1000 -10
102 48 pedestrian 0 0 -10 653.90 158.95 714.53 225.53 -10 -10 -10 -100    0 -1000 -1000 -10
102 50 pedestrian 0 0 -10 587.08 173.82 606.18 191.48 -10 -10 -10 -100    0 -1000 -1000 -10
102 49 pedestrian 0 0 -10 621.51 174.38 654.26 200.42 -10 -10 -10 -100    0 -1000 -1000 -10
103 46 pedestrian 0 0 -10 551.54 176.33 580.11 204.17 -10 -10 -10 -100    0 -1000 -1000 -10
103 48 pedestrian 0 0 -10 656.84 157.44 719.38 227.09 -10 -10 -10 -100    0 -1000 -1000 -10
103 50 pedestrian 0 0 -10 589.37 172.91 607.15 189.24 -10 -10 -10 -100    0 -1000 -1000 -10
103 49 pedestrian 0 0 -10 622.57 171.37 656.12 199.83 -10 -10 -10 -100    0 -1000 -1000 -10
104 46 pedestrian 0 0 -10 551.35 175.65 580.49 204.43 -10 -10 -10 -100    0 -1000 -1000 -10
104 48 pedestrian 0 0 -10 658.86 156.96 725.62 228.98 -10 -10 -10 -100    0 -1000 -1000 -10
104 50 pedestrian 0 0 -10 589.08 172.91 607.27 189.42 -10 -10 -10 -100    0 -1000 -1000 -10
104 49 pedestrian 0 0 -10 622.80 172.09 658.88 201.93 -10 -10 -10 -100    0 -1000 -1000 -10
105 46 pedestrian 0 0 -10 551.07 176.03 580.78 204.97 -10 -10 -10 -100    0 -1000 -1000 -10
105 48 pedestrian 0 0 -10 661.77 156.26 732.47 231.35 -10 -10 -10 -100    0 -1000 -1000 -10
105 50 pedestrian 0 0 -10 588.25 173.49 608.31 191.40 -10 -10 -10 -100    0 -1000 -1000 -10
105 49 pedestrian 0 0 -10 623.50 172.29 663.47 205.48 -10 -10 -10 -100    0 -1000 -1000 -10
106 46 pedestrian 0 0 -10 550.65 175.84 581.00 205.72 -10 -10 -10 -100    0 -1000 -1000 -10
106 48 pedestrian 0 0 -10 664.57 154.73 739.29 233.73 -10 -10 -10 -100    0 -1000 -1000 -10
106 50 pedestrian 0 0 -10 588.92 173.57 608.03 191.55 -10 -10 -10 -100    0 -1000 -1000 -10
106 49 pedestrian 0 0 -10 623.50 172.57 667.25 207.44 -10 -10 -10 -100    0 -1000 -1000 -10
107 46 pedestrian 0 0 -10 550.00 175.75 581.22 206.35 -10 -10 -10 -100    0 -1000 -1000 -10
107 48 pedestrian 0 0 -10 667.73 153.24 746.00 235.56 -10 -10 -10 -100    0 -1000 -1000 -10
107 50 pedestrian 0 0 -10 589.14 173.32 609.73 191.45 -10 -10 -10 -100    0 -1000 -1000 -10
107 49 pedestrian 0 0 -10 625.18 173.02 669.25 207.91 -10 -10 -10 -100    0 -1000 -1000 -10
108 46 pedestrian 0 0 -10 549.94 175.51 581.64 206.39 -10 -10 -10 -100    0 -1000 -1000 -10
108 48 pedestrian 0 0 -10 671.41 151.64 752.99 238.50 -10 -10 -10 -100    0 -1000 -1000 -10
108 50 pedestrian 0 0 -10 588.71 173.05 610.84 191.21 -10 -10 -10 -100    0 -1000 -1000 -10
108 49 pedestrian 0 0 -10 626.10 172.98 671.94 208.04 -10 -10 -10 -100    0 -1000 -1000 -10
109 46 pedestrian 0 0 -10 549.64 175.21 581.84 206.69 -10 -10 -10 -100    0 -1000 -1000 -10
109 48 pedestrian 0 0 -10 674.94 150.25 760.87 240.81 -10 -10 -10 -100    0 -1000 -1000 -10
109 50 pedestrian 0 0 -10 587.23 172.29 611.56 190.70 -10 -10 -10 -100    0 -1000 -1000 -10
109 49 pedestrian 0 0 -10 627.59 172.96 675.78 207.85 -10 -10 -10 -100    0 -1000 -1000 -10
110 46 pedestrian 0 0 -10 548.79 175.31 581.95 207.14 -10 -10 -10 -100    0 -1000 -1000 -10
110 48 pedestrian 0 0 -10 679.83 149.76 769.48 244.51 -10 -10 -10 -100    0 -1000 -1000 -10
110 50 pedestrian 0 0 -10 586.70 171.54 613.15 190.72 -10 -10 -10 -100    0 -1000 -1000 -10
110 49 pedestrian 0 0 -10 628.96 172.91 679.60 208.87 -10 -10 -10 -100    0 -1000 -1000 -10
111 48 pedestrian 0 0 -10 681.53 147.27 777.11 248.01 -10 -10 -10 -100    0 -1000 -1000 -10
111 50 pedestrian 0 0 -10 585.02 170.77 613.84 189.97 -10 -10 -10 -100    0 -1000 -1000 -10
111 46 pedestrian 0 0 -10 548.25 174.95 582.01 207.27 -10 -10 -10 -100    0 -1000 -1000 -10
111 49 pedestrian 0 0 -10 630.55 171.93 681.73 209.46 -10 -10 -10 -100    0 -1000 -1000 -10
112 48 pedestrian 0 0 -10 683.64 147.08 786.58 252.50 -10 -10 -10 -100    0 -1000 -1000 -10
112 50 pedestrian 0 0 -10 583.09 170.09 613.49 189.12 -10 -10 -10 -100    0 -1000 -1000 -10
112 46 pedestrian 0 0 -10 547.33 174.52 581.85 206.55 -10 -10 -10 -100    0 -1000 -1000 -10
113 48 pedestrian 0 0 -10 686.30 144.61 796.72 257.53 -10 -10 -10 -100    0 -1000 -1000 -10
113 50 pedestrian 0 0 -10 581.48 168.25 612.55 187.53 -10 -10 -10 -100    0 -1000 -1000 -10
113 46 pedestrian 0 0 -10 545.36 171.71 581.28 205.35 -10 -10 -10 -100    0 -1000 -1000 -10
114 48 pedestrian 0 0 -10 689.78 142.41 808.37 261.95 -10 -10 -10 -100    0 -1000 -1000 -10
114 50 pedestrian 0 0 -10 581.70 166.37 612.36 185.56 -10 -10 -10 -100    0 -1000 -1000 -10
114 46 pedestrian 0 0 -10 543.42 170.11 580.19 204.63 -10 -10 -10 -100    0 -1000 -1000 -10
115 51 pedestrian 0 0 -10 634.42 148.25 660.76 186.66 -10 -10 -10 -100    0 -1000 -1000 -10
115 48 pedestrian 0 0 -10 691.26 139.84 820.25 267.38 -10 -10 -10 -100    0 -1000 -1000 -10
115 50 pedestrian 0 0 -10 578.63 165.90 610.33 185.15 -10 -10 -10 -100    0 -1000 -1000 -10
115 46 pedestrian 0 0 -10 540.47 169.43 578.45 204.96 -10 -10 -10 -100    0 -1000 -1000 -10
116 51 pedestrian 0 0 -10 633.64 147.70 660.81 185.92 -10 -10 -10 -100    0 -1000 -1000 -10
116 48 pedestrian 0 0 -10 697.27 137.28 837.01 273.52 -10 -10 -10 -100    0 -1000 -1000 -10
116 50 pedestrian 0 0 -10 577.92 165.41 608.82 184.78 -10 -10 -10 -100    0 -1000 -1000 -10
116 46 pedestrian 0 0 -10 537.23 168.74 576.23 205.45 -10 -10 -10 -100    0 -1000 -1000 -10
117 51 pedestrian 0 0 -10 632.43 147.54 660.00 187.29 -10 -10 -10 -100    0 -1000 -1000 -10
117 48 pedestrian 0 0 -10 701.90 136.97 853.57 281.49 -10 -10 -10 -100    0 -1000 -1000 -10
117 50 pedestrian 0 0 -10 575.71 165.72 607.67 185.29 -10 -10 -10 -100    0 -1000 -1000 -10
117 46 pedestrian 0 0 -10 534.83 169.55 574.49 207.00 -10 -10 -10 -100    0 -1000 -1000 -10
118 51 pedestrian 0 0 -10 632.80 149.47 659.83 189.24 -10 -10 -10 -100    0 -1000 -1000 -10
118 48 pedestrian 0 0 -10 709.87 134.68 874.79 293.14 -10 -10 -10 -100    0 -1000 -1000 -10
118 50 pedestrian 0 0 -10 574.94 166.79 606.74 186.92 -10 -10 -10 -100    0 -1000 -1000 -10
118 46 pedestrian 0 0 -10 531.94 171.00 572.85 209.18 -10 -10 -10 -100    0 -1000 -1000 -10
119 51 pedestrian 0 0 -10 631.96 150.38 658.34 189.90 -10 -10 -10 -100    0 -1000 -1000 -10
119 48 pedestrian 0 0 -10 714.34 132.22 900.84 306.97 -10 -10 -10 -100    0 -1000 -1000 -10
119 50 pedestrian 0 0 -10 573.63 167.42 605.94 187.88 -10 -10 -10 -100    0 -1000 -1000 -10
119 46 pedestrian 0 0 -10 529.79 171.78 571.74 211.35 -10 -10 -10 -100    0 -1000 -1000 -10
119 52 pedestrian 0 0 -10 671.32 173.81 736.45 229.52 -10 -10 -10 -100    0 -1000 -1000 -10
120 51 pedestrian 0 0 -10 631.30 151.28 659.03 191.58 -10 -10 -10 -100    0 -1000 -1000 -10
120 48 pedestrian 0 0 -10 721.88 128.97 931.31 321.28 -10 -10 -10 -100    0 -1000 -1000 -10
120 50 pedestrian 0 0 -10 572.10 168.57 605.46 188.98 -10 -10 -10 -100    0 -1000 -1000 -10
120 46 pedestrian 0 0 -10 526.49 172.49 569.73 213.39 -10 -10 -10 -100    0 -1000 -1000 -10
120 53 pedestrian 0 0 -10 681.20 174.45 782.75 259.36 -10 -10 -10 -100    0 -1000 -1000 -10
120 52 pedestrian 0 0 -10 674.06 174.94 741.19 234.29 -10 -10 -10 -100    0 -1000 -1000 -10
121 51 pedestrian 0 0 -10 631.23 150.58 659.46 192.47 -10 -10 -10 -100    0 -1000 -1000 -10
121 48 pedestrian 0 0 -10 730.99 125.17 970.93 338.40 -10 -10 -10 -100    0 -1000 -1000 -10
121 50 pedestrian 0 0 -10 571.05 168.88 604.76 189.65 -10 -10 -10 -100    0 -1000 -1000 -10
121 46 pedestrian 0 0 -10 523.40 172.73 568.41 214.27 -10 -10 -10 -100    0 -1000 -1000 -10
121 49 pedestrian 0 0 -10 658.08 173.52 714.83 223.69 -10 -10 -10 -100    0 -1000 -1000 -10
121 53 pedestrian 0 0 -10 688.05 174.08 797.00 267.05 -10 -10 -10 -100    0 -1000 -1000 -10
121 52 pedestrian 0 0 -10 675.62 175.52 747.14 237.64 -10 -10 -10 -100    0 -1000 -1000 -10
122 51 pedestrian 0 0 -10 630.87 150.52 659.74 193.48 -10 -10 -10 -100    0 -1000 -1000 -10
122 48 pedestrian 0 0 -10 741.40 116.75 1016.29 361.89 -10 -10 -10 -100    0 -1000 -1000 -10
122 50 pedestrian 0 0 -10 569.67 169.16 605.16 190.70 -10 -10 -10 -100    0 -1000 -1000 -10
122 46 pedestrian 0 0 -10 520.17 173.19 566.61 215.97 -10 -10 -10 -100    0 -1000 -1000 -10
122 49 pedestrian 0 0 -10 659.70 174.49 718.35 226.82 -10 -10 -10 -100    0 -1000 -1000 -10
122 53 pedestrian 0 0 -10 691.10 178.80 808.59 275.41 -10 -10 -10 -100    0 -1000 -1000 -10
122 52 pedestrian 0 0 -10 679.73 175.81 753.23 242.98 -10 -10 -10 -100    0 -1000 -1000 -10
123 51 pedestrian 0 0 -10 630.70 150.24 659.78 194.69 -10 -10 -10 -100    0 -1000 -1000 -10
123 48 pedestrian 0 0 -10 751.56 108.81 1079.21 375.00 -10 -10 -10 -100    0 -1000 -1000 -10
123 50 pedestrian 0 0 -10 568.49 169.97 605.26 191.59 -10 -10 -10 -100    0 -1000 -1000 -10
123 46 pedestrian 0 0 -10 516.61 174.03 564.77 218.33 -10 -10 -10 -100    0 -1000 -1000 -10
123 49 pedestrian 0 0 -10 660.92 175.38 721.96 230.37 -10 -10 -10 -100    0 -1000 -1000 -10
123 53 pedestrian 0 0 -10 697.82 179.94 825.83 285.11 -10 -10 -10 -100    0 -1000 -1000 -10
123 52 pedestrian 0 0 -10 681.41 177.07 761.53 247.64 -10 -10 -10 -100    0 -1000 -1000 -10
124 54 pedestrian 0 0 -10 644.40 175.22 677.00 206.76 -10 -10 -10 -100    0 -1000 -1000 -10
124 51 pedestrian 0 0 -10 631.18 151.44 661.71 196.65 -10 -10 -10 -100    0 -1000 -1000 -10
124 48 pedestrian 0 0 -10 762.33 98.07 1165.05 375.00 -10 -10 -10 -100    0 -1000 -1000 -10
124 50 pedestrian 0 0 -10 566.92 170.37 604.83 192.70 -10 -10 -10 -100    0 -1000 -1000 -10
124 46 pedestrian 0 0 -10 513.20 175.28 562.68 220.50 -10 -10 -10 -100    0 -1000 -1000 -10
124 49 pedestrian 0 0 -10 662.39 175.75 724.68 232.92 -10 -10 -10 -100    0 -1000 -1000 -10
124 53 pedestrian 0 0 -10 698.72 180.70 843.04 296.19 -10 -10 -10 -100    0 -1000 -1000 -10
124 52 pedestrian 0 0 -10 683.46 178.72 769.26 253.46 -10 -10 -10 -100    0 -1000 -1000 -10
125 54 pedestrian 0 0 -10 643.86 174.75 677.05 206.73 -10 -10 -10 -100    0 -1000 -1000 -10
125 51 pedestrian 0 0 -10 631.13 152.19 662.35 198.18 -10 -10 -10 -100    0 -1000 -1000 -10
125 48 pedestrian 0 0 -10 778.55 81.30 1242.00 375.00 -10 -10 -10 -100    0 -1000 -1000 -10
125 50 pedestrian 0 0 -10 566.68 170.86 604.53 192.95 -10 -10 -10 -100    0 -1000 -1000 -10
125 46 pedestrian 0 0 -10 510.04 176.08 561.06 222.41 -10 -10 -10 -100    0 -1000 -1000 -10
125 49 pedestrian 0 0 -10 663.95 176.15 729.45 235.46 -10 -10 -10 -100    0 -1000 -1000 -10
125 53 pedestrian 0 0 -10 707.33 181.52 860.48 307.49 -10 -10 -10 -100    0 -1000 -1000 -10
125 52 pedestrian 0 0 -10 686.90 178.98 778.12 258.38 -10 -10 -10 -100    0 -1000 -1000 -10
126 54 pedestrian 0 0 -10 645.69 176.07 681.16 209.61 -10 -10 -10 -100    0 -1000 -1000 -10
126 51 pedestrian 0 0 -10 631.06 153.40 662.69 199.99 -10 -10 -10 -100    0 -1000 -1000 -10
126 48 pedestrian 0 0 -10 802.76 56.50 1242.00 375.00 -10 -10 -10 -100    0 -1000 -1000 -10
126 50 pedestrian 0 0 -10 565.43 171.84 604.63 194.14 -10 -10 -10 -100    0 -1000 -1000 -10
126 46 pedestrian 0 0 -10 505.25 176.93 558.67 224.66 -10 -10 -10 -100    0 -1000 -1000 -10
126 49 pedestrian 0 0 -10 666.43 176.54 733.63 237.67 -10 -10 -10 -100    0 -1000 -1000 -10
126 53 pedestrian 0 0 -10 713.99 181.75 893.49 322.86 -10 -10 -10 -100    0 -1000 -1000 -10
126 52 pedestrian 0 0 -10 691.58 180.34 788.88 264.33 -10 -10 -10 -100    0 -1000 -1000 -10
127 54 pedestrian 0 0 -10 646.25 176.47 685.53 212.20 -10 -10 -10 -100    0 -1000 -1000 -10
127 51 pedestrian 0 0 -10 631.12 154.16 663.68 201.85 -10 -10 -10 -100    0 -1000 -1000 -10
127 48 pedestrian 0 0 -10 827.52 0.00 1242.00 375.00 -10 -10 -10 -100    0 -1000 -1000 -10
127 50 pedestrian 0 0 -10 565.12 172.38 603.47 195.17 -10 -10 -10 -100    0 -1000 -1000 -10
127 46 pedestrian 0 0 -10 501.33 178.06 556.92 228.36 -10 -10 -10 -100    0 -1000 -1000 -10
127 49 pedestrian 0 0 -10 668.80 176.07 739.40 241.93 -10 -10 -10 -100    0 -1000 -1000 -10
127 53 pedestrian 0 0 -10 721.95 182.53 927.01 338.42 -10 -10 -10 -100    0 -1000 -1000 -10
127 52 pedestrian 0 0 -10 694.65 180.67 798.51 270.73 -10 -10 -10 -100    0 -1000 -1000 -10
128 54 pedestrian 0 0 -10 647.90 177.60 686.36 213.43 -10 -10 -10 -100    0 -1000 -1000 -10
128 51 pedestrian 0 0 -10 630.97 153.43 664.06 202.62 -10 -10 -10 -100    0 -1000 -1000 -10
128 48 pedestrian 0 0 -10 859.57 0.00 1242.00 375.00 -10 -10 -10 -100    0 -1000 -1000 -10
128 50 pedestrian 0 0 -10 564.44 173.43 604.11 197.67 -10 -10 -10 -100    0 -1000 -1000 -10
128 46 pedestrian 0 0 -10 497.53 179.21 553.99 231.25 -10 -10 -10 -100    0 -1000 -1000 -10
128 49 pedestrian 0 0 -10 671.14 176.92 746.25 245.96 -10 -10 -10 -100    0 -1000 -1000 -10
128 53 pedestrian 0 0 -10 729.70 183.16 962.35 360.79 -10 -10 -10 -100    0 -1000 -1000 -10
128 52 pedestrian 0 0 -10 699.52 181.63 811.62 277.89 -10 -10 -10 -100    0 -1000 -1000 -10
129 54 pedestrian 0 0 -10 649.30 179.66 685.95 215.74 -10 -10 -10 -100    0 -1000 -1000 -10
129 51 pedestrian 0 0 -10 631.23 153.04 664.78 202.55 -10 -10 -10 -100    0 -1000 -1000 -10
129 48 pedestrian 0 0 -10 907.47 0.00 1242.00 375.00 -10 -10 -10 -100    0 -1000 -1000 -10
129 50 pedestrian 0 0 -10 563.92 174.66 603.14 198.82 -10 -10 -10 -100    0 -1000 -1000 -10
129 46 pedestrian 0 0 -10 493.70 180.01 552.40 233.83 -10 -10 -10 -100    0 -1000 -1000 -10
129 49 pedestrian 0 0 -10 672.76 177.68 751.09 249.72 -10 -10 -10 -100    0 -1000 -1000 -10
129 53 pedestrian 0 0 -10 740.54 184.33 1015.43 375.00 -10 -10 -10 -100    0 -1000 -1000 -10
129 52 pedestrian 0 0 -10 705.13 183.01 826.96 287.69 -10 -10 -10 -100    0 -1000 -1000 -10
130 54 pedestrian 0 0 -10 649.76 179.77 686.91 216.85 -10 -10 -10 -100    0 -1000 -1000 -10
130 51 pedestrian 0 0 -10 630.90 151.30 665.21 201.78 -10 -10 -10 -100    0 -1000 -1000 -10
130 48 pedestrian 0 0 -10 978.27 0.00 1241.83 375.00 -10 -10 -10 -100    0 -1000 -1000 -10
130 50 pedestrian 0 0 -10 562.92 175.21 603.27 199.21 -10 -10 -10 -100    0 -1000 -1000 -10
130 46 pedestrian 0 0 -10 488.99 181.00 550.76 237.22 -10 -10 -10 -100    0 -1000 -1000 -10
130 49 pedestrian 0 0 -10 675.22 178.76 760.22 254.30 -10 -10 -10 -100    0 -1000 -1000 -10
130 53 pedestrian 0 0 -10 752.21 185.76 1096.22 375.00 -10 -10 -10 -100    0 -1000 -1000 -10
130 52 pedestrian 0 0 -10 709.82 183.32 846.48 298.15 -10 -10 -10 -100    0 -1000 -1000 -10
131 54 pedestrian 0 0 -10 650.04 179.16 691.81 219.22 -10 -10 -10 -100    0 -1000 -1000 -10
131 51 pedestrian 0 0 -10 630.48 150.80 664.97 202.79 -10 -10 -10 -100    0 -1000 -1000 -10
131 50 pedestrian 0 0 -10 562.38 174.89 602.59 198.74 -10 -10 -10 -100    0 -1000 -1000 -10
131 46 pedestrian 0 0 -10 483.71 180.68 546.96 238.87 -10 -10 -10 -100    0 -1000 -1000 -10
131 49 pedestrian 0 0 -10 678.81 178.98 768.79 258.53 -10 -10 -10 -100    0 -1000 -1000 -10
131 53 pedestrian 0 0 -10 765.45 185.57 1199.81 375.00 -10 -10 -10 -100    0 -1000 -1000 -10
131 52 pedestrian 0 0 -10 716.28 183.57 868.27 309.88 -10 -10 -10 -100    0 -1000 -1000 -10
132 55 pedestrian 0 0 -10 668.60 179.06 728.15 232.34 -10 -10 -10 -100    0 -1000 -1000 -10
132 54 pedestrian 0 0 -10 649.84 179.17 691.47 219.14 -10 -10 -10 -100    0 -1000 -1000 -10
132 51 pedestrian 0 0 -10 629.15 149.16 664.16 201.78 -10 -10 -10 -100    0 -1000 -1000 -10
132 50 pedestrian 0 0 -10 560.17 173.72 601.82 197.98 -10 -10 -10 -100    0 -1000 -1000 -10
132 46 pedestrian 0 0 -10 477.17 179.02 543.31 239.98 -10 -10 -10 -100    0 -1000 -1000 -10
132 49 pedestrian 0 0 -10 680.33 177.29 780.79 263.99 -10 -10 -10 -100    0 -1000 -1000 -10
132 53 pedestrian 0 0 -10 787.66 185.44 1240.87 375.00 -10 -10 -10 -100    0 -1000 -1000 -10
132 52 pedestrian 0 0 -10 722.82 182.83 899.42 322.15 -10 -10 -10 -100    0 -1000 -1000 -10
133 55 pedestrian 0 0 -10 669.59 178.26 735.36 235.17 -10 -10 -10 -100    0 -1000 -1000 -10
133 54 pedestrian 0 0 -10 649.85 177.86 692.91 218.30 -10 -10 -10 -100    0 -1000 -1000 -10
133 51 pedestrian 0 0 -10 628.21 148.28 664.36 201.71 -10 -10 -10 -100    0 -1000 -1000 -10
133 50 pedestrian 0 0 -10 556.95 172.76 599.82 196.87 -10 -10 -10 -100    0 -1000 -1000 -10
133 46 pedestrian 0 0 -10 470.30 177.68 540.27 242.53 -10 -10 -10 -100    0 -1000 -1000 -10
133 49 pedestrian 0 0 -10 684.19 177.07 793.33 269.21 -10 -10 -10 -100    0 -1000 -1000 -10
133 53 pedestrian 0 0 -10 814.26 184.18 1241.44 375.00 -10 -10 -10 -100    0 -1000 -1000 -10
133 52 pedestrian 0 0 -10 732.02 182.85 935.22 338.39 -10 -10 -10 -100    0 -1000 -1000 -10
134 55 pedestrian 0 0 -10 671.76 177.79 738.77 237.80 -10 -10 -10 -100    0 -1000 -1000 -10
134 54 pedestrian 0 0 -10 650.11 178.33 694.48 219.56 -10 -10 -10 -100    0 -1000 -1000 -10
134 51 pedestrian 0 0 -10 627.59 148.72 664.75 202.95 -10 -10 -10 -100    0 -1000 -1000 -10
134 50 pedestrian 0 0 -10 556.27 172.38 599.91 196.19 -10 -10 -10 -100    0 -1000 -1000 -10
134 46 pedestrian 0 0 -10 463.55 179.79 537.68 246.75 -10 -10 -10 -100    0 -1000 -1000 -10
134 49 pedestrian 0 0 -10 687.41 178.94 806.55 276.59 -10 -10 -10 -100    0 -1000 -1000 -10
134 53 pedestrian 0 0 -10 846.46 185.80 1242.00 375.00 -10 -10 -10 -100    0 -1000 -1000 -10
134 52 pedestrian 0 0 -10 742.02 182.82 978.64 359.25 -10 -10 -10 -100    0 -1000 -1000 -10
135 55 pedestrian 0 0 -10 672.59 176.97 742.74 238.78 -10 -10 -10 -100    0 -1000 -1000 -10
135 54 pedestrian 0 0 -10 650.20 177.40 695.61 220.35 -10 -10 -10 -100    0 -1000 -1000 -10
135 51 pedestrian 0 0 -10 627.14 148.59 665.32 202.42 -10 -10 -10 -100    0 -1000 -1000 -10
135 50 pedestrian 0 0 -10 556.59 172.14 599.07 196.03 -10 -10 -10 -100    0 -1000 -1000 -10
135 46 pedestrian 0 0 -10 455.88 180.38 533.34 249.95 -10 -10 -10 -100    0 -1000 -1000 -10
135 49 pedestrian 0 0 -10 691.74 179.43 823.18 286.01 -10 -10 -10 -100    0 -1000 -1000 -10
135 53 pedestrian 0 0 -10 893.78 200.82 1242.00 375.00 -10 -10 -10 -100    0 -1000 -1000 -10
135 52 pedestrian 0 0 -10 756.22 182.01 1038.81 375.00 -10 -10 -10 -100    0 -1000 -1000 -10
136 55 pedestrian 0 0 -10 674.71 177.01 746.70 242.63 -10 -10 -10 -100    0 -1000 -1000 -10
136 54 pedestrian 0 0 -10 651.79 176.88 698.95 221.44 -10 -10 -10 -100    0 -1000 -1000 -10
136 51 pedestrian 0 0 -10 626.70 148.06 665.77 203.66 -10 -10 -10 -100    0 -1000 -1000 -10
136 50 pedestrian 0 0 -10 556.00 172.09 599.26 195.91 -10 -10 -10 -100    0 -1000 -1000 -10
136 46 pedestrian 0 0 -10 447.21 180.20 530.21 253.44 -10 -10 -10 -100    0 -1000 -1000 -10
136 49 pedestrian 0 0 -10 697.47 178.83 842.62 296.58 -10 -10 -10 -100    0 -1000 -1000 -10
136 53 pedestrian 0 0 -10 973.90 209.79 1242.00 375.00 -10 -10 -10 -100    0 -1000 -1000 -10
136 52 pedestrian 0 0 -10 770.52 182.89 1120.20 375.00 -10 -10 -10 -100    0 -1000 -1000 -10
137 57 pedestrian 0 0 -10 635.88 173.62 671.42 209.58 -10 -10 -10 -100    0 -1000 -1000 -10
137 55 pedestrian 0 0 -10 676.32 175.83 751.21 244.93 -10 -10 -10 -100    0 -1000 -1000 -10
137 54 pedestrian 0 0 -10 652.99 176.14 700.99 221.50 -10 -10 -10 -100    0 -1000 -1000 -10
137 51 pedestrian 0 0 -10 627.13 147.35 667.04 204.46 -10 -10 -10 -100    0 -1000 -1000 -10
137 50 pedestrian 0 0 -10 555.27 171.21 599.92 195.80 -10 -10 -10 -100    0 -1000 -1000 -10
137 46 pedestrian 0 0 -10 438.27 180.21 526.71 257.56 -10 -10 -10 -100    0 -1000 -1000 -10
137 49 pedestrian 0 0 -10 702.69 178.23 865.11 307.33 -10 -10 -10 -100    0 -1000 -1000 -10
137 52 pedestrian 0 0 -10 789.52 183.08 1229.25 375.00 -10 -10 -10 -100    0 -1000 -1000 -10
138 57 pedestrian 0 0 -10 636.69 174.48 673.95 211.07 -10 -10 -10 -100    0 -1000 -1000 -10
138 55 pedestrian 0 0 -10 679.14 175.78 758.67 249.71 -10 -10 -10 -100    0 -1000 -1000 -10
138 54 pedestrian 0 0 -10 654.54 176.85 705.20 224.27 -10 -10 -10 -100    0 -1000 -1000 -10
138 51 pedestrian 0 0 -10 628.05 147.41 668.46 205.26 -10 -10 -10 -100    0 -1000 -1000 -10
138 50 pedestrian 0 0 -10 554.94 171.37 600.54 196.10 -10 -10 -10 -100    0 -1000 -1000 -10
138 46 pedestrian 0 0 -10 427.57 180.99 523.43 263.27 -10 -10 -10 -100    0 -1000 -1000 -10
138 49 pedestrian 0 0 -10 709.83 180.14 890.24 323.09 -10 -10 -10 -100    0 -1000 -1000 -10
138 52 pedestrian 0 0 -10 816.34 184.23 1240.70 375.00 -10 -10 -10 -100    0 -1000 -1000 -10
139 57 pedestrian 0 0 -10 637.54 175.10 675.61 212.22 -10 -10 -10 -100    0 -1000 -1000 -10
139 55 pedestrian 0 0 -10 681.76 176.68 768.51 253.44 -10 -10 -10 -100    0 -1000 -1000 -10
139 54 pedestrian 0 0 -10 656.14 177.41 708.06 226.35 -10 -10 -10 -100    0 -1000 -1000 -10
139 51 pedestrian 0 0 -10 629.02 146.69 670.38 206.40 -10 -10 -10 -100    0 -1000 -1000 -10
139 50 pedestrian 0 0 -10 554.92 171.55 600.29 196.40 -10 -10 -10 -100    0 -1000 -1000 -10
139 46 pedestrian 0 0 -10 416.30 181.28 518.94 269.27 -10 -10 -10 -100    0 -1000 -1000 -10
139 49 pedestrian 0 0 -10 718.20 180.41 927.18 340.48 -10 -10 -10 -100    0 -1000 -1000 -10
139 52 pedestrian 0 0 -10 845.09 185.02 1242.00 375.00 -10 -10 -10 -100    0 -1000 -1000 -10
140 58 pedestrian 0 0 -10 470.92 183.46 531.98 233.81 -10 -10 -10 -100    0 -1000 -1000 -10
140 57 pedestrian 0 0 -10 637.66 176.16 678.52 213.25 -10 -10 -10 -100    0 -1000 -1000 -10
140 55 pedestrian 0 0 -10 685.71 177.61 780.33 259.32 -10 -10 -10 -100    0 -1000 -1000 -10
140 54 pedestrian 0 0 -10 657.39 177.58 712.67 229.45 -10 -10 -10 -100    0 -1000 -1000 -10
140 51 pedestrian 0 0 -10 629.03 146.10 671.52 206.53 -10 -10 -10 -100    0 -1000 -1000 -10
140 50 pedestrian 0 0 -10 554.61 172.28 599.89 196.36 -10 -10 -10 -100    0 -1000 -1000 -10
140 46 pedestrian 0 0 -10 403.52 182.07 514.23 275.92 -10 -10 -10 -100    0 -1000 -1000 -10
140 49 pedestrian 0 0 -10 728.55 181.18 974.03 365.32 -10 -10 -10 -100    0 -1000 -1000 -10
140 52 pedestrian 0 0 -10 890.88 197.91 1241.91 375.00 -10 -10 -10 -100    0 -1000 -1000 -10
141 58 pedestrian 0 0 -10 465.56 181.34 528.44 234.71 -10 -10 -10 -100    0 -1000 -1000 -10
141 57 pedestrian 0 0 -10 639.06 173.64 680.28 213.10 -10 -10 -10 -100    0 -1000 -1000 -10
141 55 pedestrian 0 0 -10 689.72 177.51 791.51 264.72 -10 -10 -10 -100    0 -1000 -1000 -10
141 54 pedestrian 0 0 -10 659.06 176.97 716.42 230.81 -10 -10 -10 -100    0 -1000 -1000 -10
141 51 pedestrian 0 0 -10 629.61 143.63 673.41 207.21 -10 -10 -10 -100    0 -1000 -1000 -10
141 50 pedestrian 0 0 -10 553.85 171.32 598.91 195.42 -10 -10 -10 -100    0 -1000 -1000 -10
141 46 pedestrian 0 0 -10 389.58 181.25 508.82 281.64 -10 -10 -10 -100    0 -1000 -1000 -10
141 49 pedestrian 0 0 -10 740.68 180.12 1031.54 375.00 -10 -10 -10 -100    0 -1000 -1000 -10
141 52 pedestrian 0 0 -10 963.49 200.77 1242.00 375.00 -10 -10 -10 -100    0 -1000 -1000 -10
142 58 pedestrian 0 0 -10 457.91 180.73 525.97 236.97 -10 -10 -10 -100    0 -1000 -1000 -10
142 57 pedestrian 0 0 -10 640.21 173.62 681.92 214.00 -10 -10 -10 -100    0 -1000 -1000 -10
142 55 pedestrian 0 0 -10 693.30 177.85 807.12 272.28 -10 -10 -10 -100    0 -1000 -1000 -10
142 54 pedestrian 0 0 -10 661.85 176.62 722.08 233.29 -10 -10 -10 -100    0 -1000 -1000 -10
142 51 pedestrian 0 0 -10 630.45 143.76 675.40 208.27 -10 -10 -10 -100    0 -1000 -1000 -10
142 50 pedestrian 0 0 -10 553.22 171.54 598.72 194.86 -10 -10 -10 -100    0 -1000 -1000 -10
142 46 pedestrian 0 0 -10 373.27 181.20 503.81 289.73 -10 -10 -10 -100    0 -1000 -1000 -10
142 49 pedestrian 0 0 -10 756.43 181.38 1118.02 375.00 -10 -10 -10 -100    0 -1000 -1000 -10
143 58 pedestrian 0 0 -10 451.33 180.66 523.35 238.61 -10 -10 -10 -100    0 -1000 -1000 -10
143 57 pedestrian 0 0 -10 641.14 172.89 683.81 214.73 -10 -10 -10 -100    0 -1000 -1000 -10
143 55 pedestrian 0 0 -10 699.01 178.39 824.53 278.87 -10 -10 -10 -100    0 -1000 -1000 -10
143 54 pedestrian 0 0 -10 663.62 176.24 727.35 235.67 -10 -10 -10 -100    0 -1000 -1000 -10
143 51 pedestrian 0 0 -10 630.94 141.93 677.86 209.70 -10 -10 -10 -100    0 -1000 -1000 -10
143 50 pedestrian 0 0 -10 553.60 171.46 598.26 194.49 -10 -10 -10 -100    0 -1000 -1000 -10
143 46 pedestrian 0 0 -10 355.62 180.20 498.76 297.82 -10 -10 -10 -100    0 -1000 -1000 -10
143 49 pedestrian 0 0 -10 773.32 180.92 1230.44 375.00 -10 -10 -10 -100    0 -1000 -1000 -10
144 58 pedestrian 0 0 -10 443.45 181.79 520.40 242.55 -10 -10 -10 -100    0 -1000 -1000 -10
144 57 pedestrian 0 0 -10 642.48 174.20 685.69 216.03 -10 -10 -10 -100    0 -1000 -1000 -10
144 55 pedestrian 0 0 -10 707.06 178.65 843.71 288.30 -10 -10 -10 -100    0 -1000 -1000 -10
144 54 pedestrian 0 0 -10 665.98 177.59 733.05 239.70 -10 -10 -10 -100    0 -1000 -1000 -10
144 51 pedestrian 0 0 -10 631.13 142.20 679.23 209.00 -10 -10 -10 -100    0 -1000 -1000 -10
144 50 pedestrian 0 0 -10 552.69 171.45 598.22 195.75 -10 -10 -10 -100    0 -1000 -1000 -10
144 46 pedestrian 0 0 -10 332.93 181.74 492.19 310.18 -10 -10 -10 -100    0 -1000 -1000 -10
144 49 pedestrian 0 0 -10 793.13 180.21 1240.93 375.00 -10 -10 -10 -100    0 -1000 -1000 -10
145 58 pedestrian 0 0 -10 435.77 182.76 517.30 246.54 -10 -10 -10 -100    0 -1000 -1000 -10
145 57 pedestrian 0 0 -10 642.63 174.10 688.77 217.04 -10 -10 -10 -100    0 -1000 -1000 -10
145 55 pedestrian 0 0 -10 712.70 178.39 866.23 299.21 -10 -10 -10 -100    0 -1000 -1000 -10
145 54 pedestrian 0 0 -10 667.25 177.37 740.73 243.27 -10 -10 -10 -100    0 -1000 -1000 -10
145 51 pedestrian 0 0 -10 632.25 142.17 682.43 209.87 -10 -10 -10 -100    0 -1000 -1000 -10
145 50 pedestrian 0 0 -10 551.52 171.69 598.19 196.16 -10 -10 -10 -100    0 -1000 -1000 -10
145 46 pedestrian 0 0 -10 305.91 181.69 484.30 323.52 -10 -10 -10 -100    0 -1000 -1000 -10
145 49 pedestrian 0 0 -10 824.50 183.49 1241.97 375.00 -10 -10 -10 -100    0 -1000 -1000 -10
146 60 pedestrian 0 0 -10 616.69 171.33 636.03 192.86 -10 -10 -10 -100    0 -1000 -1000 -10
146 59 pedestrian 0 0 -10 442.91 172.29 520.32 215.08 -10 -10 -10 -100    0 -1000 -1000 -10
146 58 pedestrian 0 0 -10 426.79 183.63 514.19 250.24 -10 -10 -10 -100    0 -1000 -1000 -10
146 57 pedestrian 0 0 -10 643.00 174.04 691.30 218.41 -10 -10 -10 -100    0 -1000 -1000 -10
146 55 pedestrian 0 0 -10 721.66 178.74 892.57 311.39 -10 -10 -10 -100    0 -1000 -1000 -10
146 54 pedestrian 0 0 -10 670.24 178.21 747.35 247.25 -10 -10 -10 -100    0 -1000 -1000 -10
146 51 pedestrian 0 0 -10 633.78 141.04 682.68 210.51 -10 -10 -10 -100    0 -1000 -1000 -10
146 50 pedestrian 0 0 -10 550.41 171.62 598.01 196.40 -10 -10 -10 -100    0 -1000 -1000 -10
146 46 pedestrian 0 0 -10 273.38 181.96 475.61 338.81 -10 -10 -10 -100    0 -1000 -1000 -10
146 49 pedestrian 0 0 -10 867.08 182.32 1241.98 375.00 -10 -10 -10 -100    0 -1000 -1000 -10
147 60 pedestrian 0 0 -10 617.85 171.57 637.43 193.00 -10 -10 -10 -100    0 -1000 -1000 -10
147 59 pedestrian 0 0 -10 438.35 171.73 518.50 216.08 -10 -10 -10 -100    0 -1000 -1000 -10
147 58 pedestrian 0 0 -10 417.61 183.22 510.37 253.20 -10 -10 -10 -100    0 -1000 -1000 -10
147 57 pedestrian 0 0 -10 643.41 172.59 693.76 219.02 -10 -10 -10 -100    0 -1000 -1000 -10
147 55 pedestrian 0 0 -10 730.42 179.03 925.92 328.04 -10 -10 -10 -100    0 -1000 -1000 -10
147 54 pedestrian 0 0 -10 673.85 176.60 756.16 250.19 -10 -10 -10 -100    0 -1000 -1000 -10
147 51 pedestrian 0 0 -10 634.32 138.10 685.24 210.73 -10 -10 -10 -100    0 -1000 -1000 -10
147 50 pedestrian 0 0 -10 549.81 170.61 598.78 195.97 -10 -10 -10 -100    0 -1000 -1000 -10
147 46 pedestrian 0 0 -10 233.10 182.89 464.82 357.87 -10 -10 -10 -100    0 -1000 -1000 -10
147 49 pedestrian 0 0 -10 921.73 185.57 1241.49 375.00 -10 -10 -10 -100    0 -1000 -1000 -10
148 60 pedestrian 0 0 -10 617.13 170.39 637.74 193.04 -10 -10 -10 -100    0 -1000 -1000 -10
148 59 pedestrian 0 0 -10 434.59 171.83 515.59 216.93 -10 -10 -10 -100    0 -1000 -1000 -10
148 58 pedestrian 0 0 -10 407.55 183.39 504.30 257.53 -10 -10 -10 -100    0 -1000 -1000 -10
148 57 pedestrian 0 0 -10 643.62 172.70 696.75 220.60 -10 -10 -10 -100    0 -1000 -1000 -10
148 55 pedestrian 0 0 -10 739.93 179.33 969.09 348.64 -10 -10 -10 -100    0 -1000 -1000 -10
148 54 pedestrian 0 0 -10 676.34 177.27 764.89 254.46 -10 -10 -10 -100    0 -1000 -1000 -10
148 51 pedestrian 0 0 -10 633.39 139.31 687.46 211.49 -10 -10 -10 -100    0 -1000 -1000 -10
148 50 pedestrian 0 0 -10 548.68 170.53 597.92 195.80 -10 -10 -10 -100    0 -1000 -1000 -10
148 46 pedestrian 0 0 -10 178.44 182.37 451.21 375.00 -10 -10 -10 -100    0 -1000 -1000 -10
148 49 pedestrian 0 0 -10 1007.67 190.90 1241.82 375.00 -10 -10 -10 -100    0 -1000 -1000 -10
149 60 pedestrian 0 0 -10 618.65 169.29 638.35 193.85 -10 -10 -10 -100    0 -1000 -1000 -10
149 59 pedestrian 0 0 -10 430.53 171.87 510.99 218.12 -10 -10 -10 -100    0 -1000 -1000 -10
149 58 pedestrian 0 0 -10 392.96 183.37 499.81 262.51 -10 -10 -10 -100    0 -1000 -1000 -10
149 57 pedestrian 0 0 -10 644.77 173.22 699.32 221.92 -10 -10 -10 -100    0 -1000 -1000 -10
149 55 pedestrian 0 0 -10 751.97 179.98 1020.27 372.93 -10 -10 -10 -100    0 -1000 -1000 -10
149 54 pedestrian 0 0 -10 679.89 176.71 774.75 258.59 -10 -10 -10 -100    0 -1000 -1000 -10
149 51 pedestrian 0 0 -10 633.91 137.84 689.31 213.80 -10 -10 -10 -100    0 -1000 -1000 -10
149 50 pedestrian 0 0 -10 563.84 170.25 594.45 192.58 -10 -10 -10 -100    0 -1000 -1000 -10
149 46 pedestrian 0 0 -10 106.81 180.44 437.00 375.00 -10 -10 -10 -100    0 -1000 -1000 -10
150 60 pedestrian 0 0 -10 617.36 168.45 637.49 194.53 -10 -10 -10 -100    0 -1000 -1000 -10
150 59 pedestrian 0 0 -10 422.09 172.55 509.75 219.82 -10 -10 -10 -100    0 -1000 -1000 -10
150 58 pedestrian 0 0 -10 377.41 184.73 492.96 269.12 -10 -10 -10 -100    0 -1000 -1000 -10
150 57 pedestrian 0 0 -10 646.10 174.72 704.26 224.52 -10 -10 -10 -100    0 -1000 -1000 -10
150 55 pedestrian 0 0 -10 765.78 182.71 1093.23 375.00 -10 -10 -10 -100    0 -1000 -1000 -10
150 54 pedestrian 0 0 -10 683.17 176.73 783.88 264.34 -10 -10 -10 -100    0 -1000 -1000 -10
150 51 pedestrian 0 0 -10 633.88 135.58 690.76 214.98 -10 -10 -10 -100    0 -1000 -1000 -10
150 50 pedestrian 0 0 -10 570.21 170.43 591.06 190.85 -10 -10 -10 -100    0 -1000 -1000 -10
150 46 pedestrian 0 0 -10 10.25 179.97 418.89 375.00 -10 -10 -10 -100    0 -1000 -1000 -10
151 60 pedestrian 0 0 -10 616.04 168.14 636.98 194.61 -10 -10 -10 -100    0 -1000 -1000 -10
151 59 pedestrian 0 0 -10 416.60 172.19 505.87 221.93 -10 -10 -10 -100    0 -1000 -1000 -10
151 58 pedestrian 0 0 -10 359.34 185.60 486.44 275.99 -10 -10 -10 -100    0 -1000 -1000 -10
151 57 pedestrian 0 0 -10 647.35 174.26 707.26 227.78 -10 -10 -10 -100    0 -1000 -1000 -10
151 55 pedestrian 0 0 -10 785.37 183.86 1185.73 375.00 -10 -10 -10 -100    0 -1000 -1000 -10
151 54 pedestrian 0 0 -10 687.28 177.16 796.70 271.94 -10 -10 -10 -100    0 -1000 -1000 -10
151 51 pedestrian 0 0 -10 633.93 134.56 691.91 215.36 -10 -10 -10 -100    0 -1000 -1000 -10
151 50 pedestrian 0 0 -10 568.87 169.77 590.05 191.62 -10 -10 -10 -100    0 -1000 -1000 -10
151 46 pedestrian 0 0 -10 0.76 177.22 394.81 375.00 -10 -10 -10 -100    0 -1000 -1000 -10
152 61 pedestrian 0 0 -10 542.80 175.24 564.41 195.60 -10 -10 -10 -100    0 -1000 -1000 -10
152 60 pedestrian 0 0 -10 614.10 168.78 636.96 196.04 -10 -10 -10 -100    0 -1000 -1000 -10
152 59 pedestrian 0 0 -10 409.48 172.29 502.86 222.71 -10 -10 -10 -100    0 -1000 -1000 -10
152 58 pedestrian 0 0 -10 339.70 186.45 478.83 284.65 -10 -10 -10 -100    0 -1000 -1000 -10
152 57 pedestrian 0 0 -10 647.55 174.62 709.54 231.58 -10 -10 -10 -100    0 -1000 -1000 -10
152 55 pedestrian 0 0 -10 804.13 186.42 1241.93 375.00 -10 -10 -10 -100    0 -1000 -1000 -10
152 54 pedestrian 0 0 -10 691.49 179.59 809.22 281.03 -10 -10 -10 -100    0 -1000 -1000 -10
152 51 pedestrian 0 0 -10 634.00 133.61 694.65 216.62 -10 -10 -10 -100    0 -1000 -1000 -10
152 50 pedestrian 0 0 -10 569.61 171.49 590.72 194.38 -10 -10 -10 -100    0 -1000 -1000 -10
152 46 pedestrian 0 0 -10 0.07 176.82 367.28 375.00 -10 -10 -10 -100    0 -1000 -1000 -10
153 61 pedestrian 0 0 -10 542.19 176.25 564.09 197.40 -10 -10 -10 -100    0 -1000 -1000 -10
153 60 pedestrian 0 0 -10 614.97 170.40 637.37 198.24 -10 -10 -10 -100    0 -1000 -1000 -10
153 59 pedestrian 0 0 -10 401.88 172.55 499.46 223.69 -10 -10 -10 -100    0 -1000 -1000 -10
153 58 pedestrian 0 0 -10 319.34 187.24 471.29 293.53 -10 -10 -10 -100    0 -1000 -1000 -10
153 57 pedestrian 0 0 -10 648.12 176.49 713.31 234.86 -10 -10 -10 -100    0 -1000 -1000 -10
153 55 pedestrian 0 0 -10 832.34 188.70 1240.43 375.00 -10 -10 -10 -100    0 -1000 -1000 -10
153 54 pedestrian 0 0 -10 697.10 180.66 829.10 291.27 -10 -10 -10 -100    0 -1000 -1000 -10
153 51 pedestrian 0 0 -10 634.81 133.66 697.59 220.15 -10 -10 -10 -100    0 -1000 -1000 -10
153 50 pedestrian 0 0 -10 568.31 172.44 589.89 196.57 -10 -10 -10 -100    0 -1000 -1000 -10
153 46 pedestrian 0 0 -10 0.00 174.12 327.06 375.00 -10 -10 -10 -100    0 -1000 -1000 -10
154 61 pedestrian 0 0 -10 540.78 177.28 563.00 197.90 -10 -10 -10 -100    0 -1000 -1000 -10
154 60 pedestrian 0 0 -10 615.00 172.09 637.50 200.03 -10 -10 -10 -100    0 -1000 -1000 -10
154 59 pedestrian 0 0 -10 394.73 171.62 495.47 226.27 -10 -10 -10 -100    0 -1000 -1000 -10
154 58 pedestrian 0 0 -10 292.38 188.24 462.62 304.73 -10 -10 -10 -100    0 -1000 -1000 -10
154 57 pedestrian 0 0 -10 649.78 176.85 717.29 237.32 -10 -10 -10 -100    0 -1000 -1000 -10
154 55 pedestrian 0 0 -10 869.01 192.27 1242.00 375.00 -10 -10 -10 -100    0 -1000 -1000 -10
154 54 pedestrian 0 0 -10 704.54 181.33 848.72 302.37 -10 -10 -10 -100    0 -1000 -1000 -10
154 51 pedestrian 0 0 -10 636.13 131.56 699.65 222.70 -10 -10 -10 -100    0 -1000 -1000 -10
154 50 pedestrian 0 0 -10 567.38 174.32 589.06 197.59 -10 -10 -10 -100    0 -1000 -1000 -10
154 46 pedestrian 0 0 -10 0.35 184.59 276.80 375.00 -10 -10 -10 -100    0 -1000 -1000 -10
155 61 pedestrian 0 0 -10 540.30 176.81 562.57 197.61 -10 -10 -10 -100    0 -1000 -1000 -10
155 60 pedestrian 0 0 -10 614.77 171.02 637.77 199.21 -10 -10 -10 -100    0 -1000 -1000 -10
155 59 pedestrian 0 0 -10 389.35 170.85 494.71 227.93 -10 -10 -10 -100    0 -1000 -1000 -10
155 58 pedestrian 0 0 -10 264.08 189.48 453.94 318.57 -10 -10 -10 -100    0 -1000 -1000 -10
155 57 pedestrian 0 0 -10 651.66 176.13 722.69 239.07 -10 -10 -10 -100    0 -1000 -1000 -10
155 55 pedestrian 0 0 -10 918.09 201.50 1241.89 375.00 -10 -10 -10 -100    0 -1000 -1000 -10
155 54 pedestrian 0 0 -10 712.50 180.45 872.63 313.90 -10 -10 -10 -100    0 -1000 -1000 -10
155 51 pedestrian 0 0 -10 637.08 130.20 704.41 222.49 -10 -10 -10 -100    0 -1000 -1000 -10
155 50 pedestrian 0 0 -10 568.01 172.97 589.69 197.20 -10 -10 -10 -100    0 -1000 -1000 -10
155 46 pedestrian 0 0 -10 0.00 190.74 197.43 375.00 -10 -10 -10 -100    0 -1000 -1000 -10
156 62 pedestrian 0 0 -10 415.99 179.57 443.50 257.40 -10 -10 -10 -100    0 -1000 -1000 -10
156 61 pedestrian 0 0 -10 539.88 175.71 562.35 196.59 -10 -10 -10 -100    0 -1000 -1000 -10
156 60 pedestrian 0 0 -10 614.74 169.33 637.84 199.12 -10 -10 -10 -100    0 -1000 -1000 -10
156 59 pedestrian 0 0 -10 381.62 169.40 488.89 227.08 -10 -10 -10 -100    0 -1000 -1000 -10
156 58 pedestrian 0 0 -10 229.87 189.96 445.72 332.32 -10 -10 -10 -100    0 -1000 -1000 -10
156 57 pedestrian 0 0 -10 654.63 174.78 728.45 240.51 -10 -10 -10 -100    0 -1000 -1000 -10
156 55 pedestrian 0 0 -10 985.57 207.57 1242.00 375.00 -10 -10 -10 -100    0 -1000 -1000 -10
156 54 pedestrian 0 0 -10 720.25 180.22 904.40 328.10 -10 -10 -10 -100    0 -1000 -1000 -10
156 51 pedestrian 0 0 -10 638.78 126.98 707.22 223.03 -10 -10 -10 -100    0 -1000 -1000 -10
156 50 pedestrian 0 0 -10 568.55 171.47 589.93 195.49 -10 -10 -10 -100    0 -1000 -1000 -10
157 62 pedestrian 0 0 -10 403.07 179.02 435.71 261.66 -10 -10 -10 -100    0 -1000 -1000 -10
157 61 pedestrian 0 0 -10 539.75 174.40 561.42 195.21 -10 -10 -10 -100    0 -1000 -1000 -10
157 60 pedestrian 0 0 -10 617.10 166.17 641.22 198.67 -10 -10 -10 -100    0 -1000 -1000 -10
157 59 pedestrian 0 0 -10 374.77 169.01 484.85 227.99 -10 -10 -10 -100    0 -1000 -1000 -10
157 58 pedestrian 0 0 -10 188.93 191.94 434.60 350.07 -10 -10 -10 -100    0 -1000 -1000 -10
157 57 pedestrian 0 0 -10 657.34 174.63 736.00 244.01 -10 -10 -10 -100    0 -1000 -1000 -10
157 54 pedestrian 0 0 -10 729.95 181.97 942.45 347.76 -10 -10 -10 -100    0 -1000 -1000 -10
157 51 pedestrian 0 0 -10 640.76 124.41 712.66 225.67 -10 -10 -10 -100    0 -1000 -1000 -10
157 50 pedestrian 0 0 -10 567.07 168.63 590.80 194.66 -10 -10 -10 -100    0 -1000 -1000 -10
158 62 pedestrian 0 0 -10 389.25 180.56 426.67 266.16 -10 -10 -10 -100    0 -1000 -1000 -10
158 61 pedestrian 0 0 -10 539.66 173.80 562.35 195.51 -10 -10 -10 -100    0 -1000 -1000 -10
158 60 pedestrian 0 0 -10 618.22 164.58 643.75 198.09 -10 -10 -10 -100    0 -1000 -1000 -10
158 59 pedestrian 0 0 -10 368.37 169.62 481.13 230.80 -10 -10 -10 -100    0 -1000 -1000 -10
158 58 pedestrian 0 0 -10 139.21 193.43 421.81 372.22 -10 -10 -10 -100    0 -1000 -1000 -10
158 57 pedestrian 0 0 -10 659.91 174.13 744.18 247.86 -10 -10 -10 -100    0 -1000 -1000 -10
158 54 pedestrian 0 0 -10 743.40 182.99 991.52 373.06 -10 -10 -10 -100    0 -1000 -1000 -10
158 51 pedestrian 0 0 -10 642.98 120.65 717.90 226.57 -10 -10 -10 -100    0 -1000 -1000 -10
158 50 pedestrian 0 0 -10 565.64 167.12 591.37 194.54 -10 -10 -10 -100    0 -1000 -1000 -10
159 62 pedestrian 0 0 -10 374.35 182.68 416.65 273.88 -10 -10 -10 -100    0 -1000 -1000 -10
159 61 pedestrian 0 0 -10 539.84 175.23 563.25 197.21 -10 -10 -10 -100    0 -1000 -1000 -10
159 60 pedestrian 0 0 -10 619.35 165.58 648.71 202.10 -10 -10 -10 -100    0 -1000 -1000 -10
159 59 pedestrian 0 0 -10 358.07 170.96 480.44 235.75 -10 -10 -10 -100    0 -1000 -1000 -10
159 58 pedestrian 0 0 -10 75.15 196.56 408.05 375.00 -10 -10 -10 -100    0 -1000 -1000 -10
159 57 pedestrian 0 0 -10 662.73 174.37 752.81 252.64 -10 -10 -10 -100    0 -1000 -1000 -10
159 54 pedestrian 0 0 -10 757.31 185.96 1056.41 375.00 -10 -10 -10 -100    0 -1000 -1000 -10
159 51 pedestrian 0 0 -10 645.43 119.19 725.10 229.98 -10 -10 -10 -100    0 -1000 -1000 -10
159 50 pedestrian 0 0 -10 564.40 168.54 591.87 196.09 -10 -10 -10 -100    0 -1000 -1000 -10
160 61 pedestrian 0 0 -10 540.76 176.47 564.21 199.20 -10 -10 -10 -100    0 -1000 -1000 -10
160 60 pedestrian 0 0 -10 620.86 167.63 654.39 205.69 -10 -10 -10 -100    0 -1000 -1000 -10
160 59 pedestrian 0 0 -10 352.67 172.55 477.61 239.28 -10 -10 -10 -100    0 -1000 -1000 -10
160 58 pedestrian 0 0 -10 4.17 197.40 391.74 375.00 -10 -10 -10 -100    0 -1000 -1000 -10
160 57 pedestrian 0 0 -10 667.79 175.93 763.25 257.91 -10 -10 -10 -100    0 -1000 -1000 -10
160 54 pedestrian 0 0 -10 775.40 187.18 1147.13 375.00 -10 -10 -10 -100    0 -1000 -1000 -10
160 51 pedestrian 0 0 -10 648.95 118.09 733.46 232.49 -10 -10 -10 -100    0 -1000 -1000 -10
160 50 pedestrian 0 0 -10 565.95 171.06 592.49 198.29 -10 -10 -10 -100    0 -1000 -1000 -10
160 62 pedestrian 0 0 -10 360.39 185.71 406.91 285.03 -10 -10 -10 -100    0 -1000 -1000 -10
161 60 pedestrian 0 0 -10 622.66 169.59 655.14 206.20 -10 -10 -10 -100    0 -1000 -1000 -10
161 59 pedestrian 0 0 -10 343.43 174.27 473.44 243.60 -10 -10 -10 -100    0 -1000 -1000 -10
161 58 pedestrian 0 0 -10 0.45 200.78 370.46 375.00 -10 -10 -10 -100    0 -1000 -1000 -10
161 57 pedestrian 0 0 -10 673.04 176.70 775.60 264.43 -10 -10 -10 -100    0 -1000 -1000 -10
161 54 pedestrian 0 0 -10 795.59 189.38 1240.02 375.00 -10 -10 -10 -100    0 -1000 -1000 -10
161 51 pedestrian 0 0 -10 651.22 114.20 738.29 233.99 -10 -10 -10 -100    0 -1000 -1000 -10
161 61 pedestrian 0 0 -10 540.50 177.77 565.27 201.04 -10 -10 -10 -100    0 -1000 -1000 -10
161 50 pedestrian 0 0 -10 566.66 172.52 594.37 199.98 -10 -10 -10 -100    0 -1000 -1000 -10
161 62 pedestrian 0 0 -10 342.08 187.44 395.58 295.07 -10 -10 -10 -100    0 -1000 -1000 -10
162 59 pedestrian 0 0 -10 334.09 174.70 470.37 247.00 -10 -10 -10 -100    0 -1000 -1000 -10
162 58 pedestrian 0 0 -10 0.00 204.70 346.45 375.00 -10 -10 -10 -100    0 -1000 -1000 -10
162 57 pedestrian 0 0 -10 679.08 177.21 790.29 270.17 -10 -10 -10 -100    0 -1000 -1000 -10
162 54 pedestrian 0 0 -10 829.48 189.35 1241.34 375.00 -10 -10 -10 -100    0 -1000 -1000 -10
162 51 pedestrian 0 0 -10 652.51 111.04 748.71 235.74 -10 -10 -10 -100    0 -1000 -1000 -10
162 61 pedestrian 0 0 -10 541.37 178.48 566.07 201.63 -10 -10 -10 -100    0 -1000 -1000 -10
162 50 pedestrian 0 0 -10 568.79 173.29 596.59 200.69 -10 -10 -10 -100    0 -1000 -1000 -10
162 60 pedestrian 0 0 -10 623.15 171.66 655.54 206.44 -10 -10 -10 -100    0 -1000 -1000 -10
162 62 pedestrian 0 0 -10 323.26 188.72 383.56 305.73 -10 -10 -10 -100    0 -1000 -1000 -10
163 59 pedestrian 0 0 -10 323.99 173.57 466.59 249.52 -10 -10 -10 -100    0 -1000 -1000 -10
163 58 pedestrian 0 0 -10 0.00 208.90 315.66 375.00 -10 -10 -10 -100    0 -1000 -1000 -10
163 57 pedestrian 0 0 -10 683.04 176.63 806.26 277.81 -10 -10 -10 -100    0 -1000 -1000 -10
163 54 pedestrian 0 0 -10 868.70 189.13 1241.64 375.00 -10 -10 -10 -100    0 -1000 -1000 -10
163 51 pedestrian 0 0 -10 656.20 106.42 759.71 238.48 -10 -10 -10 -100    0 -1000 -1000 -10
163 61 pedestrian 0 0 -10 542.59 177.45 567.50 200.63 -10 -10 -10 -100    0 -1000 -1000 -10
163 50 pedestrian 0 0 -10 570.93 172.95 597.49 200.13 -10 -10 -10 -100    0 -1000 -1000 -10
163 60 pedestrian 0 0 -10 624.31 172.66 655.16 206.71 -10 -10 -10 -100    0 -1000 -1000 -10
163 62 pedestrian 0 0 -10 301.67 191.37 367.63 316.70 -10 -10 -10 -100    0 -1000 -1000 -10
164 59 pedestrian 0 0 -10 313.99 169.82 463.65 247.98 -10 -10 -10 -100    0 -1000 -1000 -10
164 58 pedestrian 0 0 -10 0.25 215.58 277.05 375.00 -10 -10 -10 -100    0 -1000 -1000 -10
164 57 pedestrian 0 0 -10 691.83 173.50 824.21 283.70 -10 -10 -10 -100    0 -1000 -1000 -10
164 54 pedestrian 0 0 -10 927.46 190.13 1241.90 375.00 -10 -10 -10 -100    0 -1000 -1000 -10
164 51 pedestrian 0 0 -10 662.81 97.90 768.64 240.60 -10 -10 -10 -100    0 -1000 -1000 -10
164 61 pedestrian 0 0 -10 543.39 173.97 568.50 197.62 -10 -10 -10 -100    0 -1000 -1000 -10
164 50 pedestrian 0 0 -10 572.25 170.26 600.09 197.31 -10 -10 -10 -100    0 -1000 -1000 -10
164 60 pedestrian 0 0 -10 621.58 169.98 654.93 204.97 -10 -10 -10 -100    0 -1000 -1000 -10
164 62 pedestrian 0 0 -10 278.28 189.35 349.94 326.37 -10 -10 -10 -100    0 -1000 -1000 -10
165 59 pedestrian 0 0 -10 300.03 166.77 458.14 249.13 -10 -10 -10 -100    0 -1000 -1000 -10
165 58 pedestrian 0 0 -10 0.00 225.81 221.94 375.00 -10 -10 -10 -100    0 -1000 -1000 -10
165 57 pedestrian 0 0 -10 698.77 171.30 847.09 290.24 -10 -10 -10 -100    0 -1000 -1000 -10
165 54 pedestrian 0 0 -10 1006.15 190.49 1241.94 375.00 -10 -10 -10 -100    0 -1000 -1000 -10
165 51 pedestrian 0 0 -10 666.50 94.31 779.71 243.60 -10 -10 -10 -100    0 -1000 -1000 -10
165 61 pedestrian 0 0 -10 544.37 171.62 569.60 195.57 -10 -10 -10 -100    0 -1000 -1000 -10
165 50 pedestrian 0 0 -10 574.15 167.12 602.46 194.83 -10 -10 -10 -100    0 -1000 -1000 -10
165 60 pedestrian 0 0 -10 623.49 167.68 658.28 203.08 -10 -10 -10 -100    0 -1000 -1000 -10
165 62 pedestrian 0 0 -10 247.16 188.26 330.56 342.06 -10 -10 -10 -100    0 -1000 -1000 -10
166 59 pedestrian 0 0 -10 286.34 165.82 454.25 251.78 -10 -10 -10 -100    0 -1000 -1000 -10
166 58 pedestrian 0 0 -10 0.03 223.79 137.86 375.00 -10 -10 -10 -100    0 -1000 -1000 -10
166 57 pedestrian 0 0 -10 707.65 169.32 872.74 301.99 -10 -10 -10 -100    0 -1000 -1000 -10
166 51 pedestrian 0 0 -10 670.93 91.10 790.39 246.94 -10 -10 -10 -100    0 -1000 -1000 -10
166 61 pedestrian 0 0 -10 545.39 171.71 570.83 195.43 -10 -10 -10 -100    0 -1000 -1000 -10
166 50 pedestrian 0 0 -10 575.07 167.05 603.08 194.62 -10 -10 -10 -100    0 -1000 -1000 -10
166 60 pedestrian 0 0 -10 627.48 165.93 663.91 201.70 -10 -10 -10 -100    0 -1000 -1000 -10
166 62 pedestrian 0 0 -10 212.04 190.28 302.51 362.53 -10 -10 -10 -100    0 -1000 -1000 -10
167 59 pedestrian 0 0 -10 271.17 165.41 446.39 256.51 -10 -10 -10 -100    0 -1000 -1000 -10
167 57 pedestrian 0 0 -10 716.62 172.10 903.71 317.13 -10 -10 -10 -100    0 -1000 -1000 -10
167 51 pedestrian 0 0 -10 674.43 89.98 800.54 252.56 -10 -10 -10 -100    0 -1000 -1000 -10
167 61 pedestrian 0 0 -10 545.99 172.40 571.52 196.98 -10 -10 -10 -100    0 -1000 -1000 -10
167 50 pedestrian 0 0 -10 575.91 168.82 605.07 197.31 -10 -10 -10 -100    0 -1000 -1000 -10
167 60 pedestrian 0 0 -10 632.45 162.41 672.42 202.68 -10 -10 -10 -100    0 -1000 -1000 -10
167 63 pedestrian 0 0 -10 662.17 149.03 728.68 222.92 -10 -10 -10 -100    0 -1000 -1000 -10
167 62 pedestrian 0 0 -10 164.33 189.60 270.54 375.00 -10 -10 -10 -100    0 -1000 -1000 -10
168 59 pedestrian 0 0 -10 255.07 164.66 439.68 261.19 -10 -10 -10 -100    0 -1000 -1000 -10
168 57 pedestrian 0 0 -10 726.76 172.75 943.60 337.25 -10 -10 -10 -100    0 -1000 -1000 -10
168 51 pedestrian 0 0 -10 680.72 85.50 817.05 257.09 -10 -10 -10 -100    0 -1000 -1000 -10
168 61 pedestrian 0 0 -10 547.01 172.90 573.18 197.88 -10 -10 -10 -100    0 -1000 -1000 -10
168 50 pedestrian 0 0 -10 577.52 168.57 606.93 197.87 -10 -10 -10 -100    0 -1000 -1000 -10
168 60 pedestrian 0 0 -10 636.36 163.37 679.52 203.08 -10 -10 -10 -100    0 -1000 -1000 -10
168 63 pedestrian 0 0 -10 667.00 148.48 737.79 227.01 -10 -10 -10 -100    0 -1000 -1000 -10
168 62 pedestrian 0 0 -10 101.72 190.89 218.00 375.00 -10 -10 -10 -100    0 -1000 -1000 -10
169 59 pedestrian 0 0 -10 237.42 165.78 433.88 267.84 -10 -10 -10 -100    0 -1000 -1000 -10
169 57 pedestrian 0 0 -10 737.90 173.58 991.65 360.39 -10 -10 -10 -100    0 -1000 -1000 -10
169 51 pedestrian 0 0 -10 686.76 78.67 832.45 261.38 -10 -10 -10 -100    0 -1000 -1000 -10
169 61 pedestrian 0 0 -10 547.64 173.04 574.63 198.64 -10 -10 -10 -100    0 -1000 -1000 -10
169 50 pedestrian 0 0 -10 579.08 169.10 608.25 197.41 -10 -10 -10 -100    0 -1000 -1000 -10
169 60 pedestrian 0 0 -10 639.65 163.76 682.23 203.94 -10 -10 -10 -100    0 -1000 -1000 -10
169 63 pedestrian 0 0 -10 669.67 148.19 744.96 228.94 -10 -10 -10 -100    0 -1000 -1000 -10
169 62 pedestrian 0 0 -10 16.49 194.60 164.27 375.00 -10 -10 -10 -100    0 -1000 -1000 -10
170 59 pedestrian 0 0 -10 216.31 165.69 426.41 274.46 -10 -10 -10 -100    0 -1000 -1000 -10
170 57 pedestrian 0 0 -10 750.94 173.22 1054.50 375.00 -10 -10 -10 -100    0 -1000 -1000 -10
170 51 pedestrian 0 0 -10 693.29 70.59 849.31 267.88 -10 -10 -10 -100    0 -1000 -1000 -10
170 61 pedestrian 0 0 -10 548.85 172.32 575.64 198.16 -10 -10 -10 -100    0 -1000 -1000 -10
170 50 pedestrian 0 0 -10 581.95 168.43 609.59 195.73 -10 -10 -10 -100    0 -1000 -1000 -10
170 60 pedestrian 0 0 -10 646.78 164.41 684.74 201.46 -10 -10 -10 -100    0 -1000 -1000 -10
170 63 pedestrian 0 0 -10 671.98 144.89 753.07 230.37 -10 -10 -10 -100    0 -1000 -1000 -10
170 62 pedestrian 0 0 -10 0.00 196.43 89.25 375.00 -10 -10 -10 -100    0 -1000 -1000 -10
171 59 pedestrian 0 0 -10 192.40 166.31 416.59 281.59 -10 -10 -10 -100    0 -1000 -1000 -10
171 57 pedestrian 0 0 -10 767.13 171.30 1141.00 375.00 -10 -10 -10 -100    0 -1000 -1000 -10
171 51 pedestrian 0 0 -10 700.11 60.60 871.53 275.00 -10 -10 -10 -100    0 -1000 -1000 -10
171 61 pedestrian 0 0 -10 549.92 171.93 576.63 198.15 -10 -10 -10 -100    0 -1000 -1000 -10
171 60 pedestrian 0 0 -10 650.48 165.24 683.97 199.70 -10 -10 -10 -100    0 -1000 -1000 -10
171 63 pedestrian 0 0 -10 676.79 143.85 761.80 234.14 -10 -10 -10 -100    0 -1000 -1000 -10
172 59 pedestrian 0 0 -10 165.24 167.84 408.80 291.06 -10 -10 -10 -100    0 -1000 -1000 -10
172 57 pedestrian 0 0 -10 786.89 167.99 1241.87 375.00 -10 -10 -10 -100    0 -1000 -1000 -10
172 51 pedestrian 0 0 -10 707.61 52.39 896.91 283.92 -10 -10 -10 -100    0 -1000 -1000 -10
172 61 pedestrian 0 0 -10 550.99 172.88 578.00 199.49 -10 -10 -10 -100    0 -1000 -1000 -10
172 60 pedestrian 0 0 -10 652.72 166.47 684.73 200.50 -10 -10 -10 -100    0 -1000 -1000 -10
172 63 pedestrian 0 0 -10 683.67 143.00 771.43 237.39 -10 -10 -10 -100    0 -1000 -1000 -10
173 59 pedestrian 0 0 -10 134.81 169.24 397.09 301.99 -10 -10 -10 -100    0 -1000 -1000 -10
173 57 pedestrian 0 0 -10 808.69 168.27 1240.99 375.00 -10 -10 -10 -100    0 -1000 -1000 -10
173 51 pedestrian 0 0 -10 716.31 39.63 925.23 294.65 -10 -10 -10 -100    0 -1000 -1000 -10
173 61 pedestrian 0 0 -10 551.64 174.38 579.21 201.32 -10 -10 -10 -100    0 -1000 -1000 -10
173 60 pedestrian 0 0 -10 657.19 165.81 690.75 201.00 -10 -10 -10 -100    0 -1000 -1000 -10
173 63 pedestrian 0 0 -10 687.22 141.30 782.35 242.94 -10 -10 -10 -100    0 -1000 -1000 -10
174 59 pedestrian 0 0 -10 96.89 170.00 382.34 313.58 -10 -10 -10 -100    0 -1000 -1000 -10
174 57 pedestrian 0 0 -10 841.29 166.77 1241.99 375.00 -10 -10 -10 -100    0 -1000 -1000 -10
174 51 pedestrian 0 0 -10 723.91 25.52 961.18 309.47 -10 -10 -10 -100    0 -1000 -1000 -10
174 61 pedestrian 0 0 -10 551.64 175.16 579.71 202.40 -10 -10 -10 -100    0 -1000 -1000 -10
174 50 pedestrian 0 0 -10 587.37 170.91 615.46 195.98 -10 -10 -10 -100    0 -1000 -1000 -10
174 60 pedestrian 0 0 -10 659.35 169.07 693.39 201.74 -10 -10 -10 -100    0 -1000 -1000 -10
174 63 pedestrian 0 0 -10 692.27 140.43 792.12 246.72 -10 -10 -10 -100    0 -1000 -1000 -10
175 59 pedestrian 0 0 -10 49.67 169.11 366.86 324.72 -10 -10 -10 -100    0 -1000 -1000 -10
175 57 pedestrian 0 0 -10 884.63 167.74 1242.00 375.00 -10 -10 -10 -100    0 -1000 -1000 -10
175 51 pedestrian 0 0 -10 732.40 9.11 1007.84 328.79 -10 -10 -10 -100    0 -1000 -1000 -10
175 61 pedestrian 0 0 -10 551.55 175.42 580.14 203.48 -10 -10 -10 -100    0 -1000 -1000 -10
175 50 pedestrian 0 0 -10 587.49 170.93 616.73 196.56 -10 -10 -10 -100    0 -1000 -1000 -10
175 60 pedestrian 0 0 -10 660.83 168.15 696.06 202.25 -10 -10 -10 -100    0 -1000 -1000 -10
175 63 pedestrian 0 0 -10 696.30 137.72 804.02 251.00 -10 -10 -10 -100    0 -1000 -1000 -10
175 64 pedestrian 0 0 -10 680.08 166.11 743.54 226.97 -10 -10 -10 -100    0 -1000 -1000 -10
176 59 pedestrian 0 0 -10 5.19 169.29 344.53 340.16 -10 -10 -10 -100    0 -1000 -1000 -10
176 57 pedestrian 0 0 -10 940.76 171.33 1241.49 375.00 -10 -10 -10 -100    0 -1000 -1000 -10
176 51 pedestrian 0 0 -10 743.85 0.00 1061.40 355.36 -10 -10 -10 -100    0 -1000 -1000 -10
176 61 pedestrian 0 0 -10 551.14 176.03 580.14 205.18 -10 -10 -10 -100    0 -1000 -1000 -10
176 50 pedestrian 0 0 -10 588.82 173.11 617.26 197.91 -10 -10 -10 -100    0 -1000 -1000 -10
176 60 pedestrian 0 0 -10 662.98 168.41 699.93 205.02 -10 -10 -10 -100    0 -1000 -1000 -10
176 63 pedestrian 0 0 -10 700.53 138.52 817.16 256.34 -10 -10 -10 -100    0 -1000 -1000 -10
176 64 pedestrian 0 0 -10 683.23 165.73 745.70 228.23 -10 -10 -10 -100    0 -1000 -1000 -10
177 59 pedestrian 0 0 -10 0.38 166.46 319.89 359.30 -10 -10 -10 -100    0 -1000 -1000 -10
177 57 pedestrian 0 0 -10 1024.43 172.01 1241.74 375.00 -10 -10 -10 -100    0 -1000 -1000 -10
177 51 pedestrian 0 0 -10 755.21 0.00 1145.89 375.00 -10 -10 -10 -100    0 -1000 -1000 -10
177 61 pedestrian 0 0 -10 550.14 176.10 579.61 205.62 -10 -10 -10 -100    0 -1000 -1000 -10
177 50 pedestrian 0 0 -10 588.97 173.15 617.16 197.77 -10 -10 -10 -100    0 -1000 -1000 -10
177 60 pedestrian 0 0 -10 664.43 169.69 701.33 206.69 -10 -10 -10 -100    0 -1000 -1000 -10
177 63 pedestrian 0 0 -10 705.58 134.65 829.99 261.25 -10 -10 -10 -100    0 -1000 -1000 -10
177 64 pedestrian 0 0 -10 685.65 165.24 750.26 230.95 -10 -10 -10 -100    0 -1000 -1000 -10
178 59 pedestrian 0 0 -10 0.35 163.11 288.60 375.00 -10 -10 -10 -100    0 -1000 -1000 -10
178 51 pedestrian 0 0 -10 770.97 0.00 1226.88 375.00 -10 -10 -10 -100    0 -1000 -1000 -10
178 61 pedestrian 0 0 -10 549.21 176.13 579.52 206.39 -10 -10 -10 -100    0 -1000 -1000 -10
178 50 pedestrian 0 0 -10 588.73 173.23 617.39 197.97 -10 -10 -10 -100    0 -1000 -1000 -10
178 60 pedestrian 0 0 -10 665.00 168.94 704.69 208.37 -10 -10 -10 -100    0 -1000 -1000 -10
178 63 pedestrian 0 0 -10 709.85 134.95 843.80 267.66 -10 -10 -10 -100    0 -1000 -1000 -10
178 64 pedestrian 0 0 -10 688.16 164.57 756.42 233.19 -10 -10 -10 -100    0 -1000 -1000 -10
179 51 pedestrian 0 0 -10 784.39 0.00 1231.08 375.00 -10 -10 -10 -100    0 -1000 -1000 -10
179 61 pedestrian 0 0 -10 547.26 176.84 578.57 207.49 -10 -10 -10 -100    0 -1000 -1000 -10
179 50 pedestrian 0 0 -10 587.87 173.14 617.96 199.01 -10 -10 -10 -100    0 -1000 -1000 -10
179 59 pedestrian 0 0 -10 0.48 158.16 252.21 375.00 -10 -10 -10 -100    0 -1000 -1000 -10
179 60 pedestrian 0 0 -10 666.14 169.25 706.41 208.98 -10 -10 -10 -100    0 -1000 -1000 -10
179 63 pedestrian 0 0 -10 714.29 132.76 861.47 273.28 -10 -10 -10 -100    0 -1000 -1000 -10
179 64 pedestrian 0 0 -10 691.17 165.72 763.13 235.41 -10 -10 -10 -100    0 -1000 -1000 -10
180 51 pedestrian 0 0 -10 802.66 0.00 1209.60 375.00 -10 -10 -10 -100    0 -1000 -1000 -10
180 61 pedestrian 0 0 -10 545.80 177.96 577.51 209.39 -10 -10 -10 -100    0 -1000 -1000 -10
180 50 pedestrian 0 0 -10 587.32 173.49 618.01 200.86 -10 -10 -10 -100    0 -1000 -1000 -10
180 59 pedestrian 0 0 -10 0.00 157.06 204.73 375.00 -10 -10 -10 -100    0 -1000 -1000 -10
180 60 pedestrian 0 0 -10 666.96 170.17 709.36 211.55 -10 -10 -10 -100    0 -1000 -1000 -10
180 63 pedestrian 0 0 -10 722.25 130.85 878.50 284.02 -10 -10 -10 -100    0 -1000 -1000 -10
180 64 pedestrian 0 0 -10 693.05 164.42 768.19 239.29 -10 -10 -10 -100    0 -1000 -1000 -10
181 51 pedestrian 0 0 -10 820.25 0.00 1195.86 375.00 -10 -10 -10 -100    0 -1000 -1000 -10
181 61 pedestrian 0 0 -10 543.30 178.23 576.64 210.78 -10 -10 -10 -100    0 -1000 -1000 -10
181 50 pedestrian 0 0 -10 585.66 174.71 618.10 201.41 -10 -10 -10 -100    0 -1000 -1000 -10
181 59 pedestrian 0 0 -10 0.00 157.86 140.90 375.00 -10 -10 -10 -100    0 -1000 -1000 -10
181 60 pedestrian 0 0 -10 668.51 172.53 710.81 214.63 -10 -10 -10 -100    0 -1000 -1000 -10
181 63 pedestrian 0 0 -10 727.95 128.07 903.64 295.46 -10 -10 -10 -100    0 -1000 -1000 -10
181 64 pedestrian 0 0 -10 695.83 164.74 775.47 243.94 -10 -10 -10 -100    0 -1000 -1000 -10
182 51 pedestrian 0 0 -10 846.54 0.00 1223.44 375.00 -10 -10 -10 -100    0 -1000 -1000 -10
182 61 pedestrian 0 0 -10 541.04 180.48 575.33 213.40 -10 -10 -10 -100    0 -1000 -1000 -10
182 50 pedestrian 0 0 -10 585.04 176.31 616.80 203.70 -10 -10 -10 -100    0 -1000 -1000 -10
182 60 pedestrian 0 0 -10 668.11 174.01 710.81 216.59 -10 -10 -10 -100    0 -1000 -1000 -10
182 63 pedestrian 0 0 -10 735.69 126.29 930.01 309.73 -10 -10 -10 -100    0 -1000 -1000 -10
182 64 pedestrian 0 0 -10 698.05 164.36 785.52 249.36 -10 -10 -10 -100    0 -1000 -1000 -10
183 51 pedestrian 0 0 -10 882.56 0.00 1230.90 375.00 -10 -10 -10 -100    0 -1000 -1000 -10
183 61 pedestrian 0 0 -10 538.51 180.07 573.50 213.76 -10 -10 -10 -100    0 -1000 -1000 -10
183 50 pedestrian 0 0 -10 583.66 174.95 615.85 202.95 -10 -10 -10 -100    0 -1000 -1000 -10
183 60 pedestrian 0 0 -10 668.64 172.33 713.29 216.69 -10 -10 -10 -100    0 -1000 -1000 -10
183 63 pedestrian 0 0 -10 743.76 121.18 964.85 324.31 -10 -10 -10 -100    0 -1000 -1000 -10
183 64 pedestrian 0 0 -10 701.51 162.47 792.45 251.24 -10 -10 -10 -100    0 -1000 -1000 -10
184 51 pedestrian 0 0 -10 938.78 0.00 1241.80 375.00 -10 -10 -10 -100    0 -1000 -1000 -10
184 61 pedestrian 0 0 -10 535.86 179.28 572.54 214.21 -10 -10 -10 -100    0 -1000 -1000 -10
184 50 pedestrian 0 0 -10 581.51 173.66 614.52 202.62 -10 -10 -10 -100    0 -1000 -1000 -10
184 60 pedestrian 0 0 -10 669.30 170.98 714.89 216.56 -10 -10 -10 -100    0 -1000 -1000 -10
184 63 pedestrian 0 0 -10 752.24 116.99 1014.14 344.52 -10 -10 -10 -100    0 -1000 -1000 -10
184 64 pedestrian 0 0 -10 705.61 161.15 800.26 254.66 -10 -10 -10 -100    0 -1000 -1000 -10
185 61 pedestrian 0 0 -10 533.71 180.42 570.65 216.85 -10 -10 -10 -100    0 -1000 -1000 -10
185 50 pedestrian 0 0 -10 579.61 174.41 614.00 204.70 -10 -10 -10 -100    0 -1000 -1000 -10
185 60 pedestrian 0 0 -10 669.95 171.27 718.03 218.40 -10 -10 -10 -100    0 -1000 -1000 -10
185 63 pedestrian 0 0 -10 764.30 116.12 1055.65 371.66 -10 -10 -10 -100    0 -1000 -1000 -10
185 64 pedestrian 0 0 -10 709.09 162.17 814.63 260.94 -10 -10 -10 -100    0 -1000 -1000 -10
186 61 pedestrian 0 0 -10 530.46 181.94 569.36 219.16 -10 -10 -10 -100    0 -1000 -1000 -10
186 50 pedestrian 0 0 -10 578.02 176.65 613.75 206.22 -10 -10 -10 -100    0 -1000 -1000 -10
186 60 pedestrian 0 0 -10 670.53 171.58 720.19 219.73 -10 -10 -10 -100    0 -1000 -1000 -10
186 63 pedestrian 0 0 -10 778.21 107.09 1122.21 375.00 -10 -10 -10 -100    0 -1000 -1000 -10
186 64 pedestrian 0 0 -10 713.16 160.35 827.76 266.86 -10 -10 -10 -100    0 -1000 -1000 -10
187 61 pedestrian 0 0 -10 527.59 182.72 567.57 221.21 -10 -10 -10 -100    0 -1000 -1000 -10
187 50 pedestrian 0 0 -10 577.46 175.99 614.33 206.12 -10 -10 -10 -100    0 -1000 -1000 -10
187 60 pedestrian 0 0 -10 670.31 170.21 721.81 220.69 -10 -10 -10 -100    0 -1000 -1000 -10
187 63 pedestrian 0 0 -10 793.67 91.90 1220.93 375.00 -10 -10 -10 -100    0 -1000 -1000 -10
187 64 pedestrian 0 0 -10 717.61 159.46 843.08 272.80 -10 -10 -10 -100    0 -1000 -1000 -10
188 61 pedestrian 0 0 -10 524.30 183.58 565.31 222.73 -10 -10 -10 -100    0 -1000 -1000 -10
188 50 pedestrian 0 0 -10 576.31 176.00 613.12 207.13 -10 -10 -10 -100    0 -1000 -1000 -10
188 60 pedestrian 0 0 -10 671.22 170.57 723.69 222.47 -10 -10 -10 -100    0 -1000 -1000 -10
188 63 pedestrian 0 0 -10 811.88 66.09 1242.00 375.00 -10 -10 -10 -100    0 -1000 -1000 -10
188 64 pedestrian 0 0 -10 724.18 157.60 859.39 279.76 -10 -10 -10 -100    0 -1000 -1000 -10
189 61 pedestrian 0 0 -10 519.98 184.28 563.29 224.13 -10 -10 -10 -100    0 -1000 -1000 -10
189 50 pedestrian 0 0 -10 574.62 177.15 612.52 207.54 -10 -10 -10 -100    0 -1000 -1000 -10
189 60 pedestrian 0 0 -10 671.27 170.85 726.51 224.14 -10 -10 -10 -100    0 -1000 -1000 -10
189 63 pedestrian 0 0 -10 834.30 45.47 1242.00 375.00 -10 -10 -10 -100    0 -1000 -1000 -10
189 64 pedestrian 0 0 -10 729.51 156.73 877.07 288.94 -10 -10 -10 -100    0 -1000 -1000 -10
190 61 pedestrian 0 0 -10 516.76 184.45 561.62 224.98 -10 -10 -10 -100    0 -1000 -1000 -10
190 50 pedestrian 0 0 -10 572.63 176.73 611.40 207.94 -10 -10 -10 -100    0 -1000 -1000 -10
190 60 pedestrian 0 0 -10 672.83 170.64 731.01 225.36 -10 -10 -10 -100    0 -1000 -1000 -10
190 63 pedestrian 0 0 -10 860.22 0.00 1240.68 375.00 -10 -10 -10 -100    0 -1000 -1000 -10
190 64 pedestrian 0 0 -10 735.97 154.57 898.97 298.42 -10 -10 -10 -100    0 -1000 -1000 -10
191 61 pedestrian 0 0 -10 513.01 181.40 559.18 223.44 -10 -10 -10 -100    0 -1000 -1000 -10
191 50 pedestrian 0 0 -10 571.34 173.90 610.84 206.48 -10 -10 -10 -100    0 -1000 -1000 -10
191 60 pedestrian 0 0 -10 674.41 167.45 734.16 224.83 -10 -10 -10 -100    0 -1000 -1000 -10
191 63 pedestrian 0 0 -10 897.21 0.00 1242.00 375.00 -10 -10 -10 -100    0 -1000 -1000 -10
191 64 pedestrian 0 0 -10 743.88 150.12 930.04 308.15 -10 -10 -10 -100    0 -1000 -1000 -10
192 61 pedestrian 0 0 -10 508.66 178.39 556.07 221.59 -10 -10 -10 -100    0 -1000 -1000 -10
192 50 pedestrian 0 0 -10 569.03 171.06 609.75 204.95 -10 -10 -10 -100    0 -1000 -1000 -10
192 60 pedestrian 0 0 -10 676.90 164.95 738.27 224.06 -10 -10 -10 -100    0 -1000 -1000 -10
192 63 pedestrian 0 0 -10 949.23 0.00 1242.00 375.00 -10 -10 -10 -100    0 -1000 -1000 -10
192 64 pedestrian 0 0 -10 753.05 144.86 965.32 319.05 -10 -10 -10 -100    0 -1000 -1000 -10
193 61 pedestrian 0 0 -10 503.84 176.82 553.13 220.66 -10 -10 -10 -100    0 -1000 -1000 -10
193 50 pedestrian 0 0 -10 566.77 171.76 607.89 206.25 -10 -10 -10 -100    0 -1000 -1000 -10
193 60 pedestrian 0 0 -10 679.23 164.51 742.83 225.99 -10 -10 -10 -100    0 -1000 -1000 -10
193 63 pedestrian 0 0 -10 1024.72 0.00 1242.00 375.00 -10 -10 -10 -100    0 -1000 -1000 -10
193 64 pedestrian 0 0 -10 764.54 142.62 1005.75 337.81 -10 -10 -10 -100    0 -1000 -1000 -10
194 61 pedestrian 0 0 -10 499.39 179.03 550.42 224.68 -10 -10 -10 -100    0 -1000 -1000 -10
194 50 pedestrian 0 0 -10 564.99 174.31 607.44 209.35 -10 -10 -10 -100    0 -1000 -1000 -10
194 60 pedestrian 0 0 -10 681.03 166.73 747.96 231.27 -10 -10 -10 -100    0 -1000 -1000 -10
194 64 pedestrian 0 0 -10 777.77 142.28 1058.69 365.70 -10 -10 -10 -100    0 -1000 -1000 -10
195 65 pedestrian 0 0 -10 669.29 178.66 701.28 214.90 -10 -10 -10 -100    0 -1000 -1000 -10
195 61 pedestrian 0 0 -10 495.37 181.84 547.74 229.43 -10 -10 -10 -100    0 -1000 -1000 -10
195 50 pedestrian 0 0 -10 563.01 176.34 606.29 213.91 -10 -10 -10 -100    0 -1000 -1000 -10
195 60 pedestrian 0 0 -10 682.42 170.09 752.75 236.99 -10 -10 -10 -100    0 -1000 -1000 -10
195 64 pedestrian 0 0 -10 791.44 141.36 1129.97 375.00 -10 -10 -10 -100    0 -1000 -1000 -10
196 65 pedestrian 0 0 -10 671.17 180.38 702.49 216.92 -10 -10 -10 -100    0 -1000 -1000 -10
196 61 pedestrian 0 0 -10 490.67 183.80 545.16 233.50 -10 -10 -10 -100    0 -1000 -1000 -10
196 50 pedestrian 0 0 -10 561.19 177.72 605.42 215.56 -10 -10 -10 -100    0 -1000 -1000 -10
196 60 pedestrian 0 0 -10 684.32 170.96 758.78 241.41 -10 -10 -10 -100    0 -1000 -1000 -10
196 64 pedestrian 0 0 -10 808.36 135.83 1219.10 375.00 -10 -10 -10 -100    0 -1000 -1000 -10
197 65 pedestrian 0 0 -10 672.93 183.13 701.56 219.33 -10 -10 -10 -100    0 -1000 -1000 -10
197 61 pedestrian 0 0 -10 486.18 185.10 542.87 237.02 -10 -10 -10 -100    0 -1000 -1000 -10
197 50 pedestrian 0 0 -10 560.14 178.14 605.40 216.59 -10 -10 -10 -100    0 -1000 -1000 -10
197 60 pedestrian 0 0 -10 687.13 171.60 765.41 244.17 -10 -10 -10 -100    0 -1000 -1000 -10
197 64 pedestrian 0 0 -10 832.97 126.87 1242.00 375.00 -10 -10 -10 -100    0 -1000 -1000 -10
198 65 pedestrian 0 0 -10 674.11 181.24 707.91 216.22 -10 -10 -10 -100    0 -1000 -1000 -10
198 61 pedestrian 0 0 -10 483.14 184.86 540.70 238.33 -10 -10 -10 -100    0 -1000 -1000 -10
198 50 pedestrian 0 0 -10 559.34 179.01 605.16 218.22 -10 -10 -10 -100    0 -1000 -1000 -10
198 60 pedestrian 0 0 -10 689.13 170.56 772.53 245.85 -10 -10 -10 -100    0 -1000 -1000 -10
198 64 pedestrian 0 0 -10 859.53 113.69 1242.00 375.00 -10 -10 -10 -100    0 -1000 -1000 -10
199 65 pedestrian 0 0 -10 678.22 175.67 730.53 216.46 -10 -10 -10 -100    0 -1000 -1000 -10
199 61 pedestrian 0 0 -10 477.72 184.21 538.32 239.01 -10 -10 -10 -100    0 -1000 -1000 -10
199 50 pedestrian 0 0 -10 556.94 180.23 604.31 220.23 -10 -10 -10 -100    0 -1000 -1000 -10
199 60 pedestrian 0 0 -10 693.27 170.09 780.15 250.84 -10 -10 -10 -100    0 -1000 -1000 -10
199 64 pedestrian 0 0 -10 895.07 104.13 1242.00 375.00 -10 -10 -10 -100    0 -1000 -1000 -10
200 65 pedestrian 0 0 -10 679.75 173.82 734.37 216.55 -10 -10 -10 -100    0 -1000 -1000 -10
200 61 pedestrian 0 0 -10 472.45 182.59 535.28 239.76 -10 -10 -10 -100    0 -1000 -1000 -10
200 50 pedestrian 0 0 -10 555.65 179.31 603.68 219.97 -10 -10 -10 -100    0 -1000 -1000 -10
200 60 pedestrian 0 0 -10 695.89 167.77 788.55 252.66 -10 -10 -10 -100    0 -1000 -1000 -10
200 64 pedestrian 0 0 -10 939.88 99.67 1241.67 375.00 -10 -10 -10 -100    0 -1000 -1000 -10
201 65 pedestrian 0 0 -10 681.38 172.38 736.20 215.71 -10 -10 -10 -100    0 -1000 -1000 -10
201 61 pedestrian 0 0 -10 466.68 180.95 532.39 240.47 -10 -10 -10 -100    0 -1000 -1000 -10
201 50 pedestrian 0 0 -10 553.41 176.57 603.37 219.32 -10 -10 -10 -100    0 -1000 -1000 -10
201 60 pedestrian 0 0 -10 698.96 165.25 797.64 255.09 -10 -10 -10 -100    0 -1000 -1000 -10
201 64 pedestrian 0 0 -10 1007.55 94.84 1241.82 375.00 -10 -10 -10 -100    0 -1000 -1000 -10
202 65 pedestrian 0 0 -10 683.31 169.04 742.02 214.10 -10 -10 -10 -100    0 -1000 -1000 -10
202 61 pedestrian 0 0 -10 460.97 178.22 529.80 240.54 -10 -10 -10 -100    0 -1000 -1000 -10
202 50 pedestrian 0 0 -10 551.72 172.41 603.07 217.54 -10 -10 -10 -100    0 -1000 -1000 -10
202 60 pedestrian 0 0 -10 703.72 161.49 809.57 256.49 -10 -10 -10 -100    0 -1000 -1000 -10
202 64 pedestrian 0 0 -10 1106.75 84.05 1241.83 375.00 -10 -10 -10 -100    0 -1000 -1000 -10
203 65 pedestrian 0 0 -10 685.23 167.40 744.93 213.52 -10 -10 -10 -100    0 -1000 -1000 -10
203 61 pedestrian 0 0 -10 453.99 177.40 526.39 242.43 -10 -10 -10 -100    0 -1000 -1000 -10
203 50 pedestrian 0 0 -10 550.06 169.60 603.12 215.66 -10 -10 -10 -100    0 -1000 -1000 -10
203 60 pedestrian 0 0 -10 707.49 157.95 821.18 259.53 -10 -10 -10 -100    0 -1000 -1000 -10
204 65 pedestrian 0 0 -10 687.28 165.88 748.73 213.86 -10 -10 -10 -100    0 -1000 -1000 -10
204 61 pedestrian 0 0 -10 446.68 177.11 523.30 245.33 -10 -10 -10 -100    0 -1000 -1000 -10
204 50 pedestrian 0 0 -10 548.67 167.57 602.97 214.56 -10 -10 -10 -100    0 -1000 -1000 -10
204 60 pedestrian 0 0 -10 711.51 156.77 834.68 265.28 -10 -10 -10 -100    0 -1000 -1000 -10
205 65 pedestrian 0 0 -10 689.51 166.85 751.84 216.09 -10 -10 -10 -100    0 -1000 -1000 -10
205 61 pedestrian 0 0 -10 439.69 177.70 519.97 248.83 -10 -10 -10 -100    0 -1000 -1000 -10
205 50 pedestrian 0 0 -10 546.68 166.76 602.15 214.67 -10 -10 -10 -100    0 -1000 -1000 -10
205 60 pedestrian 0 0 -10 716.09 156.94 849.00 272.09 -10 -10 -10 -100    0 -1000 -1000 -10
206 65 pedestrian 0 0 -10 691.88 166.77 756.86 217.82 -10 -10 -10 -100    0 -1000 -1000 -10
206 61 pedestrian 0 0 -10 431.53 177.67 516.98 252.65 -10 -10 -10 -100    0 -1000 -1000 -10
206 50 pedestrian 0 0 -10 544.40 165.50 601.95 215.81 -10 -10 -10 -100    0 -1000 -1000 -10
206 60 pedestrian 0 0 -10 722.37 157.34 867.15 278.96 -10 -10 -10 -100    0 -1000 -1000 -10
207 65 pedestrian 0 0 -10 695.00 166.85 762.49 219.84 -10 -10 -10 -100    0 -1000 -1000 -10
207 61 pedestrian 0 0 -10 422.88 178.08 513.18 255.86 -10 -10 -10 -100    0 -1000 -1000 -10
207 50 pedestrian 0 0 -10 542.43 164.55 601.37 216.48 -10 -10 -10 -100    0 -1000 -1000 -10
207 60 pedestrian 0 0 -10 728.93 156.51 887.19 287.69 -10 -10 -10 -100    0 -1000 -1000 -10
208 65 pedestrian 0 0 -10 697.26 166.30 766.86 221.00 -10 -10 -10 -100    0 -1000 -1000 -10
208 61 pedestrian 0 0 -10 411.57 177.68 509.36 259.17 -10 -10 -10 -100    0 -1000 -1000 -10
208 50 pedestrian 0 0 -10 539.91 164.14 601.31 217.67 -10 -10 -10 -100    0 -1000 -1000 -10
208 60 pedestrian 0 0 -10 735.17 154.51 909.35 296.85 -10 -10 -10 -100    0 -1000 -1000 -10
209 65 pedestrian 0 0 -10 699.76 165.88 768.47 222.15 -10 -10 -10 -100    0 -1000 -1000 -10
209 61 pedestrian 0 0 -10 401.38 176.21 504.69 262.43 -10 -10 -10 -100    0 -1000 -1000 -10
209 50 pedestrian 0 0 -10 536.37 163.13 600.96 218.28 -10 -10 -10 -100    0 -1000 -1000 -10
209 60 pedestrian 0 0 -10 743.37 151.41 936.27 306.69 -10 -10 -10 -100    0 -1000 -1000 -10
210 65 pedestrian 0 0 -10 702.71 165.81 773.71 224.06 -10 -10 -10 -100    0 -1000 -1000 -10
210 61 pedestrian 0 0 -10 389.37 175.46 499.87 266.84 -10 -10 -10 -100    0 -1000 -1000 -10
210 50 pedestrian 0 0 -10 534.05 162.32 600.17 219.64 -10 -10 -10 -100    0 -1000 -1000 -10
210 60 pedestrian 0 0 -10 751.90 149.52 967.35 319.17 -10 -10 -10 -100    0 -1000 -1000 -10
210 66 pedestrian 0 0 -10 1042.45 144.75 1144.01 207.60 -10 -10 -10 -100    0 -1000 -1000 -10
211 65 pedestrian 0 0 -10 706.44 166.18 777.68 226.47 -10 -10 -10 -100    0 -1000 -1000 -10
211 61 pedestrian 0 0 -10 375.52 175.72 494.80 272.15 -10 -10 -10 -100    0 -1000 -1000 -10
211 50 pedestrian 0 0 -10 531.07 162.46 598.84 220.80 -10 -10 -10 -100    0 -1000 -1000 -10
211 60 pedestrian 0 0 -10 761.34 148.18 1006.05 336.92 -10 -10 -10 -100    0 -1000 -1000 -10
211 66 pedestrian 0 0 -10 1061.80 144.62 1176.34 210.09 -10 -10 -10 -100    0 -1000 -1000 -10
212 65 pedestrian 0 0 -10 710.52 166.26 782.42 229.14 -10 -10 -10 -100    0 -1000 -1000 -10
212 61 pedestrian 0 0 -10 361.36 176.50 489.69 277.84 -10 -10 -10 -100    0 -1000 -1000 -10
212 50 pedestrian 0 0 -10 527.66 162.14 597.77 222.25 -10 -10 -10 -100    0 -1000 -1000 -10
212 60 pedestrian 0 0 -10 772.59 145.85 1049.94 355.92 -10 -10 -10 -100    0 -1000 -1000 -10
212 66 pedestrian 0 0 -10 1080.89 143.04 1192.71 207.37 -10 -10 -10 -100    0 -1000 -1000 -10
213 65 pedestrian 0 0 -10 714.72 166.90 791.74 232.48 -10 -10 -10 -100    0 -1000 -1000 -10
213 61 pedestrian 0 0 -10 346.06 177.29 483.53 285.03 -10 -10 -10 -100    0 -1000 -1000 -10
213 50 pedestrian 0 0 -10 525.59 162.67 597.37 224.23 -10 -10 -10 -100    0 -1000 -1000 -10
213 60 pedestrian 0 0 -10 785.89 143.42 1107.20 375.00 -10 -10 -10 -100    0 -1000 -1000 -10
213 66 pedestrian 0 0 -10 1094.93 144.76 1181.88 209.41 -10 -10 -10 -100    0 -1000 -1000 -10
214 65 pedestrian 0 0 -10 719.85 167.98 799.54 235.26 -10 -10 -10 -100    0 -1000 -1000 -10
214 61 pedestrian 0 0 -10 329.20 177.89 479.06 292.71 -10 -10 -10 -100    0 -1000 -1000 -10
214 50 pedestrian 0 0 -10 523.41 162.77 597.91 227.18 -10 -10 -10 -100    0 -1000 -1000 -10
214 67 pedestrian 0 0 -10 437.02 173.54 510.02 227.45 -10 -10 -10 -100    0 -1000 -1000 -10
214 60 pedestrian 0 0 -10 801.65 137.79 1180.38 375.00 -10 -10 -10 -100    0 -1000 -1000 -10
214 66 pedestrian 0 0 -10 1119.39 145.59 1200.78 214.92 -10 -10 -10 -100    0 -1000 -1000 -10
215 65 pedestrian 0 0 -10 726.18 167.41 808.04 238.24 -10 -10 -10 -100    0 -1000 -1000 -10
215 61 pedestrian 0 0 -10 310.72 178.84 474.38 301.13 -10 -10 -10 -100    0 -1000 -1000 -10
215 50 pedestrian 0 0 -10 521.25 162.80 599.09 229.80 -10 -10 -10 -100    0 -1000 -1000 -10
215 67 pedestrian 0 0 -10 432.19 173.85 507.74 230.25 -10 -10 -10 -100    0 -1000 -1000 -10
215 68 pedestrian 0 0 -10 772.93 164.29 880.34 221.86 -10 -10 -10 -100    0 -1000 -1000 -10
215 60 pedestrian 0 0 -10 816.63 130.78 1242.00 375.00 -10 -10 -10 -100    0 -1000 -1000 -10
216 65 pedestrian 0 0 -10 732.27 167.48 817.71 241.55 -10 -10 -10 -100    0 -1000 -1000 -10
216 61 pedestrian 0 0 -10 290.74 179.85 468.11 311.70 -10 -10 -10 -100    0 -1000 -1000 -10
216 50 pedestrian 0 0 -10 519.05 163.41 599.58 232.34 -10 -10 -10 -100    0 -1000 -1000 -10
216 67 pedestrian 0 0 -10 426.28 175.10 505.16 232.75 -10 -10 -10 -100    0 -1000 -1000 -10
216 68 pedestrian 0 0 -10 778.08 164.91 891.62 223.04 -10 -10 -10 -100    0 -1000 -1000 -10
216 60 pedestrian 0 0 -10 839.86 125.59 1242.00 375.00 -10 -10 -10 -100    0 -1000 -1000 -10
217 65 pedestrian 0 0 -10 737.56 167.35 827.00 244.87 -10 -10 -10 -100    0 -1000 -1000 -10
217 61 pedestrian 0 0 -10 266.02 181.37 462.10 324.25 -10 -10 -10 -100    0 -1000 -1000 -10
217 50 pedestrian 0 0 -10 516.33 164.80 600.13 236.81 -10 -10 -10 -100    0 -1000 -1000 -10
217 67 pedestrian 0 0 -10 421.34 176.56 502.37 235.65 -10 -10 -10 -100    0 -1000 -1000 -10
217 68 pedestrian 0 0 -10 785.47 163.34 900.72 224.61 -10 -10 -10 -100    0 -1000 -1000 -10
217 60 pedestrian 0 0 -10 861.31 117.02 1242.00 375.00 -10 -10 -10 -100    0 -1000 -1000 -10
218 65 pedestrian 0 0 -10 745.35 167.46 836.82 248.17 -10 -10 -10 -100    0 -1000 -1000 -10
218 61 pedestrian 0 0 -10 237.18 182.44 453.76 338.12 -10 -10 -10 -100    0 -1000 -1000 -10
218 50 pedestrian 0 0 -10 513.82 166.34 600.47 240.57 -10 -10 -10 -100    0 -1000 -1000 -10
218 67 pedestrian 0 0 -10 415.37 177.00 498.65 238.65 -10 -10 -10 -100    0 -1000 -1000 -10
218 68 pedestrian 0 0 -10 792.77 163.11 911.91 227.21 -10 -10 -10 -100    0 -1000 -1000 -10
218 60 pedestrian 0 0 -10 891.29 114.74 1242.00 375.00 -10 -10 -10 -100    0 -1000 -1000 -10
219 65 pedestrian 0 0 -10 752.37 167.47 845.68 251.61 -10 -10 -10 -100    0 -1000 -1000 -10
219 61 pedestrian 0 0 -10 202.90 184.15 446.49 356.68 -10 -10 -10 -100    0 -1000 -1000 -10
219 50 pedestrian 0 0 -10 510.04 168.07 600.95 245.01 -10 -10 -10 -100    0 -1000 -1000 -10
219 67 pedestrian 0 0 -10 408.63 177.46 495.72 241.90 -10 -10 -10 -100    0 -1000 -1000 -10
219 68 pedestrian 0 0 -10 799.52 163.04 922.17 229.48 -10 -10 -10 -100    0 -1000 -1000 -10
219 60 pedestrian 0 0 -10 931.71 115.92 1242.00 375.00 -10 -10 -10 -100    0 -1000 -1000 -10
220 65 pedestrian 0 0 -10 759.34 165.84 856.12 255.52 -10 -10 -10 -100    0 -1000 -1000 -10
220 61 pedestrian 0 0 -10 160.80 185.93 435.88 375.00 -10 -10 -10 -100    0 -1000 -1000 -10
220 50 pedestrian 0 0 -10 506.61 168.94 600.12 248.34 -10 -10 -10 -100    0 -1000 -1000 -10
220 67 pedestrian 0 0 -10 398.53 178.71 492.33 245.63 -10 -10 -10 -100    0 -1000 -1000 -10
220 68 pedestrian 0 0 -10 806.99 164.02 932.38 231.38 -10 -10 -10 -100    0 -1000 -1000 -10
220 60 pedestrian 0 0 -10 981.59 121.18 1242.00 375.00 -10 -10 -10 -100    0 -1000 -1000 -10
221 65 pedestrian 0 0 -10 767.57 165.03 867.08 258.90 -10 -10 -10 -100    0 -1000 -1000 -10
221 61 pedestrian 0 0 -10 112.65 186.02 422.54 375.00 -10 -10 -10 -100    0 -1000 -1000 -10
221 50 pedestrian 0 0 -10 501.87 168.51 600.11 250.85 -10 -10 -10 -100    0 -1000 -1000 -10
221 67 pedestrian 0 0 -10 390.48 179.96 487.77 248.93 -10 -10 -10 -100    0 -1000 -1000 -10
221 68 pedestrian 0 0 -10 813.61 163.19 944.20 233.71 -10 -10 -10 -100    0 -1000 -1000 -10
221 60 pedestrian 0 0 -10 1046.92 118.75 1241.82 375.00 -10 -10 -10 -100    0 -1000 -1000 -10
222 65 pedestrian 0 0 -10 775.91 164.46 878.61 264.07 -10 -10 -10 -100    0 -1000 -1000 -10
222 61 pedestrian 0 0 -10 51.30 186.71 408.93 375.00 -10 -10 -10 -100    0 -1000 -1000 -10
222 50 pedestrian 0 0 -10 497.24 166.89 600.05 252.81 -10 -10 -10 -100    0 -1000 -1000 -10
222 67 pedestrian 0 0 -10 381.41 179.97 482.88 251.62 -10 -10 -10 -100    0 -1000 -1000 -10
222 68 pedestrian 0 0 -10 821.53 162.80 957.42 236.17 -10 -10 -10 -100    0 -1000 -1000 -10
222 60 pedestrian 0 0 -10 1132.60 133.30 1241.90 375.00 -10 -10 -10 -100    0 -1000 -1000 -10
223 65 pedestrian 0 0 -10 785.22 164.61 890.10 268.61 -10 -10 -10 -100    0 -1000 -1000 -10
223 61 pedestrian 0 0 -10 2.11 186.28 392.39 375.00 -10 -10 -10 -100    0 -1000 -1000 -10
223 50 pedestrian 0 0 -10 492.64 164.39 599.73 254.22 -10 -10 -10 -100    0 -1000 -1000 -10
223 67 pedestrian 0 0 -10 370.53 178.69 478.24 254.29 -10 -10 -10 -100    0 -1000 -1000 -10
223 68 pedestrian 0 0 -10 828.29 160.76 968.62 236.69 -10 -10 -10 -100    0 -1000 -1000 -10
224 61 pedestrian 0 0 -10 1.04 187.26 372.36 375.00 -10 -10 -10 -100    0 -1000 -1000 -10
224 50 pedestrian 0 0 -10 486.15 163.57 598.66 256.99 -10 -10 -10 -100    0 -1000 -1000 -10
224 67 pedestrian 0 0 -10 356.73 178.94 470.92 257.71 -10 -10 -10 -100    0 -1000 -1000 -10
224 68 pedestrian 0 0 -10 839.72 159.11 983.00 237.99 -10 -10 -10 -100    0 -1000 -1000 -10
224 65 pedestrian 0 0 -10 795.01 163.89 902.12 274.94 -10 -10 -10 -100    0 -1000 -1000 -10
225 61 pedestrian 0 0 -10 0.00 190.37 350.35 375.00 -10 -10 -10 -100    0 -1000 -1000 -10
225 50 pedestrian 0 0 -10 479.04 161.87 597.24 261.01 -10 -10 -10 -100    0 -1000 -1000 -10
225 67 pedestrian 0 0 -10 344.18 179.12 464.78 262.10 -10 -10 -10 -100    0 -1000 -1000 -10
225 68 pedestrian 0 0 -10 848.08 158.39 997.31 241.88 -10 -10 -10 -100    0 -1000 -1000 -10
225 65 pedestrian 0 0 -10 804.63 165.38 916.54 283.58 -10 -10 -10 -100    0 -1000 -1000 -10
226 61 pedestrian 0 0 -10 0.00 191.97 323.91 375.00 -10 -10 -10 -100    0 -1000 -1000 -10
226 50 pedestrian 0 0 -10 471.71 160.65 594.93 265.07 -10 -10 -10 -100    0 -1000 -1000 -10
226 67 pedestrian 0 0 -10 329.87 179.67 457.60 266.98 -10 -10 -10 -100    0 -1000 -1000 -10
226 68 pedestrian 0 0 -10 854.34 157.53 1008.96 245.25 -10 -10 -10 -100    0 -1000 -1000 -10
226 65 pedestrian 0 0 -10 814.93 166.88 933.48 291.41 -10 -10 -10 -100    0 -1000 -1000 -10
227 61 pedestrian 0 0 -10 0.25 195.00 291.53 375.00 -10 -10 -10 -100    0 -1000 -1000 -10
227 50 pedestrian 0 0 -10 461.81 162.54 592.97 271.07 -10 -10 -10 -100    0 -1000 -1000 -10
227 67 pedestrian 0 0 -10 314.46 180.65 452.03 272.43 -10 -10 -10 -100    0 -1000 -1000 -10
227 68 pedestrian 0 0 -10 856.63 159.66 1018.13 249.50 -10 -10 -10 -100    0 -1000 -1000 -10
227 65 pedestrian 0 0 -10 826.96 168.17 954.33 303.88 -10 -10 -10 -100    0 -1000 -1000 -10
228 61 pedestrian 0 0 -10 0.37 196.02 248.99 375.00 -10 -10 -10 -100    0 -1000 -1000 -10
228 50 pedestrian 0 0 -10 451.21 161.91 589.55 277.30 -10 -10 -10 -100    0 -1000 -1000 -10
228 67 pedestrian 0 0 -10 297.29 181.45 443.47 277.49 -10 -10 -10 -100    0 -1000 -1000 -10
228 68 pedestrian 0 0 -10 862.43 162.76 1029.82 255.14 -10 -10 -10 -100    0 -1000 -1000 -10
228 65 pedestrian 0 0 -10 838.78 170.80 977.32 314.80 -10 -10 -10 -100    0 -1000 -1000 -10
229 61 pedestrian 0 0 -10 0.00 197.55 194.77 375.00 -10 -10 -10 -100    0 -1000 -1000 -10
229 50 pedestrian 0 0 -10 437.66 162.33 583.96 283.85 -10 -10 -10 -100    0 -1000 -1000 -10
229 67 pedestrian 0 0 -10 276.61 181.86 432.69 283.44 -10 -10 -10 -100    0 -1000 -1000 -10
229 68 pedestrian 0 0 -10 870.51 164.79 1040.65 263.18 -10 -10 -10 -100    0 -1000 -1000 -10
229 65 pedestrian 0 0 -10 850.15 173.26 1001.02 327.68 -10 -10 -10 -100    0 -1000 -1000 -10
230 61 pedestrian 0 0 -10 0.00 199.29 117.28 375.00 -10 -10 -10 -100    0 -1000 -1000 -10
230 50 pedestrian 0 0 -10 421.90 165.37 578.36 293.09 -10 -10 -10 -100    0 -1000 -1000 -10
230 67 pedestrian 0 0 -10 250.38 183.04 421.09 291.33 -10 -10 -10 -100    0 -1000 -1000 -10
230 68 pedestrian 0 0 -10 877.18 166.04 1052.20 269.57 -10 -10 -10 -100    0 -1000 -1000 -10
230 65 pedestrian 0 0 -10 860.25 173.72 1025.64 343.71 -10 -10 -10 -100    0 -1000 -1000 -10
231 50 pedestrian 0 0 -10 402.40 166.75 570.91 304.30 -10 -10 -10 -100    0 -1000 -1000 -10
231 67 pedestrian 0 0 -10 220.93 185.32 406.03 301.59 -10 -10 -10 -100    0 -1000 -1000 -10
231 68 pedestrian 0 0 -10 886.01 169.27 1062.32 279.84 -10 -10 -10 -100    0 -1000 -1000 -10
231 65 pedestrian 0 0 -10 866.17 177.28 1057.49 360.14 -10 -10 -10 -100    0 -1000 -1000 -10
232 50 pedestrian 0 0 -10 381.36 170.68 562.42 317.69 -10 -10 -10 -100    0 -1000 -1000 -10
232 67 pedestrian 0 0 -10 187.55 188.12 388.25 312.59 -10 -10 -10 -100    0 -1000 -1000 -10
232 68 pedestrian 0 0 -10 889.04 172.62 1068.83 289.21 -10 -10 -10 -100    0 -1000 -1000 -10
232 65 pedestrian 0 0 -10 875.06 178.66 1089.14 375.00 -10 -10 -10 -100    0 -1000 -1000 -10
233 50 pedestrian 0 0 -10 357.77 174.67 551.86 331.85 -10 -10 -10 -100    0 -1000 -1000 -10
233 67 pedestrian 0 0 -10 146.59 190.47 369.50 326.44 -10 -10 -10 -100    0 -1000 -1000 -10
233 68 pedestrian 0 0 -10 895.99 173.65 1086.02 295.37 -10 -10 -10 -100    0 -1000 -1000 -10
233 65 pedestrian 0 0 -10 882.31 183.26 1130.30 375.00 -10 -10 -10 -100    0 -1000 -1000 -10
234 50 pedestrian 0 0 -10 328.51 174.37 540.28 345.40 -10 -10 -10 -100    0 -1000 -1000 -10
234 67 pedestrian 0 0 -10 101.56 193.78 348.09 340.08 -10 -10 -10 -100    0 -1000 -1000 -10
234 68 pedestrian 0 0 -10 898.82 174.39 1095.75 301.32 -10 -10 -10 -100    0 -1000 -1000 -10
234 65 pedestrian 0 0 -10 892.49 183.79 1181.10 375.00 -10 -10 -10 -100    0 -1000 -1000 -10
235 50 pedestrian 0 0 -10 299.45 175.29 527.00 359.65 -10 -10 -10 -100    0 -1000 -1000 -10
235 67 pedestrian 0 0 -10 50.41 195.05 324.77 356.62 -10 -10 -10 -100    0 -1000 -1000 -10
235 68 pedestrian 0 0 -10 902.74 174.23 1107.24 310.89 -10 -10 -10 -100    0 -1000 -1000 -10
235 65 pedestrian 0 0 -10 902.15 186.66 1235.93 375.00 -10 -10 -10 -100    0 -1000 -1000 -10
236 50 pedestrian 0 0 -10 263.14 173.78 512.17 375.00 -10 -10 -10 -100    0 -1000 -1000 -10
236 67 pedestrian 0 0 -10 1.07 197.13 299.45 371.91 -10 -10 -10 -100    0 -1000 -1000 -10
236 68 pedestrian 0 0 -10 912.30 174.81 1117.28 321.39 -10 -10 -10 -100    0 -1000 -1000 -10
236 65 pedestrian 0 0 -10 914.29 185.52 1241.77 375.00 -10 -10 -10 -100    0 -1000 -1000 -10
237 50 pedestrian 0 0 -10 217.47 174.34 496.32 375.00 -10 -10 -10 -100    0 -1000 -1000 -10
237 67 pedestrian 0 0 -10 0.00 198.73 267.93 375.00 -10 -10 -10 -100    0 -1000 -1000 -10
237 68 pedestrian 0 0 -10 918.06 177.62 1130.41 332.89 -10 -10 -10 -100    0 -1000 -1000 -10
237 65 pedestrian 0 0 -10 927.46 188.25 1242.00 375.00 -10 -10 -10 -100    0 -1000 -1000 -10
238 50 pedestrian 0 0 -10 163.54 175.18 478.16 375.00 -10 -10 -10 -100    0 -1000 -1000 -10
238 67 pedestrian 0 0 -10 0.00 199.62 232.62 375.00 -10 -10 -10 -100    0 -1000 -1000 -10
238 68 pedestrian 0 0 -10 926.86 178.37 1140.57 344.84 -10 -10 -10 -100    0 -1000 -1000 -10
238 65 pedestrian 0 0 -10 944.62 191.22 1242.00 375.00 -10 -10 -10 -100    0 -1000 -1000 -10
239 50 pedestrian 0 0 -10 94.67 173.92 457.61 375.00 -10 -10 -10 -100    0 -1000 -1000 -10
239 67 pedestrian 0 0 -10 0.00 198.57 187.12 375.00 -10 -10 -10 -100    0 -1000 -1000 -10
239 68 pedestrian 0 0 -10 935.02 179.57 1156.18 359.15 -10 -10 -10 -100    0 -1000 -1000 -10
239 65 pedestrian 0 0 -10 962.62 191.63 1242.00 375.00 -10 -10 -10 -100    0 -1000 -1000 -10
240 50 pedestrian 0 0 -10 13.17 173.28 432.75 375.00 -10 -10 -10 -100    0 -1000 -1000 -10
240 67 pedestrian 0 0 -10 0.00 196.89 126.83 375.00 -10 -10 -10 -100    0 -1000 -1000 -10
240 68 pedestrian 0 0 -10 943.63 179.62 1166.50 374.32 -10 -10 -10 -100    0 -1000 -1000 -10
240 65 pedestrian 0 0 -10 982.38 193.48 1242.00 375.00 -10 -10 -10 -100    0 -1000 -1000 -10
241 50 pedestrian 0 0 -10 0.00 172.64 405.23 375.00 -10 -10 -10 -100    0 -1000 -1000 -10
241 68 pedestrian 0 0 -10 954.22 178.60 1181.10 375.00 -10 -10 -10 -100    0 -1000 -1000 -10
241 65 pedestrian 0 0 -10 1012.13 195.32 1242.00 375.00 -10 -10 -10 -100    0 -1000 -1000 -10
242 50 pedestrian 0 0 -10 0.08 170.82 372.93 375.00 -10 -10 -10 -100    0 -1000 -1000 -10
242 68 pedestrian 0 0 -10 963.72 179.40 1198.14 375.00 -10 -10 -10 -100    0 -1000 -1000 -10
242 65 pedestrian 0 0 -10 1047.45 199.81 1242.00 375.00 -10 -10 -10 -100    0 -1000 -1000 -10
243 50 pedestrian 0 0 -10 0.35 168.70 334.57 375.00 -10 -10 -10 -100    0 -1000 -1000 -10
243 68 pedestrian 0 0 -10 974.93 178.62 1223.38 375.00 -10 -10 -10 -100    0 -1000 -1000 -10
243 65 pedestrian 0 0 -10 1093.51 200.29 1241.98 375.00 -10 -10 -10 -100    0 -1000 -1000 -10
244 50 pedestrian 0 0 -10 0.36 167.61 289.31 375.00 -10 -10 -10 -100    0 -1000 -1000 -10
244 68 pedestrian 0 0 -10 990.31 180.98 1242.00 375.00 -10 -10 -10 -100    0 -1000 -1000 -10
244 65 pedestrian 0 0 -10 1136.12 203.00 1242.00 375.00 -10 -10 -10 -100    0 -1000 -1000 -10
245 68 pedestrian 0 0 -10 1010.59 183.92 1242.00 375.00 -10 -10 -10 -100    0 -1000 -1000 -10
245 50 pedestrian 0 0 -10 0.00 173.21 233.71 375.00 -10 -10 -10 -100    0 -1000 -1000 -10
246 68 pedestrian 0 0 -10 1026.75 188.37 1242.00 375.00 -10 -10 -10 -100    0 -1000 -1000 -10
246 50 pedestrian 0 0 -10 0.00 173.86 164.22 375.00 -10 -10 -10 -100    0 -1000 -1000 -10
247 68 pedestrian 0 0 -10 1032.42 192.47 1242.00 375.00 -10 -10 -10 -100    0 -1000 -1000 -10
248 68 pedestrian 0 0 -10 1036.15 196.25 1242.00 375.00 -10 -10 -10 -100    0 -1000 -1000 -10
249 68 pedestrian 0 0 -10 1044.69 200.35 1241.92 375.00 -10 -10 -10 -100    0 -1000 -1000 -10
250 68 pedestrian 0 0 -10 1057.97 203.63 1241.98 375.00 -10 -10 -10 -100    0 -1000 -1000 -10
251 68 pedestrian 0 0 -10 1074.21 209.70 1242.00 375.00 -10 -10 -10 -100    0 -1000 -1000 -10
252 68 pedestrian 0 0 -10 1090.02 210.63 1242.00 375.00 -10 -10 -10 -100    0 -1000 -1000 -10
253 68 pedestrian 0 0 -10 1098.05 213.46 1242.00 375.00 -10 -10 -10 -100    0 -1000 -1000 -10
254 68 pedestrian 0 0 -10 1108.54 217.28 1242.00 375.00 -10 -10 -10 -100    0 -1000 -1000 -10
255 68 pedestrian 0 0 -10 1124.75 218.10 1242.00 375.00 -10 -10 -10 -100    0 -1000 -1000 -10
256 68 pedestrian 0 0 -10 1153.78 218.17 1242.00 375.00 -10 -10 -10 -100    0 -1000 -1000 -10
261 69 pedestrian 0 0 -10 1171.74 188.95 1241.98 301.58 -10 -10 -10 -100    0 -1000 -1000 -10
262 69 pedestrian 0 0 -10 1154.95 189.98 1241.86 307.21 -10 -10 -10 -100    0 -1000 -1000 -10
263 69 pedestrian 0 0 -10 1138.31 190.44 1241.78 313.23 -10 -10 -10 -100    0 -1000 -1000 -10
264 69 pedestrian 0 0 -10 1123.13 193.26 1241.83 319.28 -10 -10 -10 -100    0 -1000 -1000 -10
265 69 pedestrian 0 0 -10 1108.48 193.88 1241.78 323.20 -10 -10 -10 -100    0 -1000 -1000 -10
266 69 pedestrian 0 0 -10 1094.11 194.21 1241.76 328.09 -10 -10 -10 -100    0 -1000 -1000 -10
267 69 pedestrian 0 0 -10 1079.50 195.23 1237.20 332.71 -10 -10 -10 -100    0 -1000 -1000 -10
268 69 pedestrian 0 0 -10 1066.29 195.93 1226.76 338.77 -10 -10 -10 -100    0 -1000 -1000 -10
269 69 pedestrian 0 0 -10 1054.14 196.71 1215.90 344.08 -10 -10 -10 -100    0 -1000 -1000 -10
270 69 pedestrian 0 0 -10 1041.17 196.75 1210.87 350.06 -10 -10 -10 -100    0 -1000 -1000 -10
271 69 pedestrian 0 0 -10 1031.61 196.17 1205.21 356.92 -10 -10 -10 -100    0 -1000 -1000 -10
272 69 pedestrian 0 0 -10 1023.09 197.48 1203.18 364.43 -10 -10 -10 -100    0 -1000 -1000 -10
273 69 pedestrian 0 0 -10 1014.06 198.12 1204.64 373.51 -10 -10 -10 -100    0 -1000 -1000 -10
274 69 pedestrian 0 0 -10 1008.97 199.06 1213.68 375.00 -10 -10 -10 -100    0 -1000 -1000 -10
275 69 pedestrian 0 0 -10 1002.74 197.67 1225.09 375.00 -10 -10 -10 -100    0 -1000 -1000 -10
276 69 pedestrian 0 0 -10 995.39 197.96 1239.46 375.00 -10 -10 -10 -100    0 -1000 -1000 -10
277 69 pedestrian 0 0 -10 988.74 199.95 1242.00 375.00 -10 -10 -10 -100    0 -1000 -1000 -10
277 70 pedestrian 0 0 -10 942.47 190.41 997.74 239.08 -10 -10 -10 -100    0 -1000 -1000 -10
278 69 pedestrian 0 0 -10 982.96 204.27 1241.91 375.00 -10 -10 -10 -100    0 -1000 -1000 -10
278 70 pedestrian 0 0 -10 923.86 191.61 978.96 238.82 -10 -10 -10 -100    0 -1000 -1000 -10
279 70 pedestrian 0 0 -10 906.20 191.09 961.76 239.34 -10 -10 -10 -100    0 -1000 -1000 -10
279 69 pedestrian 0 0 -10 980.68 204.28 1242.00 375.00 -10 -10 -10 -100    0 -1000 -1000 -10
280 70 pedestrian 0 0 -10 887.17 190.63 943.20 239.86 -10 -10 -10 -100    0 -1000 -1000 -10
280 69 pedestrian 0 0 -10 979.06 206.86 1241.80 375.00 -10 -10 -10 -100    0 -1000 -1000 -10
281 70 pedestrian 0 0 -10 869.05 190.39 925.69 240.00 -10 -10 -10 -100    0 -1000 -1000 -10
281 69 pedestrian 0 0 -10 980.81 206.77 1241.85 375.00 -10 -10 -10 -100    0 -1000 -1000 -10
282 70 pedestrian 0 0 -10 851.00 189.52 909.07 239.07 -10 -10 -10 -100    0 -1000 -1000 -10
282 69 pedestrian 0 0 -10 983.60 206.33 1241.94 375.00 -10 -10 -10 -100    0 -1000 -1000 -10
283 70 pedestrian 0 0 -10 833.70 188.50 893.35 239.37 -10 -10 -10 -100    0 -1000 -1000 -10
283 69 pedestrian 0 0 -10 986.93 207.60 1242.00 375.00 -10 -10 -10 -100    0 -1000 -1000 -10
284 70 pedestrian 0 0 -10 818.10 188.52 878.03 239.67 -10 -10 -10 -100    0 -1000 -1000 -10
284 69 pedestrian 0 0 -10 991.57 209.71 1241.94 375.00 -10 -10 -10 -100    0 -1000 -1000 -10
285 70 pedestrian 0 0 -10 802.65 187.75 863.69 239.84 -10 -10 -10 -100    0 -1000 -1000 -10
285 69 pedestrian 0 0 -10 1006.11 211.14 1241.94 375.00 -10 -10 -10 -100    0 -1000 -1000 -10
286 70 pedestrian 0 0 -10 786.52 187.32 848.96 240.70 -10 -10 -10 -100    0 -1000 -1000 -10
286 69 pedestrian 0 0 -10 1025.14 213.39 1241.92 375.00 -10 -10 -10 -100    0 -1000 -1000 -10
287 70 pedestrian 0 0 -10 767.10 188.15 831.57 241.12 -10 -10 -10 -100    0 -1000 -1000 -10
287 69 pedestrian 0 0 -10 1057.30 227.82 1241.94 375.00 -10 -10 -10 -100    0 -1000 -1000 -10
288 69 pedestrian 0 0 -10 1097.15 245.23 1241.98 375.00 -10 -10 -10 -100    0 -1000 -1000 -10
288 70 pedestrian 0 0 -10 750.46 187.36 816.09 242.28 -10 -10 -10 -100    0 -1000 -1000 -10
289 70 pedestrian 0 0 -10 735.21 187.28 803.18 242.53 -10 -10 -10 -100    0 -1000 -1000 -10
290 70 pedestrian 0 0 -10 722.52 186.02 792.05 243.02 -10 -10 -10 -100    0 -1000 -1000 -10
291 70 pedestrian 0 0 -10 711.13 185.93 782.00 243.26 -10 -10 -10 -100    0 -1000 -1000 -10
292 70 pedestrian 0 0 -10 699.82 186.92 774.10 245.27 -10 -10 -10 -100    0 -1000 -1000 -10
293 70 pedestrian 0 0 -10 690.43 186.28 766.68 247.50 -10 -10 -10 -100    0 -1000 -1000 -10
294 70 pedestrian 0 0 -10 683.26 185.46 762.67 249.02 -10 -10 -10 -100    0 -1000 -1000 -10
295 70 pedestrian 0 0 -10 678.06 185.94 760.81 250.66 -10 -10 -10 -100    0 -1000 -1000 -10
296 70 pedestrian 0 0 -10 675.19 184.68 762.37 252.31 -10 -10 -10 -100    0 -1000 -1000 -10
297 70 pedestrian 0 0 -10 674.57 183.19 765.66 253.41 -10 -10 -10 -100    0 -1000 -1000 -10
298 70 pedestrian 0 0 -10 675.30 180.75 770.35 254.64 -10 -10 -10 -100    0 -1000 -1000 -10
299 70 pedestrian 0 0 -10 676.85 179.68 777.00 256.42 -10 -10 -10 -100    0 -1000 -1000 -10
300 70 pedestrian 0 0 -10 678.69 180.02 784.76 259.38 -10 -10 -10 -100    0 -1000 -1000 -10
301 70 pedestrian 0 0 -10 681.29 178.41 794.24 264.85 -10 -10 -10 -100    0 -1000 -1000 -10
302 70 pedestrian 0 0 -10 684.25 180.28 804.04 270.00 -10 -10 -10 -100    0 -1000 -1000 -10
303 70 pedestrian 0 0 -10 689.00 181.19 816.97 276.22 -10 -10 -10 -100    0 -1000 -1000 -10
304 70 pedestrian 0 0 -10 692.71 181.42 830.61 283.21 -10 -10 -10 -100    0 -1000 -1000 -10
305 70 pedestrian 0 0 -10 697.65 182.49 845.97 290.24 -10 -10 -10 -100    0 -1000 -1000 -10
306 70 pedestrian 0 0 -10 703.68 183.12 863.65 298.06 -10 -10 -10 -100    0 -1000 -1000 -10
307 70 pedestrian 0 0 -10 709.95 183.85 884.05 307.99 -10 -10 -10 -100    0 -1000 -1000 -10
308 70 pedestrian 0 0 -10 717.14 184.64 907.95 318.48 -10 -10 -10 -100    0 -1000 -1000 -10
309 70 pedestrian 0 0 -10 724.62 185.18 935.55 331.37 -10 -10 -10 -100    0 -1000 -1000 -10
310 70 pedestrian 0 0 -10 733.01 185.92 969.00 346.95 -10 -10 -10 -100    0 -1000 -1000 -10
311 70 pedestrian 0 0 -10 742.32 187.54 1007.70 365.32 -10 -10 -10 -100    0 -1000 -1000 -10
312 70 pedestrian 0 0 -10 753.72 189.47 1054.36 375.00 -10 -10 -10 -100    0 -1000 -1000 -10
313 70 pedestrian 0 0 -10 764.22 189.93 1112.01 375.00 -10 -10 -10 -100    0 -1000 -1000 -10
314 70 pedestrian 0 0 -10 775.33 191.85 1186.61 375.00 -10 -10 -10 -100    0 -1000 -1000 -10
315 70 pedestrian 0 0 -10 789.64 193.03 1240.46 375.00 -10 -10 -10 -100    0 -1000 -1000 -10
316 70 pedestrian 0 0 -10 806.92 192.93 1241.79 375.00 -10 -10 -10 -100    0 -1000 -1000 -10
317 70 pedestrian 0 0 -10 824.60 192.84 1241.89 375.00 -10 -10 -10 -100    0 -1000 -1000 -10
318 70 pedestrian 0 0 -10 847.89 196.61 1241.88 375.00 -10 -10 -10 -100    0 -1000 -1000 -10
319 70 pedestrian 0 0 -10 881.01 202.00 1241.47 375.00 -10 -10 -10 -100    0 -1000 -1000 -10
320 70 pedestrian 0 0 -10 915.69 203.56 1241.67 375.00 -10 -10 -10 -100    0 -1000 -1000 -10
321 70 pedestrian 0 0 -10 970.98 205.80 1242.00 375.00 -10 -10 -10 -100    0 -1000 -1000 -10
340 72 pedestrian 0 0 -10 1120.98 181.30 1187.94 218.39 -10 -10 -10 -100    0 -1000 -1000 -10
340 71 pedestrian 0 0 -10 1138.31 220.82 1222.33 269.75 -10 -10 -10 -100    0 -1000 -1000 -10
341 72 pedestrian 0 0 -10 1090.48 180.55 1155.76 217.78 -10 -10 -10 -100    0 -1000 -1000 -10
341 71 pedestrian 0 0 -10 1116.49 220.22 1199.83 270.38 -10 -10 -10 -100    0 -1000 -1000 -10
342 73 pedestrian 0 0 -10 1117.27 174.92 1224.40 262.52 -10 -10 -10 -100    0 -1000 -1000 -10
342 72 pedestrian 0 0 -10 1059.56 178.02 1121.77 214.60 -10 -10 -10 -100    0 -1000 -1000 -10
342 71 pedestrian 0 0 -10 1094.26 218.47 1174.46 267.51 -10 -10 -10 -100    0 -1000 -1000 -10
343 73 pedestrian 0 0 -10 1092.94 174.68 1202.68 260.80 -10 -10 -10 -100    0 -1000 -1000 -10
343 72 pedestrian 0 0 -10 1029.27 176.68 1089.41 213.08 -10 -10 -10 -100    0 -1000 -1000 -10
343 71 pedestrian 0 0 -10 1073.50 217.81 1152.18 267.59 -10 -10 -10 -100    0 -1000 -1000 -10
344 73 pedestrian 0 0 -10 1068.71 175.05 1175.06 260.98 -10 -10 -10 -100    0 -1000 -1000 -10
344 72 pedestrian 0 0 -10 999.32 176.09 1056.96 212.29 -10 -10 -10 -100    0 -1000 -1000 -10
344 71 pedestrian 0 0 -10 1052.19 216.12 1129.62 267.76 -10 -10 -10 -100    0 -1000 -1000 -10
345 73 pedestrian 0 0 -10 1038.09 174.24 1143.88 262.32 -10 -10 -10 -100    0 -1000 -1000 -10
345 72 pedestrian 0 0 -10 971.70 175.79 1027.55 212.19 -10 -10 -10 -100    0 -1000 -1000 -10
345 71 pedestrian 0 0 -10 1031.69 216.95 1108.68 268.84 -10 -10 -10 -100    0 -1000 -1000 -10
346 74 pedestrian 0 0 -10 1119.20 162.83 1179.42 212.00 -10 -10 -10 -100    0 -1000 -1000 -10
346 73 pedestrian 0 0 -10 1021.89 173.32 1120.10 261.30 -10 -10 -10 -100    0 -1000 -1000 -10
346 72 pedestrian 0 0 -10 943.60 175.97 998.12 211.76 -10 -10 -10 -100    0 -1000 -1000 -10
346 71 pedestrian 0 0 -10 1012.15 217.88 1087.84 270.55 -10 -10 -10 -100    0 -1000 -1000 -10
347 74 pedestrian 0 0 -10 1086.78 163.23 1140.74 212.59 -10 -10 -10 -100    0 -1000 -1000 -10
347 73 pedestrian 0 0 -10 1001.84 173.03 1095.45 262.32 -10 -10 -10 -100    0 -1000 -1000 -10
347 72 pedestrian 0 0 -10 916.52 176.25 969.00 212.63 -10 -10 -10 -100    0 -1000 -1000 -10
347 71 pedestrian 0 0 -10 992.19 220.09 1068.71 274.14 -10 -10 -10 -100    0 -1000 -1000 -10
348 74 pedestrian 0 0 -10 1054.98 163.70 1108.87 214.94 -10 -10 -10 -100    0 -1000 -1000 -10
348 73 pedestrian 0 0 -10 978.49 172.69 1071.49 264.50 -10 -10 -10 -100    0 -1000 -1000 -10
348 72 pedestrian 0 0 -10 889.64 176.05 940.58 212.62 -10 -10 -10 -100    0 -1000 -1000 -10
348 71 pedestrian 0 0 -10 975.24 221.29 1048.81 278.79 -10 -10 -10 -100    0 -1000 -1000 -10
349 74 pedestrian 0 0 -10 1032.07 165.19 1077.94 214.53 -10 -10 -10 -100    0 -1000 -1000 -10
349 73 pedestrian 0 0 -10 958.27 172.00 1051.04 263.48 -10 -10 -10 -100    0 -1000 -1000 -10
349 72 pedestrian 0 0 -10 864.91 176.15 914.41 212.57 -10 -10 -10 -100    0 -1000 -1000 -10
349 71 pedestrian 0 0 -10 960.54 222.16 1032.40 282.06 -10 -10 -10 -100    0 -1000 -1000 -10
350 74 pedestrian 0 0 -10 1005.74 164.84 1049.60 212.83 -10 -10 -10 -100    0 -1000 -1000 -10
350 73 pedestrian 0 0 -10 938.02 169.98 1029.75 264.17 -10 -10 -10 -100    0 -1000 -1000 -10
350 72 pedestrian 0 0 -10 838.43 175.94 887.22 211.84 -10 -10 -10 -100    0 -1000 -1000 -10
350 71 pedestrian 0 0 -10 944.78 223.55 1016.85 284.69 -10 -10 -10 -100    0 -1000 -1000 -10
351 73 pedestrian 0 0 -10 921.56 168.79 1010.53 264.98 -10 -10 -10 -100    0 -1000 -1000 -10
351 72 pedestrian 0 0 -10 814.63 174.50 863.05 211.11 -10 -10 -10 -100    0 -1000 -1000 -10
351 71 pedestrian 0 0 -10 931.36 224.43 1005.71 287.09 -10 -10 -10 -100    0 -1000 -1000 -10
352 73 pedestrian 0 0 -10 903.77 168.75 994.41 265.45 -10 -10 -10 -100    0 -1000 -1000 -10
352 72 pedestrian 0 0 -10 791.41 174.61 838.37 210.67 -10 -10 -10 -100    0 -1000 -1000 -10
352 71 pedestrian 0 0 -10 916.50 226.20 992.05 290.56 -10 -10 -10 -100    0 -1000 -1000 -10
353 73 pedestrian 0 0 -10 888.76 169.36 976.81 268.44 -10 -10 -10 -100    0 -1000 -1000 -10
353 72 pedestrian 0 0 -10 769.13 173.77 816.76 210.86 -10 -10 -10 -100    0 -1000 -1000 -10
353 71 pedestrian 0 0 -10 900.21 227.08 980.20 296.81 -10 -10 -10 -100    0 -1000 -1000 -10
354 73 pedestrian 0 0 -10 874.08 168.12 965.34 270.64 -10 -10 -10 -100    0 -1000 -1000 -10
354 72 pedestrian 0 0 -10 747.79 174.25 794.94 210.76 -10 -10 -10 -100    0 -1000 -1000 -10
354 71 pedestrian 0 0 -10 886.30 229.67 973.06 302.23 -10 -10 -10 -100    0 -1000 -1000 -10
355 73 pedestrian 0 0 -10 862.67 168.14 950.67 273.78 -10 -10 -10 -100    0 -1000 -1000 -10
355 72 pedestrian 0 0 -10 728.54 174.57 775.10 211.68 -10 -10 -10 -100    0 -1000 -1000 -10
355 71 pedestrian 0 0 -10 876.19 232.95 966.59 308.45 -10 -10 -10 -100    0 -1000 -1000 -10
356 73 pedestrian 0 0 -10 850.03 169.71 945.49 279.46 -10 -10 -10 -100    0 -1000 -1000 -10
356 72 pedestrian 0 0 -10 709.16 174.50 757.58 212.96 -10 -10 -10 -100    0 -1000 -1000 -10
356 71 pedestrian 0 0 -10 866.20 236.39 965.24 315.92 -10 -10 -10 -100    0 -1000 -1000 -10
357 73 pedestrian 0 0 -10 840.66 169.60 942.36 285.34 -10 -10 -10 -100    0 -1000 -1000 -10
357 72 pedestrian 0 0 -10 691.23 174.71 738.71 214.14 -10 -10 -10 -100    0 -1000 -1000 -10
357 71 pedestrian 0 0 -10 857.78 238.69 965.14 324.18 -10 -10 -10 -100    0 -1000 -1000 -10
358 73 pedestrian 0 0 -10 832.32 172.97 937.68 291.39 -10 -10 -10 -100    0 -1000 -1000 -10
358 72 pedestrian 0 0 -10 673.82 175.67 722.54 216.03 -10 -10 -10 -100    0 -1000 -1000 -10
358 71 pedestrian 0 0 -10 852.93 240.84 968.81 336.47 -10 -10 -10 -100    0 -1000 -1000 -10
359 85 pedestrian 0 0 -10 707.86 177.46 740.74 204.05 -10 -10 -10 -100    0 -1000 -1000 -10
359 79 pedestrian 0 0 -10 803.65 174.67 835.88 209.66 -10 -10 -10 -100    0 -1000 -1000 -10
359 73 pedestrian 0 0 -10 824.31 174.78 938.16 301.47 -10 -10 -10 -100    0 -1000 -1000 -10
359 72 pedestrian 0 0 -10 658.06 177.89 707.09 217.97 -10 -10 -10 -100    0 -1000 -1000 -10
359 71 pedestrian 0 0 -10 852.21 247.13 981.15 350.45 -10 -10 -10 -100    0 -1000 -1000 -10
360 85 pedestrian 0 0 -10 692.23 179.81 724.64 206.42 -10 -10 -10 -100    0 -1000 -1000 -10
360 79 pedestrian 0 0 -10 788.77 177.31 822.23 213.20 -10 -10 -10 -100    0 -1000 -1000 -10
360 74 pedestrian 0 0 -10 728.81 174.81 761.16 196.36 -10 -10 -10 -100    0 -1000 -1000 -10
360 73 pedestrian 0 0 -10 817.81 176.27 939.35 314.30 -10 -10 -10 -100    0 -1000 -1000 -10
360 72 pedestrian 0 0 -10 641.37 179.51 692.48 220.75 -10 -10 -10 -100    0 -1000 -1000 -10
360 71 pedestrian 0 0 -10 851.13 253.30 996.93 368.59 -10 -10 -10 -100    0 -1000 -1000 -10
361 85 pedestrian 0 0 -10 678.52 182.08 710.53 209.47 -10 -10 -10 -100    0 -1000 -1000 -10
361 79 pedestrian 0 0 -10 776.19 180.66 808.85 216.04 -10 -10 -10 -100    0 -1000 -1000 -10
361 73 pedestrian 0 0 -10 812.50 179.28 946.10 325.93 -10 -10 -10 -100    0 -1000 -1000 -10
361 72 pedestrian 0 0 -10 626.31 181.98 678.28 224.32 -10 -10 -10 -100    0 -1000 -1000 -10
361 71 pedestrian 0 0 -10 853.44 261.51 1017.83 375.00 -10 -10 -10 -100    0 -1000 -1000 -10
362 85 pedestrian 0 0 -10 665.25 183.88 697.23 210.94 -10 -10 -10 -100    0 -1000 -1000 -10
362 79 pedestrian 0 0 -10 765.10 182.09 796.64 217.22 -10 -10 -10 -100    0 -1000 -1000 -10
362 73 pedestrian 0 0 -10 810.10 181.14 956.73 341.07 -10 -10 -10 -100    0 -1000 -1000 -10
362 72 pedestrian 0 0 -10 612.22 182.93 665.92 226.29 -10 -10 -10 -100    0 -1000 -1000 -10
362 71 pedestrian 0 0 -10 855.25 271.52 1044.72 375.00 -10 -10 -10 -100    0 -1000 -1000 -10
363 85 pedestrian 0 0 -10 652.84 183.21 685.32 211.42 -10 -10 -10 -100    0 -1000 -1000 -10
363 79 pedestrian 0 0 -10 753.97 181.46 786.69 217.68 -10 -10 -10 -100    0 -1000 -1000 -10
363 73 pedestrian 0 0 -10 808.02 183.38 972.51 355.69 -10 -10 -10 -100    0 -1000 -1000 -10
363 72 pedestrian 0 0 -10 599.83 183.42 654.45 227.94 -10 -10 -10 -100    0 -1000 -1000 -10
363 71 pedestrian 0 0 -10 862.87 281.66 1082.62 375.00 -10 -10 -10 -100    0 -1000 -1000 -10
364 86 pedestrian 0 0 -10 675.10 177.96 708.49 201.16 -10 -10 -10 -100    0 -1000 -1000 -10
364 85 pedestrian 0 0 -10 642.42 182.21 675.83 210.97 -10 -10 -10 -100    0 -1000 -1000 -10
364 79 pedestrian 0 0 -10 745.47 180.39 779.37 217.42 -10 -10 -10 -100    0 -1000 -1000 -10
364 73 pedestrian 0 0 -10 810.15 182.72 997.79 373.73 -10 -10 -10 -100    0 -1000 -1000 -10
364 72 pedestrian 0 0 -10 589.71 183.01 645.60 228.75 -10 -10 -10 -100    0 -1000 -1000 -10
364 71 pedestrian 0 0 -10 879.18 292.46 1145.27 375.00 -10 -10 -10 -100    0 -1000 -1000 -10
365 88 pedestrian 0 0 -10 719.58 172.40 747.12 205.78 -10 -10 -10 -100    0 -1000 -1000 -10
365 86 pedestrian 0 0 -10 669.64 175.58 700.25 199.38 -10 -10 -10 -100    0 -1000 -1000 -10
365 85 pedestrian 0 0 -10 634.77 181.08 669.89 210.47 -10 -10 -10 -100    0 -1000 -1000 -10
365 79 pedestrian 0 0 -10 740.16 179.68 775.01 217.68 -10 -10 -10 -100    0 -1000 -1000 -10
365 73 pedestrian 0 0 -10 816.26 182.52 1027.10 375.00 -10 -10 -10 -100    0 -1000 -1000 -10
365 72 pedestrian 0 0 -10 581.37 181.98 638.05 229.63 -10 -10 -10 -100    0 -1000 -1000 -10
365 71 pedestrian 0 0 -10 902.09 303.98 1238.38 375.00 -10 -10 -10 -100    0 -1000 -1000 -10
366 88 pedestrian 0 0 -10 713.41 172.49 743.15 206.78 -10 -10 -10 -100    0 -1000 -1000 -10
366 86 pedestrian 0 0 -10 663.84 175.60 695.16 198.63 -10 -10 -10 -100    0 -1000 -1000 -10
366 85 pedestrian 0 0 -10 628.16 180.36 663.71 209.42 -10 -10 -10 -100    0 -1000 -1000 -10
366 79 pedestrian 0 0 -10 735.43 179.05 771.25 218.13 -10 -10 -10 -100    0 -1000 -1000 -10
366 73 pedestrian 0 0 -10 824.70 184.16 1067.50 375.00 -10 -10 -10 -100    0 -1000 -1000 -10
366 72 pedestrian 0 0 -10 573.38 181.45 630.56 230.26 -10 -10 -10 -100    0 -1000 -1000 -10
366 71 pedestrian 0 0 -10 935.55 322.05 1241.48 375.00 -10 -10 -10 -100    0 -1000 -1000 -10
367 88 pedestrian 0 0 -10 709.58 171.38 742.31 209.04 -10 -10 -10 -100    0 -1000 -1000 -10
367 86 pedestrian 0 0 -10 655.18 175.15 690.59 200.38 -10 -10 -10 -100    0 -1000 -1000 -10
367 85 pedestrian 0 0 -10 622.44 179.32 658.30 208.85 -10 -10 -10 -100    0 -1000 -1000 -10
367 79 pedestrian 0 0 -10 732.21 179.36 767.76 218.00 -10 -10 -10 -100    0 -1000 -1000 -10
367 73 pedestrian 0 0 -10 832.88 187.66 1121.43 375.00 -10 -10 -10 -100    0 -1000 -1000 -10
367 72 pedestrian 0 0 -10 564.31 180.73 622.17 231.02 -10 -10 -10 -100    0 -1000 -1000 -10
367 71 pedestrian 0 0 -10 978.82 345.11 1242.00 375.00 -10 -10 -10 -100    0 -1000 -1000 -10
367 89 pedestrian 0 0 -10 802.52 196.70 901.43 303.77 -10 -10 -10 -100    0 -1000 -1000 -10
368 88 pedestrian 0 0 -10 702.56 171.23 741.64 210.74 -10 -10 -10 -100    0 -1000 -1000 -10
368 86 pedestrian 0 0 -10 648.79 174.13 683.94 199.45 -10 -10 -10 -100    0 -1000 -1000 -10
368 85 pedestrian 0 0 -10 616.27 178.35 652.42 208.59 -10 -10 -10 -100    0 -1000 -1000 -10
368 79 pedestrian 0 0 -10 729.06 179.00 765.44 218.15 -10 -10 -10 -100    0 -1000 -1000 -10
368 73 pedestrian 0 0 -10 844.72 188.38 1199.87 375.00 -10 -10 -10 -100    0 -1000 -1000 -10
368 72 pedestrian 0 0 -10 556.56 180.31 614.68 231.74 -10 -10 -10 -100    0 -1000 -1000 -10
368 89 pedestrian 0 0 -10 805.82 199.74 914.64 317.91 -10 -10 -10 -100    0 -1000 -1000 -10
369 88 pedestrian 0 0 -10 695.75 170.82 735.58 210.38 -10 -10 -10 -100    0 -1000 -1000 -10
369 86 pedestrian 0 0 -10 641.90 173.50 676.82 199.05 -10 -10 -10 -100    0 -1000 -1000 -10
369 85 pedestrian 0 0 -10 610.13 177.49 645.44 207.85 -10 -10 -10 -100    0 -1000 -1000 -10
369 79 pedestrian 0 0 -10 724.61 177.94 762.42 218.34 -10 -10 -10 -100    0 -1000 -1000 -10
369 73 pedestrian 0 0 -10 860.32 187.93 1241.00 375.00 -10 -10 -10 -100    0 -1000 -1000 -10
369 72 pedestrian 0 0 -10 547.54 178.36 606.90 231.72 -10 -10 -10 -100    0 -1000 -1000 -10
369 89 pedestrian 0 0 -10 812.93 201.12 931.50 328.15 -10 -10 -10 -100    0 -1000 -1000 -10
370 88 pedestrian 0 0 -10 689.64 167.94 728.53 208.43 -10 -10 -10 -100    0 -1000 -1000 -10
370 86 pedestrian 0 0 -10 635.58 172.87 671.42 196.92 -10 -10 -10 -100    0 -1000 -1000 -10
370 85 pedestrian 0 0 -10 602.40 176.15 639.13 207.68 -10 -10 -10 -100    0 -1000 -1000 -10
370 79 pedestrian 0 0 -10 719.01 177.21 757.46 218.45 -10 -10 -10 -100    0 -1000 -1000 -10
370 73 pedestrian 0 0 -10 881.58 186.65 1240.27 375.00 -10 -10 -10 -100    0 -1000 -1000 -10
370 72 pedestrian 0 0 -10 538.85 176.50 600.19 231.72 -10 -10 -10 -100    0 -1000 -1000 -10
370 89 pedestrian 0 0 -10 820.70 201.51 952.81 338.61 -10 -10 -10 -100    0 -1000 -1000 -10
371 88 pedestrian 0 0 -10 680.04 170.07 713.52 203.83 -10 -10 -10 -100    0 -1000 -1000 -10
371 86 pedestrian 0 0 -10 627.21 173.06 661.74 195.77 -10 -10 -10 -100    0 -1000 -1000 -10
371 85 pedestrian 0 0 -10 593.26 175.69 630.95 207.51 -10 -10 -10 -100    0 -1000 -1000 -10
371 79 pedestrian 0 0 -10 709.77 176.82 751.43 218.39 -10 -10 -10 -100    0 -1000 -1000 -10
371 73 pedestrian 0 0 -10 906.01 187.52 1242.00 375.00 -10 -10 -10 -100    0 -1000 -1000 -10
371 72 pedestrian 0 0 -10 528.23 174.58 592.17 231.68 -10 -10 -10 -100    0 -1000 -1000 -10
371 89 pedestrian 0 0 -10 828.72 203.19 981.12 353.30 -10 -10 -10 -100    0 -1000 -1000 -10
372 88 pedestrian 0 0 -10 671.35 168.81 705.15 202.46 -10 -10 -10 -100    0 -1000 -1000 -10
372 86 pedestrian 0 0 -10 618.19 171.54 653.10 195.50 -10 -10 -10 -100    0 -1000 -1000 -10
372 85 pedestrian 0 0 -10 583.63 174.52 622.77 207.56 -10 -10 -10 -100    0 -1000 -1000 -10
372 79 pedestrian 0 0 -10 702.82 175.72 745.84 218.70 -10 -10 -10 -100    0 -1000 -1000 -10
372 73 pedestrian 0 0 -10 942.74 192.19 1241.88 375.00 -10 -10 -10 -100    0 -1000 -1000 -10
372 72 pedestrian 0 0 -10 514.70 173.13 582.73 232.57 -10 -10 -10 -100    0 -1000 -1000 -10
372 89 pedestrian 0 0 -10 840.17 204.82 1010.90 374.59 -10 -10 -10 -100    0 -1000 -1000 -10
373 88 pedestrian 0 0 -10 662.01 167.93 700.45 203.91 -10 -10 -10 -100    0 -1000 -1000 -10
373 86 pedestrian 0 0 -10 610.32 171.59 643.85 194.70 -10 -10 -10 -100    0 -1000 -1000 -10
373 85 pedestrian 0 0 -10 573.20 174.66 612.70 208.29 -10 -10 -10 -100    0 -1000 -1000 -10
373 79 pedestrian 0 0 -10 695.16 174.99 739.23 219.06 -10 -10 -10 -100    0 -1000 -1000 -10
373 73 pedestrian 0 0 -10 986.99 187.20 1242.00 375.00 -10 -10 -10 -100    0 -1000 -1000 -10
373 72 pedestrian 0 0 -10 500.92 172.73 572.39 234.10 -10 -10 -10 -100    0 -1000 -1000 -10
373 89 pedestrian 0 0 -10 853.63 208.81 1051.49 375.00 -10 -10 -10 -100    0 -1000 -1000 -10
374 88 pedestrian 0 0 -10 651.18 168.58 695.29 209.61 -10 -10 -10 -100    0 -1000 -1000 -10
374 86 pedestrian 0 0 -10 604.02 171.70 633.91 195.16 -10 -10 -10 -100    0 -1000 -1000 -10
374 85 pedestrian 0 0 -10 562.62 176.82 604.75 210.51 -10 -10 -10 -100    0 -1000 -1000 -10
374 79 pedestrian 0 0 -10 687.42 174.31 733.31 220.36 -10 -10 -10 -100    0 -1000 -1000 -10
374 72 pedestrian 0 0 -10 485.58 174.12 561.57 238.23 -10 -10 -10 -100    0 -1000 -1000 -10
374 89 pedestrian 0 0 -10 868.52 213.04 1106.69 375.00 -10 -10 -10 -100    0 -1000 -1000 -10
375 88 pedestrian 0 0 -10 642.62 169.29 688.16 212.66 -10 -10 -10 -100    0 -1000 -1000 -10
375 86 pedestrian 0 0 -10 594.96 174.64 625.20 196.22 -10 -10 -10 -100    0 -1000 -1000 -10
375 85 pedestrian 0 0 -10 552.38 178.43 596.37 213.58 -10 -10 -10 -100    0 -1000 -1000 -10
375 79 pedestrian 0 0 -10 680.24 174.91 727.33 222.75 -10 -10 -10 -100    0 -1000 -1000 -10
375 72 pedestrian 0 0 -10 470.36 176.65 549.65 243.57 -10 -10 -10 -100    0 -1000 -1000 -10
375 89 pedestrian 0 0 -10 888.44 220.50 1169.16 375.00 -10 -10 -10 -100    0 -1000 -1000 -10
376 88 pedestrian 0 0 -10 634.14 172.86 679.94 214.75 -10 -10 -10 -100    0 -1000 -1000 -10
376 86 pedestrian 0 0 -10 579.92 177.79 614.71 199.34 -10 -10 -10 -100    0 -1000 -1000 -10
376 85 pedestrian 0 0 -10 540.33 181.00 585.22 217.26 -10 -10 -10 -100    0 -1000 -1000 -10
376 79 pedestrian 0 0 -10 671.60 178.39 721.62 227.06 -10 -10 -10 -100    0 -1000 -1000 -10
376 72 pedestrian 0 0 -10 454.30 179.59 538.58 250.29 -10 -10 -10 -100    0 -1000 -1000 -10
376 89 pedestrian 0 0 -10 915.06 231.49 1241.93 375.00 -10 -10 -10 -100    0 -1000 -1000 -10
377 88 pedestrian 0 0 -10 625.22 173.55 668.76 213.46 -10 -10 -10 -100    0 -1000 -1000 -10
377 86 pedestrian 0 0 -10 571.57 177.82 605.49 199.05 -10 -10 -10 -100    0 -1000 -1000 -10
377 85 pedestrian 0 0 -10 528.71 181.22 575.92 218.52 -10 -10 -10 -100    0 -1000 -1000 -10
377 79 pedestrian 0 0 -10 664.74 179.02 715.19 229.33 -10 -10 -10 -100    0 -1000 -1000 -10
377 72 pedestrian 0 0 -10 437.49 180.72 527.19 255.32 -10 -10 -10 -100    0 -1000 -1000 -10
377 89 pedestrian 0 0 -10 947.91 240.88 1239.01 375.00 -10 -10 -10 -100    0 -1000 -1000 -10
378 88 pedestrian 0 0 -10 618.73 172.93 652.79 205.22 -10 -10 -10 -100    0 -1000 -1000 -10
378 86 pedestrian 0 0 -10 561.82 176.15 599.85 197.63 -10 -10 -10 -100    0 -1000 -1000 -10
378 85 pedestrian 0 0 -10 518.91 179.41 567.07 217.58 -10 -10 -10 -100    0 -1000 -1000 -10
378 79 pedestrian 0 0 -10 657.77 176.10 709.57 228.27 -10 -10 -10 -100    0 -1000 -1000 -10
378 72 pedestrian 0 0 -10 419.29 180.37 515.39 259.09 -10 -10 -10 -100    0 -1000 -1000 -10
378 89 pedestrian 0 0 -10 994.96 255.92 1241.56 375.00 -10 -10 -10 -100    0 -1000 -1000 -10
379 86 pedestrian 0 0 -10 555.60 173.08 592.84 193.90 -10 -10 -10 -100    0 -1000 -1000 -10
379 85 pedestrian 0 0 -10 510.10 176.76 559.62 215.74 -10 -10 -10 -100    0 -1000 -1000 -10
379 79 pedestrian 0 0 -10 651.51 173.35 704.95 226.57 -10 -10 -10 -100    0 -1000 -1000 -10
379 88 pedestrian 0 0 -10 611.72 168.92 644.24 199.30 -10 -10 -10 -100    0 -1000 -1000 -10
379 72 pedestrian 0 0 -10 401.27 179.44 503.50 262.88 -10 -10 -10 -100    0 -1000 -1000 -10
379 89 pedestrian 0 0 -10 1068.33 275.45 1241.89 375.00 -10 -10 -10 -100    0 -1000 -1000 -10
380 86 pedestrian 0 0 -10 548.84 171.92 587.82 193.59 -10 -10 -10 -100    0 -1000 -1000 -10
380 85 pedestrian 0 0 -10 501.48 174.55 552.86 215.29 -10 -10 -10 -100    0 -1000 -1000 -10
380 79 pedestrian 0 0 -10 646.70 171.73 701.62 226.43 -10 -10 -10 -100    0 -1000 -1000 -10
380 88 pedestrian 0 0 -10 606.94 168.76 641.76 198.71 -10 -10 -10 -100    0 -1000 -1000 -10
380 72 pedestrian 0 0 -10 381.77 178.54 492.44 267.95 -10 -10 -10 -100    0 -1000 -1000 -10
380 89 pedestrian 0 0 -10 1115.27 249.18 1241.97 375.00 -10 -10 -10 -100    0 -1000 -1000 -10
381 86 pedestrian 0 0 -10 543.91 170.67 582.39 193.31 -10 -10 -10 -100    0 -1000 -1000 -10
381 85 pedestrian 0 0 -10 493.68 174.85 547.21 216.16 -10 -10 -10 -100    0 -1000 -1000 -10
381 79 pedestrian 0 0 -10 642.60 171.12 700.28 227.98 -10 -10 -10 -100    0 -1000 -1000 -10
381 88 pedestrian 0 0 -10 602.98 167.25 637.58 199.65 -10 -10 -10 -100    0 -1000 -1000 -10
381 90 pedestrian 0 0 -10 625.93 176.43 673.02 216.82 -10 -10 -10 -100    0 -1000 -1000 -10
381 72 pedestrian 0 0 -10 361.72 179.69 482.49 274.77 -10 -10 -10 -100    0 -1000 -1000 -10
382 86 pedestrian 0 0 -10 538.52 171.43 578.35 195.99 -10 -10 -10 -100    0 -1000 -1000 -10
382 85 pedestrian 0 0 -10 486.78 175.01 541.92 217.85 -10 -10 -10 -100    0 -1000 -1000 -10
382 79 pedestrian 0 0 -10 640.95 171.06 700.19 230.64 -10 -10 -10 -100    0 -1000 -1000 -10
382 88 pedestrian 0 0 -10 599.97 165.84 640.23 201.51 -10 -10 -10 -100    0 -1000 -1000 -10
382 90 pedestrian 0 0 -10 624.53 176.90 673.09 218.95 -10 -10 -10 -100    0 -1000 -1000 -10
382 72 pedestrian 0 0 -10 339.94 181.59 473.07 282.83 -10 -10 -10 -100    0 -1000 -1000 -10
383 85 pedestrian 0 0 -10 481.49 175.76 536.68 219.91 -10 -10 -10 -100    0 -1000 -1000 -10
383 86 pedestrian 0 0 -10 531.14 171.57 574.01 199.95 -10 -10 -10 -100    0 -1000 -1000 -10
383 79 pedestrian 0 0 -10 639.31 172.06 701.84 234.22 -10 -10 -10 -100    0 -1000 -1000 -10
383 88 pedestrian 0 0 -10 595.79 167.58 639.04 203.41 -10 -10 -10 -100    0 -1000 -1000 -10
383 90 pedestrian 0 0 -10 623.96 177.20 673.40 220.41 -10 -10 -10 -100    0 -1000 -1000 -10
383 72 pedestrian 0 0 -10 317.29 183.44 465.22 293.15 -10 -10 -10 -100    0 -1000 -1000 -10
384 85 pedestrian 0 0 -10 477.28 178.38 533.34 223.74 -10 -10 -10 -100    0 -1000 -1000 -10
384 86 pedestrian 0 0 -10 525.84 171.83 572.64 202.98 -10 -10 -10 -100    0 -1000 -1000 -10
384 79 pedestrian 0 0 -10 639.38 174.10 706.30 239.22 -10 -10 -10 -100    0 -1000 -1000 -10
384 88 pedestrian 0 0 -10 595.54 168.70 637.54 203.32 -10 -10 -10 -100    0 -1000 -1000 -10
384 90 pedestrian 0 0 -10 623.64 178.78 675.19 223.80 -10 -10 -10 -100    0 -1000 -1000 -10
384 72 pedestrian 0 0 -10 294.82 185.67 457.71 305.62 -10 -10 -10 -100    0 -1000 -1000 -10
385 85 pedestrian 0 0 -10 472.99 182.31 531.16 229.38 -10 -10 -10 -100    0 -1000 -1000 -10
385 86 pedestrian 0 0 -10 523.53 175.40 572.38 208.87 -10 -10 -10 -100    0 -1000 -1000 -10
385 79 pedestrian 0 0 -10 640.69 178.28 710.89 245.73 -10 -10 -10 -100    0 -1000 -1000 -10
385 88 pedestrian 0 0 -10 595.41 172.36 635.69 207.45 -10 -10 -10 -100    0 -1000 -1000 -10
385 90 pedestrian 0 0 -10 623.88 182.79 678.15 229.52 -10 -10 -10 -100    0 -1000 -1000 -10
385 72 pedestrian 0 0 -10 269.89 190.00 448.38 323.47 -10 -10 -10 -100    0 -1000 -1000 -10
386 85 pedestrian 0 0 -10 471.24 185.21 530.63 234.15 -10 -10 -10 -100    0 -1000 -1000 -10
386 86 pedestrian 0 0 -10 522.55 177.03 572.29 212.02 -10 -10 -10 -100    0 -1000 -1000 -10
386 79 pedestrian 0 0 -10 642.96 179.93 717.02 250.93 -10 -10 -10 -100    0 -1000 -1000 -10
386 88 pedestrian 0 0 -10 598.35 173.82 639.25 208.43 -10 -10 -10 -100    0 -1000 -1000 -10
386 90 pedestrian 0 0 -10 626.88 184.81 682.71 232.86 -10 -10 -10 -100    0 -1000 -1000 -10
386 72 pedestrian 0 0 -10 239.62 193.94 439.88 340.73 -10 -10 -10 -100    0 -1000 -1000 -10
387 85 pedestrian 0 0 -10 467.88 185.00 530.61 235.76 -10 -10 -10 -100    0 -1000 -1000 -10
387 86 pedestrian 0 0 -10 524.03 175.91 575.98 210.55 -10 -10 -10 -100    0 -1000 -1000 -10
387 79 pedestrian 0 0 -10 646.06 179.51 725.09 253.13 -10 -10 -10 -100    0 -1000 -1000 -10
387 88 pedestrian 0 0 -10 599.46 172.74 640.30 208.50 -10 -10 -10 -100    0 -1000 -1000 -10
387 90 pedestrian 0 0 -10 629.82 184.69 687.80 233.59 -10 -10 -10 -100    0 -1000 -1000 -10
387 72 pedestrian 0 0 -10 204.62 194.64 430.27 358.33 -10 -10 -10 -100    0 -1000 -1000 -10
388 85 pedestrian 0 0 -10 466.57 182.66 530.37 235.00 -10 -10 -10 -100    0 -1000 -1000 -10
388 86 pedestrian 0 0 -10 524.64 174.85 575.65 208.86 -10 -10 -10 -100    0 -1000 -1000 -10
388 79 pedestrian 0 0 -10 650.05 176.96 734.16 253.54 -10 -10 -10 -100    0 -1000 -1000 -10
388 88 pedestrian 0 0 -10 601.35 170.78 642.15 205.82 -10 -10 -10 -100    0 -1000 -1000 -10
388 90 pedestrian 0 0 -10 633.56 183.15 692.76 233.87 -10 -10 -10 -100    0 -1000 -1000 -10
388 72 pedestrian 0 0 -10 163.24 192.97 420.34 374.20 -10 -10 -10 -100    0 -1000 -1000 -10
389 85 pedestrian 0 0 -10 465.10 182.05 530.86 235.87 -10 -10 -10 -100    0 -1000 -1000 -10
389 86 pedestrian 0 0 -10 528.30 174.24 579.88 206.45 -10 -10 -10 -100    0 -1000 -1000 -10
389 79 pedestrian 0 0 -10 656.54 174.89 743.67 255.03 -10 -10 -10 -100    0 -1000 -1000 -10
389 88 pedestrian 0 0 -10 603.75 170.20 644.04 204.65 -10 -10 -10 -100    0 -1000 -1000 -10
389 90 pedestrian 0 0 -10 636.85 181.82 698.65 234.50 -10 -10 -10 -100    0 -1000 -1000 -10
389 72 pedestrian 0 0 -10 109.95 193.69 408.11 375.00 -10 -10 -10 -100    0 -1000 -1000 -10
390 85 pedestrian 0 0 -10 463.04 181.86 531.98 237.31 -10 -10 -10 -100    0 -1000 -1000 -10
390 86 pedestrian 0 0 -10 538.11 173.29 586.52 204.37 -10 -10 -10 -100    0 -1000 -1000 -10
390 79 pedestrian 0 0 -10 662.13 173.83 755.33 259.27 -10 -10 -10 -100    0 -1000 -1000 -10
390 88 pedestrian 0 0 -10 607.77 168.96 644.96 203.67 -10 -10 -10 -100    0 -1000 -1000 -10
390 90 pedestrian 0 0 -10 641.01 181.38 706.72 236.71 -10 -10 -10 -100    0 -1000 -1000 -10
390 72 pedestrian 0 0 -10 39.67 193.99 393.95 375.00 -10 -10 -10 -100    0 -1000 -1000 -10
391 85 pedestrian 0 0 -10 460.29 181.85 532.47 240.14 -10 -10 -10 -100    0 -1000 -1000 -10
391 86 pedestrian 0 0 -10 543.19 174.08 589.71 204.25 -10 -10 -10 -100    0 -1000 -1000 -10
391 79 pedestrian 0 0 -10 667.48 173.60 767.33 264.37 -10 -10 -10 -100    0 -1000 -1000 -10
391 88 pedestrian 0 0 -10 611.33 169.23 649.04 205.49 -10 -10 -10 -100    0 -1000 -1000 -10
391 90 pedestrian 0 0 -10 646.10 182.04 713.00 238.78 -10 -10 -10 -100    0 -1000 -1000 -10
391 72 pedestrian 0 0 -10 1.23 193.99 376.11 375.00 -10 -10 -10 -100    0 -1000 -1000 -10
392 86 pedestrian 0 0 -10 547.80 175.24 591.91 205.52 -10 -10 -10 -100    0 -1000 -1000 -10
392 79 pedestrian 0 0 -10 674.43 174.78 780.50 269.81 -10 -10 -10 -100    0 -1000 -1000 -10
392 85 pedestrian 0 0 -10 457.94 182.82 532.75 242.61 -10 -10 -10 -100    0 -1000 -1000 -10
392 88 pedestrian 0 0 -10 613.97 171.19 652.73 208.29 -10 -10 -10 -100    0 -1000 -1000 -10
392 90 pedestrian 0 0 -10 650.84 182.22 721.23 242.19 -10 -10 -10 -100    0 -1000 -1000 -10
392 72 pedestrian 0 0 -10 0.00 195.46 363.17 375.00 -10 -10 -10 -100    0 -1000 -1000 -10
393 86 pedestrian 0 0 -10 550.71 175.66 594.71 206.53 -10 -10 -10 -100    0 -1000 -1000 -10
393 79 pedestrian 0 0 -10 682.11 176.09 796.00 275.67 -10 -10 -10 -100    0 -1000 -1000 -10
393 85 pedestrian 0 0 -10 454.98 183.36 533.45 245.55 -10 -10 -10 -100    0 -1000 -1000 -10
393 88 pedestrian 0 0 -10 619.21 170.88 659.35 209.08 -10 -10 -10 -100    0 -1000 -1000 -10
393 90 pedestrian 0 0 -10 655.57 182.47 727.80 243.66 -10 -10 -10 -100    0 -1000 -1000 -10
393 72 pedestrian 0 0 -10 0.00 197.05 337.46 375.00 -10 -10 -10 -100    0 -1000 -1000 -10
394 86 pedestrian 0 0 -10 552.37 176.34 596.31 207.03 -10 -10 -10 -100    0 -1000 -1000 -10
394 79 pedestrian 0 0 -10 690.65 175.63 811.60 283.14 -10 -10 -10 -100    0 -1000 -1000 -10
394 85 pedestrian 0 0 -10 451.82 183.88 534.00 249.20 -10 -10 -10 -100    0 -1000 -1000 -10
394 88 pedestrian 0 0 -10 623.10 169.91 662.71 209.07 -10 -10 -10 -100    0 -1000 -1000 -10
394 90 pedestrian 0 0 -10 660.93 182.57 735.99 246.65 -10 -10 -10 -100    0 -1000 -1000 -10
394 92 pedestrian 0 0 -10 519.69 180.75 558.32 217.27 -10 -10 -10 -100    0 -1000 -1000 -10
394 72 pedestrian 0 0 -10 0.00 199.40 310.14 375.00 -10 -10 -10 -100    0 -1000 -1000 -10
395 86 pedestrian 0 0 -10 551.63 175.35 598.58 207.56 -10 -10 -10 -100    0 -1000 -1000 -10
395 79 pedestrian 0 0 -10 698.68 175.36 829.18 291.45 -10 -10 -10 -100    0 -1000 -1000 -10
395 85 pedestrian 0 0 -10 447.35 185.87 533.84 253.47 -10 -10 -10 -100    0 -1000 -1000 -10
395 88 pedestrian 0 0 -10 626.67 166.64 668.34 207.17 -10 -10 -10 -100    0 -1000 -1000 -10
395 90 pedestrian 0 0 -10 665.50 181.17 745.65 249.08 -10 -10 -10 -100    0 -1000 -1000 -10
395 92 pedestrian 0 0 -10 520.83 181.10 559.47 218.29 -10 -10 -10 -100    0 -1000 -1000 -10
395 72 pedestrian 0 0 -10 0.34 204.02 272.42 375.00 -10 -10 -10 -100    0 -1000 -1000 -10
396 86 pedestrian 0 0 -10 552.92 174.41 602.57 208.09 -10 -10 -10 -100    0 -1000 -1000 -10
396 79 pedestrian 0 0 -10 708.87 175.57 850.69 301.54 -10 -10 -10 -100    0 -1000 -1000 -10
396 85 pedestrian 0 0 -10 440.96 186.06 534.13 257.85 -10 -10 -10 -100    0 -1000 -1000 -10
396 88 pedestrian 0 0 -10 629.96 164.69 671.41 206.77 -10 -10 -10 -100    0 -1000 -1000 -10
396 90 pedestrian 0 0 -10 672.45 180.98 755.63 251.46 -10 -10 -10 -100    0 -1000 -1000 -10
396 92 pedestrian 0 0 -10 522.04 180.14 560.37 218.82 -10 -10 -10 -100    0 -1000 -1000 -10
396 72 pedestrian 0 0 -10 0.00 209.73 208.93 375.00 -10 -10 -10 -100    0 -1000 -1000 -10
397 86 pedestrian 0 0 -10 554.30 173.29 606.16 210.60 -10 -10 -10 -100    0 -1000 -1000 -10
397 79 pedestrian 0 0 -10 717.15 176.53 875.25 314.14 -10 -10 -10 -100    0 -1000 -1000 -10
397 85 pedestrian 0 0 -10 435.15 186.65 533.63 263.33 -10 -10 -10 -100    0 -1000 -1000 -10
397 88 pedestrian 0 0 -10 631.52 163.98 672.51 207.04 -10 -10 -10 -100    0 -1000 -1000 -10
397 90 pedestrian 0 0 -10 679.89 181.41 767.69 255.38 -10 -10 -10 -100    0 -1000 -1000 -10
397 92 pedestrian 0 0 -10 523.65 180.50 562.09 220.48 -10 -10 -10 -100    0 -1000 -1000 -10
397 72 pedestrian 0 0 -10 0.00 230.73 115.46 375.00 -10 -10 -10 -100    0 -1000 -1000 -10
398 86 pedestrian 0 0 -10 556.21 172.17 608.69 211.66 -10 -10 -10 -100    0 -1000 -1000 -10
398 79 pedestrian 0 0 -10 729.08 177.64 904.53 328.86 -10 -10 -10 -100    0 -1000 -1000 -10
398 85 pedestrian 0 0 -10 427.70 188.27 534.39 269.65 -10 -10 -10 -100    0 -1000 -1000 -10
398 88 pedestrian 0 0 -10 634.36 165.24 672.43 206.30 -10 -10 -10 -100    0 -1000 -1000 -10
398 90 pedestrian 0 0 -10 684.68 182.70 777.64 261.77 -10 -10 -10 -100    0 -1000 -1000 -10
398 92 pedestrian 0 0 -10 524.36 181.18 564.13 222.03 -10 -10 -10 -100    0 -1000 -1000 -10
399 86 pedestrian 0 0 -10 556.80 172.78 608.78 212.12 -10 -10 -10 -100    0 -1000 -1000 -10
399 79 pedestrian 0 0 -10 739.34 178.31 939.23 346.69 -10 -10 -10 -100    0 -1000 -1000 -10
399 85 pedestrian 0 0 -10 420.59 187.44 535.39 276.42 -10 -10 -10 -100    0 -1000 -1000 -10
399 88 pedestrian 0 0 -10 639.15 166.50 667.22 202.44 -10 -10 -10 -100    0 -1000 -1000 -10
399 90 pedestrian 0 0 -10 690.04 185.52 790.77 267.96 -10 -10 -10 -100    0 -1000 -1000 -10
399 92 pedestrian 0 0 -10 523.35 180.83 565.14 223.46 -10 -10 -10 -100    0 -1000 -1000 -10
400 86 pedestrian 0 0 -10 555.59 172.92 609.51 212.48 -10 -10 -10 -100    0 -1000 -1000 -10
400 79 pedestrian 0 0 -10 751.76 178.54 981.58 365.58 -10 -10 -10 -100    0 -1000 -1000 -10
400 85 pedestrian 0 0 -10 409.63 187.83 532.28 281.00 -10 -10 -10 -100    0 -1000 -1000 -10
400 88 pedestrian 0 0 -10 647.46 176.67 673.03 200.85 -10 -10 -10 -100    0 -1000 -1000 -10
400 90 pedestrian 0 0 -10 695.50 186.13 807.45 275.31 -10 -10 -10 -100    0 -1000 -1000 -10
400 92 pedestrian 0 0 -10 522.76 180.37 565.15 223.73 -10 -10 -10 -100    0 -1000 -1000 -10
400 93 pedestrian 0 0 -10 672.38 184.07 748.26 247.76 -10 -10 -10 -100    0 -1000 -1000 -10
401 86 pedestrian 0 0 -10 555.46 172.29 610.31 211.84 -10 -10 -10 -100    0 -1000 -1000 -10
401 79 pedestrian 0 0 -10 765.21 179.88 1034.65 375.00 -10 -10 -10 -100    0 -1000 -1000 -10
401 85 pedestrian 0 0 -10 398.30 185.99 528.94 285.32 -10 -10 -10 -100    0 -1000 -1000 -10
401 88 pedestrian 0 0 -10 650.32 176.12 674.64 200.81 -10 -10 -10 -100    0 -1000 -1000 -10
401 90 pedestrian 0 0 -10 698.91 187.24 817.60 282.07 -10 -10 -10 -100    0 -1000 -1000 -10
401 92 pedestrian 0 0 -10 520.96 179.60 564.40 223.98 -10 -10 -10 -100    0 -1000 -1000 -10
401 93 pedestrian 0 0 -10 675.74 184.16 753.36 250.49 -10 -10 -10 -100    0 -1000 -1000 -10
402 96 pedestrian 0 0 -10 451.19 178.78 539.28 251.57 -10 -10 -10 -100    0 -1000 -1000 -10
402 95 pedestrian 0 0 -10 646.50 162.95 669.43 196.86 -10 -10 -10 -100    0 -1000 -1000 -10
402 94 pedestrian 0 0 -10 665.74 179.73 707.03 215.89 -10 -10 -10 -100    0 -1000 -1000 -10
402 86 pedestrian 0 0 -10 554.89 171.15 609.92 209.64 -10 -10 -10 -100    0 -1000 -1000 -10
402 79 pedestrian 0 0 -10 780.84 178.81 1106.24 375.00 -10 -10 -10 -100    0 -1000 -1000 -10
402 85 pedestrian 0 0 -10 383.16 184.79 524.96 291.32 -10 -10 -10 -100    0 -1000 -1000 -10
402 88 pedestrian 0 0 -10 652.71 175.92 678.00 201.02 -10 -10 -10 -100    0 -1000 -1000 -10
402 90 pedestrian 0 0 -10 706.35 187.66 834.55 289.93 -10 -10 -10 -100    0 -1000 -1000 -10
402 92 pedestrian 0 0 -10 517.09 177.40 563.21 224.96 -10 -10 -10 -100    0 -1000 -1000 -10
402 93 pedestrian 0 0 -10 678.11 184.18 762.71 253.57 -10 -10 -10 -100    0 -1000 -1000 -10
403 96 pedestrian 0 0 -10 443.90 177.58 535.06 254.54 -10 -10 -10 -100    0 -1000 -1000 -10
403 95 pedestrian 0 0 -10 646.98 162.59 670.94 196.16 -10 -10 -10 -100    0 -1000 -1000 -10
403 94 pedestrian 0 0 -10 667.51 179.58 709.77 216.27 -10 -10 -10 -100    0 -1000 -1000 -10
403 86 pedestrian 0 0 -10 554.65 170.58 609.71 209.36 -10 -10 -10 -100    0 -1000 -1000 -10
403 79 pedestrian 0 0 -10 798.95 178.07 1203.81 375.00 -10 -10 -10 -100    0 -1000 -1000 -10
403 85 pedestrian 0 0 -10 364.92 183.77 520.31 298.58 -10 -10 -10 -100    0 -1000 -1000 -10
403 88 pedestrian 0 0 -10 653.11 174.44 678.23 199.78 -10 -10 -10 -100    0 -1000 -1000 -10
403 90 pedestrian 0 0 -10 710.72 187.64 849.61 298.03 -10 -10 -10 -100    0 -1000 -1000 -10
403 92 pedestrian 0 0 -10 512.97 177.66 560.78 225.96 -10 -10 -10 -100    0 -1000 -1000 -10
403 93 pedestrian 0 0 -10 681.60 183.94 772.84 257.82 -10 -10 -10 -100    0 -1000 -1000 -10
404 96 pedestrian 0 0 -10 433.57 177.24 529.98 258.28 -10 -10 -10 -100    0 -1000 -1000 -10
404 95 pedestrian 0 0 -10 645.93 163.06 671.49 197.26 -10 -10 -10 -100    0 -1000 -1000 -10
404 94 pedestrian 0 0 -10 667.75 179.52 713.84 219.83 -10 -10 -10 -100    0 -1000 -1000 -10
404 86 pedestrian 0 0 -10 554.39 170.75 609.64 209.25 -10 -10 -10 -100    0 -1000 -1000 -10
404 79 pedestrian 0 0 -10 821.51 179.14 1240.89 375.00 -10 -10 -10 -100    0 -1000 -1000 -10
404 85 pedestrian 0 0 -10 341.04 184.33 514.08 307.87 -10 -10 -10 -100    0 -1000 -1000 -10
404 88 pedestrian 0 0 -10 652.72 174.38 678.83 200.67 -10 -10 -10 -100    0 -1000 -1000 -10
404 90 pedestrian 0 0 -10 715.90 189.39 867.28 308.27 -10 -10 -10 -100    0 -1000 -1000 -10
404 92 pedestrian 0 0 -10 509.35 177.23 557.50 226.28 -10 -10 -10 -100    0 -1000 -1000 -10
404 97 pedestrian 0 0 -10 639.39 172.80 663.53 195.75 -10 -10 -10 -100    0 -1000 -1000 -10
404 93 pedestrian 0 0 -10 683.74 185.19 782.26 265.20 -10 -10 -10 -100    0 -1000 -1000 -10
405 96 pedestrian 0 0 -10 422.08 177.72 525.42 263.35 -10 -10 -10 -100    0 -1000 -1000 -10
405 95 pedestrian 0 0 -10 644.88 163.36 670.47 197.43 -10 -10 -10 -100    0 -1000 -1000 -10
405 94 pedestrian 0 0 -10 668.13 181.06 715.57 222.45 -10 -10 -10 -100    0 -1000 -1000 -10
405 86 pedestrian 0 0 -10 580.35 171.34 609.54 198.70 -10 -10 -10 -100    0 -1000 -1000 -10
405 79 pedestrian 0 0 -10 851.29 187.07 1241.37 375.00 -10 -10 -10 -100    0 -1000 -1000 -10
405 85 pedestrian 0 0 -10 313.55 185.40 508.71 320.47 -10 -10 -10 -100    0 -1000 -1000 -10
405 88 pedestrian 0 0 -10 653.13 176.76 678.56 201.50 -10 -10 -10 -100    0 -1000 -1000 -10
405 90 pedestrian 0 0 -10 722.21 190.80 890.26 321.25 -10 -10 -10 -100    0 -1000 -1000 -10
405 92 pedestrian 0 0 -10 501.64 176.83 554.95 228.31 -10 -10 -10 -100    0 -1000 -1000 -10
405 93 pedestrian 0 0 -10 686.23 186.30 790.18 270.76 -10 -10 -10 -100    0 -1000 -1000 -10
406 96 pedestrian 0 0 -10 410.94 178.13 520.13 266.44 -10 -10 -10 -100    0 -1000 -1000 -10
406 95 pedestrian 0 0 -10 643.91 163.67 669.59 197.62 -10 -10 -10 -100    0 -1000 -1000 -10
406 94 pedestrian 0 0 -10 668.69 182.37 717.94 224.57 -10 -10 -10 -100    0 -1000 -1000 -10
406 86 pedestrian 0 0 -10 579.41 171.33 608.15 197.92 -10 -10 -10 -100    0 -1000 -1000 -10
406 79 pedestrian 0 0 -10 890.94 194.18 1242.00 375.00 -10 -10 -10 -100    0 -1000 -1000 -10
406 85 pedestrian 0 0 -10 279.98 186.54 500.35 336.96 -10 -10 -10 -100    0 -1000 -1000 -10
406 88 pedestrian 0 0 -10 653.03 178.81 679.31 203.21 -10 -10 -10 -100    0 -1000 -1000 -10
406 90 pedestrian 0 0 -10 730.15 192.15 916.57 337.03 -10 -10 -10 -100    0 -1000 -1000 -10
406 92 pedestrian 0 0 -10 496.36 177.24 551.48 229.91 -10 -10 -10 -100    0 -1000 -1000 -10
406 93 pedestrian 0 0 -10 689.88 187.11 802.54 278.05 -10 -10 -10 -100    0 -1000 -1000 -10
407 96 pedestrian 0 0 -10 397.15 177.68 515.26 269.37 -10 -10 -10 -100    0 -1000 -1000 -10
407 95 pedestrian 0 0 -10 643.45 162.98 669.18 197.45 -10 -10 -10 -100    0 -1000 -1000 -10
407 94 pedestrian 0 0 -10 669.69 182.79 719.10 225.46 -10 -10 -10 -100    0 -1000 -1000 -10
407 86 pedestrian 0 0 -10 577.44 170.19 607.33 196.51 -10 -10 -10 -100    0 -1000 -1000 -10
407 79 pedestrian 0 0 -10 933.76 195.57 1241.74 375.00 -10 -10 -10 -100    0 -1000 -1000 -10
407 85 pedestrian 0 0 -10 240.05 186.87 493.74 357.68 -10 -10 -10 -100    0 -1000 -1000 -10
407 88 pedestrian 0 0 -10 652.83 177.56 679.17 203.94 -10 -10 -10 -100    0 -1000 -1000 -10
407 90 pedestrian 0 0 -10 739.35 193.57 948.51 354.28 -10 -10 -10 -100    0 -1000 -1000 -10
407 92 pedestrian 0 0 -10 492.62 177.36 548.43 231.12 -10 -10 -10 -100    0 -1000 -1000 -10
407 93 pedestrian 0 0 -10 692.74 188.45 815.35 285.26 -10 -10 -10 -100    0 -1000 -1000 -10
408 98 pedestrian 0 0 -10 538.75 179.67 569.44 217.40 -10 -10 -10 -100    0 -1000 -1000 -10
408 96 pedestrian 0 0 -10 383.41 175.84 509.68 275.71 -10 -10 -10 -100    0 -1000 -1000 -10
408 95 pedestrian 0 0 -10 643.40 161.83 669.95 197.03 -10 -10 -10 -100    0 -1000 -1000 -10
408 94 pedestrian 0 0 -10 670.66 182.39 722.63 226.38 -10 -10 -10 -100    0 -1000 -1000 -10
408 86 pedestrian 0 0 -10 575.72 168.87 606.99 194.67 -10 -10 -10 -100    0 -1000 -1000 -10
408 79 pedestrian 0 0 -10 1008.53 193.79 1242.00 375.00 -10 -10 -10 -100    0 -1000 -1000 -10
408 85 pedestrian 0 0 -10 190.50 187.44 483.57 375.00 -10 -10 -10 -100    0 -1000 -1000 -10
408 88 pedestrian 0 0 -10 651.98 175.25 678.33 202.54 -10 -10 -10 -100    0 -1000 -1000 -10
408 90 pedestrian 0 0 -10 750.29 194.49 993.75 375.00 -10 -10 -10 -100    0 -1000 -1000 -10
408 92 pedestrian 0 0 -10 489.43 177.40 545.05 232.01 -10 -10 -10 -100    0 -1000 -1000 -10
408 93 pedestrian 0 0 -10 696.84 188.60 828.49 293.04 -10 -10 -10 -100    0 -1000 -1000 -10
409 98 pedestrian 0 0 -10 534.31 180.64 567.42 218.19 -10 -10 -10 -100    0 -1000 -1000 -10
409 96 pedestrian 0 0 -10 364.37 176.21 502.24 282.70 -10 -10 -10 -100    0 -1000 -1000 -10
409 95 pedestrian 0 0 -10 643.43 160.74 669.94 196.33 -10 -10 -10 -100    0 -1000 -1000 -10
409 94 pedestrian 0 0 -10 671.63 182.31 726.05 228.60 -10 -10 -10 -100    0 -1000 -1000 -10
409 86 pedestrian 0 0 -10 574.09 168.28 604.52 194.98 -10 -10 -10 -100    0 -1000 -1000 -10
409 79 pedestrian 0 0 -10 1125.94 201.95 1241.78 375.00 -10 -10 -10 -100    0 -1000 -1000 -10
409 85 pedestrian 0 0 -10 125.90 187.89 473.21 375.00 -10 -10 -10 -100    0 -1000 -1000 -10
409 88 pedestrian 0 0 -10 651.55 174.15 679.07 202.29 -10 -10 -10 -100    0 -1000 -1000 -10
409 90 pedestrian 0 0 -10 763.56 196.69 1048.18 375.00 -10 -10 -10 -100    0 -1000 -1000 -10
409 92 pedestrian 0 0 -10 481.15 176.86 541.50 234.31 -10 -10 -10 -100    0 -1000 -1000 -10
409 93 pedestrian 0 0 -10 701.24 190.95 847.64 304.17 -10 -10 -10 -100    0 -1000 -1000 -10
410 98 pedestrian 0 0 -10 523.67 179.38 564.11 220.20 -10 -10 -10 -100    0 -1000 -1000 -10
410 96 pedestrian 0 0 -10 342.04 174.46 495.20 292.84 -10 -10 -10 -100    0 -1000 -1000 -10
410 95 pedestrian 0 0 -10 642.82 159.94 669.76 195.94 -10 -10 -10 -100    0 -1000 -1000 -10
410 94 pedestrian 0 0 -10 671.92 181.81 728.14 229.20 -10 -10 -10 -100    0 -1000 -1000 -10
410 86 pedestrian 0 0 -10 572.61 168.81 603.68 195.17 -10 -10 -10 -100    0 -1000 -1000 -10
410 85 pedestrian 0 0 -10 34.37 188.91 460.34 375.00 -10 -10 -10 -100    0 -1000 -1000 -10
410 88 pedestrian 0 0 -10 651.46 173.98 679.73 202.54 -10 -10 -10 -100    0 -1000 -1000 -10
410 90 pedestrian 0 0 -10 778.51 200.38 1130.65 375.00 -10 -10 -10 -100    0 -1000 -1000 -10
410 92 pedestrian 0 0 -10 471.77 175.09 537.77 236.09 -10 -10 -10 -100    0 -1000 -1000 -10
410 93 pedestrian 0 0 -10 706.05 193.60 865.77 317.31 -10 -10 -10 -100    0 -1000 -1000 -10
411 95 pedestrian 0 0 -10 642.37 159.18 670.17 195.99 -10 -10 -10 -100    0 -1000 -1000 -10
411 94 pedestrian 0 0 -10 672.26 180.70 730.43 229.55 -10 -10 -10 -100    0 -1000 -1000 -10
411 86 pedestrian 0 0 -10 569.88 169.19 603.03 194.59 -10 -10 -10 -100    0 -1000 -1000 -10
411 85 pedestrian 0 0 -10 0.58 188.25 439.95 375.00 -10 -10 -10 -100    0 -1000 -1000 -10
411 96 pedestrian 0 0 -10 320.94 174.60 486.94 299.81 -10 -10 -10 -100    0 -1000 -1000 -10
411 88 pedestrian 0 0 -10 651.14 173.04 679.99 202.38 -10 -10 -10 -100    0 -1000 -1000 -10
411 90 pedestrian 0 0 -10 794.29 206.45 1235.55 375.00 -10 -10 -10 -100    0 -1000 -1000 -10
411 92 pedestrian 0 0 -10 463.98 174.22 533.38 237.87 -10 -10 -10 -100    0 -1000 -1000 -10
411 93 pedestrian 0 0 -10 711.67 195.37 891.61 331.29 -10 -10 -10 -100    0 -1000 -1000 -10
411 98 pedestrian 0 0 -10 503.83 176.03 556.83 221.05 -10 -10 -10 -100    0 -1000 -1000 -10
412 95 pedestrian 0 0 -10 642.59 158.57 670.80 195.59 -10 -10 -10 -100    0 -1000 -1000 -10
412 94 pedestrian 0 0 -10 673.76 180.37 734.20 230.79 -10 -10 -10 -100    0 -1000 -1000 -10
412 86 pedestrian 0 0 -10 568.26 168.36 603.27 193.81 -10 -10 -10 -100    0 -1000 -1000 -10
412 85 pedestrian 0 0 -10 0.75 188.94 424.34 375.00 -10 -10 -10 -100    0 -1000 -1000 -10
412 96 pedestrian 0 0 -10 293.34 174.55 477.91 311.95 -10 -10 -10 -100    0 -1000 -1000 -10
412 88 pedestrian 0 0 -10 651.39 173.36 681.14 202.63 -10 -10 -10 -100    0 -1000 -1000 -10
412 90 pedestrian 0 0 -10 819.77 210.88 1239.35 375.00 -10 -10 -10 -100    0 -1000 -1000 -10
412 92 pedestrian 0 0 -10 456.85 173.13 529.29 240.08 -10 -10 -10 -100    0 -1000 -1000 -10
412 93 pedestrian 0 0 -10 718.00 197.16 917.72 346.00 -10 -10 -10 -100    0 -1000 -1000 -10
412 98 pedestrian 0 0 -10 498.72 175.36 553.92 221.48 -10 -10 -10 -100    0 -1000 -1000 -10
413 95 pedestrian 0 0 -10 642.15 157.65 670.00 194.75 -10 -10 -10 -100    0 -1000 -1000 -10
413 94 pedestrian 0 0 -10 674.24 179.23 740.91 232.42 -10 -10 -10 -100    0 -1000 -1000 -10
413 86 pedestrian 0 0 -10 566.79 167.27 603.15 193.21 -10 -10 -10 -100    0 -1000 -1000 -10
413 85 pedestrian 0 0 -10 0.10 190.01 395.72 375.00 -10 -10 -10 -100    0 -1000 -1000 -10
413 96 pedestrian 0 0 -10 260.44 173.15 467.18 327.91 -10 -10 -10 -100    0 -1000 -1000 -10
413 88 pedestrian 0 0 -10 650.84 172.57 681.37 202.53 -10 -10 -10 -100    0 -1000 -1000 -10
413 90 pedestrian 0 0 -10 846.47 217.03 1241.76 375.00 -10 -10 -10 -100    0 -1000 -1000 -10
413 92 pedestrian 0 0 -10 447.90 171.58 525.30 241.96 -10 -10 -10 -100    0 -1000 -1000 -10
413 93 pedestrian 0 0 -10 725.28 198.47 950.36 367.19 -10 -10 -10 -100    0 -1000 -1000 -10
413 98 pedestrian 0 0 -10 495.72 174.05 552.19 221.76 -10 -10 -10 -100    0 -1000 -1000 -10
414 95 pedestrian 0 0 -10 642.00 156.45 670.70 193.07 -10 -10 -10 -100    0 -1000 -1000 -10
414 94 pedestrian 0 0 -10 677.33 177.57 744.93 233.32 -10 -10 -10 -100    0 -1000 -1000 -10
414 86 pedestrian 0 0 -10 565.62 164.60 603.54 190.86 -10 -10 -10 -100    0 -1000 -1000 -10
414 85 pedestrian 0 0 -10 1.87 190.98 362.98 375.00 -10 -10 -10 -100    0 -1000 -1000 -10
414 96 pedestrian 0 0 -10 218.41 172.72 457.51 343.85 -10 -10 -10 -100    0 -1000 -1000 -10
414 88 pedestrian 0 0 -10 651.05 171.31 682.46 201.59 -10 -10 -10 -100    0 -1000 -1000 -10
414 90 pedestrian 0 0 -10 888.61 219.80 1241.05 375.00 -10 -10 -10 -100    0 -1000 -1000 -10
414 92 pedestrian 0 0 -10 438.62 169.86 521.12 243.63 -10 -10 -10 -100    0 -1000 -1000 -10
414 93 pedestrian 0 0 -10 734.91 198.91 996.50 375.00 -10 -10 -10 -100    0 -1000 -1000 -10
414 98 pedestrian 0 0 -10 491.33 172.30 551.45 221.46 -10 -10 -10 -100    0 -1000 -1000 -10
415 99 pedestrian 0 0 -10 626.10 165.66 646.19 186.62 -10 -10 -10 -100    0 -1000 -1000 -10
415 95 pedestrian 0 0 -10 641.89 154.23 672.57 191.89 -10 -10 -10 -100    0 -1000 -1000 -10
415 94 pedestrian 0 0 -10 678.51 175.05 748.79 234.05 -10 -10 -10 -100    0 -1000 -1000 -10
415 86 pedestrian 0 0 -10 564.96 161.85 602.20 188.48 -10 -10 -10 -100    0 -1000 -1000 -10
415 85 pedestrian 0 0 -10 0.00 187.96 323.09 375.00 -10 -10 -10 -100    0 -1000 -1000 -10
415 96 pedestrian 0 0 -10 164.31 173.07 444.74 369.14 -10 -10 -10 -100    0 -1000 -1000 -10
415 88 pedestrian 0 0 -10 651.24 169.87 682.47 200.70 -10 -10 -10 -100    0 -1000 -1000 -10
415 90 pedestrian 0 0 -10 950.58 228.74 1242.00 375.00 -10 -10 -10 -100    0 -1000 -1000 -10
415 92 pedestrian 0 0 -10 428.80 168.64 515.86 246.93 -10 -10 -10 -100    0 -1000 -1000 -10
415 93 pedestrian 0 0 -10 746.27 200.33 1065.08 375.00 -10 -10 -10 -100    0 -1000 -1000 -10
415 98 pedestrian 0 0 -10 486.03 169.93 549.24 222.20 -10 -10 -10 -100    0 -1000 -1000 -10
416 99 pedestrian 0 0 -10 625.40 165.36 646.84 187.14 -10 -10 -10 -100    0 -1000 -1000 -10
416 95 pedestrian 0 0 -10 641.59 153.62 673.24 191.85 -10 -10 -10 -100    0 -1000 -1000 -10
416 94 pedestrian 0 0 -10 680.23 175.70 756.16 237.06 -10 -10 -10 -100    0 -1000 -1000 -10
416 86 pedestrian 0 0 -10 563.23 161.81 601.38 189.24 -10 -10 -10 -100    0 -1000 -1000 -10
416 85 pedestrian 0 0 -10 0.00 184.49 253.49 375.00 -10 -10 -10 -100    0 -1000 -1000 -10
416 96 pedestrian 0 0 -10 94.78 174.17 429.02 375.00 -10 -10 -10 -100    0 -1000 -1000 -10
416 88 pedestrian 0 0 -10 651.59 170.04 684.32 200.86 -10 -10 -10 -100    0 -1000 -1000 -10
416 92 pedestrian 0 0 -10 416.97 169.81 510.78 253.87 -10 -10 -10 -100    0 -1000 -1000 -10
416 93 pedestrian 0 0 -10 759.34 202.88 1147.10 375.00 -10 -10 -10 -100    0 -1000 -1000 -10
416 98 pedestrian 0 0 -10 480.90 169.93 546.60 224.64 -10 -10 -10 -100    0 -1000 -1000 -10
417 99 pedestrian 0 0 -10 625.70 167.73 645.55 188.27 -10 -10 -10 -100    0 -1000 -1000 -10
417 95 pedestrian 0 0 -10 640.68 155.20 672.91 194.46 -10 -10 -10 -100    0 -1000 -1000 -10
417 94 pedestrian 0 0 -10 682.57 179.45 763.74 243.48 -10 -10 -10 -100    0 -1000 -1000 -10
417 86 pedestrian 0 0 -10 561.54 165.47 599.75 194.00 -10 -10 -10 -100    0 -1000 -1000 -10
417 85 pedestrian 0 0 -10 0.00 200.38 131.27 375.00 -10 -10 -10 -100    0 -1000 -1000 -10
417 96 pedestrian 0 0 -10 12.15 174.86 408.87 375.00 -10 -10 -10 -100    0 -1000 -1000 -10
417 88 pedestrian 0 0 -10 651.35 171.85 684.57 204.47 -10 -10 -10 -100    0 -1000 -1000 -10
417 92 pedestrian 0 0 -10 403.85 173.37 505.74 262.94 -10 -10 -10 -100    0 -1000 -1000 -10
417 93 pedestrian 0 0 -10 774.47 205.73 1242.00 375.00 -10 -10 -10 -100    0 -1000 -1000 -10
417 98 pedestrian 0 0 -10 473.72 172.64 543.33 229.25 -10 -10 -10 -100    0 -1000 -1000 -10
418 99 pedestrian 0 0 -10 625.28 172.47 645.76 192.05 -10 -10 -10 -100    0 -1000 -1000 -10
418 95 pedestrian 0 0 -10 641.37 158.92 673.45 199.06 -10 -10 -10 -100    0 -1000 -1000 -10
418 94 pedestrian 0 0 -10 685.77 183.72 770.80 251.79 -10 -10 -10 -100    0 -1000 -1000 -10
418 86 pedestrian 0 0 -10 559.87 170.25 599.00 198.38 -10 -10 -10 -100    0 -1000 -1000 -10
418 96 pedestrian 0 0 -10 0.00 173.57 389.58 375.00 -10 -10 -10 -100    0 -1000 -1000 -10
418 88 pedestrian 0 0 -10 652.62 175.76 686.61 208.83 -10 -10 -10 -100    0 -1000 -1000 -10
418 92 pedestrian 0 0 -10 390.21 177.20 500.69 272.19 -10 -10 -10 -100    0 -1000 -1000 -10
418 93 pedestrian 0 0 -10 794.50 209.54 1242.00 375.00 -10 -10 -10 -100    0 -1000 -1000 -10
418 98 pedestrian 0 0 -10 468.03 175.80 540.03 234.87 -10 -10 -10 -100    0 -1000 -1000 -10
419 99 pedestrian 0 0 -10 625.57 174.25 645.47 193.41 -10 -10 -10 -100    0 -1000 -1000 -10
419 95 pedestrian 0 0 -10 640.99 160.61 674.22 201.60 -10 -10 -10 -100    0 -1000 -1000 -10
419 94 pedestrian 0 0 -10 689.28 185.20 779.47 257.31 -10 -10 -10 -100    0 -1000 -1000 -10
419 86 pedestrian 0 0 -10 559.01 171.36 598.89 200.59 -10 -10 -10 -100    0 -1000 -1000 -10
419 96 pedestrian 0 0 -10 1.93 174.82 360.54 375.00 -10 -10 -10 -100    0 -1000 -1000 -10
419 88 pedestrian 0 0 -10 652.15 177.43 687.36 210.69 -10 -10 -10 -100    0 -1000 -1000 -10
419 92 pedestrian 0 0 -10 374.28 179.06 493.22 281.39 -10 -10 -10 -100    0 -1000 -1000 -10
419 93 pedestrian 0 0 -10 815.71 215.31 1242.00 375.00 -10 -10 -10 -100    0 -1000 -1000 -10
419 98 pedestrian 0 0 -10 458.93 176.49 535.99 239.20 -10 -10 -10 -100    0 -1000 -1000 -10
420 99 pedestrian 0 0 -10 626.23 175.10 645.79 194.12 -10 -10 -10 -100    0 -1000 -1000 -10
420 95 pedestrian 0 0 -10 639.70 161.01 675.21 203.13 -10 -10 -10 -100    0 -1000 -1000 -10
420 94 pedestrian 0 0 -10 693.17 186.00 789.96 262.70 -10 -10 -10 -100    0 -1000 -1000 -10
420 86 pedestrian 0 0 -10 557.77 171.48 598.82 200.27 -10 -10 -10 -100    0 -1000 -1000 -10
420 96 pedestrian 0 0 -10 0.00 175.26 324.25 375.00 -10 -10 -10 -100    0 -1000 -1000 -10
420 88 pedestrian 0 0 -10 653.82 177.95 689.39 212.05 -10 -10 -10 -100    0 -1000 -1000 -10
420 92 pedestrian 0 0 -10 355.88 180.69 486.60 291.31 -10 -10 -10 -100    0 -1000 -1000 -10
420 93 pedestrian 0 0 -10 843.66 221.36 1241.65 375.00 -10 -10 -10 -100    0 -1000 -1000 -10
420 98 pedestrian 0 0 -10 451.49 178.18 532.30 242.86 -10 -10 -10 -100    0 -1000 -1000 -10
421 99 pedestrian 0 0 -10 626.62 175.27 644.38 193.39 -10 -10 -10 -100    0 -1000 -1000 -10
421 95 pedestrian 0 0 -10 639.55 161.45 676.73 204.24 -10 -10 -10 -100    0 -1000 -1000 -10
421 94 pedestrian 0 0 -10 696.14 186.45 800.89 268.21 -10 -10 -10 -100    0 -1000 -1000 -10
421 86 pedestrian 0 0 -10 557.88 172.01 599.37 199.94 -10 -10 -10 -100    0 -1000 -1000 -10
421 96 pedestrian 0 0 -10 0.13 175.44 274.42 375.00 -10 -10 -10 -100    0 -1000 -1000 -10
421 88 pedestrian 0 0 -10 654.86 178.68 691.60 213.91 -10 -10 -10 -100    0 -1000 -1000 -10
421 92 pedestrian 0 0 -10 335.58 182.27 479.12 300.17 -10 -10 -10 -100    0 -1000 -1000 -10
421 93 pedestrian 0 0 -10 882.04 229.21 1242.00 375.00 -10 -10 -10 -100    0 -1000 -1000 -10
421 98 pedestrian 0 0 -10 445.30 179.26 529.99 247.48 -10 -10 -10 -100    0 -1000 -1000 -10
422 99 pedestrian 0 0 -10 627.41 174.70 645.06 192.83 -10 -10 -10 -100    0 -1000 -1000 -10
422 95 pedestrian 0 0 -10 640.88 161.64 678.95 205.65 -10 -10 -10 -100    0 -1000 -1000 -10
422 94 pedestrian 0 0 -10 701.74 187.17 814.63 275.60 -10 -10 -10 -100    0 -1000 -1000 -10
422 86 pedestrian 0 0 -10 557.76 171.19 599.99 199.28 -10 -10 -10 -100    0 -1000 -1000 -10
422 96 pedestrian 0 0 -10 0.00 176.40 209.62 375.00 -10 -10 -10 -100    0 -1000 -1000 -10
422 88 pedestrian 0 0 -10 656.82 177.75 694.65 215.66 -10 -10 -10 -100    0 -1000 -1000 -10
422 92 pedestrian 0 0 -10 311.17 181.33 472.06 313.47 -10 -10 -10 -100    0 -1000 -1000 -10
422 93 pedestrian 0 0 -10 942.97 226.46 1241.55 375.00 -10 -10 -10 -100    0 -1000 -1000 -10
422 98 pedestrian 0 0 -10 437.03 180.23 527.46 251.70 -10 -10 -10 -100    0 -1000 -1000 -10
423 95 pedestrian 0 0 -10 642.92 161.28 681.18 206.70 -10 -10 -10 -100    0 -1000 -1000 -10
423 94 pedestrian 0 0 -10 707.55 188.57 829.37 283.03 -10 -10 -10 -100    0 -1000 -1000 -10
423 86 pedestrian 0 0 -10 557.68 170.80 600.04 199.17 -10 -10 -10 -100    0 -1000 -1000 -10
423 88 pedestrian 0 0 -10 658.46 178.78 696.96 216.70 -10 -10 -10 -100    0 -1000 -1000 -10
423 92 pedestrian 0 0 -10 283.94 181.83 462.53 327.11 -10 -10 -10 -100    0 -1000 -1000 -10
423 93 pedestrian 0 0 -10 1050.80 221.96 1241.17 375.00 -10 -10 -10 -100    0 -1000 -1000 -10
423 98 pedestrian 0 0 -10 428.43 180.59 524.40 256.57 -10 -10 -10 -100    0 -1000 -1000 -10
424 95 pedestrian 0 0 -10 643.87 161.23 682.22 207.17 -10 -10 -10 -100    0 -1000 -1000 -10
424 94 pedestrian 0 0 -10 712.52 190.22 845.15 291.28 -10 -10 -10 -100    0 -1000 -1000 -10
424 86 pedestrian 0 0 -10 556.55 170.56 600.29 199.20 -10 -10 -10 -100    0 -1000 -1000 -10
424 88 pedestrian 0 0 -10 659.06 178.87 699.79 218.00 -10 -10 -10 -100    0 -1000 -1000 -10
424 92 pedestrian 0 0 -10 245.74 183.56 451.20 344.05 -10 -10 -10 -100    0 -1000 -1000 -10
424 98 pedestrian 0 0 -10 418.14 181.84 519.82 262.57 -10 -10 -10 -100    0 -1000 -1000 -10
425 95 pedestrian 0 0 -10 643.91 161.53 683.47 207.86 -10 -10 -10 -100    0 -1000 -1000 -10
425 94 pedestrian 0 0 -10 718.28 191.30 864.60 301.26 -10 -10 -10 -100    0 -1000 -1000 -10
425 86 pedestrian 0 0 -10 556.01 170.28 600.59 199.77 -10 -10 -10 -100    0 -1000 -1000 -10
425 88 pedestrian 0 0 -10 661.26 179.85 702.62 219.72 -10 -10 -10 -100    0 -1000 -1000 -10
425 92 pedestrian 0 0 -10 198.55 185.22 438.56 367.62 -10 -10 -10 -100    0 -1000 -1000 -10
425 98 pedestrian 0 0 -10 405.64 182.76 515.68 268.56 -10 -10 -10 -100    0 -1000 -1000 -10
426 95 pedestrian 0 0 -10 644.27 162.11 683.94 209.06 -10 -10 -10 -100    0 -1000 -1000 -10
426 94 pedestrian 0 0 -10 724.49 192.82 887.32 313.53 -10 -10 -10 -100    0 -1000 -1000 -10
426 86 pedestrian 0 0 -10 555.21 171.83 599.23 201.53 -10 -10 -10 -100    0 -1000 -1000 -10
426 88 pedestrian 0 0 -10 662.39 179.92 705.21 221.57 -10 -10 -10 -100    0 -1000 -1000 -10
426 92 pedestrian 0 0 -10 139.64 187.59 423.06 375.00 -10 -10 -10 -100    0 -1000 -1000 -10
426 98 pedestrian 0 0 -10 390.00 185.12 511.42 276.18 -10 -10 -10 -100    0 -1000 -1000 -10
427 95 pedestrian 0 0 -10 645.52 162.29 686.22 209.99 -10 -10 -10 -100    0 -1000 -1000 -10
427 94 pedestrian 0 0 -10 733.07 195.48 914.82 327.88 -10 -10 -10 -100    0 -1000 -1000 -10
427 86 pedestrian 0 0 -10 554.77 176.09 579.52 202.53 -10 -10 -10 -100    0 -1000 -1000 -10
427 88 pedestrian 0 0 -10 663.98 180.76 709.28 224.10 -10 -10 -10 -100    0 -1000 -1000 -10
427 92 pedestrian 0 0 -10 66.08 190.85 405.17 375.00 -10 -10 -10 -100    0 -1000 -1000 -10
427 98 pedestrian 0 0 -10 376.23 185.89 507.25 284.45 -10 -10 -10 -100    0 -1000 -1000 -10
428 99 pedestrian 0 0 -10 628.03 178.79 649.56 199.53 -10 -10 -10 -100    0 -1000 -1000 -10
428 95 pedestrian 0 0 -10 646.66 162.95 687.92 213.10 -10 -10 -10 -100    0 -1000 -1000 -10
428 94 pedestrian 0 0 -10 741.99 198.56 945.30 345.03 -10 -10 -10 -100    0 -1000 -1000 -10
428 86 pedestrian 0 0 -10 552.79 177.39 577.58 204.75 -10 -10 -10 -100    0 -1000 -1000 -10
428 88 pedestrian 0 0 -10 666.41 182.12 712.03 227.22 -10 -10 -10 -100    0 -1000 -1000 -10
428 92 pedestrian 0 0 -10 1.10 191.00 383.34 375.00 -10 -10 -10 -100    0 -1000 -1000 -10
428 98 pedestrian 0 0 -10 358.04 186.91 501.58 295.08 -10 -10 -10 -100    0 -1000 -1000 -10
429 99 pedestrian 0 0 -10 628.44 180.83 651.37 200.81 -10 -10 -10 -100    0 -1000 -1000 -10
429 95 pedestrian 0 0 -10 647.07 165.45 690.45 216.58 -10 -10 -10 -100    0 -1000 -1000 -10
429 94 pedestrian 0 0 -10 752.63 203.43 985.68 368.76 -10 -10 -10 -100    0 -1000 -1000 -10
429 86 pedestrian 0 0 -10 551.34 180.36 577.49 208.00 -10 -10 -10 -100    0 -1000 -1000 -10
429 88 pedestrian 0 0 -10 667.77 185.90 714.97 231.48 -10 -10 -10 -100    0 -1000 -1000 -10
429 92 pedestrian 0 0 -10 0.36 195.54 354.23 375.00 -10 -10 -10 -100    0 -1000 -1000 -10
429 98 pedestrian 0 0 -10 334.19 190.82 495.39 309.80 -10 -10 -10 -100    0 -1000 -1000 -10
430 100 pedestrian 0 0 -10 577.84 177.30 598.68 200.01 -10 -10 -10 -100    0 -1000 -1000 -10
430 99 pedestrian 0 0 -10 628.84 180.52 651.18 200.40 -10 -10 -10 -100    0 -1000 -1000 -10
430 95 pedestrian 0 0 -10 648.43 164.65 691.28 217.00 -10 -10 -10 -100    0 -1000 -1000 -10
430 94 pedestrian 0 0 -10 764.25 205.34 1037.47 375.00 -10 -10 -10 -100    0 -1000 -1000 -10
430 86 pedestrian 0 0 -10 551.23 179.74 576.55 207.42 -10 -10 -10 -100    0 -1000 -1000 -10
430 88 pedestrian 0 0 -10 669.60 186.02 718.57 232.79 -10 -10 -10 -100    0 -1000 -1000 -10
430 92 pedestrian 0 0 -10 0.36 198.81 317.80 375.00 -10 -10 -10 -100    0 -1000 -1000 -10
430 98 pedestrian 0 0 -10 308.84 192.36 487.91 323.56 -10 -10 -10 -100    0 -1000 -1000 -10
431 99 pedestrian 0 0 -10 628.05 178.89 650.32 200.36 -10 -10 -10 -100    0 -1000 -1000 -10
431 95 pedestrian 0 0 -10 649.03 163.43 692.53 217.16 -10 -10 -10 -100    0 -1000 -1000 -10
431 94 pedestrian 0 0 -10 777.69 208.76 1102.79 375.00 -10 -10 -10 -100    0 -1000 -1000 -10
431 86 pedestrian 0 0 -10 549.82 178.29 574.81 207.15 -10 -10 -10 -100    0 -1000 -1000 -10
431 88 pedestrian 0 0 -10 670.22 185.07 721.34 233.74 -10 -10 -10 -100    0 -1000 -1000 -10
431 92 pedestrian 0 0 -10 0.07 203.92 267.47 375.00 -10 -10 -10 -100    0 -1000 -1000 -10
431 98 pedestrian 0 0 -10 278.86 191.46 479.84 335.88 -10 -10 -10 -100    0 -1000 -1000 -10
432 99 pedestrian 0 0 -10 628.18 173.96 651.92 199.55 -10 -10 -10 -100    0 -1000 -1000 -10
432 95 pedestrian 0 0 -10 650.60 161.22 695.52 216.31 -10 -10 -10 -100    0 -1000 -1000 -10
432 94 pedestrian 0 0 -10 791.08 211.35 1176.87 375.00 -10 -10 -10 -100    0 -1000 -1000 -10
432 86 pedestrian 0 0 -10 549.25 175.51 575.40 205.68 -10 -10 -10 -100    0 -1000 -1000 -10
432 88 pedestrian 0 0 -10 671.41 183.69 724.93 233.91 -10 -10 -10 -100    0 -1000 -1000 -10
432 92 pedestrian 0 0 -10 0.00 207.73 198.78 375.00 -10 -10 -10 -100    0 -1000 -1000 -10
432 101 pedestrian 0 0 -10 589.67 172.09 608.48 194.42 -10 -10 -10 -100    0 -1000 -1000 -10
432 98 pedestrian 0 0 -10 244.17 191.07 470.91 350.72 -10 -10 -10 -100    0 -1000 -1000 -10
433 99 pedestrian 0 0 -10 628.44 171.73 651.87 198.73 -10 -10 -10 -100    0 -1000 -1000 -10
433 95 pedestrian 0 0 -10 651.15 159.56 696.30 214.88 -10 -10 -10 -100    0 -1000 -1000 -10
433 94 pedestrian 0 0 -10 810.51 215.48 1241.09 375.00 -10 -10 -10 -100    0 -1000 -1000 -10
433 86 pedestrian 0 0 -10 548.16 173.95 574.90 205.05 -10 -10 -10 -100    0 -1000 -1000 -10
433 88 pedestrian 0 0 -10 673.69 181.61 728.14 233.41 -10 -10 -10 -100    0 -1000 -1000 -10
433 92 pedestrian 0 0 -10 0.63 229.08 73.65 375.00 -10 -10 -10 -100    0 -1000 -1000 -10
433 101 pedestrian 0 0 -10 582.94 172.09 601.40 196.73 -10 -10 -10 -100    0 -1000 -1000 -10
433 98 pedestrian 0 0 -10 198.73 192.16 459.69 374.34 -10 -10 -10 -100    0 -1000 -1000 -10
434 99 pedestrian 0 0 -10 628.58 172.41 652.70 199.94 -10 -10 -10 -100    0 -1000 -1000 -10
434 95 pedestrian 0 0 -10 652.55 159.23 698.48 216.05 -10 -10 -10 -100    0 -1000 -1000 -10
434 94 pedestrian 0 0 -10 835.86 220.70 1242.00 375.00 -10 -10 -10 -100    0 -1000 -1000 -10
434 86 pedestrian 0 0 -10 547.11 174.47 573.46 205.33 -10 -10 -10 -100    0 -1000 -1000 -10
434 88 pedestrian 0 0 -10 675.88 182.55 733.42 236.15 -10 -10 -10 -100    0 -1000 -1000 -10
434 98 pedestrian 0 0 -10 139.12 193.89 447.48 375.00 -10 -10 -10 -100    0 -1000 -1000 -10
435 102 pedestrian 0 0 -10 666.23 180.43 718.37 227.20 -10 -10 -10 -100    0 -1000 -1000 -10
435 99 pedestrian 0 0 -10 629.40 172.18 653.60 200.93 -10 -10 -10 -100    0 -1000 -1000 -10
435 95 pedestrian 0 0 -10 652.78 158.77 701.14 217.20 -10 -10 -10 -100    0 -1000 -1000 -10
435 94 pedestrian 0 0 -10 867.70 224.13 1241.38 375.00 -10 -10 -10 -100    0 -1000 -1000 -10
435 86 pedestrian 0 0 -10 545.98 174.60 572.54 205.99 -10 -10 -10 -100    0 -1000 -1000 -10
435 88 pedestrian 0 0 -10 677.73 182.77 737.69 237.96 -10 -10 -10 -100    0 -1000 -1000 -10
435 98 pedestrian 0 0 -10 58.02 197.91 430.60 375.00 -10 -10 -10 -100    0 -1000 -1000 -10
436 102 pedestrian 0 0 -10 666.61 180.23 721.54 227.83 -10 -10 -10 -100    0 -1000 -1000 -10
436 99 pedestrian 0 0 -10 630.08 171.86 653.29 200.72 -10 -10 -10 -100    0 -1000 -1000 -10
436 95 pedestrian 0 0 -10 653.46 157.30 702.90 217.66 -10 -10 -10 -100    0 -1000 -1000 -10
436 94 pedestrian 0 0 -10 902.56 231.13 1241.65 375.00 -10 -10 -10 -100    0 -1000 -1000 -10
436 86 pedestrian 0 0 -10 543.58 174.01 571.91 206.39 -10 -10 -10 -100    0 -1000 -1000 -10
436 88 pedestrian 0 0 -10 678.42 181.89 742.00 239.61 -10 -10 -10 -100    0 -1000 -1000 -10
436 98 pedestrian 0 0 -10 2.20 198.21 412.62 375.00 -10 -10 -10 -100    0 -1000 -1000 -10
437 99 pedestrian 0 0 -10 629.47 172.20 653.59 201.38 -10 -10 -10 -100    0 -1000 -1000 -10
437 95 pedestrian 0 0 -10 653.56 157.46 704.58 220.46 -10 -10 -10 -100    0 -1000 -1000 -10
437 94 pedestrian 0 0 -10 955.60 239.85 1242.00 375.00 -10 -10 -10 -100    0 -1000 -1000 -10
437 86 pedestrian 0 0 -10 541.69 174.37 570.80 207.80 -10 -10 -10 -100    0 -1000 -1000 -10
437 88 pedestrian 0 0 -10 680.17 181.99 746.68 242.71 -10 -10 -10 -100    0 -1000 -1000 -10
437 102 pedestrian 0 0 -10 667.03 180.13 723.10 229.59 -10 -10 -10 -100    0 -1000 -1000 -10
437 101 pedestrian 0 0 -10 580.88 173.78 596.40 199.26 -10 -10 -10 -100    0 -1000 -1000 -10
437 98 pedestrian 0 0 -10 0.98 199.58 388.11 375.00 -10 -10 -10 -100    0 -1000 -1000 -10
438 99 pedestrian 0 0 -10 628.35 172.98 653.58 202.51 -10 -10 -10 -100    0 -1000 -1000 -10
438 95 pedestrian 0 0 -10 653.24 158.64 706.06 222.60 -10 -10 -10 -100    0 -1000 -1000 -10
438 94 pedestrian 0 0 -10 1033.81 256.52 1241.98 375.00 -10 -10 -10 -100    0 -1000 -1000 -10
438 86 pedestrian 0 0 -10 538.89 175.68 568.80 209.39 -10 -10 -10 -100    0 -1000 -1000 -10
438 88 pedestrian 0 0 -10 681.10 182.45 750.98 246.81 -10 -10 -10 -100    0 -1000 -1000 -10
438 102 pedestrian 0 0 -10 667.21 179.54 725.08 231.84 -10 -10 -10 -100    0 -1000 -1000 -10
438 101 pedestrian 0 0 -10 578.83 174.21 596.69 200.33 -10 -10 -10 -100    0 -1000 -1000 -10
438 98 pedestrian 0 0 -10 0.00 206.64 357.07 375.00 -10 -10 -10 -100    0 -1000 -1000 -10
439 99 pedestrian 0 0 -10 626.38 176.08 654.91 205.19 -10 -10 -10 -100    0 -1000 -1000 -10
439 95 pedestrian 0 0 -10 652.78 159.95 708.24 225.13 -10 -10 -10 -100    0 -1000 -1000 -10
439 86 pedestrian 0 0 -10 535.29 177.35 566.59 212.63 -10 -10 -10 -100    0 -1000 -1000 -10
439 88 pedestrian 0 0 -10 681.78 184.91 756.51 251.44 -10 -10 -10 -100    0 -1000 -1000 -10
439 102 pedestrian 0 0 -10 668.07 181.55 731.72 236.16 -10 -10 -10 -100    0 -1000 -1000 -10
439 101 pedestrian 0 0 -10 566.87 175.01 595.80 202.76 -10 -10 -10 -100    0 -1000 -1000 -10
439 98 pedestrian 0 0 -10 0.28 215.00 314.96 375.00 -10 -10 -10 -100    0 -1000 -1000 -10
440 99 pedestrian 0 0 -10 624.83 179.07 654.52 207.41 -10 -10 -10 -100    0 -1000 -1000 -10
440 95 pedestrian 0 0 -10 652.41 160.84 709.88 228.64 -10 -10 -10 -100    0 -1000 -1000 -10
440 86 pedestrian 0 0 -10 532.01 179.66 564.44 215.01 -10 -10 -10 -100    0 -1000 -1000 -10
440 88 pedestrian 0 0 -10 684.75 187.05 761.57 256.84 -10 -10 -10 -100    0 -1000 -1000 -10
440 102 pedestrian 0 0 -10 669.04 183.51 734.19 240.19 -10 -10 -10 -100    0 -1000 -1000 -10
440 101 pedestrian 0 0 -10 561.94 177.84 594.08 205.98 -10 -10 -10 -100    0 -1000 -1000 -10
440 98 pedestrian 0 0 -10 0.00 223.49 257.64 375.00 -10 -10 -10 -100    0 -1000 -1000 -10
441 99 pedestrian 0 0 -10 624.49 180.83 653.17 208.28 -10 -10 -10 -100    0 -1000 -1000 -10
441 95 pedestrian 0 0 -10 652.48 160.67 712.48 230.87 -10 -10 -10 -100    0 -1000 -1000 -10
441 86 pedestrian 0 0 -10 529.94 181.07 562.77 217.66 -10 -10 -10 -100    0 -1000 -1000 -10
441 88 pedestrian 0 0 -10 686.82 188.01 768.23 261.78 -10 -10 -10 -100    0 -1000 -1000 -10
441 102 pedestrian 0 0 -10 670.17 184.37 738.39 243.54 -10 -10 -10 -100    0 -1000 -1000 -10
441 101 pedestrian 0 0 -10 560.69 179.24 593.56 207.93 -10 -10 -10 -100    0 -1000 -1000 -10
441 98 pedestrian 0 0 -10 0.00 223.17 172.15 375.00 -10 -10 -10 -100    0 -1000 -1000 -10
442 99 pedestrian 0 0 -10 624.04 180.39 651.89 207.09 -10 -10 -10 -100    0 -1000 -1000 -10
442 95 pedestrian 0 0 -10 652.68 158.86 713.42 230.88 -10 -10 -10 -100    0 -1000 -1000 -10
442 86 pedestrian 0 0 -10 527.93 181.06 561.22 218.88 -10 -10 -10 -100    0 -1000 -1000 -10
442 88 pedestrian 0 0 -10 688.89 187.20 775.84 265.33 -10 -10 -10 -100    0 -1000 -1000 -10
442 102 pedestrian 0 0 -10 671.39 183.72 740.72 244.13 -10 -10 -10 -100    0 -1000 -1000 -10
442 101 pedestrian 0 0 -10 557.61 178.53 591.30 208.51 -10 -10 -10 -100    0 -1000 -1000 -10
443 99 pedestrian 0 0 -10 624.85 178.82 651.81 205.11 -10 -10 -10 -100    0 -1000 -1000 -10
443 95 pedestrian 0 0 -10 652.38 156.42 714.34 231.02 -10 -10 -10 -100    0 -1000 -1000 -10
443 86 pedestrian 0 0 -10 525.30 180.98 559.38 219.64 -10 -10 -10 -100    0 -1000 -1000 -10
443 88 pedestrian 0 0 -10 692.66 185.95 784.83 268.43 -10 -10 -10 -100    0 -1000 -1000 -10
443 102 pedestrian 0 0 -10 672.30 181.81 746.70 245.52 -10 -10 -10 -100    0 -1000 -1000 -10
443 101 pedestrian 0 0 -10 555.24 176.91 590.10 206.58 -10 -10 -10 -100    0 -1000 -1000 -10
444 99 pedestrian 0 0 -10 624.43 177.18 651.45 203.24 -10 -10 -10 -100    0 -1000 -1000 -10
444 95 pedestrian 0 0 -10 652.61 153.16 718.56 229.98 -10 -10 -10 -100    0 -1000 -1000 -10
444 86 pedestrian 0 0 -10 522.00 179.10 557.67 218.81 -10 -10 -10 -100    0 -1000 -1000 -10
444 88 pedestrian 0 0 -10 696.56 184.66 795.13 270.82 -10 -10 -10 -100    0 -1000 -1000 -10
444 102 pedestrian 0 0 -10 674.56 180.19 752.82 247.14 -10 -10 -10 -100    0 -1000 -1000 -10
444 101 pedestrian 0 0 -10 553.54 175.01 589.49 205.60 -10 -10 -10 -100    0 -1000 -1000 -10
445 99 pedestrian 0 0 -10 624.38 176.23 651.37 203.38 -10 -10 -10 -100    0 -1000 -1000 -10
445 95 pedestrian 0 0 -10 653.69 152.36 720.54 230.39 -10 -10 -10 -100    0 -1000 -1000 -10
445 86 pedestrian 0 0 -10 519.62 178.64 555.62 218.91 -10 -10 -10 -100    0 -1000 -1000 -10
445 88 pedestrian 0 0 -10 700.09 184.18 807.00 275.91 -10 -10 -10 -100    0 -1000 -1000 -10
445 102 pedestrian 0 0 -10 676.23 178.57 756.88 248.45 -10 -10 -10 -100    0 -1000 -1000 -10
445 101 pedestrian 0 0 -10 551.99 173.80 588.40 204.93 -10 -10 -10 -100    0 -1000 -1000 -10
446 95 pedestrian 0 0 -10 654.38 151.29 724.16 232.17 -10 -10 -10 -100    0 -1000 -1000 -10
446 86 pedestrian 0 0 -10 516.76 177.87 553.81 219.54 -10 -10 -10 -100    0 -1000 -1000 -10
446 88 pedestrian 0 0 -10 705.82 184.40 819.19 281.36 -10 -10 -10 -100    0 -1000 -1000 -10
446 99 pedestrian 0 0 -10 623.77 175.01 651.54 203.67 -10 -10 -10 -100    0 -1000 -1000 -10
446 102 pedestrian 0 0 -10 678.91 178.78 764.77 252.20 -10 -10 -10 -100    0 -1000 -1000 -10
446 101 pedestrian 0 0 -10 550.96 172.53 586.68 204.40 -10 -10 -10 -100    0 -1000 -1000 -10
447 95 pedestrian 0 0 -10 656.11 150.86 728.45 234.01 -10 -10 -10 -100    0 -1000 -1000 -10
447 86 pedestrian 0 0 -10 514.75 177.67 552.67 221.04 -10 -10 -10 -100    0 -1000 -1000 -10
447 88 pedestrian 0 0 -10 709.92 185.02 834.66 288.94 -10 -10 -10 -100    0 -1000 -1000 -10
447 99 pedestrian 0 0 -10 624.05 174.82 652.38 204.31 -10 -10 -10 -100    0 -1000 -1000 -10
447 102 pedestrian 0 0 -10 681.20 179.89 771.19 255.18 -10 -10 -10 -100    0 -1000 -1000 -10
447 101 pedestrian 0 0 -10 550.02 171.77 586.73 203.12 -10 -10 -10 -100    0 -1000 -1000 -10
448 95 pedestrian 0 0 -10 657.33 151.09 732.28 238.09 -10 -10 -10 -100    0 -1000 -1000 -10
448 86 pedestrian 0 0 -10 512.26 179.10 551.22 224.02 -10 -10 -10 -100    0 -1000 -1000 -10
448 88 pedestrian 0 0 -10 715.35 186.11 851.68 298.81 -10 -10 -10 -100    0 -1000 -1000 -10
448 99 pedestrian 0 0 -10 623.98 175.04 652.82 205.27 -10 -10 -10 -100    0 -1000 -1000 -10
448 102 pedestrian 0 0 -10 684.22 180.51 780.73 260.09 -10 -10 -10 -100    0 -1000 -1000 -10
448 101 pedestrian 0 0 -10 550.17 171.32 586.55 202.80 -10 -10 -10 -100    0 -1000 -1000 -10
449 95 pedestrian 0 0 -10 657.41 148.85 737.89 240.58 -10 -10 -10 -100    0 -1000 -1000 -10
449 86 pedestrian 0 0 -10 508.17 178.88 549.95 225.07 -10 -10 -10 -100    0 -1000 -1000 -10
449 88 pedestrian 0 0 -10 722.78 186.27 871.11 308.37 -10 -10 -10 -100    0 -1000 -1000 -10
449 99 pedestrian 0 0 -10 623.87 173.46 654.22 204.78 -10 -10 -10 -100    0 -1000 -1000 -10
449 102 pedestrian 0 0 -10 686.67 179.84 789.33 263.60 -10 -10 -10 -100    0 -1000 -1000 -10
449 101 pedestrian 0 0 -10 549.40 170.03 586.88 202.28 -10 -10 -10 -100    0 -1000 -1000 -10
450 95 pedestrian 0 0 -10 660.56 147.68 744.33 241.98 -10 -10 -10 -100    0 -1000 -1000 -10
450 86 pedestrian 0 0 -10 505.41 179.45 548.75 227.20 -10 -10 -10 -100    0 -1000 -1000 -10
450 88 pedestrian 0 0 -10 730.23 186.88 896.55 321.15 -10 -10 -10 -100    0 -1000 -1000 -10
450 99 pedestrian 0 0 -10 624.04 172.88 656.36 204.35 -10 -10 -10 -100    0 -1000 -1000 -10
450 102 pedestrian 0 0 -10 690.80 180.17 799.34 268.92 -10 -10 -10 -100    0 -1000 -1000 -10
450 101 pedestrian 0 0 -10 549.77 169.70 586.62 201.97 -10 -10 -10 -100    0 -1000 -1000 -10
451 95 pedestrian 0 0 -10 662.34 146.87 749.75 245.32 -10 -10 -10 -100    0 -1000 -1000 -10
451 86 pedestrian 0 0 -10 502.37 180.44 546.48 229.29 -10 -10 -10 -100    0 -1000 -1000 -10
451 88 pedestrian 0 0 -10 740.82 189.30 925.76 336.87 -10 -10 -10 -100    0 -1000 -1000 -10
451 99 pedestrian 0 0 -10 623.47 173.36 659.30 205.77 -10 -10 -10 -100    0 -1000 -1000 -10
451 102 pedestrian 0 0 -10 695.28 180.70 813.17 274.70 -10 -10 -10 -100    0 -1000 -1000 -10
451 101 pedestrian 0 0 -10 548.18 170.19 585.95 204.25 -10 -10 -10 -100    0 -1000 -1000 -10
452 95 pedestrian 0 0 -10 664.51 147.54 759.38 250.62 -10 -10 -10 -100    0 -1000 -1000 -10
452 86 pedestrian 0 0 -10 498.68 181.42 545.21 232.27 -10 -10 -10 -100    0 -1000 -1000 -10
452 88 pedestrian 0 0 -10 751.85 191.01 965.48 359.24 -10 -10 -10 -100    0 -1000 -1000 -10
452 99 pedestrian 0 0 -10 624.18 175.06 660.29 208.50 -10 -10 -10 -100    0 -1000 -1000 -10
452 102 pedestrian 0 0 -10 699.10 181.92 826.11 283.46 -10 -10 -10 -100    0 -1000 -1000 -10
452 101 pedestrian 0 0 -10 548.27 172.78 585.59 207.02 -10 -10 -10 -100    0 -1000 -1000 -10
453 95 pedestrian 0 0 -10 666.36 145.38 767.15 253.68 -10 -10 -10 -100    0 -1000 -1000 -10
453 86 pedestrian 0 0 -10 495.39 181.00 543.67 233.51 -10 -10 -10 -100    0 -1000 -1000 -10
453 88 pedestrian 0 0 -10 764.26 193.83 1011.97 375.00 -10 -10 -10 -100    0 -1000 -1000 -10
453 99 pedestrian 0 0 -10 623.54 175.87 660.32 209.71 -10 -10 -10 -100    0 -1000 -1000 -10
453 102 pedestrian 0 0 -10 705.47 181.92 843.33 291.89 -10 -10 -10 -100    0 -1000 -1000 -10
453 101 pedestrian 0 0 -10 552.55 174.53 586.78 205.50 -10 -10 -10 -100    0 -1000 -1000 -10
454 95 pedestrian 0 0 -10 669.56 143.51 776.53 256.94 -10 -10 -10 -100    0 -1000 -1000 -10
454 86 pedestrian 0 0 -10 490.86 179.37 542.29 233.80 -10 -10 -10 -100    0 -1000 -1000 -10
454 88 pedestrian 0 0 -10 778.47 195.47 1074.13 375.00 -10 -10 -10 -100    0 -1000 -1000 -10
454 99 pedestrian 0 0 -10 625.04 174.80 660.14 208.52 -10 -10 -10 -100    0 -1000 -1000 -10
454 102 pedestrian 0 0 -10 712.97 181.10 862.08 300.63 -10 -10 -10 -100    0 -1000 -1000 -10
454 101 pedestrian 0 0 -10 553.27 173.70 588.49 203.77 -10 -10 -10 -100    0 -1000 -1000 -10
455 95 pedestrian 0 0 -10 672.91 141.10 785.34 258.65 -10 -10 -10 -100    0 -1000 -1000 -10
455 86 pedestrian 0 0 -10 486.84 177.54 540.74 234.19 -10 -10 -10 -100    0 -1000 -1000 -10
455 88 pedestrian 0 0 -10 797.22 198.60 1156.36 375.00 -10 -10 -10 -100    0 -1000 -1000 -10
455 99 pedestrian 0 0 -10 627.34 174.03 663.28 206.15 -10 -10 -10 -100    0 -1000 -1000 -10
455 102 pedestrian 0 0 -10 719.54 181.90 885.63 310.42 -10 -10 -10 -100    0 -1000 -1000 -10
455 101 pedestrian 0 0 -10 551.93 172.31 588.51 202.88 -10 -10 -10 -100    0 -1000 -1000 -10
455 103 pedestrian 0 0 -10 658.35 180.39 707.49 221.82 -10 -10 -10 -100    0 -1000 -1000 -10
456 95 pedestrian 0 0 -10 674.96 137.42 796.18 263.90 -10 -10 -10 -100    0 -1000 -1000 -10
456 86 pedestrian 0 0 -10 483.09 176.00 538.60 235.34 -10 -10 -10 -100    0 -1000 -1000 -10
456 104 pedestrian 0 0 -10 523.17 180.85 558.03 211.12 -10 -10 -10 -100    0 -1000 -1000 -10
456 88 pedestrian 0 0 -10 819.38 201.22 1241.32 375.00 -10 -10 -10 -100    0 -1000 -1000 -10
456 99 pedestrian 0 0 -10 638.46 175.32 670.35 205.32 -10 -10 -10 -100    0 -1000 -1000 -10
456 102 pedestrian 0 0 -10 729.06 183.65 913.74 326.04 -10 -10 -10 -100    0 -1000 -1000 -10
456 101 pedestrian 0 0 -10 552.62 170.82 588.62 201.27 -10 -10 -10 -100    0 -1000 -1000 -10
456 103 pedestrian 0 0 -10 660.74 178.96 712.04 221.89 -10 -10 -10 -100    0 -1000 -1000 -10
457 95 pedestrian 0 0 -10 680.33 136.79 809.04 270.38 -10 -10 -10 -100    0 -1000 -1000 -10
457 86 pedestrian 0 0 -10 478.10 176.28 536.44 238.10 -10 -10 -10 -100    0 -1000 -1000 -10
457 104 pedestrian 0 0 -10 522.56 180.61 558.12 211.83 -10 -10 -10 -100    0 -1000 -1000 -10
457 88 pedestrian 0 0 -10 844.90 202.42 1241.58 375.00 -10 -10 -10 -100    0 -1000 -1000 -10
457 99 pedestrian 0 0 -10 641.53 175.38 674.24 205.32 -10 -10 -10 -100    0 -1000 -1000 -10
457 102 pedestrian 0 0 -10 740.55 186.47 944.32 343.65 -10 -10 -10 -100    0 -1000 -1000 -10
457 101 pedestrian 0 0 -10 554.89 171.00 588.87 200.39 -10 -10 -10 -100    0 -1000 -1000 -10
457 103 pedestrian 0 0 -10 661.80 177.46 715.42 223.86 -10 -10 -10 -100    0 -1000 -1000 -10
458 95 pedestrian 0 0 -10 683.91 136.43 822.94 276.77 -10 -10 -10 -100    0 -1000 -1000 -10
458 86 pedestrian 0 0 -10 472.46 177.04 533.58 241.08 -10 -10 -10 -100    0 -1000 -1000 -10
458 104 pedestrian 0 0 -10 519.52 178.63 557.61 212.80 -10 -10 -10 -100    0 -1000 -1000 -10
458 88 pedestrian 0 0 -10 880.42 208.90 1241.97 375.00 -10 -10 -10 -100    0 -1000 -1000 -10
458 99 pedestrian 0 0 -10 643.74 176.13 678.04 207.20 -10 -10 -10 -100    0 -1000 -1000 -10
458 102 pedestrian 0 0 -10 752.34 189.19 987.98 366.15 -10 -10 -10 -100    0 -1000 -1000 -10
458 101 pedestrian 0 0 -10 561.75 172.27 590.00 198.88 -10 -10 -10 -100    0 -1000 -1000 -10
458 103 pedestrian 0 0 -10 665.86 179.26 720.66 227.44 -10 -10 -10 -100    0 -1000 -1000 -10
459 95 pedestrian 0 0 -10 688.45 134.51 838.87 286.67 -10 -10 -10 -100    0 -1000 -1000 -10
459 86 pedestrian 0 0 -10 465.96 178.09 531.37 244.52 -10 -10 -10 -100    0 -1000 -1000 -10
459 104 pedestrian 0 0 -10 516.64 180.19 556.27 215.01 -10 -10 -10 -100    0 -1000 -1000 -10
459 88 pedestrian 0 0 -10 927.33 212.63 1242.00 375.00 -10 -10 -10 -100    0 -1000 -1000 -10
459 99 pedestrian 0 0 -10 646.08 177.60 681.24 209.72 -10 -10 -10 -100    0 -1000 -1000 -10
459 102 pedestrian 0 0 -10 765.27 191.44 1038.10 375.00 -10 -10 -10 -100    0 -1000 -1000 -10
459 101 pedestrian 0 0 -10 561.08 173.05 590.56 200.33 -10 -10 -10 -100    0 -1000 -1000 -10
459 103 pedestrian 0 0 -10 668.05 180.28 725.86 230.17 -10 -10 -10 -100    0 -1000 -1000 -10
460 95 pedestrian 0 0 -10 694.72 132.83 853.92 297.58 -10 -10 -10 -100    0 -1000 -1000 -10
460 86 pedestrian 0 0 -10 459.11 178.33 528.81 248.66 -10 -10 -10 -100    0 -1000 -1000 -10
460 104 pedestrian 0 0 -10 513.80 179.54 555.60 216.42 -10 -10 -10 -100    0 -1000 -1000 -10
460 88 pedestrian 0 0 -10 997.78 227.13 1241.99 375.00 -10 -10 -10 -100    0 -1000 -1000 -10
460 99 pedestrian 0 0 -10 646.46 178.26 681.47 210.74 -10 -10 -10 -100    0 -1000 -1000 -10
460 102 pedestrian 0 0 -10 779.65 193.49 1107.15 375.00 -10 -10 -10 -100    0 -1000 -1000 -10
460 101 pedestrian 0 0 -10 564.75 173.66 590.61 199.10 -10 -10 -10 -100    0 -1000 -1000 -10
460 103 pedestrian 0 0 -10 669.76 181.23 727.29 232.95 -10 -10 -10 -100    0 -1000 -1000 -10
461 105 pedestrian 0 0 -10 632.65 176.99 658.17 203.00 -10 -10 -10 -100    0 -1000 -1000 -10
461 95 pedestrian 0 0 -10 699.15 130.37 873.75 307.05 -10 -10 -10 -100    0 -1000 -1000 -10
461 86 pedestrian 0 0 -10 451.51 177.67 525.08 252.05 -10 -10 -10 -100    0 -1000 -1000 -10
461 104 pedestrian 0 0 -10 509.79 178.61 553.76 217.88 -10 -10 -10 -100    0 -1000 -1000 -10
461 99 pedestrian 0 0 -10 646.51 178.63 681.44 211.88 -10 -10 -10 -100    0 -1000 -1000 -10
461 102 pedestrian 0 0 -10 795.80 196.74 1198.76 375.00 -10 -10 -10 -100    0 -1000 -1000 -10
461 101 pedestrian 0 0 -10 565.81 173.88 589.96 199.38 -10 -10 -10 -100    0 -1000 -1000 -10
461 103 pedestrian 0 0 -10 671.52 182.66 731.93 235.08 -10 -10 -10 -100    0 -1000 -1000 -10
462 105 pedestrian 0 0 -10 631.59 175.60 656.43 202.25 -10 -10 -10 -100    0 -1000 -1000 -10
462 95 pedestrian 0 0 -10 704.87 126.01 897.09 318.78 -10 -10 -10 -100    0 -1000 -1000 -10
462 86 pedestrian 0 0 -10 442.22 176.05 520.90 254.97 -10 -10 -10 -100    0 -1000 -1000 -10
462 104 pedestrian 0 0 -10 506.40 177.88 552.07 217.06 -10 -10 -10 -100    0 -1000 -1000 -10
462 99 pedestrian 0 0 -10 646.54 176.84 682.26 211.20 -10 -10 -10 -100    0 -1000 -1000 -10
462 102 pedestrian 0 0 -10 819.65 195.36 1242.00 375.00 -10 -10 -10 -100    0 -1000 -1000 -10
462 101 pedestrian 0 0 -10 566.96 173.19 591.63 198.87 -10 -10 -10 -100    0 -1000 -1000 -10
462 103 pedestrian 0 0 -10 673.11 181.93 734.35 235.95 -10 -10 -10 -100    0 -1000 -1000 -10
463 105 pedestrian 0 0 -10 631.45 174.33 655.69 200.60 -10 -10 -10 -100    0 -1000 -1000 -10
463 95 pedestrian 0 0 -10 710.07 119.97 924.45 334.30 -10 -10 -10 -100    0 -1000 -1000 -10
463 86 pedestrian 0 0 -10 432.24 175.31 517.23 258.17 -10 -10 -10 -100    0 -1000 -1000 -10
463 106 pedestrian 0 0 -10 532.10 171.39 567.14 204.88 -10 -10 -10 -100    0 -1000 -1000 -10
463 104 pedestrian 0 0 -10 503.57 176.80 550.13 216.20 -10 -10 -10 -100    0 -1000 -1000 -10
463 99 pedestrian 0 0 -10 647.81 175.47 684.01 210.37 -10 -10 -10 -100    0 -1000 -1000 -10
463 102 pedestrian 0 0 -10 849.20 194.77 1242.00 375.00 -10 -10 -10 -100    0 -1000 -1000 -10
463 101 pedestrian 0 0 -10 566.83 172.49 592.33 198.41 -10 -10 -10 -100    0 -1000 -1000 -10
463 103 pedestrian 0 0 -10 675.68 180.08 741.46 236.44 -10 -10 -10 -100    0 -1000 -1000 -10
464 95 pedestrian 0 0 -10 716.01 113.58 956.99 347.54 -10 -10 -10 -100    0 -1000 -1000 -10
464 86 pedestrian 0 0 -10 420.99 173.63 512.32 263.34 -10 -10 -10 -100    0 -1000 -1000 -10
464 106 pedestrian 0 0 -10 529.86 169.36 565.20 204.04 -10 -10 -10 -100    0 -1000 -1000 -10
464 104 pedestrian 0 0 -10 498.08 175.44 546.85 216.71 -10 -10 -10 -100    0 -1000 -1000 -10
464 99 pedestrian 0 0 -10 648.24 173.93 688.72 209.56 -10 -10 -10 -100    0 -1000 -1000 -10
464 105 pedestrian 0 0 -10 631.07 172.42 655.37 198.44 -10 -10 -10 -100    0 -1000 -1000 -10
464 102 pedestrian 0 0 -10 883.16 195.33 1241.91 375.00 -10 -10 -10 -100    0 -1000 -1000 -10
464 101 pedestrian 0 0 -10 566.11 170.89 591.02 196.99 -10 -10 -10 -100    0 -1000 -1000 -10
464 103 pedestrian 0 0 -10 677.81 178.78 744.47 237.83 -10 -10 -10 -100    0 -1000 -1000 -10
465 95 pedestrian 0 0 -10 723.71 106.10 998.89 372.01 -10 -10 -10 -100    0 -1000 -1000 -10
465 86 pedestrian 0 0 -10 409.04 173.67 507.39 269.62 -10 -10 -10 -100    0 -1000 -1000 -10
465 106 pedestrian 0 0 -10 527.37 169.37 564.08 205.32 -10 -10 -10 -100    0 -1000 -1000 -10
465 104 pedestrian 0 0 -10 494.74 175.50 544.96 218.06 -10 -10 -10 -100    0 -1000 -1000 -10
465 99 pedestrian 0 0 -10 649.22 174.88 690.02 210.89 -10 -10 -10 -100    0 -1000 -1000 -10
465 105 pedestrian 0 0 -10 631.26 172.86 655.97 198.50 -10 -10 -10 -100    0 -1000 -1000 -10
465 102 pedestrian 0 0 -10 933.10 198.74 1242.00 375.00 -10 -10 -10 -100    0 -1000 -1000 -10
465 101 pedestrian 0 0 -10 565.04 170.92 590.83 197.57 -10 -10 -10 -100    0 -1000 -1000 -10
465 103 pedestrian 0 0 -10 679.67 178.77 751.23 240.91 -10 -10 -10 -100    0 -1000 -1000 -10
466 95 pedestrian 0 0 -10 731.51 98.27 1053.78 375.00 -10 -10 -10 -100    0 -1000 -1000 -10
466 86 pedestrian 0 0 -10 394.53 174.96 501.90 277.09 -10 -10 -10 -100    0 -1000 -1000 -10
466 106 pedestrian 0 0 -10 524.71 169.46 561.59 206.93 -10 -10 -10 -100    0 -1000 -1000 -10
466 104 pedestrian 0 0 -10 490.11 175.07 543.15 220.67 -10 -10 -10 -100    0 -1000 -1000 -10
466 99 pedestrian 0 0 -10 648.46 174.41 689.61 212.19 -10 -10 -10 -100    0 -1000 -1000 -10
466 105 pedestrian 0 0 -10 631.19 173.88 656.08 198.88 -10 -10 -10 -100    0 -1000 -1000 -10
466 102 pedestrian 0 0 -10 1004.32 207.96 1242.00 375.00 -10 -10 -10 -100    0 -1000 -1000 -10
466 101 pedestrian 0 0 -10 561.93 171.33 588.24 198.31 -10 -10 -10 -100    0 -1000 -1000 -10
466 103 pedestrian 0 0 -10 680.68 179.02 757.69 245.06 -10 -10 -10 -100    0 -1000 -1000 -10
467 95 pedestrian 0 0 -10 741.17 86.96 1125.58 375.00 -10 -10 -10 -100    0 -1000 -1000 -10
467 86 pedestrian 0 0 -10 377.35 175.97 495.67 284.25 -10 -10 -10 -100    0 -1000 -1000 -10
467 106 pedestrian 0 0 -10 522.90 169.94 560.63 208.18 -10 -10 -10 -100    0 -1000 -1000 -10
467 104 pedestrian 0 0 -10 485.07 175.82 540.09 222.83 -10 -10 -10 -100    0 -1000 -1000 -10
467 99 pedestrian 0 0 -10 649.00 174.80 693.53 213.95 -10 -10 -10 -100    0 -1000 -1000 -10
467 105 pedestrian 0 0 -10 630.32 174.34 655.43 199.85 -10 -10 -10 -100    0 -1000 -1000 -10
467 101 pedestrian 0 0 -10 561.13 171.86 587.27 198.59 -10 -10 -10 -100    0 -1000 -1000 -10
467 103 pedestrian 0 0 -10 684.23 180.53 764.97 248.81 -10 -10 -10 -100    0 -1000 -1000 -10
468 95 pedestrian 0 0 -10 753.67 64.65 1224.64 375.00 -10 -10 -10 -100    0 -1000 -1000 -10
468 86 pedestrian 0 0 -10 357.80 175.54 488.84 293.12 -10 -10 -10 -100    0 -1000 -1000 -10
468 106 pedestrian 0 0 -10 519.61 169.87 559.12 209.60 -10 -10 -10 -100    0 -1000 -1000 -10
468 104 pedestrian 0 0 -10 478.86 175.18 537.44 224.47 -10 -10 -10 -100    0 -1000 -1000 -10
468 99 pedestrian 0 0 -10 651.60 175.11 696.13 214.57 -10 -10 -10 -100    0 -1000 -1000 -10
468 105 pedestrian 0 0 -10 630.75 173.68 657.63 200.88 -10 -10 -10 -100    0 -1000 -1000 -10
468 101 pedestrian 0 0 -10 555.20 171.65 584.89 200.22 -10 -10 -10 -100    0 -1000 -1000 -10
468 103 pedestrian 0 0 -10 687.11 179.59 774.95 252.65 -10 -10 -10 -100    0 -1000 -1000 -10
469 95 pedestrian 0 0 -10 767.36 34.46 1242.00 375.00 -10 -10 -10 -100    0 -1000 -1000 -10
469 86 pedestrian 0 0 -10 334.40 175.22 479.93 302.29 -10 -10 -10 -100    0 -1000 -1000 -10
469 106 pedestrian 0 0 -10 515.13 168.80 556.43 209.78 -10 -10 -10 -100    0 -1000 -1000 -10
469 104 pedestrian 0 0 -10 472.93 175.15 535.03 225.16 -10 -10 -10 -100    0 -1000 -1000 -10
469 99 pedestrian 0 0 -10 651.60 175.75 697.74 214.68 -10 -10 -10 -100    0 -1000 -1000 -10
469 105 pedestrian 0 0 -10 630.75 172.71 657.33 199.82 -10 -10 -10 -100    0 -1000 -1000 -10
469 101 pedestrian 0 0 -10 552.80 170.81 582.92 198.82 -10 -10 -10 -100    0 -1000 -1000 -10
469 103 pedestrian 0 0 -10 690.40 179.97 784.19 256.87 -10 -10 -10 -100    0 -1000 -1000 -10
470 95 pedestrian 0 0 -10 782.68 0.00 1242.00 375.00 -10 -10 -10 -100    0 -1000 -1000 -10
470 86 pedestrian 0 0 -10 304.83 175.27 470.72 314.94 -10 -10 -10 -100    0 -1000 -1000 -10
470 106 pedestrian 0 0 -10 511.47 167.21 554.60 211.07 -10 -10 -10 -100    0 -1000 -1000 -10
470 104 pedestrian 0 0 -10 466.42 173.43 531.77 227.14 -10 -10 -10 -100    0 -1000 -1000 -10
470 99 pedestrian 0 0 -10 652.59 174.07 699.94 215.13 -10 -10 -10 -100    0 -1000 -1000 -10
470 105 pedestrian 0 0 -10 630.21 172.03 657.24 199.09 -10 -10 -10 -100    0 -1000 -1000 -10
470 101 pedestrian 0 0 -10 552.45 170.69 582.48 198.27 -10 -10 -10 -100    0 -1000 -1000 -10
470 103 pedestrian 0 0 -10 693.66 180.39 796.60 262.24 -10 -10 -10 -100    0 -1000 -1000 -10
471 95 pedestrian 0 0 -10 802.35 0.00 1242.00 375.00 -10 -10 -10 -100    0 -1000 -1000 -10
471 86 pedestrian 0 0 -10 270.38 175.83 458.65 333.44 -10 -10 -10 -100    0 -1000 -1000 -10
471 106 pedestrian 0 0 -10 506.87 167.09 551.01 211.80 -10 -10 -10 -100    0 -1000 -1000 -10
471 104 pedestrian 0 0 -10 459.44 174.33 528.10 229.46 -10 -10 -10 -100    0 -1000 -1000 -10
471 99 pedestrian 0 0 -10 653.59 174.75 703.15 217.19 -10 -10 -10 -100    0 -1000 -1000 -10
471 105 pedestrian 0 0 -10 630.82 172.47 658.92 201.12 -10 -10 -10 -100    0 -1000 -1000 -10
471 101 pedestrian 0 0 -10 548.96 170.44 580.95 198.86 -10 -10 -10 -100    0 -1000 -1000 -10
471 103 pedestrian 0 0 -10 697.29 183.17 808.68 269.82 -10 -10 -10 -100    0 -1000 -1000 -10
472 106 pedestrian 0 0 -10 501.95 168.67 548.17 214.38 -10 -10 -10 -100    0 -1000 -1000 -10
472 86 pedestrian 0 0 -10 228.68 178.18 446.01 359.18 -10 -10 -10 -100    0 -1000 -1000 -10
472 104 pedestrian 0 0 -10 452.33 176.91 523.74 233.36 -10 -10 -10 -100    0 -1000 -1000 -10
472 99 pedestrian 0 0 -10 652.92 173.90 704.86 219.49 -10 -10 -10 -100    0 -1000 -1000 -10
472 105 pedestrian 0 0 -10 630.18 173.47 655.41 198.80 -10 -10 -10 -100    0 -1000 -1000 -10
472 101 pedestrian 0 0 -10 550.96 171.68 580.32 198.70 -10 -10 -10 -100    0 -1000 -1000 -10
472 103 pedestrian 0 0 -10 702.16 184.64 821.30 277.29 -10 -10 -10 -100    0 -1000 -1000 -10
472 95 pedestrian 0 0 -10 833.95 0.00 1242.00 375.00 -10 -10 -10 -100    0 -1000 -1000 -10
473 106 pedestrian 0 0 -10 498.16 169.49 546.72 217.00 -10 -10 -10 -100    0 -1000 -1000 -10
473 86 pedestrian 0 0 -10 174.54 179.94 430.11 375.00 -10 -10 -10 -100    0 -1000 -1000 -10
473 104 pedestrian 0 0 -10 445.37 180.51 520.74 238.44 -10 -10 -10 -100    0 -1000 -1000 -10
473 99 pedestrian 0 0 -10 653.01 175.22 706.30 221.95 -10 -10 -10 -100    0 -1000 -1000 -10
473 105 pedestrian 0 0 -10 629.75 174.34 653.26 199.07 -10 -10 -10 -100    0 -1000 -1000 -10
473 101 pedestrian 0 0 -10 548.74 172.97 576.41 199.12 -10 -10 -10 -100    0 -1000 -1000 -10
473 103 pedestrian 0 0 -10 707.98 186.85 834.79 285.86 -10 -10 -10 -100    0 -1000 -1000 -10
473 95 pedestrian 0 0 -10 866.83 0.00 1242.00 375.00 -10 -10 -10 -100    0 -1000 -1000 -10
474 106 pedestrian 0 0 -10 493.33 171.01 544.05 219.64 -10 -10 -10 -100    0 -1000 -1000 -10
474 86 pedestrian 0 0 -10 100.41 182.74 412.70 375.00 -10 -10 -10 -100    0 -1000 -1000 -10
474 104 pedestrian 0 0 -10 436.11 181.09 515.93 243.62 -10 -10 -10 -100    0 -1000 -1000 -10
474 99 pedestrian 0 0 -10 652.84 176.59 707.32 225.27 -10 -10 -10 -100    0 -1000 -1000 -10
474 105 pedestrian 0 0 -10 629.30 175.36 653.84 200.90 -10 -10 -10 -100    0 -1000 -1000 -10
474 101 pedestrian 0 0 -10 547.55 174.89 574.73 200.23 -10 -10 -10 -100    0 -1000 -1000 -10
474 103 pedestrian 0 0 -10 713.17 188.54 851.86 296.44 -10 -10 -10 -100    0 -1000 -1000 -10
474 95 pedestrian 0 0 -10 913.69 0.00 1242.00 375.00 -10 -10 -10 -100    0 -1000 -1000 -10
475 106 pedestrian 0 0 -10 489.01 171.53 541.01 222.38 -10 -10 -10 -100    0 -1000 -1000 -10
475 86 pedestrian 0 0 -10 2.41 182.93 391.75 375.00 -10 -10 -10 -100    0 -1000 -1000 -10
475 104 pedestrian 0 0 -10 426.29 182.52 511.99 248.68 -10 -10 -10 -100    0 -1000 -1000 -10
475 99 pedestrian 0 0 -10 652.61 178.24 710.08 228.79 -10 -10 -10 -100    0 -1000 -1000 -10
475 105 pedestrian 0 0 -10 628.68 177.11 655.30 204.41 -10 -10 -10 -100    0 -1000 -1000 -10
475 101 pedestrian 0 0 -10 544.84 175.99 572.18 203.06 -10 -10 -10 -100    0 -1000 -1000 -10
475 103 pedestrian 0 0 -10 717.49 189.70 873.14 307.89 -10 -10 -10 -100    0 -1000 -1000 -10
475 95 pedestrian 0 0 -10 982.12 0.00 1242.00 375.00 -10 -10 -10 -100    0 -1000 -1000 -10
476 107 pedestrian 0 0 -10 518.22 173.59 559.14 211.84 -10 -10 -10 -100    0 -1000 -1000 -10
476 106 pedestrian 0 0 -10 485.27 172.39 538.24 224.56 -10 -10 -10 -100    0 -1000 -1000 -10
476 86 pedestrian 0 0 -10 0.68 183.94 364.22 375.00 -10 -10 -10 -100    0 -1000 -1000 -10
476 104 pedestrian 0 0 -10 415.59 183.83 506.25 253.72 -10 -10 -10 -100    0 -1000 -1000 -10
476 99 pedestrian 0 0 -10 652.75 180.36 712.77 232.32 -10 -10 -10 -100    0 -1000 -1000 -10
476 105 pedestrian 0 0 -10 628.31 178.78 656.95 207.89 -10 -10 -10 -100    0 -1000 -1000 -10
476 101 pedestrian 0 0 -10 544.95 176.72 571.74 204.07 -10 -10 -10 -100    0 -1000 -1000 -10
476 103 pedestrian 0 0 -10 724.26 191.30 896.90 319.77 -10 -10 -10 -100    0 -1000 -1000 -10
476 95 pedestrian 0 0 -10 1088.46 0.00 1242.00 375.00 -10 -10 -10 -100    0 -1000 -1000 -10
477 107 pedestrian 0 0 -10 516.06 174.70 557.30 212.35 -10 -10 -10 -100    0 -1000 -1000 -10
477 106 pedestrian 0 0 -10 480.28 172.66 535.49 227.25 -10 -10 -10 -100    0 -1000 -1000 -10
477 86 pedestrian 0 0 -10 0.00 187.45 328.34 375.00 -10 -10 -10 -100    0 -1000 -1000 -10
477 104 pedestrian 0 0 -10 403.93 184.65 502.14 258.66 -10 -10 -10 -100    0 -1000 -1000 -10
477 99 pedestrian 0 0 -10 654.21 180.44 715.82 234.79 -10 -10 -10 -100    0 -1000 -1000 -10
477 105 pedestrian 0 0 -10 628.80 179.65 659.82 210.35 -10 -10 -10 -100    0 -1000 -1000 -10
477 101 pedestrian 0 0 -10 544.12 176.94 570.66 204.46 -10 -10 -10 -100    0 -1000 -1000 -10
477 103 pedestrian 0 0 -10 731.39 192.19 924.72 333.91 -10 -10 -10 -100    0 -1000 -1000 -10
478 107 pedestrian 0 0 -10 512.16 174.11 553.31 213.65 -10 -10 -10 -100    0 -1000 -1000 -10
478 106 pedestrian 0 0 -10 474.47 171.93 532.22 229.34 -10 -10 -10 -100    0 -1000 -1000 -10
478 86 pedestrian 0 0 -10 0.35 190.65 282.32 375.00 -10 -10 -10 -100    0 -1000 -1000 -10
478 104 pedestrian 0 0 -10 390.84 184.69 495.97 265.32 -10 -10 -10 -100    0 -1000 -1000 -10
478 99 pedestrian 0 0 -10 656.66 180.30 721.05 236.61 -10 -10 -10 -100    0 -1000 -1000 -10
478 105 pedestrian 0 0 -10 630.32 178.82 667.31 212.63 -10 -10 -10 -100    0 -1000 -1000 -10
478 101 pedestrian 0 0 -10 538.54 175.73 569.66 205.25 -10 -10 -10 -100    0 -1000 -1000 -10
478 103 pedestrian 0 0 -10 740.60 192.77 959.74 351.86 -10 -10 -10 -100    0 -1000 -1000 -10
479 107 pedestrian 0 0 -10 509.62 173.91 552.34 214.77 -10 -10 -10 -100    0 -1000 -1000 -10
479 106 pedestrian 0 0 -10 469.46 172.07 529.84 231.46 -10 -10 -10 -100    0 -1000 -1000 -10
479 86 pedestrian 0 0 -10 0.00 191.29 217.45 375.00 -10 -10 -10 -100    0 -1000 -1000 -10
479 104 pedestrian 0 0 -10 376.14 185.46 489.88 271.87 -10 -10 -10 -100    0 -1000 -1000 -10
479 99 pedestrian 0 0 -10 659.08 180.18 726.55 238.78 -10 -10 -10 -100    0 -1000 -1000 -10
479 105 pedestrian 0 0 -10 626.28 178.87 665.61 213.58 -10 -10 -10 -100    0 -1000 -1000 -10
479 101 pedestrian 0 0 -10 536.01 175.26 567.77 204.51 -10 -10 -10 -100    0 -1000 -1000 -10
479 103 pedestrian 0 0 -10 750.16 193.74 1003.07 375.00 -10 -10 -10 -100    0 -1000 -1000 -10
480 107 pedestrian 0 0 -10 506.80 173.61 551.95 216.36 -10 -10 -10 -100    0 -1000 -1000 -10
480 106 pedestrian 0 0 -10 462.40 172.32 525.80 233.82 -10 -10 -10 -100    0 -1000 -1000 -10
480 86 pedestrian 0 0 -10 0.00 195.44 124.10 375.00 -10 -10 -10 -100    0 -1000 -1000 -10
480 104 pedestrian 0 0 -10 359.32 187.21 484.53 279.53 -10 -10 -10 -100    0 -1000 -1000 -10
480 99 pedestrian 0 0 -10 661.34 180.50 732.95 241.09 -10 -10 -10 -100    0 -1000 -1000 -10
480 105 pedestrian 0 0 -10 632.05 180.14 676.43 221.15 -10 -10 -10 -100    0 -1000 -1000 -10
480 101 pedestrian 0 0 -10 532.97 175.37 565.77 206.45 -10 -10 -10 -100    0 -1000 -1000 -10
480 103 pedestrian 0 0 -10 764.10 195.34 1062.68 375.00 -10 -10 -10 -100    0 -1000 -1000 -10
481 107 pedestrian 0 0 -10 504.09 173.89 550.77 217.63 -10 -10 -10 -100    0 -1000 -1000 -10
481 106 pedestrian 0 0 -10 455.77 172.09 522.89 236.63 -10 -10 -10 -100    0 -1000 -1000 -10
481 104 pedestrian 0 0 -10 339.94 188.13 478.52 288.06 -10 -10 -10 -100    0 -1000 -1000 -10
481 99 pedestrian 0 0 -10 662.99 180.67 739.69 244.39 -10 -10 -10 -100    0 -1000 -1000 -10
481 105 pedestrian 0 0 -10 632.29 179.31 679.46 221.08 -10 -10 -10 -100    0 -1000 -1000 -10
481 103 pedestrian 0 0 -10 780.21 197.14 1138.79 375.00 -10 -10 -10 -100    0 -1000 -1000 -10
482 107 pedestrian 0 0 -10 500.97 173.53 549.68 218.89 -10 -10 -10 -100    0 -1000 -1000 -10
482 106 pedestrian 0 0 -10 449.47 171.75 519.68 239.75 -10 -10 -10 -100    0 -1000 -1000 -10
482 104 pedestrian 0 0 -10 316.33 190.14 470.65 297.98 -10 -10 -10 -100    0 -1000 -1000 -10
482 99 pedestrian 0 0 -10 665.28 181.35 744.94 246.96 -10 -10 -10 -100    0 -1000 -1000 -10
482 105 pedestrian 0 0 -10 631.43 179.48 675.81 218.94 -10 -10 -10 -100    0 -1000 -1000 -10
482 103 pedestrian 0 0 -10 796.04 199.32 1242.00 375.00 -10 -10 -10 -100    0 -1000 -1000 -10
483 108 pedestrian 0 0 -10 568.34 173.11 613.03 200.71 -10 -10 -10 -100    0 -1000 -1000 -10
483 107 pedestrian 0 0 -10 497.31 173.35 546.97 220.43 -10 -10 -10 -100    0 -1000 -1000 -10
483 106 pedestrian 0 0 -10 442.47 172.21 516.62 243.76 -10 -10 -10 -100    0 -1000 -1000 -10
483 104 pedestrian 0 0 -10 289.51 191.53 462.48 309.66 -10 -10 -10 -100    0 -1000 -1000 -10
483 99 pedestrian 0 0 -10 666.50 181.62 751.85 250.97 -10 -10 -10 -100    0 -1000 -1000 -10
483 105 pedestrian 0 0 -10 629.65 179.56 671.02 215.68 -10 -10 -10 -100    0 -1000 -1000 -10
483 103 pedestrian 0 0 -10 822.09 201.23 1242.00 375.00 -10 -10 -10 -100    0 -1000 -1000 -10
484 108 pedestrian 0 0 -10 562.37 173.83 598.59 199.51 -10 -10 -10 -100    0 -1000 -1000 -10
484 107 pedestrian 0 0 -10 492.30 174.20 545.12 222.87 -10 -10 -10 -100    0 -1000 -1000 -10
484 106 pedestrian 0 0 -10 434.02 172.67 511.98 247.98 -10 -10 -10 -100    0 -1000 -1000 -10
484 104 pedestrian 0 0 -10 257.30 194.38 453.14 324.09 -10 -10 -10 -100    0 -1000 -1000 -10
484 99 pedestrian 0 0 -10 666.35 181.65 756.20 256.09 -10 -10 -10 -100    0 -1000 -1000 -10
484 105 pedestrian 0 0 -10 629.41 178.80 670.15 214.83 -10 -10 -10 -100    0 -1000 -1000 -10
484 101 pedestrian 0 0 -10 525.89 176.99 560.92 210.18 -10 -10 -10 -100    0 -1000 -1000 -10
484 103 pedestrian 0 0 -10 855.21 203.33 1242.00 375.00 -10 -10 -10 -100    0 -1000 -1000 -10
485 108 pedestrian 0 0 -10 553.06 173.87 586.25 198.01 -10 -10 -10 -100    0 -1000 -1000 -10
485 107 pedestrian 0 0 -10 488.51 174.30 544.09 223.98 -10 -10 -10 -100    0 -1000 -1000 -10
485 106 pedestrian 0 0 -10 425.71 173.07 509.16 252.01 -10 -10 -10 -100    0 -1000 -1000 -10
485 104 pedestrian 0 0 -10 219.30 194.97 443.76 342.17 -10 -10 -10 -100    0 -1000 -1000 -10
485 99 pedestrian 0 0 -10 667.17 181.52 761.22 259.09 -10 -10 -10 -100    0 -1000 -1000 -10
485 105 pedestrian 0 0 -10 628.44 176.97 666.68 211.52 -10 -10 -10 -100    0 -1000 -1000 -10
485 101 pedestrian 0 0 -10 523.66 176.82 560.26 210.39 -10 -10 -10 -100    0 -1000 -1000 -10
485 103 pedestrian 0 0 -10 893.04 207.16 1241.10 375.00 -10 -10 -10 -100    0 -1000 -1000 -10
486 109 pedestrian 0 0 -10 654.53 183.03 710.94 228.89 -10 -10 -10 -100    0 -1000 -1000 -10
486 108 pedestrian 0 0 -10 546.15 175.01 574.73 198.37 -10 -10 -10 -100    0 -1000 -1000 -10
486 107 pedestrian 0 0 -10 483.99 173.56 541.31 224.75 -10 -10 -10 -100    0 -1000 -1000 -10
486 106 pedestrian 0 0 -10 415.22 172.53 504.66 255.27 -10 -10 -10 -100    0 -1000 -1000 -10
486 104 pedestrian 0 0 -10 171.29 196.26 432.06 363.12 -10 -10 -10 -100    0 -1000 -1000 -10
486 99 pedestrian 0 0 -10 669.98 180.64 769.43 262.32 -10 -10 -10 -100    0 -1000 -1000 -10
486 105 pedestrian 0 0 -10 640.15 180.51 676.45 214.71 -10 -10 -10 -100    0 -1000 -1000 -10
486 101 pedestrian 0 0 -10 521.53 176.02 558.88 210.18 -10 -10 -10 -100    0 -1000 -1000 -10
486 103 pedestrian 0 0 -10 950.27 217.00 1241.84 375.00 -10 -10 -10 -100    0 -1000 -1000 -10
487 109 pedestrian 0 0 -10 655.76 182.48 713.62 230.53 -10 -10 -10 -100    0 -1000 -1000 -10
487 107 pedestrian 0 0 -10 479.75 173.91 540.18 227.09 -10 -10 -10 -100    0 -1000 -1000 -10
487 106 pedestrian 0 0 -10 402.03 172.90 499.97 260.44 -10 -10 -10 -100    0 -1000 -1000 -10
487 104 pedestrian 0 0 -10 106.61 199.17 417.30 375.00 -10 -10 -10 -100    0 -1000 -1000 -10
487 99 pedestrian 0 0 -10 673.19 180.00 780.12 267.47 -10 -10 -10 -100    0 -1000 -1000 -10
487 105 pedestrian 0 0 -10 641.30 180.00 678.41 214.46 -10 -10 -10 -100    0 -1000 -1000 -10
487 101 pedestrian 0 0 -10 520.80 176.05 557.73 211.35 -10 -10 -10 -100    0 -1000 -1000 -10
487 103 pedestrian 0 0 -10 1043.69 234.25 1242.00 375.00 -10 -10 -10 -100    0 -1000 -1000 -10
488 109 pedestrian 0 0 -10 657.54 183.37 718.90 234.07 -10 -10 -10 -100    0 -1000 -1000 -10
488 107 pedestrian 0 0 -10 474.52 174.21 537.27 229.07 -10 -10 -10 -100    0 -1000 -1000 -10
488 106 pedestrian 0 0 -10 388.16 173.65 493.60 267.53 -10 -10 -10 -100    0 -1000 -1000 -10
488 104 pedestrian 0 0 -10 18.72 201.22 398.24 375.00 -10 -10 -10 -100    0 -1000 -1000 -10
488 99 pedestrian 0 0 -10 676.53 180.00 791.51 272.96 -10 -10 -10 -100    0 -1000 -1000 -10
488 105 pedestrian 0 0 -10 641.63 180.39 679.10 216.40 -10 -10 -10 -100    0 -1000 -1000 -10
488 101 pedestrian 0 0 -10 518.20 176.58 555.33 211.96 -10 -10 -10 -100    0 -1000 -1000 -10
489 109 pedestrian 0 0 -10 659.07 184.29 723.46 236.61 -10 -10 -10 -100    0 -1000 -1000 -10
489 107 pedestrian 0 0 -10 468.65 174.47 533.97 231.96 -10 -10 -10 -100    0 -1000 -1000 -10
489 106 pedestrian 0 0 -10 372.96 174.46 486.78 273.85 -10 -10 -10 -100    0 -1000 -1000 -10
489 104 pedestrian 0 0 -10 0.00 202.41 377.85 375.00 -10 -10 -10 -100    0 -1000 -1000 -10
489 99 pedestrian 0 0 -10 679.69 181.23 803.45 280.01 -10 -10 -10 -100    0 -1000 -1000 -10
489 105 pedestrian 0 0 -10 641.71 181.14 680.69 217.91 -10 -10 -10 -100    0 -1000 -1000 -10
489 101 pedestrian 0 0 -10 514.46 177.37 554.09 213.11 -10 -10 -10 -100    0 -1000 -1000 -10
490 109 pedestrian 0 0 -10 661.18 184.66 728.26 239.46 -10 -10 -10 -100    0 -1000 -1000 -10
490 107 pedestrian 0 0 -10 461.99 174.81 532.01 234.82 -10 -10 -10 -100    0 -1000 -1000 -10
490 106 pedestrian 0 0 -10 355.38 175.19 481.73 282.50 -10 -10 -10 -100    0 -1000 -1000 -10
490 104 pedestrian 0 0 -10 0.00 205.55 353.22 375.00 -10 -10 -10 -100    0 -1000 -1000 -10
490 99 pedestrian 0 0 -10 684.18 182.70 819.02 288.42 -10 -10 -10 -100    0 -1000 -1000 -10
490 105 pedestrian 0 0 -10 642.68 181.55 683.30 219.24 -10 -10 -10 -100    0 -1000 -1000 -10
490 101 pedestrian 0 0 -10 512.83 177.70 553.23 214.46 -10 -10 -10 -100    0 -1000 -1000 -10
491 109 pedestrian 0 0 -10 663.88 185.79 732.75 242.25 -10 -10 -10 -100    0 -1000 -1000 -10
491 107 pedestrian 0 0 -10 456.58 174.87 529.41 237.18 -10 -10 -10 -100    0 -1000 -1000 -10
491 106 pedestrian 0 0 -10 335.41 175.98 475.29 291.63 -10 -10 -10 -100    0 -1000 -1000 -10
491 104 pedestrian 0 0 -10 0.00 211.68 323.97 375.00 -10 -10 -10 -100    0 -1000 -1000 -10
491 99 pedestrian 0 0 -10 688.72 183.28 835.61 296.78 -10 -10 -10 -100    0 -1000 -1000 -10
491 105 pedestrian 0 0 -10 643.83 181.01 686.27 220.95 -10 -10 -10 -100    0 -1000 -1000 -10
491 101 pedestrian 0 0 -10 509.98 177.71 551.56 215.75 -10 -10 -10 -100    0 -1000 -1000 -10
492 109 pedestrian 0 0 -10 665.68 185.95 739.28 245.94 -10 -10 -10 -100    0 -1000 -1000 -10
492 107 pedestrian 0 0 -10 449.63 174.79 526.36 239.84 -10 -10 -10 -100    0 -1000 -1000 -10
492 106 pedestrian 0 0 -10 311.04 176.87 467.21 302.19 -10 -10 -10 -100    0 -1000 -1000 -10
492 104 pedestrian 0 0 -10 0.00 216.35 284.07 375.00 -10 -10 -10 -100    0 -1000 -1000 -10
492 110 pedestrian 0 0 -10 627.49 177.74 664.76 210.08 -10 -10 -10 -100    0 -1000 -1000 -10
492 99 pedestrian 0 0 -10 693.99 184.03 854.38 308.19 -10 -10 -10 -100    0 -1000 -1000 -10
492 105 pedestrian 0 0 -10 644.93 181.25 688.51 221.68 -10 -10 -10 -100    0 -1000 -1000 -10
492 101 pedestrian 0 0 -10 506.59 177.67 550.52 216.73 -10 -10 -10 -100    0 -1000 -1000 -10
493 109 pedestrian 0 0 -10 667.49 186.21 744.04 249.36 -10 -10 -10 -100    0 -1000 -1000 -10
493 107 pedestrian 0 0 -10 442.20 174.92 523.18 243.05 -10 -10 -10 -100    0 -1000 -1000 -10
493 106 pedestrian 0 0 -10 282.66 177.38 457.53 314.18 -10 -10 -10 -100    0 -1000 -1000 -10
493 104 pedestrian 0 0 -10 0.00 223.06 234.76 375.00 -10 -10 -10 -100    0 -1000 -1000 -10
493 110 pedestrian 0 0 -10 628.57 177.27 666.07 212.38 -10 -10 -10 -100    0 -1000 -1000 -10
493 99 pedestrian 0 0 -10 698.45 184.64 877.39 320.27 -10 -10 -10 -100    0 -1000 -1000 -10
493 105 pedestrian 0 0 -10 646.33 181.88 691.08 222.91 -10 -10 -10 -100    0 -1000 -1000 -10
493 101 pedestrian 0 0 -10 504.32 177.77 548.83 217.79 -10 -10 -10 -100    0 -1000 -1000 -10
494 109 pedestrian 0 0 -10 670.60 187.24 752.23 252.78 -10 -10 -10 -100    0 -1000 -1000 -10
494 107 pedestrian 0 0 -10 431.95 175.41 520.24 247.20 -10 -10 -10 -100    0 -1000 -1000 -10
494 106 pedestrian 0 0 -10 249.01 177.78 447.54 330.64 -10 -10 -10 -100    0 -1000 -1000 -10
494 104 pedestrian 0 0 -10 0.00 232.07 149.87 375.00 -10 -10 -10 -100    0 -1000 -1000 -10
494 110 pedestrian 0 0 -10 629.53 177.65 667.65 214.06 -10 -10 -10 -100    0 -1000 -1000 -10
494 99 pedestrian 0 0 -10 705.80 185.33 904.52 334.58 -10 -10 -10 -100    0 -1000 -1000 -10
494 105 pedestrian 0 0 -10 647.58 181.98 694.57 224.78 -10 -10 -10 -100    0 -1000 -1000 -10
494 101 pedestrian 0 0 -10 500.23 178.28 546.38 219.31 -10 -10 -10 -100    0 -1000 -1000 -10
495 109 pedestrian 0 0 -10 672.83 187.04 756.97 256.25 -10 -10 -10 -100    0 -1000 -1000 -10
495 107 pedestrian 0 0 -10 423.32 176.24 515.39 251.14 -10 -10 -10 -100    0 -1000 -1000 -10
495 106 pedestrian 0 0 -10 210.32 179.61 434.63 349.31 -10 -10 -10 -100    0 -1000 -1000 -10
495 110 pedestrian 0 0 -10 630.99 177.97 668.66 215.63 -10 -10 -10 -100    0 -1000 -1000 -10
495 99 pedestrian 0 0 -10 712.28 185.71 935.88 353.13 -10 -10 -10 -100    0 -1000 -1000 -10
495 105 pedestrian 0 0 -10 649.04 182.06 697.47 227.13 -10 -10 -10 -100    0 -1000 -1000 -10
495 101 pedestrian 0 0 -10 498.23 179.28 544.57 221.03 -10 -10 -10 -100    0 -1000 -1000 -10
496 109 pedestrian 0 0 -10 675.14 186.81 767.07 260.01 -10 -10 -10 -100    0 -1000 -1000 -10
496 107 pedestrian 0 0 -10 412.47 176.36 513.08 256.07 -10 -10 -10 -100    0 -1000 -1000 -10
496 106 pedestrian 0 0 -10 159.55 181.46 422.24 374.72 -10 -10 -10 -100    0 -1000 -1000 -10
496 110 pedestrian 0 0 -10 632.35 178.13 670.30 216.98 -10 -10 -10 -100    0 -1000 -1000 -10
496 99 pedestrian 0 0 -10 720.28 186.78 976.39 372.76 -10 -10 -10 -100    0 -1000 -1000 -10
496 105 pedestrian 0 0 -10 650.64 181.79 701.02 228.09 -10 -10 -10 -100    0 -1000 -1000 -10
496 101 pedestrian 0 0 -10 494.32 178.86 543.09 223.09 -10 -10 -10 -100    0 -1000 -1000 -10
497 107 pedestrian 0 0 -10 401.54 176.49 509.22 260.26 -10 -10 -10 -100    0 -1000 -1000 -10
497 106 pedestrian 0 0 -10 94.79 182.35 405.09 375.00 -10 -10 -10 -100    0 -1000 -1000 -10
497 110 pedestrian 0 0 -10 632.51 178.14 671.19 218.78 -10 -10 -10 -100    0 -1000 -1000 -10
497 99 pedestrian 0 0 -10 730.39 187.53 1030.39 375.00 -10 -10 -10 -100    0 -1000 -1000 -10
497 105 pedestrian 0 0 -10 651.93 181.40 704.58 230.14 -10 -10 -10 -100    0 -1000 -1000 -10
497 109 pedestrian 0 0 -10 678.25 187.03 774.22 263.60 -10 -10 -10 -100    0 -1000 -1000 -10
497 101 pedestrian 0 0 -10 489.06 178.45 541.28 224.67 -10 -10 -10 -100    0 -1000 -1000 -10
498 107 pedestrian 0 0 -10 390.12 176.60 504.56 265.70 -10 -10 -10 -100    0 -1000 -1000 -10
498 106 pedestrian 0 0 -10 15.18 183.88 385.33 375.00 -10 -10 -10 -100    0 -1000 -1000 -10
498 110 pedestrian 0 0 -10 633.67 177.45 672.50 218.80 -10 -10 -10 -100    0 -1000 -1000 -10
498 99 pedestrian 0 0 -10 740.47 188.15 1098.73 375.00 -10 -10 -10 -100    0 -1000 -1000 -10
498 105 pedestrian 0 0 -10 653.44 181.06 707.58 231.03 -10 -10 -10 -100    0 -1000 -1000 -10
498 109 pedestrian 0 0 -10 680.39 186.00 781.82 266.80 -10 -10 -10 -100    0 -1000 -1000 -10
498 101 pedestrian 0 0 -10 486.07 178.38 539.10 226.82 -10 -10 -10 -100    0 -1000 -1000 -10
499 107 pedestrian 0 0 -10 376.10 178.45 498.74 273.13 -10 -10 -10 -100    0 -1000 -1000 -10
499 106 pedestrian 0 0 -10 0.92 185.29 361.88 375.00 -10 -10 -10 -100    0 -1000 -1000 -10
499 110 pedestrian 0 0 -10 633.96 178.10 674.60 220.37 -10 -10 -10 -100    0 -1000 -1000 -10
499 99 pedestrian 0 0 -10 756.26 189.23 1196.78 375.00 -10 -10 -10 -100    0 -1000 -1000 -10
499 105 pedestrian 0 0 -10 655.58 181.20 712.43 232.92 -10 -10 -10 -100    0 -1000 -1000 -10
499 109 pedestrian 0 0 -10 683.61 187.07 790.67 272.79 -10 -10 -10 -100    0 -1000 -1000 -10
499 101 pedestrian 0 0 -10 480.02 178.72 537.82 228.47 -10 -10 -10 -100    0 -1000 -1000 -10
500 107 pedestrian 0 0 -10 361.67 179.65 493.78 280.91 -10 -10 -10 -100    0 -1000 -1000 -10
500 106 pedestrian 0 0 -10 0.00 187.98 332.05 375.00 -10 -10 -10 -100    0 -1000 -1000 -10
500 110 pedestrian 0 0 -10 636.52 180.12 680.89 223.17 -10 -10 -10 -100    0 -1000 -1000 -10
500 99 pedestrian 0 0 -10 773.48 193.05 1240.43 375.00 -10 -10 -10 -100    0 -1000 -1000 -10
500 105 pedestrian 0 0 -10 657.25 183.33 715.70 235.17 -10 -10 -10 -100    0 -1000 -1000 -10
500 109 pedestrian 0 0 -10 687.73 190.91 803.80 282.90 -10 -10 -10 -100    0 -1000 -1000 -10
500 101 pedestrian 0 0 -10 476.63 179.07 534.95 230.41 -10 -10 -10 -100    0 -1000 -1000 -10
501 107 pedestrian 0 0 -10 344.58 180.43 488.55 289.65 -10 -10 -10 -100    0 -1000 -1000 -10
501 106 pedestrian 0 0 -10 0.35 191.24 292.39 375.00 -10 -10 -10 -100    0 -1000 -1000 -10
501 110 pedestrian 0 0 -10 637.27 180.31 681.88 224.67 -10 -10 -10 -100    0 -1000 -1000 -10
501 99 pedestrian 0 0 -10 792.72 193.95 1241.01 375.00 -10 -10 -10 -100    0 -1000 -1000 -10
501 105 pedestrian 0 0 -10 657.68 184.14 718.66 237.68 -10 -10 -10 -100    0 -1000 -1000 -10
501 109 pedestrian 0 0 -10 692.12 192.12 817.61 290.99 -10 -10 -10 -100    0 -1000 -1000 -10
501 101 pedestrian 0 0 -10 472.13 178.16 532.77 231.57 -10 -10 -10 -100    0 -1000 -1000 -10
502 107 pedestrian 0 0 -10 325.55 176.72 481.56 292.78 -10 -10 -10 -100    0 -1000 -1000 -10
502 106 pedestrian 0 0 -10 0.00 189.80 242.60 375.00 -10 -10 -10 -100    0 -1000 -1000 -10
502 110 pedestrian 0 0 -10 638.52 175.70 684.76 221.08 -10 -10 -10 -100    0 -1000 -1000 -10
502 99 pedestrian 0 0 -10 822.30 192.02 1242.00 375.00 -10 -10 -10 -100    0 -1000 -1000 -10
502 105 pedestrian 0 0 -10 658.81 179.62 723.43 235.79 -10 -10 -10 -100    0 -1000 -1000 -10
502 109 pedestrian 0 0 -10 697.79 188.92 834.93 295.84 -10 -10 -10 -100    0 -1000 -1000 -10
502 101 pedestrian 0 0 -10 467.86 173.90 530.92 228.85 -10 -10 -10 -100    0 -1000 -1000 -10
503 107 pedestrian 0 0 -10 302.19 172.81 474.22 298.69 -10 -10 -10 -100    0 -1000 -1000 -10
503 106 pedestrian 0 0 -10 0.00 194.42 176.25 375.00 -10 -10 -10 -100    0 -1000 -1000 -10
503 110 pedestrian 0 0 -10 648.69 171.99 698.43 217.66 -10 -10 -10 -100    0 -1000 -1000 -10
503 99 pedestrian 0 0 -10 856.31 194.78 1241.94 375.00 -10 -10 -10 -100    0 -1000 -1000 -10
503 105 pedestrian 0 0 -10 659.38 175.22 728.42 233.62 -10 -10 -10 -100    0 -1000 -1000 -10
503 109 pedestrian 0 0 -10 702.22 188.04 854.01 304.04 -10 -10 -10 -100    0 -1000 -1000 -10
503 101 pedestrian 0 0 -10 463.48 170.37 528.06 227.08 -10 -10 -10 -100    0 -1000 -1000 -10
504 107 pedestrian 0 0 -10 274.17 174.57 466.30 312.20 -10 -10 -10 -100    0 -1000 -1000 -10
504 110 pedestrian 0 0 -10 651.11 170.54 703.72 217.53 -10 -10 -10 -100    0 -1000 -1000 -10
504 99 pedestrian 0 0 -10 903.33 199.03 1242.00 375.00 -10 -10 -10 -100    0 -1000 -1000 -10
504 105 pedestrian 0 0 -10 660.24 173.26 732.38 234.26 -10 -10 -10 -100    0 -1000 -1000 -10
504 109 pedestrian 0 0 -10 709.27 189.39 877.41 315.40 -10 -10 -10 -100    0 -1000 -1000 -10
504 101 pedestrian 0 0 -10 457.90 170.94 525.36 229.95 -10 -10 -10 -100    0 -1000 -1000 -10
505 107 pedestrian 0 0 -10 241.94 179.65 457.93 331.26 -10 -10 -10 -100    0 -1000 -1000 -10
505 110 pedestrian 0 0 -10 654.72 175.16 709.22 222.52 -10 -10 -10 -100    0 -1000 -1000 -10
505 99 pedestrian 0 0 -10 976.27 203.99 1242.00 375.00 -10 -10 -10 -100    0 -1000 -1000 -10
505 105 pedestrian 0 0 -10 664.11 177.77 739.86 240.83 -10 -10 -10 -100    0 -1000 -1000 -10
505 109 pedestrian 0 0 -10 716.83 191.00 905.21 330.84 -10 -10 -10 -100    0 -1000 -1000 -10
505 101 pedestrian 0 0 -10 452.52 174.97 523.56 235.98 -10 -10 -10 -100    0 -1000 -1000 -10
506 107 pedestrian 0 0 -10 202.74 182.63 449.56 351.69 -10 -10 -10 -100    0 -1000 -1000 -10
506 110 pedestrian 0 0 -10 657.34 178.09 712.99 227.96 -10 -10 -10 -100    0 -1000 -1000 -10
506 99 pedestrian 0 0 -10 1096.33 215.06 1242.00 375.00 -10 -10 -10 -100    0 -1000 -1000 -10
506 105 pedestrian 0 0 -10 666.03 180.59 746.83 246.69 -10 -10 -10 -100    0 -1000 -1000 -10
506 109 pedestrian 0 0 -10 727.97 192.03 941.03 347.02 -10 -10 -10 -100    0 -1000 -1000 -10
506 101 pedestrian 0 0 -10 447.62 176.10 521.95 240.12 -10 -10 -10 -100    0 -1000 -1000 -10
507 107 pedestrian 0 0 -10 151.68 181.16 438.74 371.46 -10 -10 -10 -100    0 -1000 -1000 -10
507 110 pedestrian 0 0 -10 659.24 176.21 716.75 227.27 -10 -10 -10 -100    0 -1000 -1000 -10
507 105 pedestrian 0 0 -10 669.60 178.60 754.86 249.37 -10 -10 -10 -100    0 -1000 -1000 -10
507 109 pedestrian 0 0 -10 738.24 192.72 984.93 366.97 -10 -10 -10 -100    0 -1000 -1000 -10
507 101 pedestrian 0 0 -10 441.49 173.77 520.11 240.93 -10 -10 -10 -100    0 -1000 -1000 -10
508 107 pedestrian 0 0 -10 88.84 181.74 423.45 375.00 -10 -10 -10 -100    0 -1000 -1000 -10
508 110 pedestrian 0 0 -10 660.28 178.08 721.12 230.30 -10 -10 -10 -100    0 -1000 -1000 -10
508 105 pedestrian 0 0 -10 673.45 181.22 764.78 255.17 -10 -10 -10 -100    0 -1000 -1000 -10
508 109 pedestrian 0 0 -10 751.98 193.10 1042.07 375.00 -10 -10 -10 -100    0 -1000 -1000 -10
508 101 pedestrian 0 0 -10 434.55 175.50 516.62 245.85 -10 -10 -10 -100    0 -1000 -1000 -10
509 107 pedestrian 0 0 -10 2.49 182.59 409.24 375.00 -10 -10 -10 -100    0 -1000 -1000 -10
509 110 pedestrian 0 0 -10 661.70 183.18 724.74 237.11 -10 -10 -10 -100    0 -1000 -1000 -10
509 105 pedestrian 0 0 -10 676.58 186.28 774.56 266.08 -10 -10 -10 -100    0 -1000 -1000 -10
509 109 pedestrian 0 0 -10 765.24 195.34 1115.43 375.00 -10 -10 -10 -100    0 -1000 -1000 -10
509 101 pedestrian 0 0 -10 427.20 181.12 513.40 255.32 -10 -10 -10 -100    0 -1000 -1000 -10
510 107 pedestrian 0 0 -10 1.40 185.36 389.50 375.00 -10 -10 -10 -100    0 -1000 -1000 -10
510 110 pedestrian 0 0 -10 664.44 187.44 729.80 244.91 -10 -10 -10 -100    0 -1000 -1000 -10
510 105 pedestrian 0 0 -10 680.08 192.37 784.42 276.00 -10 -10 -10 -100    0 -1000 -1000 -10
510 109 pedestrian 0 0 -10 783.46 202.37 1212.63 375.00 -10 -10 -10 -100    0 -1000 -1000 -10
510 101 pedestrian 0 0 -10 418.39 187.35 511.18 265.45 -10 -10 -10 -100    0 -1000 -1000 -10
511 112 pedestrian 0 0 -10 656.37 182.11 712.02 232.03 -10 -10 -10 -100    0 -1000 -1000 -10
511 107 pedestrian 0 0 -10 0.00 184.61 367.70 375.00 -10 -10 -10 -100    0 -1000 -1000 -10
511 110 pedestrian 0 0 -10 667.93 186.03 735.49 244.36 -10 -10 -10 -100    0 -1000 -1000 -10
511 105 pedestrian 0 0 -10 685.40 191.71 796.84 281.09 -10 -10 -10 -100    0 -1000 -1000 -10
511 109 pedestrian 0 0 -10 804.52 204.74 1241.28 375.00 -10 -10 -10 -100    0 -1000 -1000 -10
511 101 pedestrian 0 0 -10 409.20 187.46 508.62 271.44 -10 -10 -10 -100    0 -1000 -1000 -10
512 112 pedestrian 0 0 -10 657.28 177.28 716.14 227.84 -10 -10 -10 -100    0 -1000 -1000 -10
512 107 pedestrian 0 0 -10 0.00 183.98 339.15 375.00 -10 -10 -10 -100    0 -1000 -1000 -10
512 110 pedestrian 0 0 -10 670.24 181.88 742.60 242.98 -10 -10 -10 -100    0 -1000 -1000 -10
512 105 pedestrian 0 0 -10 690.64 186.39 810.27 282.88 -10 -10 -10 -100    0 -1000 -1000 -10
512 109 pedestrian 0 0 -10 831.93 203.91 1241.65 375.00 -10 -10 -10 -100    0 -1000 -1000 -10
512 101 pedestrian 0 0 -10 396.40 184.95 504.77 274.43 -10 -10 -10 -100    0 -1000 -1000 -10
513 112 pedestrian 0 0 -10 658.75 172.65 715.55 226.01 -10 -10 -10 -100    0 -1000 -1000 -10
513 107 pedestrian 0 0 -10 0.34 183.89 302.02 375.00 -10 -10 -10 -100    0 -1000 -1000 -10
513 110 pedestrian 0 0 -10 671.15 178.33 748.28 242.04 -10 -10 -10 -100    0 -1000 -1000 -10
513 105 pedestrian 0 0 -10 695.27 182.51 824.81 284.22 -10 -10 -10 -100    0 -1000 -1000 -10
513 109 pedestrian 0 0 -10 870.13 210.18 1241.41 375.00 -10 -10 -10 -100    0 -1000 -1000 -10
513 101 pedestrian 0 0 -10 381.63 183.51 499.97 277.58 -10 -10 -10 -100    0 -1000 -1000 -10
514 112 pedestrian 0 0 -10 660.24 171.23 721.08 225.89 -10 -10 -10 -100    0 -1000 -1000 -10
514 107 pedestrian 0 0 -10 0.00 183.13 250.42 375.00 -10 -10 -10 -100    0 -1000 -1000 -10
514 110 pedestrian 0 0 -10 674.37 176.19 753.52 242.87 -10 -10 -10 -100    0 -1000 -1000 -10
514 105 pedestrian 0 0 -10 699.05 181.02 841.71 288.71 -10 -10 -10 -100    0 -1000 -1000 -10
514 109 pedestrian 0 0 -10 916.62 221.16 1241.90 375.00 -10 -10 -10 -100    0 -1000 -1000 -10
514 101 pedestrian 0 0 -10 365.06 182.99 494.62 283.02 -10 -10 -10 -100    0 -1000 -1000 -10
515 113 pedestrian 0 0 -10 755.96 161.17 851.09 199.29 -10 -10 -10 -100    0 -1000 -1000 -10
515 112 pedestrian 0 0 -10 661.30 170.80 724.95 227.61 -10 -10 -10 -100    0 -1000 -1000 -10
515 110 pedestrian 0 0 -10 675.47 175.53 759.52 246.60 -10 -10 -10 -100    0 -1000 -1000 -10
515 105 pedestrian 0 0 -10 703.52 181.48 860.83 297.89 -10 -10 -10 -100    0 -1000 -1000 -10
515 109 pedestrian 0 0 -10 985.23 230.77 1242.00 375.00 -10 -10 -10 -100    0 -1000 -1000 -10
515 101 pedestrian 0 0 -10 347.00 183.74 487.65 291.57 -10 -10 -10 -100    0 -1000 -1000 -10
516 113 pedestrian 0 0 -10 747.32 162.87 842.79 202.38 -10 -10 -10 -100    0 -1000 -1000 -10
516 112 pedestrian 0 0 -10 663.32 173.32 729.57 231.92 -10 -10 -10 -100    0 -1000 -1000 -10
516 110 pedestrian 0 0 -10 676.98 178.05 767.49 253.85 -10 -10 -10 -100    0 -1000 -1000 -10
516 105 pedestrian 0 0 -10 709.16 184.29 881.68 311.29 -10 -10 -10 -100    0 -1000 -1000 -10
516 101 pedestrian 0 0 -10 327.43 186.87 481.30 304.18 -10 -10 -10 -100    0 -1000 -1000 -10
517 112 pedestrian 0 0 -10 664.37 176.23 734.04 235.86 -10 -10 -10 -100    0 -1000 -1000 -10
517 113 pedestrian 0 0 -10 735.25 165.50 836.36 207.34 -10 -10 -10 -100    0 -1000 -1000 -10
517 110 pedestrian 0 0 -10 681.54 181.76 775.59 261.72 -10 -10 -10 -100    0 -1000 -1000 -10
517 105 pedestrian 0 0 -10 715.38 187.66 906.42 328.31 -10 -10 -10 -100    0 -1000 -1000 -10
517 101 pedestrian 0 0 -10 303.96 190.81 472.31 318.60 -10 -10 -10 -100    0 -1000 -1000 -10
518 113 pedestrian 0 0 -10 727.09 168.06 827.00 210.58 -10 -10 -10 -100    0 -1000 -1000 -10
518 110 pedestrian 0 0 -10 683.47 185.97 783.67 269.35 -10 -10 -10 -100    0 -1000 -1000 -10
518 105 pedestrian 0 0 -10 721.71 190.13 937.43 347.78 -10 -10 -10 -100    0 -1000 -1000 -10
518 101 pedestrian 0 0 -10 273.71 194.45 462.49 335.02 -10 -10 -10 -100    0 -1000 -1000 -10
518 112 pedestrian 0 0 -10 665.11 179.12 738.45 242.42 -10 -10 -10 -100    0 -1000 -1000 -10
519 113 pedestrian 0 0 -10 720.40 171.08 820.38 214.49 -10 -10 -10 -100    0 -1000 -1000 -10
519 110 pedestrian 0 0 -10 684.86 186.79 791.97 274.99 -10 -10 -10 -100    0 -1000 -1000 -10
519 105 pedestrian 0 0 -10 728.52 192.05 975.29 372.11 -10 -10 -10 -100    0 -1000 -1000 -10
519 101 pedestrian 0 0 -10 240.21 196.73 452.10 353.09 -10 -10 -10 -100    0 -1000 -1000 -10
519 112 pedestrian 0 0 -10 665.63 181.28 743.07 246.47 -10 -10 -10 -100    0 -1000 -1000 -10
520 113 pedestrian 0 0 -10 706.17 171.69 812.28 214.81 -10 -10 -10 -100    0 -1000 -1000 -10
520 110 pedestrian 0 0 -10 689.37 186.99 802.22 281.87 -10 -10 -10 -100    0 -1000 -1000 -10
520 105 pedestrian 0 0 -10 737.41 195.18 1019.43 375.00 -10 -10 -10 -100    0 -1000 -1000 -10
520 101 pedestrian 0 0 -10 199.00 197.95 439.73 371.96 -10 -10 -10 -100    0 -1000 -1000 -10
520 112 pedestrian 0 0 -10 666.79 181.39 750.29 250.42 -10 -10 -10 -100    0 -1000 -1000 -10
521 113 pedestrian 0 0 -10 701.39 171.10 805.12 215.64 -10 -10 -10 -100    0 -1000 -1000 -10
521 110 pedestrian 0 0 -10 692.82 186.48 816.75 287.21 -10 -10 -10 -100    0 -1000 -1000 -10
521 105 pedestrian 0 0 -10 748.03 196.12 1077.36 375.00 -10 -10 -10 -100    0 -1000 -1000 -10
521 101 pedestrian 0 0 -10 147.31 199.39 425.60 375.00 -10 -10 -10 -100    0 -1000 -1000 -10
521 112 pedestrian 0 0 -10 668.59 180.24 755.60 252.37 -10 -10 -10 -100    0 -1000 -1000 -10
522 113 pedestrian 0 0 -10 688.80 168.95 799.76 215.17 -10 -10 -10 -100    0 -1000 -1000 -10
522 110 pedestrian 0 0 -10 697.60 185.82 834.88 295.46 -10 -10 -10 -100    0 -1000 -1000 -10
522 105 pedestrian 0 0 -10 758.29 198.24 1151.37 375.00 -10 -10 -10 -100    0 -1000 -1000 -10
522 101 pedestrian 0 0 -10 81.60 199.14 410.91 375.00 -10 -10 -10 -100    0 -1000 -1000 -10
522 112 pedestrian 0 0 -10 671.14 178.08 764.40 255.53 -10 -10 -10 -100    0 -1000 -1000 -10
523 113 pedestrian 0 0 -10 677.48 166.51 788.89 213.52 -10 -10 -10 -100    0 -1000 -1000 -10
523 110 pedestrian 0 0 -10 700.73 185.78 853.14 303.03 -10 -10 -10 -100    0 -1000 -1000 -10
523 105 pedestrian 0 0 -10 768.32 196.79 1242.00 375.00 -10 -10 -10 -100    0 -1000 -1000 -10
523 101 pedestrian 0 0 -10 5.88 201.00 394.18 375.00 -10 -10 -10 -100    0 -1000 -1000 -10
523 112 pedestrian 0 0 -10 673.66 176.84 769.85 257.38 -10 -10 -10 -100    0 -1000 -1000 -10
524 113 pedestrian 0 0 -10 666.60 164.61 783.93 215.02 -10 -10 -10 -100    0 -1000 -1000 -10
524 110 pedestrian 0 0 -10 709.00 185.77 869.46 312.65 -10 -10 -10 -100    0 -1000 -1000 -10
524 105 pedestrian 0 0 -10 787.34 197.68 1241.22 375.00 -10 -10 -10 -100    0 -1000 -1000 -10
524 101 pedestrian 0 0 -10 0.00 200.68 373.48 375.00 -10 -10 -10 -100    0 -1000 -1000 -10
524 112 pedestrian 0 0 -10 675.91 175.98 781.09 260.79 -10 -10 -10 -100    0 -1000 -1000 -10
525 113 pedestrian 0 0 -10 655.55 164.52 774.06 217.79 -10 -10 -10 -100    0 -1000 -1000 -10
525 110 pedestrian 0 0 -10 713.08 186.84 891.50 324.92 -10 -10 -10 -100    0 -1000 -1000 -10
525 105 pedestrian 0 0 -10 805.53 199.24 1241.35 375.00 -10 -10 -10 -100    0 -1000 -1000 -10
525 101 pedestrian 0 0 -10 0.00 203.04 347.48 375.00 -10 -10 -10 -100    0 -1000 -1000 -10
525 112 pedestrian 0 0 -10 679.56 175.44 788.40 265.31 -10 -10 -10 -100    0 -1000 -1000 -10
526 113 pedestrian 0 0 -10 645.40 163.35 767.80 217.83 -10 -10 -10 -100    0 -1000 -1000 -10
526 110 pedestrian 0 0 -10 720.62 187.49 918.51 336.61 -10 -10 -10 -100    0 -1000 -1000 -10
526 105 pedestrian 0 0 -10 830.50 199.60 1241.90 375.00 -10 -10 -10 -100    0 -1000 -1000 -10
526 101 pedestrian 0 0 -10 0.00 205.08 318.59 375.00 -10 -10 -10 -100    0 -1000 -1000 -10
526 112 pedestrian 0 0 -10 681.84 175.07 798.51 271.43 -10 -10 -10 -100    0 -1000 -1000 -10
527 113 pedestrian 0 0 -10 633.66 162.56 758.63 219.57 -10 -10 -10 -100    0 -1000 -1000 -10
527 110 pedestrian 0 0 -10 727.87 187.44 948.11 350.53 -10 -10 -10 -100    0 -1000 -1000 -10
527 105 pedestrian 0 0 -10 860.89 203.50 1241.81 375.00 -10 -10 -10 -100    0 -1000 -1000 -10
527 101 pedestrian 0 0 -10 0.00 207.96 281.32 375.00 -10 -10 -10 -100    0 -1000 -1000 -10
527 112 pedestrian 0 0 -10 685.30 174.79 812.13 275.20 -10 -10 -10 -100    0 -1000 -1000 -10
528 113 pedestrian 0 0 -10 624.13 161.73 751.97 222.39 -10 -10 -10 -100    0 -1000 -1000 -10
528 110 pedestrian 0 0 -10 737.27 186.37 985.76 368.42 -10 -10 -10 -100    0 -1000 -1000 -10
528 105 pedestrian 0 0 -10 901.50 203.38 1242.00 375.00 -10 -10 -10 -100    0 -1000 -1000 -10
528 101 pedestrian 0 0 -10 0.00 208.74 235.83 375.00 -10 -10 -10 -100    0 -1000 -1000 -10
528 112 pedestrian 0 0 -10 688.69 174.61 828.22 282.39 -10 -10 -10 -100    0 -1000 -1000 -10
529 113 pedestrian 0 0 -10 614.38 161.74 742.32 223.85 -10 -10 -10 -100    0 -1000 -1000 -10
529 110 pedestrian 0 0 -10 746.43 186.80 1029.33 375.00 -10 -10 -10 -100    0 -1000 -1000 -10
529 105 pedestrian 0 0 -10 948.75 211.41 1242.00 375.00 -10 -10 -10 -100    0 -1000 -1000 -10
529 112 pedestrian 0 0 -10 693.23 175.00 837.62 287.49 -10 -10 -10 -100    0 -1000 -1000 -10
530 113 pedestrian 0 0 -10 601.74 161.10 736.35 226.61 -10 -10 -10 -100    0 -1000 -1000 -10
530 110 pedestrian 0 0 -10 754.41 187.83 1088.97 375.00 -10 -10 -10 -100    0 -1000 -1000 -10
530 105 pedestrian 0 0 -10 1025.15 214.58 1241.96 375.00 -10 -10 -10 -100    0 -1000 -1000 -10
530 112 pedestrian 0 0 -10 698.45 174.68 856.06 295.70 -10 -10 -10 -100    0 -1000 -1000 -10
531 113 pedestrian 0 0 -10 589.42 162.06 728.21 230.72 -10 -10 -10 -100    0 -1000 -1000 -10
531 110 pedestrian 0 0 -10 764.77 190.22 1142.27 375.00 -10 -10 -10 -100    0 -1000 -1000 -10
531 112 pedestrian 0 0 -10 702.32 176.22 870.72 304.38 -10 -10 -10 -100    0 -1000 -1000 -10
532 113 pedestrian 0 0 -10 576.87 163.81 720.73 235.33 -10 -10 -10 -100    0 -1000 -1000 -10
532 110 pedestrian 0 0 -10 775.59 191.62 1209.12 375.00 -10 -10 -10 -100    0 -1000 -1000 -10
532 112 pedestrian 0 0 -10 706.89 177.61 889.44 315.50 -10 -10 -10 -100    0 -1000 -1000 -10
533 113 pedestrian 0 0 -10 565.50 165.24 712.04 240.95 -10 -10 -10 -100    0 -1000 -1000 -10
533 110 pedestrian 0 0 -10 788.18 193.38 1239.36 375.00 -10 -10 -10 -100    0 -1000 -1000 -10
533 112 pedestrian 0 0 -10 709.95 179.58 907.75 327.23 -10 -10 -10 -100    0 -1000 -1000 -10
534 113 pedestrian 0 0 -10 551.75 167.65 702.89 247.05 -10 -10 -10 -100    0 -1000 -1000 -10
534 110 pedestrian 0 0 -10 802.80 195.24 1242.00 375.00 -10 -10 -10 -100    0 -1000 -1000 -10
534 112 pedestrian 0 0 -10 713.71 181.42 926.98 339.09 -10 -10 -10 -100    0 -1000 -1000 -10
535 113 pedestrian 0 0 -10 538.31 168.92 696.26 253.15 -10 -10 -10 -100    0 -1000 -1000 -10
535 110 pedestrian 0 0 -10 815.23 196.56 1241.76 375.00 -10 -10 -10 -100    0 -1000 -1000 -10
535 112 pedestrian 0 0 -10 716.84 182.36 948.61 350.73 -10 -10 -10 -100    0 -1000 -1000 -10
536 113 pedestrian 0 0 -10 528.75 171.57 691.01 260.14 -10 -10 -10 -100    0 -1000 -1000 -10
536 110 pedestrian 0 0 -10 831.18 200.04 1242.00 375.00 -10 -10 -10 -100    0 -1000 -1000 -10
536 112 pedestrian 0 0 -10 721.41 183.66 973.19 367.27 -10 -10 -10 -100    0 -1000 -1000 -10
537 110 pedestrian 0 0 -10 850.60 205.10 1241.69 375.00 -10 -10 -10 -100    0 -1000 -1000 -10
537 113 pedestrian 0 0 -10 516.80 175.48 684.22 268.86 -10 -10 -10 -100    0 -1000 -1000 -10
537 112 pedestrian 0 0 -10 726.46 186.74 1000.00 375.00 -10 -10 -10 -100    0 -1000 -1000 -10
538 110 pedestrian 0 0 -10 877.64 209.07 1241.92 375.00 -10 -10 -10 -100    0 -1000 -1000 -10
538 113 pedestrian 0 0 -10 505.07 177.78 678.89 276.74 -10 -10 -10 -100    0 -1000 -1000 -10
538 112 pedestrian 0 0 -10 731.20 190.20 1030.34 375.00 -10 -10 -10 -100    0 -1000 -1000 -10
539 110 pedestrian 0 0 -10 913.24 212.16 1242.00 375.00 -10 -10 -10 -100    0 -1000 -1000 -10
539 113 pedestrian 0 0 -10 496.04 179.06 675.90 282.68 -10 -10 -10 -100    0 -1000 -1000 -10
539 112 pedestrian 0 0 -10 736.75 191.36 1066.47 375.00 -10 -10 -10 -100    0 -1000 -1000 -10
540 110 pedestrian 0 0 -10 959.78 215.23 1242.00 375.00 -10 -10 -10 -100    0 -1000 -1000 -10
540 113 pedestrian 0 0 -10 484.75 179.19 672.68 288.83 -10 -10 -10 -100    0 -1000 -1000 -10
540 112 pedestrian 0 0 -10 743.01 191.83 1107.37 375.00 -10 -10 -10 -100    0 -1000 -1000 -10
541 113 pedestrian 0 0 -10 471.22 177.99 668.57 294.02 -10 -10 -10 -100    0 -1000 -1000 -10
541 112 pedestrian 0 0 -10 747.67 191.67 1153.57 375.00 -10 -10 -10 -100    0 -1000 -1000 -10
542 113 pedestrian 0 0 -10 456.58 177.21 665.53 300.25 -10 -10 -10 -100    0 -1000 -1000 -10
542 112 pedestrian 0 0 -10 759.32 192.31 1216.47 375.00 -10 -10 -10 -100    0 -1000 -1000 -10
543 113 pedestrian 0 0 -10 441.33 177.36 660.99 308.19 -10 -10 -10 -100    0 -1000 -1000 -10
543 112 pedestrian 0 0 -10 766.29 193.24 1239.32 375.00 -10 -10 -10 -100    0 -1000 -1000 -10
544 113 pedestrian 0 0 -10 425.96 177.95 656.58 318.27 -10 -10 -10 -100    0 -1000 -1000 -10
544 112 pedestrian 0 0 -10 773.81 195.07 1239.81 375.00 -10 -10 -10 -100    0 -1000 -1000 -10
545 113 pedestrian 0 0 -10 405.98 178.50 652.35 330.13 -10 -10 -10 -100    0 -1000 -1000 -10
545 112 pedestrian 0 0 -10 788.51 197.57 1242.00 375.00 -10 -10 -10 -100    0 -1000 -1000 -10
546 113 pedestrian 0 0 -10 384.90 178.97 646.16 342.50 -10 -10 -10 -100    0 -1000 -1000 -10
546 112 pedestrian 0 0 -10 797.19 197.76 1241.77 375.00 -10 -10 -10 -100    0 -1000 -1000 -10
547 113 pedestrian 0 0 -10 360.79 179.77 639.09 360.04 -10 -10 -10 -100    0 -1000 -1000 -10
547 112 pedestrian 0 0 -10 809.06 198.48 1242.00 375.00 -10 -10 -10 -100    0 -1000 -1000 -10
548 113 pedestrian 0 0 -10 330.14 181.68 631.56 375.00 -10 -10 -10 -100    0 -1000 -1000 -10
548 112 pedestrian 0 0 -10 825.90 201.68 1242.00 375.00 -10 -10 -10 -100    0 -1000 -1000 -10
549 113 pedestrian 0 0 -10 295.32 182.81 621.86 375.00 -10 -10 -10 -100    0 -1000 -1000 -10
549 112 pedestrian 0 0 -10 837.40 204.02 1242.00 375.00 -10 -10 -10 -100    0 -1000 -1000 -10
550 113 pedestrian 0 0 -10 251.80 181.97 610.29 375.00 -10 -10 -10 -100    0 -1000 -1000 -10
550 112 pedestrian 0 0 -10 852.78 204.67 1241.80 375.00 -10 -10 -10 -100    0 -1000 -1000 -10
551 113 pedestrian 0 0 -10 203.82 180.55 596.97 375.00 -10 -10 -10 -100    0 -1000 -1000 -10
551 112 pedestrian 0 0 -10 868.37 207.53 1241.03 375.00 -10 -10 -10 -100    0 -1000 -1000 -10
552 113 pedestrian 0 0 -10 138.45 180.76 588.10 375.00 -10 -10 -10 -100    0 -1000 -1000 -10
552 112 pedestrian 0 0 -10 890.70 210.41 1241.78 375.00 -10 -10 -10 -100    0 -1000 -1000 -10
553 113 pedestrian 0 0 -10 68.02 178.79 572.92 375.00 -10 -10 -10 -100    0 -1000 -1000 -10
553 112 pedestrian 0 0 -10 898.34 213.77 1242.00 375.00 -10 -10 -10 -100    0 -1000 -1000 -10
554 113 pedestrian 0 0 -10 6.76 179.28 556.93 375.00 -10 -10 -10 -100    0 -1000 -1000 -10
554 112 pedestrian 0 0 -10 921.02 217.06 1242.00 375.00 -10 -10 -10 -100    0 -1000 -1000 -10
555 113 pedestrian 0 0 -10 0.00 181.87 535.47 375.00 -10 -10 -10 -100    0 -1000 -1000 -10
556 113 pedestrian 0 0 -10 0.00 182.51 515.40 375.00 -10 -10 -10 -100    0 -1000 -1000 -10
557 113 pedestrian 0 0 -10 1.89 185.11 497.69 375.00 -10 -10 -10 -100    0 -1000 -1000 -10
558 113 pedestrian 0 0 -10 1.13 185.94 467.42 375.00 -10 -10 -10 -100    0 -1000 -1000 -10
559 113 pedestrian 0 0 -10 0.65 187.21 432.21 375.00 -10 -10 -10 -100    0 -1000 -1000 -10
560 113 pedestrian 0 0 -10 2.24 187.44 392.21 375.00 -10 -10 -10 -100    0 -1000 -1000 -10
561 113 pedestrian 0 0 -10 0.38 188.74 343.86 375.00 -10 -10 -10 -100    0 -1000 -1000 -10
562 113 pedestrian 0 0 -10 0.64 188.47 281.34 375.00 -10 -10 -10 -100    0 -1000 -1000 -10
563 113 pedestrian 0 0 -10 0.00 190.11 178.93 375.00 -10 -10 -10 -100    0 -1000 -1000 -10
623 133 pedestrian 0 0 -10 515.86 176.46 562.68 216.82 -10 -10 -10 -100    0 -1000 -1000 -10
624 133 pedestrian 0 0 -10 521.78 175.85 571.77 218.18 -10 -10 -10 -100    0 -1000 -1000 -10
625 133 pedestrian 0 0 -10 524.94 176.23 576.65 220.18 -10 -10 -10 -100    0 -1000 -1000 -10
625 129 pedestrian 0 0 -10 574.85 173.11 602.46 200.47 -10 -10 -10 -100    0 -1000 -1000 -10
626 133 pedestrian 0 0 -10 524.69 176.30 579.53 222.41 -10 -10 -10 -100    0 -1000 -1000 -10
626 129 pedestrian 0 0 -10 579.49 172.53 608.11 201.04 -10 -10 -10 -100    0 -1000 -1000 -10
627 133 pedestrian 0 0 -10 523.31 176.25 581.00 224.08 -10 -10 -10 -100    0 -1000 -1000 -10
627 129 pedestrian 0 0 -10 581.96 172.12 612.84 202.34 -10 -10 -10 -100    0 -1000 -1000 -10
628 133 pedestrian 0 0 -10 519.53 176.46 580.35 226.97 -10 -10 -10 -100    0 -1000 -1000 -10
628 129 pedestrian 0 0 -10 583.89 172.02 615.90 202.66 -10 -10 -10 -100    0 -1000 -1000 -10
629 133 pedestrian 0 0 -10 513.85 177.29 577.69 230.90 -10 -10 -10 -100    0 -1000 -1000 -10
629 129 pedestrian 0 0 -10 585.05 172.59 617.88 203.70 -10 -10 -10 -100    0 -1000 -1000 -10
630 133 pedestrian 0 0 -10 507.14 178.23 576.58 234.83 -10 -10 -10 -100    0 -1000 -1000 -10
630 129 pedestrian 0 0 -10 584.68 173.39 618.62 204.91 -10 -10 -10 -100    0 -1000 -1000 -10
631 133 pedestrian 0 0 -10 500.73 179.13 573.88 238.97 -10 -10 -10 -100    0 -1000 -1000 -10
631 129 pedestrian 0 0 -10 583.86 174.01 619.37 206.23 -10 -10 -10 -100    0 -1000 -1000 -10
632 141 pedestrian 0 0 -10 821.63 163.89 833.50 210.16 -10 -10 -10 -100    0 -1000 -1000 -10
632 133 pedestrian 0 0 -10 493.51 180.69 571.68 244.42 -10 -10 -10 -100    0 -1000 -1000 -10
632 129 pedestrian 0 0 -10 583.65 174.46 620.34 208.13 -10 -10 -10 -100    0 -1000 -1000 -10
633 133 pedestrian 0 0 -10 483.99 182.21 567.85 250.45 -10 -10 -10 -100    0 -1000 -1000 -10
633 129 pedestrian 0 0 -10 582.51 174.17 621.53 210.89 -10 -10 -10 -100    0 -1000 -1000 -10
633 141 pedestrian 0 0 -10 825.76 164.23 839.65 209.08 -10 -10 -10 -100    0 -1000 -1000 -10
634 133 pedestrian 0 0 -10 474.19 182.05 564.95 256.01 -10 -10 -10 -100    0 -1000 -1000 -10
634 129 pedestrian 0 0 -10 581.01 173.62 621.60 211.43 -10 -10 -10 -100    0 -1000 -1000 -10
634 141 pedestrian 0 0 -10 830.98 159.72 844.42 205.47 -10 -10 -10 -100    0 -1000 -1000 -10
635 133 pedestrian 0 0 -10 463.19 183.08 561.16 263.68 -10 -10 -10 -100    0 -1000 -1000 -10
635 129 pedestrian 0 0 -10 578.14 173.46 621.38 212.68 -10 -10 -10 -100    0 -1000 -1000 -10
635 141 pedestrian 0 0 -10 836.28 158.49 850.50 205.10 -10 -10 -10 -100    0 -1000 -1000 -10
636 133 pedestrian 0 0 -10 450.22 184.92 556.59 273.45 -10 -10 -10 -100    0 -1000 -1000 -10
636 129 pedestrian 0 0 -10 576.99 175.67 621.15 215.94 -10 -10 -10 -100    0 -1000 -1000 -10
636 141 pedestrian 0 0 -10 844.78 161.85 857.52 206.49 -10 -10 -10 -100    0 -1000 -1000 -10
637 133 pedestrian 0 0 -10 432.85 186.44 551.24 286.91 -10 -10 -10 -100    0 -1000 -1000 -10
637 129 pedestrian 0 0 -10 572.52 177.04 618.51 219.19 -10 -10 -10 -100    0 -1000 -1000 -10
637 141 pedestrian 0 0 -10 849.01 163.68 862.76 208.36 -10 -10 -10 -100    0 -1000 -1000 -10
638 133 pedestrian 0 0 -10 411.08 188.42 544.48 299.58 -10 -10 -10 -100    0 -1000 -1000 -10
638 129 pedestrian 0 0 -10 568.23 178.81 616.08 221.54 -10 -10 -10 -100    0 -1000 -1000 -10
638 141 pedestrian 0 0 -10 853.48 165.44 867.65 212.33 -10 -10 -10 -100    0 -1000 -1000 -10
639 133 pedestrian 0 0 -10 387.05 190.61 537.02 315.34 -10 -10 -10 -100    0 -1000 -1000 -10
639 129 pedestrian 0 0 -10 563.79 179.39 614.56 224.69 -10 -10 -10 -100    0 -1000 -1000 -10
639 141 pedestrian 0 0 -10 859.66 163.69 874.45 212.54 -10 -10 -10 -100    0 -1000 -1000 -10
640 133 pedestrian 0 0 -10 353.98 192.99 527.67 335.96 -10 -10 -10 -100    0 -1000 -1000 -10
640 129 pedestrian 0 0 -10 558.61 180.44 613.70 227.36 -10 -10 -10 -100    0 -1000 -1000 -10
640 141 pedestrian 0 0 -10 864.73 162.93 880.50 214.34 -10 -10 -10 -100    0 -1000 -1000 -10
641 133 pedestrian 0 0 -10 308.26 195.62 515.26 364.37 -10 -10 -10 -100    0 -1000 -1000 -10
641 129 pedestrian 0 0 -10 551.81 180.12 610.55 229.57 -10 -10 -10 -100    0 -1000 -1000 -10
641 141 pedestrian 0 0 -10 869.16 162.76 884.82 213.86 -10 -10 -10 -100    0 -1000 -1000 -10
642 129 pedestrian 0 0 -10 545.02 179.44 607.42 231.79 -10 -10 -10 -100    0 -1000 -1000 -10
642 133 pedestrian 0 0 -10 247.29 196.21 501.34 375.00 -10 -10 -10 -100    0 -1000 -1000 -10
642 141 pedestrian 0 0 -10 875.63 161.79 891.40 213.70 -10 -10 -10 -100    0 -1000 -1000 -10
643 129 pedestrian 0 0 -10 538.81 179.05 605.75 234.17 -10 -10 -10 -100    0 -1000 -1000 -10
643 133 pedestrian 0 0 -10 155.27 197.79 483.39 375.00 -10 -10 -10 -100    0 -1000 -1000 -10
643 141 pedestrian 0 0 -10 881.38 161.70 898.32 214.76 -10 -10 -10 -100    0 -1000 -1000 -10
644 129 pedestrian 0 0 -10 531.91 179.18 601.99 237.74 -10 -10 -10 -100    0 -1000 -1000 -10
644 133 pedestrian 0 0 -10 0.22 202.69 464.60 375.00 -10 -10 -10 -100    0 -1000 -1000 -10
644 142 pedestrian 0 0 -10 712.34 161.65 728.78 178.41 -10 -10 -10 -100    0 -1000 -1000 -10
644 141 pedestrian 0 0 -10 887.10 160.29 903.33 215.09 -10 -10 -10 -100    0 -1000 -1000 -10
645 129 pedestrian 0 0 -10 523.42 178.64 598.60 240.49 -10 -10 -10 -100    0 -1000 -1000 -10
645 133 pedestrian 0 0 -10 0.54 207.32 429.73 375.00 -10 -10 -10 -100    0 -1000 -1000 -10
645 142 pedestrian 0 0 -10 712.17 161.32 728.91 177.62 -10 -10 -10 -100    0 -1000 -1000 -10
645 141 pedestrian 0 0 -10 893.05 159.35 910.90 217.17 -10 -10 -10 -100    0 -1000 -1000 -10
646 129 pedestrian 0 0 -10 513.73 179.70 593.51 244.91 -10 -10 -10 -100    0 -1000 -1000 -10
646 133 pedestrian 0 0 -10 3.26 215.60 398.66 375.00 -10 -10 -10 -100    0 -1000 -1000 -10
646 142 pedestrian 0 0 -10 711.99 161.61 727.99 177.88 -10 -10 -10 -100    0 -1000 -1000 -10
646 141 pedestrian 0 0 -10 899.18 160.54 917.02 218.33 -10 -10 -10 -100    0 -1000 -1000 -10
647 129 pedestrian 0 0 -10 504.55 180.08 590.52 249.02 -10 -10 -10 -100    0 -1000 -1000 -10
647 133 pedestrian 0 0 -10 0.19 230.81 328.15 375.00 -10 -10 -10 -100    0 -1000 -1000 -10
647 142 pedestrian 0 0 -10 711.02 161.71 727.62 178.01 -10 -10 -10 -100    0 -1000 -1000 -10
647 141 pedestrian 0 0 -10 905.87 159.87 923.21 217.27 -10 -10 -10 -100    0 -1000 -1000 -10
648 129 pedestrian 0 0 -10 493.36 180.67 584.73 255.14 -10 -10 -10 -100    0 -1000 -1000 -10
648 142 pedestrian 0 0 -10 711.48 161.76 727.64 178.25 -10 -10 -10 -100    0 -1000 -1000 -10
648 141 pedestrian 0 0 -10 912.54 160.18 930.52 218.45 -10 -10 -10 -100    0 -1000 -1000 -10
649 129 pedestrian 0 0 -10 480.64 181.37 580.44 262.61 -10 -10 -10 -100    0 -1000 -1000 -10
649 142 pedestrian 0 0 -10 709.80 161.81 725.65 178.00 -10 -10 -10 -100    0 -1000 -1000 -10
649 141 pedestrian 0 0 -10 917.02 159.42 936.80 220.09 -10 -10 -10 -100    0 -1000 -1000 -10
650 129 pedestrian 0 0 -10 466.13 183.33 574.83 272.99 -10 -10 -10 -100    0 -1000 -1000 -10
650 142 pedestrian 0 0 -10 709.01 162.06 725.42 178.74 -10 -10 -10 -100    0 -1000 -1000 -10
650 141 pedestrian 0 0 -10 925.32 159.66 943.75 220.87 -10 -10 -10 -100    0 -1000 -1000 -10
651 129 pedestrian 0 0 -10 448.53 185.16 567.13 283.74 -10 -10 -10 -100    0 -1000 -1000 -10
651 142 pedestrian 0 0 -10 707.90 161.98 724.41 178.51 -10 -10 -10 -100    0 -1000 -1000 -10
651 141 pedestrian 0 0 -10 931.02 158.60 951.09 221.85 -10 -10 -10 -100    0 -1000 -1000 -10
652 129 pedestrian 0 0 -10 429.03 185.90 558.20 294.45 -10 -10 -10 -100    0 -1000 -1000 -10
652 142 pedestrian 0 0 -10 706.65 161.55 723.65 178.27 -10 -10 -10 -100    0 -1000 -1000 -10
652 141 pedestrian 0 0 -10 937.30 158.39 957.94 222.94 -10 -10 -10 -100    0 -1000 -1000 -10
653 129 pedestrian 0 0 -10 403.56 187.10 550.23 309.01 -10 -10 -10 -100    0 -1000 -1000 -10
653 142 pedestrian 0 0 -10 704.58 161.43 721.25 177.81 -10 -10 -10 -100    0 -1000 -1000 -10
653 141 pedestrian 0 0 -10 944.52 158.37 965.57 224.81 -10 -10 -10 -100    0 -1000 -1000 -10
654 142 pedestrian 0 0 -10 703.87 161.62 720.11 177.90 -10 -10 -10 -100    0 -1000 -1000 -10
654 129 pedestrian 0 0 -10 371.56 188.92 540.76 327.46 -10 -10 -10 -100    0 -1000 -1000 -10
654 141 pedestrian 0 0 -10 952.85 158.14 974.05 224.89 -10 -10 -10 -100    0 -1000 -1000 -10
655 142 pedestrian 0 0 -10 703.01 161.62 718.95 177.77 -10 -10 -10 -100    0 -1000 -1000 -10
655 129 pedestrian 0 0 -10 331.87 193.86 530.22 352.19 -10 -10 -10 -100    0 -1000 -1000 -10
655 141 pedestrian 0 0 -10 960.26 154.04 983.12 226.67 -10 -10 -10 -100    0 -1000 -1000 -10
656 142 pedestrian 0 0 -10 701.18 161.03 717.80 177.49 -10 -10 -10 -100    0 -1000 -1000 -10
656 129 pedestrian 0 0 -10 277.09 197.10 517.03 375.00 -10 -10 -10 -100    0 -1000 -1000 -10
656 141 pedestrian 0 0 -10 967.39 155.67 992.05 226.91 -10 -10 -10 -100    0 -1000 -1000 -10
657 129 pedestrian 0 0 -10 197.34 201.55 501.47 375.00 -10 -10 -10 -100    0 -1000 -1000 -10
657 142 pedestrian 0 0 -10 700.29 161.56 718.57 178.86 -10 -10 -10 -100    0 -1000 -1000 -10
657 141 pedestrian 0 0 -10 976.86 154.29 1002.64 228.75 -10 -10 -10 -100    0 -1000 -1000 -10
658 142 pedestrian 0 0 -10 698.18 163.53 714.29 180.16 -10 -10 -10 -100    0 -1000 -1000 -10
658 141 pedestrian 0 0 -10 986.26 153.31 1013.43 234.12 -10 -10 -10 -100    0 -1000 -1000 -10
658 129 pedestrian 0 0 -10 87.54 205.20 482.72 375.00 -10 -10 -10 -100    0 -1000 -1000 -10
659 142 pedestrian 0 0 -10 698.23 165.67 714.97 182.45 -10 -10 -10 -100    0 -1000 -1000 -10
659 141 pedestrian 0 0 -10 998.50 152.96 1025.34 233.62 -10 -10 -10 -100    0 -1000 -1000 -10
659 129 pedestrian 0 0 -10 0.00 211.37 463.75 375.00 -10 -10 -10 -100    0 -1000 -1000 -10
660 142 pedestrian 0 0 -10 698.09 166.50 714.92 183.19 -10 -10 -10 -100    0 -1000 -1000 -10
660 141 pedestrian 0 0 -10 1011.90 149.18 1040.59 237.94 -10 -10 -10 -100    0 -1000 -1000 -10
660 129 pedestrian 0 0 -10 2.01 218.48 434.88 375.00 -10 -10 -10 -100    0 -1000 -1000 -10
661 142 pedestrian 0 0 -10 697.88 166.30 714.45 182.59 -10 -10 -10 -100    0 -1000 -1000 -10
661 141 pedestrian 0 0 -10 1027.76 152.38 1056.28 238.87 -10 -10 -10 -100    0 -1000 -1000 -10
661 129 pedestrian 0 0 -10 1.40 228.56 389.00 375.00 -10 -10 -10 -100    0 -1000 -1000 -10
662 142 pedestrian 0 0 -10 698.62 165.51 716.41 182.55 -10 -10 -10 -100    0 -1000 -1000 -10
662 141 pedestrian 0 0 -10 1044.79 150.27 1075.70 239.81 -10 -10 -10 -100    0 -1000 -1000 -10
662 129 pedestrian 0 0 -10 0.00 241.82 278.22 375.00 -10 -10 -10 -100    0 -1000 -1000 -10
663 142 pedestrian 0 0 -10 699.53 165.94 716.42 182.07 -10 -10 -10 -100    0 -1000 -1000 -10
663 141 pedestrian 0 0 -10 1064.22 146.77 1096.95 242.43 -10 -10 -10 -100    0 -1000 -1000 -10
664 142 pedestrian 0 0 -10 700.46 166.02 717.47 181.86 -10 -10 -10 -100    0 -1000 -1000 -10
665 142 pedestrian 0 0 -10 701.72 166.06 718.74 182.00 -10 -10 -10 -100    0 -1000 -1000 -10
669 142 pedestrian 0 0 -10 715.01 162.06 731.67 179.48 -10 -10 -10 -100    0 -1000 -1000 -10
670 142 pedestrian 0 0 -10 720.41 162.06 736.87 178.95 -10 -10 -10 -100    0 -1000 -1000 -10
671 142 pedestrian 0 0 -10 723.66 162.98 738.64 183.16 -10 -10 -10 -100    0 -1000 -1000 -10
675 142 pedestrian 0 0 -10 738.78 167.07 756.68 186.11 -10 -10 -10 -100    0 -1000 -1000 -10
676 142 pedestrian 0 0 -10 741.85 167.43 759.27 185.10 -10 -10 -10 -100    0 -1000 -1000 -10
677 142 pedestrian 0 0 -10 744.47 165.53 763.41 185.44 -10 -10 -10 -100    0 -1000 -1000 -10
678 142 pedestrian 0 0 -10 747.59 162.69 763.70 183.51 -10 -10 -10 -100    0 -1000 -1000 -10
679 142 pedestrian 0 0 -10 748.13 162.22 765.28 183.74 -10 -10 -10 -100    0 -1000 -1000 -10
680 142 pedestrian 0 0 -10 747.72 162.06 765.22 183.93 -10 -10 -10 -100    0 -1000 -1000 -10
681 142 pedestrian 0 0 -10 747.32 161.76 764.96 184.18 -10 -10 -10 -100    0 -1000 -1000 -10
682 142 pedestrian 0 0 -10 746.81 162.14 764.68 185.07 -10 -10 -10 -100    0 -1000 -1000 -10
683 142 pedestrian 0 0 -10 745.15 163.13 763.45 185.92 -10 -10 -10 -100    0 -1000 -1000 -10
684 142 pedestrian 0 0 -10 743.47 163.21 762.12 185.97 -10 -10 -10 -100    0 -1000 -1000 -10
685 150 pedestrian 0 0 -10 428.42 172.60 453.07 199.11 -10 -10 -10 -100    0 -1000 -1000 -10
685 142 pedestrian 0 0 -10 740.93 160.92 759.63 184.80 -10 -10 -10 -100    0 -1000 -1000 -10
686 150 pedestrian 0 0 -10 429.57 169.83 454.40 196.13 -10 -10 -10 -100    0 -1000 -1000 -10
686 142 pedestrian 0 0 -10 737.39 160.56 757.40 183.91 -10 -10 -10 -100    0 -1000 -1000 -10
687 150 pedestrian 0 0 -10 429.53 167.63 456.96 195.34 -10 -10 -10 -100    0 -1000 -1000 -10
687 149 pedestrian 0 0 -10 837.00 157.23 848.25 182.44 -10 -10 -10 -100    0 -1000 -1000 -10
687 142 pedestrian 0 0 -10 734.63 159.52 753.88 182.60 -10 -10 -10 -100    0 -1000 -1000 -10
688 150 pedestrian 0 0 -10 430.21 163.38 457.43 193.77 -10 -10 -10 -100    0 -1000 -1000 -10
688 149 pedestrian 0 0 -10 835.26 156.00 847.53 182.13 -10 -10 -10 -100    0 -1000 -1000 -10
688 142 pedestrian 0 0 -10 731.20 159.06 750.10 181.56 -10 -10 -10 -100    0 -1000 -1000 -10
689 150 pedestrian 0 0 -10 428.58 163.17 455.69 193.81 -10 -10 -10 -100    0 -1000 -1000 -10
689 142 pedestrian 0 0 -10 728.49 159.38 747.55 182.68 -10 -10 -10 -100    0 -1000 -1000 -10
690 150 pedestrian 0 0 -10 425.64 163.20 452.68 193.60 -10 -10 -10 -100    0 -1000 -1000 -10
690 142 pedestrian 0 0 -10 721.73 159.06 742.81 181.14 -10 -10 -10 -100    0 -1000 -1000 -10
691 150 pedestrian 0 0 -10 424.66 164.66 449.63 193.61 -10 -10 -10 -100    0 -1000 -1000 -10
691 142 pedestrian 0 0 -10 716.49 158.51 738.73 180.45 -10 -10 -10 -100    0 -1000 -1000 -10
692 151 pedestrian 0 0 -10 821.00 154.15 834.20 179.87 -10 -10 -10 -100    0 -1000 -1000 -10
692 150 pedestrian 0 0 -10 418.93 164.78 446.88 194.41 -10 -10 -10 -100    0 -1000 -1000 -10
692 142 pedestrian 0 0 -10 710.83 157.37 732.76 179.92 -10 -10 -10 -100    0 -1000 -1000 -10
693 150 pedestrian 0 0 -10 416.36 168.40 443.69 195.84 -10 -10 -10 -100    0 -1000 -1000 -10
693 142 pedestrian 0 0 -10 705.01 160.29 727.11 183.78 -10 -10 -10 -100    0 -1000 -1000 -10
693 151 pedestrian 0 0 -10 818.30 157.20 831.76 183.84 -10 -10 -10 -100    0 -1000 -1000 -10
694 142 pedestrian 0 0 -10 700.09 165.16 722.40 188.22 -10 -10 -10 -100    0 -1000 -1000 -10
694 150 pedestrian 0 0 -10 416.91 173.54 440.14 201.34 -10 -10 -10 -100    0 -1000 -1000 -10
694 151 pedestrian 0 0 -10 815.11 159.20 828.79 188.02 -10 -10 -10 -100    0 -1000 -1000 -10
695 142 pedestrian 0 0 -10 694.10 169.11 717.10 193.41 -10 -10 -10 -100    0 -1000 -1000 -10
695 150 pedestrian 0 0 -10 411.05 178.16 435.85 204.44 -10 -10 -10 -100    0 -1000 -1000 -10
695 151 pedestrian 0 0 -10 809.83 164.38 824.35 191.14 -10 -10 -10 -100    0 -1000 -1000 -10
696 142 pedestrian 0 0 -10 689.07 175.47 711.54 199.43 -10 -10 -10 -100    0 -1000 -1000 -10
696 150 pedestrian 0 0 -10 410.66 185.03 431.34 211.33 -10 -10 -10 -100    0 -1000 -1000 -10
696 151 pedestrian 0 0 -10 804.32 171.96 820.46 200.07 -10 -10 -10 -100    0 -1000 -1000 -10
697 142 pedestrian 0 0 -10 684.22 185.22 707.08 207.28 -10 -10 -10 -100    0 -1000 -1000 -10
697 150 pedestrian 0 0 -10 405.43 194.41 425.81 219.04 -10 -10 -10 -100    0 -1000 -1000 -10
697 151 pedestrian 0 0 -10 801.83 184.10 817.86 208.61 -10 -10 -10 -100    0 -1000 -1000 -10
698 142 pedestrian 0 0 -10 679.69 192.00 703.91 216.10 -10 -10 -10 -100    0 -1000 -1000 -10
698 150 pedestrian 0 0 -10 404.15 202.30 423.94 227.58 -10 -10 -10 -100    0 -1000 -1000 -10
699 142 pedestrian 0 0 -10 675.16 196.08 699.41 219.48 -10 -10 -10 -100    0 -1000 -1000 -10
699 150 pedestrian 0 0 -10 402.81 207.15 421.87 231.48 -10 -10 -10 -100    0 -1000 -1000 -10
700 142 pedestrian 0 0 -10 671.47 194.13 697.18 218.66 -10 -10 -10 -100    0 -1000 -1000 -10
700 150 pedestrian 0 0 -10 400.10 206.76 419.01 230.75 -10 -10 -10 -100    0 -1000 -1000 -10
701 142 pedestrian 0 0 -10 667.69 194.18 692.98 217.91 -10 -10 -10 -100    0 -1000 -1000 -10
701 150 pedestrian 0 0 -10 397.46 205.01 416.27 230.76 -10 -10 -10 -100    0 -1000 -1000 -10
701 151 pedestrian 0 0 -10 791.87 195.30 807.19 217.47 -10 -10 -10 -100    0 -1000 -1000 -10
702 142 pedestrian 0 0 -10 664.85 189.40 689.88 214.14 -10 -10 -10 -100    0 -1000 -1000 -10
702 150 pedestrian 0 0 -10 396.64 202.07 415.26 226.32 -10 -10 -10 -100    0 -1000 -1000 -10
702 151 pedestrian 0 0 -10 790.91 190.10 805.61 214.80 -10 -10 -10 -100    0 -1000 -1000 -10
703 142 pedestrian 0 0 -10 661.65 183.57 685.95 207.66 -10 -10 -10 -100    0 -1000 -1000 -10
703 150 pedestrian 0 0 -10 395.94 194.11 413.94 218.76 -10 -10 -10 -100    0 -1000 -1000 -10
703 151 pedestrian 0 0 -10 787.05 184.93 801.65 208.20 -10 -10 -10 -100    0 -1000 -1000 -10
704 150 pedestrian 0 0 -10 391.84 187.38 410.11 212.65 -10 -10 -10 -100    0 -1000 -1000 -10
705 150 pedestrian 0 0 -10 391.21 183.18 409.61 208.70 -10 -10 -10 -100    0 -1000 -1000 -10
706 150 pedestrian 0 0 -10 389.60 180.44 408.70 206.47 -10 -10 -10 -100    0 -1000 -1000 -10
707 150 pedestrian 0 0 -10 387.04 179.80 406.08 206.78 -10 -10 -10 -100    0 -1000 -1000 -10
708 150 pedestrian 0 0 -10 382.47 181.61 401.79 208.32 -10 -10 -10 -100    0 -1000 -1000 -10
709 153 pedestrian 0 0 -10 634.61 170.41 656.80 195.80 -10 -10 -10 -100    0 -1000 -1000 -10
709 152 pedestrian 0 0 -10 772.85 171.28 787.22 198.44 -10 -10 -10 -100    0 -1000 -1000 -10
709 150 pedestrian 0 0 -10 379.23 181.16 399.65 208.68 -10 -10 -10 -100    0 -1000 -1000 -10
710 153 pedestrian 0 0 -10 628.88 169.45 651.27 195.51 -10 -10 -10 -100    0 -1000 -1000 -10
710 152 pedestrian 0 0 -10 767.79 169.05 784.05 198.06 -10 -10 -10 -100    0 -1000 -1000 -10
710 150 pedestrian 0 0 -10 374.62 180.23 394.67 207.22 -10 -10 -10 -100    0 -1000 -1000 -10
711 153 pedestrian 0 0 -10 623.30 168.96 646.44 195.37 -10 -10 -10 -100    0 -1000 -1000 -10
711 152 pedestrian 0 0 -10 765.10 168.81 780.47 197.78 -10 -10 -10 -100    0 -1000 -1000 -10
711 150 pedestrian 0 0 -10 372.51 179.45 392.51 202.78 -10 -10 -10 -100    0 -1000 -1000 -10
712 153 pedestrian 0 0 -10 616.82 167.06 641.37 193.67 -10 -10 -10 -100    0 -1000 -1000 -10
712 152 pedestrian 0 0 -10 760.13 166.48 776.26 195.75 -10 -10 -10 -100    0 -1000 -1000 -10
712 150 pedestrian 0 0 -10 368.76 177.14 389.19 201.76 -10 -10 -10 -100    0 -1000 -1000 -10
713 153 pedestrian 0 0 -10 611.72 163.31 636.00 190.69 -10 -10 -10 -100    0 -1000 -1000 -10
713 152 pedestrian 0 0 -10 757.09 162.54 773.35 192.54 -10 -10 -10 -100    0 -1000 -1000 -10
713 150 pedestrian 0 0 -10 366.48 172.53 387.75 195.66 -10 -10 -10 -100    0 -1000 -1000 -10
714 153 pedestrian 0 0 -10 606.62 158.29 631.65 185.55 -10 -10 -10 -100    0 -1000 -1000 -10
714 152 pedestrian 0 0 -10 754.84 156.44 770.28 185.53 -10 -10 -10 -100    0 -1000 -1000 -10
715 153 pedestrian 0 0 -10 601.48 150.97 627.41 180.05 -10 -10 -10 -100    0 -1000 -1000 -10
715 152 pedestrian 0 0 -10 754.03 147.88 768.42 175.00 -10 -10 -10 -100    0 -1000 -1000 -10
716 153 pedestrian 0 0 -10 597.19 144.38 622.91 174.35 -10 -10 -10 -100    0 -1000 -1000 -10
716 152 pedestrian 0 0 -10 750.01 139.48 765.86 169.18 -10 -10 -10 -100    0 -1000 -1000 -10
717 153 pedestrian 0 0 -10 593.49 137.29 619.94 168.74 -10 -10 -10 -100    0 -1000 -1000 -10
717 152 pedestrian 0 0 -10 748.12 132.49 764.52 161.18 -10 -10 -10 -100    0 -1000 -1000 -10
718 154 pedestrian 0 0 -10 355.03 141.91 374.75 166.17 -10 -10 -10 -100    0 -1000 -1000 -10
718 153 pedestrian 0 0 -10 589.12 131.37 616.50 163.69 -10 -10 -10 -100    0 -1000 -1000 -10
718 152 pedestrian 0 0 -10 746.60 126.89 763.85 157.25 -10 -10 -10 -100    0 -1000 -1000 -10
719 153 pedestrian 0 0 -10 583.42 130.48 613.91 163.57 -10 -10 -10 -100    0 -1000 -1000 -10
719 152 pedestrian 0 0 -10 745.19 126.71 761.87 157.10 -10 -10 -10 -100    0 -1000 -1000 -10
719 154 pedestrian 0 0 -10 354.13 139.96 372.36 163.93 -10 -10 -10 -100    0 -1000 -1000 -10
720 153 pedestrian 0 0 -10 580.14 135.05 611.11 168.51 -10 -10 -10 -100    0 -1000 -1000 -10
720 152 pedestrian 0 0 -10 744.10 130.71 761.46 160.95 -10 -10 -10 -100    0 -1000 -1000 -10
720 154 pedestrian 0 0 -10 351.39 141.67 371.48 166.16 -10 -10 -10 -100    0 -1000 -1000 -10
721 153 pedestrian 0 0 -10 575.97 137.88 607.79 172.17 -10 -10 -10 -100    0 -1000 -1000 -10
721 152 pedestrian 0 0 -10 743.41 134.59 760.82 163.65 -10 -10 -10 -100    0 -1000 -1000 -10
721 154 pedestrian 0 0 -10 351.95 144.21 371.47 169.86 -10 -10 -10 -100    0 -1000 -1000 -10
722 153 pedestrian 0 0 -10 572.43 142.48 604.14 177.02 -10 -10 -10 -100    0 -1000 -1000 -10
722 152 pedestrian 0 0 -10 742.37 138.06 760.58 169.02 -10 -10 -10 -100    0 -1000 -1000 -10
722 154 pedestrian 0 0 -10 352.86 149.05 371.68 173.84 -10 -10 -10 -100    0 -1000 -1000 -10
723 153 pedestrian 0 0 -10 569.94 146.11 601.83 183.73 -10 -10 -10 -100    0 -1000 -1000 -10
723 152 pedestrian 0 0 -10 742.30 140.77 759.11 172.78 -10 -10 -10 -100    0 -1000 -1000 -10
723 154 pedestrian 0 0 -10 352.79 156.59 370.33 180.48 -10 -10 -10 -100    0 -1000 -1000 -10
724 153 pedestrian 0 0 -10 569.36 152.94 602.81 189.03 -10 -10 -10 -100    0 -1000 -1000 -10
724 152 pedestrian 0 0 -10 745.05 144.46 762.84 178.62 -10 -10 -10 -100    0 -1000 -1000 -10
724 154 pedestrian 0 0 -10 356.77 161.41 376.80 187.06 -10 -10 -10 -100    0 -1000 -1000 -10
725 153 pedestrian 0 0 -10 572.57 159.03 605.77 196.40 -10 -10 -10 -100    0 -1000 -1000 -10
725 152 pedestrian 0 0 -10 750.58 149.94 768.87 184.27 -10 -10 -10 -100    0 -1000 -1000 -10
726 153 pedestrian 0 0 -10 577.76 165.82 612.55 203.90 -10 -10 -10 -100    0 -1000 -1000 -10
727 153 pedestrian 0 0 -10 586.65 169.07 621.22 208.16 -10 -10 -10 -100    0 -1000 -1000 -10
728 153 pedestrian 0 0 -10 598.77 167.23 634.01 206.38 -10 -10 -10 -100    0 -1000 -1000 -10
729 153 pedestrian 0 0 -10 614.12 165.32 650.93 205.73 -10 -10 -10 -100    0 -1000 -1000 -10
751 194 pedestrian 0 0 -10 133.52 197.89 226.74 231.19 -10 -10 -10 -100    0 -1000 -1000 -10
751 193 pedestrian 0 0 -10 13.27 195.58 68.94 214.01 -10 -10 -10 -100    0 -1000 -1000 -10
752 194 pedestrian 0 0 -10 182.65 195.39 270.37 229.12 -10 -10 -10 -100    0 -1000 -1000 -10
753 194 pedestrian 0 0 -10 224.24 195.39 310.69 228.19 -10 -10 -10 -100    0 -1000 -1000 -10
754 194 pedestrian 0 0 -10 268.76 194.87 352.37 227.74 -10 -10 -10 -100    0 -1000 -1000 -10
755 194 pedestrian 0 0 -10 309.01 197.41 389.36 229.15 -10 -10 -10 -100    0 -1000 -1000 -10
756 194 pedestrian 0 0 -10 348.61 198.89 426.64 230.16 -10 -10 -10 -100    0 -1000 -1000 -10
757 194 pedestrian 0 0 -10 385.78 200.09 463.46 231.28 -10 -10 -10 -100    0 -1000 -1000 -10
758 194 pedestrian 0 0 -10 421.07 199.28 496.66 230.69 -10 -10 -10 -100    0 -1000 -1000 -10
759 194 pedestrian 0 0 -10 450.44 197.85 528.14 228.99 -10 -10 -10 -100    0 -1000 -1000 -10
760 194 pedestrian 0 0 -10 480.41 195.10 558.21 225.96 -10 -10 -10 -100    0 -1000 -1000 -10
761 194 pedestrian 0 0 -10 505.11 193.51 583.53 224.90 -10 -10 -10 -100    0 -1000 -1000 -10
762 194 pedestrian 0 0 -10 529.00 193.34 607.51 224.55 -10 -10 -10 -100    0 -1000 -1000 -10
763 194 pedestrian 0 0 -10 550.73 192.09 629.35 223.89 -10 -10 -10 -100    0 -1000 -1000 -10
763 203 pedestrian 0 0 -10 487.48 185.23 576.38 210.23 -10 -10 -10 -100    0 -1000 -1000 -10
764 194 pedestrian 0 0 -10 569.98 191.14 651.37 223.14 -10 -10 -10 -100    0 -1000 -1000 -10
764 203 pedestrian 0 0 -10 504.30 184.61 593.74 210.48 -10 -10 -10 -100    0 -1000 -1000 -10
765 194 pedestrian 0 0 -10 586.83 189.36 669.41 222.21 -10 -10 -10 -100    0 -1000 -1000 -10
765 203 pedestrian 0 0 -10 524.27 182.82 612.70 209.34 -10 -10 -10 -100    0 -1000 -1000 -10
766 194 pedestrian 0 0 -10 602.36 186.87 685.75 220.63 -10 -10 -10 -100    0 -1000 -1000 -10
766 203 pedestrian 0 0 -10 539.84 179.84 629.45 207.45 -10 -10 -10 -100    0 -1000 -1000 -10
767 194 pedestrian 0 0 -10 615.58 184.46 701.82 218.29 -10 -10 -10 -100    0 -1000 -1000 -10
767 203 pedestrian 0 0 -10 554.77 176.99 643.16 205.59 -10 -10 -10 -100    0 -1000 -1000 -10
768 194 pedestrian 0 0 -10 629.93 182.76 716.09 217.78 -10 -10 -10 -100    0 -1000 -1000 -10
768 203 pedestrian 0 0 -10 563.62 175.29 653.94 206.80 -10 -10 -10 -100    0 -1000 -1000 -10
769 194 pedestrian 0 0 -10 639.24 181.68 726.85 217.28 -10 -10 -10 -100    0 -1000 -1000 -10
770 194 pedestrian 0 0 -10 648.79 181.20 739.07 216.40 -10 -10 -10 -100    0 -1000 -1000 -10
771 194 pedestrian 0 0 -10 656.97 180.22 749.57 216.83 -10 -10 -10 -100    0 -1000 -1000 -10
772 204 pedestrian 0 0 -10 594.03 172.02 660.84 192.52 -10 -10 -10 -100    0 -1000 -1000 -10
772 194 pedestrian 0 0 -10 661.12 178.57 754.24 215.58 -10 -10 -10 -100    0 -1000 -1000 -10
773 204 pedestrian 0 0 -10 593.90 170.05 663.37 191.44 -10 -10 -10 -100    0 -1000 -1000 -10
773 194 pedestrian 0 0 -10 666.21 177.02 759.66 215.13 -10 -10 -10 -100    0 -1000 -1000 -10
773 203 pedestrian 0 0 -10 647.56 175.31 701.12 198.92 -10 -10 -10 -100    0 -1000 -1000 -10
774 194 pedestrian 0 0 -10 667.83 175.80 765.19 214.30 -10 -10 -10 -100    0 -1000 -1000 -10
774 204 pedestrian 0 0 -10 596.56 169.58 664.94 189.76 -10 -10 -10 -100    0 -1000 -1000 -10
774 203 pedestrian 0 0 -10 649.35 174.25 703.15 197.78 -10 -10 -10 -100    0 -1000 -1000 -10
775 194 pedestrian 0 0 -10 667.96 174.07 770.21 213.88 -10 -10 -10 -100    0 -1000 -1000 -10
775 204 pedestrian 0 0 -10 596.72 168.54 664.27 188.55 -10 -10 -10 -100    0 -1000 -1000 -10
775 203 pedestrian 0 0 -10 649.30 172.84 704.89 196.73 -10 -10 -10 -100    0 -1000 -1000 -10
776 194 pedestrian 0 0 -10 667.84 172.60 770.50 213.49 -10 -10 -10 -100    0 -1000 -1000 -10
776 204 pedestrian 0 0 -10 594.00 167.58 662.23 187.59 -10 -10 -10 -100    0 -1000 -1000 -10
776 203 pedestrian 0 0 -10 649.10 172.98 704.36 197.09 -10 -10 -10 -100    0 -1000 -1000 -10
777 204 pedestrian 0 0 -10 593.57 167.34 660.97 187.40 -10 -10 -10 -100    0 -1000 -1000 -10
777 203 pedestrian 0 0 -10 647.66 171.52 703.21 196.55 -10 -10 -10 -100    0 -1000 -1000 -10
777 194 pedestrian 0 0 -10 668.52 171.62 775.71 213.47 -10 -10 -10 -100    0 -1000 -1000 -10
778 204 pedestrian 0 0 -10 593.59 166.43 661.63 185.92 -10 -10 -10 -100    0 -1000 -1000 -10
778 203 pedestrian 0 0 -10 647.67 170.35 703.11 195.12 -10 -10 -10 -100    0 -1000 -1000 -10
778 194 pedestrian 0 0 -10 670.88 170.50 778.82 212.75 -10 -10 -10 -100    0 -1000 -1000 -10
779 203 pedestrian 0 0 -10 649.33 170.93 705.37 196.23 -10 -10 -10 -100    0 -1000 -1000 -10
779 204 pedestrian 0 0 -10 594.28 166.77 660.03 186.81 -10 -10 -10 -100    0 -1000 -1000 -10
779 194 pedestrian 0 0 -10 671.26 170.66 781.43 214.09 -10 -10 -10 -100    0 -1000 -1000 -10
780 203 pedestrian 0 0 -10 648.30 173.60 703.32 198.42 -10 -10 -10 -100    0 -1000 -1000 -10
780 204 pedestrian 0 0 -10 591.04 169.13 658.68 189.22 -10 -10 -10 -100    0 -1000 -1000 -10
780 194 pedestrian 0 0 -10 671.74 173.05 784.52 217.73 -10 -10 -10 -100    0 -1000 -1000 -10
781 203 pedestrian 0 0 -10 648.66 175.89 705.10 201.73 -10 -10 -10 -100    0 -1000 -1000 -10
781 204 pedestrian 0 0 -10 589.29 171.72 662.74 191.86 -10 -10 -10 -100    0 -1000 -1000 -10
781 194 pedestrian 0 0 -10 673.18 175.71 788.96 221.78 -10 -10 -10 -100    0 -1000 -1000 -10
782 203 pedestrian 0 0 -10 648.26 179.21 705.74 205.06 -10 -10 -10 -100    0 -1000 -1000 -10
782 204 pedestrian 0 0 -10 589.23 174.34 663.50 194.76 -10 -10 -10 -100    0 -1000 -1000 -10
782 194 pedestrian 0 0 -10 674.20 178.40 793.37 226.25 -10 -10 -10 -100    0 -1000 -1000 -10
783 203 pedestrian 0 0 -10 647.65 178.40 705.87 205.07 -10 -10 -10 -100    0 -1000 -1000 -10
783 204 pedestrian 0 0 -10 588.72 174.61 664.02 194.92 -10 -10 -10 -100    0 -1000 -1000 -10
783 194 pedestrian 0 0 -10 674.74 178.45 798.88 227.00 -10 -10 -10 -100    0 -1000 -1000 -10
784 203 pedestrian 0 0 -10 647.21 178.33 707.14 205.54 -10 -10 -10 -100    0 -1000 -1000 -10
784 204 pedestrian 0 0 -10 587.36 174.46 664.18 195.12 -10 -10 -10 -100    0 -1000 -1000 -10
784 194 pedestrian 0 0 -10 674.05 178.23 800.80 228.81 -10 -10 -10 -100    0 -1000 -1000 -10
785 204 pedestrian 0 0 -10 585.32 173.53 663.71 194.39 -10 -10 -10 -100    0 -1000 -1000 -10
785 203 pedestrian 0 0 -10 647.03 177.05 709.84 205.32 -10 -10 -10 -100    0 -1000 -1000 -10
785 194 pedestrian 0 0 -10 675.03 177.75 808.37 229.38 -10 -10 -10 -100    0 -1000 -1000 -10
786 204 pedestrian 0 0 -10 583.39 173.48 661.82 194.07 -10 -10 -10 -100    0 -1000 -1000 -10
786 203 pedestrian 0 0 -10 646.61 176.61 709.99 205.11 -10 -10 -10 -100    0 -1000 -1000 -10
786 194 pedestrian 0 0 -10 676.76 177.37 813.75 231.08 -10 -10 -10 -100    0 -1000 -1000 -10
787 204 pedestrian 0 0 -10 582.91 172.81 661.11 193.70 -10 -10 -10 -100    0 -1000 -1000 -10
787 203 pedestrian 0 0 -10 645.55 176.10 709.79 205.02 -10 -10 -10 -100    0 -1000 -1000 -10
787 194 pedestrian 0 0 -10 678.78 176.64 818.83 232.26 -10 -10 -10 -100    0 -1000 -1000 -10
788 203 pedestrian 0 0 -10 644.87 174.97 712.72 205.02 -10 -10 -10 -100    0 -1000 -1000 -10
788 204 pedestrian 0 0 -10 581.29 172.29 661.80 192.86 -10 -10 -10 -100    0 -1000 -1000 -10
788 194 pedestrian 0 0 -10 679.24 176.28 824.68 233.08 -10 -10 -10 -100    0 -1000 -1000 -10
789 203 pedestrian 0 0 -10 644.67 175.34 711.96 205.22 -10 -10 -10 -100    0 -1000 -1000 -10
789 204 pedestrian 0 0 -10 581.00 172.38 660.56 193.27 -10 -10 -10 -100    0 -1000 -1000 -10
789 194 pedestrian 0 0 -10 680.79 176.18 832.25 235.07 -10 -10 -10 -100    0 -1000 -1000 -10
790 204 pedestrian 0 0 -10 580.65 172.79 660.21 194.61 -10 -10 -10 -100    0 -1000 -1000 -10
790 194 pedestrian 0 0 -10 682.75 176.93 839.28 238.13 -10 -10 -10 -100    0 -1000 -1000 -10
790 203 pedestrian 0 0 -10 645.08 176.53 712.69 206.48 -10 -10 -10 -100    0 -1000 -1000 -10
791 204 pedestrian 0 0 -10 577.68 173.43 661.22 196.16 -10 -10 -10 -100    0 -1000 -1000 -10
791 194 pedestrian 0 0 -10 684.83 177.42 848.88 240.78 -10 -10 -10 -100    0 -1000 -1000 -10
791 203 pedestrian 0 0 -10 644.60 177.84 714.00 207.95 -10 -10 -10 -100    0 -1000 -1000 -10
792 204 pedestrian 0 0 -10 576.49 173.56 661.14 196.93 -10 -10 -10 -100    0 -1000 -1000 -10
792 194 pedestrian 0 0 -10 686.34 176.61 857.86 243.20 -10 -10 -10 -100    0 -1000 -1000 -10
792 203 pedestrian 0 0 -10 644.53 177.88 717.47 208.89 -10 -10 -10 -100    0 -1000 -1000 -10
793 204 pedestrian 0 0 -10 573.77 172.70 661.53 196.85 -10 -10 -10 -100    0 -1000 -1000 -10
793 194 pedestrian 0 0 -10 687.87 176.63 868.73 246.02 -10 -10 -10 -100    0 -1000 -1000 -10
793 203 pedestrian 0 0 -10 644.21 177.05 717.60 209.14 -10 -10 -10 -100    0 -1000 -1000 -10
794 204 pedestrian 0 0 -10 573.23 172.88 661.07 197.10 -10 -10 -10 -100    0 -1000 -1000 -10
794 194 pedestrian 0 0 -10 690.70 175.96 880.54 249.43 -10 -10 -10 -100    0 -1000 -1000 -10
794 203 pedestrian 0 0 -10 644.76 176.57 720.55 210.19 -10 -10 -10 -100    0 -1000 -1000 -10
795 204 pedestrian 0 0 -10 574.29 172.72 663.29 197.11 -10 -10 -10 -100    0 -1000 -1000 -10
795 194 pedestrian 0 0 -10 694.77 176.52 894.97 253.64 -10 -10 -10 -100    0 -1000 -1000 -10
795 203 pedestrian 0 0 -10 645.87 176.07 724.89 210.55 -10 -10 -10 -100    0 -1000 -1000 -10
796 204 pedestrian 0 0 -10 573.90 172.95 663.98 197.62 -10 -10 -10 -100    0 -1000 -1000 -10
796 194 pedestrian 0 0 -10 700.02 177.15 912.59 257.78 -10 -10 -10 -100    0 -1000 -1000 -10
796 203 pedestrian 0 0 -10 647.76 176.79 726.69 210.80 -10 -10 -10 -100    0 -1000 -1000 -10
797 204 pedestrian 0 0 -10 573.76 173.51 663.03 197.61 -10 -10 -10 -100    0 -1000 -1000 -10
797 194 pedestrian 0 0 -10 705.58 177.24 929.84 263.07 -10 -10 -10 -100    0 -1000 -1000 -10
797 203 pedestrian 0 0 -10 648.89 177.22 729.10 211.81 -10 -10 -10 -100    0 -1000 -1000 -10
798 204 pedestrian 0 0 -10 573.76 173.71 663.02 197.52 -10 -10 -10 -100    0 -1000 -1000 -10
798 194 pedestrian 0 0 -10 713.01 177.26 949.93 268.55 -10 -10 -10 -100    0 -1000 -1000 -10
798 203 pedestrian 0 0 -10 649.64 177.00 732.27 212.46 -10 -10 -10 -100    0 -1000 -1000 -10
799 204 pedestrian 0 0 -10 575.31 173.39 663.11 197.29 -10 -10 -10 -100    0 -1000 -1000 -10
799 194 pedestrian 0 0 -10 717.82 176.63 973.74 274.93 -10 -10 -10 -100    0 -1000 -1000 -10
799 203 pedestrian 0 0 -10 650.99 175.22 736.72 212.88 -10 -10 -10 -100    0 -1000 -1000 -10
